Date,Category,Product,START_OF_DAY_WHOLE,MADE_TODAY_WHOLE,AVAILABLE_TO_SELL_WHOLE,OUT_THE_DOOR_WHOLE,ORDERS_TODAY_WHOLE,REMOVED_AS_DAY_OLD_WHOLE,LEFT_WHOLE,START_OF_DAY_HALF,MADE_TODAY_HALF,AVAILABLE_TO_SELL_HALF,OUT_THE_DOOR_HALF,ORDERS_TODAY_HALF,REMOVED_AS_DAY_OLD_HALF,LEFT_HALF
2019-02-01,BREAD,H,9,39,48,22,1,0,25,0,0,0,0,0,0,0
2019-02-01,BREAD,FR,7,22,29,19,1,0,9,0,0,0,0,0,0,0
2019-02-01,BREAD,GW,8,5,13,2,0,5,6,0,0,0,0,0,0,0
2019-02-01,BREAD,DK,11,14,25,10,0,0,15,0,0,0,0,0,0,0
2019-02-01,BREAD,H5|Cran,16,0,16,4,0,0,12,4,0,4,2,0,0,2
2019-02-01,BREAD,CSRWL,1,16,17,14,2,0,1,2,0,2,2,0,0,0
2019-02-01,BREAD,VA SWRL,0,16,16,8,0,0,8,0,2,2,2,0,0,0
2019-02-01,BREAD,BfB,8,0,8,3,0,0,5,1,0,1,1,0,0,0
2019-02-01,BREAD,CNE,0,14,14,12,1,0,1,0,3,3,3,0,0,0
2019-02-01,BREAD,CNR,0,6,6,3,0,0,3,0,0,0,0,0,0,0
2019-02-01,BREAD,CNW,0,8,8,3,3,0,2,0,0,0,0,0,0,0
2019-02-01,BREAD,CG,0,4,4,3,0,0,1,0,3,3,2,0,0,1
2019-02-01,BREAD,PESTO CG,0,3,3,2,1,0,0,0,0,0,0,0,0,0
2019-02-01,BREAD,Jal CG,0,2,2,2,0,0,0,0,0,0,0,0,0,0
2019-02-01,BREAD,Choc Babka,0,0,0,0,0,0,0,0,0,0,0,0,0,0
2019-02-01,BREAD,SOURDOUGH,0,8,8,3,1,0,4,0,0,0,0,0,0,0
2019-02-01,BREAD,SOUR CC,0,3,3,2,0,0,1,0,0,0,0,0,0,0
2019-02-01,BREAD,Sour RG,0,3,3,2,0,0,1,0,0,0,0,0,0,0
2019-02-01,BREAD,CB-Cherry,0,0,0,0,0,0,0,0,0,0,0,0,0,0
2019-02-01,BREAD,VS,0,10,10,6,0,0,4,0,3,3,-1,0,0,1
2019-02-01,BREAD,Car,0,0,0,0,0,0,0,0,0,0,0,0,0,0
2019-02-01,BREAD,IHF,0,0,0,0,0,0,0,0,0,0,0,0,0,0
2019-02-01,BREAD,RV Heart,0,4,4,-1,0,1,4,0,0,0,0,0,0,0
2019-02-01,BREAD,CC Heart,0,4,4,1,0,0,3,0,0,0,0,0,0,0
2019-02-01,BREAD,H-RLS,3,15,18,4,10,0,4,0,0,0,0,0,0,0
2019-02-01,BREAD,FR-RLS,0,0,0,-13,10,0,3,0,0,0,0,0,0,0
2019-02-01,BREAD,VS-RLS,0,4,4,1,0,0,3,0,0,0,0,0,0,0
2019-02-01,BREAD,BLUE STRU,3,5,8,4,2,0,2,0,0,0,0,0,0,0
2019-02-01,BREAD,Choc Carm,4,2,6,5,0,0,1,0,0,0,0,0,0,0
2019-02-01,BREAD,M Glory,2,4,6,3,0,0,3,0,0,0,0,0,0,0
2019-02-01,BREAD,Red Velvet,1,5,6,5,0,0,1,0,0,0,0,0,0,0
2019-02-01,ROLLS,Cinnamon,0,36,36,29,0,7,0,0,0,0,0,0,0,0
2019-02-01,ROLLS,Mini C-Roll,0,24,24,0,24,0,0,0,0,0,0,0,0,0
2019-02-01,ROLLS,Scones,0,0,0,0,0,0,0,0,0,0,0,0,0,0
2019-02-01,ROLLS,Biscuits,0,0,0,0,0,0,0,0,0,0,0,0,0,0
2019-02-01,ROLLS,Blueberry,0,0,0,0,0,0,0,0,0,0,0,0,0,0
2019-02-01,ROLLS,Rasp Cream,0,0,0,0,0,0,0,0,0,0,0,0,0,0
2019-02-01,ROLLS,Cherry,0,8,8,8,0,0,0,0,10,10,1,0,0,0
2019-02-01,ROLLS,Butt Almond,0,14,14,14,0,0,0,0,10,10,1,0,0,0
2019-02-01,ROLLS,Turtle,0,0,0,0,0,0,0,0,0,0,0,0,0,0
2019-02-01,ROLLS,Cin Chip,0,0,0,0,0,0,0,0,0,0,0,0,0,0
2019-02-01,ROLLS,Rasp Choc,0,0,0,0,0,0,0,0,0,0,0,0,0,0
2019-02-01,ROLLS,Cher Choc,0,8,8,8,0,0,0,0,3,3,1,0,0,0
2019-02-01,ROLLS,biscuit,0,10,10,1,0,9,0,0,0,0,0,0,0,0
2019-02-01,FRUIT BARS,Mixed Berry,0,8,8,3,4,1,0,0,0,0,0,0,0,0
2019-02-01,FRUIT BARS,Cherry,0,12,12,6,5,1,0,0,0,0,0,0,0,0
2019-02-01,FRUIT BARS,Apple Cin,0,0,0,0,0,0,0,0,0,0,0,0,0,0
2019-02-01,FRUIT BARS,MIXED FRUIT,0,0,0,0,0,0,0,0,0,0,0,0,0,0
2019-02-01,MUFFINS,BLUE STRU,0,6,6,5,0,1,0,0,1,1,0,0,0,0
2019-02-01,MUFFINS,Choc Carm,0,6,6,4,0,2,0,0,6,6,1,0,0,0
2019-02-01,MUFFINS,M Glory,0,6,6,1,0,5,0,0,5,5,1,0,0,0
2019-02-01,MUFFINS,Red Velvet,0,6,6,6,0,0,0,0,6,6,1,0,0,0
2019-02-01,MUFFINS,Cookies,0,0,0,0,0,0,0,0,0,0,0,0,0,0
2019-02-01,MUFFINS,Bars,0,0,0,0,0,0,0,0,0,0,0,0,0,0
2019-02-01,MUFFINS,Oatmeal CC,6,48,54,14,36,0,4,0,4,4,0,0,0,0
2019-02-01,MUFFINS,Peanut Butt,0,12,12,11,0,0,1,0,0,0,0,0,0,0
2019-02-01,MUFFINS,Triple Choc,6,48,54,8,36,0,10,0,3,3,0,0,0,0
2019-02-01,MUFFINS,SNICKEDOODLE,0,54,54,17,36,0,1,0,3,3,0,0,0,0
2019-02-01,MUFFINS,PB HEART,0,12,12,10,0,0,2,0,0,0,0,0,0,0
2019-02-01,MUFFINS,frosted,0,12,12,12,0,0,0,0,0,0,0,0,0,0
2019-02-01,MUFFINS,Brownies,7,10,17,7,3,2,5,0,0,0,0,0,0,0
2019-02-01,MUFFINS,Choc OHHH,2,0,2,0,0,0,2,0,0,0,-1,0,0,1
2019-02-01,MUFFINS,Ch Ra Ohhh,0,0,0,0,0,0,0,0,0,0,-1,0,0,1
2019-02-01,MUFFINS,Ch Ch Ohhh,2,0,2,1,0,0,1,2,0,2,2,0,0,0
2019-02-01,MUFFINS,Bread Pudding,5,0,5,2,0,0,3,1,0,1,-1,0,0,1
2019-02-01,MUFFINS,Totals,28,340,368,167,144,28,29,3,51,53,5,0,0,3
2019-02-02,BREAD,H,25,0,25,23,0,2,0,0,0,0,0,0,0,0
2019-02-02,BREAD,FR,9,0,9,9,0,0,0,0,0,0,0,0,0,0
2019-02-02,BREAD,GW,6,0,6,6,0,0,0,0,0,0,0,0,0,0
2019-02-02,BREAD,DK,15,0,15,4,0,11,0,0,0,0,0,0,0,0
2019-02-02,BREAD,H5|Cran,12,0,12,5,0,7,0,2,0,2,2,0,0,0
2019-02-02,BREAD,CSRWL,1,12,13,11,0,2,0,0,2,2,1,0,0,0
2019-02-02,BREAD,VA SWRL,8,4,12,7,0,5,0,0,2,2,1,0,0,0
2019-02-02,BREAD,BfB,5,6,11,7,0,4,0,0,2,2,0,0,0,0
2019-02-02,BREAD,CNE,1,0,1,1,0,0,0,0,0,0,0,0,0,0
2019-02-02,BREAD,CNR,3,0,3,3,0,0,0,0,0,0,0,0,0,0
2019-02-02,BREAD,CNW,2,0,2,1,0,1,0,0,0,0,0,0,0,0
2019-02-02,BREAD,CG,1,0,1,1,0,0,0,1,0,1,1,0,0,0
2019-02-02,BREAD,PESTO CG,0,0,0,0,0,0,0,0,0,0,0,0,0,0
2019-02-02,BREAD,Jal CG,0,0,0,0,0,0,0,0,0,0,0,0,0,0
2019-02-02,BREAD,Choc Babka,0,9,9,9,0,0,0,0,4,4,1,0,0,0
2019-02-02,BREAD,SOURDOUGH,4,0,4,1,0,3,0,0,0,0,0,0,0,0
2019-02-02,BREAD,SOUR CC,1,0,1,0,0,1,0,0,0,0,0,0,0,0
2019-02-02,BREAD,Sour RG,1,0,1,1,0,0,0,0,0,0,0,0,0,0
2019-02-02,BREAD,CB-Cherry,0,3,3,3,0,0,0,0,0,0,0,0,0,0
2019-02-02,BREAD,VS,4,0,4,4,0,0,0,1,0,1,1,0,0,0
2019-02-02,BREAD,Car,0,0,0,0,0,0,0,0,0,0,0,0,0,0
2019-02-02,BREAD,IHF,0,0,0,0,0,0,0,0,0,0,0,0,0,0
2019-02-02,BREAD,GW BUNS,0,0,0,0,0,0,0,0,0,0,0,0,0,0
2019-02-02,BREAD,RV Heart,4,0,4,-1,0,5,0,0,0,0,0,0,0,0
2019-02-02,BREAD,CC Heart,3,0,3,3,0,0,0,0,0,0,0,0,0,0
2019-02-02,BREAD,H-RLS,4,0,4,2,0,2,0,0,0,0,0,0,0,0
2019-02-02,BREAD,FR-RLS,3,0,3,3,0,0,0,0,0,0,0,0,0,0
2019-02-02,BREAD,VS-RLS,3,0,3,2,0,1,0,0,0,0,0,0,0,0
2019-02-02,BREAD,BLUE STRU,2,1,3,1,0,2,0,0,0,0,0,0,0,0
2019-02-02,BREAD,Choc Carm,1,2,3,0,0,3,0,0,0,0,0,0,0,0
2019-02-02,BREAD,M Glory,3,0,3,0,0,3,0,0,0,0,0,0,0,0
2019-02-02,BREAD,Red Velvet,1,2,3,2,0,1,0,0,0,0,0,0,0,0
2019-02-02,ROLLS,Cinnamon,0,60,60,56,2,2,0,0,0,0,0,0,0,0
2019-02-02,ROLLS,Mini C-Roll,0,0,0,0,0,0,0,0,0,0,0,0,0,0
2019-02-02,ROLLS,Scones,0,0,0,0,0,0,0,0,0,0,0,0,0,0
2019-02-02,ROLLS,Biscuits,0,0,0,0,0,0,0,0,0,0,0,0,0,0
2019-02-02,ROLLS,Blueberry,0,16,16,16,0,0,0,0,2,2,2,0,0,0
2019-02-02,ROLLS,Rasp Cream,0,0,0,0,0,0,0,0,0,0,0,0,0,0
2019-02-02,ROLLS,Cherry,0,0,0,0,0,0,0,0,0,0,0,0,0,0
2019-02-02,ROLLS,Butt Almond,0,14,14,14,0,0,0,0,2,2,2,0,0,0
2019-02-02,ROLLS,Turtle,0,0,0,0,0,0,0,0,0,0,0,0,0,0
2019-02-02,ROLLS,Cin Chip,0,0,0,0,0,0,0,0,0,0,0,0,0,0
2019-02-02,ROLLS,Rasp Choc,0,0,0,0,0,0,0,0,0,0,0,0,0,0
2019-02-02,ROLLS,Cher Choc,0,0,0,0,0,0,0,0,0,0,0,0,0,0
2019-02-02,ROLLS,biscuit,0,10,10,10,0,0,0,0,0,0,0,0,0,0
2019-02-02,FRUIT BARS,Mixed Berry,0,0,0,0,0,0,0,0,0,0,0,0,0,0
2019-02-02,FRUIT BARS,Cherry,0,0,0,0,0,0,0,0,0,0,0,0,0,0
2019-02-02,FRUIT BARS,Apple Cin,0,12,12,10,0,2,0,0,0,0,0,0,0,0
2019-02-02,FRUIT BARS,MIXED FRUIT,0,8,8,6,0,2,0,0,0,0,0,0,0,0
2019-02-02,MUFFINS,BLUE STRU,0,6,6,4,0,2,0,0,1,1,0,0,0,0
2019-02-02,MUFFINS,Choc Carm,0,6,6,4,0,2,0,0,1,1,1,0,0,0
2019-02-02,MUFFINS,M Glory,0,6,6,4,0,2,0,0,1,1,0,0,0,0
2019-02-02,MUFFINS,Red Velvet,0,6,6,5,0,1,0,0,1,1,1,0,0,0
2019-02-02,MUFFINS,Cookies,0,0,0,0,0,0,0,0,0,0,0,0,0,0
2019-02-02,MUFFINS,Bars,0,0,0,0,0,0,0,0,0,0,0,0,0,0
2019-02-02,MUFFINS,Oatmeal CC,4,6,10,7,0,3,0,0,0,0,0,0,0,0
2019-02-02,MUFFINS,Peanut Butt,1,6,7,1,0,6,0,0,0,0,0,0,0,0
2019-02-02,MUFFINS,Triple Choc,10,0,10,9,0,1,0,0,0,0,0,0,0,0
2019-02-02,MUFFINS,SNICKEDOODLE,1,6,7,3,0,4,0,0,0,0,0,0,0,0
2019-02-02,MUFFINS,PB HEART,2,6,8,7,0,1,0,0,0,0,0,0,0,0
2019-02-02,MUFFINS,frosted,0,6,6,5,0,1,0,0,0,0,0,0,0,0
2019-02-02,MUFFINS,Brownies,5,10,15,2,0,13,0,0,0,0,0,0,0,0
2019-02-02,MUFFINS,Choc OHHH,2,0,2,2,0,0,0,1,0,1,1,0,0,0
2019-02-02,MUFFINS,Ch Ra Ohhh,0,0,0,0,0,0,0,1,0,1,1,0,0,0
2019-02-02,MUFFINS,Ch Ch Ohhh,1,0,1,1,0,0,0,0,0,0,0,0,0,0
2019-02-02,MUFFINS,Bread Pudding,3,0,3,3,0,0,0,1,0,1,0,0,0,0
2019-02-02,MUFFINS,Totals,29,184,213,169,2,42,0,3,8,10,8,0,0,0
2019-02-03,BREAD,H,0,0,0,0,0,0,0,0,0,0,0,0,0,0
2019-02-03,BREAD,FR,0,0,0,0,0,0,0,0,0,0,0,0,0,0
2019-02-03,BREAD,GW,0,0,0,0,0,0,0,0,0,0,0,0,0,0
2019-02-03,BREAD,DK,0,0,0,0,0,0,0,0,0,0,0,0,0,0
2019-02-03,BREAD,H5|Cran,0,0,0,0,0,0,0,0,0,0,0,0,0,0
2019-02-03,BREAD,CSRWL,0,0,0,0,0,0,0,0,0,0,0,0,0,0
2019-02-03,BREAD,VA SWRL,0,0,0,0,0,0,0,0,0,0,0,0,0,0
2019-02-03,BREAD,BfB,0,0,0,0,0,0,0,0,0,0,0,0,0,0
2019-02-03,BREAD,CNE,0,0,0,0,0,0,0,0,0,0,0,0,0,0
2019-02-03,BREAD,CNR,0,0,0,0,0,0,0,0,0,0,0,0,0,0
2019-02-03,BREAD,CNW,0,0,0,0,0,0,0,0,0,0,0,0,0,0
2019-02-03,BREAD,CG,0,0,0,0,0,0,0,0,0,0,0,0,0,0
2019-02-03,BREAD,PESTO CG,0,0,0,0,0,0,0,0,0,0,0,0,0,0
2019-02-03,BREAD,Jal CG,0,0,0,0,0,0,0,0,0,0,0,0,0,0
2019-02-03,BREAD,Choc Babka,0,0,0,0,0,0,0,0,0,0,0,0,0,0
2019-02-03,BREAD,SOURDOUGH,0,0,0,0,0,0,0,0,0,0,0,0,0,0
2019-02-03,BREAD,SOUR CC,0,0,0,0,0,0,0,0,0,0,0,0,0,0
2019-02-03,BREAD,Sour RG,0,0,0,0,0,0,0,0,0,0,0,0,0,0
2019-02-03,BREAD,CB-Cherry,0,0,0,0,0,0,0,0,0,0,0,0,0,0
2019-02-03,BREAD,Car,0,0,0,0,0,0,0,0,0,0,0,0,0,0
2019-02-03,BREAD,IHF,0,0,0,0,0,0,0,0,0,0,0,0,0,0
2019-02-03,BREAD,GW BUNS,0,0,0,0,0,0,0,0,0,0,0,0,0,0
2019-02-03,BREAD,RV Heart,0,0,0,0,0,0,0,0,0,0,0,0,0,0
2019-02-03,BREAD,CC Heart,0,0,0,0,0,0,0,0,0,0,0,0,0,0
2019-02-03,BREAD,H-RLS,0,0,0,0,0,0,0,0,0,0,0,0,0,0
2019-02-03,BREAD,FR-RLS,0,0,0,0,0,0,0,0,0,0,0,0,0,0
2019-02-03,BREAD,VS-RLS,0,0,0,0,0,0,0,0,0,0,0,0,0,0
2019-02-03,BREAD,BLUE STRU,0,0,0,0,0,0,0,0,0,0,0,0,0,0
2019-02-03,BREAD,Choc Carm,0,0,0,0,0,0,0,0,0,0,0,0,0,0
2019-02-03,BREAD,M Glory,0,0,0,0,0,0,0,0,0,0,0,0,0,0
2019-02-03,BREAD,Red Velvet,0,0,0,0,0,0,0,0,0,0,0,0,0,0
2019-02-03,ROLLS,Cinnamon,0,0,0,0,0,0,0,0,0,0,0,0,0,0
2019-02-03,ROLLS,Mini C-Roll,0,0,0,0,0,0,0,0,0,0,0,0,0,0
2019-02-03,ROLLS,Scones,0,0,0,0,0,0,0,0,0,0,0,0,0,0
2019-02-03,ROLLS,Biscuits,0,0,0,0,0,0,0,0,0,0,0,0,0,0
2019-02-03,ROLLS,Blueberry,0,0,0,0,0,0,0,0,0,0,0,0,0,0
2019-02-03,ROLLS,Rasp Cream,0,0,0,0,0,0,0,0,0,0,0,0,0,0
2019-02-03,ROLLS,Cherry,0,0,0,0,0,0,0,0,0,0,0,0,0,0
2019-02-03,ROLLS,Butt Almond,0,0,0,0,0,0,0,0,0,0,0,0,0,0
2019-02-03,ROLLS,Turtle,0,0,0,0,0,0,0,0,0,0,0,0,0,0
2019-02-03,ROLLS,Cin Chip,0,0,0,0,0,0,0,0,0,0,0,0,0,0
2019-02-03,ROLLS,Rasp Choc,0,0,0,0,0,0,0,0,0,0,0,0,0,0
2019-02-03,ROLLS,Cher Choc,0,0,0,0,0,0,0,0,0,0,0,0,0,0
2019-02-03,ROLLS,biscuit,0,0,0,0,0,0,0,0,0,0,0,0,0,0
2019-02-03,FRUIT BARS,Mixed Berry,0,0,0,0,0,0,0,0,0,0,0,0,0,0
2019-02-03,FRUIT BARS,Cherry,0,0,0,0,0,0,0,0,0,0,0,0,0,0
2019-02-03,FRUIT BARS,Apple Cin,0,0,0,0,0,0,0,0,0,0,0,0,0,0
2019-02-03,FRUIT BARS,MIXED FRUIT,0,0,0,0,0,0,0,0,0,0,0,0,0,0
2019-02-03,MUFFINS,BLUE STRU,0,0,0,0,0,0,0,0,0,0,0,0,0,0
2019-02-03,MUFFINS,Choc Carm,0,0,0,0,0,0,0,0,0,0,0,0,0,0
2019-02-03,MUFFINS,M Glory,0,0,0,0,0,0,0,0,0,0,0,0,0,0
2019-02-03,MUFFINS,Red Velvet,0,0,0,0,0,0,0,0,0,0,0,0,0,0
2019-02-03,MUFFINS,Cookies,0,0,0,0,0,0,0,0,0,0,0,0,0,0
2019-02-03,MUFFINS,Bars,0,0,0,0,0,0,0,0,0,0,0,0,0,0
2019-02-03,MUFFINS,Oatmeal CC,0,0,0,0,0,0,0,0,0,0,0,0,0,0
2019-02-03,MUFFINS,Peanut Butt,0,0,0,0,0,0,0,0,0,0,0,0,0,0
2019-02-03,MUFFINS,Triple Choc,0,0,0,0,0,0,0,0,0,0,0,0,0,0
2019-02-03,MUFFINS,SNICKEDOODLE,0,0,0,0,0,0,0,0,0,0,0,0,0,0
2019-02-03,MUFFINS,PB HEART,0,0,0,0,0,0,0,0,0,0,0,0,0,0
2019-02-03,MUFFINS,frosted,0,0,0,0,0,0,0,0,0,0,0,0,0,0
2019-02-03,MUFFINS,Brownies,0,0,0,0,0,0,0,0,0,0,0,0,0,0
2019-02-03,MUFFINS,Choc OHHH,0,0,0,0,0,0,0,0,0,0,0,0,0,0
2019-02-03,MUFFINS,Ch Ra Ohhh,0,0,0,0,0,0,0,0,0,0,0,0,0,0
2019-02-03,MUFFINS,Ch Ch Ohhh,0,0,0,0,0,0,0,0,0,0,0,0,0,0
2019-02-03,MUFFINS,Bread Pudding,0,0,0,0,0,0,0,0,0,0,0,0,0,0
2019-02-03,MUFFINS,Totals,0,0,0,0,0,0,0,0,0,0,0,0,0,0
2019-02-04,BREAD,H,0,35,35,35,0,0,0,0,0,0,0,0,0,0
2019-02-04,BREAD,FR,0,24,24,14,0,0,10,0,0,0,0,0,0,0
2019-02-04,BREAD,GW,0,6,6,3,0,0,3,0,0,0,0,0,0,0
2019-02-04,BREAD,DK,0,21,21,21,0,0,0,0,0,0,0,0,0,0
2019-02-04,BREAD,H5|Cran,0,0,0,0,0,0,0,0,0,0,0,0,0,0
2019-02-04,BREAD,CSRWL,0,16,16,8,0,0,8,0,3,3,2,0,0,1
2019-02-04,BREAD,VA SWRL,0,12,12,8,0,0,4,0,2,2,2,0,0,0
2019-02-04,BREAD,BfB,0,0,0,0,0,0,0,0,0,0,0,0,0,0
2019-02-04,BREAD,CNE,0,11,11,10,0,0,1,0,3,3,2,0,0,1
2019-02-04,BREAD,CNR,0,3,3,3,0,0,0,0,0,0,0,0,0,0
2019-02-04,BREAD,CNW,0,3,3,2,0,0,1,0,0,0,0,0,0,0
2019-02-04,BREAD,CG,0,6,6,3,0,0,3,0,3,3,0,0,0,3
2019-02-04,BREAD,PESTO CG,0,2,2,2,0,0,0,0,0,0,0,0,0,0
2019-02-04,BREAD,Jal CG,0,2,2,2,0,0,0,0,0,0,0,0,0,0
2019-02-04,BREAD,Choc Babka,0,0,0,0,0,0,0,0,0,0,0,0,0,0
2019-02-04,BREAD,SOURDOUGH,0,10,10,6,0,0,4,0,0,0,0,0,0,0
2019-02-04,BREAD,SOUR CC,0,3,3,2,0,0,1,0,0,0,0,0,0,0
2019-02-04,BREAD,Sour RG,0,5,5,5,0,0,0,0,0,0,0,0,0,0
2019-02-04,BREAD,CB-Cherry,0,0,0,0,0,0,0,0,0,0,0,0,0,0
2019-02-04,BREAD,VS,0,0,0,0,0,0,0,0,0,0,0,0,0,0
2019-02-04,BREAD,Car,0,0,0,0,0,0,0,0,0,0,0,0,0,0
2019-02-04,BREAD,IHF,0,29,29,8,0,0,21,0,0,0,0,0,0,0
2019-02-04,BREAD,GW BUNS,0,0,0,0,0,0,0,0,0,0,0,0,0,0
2019-02-04,BREAD,RV Heart,0,4,4,1,0,0,3,0,0,0,0,0,0,0
2019-02-04,BREAD,CC Heart,0,4,4,1,0,0,3,0,0,0,0,0,0,0
2019-02-04,BREAD,GF,0,72,72,72,0,0,0,0,0,0,0,0,0,0
2019-02-04,BREAD,H-RLS,0,3,3,0,0,3,0,0,0,0,0,0,0,0
2019-02-04,BREAD,FR-RLS,0,3,3,3,0,0,0,0,0,0,0,0,0,0
2019-02-04,BREAD,VS-RLS,0,0,0,0,0,0,0,0,0,0,0,0,0,0
2019-02-04,BREAD,BLUE STRU,0,4,4,1,0,0,3,0,0,0,0,0,0,0
2019-02-04,BREAD,Choc Carm,0,4,4,1,0,0,3,0,0,0,0,0,0,0
2019-02-04,BREAD,M Glory,0,2,2,0,0,0,2,0,0,0,0,0,0,0
2019-02-04,BREAD,Red Velvet,0,4,4,0,0,0,4,0,0,0,0,0,0,0
2019-02-04,ROLLS,Cinnamon,0,12,12,12,0,0,0,0,0,0,0,0,0,0
2019-02-04,ROLLS,Mini C-Roll,0,0,0,0,0,0,0,0,0,0,0,0,0,0
2019-02-04,ROLLS,Scones,0,0,0,0,0,0,0,0,0,0,0,0,0,0
2019-02-04,ROLLS,Biscuits,0,0,0,0,0,0,0,0,0,0,0,0,0,0
2019-02-04,ROLLS,Blueberry,0,0,0,0,0,0,0,0,0,0,0,0,0,0
2019-02-04,ROLLS,Rasp Cream,0,7,7,7,0,0,0,0,1,1,1,0,0,0
2019-02-04,ROLLS,Cherry,0,0,0,0,0,0,0,0,0,0,0,0,0,0
2019-02-04,ROLLS,Butt Almond,0,0,0,0,0,0,0,0,0,0,0,0,0,0
2019-02-04,ROLLS,Turtle,0,0,0,0,0,0,0,0,0,0,0,0,0,0
2019-02-04,ROLLS,Cin Chip,0,11,11,11,0,0,0,0,1,1,1,0,0,0
2019-02-04,ROLLS,Rasp Choc,0,5,5,5,0,0,0,0,1,1,1,0,0,0
2019-02-04,ROLLS,Cher Choc,0,0,0,0,0,0,0,0,0,0,0,0,0,0
2019-02-04,ROLLS,biscuit,0,0,0,-1,0,1,0,0,0,0,0,0,0,0
2019-02-04,FRUIT BARS,Mixed Berry,0,8,8,5,0,3,0,0,0,0,0,0,0,0
2019-02-04,FRUIT BARS,Cherry,0,12,12,10,0,2,0,0,0,0,0,0,0,0
2019-02-04,FRUIT BARS,Apple Cin,0,0,0,0,0,0,0,0,0,0,0,0,0,0
2019-02-04,FRUIT BARS,MIXED FRUIT,0,0,0,0,0,0,0,0,0,0,0,0,0,0
2019-02-04,MUFFINS,BLUE STRU,0,5,5,5,0,0,0,0,1,1,1,0,0,0
2019-02-04,MUFFINS,Choc Carm,0,5,5,5,0,0,0,0,1,1,1,0,0,0
2019-02-04,MUFFINS,M Glory,0,4,4,4,0,0,0,0,1,1,1,0,0,0
2019-02-04,MUFFINS,Red Velvet,0,5,5,4,0,1,0,0,1,1,1,0,0,0
2019-02-04,MUFFINS,Cookies,0,0,0,0,0,0,0,0,0,0,0,0,0,0
2019-02-04,MUFFINS,Bars,0,0,0,0,0,0,0,0,0,0,0,0,0,0
2019-02-04,MUFFINS,Oatmeal CC,0,18,18,6,3,0,9,0,0,0,0,0,0,0
2019-02-04,MUFFINS,Peanut Butt,0,18,18,1,3,0,14,0,0,0,0,0,0,0
2019-02-04,MUFFINS,Triple Choc,0,18,18,12,3,0,3,0,0,0,0,0,0,0
2019-02-04,MUFFINS,SNICKEDOODLE,0,18,18,10,3,0,5,0,0,0,0,0,0,0
2019-02-04,MUFFINS,PB HEART,0,18,18,4,3,0,11,0,0,0,0,0,0,0
2019-02-04,MUFFINS,Choc Bliss,0,12,12,6,3,0,3,0,0,0,0,0,0,0
2019-02-04,MUFFINS,frosted,0,12,12,12,0,0,0,0,0,0,0,0,0,0
2019-02-04,MUFFINS,Brownies,0,10,10,2,0,0,8,0,0,0,0,0,0,0
2019-02-04,MUFFINS,Choc OHHH,0,0,0,-2,0,0,2,0,0,0,-1,0,0,1
2019-02-04,MUFFINS,Ch Ra Ohhh,0,0,0,0,0,0,0,0,0,0,-1,0,0,1
2019-02-04,MUFFINS,Ch Ch Ohhh,0,0,0,-2,0,0,2,0,0,0,0,0,0,0
2019-02-04,MUFFINS,Totals,0,198,198,116,18,7,57,0,7,7,5,0,0,2
2019-02-05,BREAD,H,0,34,34,29,2,0,3,0,0,0,0,0,0,0
2019-02-05,BREAD,FR,10,22,32,14,0,0,18,0,0,0,0,0,0,0
2019-02-05,BREAD,GW,3,4,7,1,0,2,4,0,0,0,0,0,0,0
2019-02-05,BREAD,DK,0,0,0,0,0,0,0,0,0,0,0,0,0,0
2019-02-05,BREAD,H5|Cran,0,13,13,8,0,0,5,0,4,4,3,0,0,1
2019-02-05,BREAD,CSRWL,8,4,12,11,0,0,1,1,2,3,1,0,0,2
2019-02-05,BREAD,VA SWRL,4,8,12,5,0,0,7,0,2,2,0,0,0,2
2019-02-05,BREAD,BfB,0,12,12,4,0,0,8,0,4,4,2,0,0,2
2019-02-05,BREAD,CNE,1,0,1,1,0,0,0,1,0,1,1,0,0,0
2019-02-05,BREAD,CNR,0,0,0,0,0,0,0,0,0,0,0,0,0,0
2019-02-05,BREAD,CNW,1,0,1,1,0,0,0,0,0,0,0,0,0,0
2019-02-05,BREAD,CG,3,0,3,3,0,0,0,3,0,3,2,0,0,0
2019-02-05,BREAD,PESTO CG,0,0,0,0,0,0,0,0,0,0,0,0,0,0
2019-02-05,BREAD,Jal CG,0,0,0,0,0,0,0,0,0,0,0,0,0,0
2019-02-05,BREAD,Choc bab,0,9,9,5,0,4,0,0,4,4,3,0,0,0
2019-02-05,BREAD,SOURDOUGH,4,0,4,4,0,0,0,0,0,0,0,0,0,0
2019-02-05,BREAD,SOUR CC,1,0,1,1,0,0,0,0,0,0,0,0,0,0
2019-02-05,BREAD,Sour RG,0,0,0,0,0,0,0,0,0,0,0,0,0,0
2019-02-05,BREAD,CB-Cherry,0,0,0,0,0,0,0,0,4,4,3,0,0,1
2019-02-05,BREAD,VS,0,11,11,1,1,0,9,0,2,2,2,0,0,0
2019-02-05,BREAD,Car,0,0,0,-11,0,0,11,0,0,0,0,0,0,0
2019-02-05,BREAD,IHF,21,0,21,21,0,0,0,0,0,0,0,0,0,0
2019-02-05,BREAD,GW BUNS,0,0,0,0,0,0,0,0,0,0,0,0,0,0
2019-02-05,BREAD,RV Heart,3,0,3,1,0,2,0,0,0,0,0,0,0,0
2019-02-05,BREAD,CC Heart,3,0,3,0,0,3,0,0,0,0,0,0,0,0
2019-02-05,BREAD,H-RLS,0,2,2,0,0,0,2,0,0,0,0,0,0,0
2019-02-05,BREAD,FR-RLS,0,2,2,2,0,0,0,0,0,0,0,0,0,0
2019-02-05,BREAD,VS-RLS,0,3,3,3,0,0,0,0,0,0,0,0,0,0
2019-02-05,BREAD,BLUE STRU,3,1,4,3,0,0,1,0,0,0,0,0,0,0
2019-02-05,BREAD,Choc Carm,3,1,4,0,0,3,1,0,0,0,0,0,0,0
2019-02-05,BREAD,M Glory,2,1,3,1,0,1,1,0,0,0,0,0,0,0
2019-02-05,BREAD,Red Velvet,4,0,4,2,0,2,0,0,0,0,0,0,0,0
2019-02-05,ROLLS,Cinnamon,0,24,24,24,0,0,0,0,0,0,0,0,0,0
2019-02-05,ROLLS,Mini C-Roll,0,0,0,0,0,0,0,0,0,0,0,0,0,0
2019-02-05,ROLLS,Scones,0,0,0,0,0,0,0,0,0,0,0,0,0,0
2019-02-05,ROLLS,Biscuits,0,0,0,0,0,0,0,0,0,0,0,0,0,0
2019-02-05,ROLLS,Blueberry,0,11,11,11,0,0,0,0,1,1,1,0,0,0
2019-02-05,ROLLS,Rasp Cream,0,0,0,0,0,0,0,0,0,0,0,0,0,0
2019-02-05,ROLLS,Cherry,0,0,0,0,0,0,0,0,0,0,0,0,0,0
2019-02-05,ROLLS,Butt Almond,0,0,0,0,0,0,0,0,0,0,0,0,0,0
2019-02-05,ROLLS,Turtle,0,0,0,0,0,0,0,0,0,0,0,0,0,0
2019-02-05,ROLLS,Cin Chip,0,10,10,10,0,0,0,0,2,2,2,0,0,0
2019-02-05,ROLLS,Rasp Choc,0,0,0,0,0,0,0,0,0,0,0,0,0,0
2019-02-05,ROLLS,Cher Choc,0,0,0,0,0,0,0,0,0,0,0,0,0,0
2019-02-05,ROLLS,biscuit,0,0,0,0,0,0,0,0,0,0,0,0,0,0
2019-02-05,FRUIT BARS,Mixed Berry,0,0,0,0,0,0,0,0,0,0,0,0,0,0
2019-02-05,FRUIT BARS,Cherry,0,0,0,0,0,0,0,0,0,0,0,0,0,0
2019-02-05,FRUIT BARS,Apple Cin,0,12,12,7,0,5,0,0,0,0,0,0,0,0
2019-02-05,FRUIT BARS,MIXED FRUIT,0,8,8,8,0,0,0,0,0,0,0,0,0,0
2019-02-05,MUFFINS,BLUE STRU,0,8,8,5,3,0,0,0,1,1,0,0,0,0
2019-02-05,MUFFINS,Choc Carm,0,7,7,5,2,0,0,0,1,1,1,0,0,0
2019-02-05,MUFFINS,M Glory,0,7,7,3,3,1,0,0,1,1,1,0,0,0
2019-02-05,MUFFINS,Red Velvet,0,5,5,3,0,2,0,0,1,1,1,0,0,0
2019-02-05,MUFFINS,Cookies,0,0,0,0,0,0,0,0,0,0,0,0,0,0
2019-02-05,MUFFINS,Bars,0,0,0,0,0,0,0,0,0,0,0,0,0,0
2019-02-05,MUFFINS,Oatmeal CC,9,18,27,2,8,1,16,0,0,0,0,0,0,0
2019-02-05,MUFFINS,Peanut Butt,14,0,14,-4,0,12,6,0,0,0,0,0,0,0
2019-02-05,MUFFINS,Triple Choc,3,24,27,15,8,1,3,0,0,0,0,0,0,0
2019-02-05,MUFFINS,SNICKEDOODLE,5,18,23,10,7,1,5,0,0,0,0,0,0,0
2019-02-05,MUFFINS,PB HEART,11,6,17,17,0,0,0,0,0,0,0,0,0,0
2019-02-05,MUFFINS,Choc Bliss,3,24,27,4,7,1,15,0,0,0,0,0,0,0
2019-02-05,MUFFINS,frosted,0,6,6,5,0,0,1,0,0,0,0,0,0,0
2019-02-05,MUFFINS,Brownies,8,10,18,15,0,0,3,0,0,0,0,0,0,0
2019-02-05,MUFFINS,Choc OHHH,2,0,2,0,0,0,2,0,0,0,-1,0,0,1
2019-02-05,MUFFINS,Ch Ra Ohhh,0,0,0,0,0,0,0,0,0,0,-1,0,0,1
2019-02-05,MUFFINS,Ch Ch Ohhh,2,0,2,0,0,0,2,0,0,0,0,0,0,0
2019-02-05,MUFFINS,Totals,57,198,255,140,38,24,53,0,7,7,4,0,0,2
2019-02-06,BREAD,H,3,37,40,15,0,0,25,0,0,0,0,0,0,0
2019-02-06,BREAD,FR,18,11,29,15,0,0,14,0,0,0,0,0,0,0
2019-02-06,BREAD,GW,4,8,12,7,0,0,5,0,0,0,0,0,0,0
2019-02-06,BREAD,DK,0,20,20,20,0,0,0,0,0,0,0,0,0,0
2019-02-06,BREAD,H5|Cran,5,0,5,4,0,0,1,1,0,1,0,0,0,1
2019-02-06,BREAD,CSRWL,1,16,17,11,1,0,5,2,0,2,1,0,0,1
2019-02-06,BREAD,VA SWRL,7,4,11,8,0,0,3,2,0,2,2,0,0,0
2019-02-06,BREAD,BfB,8,0,8,3,0,5,0,2,0,2,1,0,0,0
2019-02-06,BREAD,CNE,0,8,8,4,4,0,0,0,3,3,3,0,0,0
2019-02-06,BREAD,CNR,0,3,3,3,0,0,0,0,0,0,0,0,0,0
2019-02-06,BREAD,CNW,0,3,3,2,0,0,1,0,0,0,0,0,0,0
2019-02-06,BREAD,CG,0,7,7,3,0,0,4,0,3,3,0,0,0,3
2019-02-06,BREAD,PESTO CG,0,2,2,0,0,0,2,0,0,0,0,0,0,0
2019-02-06,BREAD,Jal CG,0,2,2,0,0,0,2,0,0,0,0,0,0,0
2019-02-06,BREAD,Choc Babka,0,0,0,0,0,0,0,0,0,0,-1,0,0,0
2019-02-06,BREAD,SOURDOUGH,0,14,14,2,0,0,12,0,0,0,0,0,0,0
2019-02-06,BREAD,SOUR CC,0,6,6,2,3,0,1,0,0,0,0,0,0,0
2019-02-06,BREAD,Sour RG,0,6,6,4,2,0,0,0,0,0,0,0,0,0
2019-02-06,BREAD,CB-Cherry,0,0,0,0,0,0,0,1,0,1,1,0,0,0
2019-02-06,BREAD,VS,9,0,9,1,0,0,8,0,0,0,0,0,0,0
2019-02-06,BREAD,Car,11,0,11,11,0,0,0,0,0,0,0,0,0,0
2019-02-06,BREAD,IHF,0,0,0,0,0,0,0,0,0,0,0,0,0,0
2019-02-06,BREAD,RV Heart,0,4,4,1,0,0,3,0,0,0,0,0,0,0
2019-02-06,BREAD,CC Heart,0,4,4,1,0,0,3,0,0,0,0,0,0,0
2019-02-06,BREAD,H-RLS,2,2,4,1,0,1,2,0,0,0,0,0,0,0
2019-02-06,BREAD,FR-RLS,0,3,3,3,0,0,0,0,0,0,0,0,0,0
2019-02-06,BREAD,VS-RLS,0,0,0,0,0,0,0,0,0,0,0,0,0,0
2019-02-06,BREAD,BLUE STRU,1,4,5,2,1,0,2,0,0,0,0,0,0,0
2019-02-06,BREAD,Choc Carm,1,4,5,1,0,0,4,0,0,0,0,0,0,0
2019-02-06,BREAD,M Glory,1,2,3,0,0,1,2,0,0,0,0,0,0,0
2019-02-06,BREAD,Red Velvet,0,5,5,1,0,0,4,0,0,0,0,0,0,0
2019-02-06,ROLLS,Cinnamon,0,36,36,26,10,0,0,0,0,0,0,0,0,0
2019-02-06,ROLLS,Mini C-Roll,0,0,0,0,0,0,0,0,0,0,0,0,0,0
2019-02-06,ROLLS,Scones,0,0,0,0,0,0,0,0,0,0,0,0,0,0
2019-02-06,ROLLS,Biscuits,0,0,0,0,0,0,0,0,0,0,0,0,0,0
2019-02-06,ROLLS,Blueberry,0,0,0,0,0,0,0,0,0,0,0,0,0,0
2019-02-06,ROLLS,Rasp Cream,0,13,13,9,4,0,0,0,4,4,0,0,0,0
2019-02-06,ROLLS,Cherry,0,0,0,0,0,0,0,0,0,0,0,0,0,0
2019-02-06,ROLLS,Butt Almond,0,0,0,0,0,0,0,0,0,0,0,0,0,0
2019-02-06,ROLLS,Turtle,0,16,16,9,0,7,0,0,4,4,-1,0,0,0
2019-02-06,ROLLS,Cin Chip,0,0,0,0,0,0,0,0,0,0,0,0,0,0
2019-02-06,ROLLS,Rasp Choc,0,12,12,11,0,1,0,0,3,3,1,0,0,0
2019-02-06,ROLLS,Cher Choc,0,0,0,0,0,0,0,0,0,0,0,0,0,0
2019-02-06,ROLLS,biscuit,0,10,10,1,0,9,0,0,0,0,0,0,0,0
2019-02-06,FRUIT BARS,Mixed Berry,0,8,8,5,1,2,0,0,0,0,0,0,0,0
2019-02-06,FRUIT BARS,Cherry,0,12,12,3,2,7,0,0,0,0,0,0,0,0
2019-02-06,FRUIT BARS,Apple Cin,0,0,0,0,0,0,0,0,0,0,0,0,0,0
2019-02-06,FRUIT BARS,MIXED FRUIT,0,0,0,0,0,0,0,0,0,0,0,0,0,0
2019-02-06,MUFFINS,BLUE STRU,0,6,6,4,0,2,0,0,1,1,0,0,0,0
2019-02-06,MUFFINS,Choc Carm,0,6,6,3,0,3,0,0,3,3,0,0,0,0
2019-02-06,MUFFINS,M Glory,0,4,4,4,0,0,0,0,3,3,0,0,0,0
2019-02-06,MUFFINS,Red Velvet,0,6,6,2,0,4,0,0,3,3,0,0,0,0
2019-02-06,MUFFINS,Cookies,0,0,0,0,0,0,0,0,0,0,0,0,0,0
2019-02-06,MUFFINS,Bars,0,0,0,0,0,0,0,0,0,0,0,0,0,0
2019-02-06,MUFFINS,Oatmeal CC,16,24,40,16,24,0,0,0,4,4,0,0,0,0
2019-02-06,MUFFINS,Peanut Butt,6,6,12,5,0,0,7,0,0,0,0,0,0,0
2019-02-06,MUFFINS,Triple Choc,3,30,33,12,19,0,2,0,4,4,0,0,0,0
2019-02-06,MUFFINS,SNICKEDOODLE,5,30,35,5,18,5,7,0,4,4,0,0,0,0
2019-02-06,MUFFINS,PB HEART,0,12,12,7,0,0,5,0,0,0,0,0,0,0
2019-02-06,MUFFINS,Choc Bliss,15,12,27,14,12,1,0,0,0,0,0,0,0,0
2019-02-06,MUFFINS,frosted,1,12,13,3,0,0,10,0,0,0,0,0,0,0
2019-02-06,MUFFINS,Brownies,3,0,3,-4,0,0,7,0,0,0,0,0,0,0
2019-02-06,MUFFINS,Choc OHHH,2,0,2,0,0,0,2,1,0,1,0,0,0,1
2019-02-06,MUFFINS,Ch Ra Ohhh,0,0,0,0,0,0,0,1,0,1,0,0,0,1
2019-02-06,MUFFINS,Ch Ch Ohhh,2,0,2,0,0,0,2,0,0,0,0,0,0,0
2019-02-06,MUFFINS,Totals,53,255,308,135,90,41,42,2,33,35,0,0,0,2
2019-02-07,BREAD,H,25,16,41,32,0,0,9,0,0,0,0,0,0,0
2019-02-07,BREAD,FR,14,31,45,12,25,0,8,0,0,0,0,0,0,0
2019-02-07,BREAD,GW,5,7,12,2,0,6,4,0,0,0,0,0,0,0
2019-02-07,BREAD,DK,0,0,0,0,0,0,0,0,0,0,0,0,0,0
2019-02-07,BREAD,H5|Cran,1,17,18,14,3,0,1,1,6,7,6,0,0,1
2019-02-07,BREAD,CSRWL,5,12,17,17,0,0,0,1,2,3,2,0,0,1
2019-02-07,BREAD,VA SWRL,3,8,11,8,0,0,3,0,2,2,2,0,0,0
2019-02-07,BREAD,BfB,0,12,12,3,0,0,9,0,4,4,2,0,0,2
2019-02-07,BREAD,CNE,0,0,0,0,0,0,0,0,0,0,0,0,0,0
2019-02-07,BREAD,CNR,0,0,0,0,0,0,0,0,0,0,0,0,0,0
2019-02-07,BREAD,CNW,1,0,1,1,0,0,0,0,0,0,0,0,0,0
2019-02-07,BREAD,CG,4,0,4,4,0,0,0,3,0,3,3,0,0,0
2019-02-07,BREAD,PESTO CG,2,0,2,2,0,0,0,0,0,0,0,0,0,0
2019-02-07,BREAD,Jal CG,2,0,2,2,0,0,0,0,0,0,0,0,0,0
2019-02-07,BREAD,Choc Babka,0,0,0,0,0,0,0,0,0,0,0,0,0,0
2019-02-07,BREAD,SOURDOUGH,12,0,12,5,0,7,0,0,0,0,0,0,0,0
2019-02-07,BREAD,SOUR CC,1,0,1,1,0,0,0,0,0,0,0,0,0,0
2019-02-07,BREAD,Sour RG,0,0,0,0,0,0,0,0,0,0,0,0,0,0
2019-02-07,BREAD,CB-Cherry,0,0,0,0,0,0,0,0,0,0,0,0,0,0
2019-02-07,BREAD,VS,8,7,15,11,0,0,4,0,2,2,2,0,0,0
2019-02-07,BREAD,Car,0,0,0,0,0,0,0,0,0,0,0,0,0,0
2019-02-07,BREAD,IHF,0,0,0,0,0,0,0,0,0,0,0,0,0,0
2019-02-07,BREAD,wc,0,50,50,0,50,0,0,0,0,0,0,0,0,0
2019-02-07,BREAD,gf,0,0,0,0,0,0,0,0,0,0,0,0,0,0
2019-02-07,BREAD,RV Heart,3,1,4,0,0,3,1,0,0,0,0,0,0,0
2019-02-07,BREAD,CC Heart,3,1,4,1,0,3,0,0,0,0,0,0,0,0
2019-02-07,BREAD,but-rls,0,63,63,0,63,0,0,0,0,0,0,0,0,0
2019-02-07,BREAD,H-RLS,2,0,2,2,0,0,0,0,0,0,0,0,0,0
2019-02-07,BREAD,FR-RLS,0,2,2,1,0,0,1,0,0,0,0,0,0,0
2019-02-07,BREAD,VS-RLS,0,3,3,0,0,0,3,0,0,0,0,0,0,0
2019-02-07,BREAD,BLUE STRU,2,3,5,2,0,0,3,0,0,0,0,0,0,0
2019-02-07,BREAD,Choc Carm,4,1,5,2,0,2,1,0,0,0,0,0,0,0
2019-02-07,BREAD,M Glory,2,1,3,1,0,1,1,0,0,0,0,0,0,0
2019-02-07,BREAD,Red Velvet,4,1,5,4,0,0,1,0,0,0,0,0,0,0
2019-02-07,ROLLS,Cinnamon,0,24,24,24,0,0,0,0,0,0,0,0,0,0
2019-02-07,ROLLS,Mini C-Roll,0,0,0,0,0,0,0,0,0,0,0,0,0,0
2019-02-07,ROLLS,Scones,0,0,0,0,0,0,0,0,0,0,0,0,0,0
2019-02-07,ROLLS,Biscuits,0,0,0,0,0,0,0,0,0,0,0,0,0,0
2019-02-07,ROLLS,Blueberry,0,16,16,16,0,0,0,0,1,1,1,0,0,0
2019-02-07,ROLLS,Rasp Cream,0,0,0,0,0,0,0,0,0,0,0,0,0,0
2019-02-07,ROLLS,Cherry,0,0,0,0,0,0,0,0,0,0,0,0,0,0
2019-02-07,ROLLS,Butt Almond,0,0,0,0,0,0,0,0,0,0,0,0,0,0
2019-02-07,ROLLS,Turtle,0,16,16,16,0,0,0,0,1,1,1,0,0,0
2019-02-07,ROLLS,Cin Chip,0,0,0,0,0,0,0,0,0,0,0,0,0,0
2019-02-07,ROLLS,Rasp Choc,0,0,0,0,0,0,0,0,0,0,0,0,0,0
2019-02-07,ROLLS,Cher Choc,0,0,0,0,0,0,0,0,0,0,0,0,0,0
2019-02-07,ROLLS,biscuit,0,0,0,0,0,0,0,0,0,0,0,0,0,0
2019-02-07,FRUIT BARS,Mixed Berry,0,0,0,0,0,0,0,0,0,0,0,0,0,0
2019-02-07,FRUIT BARS,Cherry,0,0,0,0,0,0,0,0,0,0,0,0,0,0
2019-02-07,FRUIT BARS,Apple Cin,0,12,12,12,0,0,0,0,0,0,0,0,0,0
2019-02-07,FRUIT BARS,MIXED FRUIT,0,8,8,8,0,0,0,0,0,0,0,0,0,0
2019-02-07,MUFFINS,BLUE STRU,0,6,6,5,0,1,0,0,1,1,1,0,0,0
2019-02-07,MUFFINS,Choc Carm,0,6,6,6,0,0,0,0,1,1,1,0,0,0
2019-02-07,MUFFINS,M Glory,0,5,5,3,0,2,0,0,1,1,1,0,0,0
2019-02-07,MUFFINS,Red Velvet,0,6,6,6,0,0,0,0,1,1,1,0,0,0
2019-02-07,MUFFINS,Cookies,0,0,0,0,0,0,0,0,0,0,0,0,0,0
2019-02-07,MUFFINS,Bars,0,0,0,0,0,0,0,0,0,0,0,0,0,0
2019-02-07,MUFFINS,Oatmeal CC,0,30,30,17,12,0,1,0,0,0,0,0,0,0
2019-02-07,MUFFINS,Peanut Butt,7,6,13,8,0,0,5,0,0,0,0,0,0,0
2019-02-07,MUFFINS,Triple Choc,2,30,32,15,12,1,4,0,0,0,0,0,0,0
2019-02-07,MUFFINS,SNICKEDOODLE,7,24,31,10,12,0,9,0,0,0,0,0,0,0
2019-02-07,MUFFINS,PB HEART,5,12,17,4,0,2,11,0,0,0,0,0,0,0
2019-02-07,MUFFINS,Choc Bliss,0,18,18,2,10,0,6,0,0,0,0,0,0,0
2019-02-07,MUFFINS,frosted,10,6,16,2,0,10,4,0,0,0,0,0,0,0
2019-02-07,MUFFINS,Brownies,7,20,27,7,20,0,0,0,0,0,0,0,0,0
2019-02-07,MUFFINS,Choc OHHH,2,0,2,0,0,0,2,1,0,1,0,0,0,1
2019-02-07,MUFFINS,Ch Ra Ohhh,0,0,0,0,0,0,0,1,0,1,0,0,0,1
2019-02-07,MUFFINS,Ch Ch Ohhh,2,0,2,0,0,0,2,0,0,0,0,0,0,0
2019-02-07,MUFFINS,Totals,42,245,287,161,66,16,44,2,6,8,6,0,0,2
2019-02-08,BREAD,H,9,32,41,18,0,0,23,0,0,0,0,0,0,0
2019-02-08,BREAD,FR,8,27,35,10,1,0,24,0,0,0,0,0,0,0
2019-02-08,BREAD,GW,4,0,4,4,0,0,0,0,0,0,0,0,0,0
2019-02-08,BREAD,DK,0,20,20,12,2,0,6,0,0,0,0,0,0,0
2019-02-08,BREAD,H5|Cran,1,0,1,1,0,0,0,1,0,1,1,0,0,0
2019-02-08,BREAD,CSRWL,0,20,20,13,1,0,6,1,3,4,1,0,0,3
2019-02-08,BREAD,VA SWRL,3,12,15,3,0,0,12,0,2,2,0,0,0,2
2019-02-08,BREAD,BfB,9,0,9,9,0,0,0,2,0,2,2,0,0,0
2019-02-08,BREAD,CNE,0,15,15,12,0,0,3,0,2,2,2,0,0,0
2019-02-08,BREAD,CNR,0,7,7,1,1,0,5,0,0,0,0,0,0,0
2019-02-08,BREAD,CNW,0,7,7,5,1,0,1,0,0,0,0,0,0,0
2019-02-08,BREAD,CG,0,6,6,2,0,0,4,0,4,4,1,0,0,3
2019-02-08,BREAD,PESTO CG,0,2,2,1,0,0,1,0,0,0,0,0,0,0
2019-02-08,BREAD,Jal CG,0,2,2,2,0,0,0,0,0,0,0,0,0,0
2019-02-08,BREAD,Choc Babka,0,0,0,0,0,0,0,0,0,0,0,0,0,0
2019-02-08,BREAD,SOURDOUGH,0,5,5,4,0,0,1,0,0,0,0,0,0,0
2019-02-08,BREAD,SOUR CC,0,3,3,1,0,0,2,0,0,0,0,0,0,0
2019-02-08,BREAD,Sour RG,0,3,3,1,0,0,2,0,0,0,0,0,0,0
2019-02-08,BREAD,CB-Cherry,0,0,0,0,0,0,0,0,0,0,0,0,0,0
2019-02-08,BREAD,VS,4,10,14,7,0,0,7,0,2,2,1,0,0,1
2019-02-08,BREAD,Car,0,0,0,0,0,0,0,0,0,0,0,0,0,0
2019-02-08,BREAD,IHF,0,0,0,0,0,0,0,0,0,0,0,0,0,0
2019-02-08,BREAD,Sour jc,0,3,3,1,0,0,2,0,0,0,0,0,0,0
2019-02-08,BREAD,RV Heart,1,3,4,2,0,1,1,0,0,0,0,0,0,0
2019-02-08,BREAD,CC Heart,0,4,4,3,0,0,1,0,0,0,0,0,0,0
2019-02-08,BREAD,H-RLS,0,4,4,3,0,0,1,0,0,0,0,0,0,0
2019-02-08,BREAD,FR-RLS,1,3,4,0,0,1,3,0,0,0,0,0,0,0
2019-02-08,BREAD,VS-RLS,3,4,7,4,0,0,3,0,0,0,0,0,0,0
2019-02-08,BREAD,BLUE STRU,3,6,9,2,3,2,2,0,0,0,0,0,0,0
2019-02-08,BREAD,Choc Carm,1,5,6,1,0,0,5,0,0,0,0,0,0,0
2019-02-08,BREAD,M Glory,1,3,4,3,0,1,0,0,0,0,0,0,0,0
2019-02-08,BREAD,Red Velvet,1,6,7,3,1,0,3,0,0,0,0,0,0,0
2019-02-08,ROLLS,Cinnamon,0,36,36,36,0,0,0,0,0,0,0,0,0,0
2019-02-08,ROLLS,Mini C-Roll,0,48,48,0,48,0,0,0,0,0,0,0,0,0
2019-02-08,ROLLS,Scones,0,0,0,0,0,0,0,0,0,0,0,0,0,0
2019-02-08,ROLLS,Biscuits,0,0,0,0,0,0,0,0,0,0,0,0,0,0
2019-02-08,ROLLS,Blueberry,0,0,0,0,0,0,0,0,0,0,0,0,0,0
2019-02-08,ROLLS,Rasp Cream,0,0,0,0,0,0,0,0,0,0,0,0,0,0
2019-02-08,ROLLS,Cherry,0,8,8,8,0,0,0,0,5,5,1,0,0,0
2019-02-08,ROLLS,Butt Almond,0,14,14,14,0,0,0,0,5,5,1,0,0,0
2019-02-08,ROLLS,Turtle,0,0,0,0,0,0,0,0,0,0,0,0,0,0
2019-02-08,ROLLS,Cin Chip,0,0,0,0,0,0,0,0,0,0,0,0,0,0
2019-02-08,ROLLS,Rasp Choc,0,0,0,0,0,0,0,0,0,0,0,0,0,0
2019-02-08,ROLLS,Cher Choc,0,8,8,8,0,0,0,0,5,5,1,0,0,0
2019-02-08,ROLLS,biscuit,0,10,10,9,0,1,0,0,0,0,0,0,0,0
2019-02-08,FRUIT BARS,Mixed Berry,0,8,8,3,5,0,0,0,0,0,0,0,0,0
2019-02-08,FRUIT BARS,Cherry,0,12,12,5,7,0,0,0,0,0,0,0,0,0
2019-02-08,FRUIT BARS,Apple Cin,0,0,0,0,0,0,0,0,0,0,0,0,0,0
2019-02-08,FRUIT BARS,MIXED FRUIT,0,0,0,0,0,0,0,0,0,0,0,0,0,0
2019-02-08,MUFFINS,BLUE STRU,0,6,6,6,0,0,0,0,1,1,1,0,0,0
2019-02-08,MUFFINS,Choc Carm,0,6,6,6,0,0,0,0,5,5,1,0,0,0
2019-02-08,MUFFINS,M Glory,0,6,6,6,0,0,0,0,4,4,1,0,0,0
2019-02-08,MUFFINS,Red Velvet,0,6,6,4,0,2,0,0,4,4,1,0,0,0
2019-02-08,MUFFINS,Cookies,0,0,0,0,0,0,0,0,0,0,0,0,0,0
2019-02-08,MUFFINS,Bars,0,0,0,0,0,0,0,0,0,0,0,0,0,0
2019-02-08,MUFFINS,Oatmeal CC,1,24,25,16,9,0,0,0,4,4,0,0,0,0
2019-02-08,MUFFINS,Peanut Butt,5,6,11,10,0,0,1,0,4,4,0,0,0,0
2019-02-08,MUFFINS,Triple Choc,4,24,28,20,8,0,0,0,4,4,0,0,0,0
2019-02-08,MUFFINS,SNICKEDOODLE,9,18,27,19,8,0,0,0,4,4,0,0,0,0
2019-02-08,MUFFINS,PB HEART,11,6,17,16,0,1,0,0,0,0,0,0,0,0
2019-02-08,MUFFINS,Choc Bliss,6,18,24,16,8,0,0,0,4,4,0,0,0,0
2019-02-08,MUFFINS,frosted,4,6,10,10,0,0,0,0,0,0,0,0,0,0
2019-02-08,MUFFINS,Brownies,0,10,10,2,7,0,1,0,0,0,0,0,0,0
2019-02-08,MUFFINS,Choc OHHH,2,0,2,0,0,0,2,1,0,1,0,0,0,1
2019-02-08,MUFFINS,Ch Ra Ohhh,0,0,0,0,0,0,0,1,0,1,0,0,0,1
2019-02-08,MUFFINS,Ch Ch Ohhh,2,0,2,0,0,0,2,0,0,0,0,0,0,0
2019-02-08,MUFFINS,Totals,44,280,324,214,100,4,6,2,49,51,7,0,0,2
2019-02-09,BREAD,H,23,0,23,13,0,10,0,0,0,0,0,0,0,0
2019-02-09,BREAD,FR,24,0,24,24,0,0,0,0,0,0,0,0,0,0
2019-02-09,BREAD,GW,0,4,4,4,0,0,0,0,0,0,0,0,0,0
2019-02-09,BREAD,DK,6,0,6,6,0,0,0,0,0,0,0,0,0,0
2019-02-09,BREAD,H5|Cran,0,0,0,0,0,0,0,0,0,0,0,0,0,0
2019-02-09,BREAD,CSRWL,6,8,14,14,0,0,0,3,0,3,3,0,0,0
2019-02-09,BREAD,VA SWRL,12,4,16,4,0,12,0,2,0,2,2,0,0,0
2019-02-09,BREAD,BfB,0,6,6,5,0,1,0,0,3,3,1,0,0,0
2019-02-09,BREAD,CNE,3,0,3,3,0,0,0,0,0,0,0,0,0,0
2019-02-09,BREAD,CNR,5,0,5,5,0,0,0,0,0,0,0,0,0,0
2019-02-09,BREAD,CNW,1,0,1,1,0,0,0,0,0,0,0,0,0,0
2019-02-09,BREAD,CG,4,0,4,2,0,2,0,3,0,3,3,0,0,0
2019-02-09,BREAD,PESTO CG,1,0,1,1,0,0,0,0,0,0,0,0,0,0
2019-02-09,BREAD,Jal CG,0,0,0,-1,0,1,0,0,0,0,0,0,0,0
2019-02-09,BREAD,Choc Babka,0,10,10,4,0,6,0,0,3,3,1,0,0,0
2019-02-09,BREAD,SOURDOUGH,1,0,1,1,0,0,0,0,0,0,0,0,0,0
2019-02-09,BREAD,SOUR CC,2,0,2,2,0,0,0,0,0,0,0,0,0,0
2019-02-09,BREAD,Sour RG,2,0,2,2,0,0,0,0,0,0,0,0,0,0
2019-02-09,BREAD,CB-Cherry,0,0,0,0,0,0,0,0,3,3,1,0,0,0
2019-02-09,BREAD,VS,7,0,7,6,0,1,0,1,0,1,1,0,0,0
2019-02-09,BREAD,Car,0,0,0,0,0,0,0,0,0,0,0,0,0,0
2019-02-09,BREAD,IHF,0,0,0,0,0,0,0,0,0,0,0,0,0,0
2019-02-09,BREAD,RV Heart,1,0,1,0,0,1,0,0,0,0,0,0,0,0
2019-02-09,BREAD,CC Heart,1,0,1,1,0,0,0,0,0,0,0,0,0,0
2019-02-09,BREAD,H-RLS,1,0,1,-1,0,2,0,0,0,0,0,0,0,0
2019-02-09,BREAD,FR-RLS,3,0,3,2,0,1,0,0,0,0,0,0,0,0
2019-02-09,BREAD,VS-RLS,3,0,3,2,0,1,0,0,0,0,0,0,0,0
2019-02-09,BREAD,BLUE STRU,2,1,3,3,0,0,0,0,0,0,0,0,0,0
2019-02-09,BREAD,Choc Carm,5,0,5,5,0,0,0,0,0,0,0,0,0,0
2019-02-09,BREAD,M Glory,0,2,2,1,0,1,0,0,0,0,0,0,0,0
2019-02-09,BREAD,Red Velvet,3,0,3,2,0,1,0,0,0,0,0,0,0,0
2019-02-09,ROLLS,Cinnamon,0,60,60,45,2,13,0,0,0,0,0,0,0,0
2019-02-09,ROLLS,Mini C-Roll,0,0,0,0,0,0,0,0,0,0,0,0,0,0
2019-02-09,ROLLS,Scones,0,0,0,0,0,0,0,0,0,0,0,0,0,0
2019-02-09,ROLLS,Biscuits,0,0,0,0,0,0,0,0,0,0,0,0,0,0
2019-02-09,ROLLS,Blueberry,0,16,16,16,0,0,0,0,2,2,2,0,0,0
2019-02-09,ROLLS,Rasp Cream,0,0,0,0,0,0,0,0,0,0,0,0,0,0
2019-02-09,ROLLS,Cherry,0,0,0,0,0,0,0,0,0,0,0,0,0,0
2019-02-09,ROLLS,Butt Almond,0,16,16,16,0,0,0,0,2,2,2,0,0,0
2019-02-09,ROLLS,Turtle,0,0,0,0,0,0,0,0,0,0,0,0,0,0
2019-02-09,ROLLS,Cin Chip,0,0,0,0,0,0,0,0,0,0,0,0,0,0
2019-02-09,ROLLS,Rasp Choc,0,0,0,0,0,0,0,0,0,0,0,0,0,0
2019-02-09,ROLLS,Cher Choc,0,0,0,0,0,0,0,0,0,0,0,0,0,0
2019-02-09,ROLLS,biscuit,0,10,10,9,0,1,0,0,0,0,0,0,0,0
2019-02-09,FRUIT BARS,Mixed Berry,0,0,0,0,0,0,0,0,0,0,0,0,0,0
2019-02-09,FRUIT BARS,Cherry,0,0,0,0,0,0,0,0,0,0,0,0,0,0
2019-02-09,FRUIT BARS,Apple Cin,0,12,12,12,0,0,0,0,0,0,0,0,0,0
2019-02-09,FRUIT BARS,MIXED FRUIT,0,8,8,7,0,1,0,0,0,0,0,0,0,0
2019-02-09,MUFFINS,BLUE STRU,0,6,6,4,0,2,0,0,1,1,1,0,0,0
2019-02-09,MUFFINS,Choc Carm,0,6,6,4,0,2,0,0,1,1,1,0,0,0
2019-02-09,MUFFINS,M Glory,0,6,6,6,0,0,0,0,1,1,1,0,0,0
2019-02-09,MUFFINS,Red Velvet,0,6,6,4,0,2,0,0,1,1,0,0,0,0
2019-02-09,MUFFINS,Cookies,0,0,0,0,0,0,0,0,0,0,0,0,0,0
2019-02-09,MUFFINS,Bars,0,0,0,0,0,0,0,0,0,0,0,0,0,0
2019-02-09,MUFFINS,Oatmeal CC,0,18,18,14,0,4,0,0,0,0,0,0,0,0
2019-02-09,MUFFINS,Peanut Butt,1,6,7,6,0,1,0,0,0,0,0,0,0,0
2019-02-09,MUFFINS,Triple Choc,0,18,18,16,0,2,0,0,0,0,0,0,0,0
2019-02-09,MUFFINS,SNICKEDOODLE,0,18,18,16,0,2,0,0,0,0,0,0,0,0
2019-02-09,MUFFINS,PB HEART,0,18,18,18,0,0,0,0,0,0,0,0,0,0
2019-02-09,MUFFINS,Choc Bliss,0,18,18,7,0,11,0,0,0,0,0,0,0,0
2019-02-09,MUFFINS,frosted,0,6,6,4,0,2,0,0,0,0,0,0,0,0
2019-02-09,MUFFINS,Brownies,1,0,1,0,0,1,0,0,0,0,0,0,0,0
2019-02-09,MUFFINS,Choc OHHH,2,0,2,2,0,0,0,1,0,1,1,0,0,0
2019-02-09,MUFFINS,Ch Ra Ohhh,0,0,0,0,0,0,0,1,0,1,-1,0,0,2
2019-02-09,MUFFINS,Ch Ch Ohhh,2,0,2,-1,0,0,3,0,0,0,-2,0,0,2
2019-02-09,MUFFINS,Totals,6,248,254,205,2,44,3,2,8,10,5,0,0,4
2019-02-10,BREAD,H,0,0,0,0,0,0,0,0,0,0,0,0,0,0
2019-02-10,BREAD,FR,0,0,0,0,0,0,0,0,0,0,0,0,0,0
2019-02-10,BREAD,GW,0,0,0,0,0,0,0,0,0,0,0,0,0,0
2019-02-10,BREAD,DK,0,0,0,0,0,0,0,0,0,0,0,0,0,0
2019-02-10,BREAD,H5|Cran,0,0,0,0,0,0,0,0,0,0,0,0,0,0
2019-02-10,BREAD,CSRWL,0,0,0,0,0,0,0,0,0,0,0,0,0,0
2019-02-10,BREAD,VA SWRL,0,0,0,0,0,0,0,0,0,0,0,0,0,0
2019-02-10,BREAD,BfB,0,0,0,0,0,0,0,0,0,0,0,0,0,0
2019-02-10,BREAD,CNE,0,0,0,0,0,0,0,0,0,0,0,0,0,0
2019-02-10,BREAD,CNR,0,0,0,0,0,0,0,0,0,0,0,0,0,0
2019-02-10,BREAD,CNW,0,0,0,0,0,0,0,0,0,0,0,0,0,0
2019-02-10,BREAD,CG,0,0,0,0,0,0,0,0,0,0,0,0,0,0
2019-02-10,BREAD,PESTO CG,0,0,0,0,0,0,0,0,0,0,0,0,0,0
2019-02-10,BREAD,Jal CG,0,0,0,0,0,0,0,0,0,0,0,0,0,0
2019-02-10,BREAD,Choc Babka,0,0,0,0,0,0,0,0,0,0,0,0,0,0
2019-02-10,BREAD,SOURDOUGH,0,0,0,0,0,0,0,0,0,0,0,0,0,0
2019-02-10,BREAD,SOUR CC,0,0,0,0,0,0,0,0,0,0,0,0,0,0
2019-02-10,BREAD,Sour RG,0,0,0,0,0,0,0,0,0,0,0,0,0,0
2019-02-10,BREAD,CB-Cherry,0,0,0,0,0,0,0,0,0,0,0,0,0,0
2019-02-10,BREAD,Car,0,0,0,0,0,0,0,0,0,0,0,0,0,0
2019-02-10,BREAD,IHF,0,0,0,0,0,0,0,0,0,0,0,0,0,0
2019-02-10,BREAD,GF,0,0,0,0,0,0,0,0,0,0,0,0,0,0
2019-02-10,BREAD,RV Heart,0,0,0,0,0,0,0,0,0,0,0,0,0,0
2019-02-10,BREAD,CC Heart,0,0,0,0,0,0,0,0,0,0,0,0,0,0
2019-02-10,BREAD,H-RLS,0,0,0,0,0,0,0,0,0,0,0,0,0,0
2019-02-10,BREAD,FR-RLS,0,0,0,0,0,0,0,0,0,0,0,0,0,0
2019-02-10,BREAD,VS-RLS,0,0,0,0,0,0,0,0,0,0,0,0,0,0
2019-02-10,BREAD,BLUE STRU,0,0,0,0,0,0,0,0,0,0,0,0,0,0
2019-02-10,BREAD,Choc Carm,0,0,0,0,0,0,0,0,0,0,0,0,0,0
2019-02-10,BREAD,M Glory,0,0,0,0,0,0,0,0,0,0,0,0,0,0
2019-02-10,BREAD,Red Velvet,0,0,0,0,0,0,0,0,0,0,0,0,0,0
2019-02-10,ROLLS,Cinnamon,0,0,0,0,0,0,0,0,0,0,0,0,0,0
2019-02-10,ROLLS,Mini C-Roll,0,0,0,0,0,0,0,0,0,0,0,0,0,0
2019-02-10,ROLLS,Scones,0,0,0,0,0,0,0,0,0,0,0,0,0,0
2019-02-10,ROLLS,Biscuits,0,0,0,0,0,0,0,0,0,0,0,0,0,0
2019-02-10,ROLLS,Blueberry,0,0,0,0,0,0,0,0,0,0,0,0,0,0
2019-02-10,ROLLS,Rasp Cream,0,0,0,0,0,0,0,0,0,0,0,0,0,0
2019-02-10,ROLLS,Cherry,0,0,0,0,0,0,0,0,0,0,0,0,0,0
2019-02-10,ROLLS,Butt Almond,0,0,0,0,0,0,0,0,0,0,0,0,0,0
2019-02-10,ROLLS,Turtle,0,0,0,0,0,0,0,0,0,0,0,0,0,0
2019-02-10,ROLLS,Cin Chip,0,0,0,0,0,0,0,0,0,0,0,0,0,0
2019-02-10,ROLLS,Rasp Choc,0,0,0,0,0,0,0,0,0,0,0,0,0,0
2019-02-10,ROLLS,Cher Choc,0,0,0,0,0,0,0,0,0,0,0,0,0,0
2019-02-10,ROLLS,biscuit,0,0,0,0,0,0,0,0,0,0,0,0,0,0
2019-02-10,FRUIT BARS,Mixed Berry,0,0,0,0,0,0,0,0,0,0,0,0,0,0
2019-02-10,FRUIT BARS,Cherry,0,0,0,0,0,0,0,0,0,0,0,0,0,0
2019-02-10,FRUIT BARS,Apple Cin,0,0,0,0,0,0,0,0,0,0,0,0,0,0
2019-02-10,FRUIT BARS,MIXED FRUIT,0,0,0,0,0,0,0,0,0,0,0,0,0,0
2019-02-10,MUFFINS,BLUE STRU,0,0,0,0,0,0,0,0,0,0,0,0,0,0
2019-02-10,MUFFINS,Choc Carm,0,0,0,0,0,0,0,0,0,0,0,0,0,0
2019-02-10,MUFFINS,M Glory,0,0,0,0,0,0,0,0,0,0,0,0,0,0
2019-02-10,MUFFINS,Red Velvet,0,0,0,0,0,0,0,0,0,0,0,0,0,0
2019-02-10,MUFFINS,Cookies,0,0,0,0,0,0,0,0,0,0,0,0,0,0
2019-02-10,MUFFINS,Bars,0,0,0,0,0,0,0,0,0,0,0,0,0,0
2019-02-10,MUFFINS,Oatmeal CC,0,0,0,0,0,0,0,0,0,0,0,0,0,0
2019-02-10,MUFFINS,Peanut Butt,0,0,0,0,0,0,0,0,0,0,0,0,0,0
2019-02-10,MUFFINS,Triple Choc,0,0,0,0,0,0,0,0,0,0,0,0,0,0
2019-02-10,MUFFINS,SNICKEDOODLE,0,0,0,0,0,0,0,0,0,0,0,0,0,0
2019-02-10,MUFFINS,PB HEART,0,0,0,0,0,0,0,0,0,0,0,0,0,0
2019-02-10,MUFFINS,frosted,0,0,0,0,0,0,0,0,0,0,0,0,0,0
2019-02-10,MUFFINS,Brownies,0,0,0,0,0,0,0,0,0,0,0,0,0,0
2019-02-10,MUFFINS,Choc OHHH,0,0,0,0,0,0,0,0,0,0,0,0,0,0
2019-02-10,MUFFINS,Ch Ra Ohhh,0,0,0,0,0,0,0,2,0,2,2,0,0,0
2019-02-10,MUFFINS,Ch Ch Ohhh,3,0,3,3,0,0,0,2,0,2,2,0,0,0
2019-02-10,MUFFINS,Bread Pudding,0,0,0,0,0,0,0,0,0,0,0,0,0,0
2019-02-10,MUFFINS,Totals,3,0,3,3,0,0,0,4,0,4,4,0,0,0
2019-02-11,BREAD,H,0,34,34,28,0,0,6,0,0,0,0,0,0,0
2019-02-11,BREAD,FR,0,49,49,15,25,0,9,0,0,0,0,0,0,0
2019-02-11,BREAD,GW,0,9,9,6,0,0,3,0,0,0,0,0,0,0
2019-02-11,BREAD,DK,0,21,21,12,0,0,9,0,0,0,0,0,0,0
2019-02-11,BREAD,H5|Cran,0,0,0,0,0,0,0,0,0,0,0,0,0,0
2019-02-11,BREAD,CSRWL,0,16,16,9,0,0,7,0,3,3,1,0,0,2
2019-02-11,BREAD,VA SWRL,0,12,12,10,0,0,2,0,2,2,2,0,0,0
2019-02-11,BREAD,BfB,0,0,0,0,0,0,0,0,0,0,0,0,0,0
2019-02-11,BREAD,CNE,0,11,11,10,0,0,1,0,2,2,2,0,0,0
2019-02-11,BREAD,CNR,0,3,3,2,0,0,1,0,0,0,0,0,0,0
2019-02-11,BREAD,CNW,0,3,3,3,0,0,0,0,0,0,0,0,0,0
2019-02-11,BREAD,CG,0,7,7,4,0,0,3,0,3,3,2,0,0,1
2019-02-11,BREAD,PESTO CG,0,2,2,2,0,0,0,0,0,0,0,0,0,0
2019-02-11,BREAD,Jal CG,0,2,2,1,0,0,1,0,0,0,0,0,0,0
2019-02-11,BREAD,Choc Babka,0,0,0,0,0,0,0,0,0,0,0,0,0,0
2019-02-11,BREAD,SOURDOUGH,0,12,12,4,0,0,8,0,0,0,0,0,0,0
2019-02-11,BREAD,SOUR CC,0,3,3,0,0,0,3,0,0,0,0,0,0,0
2019-02-11,BREAD,Sour RG,0,3,3,3,0,0,0,0,0,0,0,0,0,0
2019-02-11,BREAD,CB-Cherry,0,0,0,0,0,0,0,0,0,0,0,0,0,0
2019-02-11,BREAD,VS,0,0,0,0,0,0,0,0,0,0,0,0,0,0
2019-02-11,BREAD,Car,0,0,0,0,0,0,0,0,0,0,0,0,0,0
2019-02-11,BREAD,IHF,0,0,0,0,0,0,0,0,0,0,0,0,0,0
2019-02-11,BREAD,wc,0,68,68,0,68,0,0,0,0,0,0,0,0,0
2019-02-11,BREAD,RV Heart,0,4,4,2,0,0,2,0,0,0,0,0,0,0
2019-02-11,BREAD,CC Heart,0,4,4,3,0,0,1,0,0,0,0,0,0,0
2019-02-11,BREAD,H-RLS,0,3,3,2,0,0,1,0,0,0,0,0,0,0
2019-02-11,BREAD,FR-RLS,0,2,2,2,0,0,0,0,0,0,0,0,0,0
2019-02-11,BREAD,VS-RLS,0,0,0,0,0,0,0,0,0,0,0,0,0,0
2019-02-11,BREAD,BLUE STRU,0,4,4,0,0,0,4,0,0,0,0,0,0,0
2019-02-11,BREAD,Choc Carm,0,4,4,2,0,0,2,0,0,0,0,0,0,0
2019-02-11,BREAD,M Glory,0,2,2,2,0,0,0,0,0,0,0,0,0,0
2019-02-11,BREAD,Red Velvet,0,4,4,0,0,0,4,0,0,0,0,0,0,0
2019-02-11,ROLLS,Cinnamon,0,24,24,20,4,0,0,0,0,0,0,0,0,0
2019-02-11,ROLLS,Mini C-Roll,0,24,24,24,0,0,0,0,0,0,0,0,0,0
2019-02-11,ROLLS,Scones,0,0,0,0,0,0,0,0,0,0,0,0,0,0
2019-02-11,ROLLS,Biscuits,0,0,0,0,0,0,0,0,0,0,0,0,0,0
2019-02-11,ROLLS,Blueberry,0,0,0,0,0,0,0,0,0,0,0,0,0,0
2019-02-11,ROLLS,Rasp Cream,0,6,6,5,0,1,0,0,1,1,0,0,0,0
2019-02-11,ROLLS,Cherry,0,0,0,0,0,0,0,0,0,0,0,0,0,0
2019-02-11,ROLLS,Butt Almond,0,0,0,0,0,0,0,0,0,0,0,0,0,0
2019-02-11,ROLLS,Turtle,0,0,0,0,0,0,0,0,0,0,0,0,0,0
2019-02-11,ROLLS,Cin Chip,0,10,10,10,0,0,0,0,1,1,1,0,0,0
2019-02-11,ROLLS,Rasp Choc,0,7,7,7,0,0,0,0,2,2,2,0,0,0
2019-02-11,ROLLS,Cher Choc,0,0,0,0,0,0,0,0,0,0,0,0,0,0
2019-02-11,ROLLS,biscuit,0,0,0,-6,0,6,0,0,0,0,0,0,0,0
2019-02-11,FRUIT BARS,Mixed Berry,0,8,8,5,0,3,0,0,0,0,0,0,0,0
2019-02-11,FRUIT BARS,Cherry,0,12,12,6,0,6,0,0,0,0,0,0,0,0
2019-02-11,FRUIT BARS,Apple Cin,0,0,0,0,0,0,0,0,0,0,0,0,0,0
2019-02-11,FRUIT BARS,MIXED FRUIT,0,0,0,0,0,0,0,0,0,0,0,0,0,0
2019-02-11,MUFFINS,BLUE STRU,0,5,5,4,0,1,0,0,1,1,0,0,0,0
2019-02-11,MUFFINS,Choc Carm,0,5,5,4,0,1,0,0,1,1,0,0,0,0
2019-02-11,MUFFINS,M Glory,0,4,4,2,0,2,0,0,1,1,0,0,0,0
2019-02-11,MUFFINS,Red Velvet,0,5,5,4,0,1,0,0,1,1,0,0,0,0
2019-02-11,MUFFINS,Cookies,0,0,0,0,0,0,0,0,0,0,0,0,0,0
2019-02-11,MUFFINS,Bars,0,0,0,0,0,0,0,0,0,0,0,0,0,0
2019-02-11,MUFFINS,Oatmeal CC,0,24,24,13,5,0,6,0,0,0,0,0,0,0
2019-02-11,MUFFINS,Peanut Butt,0,12,12,2,0,0,10,0,0,0,0,0,0,0
2019-02-11,MUFFINS,Triple Choc,0,24,24,12,5,0,7,0,0,0,0,0,0,0
2019-02-11,MUFFINS,SNICKEDOODLE,0,24,24,11,5,0,8,0,0,0,0,0,0,0
2019-02-11,MUFFINS,PB HEART,0,18,18,7,0,0,11,0,0,0,0,0,0,0
2019-02-11,MUFFINS,Choc Bliss,0,17,17,1,4,0,12,0,0,0,0,0,0,0
2019-02-11,MUFFINS,frosted,0,12,12,8,0,0,4,0,0,0,0,0,0,0
2019-02-11,MUFFINS,Brownies,0,20,20,7,0,0,13,0,0,0,0,0,0,0
2019-02-11,MUFFINS,Choc OHHH,0,0,0,0,0,0,0,0,0,0,0,0,0,0
2019-02-11,MUFFINS,Ch Ra Ohhh,0,0,0,0,0,0,0,0,0,0,0,0,0,0
2019-02-11,MUFFINS,Ch Ch Ohhh,0,0,0,0,0,0,0,0,0,0,0,0,0,0
2019-02-11,MUFFINS,Totals,0,261,261,146,23,21,71,0,8,8,3,0,0,0
2019-02-12,BREAD,H,6,32,38,15,2,0,21,0,0,0,0,0,0,0
2019-02-12,BREAD,FR,9,23,32,11,11,0,10,0,0,0,0,0,0,0
2019-02-12,BREAD,GW,3,8,11,7,1,0,3,0,0,0,0,0,0,0
2019-02-12,BREAD,DK,9,0,9,9,0,0,0,0,0,0,0,0,0,0
2019-02-12,BREAD,H5|Cran,0,13,13,11,0,0,2,0,4,4,4,0,0,0
2019-02-12,BREAD,CSRWL,7,8,15,15,0,0,0,2,0,2,1,0,0,0
2019-02-12,BREAD,VA SWRL,2,12,14,8,0,0,6,0,2,2,0,0,0,2
2019-02-12,BREAD,BfB,0,12,12,9,0,0,3,0,4,4,0,0,0,4
2019-02-12,BREAD,CNE,1,0,1,1,0,0,0,0,0,0,0,0,0,0
2019-02-12,BREAD,CNR,1,0,1,1,0,0,0,0,0,0,0,0,0,0
2019-02-12,BREAD,CNW,0,0,0,0,0,0,0,0,0,0,0,0,0,0
2019-02-12,BREAD,CG,3,0,3,1,0,2,0,1,0,1,0,0,0,0
2019-02-12,BREAD,PESTO CG,0,0,0,0,0,0,0,0,0,0,0,0,0,0
2019-02-12,BREAD,Jal CG,1,0,1,1,0,0,0,0,0,0,0,0,0,0
2019-02-12,BREAD,Choc Babka,0,8,8,5,0,0,3,0,4,4,3,0,0,1
2019-02-12,BREAD,SOURDOUGH,8,0,8,5,0,3,0,0,0,0,0,0,0,0
2019-02-12,BREAD,SOUR CC,3,0,3,1,0,2,0,0,0,0,0,0,0,0
2019-02-12,BREAD,Sour RG,0,0,0,0,0,0,0,0,0,0,0,0,0,0
2019-02-12,BREAD,CB-Cherry,0,0,0,-3,0,0,3,0,4,4,4,0,0,0
2019-02-12,BREAD,VS,0,7,7,2,5,0,0,0,3,3,0,0,0,3
2019-02-12,BREAD,Car,0,0,0,0,0,0,0,0,0,0,0,0,0,0
2019-02-12,BREAD,IHF,0,0,0,0,0,0,0,0,0,0,0,0,0,0
2019-02-12,BREAD,wc,0,62,62,0,62,0,0,0,0,0,0,0,0,0
2019-02-12,BREAD,RV Heart,2,2,4,3,0,0,1,0,0,0,0,0,0,0
2019-02-12,BREAD,CC Heart,1,3,4,2,0,0,2,0,0,0,0,0,0,0
2019-02-12,BREAD,H-RLS,1,2,3,0,0,1,2,0,0,0,0,0,0,0
2019-02-12,BREAD,FR-RLS,0,2,2,0,0,0,2,0,0,0,0,0,0,0
2019-02-12,BREAD,VS-RLS,0,3,3,1,0,0,2,0,0,0,0,0,0,0
2019-02-12,BREAD,BLUE STRU,4,0,4,2,0,2,0,0,0,0,0,0,0,0
2019-02-12,BREAD,Choc Carm,2,2,4,1,0,1,2,0,0,0,0,0,0,0
2019-02-12,BREAD,M Glory,0,3,3,0,0,0,3,0,0,0,0,0,0,0
2019-02-12,BREAD,Red Velvet,4,0,4,3,0,1,0,0,0,0,0,0,0,0
2019-02-12,ROLLS,Cinnamon,0,24,24,24,0,0,0,0,0,0,0,0,0,0
2019-02-12,ROLLS,Mini C-Roll,0,0,0,0,0,0,0,0,0,0,0,0,0,0
2019-02-12,ROLLS,Scones,0,0,0,0,0,0,0,0,0,0,0,0,0,0
2019-02-12,ROLLS,Biscuits,0,0,0,0,0,0,0,0,0,0,0,0,0,0
2019-02-12,ROLLS,Blueberry,0,12,12,12,0,0,0,0,1,1,1,0,0,0
2019-02-12,ROLLS,Rasp Cream,0,0,0,0,0,0,0,0,0,0,0,0,0,0
2019-02-12,ROLLS,Cherry,0,0,0,0,0,0,0,0,0,0,0,0,0,0
2019-02-12,ROLLS,Butt Almond,0,0,0,0,0,0,0,0,0,0,0,0,0,0
2019-02-12,ROLLS,Turtle,0,0,0,0,0,0,0,0,0,0,0,0,0,0
2019-02-12,ROLLS,Cin Chip,0,10,10,10,0,0,0,0,1,1,0,0,0,0
2019-02-12,ROLLS,Rasp Choc,0,0,0,0,0,0,0,0,0,0,0,0,0,0
2019-02-12,ROLLS,Cher Choc,0,0,0,0,0,0,0,0,0,0,0,0,0,0
2019-02-12,ROLLS,biscuit,0,0,0,0,0,0,0,0,0,0,0,0,0,0
2019-02-12,FRUIT BARS,Mixed Berry,0,0,0,0,0,0,0,0,0,0,0,0,0,0
2019-02-12,FRUIT BARS,Cherry,0,0,0,0,0,0,0,0,0,0,0,0,0,0
2019-02-12,FRUIT BARS,Apple Cin,0,12,12,10,0,2,0,0,0,0,0,0,0,0
2019-02-12,FRUIT BARS,MIXED FRUIT,0,8,8,8,0,0,0,0,0,0,0,0,0,0
2019-02-12,MUFFINS,BLUE STRU,0,5,5,5,0,0,0,0,1,1,1,0,0,0
2019-02-12,MUFFINS,Choc Carm,0,5,5,4,0,1,0,0,1,1,0,0,0,0
2019-02-12,MUFFINS,M Glory,0,4,4,4,0,0,0,0,1,1,0,0,0,0
2019-02-12,MUFFINS,Red Velvet,0,5,5,5,0,0,0,0,1,1,1,0,0,0
2019-02-12,MUFFINS,Cookies,0,0,0,0,0,0,0,0,0,0,0,0,0,0
2019-02-12,MUFFINS,Bars,0,0,0,0,0,0,0,0,0,0,0,0,0,0
2019-02-12,MUFFINS,Oatmeal CC,6,12,18,9,0,0,9,0,22,22,0,0,0,0
2019-02-12,MUFFINS,Peanut Butt,10,0,10,2,0,8,0,0,0,0,0,0,0,0
2019-02-12,MUFFINS,Triple Choc,7,6,13,6,0,6,1,0,22,22,0,0,0,0
2019-02-12,MUFFINS,SNICKEDOODLE,8,12,20,8,0,6,6,0,22,22,0,0,0,0
2019-02-12,MUFFINS,PB HEART,11,6,17,13,0,4,0,0,0,0,0,0,0,0
2019-02-12,MUFFINS,Choc Bliss,12,6,18,14,0,4,0,0,18,18,0,0,0,0
2019-02-12,MUFFINS,frosted,4,6,10,8,2,0,0,0,0,0,0,0,0,0
2019-02-12,MUFFINS,Brownies,13,0,13,13,0,0,0,0,0,0,0,0,0,0
2019-02-12,MUFFINS,Choc OHHH,0,0,0,0,0,0,0,0,0,0,0,0,0,0
2019-02-12,MUFFINS,Ch Ra Ohhh,0,0,0,0,0,0,0,0,0,0,0,0,0,0
2019-02-12,MUFFINS,Ch Ch Ohhh,0,0,0,-2,0,0,2,0,0,0,-2,0,0,2
2019-02-12,MUFFINS,Totals,71,133,204,153,2,31,18,0,90,90,1,0,0,2
2019-02-13,BREAD,H,21,18,39,21,0,0,18,0,0,0,0,0,0,0
2019-02-13,BREAD,FR,10,19,29,10,1,0,18,0,0,0,0,0,0,0
2019-02-13,BREAD,GW,3,15,18,3,0,0,15,0,0,0,0,0,0,0
2019-02-13,BREAD,DK,0,21,21,13,0,0,8,0,0,0,0,0,0,0
2019-02-13,BREAD,H5|Cran,2,0,2,2,0,0,0,0,0,0,0,0,0,0
2019-02-13,BREAD,CSRWL,0,20,20,13,0,0,7,0,3,3,3,0,0,0
2019-02-13,BREAD,VA SWRL,6,12,18,5,0,2,11,2,0,2,2,0,0,0
2019-02-13,BREAD,BfB,3,0,3,2,0,1,0,4,0,4,0,0,0,0
2019-02-13,BREAD,CNE,0,17,17,12,0,0,5,0,2,2,1,0,0,1
2019-02-13,BREAD,CNR,0,3,3,3,0,0,0,0,0,0,0,0,0,0
2019-02-13,BREAD,CNW,0,3,3,2,0,0,1,0,0,0,0,0,0,0
2019-02-13,BREAD,CG,0,5,5,3,0,0,2,0,4,4,1,0,0,3
2019-02-13,BREAD,PESTO CG,0,2,2,2,0,0,0,0,0,0,0,0,0,0
2019-02-13,BREAD,Jal CG,0,2,2,1,0,0,1,0,0,0,0,0,0,0
2019-02-13,BREAD,Choc Babka,3,0,3,0,0,3,0,1,0,1,1,0,0,0
2019-02-13,BREAD,SOURDOUGH,0,11,11,3,0,0,8,0,0,0,0,0,0,0
2019-02-13,BREAD,SOUR CC,0,3,3,0,0,0,3,0,0,0,0,0,0,0
2019-02-13,BREAD,Sour RG,0,3,3,1,0,0,2,0,0,0,0,0,0,0
2019-02-13,BREAD,CB-Cherry,0,0,0,-3,0,3,0,0,0,0,0,0,0,0
2019-02-13,BREAD,VS,0,0,0,0,0,0,0,3,0,3,3,0,0,0
2019-02-13,BREAD,Car,0,0,0,0,0,0,0,0,0,0,0,0,0,0
2019-02-13,BREAD,IHF,0,0,0,0,0,0,0,0,0,0,0,0,0,0
2019-02-13,BREAD,RV Heart,1,10,11,9,0,0,2,0,0,0,0,0,0,0
2019-02-13,BREAD,CC Heart,2,10,12,9,0,0,3,0,0,0,0,0,0,0
2019-02-13,BREAD,H-RLS,2,1,3,2,0,0,1,0,0,0,0,0,0,0
2019-02-13,BREAD,FR-RLS,2,1,3,0,0,2,1,0,0,0,0,0,0,0
2019-02-13,BREAD,VS-RLS,2,0,2,2,0,0,0,0,0,0,0,0,0,0
2019-02-13,BREAD,BLUE STRU,0,5,5,3,0,0,2,0,0,0,0,0,0,0
2019-02-13,BREAD,Choc Carm,2,3,5,1,0,2,2,0,0,0,0,0,0,0
2019-02-13,BREAD,M Glory,3,0,3,1,0,2,0,0,0,0,0,0,0,0
2019-02-13,BREAD,Red Velvet,0,5,5,2,0,0,3,0,0,0,0,0,0,0
2019-02-13,ROLLS,Cinnamon,0,24,24,24,0,0,0,0,0,0,0,0,0,0
2019-02-13,ROLLS,Mini C-Roll,0,48,48,0,48,0,0,0,0,0,0,0,0,0
2019-02-13,ROLLS,Scones,0,0,0,0,0,0,0,0,0,0,0,0,0,0
2019-02-13,ROLLS,Biscuits,0,0,0,0,0,0,0,0,0,0,0,0,0,0
2019-02-13,ROLLS,Blueberry,0,0,0,0,0,0,0,0,0,0,0,0,0,0
2019-02-13,ROLLS,Rasp Cream,0,13,13,9,4,0,0,0,4,4,-1,0,0,0
2019-02-13,ROLLS,Cherry,0,0,0,0,0,0,0,0,0,0,0,0,0,0
2019-02-13,ROLLS,Butt Almond,0,0,0,0,0,0,0,0,0,0,0,0,0,0
2019-02-13,ROLLS,Turtle,0,15,15,15,0,0,0,0,4,4,1,0,0,0
2019-02-13,ROLLS,Rasp Choc,0,13,13,8,0,5,0,0,3,3,1,0,0,0
2019-02-13,ROLLS,Cher Choc,0,0,0,0,0,0,0,0,0,0,0,0,0,0
2019-02-13,ROLLS,biscuit,0,10,10,4,0,6,0,0,0,0,0,0,0,0
2019-02-13,FRUIT BARS,Mixed Berry,0,8,8,7,1,0,0,0,0,0,0,0,0,0
2019-02-13,FRUIT BARS,Cherry,0,12,12,10,2,0,0,0,0,0,0,0,0,0
2019-02-13,FRUIT BARS,Apple Cin,0,0,0,0,0,0,0,0,0,0,0,0,0,0
2019-02-13,FRUIT BARS,MIXED FRUIT,0,0,0,0,0,0,0,0,0,0,0,0,0,0
2019-02-13,MUFFINS,BLUE STRU,0,6,6,4,0,2,0,0,1,1,0,0,0,0
2019-02-13,MUFFINS,Choc Carm,0,6,6,6,0,0,0,0,3,3,1,0,0,0
2019-02-13,MUFFINS,M Glory,0,4,4,4,0,0,0,0,3,3,0,0,0,0
2019-02-13,MUFFINS,Red Velvet,0,6,6,5,0,1,0,0,3,3,0,0,0,0
2019-02-13,MUFFINS,Cookies,0,0,0,0,0,0,0,0,0,0,0,0,0,0
2019-02-13,MUFFINS,Bars,0,0,0,0,0,0,0,0,0,0,0,0,0,0
2019-02-13,MUFFINS,Oatmeal CC,9,6,15,2,0,9,4,0,6,6,0,0,0,0
2019-02-13,MUFFINS,Peanut Butt,0,12,12,6,0,0,6,0,0,0,0,0,0,0
2019-02-13,MUFFINS,Triple Choc,1,18,19,15,0,1,3,0,6,6,0,0,0,0
2019-02-13,MUFFINS,SNICKEDOODLE,6,12,18,16,0,0,2,0,6,6,0,0,0,0
2019-02-13,MUFFINS,PB HEART,0,18,18,1,0,0,17,0,0,0,0,0,0,0
2019-02-13,MUFFINS,Choc Bliss,0,18,18,10,0,0,8,0,6,6,0,0,0,0
2019-02-13,MUFFINS,frosted,0,48,48,41,0,0,7,0,0,0,0,0,0,0
2019-02-13,MUFFINS,Brownies,0,20,20,12,8,0,0,0,0,0,0,0,0,0
2019-02-13,MUFFINS,TCC Heart,6,6,12,12,0,0,0,0,0,0,0,0,0,0
2019-02-13,MUFFINS,Choc OHHH,0,0,0,0,0,0,0,0,0,0,0,0,0,0
2019-02-13,MUFFINS,Ch Ra Ohhh,0,0,0,0,0,0,0,0,0,0,0,0,0,0
2019-02-13,MUFFINS,Ch Ch Ohhh,2,0,2,0,0,0,2,2,0,2,0,0,0,2
2019-02-13,MUFFINS,Totals,24,323,347,211,63,24,49,2,45,47,2,0,0,2
2019-02-14,BREAD,H,18,23,41,25,0,0,16,0,0,0,0,0,0,0
2019-02-14,BREAD,FR,18,37,55,12,35,0,8,0,0,0,0,0,0,0
2019-02-14,BREAD,GW,15,4,19,3,0,12,4,0,0,0,0,0,0,0
2019-02-14,BREAD,DK,8,0,8,8,0,0,0,0,0,0,0,0,0,0
2019-02-14,BREAD,H5|Cran,0,13,13,5,1,0,7,0,6,6,5,0,0,0
2019-02-14,BREAD,CSRWL,7,12,19,18,1,0,0,0,3,3,3,0,0,0
2019-02-14,BREAD,VA SWRL,11,4,15,10,0,1,4,0,2,2,1,0,0,1
2019-02-14,BREAD,BfB,0,0,0,-2,0,0,2,0,0,0,-3,0,0,3
2019-02-14,BREAD,CNE,5,0,5,5,0,0,0,1,0,1,1,0,0,0
2019-02-14,BREAD,CNR,0,0,0,0,0,0,0,0,0,0,0,0,0,0
2019-02-14,BREAD,CNW,1,0,1,1,0,0,0,0,0,0,0,0,0,0
2019-02-14,BREAD,CG,2,0,2,2,0,0,0,3,0,3,3,0,0,0
2019-02-14,BREAD,PESTO CG,0,0,0,0,0,0,0,0,0,0,0,0,0,0
2019-02-14,BREAD,Jal CG,1,0,1,1,0,0,0,0,0,0,0,0,0,0
2019-02-14,BREAD,Choc Babka,0,20,20,9,0,0,11,0,4,4,2,0,0,2
2019-02-14,BREAD,SOURDOUGH,8,0,8,3,0,0,5,0,0,0,0,0,0,0
2019-02-14,BREAD,SOUR CC,3,0,3,1,0,0,2,0,0,0,0,0,0,0
2019-02-14,BREAD,Sour RG,2,0,2,2,0,0,0,0,0,0,0,0,0,0
2019-02-14,BREAD,CB-Cherry,0,0,0,-2,0,0,2,0,4,4,4,0,0,0
2019-02-14,BREAD,VS,0,15,15,2,3,0,10,0,3,3,3,0,0,0
2019-02-14,BREAD,Car,0,0,0,0,0,0,0,0,0,0,0,0,0,0
2019-02-14,BREAD,IHF,0,26,26,8,0,0,18,0,0,0,0,0,0,0
2019-02-14,BREAD,RV Heart,2,19,21,10,1,0,10,0,0,0,0,0,0,0
2019-02-14,BREAD,CC Heart,3,17,20,11,0,0,9,0,0,0,0,0,0,0
2019-02-14,BREAD,H-RLS,1,2,3,2,0,0,1,0,0,0,0,0,0,0
2019-02-14,BREAD,FR-RLS,1,3,4,2,0,0,2,0,0,0,0,0,0,0
2019-02-14,BREAD,VS-RLS,0,3,3,0,0,0,3,0,0,0,0,0,0,0
2019-02-14,BREAD,BLUE STRU,2,3,5,4,0,0,1,0,0,0,0,0,0,0
2019-02-14,BREAD,Choc Carm,2,3,5,5,0,0,0,0,0,0,0,0,0,0
2019-02-14,BREAD,M Glory,0,3,3,1,0,0,2,0,0,0,0,0,0,0
2019-02-14,BREAD,Red Velvet,3,2,5,5,0,0,0,0,0,0,0,0,0,0
2019-02-14,ROLLS,Cinnamon,0,36,36,36,0,0,0,0,0,0,0,0,0,0
2019-02-14,ROLLS,Mini C-Roll,0,24,24,0,24,0,0,0,0,0,0,0,0,0
2019-02-14,ROLLS,Scones,0,0,0,0,0,0,0,0,0,0,0,0,0,0
2019-02-14,ROLLS,Biscuits,0,0,0,0,0,0,0,0,0,0,0,0,0,0
2019-02-14,ROLLS,Blueberry,0,19,19,18,1,0,0,0,1,1,1,0,0,0
2019-02-14,ROLLS,Rasp Cream,0,0,0,0,0,0,0,0,0,0,0,0,0,0
2019-02-14,ROLLS,Cherry,0,0,0,0,0,0,0,0,0,0,0,0,0,0
2019-02-14,ROLLS,Butt Almond,0,0,0,0,0,0,0,0,0,0,0,0,0,0
2019-02-14,ROLLS,Turtle,0,15,15,14,1,0,0,0,1,1,1,0,0,0
2019-02-14,ROLLS,Rasp Choc,0,0,0,0,0,0,0,0,0,0,0,0,0,0
2019-02-14,ROLLS,Cher Choc,0,0,0,0,0,0,0,0,0,0,0,0,0,0
2019-02-14,ROLLS,biscuit,0,0,0,0,0,0,0,0,0,0,0,0,0,0
2019-02-14,FRUIT BARS,Mixed Berry,0,0,0,0,0,0,0,0,0,0,0,0,0,0
2019-02-14,FRUIT BARS,Cherry,0,0,0,0,0,0,0,0,0,0,0,0,0,0
2019-02-14,FRUIT BARS,Apple Cin,0,12,12,10,0,2,0,0,0,0,0,0,0,0
2019-02-14,FRUIT BARS,MIXED FRUIT,0,8,8,8,0,0,0,0,0,0,0,0,0,0
2019-02-14,MUFFINS,BLUE STRU,0,6,6,6,0,0,0,0,1,1,1,0,0,0
2019-02-14,MUFFINS,Choc Carm,0,6,6,6,0,0,0,0,1,1,0,0,0,0
2019-02-14,MUFFINS,M Glory,0,5,5,4,0,1,0,0,1,1,1,0,0,0
2019-02-14,MUFFINS,Red Velvet,0,6,6,6,0,0,0,0,1,1,1,0,0,0
2019-02-14,MUFFINS,Cookies,0,0,0,0,0,0,0,0,0,0,0,0,0,0
2019-02-14,MUFFINS,Bars,0,0,0,0,0,0,0,0,0,0,0,0,0,0
2019-02-14,MUFFINS,Oatmeal CC,4,18,22,17,5,0,0,0,16,16,0,0,0,0
2019-02-14,MUFFINS,Peanut Butt,6,6,12,12,0,0,0,0,0,0,-3,0,0,0
2019-02-14,MUFFINS,Triple Choc,3,18,21,16,5,0,0,0,16,16,0,0,0,0
2019-02-14,MUFFINS,SNICKEDOODLE,2,18,20,16,4,0,0,0,16,16,0,0,0,0
2019-02-14,MUFFINS,PB HEART,17,0,17,17,0,0,0,0,0,0,0,0,0,0
2019-02-14,MUFFINS,Choc Bliss,8,12,20,16,4,0,0,0,12,12,0,0,0,0
2019-02-14,MUFFINS,frosted,7,48,55,27,13,0,15,0,0,0,0,0,0,0
2019-02-14,MUFFINS,Brownies,0,50,50,3,40,4,3,0,0,0,0,0,0,0
2019-02-14,MUFFINS,TCC Heart,0,20,20,10,4,0,6,0,0,0,0,0,0,0
2019-02-14,MUFFINS,Choc OHHH,0,0,0,0,0,0,0,0,0,0,0,0,0,0
2019-02-14,MUFFINS,Ch Ra Ohhh,0,0,0,0,0,0,0,0,0,16,16,0,0,0
2019-02-14,MUFFINS,Ch Ch Ohhh,2,0,2,1,0,0,1,2,0,18,18,0,0,0
2019-02-14,MUFFINS,Totals,49,327,376,243,101,7,25,2,66,100,36,0,0,0
2019-02-15,BREAD,H,16,32,48,25,3,0,20,0,0,0,0,0,0,0
2019-02-15,BREAD,FR,8,28,36,16,10,0,10,0,0,0,0,0,0,0
2019-02-15,BREAD,GW,4,7,11,-1,0,2,10,0,0,0,0,0,0,0
2019-02-15,BREAD,DK,0,19,19,15,0,0,4,0,0,0,0,0,0,0
2019-02-15,BREAD,H5|Cran,7,0,7,6,0,0,1,0,0,0,0,0,0,0
2019-02-15,BREAD,CSRWL,0,20,20,18,0,0,2,0,3,3,2,0,0,1
2019-02-15,BREAD,VA SWRL,4,8,12,7,0,0,5,1,2,3,1,0,0,2
2019-02-15,BREAD,BfB,2,0,2,2,0,0,0,3,0,3,0,0,0,0
2019-02-15,BREAD,CNE,0,17,17,12,0,0,5,0,3,3,3,0,0,0
2019-02-15,BREAD,CNR,0,6,6,3,0,0,3,0,0,0,0,0,0,0
2019-02-15,BREAD,CNW,0,6,6,2,0,0,4,0,0,0,0,0,0,0
2019-02-15,BREAD,CG,0,7,7,7,0,0,0,0,3,3,3,0,0,0
2019-02-15,BREAD,PESTO CG,0,2,2,2,0,0,0,0,0,0,0,0,0,0
2019-02-15,BREAD,Jal CG,0,2,2,2,0,0,0,0,0,0,0,0,0,0
2019-02-15,BREAD,Choc Babka,11,0,11,7,0,4,0,2,0,2,1,0,0,0
2019-02-15,BREAD,SOURDOUGH,5,11,16,12,0,0,4,0,0,0,0,0,0,0
2019-02-15,BREAD,SOUR CC,2,3,5,5,0,0,0,0,0,0,0,0,0,0
2019-02-15,BREAD,Sour RG,0,3,3,3,0,0,0,0,0,0,0,0,0,0
2019-02-15,BREAD,CB-Cherry,0,0,0,-1,0,1,0,0,0,0,0,0,0,0
2019-02-15,BREAD,VS,10,0,10,8,0,2,0,0,0,0,0,0,0,0
2019-02-15,BREAD,Car,0,0,0,0,0,0,0,0,0,0,0,0,0,0
2019-02-15,BREAD,IHF,18,0,18,18,0,0,0,0,0,0,0,0,0,0
2019-02-15,BREAD,RV Heart,10,0,10,10,0,0,0,0,0,0,0,0,0,0
2019-02-15,BREAD,CC Heart,9,0,9,9,0,0,0,0,0,0,0,0,0,0
2019-02-15,BREAD,H-RLS,1,2,3,0,0,1,2,0,0,0,0,0,0,0
2019-02-15,BREAD,FR-RLS,2,2,4,2,0,0,2,0,0,0,0,0,0,0
2019-02-15,BREAD,VS-RLS,3,0,3,3,0,0,0,0,0,0,0,0,0,0
2019-02-15,BREAD,BLUE STRU,1,5,6,5,0,0,1,0,0,0,0,0,0,0
2019-02-15,BREAD,Choc Carm,0,6,6,4,0,0,2,0,0,0,0,0,0,0
2019-02-15,BREAD,M Glory,2,2,4,4,0,0,0,0,0,0,0,0,0,0
2019-02-15,BREAD,Red Velvet,0,6,6,2,0,0,4,0,0,0,0,0,0,0
2019-02-15,ROLLS,Cinnamon,0,36,36,32,4,0,0,0,0,0,0,0,0,0
2019-02-15,ROLLS,Mini C-Roll,0,0,0,0,0,0,0,0,0,0,0,0,0,0
2019-02-15,ROLLS,Scones,0,0,0,0,0,0,0,0,0,0,0,0,0,0
2019-02-15,ROLLS,Biscuits,0,0,0,0,0,0,0,0,0,0,0,0,0,0
2019-02-15,ROLLS,Blueberry,0,0,0,0,0,0,0,0,0,0,0,0,0,0
2019-02-15,ROLLS,Rasp Cream,0,0,0,0,0,0,0,0,0,0,0,0,0,0
2019-02-15,ROLLS,Cherry,0,10,10,8,2,0,0,0,1,1,0,0,0,0
2019-02-15,ROLLS,Butt Almond,0,16,16,14,2,0,0,0,1,1,1,0,0,0
2019-02-15,ROLLS,Turtle,0,0,0,0,0,0,0,0,0,0,0,0,0,0
2019-02-15,ROLLS,Rasp Choc,0,0,0,0,0,0,0,0,0,0,0,0,0,0
2019-02-15,ROLLS,Cher Choc,0,8,8,6,0,2,0,0,1,1,1,0,0,0
2019-02-15,ROLLS,biscuit,0,10,10,6,0,4,0,0,0,0,0,0,0,0
2019-02-15,FRUIT BARS,Mixed Berry,0,8,8,5,2,1,0,0,0,0,0,0,0,0
2019-02-15,FRUIT BARS,Cherry,0,12,12,11,0,1,0,0,0,0,0,0,0,0
2019-02-15,FRUIT BARS,Apple Cin,0,0,0,0,0,0,0,0,0,0,0,0,0,0
2019-02-15,FRUIT BARS,MIXED FRUIT,0,0,0,0,0,0,0,0,0,0,0,0,0,0
2019-02-15,MUFFINS,BLUE STRU,0,6,6,6,0,0,0,0,1,1,1,0,0,0
2019-02-15,MUFFINS,Choc Carm,0,6,6,5,0,1,0,0,1,1,0,0,0,0
2019-02-15,MUFFINS,M Glory,0,6,6,6,0,0,0,0,1,1,1,0,0,0
2019-02-15,MUFFINS,Red Velvet,0,6,6,5,0,1,0,0,1,1,0,0,0,0
2019-02-15,MUFFINS,Cookies,0,0,0,0,0,0,0,0,0,0,0,0,0,0
2019-02-15,MUFFINS,Bars,0,0,0,0,0,0,0,0,0,0,0,0,0,0
2019-02-15,MUFFINS,Oatmeal CC,0,30,30,17,13,0,0,0,0,0,0,0,0,0
2019-02-15,MUFFINS,Peanut Butt,0,18,18,13,2,0,3,0,0,0,0,0,0,0
2019-02-15,MUFFINS,Triple Choc,0,36,36,13,17,0,6,0,0,0,0,0,0,0
2019-02-15,MUFFINS,SNICKEDOODLE,0,30,30,11,15,0,4,0,0,0,0,0,0,0
2019-02-15,MUFFINS,PB HEART,0,18,18,12,0,0,6,0,0,0,0,0,0,0
2019-02-15,MUFFINS,Choc Bliss,0,30,30,17,13,0,0,0,0,0,0,0,0,0
2019-02-15,MUFFINS,frosted,15,0,15,15,0,0,0,0,0,0,0,0,0,0
2019-02-15,MUFFINS,Brownies,3,10,13,2,0,2,9,0,0,0,0,0,0,0
2019-02-15,MUFFINS,TCC Heart,6,0,6,6,0,0,0,0,0,0,0,0,0,0
2019-02-15,MUFFINS,Choc OHHH,0,0,0,-2,0,0,2,0,0,0,-2,0,0,2
2019-02-15,MUFFINS,Ch Ra Ohhh,0,0,0,-2,0,0,2,0,0,0,-2,0,0,2
2019-02-15,MUFFINS,Ch Ch Ohhh,1,0,1,0,0,0,1,0,0,0,-2,0,0,2
2019-02-15,MUFFINS,Totals,25,296,321,206,70,12,33,0,7,7,-2,0,0,6
2019-02-16,BREAD,H,20,0,20,20,0,0,0,0,0,0,0,0,0,0
2019-02-16,BREAD,FR,10,0,10,10,0,0,0,0,0,0,0,0,0,0
2019-02-16,BREAD,GW,10,0,10,10,0,0,0,0,0,0,0,0,0,0
2019-02-16,BREAD,DK,4,0,4,4,0,0,0,0,0,0,0,0,0,0
2019-02-16,BREAD,H5|Cran,1,0,1,1,0,0,0,0,0,0,0,0,0,0
2019-02-16,BREAD,CSRWL,2,12,14,14,0,0,0,1,2,3,3,0,0,0
2019-02-16,BREAD,VA SWRL,5,4,9,9,0,0,0,2,0,2,0,0,0,0
2019-02-16,BREAD,BfB,0,7,7,4,0,3,0,0,2,2,0,0,0,0
2019-02-16,BREAD,CNE,5,0,5,5,0,0,0,0,0,0,0,0,0,0
2019-02-16,BREAD,CNR,3,0,3,3,0,0,0,0,0,0,0,0,0,0
2019-02-16,BREAD,CNW,4,0,4,4,0,0,0,0,0,0,0,0,0,0
2019-02-16,BREAD,CG,0,0,0,0,0,0,0,0,0,0,0,0,0,0
2019-02-16,BREAD,PESTO CG,0,0,0,0,0,0,0,0,0,0,0,0,0,0
2019-02-16,BREAD,Jal CG,0,0,0,0,0,0,0,0,0,0,0,0,0,0
2019-02-16,BREAD,Choc Babka,0,9,9,9,0,0,0,0,4,4,3,0,0,0
2019-02-16,BREAD,SOURDOUGH,4,0,4,4,0,0,0,0,0,0,0,0,0,0
2019-02-16,BREAD,SOUR CC,0,0,0,0,0,0,0,0,0,0,0,0,0,0
2019-02-16,BREAD,Sour RG,0,0,0,0,0,0,0,0,0,0,0,0,0,0
2019-02-16,BREAD,CB-Cherry,0,0,0,0,0,0,0,0,7,7,5,0,0,0
2019-02-16,BREAD,VS,0,6,6,4,0,2,0,0,3,3,1,0,0,0
2019-02-16,BREAD,Car,0,0,0,0,0,0,0,0,0,0,0,0,0,0
2019-02-16,BREAD,IHF,0,0,0,0,0,0,0,0,0,0,0,0,0,0
2019-02-16,BREAD,RV Heart,0,0,0,0,0,0,0,0,0,0,0,0,0,0
2019-02-16,BREAD,CC Heart,0,0,0,0,0,0,0,0,0,0,0,0,0,0
2019-02-16,BREAD,H-RLS,2,0,2,1,0,1,0,0,0,0,0,0,0,0
2019-02-16,BREAD,FR-RLS,2,0,2,2,0,0,0,0,0,0,0,0,0,0
2019-02-16,BREAD,VS-RLS,0,3,3,2,0,1,0,0,0,0,0,0,0,0
2019-02-16,BREAD,BLUE STRU,1,2,3,1,1,1,0,0,0,0,0,0,0,0
2019-02-16,BREAD,Choc Carm,2,1,3,1,0,2,0,0,0,0,0,0,0,0
2019-02-16,BREAD,M Glory,0,2,2,0,0,2,0,0,0,0,0,0,0,0
2019-02-16,BREAD,Red Velvet,4,0,4,2,0,2,0,0,0,0,0,0,0,0
2019-02-16,ROLLS,Cinnamon,0,60,60,48,2,10,0,0,0,0,0,0,0,0
2019-02-16,ROLLS,Mini C-Roll,0,0,0,0,0,0,0,0,0,0,0,0,0,0
2019-02-16,ROLLS,Scones,0,0,0,0,0,0,0,0,0,0,0,0,0,0
2019-02-16,ROLLS,Biscuits,0,0,0,0,0,0,0,0,0,0,0,0,0,0
2019-02-16,ROLLS,Blueberry,0,16,16,16,0,0,0,0,2,2,2,0,0,0
2019-02-16,ROLLS,Rasp Cream,0,0,0,0,0,0,0,0,0,0,0,0,0,0
2019-02-16,ROLLS,Cherry,0,0,0,0,0,0,0,0,0,0,0,0,0,0
2019-02-16,ROLLS,Butt Almond,0,16,16,16,0,0,0,0,2,2,2,0,0,0
2019-02-16,ROLLS,Turtle,0,0,0,0,0,0,0,0,0,0,0,0,0,0
2019-02-16,ROLLS,Cin Chip,0,0,0,0,0,0,0,0,0,0,0,0,0,0
2019-02-16,ROLLS,Rasp Choc,0,0,0,0,0,0,0,0,0,0,0,0,0,0
2019-02-16,ROLLS,Cher Choc,0,0,0,0,0,0,0,0,0,0,0,0,0,0
2019-02-16,ROLLS,biscuit,0,10,10,10,0,0,0,0,0,0,0,0,0,0
2019-02-16,FRUIT BARS,Mixed Berry,0,0,0,0,0,0,0,0,0,0,0,0,0,0
2019-02-16,FRUIT BARS,Cherry,0,0,0,0,0,0,0,0,0,0,0,0,0,0
2019-02-16,FRUIT BARS,Apple Cin,0,12,12,12,0,0,0,0,0,0,0,0,0,0
2019-02-16,FRUIT BARS,MIXED FRUIT,0,8,8,8,0,0,0,0,0,0,0,0,0,0
2019-02-16,MUFFINS,BLUE STRU,0,6,6,6,0,0,0,0,1,1,1,0,0,0
2019-02-16,MUFFINS,Choc Carm,0,6,6,4,0,2,0,0,1,1,1,0,0,0
2019-02-16,MUFFINS,M Glory,0,6,6,4,0,2,0,0,1,1,0,0,0,0
2019-02-16,MUFFINS,Red Velvet,0,6,6,3,0,3,0,0,1,1,0,0,0,0
2019-02-16,MUFFINS,Cookies,0,0,0,0,0,0,0,0,0,0,0,0,0,0
2019-02-16,MUFFINS,Bars,0,0,0,0,0,0,0,0,0,0,0,0,0,0
2019-02-16,MUFFINS,Oatmeal CC,0,18,18,3,2,13,0,0,0,0,0,0,0,0
2019-02-16,MUFFINS,Peanut Butt,3,6,9,2,0,7,0,0,0,0,0,0,0,0
2019-02-16,MUFFINS,Triple Choc,6,12,18,1,2,15,0,0,0,0,0,0,0,0
2019-02-16,MUFFINS,SNICKEDOODLE,4,12,16,4,1,11,0,0,0,0,0,0,0,0
2019-02-16,MUFFINS,PB HEART,6,12,18,6,0,12,0,0,0,0,0,0,0,0
2019-02-16,MUFFINS,Choc Bliss,0,18,18,15,0,3,0,0,0,0,0,0,0,0
2019-02-16,MUFFINS,frosted,0,6,6,6,0,0,0,0,0,0,0,0,0,0
2019-02-16,MUFFINS,Brownies,9,10,19,15,0,4,0,0,0,0,0,0,0,0
2019-02-16,MUFFINS,Choc OHHH,2,0,2,2,0,0,0,2,0,2,2,0,0,0
2019-02-16,MUFFINS,Ch Ra Ohhh,2,0,2,2,0,0,0,2,0,2,2,0,0,0
2019-02-16,MUFFINS,Ch Ch Ohhh,1,0,1,1,0,0,0,2,0,2,2,0,0,0
2019-02-16,MUFFINS,Totals,33,240,273,184,7,82,0,6,8,14,12,0,0,0
2019-02-17,BREAD,H,0,0,0,0,0,0,0,0,0,0,0,0,0,0
2019-02-17,BREAD,FR,0,0,0,0,0,0,0,0,0,0,0,0,0,0
2019-02-17,BREAD,GW,0,0,0,0,0,0,0,0,0,0,0,0,0,0
2019-02-17,BREAD,DK,0,0,0,0,0,0,0,0,0,0,0,0,0,0
2019-02-17,BREAD,H5|Cran,0,0,0,0,0,0,0,0,0,0,0,0,0,0
2019-02-17,BREAD,CSRWL,0,0,0,0,0,0,0,0,0,0,0,0,0,0
2019-02-17,BREAD,VA SWRL,0,0,0,0,0,0,0,0,0,0,0,0,0,0
2019-02-17,BREAD,BfB,0,0,0,0,0,0,0,0,0,0,0,0,0,0
2019-02-17,BREAD,CNE,0,0,0,0,0,0,0,0,0,0,0,0,0,0
2019-02-17,BREAD,CNR,0,0,0,0,0,0,0,0,0,0,0,0,0,0
2019-02-17,BREAD,CNW,0,0,0,0,0,0,0,0,0,0,0,0,0,0
2019-02-17,BREAD,CG,0,0,0,0,0,0,0,0,0,0,0,0,0,0
2019-02-17,BREAD,PESTO CG,0,0,0,0,0,0,0,0,0,0,0,0,0,0
2019-02-17,BREAD,Jal CG,0,0,0,0,0,0,0,0,0,0,0,0,0,0
2019-02-17,BREAD,Choc Babka,0,0,0,0,0,0,0,0,0,0,0,0,0,0
2019-02-17,BREAD,SOURDOUGH,0,0,0,0,0,0,0,0,0,0,0,0,0,0
2019-02-17,BREAD,SOUR CC,0,0,0,0,0,0,0,0,0,0,0,0,0,0
2019-02-17,BREAD,Sour RG,0,0,0,0,0,0,0,0,0,0,0,0,0,0
2019-02-17,BREAD,CB-Cherry,0,0,0,0,0,0,0,0,0,0,0,0,0,0
2019-02-17,BREAD,Car,0,0,0,0,0,0,0,0,0,0,0,0,0,0
2019-02-17,BREAD,IHF,0,0,0,0,0,0,0,0,0,0,0,0,0,0
2019-02-17,BREAD,GF,0,0,0,0,0,0,0,0,0,0,0,0,0,0
2019-02-17,BREAD,RV Heart,0,0,0,0,0,0,0,0,0,0,0,0,0,0
2019-02-17,BREAD,CC Heart,0,0,0,0,0,0,0,0,0,0,0,0,0,0
2019-02-17,BREAD,H-RLS,0,0,0,0,0,0,0,0,0,0,0,0,0,0
2019-02-17,BREAD,FR-RLS,0,0,0,0,0,0,0,0,0,0,0,0,0,0
2019-02-17,BREAD,VS-RLS,0,0,0,0,0,0,0,0,0,0,0,0,0,0
2019-02-17,BREAD,BLUE STRU,0,0,0,0,0,0,0,0,0,0,0,0,0,0
2019-02-17,BREAD,Choc Carm,0,0,0,0,0,0,0,0,0,0,0,0,0,0
2019-02-17,BREAD,M Glory,0,0,0,0,0,0,0,0,0,0,0,0,0,0
2019-02-17,BREAD,Red Velvet,0,0,0,0,0,0,0,0,0,0,0,0,0,0
2019-02-17,ROLLS,Cinnamon,0,0,0,0,0,0,0,0,0,0,0,0,0,0
2019-02-17,ROLLS,Mini C-Roll,0,0,0,0,0,0,0,0,0,0,0,0,0,0
2019-02-17,ROLLS,Scones,0,0,0,0,0,0,0,0,0,0,0,0,0,0
2019-02-17,ROLLS,Biscuits,0,0,0,0,0,0,0,0,0,0,0,0,0,0
2019-02-17,ROLLS,Blueberry,0,0,0,0,0,0,0,0,0,0,0,0,0,0
2019-02-17,ROLLS,Rasp Cream,0,0,0,0,0,0,0,0,0,0,0,0,0,0
2019-02-17,ROLLS,Cherry,0,0,0,0,0,0,0,0,0,0,0,0,0,0
2019-02-17,ROLLS,Butt Almond,0,0,0,0,0,0,0,0,0,0,0,0,0,0
2019-02-17,ROLLS,Turtle,0,0,0,0,0,0,0,0,0,0,0,0,0,0
2019-02-17,ROLLS,Cin Chip,0,0,0,0,0,0,0,0,0,0,0,0,0,0
2019-02-17,ROLLS,Rasp Choc,0,0,0,0,0,0,0,0,0,0,0,0,0,0
2019-02-17,ROLLS,Cher Choc,0,0,0,0,0,0,0,0,0,0,0,0,0,0
2019-02-17,ROLLS,biscuit,0,0,0,0,0,0,0,0,0,0,0,0,0,0
2019-02-17,FRUIT BARS,Mixed Berry,0,0,0,0,0,0,0,0,0,0,0,0,0,0
2019-02-17,FRUIT BARS,Cherry,0,0,0,0,0,0,0,0,0,0,0,0,0,0
2019-02-17,FRUIT BARS,Apple Cin,0,0,0,0,0,0,0,0,0,0,0,0,0,0
2019-02-17,FRUIT BARS,MIXED FRUIT,0,0,0,0,0,0,0,0,0,0,0,0,0,0
2019-02-17,MUFFINS,BLUE STRU,0,0,0,0,0,0,0,0,0,0,0,0,0,0
2019-02-17,MUFFINS,Choc Carm,0,0,0,0,0,0,0,0,0,0,0,0,0,0
2019-02-17,MUFFINS,M Glory,0,0,0,0,0,0,0,0,0,0,0,0,0,0
2019-02-17,MUFFINS,Red Velvet,0,0,0,0,0,0,0,0,0,0,0,0,0,0
2019-02-17,MUFFINS,Cookies,0,0,0,0,0,0,0,0,0,0,0,0,0,0
2019-02-17,MUFFINS,Bars,0,0,0,0,0,0,0,0,0,0,0,0,0,0
2019-02-17,MUFFINS,Oatmeal CC,0,0,0,0,0,0,0,0,0,0,0,0,0,0
2019-02-17,MUFFINS,Peanut Butt,0,0,0,0,0,0,0,0,0,0,0,0,0,0
2019-02-17,MUFFINS,Triple Choc,0,0,0,0,0,0,0,0,0,0,0,0,0,0
2019-02-17,MUFFINS,SNICKEDOODLE,0,0,0,0,0,0,0,0,0,0,0,0,0,0
2019-02-17,MUFFINS,PB HEART,0,0,0,0,0,0,0,0,0,0,0,0,0,0
2019-02-17,MUFFINS,frosted,0,0,0,0,0,0,0,0,0,0,0,0,0,0
2019-02-17,MUFFINS,Brownies,0,0,0,0,0,0,0,0,0,0,0,0,0,0
2019-02-17,MUFFINS,Choc OHHH,0,0,0,0,0,0,0,0,0,0,0,0,0,0
2019-02-17,MUFFINS,Ch Ra Ohhh,0,0,0,0,0,0,0,0,0,0,0,0,0,0
2019-02-17,MUFFINS,Ch Ch Ohhh,0,0,0,0,0,0,0,0,0,0,0,0,0,0
2019-02-17,MUFFINS,Bread Pudding,0,0,0,0,0,0,0,0,0,0,0,0,0,0
2019-02-17,MUFFINS,Totals,0,0,0,0,0,0,0,0,0,0,0,0,0,0
2019-02-18,BREAD,H,0,32,32,29,0,0,3,0,0,0,0,0,0,0
2019-02-18,BREAD,FR,0,47,47,35,0,0,12,0,0,0,0,0,0,0
2019-02-18,BREAD,GW,0,11,11,2,0,0,9,0,0,0,0,0,0,0
2019-02-18,BREAD,DK,0,19,19,11,0,0,8,0,0,0,0,0,0,0
2019-02-18,BREAD,H5|Cran,0,0,0,0,0,0,0,0,0,0,0,0,0,0
2019-02-18,BREAD,CSRWL,0,16,16,12,0,0,4,0,3,3,1,0,0,2
2019-02-18,BREAD,VA SWRL,0,12,12,6,0,0,6,0,2,2,0,0,0,2
2019-02-18,BREAD,BfB,0,0,0,0,0,0,0,0,0,0,0,0,0,0
2019-02-18,BREAD,CNE,0,14,14,5,0,0,9,0,0,0,0,0,0,0
2019-02-18,BREAD,CNR,0,3,3,2,0,0,1,0,0,0,0,0,0,0
2019-02-18,BREAD,CNW,0,3,3,3,0,0,0,0,0,0,0,0,0,0
2019-02-18,BREAD,CG,0,7,7,4,0,0,3,0,2,2,2,0,0,0
2019-02-18,BREAD,PESTO CG,0,2,2,2,0,0,0,0,0,0,0,0,0,0
2019-02-18,BREAD,Jal CG,0,2,2,1,0,0,1,0,0,0,0,0,0,0
2019-02-18,BREAD,Choc Babka,0,0,0,0,0,0,0,0,0,0,0,0,0,0
2019-02-18,BREAD,SOURDOUGH,0,8,8,6,0,0,2,0,0,0,0,0,0,0
2019-02-18,BREAD,SOUR CC,0,3,3,0,0,0,3,0,0,0,0,0,0,0
2019-02-18,BREAD,Sour RG,0,3,3,3,0,0,0,0,0,0,0,0,0,0
2019-02-18,BREAD,CB-Cherry,0,0,0,0,0,0,0,0,0,0,0,0,0,0
2019-02-18,BREAD,VS,0,0,0,0,0,0,0,0,0,0,0,0,0,0
2019-02-18,BREAD,Car,0,0,0,0,0,0,0,0,0,0,0,0,0,0
2019-02-18,BREAD,IHF,0,0,0,0,0,0,0,0,0,0,0,0,0,0
2019-02-18,BREAD,wc,0,62,62,0,62,0,0,0,0,0,0,0,0,0
2019-02-18,BREAD,RV Heart,0,0,0,0,0,0,0,0,0,0,0,0,0,0
2019-02-18,BREAD,CC Heart,0,0,0,0,0,0,0,0,0,0,0,0,0,0
2019-02-18,BREAD,H-RLS,0,3,3,0,0,0,3,0,0,0,0,0,0,0
2019-02-18,BREAD,FR-RLS,0,3,3,3,0,0,0,0,0,0,0,0,0,0
2019-02-18,BREAD,VS-RLS,0,0,0,0,0,0,0,0,0,0,0,0,0,0
2019-02-18,BREAD,BLUE STRU,0,4,4,1,0,0,3,0,0,0,0,0,0,0
2019-02-18,BREAD,Choc Carm,0,4,4,3,0,0,1,0,0,0,0,0,0,0
2019-02-18,BREAD,M Glory,0,2,2,0,0,0,2,0,0,0,0,0,0,0
2019-02-18,BREAD,Red Velvet,0,4,4,4,0,0,0,0,0,0,0,0,0,0
2019-02-18,ROLLS,Cinnamon,0,24,24,24,0,0,0,0,0,0,0,0,0,0
2019-02-18,ROLLS,Mini C-Roll,0,0,0,0,0,0,0,0,0,0,0,0,0,0
2019-02-18,ROLLS,Scones,0,0,0,0,0,0,0,0,0,0,0,0,0,0
2019-02-18,ROLLS,Biscuits,0,0,0,0,0,0,0,0,0,0,0,0,0,0
2019-02-18,ROLLS,Blueberry,0,0,0,0,0,0,0,0,0,0,0,0,0,0
2019-02-18,ROLLS,Rasp Cream,0,7,7,7,0,0,0,0,1,1,0,0,0,0
2019-02-18,ROLLS,Cherry,0,0,0,0,0,0,0,0,0,0,0,0,0,0
2019-02-18,ROLLS,Butt Almond,0,0,0,0,0,0,0,0,0,0,0,0,0,0
2019-02-18,ROLLS,Turtle,0,0,0,0,0,0,0,0,0,0,0,0,0,0
2019-02-18,ROLLS,Cin Chip,0,13,13,13,0,0,0,0,1,1,0,0,0,0
2019-02-18,ROLLS,Rasp Choc,0,7,7,5,0,2,0,0,1,1,0,0,0,0
2019-02-18,ROLLS,Cher Choc,0,0,0,0,0,0,0,0,0,0,0,0,0,0
2019-02-18,ROLLS,biscuit,0,0,0,0,0,0,0,0,0,0,0,0,0,0
2019-02-18,FRUIT BARS,Mixed Berry,0,8,8,6,0,2,0,0,0,0,0,0,0,0
2019-02-18,FRUIT BARS,Cherry,0,12,12,7,0,5,0,0,0,0,0,0,0,0
2019-02-18,FRUIT BARS,Apple Cin,0,0,0,0,0,0,0,0,0,0,0,0,0,0
2019-02-18,FRUIT BARS,MIXED FRUIT,0,0,0,0,0,0,0,0,0,0,0,0,0,0
2019-02-18,MUFFINS,BLUE STRU,0,5,5,5,0,0,0,0,1,1,0,0,0,0
2019-02-18,MUFFINS,Choc Carm,0,5,5,3,0,2,0,0,1,1,0,0,0,0
2019-02-18,MUFFINS,M Glory,0,4,4,1,0,3,0,0,1,1,1,0,0,0
2019-02-18,MUFFINS,Red Velvet,0,5,5,2,0,3,0,0,1,1,0,0,0,0
2019-02-18,MUFFINS,Cookies,0,0,0,0,0,0,0,0,0,0,0,0,0,0
2019-02-18,MUFFINS,Bars,0,0,0,0,0,0,0,0,0,0,0,0,0,0
2019-02-18,MUFFINS,Oatmeal CC,0,24,24,6,8,0,10,0,0,0,0,0,0,0
2019-02-18,MUFFINS,Peanut Butt,0,12,12,8,0,0,4,0,0,0,0,0,0,0
2019-02-18,MUFFINS,Triple Choc,0,24,24,17,7,0,0,0,0,0,0,0,0,0
2019-02-18,MUFFINS,SNICKEDOODLE,0,24,24,13,8,0,3,0,0,0,0,0,0,0
2019-02-18,MUFFINS,PB Choc,0,18,18,6,0,0,12,0,0,0,0,0,0,0
2019-02-18,MUFFINS,Choc Bliss,0,24,24,-3,7,0,20,0,0,0,0,0,0,0
2019-02-18,MUFFINS,frosted,0,13,13,2,0,0,11,0,0,0,0,0,0,0
2019-02-18,MUFFINS,Brownies,0,10,10,5,0,0,5,0,0,0,0,0,0,0
2019-02-18,MUFFINS,Choc OHHH,0,0,0,-1,0,0,1,0,0,0,-1,0,0,1
2019-02-18,MUFFINS,Ch Ra Ohhh,0,0,0,-2,0,0,2,0,0,0,-2,0,0,2
2019-02-18,MUFFINS,Ch Ch Ohhh,0,0,0,-1,0,0,1,0,0,0,-2,0,0,2
2019-02-18,MUFFINS,Totals,0,239,239,123,30,17,69,0,7,7,-4,0,0,5
2019-02-19,BREAD,H,3,33,36,22,0,0,14,0,0,0,0,0,0,0
2019-02-19,BREAD,FR,12,19,31,13,7,0,11,0,0,0,0,0,0,0
2019-02-19,BREAD,GW,9,6,15,3,0,6,6,0,0,0,0,0,0,0
2019-02-19,BREAD,DK,8,0,8,7,0,0,1,0,0,0,0,0,0,0
2019-02-19,BREAD,H5|Cran,0,14,14,5,0,0,9,0,4,4,4,0,0,0
2019-02-19,BREAD,CSRWL,4,12,16,16,0,0,0,2,0,2,2,0,0,0
2019-02-19,BREAD,VA SWRL,6,4,10,7,0,0,3,2,0,2,0,0,0,0
2019-02-19,BREAD,BfB,0,12,12,3,0,0,9,0,4,4,0,0,0,4
2019-02-19,BREAD,CNE,9,0,9,9,0,0,0,0,0,0,0,0,0,0
2019-02-19,BREAD,CNR,1,0,1,1,0,0,0,0,0,0,0,0,0,0
2019-02-19,BREAD,CNW,0,0,0,0,0,0,0,0,0,0,0,0,0,0
2019-02-19,BREAD,CG,3,0,3,3,0,0,0,0,0,0,0,0,0,0
2019-02-19,BREAD,PESTO CG,0,0,0,0,0,0,0,0,0,0,0,0,0,0
2019-02-19,BREAD,Jal CG,1,0,1,1,0,0,0,0,0,0,0,0,0,0
2019-02-19,BREAD,Choc Babka,0,10,10,8,0,0,2,0,3,3,2,0,0,1
2019-02-19,BREAD,SOURDOUGH,2,0,2,2,0,0,0,0,0,0,0,0,0,0
2019-02-19,BREAD,SOUR CC,3,0,3,1,0,2,0,0,0,0,0,0,0,0
2019-02-19,BREAD,Sour RG,0,0,0,0,0,0,0,0,0,0,0,0,0,0
2019-02-19,BREAD,CB-Cherry,0,0,0,-1,1,0,0,0,3,3,0,0,0,3
2019-02-19,BREAD,VS,0,8,8,-1,3,0,6,0,3,3,3,0,0,0
2019-02-19,BREAD,Car,0,11,11,7,0,0,4,0,0,0,0,0,0,0
2019-02-19,BREAD,IHF,0,0,0,0,0,0,0,0,0,0,0,0,0,0
2019-02-19,BREAD,wc,0,62,62,0,62,0,0,0,0,0,0,0,0,0
2019-02-19,BREAD,RV Heart,0,0,0,0,0,0,0,0,0,0,0,0,0,0
2019-02-19,BREAD,CC Heart,0,0,0,0,0,0,0,0,0,0,0,0,0,0
2019-02-19,BREAD,H-RLS,3,0,3,0,0,3,0,0,0,0,0,0,0,0
2019-02-19,BREAD,FR-RLS,0,2,2,2,0,0,0,0,0,0,0,0,0,0
2019-02-19,BREAD,VS-RLS,0,3,3,0,0,0,3,0,0,0,0,0,0,0
2019-02-19,BREAD,BLUE STRU,3,1,4,1,0,2,1,0,0,0,0,0,0,0
2019-02-19,BREAD,Choc Carm,1,3,4,1,0,0,3,0,0,0,0,0,0,0
2019-02-19,BREAD,M Glory,2,1,3,1,0,1,1,0,0,0,0,0,0,0
2019-02-19,BREAD,Red Velvet,0,4,4,0,0,0,4,0,0,0,0,0,0,0
2019-02-19,ROLLS,Cinnamon,0,24,24,12,0,12,0,0,0,0,0,0,0,0
2019-02-19,ROLLS,Mini C-Roll,0,48,48,0,48,0,0,0,0,0,0,0,0,0
2019-02-19,ROLLS,Scones,0,0,0,0,0,0,0,0,0,0,0,0,0,0
2019-02-19,ROLLS,Biscuits,0,0,0,0,0,0,0,0,0,0,0,0,0,0
2019-02-19,ROLLS,Blueberry,0,12,12,12,0,0,0,0,1,1,1,0,0,0
2019-02-19,ROLLS,Rasp Cream,0,0,0,0,0,0,0,0,0,0,0,0,0,0
2019-02-19,ROLLS,Cherry,0,0,0,0,0,0,0,0,0,0,0,0,0,0
2019-02-19,ROLLS,Butt Almond,0,0,0,0,0,0,0,0,0,0,0,0,0,0
2019-02-19,ROLLS,Turtle,0,0,0,0,0,0,0,0,0,0,0,0,0,0
2019-02-19,ROLLS,Cin Chip,0,10,10,6,0,4,0,0,1,1,0,0,0,0
2019-02-19,ROLLS,Rasp Choc,0,0,0,0,0,0,0,0,0,0,0,0,0,0
2019-02-19,ROLLS,Cher Choc,0,0,0,0,0,0,0,0,0,0,0,0,0,0
2019-02-19,ROLLS,biscuit,0,0,0,0,0,0,0,0,0,0,0,0,0,0
2019-02-19,FRUIT BARS,Mixed Berry,0,0,0,0,0,0,0,0,0,0,0,0,0,0
2019-02-19,FRUIT BARS,Cherry,0,0,0,0,0,0,0,0,0,0,0,0,0,0
2019-02-19,FRUIT BARS,Apple Cin,0,12,12,12,0,0,0,0,0,0,0,0,0,0
2019-02-19,FRUIT BARS,MIXED FRUIT,0,8,8,8,0,0,0,0,0,0,0,0,0,0
2019-02-19,MUFFINS,BLUE STRU,0,5,5,5,0,0,0,0,1,1,1,0,0,0
2019-02-19,MUFFINS,Choc Carm,0,5,5,5,0,0,0,0,1,1,1,0,0,0
2019-02-19,MUFFINS,M Glory,0,4,4,3,0,1,0,0,1,1,0,0,0,0
2019-02-19,MUFFINS,Red Velvet,0,5,5,2,0,3,0,0,1,1,1,0,0,0
2019-02-19,MUFFINS,Cookies,0,0,0,0,0,0,0,0,0,0,0,0,0,0
2019-02-19,MUFFINS,Bars,0,0,0,0,0,0,0,0,0,0,0,0,0,0
2019-02-19,MUFFINS,Oatmeal CC,10,12,22,17,3,0,2,0,4,4,0,0,0,0
2019-02-19,MUFFINS,Peanut Butt,4,6,10,2,0,2,6,0,2,2,0,0,0,0
2019-02-19,MUFFINS,Triple Choc,0,18,18,8,3,0,7,0,0,0,0,0,0,0
2019-02-19,MUFFINS,SNICKEDOODLE,3,18,21,16,2,0,3,0,4,4,0,0,0,0
2019-02-19,MUFFINS,PB Choc,12,6,18,16,0,2,0,0,2,2,0,0,0,0
2019-02-19,MUFFINS,Choc Bliss,20,0,20,11,2,7,0,0,0,0,0,0,0,0
2019-02-19,MUFFINS,frosted,11,0,11,7,0,4,0,0,0,0,0,0,0,0
2019-02-19,MUFFINS,Brownies,5,10,15,14,0,1,0,0,0,0,0,0,0,0
2019-02-19,MUFFINS,Choc OHHH,1,0,1,-1,0,0,2,1,0,1,1,0,0,0
2019-02-19,MUFFINS,Ch Ra Ohhh,2,0,2,0,0,0,2,2,0,2,1,0,0,1
2019-02-19,MUFFINS,Ch Ch Ohhh,1,0,1,0,0,0,1,2,0,2,1,0,0,1
2019-02-19,MUFFINS,Totals,69,203,272,155,58,36,23,5,18,23,7,0,0,2
2019-02-20,BREAD,H,14,18,32,17,0,0,15,0,0,0,0,0,0,0
2019-02-20,BREAD,FR,11,13,24,20,0,0,4,0,0,0,0,0,0,0
2019-02-20,BREAD,GW,6,4,10,4,0,2,4,0,0,0,0,0,0,0
2019-02-20,BREAD,DK,1,20,21,7,0,0,14,0,0,0,0,0,0,0
2019-02-20,BREAD,H5|Cran,9,0,9,6,0,0,3,0,0,0,0,0,0,0
2019-02-20,BREAD,CSRWL,0,20,20,13,0,0,7,0,3,3,2,0,0,1
2019-02-20,BREAD,VA SWRL,3,12,15,5,0,0,10,0,2,2,2,0,0,0
2019-02-20,BREAD,BfB,9,0,9,4,0,5,0,4,0,4,0,0,0,0
2019-02-20,BREAD,CNE,0,20,20,15,2,0,3,0,3,3,0,0,0,3
2019-02-20,BREAD,CNR,0,3,3,3,0,0,0,0,0,0,0,0,0,0
2019-02-20,BREAD,CNW,0,3,3,2,0,0,1,0,0,0,0,0,0,0
2019-02-20,BREAD,CG,0,5,5,4,0,0,1,0,3,3,2,0,0,1
2019-02-20,BREAD,PESTO CG,0,2,2,0,0,0,2,0,0,0,0,0,0,0
2019-02-20,BREAD,Jal CG,0,2,2,1,0,0,1,0,0,0,0,0,0,0
2019-02-20,BREAD,Choc Babka,2,0,2,2,0,0,0,1,0,1,0,0,0,0
2019-02-20,BREAD,SOURDOUGH,0,11,11,4,4,0,3,0,0,0,0,0,0,0
2019-02-20,BREAD,SOUR CC,0,3,3,1,0,0,2,0,0,0,0,0,0,0
2019-02-20,BREAD,Sour RG,0,3,3,-1,0,0,4,0,0,0,0,0,0,0
2019-02-20,BREAD,CB-Cherry,0,0,0,0,0,0,0,3,0,3,0,0,0,0
2019-02-20,BREAD,VS,6,0,6,3,0,3,0,0,0,0,0,0,0,0
2019-02-20,BREAD,Car,4,0,4,4,0,0,0,0,0,0,0,0,0,0
2019-02-20,BREAD,IHF,0,0,0,0,0,0,0,0,0,0,0,0,0,0
2019-02-20,BREAD,wc,0,28,28,0,28,0,0,0,0,0,0,0,0,0
2019-02-20,BREAD,RV Heart,0,0,0,0,0,0,0,0,0,0,0,0,0,0
2019-02-20,BREAD,CC Heart,0,0,0,0,0,0,0,0,0,0,0,0,0,0
2019-02-20,BREAD,H-RLS,0,2,2,0,0,0,2,0,0,0,0,0,0,0
2019-02-20,BREAD,FR-RLS,0,3,3,3,0,0,0,0,0,0,0,0,0,0
2019-02-20,BREAD,VS-RLS,3,0,3,1,0,2,0,0,0,0,0,0,0,0
2019-02-20,BREAD,BLUE STRU,1,4,5,2,0,0,3,0,0,0,0,0,0,0
2019-02-20,BREAD,Choc Carm,3,2,5,1,0,1,3,0,0,0,0,0,0,0
2019-02-20,BREAD,M Glory,1,2,3,1,0,0,2,0,0,0,0,0,0,0
2019-02-20,BREAD,Red Velvet,4,1,5,2,0,2,1,0,0,0,0,0,0,0
2019-02-20,ROLLS,Cinnamon,0,24,24,24,0,0,0,0,0,0,0,0,0,0
2019-02-20,ROLLS,Mini C-Roll,0,48,48,0,48,0,0,0,0,0,0,0,0,0
2019-02-20,ROLLS,Scones,0,0,0,0,0,0,0,0,0,0,0,0,0,0
2019-02-20,ROLLS,Biscuits,0,0,0,0,0,0,0,0,0,0,0,0,0,0
2019-02-20,ROLLS,Blueberry,0,0,0,0,0,0,0,0,0,0,0,0,0,0
2019-02-20,ROLLS,Rasp Cream,0,13,13,8,4,1,0,0,1,1,1,0,0,0
2019-02-20,ROLLS,Cherry,0,0,0,0,0,0,0,0,0,0,0,0,0,0
2019-02-20,ROLLS,Butt Almond,0,0,0,0,0,0,0,0,0,0,0,0,0,0
2019-02-20,ROLLS,Turtle,0,12,12,9,0,3,0,0,1,1,0,0,0,0
2019-02-20,ROLLS,Cin Chip,0,0,0,0,0,0,0,0,0,0,0,0,0,0
2019-02-20,ROLLS,Rasp Choc,0,9,9,8,0,1,0,0,1,1,0,0,0,0
2019-02-20,ROLLS,Cher Choc,0,0,0,0,0,0,0,0,0,0,0,0,0,0
2019-02-20,ROLLS,biscuit,0,10,10,4,0,6,0,0,0,0,0,0,0,0
2019-02-20,FRUIT BARS,Mixed Berry,0,8,8,8,0,0,0,0,0,0,0,0,0,0
2019-02-20,FRUIT BARS,Cherry,0,12,12,12,0,0,0,0,0,0,0,0,0,0
2019-02-20,FRUIT BARS,Apple Cin,0,0,0,0,0,0,0,0,0,0,0,0,0,0
2019-02-20,FRUIT BARS,MIXED FRUIT,0,0,0,0,0,0,0,0,0,0,0,0,0,0
2019-02-20,MUFFINS,BLUE STRU,0,6,6,6,0,0,0,0,1,1,1,0,0,0
2019-02-20,MUFFINS,Choc Carm,0,6,6,6,0,0,0,0,1,1,1,0,0,0
2019-02-20,MUFFINS,M Glory,0,4,4,4,0,0,0,0,1,1,0,0,0,0
2019-02-20,MUFFINS,Red Velvet,0,6,6,6,0,0,0,0,1,1,0,0,0,0
2019-02-20,MUFFINS,Cookies,0,0,0,0,0,0,0,0,0,0,0,0,0,0
2019-02-20,MUFFINS,Bars,0,0,0,0,0,0,0,0,0,0,0,0,0,0
2019-02-20,MUFFINS,Oatmeal CC,2,18,20,20,0,0,0,0,0,0,0,0,0,0
2019-02-20,MUFFINS,Peanut Butt,6,6,12,12,0,0,0,0,0,0,0,0,0,0
2019-02-20,MUFFINS,Triple Choc,7,12,19,17,0,0,2,0,0,0,0,0,0,0
2019-02-20,MUFFINS,SNICKEDOODLE,3,12,15,15,0,0,0,0,0,0,0,0,0,0
2019-02-20,MUFFINS,PB Choc,0,18,18,10,0,3,5,0,0,0,0,0,0,0
2019-02-20,MUFFINS,Choc Bliss,0,18,18,4,0,0,14,0,0,0,0,0,0,0
2019-02-20,MUFFINS,frosted,0,12,12,8,0,0,4,0,0,0,0,0,0,0
2019-02-20,MUFFINS,Brownies,0,10,10,0,0,0,10,0,0,0,0,0,0,0
2019-02-20,MUFFINS,Choc OHHH,2,0,2,0,0,0,2,0,0,0,0,0,0,0
2019-02-20,MUFFINS,Ch Ra Ohhh,2,0,2,0,0,0,2,1,0,1,1,0,0,0
2019-02-20,MUFFINS,Ch Ch Ohhh,1,0,1,0,0,0,1,1,0,1,1,0,0,0
2019-02-20,MUFFINS,Totals,23,264,287,181,52,14,40,2,7,9,5,0,0,0
2019-02-21,BREAD,H,15,16,31,26,0,0,5,0,0,0,0,0,0,0
2019-02-21,BREAD,FR,4,18,22,17,0,0,5,0,0,0,0,0,0,0
2019-02-21,BREAD,GW,4,9,13,4,0,2,7,0,0,0,0,0,0,0
2019-02-21,BREAD,DK,14,0,14,11,0,0,3,0,0,0,0,0,0,0
2019-02-21,BREAD,H5|Cran,3,14,17,6,0,0,11,0,4,4,1,0,0,3
2019-02-21,BREAD,CSRWL,7,16,23,11,3,2,7,1,2,3,1,0,0,2
2019-02-21,BREAD,VA SWRL,10,4,14,3,0,6,5,0,2,2,0,0,0,2
2019-02-21,BREAD,BfB,0,13,13,7,0,0,6,0,3,3,2,0,0,1
2019-02-21,BREAD,CNE,3,0,3,3,0,0,0,3,0,3,3,0,0,0
2019-02-21,BREAD,CNR,0,0,0,0,0,0,0,0,0,0,0,0,0,0
2019-02-21,BREAD,CNW,1,0,1,1,0,0,0,0,0,0,0,0,0,0
2019-02-21,BREAD,CG,1,0,1,1,0,0,0,1,0,1,1,0,0,0
2019-02-21,BREAD,PESTO CG,2,0,2,1,0,1,0,0,0,0,0,0,0,0
2019-02-21,BREAD,Jal CG,1,0,1,1,0,0,0,0,0,0,0,0,0,0
2019-02-21,BREAD,Choc Babka,0,11,11,8,0,0,3,0,3,3,0,0,0,3
2019-02-21,BREAD,SOURDOUGH,3,0,3,2,0,1,0,0,0,0,0,0,0,0
2019-02-21,BREAD,SOUR CC,2,0,2,2,0,0,0,0,0,0,0,0,0,0
2019-02-21,BREAD,Sour RG,4,0,4,1,0,3,0,0,0,0,0,0,0,0
2019-02-21,BREAD,CB-Cherry,0,0,0,0,0,0,0,0,3,3,0,0,0,3
2019-02-21,BREAD,VS,0,12,12,6,0,0,6,0,3,3,3,0,0,0
2019-02-21,BREAD,Car,0,0,0,0,0,0,0,0,0,0,0,0,0,0
2019-02-21,BREAD,IHF,0,26,26,26,0,0,0,0,0,0,0,0,0,0
2019-02-21,BREAD,wc,0,33,33,33,0,0,0,0,0,0,0,0,0,0
2019-02-21,BREAD,RV Heart,0,0,0,0,0,0,0,0,0,0,0,0,0,0
2019-02-21,BREAD,CC Heart,0,0,0,0,0,0,0,0,0,0,0,0,0,0
2019-02-21,BREAD,H-RLS,2,0,2,1,1,0,0,0,0,0,0,0,0,0
2019-02-21,BREAD,FR-RLS,0,3,3,3,0,0,0,0,0,0,0,0,0,0
2019-02-21,BREAD,VS-RLS,0,3,3,0,1,0,2,0,0,0,0,0,0,0
2019-02-21,BREAD,BLUE STRU,3,10,13,4,8,0,1,0,0,0,0,0,0,0
2019-02-21,BREAD,Choc Carm,3,3,6,0,1,2,3,0,0,0,0,0,0,0
2019-02-21,BREAD,M Glory,2,1,3,2,0,1,0,0,0,0,0,0,0,0
2019-02-21,BREAD,Red Velvet,1,4,5,1,0,0,4,0,0,0,0,0,0,0
2019-02-21,ROLLS,Cinnamon,0,24,24,24,0,0,0,0,0,0,0,0,0,0
2019-02-21,ROLLS,Mini C-Roll,0,72,72,0,72,0,0,0,0,0,0,0,0,0
2019-02-21,ROLLS,Scones,0,0,0,0,0,0,0,0,0,0,0,0,0,0
2019-02-21,ROLLS,Biscuits,0,0,0,0,0,0,0,0,0,0,0,0,0,0
2019-02-21,ROLLS,Blueberry,0,22,22,20,0,2,0,0,18,18,0,0,0,0
2019-02-21,ROLLS,Rasp Cream,0,0,0,0,0,0,0,0,0,0,0,0,0,0
2019-02-21,ROLLS,Cherry,0,0,0,0,0,0,0,0,0,0,0,0,0,0
2019-02-21,ROLLS,Butt Almond,0,0,0,0,0,0,0,0,0,0,0,0,0,0
2019-02-21,ROLLS,Turtle,0,19,19,17,0,2,0,0,18,18,0,0,0,0
2019-02-21,ROLLS,Cin Chip,0,0,0,0,0,0,0,0,0,0,0,0,0,0
2019-02-21,ROLLS,Rasp Choc,0,0,0,0,0,0,0,0,0,0,0,0,0,0
2019-02-21,ROLLS,Cher Choc,0,0,0,0,0,0,0,0,0,0,0,0,0,0
2019-02-21,ROLLS,biscuit,0,0,0,0,0,0,0,0,0,0,0,0,0,0
2019-02-21,FRUIT BARS,Mixed Berry,0,8,8,4,4,0,0,0,0,0,0,0,0,0
2019-02-21,FRUIT BARS,Cherry,0,12,12,6,6,0,0,0,0,0,0,0,0,0
2019-02-21,FRUIT BARS,Apple Cin,0,12,12,6,6,0,0,0,0,0,0,0,0,0
2019-02-21,FRUIT BARS,MIXED FRUIT,0,8,8,4,4,0,0,0,0,0,0,0,0,0
2019-02-21,MUFFINS,BLUE STRU,0,6,6,6,0,0,0,0,1,1,0,0,0,0
2019-02-21,MUFFINS,Choc Carm,0,6,6,6,0,0,0,0,11,11,0,0,0,0
2019-02-21,MUFFINS,M Glory,0,5,5,4,0,1,0,0,18,18,-2,0,0,0
2019-02-21,MUFFINS,Red Velvet,0,6,6,5,0,1,0,0,18,18,9,0,0,0
2019-02-21,MUFFINS,Cookies,0,0,0,0,0,0,0,0,0,0,0,0,0,0
2019-02-21,MUFFINS,Bars,0,0,0,0,0,0,0,0,0,0,0,0,0,0
2019-02-21,MUFFINS,Oatmeal CC,0,24,24,14,4,0,6,0,12,12,0,0,0,0
2019-02-21,MUFFINS,Peanut Butt,0,12,12,1,0,0,11,0,0,0,0,0,0,0
2019-02-21,MUFFINS,Triple Choc,2,18,20,7,4,0,9,0,10,10,0,0,0,0
2019-02-21,MUFFINS,SNICKEDOODLE,0,24,24,14,4,0,6,0,10,10,0,0,0,0
2019-02-21,MUFFINS,PB Choc,5,12,17,10,0,0,7,0,0,0,0,0,0,0
2019-02-21,MUFFINS,Choc Bliss,3,18,21,3,4,4,10,2,6,8,2,0,0,0
2019-02-21,MUFFINS,frosted,4,6,10,2,0,3,5,0,0,0,0,0,0,0
2019-02-21,MUFFINS,Brownies,10,10,20,5,8,6,1,0,0,0,0,0,0,0
2019-02-21,MUFFINS,kahuna,2,20,22,2,20,0,0,0,0,0,0,0,0,0
2019-02-21,MUFFINS,Ch Ra Ohhh,2,0,2,1,0,0,1,0,0,0,0,0,0,0
2019-02-21,MUFFINS,Ch Ch Ohhh,1,0,1,-2,0,0,3,0,0,0,0,0,0,0
2019-02-21,MUFFINS,Totals,29,344,373,159,136,19,59,2,122,124,9,0,0,0
2019-02-22,BREAD,H,5,41,46,26,0,0,20,0,0,0,0,0,0,0
2019-02-22,BREAD,FR,5,60,65,4,36,0,25,0,0,0,0,0,0,0
2019-02-22,BREAD,GW,7,11,18,2,0,4,12,0,0,0,0,0,0,0
2019-02-22,BREAD,DK,3,19,22,15,0,0,7,0,0,0,0,0,0,0
2019-02-22,BREAD,H5|Cran,11,0,11,7,0,0,4,3,0,3,2,0,0,1
2019-02-22,BREAD,CSRWL,7,12,19,9,1,1,8,2,0,2,2,0,0,0
2019-02-22,BREAD,VA SWRL,5,8,13,3,0,3,7,2,0,2,1,0,0,0
2019-02-22,BREAD,BfB,6,0,6,6,0,0,0,1,0,1,1,0,0,0
2019-02-22,BREAD,CNE,0,22,22,18,0,0,4,0,3,3,3,0,0,0
2019-02-22,BREAD,CNR,0,6,6,6,0,0,0,0,0,0,0,0,0,0
2019-02-22,BREAD,CNW,0,6,6,5,0,0,1,0,0,0,0,0,0,0
2019-02-22,BREAD,CG,0,6,6,6,0,0,0,0,3,3,2,0,0,1
2019-02-22,BREAD,PESTO CG,0,2,2,2,0,0,0,0,0,0,0,0,0,0
2019-02-22,BREAD,Jal CG,0,2,2,2,0,0,0,0,0,0,0,0,0,0
2019-02-22,BREAD,Choc Babka,3,0,3,3,0,0,0,3,0,3,3,0,0,0
2019-02-22,BREAD,SOURDOUGH,0,8,8,3,0,0,5,0,0,0,0,0,0,0
2019-02-22,BREAD,SOUR CC,0,3,3,2,0,0,1,0,0,0,0,0,0,0
2019-02-22,BREAD,Sour RG,0,3,3,1,0,0,2,0,0,0,0,0,0,0
2019-02-22,BREAD,CB-Cherry,0,0,0,0,0,0,0,3,0,3,2,0,0,0
2019-02-22,BREAD,VS,6,0,6,3,0,3,0,0,0,0,0,0,0,0
2019-02-22,BREAD,Car,0,0,0,0,0,0,0,0,0,0,0,0,0,0
2019-02-22,BREAD,IHF,0,0,0,0,0,0,0,0,0,0,0,0,0,0
2019-02-22,BREAD,KING CAKE,0,8,8,0,3,0,5,0,0,0,0,0,0,0
2019-02-22,BREAD,RV Heart,0,0,0,0,0,0,0,0,0,0,0,0,0,0
2019-02-22,BREAD,CC Heart,0,0,0,0,0,0,0,0,0,0,0,0,0,0
2019-02-22,BREAD,H-RLS,0,3,3,2,0,0,1,0,0,0,0,0,0,0
2019-02-22,BREAD,FR-RLS,0,3,3,3,0,0,0,0,0,0,0,0,0,0
2019-02-22,BREAD,VS-RLS,2,0,2,2,0,0,0,0,0,0,0,0,0,0
2019-02-22,BREAD,BLUE STRU,1,8,9,4,3,0,2,0,0,0,0,0,0,0
2019-02-22,BREAD,Choc Carm,3,3,6,2,0,1,3,0,0,0,0,0,0,0
2019-02-22,BREAD,M Glory,0,4,4,1,0,0,3,0,0,0,0,0,0,0
2019-02-22,BREAD,Red Velvet,4,3,7,0,1,4,2,0,0,0,0,0,0,0
2019-02-22,ROLLS,Cinnamon,0,36,36,34,0,2,0,0,0,0,0,0,0,0
2019-02-22,ROLLS,Mini C-Roll,0,24,24,0,24,0,0,0,0,0,0,0,0,0
2019-02-22,ROLLS,Scones,0,0,0,0,0,0,0,0,0,0,0,0,0,0
2019-02-22,ROLLS,Biscuits,0,0,0,0,0,0,0,0,0,0,0,0,0,0
2019-02-22,ROLLS,Blueberry,0,0,0,0,0,0,0,0,0,0,0,0,0,0
2019-02-22,ROLLS,Rasp Cream,0,0,0,0,0,0,0,0,0,0,0,0,0,0
2019-02-22,ROLLS,Cherry,0,8,8,7,0,1,0,0,5,5,0,0,0,0
2019-02-22,ROLLS,Butt Almond,0,14,14,14,0,0,0,0,6,6,1,0,0,0
2019-02-22,ROLLS,Turtle,0,0,0,0,0,0,0,0,0,0,0,0,0,0
2019-02-22,ROLLS,Cin Chip,0,0,0,0,0,0,0,0,0,0,0,0,0,0
2019-02-22,ROLLS,Rasp Choc,0,0,0,0,0,0,0,0,0,0,0,0,0,0
2019-02-22,ROLLS,Cher Choc,0,8,8,6,0,2,0,0,4,4,0,0,0,0
2019-02-22,ROLLS,biscuit,0,10,10,10,0,0,0,0,0,0,0,0,0,0
2019-02-22,FRUIT BARS,Mixed Berry,0,8,8,1,3,4,0,0,0,0,0,0,0,0
2019-02-22,FRUIT BARS,Cherry,0,12,12,5,4,3,0,0,0,0,0,0,0,0
2019-02-22,FRUIT BARS,Mixed Berry,0,12,12,8,4,0,0,0,0,0,0,0,0,0
2019-02-22,FRUIT BARS,Cherry,0,8,8,5,3,0,0,0,0,0,0,0,0,0
2019-02-22,MUFFINS,BLUE STRU,0,6,6,6,0,0,0,0,1,1,1,0,0,0
2019-02-22,MUFFINS,Choc Carm,0,6,6,3,0,3,0,0,4,4,1,0,0,0
2019-02-22,MUFFINS,M Glory,0,6,6,4,0,2,0,0,4,4,0,0,0,0
2019-02-22,MUFFINS,Red Velvet,0,6,6,2,0,4,0,0,5,5,1,0,0,0
2019-02-22,MUFFINS,Cookies,0,0,0,0,0,0,0,0,0,0,0,0,0,0
2019-02-22,MUFFINS,Bars,0,0,0,0,0,0,0,0,0,0,0,0,0,0
2019-02-22,MUFFINS,Oatmeal CC,6,30,36,13,18,2,3,0,8,8,0,0,0,0
2019-02-22,MUFFINS,Peanut Butt,11,6,17,1,2,10,4,0,0,0,0,0,0,0
2019-02-22,MUFFINS,Triple Choc,9,30,39,15,21,1,2,0,8,8,0,0,0,0
2019-02-22,MUFFINS,SNICKEDOODLE,6,30,36,10,20,0,6,0,8,8,0,0,0,0
2019-02-22,MUFFINS,PB Choc,7,12,19,9,0,3,7,0,0,0,0,0,0,0
2019-02-22,MUFFINS,Choc Bliss,10,24,34,16,18,0,0,0,6,6,0,0,0,0
2019-02-22,MUFFINS,frosted,5,6,11,6,0,3,2,0,0,0,0,0,0,0
2019-02-22,MUFFINS,Brownies,1,20,21,2,10,0,9,0,0,0,0,0,0,0
2019-02-22,MUFFINS,Choc OHHH,0,0,0,-3,0,0,3,0,0,0,-2,0,0,2
2019-02-22,MUFFINS,Ch Ra Ohhh,1,0,1,-2,0,0,3,0,0,0,0,0,0,0
2019-02-22,MUFFINS,Ch Ch Ohhh,3,0,3,2,0,0,1,0,0,0,0,0,0,0
2019-02-22,MUFFINS,Totals,59,322,381,174,127,40,40,0,59,59,2,0,0,2
2019-02-23,BREAD,H,20,0,20,20,0,0,0,0,0,0,0,0,0,0
2019-02-23,BREAD,FR,25,0,25,15,0,10,0,0,0,0,0,0,0,0
2019-02-23,BREAD,GW,12,1,13,6,0,7,0,0,0,0,0,0,0,0
2019-02-23,BREAD,DK,7,0,7,7,0,0,0,0,0,0,0,0,0,0
2019-02-23,BREAD,H5|Cran,4,0,4,4,0,0,0,1,0,1,1,0,0,0
2019-02-23,BREAD,CSRWL,8,8,16,16,0,0,0,0,2,2,1,0,0,0
2019-02-23,BREAD,VA SWRL,7,4,11,8,0,3,0,0,2,2,0,0,0,0
2019-02-23,BREAD,BfB,0,0,0,0,0,0,0,0,0,0,0,0,0,0
2019-02-23,BREAD,CNE,4,12,16,15,0,1,0,0,4,4,0,0,0,0
2019-02-23,BREAD,CNR,0,0,0,0,0,0,0,0,0,0,0,0,0,0
2019-02-23,BREAD,CNW,1,0,1,1,0,0,0,0,0,0,0,0,0,0
2019-02-23,BREAD,CG,0,0,0,0,0,0,0,1,0,1,1,0,0,0
2019-02-23,BREAD,PESTO CG,0,0,0,0,0,0,0,0,0,0,0,0,0,0
2019-02-23,BREAD,Jal CG,0,0,0,0,0,0,0,0,0,0,0,0,0,0
2019-02-23,BREAD,Choc Babka,0,10,10,9,1,0,0,0,3,3,3,0,0,0
2019-02-23,BREAD,SOURDOUGH,5,0,5,5,0,0,0,0,0,0,0,0,0,0
2019-02-23,BREAD,SOUR CC,1,0,1,1,0,0,0,0,0,0,0,0,0,0
2019-02-23,BREAD,Sour RG,2,0,2,2,0,0,0,0,0,0,0,0,0,0
2019-02-23,BREAD,CB-Cherry,0,0,0,0,0,0,0,0,3,3,2,0,0,0
2019-02-23,BREAD,VS,0,7,7,5,0,2,0,0,3,3,3,0,0,0
2019-02-23,BREAD,Car,0,0,0,0,0,0,0,0,0,0,0,0,0,0
2019-02-23,BREAD,IHF,0,0,0,0,0,0,0,0,0,0,0,0,0,0
2019-02-23,BREAD,King Cake,5,0,5,0,0,5,0,0,0,0,0,0,0,0
2019-02-23,BREAD,RV Heart,0,0,0,0,0,0,0,0,0,0,0,0,0,0
2019-02-23,BREAD,CC Heart,0,0,0,0,0,0,0,0,0,0,0,0,0,0
2019-02-23,BREAD,H-RLS,1,0,1,1,0,0,0,0,0,0,0,0,0,0
2019-02-23,BREAD,FR-RLS,0,0,0,0,0,0,0,0,0,0,0,0,0,0
2019-02-23,BREAD,VS-RLS,0,0,0,0,0,0,0,0,0,0,0,0,0,0
2019-02-23,BREAD,BLUE STRU,2,1,3,1,1,1,0,0,0,0,0,0,0,0
2019-02-23,BREAD,Choc Carm,3,0,3,1,0,2,0,0,0,0,0,0,0,0
2019-02-23,BREAD,M Glory,3,0,3,1,0,2,0,0,0,0,0,0,0,0
2019-02-23,BREAD,Red Velvet,2,1,3,3,0,0,0,0,0,0,0,0,0,0
2019-02-23,ROLLS,Cinnamon,0,60,60,60,0,0,0,0,0,0,0,0,0,0
2019-02-23,ROLLS,Mini C-Roll,0,0,0,0,0,0,0,0,0,0,0,0,0,0
2019-02-23,ROLLS,Scones,0,0,0,0,0,0,0,0,0,0,0,0,0,0
2019-02-23,ROLLS,Biscuits,0,0,0,0,0,0,0,0,0,0,0,0,0,0
2019-02-23,ROLLS,Blueberry,0,16,16,16,0,0,0,0,4,4,2,0,0,0
2019-02-23,ROLLS,Rasp Cream,0,0,0,0,0,0,0,0,0,0,0,0,0,0
2019-02-23,ROLLS,Cherry,0,0,0,0,0,0,0,0,0,0,0,0,0,0
2019-02-23,ROLLS,Butt Almond,0,16,16,16,0,0,0,0,4,4,2,0,0,0
2019-02-23,ROLLS,Turtle,0,0,0,0,0,0,0,0,0,0,0,0,0,0
2019-02-23,ROLLS,Cin Chip,0,0,0,0,0,0,0,0,0,0,0,0,0,0
2019-02-23,ROLLS,Rasp Choc,0,0,0,0,0,0,0,0,0,0,0,0,0,0
2019-02-23,ROLLS,Cher Choc,0,0,0,0,0,0,0,0,0,0,0,0,0,0
2019-02-23,ROLLS,biscuit,0,10,10,9,0,1,0,0,0,0,0,0,0,0
2019-02-23,FRUIT BARS,Mixed Berry,0,0,0,0,0,0,0,0,0,0,0,0,0,0
2019-02-23,FRUIT BARS,Cherry,0,0,0,0,0,0,0,0,0,0,0,0,0,0
2019-02-23,FRUIT BARS,Apple Cin,0,12,12,3,1,8,0,0,0,0,0,0,0,0
2019-02-23,FRUIT BARS,MIXED FRUIT,0,8,8,5,1,2,0,0,0,0,0,0,0,0
2019-02-23,MUFFINS,BLUE STRU,0,6,6,4,0,2,0,0,1,1,0,0,0,0
2019-02-23,MUFFINS,Choc Carm,0,6,6,2,0,4,0,0,3,3,1,0,0,0
2019-02-23,MUFFINS,M Glory,0,6,6,2,0,4,0,0,3,3,-1,0,0,0
2019-02-23,MUFFINS,Red Velvet,0,6,6,4,0,2,0,0,1,1,0,0,0,0
2019-02-23,MUFFINS,Cookies,0,0,0,0,0,0,0,0,0,0,0,0,0,0
2019-02-23,MUFFINS,Bars,0,0,0,0,0,0,0,0,0,0,0,0,0,0
2019-02-23,MUFFINS,Oatmeal CC,3,12,15,15,0,0,0,0,0,0,0,0,0,0
2019-02-23,MUFFINS,Peanut Butt,4,0,4,4,0,0,0,0,0,0,0,0,0,0
2019-02-23,MUFFINS,Triple Choc,2,36,38,16,22,0,0,0,0,0,0,0,0,0
2019-02-23,MUFFINS,SNICKEDOODLE,6,30,36,8,22,6,0,0,0,0,0,0,0,0
2019-02-23,MUFFINS,PB Choc,7,6,13,11,0,2,0,0,0,0,0,0,0,0
2019-02-23,MUFFINS,Choc Bliss,0,12,12,10,0,2,0,0,0,0,0,0,0,0
2019-02-23,MUFFINS,frosted,2,6,8,6,0,2,0,0,0,0,0,0,0,0
2019-02-23,MUFFINS,Brownies,9,10,19,7,0,12,0,0,0,0,0,0,0,0
2019-02-23,MUFFINS,Choc OHHH,3,0,3,3,0,0,0,2,0,2,2,0,0,0
2019-02-23,MUFFINS,Ch Ra Ohhh,3,0,3,3,0,0,0,0,0,0,0,0,0,0
2019-02-23,MUFFINS,Ch Ch Ohhh,1,0,1,1,0,0,0,0,0,0,0,0,0,0
2019-02-23,MUFFINS,Totals,40,258,298,205,46,47,0,2,16,18,6,0,0,0
2019-02-24,BREAD,H,0,0,0,0,0,0,0,0,0,0,0,0,0,0
2019-02-24,BREAD,FR,0,0,0,0,0,0,0,0,0,0,0,0,0,0
2019-02-24,BREAD,GW,0,0,0,0,0,0,0,0,0,0,0,0,0,0
2019-02-24,BREAD,DK,0,0,0,0,0,0,0,0,0,0,0,0,0,0
2019-02-24,BREAD,H5|Cran,0,0,0,0,0,0,0,0,0,0,0,0,0,0
2019-02-24,BREAD,CSRWL,0,0,0,0,0,0,0,0,0,0,0,0,0,0
2019-02-24,BREAD,VA SWRL,0,0,0,0,0,0,0,0,0,0,0,0,0,0
2019-02-24,BREAD,BfB,0,0,0,0,0,0,0,0,0,0,0,0,0,0
2019-02-24,BREAD,CNE,0,0,0,0,0,0,0,0,0,0,0,0,0,0
2019-02-24,BREAD,CNR,0,0,0,0,0,0,0,0,0,0,0,0,0,0
2019-02-24,BREAD,CNW,0,0,0,0,0,0,0,0,0,0,0,0,0,0
2019-02-24,BREAD,CG,0,0,0,0,0,0,0,0,0,0,0,0,0,0
2019-02-24,BREAD,PESTO CG,0,0,0,0,0,0,0,0,0,0,0,0,0,0
2019-02-24,BREAD,Jal CG,0,0,0,0,0,0,0,0,0,0,0,0,0,0
2019-02-24,BREAD,Choc Babka,0,0,0,0,0,0,0,0,0,0,0,0,0,0
2019-02-24,BREAD,SOURDOUGH,0,0,0,0,0,0,0,0,0,0,0,0,0,0
2019-02-24,BREAD,SOUR CC,0,0,0,0,0,0,0,0,0,0,0,0,0,0
2019-02-24,BREAD,Sour RG,0,0,0,0,0,0,0,0,0,0,0,0,0,0
2019-02-24,BREAD,CB-Cherry,0,0,0,0,0,0,0,0,0,0,0,0,0,0
2019-02-24,BREAD,Car,0,0,0,0,0,0,0,0,0,0,0,0,0,0
2019-02-24,BREAD,IHF,0,0,0,0,0,0,0,0,0,0,0,0,0,0
2019-02-24,BREAD,GF,0,0,0,0,0,0,0,0,0,0,0,0,0,0
2019-02-24,BREAD,RV Heart,0,0,0,0,0,0,0,0,0,0,0,0,0,0
2019-02-24,BREAD,CC Heart,0,0,0,0,0,0,0,0,0,0,0,0,0,0
2019-02-24,BREAD,H-RLS,0,0,0,0,0,0,0,0,0,0,0,0,0,0
2019-02-24,BREAD,FR-RLS,0,0,0,0,0,0,0,0,0,0,0,0,0,0
2019-02-24,BREAD,VS-RLS,0,0,0,0,0,0,0,0,0,0,0,0,0,0
2019-02-24,BREAD,BLUE STRU,0,0,0,0,0,0,0,0,0,0,0,0,0,0
2019-02-24,BREAD,Choc Carm,0,0,0,0,0,0,0,0,0,0,0,0,0,0
2019-02-24,BREAD,M Glory,0,0,0,0,0,0,0,0,0,0,0,0,0,0
2019-02-24,BREAD,Red Velvet,0,0,0,0,0,0,0,0,0,0,0,0,0,0
2019-02-24,ROLLS,Cinnamon,0,0,0,0,0,0,0,0,0,0,0,0,0,0
2019-02-24,ROLLS,Mini C-Roll,0,0,0,0,0,0,0,0,0,0,0,0,0,0
2019-02-24,ROLLS,Scones,0,0,0,0,0,0,0,0,0,0,0,0,0,0
2019-02-24,ROLLS,Biscuits,0,0,0,0,0,0,0,0,0,0,0,0,0,0
2019-02-24,ROLLS,Blueberry,0,0,0,0,0,0,0,0,0,0,0,0,0,0
2019-02-24,ROLLS,Rasp Cream,0,0,0,0,0,0,0,0,0,0,0,0,0,0
2019-02-24,ROLLS,Cherry,0,0,0,0,0,0,0,0,0,0,0,0,0,0
2019-02-24,ROLLS,Butt Almond,0,0,0,0,0,0,0,0,0,0,0,0,0,0
2019-02-24,ROLLS,Turtle,0,0,0,0,0,0,0,0,0,0,0,0,0,0
2019-02-24,ROLLS,Cin Chip,0,0,0,0,0,0,0,0,0,0,0,0,0,0
2019-02-24,ROLLS,Rasp Choc,0,0,0,0,0,0,0,0,0,0,0,0,0,0
2019-02-24,ROLLS,Cher Choc,0,0,0,0,0,0,0,0,0,0,0,0,0,0
2019-02-24,ROLLS,biscuit,0,0,0,0,0,0,0,0,0,0,0,0,0,0
2019-02-24,FRUIT BARS,Mixed Berry,0,0,0,0,0,0,0,0,0,0,0,0,0,0
2019-02-24,FRUIT BARS,Cherry,0,0,0,0,0,0,0,0,0,0,0,0,0,0
2019-02-24,FRUIT BARS,Apple Cin,0,0,0,0,0,0,0,0,0,0,0,0,0,0
2019-02-24,FRUIT BARS,MIXED FRUIT,0,0,0,0,0,0,0,0,0,0,0,0,0,0
2019-02-24,MUFFINS,BLUE STRU,0,0,0,0,0,0,0,0,0,0,0,0,0,0
2019-02-24,MUFFINS,Choc Carm,0,0,0,0,0,0,0,0,0,0,0,0,0,0
2019-02-24,MUFFINS,M Glory,0,0,0,0,0,0,0,0,0,0,0,0,0,0
2019-02-24,MUFFINS,Red Velvet,0,0,0,0,0,0,0,0,0,0,0,0,0,0
2019-02-24,MUFFINS,Cookies,0,0,0,0,0,0,0,0,0,0,0,0,0,0
2019-02-24,MUFFINS,Bars,0,0,0,0,0,0,0,0,0,0,0,0,0,0
2019-02-24,MUFFINS,Oatmeal CC,0,0,0,0,0,0,0,0,0,0,0,0,0,0
2019-02-24,MUFFINS,Peanut Butt,0,0,0,0,0,0,0,0,0,0,0,0,0,0
2019-02-24,MUFFINS,Triple Choc,0,0,0,0,0,0,0,0,0,0,0,0,0,0
2019-02-24,MUFFINS,SNICKEDOODLE,0,0,0,0,0,0,0,0,0,0,0,0,0,0
2019-02-24,MUFFINS,PB HEART,0,0,0,0,0,0,0,0,0,0,0,0,0,0
2019-02-24,MUFFINS,frosted,0,0,0,0,0,0,0,0,0,0,0,0,0,0
2019-02-24,MUFFINS,Brownies,0,0,0,0,0,0,0,0,0,0,0,0,0,0
2019-02-24,MUFFINS,Choc OHHH,0,0,0,0,0,0,0,0,0,0,0,0,0,0
2019-02-24,MUFFINS,Ch Ra Ohhh,0,0,0,0,0,0,0,0,0,0,0,0,0,0
2019-02-24,MUFFINS,Ch Ch Ohhh,0,0,0,0,0,0,0,0,0,0,0,0,0,0
2019-02-24,MUFFINS,Bread Pudding,0,0,0,0,0,0,0,0,0,0,0,0,0,0
2019-02-24,MUFFINS,Totals,0,0,0,0,0,0,0,0,0,0,0,0,0,0
2019-02-25,BREAD,H,0,37,37,24,0,0,13,0,0,0,0,0,0,0
2019-02-25,BREAD,FR,0,48,48,14,25,0,9,0,0,0,0,0,0,0
2019-02-25,BREAD,GW,0,12,12,4,0,0,8,0,0,0,0,0,0,0
2019-02-25,BREAD,DK,0,21,21,12,0,0,9,0,0,0,0,0,0,0
2019-02-25,BREAD,H5|Cran,0,0,0,0,0,0,0,0,0,0,0,0,0,0
2019-02-25,BREAD,CSRWL,0,16,16,8,1,0,7,0,3,3,2,0,0,1
2019-02-25,BREAD,VA SWRL,0,12,12,7,0,0,5,0,2,2,1,0,0,1
2019-02-25,BREAD,BfB,0,0,0,0,0,0,0,0,0,0,0,0,0,0
2019-02-25,BREAD,CNE,0,22,22,7,0,0,15,0,3,3,3,0,0,0
2019-02-25,BREAD,CNR,0,3,3,3,0,0,0,0,0,0,0,0,0,0
2019-02-25,BREAD,CNW,0,3,3,3,0,0,0,0,0,0,0,0,0,0
2019-02-25,BREAD,CG,0,6,6,5,0,0,1,0,3,3,0,0,0,3
2019-02-25,BREAD,PESTO CG,0,2,2,1,0,0,1,0,0,0,0,0,0,0
2019-02-25,BREAD,Jal CG,0,2,2,1,1,0,0,0,0,0,0,0,0,0
2019-02-25,BREAD,Choc Babka,0,0,0,0,0,0,0,0,0,0,0,0,0,0
2019-02-25,BREAD,SOURDOUGH,0,14,14,1,0,0,13,0,0,0,0,0,0,0
2019-02-25,BREAD,SOUR CC,0,3,3,0,0,0,3,0,0,0,0,0,0,0
2019-02-25,BREAD,Sour RG,0,3,3,2,0,0,1,0,0,0,0,0,0,0
2019-02-25,BREAD,CB-Cherry,0,0,0,0,0,0,0,0,0,0,0,0,0,0
2019-02-25,BREAD,VS,0,0,0,0,0,0,0,0,0,0,0,0,0,0
2019-02-25,BREAD,Car,0,0,0,0,0,0,0,0,0,0,0,0,0,0
2019-02-25,BREAD,wc,0,67,67,0,67,0,0,0,0,0,0,0,0,0
2019-02-25,BREAD,king,0,3,3,0,0,0,3,0,0,0,0,0,0,0
2019-02-25,BREAD,But -rls,0,0,0,0,0,0,0,0,0,0,0,0,0,0
2019-02-25,BREAD,H-RLS,0,2,2,2,0,0,0,0,0,0,0,0,0,0
2019-02-25,BREAD,FR-RLS,0,2,2,1,0,0,1,0,0,0,0,0,0,0
2019-02-25,BREAD,VS-RLS,0,0,0,0,0,0,0,0,0,0,0,0,0,0
2019-02-25,BREAD,BLUE STRU,0,5,5,1,1,0,3,0,0,0,0,0,0,0
2019-02-25,BREAD,Choc Carm,0,4,4,2,0,0,2,0,0,0,0,0,0,0
2019-02-25,BREAD,M Glory,0,2,2,0,0,0,2,0,0,0,0,0,0,0
2019-02-25,BREAD,Red Velvet,0,4,4,0,0,0,4,0,0,0,0,0,0,0
2019-02-25,ROLLS,Cinnamon,0,24,24,24,0,0,0,0,0,0,0,0,0,0
2019-02-25,ROLLS,Mini C-Roll,0,0,0,0,0,0,0,0,0,0,0,0,0,0
2019-02-25,ROLLS,Scones,0,0,0,0,0,0,0,0,0,0,0,0,0,0
2019-02-25,ROLLS,Biscuits,0,0,0,0,0,0,0,0,0,0,0,0,0,0
2019-02-25,ROLLS,Blueberry,0,0,0,0,0,0,0,0,0,0,0,0,0,0
2019-02-25,ROLLS,Rasp Cream,0,6,6,6,0,0,0,0,5,5,1,0,0,0
2019-02-25,ROLLS,Cherry,0,0,0,0,0,0,0,0,0,0,0,0,0,0
2019-02-25,ROLLS,Butt Almond,0,0,0,0,0,0,0,0,0,0,0,0,0,0
2019-02-25,ROLLS,Turtle,0,0,0,0,0,0,0,0,0,0,0,0,0,0
2019-02-25,ROLLS,Cin Chip,0,10,10,10,0,0,0,0,5,5,1,0,0,0
2019-02-25,ROLLS,Rasp Choc,0,6,6,6,0,0,0,0,1,1,1,0,0,0
2019-02-25,ROLLS,Cher Choc,0,0,0,0,0,0,0,0,0,0,0,0,0,0
2019-02-25,ROLLS,biscuit,0,0,0,0,0,0,0,0,0,0,0,0,0,0
2019-02-25,FRUIT BARS,Mixed Berry,0,8,8,7,1,0,0,0,0,0,0,0,0,0
2019-02-25,FRUIT BARS,Cherry,0,12,12,10,2,0,0,0,0,0,0,0,0,0
2019-02-25,FRUIT BARS,Apple Cin,0,0,0,0,0,0,0,0,0,0,0,0,0,0
2019-02-25,FRUIT BARS,MIXED FRUIT,0,0,0,0,0,0,0,0,0,0,0,0,0,0
2019-02-25,MUFFINS,BLUE STRU,0,5,5,4,0,1,0,0,1,1,1,0,0,0
2019-02-25,MUFFINS,Choc Carm,0,5,5,4,0,1,0,0,3,3,1,0,0,0
2019-02-25,MUFFINS,M Glory,0,4,4,4,0,0,0,0,3,3,1,0,0,0
2019-02-25,MUFFINS,Red Velvet,0,5,5,3,0,2,0,0,3,3,0,0,0,0
2019-02-25,MUFFINS,Cookies,0,0,0,0,0,0,0,0,0,0,0,0,0,0
2019-02-25,MUFFINS,Bars,0,0,0,0,0,0,0,0,0,0,0,0,0,0
2019-02-25,MUFFINS,Oatmeal CC,0,30,30,11,13,0,6,0,0,0,0,0,0,0
2019-02-25,MUFFINS,Peanut Butt,0,12,12,4,0,0,8,0,0,0,0,0,0,0
2019-02-25,MUFFINS,Triple Choc,0,30,30,5,13,0,12,0,0,0,0,0,0,0
2019-02-25,MUFFINS,SNICKEDOODLE,0,24,24,12,9,0,3,0,0,0,0,0,0,0
2019-02-25,MUFFINS,PB Choc,0,12,12,7,0,0,5,0,0,0,0,0,0,0
2019-02-25,MUFFINS,Choc Bliss,0,24,24,9,9,0,6,0,0,0,0,0,0,0
2019-02-25,MUFFINS,frosted,0,12,12,5,0,0,7,0,0,0,0,0,0,0
2019-02-25,MUFFINS,Brownies,0,10,10,6,0,0,4,0,0,0,0,0,0,0
2019-02-25,MUFFINS,Choc OHHH,0,0,0,0,0,0,0,0,0,0,0,0,0,0
2019-02-25,MUFFINS,Ch Ra Ohhh,0,0,0,-3,0,0,3,0,0,0,0,0,0,0
2019-02-25,MUFFINS,Ch Ch Ohhh,0,0,0,-3,0,0,3,0,0,0,-2,0,0,2
2019-02-25,MUFFINS,Totals,0,239,239,131,47,4,57,0,21,21,4,0,0,2
2019-02-26,BREAD,H,13,22,35,15,0,0,20,0,0,0,0,0,0,0
2019-02-26,BREAD,FR,9,22,31,13,6,0,12,0,0,0,0,0,0,0
2019-02-26,BREAD,GW,8,0,8,4,0,4,0,0,0,0,0,0,0,0
2019-02-26,BREAD,DK,9,0,9,6,0,0,3,0,0,0,0,0,0,0
2019-02-26,BREAD,H5|Cran,0,13,13,6,0,0,7,0,4,4,2,0,0,2
2019-02-26,BREAD,CSRWL,7,8,15,14,0,0,1,1,2,3,3,0,0,0
2019-02-26,BREAD,VA SWRL,5,4,9,9,0,0,0,1,0,1,1,0,0,0
2019-02-26,BREAD,BfB,0,13,13,4,0,0,9,0,2,2,1,0,0,1
2019-02-26,BREAD,CNE,15,0,15,8,0,7,0,0,0,0,0,0,0,0
2019-02-26,BREAD,CNR,0,0,0,0,0,0,0,0,0,0,0,0,0,0
2019-02-26,BREAD,CNW,0,0,0,0,0,0,0,0,0,0,0,0,0,0
2019-02-26,BREAD,CG,1,0,1,1,0,0,0,3,0,3,1,0,0,0
2019-02-26,BREAD,PESTO CG,1,0,1,1,0,0,0,0,0,0,0,0,0,0
2019-02-26,BREAD,Jal CG,0,0,0,0,0,0,0,0,0,0,0,0,0,0
2019-02-26,BREAD,Choc Babka,0,10,10,8,0,0,2,0,3,3,0,0,0,3
2019-02-26,BREAD,SOURDOUGH,13,0,13,5,0,8,0,0,0,0,0,0,0,0
2019-02-26,BREAD,SOUR CC,3,0,3,1,0,2,0,0,0,0,0,0,0,0
2019-02-26,BREAD,Sour RG,1,0,1,1,0,0,0,0,0,0,0,0,0,0
2019-02-26,BREAD,CB-Cherry,0,0,0,0,0,0,0,0,3,3,2,0,0,1
2019-02-26,BREAD,VS,0,11,11,3,0,0,8,0,2,2,2,0,0,0
2019-02-26,BREAD,Car,0,16,16,3,2,0,11,0,0,0,0,0,0,0
2019-02-26,BREAD,IHF,0,0,0,0,0,0,0,0,0,0,0,0,0,0
2019-02-26,BREAD,KING,3,0,3,0,0,3,0,0,0,0,0,0,0,0
2019-02-26,BREAD,wc,0,75,75,75,0,0,0,0,0,0,0,0,0,0
2019-02-26,BREAD,H-RLS,0,2,2,2,0,0,0,0,0,0,0,0,0,0
2019-02-26,BREAD,FR-RLS,1,3,4,1,0,1,2,0,0,0,0,0,0,0
2019-02-26,BREAD,VS-RLS,0,2,2,2,0,0,0,0,0,0,0,0,0,0
2019-02-26,BREAD,BLUE STRU,3,2,5,3,1,1,0,0,0,0,0,0,0,0
2019-02-26,BREAD,Choc Carm,2,3,5,1,1,2,1,0,0,0,0,0,0,0
2019-02-26,BREAD,M Glory,2,1,3,1,0,1,1,0,0,0,0,0,0,0
2019-02-26,BREAD,Red Velvet,4,0,4,3,0,1,0,0,0,0,0,0,0,0
2019-02-26,ROLLS,Cinnamon,0,24,24,10,0,14,0,0,0,0,0,0,0,0
2019-02-26,ROLLS,Mini C-Roll,0,0,0,0,0,0,0,0,0,0,0,0,0,0
2019-02-26,ROLLS,Scones,0,0,0,0,0,0,0,0,0,0,0,0,0,0
2019-02-26,ROLLS,Biscuits,0,0,0,0,0,0,0,0,0,0,0,0,0,0
2019-02-26,ROLLS,Blueberry,0,12,12,8,0,4,0,0,1,1,0,0,0,0
2019-02-26,ROLLS,Rasp Cream,0,0,0,0,0,0,0,0,0,0,0,0,0,0
2019-02-26,ROLLS,Cherry,0,0,0,0,0,0,0,0,0,0,0,0,0,0
2019-02-26,ROLLS,Butt Almond,0,0,0,0,0,0,0,0,0,0,0,0,0,0
2019-02-26,ROLLS,Turtle,0,0,0,0,0,0,0,0,0,0,0,0,0,0
2019-02-26,ROLLS,Cin Chip,0,10,10,8,0,2,0,0,1,1,1,0,0,0
2019-02-26,ROLLS,Rasp Choc,0,0,0,0,0,0,0,0,0,0,0,0,0,0
2019-02-26,ROLLS,Cher Choc,0,0,0,0,0,0,0,0,0,0,0,0,0,0
2019-02-26,ROLLS,biscuit,0,0,0,0,0,0,0,0,0,0,0,0,0,0
2019-02-26,FRUIT BARS,Mixed Berry,0,0,0,0,0,0,0,0,0,0,0,0,0,0
2019-02-26,FRUIT BARS,Cherry,0,0,0,0,0,0,0,0,0,0,0,0,0,0
2019-02-26,FRUIT BARS,Apple Cin,0,12,12,0,4,8,0,0,0,0,0,0,0,0
2019-02-26,FRUIT BARS,MIXED FRUIT,0,8,8,2,3,3,0,0,0,0,0,0,0,0
2019-02-26,MUFFINS,BLUE STRU,0,5,5,5,0,0,0,0,1,1,1,0,0,0
2019-02-26,MUFFINS,Choc Carm,0,5,5,5,0,0,0,0,1,1,1,0,0,0
2019-02-26,MUFFINS,M Glory,0,4,4,3,0,1,0,0,1,1,0,0,0,0
2019-02-26,MUFFINS,Red Velvet,0,5,5,5,0,0,0,0,1,1,0,0,0,0
2019-02-26,MUFFINS,Cookies,0,0,0,0,0,0,0,0,0,0,0,0,0,0
2019-02-26,MUFFINS,Bars,0,0,0,0,0,0,0,0,0,0,0,0,0,0
2019-02-26,MUFFINS,Oatmeal CC,6,18,24,9,7,0,8,0,11,11,0,0,0,0
2019-02-26,MUFFINS,Peanut Butt,8,6,14,8,0,0,6,0,0,0,0,0,0,0
2019-02-26,MUFFINS,Triple Choc,12,12,24,6,7,0,11,0,11,11,0,0,0,0
2019-02-26,MUFFINS,SNICKEDOODLE,3,24,27,15,7,1,4,0,11,11,0,0,0,0
2019-02-26,MUFFINS,PB Choc,5,12,17,6,0,3,8,0,0,0,0,0,0,0
2019-02-26,MUFFINS,Choc Bliss,6,18,24,16,7,0,1,0,11,11,0,0,0,0
2019-02-26,MUFFINS,frosted,7,0,7,5,0,2,0,0,0,0,0,0,0,0
2019-02-26,MUFFINS,Brownies,4,10,14,7,7,0,0,0,0,0,0,0,0,0
2019-02-26,MUFFINS,Choc OHHH,0,0,0,0,0,0,0,0,0,0,0,0,0,0
2019-02-26,MUFFINS,Ch Ra Ohhh,3,0,3,3,0,0,0,0,0,0,0,0,0,0
2019-02-26,MUFFINS,Ch Ch Ohhh,3,0,3,3,0,0,0,2,0,2,2,0,0,0
2019-02-26,MUFFINS,Totals,57,185,242,124,42,38,38,2,50,52,5,0,0,0
2019-02-27,BREAD,H,20,17,37,36,0,0,1,0,0,0,0,0,0,0
2019-02-27,BREAD,FR,12,11,23,9,0,0,14,0,0,0,0,0,0,0
2019-02-27,BREAD,GW,0,7,7,5,0,0,2,0,0,0,0,0,0,0
2019-02-27,BREAD,DK,3,21,24,15,0,0,9,0,0,0,0,0,0,0
2019-02-27,BREAD,H5|Cran,7,0,7,7,0,0,0,2,0,2,2,0,0,0
2019-02-27,BREAD,CSRWL,1,20,21,14,0,0,7,0,3,3,3,0,0,0
2019-02-27,BREAD,VA SWRL,0,12,12,8,0,0,4,0,2,2,1,0,0,1
2019-02-27,BREAD,BfB,9,0,9,6,0,3,0,1,0,1,1,0,0,0
2019-02-27,BREAD,CNE,0,23,23,11,1,0,11,0,2,2,2,0,0,0
2019-02-27,BREAD,CNR,0,3,3,3,0,0,0,0,0,0,0,0,0,0
2019-02-27,BREAD,CNW,0,3,3,3,0,0,0,0,0,0,0,0,0,0
2019-02-27,BREAD,CG,0,6,6,5,0,0,1,0,3,3,2,0,0,1
2019-02-27,BREAD,PESTO CG,0,2,2,1,0,0,1,0,0,0,0,0,0,0
2019-02-27,BREAD,Jal CG,0,2,2,1,0,0,1,0,0,0,0,0,0,0
2019-02-27,BREAD,Choc Babka,2,0,2,2,0,0,0,3,0,3,1,0,0,0
2019-02-27,BREAD,SOURDOUGH,0,11,11,6,0,0,5,0,0,0,0,0,0,0
2019-02-27,BREAD,SOUR CC,0,3,3,0,0,0,3,0,0,0,0,0,0,0
2019-02-27,BREAD,Sour RG,0,3,3,0,0,0,3,0,0,0,0,0,0,0
2019-02-27,BREAD,CB-Cherry,0,0,0,0,0,0,0,1,0,1,1,0,0,0
2019-02-27,BREAD,VS,8,0,8,3,0,5,0,0,0,0,0,0,0,0
2019-02-27,BREAD,Car,11,0,11,11,0,0,0,0,0,0,0,0,0,0
2019-02-27,BREAD,IHF,0,0,0,0,0,0,0,0,0,0,0,0,0,0
2019-02-27,BREAD,King,0,3,3,1,0,0,2,0,0,0,0,0,0,0
2019-02-27,BREAD,H-RLS,0,2,2,2,0,0,0,0,0,0,0,0,0,0
2019-02-27,BREAD,FR-RLS,2,2,4,2,0,1,1,0,0,0,0,0,0,0
2019-02-27,BREAD,VS-RLS,0,0,0,0,0,0,0,0,0,0,0,0,0,0
2019-02-27,BREAD,BLUE STRU,0,5,5,4,0,0,1,0,0,0,0,0,0,0
2019-02-27,BREAD,Choc Carm,1,4,5,0,0,1,4,0,0,0,0,0,0,0
2019-02-27,BREAD,M Glory,1,2,3,0,0,2,1,0,0,0,0,0,0,0
2019-02-27,BREAD,Red Velvet,0,5,5,1,0,0,4,0,0,0,0,0,0,0
2019-02-27,ROLLS,Cinnamon,0,24,24,20,0,4,0,0,0,0,0,0,0,0
2019-02-27,ROLLS,Mini C-Roll,0,24,24,0,24,0,0,0,0,0,0,0,0,0
2019-02-27,ROLLS,Scones,0,0,0,0,0,0,0,0,0,0,0,0,0,0
2019-02-27,ROLLS,Biscuits,0,0,0,0,0,0,0,0,0,0,0,0,0,0
2019-02-27,ROLLS,Blueberry,0,0,0,0,0,0,0,0,0,0,0,0,0,0
2019-02-27,ROLLS,Rasp Cream,0,9,9,5,4,0,0,0,1,1,0,0,0,0
2019-02-27,ROLLS,Cherry,0,0,0,0,0,0,0,0,0,0,0,0,0,0
2019-02-27,ROLLS,Butt Almond,0,0,0,0,0,0,0,0,0,0,0,0,0,0
2019-02-27,ROLLS,Turtle,0,12,12,7,0,5,0,0,1,1,1,0,0,0
2019-02-27,ROLLS,Cin Chip,0,0,0,0,0,0,0,0,0,0,0,0,0,0
2019-02-27,ROLLS,Rasp Choc,0,9,9,3,0,6,0,0,1,1,1,0,0,0
2019-02-27,ROLLS,Cher Choc,0,0,0,0,0,0,0,0,0,0,0,0,0,0
2019-02-27,ROLLS,biscuit,0,10,10,7,0,3,0,0,0,0,0,0,0,0
2019-02-27,FRUIT BARS,Mixed Berry,0,8,8,5,0,3,0,0,0,0,0,0,0,0
2019-02-27,FRUIT BARS,Cherry,0,12,12,10,0,2,0,0,0,0,0,0,0,0
2019-02-27,FRUIT BARS,Apple Cin,0,0,0,0,0,0,0,0,0,0,0,0,0,0
2019-02-27,FRUIT BARS,MIXED FRUIT,0,0,0,0,0,0,0,0,0,0,0,0,0,0
2019-02-27,MUFFINS,BLUE STRU,0,6,6,6,0,0,0,0,1,1,1,0,0,0
2019-02-27,MUFFINS,Choc Carm,0,6,6,6,0,0,0,0,1,1,0,0,0,0
2019-02-27,MUFFINS,M Glory,0,4,4,4,0,0,0,0,1,1,1,0,0,0
2019-02-27,MUFFINS,Red Velvet,0,6,6,2,0,4,0,0,1,1,1,0,0,0
2019-02-27,MUFFINS,Cookies,0,0,0,0,0,0,0,0,0,0,0,0,0,0
2019-02-27,MUFFINS,Bars,0,0,0,0,0,0,0,0,0,0,0,0,0,0
2019-02-27,MUFFINS,Oatmeal CC,8,30,38,11,22,3,2,0,0,0,0,0,0,0
2019-02-27,MUFFINS,Peanut Butt,6,18,24,7,12,0,5,0,0,0,0,0,0,0
2019-02-27,MUFFINS,Triple Choc,11,24,35,9,20,3,3,0,0,0,0,0,0,0
2019-02-27,MUFFINS,SNICKEDOODLE,4,30,34,9,19,0,6,0,0,0,0,0,0,0
2019-02-27,MUFFINS,PB Choc,8,6,14,7,0,5,2,0,0,0,0,0,0,0
2019-02-27,MUFFINS,Choc Bliss,1,36,37,10,18,0,9,0,0,0,0,0,0,0
2019-02-27,MUFFINS,frosted,0,12,12,12,0,0,0,0,0,0,0,0,0,0
2019-02-27,MUFFINS,Brownies,0,10,10,8,0,0,2,0,0,0,0,0,0,0
2019-02-27,MUFFINS,Choc OHHH,0,0,0,0,0,0,0,0,0,0,0,0,0,0
2019-02-27,MUFFINS,Ch Ra Ohhh,0,0,0,-2,0,0,2,0,0,0,0,0,0,0
2019-02-27,MUFFINS,Ch Ch Ohhh,0,0,0,-1,0,0,1,0,0,0,-2,0,0,2
2019-02-27,MUFFINS,Totals,38,296,334,145,119,38,32,0,7,7,3,0,0,2
2019-02-28,BREAD,H,1,46,47,21,0,0,26,0,0,0,0,0,0,0
2019-02-28,BREAD,FR,14,49,63,15,35,0,13,0,0,0,0,0,0,0
2019-02-28,BREAD,GW,2,17,19,3,0,1,15,0,0,0,0,0,0,0
2019-02-28,BREAD,DK,9,0,9,9,0,0,0,0,0,0,0,0,0,0
2019-02-28,BREAD,H5|Cran,0,15,15,5,0,0,10,0,4,4,4,0,0,0
2019-02-28,BREAD,CSRWL,7,10,17,13,0,0,4,0,3,3,1,0,0,2
2019-02-28,BREAD,VA SWRL,4,9,13,3,0,2,8,1,0,1,0,0,0,0
2019-02-28,BREAD,BfB,0,14,14,3,0,0,11,0,4,4,0,0,0,4
2019-02-28,BREAD,CNE,11,0,11,11,0,0,0,0,0,0,0,0,0,0
2019-02-28,BREAD,CNR,0,0,0,0,0,0,0,0,0,0,0,0,0,0
2019-02-28,BREAD,CNW,0,0,0,0,0,0,0,0,0,0,0,0,0,0
2019-02-28,BREAD,CG,1,0,1,1,0,0,0,1,0,1,1,0,0,0
2019-02-28,BREAD,PESTO CG,1,0,1,0,0,1,0,0,0,0,0,0,0,0
2019-02-28,BREAD,Jal CG,1,0,1,1,0,0,0,0,0,0,0,0,0,0
2019-02-28,BREAD,Choc Babka,0,17,17,9,0,0,8,0,3,3,1,0,0,2
2019-02-28,BREAD,SOURDOUGH,5,0,5,3,0,2,0,0,0,0,0,0,0,0
2019-02-28,BREAD,SOUR CC,3,0,3,1,0,2,0,0,0,0,0,0,0,0
2019-02-28,BREAD,Sour RG,3,0,3,2,0,1,0,0,0,0,0,0,0,0
2019-02-28,BREAD,CB-Cherry,0,0,0,0,0,0,0,0,3,3,0,0,0,3
2019-02-28,BREAD,VS,0,11,11,4,0,0,7,0,2,2,0,0,0,2
2019-02-28,BREAD,Car,0,0,0,0,0,0,0,0,0,0,0,0,0,0
2019-02-28,BREAD,IHF,0,0,0,0,0,0,0,0,0,0,0,0,0,0
2019-02-28,BREAD,king,2,0,2,1,0,1,0,0,0,0,0,0,0,0
2019-02-28,BREAD,H-RLS,0,4,4,1,0,0,3,0,0,0,0,0,0,0
2019-02-28,BREAD,FR-RLS,1,4,5,3,0,0,2,0,0,0,0,0,0,0
2019-02-28,BREAD,VS-RLS,0,6,6,2,2,0,2,0,0,0,0,0,0,0
2019-02-28,BREAD,BLUE STRU,1,6,7,5,2,0,0,0,0,0,0,0,0,0
2019-02-28,BREAD,Choc Carm,4,1,5,0,0,4,1,0,0,0,0,0,0,0
2019-02-28,BREAD,M Glory,1,2,3,1,0,1,1,0,0,0,0,0,0,0
2019-02-28,BREAD,Red Velvet,4,1,5,0,0,4,1,0,0,0,0,0,0,0
2019-02-28,ROLLS,Cinnamon,0,24,24,24,0,0,0,0,0,0,0,0,0,0
2019-02-28,ROLLS,Mini C-Roll,0,0,0,0,0,0,0,0,0,0,0,0,0,0
2019-02-28,ROLLS,Scones,0,0,0,0,0,0,0,0,0,0,0,0,0,0
2019-02-28,ROLLS,Biscuits,0,0,0,0,0,0,0,0,0,0,0,0,0,0
2019-02-28,ROLLS,Blueberry,0,16,16,16,0,0,0,0,3,3,0,0,0,0
2019-02-28,ROLLS,Rasp Cream,0,0,0,0,0,0,0,0,0,0,0,0,0,0
2019-02-28,ROLLS,Cherry,0,0,0,0,0,0,0,0,0,0,0,0,0,0
2019-02-28,ROLLS,Butt Almond,0,0,0,0,0,0,0,0,0,0,0,0,0,0
2019-02-28,ROLLS,Turtle,0,16,16,15,0,1,0,0,3,3,1,0,0,0
2019-02-28,ROLLS,Cin Chip,0,0,0,0,0,0,0,0,0,0,0,0,0,0
2019-02-28,ROLLS,Rasp Choc,0,0,0,0,0,0,0,0,0,0,0,0,0,0
2019-02-28,ROLLS,Cher Choc,0,0,0,0,0,0,0,0,0,0,0,0,0,0
2019-02-28,ROLLS,biscuit,0,0,0,0,0,0,0,0,0,0,0,0,0,0
2019-02-28,FRUIT BARS,Mixed Berry,0,0,0,0,0,0,0,0,0,0,0,0,0,0
2019-02-28,FRUIT BARS,Cherry,0,0,0,0,0,0,0,0,0,0,0,0,0,0
2019-02-28,FRUIT BARS,Apple Cin,0,12,12,5,2,5,0,0,0,0,0,0,0,0
2019-02-28,FRUIT BARS,MIXED FRUIT,0,8,8,6,2,0,0,0,0,0,0,0,0,0
2019-02-28,MUFFINS,BLUE STRU,0,6,6,6,0,0,0,0,1,1,1,0,0,0
2019-02-28,MUFFINS,Choc Carm,0,6,6,4,0,2,0,0,2,2,1,0,0,0
2019-02-28,MUFFINS,M Glory,0,5,5,2,0,3,0,0,3,3,1,0,0,0
2019-02-28,MUFFINS,Red Velvet,0,6,6,1,0,5,0,0,2,2,1,0,0,0
2019-02-28,MUFFINS,Cookies,0,0,0,0,0,0,0,0,0,0,0,0,0,0
2019-02-28,MUFFINS,Bars,0,0,0,0,0,0,0,0,0,0,0,0,0,0
2019-02-28,MUFFINS,Oatmeal CC,2,30,32,20,12,0,0,0,8,8,0,0,0,0
2019-02-28,MUFFINS,Peanut Butt,5,6,11,11,0,0,0,0,0,0,0,0,0,0
2019-02-28,MUFFINS,Triple Choc,3,24,27,8,12,1,6,0,32,32,0,0,0,0
2019-02-28,MUFFINS,SNICKEDOODLE,6,24,30,14,12,0,4,0,6,6,0,0,0,0
2019-02-28,MUFFINS,PB Choc,2,18,20,8,0,0,12,0,0,0,0,0,0,0
2019-02-28,MUFFINS,Choc Bliss,9,18,27,13,11,3,0,0,6,6,0,0,0,0
2019-02-28,MUFFINS,frosted,0,12,12,10,0,0,2,0,0,0,0,0,0,0
2019-02-28,MUFFINS,Brownies,2,10,12,6,3,1,2,0,0,0,0,0,0,0
2019-02-28,MUFFINS,Choc OHHH,0,0,0,0,0,0,0,0,0,0,0,0,0,0
2019-02-28,MUFFINS,Ch Ra Ohhh,2,0,2,0,0,0,2,0,0,0,0,0,0,0
2019-02-28,MUFFINS,Ch Ch Ohhh,1,0,1,0,0,0,1,2,0,2,0,0,0,2
2019-02-28,MUFFINS,Totals,0,241,273,169,54,21,29,0,66,68,5,0,0,2
2019-02-29,BREAD,H,26,0,26,26,0,0,0,0,0,0,0,0,0,0
2019-02-29,BREAD,FR,13,0,13,13,0,0,0,0,0,0,0,0,0,0
2019-02-29,BREAD,GW,15,0,15,15,0,0,0,0,0,0,0,0,0,0
2019-02-29,BREAD,DK,0,0,0,0,0,0,0,0,0,0,0,0,0,0
2019-02-29,BREAD,H5|Cran,10,0,10,10,0,0,0,0,0,0,0,0,0,0
2019-02-29,BREAD,CSRWL,4,0,4,4,0,0,0,2,0,2,2,0,0,0
2019-02-29,BREAD,VA SWRL,8,0,8,8,0,0,0,0,0,0,0,0,0,0
2019-02-29,BREAD,BfB,11,0,11,11,0,0,0,4,0,4,4,0,0,0
2019-02-29,BREAD,CNE,0,0,0,0,0,0,0,0,0,0,0,0,0,0
2019-02-29,BREAD,CNR,0,0,0,0,0,0,0,0,0,0,0,0,0,0
2019-02-29,BREAD,CNW,0,0,0,0,0,0,0,0,0,0,0,0,0,0
2019-02-29,BREAD,CG,0,0,0,0,0,0,0,0,0,0,0,0,0,0
2019-02-29,BREAD,PESTO CG,0,0,0,0,0,0,0,0,0,0,0,0,0,0
2019-02-29,BREAD,Jal CG,0,0,0,0,0,0,0,0,0,0,0,0,0,0
2019-02-29,BREAD,Choc Babka,8,0,8,8,0,0,0,2,0,2,2,0,0,0
2019-02-29,BREAD,SOURDOUGH,0,0,0,0,0,0,0,0,0,0,0,0,0,0
2019-02-29,BREAD,SOUR CC,0,0,0,0,0,0,0,0,0,0,0,0,0,0
2019-02-29,BREAD,Sour RG,0,0,0,0,0,0,0,0,0,0,0,0,0,0
2019-02-29,BREAD,CB-Cherry,0,0,0,0,0,0,0,0,0,0,0,0,0,0
2019-02-29,BREAD,Car,0,0,0,0,0,0,0,0,0,0,0,0,0,0
2019-02-29,BREAD,IHF,0,0,0,0,0,0,0,0,0,0,0,0,0,0
2019-02-29,BREAD,GF,0,0,0,0,0,0,0,0,0,0,0,0,0,0
2019-02-29,BREAD,RV Heart,0,0,0,0,0,0,0,0,0,0,0,0,0,0
2019-02-29,BREAD,CC Heart,0,0,0,0,0,0,0,0,0,0,0,0,0,0
2019-02-29,BREAD,H-RLS,3,0,3,3,0,0,0,0,0,0,0,0,0,0
2019-02-29,BREAD,FR-RLS,2,0,2,2,0,0,0,0,0,0,0,0,0,0
2019-02-29,BREAD,VS-RLS,2,0,2,2,0,0,0,0,0,0,0,0,0,0
2019-02-29,BREAD,BLUE STRU,0,0,0,0,0,0,0,0,0,0,0,0,0,0
2019-02-29,BREAD,Choc Carm,1,0,1,1,0,0,0,0,0,0,0,0,0,0
2019-02-29,BREAD,M Glory,1,0,1,1,0,0,0,0,0,0,0,0,0,0
2019-02-29,BREAD,Red Velvet,1,0,1,1,0,0,0,0,0,0,0,0,0,0
2019-02-29,ROLLS,Cinnamon,0,0,0,0,0,0,0,0,0,0,0,0,0,0
2019-02-29,ROLLS,Mini C-Roll,0,0,0,0,0,0,0,0,0,0,0,0,0,0
2019-02-29,ROLLS,Scones,0,0,0,0,0,0,0,0,0,0,0,0,0,0
2019-02-29,ROLLS,Biscuits,0,0,0,0,0,0,0,0,0,0,0,0,0,0
2019-02-29,ROLLS,Blueberry,0,0,0,0,0,0,0,0,0,0,0,0,0,0
2019-02-29,ROLLS,Rasp Cream,0,0,0,0,0,0,0,0,0,0,0,0,0,0
2019-02-29,ROLLS,Cherry,0,0,0,0,0,0,0,0,0,0,0,0,0,0
2019-02-29,ROLLS,Butt Almond,0,0,0,0,0,0,0,0,0,0,0,0,0,0
2019-02-29,ROLLS,Turtle,0,0,0,0,0,0,0,0,0,0,0,0,0,0
2019-02-29,ROLLS,Cin Chip,0,0,0,0,0,0,0,0,0,0,0,0,0,0
2019-02-29,ROLLS,Rasp Choc,0,0,0,0,0,0,0,0,0,0,0,0,0,0
2019-02-29,ROLLS,Cher Choc,0,0,0,0,0,0,0,0,0,0,0,0,0,0
2019-02-29,ROLLS,biscuit,0,0,0,0,0,0,0,0,0,0,0,0,0,0
2019-02-29,FRUIT BARS,Mixed Berry,0,0,0,0,0,0,0,0,0,0,0,0,0,0
2019-02-29,FRUIT BARS,Cherry,0,0,0,0,0,0,0,0,0,0,0,0,0,0
2019-02-29,FRUIT BARS,Apple Cin,0,0,0,0,0,0,0,0,0,0,0,0,0,0
2019-02-29,FRUIT BARS,MIXED FRUIT,0,0,0,0,0,0,0,0,0,0,0,0,0,0
2019-02-29,MUFFINS,BLUE STRU,0,0,0,0,0,0,0,0,0,0,0,0,0,0
2019-02-29,MUFFINS,Choc Carm,0,0,0,0,0,0,0,0,0,0,0,0,0,0
2019-02-29,MUFFINS,M Glory,0,0,0,0,0,0,0,0,0,0,0,0,0,0
2019-02-29,MUFFINS,Red Velvet,0,0,0,0,0,0,0,0,0,0,0,0,0,0
2019-02-29,MUFFINS,Cookies,0,0,0,0,0,0,0,0,0,0,0,0,0,0
2019-02-29,MUFFINS,Bars,0,0,0,0,0,0,0,0,0,0,0,0,0,0
2019-02-29,MUFFINS,Oatmeal CC,0,0,0,0,0,0,0,0,0,0,0,0,0,0
2019-02-29,MUFFINS,Peanut Butt,0,0,0,0,0,0,0,0,0,0,0,0,0,0
2019-02-29,MUFFINS,Triple Choc,6,0,6,6,0,0,0,0,0,0,0,0,0,0
2019-02-29,MUFFINS,SNICKEDOODLE,4,0,4,4,0,0,0,0,0,0,0,0,0,0
2019-02-29,MUFFINS,PB HEART,12,0,12,12,0,0,0,0,0,0,0,0,0,0
2019-02-29,MUFFINS,frosted,2,0,2,2,0,0,0,0,0,0,0,0,0,0
2019-02-29,MUFFINS,Brownies,2,0,2,2,0,0,0,0,0,0,0,0,0,0
2019-02-29,MUFFINS,Choc OHHH,0,0,0,0,0,0,0,0,0,0,0,0,0,0
2019-02-29,MUFFINS,Ch Ra Ohhh,2,0,2,2,0,0,0,0,0,0,0,0,0,0
2019-02-29,MUFFINS,Ch Ch Ohhh,1,0,1,1,0,0,0,2,0,2,2,0,0,0
2019-02-29,MUFFINS,Bread Pudding,0,0,0,0,0,0,0,0,0,0,0,0,0,0
2019-02-29,MUFFINS,Totals,29,0,29,29,0,0,0,2,0,2,2,0,0,0
2019-02-30,BREAD,H,0,0,0,0,0,0,0,0,0,0,0,0,0,0
2019-02-30,BREAD,FR,0,0,0,0,0,0,0,0,0,0,0,0,0,0
2019-02-30,BREAD,GW,0,0,0,0,0,0,0,0,0,0,0,0,0,0
2019-02-30,BREAD,DK,0,0,0,0,0,0,0,0,0,0,0,0,0,0
2019-02-30,BREAD,H5|Cran,0,0,0,0,0,0,0,0,0,0,0,0,0,0
2019-02-30,BREAD,CSRWL,0,0,0,0,0,0,0,0,0,0,0,0,0,0
2019-02-30,BREAD,VA SWRL,0,0,0,0,0,0,0,0,0,0,0,0,0,0
2019-02-30,BREAD,BfB,0,0,0,0,0,0,0,0,0,0,0,0,0,0
2019-02-30,BREAD,CNE,0,0,0,0,0,0,0,0,0,0,0,0,0,0
2019-02-30,BREAD,CNR,0,0,0,0,0,0,0,0,0,0,0,0,0,0
2019-02-30,BREAD,CNW,0,0,0,0,0,0,0,0,0,0,0,0,0,0
2019-02-30,BREAD,CG,0,0,0,0,0,0,0,0,0,0,0,0,0,0
2019-02-30,BREAD,PESTO CG,0,0,0,0,0,0,0,0,0,0,0,0,0,0
2019-02-30,BREAD,Jal CG,0,0,0,0,0,0,0,0,0,0,0,0,0,0
2019-02-30,BREAD,Choc Babka,0,0,0,0,0,0,0,0,0,0,0,0,0,0
2019-02-30,BREAD,SOURDOUGH,0,0,0,0,0,0,0,0,0,0,0,0,0,0
2019-02-30,BREAD,SOUR CC,0,0,0,0,0,0,0,0,0,0,0,0,0,0
2019-02-30,BREAD,Sour RG,0,0,0,0,0,0,0,0,0,0,0,0,0,0
2019-02-30,BREAD,CB-Cherry,0,0,0,0,0,0,0,0,0,0,0,0,0,0
2019-02-30,BREAD,Car,0,0,0,0,0,0,0,0,0,0,0,0,0,0
2019-02-30,BREAD,IHF,0,0,0,0,0,0,0,0,0,0,0,0,0,0
2019-02-30,BREAD,GF,0,0,0,0,0,0,0,0,0,0,0,0,0,0
2019-02-30,BREAD,RV Heart,0,0,0,0,0,0,0,0,0,0,0,0,0,0
2019-02-30,BREAD,CC Heart,0,0,0,0,0,0,0,0,0,0,0,0,0,0
2019-02-30,BREAD,But-rls,0,0,0,0,0,0,0,0,0,0,0,0,0,0
2019-02-30,BREAD,H-RLS,0,0,0,0,0,0,0,0,0,0,0,0,0,0
2019-02-30,BREAD,FR-RLS,0,0,0,0,0,0,0,0,0,0,0,0,0,0
2019-02-30,BREAD,VS-RLS,0,0,0,0,0,0,0,0,0,0,0,0,0,0
2019-02-30,BREAD,BLUE STRU,0,0,0,0,0,0,0,0,0,0,0,0,0,0
2019-02-30,BREAD,Choc Carm,0,0,0,0,0,0,0,0,0,0,0,0,0,0
2019-02-30,BREAD,M Glory,0,0,0,0,0,0,0,0,0,0,0,0,0,0
2019-02-30,BREAD,Red Velvet,0,0,0,0,0,0,0,0,0,0,0,0,0,0
2019-02-30,ROLLS,Cinnamon,0,0,0,0,0,0,0,0,0,0,0,0,0,0
2019-02-30,ROLLS,Mini C-Roll,0,0,0,0,0,0,0,0,0,0,0,0,0,0
2019-02-30,ROLLS,Scones,0,0,0,0,0,0,0,0,0,0,0,0,0,0
2019-02-30,ROLLS,Biscuits,0,0,0,0,0,0,0,0,0,0,0,0,0,0
2019-02-30,ROLLS,Blueberry,0,0,0,0,0,0,0,0,0,0,0,0,0,0
2019-02-30,ROLLS,Rasp Cream,0,0,0,0,0,0,0,0,0,0,0,0,0,0
2019-02-30,ROLLS,Cherry,0,0,0,0,0,0,0,0,0,0,0,0,0,0
2019-02-30,ROLLS,Butt Almond,0,0,0,0,0,0,0,0,0,0,0,0,0,0
2019-02-30,ROLLS,Turtle,0,0,0,0,0,0,0,0,0,0,0,0,0,0
2019-02-30,ROLLS,Cin Chip,0,0,0,0,0,0,0,0,0,0,0,0,0,0
2019-02-30,ROLLS,Rasp Choc,0,0,0,0,0,0,0,0,0,0,0,0,0,0
2019-02-30,ROLLS,Cher Choc,0,0,0,0,0,0,0,0,0,0,0,0,0,0
2019-02-30,ROLLS,biscuit,0,0,0,0,0,0,0,0,0,0,0,0,0,0
2019-02-30,FRUIT BARS,Mixed Berry,0,0,0,0,0,0,0,0,0,0,0,0,0,0
2019-02-30,FRUIT BARS,Cherry,0,0,0,0,0,0,0,0,0,0,0,0,0,0
2019-02-30,FRUIT BARS,Apple Cin,0,0,0,0,0,0,0,0,0,0,0,0,0,0
2019-02-30,FRUIT BARS,MIXED FRUIT,0,0,0,0,0,0,0,0,0,0,0,0,0,0
2019-02-30,MUFFINS,BLUE STRU,0,0,0,0,0,0,0,0,0,0,0,0,0,0
2019-02-30,MUFFINS,Choc Carm,0,0,0,0,0,0,0,0,0,0,0,0,0,0
2019-02-30,MUFFINS,M Glory,0,0,0,0,0,0,0,0,0,0,0,0,0,0
2019-02-30,MUFFINS,Red Velvet,0,0,0,0,0,0,0,0,0,0,0,0,0,0
2019-02-30,MUFFINS,Cookies,0,0,0,0,0,0,0,0,0,0,0,0,0,0
2019-02-30,MUFFINS,Bars,0,0,0,0,0,0,0,0,0,0,0,0,0,0
2019-02-30,MUFFINS,Oatmeal CC,0,0,0,0,0,0,0,0,0,0,0,0,0,0
2019-02-30,MUFFINS,Peanut Butt,0,0,0,0,0,0,0,0,0,0,0,0,0,0
2019-02-30,MUFFINS,Triple Choc,0,0,0,0,0,0,0,0,0,0,0,0,0,0
2019-02-30,MUFFINS,SNICKEDOODLE,0,0,0,0,0,0,0,0,0,0,0,0,0,0
2019-02-30,MUFFINS,PB HEART,0,0,0,0,0,0,0,0,0,0,0,0,0,0
2019-02-30,MUFFINS,frosted,0,0,0,0,0,0,0,0,0,0,0,0,0,0
2019-02-30,MUFFINS,Brownies,0,0,0,0,0,0,0,0,0,0,0,0,0,0
2019-02-30,MUFFINS,Choc OHHH,0,0,0,0,0,0,0,0,0,0,0,0,0,0
2019-02-30,MUFFINS,Ch Ra Ohhh,0,0,0,0,0,0,0,0,0,0,0,0,0,0
2019-02-30,MUFFINS,Ch Ch Ohhh,0,0,0,0,0,0,0,0,0,0,0,0,0,0
2019-02-30,MUFFINS,Bread Pudding,0,0,0,0,0,0,0,0,0,0,0,0,0,0
2019-02-30,MUFFINS,Totals,0,0,0,0,0,0,0,0,0,0,0,0,0,0
2019-02-31,BREAD,H,0,0,0,0,0,0,0,0,0,0,0,0,0,0
2019-02-31,BREAD,FR,0,0,0,0,0,0,0,0,0,0,0,0,0,0
2019-02-31,BREAD,GW,0,0,0,0,0,0,0,0,0,0,0,0,0,0
2019-02-31,BREAD,DK,0,0,0,0,0,0,0,0,0,0,0,0,0,0
2019-02-31,BREAD,H5|Cran,0,0,0,0,0,0,0,0,0,0,0,0,0,0
2019-02-31,BREAD,CSRWL,0,0,0,0,0,0,0,0,0,0,0,0,0,0
2019-02-31,BREAD,VA SWRL,0,0,0,0,0,0,0,0,0,0,0,0,0,0
2019-02-31,BREAD,BfB,0,0,0,0,0,0,0,0,0,0,0,0,0,0
2019-02-31,BREAD,CNE,0,0,0,0,0,0,0,0,0,0,0,0,0,0
2019-02-31,BREAD,CNR,0,0,0,0,0,0,0,0,0,0,0,0,0,0
2019-02-31,BREAD,CNW,0,0,0,0,0,0,0,0,0,0,0,0,0,0
2019-02-31,BREAD,CG,0,0,0,0,0,0,0,0,0,0,0,0,0,0
2019-02-31,BREAD,PESTO CG,0,0,0,0,0,0,0,0,0,0,0,0,0,0
2019-02-31,BREAD,Jal CG,0,0,0,0,0,0,0,0,0,0,0,0,0,0
2019-02-31,BREAD,Choc Babka,0,0,0,0,0,0,0,0,0,0,0,0,0,0
2019-02-31,BREAD,SOURDOUGH,0,0,0,0,0,0,0,0,0,0,0,0,0,0
2019-02-31,BREAD,SOUR CC,0,0,0,0,0,0,0,0,0,0,0,0,0,0
2019-02-31,BREAD,Sour RG,0,0,0,0,0,0,0,0,0,0,0,0,0,0
2019-02-31,BREAD,CB-Cherry,0,0,0,0,0,0,0,0,0,0,0,0,0,0
2019-02-31,BREAD,Car,0,0,0,0,0,0,0,0,0,0,0,0,0,0
2019-02-31,BREAD,IHF,0,0,0,0,0,0,0,0,0,0,0,0,0,0
2019-02-31,BREAD,GF,0,0,0,0,0,0,0,0,0,0,0,0,0,0
2019-02-31,BREAD,RV Heart,0,0,0,0,0,0,0,0,0,0,0,0,0,0
2019-02-31,BREAD,CC Heart,0,0,0,0,0,0,0,0,0,0,0,0,0,0
2019-02-31,BREAD,H-RLS,0,0,0,0,0,0,0,0,0,0,0,0,0,0
2019-02-31,BREAD,FR-RLS,0,0,0,0,0,0,0,0,0,0,0,0,0,0
2019-02-31,BREAD,VS-RLS,0,0,0,0,0,0,0,0,0,0,0,0,0,0
2019-02-31,BREAD,BLUE STRU,0,0,0,0,0,0,0,0,0,0,0,0,0,0
2019-02-31,BREAD,Choc Carm,0,0,0,0,0,0,0,0,0,0,0,0,0,0
2019-02-31,BREAD,M Glory,0,0,0,0,0,0,0,0,0,0,0,0,0,0
2019-02-31,BREAD,Red Velvet,0,0,0,0,0,0,0,0,0,0,0,0,0,0
2019-02-31,ROLLS,Cinnamon,0,0,0,0,0,0,0,0,0,0,0,0,0,0
2019-02-31,ROLLS,Mini C-Roll,0,0,0,0,0,0,0,0,0,0,0,0,0,0
2019-02-31,ROLLS,Scones,0,0,0,0,0,0,0,0,0,0,0,0,0,0
2019-02-31,ROLLS,Biscuits,0,0,0,0,0,0,0,0,0,0,0,0,0,0
2019-02-31,ROLLS,Blueberry,0,0,0,0,0,0,0,0,0,0,0,0,0,0
2019-02-31,ROLLS,Rasp Cream,0,0,0,0,0,0,0,0,0,0,0,0,0,0
2019-02-31,ROLLS,Cherry,0,0,0,0,0,0,0,0,0,0,0,0,0,0
2019-02-31,ROLLS,Butt Almond,0,0,0,0,0,0,0,0,0,0,0,0,0,0
2019-02-31,ROLLS,Turtle,0,0,0,0,0,0,0,0,0,0,0,0,0,0
2019-02-31,ROLLS,Cin Chip,0,0,0,0,0,0,0,0,0,0,0,0,0,0
2019-02-31,ROLLS,Rasp Choc,0,0,0,0,0,0,0,0,0,0,0,0,0,0
2019-02-31,ROLLS,Cher Choc,0,0,0,0,0,0,0,0,0,0,0,0,0,0
2019-02-31,ROLLS,biscuit,0,0,0,0,0,0,0,0,0,0,0,0,0,0
2019-02-31,FRUIT BARS,Mixed Berry,0,0,0,0,0,0,0,0,0,0,0,0,0,0
2019-02-31,FRUIT BARS,Cherry,0,0,0,0,0,0,0,0,0,0,0,0,0,0
2019-02-31,FRUIT BARS,Apple Cin,0,0,0,0,0,0,0,0,0,0,0,0,0,0
2019-02-31,FRUIT BARS,MIXED FRUIT,0,0,0,0,0,0,0,0,0,0,0,0,0,0
2019-02-31,MUFFINS,BLUE STRU,0,0,0,0,0,0,0,0,0,0,0,0,0,0
2019-02-31,MUFFINS,Choc Carm,0,0,0,0,0,0,0,0,0,0,0,0,0,0
2019-02-31,MUFFINS,M Glory,0,0,0,0,0,0,0,0,0,0,0,0,0,0
2019-02-31,MUFFINS,Red Velvet,0,0,0,0,0,0,0,0,0,0,0,0,0,0
2019-02-31,MUFFINS,Cookies,0,0,0,0,0,0,0,0,0,0,0,0,0,0
2019-02-31,MUFFINS,Bars,0,0,0,0,0,0,0,0,0,0,0,0,0,0
2019-02-31,MUFFINS,Oatmeal CC,0,0,0,0,0,0,0,0,0,0,0,0,0,0
2019-02-31,MUFFINS,Peanut Butt,0,0,0,0,0,0,0,0,0,0,0,0,0,0
2019-02-31,MUFFINS,Triple Choc,0,0,0,0,0,0,0,0,0,0,0,0,0,0
2019-02-31,MUFFINS,SNICKEDOODLE,0,0,0,0,0,0,0,0,0,0,0,0,0,0
2019-02-31,MUFFINS,PB HEART,0,0,0,0,0,0,0,0,0,0,0,0,0,0
2019-02-31,MUFFINS,frosted,0,0,0,0,0,0,0,0,0,0,0,0,0,0
2019-02-31,MUFFINS,Brownies,0,0,0,0,0,0,0,0,0,0,0,0,0,0
2019-02-31,MUFFINS,Choc OHHH,0,0,0,0,0,0,0,0,0,0,0,0,0,0
2019-02-31,MUFFINS,Ch Ra Ohhh,0,0,0,0,0,0,0,0,0,0,0,0,0,0
2019-02-31,MUFFINS,Ch Ch Ohhh,0,0,0,0,0,0,0,0,0,0,0,0,0,0
2019-02-31,MUFFINS,Bread Pudding,0,0,0,0,0,0,0,0,0,0,0,0,0,0
2019-02-31,MUFFINS,Totals,0,0,0,0,0,0,0,0,0,0,0,0,0,0
