Date,Category,Product,START_OF_DAY_WHOLE,MADE_TODAY_WHOLE,AVAILABLE_TO_SELL_WHOLE,OUT_THE_DOOR_WHOLE,ORDERS_TODAY_WHOLE,REMOVED_AS_DAY_OLD_WHOLE,LEFT_WHOLE,START_OF_DAY_HALF,MADE_TODAY_HALF,AVAILABLE_TO_SELL_HALF,OUT_THE_DOOR_HALF,ORDERS_TODAY_HALF,REMOVED_AS_DAY_OLD_HALF,LEFT_HALF
2019-10-01,BREAD,H,18,31,49,26,0,0,23,0,0,0,0,0,0,0
2019-10-01,BREAD,FR,5,26,31,10,0,0,21,0,0,0,0,0,0,0
2019-10-01,BREAD,GW,0,11,11,4,0,0,7,0,0,0,0,0,0,0
2019-10-01,BREAD,DK,2,0,2,2,0,0,0,0,0,0,0,0,0,0
2019-10-01,BREAD,H5|Cran,0,17,17,12,0,0,5,0,10,10,6,0,0,4
2019-10-01,BREAD,CSRWL,5,4,9,7,0,0,2,2,0,2,2,0,0,0
2019-10-01,BREAD,PUMP PIE SW,7,4,11,7,0,0,4,1,2,3,1,0,0,2
2019-10-01,BREAD,CB,0,16,16,12,0,0,4,0,5,5,5,0,0,0
2019-10-01,BREAD,CNE,8,0,8,5,0,3,0,0,0,0,0,0,0,0
2019-10-01,BREAD,CNR,1,0,1,-1,0,2,0,0,0,0,0,0,0,0
2019-10-01,BREAD,CNW,2,0,2,2,0,0,0,0,0,0,0,0,0,0
2019-10-01,BREAD,CG,1,0,1,1,0,0,0,0,0,0,0,0,0,0
2019-10-01,BREAD,Pesto CG,1,0,1,0,0,1,0,0,0,0,0,0,0,0
2019-10-01,BREAD,CH,0,4,4,1,0,0,3,0,2,2,0,0,0,2
2019-10-01,BREAD,VS,0,14,14,2,0,0,12,0,3,3,0,0,0,3
2019-10-01,BREAD,SOURDOUGH,7,0,7,4,0,3,0,0,0,0,0,0,0,0
2019-10-01,BREAD,SOUR JC,3,0,3,0,0,3,0,0,0,0,0,0,0,0
2019-10-01,BREAD,Sour RG,4,0,4,0,0,4,0,0,0,0,0,0,0,0
2019-10-01,BREAD,WC,0,0,0,0,0,0,0,0,0,0,0,0,0,0
2019-10-01,BREAD,Car,0,0,0,0,0,0,0,0,0,0,0,0,0,0
2019-10-01,BREAD,IHF,0,0,0,0,0,0,0,0,0,0,0,0,0,0
2019-10-01,BREAD,Witch F,0,0,0,0,0,0,0,0,0,0,0,0,0,0
2019-10-01,BREAD,Spiders,1,2,3,1,0,0,2,0,0,0,0,0,0,0
2019-10-01,BREAD,BUT Rls,0,0,0,0,0,0,0,0,0,0,0,0,0,0
2019-10-01,BREAD,H-RLS,1,2,3,1,0,0,2,0,0,0,0,0,0,0
2019-10-01,BREAD,FR-RLS,0,0,0,-2,0,0,2,0,0,0,0,0,0,0
2019-10-01,BREAD,VS-RLS,0,4,4,2,0,0,2,0,0,0,0,0,0,0
2019-10-01,BREAD,Blue Stru,3,0,3,2,0,1,0,0,0,0,0,0,0,0
2019-10-01,BREAD,Choc Carm,2,0,2,1,0,1,0,0,0,0,0,0,0,0
2019-10-01,BREAD,Pump CC,1,4,5,3,0,0,2,0,0,0,0,0,0,0
2019-10-01,ROLLS,Cinnamon,0,24,24,24,0,0,0,0,0,0,0,0,0,0
2019-10-01,ROLLS,Pump C-R,0,12,12,10,0,2,0,0,0,0,0,0,0,0
2019-10-01,ROLLS,Mini C-Roll,0,0,0,0,0,0,0,0,0,0,0,0,0,0
2019-10-01,SCONES,Blueberry,0,11,11,10,0,1,0,0,0,0,0,0,0,0
2019-10-01,SCONES,Rasp Cream,0,0,0,0,0,0,0,0,0,0,0,0,0,0
2019-10-01,SCONES,Cherry,0,0,0,0,0,0,0,0,0,0,0,0,0,0
2019-10-01,SCONES,Butt Almond,0,0,0,0,0,0,0,0,0,0,0,0,0,0
2019-10-01,SCONES,Turtle,0,0,0,0,0,0,0,0,0,0,0,0,0,0
2019-10-01,SCONES,Cin Chip,0,11,11,3,0,8,0,0,0,0,0,0,0,0
2019-10-01,SCONES,pb choc,0,0,0,0,0,0,0,0,0,0,0,0,0,0
2019-10-01,SCONES,Pump Spice,0,8,8,5,0,3,0,0,0,0,0,0,0,0
2019-10-01,FRUIT BARS,Mixed Berry,0,0,0,0,0,0,0,0,0,0,0,0,0,0
2019-10-01,FRUIT BARS,Cherry,0,0,0,0,0,0,0,0,0,0,0,0,0,0
2019-10-01,FRUIT BARS,Apple Cin,0,12,12,12,0,0,0,0,0,0,0,0,0,0
2019-10-01,FRUIT BARS,MIXED FRUIT,0,8,8,8,0,0,0,0,0,0,0,0,0,0
2019-10-01,MUFFINS,Blue Stru,0,5,5,4,0,1,0,0,0,0,0,0,0,0
2019-10-01,MUFFINS,Choc Carm,0,5,5,4,0,1,0,0,0,0,0,0,0,0
2019-10-01,MUFFINS,Pump CC,0,6,6,6,0,0,0,0,0,0,0,0,0,0
2019-10-01,MUFFINS,Cookies,0,0,0,0,0,0,0,0,0,0,0,0,0,0
2019-10-01,MUFFINS,Bars,0,0,0,0,0,0,0,0,0,0,0,0,0,0
2019-10-01,MUFFINS,oatmeal choc,2,0,2,2,0,0,0,0,0,0,0,0,0,0
2019-10-01,MUFFINS,triple choc,1,18,19,15,0,0,4,0,0,0,0,0,0,0
2019-10-01,MUFFINS,snickerdoodle,6,12,18,15,0,0,3,0,10,10,10,0,0,0
2019-10-01,MUFFINS,Oat Butter,12,0,12,6,0,6,0,0,0,0,0,0,0,0
2019-10-01,MUFFINS,frosted sugar,10,0,10,10,0,0,0,0,0,0,0,0,0,0
2019-10-01,MUFFINS,Pumpkin Bars,0,6,6,6,0,0,0,0,0,0,0,0,0,0
2019-10-01,MUFFINS,brownie,4,50,54,-4,48,4,6,0,0,0,0,0,0,0
2019-10-01,MUFFINS,Bread Pudding,0,0,0,0,0,0,0,0,0,0,0,0,0,0
2019-10-01,MUFFINS,Totals,35,188,223,136,48,26,13,0,10,10,10,0,0,0
2019-10-02,BREAD,H,23,48,71,40,16,0,15,0,0,0,0,0,0,0
2019-10-02,BREAD,FR,21,20,41,28,0,0,13,0,0,0,0,0,0,0
2019-10-02,BREAD,GW,7,13,20,8,0,6,6,0,0,0,0,0,0,0
2019-10-02,BREAD,DK,0,45,45,24,0,0,21,0,0,0,0,0,0,0
2019-10-02,BREAD,H5|Cran,5,0,5,5,0,0,0,4,0,4,2,0,0,2
2019-10-02,BREAD,CSRWL,2,20,22,15,0,0,7,0,4,4,4,0,0,0
2019-10-02,BREAD,PUMP PIE SW,4,16,20,20,0,0,0,2,2,4,4,0,0,0
2019-10-02,BREAD,CB,4,0,4,4,0,0,0,0,0,0,0,0,0,0
2019-10-02,BREAD,CNE,0,33,33,16,0,0,17,0,4,4,0,0,0,4
2019-10-02,BREAD,CNR,0,10,10,6,0,0,4,0,0,0,0,0,0,0
2019-10-02,BREAD,CNW,0,9,9,6,0,0,3,0,0,0,0,0,0,0
2019-10-02,BREAD,CG,0,10,10,6,0,0,4,0,4,4,4,0,0,0
2019-10-02,BREAD,Pesto CG,0,8,8,6,0,0,2,0,0,0,0,0,0,0
2019-10-02,BREAD,CH,3,0,3,2,0,1,0,2,0,2,1,0,0,0
2019-10-02,BREAD,VS,12,0,12,6,0,6,0,3,0,3,3,0,0,0
2019-10-02,BREAD,SOURDOUGH,0,12,12,11,0,0,1,0,0,0,0,0,0,0
2019-10-02,BREAD,SOUR JC,0,6,6,4,0,0,2,0,0,0,0,0,0,0
2019-10-02,BREAD,Sour RG,0,7,7,6,0,0,1,0,0,0,0,0,0,0
2019-10-02,BREAD,WC,0,0,0,0,0,0,0,0,0,0,0,0,0,0
2019-10-02,BREAD,Car,0,0,0,0,0,0,0,0,0,0,0,0,0,0
2019-10-02,BREAD,IHF,0,0,0,0,0,0,0,0,0,0,0,0,0,0
2019-10-02,BREAD,Witch F,0,0,0,0,0,0,0,0,0,0,0,0,0,0
2019-10-02,BREAD,Spiders,2,0,2,0,0,2,0,0,0,0,0,0,0,0
2019-10-02,BREAD,BUT Rls,0,0,0,0,0,0,0,0,0,0,0,0,0,0
2019-10-02,BREAD,H-RLS,2,5,7,5,0,2,0,0,0,0,0,0,0,0
2019-10-02,BREAD,FR-RLS,2,4,6,6,0,0,0,0,0,0,0,0,0,0
2019-10-02,BREAD,VS-RLS,2,0,2,1,0,1,0,0,0,0,0,0,0,0
2019-10-02,BREAD,Blue Stru,0,8,8,6,0,0,2,0,0,0,0,0,0,0
2019-10-02,BREAD,Choc Carm,0,6,6,5,0,0,1,0,0,0,0,0,0,0
2019-10-02,BREAD,Pump CC,2,8,10,5,0,0,5,0,0,0,0,0,0,0
2019-10-02,ROLLS,Cinnamon,0,48,48,44,0,4,0,0,0,0,0,0,0,0
2019-10-02,ROLLS,Pump C-R,0,24,24,19,0,5,0,0,0,0,0,0,0,0
2019-10-02,ROLLS,Mini C-Roll,0,0,0,0,0,0,0,0,0,0,0,0,0,0
2019-10-02,SCONES,Blueberry,0,0,0,0,0,0,0,0,0,0,0,0,0,0
2019-10-02,SCONES,Rasp Cream,0,20,20,11,4,5,0,0,0,0,0,0,0,0
2019-10-02,SCONES,Cherry,0,0,0,0,0,0,0,0,0,0,0,0,0,0
2019-10-02,SCONES,Butt Almond,0,0,0,0,0,0,0,0,0,0,0,0,0,0
2019-10-02,SCONES,Turtle,0,14,14,12,0,2,0,0,0,0,0,0,0,0
2019-10-02,SCONES,Cin Chip,0,0,0,0,0,0,0,0,0,0,0,0,0,0
2019-10-02,SCONES,pb choc,0,0,0,0,0,0,0,0,0,0,0,0,0,0
2019-10-02,SCONES,Pump Spice,0,15,15,15,0,0,0,0,0,0,0,0,0,0
2019-10-02,FRUIT BARS,Mixed Berry,0,8,8,2,0,6,0,0,0,0,0,0,0,0
2019-10-02,FRUIT BARS,Cherry,0,12,12,10,0,2,0,0,0,0,0,0,0,0
2019-10-02,FRUIT BARS,Apple Cin,0,0,0,0,0,0,0,0,0,0,0,0,0,0
2019-10-02,FRUIT BARS,MIXED FRUIT,0,0,0,0,0,0,0,0,0,0,0,0,0,0
2019-10-02,MUFFINS,Blue Stru,0,9,9,8,0,1,0,0,0,0,0,0,0,0
2019-10-02,MUFFINS,Choc Carm,0,9,9,3,0,6,0,0,0,0,0,0,0,0
2019-10-02,MUFFINS,Pump CC,0,12,12,5,0,7,0,0,0,0,0,0,0,0
2019-10-02,MUFFINS,Cookies,0,0,0,0,0,0,0,0,0,0,0,0,0,0
2019-10-02,MUFFINS,Bars,0,0,0,0,0,0,0,0,0,0,0,0,0,0
2019-10-02,MUFFINS,oatmeal choc,0,60,60,14,38,0,8,0,0,0,0,0,0,0
2019-10-02,MUFFINS,triple choc,4,36,40,15,13,3,9,0,0,0,0,0,0,0
2019-10-02,MUFFINS,snickerdoodle,3,36,39,16,13,0,10,0,0,0,0,0,0,0
2019-10-02,MUFFINS,Oat Butter,0,30,30,13,13,0,4,0,0,0,0,0,0,0
2019-10-02,MUFFINS,frosted sugar,0,60,60,23,24,2,11,0,0,0,0,0,0,0
2019-10-02,MUFFINS,Pumpkin Bars,0,12,12,12,0,0,0,0,0,0,0,0,0,0
2019-10-02,MUFFINS,brownie,6,24,30,7,20,0,3,0,0,0,0,0,0,0
2019-10-02,MUFFINS,Bread Pudding,0,0,0,0,0,0,0,0,0,0,0,0,0,0
2019-10-02,MUFFINS,Totals,13,429,442,229,125,43,45,0,0,0,0,0,0,0
2019-10-03,BREAD,H,15,32,47,20,4,0,23,0,0,0,0,0,0,0
2019-10-03,BREAD,FR,13,53,66,10,35,0,21,0,0,0,0,0,0,0
2019-10-03,BREAD,GW,6,5,11,0,0,4,7,0,0,0,0,0,0,0
2019-10-03,BREAD,DK,21,0,21,9,0,0,12,0,0,0,0,0,0,0
2019-10-03,BREAD,H5|Cran,0,20,20,5,0,0,15,2,8,10,10,0,0,0
2019-10-03,BREAD,CSRWL,7,12,19,6,1,5,7,0,3,3,2,0,0,1
2019-10-03,BREAD,PUMP PIE SW,0,16,16,10,0,0,6,0,2,2,0,0,0,2
2019-10-03,BREAD,CB,0,0,0,0,0,0,0,0,0,0,0,0,0,0
2019-10-03,BREAD,CNE,17,0,17,7,0,10,0,4,0,4,3,0,0,0
2019-10-03,BREAD,CNR,4,0,4,4,0,0,0,0,0,0,0,0,0,0
2019-10-03,BREAD,CNW,3,0,3,3,0,0,0,0,0,0,0,0,0,0
2019-10-03,BREAD,CG,4,0,4,2,0,2,0,0,0,0,0,0,0,0
2019-10-03,BREAD,Pesto CG,2,0,2,2,0,0,0,0,0,0,0,0,0,0
2019-10-03,BREAD,CH,0,7,7,0,2,0,5,0,2,2,1,0,0,1
2019-10-03,BREAD,VS,0,15,15,3,0,0,12,0,2,2,2,0,0,0
2019-10-03,BREAD,SOURDOUGH,1,0,1,1,0,0,0,0,0,0,0,0,0,0
2019-10-03,BREAD,SOUR JC,2,0,2,2,0,0,0,0,0,0,0,0,0,0
2019-10-03,BREAD,Sour RG,1,0,1,1,0,0,0,0,0,0,0,0,0,0
2019-10-03,BREAD,WC,0,0,0,0,0,0,0,0,0,0,0,0,0,0
2019-10-03,BREAD,Car,0,0,0,0,0,0,0,0,0,0,0,0,0,0
2019-10-03,BREAD,IHF,0,0,0,0,0,0,0,0,0,0,0,0,0,0
2019-10-03,BREAD,Witch F,0,0,0,0,0,0,0,0,0,0,0,0,0,0
2019-10-03,BREAD,Spiders,0,0,0,0,0,0,0,0,0,0,0,0,0,0
2019-10-03,BREAD,BUT Rls,0,28,28,2,18,0,8,0,0,0,0,0,0,0
2019-10-03,BREAD,H-RLS,0,3,3,-2,0,3,2,0,0,0,0,0,0,0
2019-10-03,BREAD,FR-RLS,0,2,2,0,0,0,2,0,0,0,0,0,0,0
2019-10-03,BREAD,VS-RLS,0,4,4,2,0,0,2,0,0,0,0,0,0,0
2019-10-03,BREAD,Blue Stru,2,3,5,2,0,0,3,0,0,0,0,0,0,0
2019-10-03,BREAD,Choc Carm,1,4,5,1,0,0,4,0,0,0,0,0,0,0
2019-10-03,BREAD,Pump CC,5,6,11,7,3,0,1,0,0,0,0,0,0,0
2019-10-03,ROLLS,Cinnamon,0,192,192,192,0,0,0,0,0,0,0,0,0,0
2019-10-03,ROLLS,Pump C-R,0,108,108,108,0,0,0,0,0,0,0,0,0,0
2019-10-03,ROLLS,Mini C-Roll,0,0,0,0,0,0,0,0,0,0,0,0,0,0
2019-10-03,SCONES,Blueberry,0,48,48,46,0,2,0,0,8,8,3,0,0,0
2019-10-03,SCONES,Rasp Cream,0,0,0,0,0,0,0,0,0,0,0,0,0,0
2019-10-03,SCONES,Cherry,0,0,0,0,0,0,0,0,0,0,0,0,0,0
2019-10-03,SCONES,Butt Almond,0,0,0,0,0,0,0,0,0,0,0,0,0,0
2019-10-03,SCONES,Turtle,0,24,24,24,0,0,0,0,8,8,3,0,0,0
2019-10-03,SCONES,Cin Chip,0,0,0,0,0,0,0,0,0,0,0,0,0,0
2019-10-03,SCONES,pb choc,0,0,0,0,0,0,0,0,0,0,0,0,0,0
2019-10-03,SCONES,Pump Spice,0,40,40,33,0,7,0,0,6,6,2,0,0,0
2019-10-03,FRUIT BARS,Mixed Berry,0,8,8,7,1,0,0,0,0,0,0,0,0,0
2019-10-03,FRUIT BARS,Cherry,0,12,12,7,2,3,0,0,0,0,0,0,0,0
2019-10-03,FRUIT BARS,Apple Cin,0,12,12,6,2,4,0,0,0,0,0,0,0,0
2019-10-03,FRUIT BARS,MIXED FRUIT,0,8,8,5,1,2,0,0,0,0,0,0,0,0
2019-10-03,MUFFINS,Blue Stru,0,18,18,14,0,4,0,0,9,9,2,0,0,0
2019-10-03,MUFFINS,Choc Carm,0,14,14,12,0,2,0,0,9,9,1,0,0,0
2019-10-03,MUFFINS,Pump CC,0,22,22,15,0,7,0,0,6,6,4,0,0,0
2019-10-03,MUFFINS,Cookies,0,0,0,0,0,0,0,0,0,0,0,0,0,0
2019-10-03,MUFFINS,Bars,0,0,0,0,0,0,0,0,0,0,0,0,0,0
2019-10-03,MUFFINS,oatmeal choc,8,24,32,22,0,6,4,0,0,0,0,0,0,0
2019-10-03,MUFFINS,triple choc,9,30,39,35,0,4,0,0,0,0,0,0,0,0
2019-10-03,MUFFINS,snickerdoodle,10,30,40,40,0,0,0,0,0,0,0,0,0,0
2019-10-03,MUFFINS,Oat Butter,4,24,28,14,0,0,14,0,0,0,0,0,0,0
2019-10-03,MUFFINS,frosted sugar,11,18,29,20,0,0,9,0,0,0,0,0,0,0
2019-10-03,MUFFINS,Pumpkin Bars,0,26,26,26,0,0,0,0,0,0,0,0,0,0
2019-10-03,MUFFINS,brownie,3,15,18,18,0,0,0,0,0,0,0,0,0,0
2019-10-03,MUFFINS,Kahuna Bar,0,14,14,3,0,0,11,0,0,0,0,0,0,0
2019-10-03,MUFFINS,Bread Pudding,0,0,0,-14,0,0,14,0,0,0,-6,0,0,6
2019-10-03,MUFFINS,Totals,45,687,732,633,6,41,52,0,46,46,9,0,0,6
2019-10-04,BREAD,H,23,37,60,21,2,0,37,0,0,0,0,0,0,0
2019-10-04,BREAD,FR,21,25,46,25,7,0,14,0,0,0,0,0,0,0
2019-10-04,BREAD,GW,7,9,16,14,1,0,1,0,0,0,0,0,0,0
2019-10-04,BREAD,DK,12,24,36,14,0,0,22,0,0,0,0,0,0,0
2019-10-04,BREAD,H5|Cran,15,0,15,11,0,0,4,0,0,0,-1,0,0,1
2019-10-04,BREAD,CSRWL,7,16,23,17,0,0,6,1,3,4,2,0,0,2
2019-10-04,BREAD,PUMP PIE SW,6,16,22,11,0,0,11,2,2,4,4,0,0,0
2019-10-04,BREAD,CB,0,14,14,9,0,0,5,0,4,4,3,0,0,1
2019-10-04,BREAD,CNE,0,23,23,13,2,0,8,0,4,4,2,0,0,2
2019-10-04,BREAD,CNR,0,8,8,2,0,0,6,0,0,0,0,0,0,0
2019-10-04,BREAD,CNW,0,8,8,3,0,0,5,0,0,0,0,0,0,0
2019-10-04,BREAD,CG,0,10,10,6,2,0,2,0,3,3,3,0,0,0
2019-10-04,BREAD,Pesto CG,0,7,7,2,0,0,5,0,0,0,0,0,0,0
2019-10-04,BREAD,CH,5,0,5,3,0,2,0,1,0,1,1,0,0,0
2019-10-04,BREAD,VS,12,0,12,7,0,5,0,0,0,0,0,0,0,0
2019-10-04,BREAD,SOURDOUGH,0,13,13,8,0,0,5,0,0,0,0,0,0,0
2019-10-04,BREAD,SOUR JC,0,6,6,4,0,0,2,0,0,0,0,0,0,0
2019-10-04,BREAD,Sour RG,0,6,6,3,0,0,3,0,0,0,0,0,0,0
2019-10-04,BREAD,CB-PB,0,12,12,8,0,0,4,0,4,4,3,0,0,1
2019-10-04,BREAD,WC,0,0,0,0,0,0,0,0,0,0,0,0,0,0
2019-10-04,BREAD,Car,0,0,0,0,0,0,0,0,0,0,0,0,0,0
2019-10-04,BREAD,IHF,0,0,0,0,0,0,0,0,0,0,0,0,0,0
2019-10-04,BREAD,Witch F,0,6,6,0,0,0,6,0,0,0,0,0,0,0
2019-10-04,BREAD,Spiders,0,3,3,3,0,0,0,0,0,0,0,0,0,0
2019-10-04,BREAD,BUT Rls,8,0,8,2,0,6,0,0,0,0,0,0,0,0
2019-10-04,BREAD,H-RLS,2,4,6,2,0,2,2,0,0,0,0,0,0,0
2019-10-04,BREAD,FR-RLS,2,4,6,4,0,0,2,0,0,0,0,0,0,0
2019-10-04,BREAD,VS-RLS,2,0,2,2,0,0,0,0,0,0,0,0,0,0
2019-10-04,BREAD,Blue Stru,3,7,10,3,2,2,3,0,0,0,0,0,0,0
2019-10-04,BREAD,Choc Carm,4,2,6,3,0,3,0,0,0,0,0,0,0,0
2019-10-04,BREAD,Pump CC,1,7,8,4,0,1,3,0,0,0,0,0,0,0
2019-10-04,ROLLS,Cinnamon,0,36,36,28,8,0,0,0,0,0,0,0,0,0
2019-10-04,ROLLS,Pump C-R,0,24,24,20,0,4,0,0,0,0,0,0,0,0
2019-10-04,ROLLS,Mini C-Roll,0,24,24,0,24,0,0,0,0,0,0,0,0,0
2019-10-04,SCONES,Blueberry,0,0,0,0,0,0,0,0,0,0,0,0,0,0
2019-10-04,SCONES,Rasp Cream,0,0,0,0,0,0,0,0,0,0,0,0,0,0
2019-10-04,SCONES,Cherry,0,21,21,8,4,9,0,0,2,2,1,0,0,0
2019-10-04,SCONES,Butt Almond,0,11,11,11,0,0,0,0,3,3,1,0,0,0
2019-10-04,SCONES,Turtle,0,0,0,0,0,0,0,0,0,0,0,0,0,0
2019-10-04,SCONES,Cin Chip,0,0,0,0,0,0,0,0,0,0,0,0,0,0
2019-10-04,SCONES,pb choc,0,0,0,0,0,0,0,0,0,0,0,0,0,0
2019-10-04,SCONES,Pump Spice,0,9,9,9,0,0,0,0,2,2,1,0,0,0
2019-10-04,FRUIT BARS,Mixed Berry,0,8,8,2,0,6,0,0,0,0,0,0,0,0
2019-10-04,FRUIT BARS,Cherry,0,12,12,8,0,4,0,0,0,0,0,0,0,0
2019-10-04,FRUIT BARS,Apple Cin,0,0,0,0,0,0,0,0,0,0,0,0,0,0
2019-10-04,FRUIT BARS,MIXED FRUIT,0,0,0,0,0,0,0,0,0,0,0,0,0,0
2019-10-04,MUFFINS,Blue Stru,0,7,7,6,0,1,0,0,1,1,1,0,0,0
2019-10-04,MUFFINS,Choc Carm,0,5,5,3,0,2,0,0,3,3,0,0,0,0
2019-10-04,MUFFINS,Pump CC,0,9,9,9,0,0,0,0,3,3,1,0,0,0
2019-10-04,MUFFINS,Cookies,0,0,0,0,0,0,0,0,0,0,0,0,0,0
2019-10-04,MUFFINS,Bars,0,0,0,0,0,0,0,0,0,0,0,0,0,0
2019-10-04,MUFFINS,oatmeal choc,4,30,34,27,7,0,0,0,0,0,0,0,0,0
2019-10-04,MUFFINS,triple choc,0,30,30,24,6,0,0,0,0,0,0,0,0,0
2019-10-04,MUFFINS,snickerdoodle,0,30,30,22,6,2,0,0,0,0,0,0,0,0
2019-10-04,MUFFINS,Oat Butter,14,6,20,3,5,12,0,0,0,0,0,0,0,0
2019-10-04,MUFFINS,frosted sugar,9,6,15,-8,0,7,16,0,0,0,0,0,0,0
2019-10-04,MUFFINS,Pumpkin Bars,0,12,12,10,0,2,0,0,0,0,0,0,0,0
2019-10-04,MUFFINS,brownie,0,12,12,9,0,3,0,0,0,0,0,0,0,0
2019-10-04,MUFFINS,Kahuna,11,0,11,5,0,6,0,0,0,0,0,0,0,0
2019-10-04,MUFFINS,Bread Pudding,14,0,14,14,0,0,0,6,0,6,0,0,0,0
2019-10-04,MUFFINS,Totals,52,292,344,210,60,58,16,6,14,14,5,0,0,0
2019-10-05,BREAD,H,37,0,37,9,0,28,0,0,0,0,0,0,0,0
2019-10-05,BREAD,FR,14,0,14,8,0,6,0,0,0,0,0,0,0,0
2019-10-05,BREAD,GW,1,0,1,-12,0,13,0,0,0,0,0,0,0,0
2019-10-05,BREAD,DK,22,0,22,11,0,11,0,0,0,0,0,0,0,0
2019-10-05,BREAD,H5|Cran,4,0,4,3,0,1,0,1,0,1,1,0,0,0
2019-10-05,BREAD,CSRWL,6,8,14,10,0,4,0,2,0,2,1,0,0,0
2019-10-05,BREAD,PUMP PIE SW,11,4,15,11,0,4,0,0,0,0,0,0,0,0
2019-10-05,BREAD,CB,5,0,5,1,0,4,0,1,0,1,1,0,0,0
2019-10-05,BREAD,CNE,8,0,8,7,0,1,0,2,0,2,1,0,0,0
2019-10-05,BREAD,CNR,6,0,6,3,0,3,0,0,0,0,0,0,0,0
2019-10-05,BREAD,CNW,5,0,5,4,0,1,0,0,0,0,0,0,0,0
2019-10-05,BREAD,CG,2,0,2,2,0,0,0,0,0,0,0,0,0,0
2019-10-05,BREAD,Pesto CG,5,0,5,5,0,0,0,0,0,0,0,0,0,0
2019-10-05,BREAD,CH,0,0,0,0,0,0,0,0,0,0,0,0,0,0
2019-10-05,BREAD,VS,0,0,0,0,0,0,0,0,0,0,0,0,0,0
2019-10-05,BREAD,SOURDOUGH,5,0,5,-1,0,6,0,0,0,0,0,0,0,0
2019-10-05,BREAD,SOUR JC,2,0,2,1,0,1,0,0,0,0,0,0,0,0
2019-10-05,BREAD,Sour RG,3,0,3,3,0,0,0,0,0,0,0,0,0,0
2019-10-05,BREAD,CB-PB,4,0,4,0,0,4,0,1,0,1,0,0,0,0
2019-10-05,BREAD,WC,0,0,0,0,0,0,0,0,0,0,0,0,0,0
2019-10-05,BREAD,Car,0,0,0,0,0,0,0,0,0,0,0,0,0,0
2019-10-05,BREAD,IHF,0,0,0,0,0,0,0,0,0,0,0,0,0,0
2019-10-05,BREAD,Witch F,6,0,6,3,0,3,0,0,0,0,0,0,0,0
2019-10-05,BREAD,Spiders,0,0,0,0,0,0,0,0,0,0,0,0,0,0
2019-10-05,BREAD,BUT Rls,0,0,0,0,0,0,0,0,0,0,0,0,0,0
2019-10-05,BREAD,H-RLS,2,0,2,-1,0,3,0,0,0,0,0,0,0,0
2019-10-05,BREAD,FR-RLS,2,0,2,2,0,0,0,0,0,0,0,0,0,0
2019-10-05,BREAD,VS-RLS,0,0,0,0,0,0,0,0,0,0,0,0,0,0
2019-10-05,BREAD,Blue Stru,3,2,5,0,2,3,0,0,0,0,0,0,0,0
2019-10-05,BREAD,Choc Carm,0,5,5,1,2,2,0,0,0,0,0,0,0,0
2019-10-05,BREAD,Pump CC,3,3,6,0,2,4,0,0,0,0,0,0,0,0
2019-10-05,ROLLS,Cinnamon,0,84,84,70,12,2,0,0,0,0,0,0,0,0
2019-10-05,ROLLS,Pump C-R,0,36,36,27,0,9,0,0,0,0,0,0,0,0
2019-10-05,ROLLS,Mini C-Roll,0,0,0,0,0,0,0,0,0,0,0,0,0,0
2019-10-05,SCONES,Blueberry,0,36,36,33,0,3,0,0,0,0,0,0,0,0
2019-10-05,SCONES,Rasp Cream,0,0,0,0,0,0,0,0,0,0,0,0,0,0
2019-10-05,SCONES,Cherry,0,19,19,19,0,0,0,0,0,0,0,0,0,0
2019-10-05,SCONES,Butt Almond,0,0,0,-5,0,5,0,0,0,0,0,0,0,0
2019-10-05,SCONES,Turtle,0,0,0,0,0,0,0,0,0,0,0,0,0,0
2019-10-05,SCONES,Cin Chip,0,0,0,0,0,0,0,0,0,0,0,0,0,0
2019-10-05,SCONES,pb choc,0,16,16,16,0,0,0,0,0,0,0,0,0,0
2019-10-05,SCONES,Pump Spice,0,0,0,-5,0,5,0,0,0,0,0,0,0,0
2019-10-05,FRUIT BARS,Mixed Berry,0,0,0,0,0,0,0,0,0,0,0,0,0,0
2019-10-05,FRUIT BARS,Cherry,0,0,0,0,0,0,0,0,0,0,0,0,0,0
2019-10-05,FRUIT BARS,Apple Cin,0,12,12,9,0,3,0,0,0,0,0,0,0,0
2019-10-05,FRUIT BARS,MIXED FRUIT,0,8,8,6,0,2,0,0,0,0,0,0,0,0
2019-10-05,MUFFINS,Blue Stru,0,8,8,8,0,0,0,0,0,0,0,0,0,0
2019-10-05,MUFFINS,Choc Carm,0,8,8,6,0,2,0,0,0,0,0,0,0,0
2019-10-05,MUFFINS,Pump CC,0,10,10,9,0,1,0,0,0,0,0,0,0,0
2019-10-05,MUFFINS,Cookies,0,0,0,0,0,0,0,0,0,0,0,0,0,0
2019-10-05,MUFFINS,Bars,0,0,0,0,0,0,0,0,0,0,0,0,0,0
2019-10-05,MUFFINS,oatmeal choc,0,12,12,12,0,0,0,0,0,0,0,0,0,0
2019-10-05,MUFFINS,triple choc,0,12,12,5,0,7,0,0,0,0,0,0,0,0
2019-10-05,MUFFINS,snickerdoodle,0,12,12,-2,0,14,0,0,0,0,0,0,0,0
2019-10-05,MUFFINS,Oat Butter,0,0,0,-6,0,6,0,0,0,0,0,0,0,0
2019-10-05,MUFFINS,frosted sugar,16,0,16,3,0,0,13,0,0,0,0,0,0,0
2019-10-05,MUFFINS,Pumpkin Bars,0,5,5,0,0,5,0,0,0,0,0,0,0,0
2019-10-05,MUFFINS,brownie,0,5,5,4,0,1,0,0,0,0,0,0,0,0
2019-10-05,MUFFINS,Bread Pudding,0,0,0,0,0,0,0,6,0,6,0,0,0,0
2019-10-05,MUFFINS,Totals,16,283,299,209,12,65,13,6,0,0,0,0,0,0
2019-10-06,BREAD,H,0,0,0,0,0,0,0,0,0,0,0,0,0,0
2019-10-06,BREAD,FR,0,0,0,0,0,0,0,0,0,0,0,0,0,0
2019-10-06,BREAD,GW,0,0,0,0,0,0,0,0,0,0,0,0,0,0
2019-10-06,BREAD,DK,0,0,0,0,0,0,0,0,0,0,0,0,0,0
2019-10-06,BREAD,H5|Cran,0,0,0,0,0,0,0,0,0,0,0,0,0,0
2019-10-06,BREAD,CSRWL,0,0,0,0,0,0,0,0,0,0,0,0,0,0
2019-10-06,BREAD,PUMP PIE SW,0,0,0,0,0,0,0,0,0,0,0,0,0,0
2019-10-06,BREAD,CB,0,0,0,0,0,0,0,0,0,0,0,0,0,0
2019-10-06,BREAD,CNE,0,0,0,0,0,0,0,0,0,0,0,0,0,0
2019-10-06,BREAD,CNR,0,0,0,0,0,0,0,0,0,0,0,0,0,0
2019-10-06,BREAD,CNW,0,0,0,0,0,0,0,0,0,0,0,0,0,0
2019-10-06,BREAD,CG,0,0,0,0,0,0,0,0,0,0,0,0,0,0
2019-10-06,BREAD,Pesto CG,0,0,0,0,0,0,0,0,0,0,0,0,0,0
2019-10-06,BREAD,CH,0,0,0,0,0,0,0,0,0,0,0,0,0,0
2019-10-06,BREAD,VS,0,0,0,0,0,0,0,0,0,0,0,0,0,0
2019-10-06,BREAD,SOURDOUGH,0,0,0,0,0,0,0,0,0,0,0,0,0,0
2019-10-06,BREAD,SOUR JC,0,0,0,0,0,0,0,0,0,0,0,0,0,0
2019-10-06,BREAD,Sour RG,0,0,0,0,0,0,0,0,0,0,0,0,0,0
2019-10-06,BREAD,WC,0,0,0,0,0,0,0,0,0,0,0,0,0,0
2019-10-06,BREAD,Car,0,0,0,0,0,0,0,0,0,0,0,0,0,0
2019-10-06,BREAD,IHF,0,0,0,0,0,0,0,0,0,0,0,0,0,0
2019-10-06,BREAD,Witch F,0,0,0,0,0,0,0,0,0,0,0,0,0,0
2019-10-06,BREAD,Spiders,0,0,0,0,0,0,0,0,0,0,0,0,0,0
2019-10-06,BREAD,BUT Rls,0,0,0,0,0,0,0,0,0,0,0,0,0,0
2019-10-06,BREAD,H-RLS,0,0,0,0,0,0,0,0,0,0,0,0,0,0
2019-10-06,BREAD,FR-RLS,0,0,0,0,0,0,0,0,0,0,0,0,0,0
2019-10-06,BREAD,VS-RLS,0,0,0,0,0,0,0,0,0,0,0,0,0,0
2019-10-06,BREAD,Blue Stru,0,0,0,0,0,0,0,0,0,0,0,0,0,0
2019-10-06,BREAD,Choc Carm,0,0,0,0,0,0,0,0,0,0,0,0,0,0
2019-10-06,BREAD,Pump CC,0,0,0,0,0,0,0,0,0,0,0,0,0,0
2019-10-06,ROLLS,Cinnamon,0,0,0,0,0,0,0,0,0,0,0,0,0,0
2019-10-06,ROLLS,Pump C-R,0,0,0,0,0,0,0,0,0,0,0,0,0,0
2019-10-06,ROLLS,Mini C-Roll,0,0,0,0,0,0,0,0,0,0,0,0,0,0
2019-10-06,SCONES,Blueberry,0,0,0,0,0,0,0,0,0,0,0,0,0,0
2019-10-06,SCONES,Rasp Cream,0,0,0,0,0,0,0,0,0,0,0,0,0,0
2019-10-06,SCONES,Cherry,0,0,0,0,0,0,0,0,0,0,0,0,0,0
2019-10-06,SCONES,Butt Almond,0,0,0,0,0,0,0,0,0,0,0,0,0,0
2019-10-06,SCONES,Turtle,0,0,0,0,0,0,0,0,0,0,0,0,0,0
2019-10-06,SCONES,Cin Chip,0,0,0,0,0,0,0,0,0,0,0,0,0,0
2019-10-06,SCONES,pb choc,0,0,0,0,0,0,0,0,0,0,0,0,0,0
2019-10-06,SCONES,Pump Spice,0,0,0,0,0,0,0,0,0,0,0,0,0,0
2019-10-06,FRUIT BARS,Mixed Berry,0,0,0,0,0,0,0,0,0,0,0,0,0,0
2019-10-06,FRUIT BARS,Cherry,0,0,0,0,0,0,0,0,0,0,0,0,0,0
2019-10-06,FRUIT BARS,Apple Cin,0,0,0,0,0,0,0,0,0,0,0,0,0,0
2019-10-06,FRUIT BARS,MIXED FRUIT,0,0,0,0,0,0,0,0,0,0,0,0,0,0
2019-10-06,MUFFINS,Blue Stru,0,0,0,0,0,0,0,0,0,0,0,0,0,0
2019-10-06,MUFFINS,Choc Carm,0,0,0,0,0,0,0,0,0,0,0,0,0,0
2019-10-06,MUFFINS,Pump CC,0,0,0,0,0,0,0,0,0,0,0,0,0,0
2019-10-06,MUFFINS,Cookies,0,0,0,0,0,0,0,0,0,0,0,0,0,0
2019-10-06,MUFFINS,Bars,0,0,0,0,0,0,0,0,0,0,0,0,0,0
2019-10-06,MUFFINS,oatmeal choc,0,0,0,0,0,0,0,0,0,0,0,0,0,0
2019-10-06,MUFFINS,triple choc,0,0,0,0,0,0,0,0,0,0,0,0,0,0
2019-10-06,MUFFINS,snickerdoodle,0,0,0,0,0,0,0,0,0,0,0,0,0,0
2019-10-06,MUFFINS,Oat Butter,0,0,0,0,0,0,0,0,0,0,0,0,0,0
2019-10-06,MUFFINS,frosted sugar,13,0,13,13,0,0,0,0,0,0,0,0,0,0
2019-10-06,MUFFINS,Pumpkin Bars,0,0,0,0,0,0,0,0,0,0,0,0,0,0
2019-10-06,MUFFINS,brownie,0,0,0,0,0,0,0,0,0,0,0,0,0,0
2019-10-06,MUFFINS,Bread Pudding,0,0,0,0,0,0,0,0,0,0,0,0,0,0
2019-10-06,MUFFINS,Totals,13,0,13,13,0,0,0,0,0,0,0,0,0,0
2019-10-07,BREAD,H,0,77,77,15,55,0,7,0,0,0,0,0,0,0
2019-10-07,BREAD,FR,0,39,39,14,20,0,5,0,0,0,0,0,0,0
2019-10-07,BREAD,GW,0,5,5,4,0,0,1,0,0,0,0,0,0,0
2019-10-07,BREAD,DK,0,23,23,8,0,0,15,0,0,0,0,0,0,0
2019-10-07,BREAD,H5|Cran,0,0,0,0,0,0,0,0,0,0,0,0,0,0
2019-10-07,BREAD,CSRWL,0,16,16,7,0,0,9,0,4,4,2,0,0,2
2019-10-07,BREAD,PUMP PIE SW,0,12,12,8,0,0,4,0,3,3,1,0,0,2
2019-10-07,BREAD,CB,0,0,0,0,0,0,0,0,0,0,0,0,0,0
2019-10-07,BREAD,CNE,0,14,14,5,0,0,9,0,3,3,1,0,0,2
2019-10-07,BREAD,CNR,0,6,6,1,0,0,5,0,0,0,0,0,0,0
2019-10-07,BREAD,CNW,0,6,6,2,0,0,4,0,0,0,0,0,0,0
2019-10-07,BREAD,CG,0,4,4,0,0,0,4,0,3,3,1,0,0,2
2019-10-07,BREAD,Pesto CG,0,3,3,3,0,0,0,0,0,0,0,0,0,0
2019-10-07,BREAD,CH,0,3,3,3,0,0,0,0,0,0,0,0,0,0
2019-10-07,BREAD,VS,0,0,0,0,0,0,0,0,0,0,0,0,0,0
2019-10-07,BREAD,SOURDOUGH,0,10,10,4,0,0,6,0,0,0,0,0,0,0
2019-10-07,BREAD,SOUR JC,0,3,3,2,0,0,1,0,0,0,0,0,0,0
2019-10-07,BREAD,Sour RG,0,4,4,3,0,0,1,0,0,0,0,0,0,0
2019-10-07,BREAD,CB-PB,0,0,0,0,0,0,0,0,0,0,0,0,0,0
2019-10-07,BREAD,WC,0,0,0,0,0,0,0,0,0,0,0,0,0,0
2019-10-07,BREAD,Car,0,0,0,0,0,0,0,0,0,0,0,0,0,0
2019-10-07,BREAD,IHF,0,0,0,0,0,0,0,0,0,0,0,0,0,0
2019-10-07,BREAD,Witch F,0,0,0,0,0,0,0,0,0,0,0,0,0,0
2019-10-07,BREAD,Spiders,0,0,0,0,0,0,0,0,0,0,0,0,0,0
2019-10-07,BREAD,BUT Rls,0,0,0,0,0,0,0,0,0,0,0,0,0,0
2019-10-07,BREAD,H-RLS,0,2,2,0,0,0,2,0,0,0,0,0,0,0
2019-10-07,BREAD,FR-RLS,0,3,3,2,0,0,1,0,0,0,0,0,0,0
2019-10-07,BREAD,VS-RLS,0,0,0,0,0,0,0,0,0,0,0,0,0,0
2019-10-07,BREAD,Blue Stru,0,4,4,2,0,0,2,0,0,0,0,0,0,0
2019-10-07,BREAD,Choc Carm,0,3,3,3,0,0,0,0,0,0,0,0,0,0
2019-10-07,BREAD,Pump CC,0,5,5,5,0,0,0,0,0,0,0,0,0,0
2019-10-07,ROLLS,Cinnamon,0,24,24,24,0,0,0,0,0,0,0,0,0,0
2019-10-07,ROLLS,Pump C-R,0,12,12,4,0,8,0,0,0,0,0,0,0,0
2019-10-07,ROLLS,Mini C-Roll,0,0,0,0,0,0,0,0,0,0,0,0,0,0
2019-10-07,SCONES,Blueberry,0,0,0,0,0,0,0,0,0,0,0,0,0,0
2019-10-07,SCONES,Rasp Cream,0,11,11,10,0,1,0,0,0,0,0,0,0,0
2019-10-07,SCONES,Cherry,0,0,0,0,0,0,0,0,0,0,0,0,0,0
2019-10-07,SCONES,Butt Almond,0,0,0,0,0,0,0,0,0,0,0,0,0,0
2019-10-07,SCONES,Turtle,0,0,0,0,0,0,0,0,0,0,0,0,0,0
2019-10-07,SCONES,Cin Chip,0,11,11,11,0,0,0,0,0,0,0,0,0,0
2019-10-07,SCONES,pb choc,0,0,0,0,0,0,0,0,0,0,0,0,0,0
2019-10-07,SCONES,Pump Spice,0,8,8,7,0,1,0,0,0,0,0,0,0,0
2019-10-07,FRUIT BARS,Mixed Berry,0,8,8,8,0,0,0,0,0,0,0,0,0,0
2019-10-07,FRUIT BARS,Cherry,0,12,12,12,0,0,0,0,0,0,0,0,0,0
2019-10-07,FRUIT BARS,Apple Cin,0,0,0,0,0,0,0,0,0,0,0,0,0,0
2019-10-07,FRUIT BARS,MIXED FRUIT,0,0,0,0,0,0,0,0,0,0,0,0,0,0
2019-10-07,MUFFINS,Blue Stru,0,5,5,3,0,2,0,0,0,0,0,0,0,0
2019-10-07,MUFFINS,Choc Carm,0,4,4,3,0,1,0,0,0,0,0,0,0,0
2019-10-07,MUFFINS,Pump CC,0,6,6,6,0,0,0,0,0,0,0,0,0,0
2019-10-07,MUFFINS,Cookies,0,0,0,0,0,0,0,0,0,0,0,0,0,0
2019-10-07,MUFFINS,Bars,0,0,0,0,0,0,0,0,0,0,0,0,0,0
2019-10-07,MUFFINS,oatmeal choc,0,120,120,10,96,0,14,0,0,0,0,0,0,0
2019-10-07,MUFFINS,triple choc,0,120,120,7,96,0,17,0,0,0,0,0,0,0
2019-10-07,MUFFINS,snickerdoodle,0,120,120,16,96,0,8,0,0,0,0,0,0,0
2019-10-07,MUFFINS,Oat Butter,0,108,108,2,96,0,10,0,0,0,0,0,0,0
2019-10-07,MUFFINS,frosted sugar,13,0,13,13,0,0,0,0,0,0,0,0,0,0
2019-10-07,MUFFINS,Pumpkin Bars,0,6,6,6,0,0,0,0,0,0,0,0,0,0
2019-10-07,MUFFINS,brownie,0,6,6,4,0,0,2,0,0,0,0,0,0,0
2019-10-07,MUFFINS,Bread Pudding,0,0,0,0,0,0,0,0,0,0,0,0,0,0
2019-10-07,MUFFINS,Totals,13,581,594,146,384,13,51,0,0,0,0,0,0,0
2019-10-08,BREAD,H,7,38,45,41,2,0,2,0,0,0,0,0,0,0
2019-10-08,BREAD,FR,5,25,30,15,0,0,15,0,0,0,0,0,0,0
2019-10-08,BREAD,GW,1,9,10,5,1,0,4,0,0,0,0,0,0,0
2019-10-08,BREAD,DK,15,0,15,7,0,0,8,0,0,0,0,0,0,0
2019-10-08,BREAD,H5|Cran,0,23,23,1,0,0,22,0,10,10,0,0,0,10
2019-10-08,BREAD,CSRWL,9,8,17,13,0,4,0,2,0,2,1,0,0,0
2019-10-08,BREAD,PUMP PIE SW,4,8,12,8,0,0,4,2,2,4,1,0,0,2
2019-10-08,BREAD,CB,0,10,10,1,0,0,9,0,2,2,2,0,0,0
2019-10-08,BREAD,CNE,9,0,9,5,0,4,0,2,0,2,0,0,0,0
2019-10-08,BREAD,CNR,5,0,5,1,0,4,0,0,0,0,0,0,0,0
2019-10-08,BREAD,CNW,4,0,4,0,0,4,0,0,0,0,0,0,0,0
2019-10-08,BREAD,CG,4,0,4,4,0,0,0,2,0,2,2,0,0,0
2019-10-08,BREAD,Pesto CG,0,0,0,0,0,0,0,0,0,0,0,0,0,0
2019-10-08,BREAD,CH,0,3,3,3,0,0,0,0,2,2,1,0,0,1
2019-10-08,BREAD,VS,0,8,8,4,0,0,4,0,3,3,2,0,0,1
2019-10-08,BREAD,SOURDOUGH,6,0,6,6,0,0,0,0,0,0,0,0,0,0
2019-10-08,BREAD,SOUR JC,1,0,1,1,0,0,0,0,0,0,0,0,0,0
2019-10-08,BREAD,Sour RG,1,0,1,1,0,0,0,0,0,0,0,0,0,0
2019-10-08,BREAD,CB-PB,0,8,8,3,0,0,5,0,2,2,0,0,0,2
2019-10-08,BREAD,WC,0,0,0,0,0,0,0,0,0,0,0,0,0,0
2019-10-08,BREAD,Car,0,0,0,0,0,0,0,0,0,0,0,0,0,0
2019-10-08,BREAD,IHF,0,0,0,0,0,0,0,0,0,0,0,0,0,0
2019-10-08,BREAD,Witch F,0,0,0,-6,0,0,6,0,0,0,0,0,0,0
2019-10-08,BREAD,Spiders,0,3,3,1,0,0,2,0,0,0,0,0,0,0
2019-10-08,BREAD,BUT Rls,0,0,0,0,0,0,0,0,0,0,0,0,0,0
2019-10-08,BREAD,H-RLS,2,0,2,2,0,0,0,0,0,0,0,0,0,0
2019-10-08,BREAD,FR-RLS,1,0,1,1,0,0,0,0,0,0,0,0,0,0
2019-10-08,BREAD,VS-RLS,0,4,4,3,0,0,1,0,0,0,0,0,0,0
2019-10-08,BREAD,Blue Stru,2,2,4,4,0,0,0,0,0,0,0,0,0,0
2019-10-08,BREAD,Choc Carm,0,3,3,1,0,2,0,0,0,0,0,0,0,0
2019-10-08,BREAD,Pump CC,0,5,5,5,0,0,0,0,0,0,0,0,0,0
2019-10-08,ROLLS,Cinnamon,0,24,24,24,0,0,0,0,0,0,0,0,0,0
2019-10-08,ROLLS,Pump C-R,0,12,12,12,0,0,0,0,0,0,0,0,0,0
2019-10-08,ROLLS,Mini C-Roll,0,0,0,0,0,0,0,0,0,0,0,0,0,0
2019-10-08,SCONES,Blueberry,0,11,11,11,0,0,0,0,0,0,0,0,0,0
2019-10-08,SCONES,Rasp Cream,0,0,0,0,0,0,0,0,0,0,0,0,0,0
2019-10-08,SCONES,Cherry,0,0,0,0,0,0,0,0,0,0,0,0,0,0
2019-10-08,SCONES,Butt Almond,0,0,0,0,0,0,0,0,0,0,0,0,0,0
2019-10-08,SCONES,Turtle,0,0,0,0,0,0,0,0,0,0,0,0,0,0
2019-10-08,SCONES,Cin Chip,0,10,10,5,0,5,0,0,0,0,0,0,0,0
2019-10-08,SCONES,pb choc,0,0,0,0,0,0,0,0,0,0,0,0,0,0
2019-10-08,SCONES,Pump Spice,0,8,8,5,0,3,0,0,0,0,0,0,0,0
2019-10-08,FRUIT BARS,Mixed Berry,0,0,0,0,0,0,0,0,0,0,0,0,0,0
2019-10-08,FRUIT BARS,Cherry,0,0,0,0,0,0,0,0,0,0,0,0,0,0
2019-10-08,FRUIT BARS,Apple Cin,0,12,12,5,0,7,0,0,0,0,0,0,0,0
2019-10-08,FRUIT BARS,MIXED FRUIT,0,8,8,8,0,0,0,0,0,0,0,0,0,0
2019-10-08,MUFFINS,Blue Stru,0,5,5,3,0,2,0,0,0,0,0,0,0,0
2019-10-08,MUFFINS,Choc Carm,0,5,5,5,0,0,0,0,0,0,0,0,0,0
2019-10-08,MUFFINS,Pump CC,0,6,6,6,0,0,0,0,0,0,0,0,0,0
2019-10-08,MUFFINS,Cookies,0,0,0,0,0,0,0,0,0,0,0,0,0,0
2019-10-08,MUFFINS,Bars,0,0,0,0,0,0,0,0,0,0,0,0,0,0
2019-10-08,MUFFINS,oatmeal choc,14,6,20,19,1,0,0,0,0,0,0,0,0,0
2019-10-08,MUFFINS,triple choc,17,0,17,16,1,0,0,0,0,0,0,0,0,0
2019-10-08,MUFFINS,snickerdoodle,8,12,20,19,1,0,0,0,0,0,0,0,0,0
2019-10-08,MUFFINS,Oat Butter,10,6,16,16,0,0,0,0,0,0,0,0,0,0
2019-10-08,MUFFINS,frosted sugar,0,24,24,24,0,0,0,0,0,0,0,0,0,0
2019-10-08,MUFFINS,Pumpkin Bars,0,6,6,6,0,0,0,0,0,0,0,0,0,0
2019-10-08,MUFFINS,brownie,2,4,6,6,0,0,0,0,0,0,0,0,0,0
2019-10-08,MUFFINS,Bread Pudding,0,0,0,0,0,0,0,0,0,0,0,0,0,0
2019-10-08,MUFFINS,Totals,51,159,210,190,3,17,0,0,0,0,0,0,0,0
2019-10-09,BREAD,H,2,71,73,13,30,0,30,0,0,0,0,0,0,0
2019-10-09,BREAD,FR,15,25,40,29,0,0,11,0,0,0,0,0,0,0
2019-10-09,BREAD,GW,4,14,18,12,0,0,6,0,0,0,0,0,0,0
2019-10-09,BREAD,DK,8,40,48,18,0,0,30,0,0,0,0,0,0,0
2019-10-09,BREAD,H5|Cran,22,0,22,11,0,0,11,10,0,10,6,0,0,4
2019-10-09,BREAD,CSRWL,0,20,20,13,1,0,6,0,5,5,3,0,0,2
2019-10-09,BREAD,PUMP PIE SW,4,16,20,14,1,0,5,2,2,4,3,0,0,0
2019-10-09,BREAD,CB,9,0,9,6,0,3,0,0,0,0,0,0,0,0
2019-10-09,BREAD,CNE,0,33,33,20,6,0,7,0,4,4,2,0,0,2
2019-10-09,BREAD,CNR,0,15,15,6,6,0,3,0,0,0,0,0,0,0
2019-10-09,BREAD,CNW,0,9,9,6,0,0,3,0,0,0,0,0,0,0
2019-10-09,BREAD,CG,0,11,11,7,0,0,4,0,0,0,0,0,0,0
2019-10-09,BREAD,Pesto CG,0,8,8,4,0,0,4,0,0,0,0,0,0,0
2019-10-09,BREAD,CH,0,0,0,0,0,0,0,1,0,1,1,0,0,0
2019-10-09,BREAD,VS,4,0,4,3,0,1,0,1,0,1,1,0,0,0
2019-10-09,BREAD,SOURDOUGH,0,14,14,12,0,0,2,0,0,0,0,0,0,0
2019-10-09,BREAD,SOUR JC,0,8,8,4,0,0,4,0,0,0,0,0,0,0
2019-10-09,BREAD,Sour RG,0,8,8,4,0,0,4,0,0,0,0,0,0,0
2019-10-09,BREAD,CB-PB,5,0,5,3,0,2,0,2,0,2,2,0,0,0
2019-10-09,BREAD,WC,0,0,0,0,0,0,0,0,0,0,0,0,0,0
2019-10-09,BREAD,Car,0,0,0,0,0,0,0,0,0,0,0,0,0,0
2019-10-09,BREAD,IHF,0,0,0,0,0,0,0,0,0,0,0,0,0,0
2019-10-09,BREAD,Witch F,6,0,6,0,0,6,0,0,0,0,0,0,0,0
2019-10-09,BREAD,Spiders,2,3,5,3,0,1,1,0,0,0,0,0,0,0
2019-10-09,BREAD,BUT Rls,0,0,0,0,0,0,0,0,0,0,0,0,0,0
2019-10-09,BREAD,H-RLS,0,7,7,6,0,0,1,0,0,0,0,0,0,0
2019-10-09,BREAD,FR-RLS,0,6,6,6,0,0,0,0,0,0,0,0,0,0
2019-10-09,BREAD,VS-RLS,1,0,1,1,0,0,0,0,0,0,0,0,0,0
2019-10-09,BREAD,Blue Stru,0,9,9,7,1,0,1,0,0,0,0,0,0,0
2019-10-09,BREAD,Choc Carm,0,6,6,5,0,0,1,0,0,0,0,0,0,0
2019-10-09,BREAD,Pump CC,0,10,10,9,0,0,1,0,0,0,0,0,0,0
2019-10-09,ROLLS,Cinnamon,0,48,48,34,4,10,0,0,0,0,0,0,0,0
2019-10-09,ROLLS,Pump C-R,0,36,36,24,0,12,0,0,0,0,0,0,0,0
2019-10-09,ROLLS,Mini C-Roll,0,0,0,0,0,0,0,0,0,0,0,0,0,0
2019-10-09,SCONES,Blueberry,0,0,0,0,0,0,0,0,0,0,0,0,0,0
2019-10-09,SCONES,Rasp Cream,0,21,21,10,4,7,0,0,0,0,0,0,0,0
2019-10-09,SCONES,Cherry,0,0,0,0,0,0,0,0,0,0,0,0,0,0
2019-10-09,SCONES,Butt Almond,0,0,0,0,0,0,0,0,0,0,0,0,0,0
2019-10-09,SCONES,Turtle,0,12,12,12,0,0,0,0,0,0,0,0,0,0
2019-10-09,SCONES,Cin Chip,0,0,0,-4,0,4,0,0,0,0,0,0,0,0
2019-10-09,SCONES,pb choc,0,0,0,0,0,0,0,0,0,0,0,0,0,0
2019-10-09,SCONES,Pump Spice,0,20,20,19,0,1,0,0,0,0,0,0,0,0
2019-10-09,FRUIT BARS,Mixed Berry,0,8,8,3,4,1,0,0,0,0,0,0,0,0
2019-10-09,FRUIT BARS,Cherry,0,12,12,4,1,7,0,0,0,0,0,0,0,0
2019-10-09,FRUIT BARS,Apple Cin,0,0,0,0,0,0,0,0,0,0,0,0,0,0
2019-10-09,FRUIT BARS,MIXED FRUIT,0,0,0,0,0,0,0,0,0,0,0,0,0,0
2019-10-09,MUFFINS,Blue Stru,0,9,9,9,0,0,0,0,0,0,0,0,0,0
2019-10-09,MUFFINS,Choc Carm,0,8,8,8,0,0,0,0,0,0,0,0,0,0
2019-10-09,MUFFINS,Pump CC,0,11,11,6,0,5,0,0,0,0,0,0,0,0
2019-10-09,MUFFINS,Cookies,0,0,0,0,0,0,0,0,0,0,0,0,0,0
2019-10-09,MUFFINS,Bars,0,0,0,0,0,0,0,0,0,0,0,0,0,0
2019-10-09,MUFFINS,oatmeal choc,0,42,42,12,20,0,10,0,0,0,0,0,0,0
2019-10-09,MUFFINS,triple choc,0,42,42,17,18,0,7,0,0,0,0,0,0,0
2019-10-09,MUFFINS,snickerdoodle,0,42,42,21,18,0,3,0,0,0,0,0,0,0
2019-10-09,MUFFINS,Oat Butter,0,24,24,15,6,0,3,0,0,0,0,0,0,0
2019-10-09,MUFFINS,frosted sugar,0,42,42,35,0,0,7,0,0,0,0,0,0,0
2019-10-09,MUFFINS,Pumpkin Bars,0,12,12,8,0,0,4,0,0,0,0,0,0,0
2019-10-09,MUFFINS,brownie,0,10,10,2,0,0,8,0,0,0,0,0,0,0
2019-10-09,MUFFINS,Bread Pudding,0,0,0,0,0,0,0,0,0,0,0,0,0,0
2019-10-09,MUFFINS,Totals,0,399,399,235,75,47,42,0,0,0,0,0,0,0
2019-10-10,BREAD,H,30,25,55,11,7,0,37,0,0,0,0,0,0,0
2019-10-10,BREAD,FR,11,70,81,15,45,0,21,0,0,0,0,0,0,0
2019-10-10,BREAD,GW,6,12,18,-2,0,6,14,0,0,0,0,0,0,0
2019-10-10,BREAD,DK,30,0,30,1,0,0,29,0,0,0,0,0,0,0
2019-10-10,BREAD,H5|Cran,11,20,31,1,0,12,18,4,8,12,0,0,0,4
2019-10-10,BREAD,CSRWL,6,12,18,10,1,2,5,2,0,2,2,0,0,0
2019-10-10,BREAD,PUMP PIE SW,5,12,17,6,2,6,3,0,2,2,1,0,0,1
2019-10-10,BREAD,CB,0,0,0,0,0,0,0,0,0,0,0,0,0,0
2019-10-10,BREAD,CNE,7,0,7,3,0,4,0,2,0,2,2,0,0,0
2019-10-10,BREAD,CNR,3,0,3,-2,0,5,0,0,0,0,0,0,0,0
2019-10-10,BREAD,CNW,3,0,3,0,0,3,0,0,0,0,0,0,0,0
2019-10-10,BREAD,CG,4,0,4,4,0,0,0,0,0,0,0,0,0,0
2019-10-10,BREAD,Pesto CG,4,0,4,4,0,0,0,0,0,0,0,0,0,0
2019-10-10,BREAD,CH,0,0,0,0,0,0,0,0,0,0,0,0,0,0
2019-10-10,BREAD,VS,0,15,15,5,0,0,10,0,2,2,1,0,0,1
2019-10-10,BREAD,SOURDOUGH,2,0,2,2,0,0,0,0,0,0,0,0,0,0
2019-10-10,BREAD,SOUR JC,4,0,4,1,0,3,0,0,0,0,0,0,0,0
2019-10-10,BREAD,Sour RG,4,0,4,0,0,4,0,0,0,0,0,0,0,0
2019-10-10,BREAD,CB-PB,0,0,0,0,0,0,0,0,0,0,0,0,0,0
2019-10-10,BREAD,WC,0,0,0,0,0,0,0,0,0,0,0,0,0,0
2019-10-10,BREAD,Car,0,0,0,0,0,0,0,0,0,0,0,0,0,0
2019-10-10,BREAD,IHF,0,0,0,0,0,0,0,0,0,0,0,0,0,0
2019-10-10,BREAD,Witch F,0,6,6,2,0,0,4,0,0,0,0,0,0,0
2019-10-10,BREAD,Spiders,1,0,1,-1,0,0,2,0,0,0,0,0,0,0
2019-10-10,BREAD,BUT Rls,0,0,0,0,0,0,0,0,0,0,0,0,0,0
2019-10-10,BREAD,H-RLS,1,2,3,-5,0,6,2,0,0,0,0,0,0,0
2019-10-10,BREAD,FR-RLS,0,2,2,-2,0,4,0,0,0,0,0,0,0,0
2019-10-10,BREAD,VS-RLS,0,6,6,1,0,5,0,0,0,0,0,0,0,0
2019-10-10,BREAD,Blue Stru,1,4,5,3,0,1,1,0,0,0,0,0,0,0
2019-10-10,BREAD,Choc Carm,1,6,7,2,0,1,4,0,0,0,0,0,0,0
2019-10-10,BREAD,Pump CC,1,11,12,1,1,1,9,0,0,0,0,0,0,0
2019-10-10,ROLLS,Cinnamon,0,204,204,143,12,49,0,0,0,0,0,0,0,0
2019-10-10,ROLLS,Pump C-R,0,108,108,108,0,0,0,0,0,0,0,0,0,0
2019-10-10,ROLLS,Mini C-Roll,0,24,24,0,24,0,0,0,0,0,0,0,0,0
2019-10-10,SCONES,Blueberry,0,48,48,42,0,6,0,0,4,4,0,0,0,0
2019-10-10,SCONES,Rasp Cream,0,0,0,0,0,0,0,0,0,0,0,0,0,0
2019-10-10,SCONES,Cherry,0,0,0,0,0,0,0,0,0,0,0,0,0,0
2019-10-10,SCONES,Butt Almond,0,0,0,0,0,0,0,0,0,0,0,0,0,0
2019-10-10,SCONES,Turtle,0,42,42,18,0,24,0,0,4,4,0,0,0,0
2019-10-10,SCONES,Cin Chip,0,0,0,0,0,0,0,0,0,0,0,0,0,0
2019-10-10,SCONES,pb choc,0,0,0,0,0,0,0,0,0,0,0,0,0,0
2019-10-10,SCONES,Pump Spice,0,50,50,26,0,24,0,0,0,0,0,0,0,0
2019-10-10,FRUIT BARS,Mixed Berry,0,8,8,5,1,2,0,0,0,0,0,0,0,0
2019-10-10,FRUIT BARS,Cherry,0,12,12,10,2,0,0,0,0,0,0,0,0,0
2019-10-10,FRUIT BARS,Apple Cin,0,0,0,0,0,0,0,0,0,0,0,0,0,0
2019-10-10,FRUIT BARS,MIXED FRUIT,0,0,0,0,0,0,0,0,0,0,0,0,0,0
2019-10-10,MUFFINS,Blue Stru,0,20,20,11,0,9,0,0,2,2,0,0,0,0
2019-10-10,MUFFINS,Choc Carm,0,14,14,11,0,3,0,0,2,2,0,0,0,0
2019-10-10,MUFFINS,Pump CC,0,22,22,20,0,2,0,0,0,0,0,0,0,0
2019-10-10,MUFFINS,Cookies,0,0,0,0,0,0,0,0,0,0,0,0,0,0
2019-10-10,MUFFINS,Bars,0,0,0,0,0,0,0,0,0,0,0,0,0,0
2019-10-10,MUFFINS,oatmeal choc,10,30,40,24,10,6,0,0,0,0,0,0,0,0
2019-10-10,MUFFINS,triple choc,7,42,49,32,10,0,7,0,0,0,0,0,0,0
2019-10-10,MUFFINS,snickerdoodle,3,42,45,17,10,0,18,0,0,0,0,0,0,0
2019-10-10,MUFFINS,Oat Butter,3,30,33,15,9,9,0,0,0,0,0,0,0,0
2019-10-10,MUFFINS,frosted sugar,7,18,25,2,0,0,23,0,0,0,0,0,0,0
2019-10-10,MUFFINS,Pumpkin Bars,4,28,32,21,0,0,11,0,0,0,0,0,0,0
2019-10-10,MUFFINS,brownie,8,15,23,14,0,0,9,0,0,0,0,0,0,0
2019-10-10,MUFFINS,Kahuna Bar,0,20,20,6,0,0,14,0,0,0,0,0,0,0
2019-10-10,MUFFINS,Bread Pudding,0,0,0,0,0,0,0,0,0,0,0,0,0,0
2019-10-10,MUFFINS,Totals,42,777,819,525,78,134,82,0,12,12,0,0,0,0
2019-10-11,BREAD,H,37,22,59,25,2,0,32,0,0,0,0,0,0,0
2019-10-11,BREAD,FR,21,25,46,21,1,0,24,0,0,0,0,0,0,0
2019-10-11,BREAD,GW,14,10,24,9,0,9,6,0,0,0,0,0,0,0
2019-10-11,BREAD,DK,29,17,46,22,0,0,24,0,0,0,0,0,0,0
2019-10-11,BREAD,H5|Cran,18,0,18,9,0,0,9,4,0,4,4,0,0,0
2019-10-11,BREAD,CSRWL,5,16,21,21,0,0,0,0,4,4,2,0,0,2
2019-10-11,BREAD,PUMP PIE SW,3,16,19,14,0,0,5,1,2,3,3,0,0,0
2019-10-11,BREAD,CB,0,9,9,7,0,0,2,0,4,4,4,0,0,0
2019-10-11,BREAD,CNE,0,18,18,15,1,0,2,0,3,3,3,0,0,0
2019-10-11,BREAD,CNR,0,8,8,7,0,0,1,0,0,0,0,0,0,0
2019-10-11,BREAD,CNW,0,8,8,7,0,0,1,0,0,0,0,0,0,0
2019-10-11,BREAD,CG,0,10,10,8,0,0,2,0,5,5,5,0,0,0
2019-10-11,BREAD,Pesto CG,0,6,6,5,0,0,1,0,0,0,0,0,0,0
2019-10-11,BREAD,CH,0,0,0,0,0,0,0,0,0,0,0,0,0,0
2019-10-11,BREAD,VS,10,0,10,10,0,0,0,1,0,1,1,0,0,0
2019-10-11,BREAD,SOURDOUGH,0,14,14,9,1,0,4,0,0,0,0,0,0,0
2019-10-11,BREAD,SOUR JC,0,6,6,2,0,0,4,0,0,0,0,0,0,0
2019-10-11,BREAD,Sour RG,0,6,6,3,0,0,3,0,0,0,0,0,0,0
2019-10-11,BREAD,CB-PB,0,6,6,5,0,0,1,0,2,2,2,0,0,0
2019-10-11,BREAD,WC,0,0,0,0,0,0,0,0,0,0,0,0,0,0
2019-10-11,BREAD,Car,0,0,0,0,0,0,0,0,0,0,0,0,0,0
2019-10-11,BREAD,IHF,0,0,0,0,0,0,0,0,0,0,0,0,0,0
2019-10-11,BREAD,Witch F,4,0,4,4,0,0,0,0,0,0,0,0,0,0
2019-10-11,BREAD,Spiders,2,6,8,7,1,0,0,0,0,0,0,0,0,0
2019-10-11,BREAD,BUT Rls,0,0,0,0,0,0,0,0,0,0,0,0,0,0
2019-10-11,BREAD,H-RLS,2,5,7,3,0,0,4,0,0,0,0,0,0,0
2019-10-11,BREAD,FR-RLS,0,6,6,5,0,0,1,0,0,0,0,0,0,0
2019-10-11,BREAD,VS-RLS,0,0,0,0,0,0,0,0,0,0,0,0,0,0
2019-10-11,BREAD,Blue Stru,1,8,9,7,1,0,1,0,0,0,0,0,0,0
2019-10-11,BREAD,Choc Carm,4,2,6,1,0,4,1,0,0,0,0,0,0,0
2019-10-11,BREAD,Pump CC,9,3,12,4,1,5,2,0,0,0,0,0,0,0
2019-10-11,ROLLS,Cinnamon,0,36,36,36,0,0,0,0,0,0,0,0,0,0
2019-10-11,ROLLS,Pump C-R,0,24,24,23,0,1,0,0,0,0,0,0,0,0
2019-10-11,ROLLS,Mini C-Roll,0,0,0,0,0,0,0,0,0,0,0,0,0,0
2019-10-11,SCONES,Blueberry,0,0,0,0,0,0,0,0,0,0,0,0,0,0
2019-10-11,SCONES,Rasp Cream,0,0,0,0,0,0,0,0,0,0,0,0,0,0
2019-10-11,SCONES,Cherry,0,18,18,10,4,4,0,0,0,0,0,0,0,0
2019-10-11,SCONES,Butt Almond,0,14,14,13,0,1,0,0,0,0,0,0,0,0
2019-10-11,SCONES,Turtle,0,0,0,0,0,0,0,0,0,0,0,0,0,0
2019-10-11,SCONES,Cin Chip,0,0,0,0,0,0,0,0,0,0,0,0,0,0
2019-10-11,SCONES,pb choc,0,0,0,0,0,0,0,0,0,0,0,0,0,0
2019-10-11,SCONES,Pump Spice,0,14,14,13,0,1,0,0,0,0,0,0,0,0
2019-10-11,FRUIT BARS,Mixed Berry,0,8,8,3,5,0,0,0,0,0,0,0,0,0
2019-10-11,FRUIT BARS,Cherry,0,12,12,5,7,0,0,0,0,0,0,0,0,0
2019-10-11,FRUIT BARS,Apple Cin,0,0,0,0,0,0,0,0,0,0,0,0,0,0
2019-10-11,FRUIT BARS,MIXED FRUIT,0,0,0,0,0,0,0,0,0,0,0,0,0,0
2019-10-11,MUFFINS,Blue Stru,0,7,7,7,0,0,0,0,0,0,0,0,0,0
2019-10-11,MUFFINS,Choc Carm,0,5,5,5,0,0,0,0,0,0,0,0,0,0
2019-10-11,MUFFINS,Pump CC,0,20,20,8,12,0,0,0,0,0,0,0,0,0
2019-10-11,MUFFINS,Cookies,0,0,0,0,0,0,0,0,0,0,0,0,0,0
2019-10-11,MUFFINS,Bars,0,0,0,0,0,0,0,0,0,0,0,0,0,0
2019-10-11,MUFFINS,oatmeal choc,0,30,30,8,4,2,16,0,6,6,0,0,0,0
2019-10-11,MUFFINS,triple choc,7,24,31,12,4,6,9,0,6,6,0,0,0,0
2019-10-11,MUFFINS,snickerdoodle,18,12,30,22,4,1,3,0,4,4,0,0,0,0
2019-10-11,MUFFINS,Oat Butter,0,18,18,0,3,0,15,0,4,4,0,0,0,0
2019-10-11,MUFFINS,frosted sugar,23,0,23,19,4,0,0,0,0,0,0,0,0,0
2019-10-11,MUFFINS,Pumpkin Bars,11,0,11,8,0,3,0,0,0,0,0,0,0,0
2019-10-11,MUFFINS,brownie,9,0,9,5,0,4,0,0,0,0,0,0,0,0
2019-10-11,MUFFINS,Kahuna,14,0,14,6,0,8,0,0,0,0,0,0,0,0
2019-10-11,MUFFINS,Bread Pudding,0,0,0,0,0,0,0,0,0,0,0,0,0,0
2019-10-11,MUFFINS,Totals,82,242,324,203,47,31,43,0,20,20,0,0,0,0
2019-10-12,BREAD,H,32,0,32,15,0,17,0,0,0,0,0,0,0,0
2019-10-12,BREAD,FR,24,0,24,16,0,8,0,0,0,0,0,0,0,0
2019-10-12,BREAD,GW,6,0,6,-3,0,9,0,0,0,0,0,0,0,0
2019-10-12,BREAD,DK,24,0,24,14,0,10,0,0,0,0,0,0,0,0
2019-10-12,BREAD,H5|Cran,9,0,9,5,0,4,0,0,0,0,-1,0,0,0
2019-10-12,BREAD,CSRWL,0,12,12,10,2,0,0,2,0,2,2,0,0,0
2019-10-12,BREAD,PUMP PIE SW,5,2,7,7,0,0,0,0,0,0,0,0,0,0
2019-10-12,BREAD,CB,2,0,2,2,0,0,0,0,0,0,0,0,0,0
2019-10-12,BREAD,CNE,2,0,2,2,0,0,0,0,0,0,0,0,0,0
2019-10-12,BREAD,CNR,1,0,1,1,0,0,0,0,0,0,0,0,0,0
2019-10-12,BREAD,CNW,1,0,1,1,0,0,0,0,0,0,0,0,0,0
2019-10-12,BREAD,CG,2,0,2,1,0,1,0,0,0,0,0,0,0,0
2019-10-12,BREAD,Pesto CG,1,0,1,1,0,0,0,0,0,0,0,0,0,0
2019-10-12,BREAD,CH,0,0,0,-1,1,0,0,0,0,0,0,0,0,0
2019-10-12,BREAD,VS,0,0,0,0,0,0,0,0,0,0,0,0,0,0
2019-10-12,BREAD,SOURDOUGH,4,0,4,1,0,3,0,0,0,0,0,0,0,0
2019-10-12,BREAD,SOUR JC,4,0,4,2,0,2,0,0,0,0,0,0,0,0
2019-10-12,BREAD,Sour RG,3,0,3,3,0,0,0,0,0,0,0,0,0,0
2019-10-12,BREAD,CB-PB,1,0,1,1,0,0,0,0,0,0,0,0,0,0
2019-10-12,BREAD,WC,0,0,0,0,0,0,0,0,0,0,0,0,0,0
2019-10-12,BREAD,Car,0,0,0,-6,0,0,6,0,0,0,0,0,0,0
2019-10-12,BREAD,IHF,0,0,0,-5,0,0,5,0,0,0,0,0,0,0
2019-10-12,BREAD,Witch F,0,0,0,-4,0,4,0,0,0,0,0,0,0,0
2019-10-12,BREAD,Spiders,0,0,0,0,0,0,0,0,0,0,0,0,0,0
2019-10-12,BREAD,BUT Rls,0,0,0,0,0,0,0,0,0,0,0,0,0,0
2019-10-12,BREAD,H-RLS,4,0,4,-2,0,6,0,0,0,0,0,0,0,0
2019-10-12,BREAD,FR-RLS,1,0,1,1,0,0,0,0,0,0,0,0,0,0
2019-10-12,BREAD,VS-RLS,0,0,0,0,0,0,0,0,0,0,0,0,0,0
2019-10-12,BREAD,Blue Stru,1,4,5,1,2,2,0,0,0,0,0,0,0,0
2019-10-12,BREAD,Choc Carm,1,4,5,1,2,2,0,0,0,0,0,0,0,0
2019-10-12,BREAD,Pump CC,2,2,4,3,0,1,0,0,0,0,0,0,0,0
2019-10-12,ROLLS,Cinnamon,0,96,96,32,50,14,0,0,0,0,0,0,0,0
2019-10-12,ROLLS,Pump C-R,0,48,48,40,2,6,0,0,0,0,0,0,0,0
2019-10-12,ROLLS,Mini C-Roll,0,72,72,0,72,0,0,0,0,0,0,0,0,0
2019-10-12,SCONES,Blueberry,0,37,37,21,0,16,0,0,7,7,0,0,0,0
2019-10-12,SCONES,Rasp Cream,0,0,0,0,0,0,0,0,0,0,0,0,0,0
2019-10-12,SCONES,Cherry,0,0,0,0,0,0,0,0,0,0,0,0,0,0
2019-10-12,SCONES,Butt Almond,0,20,20,15,0,5,0,0,7,7,0,0,0,0
2019-10-12,SCONES,Turtle,0,0,0,0,0,0,0,0,0,0,0,0,0,0
2019-10-12,SCONES,Cin Chip,0,0,0,0,0,0,0,0,0,0,0,0,0,0
2019-10-12,SCONES,pb choc,0,0,0,0,0,0,0,0,0,0,0,0,0,0
2019-10-12,SCONES,Pump Spice,0,18,18,16,0,2,0,0,6,6,0,0,0,0
2019-10-12,FRUIT BARS,Mixed Berry,0,0,0,0,0,0,0,0,0,0,0,0,0,0
2019-10-12,FRUIT BARS,Cherry,0,0,0,0,0,0,0,0,0,0,0,0,0,0
2019-10-12,FRUIT BARS,Apple Cin,0,12,12,6,5,1,0,0,0,0,0,0,0,0
2019-10-12,FRUIT BARS,MIXED FRUIT,0,8,8,5,3,0,0,0,0,0,0,0,0,0
2019-10-12,MUFFINS,Blue Stru,0,8,8,8,0,0,0,0,0,0,0,0,0,0
2019-10-12,MUFFINS,Choc Carm,0,8,8,8,0,0,0,0,0,0,0,0,0,0
2019-10-12,MUFFINS,Pump CC,0,10,10,2,0,8,0,0,12,12,0,0,0,0
2019-10-12,MUFFINS,Cookies,0,0,0,0,0,0,0,0,0,0,0,0,0,0
2019-10-12,MUFFINS,Bars,0,0,0,0,0,0,0,0,0,0,0,0,0,0
2019-10-12,MUFFINS,oatmeal choc,16,6,22,17,5,0,0,0,0,0,0,0,0,0
2019-10-12,MUFFINS,triple choc,9,6,15,11,4,0,0,0,0,0,0,0,0,0
2019-10-12,MUFFINS,snickerdoodle,3,12,15,9,0,6,0,0,0,0,0,0,0,0
2019-10-12,MUFFINS,Oat Butter,15,0,15,-7,4,18,0,0,0,0,0,0,0,0
2019-10-12,MUFFINS,frosted sugar,0,12,12,6,0,0,6,0,0,0,0,0,0,0
2019-10-12,MUFFINS,Pumpkin Bars,0,12,12,12,0,0,0,0,0,0,0,0,0,0
2019-10-12,MUFFINS,brownie,0,0,0,0,0,0,0,0,0,0,0,0,0,0
2019-10-12,MUFFINS,kahuna,0,0,0,-8,0,8,0,0,0,0,0,0,0,0
2019-10-12,MUFFINS,Bread Pudding,0,0,0,0,0,0,0,0,0,0,0,0,0,0
2019-10-12,MUFFINS,Totals,43,385,428,193,145,84,6,0,32,32,0,0,0,0
2019-10-13,BREAD,H,0,0,0,0,0,0,0,0,0,0,0,0,0,0
2019-10-13,BREAD,FR,0,0,0,0,0,0,0,0,0,0,0,0,0,0
2019-10-13,BREAD,GW,0,0,0,0,0,0,0,0,0,0,0,0,0,0
2019-10-13,BREAD,DK,0,0,0,0,0,0,0,0,0,0,0,0,0,0
2019-10-13,BREAD,H5|Cran,0,0,0,0,0,0,0,0,0,0,0,0,0,0
2019-10-13,BREAD,CSRWL,0,0,0,0,0,0,0,0,0,0,0,0,0,0
2019-10-13,BREAD,PUMP PIE SW,0,0,0,0,0,0,0,0,0,0,0,0,0,0
2019-10-13,BREAD,CB,0,0,0,0,0,0,0,0,0,0,0,0,0,0
2019-10-13,BREAD,CNE,0,0,0,0,0,0,0,0,0,0,0,0,0,0
2019-10-13,BREAD,CNR,0,0,0,0,0,0,0,0,0,0,0,0,0,0
2019-10-13,BREAD,CNW,0,0,0,0,0,0,0,0,0,0,0,0,0,0
2019-10-13,BREAD,CG,0,0,0,0,0,0,0,0,0,0,0,0,0,0
2019-10-13,BREAD,Pesto CG,0,0,0,0,0,0,0,0,0,0,0,0,0,0
2019-10-13,BREAD,CH,0,0,0,0,0,0,0,0,0,0,0,0,0,0
2019-10-13,BREAD,VS,0,0,0,0,0,0,0,0,0,0,0,0,0,0
2019-10-13,BREAD,SOURDOUGH,0,0,0,0,0,0,0,0,0,0,0,0,0,0
2019-10-13,BREAD,SOUR JC,0,0,0,0,0,0,0,0,0,0,0,0,0,0
2019-10-13,BREAD,Sour RG,0,0,0,0,0,0,0,0,0,0,0,0,0,0
2019-10-13,BREAD,WC,0,0,0,0,0,0,0,0,0,0,0,0,0,0
2019-10-13,BREAD,Car,6,0,6,6,0,0,0,0,0,0,0,0,0,0
2019-10-13,BREAD,IHF,5,0,5,5,0,0,0,0,0,0,0,0,0,0
2019-10-13,BREAD,Witch F,0,0,0,0,0,0,0,0,0,0,0,0,0,0
2019-10-13,BREAD,Spiders,0,0,0,0,0,0,0,0,0,0,0,0,0,0
2019-10-13,BREAD,BUT Rls,0,0,0,0,0,0,0,0,0,0,0,0,0,0
2019-10-13,BREAD,H-RLS,0,0,0,0,0,0,0,0,0,0,0,0,0,0
2019-10-13,BREAD,FR-RLS,0,0,0,0,0,0,0,0,0,0,0,0,0,0
2019-10-13,BREAD,VS-RLS,0,0,0,0,0,0,0,0,0,0,0,0,0,0
2019-10-13,BREAD,Blue Stru,0,0,0,0,0,0,0,0,0,0,0,0,0,0
2019-10-13,BREAD,Choc Carm,0,0,0,0,0,0,0,0,0,0,0,0,0,0
2019-10-13,BREAD,Pump CC,0,0,0,0,0,0,0,0,0,0,0,0,0,0
2019-10-13,ROLLS,Cinnamon,0,0,0,0,0,0,0,0,0,0,0,0,0,0
2019-10-13,ROLLS,Pump C-R,0,0,0,0,0,0,0,0,0,0,0,0,0,0
2019-10-13,ROLLS,Mini C-Roll,0,0,0,0,0,0,0,0,0,0,0,0,0,0
2019-10-13,SCONES,Blueberry,0,0,0,0,0,0,0,0,0,0,0,0,0,0
2019-10-13,SCONES,Rasp Cream,0,0,0,0,0,0,0,0,0,0,0,0,0,0
2019-10-13,SCONES,Cherry,0,0,0,0,0,0,0,0,0,0,0,0,0,0
2019-10-13,SCONES,Butt Almond,0,0,0,0,0,0,0,0,0,0,0,0,0,0
2019-10-13,SCONES,Turtle,0,0,0,0,0,0,0,0,0,0,0,0,0,0
2019-10-13,SCONES,Cin Chip,0,0,0,0,0,0,0,0,0,0,0,0,0,0
2019-10-13,SCONES,pb choc,0,0,0,0,0,0,0,0,0,0,0,0,0,0
2019-10-13,SCONES,Pump Spice,0,0,0,0,0,0,0,0,0,0,0,0,0,0
2019-10-13,FRUIT BARS,Mixed Berry,0,0,0,0,0,0,0,0,0,0,0,0,0,0
2019-10-13,FRUIT BARS,Cherry,0,0,0,0,0,0,0,0,0,0,0,0,0,0
2019-10-13,FRUIT BARS,Apple Cin,0,0,0,0,0,0,0,0,0,0,0,0,0,0
2019-10-13,FRUIT BARS,MIXED FRUIT,0,0,0,0,0,0,0,0,0,0,0,0,0,0
2019-10-13,MUFFINS,Blue Stru,0,0,0,0,0,0,0,0,0,0,0,0,0,0
2019-10-13,MUFFINS,Choc Carm,0,0,0,0,0,0,0,0,0,0,0,0,0,0
2019-10-13,MUFFINS,Pump CC,0,0,0,0,0,0,0,0,0,0,0,0,0,0
2019-10-13,MUFFINS,Cookies,0,0,0,0,0,0,0,0,0,0,0,0,0,0
2019-10-13,MUFFINS,Bars,0,0,0,0,0,0,0,0,0,0,0,0,0,0
2019-10-13,MUFFINS,oatmeal choc,0,0,0,0,0,0,0,0,0,0,0,0,0,0
2019-10-13,MUFFINS,triple choc,0,0,0,0,0,0,0,0,0,0,0,0,0,0
2019-10-13,MUFFINS,snickerdoodle,0,0,0,0,0,0,0,0,0,0,0,0,0,0
2019-10-13,MUFFINS,Oat Butter,0,0,0,0,0,0,0,0,0,0,0,0,0,0
2019-10-13,MUFFINS,frosted sugar,6,0,6,6,0,0,0,0,0,0,0,0,0,0
2019-10-13,MUFFINS,Pumpkin Bars,0,0,0,0,0,0,0,0,0,0,0,0,0,0
2019-10-13,MUFFINS,brownie,0,0,0,0,0,0,0,0,0,0,0,0,0,0
2019-10-13,MUFFINS,Bread Pudding,0,0,0,0,0,0,0,0,0,0,0,0,0,0
2019-10-13,MUFFINS,Totals,6,0,6,6,0,0,0,0,0,0,0,0,0,0
2019-10-14,BREAD,H,0,39,39,18,0,0,21,0,0,0,0,0,0,0
2019-10-14,BREAD,FR,0,32,32,29,0,0,3,0,0,0,0,0,0,0
2019-10-14,BREAD,GW,0,3,3,3,0,0,0,0,0,0,0,0,0,0
2019-10-14,BREAD,DK,0,25,25,9,0,0,16,0,0,0,0,0,0,0
2019-10-14,BREAD,H5|Cran,0,0,0,0,0,0,0,0,0,0,0,0,0,0
2019-10-14,BREAD,CSRWL,0,16,16,15,0,0,1,0,4,4,1,0,0,3
2019-10-14,BREAD,PUMP PIE SW,0,12,12,8,0,0,4,0,2,2,1,0,0,1
2019-10-14,BREAD,CB,0,0,0,0,0,0,0,0,0,0,0,0,0,0
2019-10-14,BREAD,CNE,0,11,11,8,3,0,0,0,3,3,3,0,0,0
2019-10-14,BREAD,CNR,0,4,4,0,0,0,4,0,0,0,0,0,0,0
2019-10-14,BREAD,CNW,0,4,4,1,0,0,3,0,0,0,0,0,0,0
2019-10-14,BREAD,CG,0,6,6,6,0,0,0,0,3,3,3,0,0,0
2019-10-14,BREAD,Pesto CG,0,3,3,1,0,0,2,0,0,0,0,0,0,0
2019-10-14,BREAD,CH,0,0,0,0,0,0,0,0,0,0,0,0,0,0
2019-10-14,BREAD,VS,0,0,0,0,0,0,0,0,0,0,0,0,0,0
2019-10-14,BREAD,SOURDOUGH,0,9,9,4,0,0,5,0,0,0,0,0,0,0
2019-10-14,BREAD,SOUR JC,0,3,3,1,0,0,2,0,0,0,0,0,0,0
2019-10-14,BREAD,Sour RG,0,4,4,3,0,0,1,0,0,0,0,0,0,0
2019-10-14,BREAD,CB-PB,0,0,0,0,0,0,0,0,0,0,0,0,0,0
2019-10-14,BREAD,WC,0,0,0,0,0,0,0,0,0,0,0,0,0,0
2019-10-14,BREAD,Car,0,0,0,0,0,0,0,0,0,0,0,0,0,0
2019-10-14,BREAD,IHF,0,0,0,0,0,0,0,0,0,0,0,0,0,0
2019-10-14,BREAD,SOUR-Rls,0,2,2,0,2,0,0,0,0,0,0,0,0,0
2019-10-14,BREAD,Witch F,0,0,0,0,0,0,0,0,0,0,0,0,0,0
2019-10-14,BREAD,Spiders,0,0,0,0,0,0,0,0,0,0,0,0,0,0
2019-10-14,BREAD,BUT Rls,0,0,0,0,0,0,0,0,0,0,0,0,0,0
2019-10-14,BREAD,H-RLS,0,2,2,1,0,0,1,0,0,0,0,0,0,0
2019-10-14,BREAD,FR-RLS,0,2,2,2,0,0,0,0,0,0,0,0,0,0
2019-10-14,BREAD,VS-RLS,0,0,0,0,0,0,0,0,0,0,0,0,0,0
2019-10-14,BREAD,Blue Stru,0,4,4,1,0,0,3,0,0,0,0,0,0,0
2019-10-14,BREAD,Choc Carm,0,3,3,1,0,0,2,0,0,0,0,0,0,0
2019-10-14,BREAD,Pump CC,0,5,5,3,0,0,2,0,0,0,0,0,0,0
2019-10-14,ROLLS,Cinnamon,0,24,24,19,0,5,0,0,0,0,0,0,0,0
2019-10-14,ROLLS,Pump C-R,0,12,12,12,0,0,0,0,0,0,0,0,0,0
2019-10-14,ROLLS,Mini C-Roll,0,0,0,0,0,0,0,0,0,0,0,0,0,0
2019-10-14,SCONES,Blueberry,0,0,0,0,0,0,0,0,0,0,0,0,0,0
2019-10-14,SCONES,Rasp Cream,0,11,11,11,0,0,0,0,0,0,0,0,0,0
2019-10-14,SCONES,Cherry,0,0,0,0,0,0,0,0,0,0,0,0,0,0
2019-10-14,SCONES,Butt Almond,0,0,0,0,0,0,0,0,0,0,0,0,0,0
2019-10-14,SCONES,Turtle,0,0,0,0,0,0,0,0,0,0,0,0,0,0
2019-10-14,SCONES,Cin Chip,0,11,11,8,0,3,0,0,0,0,0,0,0,0
2019-10-14,SCONES,pb choc,0,0,0,0,0,0,0,0,0,0,0,0,0,0
2019-10-14,SCONES,Pump Spice,0,8,8,8,0,0,0,0,0,0,0,0,0,0
2019-10-14,FRUIT BARS,Mixed Berry,0,8,8,8,0,0,0,0,0,0,0,0,0,0
2019-10-14,FRUIT BARS,Cherry,0,12,12,8,0,4,0,0,0,0,0,0,0,0
2019-10-14,FRUIT BARS,Apple Cin,0,0,0,0,0,0,0,0,0,0,0,0,0,0
2019-10-14,FRUIT BARS,MIXED FRUIT,0,0,0,0,0,0,0,0,0,0,0,0,0,0
2019-10-14,MUFFINS,Blue Stru,0,5,5,5,0,0,0,0,0,0,0,0,0,0
2019-10-14,MUFFINS,Choc Carm,0,4,4,3,0,1,0,0,0,0,0,0,0,0
2019-10-14,MUFFINS,Pump CC,0,6,6,6,0,0,0,0,0,0,0,0,0,0
2019-10-14,MUFFINS,Cookies,0,0,0,0,0,0,0,0,0,0,0,0,0,0
2019-10-14,MUFFINS,Bars,0,0,0,0,0,0,0,0,0,0,0,0,0,0
2019-10-14,MUFFINS,oatmeal choc,0,24,24,19,4,0,1,0,0,0,0,0,0,0
2019-10-14,MUFFINS,triple choc,0,24,24,13,4,0,7,0,0,0,0,0,0,0
2019-10-14,MUFFINS,snickerdoodle,0,24,24,20,4,0,0,0,0,0,0,0,0,0
2019-10-14,MUFFINS,Oat Butter,0,18,18,15,3,0,0,0,0,0,0,0,0,0
2019-10-14,MUFFINS,frosted sugar,6,18,24,4,0,4,16,0,0,0,0,0,0,0
2019-10-14,MUFFINS,Pumpkin Bars,0,0,0,0,0,0,0,0,0,0,0,0,0,0
2019-10-14,MUFFINS,brownie,0,0,0,0,0,0,0,0,0,0,0,0,0,0
2019-10-14,MUFFINS,Bread Pudding,0,0,0,0,0,0,0,0,0,0,0,0,0,0
2019-10-14,MUFFINS,Totals,6,209,215,159,15,17,24,0,0,0,0,0,0,0
2019-10-15,BREAD,H,21,22,43,13,0,0,30,0,0,0,0,0,0,0
2019-10-15,BREAD,FR,3,18,21,14,0,0,7,0,0,0,0,0,0,0
2019-10-15,BREAD,GW,0,12,12,5,0,0,7,0,0,0,0,0,0,0
2019-10-15,BREAD,DK,16,0,16,10,0,0,6,0,0,0,0,0,0,0
2019-10-15,BREAD,H5|Cran,0,17,17,10,0,0,7,0,10,10,4,0,0,6
2019-10-15,BREAD,CSRWL,1,15,16,11,0,0,5,3,3,6,4,0,0,0
2019-10-15,BREAD,PUMP PIE SW,4,8,12,5,0,2,5,1,0,1,-1,0,0,2
2019-10-15,BREAD,CB,0,8,8,4,0,0,4,0,3,3,1,0,0,2
2019-10-15,BREAD,CNE,0,0,0,0,0,0,0,0,0,0,0,0,0,0
2019-10-15,BREAD,CNR,4,0,4,1,0,3,0,0,0,0,0,0,0,0
2019-10-15,BREAD,CNW,3,0,3,1,0,2,0,0,0,0,0,0,0,0
2019-10-15,BREAD,CG,0,0,0,0,0,0,0,0,0,0,0,0,0,0
2019-10-15,BREAD,Pesto CG,2,0,2,2,0,0,0,0,0,0,0,0,0,0
2019-10-15,BREAD,CH,0,4,4,3,0,0,1,0,0,0,0,0,0,0
2019-10-15,BREAD,VS,0,10,10,5,0,0,5,0,3,3,3,0,0,0
2019-10-15,BREAD,SOURDOUGH,5,0,5,3,0,2,0,0,0,0,0,0,0,0
2019-10-15,BREAD,SOUR JC,2,0,2,1,0,1,0,0,0,0,0,0,0,0
2019-10-15,BREAD,Sour RG,1,0,1,0,0,1,0,0,0,0,0,0,0,0
2019-10-15,BREAD,CB-PB,0,7,7,7,0,0,0,0,2,2,2,0,0,0
2019-10-15,BREAD,WC,0,0,0,0,0,0,0,0,0,0,0,0,0,0
2019-10-15,BREAD,Car,0,0,0,0,0,0,0,0,0,0,0,0,0,0
2019-10-15,BREAD,IHF,0,25,25,25,0,0,0,0,0,0,0,0,0,0
2019-10-15,BREAD,Witch F,0,6,6,1,0,0,5,0,0,0,0,0,0,0
2019-10-15,BREAD,Spiders,0,3,3,3,0,0,0,0,0,0,0,0,0,0
2019-10-15,BREAD,BUT Rls,0,0,0,0,0,0,0,0,0,0,0,0,0,0
2019-10-15,BREAD,H-RLS,1,2,3,0,0,1,2,0,0,0,0,0,0,0
2019-10-15,BREAD,FR-RLS,0,3,3,0,0,0,3,0,0,0,0,0,0,0
2019-10-15,BREAD,VS-RLS,0,3,3,0,0,0,3,0,0,0,0,0,0,0
2019-10-15,BREAD,Blue Stru,3,1,4,0,0,4,0,0,0,0,0,0,0,0
2019-10-15,BREAD,Choc Carm,2,1,3,1,0,2,0,0,0,0,0,0,0,0
2019-10-15,BREAD,Pump CC,2,3,5,4,0,1,0,0,0,0,0,0,0,0
2019-10-15,ROLLS,Cinnamon,0,24,24,19,0,5,0,0,0,0,0,0,0,0
2019-10-15,ROLLS,Pump C-R,0,12,12,7,0,5,0,0,0,0,0,0,0,0
2019-10-15,ROLLS,Mini C-Roll,0,0,0,0,0,0,0,0,0,0,0,0,0,0
2019-10-15,SCONES,Blueberry,0,11,11,11,0,0,0,0,0,0,0,0,0,0
2019-10-15,SCONES,Rasp Cream,0,0,0,0,0,0,0,0,0,0,0,0,0,0
2019-10-15,SCONES,Cherry,0,0,0,0,0,0,0,0,0,0,0,0,0,0
2019-10-15,SCONES,Butt Almond,0,0,0,0,0,0,0,0,0,0,0,0,0,0
2019-10-15,SCONES,Turtle,0,0,0,0,0,0,0,0,0,0,0,0,0,0
2019-10-15,SCONES,Cin Chip,0,11,11,11,0,0,0,0,0,0,0,0,0,0
2019-10-15,SCONES,pb choc,0,0,0,0,0,0,0,0,0,0,0,0,0,0
2019-10-15,SCONES,Pump Spice,0,8,8,8,0,0,0,0,0,0,0,0,0,0
2019-10-15,FRUIT BARS,Mixed Berry,0,0,0,0,0,0,0,0,0,0,0,0,0,0
2019-10-15,FRUIT BARS,Cherry,0,0,0,0,0,0,0,0,0,0,0,0,0,0
2019-10-15,FRUIT BARS,Apple Cin,0,12,12,10,0,2,0,0,0,0,0,0,0,0
2019-10-15,FRUIT BARS,MIXED FRUIT,0,8,8,8,0,0,0,0,0,0,0,0,0,0
2019-10-15,MUFFINS,Blue Stru,0,5,5,5,0,0,0,0,0,0,0,0,0,0
2019-10-15,MUFFINS,Choc Carm,0,5,5,5,0,0,0,0,0,0,0,0,0,0
2019-10-15,MUFFINS,Pump CC,0,6,6,6,0,0,0,0,0,0,0,0,0,0
2019-10-15,MUFFINS,Cookies,0,0,0,0,0,0,0,0,0,0,0,0,0,0
2019-10-15,MUFFINS,Bars,0,0,0,0,0,0,0,0,0,0,0,0,0,0
2019-10-15,MUFFINS,oatmeal choc,1,24,25,11,6,0,8,0,4,4,0,0,0,0
2019-10-15,MUFFINS,triple choc,7,18,25,16,7,0,2,0,4,4,0,0,0,0
2019-10-15,MUFFINS,snickerdoodle,0,24,24,14,7,0,3,0,2,2,0,0,0,0
2019-10-15,MUFFINS,Oat Butter,0,18,18,5,6,0,7,0,2,2,0,0,0,0
2019-10-15,MUFFINS,frosted sugar,16,0,16,7,0,0,9,0,0,0,0,0,0,0
2019-10-15,MUFFINS,Pumpkin Bars,0,6,6,6,0,0,0,0,0,0,0,0,0,0
2019-10-15,MUFFINS,brownie,0,6,6,5,0,0,1,0,0,0,0,0,0,0
2019-10-15,MUFFINS,Bread Pudding,0,0,0,0,0,0,0,0,0,0,0,0,0,0
2019-10-15,MUFFINS,Totals,24,198,222,154,26,12,30,0,12,12,0,0,0,0
2019-10-16,BREAD,H,30,0,30,8,4,0,18,0,0,0,0,0,0,0
2019-10-16,BREAD,FR,7,0,7,6,0,0,1,0,0,0,0,0,0,0
2019-10-16,BREAD,GW,7,0,7,0,0,0,7,0,0,0,0,0,0,0
2019-10-16,BREAD,DK,6,0,6,-15,0,0,21,0,0,0,0,0,0,0
2019-10-16,BREAD,H5|Cran,7,0,7,7,0,0,0,6,0,6,5,0,0,1
2019-10-16,BREAD,CSRWL,5,16,21,21,0,0,0,0,4,4,3,0,0,1
2019-10-16,BREAD,PUMP PIE SW,5,16,21,15,0,0,6,2,2,4,4,0,0,0
2019-10-16,BREAD,CB,4,0,4,3,0,0,1,2,0,2,2,0,0,0
2019-10-16,BREAD,CNE,0,0,0,-13,2,0,11,0,0,0,-3,0,0,3
2019-10-16,BREAD,CNR,0,0,0,-2,0,0,2,0,0,0,0,0,0,0
2019-10-16,BREAD,CNW,0,0,0,-3,0,0,3,0,0,0,0,0,0,0
2019-10-16,BREAD,CG,0,0,0,-2,0,0,2,0,0,0,0,0,0,0
2019-10-16,BREAD,Pesto CG,0,0,0,-5,0,0,5,0,0,0,0,0,0,0
2019-10-16,BREAD,CH,1,0,1,0,0,0,1,0,0,0,0,0,0,0
2019-10-16,BREAD,VS,5,0,5,4,0,0,1,0,0,0,0,0,0,0
2019-10-16,BREAD,SOURDOUGH,0,0,0,0,0,0,0,0,0,0,0,0,0,0
2019-10-16,BREAD,SOUR JC,0,0,0,-1,0,0,1,0,0,0,0,0,0,0
2019-10-16,BREAD,Sour RG,0,0,0,-3,0,0,3,0,0,0,0,0,0,0
2019-10-16,BREAD,CB-PB,0,0,0,0,0,0,0,0,0,0,0,0,0,0
2019-10-16,BREAD,WC,0,0,0,0,0,0,0,0,0,0,0,0,0,0
2019-10-16,BREAD,Car,0,0,0,0,0,0,0,0,0,0,0,0,0,0
2019-10-16,BREAD,IHF,0,0,0,0,0,0,0,0,0,0,0,0,0,0
2019-10-16,BREAD,Witch F,5,0,5,5,0,0,0,0,0,0,0,0,0,0
2019-10-16,BREAD,Spiders,0,0,0,0,0,0,0,0,0,0,0,0,0,0
2019-10-16,BREAD,BUT Rls,0,0,0,0,0,0,0,0,0,0,0,0,0,0
2019-10-16,BREAD,H-RLS,2,0,2,-1,0,0,3,0,0,0,0,0,0,0
2019-10-16,BREAD,FR-RLS,3,0,3,1,0,0,2,0,0,0,0,0,0,0
2019-10-16,BREAD,VS-RLS,3,0,3,3,0,0,0,0,0,0,0,0,0,0
2019-10-16,BREAD,Blue Stru,0,5,5,4,0,0,1,0,0,0,0,0,0,0
2019-10-16,BREAD,Choc Carm,0,5,5,3,0,0,2,0,0,0,0,0,0,0
2019-10-16,BREAD,Pump CC,0,8,8,6,1,0,1,0,0,0,0,0,0,0
2019-10-16,ROLLS,Cinnamon,0,48,48,20,0,28,0,0,0,0,0,0,0,0
2019-10-16,ROLLS,Pump C-R,0,24,24,24,0,0,0,0,0,0,0,0,0,0
2019-10-16,ROLLS,Mini C-Roll,0,0,0,0,0,0,0,0,0,0,0,0,0,0
2019-10-16,SCONES,Blueberry,0,0,0,0,0,0,0,0,0,0,0,0,0,0
2019-10-16,SCONES,Rasp Cream,0,21,21,17,4,0,0,0,0,0,0,0,0,0
2019-10-16,SCONES,Cherry,0,0,0,0,0,0,0,0,0,0,0,0,0,0
2019-10-16,SCONES,Butt Almond,0,0,0,0,0,0,0,0,0,0,0,0,0,0
2019-10-16,SCONES,Turtle,0,12,12,12,0,0,0,0,0,0,0,0,0,0
2019-10-16,SCONES,Cin Chip,0,0,0,0,0,0,0,0,0,0,0,0,0,0
2019-10-16,SCONES,pb choc,0,0,0,0,0,0,0,0,0,0,0,0,0,0
2019-10-16,SCONES,Pump Spice,0,22,22,15,0,7,0,0,0,0,0,0,0,0
2019-10-16,FRUIT BARS,Mixed Berry,0,8,8,7,1,0,0,0,0,0,0,0,0,0
2019-10-16,FRUIT BARS,Cherry,0,12,12,9,2,1,0,0,0,0,0,0,0,0
2019-10-16,FRUIT BARS,Apple Cin,0,0,0,0,0,0,0,0,0,0,0,0,0,0
2019-10-16,FRUIT BARS,MIXED FRUIT,0,0,0,-1,0,1,0,0,0,0,0,0,0,0
2019-10-16,MUFFINS,Blue Stru,0,8,8,5,0,3,0,0,0,0,0,0,0,0
2019-10-16,MUFFINS,Choc Carm,0,8,8,8,0,0,0,0,0,0,0,0,0,0
2019-10-16,MUFFINS,Pump CC,0,18,18,10,8,0,0,0,0,0,0,0,0,0
2019-10-16,MUFFINS,Cookies,0,0,0,0,0,0,0,0,0,0,0,0,0,0
2019-10-16,MUFFINS,Bars,0,0,0,0,0,0,0,0,0,0,0,0,0,0
2019-10-16,MUFFINS,oatmeal choc,8,18,26,26,0,0,0,0,0,0,0,0,0,0
2019-10-16,MUFFINS,triple choc,2,24,26,22,0,0,4,0,4,4,0,0,0,0
2019-10-16,MUFFINS,snickerdoodle,3,24,27,26,0,0,1,0,6,6,0,0,0,0
2019-10-16,MUFFINS,Oat Butter,7,12,19,17,0,0,2,0,0,0,0,0,0,0
2019-10-16,MUFFINS,frosted sugar,9,42,51,25,0,0,26,0,0,0,0,0,0,0
2019-10-16,MUFFINS,Pumpkin Bars,0,13,13,9,1,0,3,0,0,0,0,0,0,0
2019-10-16,MUFFINS,brownie,1,11,12,10,2,0,0,0,0,0,0,0,0,0
2019-10-16,MUFFINS,Bread Pudding,0,0,0,0,0,0,0,0,0,0,0,0,0,0
2019-10-16,MUFFINS,Totals,30,325,355,261,18,40,36,0,10,10,0,0,0,0
2019-10-17,BREAD,H,18,39,57,23,21,0,13,0,0,0,0,0,0,0
2019-10-17,BREAD,FR,1,61,62,18,39,0,5,0,0,0,0,0,0,0
2019-10-17,BREAD,GW,7,6,13,7,0,0,6,0,0,0,0,0,0,0
2019-10-17,BREAD,DK,21,0,21,3,0,0,18,0,0,0,0,0,0,0
2019-10-17,BREAD,H5|Cran,0,31,31,7,20,0,4,1,8,9,-1,0,0,10
2019-10-17,BREAD,CSRWL,0,20,20,16,1,0,3,1,2,3,1,0,0,2
2019-10-17,BREAD,PUMP PIE SW,6,8,14,14,0,0,0,0,0,0,0,0,0,0
2019-10-17,BREAD,CB,1,0,1,1,0,0,0,0,0,0,0,0,0,0
2019-10-17,BREAD,CNE,11,0,11,10,0,1,0,3,0,3,0,0,0,0
2019-10-17,BREAD,CNR,2,0,2,2,0,0,0,0,0,0,0,0,0,0
2019-10-17,BREAD,CNW,3,0,3,3,0,0,0,0,0,0,0,0,0,0
2019-10-17,BREAD,CG,2,0,2,1,0,1,0,0,0,0,0,0,0,0
2019-10-17,BREAD,Pesto CG,5,0,5,5,0,0,0,0,0,0,0,0,0,0
2019-10-17,BREAD,CH,1,0,1,1,0,0,0,0,0,0,0,0,0,0
2019-10-17,BREAD,VS,1,12,13,10,0,0,3,0,3,3,3,0,0,0
2019-10-17,BREAD,SOURDOUGH,0,0,0,0,0,0,0,0,0,0,0,0,0,0
2019-10-17,BREAD,SOUR JC,1,0,1,1,0,0,0,0,0,0,0,0,0,0
2019-10-17,BREAD,Sour RG,3,0,3,2,0,1,0,0,0,0,0,0,0,0
2019-10-17,BREAD,CB-PB,0,0,0,0,0,0,0,0,0,0,0,0,0,0
2019-10-17,BREAD,WC,0,0,0,0,0,0,0,0,0,0,0,0,0,0
2019-10-17,BREAD,Car,0,25,25,19,3,0,3,0,0,0,0,0,0,0
2019-10-17,BREAD,IHF,0,0,0,0,0,0,0,0,0,0,0,0,0,0
2019-10-17,BREAD,Witch F,0,6,6,6,0,0,0,0,0,0,0,0,0,0
2019-10-17,BREAD,Spiders,0,0,0,0,0,0,0,0,0,0,0,0,0,0
2019-10-17,BREAD,BUT Rls,0,0,0,0,0,0,0,0,0,0,0,0,0,0
2019-10-17,BREAD,H-RLS,3,0,3,-1,0,4,0,0,0,0,0,0,0,0
2019-10-17,BREAD,FR-RLS,2,3,5,3,0,0,2,0,0,0,0,0,0,0
2019-10-17,BREAD,VS-RLS,0,6,6,3,0,0,3,0,0,0,0,0,0,0
2019-10-17,BREAD,Blue Stru,1,4,5,3,0,1,1,0,0,0,0,0,0,0
2019-10-17,BREAD,Choc Carm,2,3,5,-1,0,3,3,0,0,0,0,0,0,0
2019-10-17,BREAD,Pump CC,1,8,9,6,1,1,1,0,0,0,0,0,0,0
2019-10-17,ROLLS,Cinnamon,0,180,180,152,24,4,0,0,0,0,0,0,0,0
2019-10-17,ROLLS,Pump C-R,0,132,132,132,0,0,0,0,0,0,0,0,0,0
2019-10-17,ROLLS,Mini C-Roll,0,0,0,0,0,0,0,0,0,0,0,0,0,0
2019-10-17,SCONES,Blueberry,0,38,38,38,0,0,0,0,2,2,2,0,0,0
2019-10-17,SCONES,Rasp Cream,0,0,0,0,0,0,0,0,0,0,0,0,0,0
2019-10-17,SCONES,Cherry,0,0,0,0,0,0,0,0,0,0,-2,0,0,0
2019-10-17,SCONES,Butt Almond,0,0,0,0,0,0,0,0,0,0,-2,0,0,0
2019-10-17,SCONES,Turtle,0,28,28,28,0,0,0,0,2,2,2,0,0,0
2019-10-17,SCONES,Cin Chip,0,0,0,0,0,0,0,0,0,0,0,0,0,0
2019-10-17,SCONES,pb choc,0,0,0,0,0,0,0,0,0,0,0,0,0,0
2019-10-17,SCONES,Pump Spice,0,36,36,36,0,0,0,0,2,2,0,0,0,0
2019-10-17,FRUIT BARS,Mixed Berry,0,8,8,7,1,0,0,0,0,0,0,0,0,0
2019-10-17,FRUIT BARS,Cherry,0,12,12,10,2,0,0,0,0,0,0,0,0,0
2019-10-17,FRUIT BARS,Apple Cin,0,0,0,0,0,0,0,0,0,0,0,0,0,0
2019-10-17,FRUIT BARS,MIXED FRUIT,0,0,0,0,0,0,0,0,0,0,0,0,0,0
2019-10-17,MUFFINS,Blue Stru,0,12,12,12,0,0,0,0,4,4,0,0,0,0
2019-10-17,MUFFINS,Choc Carm,0,16,16,11,0,5,0,0,4,4,0,0,0,0
2019-10-17,MUFFINS,Pump CC,0,28,28,26,0,2,0,0,0,0,0,0,0,0
2019-10-17,MUFFINS,Cookies,0,0,0,0,0,0,0,0,0,0,0,0,0,0
2019-10-17,MUFFINS,Bars,0,0,0,0,0,0,0,0,0,0,0,0,0,0
2019-10-17,MUFFINS,oatmeal choc,0,42,42,23,13,0,6,0,8,8,0,0,0,0
2019-10-17,MUFFINS,triple choc,4,42,46,33,13,0,0,0,10,10,0,0,0,0
2019-10-17,MUFFINS,snickerdoodle,1,42,43,30,13,0,0,0,10,10,0,0,0,0
2019-10-17,MUFFINS,Oat Butter,2,36,38,22,13,0,3,0,8,8,0,0,0,0
2019-10-17,MUFFINS,frosted sugar,26,0,26,6,0,0,20,0,0,0,0,0,0,0
2019-10-17,MUFFINS,Pumpkin Bars,3,23,26,26,0,0,0,0,0,0,0,0,0,0
2019-10-17,MUFFINS,brownie,0,26,26,26,0,0,0,0,0,0,0,0,0,0
2019-10-17,MUFFINS,Bread Pudding,0,0,0,0,0,0,0,0,0,0,0,0,0,0
2019-10-17,MUFFINS,Totals,36,701,737,618,79,11,29,0,50,50,0,0,0,0
2019-10-18,BREAD,H,13,45,58,10,1,0,47,0,0,0,0,0,0,0
2019-10-18,BREAD,FR,5,37,42,17,1,0,24,0,0,0,0,0,0,0
2019-10-18,BREAD,GW,6,11,17,14,0,3,0,0,0,0,0,0,0,0
2019-10-18,BREAD,DK,18,17,35,25,0,0,10,0,0,0,0,0,0,0
2019-10-18,BREAD,H5|Cran,4,0,4,4,0,0,0,10,0,10,4,0,0,6
2019-10-18,BREAD,CSRWL,3,20,23,18,5,0,0,2,3,5,5,0,0,0
2019-10-18,BREAD,PUMP PIE SW,0,20,20,6,4,0,10,0,5,5,4,0,0,1
2019-10-18,BREAD,CB,0,9,9,9,0,0,0,0,3,3,2,0,0,1
2019-10-18,BREAD,CNE,0,24,24,21,1,0,2,0,5,5,2,0,0,3
2019-10-18,BREAD,CNR,0,8,8,4,0,0,4,0,0,0,0,0,0,0
2019-10-18,BREAD,CNW,0,8,8,6,0,0,2,0,0,0,0,0,0,0
2019-10-18,BREAD,CG,0,16,16,15,0,0,1,0,4,4,4,0,0,0
2019-10-18,BREAD,Pesto CG,0,7,7,6,0,0,1,0,0,0,0,0,0,0
2019-10-18,BREAD,CH,0,0,0,0,0,0,0,0,0,0,0,0,0,0
2019-10-18,BREAD,VS,3,0,3,3,0,0,0,0,0,0,0,0,0,0
2019-10-18,BREAD,SOURDOUGH,0,17,17,9,0,0,8,0,0,0,0,0,0,0
2019-10-18,BREAD,SOUR JC,0,6,6,5,0,0,1,0,0,0,0,0,0,0
2019-10-18,BREAD,Sour RG,0,3,3,0,0,0,3,0,0,0,0,0,0,0
2019-10-18,BREAD,CB-PB,0,6,6,3,0,0,3,0,2,2,1,0,0,1
2019-10-18,BREAD,WC,0,0,0,0,0,0,0,0,0,0,0,0,0,0
2019-10-18,BREAD,Car,3,0,3,3,0,0,0,0,0,0,0,0,0,0
2019-10-18,BREAD,IHF,0,0,0,0,0,0,0,0,0,0,0,0,0,0
2019-10-18,BREAD,Witch F,0,0,0,-4,0,3,1,0,0,0,0,0,0,0
2019-10-18,BREAD,Spiders,0,0,0,-3,0,0,3,0,0,0,0,0,0,0
2019-10-18,BREAD,BUT Rls,0,24,24,6,9,0,9,0,0,0,0,0,0,0
2019-10-18,BREAD,H-RLS,0,5,5,3,0,0,2,0,0,0,0,0,0,0
2019-10-18,BREAD,FR-RLS,2,0,2,2,0,0,0,0,0,0,0,0,0,0
2019-10-18,BREAD,VS-RLS,3,0,3,3,0,0,0,0,0,0,0,0,0,0
2019-10-18,BREAD,Blue Stru,1,7,8,3,0,0,5,0,0,0,0,0,0,0
2019-10-18,BREAD,Choc Carm,3,3,6,6,0,0,0,0,0,0,0,0,0,0
2019-10-18,BREAD,Pump CC,1,21,22,5,14,0,3,0,0,0,0,0,0,0
2019-10-18,ROLLS,Cinnamon,0,36,36,36,0,0,0,0,0,0,0,0,0,0
2019-10-18,ROLLS,Pump C-R,0,24,24,19,0,5,0,0,0,0,0,0,0,0
2019-10-18,ROLLS,Mini C-Roll,0,192,192,0,192,0,0,0,0,0,0,0,0,0
2019-10-18,SCONES,Blueberry,0,0,0,0,0,0,0,0,0,0,0,0,0,0
2019-10-18,SCONES,Rasp Cream,0,0,0,0,0,0,0,0,0,0,0,0,0,0
2019-10-18,SCONES,Cherry,0,18,18,11,0,7,0,0,17,17,0,0,0,0
2019-10-18,SCONES,Butt Almond,0,15,15,10,2,3,0,0,17,17,0,0,0,0
2019-10-18,SCONES,Turtle,0,0,0,0,0,0,0,0,0,0,0,0,0,0
2019-10-18,SCONES,Cin Chip,0,0,0,0,0,0,0,0,0,0,0,0,0,0
2019-10-18,SCONES,pb choc,0,0,0,0,0,0,0,0,0,0,0,0,0,0
2019-10-18,SCONES,Pump Spice,0,14,14,11,2,1,0,0,40,40,0,0,0,0
2019-10-18,FRUIT BARS,Mixed Berry,0,8,8,3,5,0,0,0,0,0,0,0,0,0
2019-10-18,FRUIT BARS,Cherry,0,12,12,5,7,0,0,0,0,0,0,0,0,0
2019-10-18,FRUIT BARS,Apple Cin,0,12,12,3,7,2,0,0,0,0,0,0,0,0
2019-10-18,FRUIT BARS,MIXED FRUIT,0,8,8,1,5,2,0,0,0,0,0,0,0,0
2019-10-18,MUFFINS,Blue Stru,0,7,7,5,0,2,0,0,25,25,0,0,0,0
2019-10-18,MUFFINS,Choc Carm,0,5,5,4,0,1,0,0,43,43,0,0,0,0
2019-10-18,MUFFINS,Pump CC,0,8,8,7,0,1,0,0,42,42,0,0,0,0
2019-10-18,MUFFINS,Cookies,0,0,0,0,0,0,0,0,0,0,0,0,0,0
2019-10-18,MUFFINS,Bars,0,0,0,0,0,0,0,0,0,0,0,0,0,0
2019-10-18,MUFFINS,oatmeal choc,6,36,42,17,17,0,8,0,8,8,0,0,0,0
2019-10-18,MUFFINS,triple choc,0,90,90,11,62,0,17,0,8,8,0,0,0,0
2019-10-18,MUFFINS,snickerdoodle,0,42,42,22,17,0,3,0,6,6,0,0,0,0
2019-10-18,MUFFINS,Oat Butter,3,30,33,7,17,1,8,0,6,6,0,0,0,0
2019-10-18,MUFFINS,frosted sugar,20,0,20,10,0,0,10,0,0,0,0,0,0,0
2019-10-18,MUFFINS,Pumpkin Bars,0,17,17,3,5,0,9,0,0,0,0,0,0,0
2019-10-18,MUFFINS,brownie,0,17,17,4,5,0,8,0,0,0,0,0,0,0
2019-10-18,MUFFINS,PUM OHH,0,0,0,-3,3,0,0,0,0,0,0,0,0,0
2019-10-18,MUFFINS,Bread Pudding,0,0,0,0,0,0,0,0,0,0,0,0,0,0
2019-10-18,MUFFINS,Totals,29,591,620,186,346,25,63,0,212,212,0,0,0,0
2019-10-19,BREAD,H,47,0,47,22,0,25,0,0,0,0,0,0,0,0
2019-10-19,BREAD,FR,24,0,24,4,0,20,0,0,0,0,0,0,0,0
2019-10-19,BREAD,GW,0,4,4,0,0,4,0,0,0,0,0,0,0,0
2019-10-19,BREAD,DK,10,0,10,6,0,4,0,0,0,0,0,0,0,0
2019-10-19,BREAD,H5|Cran,0,0,0,0,0,0,0,6,0,6,6,0,0,0
2019-10-19,BREAD,CSRWL,0,0,0,-4,1,3,0,0,0,0,0,0,0,0
2019-10-19,BREAD,PUMP PIE SW,10,0,10,-1,0,11,0,1,0,1,1,0,0,0
2019-10-19,BREAD,CB,0,0,0,-3,0,3,0,1,0,1,1,0,0,0
2019-10-19,BREAD,CNE,2,0,2,0,0,2,0,3,0,3,3,0,0,0
2019-10-19,BREAD,CNR,4,0,4,0,0,4,0,0,0,0,0,0,0,0
2019-10-19,BREAD,CNW,2,0,2,0,0,2,0,0,0,0,0,0,0,0
2019-10-19,BREAD,CG,1,0,1,0,0,1,0,0,0,0,0,0,0,0
2019-10-19,BREAD,Pesto CG,1,0,1,1,0,0,0,0,0,0,0,0,0,0
2019-10-19,BREAD,CH,0,0,0,0,0,0,0,0,0,0,0,0,0,0
2019-10-19,BREAD,VS,0,0,0,0,0,0,0,0,0,0,0,0,0,0
2019-10-19,BREAD,SOURDOUGH,8,0,8,1,0,7,0,0,0,0,0,0,0,0
2019-10-19,BREAD,SOUR JC,1,0,1,1,0,0,0,0,0,0,0,0,0,0
2019-10-19,BREAD,Sour RG,3,0,3,1,0,2,0,0,0,0,0,0,0,0
2019-10-19,BREAD,CB-PB,3,0,3,1,0,2,0,1,0,1,1,0,0,0
2019-10-19,BREAD,WC,0,0,0,0,0,0,0,0,0,0,0,0,0,0
2019-10-19,BREAD,Car,0,0,0,0,0,0,0,0,0,0,0,0,0,0
2019-10-19,BREAD,IHF,0,0,0,0,0,0,0,0,0,0,0,0,0,0
2019-10-19,BREAD,Witch F,1,0,1,-3,0,4,0,0,0,0,0,0,0,0
2019-10-19,BREAD,Spiders,3,0,3,0,0,3,0,0,0,0,0,0,0,0
2019-10-19,BREAD,BUT Rls,9,0,9,6,0,3,0,0,0,0,0,0,0,0
2019-10-19,BREAD,H-RLS,2,0,2,0,0,2,0,0,0,0,0,0,0,0
2019-10-19,BREAD,FR-RLS,0,0,0,0,0,0,0,0,0,0,0,0,0,0
2019-10-19,BREAD,VS-RLS,0,0,0,0,0,0,0,0,0,0,0,0,0,0
2019-10-19,BREAD,Blue Stru,5,0,5,0,1,4,0,0,0,0,0,0,0,0
2019-10-19,BREAD,Choc Carm,0,3,3,2,0,1,0,0,0,0,0,0,0,0
2019-10-19,BREAD,Pump CC,3,3,6,4,2,0,0,0,0,0,0,0,0,0
2019-10-19,ROLLS,Cinnamon,0,84,84,47,36,1,0,0,0,0,0,0,0,0
2019-10-19,ROLLS,Pump C-R,0,48,48,47,0,1,0,0,0,0,0,0,0,0
2019-10-19,ROLLS,Mini C-Roll,0,24,24,0,24,0,0,0,0,0,0,0,0,0
2019-10-19,SCONES,Blueberry,0,45,45,35,0,10,0,0,31,31,0,0,0,0
2019-10-19,SCONES,Rasp Cream,0,0,0,0,0,0,0,0,0,0,0,0,0,0
2019-10-19,SCONES,Cherry,0,0,0,0,0,0,0,0,0,0,0,0,0,0
2019-10-19,SCONES,Butt Almond,0,12,12,8,0,4,0,0,31,31,0,0,0,0
2019-10-19,SCONES,Turtle,0,0,0,0,0,0,0,0,0,0,0,0,0,0
2019-10-19,SCONES,Cin Chip,0,0,0,0,0,0,0,0,0,0,0,0,0,0
2019-10-19,SCONES,pb choc,0,0,0,0,0,0,0,0,0,0,0,0,0,0
2019-10-19,SCONES,Pump Spice,0,16,16,14,0,2,0,0,32,32,0,0,0,0
2019-10-19,FRUIT BARS,Mixed Berry,0,0,0,0,0,0,0,0,0,0,0,0,0,0
2019-10-19,FRUIT BARS,Cherry,0,0,0,0,0,0,0,0,0,0,0,0,0,0
2019-10-19,FRUIT BARS,Apple Cin,0,12,12,8,2,2,0,0,0,0,0,0,0,0
2019-10-19,FRUIT BARS,MIXED FRUIT,0,8,8,5,1,2,0,0,0,0,0,0,0,0
2019-10-19,MUFFINS,Blue Stru,0,8,8,4,0,4,0,0,30,30,0,0,0,0
2019-10-19,MUFFINS,Choc Carm,0,8,8,2,0,6,0,0,30,30,0,0,0,0
2019-10-19,MUFFINS,Pump CC,0,10,10,10,0,0,0,0,30,30,0,0,0,0
2019-10-19,MUFFINS,Cookies,0,0,0,0,0,0,0,0,0,0,0,0,0,0
2019-10-19,MUFFINS,Bars,0,0,0,0,0,0,0,0,0,0,0,0,0,0
2019-10-19,MUFFINS,oatmeal choc,8,6,14,-2,3,13,0,0,0,0,0,0,0,0
2019-10-19,MUFFINS,triple choc,17,0,17,1,0,16,0,0,0,0,0,0,0,0
2019-10-19,MUFFINS,snickerdoodle,3,12,15,8,0,7,0,0,0,0,0,0,0,0
2019-10-19,MUFFINS,Oat Butter,8,0,8,5,0,3,0,0,0,0,0,0,0,0
2019-10-19,MUFFINS,frosted sugar,10,0,10,8,0,2,0,0,0,0,0,0,0,0
2019-10-19,MUFFINS,Pumpkin Bars,9,0,9,7,0,2,0,0,0,0,0,0,0,0
2019-10-19,MUFFINS,brownie,8,0,8,0,0,8,0,0,0,0,0,0,0,0
2019-10-19,MUFFINS,Bread Pudding,0,0,0,0,0,0,0,0,0,0,0,0,0,0
2019-10-19,MUFFINS,Totals,63,293,356,207,66,83,0,0,184,184,0,0,0,0
2019-10-20,BREAD,H,0,0,0,0,0,0,0,0,0,0,0,0,0,0
2019-10-20,BREAD,FR,0,0,0,0,0,0,0,0,0,0,0,0,0,0
2019-10-20,BREAD,GW,0,0,0,0,0,0,0,0,0,0,0,0,0,0
2019-10-20,BREAD,DK,0,0,0,0,0,0,0,0,0,0,0,0,0,0
2019-10-20,BREAD,H5|Cran,0,0,0,0,0,0,0,0,0,0,0,0,0,0
2019-10-20,BREAD,CSRWL,0,0,0,0,0,0,0,0,0,0,0,0,0,0
2019-10-20,BREAD,PUMP PIE SW,0,0,0,0,0,0,0,0,0,0,0,0,0,0
2019-10-20,BREAD,CB,0,0,0,0,0,0,0,0,0,0,0,0,0,0
2019-10-20,BREAD,CNE,0,0,0,0,0,0,0,0,0,0,0,0,0,0
2019-10-20,BREAD,CNR,0,0,0,0,0,0,0,0,0,0,0,0,0,0
2019-10-20,BREAD,CNW,0,0,0,0,0,0,0,0,0,0,0,0,0,0
2019-10-20,BREAD,CG,0,0,0,0,0,0,0,0,0,0,0,0,0,0
2019-10-20,BREAD,Pesto CG,0,0,0,0,0,0,0,0,0,0,0,0,0,0
2019-10-20,BREAD,CH,0,0,0,0,0,0,0,0,0,0,0,0,0,0
2019-10-20,BREAD,VS,0,0,0,0,0,0,0,0,0,0,0,0,0,0
2019-10-20,BREAD,SOURDOUGH,0,0,0,0,0,0,0,0,0,0,0,0,0,0
2019-10-20,BREAD,SOUR JC,0,0,0,0,0,0,0,0,0,0,0,0,0,0
2019-10-20,BREAD,Sour RG,0,0,0,0,0,0,0,0,0,0,0,0,0,0
2019-10-20,BREAD,WC,0,0,0,0,0,0,0,0,0,0,0,0,0,0
2019-10-20,BREAD,Car,0,0,0,0,0,0,0,0,0,0,0,0,0,0
2019-10-20,BREAD,IHF,0,0,0,0,0,0,0,0,0,0,0,0,0,0
2019-10-20,BREAD,Witch F,0,0,0,0,0,0,0,0,0,0,0,0,0,0
2019-10-20,BREAD,Spiders,0,0,0,0,0,0,0,0,0,0,0,0,0,0
2019-10-20,BREAD,BUT Rls,0,0,0,0,0,0,0,0,0,0,0,0,0,0
2019-10-20,BREAD,H-RLS,0,0,0,0,0,0,0,0,0,0,0,0,0,0
2019-10-20,BREAD,FR-RLS,0,0,0,0,0,0,0,0,0,0,0,0,0,0
2019-10-20,BREAD,VS-RLS,0,0,0,0,0,0,0,0,0,0,0,0,0,0
2019-10-20,BREAD,Blue Stru,0,0,0,0,0,0,0,0,0,0,0,0,0,0
2019-10-20,BREAD,Choc Carm,0,0,0,0,0,0,0,0,0,0,0,0,0,0
2019-10-20,BREAD,Pump CC,0,0,0,0,0,0,0,0,0,0,0,0,0,0
2019-10-20,ROLLS,Cinnamon,0,0,0,0,0,0,0,0,0,0,0,0,0,0
2019-10-20,ROLLS,Pump C-R,0,0,0,0,0,0,0,0,0,0,0,0,0,0
2019-10-20,ROLLS,Mini C-Roll,0,0,0,0,0,0,0,0,0,0,0,0,0,0
2019-10-20,SCONES,Blueberry,0,0,0,0,0,0,0,0,0,0,0,0,0,0
2019-10-20,SCONES,Rasp Cream,0,0,0,0,0,0,0,0,0,0,0,0,0,0
2019-10-20,SCONES,Cherry,0,0,0,0,0,0,0,0,0,0,0,0,0,0
2019-10-20,SCONES,Butt Almond,0,0,0,0,0,0,0,0,0,0,0,0,0,0
2019-10-20,SCONES,Turtle,0,0,0,0,0,0,0,0,0,0,0,0,0,0
2019-10-20,SCONES,Cin Chip,0,0,0,0,0,0,0,0,0,0,0,0,0,0
2019-10-20,SCONES,pb choc,0,0,0,0,0,0,0,0,0,0,0,0,0,0
2019-10-20,SCONES,Pump Spice,0,0,0,0,0,0,0,0,0,0,0,0,0,0
2019-10-20,FRUIT BARS,Mixed Berry,0,0,0,0,0,0,0,0,0,0,0,0,0,0
2019-10-20,FRUIT BARS,Cherry,0,0,0,0,0,0,0,0,0,0,0,0,0,0
2019-10-20,FRUIT BARS,Apple Cin,0,0,0,0,0,0,0,0,0,0,0,0,0,0
2019-10-20,FRUIT BARS,MIXED FRUIT,0,0,0,0,0,0,0,0,0,0,0,0,0,0
2019-10-20,MUFFINS,Blue Stru,0,0,0,0,0,0,0,0,0,0,0,0,0,0
2019-10-20,MUFFINS,Choc Carm,0,0,0,0,0,0,0,0,0,0,0,0,0,0
2019-10-20,MUFFINS,Pump CC,0,0,0,0,0,0,0,0,0,0,0,0,0,0
2019-10-20,MUFFINS,Cookies,0,0,0,0,0,0,0,0,0,0,0,0,0,0
2019-10-20,MUFFINS,Bars,0,0,0,0,0,0,0,0,0,0,0,0,0,0
2019-10-20,MUFFINS,oatmeal choc,0,0,0,0,0,0,0,0,0,0,0,0,0,0
2019-10-20,MUFFINS,triple choc,0,0,0,0,0,0,0,0,0,0,0,0,0,0
2019-10-20,MUFFINS,snickerdoodle,0,0,0,0,0,0,0,0,0,0,0,0,0,0
2019-10-20,MUFFINS,Oat Butter,0,0,0,0,0,0,0,0,0,0,0,0,0,0
2019-10-20,MUFFINS,frosted sugar,0,0,0,0,0,0,0,0,0,0,0,0,0,0
2019-10-20,MUFFINS,Pumpkin Bars,0,0,0,0,0,0,0,0,0,0,0,0,0,0
2019-10-20,MUFFINS,brownie,0,0,0,0,0,0,0,0,0,0,0,0,0,0
2019-10-20,MUFFINS,Bread Pudding,0,0,0,0,0,0,0,0,0,0,0,0,0,0
2019-10-20,MUFFINS,Totals,0,0,0,0,0,0,0,0,0,0,0,0,0,0
2019-10-21,BREAD,H,0,33,33,19,2,0,12,0,0,0,0,0,0,0
2019-10-21,BREAD,FR,0,47,47,21,20,0,6,0,0,0,0,0,0,0
2019-10-21,BREAD,GW,0,3,3,2,0,0,1,0,0,0,0,0,0,0
2019-10-21,BREAD,DK,0,22,22,12,0,0,10,0,0,0,0,0,0,0
2019-10-21,BREAD,H5|Cran,0,0,0,0,0,0,0,0,0,0,0,0,0,0
2019-10-21,BREAD,CSRWL,0,16,16,15,0,0,1,0,3,3,2,0,0,1
2019-10-21,BREAD,PUMP PIE SW,0,12,12,10,0,0,2,0,2,2,2,0,0,0
2019-10-21,BREAD,CB,0,0,0,0,0,0,0,0,0,0,0,0,0,0
2019-10-21,BREAD,CNE,0,10,10,5,0,0,5,0,3,3,3,0,0,0
2019-10-21,BREAD,CNR,0,4,4,2,0,0,2,0,0,0,0,0,0,0
2019-10-21,BREAD,CNW,0,4,4,4,0,0,0,0,0,0,0,0,0,0
2019-10-21,BREAD,CG,0,6,6,6,0,0,0,0,2,2,2,0,0,0
2019-10-21,BREAD,Pesto CG,0,3,3,3,0,0,0,0,0,0,0,0,0,0
2019-10-21,BREAD,CH,0,0,0,0,0,0,0,0,0,0,0,0,0,0
2019-10-21,BREAD,VS,0,0,0,0,0,0,0,0,0,0,0,0,0,0
2019-10-21,BREAD,SOURDOUGH,0,13,13,7,0,0,6,0,0,0,0,0,0,0
2019-10-21,BREAD,SOUR JC,0,3,3,2,0,0,1,0,0,0,0,0,0,0
2019-10-21,BREAD,Sour RG,0,3,3,3,0,0,0,0,0,0,0,0,0,0
2019-10-21,BREAD,CB-PB,0,0,0,0,0,0,0,0,0,0,0,0,0,0
2019-10-21,BREAD,WC,0,0,0,0,0,0,0,0,0,0,0,0,0,0
2019-10-21,BREAD,Car,0,0,0,0,0,0,0,0,0,0,0,0,0,0
2019-10-21,BREAD,IHF,0,0,0,0,0,0,0,0,0,0,0,0,0,0
2019-10-21,BREAD,Witch F,0,0,0,0,0,0,0,0,0,0,0,0,0,0
2019-10-21,BREAD,Spiders,0,3,3,3,0,0,0,0,0,0,0,0,0,0
2019-10-21,BREAD,BUT Rls,0,0,0,0,0,0,0,0,0,0,0,0,0,0
2019-10-21,BREAD,H-RLS,0,3,3,1,0,0,2,0,0,0,0,0,0,0
2019-10-21,BREAD,FR-RLS,0,2,2,2,0,0,0,0,0,0,0,0,0,0
2019-10-21,BREAD,VS-RLS,0,0,0,0,0,0,0,0,0,0,0,0,0,0
2019-10-21,BREAD,Blue Stru,0,4,4,2,0,0,2,0,0,0,0,0,0,0
2019-10-21,BREAD,Choc Carm,0,3,3,3,0,0,0,0,0,0,0,0,0,0
2019-10-21,BREAD,Pump CC,0,6,6,5,1,0,0,0,0,0,0,0,0,0
2019-10-21,ROLLS,Cinnamon,0,24,24,24,0,0,0,0,0,0,0,0,0,0
2019-10-21,ROLLS,Pump C-R,0,12,12,5,0,7,0,0,0,0,0,0,0,0
2019-10-21,ROLLS,Mini C-Roll,0,0,0,0,0,0,0,0,0,0,0,0,0,0
2019-10-21,SCONES,Blueberry,0,0,0,-3,0,3,0,0,0,0,0,0,0,0
2019-10-21,SCONES,Rasp Cream,0,11,11,11,0,0,0,0,0,0,0,0,0,0
2019-10-21,SCONES,Cherry,0,0,0,0,0,0,0,0,0,0,0,0,0,0
2019-10-21,SCONES,Butt Almond,0,0,0,0,0,0,0,0,0,0,0,0,0,0
2019-10-21,SCONES,Turtle,0,0,0,0,0,0,0,0,0,0,0,0,0,0
2019-10-21,SCONES,Cin Chip,0,11,11,8,0,3,0,0,0,0,0,0,0,0
2019-10-21,SCONES,pb choc,0,0,0,0,0,0,0,0,0,0,0,0,0,0
2019-10-21,SCONES,Pump Spice,0,8,8,1,0,7,0,0,0,0,0,0,0,0
2019-10-21,FRUIT BARS,Mixed Berry,0,8,8,4,2,2,0,0,0,0,0,0,0,0
2019-10-21,FRUIT BARS,Cherry,0,12,12,8,2,2,0,0,0,0,0,0,0,0
2019-10-21,FRUIT BARS,Apple Cin,0,0,0,0,0,0,0,0,0,0,0,0,0,0
2019-10-21,FRUIT BARS,MIXED FRUIT,0,0,0,0,0,0,0,0,0,0,0,0,0,0
2019-10-21,MUFFINS,Blue Stru,0,5,5,3,0,2,0,0,0,0,0,0,0,0
2019-10-21,MUFFINS,Choc Carm,0,4,4,2,0,2,0,0,0,0,0,0,0,0
2019-10-21,MUFFINS,Pump CC,0,6,6,3,0,3,0,0,0,0,0,0,0,0
2019-10-21,MUFFINS,Cookies,0,0,0,0,0,0,0,0,0,0,0,0,0,0
2019-10-21,MUFFINS,Bars,0,0,0,0,0,0,0,0,0,0,0,0,0,0
2019-10-21,MUFFINS,oatmeal choc,0,48,48,22,26,0,0,0,4,4,0,0,0,0
2019-10-21,MUFFINS,triple choc,0,24,24,18,6,0,0,0,4,4,0,0,0,0
2019-10-21,MUFFINS,snickerdoodle,0,48,48,18,26,0,4,0,4,4,0,0,0,0
2019-10-21,MUFFINS,Oat Butter,0,18,18,9,6,0,3,0,4,4,0,0,0,0
2019-10-21,MUFFINS,frosted sugar,0,16,16,8,0,0,8,0,0,0,0,0,0,0
2019-10-21,MUFFINS,Pumpkin Bars,0,9,9,6,3,0,0,0,0,0,0,0,0,0
2019-10-21,MUFFINS,brownie,0,8,8,5,2,0,1,0,0,0,0,0,0,0
2019-10-21,MUFFINS,Bread Pudding,3,0,3,3,0,0,0,2,0,2,2,0,0,0
2019-10-21,MUFFINS,Totals,3,272,275,155,73,31,16,2,16,18,2,0,0,0
2019-10-22,BREAD,H,12,32,44,12,1,0,31,0,0,0,0,0,0,0
2019-10-22,BREAD,FR,6,16,22,2,0,0,20,0,0,0,0,0,0,0
2019-10-22,BREAD,GW,1,4,5,2,0,0,3,0,0,0,0,0,0,0
2019-10-22,BREAD,DK,10,0,10,10,0,0,0,0,0,0,0,0,0,0
2019-10-22,BREAD,H5|Cran,0,19,19,7,0,0,12,0,10,10,5,0,0,4
2019-10-22,BREAD,CSRWL,1,24,25,12,7,0,6,1,3,4,2,0,0,2
2019-10-22,BREAD,PUMP PIE SW,2,24,26,25,0,0,1,0,2,2,0,0,0,1
2019-10-22,BREAD,CB,0,15,15,12,0,0,3,0,2,2,1,0,0,1
2019-10-22,BREAD,CNE,5,0,5,5,0,0,0,0,0,0,0,0,0,0
2019-10-22,BREAD,CNR,2,0,2,2,0,0,0,0,0,0,0,0,0,0
2019-10-22,BREAD,CNW,0,0,0,0,0,0,0,0,0,0,0,0,0,0
2019-10-22,BREAD,CG,0,0,0,0,0,0,0,0,0,0,0,0,0,0
2019-10-22,BREAD,Pesto CG,0,0,0,0,0,0,0,0,0,0,0,0,0,0
2019-10-22,BREAD,CH,0,0,0,0,0,0,0,0,0,0,0,0,0,0
2019-10-22,BREAD,VS,0,9,9,4,0,0,5,0,3,3,2,0,0,1
2019-10-22,BREAD,SOURDOUGH,6,0,6,6,0,0,0,0,0,0,0,0,0,0
2019-10-22,BREAD,SOUR JC,1,0,1,1,0,0,0,0,0,0,0,0,0,0
2019-10-22,BREAD,Sour RG,0,0,0,0,0,0,0,0,0,0,0,0,0,0
2019-10-22,BREAD,CB-PB,0,3,3,2,0,0,1,0,3,3,3,0,0,0
2019-10-22,BREAD,WC,0,0,0,0,0,0,0,0,0,0,0,0,0,0
2019-10-22,BREAD,Car,0,0,0,0,0,0,0,0,0,0,0,0,0,0
2019-10-22,BREAD,IHF,0,0,0,0,0,0,0,0,0,0,0,0,0,0
2019-10-22,BREAD,Witch F,0,6,6,1,0,0,5,0,0,0,0,0,0,0
2019-10-22,BREAD,Spiders,0,5,5,1,0,0,4,0,0,0,0,0,0,0
2019-10-22,BREAD,BUT Rls,0,0,0,0,0,0,0,0,0,0,0,0,0,0
2019-10-22,BREAD,H-RLS,2,0,2,0,0,2,0,0,0,0,0,0,0,0
2019-10-22,BREAD,FR-RLS,0,2,2,0,0,0,2,0,0,0,0,0,0,0
2019-10-22,BREAD,VS-RLS,0,4,4,1,0,0,3,0,0,0,0,0,0,0
2019-10-22,BREAD,Blue Stru,2,2,4,1,0,2,1,0,0,0,0,0,0,0
2019-10-22,BREAD,Choc Carm,0,3,3,0,0,0,3,0,0,0,0,0,0,0
2019-10-22,BREAD,Pump CC,0,11,11,2,6,0,3,0,0,0,0,0,0,0
2019-10-22,ROLLS,Cinnamon,0,24,24,19,0,5,0,0,0,0,0,0,0,0
2019-10-22,ROLLS,Pump C-R,0,12,12,5,0,7,0,0,0,0,0,0,0,0
2019-10-22,ROLLS,Mini C-Roll,0,24,24,0,24,0,0,0,0,0,0,0,0,0
2019-10-22,SCONES,Blueberry,0,11,11,8,0,3,0,0,15,15,-3,0,0,0
2019-10-22,SCONES,Rasp Cream,0,0,0,0,0,0,0,0,0,0,0,0,0,0
2019-10-22,SCONES,Cherry,0,0,0,0,0,0,0,0,0,0,0,0,0,0
2019-10-22,SCONES,Butt Almond,0,0,0,0,0,0,0,0,0,0,0,0,0,0
2019-10-22,SCONES,Turtle,0,0,0,0,0,0,0,0,0,0,0,0,0,0
2019-10-22,SCONES,Cin Chip,0,8,8,3,0,5,0,0,20,20,-2,0,0,0
2019-10-22,SCONES,pb choc,0,0,0,0,0,0,0,0,0,0,0,0,0,0
2019-10-22,SCONES,Pump Spice,0,8,8,7,0,1,0,0,7,7,0,0,0,0
2019-10-22,FRUIT BARS,Mixed Berry,0,0,0,0,0,0,0,0,0,0,0,0,0,0
2019-10-22,FRUIT BARS,Cherry,0,0,0,0,0,0,0,0,0,0,0,0,0,0
2019-10-22,FRUIT BARS,Apple Cin,0,12,12,3,6,3,0,0,0,0,0,0,0,0
2019-10-22,FRUIT BARS,MIXED FRUIT,0,8,8,3,4,1,0,0,0,0,0,0,0,0
2019-10-22,MUFFINS,Blue Stru,0,5,5,2,0,3,0,0,14,14,-8,0,0,0
2019-10-22,MUFFINS,Choc Carm,0,5,5,1,0,4,0,0,14,14,0,0,0,0
2019-10-22,MUFFINS,Pump CC,0,6,6,3,0,3,0,0,4,4,0,0,0,0
2019-10-22,MUFFINS,Cookies,0,0,0,0,0,0,0,0,0,0,0,0,0,0
2019-10-22,MUFFINS,Bars,0,0,0,0,0,0,0,0,0,0,0,0,0,0
2019-10-22,MUFFINS,oatmeal choc,0,24,24,13,5,0,6,0,0,0,0,0,0,0
2019-10-22,MUFFINS,triple choc,0,24,24,13,5,0,6,0,0,0,0,0,0,0
2019-10-22,MUFFINS,snickerdoodle,4,18,22,9,5,0,8,0,0,0,0,0,0,0
2019-10-22,MUFFINS,Oat Butter,3,12,15,9,3,0,3,0,0,0,0,0,0,0
2019-10-22,MUFFINS,frosted sugar,8,12,20,1,0,0,19,0,0,0,0,0,0,0
2019-10-22,MUFFINS,Pumpkin Bars,0,6,6,6,0,0,0,0,0,0,0,0,0,0
2019-10-22,MUFFINS,brownie,1,5,6,0,0,1,5,0,0,0,0,0,0,0
2019-10-22,MUFFINS,Bread Pudding,0,0,0,0,0,0,0,0,0,0,0,0,0,0
2019-10-22,MUFFINS,Totals,16,224,240,105,52,36,47,0,74,74,-13,0,0,0
2019-10-23,BREAD,H,31,36,67,29,0,3,35,0,0,0,0,0,0,0
2019-10-23,BREAD,FR,20,24,44,33,0,4,7,0,0,0,0,0,0,0
2019-10-23,BREAD,GW,3,15,18,8,0,0,10,0,0,0,0,0,0,0
2019-10-23,BREAD,DK,0,38,38,23,0,0,15,0,0,0,0,0,0,0
2019-10-23,BREAD,H5|Cran,12,0,12,11,0,0,1,4,0,4,4,0,0,0
2019-10-23,BREAD,CSRWL,6,16,22,19,0,0,3,2,2,4,4,0,0,0
2019-10-23,BREAD,PUMP PIE SW,1,16,17,12,0,0,5,1,2,3,2,0,0,1
2019-10-23,BREAD,CB,3,0,3,3,0,0,0,1,0,1,1,0,0,0
2019-10-23,BREAD,CNE,0,30,30,17,0,0,13,0,3,3,3,0,0,0
2019-10-23,BREAD,CNR,0,8,8,8,0,0,0,0,0,0,0,0,0,0
2019-10-23,BREAD,CNW,0,8,8,8,0,0,0,0,0,0,0,0,0,0
2019-10-23,BREAD,CG,0,8,8,8,0,0,0,0,5,5,3,0,0,2
2019-10-23,BREAD,Pesto CG,0,8,8,5,0,0,3,0,0,0,0,0,0,0
2019-10-23,BREAD,CH,0,0,0,0,0,0,0,0,0,0,0,0,0,0
2019-10-23,BREAD,VS,5,0,5,5,0,0,0,1,0,1,1,0,0,0
2019-10-23,BREAD,SOURDOUGH,0,14,14,9,2,0,3,0,0,0,0,0,0,0
2019-10-23,BREAD,SOUR JC,0,9,9,8,0,0,1,0,0,0,0,0,0,0
2019-10-23,BREAD,Sour RG,0,7,7,5,0,0,2,0,0,0,0,0,0,0
2019-10-23,BREAD,CB-PB,1,0,1,1,0,0,0,0,0,0,0,0,0,0
2019-10-23,BREAD,WC,0,0,0,0,0,0,0,0,0,0,0,0,0,0
2019-10-23,BREAD,Car,0,0,0,0,0,0,0,0,0,0,0,0,0,0
2019-10-23,BREAD,IHF,0,0,0,0,0,0,0,0,0,0,0,0,0,0
2019-10-23,BREAD,Witch F,5,0,5,4,0,0,1,0,0,0,0,0,0,0
2019-10-23,BREAD,Spiders,4,5,9,8,0,0,1,0,0,0,0,0,0,0
2019-10-23,BREAD,BUT Rls,0,0,0,0,0,0,0,0,0,0,0,0,0,0
2019-10-23,BREAD,H-RLS,0,6,6,4,0,0,2,0,0,0,0,0,0,0
2019-10-23,BREAD,FR-RLS,2,5,7,7,0,0,0,0,0,0,0,0,0,0
2019-10-23,BREAD,VS-RLS,3,0,3,3,0,0,0,0,0,0,0,0,0,0
2019-10-23,BREAD,Blue Stru,1,4,5,4,0,1,0,0,0,0,0,0,0,0
2019-10-23,BREAD,Choc Carm,3,2,5,3,0,1,1,0,0,0,0,0,0,0
2019-10-23,BREAD,Pump CC,3,4,7,6,0,1,0,0,0,0,0,0,0,0
2019-10-23,ROLLS,Cinnamon,0,36,36,36,0,0,0,0,0,0,0,0,0,0
2019-10-23,ROLLS,Pump C-R,0,24,24,24,0,0,0,0,0,0,0,0,0,0
2019-10-23,ROLLS,Mini C-Roll,0,0,0,0,0,0,0,0,0,0,0,0,0,0
2019-10-23,SCONES,Blueberry,0,0,0,0,0,0,0,0,0,0,0,0,0,0
2019-10-23,SCONES,Rasp Cream,0,30,30,17,4,9,0,0,0,0,0,0,0,0
2019-10-23,SCONES,Cherry,0,0,0,0,0,0,0,0,0,0,0,0,0,0
2019-10-23,SCONES,Butt Almond,0,0,0,0,0,0,0,0,0,0,0,0,0,0
2019-10-23,SCONES,Turtle,0,17,17,17,0,0,0,0,0,0,0,0,0,0
2019-10-23,SCONES,Cin Chip,0,0,0,0,0,0,0,0,0,0,0,0,0,0
2019-10-23,SCONES,pb choc,0,0,0,0,0,0,0,0,0,0,0,0,0,0
2019-10-23,SCONES,Pump Spice,0,26,26,16,10,0,0,0,0,0,0,0,0,0
2019-10-23,FRUIT BARS,Mixed Berry,0,8,8,7,0,1,0,0,0,0,0,0,0,0
2019-10-23,FRUIT BARS,Cherry,0,12,12,7,0,5,0,0,0,0,0,0,0,0
2019-10-23,FRUIT BARS,Apple Cin,0,0,0,0,0,0,0,0,0,0,0,0,0,0
2019-10-23,FRUIT BARS,MIXED FRUIT,0,0,0,0,0,0,0,0,0,0,0,0,0,0
2019-10-23,MUFFINS,Blue Stru,0,9,9,7,0,2,0,0,0,0,0,0,0,0
2019-10-23,MUFFINS,Choc Carm,0,9,9,3,0,6,0,0,0,0,0,0,0,0
2019-10-23,MUFFINS,Pump CC,0,12,12,9,0,3,0,0,0,0,0,0,0,0
2019-10-23,MUFFINS,Cookies,0,0,0,0,0,0,0,0,0,0,0,0,0,0
2019-10-23,MUFFINS,Bars,0,0,0,0,0,0,0,0,0,0,0,0,0,0
2019-10-23,MUFFINS,oatmeal choc,6,24,30,18,5,0,7,0,0,0,0,0,0,0
2019-10-23,MUFFINS,triple choc,6,24,30,9,5,0,16,0,0,0,0,0,0,0
2019-10-23,MUFFINS,snickerdoodle,8,18,26,13,4,0,9,0,0,0,0,0,0,0
2019-10-23,MUFFINS,Oat Butter,3,18,21,8,4,0,9,0,0,0,0,0,0,0
2019-10-23,MUFFINS,frosted sugar,19,10,29,27,0,2,0,0,0,0,0,0,0,0
2019-10-23,MUFFINS,Pumpkin Bars,0,12,12,12,0,0,0,0,0,0,0,0,0,0
2019-10-23,MUFFINS,brownie,5,5,10,6,0,0,4,0,0,0,0,0,0,0
2019-10-23,MUFFINS,Bread Pudding,0,0,0,0,0,0,0,0,0,0,0,0,0,0
2019-10-23,MUFFINS,Totals,47,294,341,236,32,28,45,0,0,0,0,0,0,0
2019-10-24,BREAD,H,35,34,69,17,0,17,35,0,0,0,0,0,0,0
2019-10-24,BREAD,FR,7,46,53,8,35,2,8,0,0,0,0,0,0,0
2019-10-24,BREAD,GW,10,0,10,5,0,2,3,0,0,0,0,0,0,0
2019-10-24,BREAD,DK,15,0,15,0,0,0,15,0,0,0,0,0,0,0
2019-10-24,BREAD,H5|Cran,1,13,14,3,0,0,11,0,8,8,-2,0,0,10
2019-10-24,BREAD,CSRWL,3,16,19,8,0,1,10,0,4,4,1,0,0,3
2019-10-24,BREAD,PUMP PIE SW,5,8,13,1,0,6,6,1,2,3,2,0,0,1
2019-10-24,BREAD,CB,0,8,8,1,1,0,6,0,3,3,3,0,0,0
2019-10-24,BREAD,CNE,13,0,13,6,0,7,0,0,0,0,0,0,0,0
2019-10-24,BREAD,CNR,0,1,1,1,0,0,0,0,0,0,0,0,0,0
2019-10-24,BREAD,CNW,0,0,0,0,0,0,0,0,0,0,0,0,0,0
2019-10-24,BREAD,CG,0,0,0,0,0,0,0,2,0,2,2,0,0,0
2019-10-24,BREAD,Pesto CG,3,0,3,3,0,0,0,0,0,0,0,0,0,0
2019-10-24,BREAD,CH,0,0,0,0,0,0,0,0,0,0,0,0,0,0
2019-10-24,BREAD,VS,0,12,12,5,0,0,7,0,3,3,3,0,0,0
2019-10-24,BREAD,SOURDOUGH,3,0,3,-1,0,4,0,0,0,0,0,0,0,0
2019-10-24,BREAD,SOUR JC,1,0,1,0,0,1,0,0,0,0,0,0,0,0
2019-10-24,BREAD,Sour RG,2,0,2,0,0,2,0,0,0,0,0,0,0,0
2019-10-24,BREAD,CB-PB,0,5,5,2,0,0,3,0,3,3,2,0,0,1
2019-10-24,BREAD,WC,0,1,1,1,0,0,0,0,0,0,0,0,0,0
2019-10-24,BREAD,Car,0,0,0,0,0,0,0,0,0,0,0,0,0,0
2019-10-24,BREAD,IHF,0,0,0,0,0,0,0,0,0,0,0,0,0,0
2019-10-24,BREAD,Witch F,1,0,1,-4,0,5,0,0,0,0,0,0,0,0
2019-10-24,BREAD,Spiders,1,4,5,-2,0,4,3,0,0,0,0,0,0,0
2019-10-24,BREAD,BUT Rls,0,0,0,0,0,0,0,0,0,0,0,0,0,0
2019-10-24,BREAD,H-RLS,2,0,2,2,0,0,0,0,0,0,0,0,0,0
2019-10-24,BREAD,FR-RLS,0,0,0,-9,0,9,0,0,0,0,0,0,0,0
2019-10-24,BREAD,VS-RLS,0,5,5,0,0,0,5,0,0,0,0,0,0,0
2019-10-24,BREAD,Blue Stru,0,5,5,2,0,1,2,0,0,0,0,0,0,0
2019-10-24,BREAD,Choc Carm,1,4,5,0,0,1,4,0,0,0,0,0,0,0
2019-10-24,BREAD,Pump CC,0,8,8,3,0,0,5,0,0,0,0,0,0,0
2019-10-24,ROLLS,Cinnamon,0,156,156,156,0,0,0,0,0,0,0,0,0,0
2019-10-24,ROLLS,Pump C-R,0,156,156,156,0,0,0,0,0,0,0,0,0,0
2019-10-24,ROLLS,Mini C-Roll,0,0,0,0,0,0,0,0,0,0,0,0,0,0
2019-10-24,SCONES,Blueberry,0,39,39,34,0,5,0,0,0,0,0,0,0,0
2019-10-24,SCONES,Rasp Cream,0,0,0,0,0,0,0,0,0,0,0,0,0,0
2019-10-24,SCONES,Cherry,0,0,0,0,0,0,0,0,0,0,0,0,0,0
2019-10-24,SCONES,Butt Almond,0,0,0,0,0,0,0,0,0,0,0,0,0,0
2019-10-24,SCONES,Turtle,0,31,31,31,0,0,0,0,0,0,0,0,0,0
2019-10-24,SCONES,Cin Chip,0,0,0,0,0,0,0,0,0,0,0,0,0,0
2019-10-24,SCONES,pb choc,0,0,0,0,0,0,0,0,0,0,0,0,0,0
2019-10-24,SCONES,Pump Spice,0,40,40,26,0,14,0,0,0,0,0,0,0,0
2019-10-24,FRUIT BARS,Mixed Berry,0,8,8,6,0,2,0,0,0,0,0,0,0,0
2019-10-24,FRUIT BARS,Cherry,0,12,12,8,0,4,0,0,0,0,0,0,0,0
2019-10-24,FRUIT BARS,Apple Cin,0,0,0,0,0,0,0,0,0,0,0,0,0,0
2019-10-24,FRUIT BARS,MIXED FRUIT,0,0,0,0,0,0,0,0,0,0,0,0,0,0
2019-10-24,MUFFINS,Blue Stru,0,36,36,17,8,11,0,0,0,0,0,0,0,0
2019-10-24,MUFFINS,Choc Carm,0,22,22,11,8,3,0,0,0,0,0,0,0,0
2019-10-24,MUFFINS,Pump CC,0,30,30,21,8,1,0,0,0,0,0,0,0,0
2019-10-24,MUFFINS,Cookies,0,0,0,0,0,0,0,0,0,0,0,0,0,0
2019-10-24,MUFFINS,Bars,0,0,0,0,0,0,0,0,0,0,0,0,0,0
2019-10-24,MUFFINS,oatmeal choc,7,30,37,12,4,2,19,0,3,3,0,0,0,0
2019-10-24,MUFFINS,triple choc,16,24,40,25,4,6,5,0,3,3,0,0,0,0
2019-10-24,MUFFINS,snickerdoodle,9,30,39,21,4,2,12,0,3,3,0,0,0,0
2019-10-24,MUFFINS,Oat Butter,9,24,33,1,4,12,16,0,3,3,0,0,0,0
2019-10-24,MUFFINS,frosted sugar,0,25,25,9,0,0,16,0,0,0,0,0,0,0
2019-10-24,MUFFINS,Pumpkin Bars,0,26,26,26,0,0,0,0,0,0,0,0,0,0
2019-10-24,MUFFINS,brownie,4,14,18,14,0,4,0,0,0,0,0,0,0,0
2019-10-24,MUFFINS,Bread Pudding,0,0,0,0,0,0,0,0,0,0,0,0,0,0
2019-10-24,MUFFINS,Totals,45,703,748,574,40,66,68,0,12,12,0,0,0,0
2019-10-25,BREAD,H,35,24,59,30,6,1,22,0,0,0,0,0,0,0
2019-10-25,BREAD,FR,8,32,40,18,9,0,13,0,0,0,0,0,0,0
2019-10-25,BREAD,GW,3,12,15,7,0,0,8,0,0,0,0,0,0,0
2019-10-25,BREAD,DK,15,16,31,30,1,0,0,0,0,0,0,0,0,0
2019-10-25,BREAD,H5|Cran,11,0,11,10,0,0,1,10,0,10,6,0,0,4
2019-10-25,BREAD,CSRWL,10,15,25,18,7,0,0,3,2,5,5,0,0,0
2019-10-25,BREAD,PUMP PIE SW,6,16,22,14,1,0,7,1,2,3,3,0,0,0
2019-10-25,BREAD,CB,6,7,13,8,0,0,5,0,3,3,3,0,0,0
2019-10-25,BREAD,CNE,0,19,19,15,0,0,4,0,4,4,4,0,0,0
2019-10-25,BREAD,CNR,0,6,6,2,0,0,4,0,0,0,0,0,0,0
2019-10-25,BREAD,CNW,0,6,6,4,1,0,1,0,0,0,0,0,0,0
2019-10-25,BREAD,CG,0,9,9,9,0,0,0,0,5,5,5,0,0,0
2019-10-25,BREAD,Pesto CG,0,6,6,4,0,0,2,0,0,0,0,0,0,0
2019-10-25,BREAD,CH,0,0,0,0,0,0,0,0,0,0,0,0,0,0
2019-10-25,BREAD,VS,7,0,7,5,0,2,0,0,0,0,0,0,0,0
2019-10-25,BREAD,SOURDOUGH,0,14,14,5,1,0,8,0,0,0,0,0,0,0
2019-10-25,BREAD,SOUR JC,0,6,6,4,0,0,2,0,0,0,0,0,0,0
2019-10-25,BREAD,Sour RG,0,6,6,3,0,0,3,0,0,0,0,0,0,0
2019-10-25,BREAD,CB-PB,3,6,9,4,0,0,5,1,2,3,1,0,0,2
2019-10-25,BREAD,WC,0,0,0,0,0,0,0,0,0,0,0,0,0,0
2019-10-25,BREAD,Car,0,0,0,0,0,0,0,0,0,0,0,0,0,0
2019-10-25,BREAD,IHF,0,0,0,0,0,0,0,0,0,0,0,0,0,0
2019-10-25,BREAD,Witch F,0,0,0,0,0,0,0,0,0,0,0,0,0,0
2019-10-25,BREAD,Spiders,3,2,5,2,0,0,3,0,0,0,0,0,0,0
2019-10-25,BREAD,BUT Rls,0,0,0,0,0,0,0,0,0,0,0,0,0,0
2019-10-25,BREAD,H-RLS,0,4,4,3,0,0,1,0,0,0,0,0,0,0
2019-10-25,BREAD,FR-RLS,0,4,4,-2,6,0,0,0,0,0,0,0,0,0
2019-10-25,BREAD,VS-RLS,5,0,5,4,0,1,0,0,0,0,0,0,0,0
2019-10-25,BREAD,Blue Stru,2,7,9,5,1,0,3,0,0,0,0,0,0,0
2019-10-25,BREAD,Choc Carm,4,2,6,0,0,3,3,0,0,0,0,0,0,0
2019-10-25,BREAD,Pump CC,5,5,10,6,2,2,0,0,0,0,0,0,0,0
2019-10-25,ROLLS,Cinnamon,0,72,72,35,37,0,0,0,0,0,0,0,0,0
2019-10-25,ROLLS,Pump C-R,0,36,36,21,15,0,0,0,0,0,0,0,0,0
2019-10-25,ROLLS,Mini C-Roll,0,120,120,0,120,0,0,0,0,0,0,0,0,0
2019-10-25,SCONES,Blueberry,0,0,0,0,0,0,0,0,0,0,0,0,0,0
2019-10-25,SCONES,Rasp Cream,0,0,0,-6,0,6,0,0,0,0,0,0,0,0
2019-10-25,SCONES,Cherry,0,19,19,13,6,0,0,0,3,3,0,0,0,0
2019-10-25,SCONES,Butt Almond,0,13,13,8,4,1,0,0,3,3,0,0,0,0
2019-10-25,SCONES,Turtle,0,0,0,0,0,0,0,0,0,0,0,0,0,0
2019-10-25,SCONES,Cin Chip,0,0,0,0,0,0,0,0,0,0,0,0,0,0
2019-10-25,SCONES,pb choc,0,0,0,0,0,0,0,0,0,0,0,0,0,0
2019-10-25,SCONES,Pump Spice,0,16,16,11,2,3,0,0,2,2,0,0,0,0
2019-10-25,FRUIT BARS,Mixed Berry,0,8,8,7,1,0,0,0,0,0,0,0,0,0
2019-10-25,FRUIT BARS,Cherry,0,12,12,10,2,0,0,0,0,0,0,0,0,0
2019-10-25,FRUIT BARS,Apple Cin,0,0,0,0,0,0,0,0,0,0,0,0,0,0
2019-10-25,FRUIT BARS,MIXED FRUIT,0,0,0,0,0,0,0,0,0,0,0,0,0,0
2019-10-25,MUFFINS,Blue Stru,0,10,10,3,3,4,0,0,4,4,0,0,0,0
2019-10-25,MUFFINS,Choc Carm,0,6,6,2,1,3,0,0,4,4,0,0,0,0
2019-10-25,MUFFINS,Pump CC,0,12,12,8,4,0,0,0,0,0,0,0,0,0
2019-10-25,MUFFINS,Cookies,0,0,0,0,0,0,0,0,0,0,0,0,0,0
2019-10-25,MUFFINS,Bars,0,0,0,0,0,0,0,0,0,0,0,0,0,0
2019-10-25,MUFFINS,oatmeal choc,19,6,25,16,0,9,0,0,0,0,0,0,0,0
2019-10-25,MUFFINS,triple choc,5,24,29,18,0,0,11,0,0,0,0,0,0,0
2019-10-25,MUFFINS,snickerdoodle,12,12,24,24,0,0,0,0,0,0,0,0,0,0
2019-10-25,MUFFINS,Oat Butter,16,0,16,8,0,8,0,0,0,0,0,0,0,0
2019-10-25,MUFFINS,frosted sugar,16,0,16,15,0,0,1,0,0,0,0,0,0,0
2019-10-25,MUFFINS,Pumpkin Bars,0,12,12,12,0,0,0,0,0,0,0,0,0,0
2019-10-25,MUFFINS,brownie,0,12,12,11,0,0,1,0,0,0,0,0,0,0
2019-10-25,MUFFINS,Pump Ohh,0,0,0,-5,0,0,5,0,0,0,-6,0,0,4
2019-10-25,MUFFINS,Bread Pudding,0,0,0,0,0,0,0,0,0,0,0,0,0,0
2019-10-25,MUFFINS,Totals,68,390,458,211,195,34,18,0,16,16,-6,0,0,4
2019-10-26,BREAD,H,22,0,22,-2,0,24,0,0,0,0,0,0,0,0
2019-10-26,BREAD,FR,13,0,13,13,0,0,0,0,0,0,0,0,0,0
2019-10-26,BREAD,GW,8,0,8,0,0,8,0,0,0,0,0,0,0,0
2019-10-26,BREAD,DK,0,0,0,-4,0,4,0,0,0,0,0,0,0,0
2019-10-26,BREAD,H5|Cran,1,0,1,0,0,1,0,4,0,4,0,0,0,0
2019-10-26,BREAD,CSRWL,0,12,12,12,0,0,0,0,0,0,0,0,0,0
2019-10-26,BREAD,PUMP PIE SW,7,4,11,7,0,4,0,0,0,0,0,0,0,0
2019-10-26,BREAD,CB,5,0,5,4,0,1,0,0,0,0,0,0,0,0
2019-10-26,BREAD,CNE,4,0,4,2,0,2,0,0,0,0,-1,0,0,0
2019-10-26,BREAD,CNR,4,0,4,4,0,0,0,0,0,0,0,0,0,0
2019-10-26,BREAD,CNW,1,0,1,1,0,0,0,0,0,0,0,0,0,0
2019-10-26,BREAD,CG,0,0,0,0,0,0,0,0,0,0,0,0,0,0
2019-10-26,BREAD,Pesto CG,2,0,2,2,0,0,0,0,0,0,0,0,0,0
2019-10-26,BREAD,CH,0,0,0,0,0,0,0,0,0,0,0,0,0,0
2019-10-26,BREAD,VS,0,0,0,0,0,0,0,0,0,0,0,0,0,0
2019-10-26,BREAD,SOURDOUGH,8,0,8,5,0,3,0,0,0,0,0,0,0,0
2019-10-26,BREAD,SOUR JC,2,0,2,2,0,0,0,0,0,0,0,0,0,0
2019-10-26,BREAD,Sour RG,3,0,3,0,0,3,0,0,0,0,0,0,0,0
2019-10-26,BREAD,CB-PB,5,0,5,0,0,5,0,2,0,2,2,0,0,0
2019-10-26,BREAD,WC,0,0,0,0,0,0,0,0,0,0,0,0,0,0
2019-10-26,BREAD,Car,0,0,0,0,0,0,0,0,0,0,0,0,0,0
2019-10-26,BREAD,IHF,0,0,0,0,0,0,0,0,0,0,0,0,0,0
2019-10-26,BREAD,Witch F,0,0,0,0,0,0,0,0,0,0,0,0,0,0
2019-10-26,BREAD,Spiders,3,0,3,-1,0,4,0,0,0,0,0,0,0,0
2019-10-26,BREAD,BUT Rls,0,27,27,0,27,0,0,0,0,0,0,0,0,0
2019-10-26,BREAD,H-RLS,1,0,1,1,0,0,0,0,0,0,0,0,0,0
2019-10-26,BREAD,FR-RLS,0,0,0,0,0,0,0,0,0,0,0,0,0,0
2019-10-26,BREAD,VS-RLS,0,0,0,-2,0,2,0,0,0,0,0,0,0,0
2019-10-26,BREAD,Blue Stru,3,0,3,0,0,3,0,0,0,0,0,0,0,0
2019-10-26,BREAD,Choc Carm,3,0,3,2,0,1,0,0,0,0,0,0,0,0
2019-10-26,BREAD,Pump CC,0,5,5,3,1,1,0,0,0,0,0,0,0,0
2019-10-26,ROLLS,Cinnamon,0,72,72,54,18,0,0,0,0,0,0,0,0,0
2019-10-26,ROLLS,Pump C-R,0,48,48,29,18,1,0,0,0,0,0,0,0,0
2019-10-26,ROLLS,Mini C-Roll,0,0,0,0,0,0,0,0,0,0,0,0,0,0
2019-10-26,SCONES,Blueberry,0,30,30,24,0,6,0,0,0,0,0,0,0,0
2019-10-26,SCONES,Rasp Cream,0,0,0,0,0,0,0,0,0,0,0,0,0,0
2019-10-26,SCONES,Cherry,0,0,0,0,0,0,0,0,0,0,0,0,0,0
2019-10-26,SCONES,Butt Almond,0,14,14,12,0,2,0,0,0,0,0,0,0,0
2019-10-26,SCONES,Turtle,0,0,0,0,0,0,0,0,0,0,0,0,0,0
2019-10-26,SCONES,Cin Chip,0,0,0,0,0,0,0,0,0,0,0,0,0,0
2019-10-26,SCONES,pb choc,0,0,0,0,0,0,0,0,0,0,0,0,0,0
2019-10-26,SCONES,Pump Spice,0,16,16,15,0,1,0,0,0,0,0,0,0,0
2019-10-26,FRUIT BARS,Mixed Berry,0,0,0,0,0,0,0,0,0,0,0,0,0,0
2019-10-26,FRUIT BARS,Cherry,0,0,0,0,0,0,0,0,0,0,0,0,0,0
2019-10-26,FRUIT BARS,Apple Cin,0,12,12,11,0,1,0,0,0,0,0,0,0,0
2019-10-26,FRUIT BARS,MIXED FRUIT,0,8,8,8,0,0,0,0,0,0,0,0,0,0
2019-10-26,MUFFINS,Blue Stru,0,8,8,4,0,4,0,0,0,0,0,0,0,0
2019-10-26,MUFFINS,Choc Carm,0,8,8,7,0,1,0,0,0,0,0,0,0,0
2019-10-26,MUFFINS,Pump CC,0,10,10,6,0,4,0,0,0,0,0,0,0,0
2019-10-26,MUFFINS,Cookies,0,0,0,0,0,0,0,0,0,0,0,0,0,0
2019-10-26,MUFFINS,Bars,0,0,0,0,0,0,0,0,0,0,0,0,0,0
2019-10-26,MUFFINS,oatmeal choc,0,18,18,5,8,5,0,0,0,0,0,0,0,0
2019-10-26,MUFFINS,triple choc,11,6,17,7,8,2,0,0,0,0,0,0,0,0
2019-10-26,MUFFINS,snickerdoodle,0,12,12,4,7,1,0,0,0,0,0,0,0,0
2019-10-26,MUFFINS,Oat Butter,0,12,12,3,7,2,0,0,0,0,0,0,0,0
2019-10-26,MUFFINS,frosted sugar,1,6,7,7,0,0,0,0,0,0,0,0,0,0
2019-10-26,MUFFINS,Pumpkin Bars,0,5,5,5,0,0,0,0,0,0,0,0,0,0
2019-10-26,MUFFINS,brownie,1,4,5,5,0,0,0,0,0,0,0,0,0,0
2019-10-26,MUFFINS,Bread Pudding,0,0,0,0,0,0,0,0,0,0,0,0,0,0
2019-10-26,MUFFINS,Totals,18,289,307,211,66,30,0,4,0,4,4,0,0,0
2019-10-27,BREAD,H,0,0,0,0,0,0,0,0,0,0,0,0,0,0
2019-10-27,BREAD,FR,0,0,0,0,0,0,0,0,0,0,0,0,0,0
2019-10-27,BREAD,GW,0,0,0,0,0,0,0,0,0,0,0,0,0,0
2019-10-27,BREAD,DK,0,0,0,0,0,0,0,0,0,0,0,0,0,0
2019-10-27,BREAD,H5|Cran,0,0,0,0,0,0,0,0,0,0,0,0,0,0
2019-10-27,BREAD,CSRWL,0,0,0,0,0,0,0,0,0,0,0,0,0,0
2019-10-27,BREAD,PUMP PIE SW,0,0,0,0,0,0,0,0,0,0,0,0,0,0
2019-10-27,BREAD,CB,0,0,0,0,0,0,0,0,0,0,0,0,0,0
2019-10-27,BREAD,CNE,0,0,0,0,0,0,0,0,0,0,0,0,0,0
2019-10-27,BREAD,CNR,0,0,0,0,0,0,0,0,0,0,0,0,0,0
2019-10-27,BREAD,CNW,0,0,0,0,0,0,0,0,0,0,0,0,0,0
2019-10-27,BREAD,CG,0,0,0,0,0,0,0,0,0,0,0,0,0,0
2019-10-27,BREAD,Pesto CG,0,0,0,0,0,0,0,0,0,0,0,0,0,0
2019-10-27,BREAD,CH,0,0,0,0,0,0,0,0,0,0,0,0,0,0
2019-10-27,BREAD,VS,0,0,0,0,0,0,0,0,0,0,0,0,0,0
2019-10-27,BREAD,SOURDOUGH,0,0,0,0,0,0,0,0,0,0,0,0,0,0
2019-10-27,BREAD,SOUR JC,0,0,0,0,0,0,0,0,0,0,0,0,0,0
2019-10-27,BREAD,Sour RG,0,0,0,0,0,0,0,0,0,0,0,0,0,0
2019-10-27,BREAD,WC,0,0,0,0,0,0,0,0,0,0,0,0,0,0
2019-10-27,BREAD,Car,0,0,0,0,0,0,0,0,0,0,0,0,0,0
2019-10-27,BREAD,IHF,0,0,0,0,0,0,0,0,0,0,0,0,0,0
2019-10-27,BREAD,Witch F,0,0,0,0,0,0,0,0,0,0,0,0,0,0
2019-10-27,BREAD,Spiders,0,0,0,0,0,0,0,0,0,0,0,0,0,0
2019-10-27,BREAD,BUT Rls,0,0,0,0,0,0,0,0,0,0,0,0,0,0
2019-10-27,BREAD,H-RLS,0,0,0,0,0,0,0,0,0,0,0,0,0,0
2019-10-27,BREAD,FR-RLS,0,0,0,0,0,0,0,0,0,0,0,0,0,0
2019-10-27,BREAD,VS-RLS,0,0,0,0,0,0,0,0,0,0,0,0,0,0
2019-10-27,BREAD,Blue Stru,0,0,0,0,0,0,0,0,0,0,0,0,0,0
2019-10-27,BREAD,Choc Carm,0,0,0,0,0,0,0,0,0,0,0,0,0,0
2019-10-27,BREAD,Pump CC,0,0,0,0,0,0,0,0,0,0,0,0,0,0
2019-10-27,ROLLS,Cinnamon,0,0,0,0,0,0,0,0,0,0,0,0,0,0
2019-10-27,ROLLS,Pump C-R,0,0,0,0,0,0,0,0,0,0,0,0,0,0
2019-10-27,ROLLS,Mini C-Roll,0,0,0,0,0,0,0,0,0,0,0,0,0,0
2019-10-27,SCONES,Blueberry,0,0,0,0,0,0,0,0,0,0,0,0,0,0
2019-10-27,SCONES,Rasp Cream,0,0,0,0,0,0,0,0,0,0,0,0,0,0
2019-10-27,SCONES,Cherry,0,0,0,0,0,0,0,0,0,0,0,0,0,0
2019-10-27,SCONES,Butt Almond,0,0,0,0,0,0,0,0,0,0,0,0,0,0
2019-10-27,SCONES,Turtle,0,0,0,0,0,0,0,0,0,0,0,0,0,0
2019-10-27,SCONES,Cin Chip,0,0,0,0,0,0,0,0,0,0,0,0,0,0
2019-10-27,SCONES,pb choc,0,0,0,0,0,0,0,0,0,0,0,0,0,0
2019-10-27,SCONES,Pump Spice,0,0,0,0,0,0,0,0,0,0,0,0,0,0
2019-10-27,FRUIT BARS,Mixed Berry,0,0,0,0,0,0,0,0,0,0,0,0,0,0
2019-10-27,FRUIT BARS,Cherry,0,0,0,0,0,0,0,0,0,0,0,0,0,0
2019-10-27,FRUIT BARS,Apple Cin,0,0,0,0,0,0,0,0,0,0,0,0,0,0
2019-10-27,FRUIT BARS,MIXED FRUIT,0,0,0,0,0,0,0,0,0,0,0,0,0,0
2019-10-27,MUFFINS,Blue Stru,0,0,0,0,0,0,0,0,0,0,0,0,0,0
2019-10-27,MUFFINS,Choc Carm,0,0,0,0,0,0,0,0,0,0,0,0,0,0
2019-10-27,MUFFINS,Pump CC,0,0,0,0,0,0,0,0,0,0,0,0,0,0
2019-10-27,MUFFINS,Choc Carm,0,0,0,0,0,0,0,0,0,0,0,0,0,0
2019-10-27,MUFFINS,Cookies,0,0,0,0,0,0,0,0,0,0,0,0,0,0
2019-10-27,MUFFINS,Bars,0,0,0,0,0,0,0,0,0,0,0,0,0,0
2019-10-27,MUFFINS,oatmeal choc,0,0,0,0,0,0,0,0,0,0,0,0,0,0
2019-10-27,MUFFINS,triple choc,0,0,0,0,0,0,0,0,0,0,0,0,0,0
2019-10-27,MUFFINS,snickerdoodle,0,0,0,0,0,0,0,0,0,0,0,0,0,0
2019-10-27,MUFFINS,Oat Butter,0,0,0,0,0,0,0,0,0,0,0,0,0,0
2019-10-27,MUFFINS,frosted sugar,0,0,0,0,0,0,0,0,0,0,0,0,0,0
2019-10-27,MUFFINS,Pumpkin Bars,0,0,0,0,0,0,0,0,0,0,0,0,0,0
2019-10-27,MUFFINS,brownie,0,0,0,0,0,0,0,0,0,0,0,0,0,0
2019-10-27,MUFFINS,Bread Pudding,0,0,0,0,0,0,0,0,0,0,0,0,0,0
2019-10-27,MUFFINS,Totals,0,0,0,0,0,0,0,0,0,0,0,0,0,0
2019-10-28,BREAD,H,0,36,36,31,0,0,5,0,0,0,0,0,0,0
2019-10-28,BREAD,FR,0,52,52,19,20,0,13,0,0,0,0,0,0,0
2019-10-28,BREAD,GW,0,11,11,3,0,0,8,0,0,0,0,0,0,0
2019-10-28,BREAD,DK,0,22,22,9,0,0,13,0,0,0,0,0,0,0
2019-10-28,BREAD,H5|Cran,0,0,0,0,0,0,0,0,0,0,0,0,0,0
2019-10-28,BREAD,CSRWL,0,16,16,13,0,0,3,0,3,3,2,0,0,1
2019-10-28,BREAD,PUMP PIE SW,0,12,12,10,0,0,2,0,2,2,0,0,0,2
2019-10-28,BREAD,CB,0,0,0,0,0,0,0,0,0,0,0,0,0,0
2019-10-28,BREAD,CNE,0,11,11,9,0,0,2,0,2,2,0,0,0,2
2019-10-28,BREAD,CNR,0,4,4,1,0,0,3,0,0,0,0,0,0,0
2019-10-28,BREAD,CNW,0,4,4,3,0,0,1,0,0,0,0,0,0,0
2019-10-28,BREAD,CG,0,6,6,6,0,0,0,0,2,2,1,0,0,1
2019-10-28,BREAD,Pesto CG,0,3,3,2,0,0,1,0,0,0,0,0,0,0
2019-10-28,BREAD,CH,0,0,0,0,0,0,0,0,0,0,0,0,0,0
2019-10-28,BREAD,VS,0,0,0,0,0,0,0,0,0,0,0,0,0,0
2019-10-28,BREAD,SOURDOUGH,0,10,10,9,0,0,1,0,0,0,0,0,0,0
2019-10-28,BREAD,SOUR JC,0,3,3,3,0,0,0,0,0,0,0,0,0,0
2019-10-28,BREAD,Sour RG,0,3,3,3,0,0,0,0,0,0,0,0,0,0
2019-10-28,BREAD,CB-PB,0,0,0,0,0,0,0,0,0,0,0,0,0,0
2019-10-28,BREAD,WC,0,0,0,0,0,0,0,0,0,0,0,0,0,0
2019-10-28,BREAD,Car,0,0,0,0,0,0,0,0,0,0,0,0,0,0
2019-10-28,BREAD,IHF,0,0,0,0,0,0,0,0,0,0,0,0,0,0
2019-10-28,BREAD,Witch F,0,0,0,0,0,0,0,0,0,0,0,0,0,0
2019-10-28,BREAD,Spiders,0,3,3,3,0,0,0,0,0,0,0,0,0,0
2019-10-28,BREAD,BUT Rls,0,0,0,0,0,0,0,0,0,0,0,0,0,0
2019-10-28,BREAD,H-RLS,0,2,2,2,0,0,0,0,0,0,0,0,0,0
2019-10-28,BREAD,FR-RLS,0,2,2,2,0,0,0,0,0,0,0,0,0,0
2019-10-28,BREAD,VS-RLS,0,0,0,0,0,0,0,0,0,0,0,0,0,0
2019-10-28,BREAD,Blue Stru,0,4,4,1,0,0,3,0,0,0,0,0,0,0
2019-10-28,BREAD,Choc Carm,0,3,3,1,0,0,2,0,0,0,0,0,0,0
2019-10-28,BREAD,Pump CC,0,5,5,4,0,0,1,0,0,0,0,0,0,0
2019-10-28,ROLLS,Cinnamon,0,24,24,24,0,0,0,0,0,0,0,0,0,0
2019-10-28,ROLLS,Pump C-R,0,12,12,8,0,4,0,0,0,0,0,0,0,0
2019-10-28,ROLLS,Mini C-Roll,0,72,72,24,48,0,0,0,0,0,0,0,0,0
2019-10-28,SCONES,Blueberry,0,0,0,0,0,0,0,0,0,0,0,0,0,0
2019-10-28,SCONES,Rasp Cream,0,11,11,8,0,3,0,0,0,0,0,0,0,0
2019-10-28,SCONES,Cherry,0,0,0,0,0,0,0,0,0,0,0,0,0,0
2019-10-28,SCONES,Butt Almond,0,0,0,0,0,0,0,0,0,0,0,0,0,0
2019-10-28,SCONES,Turtle,0,0,0,0,0,0,0,0,0,0,0,0,0,0
2019-10-28,SCONES,Cin Chip,0,11,11,11,0,0,0,0,0,0,0,0,0,0
2019-10-28,SCONES,pb choc,0,0,0,0,0,0,0,0,0,0,0,0,0,0
2019-10-28,SCONES,Pump Spice,0,8,8,7,0,1,0,0,0,0,0,0,0,0
2019-10-28,FRUIT BARS,Mixed Berry,0,8,8,8,0,0,0,0,0,0,0,0,0,0
2019-10-28,FRUIT BARS,Cherry,0,12,12,12,0,0,0,0,0,0,0,0,0,0
2019-10-28,FRUIT BARS,Apple Cin,0,0,0,0,0,0,0,0,0,0,0,0,0,0
2019-10-28,FRUIT BARS,MIXED FRUIT,0,0,0,0,0,0,0,0,0,0,0,0,0,0
2019-10-28,MUFFINS,Blue Stru,0,5,5,5,0,0,0,0,0,0,0,0,0,0
2019-10-28,MUFFINS,Choc Carm,0,4,4,4,0,0,0,0,0,0,0,0,0,0
2019-10-28,MUFFINS,Pump CC,0,6,6,6,0,0,0,0,0,0,0,0,0,0
2019-10-28,MUFFINS,Cookies,0,0,0,0,0,0,0,0,0,0,0,0,0,0
2019-10-28,MUFFINS,Bars,0,0,0,0,0,0,0,0,0,0,0,0,0,0
2019-10-28,MUFFINS,oatmeal choc,0,24,24,7,4,0,13,0,0,0,0,0,0,0
2019-10-28,MUFFINS,triple choc,0,24,24,15,4,0,5,0,0,0,0,0,0,0
2019-10-28,MUFFINS,snickerdoodle,0,24,24,4,4,0,16,0,0,0,0,0,0,0
2019-10-28,MUFFINS,Oat Butter,0,18,18,9,4,0,5,0,0,0,0,0,0,0
2019-10-28,MUFFINS,frosted sugar,0,18,18,7,0,0,11,0,0,0,0,0,0,0
2019-10-28,MUFFINS,Pumpkin Bars,0,6,6,4,0,0,2,0,0,0,0,0,0,0
2019-10-28,MUFFINS,brownie,0,6,6,5,0,0,1,0,0,0,0,0,0,0
2019-10-28,MUFFINS,Bread Pudding,0,0,0,0,0,0,0,0,0,0,0,0,0,0
2019-10-28,MUFFINS,Totals,0,293,293,168,64,8,53,0,0,0,0,0,0,0
2019-10-29,BREAD,H,5,33,38,14,0,0,24,0,0,0,0,0,0,0
2019-10-29,BREAD,FR,13,6,19,19,0,0,0,0,0,0,0,0,0,0
2019-10-29,BREAD,GW,8,0,8,1,0,0,7,0,0,0,0,0,0,0
2019-10-29,BREAD,DK,13,0,13,8,0,0,5,0,0,0,0,0,0,0
2019-10-29,BREAD,H5|Cran,0,17,17,7,0,0,10,0,10,10,8,0,0,2
2019-10-29,BREAD,CSRWL,3,18,21,19,2,0,0,1,2,3,3,0,0,0
2019-10-29,BREAD,PUMP PIE SW,2,12,14,14,0,0,0,2,0,2,2,0,0,0
2019-10-29,BREAD,CB,0,8,8,2,0,0,6,0,4,4,1,0,0,3
2019-10-29,BREAD,CNE,2,0,2,2,0,0,0,2,0,2,2,0,0,0
2019-10-29,BREAD,CNR,3,0,3,3,0,0,0,0,0,0,0,0,0,0
2019-10-29,BREAD,CNW,1,0,1,1,0,0,0,0,0,0,0,0,0,0
2019-10-29,BREAD,CG,0,0,0,0,0,0,0,1,0,1,1,0,0,0
2019-10-29,BREAD,Pesto CG,1,0,1,1,0,0,0,0,0,0,0,0,0,0
2019-10-29,BREAD,CH,0,0,0,0,0,0,0,0,0,0,0,0,0,0
2019-10-29,BREAD,VS,0,8,8,5,3,0,0,0,3,3,3,0,0,0
2019-10-29,BREAD,SOURDOUGH,1,0,1,1,0,0,0,0,0,0,0,0,0,0
2019-10-29,BREAD,SOUR JC,0,0,0,0,0,0,0,0,0,0,0,0,0,0
2019-10-29,BREAD,Sour RG,0,0,0,0,0,0,0,0,0,0,0,0,0,0
2019-10-29,BREAD,CB-PB,0,6,6,3,0,0,3,0,3,3,1,0,0,2
2019-10-29,BREAD,WC,0,0,0,0,0,0,0,0,0,0,0,0,0,0
2019-10-29,BREAD,Car,0,0,0,0,0,0,0,0,0,0,0,0,0,0
2019-10-29,BREAD,IHF,0,0,0,0,0,0,0,0,0,0,0,0,0,0
2019-10-29,BREAD,Witch F,0,6,6,2,0,0,4,0,0,0,0,0,0,0
2019-10-29,BREAD,Spiders,0,8,8,4,0,0,4,0,0,0,0,0,0,0
2019-10-29,BREAD,BUT Rls,0,0,0,0,0,0,0,0,0,0,0,0,0,0
2019-10-29,BREAD,H-RLS,0,3,3,2,0,0,1,0,0,0,0,0,0,0
2019-10-29,BREAD,FR-RLS,0,4,4,0,4,0,0,0,0,0,0,0,0,0
2019-10-29,BREAD,VS-RLS,0,4,4,4,0,0,0,0,0,0,0,0,0,0
2019-10-29,BREAD,Blue Stru,3,1,4,4,0,0,0,0,0,0,0,0,0,0
2019-10-29,BREAD,Choc Carm,2,1,3,1,0,0,2,0,0,0,0,0,0,0
2019-10-29,BREAD,Pump CC,1,7,8,4,3,0,1,0,0,0,0,0,0,0
2019-10-29,ROLLS,Cinnamon,0,24,24,20,4,0,0,0,0,0,0,0,0,0
2019-10-29,ROLLS,Pump C-R,0,12,12,12,0,0,0,0,0,0,0,0,0,0
2019-10-29,ROLLS,Mini C-Roll,0,0,0,0,0,0,0,0,0,0,0,0,0,0
2019-10-29,SCONES,Blueberry,0,14,14,12,0,2,0,0,5,5,0,0,0,0
2019-10-29,SCONES,Rasp Cream,0,0,0,0,0,0,0,0,0,0,0,0,0,0
2019-10-29,SCONES,Cherry,0,0,0,0,0,0,0,0,0,0,0,0,0,0
2019-10-29,SCONES,Butt Almond,0,0,0,0,0,0,0,0,0,0,0,0,0,0
2019-10-29,SCONES,Turtle,0,0,0,0,0,0,0,0,0,0,0,0,0,0
2019-10-29,SCONES,Cin Chip,0,14,14,10,0,4,0,0,5,5,0,0,0,0
2019-10-29,SCONES,pb choc,0,0,0,0,0,0,0,0,0,0,0,0,0,0
2019-10-29,SCONES,Pump Spice,0,8,8,8,0,0,0,0,6,6,0,0,0,0
2019-10-29,FRUIT BARS,Mixed Berry,0,0,0,0,0,0,0,0,0,0,0,0,0,0
2019-10-29,FRUIT BARS,Cherry,0,0,0,0,0,0,0,0,0,0,0,0,0,0
2019-10-29,FRUIT BARS,Apple Cin,0,12,12,8,4,0,0,0,0,0,0,0,0,0
2019-10-29,FRUIT BARS,MIXED FRUIT,0,8,8,4,3,1,0,0,0,0,0,0,0,0
2019-10-29,MUFFINS,Blue Stru,0,5,5,5,0,0,0,0,6,6,0,0,0,0
2019-10-29,MUFFINS,Choc Carm,0,5,5,5,0,0,0,0,6,6,0,0,0,0
2019-10-29,MUFFINS,Pump CC,0,6,6,6,0,0,0,0,0,0,0,0,0,0
2019-10-29,MUFFINS,Cookies,0,0,0,0,0,0,0,0,0,0,0,0,0,0
2019-10-29,MUFFINS,Bars,0,0,0,0,0,0,0,0,0,0,0,0,0,0
2019-10-29,MUFFINS,oatmeal choc,13,12,25,18,7,0,0,0,0,0,0,0,0,0
2019-10-29,MUFFINS,triple choc,5,18,23,16,7,0,0,0,8,8,8,0,0,0
2019-10-29,MUFFINS,snickerdoodle,16,6,22,16,6,0,0,0,0,0,0,0,0,0
2019-10-29,MUFFINS,Oat Butter,5,18,23,11,6,0,6,0,0,0,0,0,0,0
2019-10-29,MUFFINS,frosted sugar,11,12,23,12,0,0,11,0,0,0,0,0,0,0
2019-10-29,MUFFINS,Pumpkin Bars,2,4,6,5,0,0,1,0,0,0,0,0,0,0
2019-10-29,MUFFINS,brownie,1,5,6,3,0,0,3,0,0,0,0,0,0,0
2019-10-29,MUFFINS,Bread Pudding,0,0,0,0,0,0,0,0,0,0,0,0,0,0
2019-10-29,MUFFINS,Totals,53,183,236,171,37,7,21,0,36,36,8,0,0,0
2019-10-30,BREAD,H,24,36,60,23,14,0,23,0,0,0,0,0,0,0
2019-10-30,BREAD,FR,0,37,37,11,5,0,21,0,0,0,0,0,0,0
2019-10-30,BREAD,GW,7,14,21,9,0,3,9,0,0,0,0,0,0,0
2019-10-30,BREAD,DK,5,30,35,21,0,0,14,0,0,0,0,0,0,0
2019-10-30,BREAD,H5|Cran,10,0,10,4,0,0,6,2,0,2,2,0,0,0
2019-10-30,BREAD,CSRWL,0,16,16,9,1,0,6,0,0,0,0,0,0,0
2019-10-30,BREAD,PUMP PIE SW,0,12,12,5,0,0,7,0,0,0,0,0,0,0
2019-10-30,BREAD,CB,6,0,6,5,0,1,0,3,0,3,3,0,0,0
2019-10-30,BREAD,CNE,0,16,16,12,0,0,4,0,4,4,4,0,0,0
2019-10-30,BREAD,CNR,0,6,6,2,0,0,4,0,0,0,0,0,0,0
2019-10-30,BREAD,CNW,0,9,9,6,0,0,3,0,0,0,0,0,0,0
2019-10-30,BREAD,CG,0,9,9,5,0,0,4,0,4,4,4,0,0,0
2019-10-30,BREAD,Pesto CG,0,8,8,6,0,0,2,0,0,0,0,0,0,0
2019-10-30,BREAD,CH,0,0,0,0,0,0,0,0,0,0,0,0,0,0
2019-10-30,BREAD,VS,0,0,0,0,0,0,0,0,0,0,0,0,0,0
2019-10-30,BREAD,SOURDOUGH,0,9,9,8,0,0,1,0,0,0,0,0,0,0
2019-10-30,BREAD,SOUR JC,0,4,4,3,0,0,1,0,0,0,0,0,0,0
2019-10-30,BREAD,Sour RG,0,4,4,3,0,0,1,0,0,0,0,0,0,0
2019-10-30,BREAD,CB-PB,3,0,3,2,0,1,0,2,0,2,1,0,0,0
2019-10-30,BREAD,WC,0,0,0,0,0,0,0,0,0,0,0,0,0,0
2019-10-30,BREAD,Car,0,0,0,-3,3,0,0,0,0,0,0,0,0,0
2019-10-30,BREAD,IHF,0,0,0,0,0,0,0,0,0,0,0,0,0,0
2019-10-30,BREAD,Witch F,4,0,4,3,0,1,0,0,0,0,0,0,0,0
2019-10-30,BREAD,Spiders,4,6,10,8,1,0,1,0,0,0,0,0,0,0
2019-10-30,BREAD,BUT Rls,0,0,0,0,0,0,0,0,0,0,0,0,0,0
2019-10-30,BREAD,H-RLS,1,3,4,1,0,0,3,0,0,0,0,0,0,0
2019-10-30,BREAD,FR-RLS,0,4,4,2,0,0,2,0,0,0,0,0,0,0
2019-10-30,BREAD,VS-RLS,0,0,0,0,0,0,0,0,0,0,0,0,0,0
2019-10-30,BREAD,Blue Stru,0,4,4,4,0,0,0,0,0,0,0,0,0,0
2019-10-30,BREAD,Choc Carm,2,2,4,2,0,0,2,0,0,0,0,0,0,0
2019-10-30,BREAD,Pump CC,1,5,6,5,0,0,1,0,0,0,0,0,0,0
2019-10-30,ROLLS,Cinnamon,0,24,24,24,0,0,0,0,0,0,0,0,0,0
2019-10-30,ROLLS,Pump C-R,0,12,12,11,0,1,0,0,0,0,0,0,0,0
2019-10-30,ROLLS,Mini C-Roll,0,0,0,0,0,0,0,0,0,0,0,0,0,0
2019-10-30,SCONES,Blueberry,0,0,0,0,0,0,0,0,0,0,0,0,0,0
2019-10-30,SCONES,Rasp Cream,0,19,19,15,4,0,0,0,0,0,0,0,0,0
2019-10-30,SCONES,Cherry,0,0,0,0,0,0,0,0,0,0,0,0,0,0
2019-10-30,SCONES,Butt Almond,0,0,0,0,0,0,0,0,0,0,0,0,0,0
2019-10-30,SCONES,Turtle,0,12,12,8,0,4,0,0,0,0,0,0,0,0
2019-10-30,SCONES,Cin Chip,0,0,0,0,0,0,0,0,0,0,0,0,0,0
2019-10-30,SCONES,pb choc,0,0,0,0,0,0,0,0,0,0,0,0,0,0
2019-10-30,SCONES,Pump Spice,0,16,16,0,0,16,0,0,18,18,18,0,0,0
2019-10-30,FRUIT BARS,Mixed Berry,0,8,8,8,0,0,0,0,0,0,0,0,0,0
2019-10-30,FRUIT BARS,Cherry,0,12,12,12,0,0,0,0,0,0,0,0,0,0
2019-10-30,FRUIT BARS,Apple Cin,0,0,0,0,0,0,0,0,0,0,0,0,0,0
2019-10-30,FRUIT BARS,MIXED FRUIT,0,0,0,0,0,0,0,0,0,0,0,0,0,0
2019-10-30,MUFFINS,Blue Stru,0,6,6,6,0,0,0,0,0,0,0,0,0,0
2019-10-30,MUFFINS,Choc Carm,0,6,6,6,0,0,0,0,0,0,0,0,0,0
2019-10-30,MUFFINS,Pump CC,0,8,8,7,0,1,0,0,0,0,0,0,0,0
2019-10-30,MUFFINS,Cookies,0,0,0,0,0,0,0,0,0,0,0,0,0,0
2019-10-30,MUFFINS,Bars,0,0,0,0,0,0,0,0,0,0,0,0,0,0
2019-10-30,MUFFINS,oatmeal choc,0,18,18,10,0,0,8,0,0,0,0,0,0,0
2019-10-30,MUFFINS,triple choc,0,18,18,18,0,0,0,0,0,0,0,0,0,0
2019-10-30,MUFFINS,snickerdoodle,0,18,18,18,0,0,0,0,0,0,0,0,0,0
2019-10-30,MUFFINS,Oat Butter,6,6,12,7,0,4,1,0,0,0,0,0,0,0
2019-10-30,MUFFINS,frosted sugar,11,12,23,14,0,3,6,0,0,0,0,0,0,0
2019-10-30,MUFFINS,Pumpkin Bars,1,5,6,6,0,0,0,0,0,0,0,0,0,0
2019-10-30,MUFFINS,brownie,3,3,6,6,0,0,0,0,0,0,0,0,0,0
2019-10-30,MUFFINS,Bread Pudding,0,0,0,0,0,0,0,0,0,0,0,0,0,0
2019-10-30,MUFFINS,Totals,21,203,224,176,4,29,15,0,18,18,18,0,0,0
2019-10-31,BREAD,H,23,24,47,15,0,3,29,0,0,0,0,0,0,0
2019-10-31,BREAD,FR,21,41,62,14,35,0,13,0,0,0,0,0,0,0
2019-10-31,BREAD,GW,9,9,18,3,0,2,13,0,0,0,0,0,0,0
2019-10-31,BREAD,DK,14,0,14,5,0,0,9,0,0,0,0,0,0,0
2019-10-31,BREAD,H5|Cran,6,13,19,-1,0,2,18,0,8,8,1,0,0,6
2019-10-31,BREAD,CSRWL,6,12,18,17,0,0,1,0,2,2,2,0,0,0
2019-10-31,BREAD,PUMP PIE SW,7,8,15,8,0,1,6,0,2,2,2,0,0,0
2019-10-31,BREAD,CB,0,9,9,3,0,0,6,0,3,3,2,0,0,1
2019-10-31,BREAD,CNE,4,0,4,4,0,0,0,0,0,0,0,0,0,0
2019-10-31,BREAD,CNR,4,0,4,4,0,0,0,0,0,0,0,0,0,0
2019-10-31,BREAD,CNW,3,0,3,2,0,1,0,0,0,0,0,0,0,0
2019-10-31,BREAD,CG,4,0,4,4,0,0,0,0,0,0,0,0,0,0
2019-10-31,BREAD,Pesto CG,2,0,2,2,0,0,0,0,0,0,0,0,0,0
2019-10-31,BREAD,CH,0,0,0,0,0,0,0,0,0,0,0,0,0,0
2019-10-31,BREAD,VS,0,14,14,5,4,0,5,0,2,2,2,0,0,0
2019-10-31,BREAD,SOURDOUGH,1,0,1,1,0,0,0,0,0,0,0,0,0,0
2019-10-31,BREAD,SOUR JC,1,0,1,1,0,0,0,0,0,0,0,0,0,0
2019-10-31,BREAD,Sour RG,1,0,1,1,0,0,0,0,0,0,0,0,0,0
2019-10-31,BREAD,CB-PB,0,6,6,2,0,0,4,0,4,4,1,0,0,3
2019-10-31,BREAD,WC,0,0,0,0,0,0,0,0,0,0,0,0,0,0
2019-10-31,BREAD,Car,0,0,0,0,0,0,0,0,0,0,0,0,0,0
2019-10-31,BREAD,IHF,0,0,0,0,0,0,0,0,0,0,0,0,0,0
2019-10-31,BREAD,Witch F,0,0,0,0,0,0,0,0,0,0,0,0,0,0
2019-10-31,BREAD,Spiders,1,6,7,3,0,1,3,0,0,0,0,0,0,0
2019-10-31,BREAD,BUT Rls,0,0,0,0,0,0,0,0,0,0,0,0,0,0
2019-10-31,BREAD,H-RLS,3,0,3,1,0,2,0,0,0,0,0,0,0,0
2019-10-31,BREAD,FR-RLS,2,0,2,2,0,0,0,0,0,0,0,0,0,0
2019-10-31,BREAD,VS-RLS,0,4,4,2,0,0,2,0,0,0,0,0,0,0
2019-10-31,BREAD,Blue Stru,0,5,5,3,0,0,2,0,0,0,0,0,0,0
2019-10-31,BREAD,Choc Carm,2,0,2,0,0,2,0,0,0,0,0,0,0,0
2019-10-31,BREAD,Pump CC,1,6,7,6,0,1,0,0,0,0,0,0,0,0
2019-10-31,BREAD,Mex Choc,0,6,6,5,0,0,1,0,0,0,0,0,0,0
2019-10-31,ROLLS,Cinnamon,0,96,96,96,0,0,0,0,0,0,0,0,0,0
2019-10-31,ROLLS,Pump C-R,0,60,60,60,0,0,0,0,0,0,0,0,0,0
2019-10-31,ROLLS,Mini C-Roll,0,0,0,0,0,0,0,0,0,0,0,0,0,0
2019-10-31,SCONES,Blueberry,0,36,36,34,0,2,0,0,3,3,0,0,0,0
2019-10-31,SCONES,Rasp Cream,0,0,0,0,0,0,0,0,0,0,0,0,0,0
2019-10-31,SCONES,Cherry,0,0,0,0,0,0,0,0,0,0,0,0,0,0
2019-10-31,SCONES,Butt Almond,0,0,0,0,0,0,0,0,0,0,0,0,0,0
2019-10-31,SCONES,Turtle,0,19,19,19,0,0,0,0,4,4,1,0,0,0
2019-10-31,SCONES,Cin Chip,0,0,0,0,0,0,0,0,0,0,0,0,0,0
2019-10-31,SCONES,pb choc,0,0,0,0,0,0,0,0,0,0,0,0,0,0
2019-10-31,SCONES,Pump Spice,0,14,14,13,0,1,0,0,2,2,0,0,0,0
2019-10-31,FRUIT BARS,Mixed Berry,0,0,0,0,0,0,0,0,0,0,0,0,0,0
2019-10-31,FRUIT BARS,Cherry,0,0,0,0,0,0,0,0,0,0,0,0,0,0
2019-10-31,FRUIT BARS,Apple Cin,0,12,12,12,0,0,0,0,0,0,0,0,0,0
2019-10-31,FRUIT BARS,MIXED FRUIT,0,8,8,8,0,0,0,0,0,0,0,0,0,0
2019-10-31,MUFFINS,Blue Stru,0,12,12,10,0,2,0,0,2,2,0,0,0,0
2019-10-31,MUFFINS,Choc Carm,0,9,9,9,0,0,0,0,2,2,0,0,0,0
2019-10-31,MUFFINS,Pump CC,0,16,16,15,0,1,0,0,2,2,0,0,0,0
2019-10-31,MUFFINS,Mex Choc,0,12,12,7,0,5,0,0,2,2,0,0,0,0
2019-10-31,MUFFINS,Cookies,0,0,0,0,0,0,0,0,0,0,0,0,0,0
2019-10-31,MUFFINS,Bars,0,0,0,0,0,0,0,0,0,0,0,0,0,0
2019-10-31,MUFFINS,oatmeal choc,8,18,26,23,1,0,2,0,8,8,8,0,0,0
2019-10-31,MUFFINS,triple choc,0,30,30,29,1,0,0,0,8,8,8,0,0,0
2019-10-31,MUFFINS,snickerdoodle,0,30,30,23,1,0,6,0,8,8,8,0,0,0
2019-10-31,MUFFINS,Ginger,1,24,25,13,0,0,12,0,0,0,0,0,0,0
2019-10-31,MUFFINS,Oat Butt,1,0,1,0,0,0,1,0,0,0,0,0,0,0
2019-10-31,MUFFINS,frosted sugar,6,18,24,24,0,0,0,0,0,0,0,0,0,0
2019-10-31,MUFFINS,Pumpkin Bars,0,36,36,16,20,0,0,0,0,0,0,0,0,0
2019-10-31,MUFFINS,brownie,0,36,36,16,20,0,0,0,0,0,0,0,0,0
2019-10-31,MUFFINS,Bread Pudding,0,0,0,0,0,0,0,0,0,0,0,0,0,0
2019-10-31,MUFFINS,Totals,16,486,502,427,43,11,21,0,41,41,25,0,0,0
