Date,Category,Product,START_OF_DAY_WHOLE,MADE_TODAY_WHOLE,AVAILABLE_TO_SELL_WHOLE,OUT_THE_DOOR_WHOLE,ORDERS_TODAY_WHOLE,REMOVED_AS_DAY_OLD_WHOLE,LEFT_WHOLE,START_OF_DAY_HALF,MADE_TODAY_HALF,AVAILABLE_TO_SELL_HALF,OUT_THE_DOOR_HALF,ORDERS_TODAY_HALF,REMOVED_AS_DAY_OLD_HALF,LEFT_HALF
2019-03-01,BREAD,H,26,43,69,52,2,0,15,0,0,0,0,0,0,0
2019-03-01,BREAD,FR,13,27,40,16,1,0,23,0,0,0,0,0,0,0
2019-03-01,BREAD,GW,15,3,18,6,0,10,2,0,0,0,0,0,0,0
2019-03-01,BREAD,DK,0,27,27,23,3,0,1,0,0,0,0,0,0,0
2019-03-01,BREAD,H5|Cran,10,0,10,10,0,0,0,0,0,0,0,0,0,0
2019-03-01,BREAD,CSRWL,5,14,19,13,0,0,6,2,0,2,2,0,0,0
2019-03-01,BREAD,VA SWRL,8,8,16,6,0,4,6,0,2,2,2,0,0,0
2019-03-01,BREAD,BfB,11,0,11,7,0,4,0,4,0,4,0,0,0,0
2019-03-01,BREAD,CNE,0,28,28,11,7,0,10,0,3,3,3,0,0,0
2019-03-01,BREAD,CNR,0,6,6,1,0,0,5,0,0,0,0,0,0,0
2019-03-01,BREAD,CNW,0,6,6,1,2,0,3,0,0,0,0,0,0,0
2019-03-01,BREAD,CG,0,14,14,6,4,0,4,0,3,3,2,0,0,1
2019-03-01,BREAD,PESTO CG,0,4,4,0,0,0,4,0,0,0,0,0,0,0
2019-03-01,BREAD,KING CK,0,5,5,5,0,0,0,0,0,0,0,0,0,0
2019-03-01,BREAD,ISB,0,0,0,0,0,0,0,0,0,0,0,0,0,0
2019-03-01,BREAD,SOURDOUGH,0,8,8,7,0,0,1,0,0,0,0,0,0,0
2019-03-01,BREAD,SOUR CC,0,3,3,1,0,0,2,0,0,0,0,0,0,0
2019-03-01,BREAD,Sour RG,0,3,3,2,0,0,1,0,0,0,0,0,0,0
2019-03-01,BREAD,G & S,0,13,13,13,0,0,0,0,3,3,3,0,0,0
2019-03-01,BREAD,VS,7,0,7,4,0,3,0,0,0,0,0,0,0,0
2019-03-01,BREAD,Car,0,0,0,0,0,0,0,0,0,0,0,0,0,0
2019-03-01,BREAD,IHF,0,0,0,0,0,0,0,0,0,0,0,0,0,0
2019-03-01,BREAD,H-RLS,3,27,30,3,24,0,3,0,0,0,0,0,0,0
2019-03-01,BREAD,FR-RLS,2,24,26,0,24,0,2,0,0,0,0,0,0,0
2019-03-01,BREAD,VS-RLS,2,0,2,2,0,0,0,0,0,0,0,0,0,0
2019-03-01,BREAD,Lem Blue,0,4,4,3,1,0,0,0,0,0,0,0,0,0
2019-03-01,BREAD,Lem Popp,0,4,4,4,0,0,0,0,0,0,0,0,0,0
2019-03-01,BREAD,Red Vel,1,3,4,-1,0,0,5,0,0,0,0,0,0,0
2019-03-01,BREAD,Choc Carm,1,3,4,1,0,0,3,0,0,0,0,0,0,0
2019-03-01,BREAD,Morn Gl,1,2,3,1,0,0,2,0,0,0,0,0,0,0
2019-03-01,BREAD,Ir Whiskey,0,4,4,4,0,0,0,0,0,0,0,0,0,0
2019-03-01,ROLLS,Cinnamon,0,48,48,36,12,0,0,0,0,0,0,0,0,0
2019-03-01,ROLLS,Mini C-Roll,0,72,72,0,72,0,0,0,0,0,0,0,0,0
2019-03-01,ROLLS,Scones,0,0,0,0,0,0,0,0,0,0,0,0,0,0
2019-03-01,ROLLS,Biscuits,0,0,0,0,0,0,0,0,0,0,0,0,0,0
2019-03-01,ROLLS,Blueberry,0,0,0,0,0,0,0,0,0,0,0,0,0,0
2019-03-01,ROLLS,Rasp Cream,0,0,0,0,0,0,0,0,0,0,0,0,0,0
2019-03-01,ROLLS,Cherry,0,18,18,14,4,0,0,0,4,4,2,0,0,0
2019-03-01,ROLLS,Butt Almond,0,16,16,16,0,0,0,0,3,3,2,0,0,0
2019-03-01,ROLLS,Blarney,0,12,12,12,0,0,0,0,3,3,0,0,0,0
2019-03-01,ROLLS,biscuit,0,10,10,4,0,6,0,0,0,0,0,0,0,0
2019-03-01,FRUIT BARS,Mixed Berry,0,8,8,7,1,0,0,0,0,0,0,0,0,0
2019-03-01,FRUIT BARS,Cherry,0,12,12,11,1,0,0,0,0,0,0,0,0,0
2019-03-01,FRUIT BARS,Apple Cin,0,0,0,0,0,0,0,0,0,0,0,0,0,0
2019-03-01,FRUIT BARS,MIXED FRUIT,0,0,0,0,0,0,0,0,0,0,0,0,0,0
2019-03-01,MUFFINS,Lem Blue,0,5,5,5,0,0,0,0,1,1,1,0,0,0
2019-03-01,MUFFINS,Lem Popp,0,5,5,5,0,0,0,0,2,2,0,0,0,0
2019-03-01,MUFFINS,Ch Orange,0,0,0,0,0,0,0,0,0,0,-1,0,0,0
2019-03-01,MUFFINS,Morn Glory,0,4,4,4,0,0,0,0,2,2,0,0,0,0
2019-03-01,MUFFINS,Red Vel,0,5,5,4,0,1,0,0,2,2,1,0,0,0
2019-03-01,MUFFINS,Choc Carm,0,5,5,5,0,0,0,0,2,2,1,0,0,0
2019-03-01,MUFFINS,Ir Whiskey,0,6,6,6,0,0,0,0,1,1,1,0,0,0
2019-03-01,MUFFINS,Cookies,0,0,0,0,0,0,0,0,0,0,0,0,0,0
2019-03-01,MUFFINS,Bars,0,0,0,0,0,0,0,0,0,0,0,0,0,0
2019-03-01,MUFFINS,Oatmeal CC,0,18,18,18,0,0,0,0,0,0,0,0,0,0
2019-03-01,MUFFINS,Choc Bliss,0,18,18,9,0,0,9,0,0,0,0,0,0,0
2019-03-01,MUFFINS,Triple Choc,6,12,18,18,0,0,0,0,0,0,0,0,0,0
2019-03-01,MUFFINS,SNICKEDOODLE,4,12,16,16,0,0,0,0,0,0,0,0,0,0
2019-03-01,MUFFINS,PB CHOC,12,6,18,9,0,6,3,0,0,0,0,0,0,0
2019-03-01,MUFFINS,frosted,2,12,14,8,0,1,5,0,0,0,0,0,0,0
2019-03-01,MUFFINS,Brownies,2,10,12,5,0,1,6,0,0,0,0,0,0,0
2019-03-01,MUFFINS,Choc OHHH,0,0,0,-1,0,0,1,0,0,0,-2,0,0,2
2019-03-01,MUFFINS,Ch Ra Ohhh,2,0,2,0,0,0,2,0,0,0,0,0,0,0
2019-03-01,MUFFINS,Ch Ch Ohhh,1,0,1,1,0,0,0,2,0,2,2,0,0,0
2019-03-01,MUFFINS,Bread Pudding,0,0,0,-1,0,0,1,2,0,2,0,0,0,0
2019-03-01,MUFFINS,Totals,29,314,343,211,90,15,27,4,20,22,7,0,0,2
2019-03-02,BREAD,H,15,29,44,26,7,1,10,0,0,0,0,0,0,0
2019-03-02,BREAD,FR,23,0,23,14,0,9,0,0,0,0,0,0,0,0
2019-03-02,BREAD,GW,2,4,6,4,0,2,0,0,0,0,0,0,0,0
2019-03-02,BREAD,DK,1,0,1,1,0,0,0,0,0,0,0,0,0,0
2019-03-02,BREAD,H5|Cran,0,0,0,0,0,0,0,0,0,0,0,0,0,0
2019-03-02,BREAD,CSRWL,6,11,17,10,0,7,0,0,2,2,0,0,0,0
2019-03-02,BREAD,VA SWRL,6,6,12,11,0,1,0,0,2,2,1,0,0,0
2019-03-02,BREAD,BfB,0,0,0,0,0,0,0,0,0,0,0,0,0,0
2019-03-02,BREAD,CNE,10,0,10,10,0,0,0,0,0,0,0,0,0,0
2019-03-02,BREAD,CNR,5,0,5,5,0,0,0,0,0,0,0,0,0,0
2019-03-02,BREAD,CNW,3,0,3,3,0,0,0,0,0,0,0,0,0,0
2019-03-02,BREAD,CG,4,0,4,4,0,0,0,1,0,1,1,0,0,0
2019-03-02,BREAD,PESTO CG,4,0,4,2,0,2,0,0,0,0,0,0,0,0
2019-03-02,BREAD,VS,0,7,7,5,0,2,0,0,2,2,1,0,0,0
2019-03-02,BREAD,ISB,0,14,14,10,1,3,0,0,3,3,1,0,0,0
2019-03-02,BREAD,SOURDOUGH,1,0,1,1,0,0,0,0,0,0,0,0,0,0
2019-03-02,BREAD,SOUR CC,2,0,2,2,0,0,0,0,0,0,0,0,0,0
2019-03-02,BREAD,Sour RG,1,0,1,1,0,0,0,0,0,0,0,0,0,0
2019-03-02,BREAD,G & S,0,12,12,12,0,0,0,0,3,3,3,0,0,0
2019-03-02,BREAD,KING Ck,0,0,0,-1,0,1,0,0,0,0,0,0,0,0
2019-03-02,BREAD,Car,0,0,0,0,0,0,0,0,0,0,0,0,0,0
2019-03-02,BREAD,IHF,0,0,0,0,0,0,0,0,0,0,0,0,0,0
2019-03-02,BREAD,GW BUNS,0,0,0,0,0,0,0,0,0,0,0,0,0,0
2019-03-02,BREAD,H-RLS,3,0,3,3,0,0,0,0,0,0,0,0,0,0
2019-03-02,BREAD,FR-RLS,2,0,2,0,0,2,0,0,0,0,0,0,0,0
2019-03-02,BREAD,VS-RLS,0,2,2,2,0,0,0,0,0,0,0,0,0,0
2019-03-02,BREAD,Lem Blue,0,3,3,2,0,1,0,0,0,0,0,0,0,0
2019-03-02,BREAD,Lem Popp,0,4,4,2,1,1,0,0,0,0,0,0,0,0
2019-03-02,BREAD,Red Vel,5,0,5,4,0,1,0,0,0,0,0,0,0,0
2019-03-02,BREAD,Choc Carm,3,1,4,3,0,1,0,0,0,0,0,0,0,0
2019-03-02,BREAD,Morn Gl,2,1,3,2,0,1,0,0,0,0,0,0,0,0
2019-03-02,BREAD,Ir Whiskey,0,4,4,2,1,1,0,0,0,0,0,0,0,0
2019-03-02,ROLLS,Cinnamon,0,60,60,58,2,0,0,0,0,0,0,0,0,0
2019-03-02,ROLLS,Mini C-Roll,0,240,240,0,240,0,0,0,0,0,0,0,0,0
2019-03-02,ROLLS,Scones,0,0,0,0,0,0,0,0,0,0,0,0,0,0
2019-03-02,ROLLS,Biscuits,0,0,0,0,0,0,0,0,0,0,0,0,0,0
2019-03-02,ROLLS,Blueberry,0,17,17,12,1,4,0,0,84,84,0,0,0,0
2019-03-02,ROLLS,Rasp Cream,0,0,0,0,0,0,0,0,0,0,0,0,0,0
2019-03-02,ROLLS,Cherry,0,0,0,0,0,0,0,0,0,0,0,0,0,0
2019-03-02,ROLLS,Butt Almond,0,17,17,16,1,0,0,0,2,2,2,0,0,0
2019-03-02,ROLLS,Blarney,0,15,15,7,1,7,0,0,2,2,1,0,0,0
2019-03-02,ROLLS,biscuit,0,0,0,0,0,0,0,0,0,0,0,0,0,0
2019-03-02,FRUIT BARS,Mixed Berry,0,8,8,8,0,0,0,0,0,0,0,0,0,0
2019-03-02,FRUIT BARS,Cherry,0,12,12,12,0,0,0,0,0,0,0,0,0,0
2019-03-02,FRUIT BARS,Apple Cin,0,12,12,12,0,0,0,0,0,0,0,0,0,0
2019-03-02,FRUIT BARS,MIXED FRUIT,0,8,8,8,0,0,0,0,0,0,0,0,0,0
2019-03-02,MUFFINS,Lem Blue,0,5,5,4,0,1,0,0,7,7,1,0,0,0
2019-03-02,MUFFINS,Lem Popp,0,5,5,4,0,1,0,0,7,7,1,0,0,0
2019-03-02,MUFFINS,Ch Orange,0,7,7,7,0,0,0,0,8,8,0,0,0,0
2019-03-02,MUFFINS,Ir Whiskey,0,7,7,7,0,0,0,0,8,8,2,0,0,0
2019-03-02,MUFFINS,Cookies,0,0,0,0,0,0,0,0,0,0,0,0,0,0
2019-03-02,MUFFINS,Bars,0,0,0,0,0,0,0,0,0,0,0,0,0,0
2019-03-02,MUFFINS,Oatmeal CC,0,12,12,12,0,0,0,0,45,45,0,0,0,0
2019-03-02,MUFFINS,Choc Bliss,9,6,15,3,0,12,0,0,45,45,0,0,0,0
2019-03-02,MUFFINS,Triple Choc,0,12,12,12,0,0,0,0,0,0,0,0,0,0
2019-03-02,MUFFINS,SNICKEDOODLE,0,12,12,12,0,0,0,0,60,60,0,0,0,0
2019-03-02,MUFFINS,Mint Bliss,3,12,15,15,0,0,0,0,0,0,0,0,0,0
2019-03-02,MUFFINS,frosted,5,0,5,5,0,0,0,0,0,0,0,0,0,0
2019-03-02,MUFFINS,Brownies,6,90,96,15,80,1,0,0,0,0,0,0,0,0
2019-03-02,MUFFINS,Choc OHHH,1,0,1,1,0,0,0,2,0,2,2,0,0,0
2019-03-02,MUFFINS,Ch Ra Ohhh,2,0,2,2,0,0,0,0,0,0,0,0,0,0
2019-03-02,MUFFINS,Ch Ch Ohhh,0,0,0,0,0,0,0,0,0,0,0,0,0,0
2019-03-02,MUFFINS,Bread Pudding,1,0,1,1,0,0,0,0,0,0,0,0,0,0
2019-03-02,MUFFINS,Totals,27,557,584,233,325,26,0,2,268,270,9,0,0,0
2019-03-03,BREAD,H,10,0,10,10,0,0,0,0,0,0,0,0,0,0
2019-03-03,BREAD,FR,0,0,0,0,0,0,0,0,0,0,0,0,0,0
2019-03-03,BREAD,GW,0,0,0,0,0,0,0,0,0,0,0,0,0,0
2019-03-03,BREAD,DK,0,0,0,0,0,0,0,0,0,0,0,0,0,0
2019-03-03,BREAD,H5|Cran,0,0,0,0,0,0,0,0,0,0,0,0,0,0
2019-03-03,BREAD,CSRWL,0,0,0,0,0,0,0,0,0,0,0,0,0,0
2019-03-03,BREAD,VA SWRL,0,0,0,0,0,0,0,0,0,0,0,0,0,0
2019-03-03,BREAD,BfB,0,0,0,0,0,0,0,0,0,0,0,0,0,0
2019-03-03,BREAD,CNE,0,0,0,0,0,0,0,0,0,0,0,0,0,0
2019-03-03,BREAD,CNR,0,0,0,0,0,0,0,0,0,0,0,0,0,0
2019-03-03,BREAD,CNW,0,0,0,0,0,0,0,0,0,0,0,0,0,0
2019-03-03,BREAD,CG,0,0,0,0,0,0,0,0,0,0,0,0,0,0
2019-03-03,BREAD,PESTO CG,0,0,0,0,0,0,0,0,0,0,0,0,0,0
2019-03-03,BREAD,ISB,0,0,0,0,0,0,0,0,0,0,0,0,0,0
2019-03-03,BREAD,SOURDOUGH,0,0,0,0,0,0,0,0,0,0,0,0,0,0
2019-03-03,BREAD,SOUR CC,0,0,0,0,0,0,0,0,0,0,0,0,0,0
2019-03-03,BREAD,Sour RG,0,0,0,0,0,0,0,0,0,0,0,0,0,0
2019-03-03,BREAD,G & S,0,0,0,0,0,0,0,0,0,0,0,0,0,0
2019-03-03,BREAD,Car,0,0,0,0,0,0,0,0,0,0,0,0,0,0
2019-03-03,BREAD,IHF,0,0,0,0,0,0,0,0,0,0,0,0,0,0
2019-03-03,BREAD,GW BUNS,0,0,0,0,0,0,0,0,0,0,0,0,0,0
2019-03-03,BREAD,H-RLS,0,0,0,0,0,0,0,0,0,0,0,0,0,0
2019-03-03,BREAD,FR-RLS,0,0,0,0,0,0,0,0,0,0,0,0,0,0
2019-03-03,BREAD,VS-RLS,0,0,0,0,0,0,0,0,0,0,0,0,0,0
2019-03-03,BREAD,Lem Blue,0,0,0,0,0,0,0,0,0,0,0,0,0,0
2019-03-03,BREAD,Lem Popp,0,0,0,0,0,0,0,0,0,0,0,0,0,0
2019-03-03,BREAD,Ch Orange,0,0,0,0,0,0,0,0,0,0,0,0,0,0
2019-03-03,BREAD,Ir Whiskey,0,0,0,0,0,0,0,0,0,0,0,0,0,0
2019-03-03,ROLLS,Cinnamon,0,0,0,0,0,0,0,0,0,0,0,0,0,0
2019-03-03,ROLLS,Mini C-Roll,0,0,0,0,0,0,0,0,0,0,0,0,0,0
2019-03-03,ROLLS,Scones,0,0,0,0,0,0,0,0,0,0,0,0,0,0
2019-03-03,ROLLS,Biscuits,0,0,0,0,0,0,0,0,0,0,0,0,0,0
2019-03-03,ROLLS,Blueberry,0,0,0,0,0,0,0,0,0,0,0,0,0,0
2019-03-03,ROLLS,Rasp Cream,0,0,0,0,0,0,0,0,0,0,0,0,0,0
2019-03-03,ROLLS,Cherry,0,0,0,0,0,0,0,0,0,0,0,0,0,0
2019-03-03,ROLLS,Butt Almond,0,0,0,0,0,0,0,0,0,0,0,0,0,0
2019-03-03,ROLLS,Turtle,0,0,0,0,0,0,0,0,0,0,0,0,0,0
2019-03-03,ROLLS,Cin Chip,0,0,0,0,0,0,0,0,0,0,0,0,0,0
2019-03-03,ROLLS,Blarney,0,0,0,0,0,0,0,0,0,0,0,0,0,0
2019-03-03,ROLLS,biscuit,0,0,0,0,0,0,0,0,0,0,0,0,0,0
2019-03-03,FRUIT BARS,Mixed Berry,0,0,0,0,0,0,0,0,0,0,0,0,0,0
2019-03-03,FRUIT BARS,Cherry,0,0,0,0,0,0,0,0,0,0,0,0,0,0
2019-03-03,FRUIT BARS,Apple Cin,0,0,0,0,0,0,0,0,0,0,0,0,0,0
2019-03-03,FRUIT BARS,MIXED FRUIT,0,0,0,0,0,0,0,0,0,0,0,0,0,0
2019-03-03,MUFFINS,Lem Blue,0,0,0,0,0,0,0,0,0,0,0,0,0,0
2019-03-03,MUFFINS,Lem Popp,0,0,0,0,0,0,0,0,0,0,0,0,0,0
2019-03-03,MUFFINS,Ch Orange,0,0,0,0,0,0,0,0,0,0,0,0,0,0
2019-03-03,MUFFINS,Ir Whiskey,0,0,0,0,0,0,0,0,0,0,0,0,0,0
2019-03-03,MUFFINS,Cookies,0,0,0,0,0,0,0,0,0,0,0,0,0,0
2019-03-03,MUFFINS,Bars,0,0,0,0,0,0,0,0,0,0,0,0,0,0
2019-03-03,MUFFINS,Oatmeal CC,0,0,0,0,0,0,0,0,0,0,0,0,0,0
2019-03-03,MUFFINS,Choc Bliss,0,0,0,0,0,0,0,0,0,0,0,0,0,0
2019-03-03,MUFFINS,Triple Choc,0,0,0,0,0,0,0,0,0,0,0,0,0,0
2019-03-03,MUFFINS,SNICKEDOODLE,0,0,0,0,0,0,0,0,0,0,0,0,0,0
2019-03-03,MUFFINS,Mint Bliss,0,0,0,0,0,0,0,0,0,0,0,0,0,0
2019-03-03,MUFFINS,frosted,0,0,0,0,0,0,0,0,0,0,0,0,0,0
2019-03-03,MUFFINS,Brownies,0,0,0,0,0,0,0,0,0,0,0,0,0,0
2019-03-03,MUFFINS,Choc OHHH,0,0,0,0,0,0,0,0,0,0,0,0,0,0
2019-03-03,MUFFINS,Ch Ra Ohhh,0,0,0,0,0,0,0,0,0,0,0,0,0,0
2019-03-03,MUFFINS,Ch Ch Ohhh,0,0,0,0,0,0,0,0,0,0,0,0,0,0
2019-03-03,MUFFINS,Bread Pudding,0,0,0,0,0,0,0,0,0,0,0,0,0,0
2019-03-03,MUFFINS,Totals,0,0,0,0,0,0,0,0,0,0,0,0,0,0
2019-03-04,BREAD,H,0,48,48,46,1,0,1,0,0,0,0,0,0,0
2019-03-04,BREAD,FR,0,18,18,16,0,0,2,0,0,0,0,0,0,0
2019-03-04,BREAD,GW,0,9,9,3,0,0,6,0,0,0,0,0,0,0
2019-03-04,BREAD,DK,0,20,20,7,0,0,13,0,0,0,0,0,0,0
2019-03-04,BREAD,H5|Cran,0,0,0,0,0,0,0,0,0,0,0,0,0,0
2019-03-04,BREAD,CSRWL,0,16,16,14,0,0,2,0,3,3,3,0,0,0
2019-03-04,BREAD,VA SWRL,0,12,12,4,0,0,8,0,2,2,2,0,0,0
2019-03-04,BREAD,BfB,0,0,0,0,0,0,0,0,0,0,0,0,0,0
2019-03-04,BREAD,CNE,0,19,19,11,0,0,8,0,2,2,1,0,0,1
2019-03-04,BREAD,CNR,0,3,3,1,0,0,2,0,0,0,0,0,0,0
2019-03-04,BREAD,CNW,0,3,3,2,1,0,0,0,0,0,0,0,0,0
2019-03-04,BREAD,CG,0,10,10,4,0,0,6,0,3,3,3,0,0,0
2019-03-04,BREAD,PESTO CG,0,4,4,4,0,0,0,0,0,0,0,0,0,0
2019-03-04,BREAD,VS,0,0,0,0,0,0,0,0,0,0,0,0,0,0
2019-03-04,BREAD,ISB,0,0,0,0,0,0,0,0,0,0,0,0,0,0
2019-03-04,BREAD,SOURDOUGH,0,8,8,8,0,0,0,0,0,0,0,0,0,0
2019-03-04,BREAD,SOUR CC,0,4,4,4,0,0,0,0,0,0,0,0,0,0
2019-03-04,BREAD,Sour RG,0,3,3,3,0,0,0,0,0,0,0,0,0,0
2019-03-04,BREAD,G & S,0,0,0,0,0,0,0,0,0,0,0,0,0,0
2019-03-04,BREAD,KING Ck,0,20,20,10,10,0,0,0,0,0,0,0,0,0
2019-03-04,BREAD,Car,0,0,0,0,0,0,0,0,0,0,0,0,0,0
2019-03-04,BREAD,IHF,0,0,0,0,0,0,0,0,0,0,0,0,0,0
2019-03-04,BREAD,CG JAL,0,6,6,0,0,0,6,0,0,0,0,0,0,0
2019-03-04,BREAD,wc,0,66,66,0,66,0,0,0,0,0,0,0,0,0
2019-03-04,BREAD,H-RLS,0,2,2,1,0,0,1,0,0,0,0,0,0,0
2019-03-04,BREAD,FR-RLS,0,2,2,0,0,0,2,0,0,0,0,0,0,0
2019-03-04,BREAD,VS-RLS,0,0,0,0,0,0,0,0,0,0,0,0,0,0
2019-03-04,BREAD,Lem Blue,0,4,4,2,0,0,2,0,0,0,0,0,0,0
2019-03-04,BREAD,Lem Popp,0,4,4,2,0,0,2,0,0,0,0,0,0,0
2019-03-04,BREAD,Ch Orange,0,4,4,0,0,0,4,0,0,0,0,0,0,0
2019-03-04,BREAD,Ir Whiskey,0,4,4,4,0,0,0,0,0,0,0,0,0,0
2019-03-04,ROLLS,Cinnamon,0,24,24,20,0,4,0,0,0,0,0,0,0,0
2019-03-04,ROLLS,Mini C-Roll,0,24,24,0,24,0,0,0,0,0,0,0,0,0
2019-03-04,ROLLS,Scones,0,0,0,0,0,0,0,0,0,0,0,0,0,0
2019-03-04,ROLLS,Biscuits,0,0,0,0,0,0,0,0,0,0,0,0,0,0
2019-03-04,ROLLS,Blueberry,0,0,0,0,0,0,0,0,0,0,0,0,0,0
2019-03-04,ROLLS,Rasp Cream,0,16,16,12,0,4,0,0,1,1,1,0,0,0
2019-03-04,ROLLS,Cherry,0,0,0,0,0,0,0,0,0,0,0,0,0,0
2019-03-04,ROLLS,Butt Almond,0,0,0,0,0,0,0,0,0,0,0,0,0,0
2019-03-04,ROLLS,Turtle,0,0,0,0,0,0,0,0,0,0,0,0,0,0
2019-03-04,ROLLS,Cin Chip,0,15,15,10,0,5,0,0,1,1,-1,0,0,0
2019-03-04,ROLLS,Blarney,0,24,24,9,12,3,0,0,1,1,0,0,0,0
2019-03-04,ROLLS,biscuit,0,0,0,0,0,0,0,0,0,0,0,0,0,0
2019-03-04,FRUIT BARS,Mixed Berry,0,8,8,8,0,0,0,0,0,0,0,0,0,0
2019-03-04,FRUIT BARS,Cherry,0,12,12,9,0,3,0,0,0,0,0,0,0,0
2019-03-04,FRUIT BARS,Apple Cin,0,0,0,0,0,0,0,0,0,0,0,0,0,0
2019-03-04,FRUIT BARS,MIXED FRUIT,0,0,0,0,0,0,0,0,0,0,0,0,0,0
2019-03-04,MUFFINS,Lem Blue,0,6,6,6,0,0,0,0,1,1,0,0,0,0
2019-03-04,MUFFINS,Lem Popp,0,6,6,1,0,5,0,0,1,1,1,0,0,0
2019-03-04,MUFFINS,Ch Orange,0,7,7,7,0,0,0,0,1,1,0,0,0,0
2019-03-04,MUFFINS,Ir Whiskey,0,7,7,1,0,6,0,0,1,1,0,0,0,0
2019-03-04,MUFFINS,Cookies,0,0,0,0,0,0,0,0,0,0,0,0,0,0
2019-03-04,MUFFINS,Bars,0,0,0,0,0,0,0,0,0,0,0,0,0,0
2019-03-04,MUFFINS,Oatmeal CC,0,36,36,5,15,0,16,0,0,0,0,0,0,0
2019-03-04,MUFFINS,Choc Bliss,0,30,30,13,14,0,3,0,0,0,0,0,0,0
2019-03-04,MUFFINS,Triple Choc,0,30,30,16,14,0,0,0,0,0,0,0,0,0
2019-03-04,MUFFINS,SNICKEDOODLE,0,36,36,8,15,0,13,0,0,0,0,0,0,0
2019-03-04,MUFFINS,Mint Bliss,0,12,12,10,0,0,2,0,0,0,0,0,0,0
2019-03-04,MUFFINS,frosted,0,8,8,3,0,0,5,0,0,0,0,0,0,0
2019-03-04,MUFFINS,Brownies,0,10,10,1,0,0,9,0,0,0,0,0,0,0
2019-03-04,MUFFINS,Choc OHHH,0,0,0,0,0,0,0,0,0,0,0,0,0,0
2019-03-04,MUFFINS,Ch Ra Ohhh,0,0,0,0,0,0,0,0,0,0,0,0,0,0
2019-03-04,MUFFINS,Ch Ch Ohhh,0,0,0,0,0,0,0,0,0,0,0,0,0,0
2019-03-04,MUFFINS,Bread Pudding,0,0,0,0,0,0,0,0,0,0,0,0,0,0
2019-03-04,MUFFINS,Totals,0,311,311,139,94,30,48,0,7,7,1,0,0,0
2019-03-05,BREAD,H,1,69,70,45,0,0,25,0,0,0,0,0,0,0
2019-03-05,BREAD,FR,2,46,48,30,8,0,10,0,0,0,0,0,0,0
2019-03-05,BREAD,GW,6,4,10,6,0,2,2,0,0,0,0,0,0,0
2019-03-05,BREAD,DK,13,0,13,13,0,0,0,0,0,0,0,0,0,0
2019-03-05,BREAD,H5|Cran,0,18,18,5,0,0,13,0,0,0,0,0,0,0
2019-03-05,BREAD,CSRWL,2,16,18,8,0,0,10,0,3,3,1,0,0,2
2019-03-05,BREAD,VA SWRL,8,5,13,8,0,2,3,0,2,2,0,0,0,2
2019-03-05,BREAD,BfB,0,12,12,3,0,0,9,0,4,4,2,0,0,2
2019-03-05,BREAD,CNE,8,0,8,8,0,0,0,1,0,1,1,0,0,0
2019-03-05,BREAD,CNR,2,0,2,2,0,0,0,0,0,0,0,0,0,0
2019-03-05,BREAD,CNW,0,0,0,0,0,0,0,0,0,0,0,0,0,0
2019-03-05,BREAD,CG,6,0,6,2,0,4,0,0,0,0,0,0,0,0
2019-03-05,BREAD,PESTO CG,0,0,0,0,0,0,0,0,0,0,0,0,0,0
2019-03-05,BREAD,VS,0,10,10,3,3,0,4,0,3,3,0,0,0,3
2019-03-05,BREAD,ISB,0,21,21,10,0,0,11,0,3,3,3,0,0,0
2019-03-05,BREAD,SOURDOUGH,0,0,0,-1,0,1,0,0,0,0,0,0,0,0
2019-03-05,BREAD,SOUR CC,0,0,0,0,0,0,0,0,0,0,0,0,0,0
2019-03-05,BREAD,Sour RG,0,0,0,0,0,0,0,0,0,0,0,0,0,0
2019-03-05,BREAD,G & S,0,0,0,0,0,0,0,0,0,0,0,0,0,0
2019-03-05,BREAD,KING Ck,0,24,24,19,5,0,0,0,0,0,0,0,0,0
2019-03-05,BREAD,Car,0,0,0,0,0,0,0,0,0,0,0,0,0,0
2019-03-05,BREAD,IHF,0,16,16,7,0,0,9,0,0,0,0,0,0,0
2019-03-05,BREAD,wc,0,48,48,0,48,0,0,0,0,0,0,0,0,0
2019-03-05,BREAD,jal cg,6,0,6,2,0,4,0,0,0,0,0,0,0,0
2019-03-05,BREAD,H-RLS,1,3,4,1,0,0,3,0,0,0,0,0,0,0
2019-03-05,BREAD,FR-RLS,2,3,5,1,0,1,3,0,0,0,0,0,0,0
2019-03-05,BREAD,VS-RLS,0,3,3,0,0,0,3,0,0,0,0,0,0,0
2019-03-05,BREAD,Lem Blue,2,4,6,2,1,0,3,0,0,0,0,0,0,0
2019-03-05,BREAD,Lem Popp,2,3,5,3,0,0,2,0,0,0,0,0,0,0
2019-03-05,BREAD,Ch Orange,4,1,5,1,0,3,1,0,0,0,0,0,0,0
2019-03-05,BREAD,Ir Whiskey,0,5,5,0,0,0,5,0,0,0,0,0,0,0
2019-03-05,ROLLS,Cinnamon,0,24,24,22,1,1,0,0,0,0,0,0,0,0
2019-03-05,ROLLS,Mini C-Roll,0,0,0,0,0,0,0,0,0,0,0,0,0,0
2019-03-05,ROLLS,Scones,0,0,0,0,0,0,0,0,0,0,0,0,0,0
2019-03-05,ROLLS,Biscuits,0,0,0,0,0,0,0,0,0,0,0,0,0,0
2019-03-05,ROLLS,Blueberry,0,0,0,0,0,0,0,0,0,0,0,0,0,0
2019-03-05,ROLLS,Rasp Cream,0,17,17,17,0,0,0,0,1,1,1,0,0,0
2019-03-05,ROLLS,Cherry,0,0,0,0,0,0,0,0,0,0,0,0,0,0
2019-03-05,ROLLS,Butt Almond,0,0,0,0,0,0,0,0,0,0,0,0,0,0
2019-03-05,ROLLS,Turtle,0,0,0,0,0,0,0,0,0,0,0,0,0,0
2019-03-05,ROLLS,Cin Chip,0,14,14,14,0,0,0,0,1,1,1,0,0,0
2019-03-05,ROLLS,Blarney,0,14,14,14,0,0,0,0,1,1,1,0,0,0
2019-03-05,ROLLS,biscuit,0,0,0,0,0,0,0,0,0,0,0,0,0,0
2019-03-05,FRUIT BARS,Mixed Berry,0,0,0,0,0,0,0,0,0,0,0,0,0,0
2019-03-05,FRUIT BARS,Cherry,0,0,0,0,0,0,0,0,0,0,0,0,0,0
2019-03-05,FRUIT BARS,Apple Cin,0,12,12,12,0,0,0,0,0,0,0,0,0,0
2019-03-05,FRUIT BARS,MIXED FRUIT,0,8,8,8,0,0,0,0,0,0,0,0,0,0
2019-03-05,MUFFINS,Lem Blue,0,6,6,6,0,0,0,0,1,1,1,0,0,0
2019-03-05,MUFFINS,Lem Popp,0,6,6,6,0,0,0,0,1,1,1,0,0,0
2019-03-05,MUFFINS,Ch Orange,0,7,7,7,0,0,0,0,1,1,1,0,0,0
2019-03-05,MUFFINS,Ir Whiskey,0,7,7,7,0,0,0,0,1,1,1,0,0,0
2019-03-05,MUFFINS,Cookies,0,0,0,0,0,0,0,0,0,0,0,0,0,0
2019-03-05,MUFFINS,Bars,0,0,0,0,0,0,0,0,0,0,0,0,0,0
2019-03-05,MUFFINS,Oatmeal CC,16,17,33,26,7,0,0,0,0,0,0,0,0,0
2019-03-05,MUFFINS,Choc Bliss,3,24,27,7,9,11,0,0,0,0,0,0,0,0
2019-03-05,MUFFINS,Triple Choc,0,25,25,18,7,0,0,0,0,0,0,0,0,0
2019-03-05,MUFFINS,SNICKEDOODLE,13,17,30,15,7,2,6,0,0,0,0,0,0,0
2019-03-05,MUFFINS,Mint Bliss,2,12,14,14,0,0,0,0,0,0,0,0,0,0
2019-03-05,MUFFINS,frosted,5,18,23,23,0,0,0,0,0,0,0,0,0,0
2019-03-05,MUFFINS,Brownies,9,0,9,9,0,0,0,0,0,0,0,0,0,0
2019-03-05,MUFFINS,Choc OHHH,0,0,0,0,0,0,0,0,0,0,0,0,0,0
2019-03-05,MUFFINS,Ch Ra Ohhh,0,0,0,0,0,0,0,0,0,0,0,0,0,0
2019-03-05,MUFFINS,Ch Ch Ohhh,0,0,0,0,0,0,0,0,0,0,0,0,0,0
2019-03-05,MUFFINS,Bread Pudding,0,0,0,0,0,0,0,0,0,0,0,0,0,0
2019-03-05,MUFFINS,Totals,48,228,276,225,31,14,6,0,7,7,7,0,0,0
2019-03-06,BREAD,H,25,47,72,33,12,0,27,0,0,0,0,0,0,0
2019-03-06,BREAD,FR,10,28,38,16,0,0,22,0,0,0,0,0,0,0
2019-03-06,BREAD,GW,2,13,15,7,0,0,8,0,0,0,0,0,0,0
2019-03-06,BREAD,DK,0,22,22,13,1,0,8,0,0,0,0,0,0,0
2019-03-06,BREAD,H5|Cran,13,0,13,11,0,0,2,0,0,0,0,0,0,0
2019-03-06,BREAD,CSRWL,10,8,18,13,1,1,3,2,0,2,1,0,0,0
2019-03-06,BREAD,VA SWRL,3,8,11,3,0,1,7,2,0,2,0,0,0,0
2019-03-06,BREAD,BfB,9,0,9,8,0,1,0,2,0,2,2,0,0,0
2019-03-06,BREAD,CNE,0,25,25,19,0,0,6,0,2,2,1,0,0,1
2019-03-06,BREAD,CNR,0,10,10,4,6,0,0,0,0,0,0,0,0,0
2019-03-06,BREAD,CNW,0,4,4,4,0,0,0,0,0,0,0,0,0,0
2019-03-06,BREAD,CG,0,15,15,6,0,0,9,0,2,2,2,0,0,0
2019-03-06,BREAD,PESTO CG,0,2,2,0,0,0,2,0,0,0,0,0,0,0
2019-03-06,BREAD,VS,4,0,4,4,0,0,0,3,0,3,1,0,0,0
2019-03-06,BREAD,ISB,11,0,11,4,0,7,0,0,0,0,0,0,0,0
2019-03-06,BREAD,SOURDOUGH,0,12,12,5,0,0,7,0,0,0,0,0,0,0
2019-03-06,BREAD,SOUR CC,0,4,4,-4,6,0,2,0,0,0,0,0,0,0
2019-03-06,BREAD,Sour RG,0,10,10,7,0,0,3,0,0,0,0,0,0,0
2019-03-06,BREAD,G & S,0,0,0,0,0,0,0,0,0,0,0,0,0,0
2019-03-06,BREAD,Jal SOUR,0,10,10,0,6,0,4,0,0,0,0,0,0,0
2019-03-06,BREAD,Car,0,0,0,0,0,0,0,0,0,0,0,0,0,0
2019-03-06,BREAD,IHF,9,0,9,9,0,0,0,0,0,0,0,0,0,0
2019-03-06,BREAD,jal cg,0,2,2,1,0,0,1,0,0,0,0,0,0,0
2019-03-06,BREAD,wc,0,68,68,0,68,0,0,0,0,0,0,0,0,0
2019-03-06,BREAD,H-RLS,3,2,5,1,0,2,2,0,0,0,0,0,0,0
2019-03-06,BREAD,FR-RLS,3,0,3,1,0,2,0,0,0,0,0,0,0,0
2019-03-06,BREAD,VS-RLS,3,0,3,1,0,2,0,0,0,0,0,0,0,0
2019-03-06,BREAD,Lem Blue,3,2,5,2,0,1,2,0,0,0,0,0,0,0
2019-03-06,BREAD,Lem Popp,2,3,5,0,0,2,3,0,0,0,0,0,0,0
2019-03-06,BREAD,Ch Orange,1,5,6,1,0,0,5,0,0,0,0,0,0,0
2019-03-06,BREAD,Ir Whiskey,5,1,6,0,0,5,1,0,0,0,0,0,0,0
2019-03-06,ROLLS,Cinnamon,0,24,24,22,2,0,0,0,0,0,0,0,0,0
2019-03-06,ROLLS,Mini C-Roll,0,0,0,0,0,0,0,0,0,0,0,0,0,0
2019-03-06,ROLLS,Scones,0,0,0,0,0,0,0,0,0,0,0,0,0,0
2019-03-06,ROLLS,Biscuits,0,0,0,0,0,0,0,0,0,0,0,0,0,0
2019-03-06,ROLLS,Blueberry,0,0,0,0,0,0,0,0,0,0,0,0,0,0
2019-03-06,ROLLS,Rasp Cream,0,18,18,14,4,0,0,0,2,2,1,0,0,0
2019-03-06,ROLLS,Cherry,0,0,0,0,0,0,0,0,0,0,0,0,0,0
2019-03-06,ROLLS,Butt Almond,0,0,0,0,0,0,0,0,0,0,0,0,0,0
2019-03-06,ROLLS,Turtle,0,15,15,13,0,2,0,0,1,1,1,0,0,0
2019-03-06,ROLLS,Cin Chip,0,0,0,0,0,0,0,0,0,0,0,0,0,0
2019-03-06,ROLLS,Blarney,0,14,14,14,0,0,0,0,2,2,2,0,0,0
2019-03-06,ROLLS,biscuit,0,10,10,10,0,0,0,0,0,0,0,0,0,0
2019-03-06,FRUIT BARS,Mixed Berry,0,8,8,8,0,0,0,0,0,0,0,0,0,0
2019-03-06,FRUIT BARS,Cherry,0,12,12,12,0,0,0,0,0,0,0,0,0,0
2019-03-06,FRUIT BARS,Apple Cin,0,0,0,0,0,0,0,0,0,0,0,0,0,0
2019-03-06,FRUIT BARS,MIXED FRUIT,0,0,0,0,0,0,0,0,0,0,0,0,0,0
2019-03-06,MUFFINS,Lem Blue,0,6,6,6,0,0,0,0,1,1,1,0,0,0
2019-03-06,MUFFINS,Lem Popp,0,6,6,2,0,4,0,0,1,1,1,0,0,0
2019-03-06,MUFFINS,Ch Orange,0,7,7,7,0,0,0,0,1,1,1,0,0,0
2019-03-06,MUFFINS,Ir Whiskey,0,7,7,3,0,4,0,0,1,1,1,0,0,0
2019-03-06,MUFFINS,Cookies,0,0,0,0,0,0,0,0,0,0,0,0,0,0
2019-03-06,MUFFINS,Bars,0,0,0,0,0,0,0,0,0,0,0,0,0,0
2019-03-06,MUFFINS,Oatmeal CC,0,42,42,14,22,0,6,0,0,0,0,0,0,0
2019-03-06,MUFFINS,Choc Bliss,0,42,42,3,21,0,18,0,0,0,0,0,0,0
2019-03-06,MUFFINS,Triple Choc,0,42,42,14,22,0,6,0,0,0,0,0,0,0
2019-03-06,MUFFINS,SNICKEDOODLE,6,36,42,19,22,0,1,0,0,0,0,0,0,0
2019-03-06,MUFFINS,Mint Bliss,0,18,18,18,0,0,0,0,0,0,0,0,0,0
2019-03-06,MUFFINS,frosted,0,18,18,18,0,0,0,0,0,0,0,0,0,0
2019-03-06,MUFFINS,Brownies,0,10,10,10,0,0,0,0,0,0,0,0,0,0
2019-03-06,MUFFINS,Choc OHHH,0,0,0,0,0,0,0,0,0,0,0,0,0,0
2019-03-06,MUFFINS,Ch Ra Ohhh,0,0,0,0,0,0,0,0,0,0,0,0,0,0
2019-03-06,MUFFINS,Ch Ch Ohhh,0,0,0,0,0,0,0,0,0,0,0,0,0,0
2019-03-06,MUFFINS,Bread Pudding,0,0,0,0,0,0,0,0,0,0,0,0,0,0
2019-03-06,MUFFINS,Totals,6,335,341,207,93,10,31,0,9,9,8,0,0,0
2019-03-07,BREAD,H,27,30,57,41,0,0,16,0,0,0,0,0,0,0
2019-03-07,BREAD,FR,22,0,22,14,0,0,8,0,0,0,0,0,0,0
2019-03-07,BREAD,GW,8,6,14,4,0,5,5,0,0,0,0,0,0,0
2019-03-07,BREAD,DK,8,0,8,8,0,0,0,0,0,0,0,0,0,0
2019-03-07,BREAD,H5|Cran,2,14,16,13,0,0,3,0,4,4,4,0,0,0
2019-03-07,BREAD,CSRWL,3,16,19,16,0,0,3,0,3,3,3,0,0,0
2019-03-07,BREAD,VA SWRL,7,4,11,4,0,4,3,0,2,2,2,0,0,0
2019-03-07,BREAD,BfB,0,13,13,3,0,0,10,0,4,4,4,0,0,0
2019-03-07,BREAD,CNE,6,0,6,6,0,0,0,1,0,1,1,0,0,0
2019-03-07,BREAD,CNR,0,0,0,0,0,0,0,0,0,0,0,0,0,0
2019-03-07,BREAD,CNW,0,0,0,0,0,0,0,0,0,0,0,0,0,0
2019-03-07,BREAD,CG,9,0,9,4,0,5,0,0,0,0,0,0,0,0
2019-03-07,BREAD,PESTO CG,2,0,2,2,0,0,0,0,0,0,0,0,0,0
2019-03-07,BREAD,VS,0,11,11,5,0,0,6,0,2,2,1,0,0,1
2019-03-07,BREAD,ISB,0,18,18,10,0,0,8,0,4,4,4,0,0,0
2019-03-07,BREAD,SOURDOUGH,7,0,7,3,0,4,0,0,0,0,0,0,0,0
2019-03-07,BREAD,SOUR CC,2,0,2,0,0,2,0,0,0,0,0,0,0,0
2019-03-07,BREAD,Sour RG,3,0,3,2,0,1,0,0,0,0,0,0,0,0
2019-03-07,BREAD,G & S,0,0,0,0,0,0,0,0,0,0,0,0,0,0
2019-03-07,BREAD,jal sour,4,0,4,1,0,3,0,0,0,0,0,0,0,0
2019-03-07,BREAD,Car,0,19,19,1,0,0,18,0,0,0,0,0,0,0
2019-03-07,BREAD,IHF,0,0,0,0,0,0,0,0,0,0,0,0,0,0
2019-03-07,BREAD,jal cg,1,0,1,1,0,0,0,0,0,0,0,0,0,0
2019-03-07,BREAD,H-RLS,2,2,4,4,0,0,0,0,0,0,0,0,0,0
2019-03-07,BREAD,FR-RLS,0,5,5,5,0,0,0,0,0,0,0,0,0,0
2019-03-07,BREAD,VS-RLS,0,2,2,0,0,0,2,0,0,0,0,0,0,0
2019-03-07,BREAD,Lem Blue,2,6,8,4,3,0,1,0,0,0,0,0,0,0
2019-03-07,BREAD,Lem Popp,3,2,5,1,0,0,4,0,0,0,0,0,0,0
2019-03-07,BREAD,Ch Orange,5,1,6,5,0,1,0,0,0,0,0,0,0,0
2019-03-07,BREAD,Ir Whiskey,1,7,8,6,1,0,1,0,0,0,0,0,0,0
2019-03-07,ROLLS,Cinnamon,0,48,48,31,17,0,0,0,0,0,0,0,0,0
2019-03-07,ROLLS,Mini C-Roll,0,24,24,0,24,0,0,0,0,0,0,0,0,0
2019-03-07,ROLLS,Scones,0,0,0,0,0,0,0,0,0,0,0,0,0,0
2019-03-07,ROLLS,Biscuits,0,0,0,0,0,0,0,0,0,0,0,0,0,0
2019-03-07,ROLLS,Blueberry,0,21,21,15,1,5,0,0,5,5,1,0,0,0
2019-03-07,ROLLS,Rasp Cream,0,0,0,0,0,0,0,0,0,0,0,0,0,0
2019-03-07,ROLLS,Cherry,0,0,0,0,0,0,0,0,0,0,0,0,0,0
2019-03-07,ROLLS,Butt Almond,0,0,0,0,0,0,0,0,0,0,0,0,0,0
2019-03-07,ROLLS,Turtle,0,20,20,14,1,5,0,0,3,3,1,0,0,0
2019-03-07,ROLLS,Cin Chip,0,0,0,0,0,0,0,0,0,0,0,0,0,0
2019-03-07,ROLLS,Blarney,0,14,14,12,1,1,0,0,3,3,0,0,0,0
2019-03-07,ROLLS,biscuit,0,0,0,0,0,0,0,0,0,0,0,0,0,0
2019-03-07,FRUIT BARS,Mixed Berry,0,0,0,0,0,0,0,0,0,0,0,0,0,0
2019-03-07,FRUIT BARS,Cherry,0,0,0,0,0,0,0,0,0,0,0,0,0,0
2019-03-07,FRUIT BARS,Apple Cin,0,12,12,4,8,0,0,0,0,0,0,0,0,0
2019-03-07,FRUIT BARS,MIXED FRUIT,0,8,8,2,6,0,0,0,0,0,0,0,0,0
2019-03-07,MUFFINS,Lem Blue,0,8,8,7,1,0,0,0,1,1,0,0,0,0
2019-03-07,MUFFINS,Lem Popp,0,7,7,7,0,0,0,0,3,3,0,0,0,0
2019-03-07,MUFFINS,Ch Orange,0,9,9,7,1,1,0,0,3,3,1,0,0,0
2019-03-07,MUFFINS,Ir Whiskey,0,9,9,8,1,0,0,0,5,5,0,0,0,0
2019-03-07,MUFFINS,Cookies,0,0,0,0,0,0,0,0,0,0,0,0,0,0
2019-03-07,MUFFINS,Bars,0,0,0,0,0,0,0,0,0,0,0,0,0,0
2019-03-07,MUFFINS,Oatmeal CC,6,53,59,37,21,0,1,0,12,12,0,0,0,0
2019-03-07,MUFFINS,Choc Bliss,18,24,42,8,21,13,0,0,10,10,0,0,0,0
2019-03-07,MUFFINS,Triple Choc,6,36,42,21,21,0,0,0,10,10,0,0,0,0
2019-03-07,MUFFINS,SNICKEDOODLE,1,31,32,-1,33,0,0,0,12,12,0,0,0,0
2019-03-07,MUFFINS,Mint Bliss,0,18,18,-2,0,12,8,0,0,0,0,0,0,0
2019-03-07,MUFFINS,frosted,0,18,18,9,0,0,9,0,0,0,0,0,0,0
2019-03-07,MUFFINS,Brownies,0,14,14,6,7,0,1,0,0,0,0,0,0,0
2019-03-07,MUFFINS,Choc OHHH,0,0,0,-1,0,0,1,0,0,0,-2,0,0,2
2019-03-07,MUFFINS,Ch Ra Ohhh,0,0,0,-1,0,0,1,0,0,0,0,0,0,0
2019-03-07,MUFFINS,Ch Ch Ohhh,0,0,0,0,0,0,0,0,0,0,0,0,0,0
2019-03-07,MUFFINS,Bread Pudding,0,0,0,0,0,0,0,0,0,0,0,0,0,0
2019-03-07,MUFFINS,Totals,31,374,405,183,164,37,21,0,67,67,1,0,0,2
2019-03-08,BREAD,H,16,65,81,52,0,0,29,0,0,0,0,0,0,0
2019-03-08,BREAD,FR,8,26,34,16,6,0,12,0,0,0,0,0,0,0
2019-03-08,BREAD,GW,5,5,10,3,0,2,5,0,0,0,0,0,0,0
2019-03-08,BREAD,DK,0,33,33,11,1,0,21,0,0,0,0,0,0,0
2019-03-08,BREAD,H5|Cran,3,0,3,3,0,0,0,0,0,0,0,0,0,0
2019-03-08,BREAD,CSRWL,3,20,23,18,1,0,4,0,3,3,3,0,0,0
2019-03-08,BREAD,VA SWRL,3,12,15,8,0,0,7,0,2,2,2,0,0,0
2019-03-08,BREAD,BfB,10,0,10,4,0,6,0,0,0,0,0,0,0,0
2019-03-08,BREAD,CNE,0,31,31,9,0,0,22,0,2,2,1,0,0,1
2019-03-08,BREAD,CNR,0,7,7,7,0,0,0,0,0,0,0,0,0,0
2019-03-08,BREAD,CNW,0,6,6,6,0,0,0,0,0,0,0,0,0,0
2019-03-08,BREAD,CG,0,6,6,3,0,0,3,0,2,2,1,0,0,1
2019-03-08,BREAD,PESTO CG,0,4,4,1,0,0,3,0,0,0,0,0,0,0
2019-03-08,BREAD,VS,6,0,6,6,0,0,0,1,0,1,1,0,0,0
2019-03-08,BREAD,ISB,8,0,8,5,0,0,3,0,0,0,0,0,0,0
2019-03-08,BREAD,SOURDOUGH,0,9,9,4,5,0,0,0,0,0,0,0,0,0
2019-03-08,BREAD,SOUR CC,0,2,2,0,0,0,2,0,0,0,0,0,0,0
2019-03-08,BREAD,Sour RG,0,2,2,1,0,0,1,0,0,0,0,0,0,0
2019-03-08,BREAD,G & S,0,24,24,17,0,0,7,0,5,5,4,0,0,1
2019-03-08,BREAD,Car,18,0,18,18,0,0,0,0,0,0,0,0,0,0
2019-03-08,BREAD,IHF,0,0,0,0,0,0,0,0,0,0,0,0,0,0
2019-03-08,BREAD,GF,0,0,0,0,0,0,0,0,0,0,0,0,0,0
2019-03-08,BREAD,H-RLS,0,4,4,3,0,0,1,0,0,0,0,0,0,0
2019-03-08,BREAD,FR-RLS,0,5,5,5,0,0,0,0,0,0,0,0,0,0
2019-03-08,BREAD,VS-RLS,2,0,2,2,0,0,0,0,0,0,0,0,0,0
2019-03-08,BREAD,Lem Blue,1,4,5,4,0,0,1,0,0,0,0,0,0,0
2019-03-08,BREAD,Lem Popp,4,1,5,3,0,0,2,0,0,0,0,0,0,0
2019-03-08,BREAD,Ch Orange,0,6,6,3,0,0,3,0,0,0,0,0,0,0
2019-03-08,BREAD,Ir Whiskey,1,5,6,0,0,1,5,0,0,0,0,0,0,0
2019-03-08,ROLLS,Cinnamon,0,36,36,36,0,0,0,0,0,0,0,0,0,0
2019-03-08,ROLLS,Mini C-Roll,0,0,0,0,0,0,0,0,0,0,0,0,0,0
2019-03-08,ROLLS,Scones,0,0,0,0,0,0,0,0,0,0,0,0,0,0
2019-03-08,ROLLS,Biscuits,0,0,0,0,0,0,0,0,0,0,0,0,0,0
2019-03-08,ROLLS,Blueberry,0,0,0,0,0,0,0,0,0,0,0,0,0,0
2019-03-08,ROLLS,Rasp Cream,0,0,0,0,0,0,0,0,0,0,0,0,0,0
2019-03-08,ROLLS,Cherry,0,18,18,18,0,0,0,0,2,2,2,0,0,0
2019-03-08,ROLLS,Butt Almond,0,16,16,16,0,0,0,0,2,2,2,0,0,0
2019-03-08,ROLLS,Turtle,0,0,0,0,0,0,0,0,0,0,0,0,0,0
2019-03-08,ROLLS,Cin Chip,0,0,0,0,0,0,0,0,0,0,0,0,0,0
2019-03-08,ROLLS,Blarney,0,12,12,11,0,1,0,0,2,2,1,0,0,0
2019-03-08,ROLLS,biscuit,0,10,10,10,0,0,0,0,0,0,0,0,0,0
2019-03-08,FRUIT BARS,Mixed Berry,0,8,8,8,0,0,0,0,0,0,0,0,0,0
2019-03-08,FRUIT BARS,Cherry,0,12,12,12,0,0,0,0,0,0,0,0,0,0
2019-03-08,FRUIT BARS,Apple Cin,0,0,0,0,0,0,0,0,0,0,0,0,0,0
2019-03-08,FRUIT BARS,MIXED FRUIT,0,0,0,0,0,0,0,0,0,0,0,0,0,0
2019-03-08,MUFFINS,Lem Blue,0,6,6,6,0,0,0,0,1,1,1,0,0,0
2019-03-08,MUFFINS,Lem Popp,0,6,6,6,0,0,0,0,1,1,1,0,0,0
2019-03-08,MUFFINS,Ch Orange,0,6,6,6,0,0,0,0,1,1,1,0,0,0
2019-03-08,MUFFINS,Ir Whiskey,0,6,6,6,0,0,0,0,1,1,1,0,0,0
2019-03-08,MUFFINS,Cookies,0,0,0,0,0,0,0,0,0,0,0,0,0,0
2019-03-08,MUFFINS,Bars,0,0,0,0,0,0,0,0,0,0,0,0,0,0
2019-03-08,MUFFINS,Oatmeal CC,1,48,49,19,30,0,0,0,0,0,0,0,0,0
2019-03-08,MUFFINS,Choc Bliss,0,36,36,17,16,0,3,0,0,0,0,0,0,0
2019-03-08,MUFFINS,Triple Choc,0,48,48,24,24,0,0,0,0,0,0,0,0,0
2019-03-08,MUFFINS,SNICKEDOODLE,0,66,66,20,44,0,2,0,0,0,0,0,0,0
2019-03-08,MUFFINS,Mint Bliss,8,6,14,14,0,0,0,0,0,0,0,0,0,0
2019-03-08,MUFFINS,frosted,9,6,15,12,0,2,1,0,0,0,0,0,0,0
2019-03-08,MUFFINS,Brownies,1,10,11,11,0,0,0,0,0,0,0,0,0,0
2019-03-08,MUFFINS,Choc OHHH,1,0,1,1,0,0,0,2,0,2,2,0,0,0
2019-03-08,MUFFINS,Ch Ra Ohhh,1,0,1,1,0,0,0,0,0,0,0,0,0,0
2019-03-08,MUFFINS,Ch Ch Ohhh,0,0,0,0,0,0,0,0,0,0,0,0,0,0
2019-03-08,MUFFINS,Bread Pudding,0,0,0,-3,0,0,3,0,0,0,-5,0,0,5
2019-03-08,MUFFINS,Totals,21,356,377,251,114,3,9,2,10,12,6,0,0,5
2019-03-09,BREAD,H,29,0,29,25,0,4,0,0,0,0,0,0,0,0
2019-03-09,BREAD,FR,12,0,12,12,0,0,0,0,0,0,0,0,0,0
2019-03-09,BREAD,GW,5,3,8,7,0,1,0,0,0,0,0,0,0,0
2019-03-09,BREAD,DK,21,0,21,10,0,11,0,0,0,0,0,0,0,0
2019-03-09,BREAD,H5|Cran,0,0,0,0,0,0,0,0,0,0,0,0,0,0
2019-03-09,BREAD,CSRWL,4,12,16,7,0,9,0,0,2,2,2,0,0,0
2019-03-09,BREAD,VA SWRL,7,0,7,5,0,2,0,0,4,4,3,0,0,0
2019-03-09,BREAD,BfB,0,6,6,3,0,3,0,0,2,2,2,0,0,0
2019-03-09,BREAD,CNE,22,0,22,18,0,4,0,1,0,1,0,0,0,0
2019-03-09,BREAD,CNR,0,0,0,0,0,0,0,0,0,0,0,0,0,0
2019-03-09,BREAD,CNW,0,0,0,0,0,0,0,0,0,0,0,0,0,0
2019-03-09,BREAD,CG,3,0,3,3,0,0,0,1,0,1,1,0,0,0
2019-03-09,BREAD,PESTO CG,3,0,3,3,0,0,0,0,0,0,0,0,0,0
2019-03-09,BREAD,VS,0,12,12,8,4,0,0,0,3,3,3,0,0,0
2019-03-09,BREAD,ISB,3,16,19,10,0,9,0,0,3,3,2,0,0,0
2019-03-09,BREAD,SOURDOUGH,0,0,0,0,0,0,0,0,0,0,0,0,0,0
2019-03-09,BREAD,SOUR CC,2,0,2,2,0,0,0,0,0,0,0,0,0,0
2019-03-09,BREAD,Sour RG,1,0,1,1,0,0,0,0,0,0,0,0,0,0
2019-03-09,BREAD,G & S,7,0,7,7,0,0,0,1,0,1,1,0,0,0
2019-03-09,BREAD,Car,0,0,0,0,0,0,0,0,0,0,0,0,0,0
2019-03-09,BREAD,IHF,0,0,0,0,0,0,0,0,0,0,0,0,0,0
2019-03-09,BREAD,GF,0,0,0,0,0,0,0,0,0,0,0,0,0,0
2019-03-09,BREAD,H-RLS,1,0,1,1,0,0,0,0,0,0,0,0,0,0
2019-03-09,BREAD,FR-RLS,0,0,0,0,0,0,0,0,0,0,0,0,0,0
2019-03-09,BREAD,VS-RLS,0,2,2,2,0,0,0,0,0,0,0,0,0,0
2019-03-09,BREAD,Lem Blue,1,2,3,1,0,2,0,0,0,0,0,0,0,0
2019-03-09,BREAD,Lem Popp,2,1,3,1,0,2,0,0,0,0,0,0,0,0
2019-03-09,BREAD,Ch Orange,3,1,4,3,0,1,0,0,0,0,0,0,0,0
2019-03-09,BREAD,Ir Whiskey,5,0,5,1,0,4,0,0,0,0,0,0,0,0
2019-03-09,ROLLS,Cinnamon,0,60,60,58,2,0,0,0,0,0,0,0,0,0
2019-03-09,ROLLS,Mini C-Roll,0,0,0,0,0,0,0,0,0,0,0,0,0,0
2019-03-09,ROLLS,Scones,0,0,0,0,0,0,0,0,0,0,0,0,0,0
2019-03-09,ROLLS,Biscuits,0,0,0,0,0,0,0,0,0,0,0,0,0,0
2019-03-09,ROLLS,Blueberry,0,16,16,16,0,0,0,0,2,2,2,0,0,0
2019-03-09,ROLLS,Rasp Cream,0,0,0,0,0,0,0,0,0,0,0,0,0,0
2019-03-09,ROLLS,Cherry,0,0,0,0,0,0,0,0,0,0,0,0,0,0
2019-03-09,ROLLS,Butt Almond,0,16,16,16,0,0,0,0,2,2,2,0,0,0
2019-03-09,ROLLS,Turtle,0,0,0,0,0,0,0,0,0,0,0,0,0,0
2019-03-09,ROLLS,Cin Chip,0,0,0,0,0,0,0,0,0,0,0,0,0,0
2019-03-09,ROLLS,Blarney,0,14,14,6,0,8,0,0,2,2,1,0,0,0
2019-03-09,ROLLS,biscuit,0,0,0,-2,0,2,0,0,0,0,0,0,0,0
2019-03-09,FRUIT BARS,Mixed Berry,0,0,0,0,0,0,0,0,0,0,0,0,0,0
2019-03-09,FRUIT BARS,Cherry,0,0,0,0,0,0,0,0,0,0,0,0,0,0
2019-03-09,FRUIT BARS,Apple Cin,0,12,12,12,0,0,0,0,0,0,0,0,0,0
2019-03-09,FRUIT BARS,MIXED FRUIT,0,8,8,8,0,0,0,0,0,0,0,0,0,0
2019-03-09,MUFFINS,Lem Blue,0,7,7,6,0,1,0,0,1,1,0,0,0,0
2019-03-09,MUFFINS,Lem Popp,0,7,7,3,0,4,0,0,1,1,0,0,0,0
2019-03-09,MUFFINS,Ch Orange,0,7,7,7,0,0,0,0,1,1,1,0,0,0
2019-03-09,MUFFINS,Ir Whiskey,0,7,7,5,0,2,0,0,1,1,0,0,0,0
2019-03-09,MUFFINS,Cookies,0,0,0,0,0,0,0,0,0,0,0,0,0,0
2019-03-09,MUFFINS,Bars,0,0,0,0,0,0,0,0,0,0,0,0,0,0
2019-03-09,MUFFINS,Oatmeal CC,0,24,24,10,14,0,0,0,0,0,0,0,0,0
2019-03-09,MUFFINS,Choc Bliss,3,6,9,5,2,2,0,0,0,0,0,0,0,0
2019-03-09,MUFFINS,Triple Choc,0,12,12,10,2,0,0,0,0,0,0,0,0,0
2019-03-09,MUFFINS,SNICKEDOODLE,2,6,8,6,2,0,0,0,0,0,0,0,0,0
2019-03-09,MUFFINS,Mint Bliss,0,6,6,2,0,4,0,0,0,0,0,0,0,0
2019-03-09,MUFFINS,frosted,1,6,7,7,0,0,0,0,0,0,0,0,0,0
2019-03-09,MUFFINS,Brownies,0,10,10,2,0,8,0,0,0,0,0,0,0,0
2019-03-09,MUFFINS,Choc OHHH,0,0,0,0,0,0,0,0,0,0,0,0,0,0
2019-03-09,MUFFINS,Ch Ra Ohhh,0,0,0,0,0,0,0,0,0,0,0,0,0,0
2019-03-09,MUFFINS,Ch Ch Ohhh,0,0,0,0,0,0,0,0,0,0,0,0,0,0
2019-03-09,MUFFINS,Bread Pudding,3,0,3,3,0,0,0,5,0,5,0,0,0,0
2019-03-09,MUFFINS,Totals,9,224,233,180,22,31,0,5,10,10,6,0,0,0
2019-03-10,BREAD,H,0,0,0,0,0,0,0,0,0,0,0,0,0,0
2019-03-10,BREAD,FR,0,0,0,0,0,0,0,0,0,0,0,0,0,0
2019-03-10,BREAD,GW,0,0,0,0,0,0,0,0,0,0,0,0,0,0
2019-03-10,BREAD,DK,0,0,0,0,0,0,0,0,0,0,0,0,0,0
2019-03-10,BREAD,H5|Cran,0,0,0,0,0,0,0,0,0,0,0,0,0,0
2019-03-10,BREAD,CSRWL,0,0,0,0,0,0,0,0,0,0,0,0,0,0
2019-03-10,BREAD,VA SWRL,0,0,0,0,0,0,0,0,0,0,0,0,0,0
2019-03-10,BREAD,BfB,0,0,0,0,0,0,0,0,0,0,0,0,0,0
2019-03-10,BREAD,CNE,0,0,0,0,0,0,0,0,0,0,0,0,0,0
2019-03-10,BREAD,CNR,0,0,0,0,0,0,0,0,0,0,0,0,0,0
2019-03-10,BREAD,CNW,0,0,0,0,0,0,0,0,0,0,0,0,0,0
2019-03-10,BREAD,CG,0,0,0,0,0,0,0,0,0,0,0,0,0,0
2019-03-10,BREAD,PESTO CG,0,0,0,0,0,0,0,0,0,0,0,0,0,0
2019-03-10,BREAD,ISB,0,0,0,0,0,0,0,0,0,0,0,0,0,0
2019-03-10,BREAD,SOURDOUGH,0,0,0,0,0,0,0,0,0,0,0,0,0,0
2019-03-10,BREAD,SOUR CC,0,0,0,0,0,0,0,0,0,0,0,0,0,0
2019-03-10,BREAD,Sour RG,0,0,0,0,0,0,0,0,0,0,0,0,0,0
2019-03-10,BREAD,G & S,0,0,0,0,0,0,0,0,0,0,0,0,0,0
2019-03-10,BREAD,Car,0,0,0,0,0,0,0,0,0,0,0,0,0,0
2019-03-10,BREAD,IHF,0,0,0,0,0,0,0,0,0,0,0,0,0,0
2019-03-10,BREAD,GF,0,0,0,0,0,0,0,0,0,0,0,0,0,0
2019-03-10,BREAD,H-RLS,0,0,0,0,0,0,0,0,0,0,0,0,0,0
2019-03-10,BREAD,FR-RLS,0,0,0,0,0,0,0,0,0,0,0,0,0,0
2019-03-10,BREAD,VS-RLS,0,0,0,0,0,0,0,0,0,0,0,0,0,0
2019-03-10,BREAD,Lem Blue,0,0,0,0,0,0,0,0,0,0,0,0,0,0
2019-03-10,BREAD,Lem Popp,0,0,0,0,0,0,0,0,0,0,0,0,0,0
2019-03-10,BREAD,Ch Orange,0,0,0,0,0,0,0,0,0,0,0,0,0,0
2019-03-10,BREAD,Ir Whiskey,0,0,0,0,0,0,0,0,0,0,0,0,0,0
2019-03-10,ROLLS,Cinnamon,0,0,0,0,0,0,0,0,0,0,0,0,0,0
2019-03-10,ROLLS,Mini C-Roll,0,0,0,0,0,0,0,0,0,0,0,0,0,0
2019-03-10,ROLLS,Scones,0,0,0,0,0,0,0,0,0,0,0,0,0,0
2019-03-10,ROLLS,Biscuits,0,0,0,0,0,0,0,0,0,0,0,0,0,0
2019-03-10,ROLLS,Blueberry,0,0,0,0,0,0,0,0,0,0,0,0,0,0
2019-03-10,ROLLS,Rasp Cream,0,0,0,0,0,0,0,0,0,0,0,0,0,0
2019-03-10,ROLLS,Cherry,0,0,0,0,0,0,0,0,0,0,0,0,0,0
2019-03-10,ROLLS,Butt Almond,0,0,0,0,0,0,0,0,0,0,0,0,0,0
2019-03-10,ROLLS,Turtle,0,0,0,0,0,0,0,0,0,0,0,0,0,0
2019-03-10,ROLLS,Cin Chip,0,0,0,0,0,0,0,0,0,0,0,0,0,0
2019-03-10,ROLLS,Blarney,0,0,0,0,0,0,0,0,0,0,0,0,0,0
2019-03-10,ROLLS,biscuit,0,0,0,0,0,0,0,0,0,0,0,0,0,0
2019-03-10,FRUIT BARS,Mixed Berry,0,0,0,0,0,0,0,0,0,0,0,0,0,0
2019-03-10,FRUIT BARS,Cherry,0,0,0,0,0,0,0,0,0,0,0,0,0,0
2019-03-10,FRUIT BARS,Apple Cin,0,0,0,0,0,0,0,0,0,0,0,0,0,0
2019-03-10,FRUIT BARS,MIXED FRUIT,0,0,0,0,0,0,0,0,0,0,0,0,0,0
2019-03-10,MUFFINS,Lem Blue,0,0,0,0,0,0,0,0,0,0,0,0,0,0
2019-03-10,MUFFINS,Lem Popp,0,0,0,0,0,0,0,0,0,0,0,0,0,0
2019-03-10,MUFFINS,Ch Orange,0,0,0,0,0,0,0,0,0,0,0,0,0,0
2019-03-10,MUFFINS,Ir Whiskey,0,0,0,0,0,0,0,0,0,0,0,0,0,0
2019-03-10,MUFFINS,Cookies,0,0,0,0,0,0,0,0,0,0,0,0,0,0
2019-03-10,MUFFINS,Bars,0,0,0,0,0,0,0,0,0,0,0,0,0,0
2019-03-10,MUFFINS,Oatmeal CC,0,0,0,0,0,0,0,0,0,0,0,0,0,0
2019-03-10,MUFFINS,Choc Bliss,0,0,0,0,0,0,0,0,0,0,0,0,0,0
2019-03-10,MUFFINS,Triple Choc,0,0,0,0,0,0,0,0,0,0,0,0,0,0
2019-03-10,MUFFINS,SNICKEDOODLE,0,0,0,0,0,0,0,0,0,0,0,0,0,0
2019-03-10,MUFFINS,Mint Bliss,0,0,0,0,0,0,0,0,0,0,0,0,0,0
2019-03-10,MUFFINS,frosted,0,0,0,0,0,0,0,0,0,0,0,0,0,0
2019-03-10,MUFFINS,Brownies,0,0,0,0,0,0,0,0,0,0,0,0,0,0
2019-03-10,MUFFINS,Choc OHHH,0,0,0,0,0,0,0,0,0,0,0,0,0,0
2019-03-10,MUFFINS,Ch Ra Ohhh,0,0,0,0,0,0,0,0,0,0,0,0,0,0
2019-03-10,MUFFINS,Ch Ch Ohhh,0,0,0,0,0,0,0,0,0,0,0,0,0,0
2019-03-10,MUFFINS,Bread Pudding,0,0,0,0,0,0,0,0,0,0,0,0,0,0
2019-03-10,MUFFINS,Totals,0,0,0,0,0,0,0,0,0,0,0,0,0,0
2019-03-11,BREAD,H,0,60,60,32,0,0,28,0,0,0,0,0,0,0
2019-03-11,BREAD,FR,0,51,51,15,25,0,11,0,0,0,0,0,0,0
2019-03-11,BREAD,GW,0,8,8,5,0,0,3,0,0,0,0,0,0,0
2019-03-11,BREAD,DK,0,21,21,8,0,0,13,0,0,0,0,0,0,0
2019-03-11,BREAD,H5|Cran,0,0,0,0,0,0,0,0,0,0,0,0,0,0
2019-03-11,BREAD,CSRWL,0,16,16,10,0,0,6,0,3,3,1,0,0,2
2019-03-11,BREAD,VA SWRL,0,15,15,7,0,0,8,0,2,2,0,0,0,2
2019-03-11,BREAD,BfB,0,0,0,0,0,0,0,0,0,0,0,0,0,0
2019-03-11,BREAD,CNE,0,17,17,6,0,0,11,0,3,3,1,0,0,2
2019-03-11,BREAD,CNR,0,3,3,3,0,0,0,0,0,0,0,0,0,0
2019-03-11,BREAD,CNW,0,3,3,3,0,0,0,0,0,0,0,0,0,0
2019-03-11,BREAD,CG,0,8,8,3,0,0,5,0,3,3,1,0,0,2
2019-03-11,BREAD,PESTO CG,0,3,3,3,0,0,0,0,0,0,0,0,0,0
2019-03-11,BREAD,VS,0,0,0,0,0,0,0,0,0,0,0,0,0,0
2019-03-11,BREAD,ISB,0,0,0,0,0,0,0,0,0,0,0,0,0,0
2019-03-11,BREAD,SOURDOUGH,0,11,11,4,0,0,7,0,0,0,0,0,0,0
2019-03-11,BREAD,SOUR CC,0,3,3,0,0,0,3,0,0,0,0,0,0,0
2019-03-11,BREAD,Sour RG,0,3,3,1,0,0,2,0,0,0,0,0,0,0
2019-03-11,BREAD,G & S,0,0,0,0,0,0,0,0,0,0,0,0,0,0
2019-03-11,BREAD,Car,0,0,0,0,0,0,0,0,0,0,0,0,0,0
2019-03-11,BREAD,IHF,0,0,0,0,0,0,0,0,0,0,0,0,0,0
2019-03-11,BREAD,GF,0,68,68,68,0,0,0,0,0,0,0,0,0,0
2019-03-11,BREAD,H-RLS,0,2,2,2,0,0,0,0,0,0,0,0,0,0
2019-03-11,BREAD,FR-RLS,0,2,2,2,0,0,0,0,0,0,0,0,0,0
2019-03-11,BREAD,VS-RLS,0,0,0,0,0,0,0,0,0,0,0,0,0,0
2019-03-11,BREAD,Lem Blue,0,4,4,0,0,0,4,0,0,0,0,0,0,0
2019-03-11,BREAD,Lem Popp,0,4,4,0,0,0,4,0,0,0,0,0,0,0
2019-03-11,BREAD,Ch Orange,0,4,4,1,0,0,3,0,0,0,0,0,0,0
2019-03-11,BREAD,Ir Whiskey,0,3,3,0,0,0,3,0,0,0,0,0,0,0
2019-03-11,ROLLS,Cinnamon,0,24,24,24,0,0,0,0,0,0,0,0,0,0
2019-03-11,ROLLS,Mini C-Roll,0,0,0,0,0,0,0,0,0,0,0,0,0,0
2019-03-11,ROLLS,Scones,0,0,0,0,0,0,0,0,0,0,0,0,0,0
2019-03-11,ROLLS,Biscuits,0,0,0,0,0,0,0,0,0,0,0,0,0,0
2019-03-11,ROLLS,Blueberry,0,18,18,18,0,0,0,0,0,0,0,0,0,0
2019-03-11,ROLLS,Rasp Cream,0,16,16,7,0,9,0,0,1,1,1,0,0,0
2019-03-11,ROLLS,Cherry,0,0,0,0,0,0,0,0,0,0,0,0,0,0
2019-03-11,ROLLS,Butt Almond,0,0,0,0,0,0,0,0,0,0,0,0,0,0
2019-03-11,ROLLS,Turtle,0,16,16,16,0,0,0,0,0,0,0,0,0,0
2019-03-11,ROLLS,Cin Chip,0,15,15,6,0,9,0,0,1,1,1,0,0,0
2019-03-11,ROLLS,Blarney,0,12,12,8,0,4,0,0,1,1,0,0,0,0
2019-03-11,ROLLS,biscuit,0,0,0,-4,0,4,0,0,0,0,0,0,0,0
2019-03-11,FRUIT BARS,Mixed Berry,0,8,8,7,0,1,0,0,0,0,0,0,0,0
2019-03-11,FRUIT BARS,Cherry,0,12,12,9,0,3,0,0,0,0,0,0,0,0
2019-03-11,FRUIT BARS,Apple Cin,0,0,0,0,0,0,0,0,0,0,0,0,0,0
2019-03-11,FRUIT BARS,MIXED FRUIT,0,0,0,0,0,0,0,0,0,0,0,0,0,0
2019-03-11,MUFFINS,Lem Blue,0,6,6,5,0,1,0,0,1,1,0,0,0,0
2019-03-11,MUFFINS,Lem Popp,0,6,6,4,0,2,0,0,1,1,0,0,0,0
2019-03-11,MUFFINS,Ch Orange,0,8,8,4,0,4,0,0,1,1,0,0,0,0
2019-03-11,MUFFINS,Ir Whiskey,0,6,6,5,0,1,0,0,1,1,1,0,0,0
2019-03-11,MUFFINS,Cookies,0,0,0,0,0,0,0,0,0,0,0,0,0,0
2019-03-11,MUFFINS,Bars,0,0,0,0,0,0,0,0,0,0,0,0,0,0
2019-03-11,MUFFINS,Oatmeal CC,0,30,30,8,13,0,9,0,0,0,0,0,0,0
2019-03-11,MUFFINS,Choc Bliss,0,26,26,4,12,0,10,0,0,0,0,0,0,0
2019-03-11,MUFFINS,Triple Choc,0,30,30,6,13,0,11,0,0,0,0,0,0,0
2019-03-11,MUFFINS,SNICKEDOODLE,0,30,30,5,13,0,12,0,0,0,0,0,0,0
2019-03-11,MUFFINS,Mint Bliss,0,12,12,2,0,0,10,0,0,0,0,0,0,0
2019-03-11,MUFFINS,frosted,0,12,12,3,0,0,9,0,0,0,0,0,0,0
2019-03-11,MUFFINS,Brownies,0,10,10,6,0,0,4,0,0,0,0,0,0,0
2019-03-11,MUFFINS,Choc OHHH,0,0,0,-1,0,0,1,0,0,0,0,0,0,0
2019-03-11,MUFFINS,Ch Ra Ohhh,0,0,0,0,0,0,0,0,0,0,0,0,0,0
2019-03-11,MUFFINS,Ch Ch Ohhh,0,0,0,0,0,0,0,0,0,0,0,0,0,0
2019-03-11,MUFFINS,Bread Pudding,0,0,0,-3,0,0,3,0,0,0,-2,0,0,2
2019-03-11,MUFFINS,Totals,0,297,297,139,51,38,69,0,7,7,1,0,0,2
2019-03-12,BREAD,H,28,36,64,30,0,0,34,0,0,0,0,0,0,0
2019-03-12,BREAD,FR,11,26,37,13,8,0,16,0,0,0,0,0,0,0
2019-03-12,BREAD,GW,3,9,12,4,0,0,8,0,0,0,0,0,0,0
2019-03-12,BREAD,DK,13,0,13,8,0,0,5,0,0,0,0,0,0,0
2019-03-12,BREAD,H5|Cran,0,14,14,3,0,0,11,0,6,6,3,0,0,1
2019-03-12,BREAD,CSRWL,6,12,18,8,0,0,10,2,0,2,2,0,0,0
2019-03-12,BREAD,VA SWRL,8,4,12,1,0,8,3,2,0,2,2,0,0,0
2019-03-12,BREAD,BfB,0,13,13,2,0,0,11,0,4,4,3,0,0,1
2019-03-12,BREAD,CNE,11,0,11,11,0,0,0,2,0,2,2,0,0,0
2019-03-12,BREAD,CNR,0,0,0,0,0,0,0,0,0,0,0,0,0,0
2019-03-12,BREAD,CNW,0,0,0,0,0,0,0,0,0,0,0,0,0,0
2019-03-12,BREAD,CG,5,0,5,5,0,0,0,2,0,2,2,0,0,0
2019-03-12,BREAD,PESTO CG,0,0,0,0,0,0,0,0,0,0,0,0,0,0
2019-03-12,BREAD,VS,0,14,14,7,0,0,7,0,2,2,2,0,0,0
2019-03-12,BREAD,ISB,0,11,11,9,1,0,1,0,3,3,1,0,0,2
2019-03-12,BREAD,SOURDOUGH,7,0,7,7,0,0,0,0,0,0,0,0,0,0
2019-03-12,BREAD,SOUR CC,3,0,3,3,0,0,0,0,0,0,0,0,0,0
2019-03-12,BREAD,Sour RG,2,0,2,2,0,0,0,0,0,0,0,0,0,0
2019-03-12,BREAD,G & S,0,0,0,0,0,0,0,0,0,0,0,0,0,0
2019-03-12,BREAD,Car,0,0,0,0,0,0,0,0,0,0,0,0,0,0
2019-03-12,BREAD,IHF,0,0,0,0,0,0,0,0,0,0,0,0,0,0
2019-03-12,BREAD,WC,0,67,67,67,0,0,0,0,0,0,0,0,0,0
2019-03-12,BREAD,H-RLS,0,3,3,1,0,0,2,0,0,0,0,0,0,0
2019-03-12,BREAD,FR-RLS,0,3,3,3,0,0,0,0,0,0,0,0,0,0
2019-03-12,BREAD,VS-RLS,0,3,3,3,0,0,0,0,0,0,0,0,0,0
2019-03-12,BREAD,Lem Blue,4,1,5,1,0,3,1,0,0,0,0,0,0,0
2019-03-12,BREAD,Lem Popp,4,1,5,0,0,4,1,0,0,0,0,0,0,0
2019-03-12,BREAD,Ch Orange,3,2,5,1,0,2,2,0,0,0,0,0,0,0
2019-03-12,BREAD,Ir Whiskey,3,2,5,0,0,3,2,0,0,0,0,0,0,0
2019-03-12,ROLLS,Cinnamon,0,36,36,24,0,12,0,0,0,0,0,0,0,0
2019-03-12,ROLLS,Mini C-Roll,0,0,0,0,0,0,0,0,0,0,0,0,0,0
2019-03-12,ROLLS,Scones,0,0,0,0,0,0,0,0,0,0,0,0,0,0
2019-03-12,ROLLS,Biscuits,0,0,0,0,0,0,0,0,0,0,0,0,0,0
2019-03-12,ROLLS,Blueberry,0,15,15,15,0,0,0,0,1,1,1,0,0,0
2019-03-12,ROLLS,Rasp Cream,0,0,0,0,0,0,0,0,0,0,0,0,0,0
2019-03-12,ROLLS,Cherry,0,0,0,0,0,0,0,0,0,0,0,0,0,0
2019-03-12,ROLLS,Butt Almond,0,0,0,0,0,0,0,0,0,0,0,0,0,0
2019-03-12,ROLLS,Turtle,0,0,0,0,0,0,0,0,0,0,0,0,0,0
2019-03-12,ROLLS,Cin Chip,0,15,15,15,0,0,0,0,1,1,1,0,0,0
2019-03-12,ROLLS,Blarney,0,14,14,10,0,4,0,0,1,1,1,0,0,0
2019-03-12,ROLLS,biscuit,0,0,0,0,0,0,0,0,0,0,0,0,0,0
2019-03-12,FRUIT BARS,Mixed Berry,0,0,0,0,0,0,0,0,0,0,0,0,0,0
2019-03-12,FRUIT BARS,Cherry,0,0,0,0,0,0,0,0,0,0,0,0,0,0
2019-03-12,FRUIT BARS,Apple Cin,0,12,12,4,0,8,0,0,0,0,0,0,0,0
2019-03-12,FRUIT BARS,MIXED FRUIT,0,8,8,5,0,3,0,0,0,0,0,0,0,0
2019-03-12,MUFFINS,Lem Blue,0,6,6,2,0,4,0,0,1,1,1,0,0,0
2019-03-12,MUFFINS,Lem Popp,0,6,6,1,0,5,0,0,1,1,1,0,0,0
2019-03-12,MUFFINS,Ch Orange,0,7,7,4,0,3,0,0,1,1,1,0,0,0
2019-03-12,MUFFINS,Ir Whiskey,0,7,7,4,0,3,0,0,1,1,1,0,0,0
2019-03-12,MUFFINS,Cookies,0,0,0,0,0,0,0,0,0,0,0,0,0,0
2019-03-12,MUFFINS,Bars,0,0,0,0,0,0,0,0,0,0,0,0,0,0
2019-03-12,MUFFINS,Oatmeal CC,9,12,21,15,0,0,6,0,0,0,0,0,0,0
2019-03-12,MUFFINS,Choc Bliss,10,12,22,3,0,8,11,0,0,0,0,0,0,0
2019-03-12,MUFFINS,Triple Choc,11,12,23,12,0,6,5,0,0,0,0,0,0,0
2019-03-12,MUFFINS,SNICKEDOODLE,12,6,18,18,0,0,0,0,0,0,0,0,0,0
2019-03-12,MUFFINS,Mint Bliss,10,6,16,2,0,8,6,0,0,0,0,0,0,0
2019-03-12,MUFFINS,frosted,9,6,15,4,0,5,6,0,0,0,0,0,0,0
2019-03-12,MUFFINS,Brownies,4,10,14,12,0,1,1,0,0,0,0,0,0,0
2019-03-12,MUFFINS,Choc OHHH,1,0,1,0,0,0,1,0,0,0,0,0,0,0
2019-03-12,MUFFINS,Ch Ra Ohhh,0,0,0,0,0,0,0,0,0,0,0,0,0,0
2019-03-12,MUFFINS,Ch Ch Ohhh,0,0,0,0,0,0,0,0,0,0,0,0,0,0
2019-03-12,MUFFINS,Bread Pudding,3,0,3,0,0,0,3,2,0,2,-2,0,0,2
2019-03-12,MUFFINS,Totals,69,190,259,150,0,70,39,2,7,7,5,0,0,2
2019-03-13,BREAD,H,34,12,46,27,0,0,19,0,0,0,0,0,0,0
2019-03-13,BREAD,FR,16,14,30,16,0,0,14,0,0,0,0,0,0,0
2019-03-13,BREAD,GW,8,10,18,5,0,3,10,0,0,0,0,0,0,0
2019-03-13,BREAD,DK,5,21,26,13,1,0,12,0,0,0,0,0,0,0
2019-03-13,BREAD,H5|Cran,11,0,11,3,0,0,8,1,0,1,1,0,0,0
2019-03-13,BREAD,CSRWL,10,12,22,17,3,0,2,0,3,3,0,0,0,3
2019-03-13,BREAD,VA SWRL,3,8,11,4,0,0,7,0,2,2,1,0,0,1
2019-03-13,BREAD,BfB,11,0,11,5,0,6,0,1,0,1,0,0,0,0
2019-03-13,BREAD,CNE,0,20,20,6,0,0,14,0,3,3,0,0,0,3
2019-03-13,BREAD,CNR,0,4,4,4,0,0,0,0,0,0,0,0,0,0
2019-03-13,BREAD,CNW,0,4,4,4,0,0,0,0,0,0,0,0,0,0
2019-03-13,BREAD,CG,0,8,8,3,0,0,5,0,3,3,1,0,0,2
2019-03-13,BREAD,PESTO CG,0,3,3,2,0,0,1,0,0,0,0,0,0,0
2019-03-13,BREAD,VS,7,0,7,5,0,2,0,0,0,0,0,0,0,0
2019-03-13,BREAD,ISB,1,11,12,12,0,0,0,2,4,6,2,0,0,4
2019-03-13,BREAD,SOURDOUGH,0,12,12,5,0,0,7,0,0,0,0,0,0,0
2019-03-13,BREAD,SOUR CC,0,3,3,1,0,0,2,0,0,0,0,0,0,0
2019-03-13,BREAD,Sour RG,0,3,3,0,0,0,3,0,0,0,0,0,0,0
2019-03-13,BREAD,G & S,0,0,0,0,0,0,0,0,0,0,0,0,0,0
2019-03-13,BREAD,Car,0,0,0,0,0,0,0,0,0,0,0,0,0,0
2019-03-13,BREAD,IHF,0,0,0,0,0,0,0,0,0,0,0,0,0,0
2019-03-13,BREAD,H-RLS,2,2,4,0,0,3,1,0,0,0,0,0,0,0
2019-03-13,BREAD,FR-RLS,0,2,2,2,0,0,0,0,0,0,0,0,0,0
2019-03-13,BREAD,VS-RLS,0,0,0,0,0,0,0,0,0,0,0,0,0,0
2019-03-13,BREAD,Lem Blue,1,7,8,2,3,0,3,0,0,0,0,0,0,0
2019-03-13,BREAD,Lem Popp,1,4,5,0,0,1,4,0,0,0,0,0,0,0
2019-03-13,BREAD,Ch Orange,2,6,8,0,2,2,4,0,0,0,0,0,0,0
2019-03-13,BREAD,Ir Whiskey,2,4,6,6,0,0,0,0,0,0,0,0,0,0
2019-03-13,ROLLS,Cinnamon,0,24,24,24,0,0,0,0,0,0,0,0,0,0
2019-03-13,ROLLS,Mini C-Roll,0,96,96,0,96,0,0,0,0,0,0,0,0,0
2019-03-13,ROLLS,Scones,0,0,0,0,0,0,0,0,0,0,0,0,0,0
2019-03-13,ROLLS,Biscuits,0,0,0,0,0,0,0,0,0,0,0,0,0,0
2019-03-13,ROLLS,Blueberry,0,0,0,0,0,0,0,0,0,0,0,0,0,0
2019-03-13,ROLLS,Rasp Cream,0,20,20,15,4,1,0,0,12,12,0,0,0,0
2019-03-13,ROLLS,Cherry,0,0,0,0,0,0,0,0,0,0,0,0,0,0
2019-03-13,ROLLS,Butt Almond,0,0,0,0,0,0,0,0,0,0,0,0,0,0
2019-03-13,ROLLS,Turtle,0,15,15,13,0,2,0,0,10,10,0,0,0,0
2019-03-13,ROLLS,Cin Chip,0,0,0,0,0,0,0,0,0,0,0,0,0,0
2019-03-13,ROLLS,Blarney,0,14,14,14,0,0,0,0,9,9,1,0,0,0
2019-03-13,ROLLS,biscuit,0,10,10,10,0,0,0,0,0,0,0,0,0,0
2019-03-13,FRUIT BARS,Mixed Berry,0,8,8,4,4,0,0,0,0,0,0,0,0,0
2019-03-13,FRUIT BARS,Cherry,0,12,12,5,7,0,0,0,0,0,0,0,0,0
2019-03-13,FRUIT BARS,Apple Cin,0,0,0,0,0,0,0,0,0,0,0,0,0,0
2019-03-13,FRUIT BARS,MIXED FRUIT,0,20,20,20,0,0,0,0,0,0,0,0,0,0
2019-03-13,MUFFINS,Lem Blue,0,6,6,5,0,1,0,0,1,1,1,0,0,0
2019-03-13,MUFFINS,Lem Popp,0,6,6,2,0,4,0,0,13,13,1,0,0,0
2019-03-13,MUFFINS,Ch Orange,0,7,7,6,0,1,0,0,3,3,1,0,0,0
2019-03-13,MUFFINS,Ir Whiskey,0,7,7,7,0,0,0,0,13,13,1,0,0,0
2019-03-13,MUFFINS,Cookies,0,0,0,0,0,0,0,0,0,0,0,0,0,0
2019-03-13,MUFFINS,Bars,0,0,0,0,0,0,0,0,0,0,0,0,0,0
2019-03-13,MUFFINS,Oatmeal CC,6,18,24,24,0,0,0,0,0,0,0,0,0,0
2019-03-13,MUFFINS,Choc Bliss,11,12,23,11,0,0,12,0,0,0,0,0,0,0
2019-03-13,MUFFINS,Triple Choc,5,18,23,11,0,0,12,0,0,0,0,0,0,0
2019-03-13,MUFFINS,SNICKEDOODLE,0,24,24,24,0,0,0,0,0,0,0,0,0,0
2019-03-13,MUFFINS,Mint Bliss,6,12,18,4,0,6,8,0,0,0,0,0,0,0
2019-03-13,MUFFINS,frosted,6,12,18,13,0,1,4,0,0,0,0,0,0,0
2019-03-13,MUFFINS,Brownies,1,10,11,11,0,0,0,0,0,0,0,0,0,0
2019-03-13,MUFFINS,Choc OHHH,1,0,1,0,0,0,1,0,0,0,0,0,0,0
2019-03-13,MUFFINS,Lemon ohh,0,3,3,0,0,0,3,0,1,1,0,0,0,1
2019-03-13,MUFFINS,Bread Pudding,3,0,3,0,0,0,3,2,0,2,-1,0,0,1
2019-03-13,MUFFINS,Totals,39,354,393,223,111,16,43,2,62,62,4,0,0,2
2019-03-14,BREAD,H,19,30,49,24,0,0,25,0,0,0,0,0,0,0
2019-03-14,BREAD,FR,14,50,64,9,35,0,20,0,0,0,0,0,0,0
2019-03-14,BREAD,GW,10,8,18,4,0,7,7,0,0,0,0,0,0,0
2019-03-14,BREAD,DK,12,0,12,7,0,0,5,0,0,0,0,0,0,0
2019-03-14,BREAD,H5|Cran,8,16,24,4,0,0,20,0,4,4,1,0,0,3
2019-03-14,BREAD,CSRWL,2,16,18,7,0,0,11,3,0,3,0,0,0,0
2019-03-14,BREAD,VA SWRL,7,4,11,6,0,2,3,1,0,1,1,0,0,0
2019-03-14,BREAD,BfB,0,13,13,3,0,0,10,0,4,4,4,0,0,0
2019-03-14,BREAD,CNE,14,0,14,8,0,6,0,3,0,3,0,0,0,0
2019-03-14,BREAD,CNR,0,0,0,0,0,0,0,0,0,0,0,0,0,0
2019-03-14,BREAD,CNW,0,0,0,0,0,0,0,0,0,0,0,0,0,0
2019-03-14,BREAD,CG,5,0,5,3,0,2,0,2,0,2,1,0,0,0
2019-03-14,BREAD,PESTO CG,1,0,1,0,0,1,0,0,0,0,0,0,0,0
2019-03-14,BREAD,VS,0,13,13,6,0,0,7,0,3,3,0,0,0,3
2019-03-14,BREAD,ISB,0,16,16,14,0,0,2,4,3,7,3,0,0,2
2019-03-14,BREAD,SOURDOUGH,7,0,7,1,0,6,0,0,0,0,0,0,0,0
2019-03-14,BREAD,SOUR CC,2,0,2,1,0,1,0,0,0,0,0,0,0,0
2019-03-14,BREAD,Sour RG,3,0,3,3,0,0,0,0,0,0,0,0,0,0
2019-03-14,BREAD,G & S,0,0,0,0,0,0,0,0,0,0,0,0,0,0
2019-03-14,BREAD,Car,0,0,0,0,0,0,0,0,0,0,0,0,0,0
2019-03-14,BREAD,IHF,0,0,0,0,0,0,0,0,0,0,0,0,0,0
2019-03-14,BREAD,GF,0,69,69,0,69,0,0,0,0,0,0,0,0,0
2019-03-14,BREAD,H-RLS,1,4,5,2,0,1,2,0,0,0,0,0,0,0
2019-03-14,BREAD,FR-RLS,0,4,4,4,0,0,0,0,0,0,0,0,0,0
2019-03-14,BREAD,VS-RLS,0,4,4,2,0,0,2,0,0,0,0,0,0,0
2019-03-14,BREAD,Lem Blue,3,2,5,1,0,2,2,0,0,0,0,0,0,0
2019-03-14,BREAD,Lem Popp,4,1,5,1,0,3,1,0,0,0,0,0,0,0
2019-03-14,BREAD,Ch Orange,4,2,6,0,0,4,2,0,0,0,0,0,0,0
2019-03-14,BREAD,Ir Whiskey,0,6,6,2,0,0,4,0,0,0,0,0,0,0
2019-03-14,ROLLS,Cinnamon,0,36,36,34,0,2,0,0,0,0,0,0,0,0
2019-03-14,ROLLS,Mini C-Roll,0,0,0,0,0,0,0,0,0,0,0,0,0,0
2019-03-14,ROLLS,Scones,0,0,0,0,0,0,0,0,0,0,0,0,0,0
2019-03-14,ROLLS,Biscuits,0,0,0,0,0,0,0,0,0,0,0,0,0,0
2019-03-14,ROLLS,Blueberry,0,16,16,13,0,3,0,0,1,1,0,0,0,0
2019-03-14,ROLLS,Rasp Cream,0,0,0,0,0,0,0,0,0,0,0,0,0,0
2019-03-14,ROLLS,Cherry,0,0,0,0,0,0,0,0,0,0,0,0,0,0
2019-03-14,ROLLS,Butt Almond,0,0,0,0,0,0,0,0,0,0,0,0,0,0
2019-03-14,ROLLS,Turtle,0,16,16,7,0,9,0,0,1,1,1,0,0,0
2019-03-14,ROLLS,Cin Chip,0,0,0,0,0,0,0,0,0,0,0,0,0,0
2019-03-14,ROLLS,Blarney,0,12,12,8,0,4,0,0,1,1,1,0,0,0
2019-03-14,ROLLS,biscuit,0,0,0,0,0,0,0,0,0,0,0,0,0,0
2019-03-14,FRUIT BARS,Mixed Berry,0,0,0,0,0,0,0,0,0,0,0,0,0,0
2019-03-14,FRUIT BARS,Cherry,0,0,0,0,0,0,0,0,0,0,0,0,0,0
2019-03-14,FRUIT BARS,Apple Cin,0,12,12,10,0,2,0,0,0,0,0,0,0,0
2019-03-14,FRUIT BARS,MIXED FRUIT,0,8,8,3,0,5,0,0,0,0,0,0,0,0
2019-03-14,MUFFINS,Lem Blue,0,7,7,4,0,3,0,0,1,1,0,0,0,0
2019-03-14,MUFFINS,Lem Popp,0,7,7,4,0,3,0,0,1,1,0,0,0,0
2019-03-14,MUFFINS,Ch Orange,0,8,8,4,0,4,0,0,1,1,1,0,0,0
2019-03-14,MUFFINS,Ir Whiskey,0,8,8,0,0,8,0,0,1,1,0,0,0,0
2019-03-14,MUFFINS,Cookies,0,0,0,0,0,0,0,0,0,0,0,0,0,0
2019-03-14,MUFFINS,Bars,0,0,0,0,0,0,0,0,0,0,0,0,0,0
2019-03-14,MUFFINS,Oatmeal CC,0,24,24,18,0,0,6,0,0,0,0,0,0,0
2019-03-14,MUFFINS,Choc Bliss,12,12,24,7,0,6,11,0,0,0,0,0,0,0
2019-03-14,MUFFINS,Triple Choc,12,12,24,12,0,6,6,0,0,0,0,0,0,0
2019-03-14,MUFFINS,SNICKEDOODLE,0,24,24,6,0,0,18,0,0,0,0,0,0,0
2019-03-14,MUFFINS,Mint Bliss,8,12,20,2,0,7,11,0,0,0,0,0,0,0
2019-03-14,MUFFINS,frosted,4,12,16,10,0,0,6,0,0,0,0,0,0,0
2019-03-14,MUFFINS,Brownies,0,10,10,5,0,0,5,0,0,0,0,0,0,0
2019-03-14,MUFFINS,Choc OHHH,1,0,1,0,0,1,0,0,0,0,0,0,0,0
2019-03-14,MUFFINS,lemon ohh,3,0,3,0,0,0,3,1,0,1,0,0,0,1
2019-03-14,MUFFINS,Bread Pudding,3,0,3,-4,0,0,7,1,0,1,-3,0,0,3
2019-03-14,MUFFINS,Totals,43,236,279,143,0,63,73,2,7,8,0,0,0,4
2019-03-15,BREAD,H,25,55,80,35,1,0,44,0,0,0,0,0,0,0
2019-03-15,BREAD,FR,20,27,47,32,1,0,14,0,0,0,0,0,0,0
2019-03-15,BREAD,GW,7,10,17,3,0,4,10,0,0,0,0,0,0,0
2019-03-15,BREAD,DK,5,22,27,14,0,0,13,0,0,0,0,0,0,0
2019-03-15,BREAD,H5|Cran,20,0,20,1,0,0,19,3,0,3,0,0,0,3
2019-03-15,BREAD,CSRWL,11,12,23,17,1,0,5,0,3,3,0,0,0,3
2019-03-15,BREAD,VA SWRL,3,12,15,5,0,1,9,0,2,2,0,0,0,2
2019-03-15,BREAD,BfB,10,0,10,5,0,5,0,0,0,0,0,0,0,0
2019-03-15,BREAD,CNE,0,34,34,8,0,0,26,0,2,2,2,0,0,0
2019-03-15,BREAD,CNR,0,11,11,9,2,0,0,0,0,0,0,0,0,0
2019-03-15,BREAD,CNW,0,9,9,8,0,0,1,0,0,0,0,0,0,0
2019-03-15,BREAD,CG,0,8,8,1,0,0,7,0,3,3,0,0,0,3
2019-03-15,BREAD,PESTO CG,0,4,4,1,0,0,3,0,0,0,0,0,0,0
2019-03-15,BREAD,VS,7,0,7,2,0,5,0,3,0,3,2,0,0,0
2019-03-15,BREAD,ISB,2,21,23,16,0,0,7,2,3,5,5,0,0,0
2019-03-15,BREAD,SOURDOUGH,0,13,13,4,0,0,9,0,0,0,0,0,0,0
2019-03-15,BREAD,SOUR CC,0,3,3,1,0,0,2,0,0,0,0,0,0,0
2019-03-15,BREAD,Sour RG,0,3,3,0,0,0,3,0,0,0,0,0,0,0
2019-03-15,BREAD,G & S,0,38,38,15,5,0,18,0,6,6,1,0,0,5
2019-03-15,BREAD,Car,0,17,17,5,0,0,12,0,0,0,0,0,0,0
2019-03-15,BREAD,IHF,0,0,0,0,0,0,0,0,0,0,0,0,0,0
2019-03-15,BREAD,GF,0,0,0,0,0,0,0,0,0,0,0,0,0,0
2019-03-15,BREAD,H-RLS,2,6,8,1,4,1,2,0,0,0,0,0,0,0
2019-03-15,BREAD,FR-RLS,0,9,9,2,6,0,1,0,0,0,0,0,0,0
2019-03-15,BREAD,VS-RLS,2,0,2,0,0,2,0,0,0,0,0,0,0,0
2019-03-15,BREAD,Lem Blue,2,4,6,0,1,2,3,0,0,0,0,0,0,0
2019-03-15,BREAD,Lem Popp,1,4,5,3,0,0,2,0,0,0,0,0,0,0
2019-03-15,BREAD,Ch Orange,2,4,6,2,0,1,3,0,0,0,0,0,0,0
2019-03-15,BREAD,Ir Whiskey,4,3,7,5,1,0,1,0,0,0,0,0,0,0
2019-03-15,ROLLS,Cinnamon,0,36,36,33,0,3,0,0,0,0,0,0,0,0
2019-03-15,ROLLS,Mini C-Roll,0,96,96,0,96,0,0,0,0,0,0,0,0,0
2019-03-15,ROLLS,Scones,0,0,0,0,0,0,0,0,0,0,0,0,0,0
2019-03-15,ROLLS,Biscuits,0,0,0,0,0,0,0,0,0,0,0,0,0,0
2019-03-15,ROLLS,Blueberry,0,0,0,0,0,0,0,0,0,0,0,0,0,0
2019-03-15,ROLLS,Rasp Cream,0,0,0,0,0,0,0,0,0,0,0,0,0,0
2019-03-15,ROLLS,Cherry,0,15,15,7,0,8,0,0,5,5,1,0,0,0
2019-03-15,ROLLS,Butt Almond,0,18,18,13,0,5,0,0,5,5,0,0,0,0
2019-03-15,ROLLS,Turtle,0,0,0,0,0,0,0,0,0,0,0,0,0,0
2019-03-15,ROLLS,Cin Chip,0,0,0,0,0,0,0,0,0,0,0,0,0,0
2019-03-15,ROLLS,Blarney,0,12,12,12,0,0,0,0,4,4,1,0,0,0
2019-03-15,ROLLS,biscuit,0,11,11,0,0,11,0,0,0,0,0,0,0,0
2019-03-15,FRUIT BARS,Mixed Berry,0,8,8,7,1,0,0,0,0,0,0,0,0,0
2019-03-15,FRUIT BARS,Cherry,0,12,12,10,2,0,0,0,0,0,0,0,0,0
2019-03-15,FRUIT BARS,Apple Cin,0,0,0,0,0,0,0,0,0,0,0,0,0,0
2019-03-15,FRUIT BARS,MIXED FRUIT,0,0,0,0,0,0,0,0,0,0,0,0,0,0
2019-03-15,MUFFINS,Lem Blue,0,6,6,5,0,1,0,0,1,1,0,0,0,0
2019-03-15,MUFFINS,Lem Popp,0,6,6,4,0,2,0,0,3,3,0,0,0,0
2019-03-15,MUFFINS,Ch Orange,0,6,6,5,0,1,0,0,3,3,0,0,0,0
2019-03-15,MUFFINS,Ir Whiskey,0,6,6,5,0,1,0,0,3,3,0,0,0,0
2019-03-15,MUFFINS,Cookies,0,0,0,0,0,0,0,0,0,0,0,0,0,0
2019-03-15,MUFFINS,Bars,0,0,0,0,0,0,0,0,0,0,0,0,0,0
2019-03-15,MUFFINS,Oatmeal CC,6,12,18,18,0,0,0,0,0,0,0,0,0,0
2019-03-15,MUFFINS,Choc Bliss,11,6,17,11,0,6,0,0,0,0,0,0,0,0
2019-03-15,MUFFINS,Triple Choc,6,12,18,18,0,0,0,0,0,0,0,0,0,0
2019-03-15,MUFFINS,SNICKEDOODLE,18,0,18,18,0,0,0,0,0,0,0,0,0,0
2019-03-15,MUFFINS,Mint Bliss,11,6,17,12,0,2,3,0,0,0,0,0,0,0
2019-03-15,MUFFINS,frosted,6,12,18,-5,0,0,23,0,0,0,0,0,0,0
2019-03-15,MUFFINS,Brownies,5,10,15,15,0,0,0,0,0,0,0,0,0,0
2019-03-15,MUFFINS,Choc OHHH,0,0,0,0,0,0,0,0,0,0,0,0,0,0
2019-03-15,MUFFINS,lemon ohh,3,0,3,0,0,0,3,1,0,1,0,0,0,1
2019-03-15,MUFFINS,Bread Pudding,7,0,7,2,0,0,5,3,0,3,-2,0,0,2
2019-03-15,MUFFINS,Totals,73,290,363,190,99,40,34,4,24,25,0,0,0,3
2019-03-16,BREAD,H,44,0,44,27,0,17,0,0,0,0,0,0,0,0
2019-03-16,BREAD,FR,14,0,14,8,0,6,0,0,0,0,0,0,0,0
2019-03-16,BREAD,GW,10,0,10,1,0,9,0,0,0,0,0,0,0,0
2019-03-16,BREAD,DK,13,0,13,3,0,10,0,0,0,0,0,0,0,0
2019-03-16,BREAD,H5|Cran,19,0,19,1,0,18,0,3,0,3,1,0,0,0
2019-03-16,BREAD,CSRWL,5,9,14,14,0,0,0,3,0,3,2,0,0,0
2019-03-16,BREAD,VA SWRL,9,4,13,2,0,11,0,2,0,2,0,0,0,0
2019-03-16,BREAD,BfB,0,0,0,0,0,0,0,0,0,0,0,0,0,0
2019-03-16,BREAD,CNE,26,0,26,20,0,6,0,0,0,0,0,0,0,0
2019-03-16,BREAD,CNR,0,0,0,0,0,0,0,0,0,0,0,0,0,0
2019-03-16,BREAD,CNW,1,0,1,0,0,1,0,0,0,0,0,0,0,0
2019-03-16,BREAD,CG,7,0,7,2,0,5,0,3,0,3,3,0,0,0
2019-03-16,BREAD,PESTO CG,3,0,3,2,0,1,0,0,0,0,0,0,0,0
2019-03-16,BREAD,VS,0,1,1,0,0,1,0,0,3,3,0,0,0,0
2019-03-16,BREAD,ISB,7,24,31,17,6,8,0,0,10,10,1,0,0,0
2019-03-16,BREAD,SOURDOUGH,9,0,9,1,0,8,0,0,0,0,0,0,0,0
2019-03-16,BREAD,SOUR CC,2,0,2,1,0,1,0,0,0,0,0,0,0,0
2019-03-16,BREAD,Sour RG,3,0,3,3,0,0,0,0,0,0,0,0,0,0
2019-03-16,BREAD,G & S,18,13,31,28,0,3,0,5,3,8,1,0,0,0
2019-03-16,BREAD,Car,12,0,12,12,0,0,0,0,0,0,0,0,0,0
2019-03-16,BREAD,IHF,0,33,33,33,0,0,0,0,0,0,0,0,0,0
2019-03-16,BREAD,GF,0,0,0,0,0,0,0,0,0,0,0,0,0,0
2019-03-16,BREAD,H-RLS,2,0,2,0,0,2,0,0,0,0,0,0,0,0
2019-03-16,BREAD,FR-RLS,1,0,1,1,0,0,0,0,0,0,0,0,0,0
2019-03-16,BREAD,VS-RLS,0,3,3,2,0,1,0,0,0,0,0,0,0,0
2019-03-16,BREAD,Lem Blue,3,0,3,3,0,0,0,0,0,0,0,0,0,0
2019-03-16,BREAD,Lem Popp,2,0,2,2,0,0,0,0,0,0,0,0,0,0
2019-03-16,BREAD,Ch Orange,3,0,3,3,0,0,0,0,0,0,0,0,0,0
2019-03-16,BREAD,Ir Whiskey,1,4,5,3,2,0,0,0,0,0,0,0,0,0
2019-03-16,ROLLS,Cinnamon,0,84,84,76,0,8,0,0,0,0,0,0,0,0
2019-03-16,ROLLS,Mini C-Roll,0,0,0,0,0,0,0,0,0,0,0,0,0,0
2019-03-16,ROLLS,Scones,0,0,0,0,0,0,0,0,0,0,0,0,0,0
2019-03-16,ROLLS,Biscuits,0,0,0,0,0,0,0,0,0,0,0,0,0,0
2019-03-16,ROLLS,Blueberry,0,17,17,17,0,0,0,0,2,2,1,0,0,0
2019-03-16,ROLLS,Rasp Cream,0,0,0,0,0,0,0,0,0,0,0,0,0,0
2019-03-16,ROLLS,Cherry,0,0,0,0,0,0,0,0,0,0,0,0,0,0
2019-03-16,ROLLS,Butt Almond,0,16,16,15,0,1,0,0,3,3,2,0,0,0
2019-03-16,ROLLS,Turtle,0,0,0,0,0,0,0,0,0,0,0,0,0,0
2019-03-16,ROLLS,Cin Chip,0,0,0,0,0,0,0,0,0,0,0,0,0,0
2019-03-16,ROLLS,Blarney,0,16,16,16,0,0,0,0,3,3,2,0,0,0
2019-03-16,ROLLS,biscuit,0,0,0,0,0,0,0,0,0,0,0,0,0,0
2019-03-16,FRUIT BARS,Mixed Berry,0,0,0,0,0,0,0,0,0,0,0,0,0,0
2019-03-16,FRUIT BARS,Cherry,0,0,0,0,0,0,0,0,0,0,0,0,0,0
2019-03-16,FRUIT BARS,Apple Cin,0,12,12,12,0,0,0,0,0,0,0,0,0,0
2019-03-16,FRUIT BARS,MIXED FRUIT,0,8,8,8,0,0,0,0,0,0,0,0,0,0
2019-03-16,MUFFINS,Lem Blue,0,7,7,6,0,1,0,0,1,1,0,0,0,0
2019-03-16,MUFFINS,Lem Popp,0,7,7,4,0,3,0,0,1,1,0,0,0,0
2019-03-16,MUFFINS,Ch Orange,0,7,7,5,0,2,0,0,1,1,0,0,0,0
2019-03-16,MUFFINS,Ir Whiskey,0,7,7,5,0,2,0,0,1,1,0,0,0,0
2019-03-16,MUFFINS,Cookies,0,0,0,0,0,0,0,0,0,0,0,0,0,0
2019-03-16,MUFFINS,Bars,0,0,0,0,0,0,0,0,0,0,0,0,0,0
2019-03-16,MUFFINS,Oatmeal CC,0,6,6,6,0,0,0,0,0,0,0,0,0,0
2019-03-16,MUFFINS,Choc Bliss,0,6,6,2,0,4,0,0,0,0,0,0,0,0
2019-03-16,MUFFINS,Triple Choc,0,6,6,6,0,0,0,0,0,0,0,0,0,0
2019-03-16,MUFFINS,SNICKEDOODLE,0,6,6,6,0,0,0,0,0,0,0,0,0,0
2019-03-16,MUFFINS,Mint Bliss,3,6,9,9,0,0,0,0,0,0,0,0,0,0
2019-03-16,MUFFINS,frosted,23,0,23,23,0,0,0,0,0,0,0,0,0,0
2019-03-16,MUFFINS,Brownies,0,6,6,2,0,4,0,0,0,0,0,0,0,0
2019-03-16,MUFFINS,Choc OHHH,0,0,0,0,0,0,0,0,0,0,0,0,0,0
2019-03-16,MUFFINS,lemon ohh,3,3,6,6,0,0,0,1,1,2,2,0,0,0
2019-03-16,MUFFINS,Bread Pudding,5,5,10,10,0,0,0,2,2,4,0,0,0,0
2019-03-16,MUFFINS,Totals,34,225,259,234,0,25,0,3,15,14,7,0,0,0
2019-03-17,BREAD,H,0,0,0,0,0,0,0,0,0,0,0,0,0,0
2019-03-17,BREAD,FR,0,0,0,0,0,0,0,0,0,0,0,0,0,0
2019-03-17,BREAD,GW,0,0,0,0,0,0,0,0,0,0,0,0,0,0
2019-03-17,BREAD,DK,0,0,0,0,0,0,0,0,0,0,0,0,0,0
2019-03-17,BREAD,H5|Cran,0,0,0,0,0,0,0,0,0,0,0,0,0,0
2019-03-17,BREAD,CSRWL,0,0,0,0,0,0,0,0,0,0,0,0,0,0
2019-03-17,BREAD,VA SWRL,0,0,0,0,0,0,0,0,0,0,0,0,0,0
2019-03-17,BREAD,BfB,0,0,0,0,0,0,0,0,0,0,0,0,0,0
2019-03-17,BREAD,CNE,0,0,0,0,0,0,0,0,0,0,0,0,0,0
2019-03-17,BREAD,CNR,0,0,0,0,0,0,0,0,0,0,0,0,0,0
2019-03-17,BREAD,CNW,0,0,0,0,0,0,0,0,0,0,0,0,0,0
2019-03-17,BREAD,CG,0,0,0,0,0,0,0,0,0,0,0,0,0,0
2019-03-17,BREAD,PESTO CG,0,0,0,0,0,0,0,0,0,0,0,0,0,0
2019-03-17,BREAD,ISB,0,0,0,0,0,0,0,0,0,0,0,0,0,0
2019-03-17,BREAD,SOURDOUGH,0,0,0,0,0,0,0,0,0,0,0,0,0,0
2019-03-17,BREAD,SOUR CC,0,0,0,0,0,0,0,0,0,0,0,0,0,0
2019-03-17,BREAD,Sour RG,0,0,0,0,0,0,0,0,0,0,0,0,0,0
2019-03-17,BREAD,G & S,0,0,0,0,0,0,0,0,0,0,0,0,0,0
2019-03-17,BREAD,Car,0,0,0,0,0,0,0,0,0,0,0,0,0,0
2019-03-17,BREAD,IHF,0,0,0,0,0,0,0,0,0,0,0,0,0,0
2019-03-17,BREAD,GF,0,0,0,0,0,0,0,0,0,0,0,0,0,0
2019-03-17,BREAD,H-RLS,0,0,0,0,0,0,0,0,0,0,0,0,0,0
2019-03-17,BREAD,FR-RLS,0,0,0,0,0,0,0,0,0,0,0,0,0,0
2019-03-17,BREAD,VS-RLS,0,0,0,0,0,0,0,0,0,0,0,0,0,0
2019-03-17,BREAD,Lem Blue,0,0,0,0,0,0,0,0,0,0,0,0,0,0
2019-03-17,BREAD,Lem Popp,0,0,0,0,0,0,0,0,0,0,0,0,0,0
2019-03-17,BREAD,Ch Orange,0,0,0,0,0,0,0,0,0,0,0,0,0,0
2019-03-17,BREAD,Ir Whiskey,0,0,0,0,0,0,0,0,0,0,0,0,0,0
2019-03-17,ROLLS,Cinnamon,0,0,0,0,0,0,0,0,0,0,0,0,0,0
2019-03-17,ROLLS,Mini C-Roll,0,0,0,0,0,0,0,0,0,0,0,0,0,0
2019-03-17,ROLLS,Scones,0,0,0,0,0,0,0,0,0,0,0,0,0,0
2019-03-17,ROLLS,Biscuits,0,0,0,0,0,0,0,0,0,0,0,0,0,0
2019-03-17,ROLLS,Blueberry,0,0,0,0,0,0,0,0,0,0,0,0,0,0
2019-03-17,ROLLS,Rasp Cream,0,0,0,0,0,0,0,0,0,0,0,0,0,0
2019-03-17,ROLLS,Cherry,0,0,0,0,0,0,0,0,0,0,0,0,0,0
2019-03-17,ROLLS,Butt Almond,0,0,0,0,0,0,0,0,0,0,0,0,0,0
2019-03-17,ROLLS,Turtle,0,0,0,0,0,0,0,0,0,0,0,0,0,0
2019-03-17,ROLLS,Cin Chip,0,0,0,0,0,0,0,0,0,0,0,0,0,0
2019-03-17,ROLLS,Blarney,0,0,0,0,0,0,0,0,0,0,0,0,0,0
2019-03-17,ROLLS,biscuit,0,0,0,0,0,0,0,0,0,0,0,0,0,0
2019-03-17,FRUIT BARS,Mixed Berry,0,0,0,0,0,0,0,0,0,0,0,0,0,0
2019-03-17,FRUIT BARS,Cherry,0,0,0,0,0,0,0,0,0,0,0,0,0,0
2019-03-17,FRUIT BARS,Apple Cin,0,0,0,0,0,0,0,0,0,0,0,0,0,0
2019-03-17,FRUIT BARS,MIXED FRUIT,0,0,0,0,0,0,0,0,0,0,0,0,0,0
2019-03-17,MUFFINS,Lem Blue,0,0,0,0,0,0,0,0,0,0,0,0,0,0
2019-03-17,MUFFINS,Lem Popp,0,0,0,0,0,0,0,0,0,0,0,0,0,0
2019-03-17,MUFFINS,Ch Orange,0,0,0,0,0,0,0,0,0,0,0,0,0,0
2019-03-17,MUFFINS,Ir Whiskey,0,0,0,0,0,0,0,0,0,0,0,0,0,0
2019-03-17,MUFFINS,Cookies,0,0,0,0,0,0,0,0,0,0,0,0,0,0
2019-03-17,MUFFINS,Bars,0,0,0,0,0,0,0,0,0,0,0,0,0,0
2019-03-17,MUFFINS,Oatmeal CC,0,0,0,0,0,0,0,0,0,0,0,0,0,0
2019-03-17,MUFFINS,Choc Bliss,0,0,0,0,0,0,0,0,0,0,0,0,0,0
2019-03-17,MUFFINS,Triple Choc,0,0,0,0,0,0,0,0,0,0,0,0,0,0
2019-03-17,MUFFINS,SNICKEDOODLE,0,0,0,0,0,0,0,0,0,0,0,0,0,0
2019-03-17,MUFFINS,Mint Bliss,0,0,0,0,0,0,0,0,0,0,0,0,0,0
2019-03-17,MUFFINS,frosted,0,0,0,0,0,0,0,0,0,0,0,0,0,0
2019-03-17,MUFFINS,Brownies,0,0,0,0,0,0,0,0,0,0,0,0,0,0
2019-03-17,MUFFINS,Choc OHHH,0,0,0,0,0,0,0,0,0,0,0,0,0,0
2019-03-17,MUFFINS,Ch Ra Ohhh,0,0,0,0,0,0,0,0,0,0,0,0,0,0
2019-03-17,MUFFINS,Ch Ch Ohhh,0,0,0,0,0,0,0,0,0,0,0,0,0,0
2019-03-17,MUFFINS,Bread Pudding,0,0,0,0,0,0,0,0,0,0,0,0,0,0
2019-03-17,MUFFINS,Totals,0,0,0,0,0,0,0,0,0,0,0,0,0,0
2019-03-18,BREAD,H,0,57,57,29,0,0,28,0,0,0,0,0,0,0
2019-03-18,BREAD,FR,0,27,27,5,0,0,22,0,0,0,0,0,0,0
2019-03-18,BREAD,GW,0,5,5,2,0,0,3,0,0,0,0,0,0,0
2019-03-18,BREAD,DK,0,33,33,5,7,0,21,0,0,0,0,0,0,0
2019-03-18,BREAD,H5|Cran,0,0,0,0,0,0,0,0,0,0,0,0,0,0
2019-03-18,BREAD,CSRWL,0,16,16,6,0,0,10,0,3,3,2,0,0,1
2019-03-18,BREAD,VA SWRL,0,12,12,5,0,0,7,0,2,2,2,0,0,0
2019-03-18,BREAD,BfB,0,0,0,0,0,0,0,0,0,0,0,0,0,0
2019-03-18,BREAD,CNE,0,17,17,10,0,0,7,0,2,2,0,0,0,2
2019-03-18,BREAD,CNR,0,3,3,1,0,0,2,0,0,0,0,0,0,0
2019-03-18,BREAD,CNW,0,4,4,2,1,0,1,0,0,0,0,0,0,0
2019-03-18,BREAD,CG,0,7,7,7,0,0,0,0,3,3,1,0,0,2
2019-03-18,BREAD,PESTO CG,0,3,3,0,0,0,3,0,0,0,0,0,0,0
2019-03-18,BREAD,VS,0,0,0,0,0,0,0,0,0,0,0,0,0,0
2019-03-18,BREAD,ISB,0,0,0,0,0,0,0,0,0,0,0,0,0,0
2019-03-18,BREAD,SOURDOUGH,0,0,0,-10,0,0,10,0,0,0,0,0,0,0
2019-03-18,BREAD,SOUR CC,0,0,0,-2,0,0,2,0,0,0,0,0,0,0
2019-03-18,BREAD,Sour RG,0,0,0,-2,0,0,2,0,0,0,0,0,0,0
2019-03-18,BREAD,G & S,0,0,0,0,0,0,0,0,0,0,0,0,0,0
2019-03-18,BREAD,Car,0,0,0,0,0,0,0,0,0,0,0,0,0,0
2019-03-18,BREAD,IHF,0,0,0,0,0,0,0,0,0,0,0,0,0,0
2019-03-18,BREAD,GF,0,67,67,67,0,0,0,0,0,0,0,0,0,0
2019-03-18,BREAD,H-RLS,0,2,2,1,0,0,1,0,0,0,0,0,0,0
2019-03-18,BREAD,FR-RLS,0,2,2,2,0,0,0,0,0,0,0,0,0,0
2019-03-18,BREAD,VS-RLS,0,0,0,0,0,0,0,0,0,0,0,0,0,0
2019-03-18,BREAD,Lem Blue,0,4,4,1,1,0,2,0,0,0,0,0,0,0
2019-03-18,BREAD,Lem Popp,0,4,4,1,0,0,3,0,0,0,0,0,0,0
2019-03-18,BREAD,Ch Orange,0,4,4,0,0,0,4,0,0,0,0,0,0,0
2019-03-18,BREAD,Ir Whiskey,0,4,4,0,0,0,4,0,0,0,0,0,0,0
2019-03-18,ROLLS,Cinnamon,0,36,36,25,2,9,0,0,0,0,0,0,0,0
2019-03-18,ROLLS,Mini C-Roll,0,0,0,-48,48,0,0,0,0,0,0,0,0,0
2019-03-18,ROLLS,Scones,0,0,0,0,0,0,0,0,0,0,0,0,0,0
2019-03-18,ROLLS,Biscuits,0,0,0,0,0,0,0,0,0,0,0,0,0,0
2019-03-18,ROLLS,Blueberry,0,0,0,0,0,0,0,0,0,0,0,0,0,0
2019-03-18,ROLLS,Rasp Cream,0,16,16,5,1,10,0,0,2,2,0,0,0,0
2019-03-18,ROLLS,Cherry,0,0,0,0,0,0,0,0,0,0,0,0,0,0
2019-03-18,ROLLS,Butt Almond,0,0,0,0,0,0,0,0,0,0,0,0,0,0
2019-03-18,ROLLS,Turtle,0,0,0,0,0,0,0,0,0,0,0,0,0,0
2019-03-18,ROLLS,Cin Chip,0,16,16,6,1,9,0,0,1,1,0,0,0,0
2019-03-18,ROLLS,Blarney,0,12,12,10,0,2,0,0,1,1,1,0,0,0
2019-03-18,ROLLS,biscuit,0,0,0,-8,0,8,0,0,0,0,0,0,0,0
2019-03-18,FRUIT BARS,Mixed Berry,0,8,8,5,1,2,0,0,0,0,0,0,0,0
2019-03-18,FRUIT BARS,Cherry,0,12,12,11,1,0,0,0,0,0,0,0,0,0
2019-03-18,FRUIT BARS,Apple Cin,0,0,0,0,0,0,0,0,0,0,0,0,0,0
2019-03-18,FRUIT BARS,MIXED FRUIT,0,0,0,0,0,0,0,0,0,0,0,0,0,0
2019-03-18,MUFFINS,Lem Blue,0,6,6,2,1,3,0,0,1,1,0,0,0,0
2019-03-18,MUFFINS,Lem Popp,0,5,5,2,0,3,0,0,1,1,0,0,0,0
2019-03-18,MUFFINS,Ch Orange,0,6,6,3,0,3,0,0,1,1,0,0,0,0
2019-03-18,MUFFINS,Ir Whiskey,0,7,7,5,1,1,0,0,1,1,1,0,0,0
2019-03-18,MUFFINS,Cookies,0,0,0,0,0,0,0,0,0,0,0,0,0,0
2019-03-18,MUFFINS,Bars,0,0,0,0,0,0,0,0,0,0,0,0,0,0
2019-03-18,MUFFINS,Oatmeal CC,0,24,24,8,5,0,11,0,4,4,0,0,0,0
2019-03-18,MUFFINS,Choc Bliss,0,24,24,7,4,0,13,0,0,0,0,0,0,0
2019-03-18,MUFFINS,Triple Choc,0,24,24,6,4,0,14,0,2,2,0,0,0,0
2019-03-18,MUFFINS,SNICKEDOODLE,0,24,24,13,5,0,6,0,4,4,0,0,0,0
2019-03-18,MUFFINS,Mint Bliss,0,12,12,1,0,0,11,0,0,0,0,0,0,0
2019-03-18,MUFFINS,frosted,0,18,18,8,0,0,10,0,0,0,0,0,0,0
2019-03-18,MUFFINS,Brownies,0,10,10,-2,3,0,9,0,0,0,0,0,0,0
2019-03-18,MUFFINS,Choc OHHH,0,0,0,0,0,0,0,0,0,0,0,0,0,0
2019-03-18,MUFFINS,lemon ohh,3,0,3,0,0,0,3,1,0,1,0,0,0,1
2019-03-18,MUFFINS,Bread Pudding,5,0,5,0,0,0,5,2,0,2,-1,0,0,1
2019-03-18,MUFFINS,Totals,8,260,268,59,77,50,82,3,18,19,1,0,0,2
2019-03-19,BREAD,H,28,34,62,44,0,0,18,0,0,0,0,0,0,0
2019-03-19,BREAD,FR,22,9,31,14,0,0,17,0,0,0,0,0,0,0
2019-03-19,BREAD,GW,3,10,13,3,0,0,10,0,0,0,0,0,0,0
2019-03-19,BREAD,DK,21,0,21,21,0,0,0,0,0,0,0,0,0,0
2019-03-19,BREAD,H5|Cran,0,12,12,10,0,0,2,0,6,6,4,0,0,2
2019-03-19,BREAD,CSRWL,10,8,18,10,0,4,4,1,2,3,2,0,0,1
2019-03-19,BREAD,VA SWRL,7,4,11,4,0,3,4,0,2,2,0,0,0,2
2019-03-19,BREAD,BfB,0,7,7,3,0,0,4,0,4,4,0,0,0,4
2019-03-19,BREAD,CNE,7,0,7,5,0,2,0,2,0,2,0,0,0,0
2019-03-19,BREAD,CNR,2,0,2,2,0,0,0,0,0,0,0,0,0,0
2019-03-19,BREAD,CNW,1,0,1,0,0,1,0,0,0,0,0,0,0,0
2019-03-19,BREAD,CG,0,0,0,0,0,0,0,2,0,2,2,0,0,0
2019-03-19,BREAD,PESTO CG,3,0,3,2,0,1,0,0,0,0,0,0,0,0
2019-03-19,BREAD,VS,0,10,10,3,0,0,7,0,3,3,0,0,0,3
2019-03-19,BREAD,ISB,0,10,10,5,0,0,5,0,4,4,3,0,0,1
2019-03-19,BREAD,SOURDOUGH,10,0,10,3,0,0,7,0,0,0,0,0,0,0
2019-03-19,BREAD,SOUR CC,2,0,2,2,0,0,0,0,0,0,0,0,0,0
2019-03-19,BREAD,Sour RG,2,0,2,2,0,0,0,0,0,0,0,0,0,0
2019-03-19,BREAD,G & S,0,0,0,0,0,0,0,0,0,0,0,0,0,0
2019-03-19,BREAD,Car,0,0,0,0,0,0,0,0,0,0,0,0,0,0
2019-03-19,BREAD,IHF,0,0,0,0,0,0,0,0,0,0,0,0,0,0
2019-03-19,BREAD,gf,0,77,77,0,77,0,0,0,0,0,0,0,0,0
2019-03-19,BREAD,H-RLS,1,3,4,1,0,0,3,0,0,0,0,0,0,0
2019-03-19,BREAD,FR-RLS,0,3,3,2,0,0,1,0,0,0,0,0,0,0
2019-03-19,BREAD,VS-RLS,0,3,3,3,0,0,0,0,0,0,0,0,0,0
2019-03-19,BREAD,Lem Blue,2,2,4,1,1,1,1,0,0,0,0,0,0,0
2019-03-19,BREAD,Lem Popp,3,1,4,1,0,2,1,0,0,0,0,0,0,0
2019-03-19,BREAD,Ch Orange,4,1,5,2,0,3,0,0,0,0,0,0,0,0
2019-03-19,BREAD,Ir Whiskey,4,1,5,1,0,3,1,0,0,0,0,0,0,0
2019-03-19,ROLLS,Cinnamon,0,36,36,36,0,0,0,0,0,0,0,0,0,0
2019-03-19,ROLLS,Mini C-Roll,0,0,0,0,0,0,0,0,0,0,0,0,0,0
2019-03-19,ROLLS,Scones,0,0,0,0,0,0,0,0,0,0,0,0,0,0
2019-03-19,ROLLS,Biscuits,0,0,0,0,0,0,0,0,0,0,0,0,0,0
2019-03-19,ROLLS,Blueberry,0,15,15,15,0,0,0,0,1,1,1,0,0,0
2019-03-19,ROLLS,Rasp Cream,0,0,0,0,0,0,0,0,0,0,0,0,0,0
2019-03-19,ROLLS,Cherry,0,0,0,0,0,0,0,0,0,0,0,0,0,0
2019-03-19,ROLLS,Butt Almond,0,0,0,0,0,0,0,0,0,0,0,0,0,0
2019-03-19,ROLLS,Turtle,0,0,0,0,0,0,0,0,0,0,0,0,0,0
2019-03-19,ROLLS,Cin Chip,0,16,16,11,0,5,0,0,1,1,1,0,0,0
2019-03-19,ROLLS,Blarney,0,17,17,8,0,9,0,0,2,2,0,0,0,0
2019-03-19,ROLLS,biscuit,0,0,0,0,0,0,0,0,0,0,0,0,0,0
2019-03-19,FRUIT BARS,Mixed Berry,0,0,0,0,0,0,0,0,0,0,0,0,0,0
2019-03-19,FRUIT BARS,Cherry,0,0,0,0,0,0,0,0,0,0,0,0,0,0
2019-03-19,FRUIT BARS,Apple Cin,0,12,12,5,2,5,0,0,0,0,0,0,0,0
2019-03-19,FRUIT BARS,MIXED FRUIT,0,8,8,6,2,0,0,0,0,0,0,0,0,0
2019-03-19,MUFFINS,Lem Blue,0,6,6,4,0,2,0,0,1,1,1,0,0,0
2019-03-19,MUFFINS,Lem Popp,0,6,6,5,0,1,0,0,1,1,1,0,0,0
2019-03-19,MUFFINS,Ch Orange,0,7,7,5,0,2,0,0,1,1,1,0,0,0
2019-03-19,MUFFINS,Ir Whiskey,0,7,7,6,0,1,0,0,1,1,1,0,0,0
2019-03-19,MUFFINS,Cookies,0,0,0,0,0,0,0,0,0,0,0,0,0,0
2019-03-19,MUFFINS,Bars,0,0,0,0,0,0,0,0,0,0,0,0,0,0
2019-03-19,MUFFINS,Oatmeal CC,11,18,29,12,6,2,9,0,4,4,0,0,0,0
2019-03-19,MUFFINS,Choc Bliss,13,12,25,5,5,8,7,0,4,4,0,0,0,0
2019-03-19,MUFFINS,Triple Choc,14,12,26,9,7,6,4,0,4,4,0,0,0,0
2019-03-19,MUFFINS,SNICKEDOODLE,6,18,24,6,5,1,12,0,4,4,0,0,0,0
2019-03-19,MUFFINS,Mint Bliss,11,6,17,5,0,6,6,0,0,0,0,0,0,0
2019-03-19,MUFFINS,frosted,10,6,16,1,0,6,9,0,0,0,0,0,0,0
2019-03-19,MUFFINS,Brownies,9,0,9,4,5,0,0,0,0,0,0,0,0,0
2019-03-19,MUFFINS,Choc OHHH,0,0,0,0,0,0,0,0,0,0,0,0,0,0
2019-03-19,MUFFINS,lemon ohh,3,0,3,0,0,0,3,1,0,1,0,0,0,1
2019-03-19,MUFFINS,Bread Pudding,5,0,5,0,0,0,5,1,0,1,0,0,0,1
2019-03-19,MUFFINS,Totals,82,202,284,143,32,54,55,2,24,26,6,0,0,2
2019-03-20,BREAD,H,18,38,56,50,0,0,6,0,0,0,0,0,0,0
2019-03-20,BREAD,FR,17,12,29,8,0,0,21,0,0,0,0,0,0,0
2019-03-20,BREAD,GW,10,7,17,5,0,6,6,0,0,0,0,0,0,0
2019-03-20,BREAD,DK,0,35,35,7,11,0,17,0,0,0,0,0,0,0
2019-03-20,BREAD,H5|Cran,2,0,2,2,0,0,0,2,0,2,2,0,0,0
2019-03-20,BREAD,CSRWL,4,12,16,9,1,0,6,1,2,3,2,0,0,1
2019-03-20,BREAD,VA SWRL,4,8,12,7,0,0,5,2,0,2,0,0,0,0
2019-03-20,BREAD,BfB,4,0,4,3,0,1,0,4,0,4,2,0,0,0
2019-03-20,BREAD,CNE,0,18,18,9,1,0,8,0,2,2,2,0,0,0
2019-03-20,BREAD,CNR,0,4,4,2,0,0,2,0,0,0,0,0,0,0
2019-03-20,BREAD,CNW,0,8,8,5,3,0,0,0,0,0,0,0,0,0
2019-03-20,BREAD,CG,0,8,8,3,0,0,5,0,4,4,3,0,0,1
2019-03-20,BREAD,PESTO CG,0,3,3,3,0,0,0,0,0,0,0,0,0,0
2019-03-20,BREAD,VS,7,0,7,4,0,3,0,3,0,3,0,0,0,0
2019-03-20,BREAD,ISB,5,12,17,9,8,0,0,1,3,4,3,0,0,1
2019-03-20,BREAD,SOURDOUGH,7,13,20,9,0,0,11,0,0,0,0,0,0,0
2019-03-20,BREAD,SOUR CC,0,3,3,2,0,0,1,0,0,0,0,0,0,0
2019-03-20,BREAD,Sour RG,0,3,3,1,0,0,2,0,0,0,0,0,0,0
2019-03-20,BREAD,G & S,0,0,0,0,0,0,0,0,0,0,0,0,0,0
2019-03-20,BREAD,Car,0,0,0,0,0,0,0,0,0,0,0,0,0,0
2019-03-20,BREAD,IHF,0,0,0,0,0,0,0,0,0,0,0,0,0,0
2019-03-20,BREAD,H-RLS,3,2,5,2,0,1,2,0,0,0,0,0,0,0
2019-03-20,BREAD,FR-RLS,1,3,4,2,0,0,2,0,0,0,0,0,0,0
2019-03-20,BREAD,VS-RLS,0,0,0,0,0,0,0,0,0,0,0,0,0,0
2019-03-20,BREAD,Lem Blue,1,4,5,3,0,0,2,0,0,0,0,0,0,0
2019-03-20,BREAD,Lem Popp,1,4,5,0,0,1,4,0,0,0,0,0,0,0
2019-03-20,BREAD,Ch Orange,0,6,6,2,0,0,4,0,0,0,0,0,0,0
2019-03-20,BREAD,Ir Whiskey,1,5,6,3,0,0,3,0,0,0,0,0,0,0
2019-03-20,ROLLS,Cinnamon,0,36,36,31,0,5,0,0,0,0,0,0,0,0
2019-03-20,ROLLS,Mini C-Roll,0,0,0,0,0,0,0,0,0,0,0,0,0,0
2019-03-20,ROLLS,Scones,0,0,0,0,0,0,0,0,0,0,0,0,0,0
2019-03-20,ROLLS,Biscuits,0,0,0,0,0,0,0,0,0,0,0,0,0,0
2019-03-20,ROLLS,Blueberry,0,0,0,0,0,0,0,0,0,0,0,0,0,0
2019-03-20,ROLLS,Rasp Cream,0,18,18,13,4,1,0,0,1,1,0,0,0,0
2019-03-20,ROLLS,Cherry,0,0,0,0,0,0,0,0,0,0,0,0,0,0
2019-03-20,ROLLS,Butt Almond,0,0,0,0,0,0,0,0,0,0,0,0,0,0
2019-03-20,ROLLS,Turtle,0,14,14,12,0,2,0,0,1,1,0,0,0,0
2019-03-20,ROLLS,Cin Chip,0,0,0,0,0,0,0,0,0,0,0,0,0,0
2019-03-20,ROLLS,Blarney,0,14,14,14,0,0,0,0,1,1,0,0,0,0
2019-03-20,ROLLS,biscuit,0,10,10,2,0,8,0,0,0,0,0,0,0,0
2019-03-20,FRUIT BARS,Mixed Berry,0,8,8,8,0,0,0,0,0,0,0,0,0,0
2019-03-20,FRUIT BARS,Cherry,0,12,12,9,0,3,0,0,0,0,0,0,0,0
2019-03-20,FRUIT BARS,Apple Cin,0,0,0,0,0,0,0,0,0,0,0,0,0,0
2019-03-20,FRUIT BARS,MIXED FRUIT,0,0,0,0,0,0,0,0,0,0,0,0,0,0
2019-03-20,MUFFINS,Lem Blue,0,6,6,0,0,6,0,0,1,1,0,0,0,0
2019-03-20,MUFFINS,Lem Popp,0,6,6,1,0,5,0,0,1,1,0,0,0,0
2019-03-20,MUFFINS,Ch Orange,0,7,7,2,0,5,0,0,1,1,0,0,0,0
2019-03-20,MUFFINS,Ir Whiskey,0,7,7,5,0,2,0,0,1,1,0,0,0,0
2019-03-20,MUFFINS,Cookies,0,0,0,0,0,0,0,0,0,0,0,0,0,0
2019-03-20,MUFFINS,Bars,0,0,0,0,0,0,0,0,0,0,0,0,0,0
2019-03-20,MUFFINS,Oatmeal CC,9,18,27,16,4,5,2,0,0,0,0,0,0,0
2019-03-20,MUFFINS,Choc Bliss,7,18,25,3,3,6,13,0,0,0,0,0,0,0
2019-03-20,MUFFINS,Triple Choc,4,24,28,6,4,0,18,0,0,0,0,0,0,0
2019-03-20,MUFFINS,SNICKEDOODLE,12,18,30,9,3,6,12,0,0,0,0,0,0,0
2019-03-20,MUFFINS,Mint Bliss,6,12,18,12,0,0,6,0,0,0,0,0,0,0
2019-03-20,MUFFINS,frosted,9,6,15,8,0,0,7,0,0,0,0,0,0,0
2019-03-20,MUFFINS,Brownies,0,10,10,5,0,0,5,0,0,0,0,0,0,0
2019-03-20,MUFFINS,Choc OHHH,0,0,0,0,0,0,0,0,0,0,0,0,0,0
2019-03-20,MUFFINS,lemon ohh,3,0,3,0,0,0,3,1,0,1,0,0,0,1
2019-03-20,MUFFINS,Bread Pudding,5,0,5,0,0,0,5,1,0,1,0,0,0,1
2019-03-20,MUFFINS,Totals,55,244,299,156,18,54,71,2,7,9,0,0,0,2
2019-03-21,BREAD,H,6,46,52,31,0,0,21,0,0,0,0,0,0,0
2019-03-21,BREAD,FR,21,20,41,31,0,0,10,0,0,0,0,0,0,0
2019-03-21,BREAD,GW,6,4,10,2,0,4,4,0,0,0,0,0,0,0
2019-03-21,BREAD,DK,17,0,17,5,0,0,12,0,0,0,0,0,0,0
2019-03-21,BREAD,H5|Cran,0,16,16,6,0,0,10,0,0,0,0,0,0,0
2019-03-21,BREAD,CSRWL,6,13,19,19,0,0,0,1,2,3,3,0,0,0
2019-03-21,BREAD,VA SWRL,5,8,13,6,0,0,7,0,2,2,2,0,0,0
2019-03-21,BREAD,BfB,0,7,7,1,0,0,6,0,3,3,1,0,0,2
2019-03-21,BREAD,CNE,8,0,8,8,0,0,0,0,0,0,0,0,0,0
2019-03-21,BREAD,CNR,2,0,2,1,0,1,0,0,0,0,0,0,0,0
2019-03-21,BREAD,CNW,0,0,0,0,0,0,0,0,0,0,0,0,0,0
2019-03-21,BREAD,CG,5,0,5,2,0,3,0,1,0,1,1,0,0,0
2019-03-21,BREAD,PESTO CG,0,0,0,0,0,0,0,0,0,0,0,0,0,0
2019-03-21,BREAD,VS,0,20,20,7,0,0,13,0,3,3,2,0,0,1
2019-03-21,BREAD,ISB,0,10,10,4,0,0,6,1,4,5,2,0,0,2
2019-03-21,BREAD,SOURDOUGH,11,0,11,5,0,6,0,0,0,0,0,0,0,0
2019-03-21,BREAD,SOUR CC,1,0,1,1,0,0,0,0,0,0,0,0,0,0
2019-03-21,BREAD,Sour RG,2,0,2,0,0,2,0,0,0,0,0,0,0,0
2019-03-21,BREAD,G & S,0,0,0,0,0,0,0,0,0,0,0,0,0,0
2019-03-21,BREAD,Car,0,0,0,0,0,0,0,0,0,0,0,0,0,0
2019-03-21,BREAD,IHF,0,0,0,0,0,0,0,0,0,0,0,0,0,0
2019-03-21,BREAD,GF,0,0,0,0,0,0,0,0,0,0,0,0,0,0
2019-03-21,BREAD,VS BUNS,0,0,0,-5,5,0,0,0,0,0,0,0,0,0
2019-03-21,BREAD,H-RLS,2,4,6,2,0,2,2,0,0,0,0,0,0,0
2019-03-21,BREAD,FR-RLS,2,0,2,1,0,1,0,0,0,0,0,0,0,0
2019-03-21,BREAD,VS-RLS,0,6,6,1,1,0,4,0,0,0,0,0,0,0
2019-03-21,BREAD,Lem Blue,2,3,5,2,0,0,3,0,0,0,0,0,0,0
2019-03-21,BREAD,Lem Popp,4,1,5,0,0,1,4,0,0,0,0,0,0,0
2019-03-21,BREAD,Ch Orange,4,0,4,1,0,3,0,0,0,0,0,0,0,0
2019-03-21,BREAD,Ir Whiskey,3,3,6,3,0,0,3,0,0,0,0,0,0,0
2019-03-21,ROLLS,Cinnamon,0,36,36,34,2,0,0,0,0,0,0,0,0,0
2019-03-21,ROLLS,Mini C-Roll,0,0,0,0,0,0,0,0,0,0,0,0,0,0
2019-03-21,ROLLS,Scones,0,0,0,0,0,0,0,0,0,0,0,0,0,0
2019-03-21,ROLLS,Biscuits,0,0,0,0,0,0,0,0,0,0,0,0,0,0
2019-03-21,ROLLS,Blueberry,0,18,18,14,1,3,0,0,1,1,1,0,0,0
2019-03-21,ROLLS,Rasp Cream,0,0,0,0,0,0,0,0,0,0,0,0,0,0
2019-03-21,ROLLS,Cherry,0,0,0,0,0,0,0,0,0,0,0,0,0,0
2019-03-21,ROLLS,Butt Almond,0,0,0,0,0,0,0,0,0,0,0,0,0,0
2019-03-21,ROLLS,Turtle,0,15,15,12,1,2,0,0,1,1,0,0,0,0
2019-03-21,ROLLS,Cin Chip,0,0,0,0,0,0,0,0,0,0,0,0,0,0
2019-03-21,ROLLS,Blarney,0,17,17,8,0,9,0,0,2,2,2,0,0,0
2019-03-21,ROLLS,biscuit,0,0,0,0,0,0,0,0,0,0,0,0,0,0
2019-03-21,FRUIT BARS,Mixed Berry,0,0,0,0,0,0,0,0,0,0,0,0,0,0
2019-03-21,FRUIT BARS,Cherry,0,0,0,0,0,0,0,0,0,0,0,0,0,0
2019-03-21,FRUIT BARS,Apple Cin,0,12,12,11,1,0,0,0,0,0,0,0,0,0
2019-03-21,FRUIT BARS,MIXED FRUIT,0,8,8,7,1,0,0,0,0,0,0,0,0,0
2019-03-21,MUFFINS,Lem Blue,0,7,7,5,1,1,0,0,1,1,0,0,0,0
2019-03-21,MUFFINS,Lem Popp,0,7,7,3,0,4,0,0,1,1,0,0,0,0
2019-03-21,MUFFINS,Ch Orange,0,8,8,4,0,4,0,0,1,1,0,0,0,0
2019-03-21,MUFFINS,Ir Whiskey,0,8,8,2,1,5,0,0,1,1,1,0,0,0
2019-03-21,MUFFINS,Cookies,0,0,0,0,0,0,0,0,0,0,0,0,0,0
2019-03-21,MUFFINS,Bars,0,0,0,0,0,0,0,0,0,0,0,0,0,0
2019-03-21,MUFFINS,Oatmeal CC,2,42,44,23,21,0,0,0,24,24,0,0,0,0
2019-03-21,MUFFINS,Choc Bliss,13,30,43,8,20,8,7,0,24,24,0,0,0,0
2019-03-21,MUFFINS,Triple Choc,18,24,42,10,20,12,0,0,24,24,0,0,0,0
2019-03-21,MUFFINS,SNICKEDOODLE,12,30,42,22,20,0,0,0,24,24,0,0,0,0
2019-03-21,MUFFINS,Mint Bliss,6,12,18,3,0,6,9,0,0,0,0,0,0,0
2019-03-21,MUFFINS,frosted,7,12,19,11,0,5,3,0,0,0,0,0,0,0
2019-03-21,MUFFINS,Brownies,5,10,15,11,0,2,2,0,0,0,0,0,0,0
2019-03-21,MUFFINS,Choc OHHH,0,0,0,0,0,0,0,0,0,0,0,0,0,0
2019-03-21,MUFFINS,lemon ohh,3,0,3,1,0,0,2,1,0,1,0,0,0,1
2019-03-21,MUFFINS,Bread Pudding,5,0,5,0,0,0,5,1,0,1,0,0,0,1
2019-03-21,MUFFINS,Totals,71,296,367,189,89,61,28,2,104,106,4,0,0,2
2019-03-22,BREAD,H,21,86,107,24,37,0,46,0,0,0,0,0,0,0
2019-03-22,BREAD,FR,10,31,41,15,14,0,12,0,0,0,0,0,0,0
2019-03-22,BREAD,GW,4,4,8,3,0,2,3,0,0,0,0,0,0,0
2019-03-22,BREAD,DK,12,19,31,11,0,0,20,0,0,0,0,0,0,0
2019-03-22,BREAD,H5|Cran,10,0,10,10,0,0,0,0,0,0,0,0,0,0
2019-03-22,BREAD,CSRWL,0,28,28,14,6,0,8,0,3,3,0,0,0,3
2019-03-22,BREAD,VA SWRL,7,4,11,3,0,5,3,0,2,2,0,0,0,2
2019-03-22,BREAD,BfB,6,0,6,4,0,2,0,2,0,2,0,0,0,0
2019-03-22,BREAD,CNE,0,25,25,9,0,0,16,0,2,2,0,0,0,2
2019-03-22,BREAD,CNR,0,4,4,-3,0,0,7,0,0,0,0,0,0,0
2019-03-22,BREAD,CNW,0,12,12,3,4,0,5,0,0,0,0,0,0,0
2019-03-22,BREAD,CG,0,7,7,3,0,0,4,0,2,2,1,0,0,1
2019-03-22,BREAD,PESTO CG,0,3,3,1,0,0,2,0,0,0,0,0,0,0
2019-03-22,BREAD,VS,13,0,13,4,0,9,0,1,0,1,0,0,0,0
2019-03-22,BREAD,ISB,6,0,6,1,0,5,0,2,0,2,0,0,0,0
2019-03-22,BREAD,SOURDOUGH,0,13,13,4,9,0,0,0,0,0,0,0,0,0
2019-03-22,BREAD,SOUR CC,0,4,4,1,0,0,3,0,0,0,0,0,0,0
2019-03-22,BREAD,Sour RG,0,4,4,1,0,0,3,0,0,0,0,0,0,0
2019-03-22,BREAD,G & S,0,11,11,1,4,0,6,0,3,3,2,0,0,1
2019-03-22,BREAD,Car,0,0,0,0,0,0,0,0,0,0,0,0,0,0
2019-03-22,BREAD,IHF,0,0,0,0,0,0,0,0,0,0,0,0,0,0
2019-03-22,BREAD,GF,0,0,0,0,0,0,0,0,0,0,0,0,0,0
2019-03-22,BREAD,H-RLS,2,3,5,2,0,0,3,0,0,0,0,0,0,0
2019-03-22,BREAD,FR-RLS,0,14,14,11,0,0,3,0,0,0,0,0,0,0
2019-03-22,BREAD,VS-RLS,4,0,4,1,0,3,0,0,0,0,0,0,0,0
2019-03-22,BREAD,Lem Blue,3,2,5,5,0,0,0,0,0,0,0,0,0,0
2019-03-22,BREAD,Lem Popp,4,6,10,2,5,0,3,0,0,0,0,0,0,0
2019-03-22,BREAD,Ch Orange,0,11,11,0,5,0,6,0,0,0,0,0,0,0
2019-03-22,BREAD,Ir Whiskey,3,3,6,4,0,0,2,0,0,0,0,0,0,0
2019-03-22,ROLLS,Cinnamon,0,48,48,34,0,14,0,0,0,0,0,0,0,0
2019-03-22,ROLLS,Mini C-Roll,0,144,144,0,144,0,0,0,0,0,0,0,0,0
2019-03-22,ROLLS,Scones,0,0,0,0,0,0,0,0,0,0,0,0,0,0
2019-03-22,ROLLS,Biscuits,0,0,0,0,0,0,0,0,0,0,0,0,0,0
2019-03-22,ROLLS,Blueberry,0,0,0,0,0,0,0,0,0,0,0,0,0,0
2019-03-22,ROLLS,Rasp Cream,0,0,0,0,0,0,0,0,0,0,0,0,0,0
2019-03-22,ROLLS,Cherry,0,14,14,8,0,6,0,0,22,22,0,0,0,0
2019-03-22,ROLLS,Butt Almond,0,28,28,18,0,10,0,0,22,22,2,0,0,0
2019-03-22,ROLLS,Turtle,0,0,0,0,0,0,0,0,0,0,0,0,0,0
2019-03-22,ROLLS,Cin Chip,0,0,0,0,0,0,0,0,0,0,0,0,0,0
2019-03-22,ROLLS,Blarney,0,12,12,8,0,4,0,0,12,12,1,0,0,0
2019-03-22,ROLLS,biscuit,0,12,12,0,0,12,0,0,0,0,0,0,0,0
2019-03-22,FRUIT BARS,Mixed Berry,0,8,8,1,4,3,0,0,0,0,0,0,0,0
2019-03-22,FRUIT BARS,Cherry,0,12,12,5,6,1,0,0,0,0,0,0,0,0
2019-03-22,FRUIT BARS,Apple Cin,0,12,12,4,6,2,0,0,0,0,0,0,0,0
2019-03-22,FRUIT BARS,MIXED FRUIT,0,8,8,3,4,1,0,0,0,0,0,0,0,0
2019-03-22,MUFFINS,Lem Blue,0,6,6,2,0,4,0,0,1,1,-24,0,0,0
2019-03-22,MUFFINS,Lem Popp,0,6,6,2,0,4,0,0,1,1,1,0,0,0
2019-03-22,MUFFINS,Ch Orange,0,6,6,6,0,0,0,0,1,1,1,0,0,0
2019-03-22,MUFFINS,Ir Whiskey,0,6,6,1,0,5,0,0,1,1,-24,0,0,0
2019-03-22,MUFFINS,Cookies,0,0,0,0,0,0,0,0,0,0,0,0,0,0
2019-03-22,MUFFINS,Bars,0,0,0,0,0,0,0,0,0,0,0,0,0,0
2019-03-22,MUFFINS,Oatmeal CC,0,24,24,18,5,0,1,0,0,0,0,0,0,0
2019-03-22,MUFFINS,Choc Bliss,7,18,25,0,5,7,13,0,0,0,0,0,0,0
2019-03-22,MUFFINS,Triple Choc,0,24,24,13,5,0,6,0,16,16,0,0,0,0
2019-03-22,MUFFINS,SNICKEDOODLE,0,24,24,15,5,0,4,0,0,0,0,0,0,0
2019-03-22,MUFFINS,Mint Bliss,9,6,15,6,0,6,3,0,0,0,0,0,0,0
2019-03-22,MUFFINS,frosted,3,12,15,3,0,1,11,0,0,0,0,0,0,0
2019-03-22,MUFFINS,Brownies,2,10,12,11,0,1,0,0,0,0,0,0,0,0
2019-03-22,MUFFINS,Lemon bars,0,20,20,19,0,0,1,0,0,0,0,0,0,0
2019-03-22,MUFFINS,Kahuna Bar,0,20,20,12,0,0,8,0,0,0,0,0,0,0
2019-03-22,MUFFINS,Lemon OHHH,2,0,2,0,0,0,2,1,0,1,0,0,0,1
2019-03-22,MUFFINS,Bread Pudding,5,0,5,1,0,0,4,1,0,1,0,0,0,1
2019-03-22,MUFFINS,Totals,28,480,508,190,184,81,53,2,76,78,-43,0,0,2
2019-03-23,BREAD,H,46,0,46,28,0,18,0,0,0,0,0,0,0,0
2019-03-23,BREAD,FR,12,0,12,8,0,4,0,0,0,0,0,0,0,0
2019-03-23,BREAD,GW,3,0,3,0,0,3,0,0,0,0,0,0,0,0
2019-03-23,BREAD,DK,20,0,20,17,0,3,0,0,0,0,0,0,0,0
2019-03-23,BREAD,H5|Cran,0,0,0,0,0,0,0,0,0,0,0,0,0,0
2019-03-23,BREAD,CSRWL,8,8,16,16,0,0,0,3,0,3,3,0,0,0
2019-03-23,BREAD,VA SWRL,3,4,7,4,0,3,0,2,0,2,2,0,0,0
2019-03-23,BREAD,BfB,0,0,0,0,0,0,0,0,0,0,0,0,0,0
2019-03-23,BREAD,CNE,16,0,16,7,0,9,0,2,0,2,-1,0,0,0
2019-03-23,BREAD,CNR,7,0,7,5,0,2,0,0,0,0,0,0,0,0
2019-03-23,BREAD,CNW,5,0,5,2,0,3,0,0,0,0,0,0,0,0
2019-03-23,BREAD,CG,4,0,4,2,0,2,0,1,0,1,1,0,0,0
2019-03-23,BREAD,PESTO CG,2,0,2,2,0,0,0,0,0,0,0,0,0,0
2019-03-23,BREAD,VS,0,6,6,5,0,1,0,0,2,2,2,0,0,0
2019-03-23,BREAD,ISB,0,9,9,2,0,7,0,0,5,5,1,0,0,0
2019-03-23,BREAD,SOURDOUGH,0,0,0,0,0,0,0,0,0,0,0,0,0,0
2019-03-23,BREAD,SOUR CC,3,0,3,2,0,1,0,0,0,0,0,0,0,0
2019-03-23,BREAD,Sour RG,3,0,3,3,0,0,0,0,0,0,0,0,0,0
2019-03-23,BREAD,G & S,6,0,6,5,0,1,0,1,0,1,1,0,0,0
2019-03-23,BREAD,Car,0,0,0,0,0,0,0,0,0,0,0,0,0,0
2019-03-23,BREAD,IHF,0,0,0,0,0,0,0,0,0,0,0,0,0,0
2019-03-23,BREAD,GF,0,0,0,0,0,0,0,0,0,0,0,0,0,0
2019-03-23,BREAD,H-RLS,3,0,3,1,0,2,0,0,0,0,0,0,0,0
2019-03-23,BREAD,FR-RLS,3,0,3,3,0,0,0,0,0,0,0,0,0,0
2019-03-23,BREAD,VS-RLS,0,2,2,2,0,0,0,0,0,0,0,0,0,0
2019-03-23,BREAD,Lem Blue,0,3,3,2,1,0,0,0,0,0,0,0,0,0
2019-03-23,BREAD,Lem Popp,3,0,3,0,0,3,0,0,0,0,0,0,0,0
2019-03-23,BREAD,Ch Orange,6,0,6,1,0,5,0,0,0,0,0,0,0,0
2019-03-23,BREAD,Ir Whiskey,2,2,4,2,0,2,0,0,0,0,0,0,0,0
2019-03-23,ROLLS,Cinnamon,0,84,84,36,0,48,0,0,0,0,0,0,0,0
2019-03-23,ROLLS,Mini C-Roll,0,48,48,0,48,0,0,0,0,0,0,0,0,0
2019-03-23,ROLLS,Scones,0,0,0,0,0,0,0,0,0,0,0,0,0,0
2019-03-23,ROLLS,Biscuits,0,0,0,0,0,0,0,0,0,0,0,0,0,0
2019-03-23,ROLLS,Blueberry,0,17,17,17,0,0,0,0,4,4,2,0,0,0
2019-03-23,ROLLS,Rasp Cream,0,0,0,0,0,0,0,0,0,0,0,0,0,0
2019-03-23,ROLLS,Cherry,0,0,0,0,0,0,0,0,0,0,0,0,0,0
2019-03-23,ROLLS,Butt Almond,0,17,17,17,0,0,0,0,4,4,3,0,0,0
2019-03-23,ROLLS,Turtle,0,0,0,0,0,0,0,0,0,0,0,0,0,0
2019-03-23,ROLLS,Cin Chip,0,0,0,0,0,0,0,0,0,0,0,0,0,0
2019-03-23,ROLLS,Blarney,0,12,12,7,0,5,0,0,2,2,1,0,0,0
2019-03-23,ROLLS,biscuit,0,0,0,0,0,0,0,0,0,0,0,0,0,0
2019-03-23,FRUIT BARS,Mixed Berry,0,0,0,-2,0,2,0,0,0,0,0,0,0,0
2019-03-23,FRUIT BARS,Cherry,0,0,0,0,0,0,0,0,0,0,0,0,0,0
2019-03-23,FRUIT BARS,Apple Cin,0,12,12,4,2,6,0,0,0,0,0,0,0,0
2019-03-23,FRUIT BARS,MIXED FRUIT,0,8,8,5,2,1,0,0,0,0,0,0,0,0
2019-03-23,MUFFINS,Lem Blue,0,7,7,-2,1,8,0,0,2,2,1,0,0,0
2019-03-23,MUFFINS,Lem Popp,0,7,7,5,1,1,0,0,2,2,1,0,0,0
2019-03-23,MUFFINS,Ch Orange,0,7,7,0,1,6,0,0,2,2,1,0,0,0
2019-03-23,MUFFINS,Ir Whiskey,0,7,7,7,0,0,0,0,2,2,1,0,0,0
2019-03-23,MUFFINS,Cookies,0,0,0,0,0,0,0,0,0,0,0,0,0,0
2019-03-23,MUFFINS,Bars,0,0,0,0,0,0,0,0,0,0,0,0,0,0
2019-03-23,MUFFINS,Oatmeal CC,1,12,13,5,6,2,0,0,0,0,0,0,0,0
2019-03-23,MUFFINS,Choc Bliss,13,0,13,1,6,6,0,0,0,0,0,0,0,0
2019-03-23,MUFFINS,Triple Choc,6,6,12,6,6,0,0,0,0,0,0,0,0,0
2019-03-23,MUFFINS,SNICKEDOODLE,4,12,16,10,6,0,0,0,0,0,0,0,0,0
2019-03-23,MUFFINS,Mint Bliss,3,6,9,9,0,0,0,0,0,0,0,0,0,0
2019-03-23,MUFFINS,frosted,11,0,11,6,0,5,0,0,0,0,0,0,0,0
2019-03-23,MUFFINS,Brownies,0,10,10,10,0,0,0,0,0,0,0,0,0,0
2019-03-23,MUFFINS,Lemon bar,1,0,1,1,0,0,0,0,0,0,0,0,0,0
2019-03-23,MUFFINS,Kahuna,8,0,8,4,0,4,0,0,0,0,0,0,0,0
2019-03-23,MUFFINS,Lemon ohh,2,0,2,2,0,0,0,1,0,1,1,0,0,0
2019-03-23,MUFFINS,Bread Pudding,4,0,4,4,0,0,0,1,0,1,1,0,0,0
2019-03-23,MUFFINS,Totals,53,272,325,152,79,94,0,2,18,20,12,0,0,0
2019-03-24,BREAD,H,0,0,0,0,0,0,0,0,0,0,0,0,0,0
2019-03-24,BREAD,FR,0,0,0,0,0,0,0,0,0,0,0,0,0,0
2019-03-24,BREAD,GW,0,0,0,0,0,0,0,0,0,0,0,0,0,0
2019-03-24,BREAD,DK,0,0,0,0,0,0,0,0,0,0,0,0,0,0
2019-03-24,BREAD,H5|Cran,0,0,0,0,0,0,0,0,0,0,0,0,0,0
2019-03-24,BREAD,CSRWL,0,0,0,0,0,0,0,0,0,0,0,0,0,0
2019-03-24,BREAD,VA SWRL,0,0,0,0,0,0,0,0,0,0,0,0,0,0
2019-03-24,BREAD,BfB,0,0,0,0,0,0,0,0,0,0,0,0,0,0
2019-03-24,BREAD,CNE,0,0,0,0,0,0,0,0,0,0,0,0,0,0
2019-03-24,BREAD,CNR,0,0,0,0,0,0,0,0,0,0,0,0,0,0
2019-03-24,BREAD,CNW,0,0,0,0,0,0,0,0,0,0,0,0,0,0
2019-03-24,BREAD,CG,0,0,0,0,0,0,0,0,0,0,0,0,0,0
2019-03-24,BREAD,PESTO CG,0,0,0,0,0,0,0,0,0,0,0,0,0,0
2019-03-24,BREAD,ISB,0,0,0,0,0,0,0,0,0,0,0,0,0,0
2019-03-24,BREAD,SOURDOUGH,0,0,0,0,0,0,0,0,0,0,0,0,0,0
2019-03-24,BREAD,SOUR CC,0,0,0,0,0,0,0,0,0,0,0,0,0,0
2019-03-24,BREAD,Sour RG,0,0,0,0,0,0,0,0,0,0,0,0,0,0
2019-03-24,BREAD,G & S,0,0,0,0,0,0,0,0,0,0,0,0,0,0
2019-03-24,BREAD,Car,0,0,0,0,0,0,0,0,0,0,0,0,0,0
2019-03-24,BREAD,IHF,0,0,0,0,0,0,0,0,0,0,0,0,0,0
2019-03-24,BREAD,GF,0,0,0,0,0,0,0,0,0,0,0,0,0,0
2019-03-24,BREAD,H-RLS,0,0,0,0,0,0,0,0,0,0,0,0,0,0
2019-03-24,BREAD,FR-RLS,0,0,0,0,0,0,0,0,0,0,0,0,0,0
2019-03-24,BREAD,VS-RLS,0,0,0,0,0,0,0,0,0,0,0,0,0,0
2019-03-24,BREAD,Lem Blue,0,0,0,0,0,0,0,0,0,0,0,0,0,0
2019-03-24,BREAD,Lem Popp,0,0,0,0,0,0,0,0,0,0,0,0,0,0
2019-03-24,BREAD,Ch Orange,0,0,0,0,0,0,0,0,0,0,0,0,0,0
2019-03-24,BREAD,Ir Whiskey,0,0,0,0,0,0,0,0,0,0,0,0,0,0
2019-03-24,ROLLS,Cinnamon,0,0,0,0,0,0,0,0,0,0,0,0,0,0
2019-03-24,ROLLS,Mini C-Roll,0,0,0,0,0,0,0,0,0,0,0,0,0,0
2019-03-24,ROLLS,Scones,0,0,0,0,0,0,0,0,0,0,0,0,0,0
2019-03-24,ROLLS,Biscuits,0,0,0,0,0,0,0,0,0,0,0,0,0,0
2019-03-24,ROLLS,Blueberry,0,0,0,0,0,0,0,0,0,0,0,0,0,0
2019-03-24,ROLLS,Rasp Cream,0,0,0,0,0,0,0,0,0,0,0,0,0,0
2019-03-24,ROLLS,Cherry,0,0,0,0,0,0,0,0,0,0,0,0,0,0
2019-03-24,ROLLS,Butt Almond,0,0,0,0,0,0,0,0,0,0,0,0,0,0
2019-03-24,ROLLS,Turtle,0,0,0,0,0,0,0,0,0,0,0,0,0,0
2019-03-24,ROLLS,Cin Chip,0,0,0,0,0,0,0,0,0,0,0,0,0,0
2019-03-24,ROLLS,Blarney,0,0,0,0,0,0,0,0,0,0,0,0,0,0
2019-03-24,ROLLS,biscuit,0,0,0,0,0,0,0,0,0,0,0,0,0,0
2019-03-24,FRUIT BARS,Mixed Berry,0,0,0,0,0,0,0,0,0,0,0,0,0,0
2019-03-24,FRUIT BARS,Cherry,0,0,0,0,0,0,0,0,0,0,0,0,0,0
2019-03-24,FRUIT BARS,Apple Cin,0,0,0,0,0,0,0,0,0,0,0,0,0,0
2019-03-24,FRUIT BARS,MIXED FRUIT,0,0,0,0,0,0,0,0,0,0,0,0,0,0
2019-03-24,MUFFINS,Lem Blue,0,0,0,0,0,0,0,0,0,0,0,0,0,0
2019-03-24,MUFFINS,Lem Popp,0,0,0,0,0,0,0,0,0,0,0,0,0,0
2019-03-24,MUFFINS,Ch Orange,0,0,0,0,0,0,0,0,0,0,0,0,0,0
2019-03-24,MUFFINS,Ir Whiskey,0,0,0,0,0,0,0,0,0,0,0,0,0,0
2019-03-24,MUFFINS,Cookies,0,0,0,0,0,0,0,0,0,0,0,0,0,0
2019-03-24,MUFFINS,Bars,0,0,0,0,0,0,0,0,0,0,0,0,0,0
2019-03-24,MUFFINS,Oatmeal CC,0,0,0,0,0,0,0,0,0,0,0,0,0,0
2019-03-24,MUFFINS,Choc Bliss,0,0,0,0,0,0,0,0,0,0,0,0,0,0
2019-03-24,MUFFINS,Triple Choc,0,0,0,0,0,0,0,0,0,0,0,0,0,0
2019-03-24,MUFFINS,SNICKEDOODLE,0,0,0,0,0,0,0,0,0,0,0,0,0,0
2019-03-24,MUFFINS,Mint Bliss,0,0,0,0,0,0,0,0,0,0,0,0,0,0
2019-03-24,MUFFINS,frosted,0,0,0,0,0,0,0,0,0,0,0,0,0,0
2019-03-24,MUFFINS,Brownies,0,0,0,0,0,0,0,0,0,0,0,0,0,0
2019-03-24,MUFFINS,Choc OHHH,0,0,0,0,0,0,0,0,0,0,0,0,0,0
2019-03-24,MUFFINS,Ch Ra Ohhh,0,0,0,0,0,0,0,0,0,0,0,0,0,0
2019-03-24,MUFFINS,Ch Ch Ohhh,0,0,0,0,0,0,0,0,0,0,0,0,0,0
2019-03-24,MUFFINS,Bread Pudding,0,0,0,0,0,0,0,0,0,0,0,0,0,0
2019-03-24,MUFFINS,Totals,0,0,0,0,0,0,0,0,0,0,0,0,0,0
2019-03-25,BREAD,H,0,70,70,33,13,0,24,0,0,0,0,0,0,0
2019-03-25,BREAD,FR,0,48,48,47,1,0,0,0,0,0,0,0,0,0
2019-03-25,BREAD,GW,0,10,10,1,0,0,9,0,0,0,0,0,0,0
2019-03-25,BREAD,DK,0,29,29,10,0,0,19,0,0,0,0,0,0,0
2019-03-25,BREAD,H5|Cran,0,0,0,0,0,0,0,0,0,0,0,0,0,0
2019-03-25,BREAD,CSRWL,0,16,16,9,0,0,7,0,3,3,1,0,0,2
2019-03-25,BREAD,VA SWRL,0,12,12,8,0,0,4,0,2,2,2,0,0,0
2019-03-25,BREAD,BfB,0,0,0,0,0,0,0,0,0,0,0,0,0,0
2019-03-25,BREAD,CNE,0,0,0,-10,0,0,10,0,0,0,-2,0,0,2
2019-03-25,BREAD,CNR,0,4,4,2,0,0,2,0,0,0,0,0,0,0
2019-03-25,BREAD,CNW,0,4,4,4,0,0,0,0,0,0,0,0,0,0
2019-03-25,BREAD,CG,0,9,9,9,0,0,0,0,2,2,2,0,0,0
2019-03-25,BREAD,PESTO CG,0,3,3,0,0,0,3,0,0,0,0,0,0,0
2019-03-25,BREAD,VS,0,0,0,0,0,0,0,0,0,0,0,0,0,0
2019-03-25,BREAD,ISB,0,0,0,0,0,0,0,0,0,0,0,0,0,0
2019-03-25,BREAD,SOURDOUGH,0,0,0,-6,1,0,5,0,0,0,0,0,0,0
2019-03-25,BREAD,SOUR CC,0,4,4,0,0,0,4,0,0,0,0,0,0,0
2019-03-25,BREAD,Sour RG,0,4,4,2,0,0,2,0,0,0,0,0,0,0
2019-03-25,BREAD,G & S,0,0,0,0,0,0,0,0,0,0,0,0,0,0
2019-03-25,BREAD,Car,0,0,0,0,0,0,0,0,0,0,0,0,0,0
2019-03-25,BREAD,IHF,0,0,0,0,0,0,0,0,0,0,0,0,0,0
2019-03-25,BREAD,GF,0,85,85,85,0,0,0,0,0,0,0,0,0,0
2019-03-25,BREAD,But -rls,0,0,0,0,0,0,0,0,0,0,0,0,0,0
2019-03-25,BREAD,H-RLS,0,2,2,0,0,0,2,0,0,0,0,0,0,0
2019-03-25,BREAD,FR-RLS,0,2,2,1,0,0,1,0,0,0,0,0,0,0
2019-03-25,BREAD,VS-RLS,0,0,0,0,0,0,0,0,0,0,0,0,0,0
2019-03-25,BREAD,Lem Blue,0,4,4,1,0,0,3,0,0,0,0,0,0,0
2019-03-25,BREAD,Lem Popp,0,4,4,2,0,0,2,0,0,0,0,0,0,0
2019-03-25,BREAD,Ch Orange,0,4,4,2,0,0,2,0,0,0,0,0,0,0
2019-03-25,BREAD,Ir Whiskey,0,4,4,2,0,0,2,0,0,0,0,0,0,0
2019-03-25,ROLLS,Cinnamon,0,36,36,20,0,16,0,0,0,0,0,0,0,0
2019-03-25,ROLLS,Mini C-Roll,0,0,0,0,0,0,0,0,0,0,0,0,0,0
2019-03-25,ROLLS,Scones,0,0,0,0,0,0,0,0,0,0,0,0,0,0
2019-03-25,ROLLS,Biscuits,0,0,0,0,0,0,0,0,0,0,0,0,0,0
2019-03-25,ROLLS,Blueberry,0,0,0,0,0,0,0,0,0,0,0,0,0,0
2019-03-25,ROLLS,Rasp Cream,0,15,15,8,0,7,0,0,1,1,1,0,0,0
2019-03-25,ROLLS,Cherry,0,0,0,0,0,0,0,0,0,0,0,0,0,0
2019-03-25,ROLLS,Butt Almond,0,0,0,0,0,0,0,0,0,0,0,0,0,0
2019-03-25,ROLLS,Turtle,0,0,0,0,0,0,0,0,0,0,0,0,0,0
2019-03-25,ROLLS,Cin Chip,0,17,17,9,0,8,0,0,1,1,0,0,0,0
2019-03-25,ROLLS,Blarney,0,12,12,4,0,8,0,0,1,1,1,0,0,0
2019-03-25,ROLLS,biscuit,0,0,0,0,0,0,0,0,0,0,0,0,0,0
2019-03-25,FRUIT BARS,Mixed Berry,0,8,8,5,0,3,0,0,0,0,0,0,0,0
2019-03-25,FRUIT BARS,Cherry,0,12,12,9,0,3,0,0,0,0,0,0,0,0
2019-03-25,FRUIT BARS,Apple Cin,0,0,0,0,0,0,0,0,0,0,0,0,0,0
2019-03-25,FRUIT BARS,MIXED FRUIT,0,0,0,0,0,0,0,0,0,0,0,0,0,0
2019-03-25,MUFFINS,Lem Blue,0,6,6,6,0,0,0,0,1,1,0,0,0,0
2019-03-25,MUFFINS,Lem Popp,0,6,6,0,0,6,0,0,1,1,1,0,0,0
2019-03-25,MUFFINS,Ch Orange,0,7,7,3,0,4,0,0,1,1,0,0,0,0
2019-03-25,MUFFINS,Ir Whiskey,0,7,7,2,0,5,0,0,1,1,1,0,0,0
2019-03-25,MUFFINS,Cookies,0,0,0,0,0,0,0,0,0,0,0,0,0,0
2019-03-25,MUFFINS,Bars,0,0,0,0,0,0,0,0,0,0,0,0,0,0
2019-03-25,MUFFINS,Oatmeal CC,0,36,36,2,16,0,18,0,0,0,0,0,0,0
2019-03-25,MUFFINS,Choc Bliss,0,36,36,8,16,0,12,0,0,0,0,0,0,0
2019-03-25,MUFFINS,Triple Choc,0,36,36,15,16,0,5,0,0,0,0,0,0,0
2019-03-25,MUFFINS,SNICKEDOODLE,0,36,36,21,15,0,0,0,0,0,0,0,0,0
2019-03-25,MUFFINS,Mint Bliss,0,0,0,-6,0,0,6,0,0,0,0,0,0,0
2019-03-25,MUFFINS,frosted,0,12,12,7,0,0,5,0,0,0,0,0,0,0
2019-03-25,MUFFINS,Brownies,0,10,10,3,0,0,7,0,0,0,0,0,0,0
2019-03-25,MUFFINS,Choc OHHH,0,0,0,0,0,0,0,0,0,0,0,0,0,0
2019-03-25,MUFFINS,Lemon Ohh,0,0,0,-1,0,0,1,0,0,0,0,0,0,0
2019-03-25,MUFFINS,Bread Pudding,0,0,0,-2,0,0,2,0,0,0,-1,0,0,1
2019-03-25,MUFFINS,Totals,0,292,292,113,63,60,56,0,7,7,3,0,0,1
2019-03-26,BREAD,H,24,36,60,41,0,0,19,0,0,0,0,0,0,0
2019-03-26,BREAD,FR,0,33,33,12,7,0,14,0,0,0,0,0,0,0
2019-03-26,BREAD,GW,9,15,24,5,0,5,14,0,0,0,0,0,0,0
2019-03-26,BREAD,DK,19,0,19,5,0,0,14,0,0,0,0,0,0,0
2019-03-26,BREAD,H5|Cran,0,20,20,9,0,0,11,0,0,0,0,0,0,0
2019-03-26,BREAD,CSRWL,7,8,15,10,0,0,5,2,0,2,-1,0,0,0
2019-03-26,BREAD,VA SWRL,4,4,8,0,0,3,5,0,2,2,0,0,0,2
2019-03-26,BREAD,BfB,0,7,7,3,0,0,4,0,3,3,3,0,0,0
2019-03-26,BREAD,CNE,10,0,10,9,0,1,0,2,0,2,1,0,0,0
2019-03-26,BREAD,CNR,2,0,2,2,0,0,0,0,0,0,0,0,0,0
2019-03-26,BREAD,CNW,0,0,0,0,0,0,0,0,0,0,0,0,0,0
2019-03-26,BREAD,CG,0,0,0,0,0,0,0,0,0,0,0,0,0,0
2019-03-26,BREAD,PESTO CG,3,0,3,2,0,1,0,0,0,0,0,0,0,0
2019-03-26,BREAD,VS,0,12,12,0,3,0,9,0,2,2,0,0,0,2
2019-03-26,BREAD,ISB,0,12,12,4,0,0,8,0,4,4,2,0,0,2
2019-03-26,BREAD,SOURDOUGH,5,0,5,3,0,2,0,0,0,0,0,0,0,0
2019-03-26,BREAD,SOUR CC,4,0,4,0,0,4,0,0,0,0,0,0,0,0
2019-03-26,BREAD,Sour RG,2,0,2,0,0,2,0,0,0,0,0,0,0,0
2019-03-26,BREAD,G & S,0,0,0,0,0,0,0,0,0,0,0,0,0,0
2019-03-26,BREAD,Car,0,0,0,0,0,0,0,0,0,0,0,0,0,0
2019-03-26,BREAD,IHF,0,0,0,0,0,0,0,0,0,0,0,0,0,0
2019-03-26,BREAD,WC,0,58,58,58,0,0,0,0,0,0,0,0,0,0
2019-03-26,BREAD,But RLS,0,0,0,0,0,0,0,0,0,0,0,0,0,0
2019-03-26,BREAD,H-RLS,2,0,2,1,0,1,0,0,0,0,0,0,0,0
2019-03-26,BREAD,FR-RLS,1,0,1,1,0,0,0,0,0,0,0,0,0,0
2019-03-26,BREAD,VS-RLS,0,3,3,1,0,0,2,0,0,0,0,0,0,0
2019-03-26,BREAD,Lem Blue,3,2,5,3,0,1,1,0,0,0,0,0,0,0
2019-03-26,BREAD,Lem Popp,2,2,4,1,0,0,3,0,0,0,0,0,0,0
2019-03-26,BREAD,Ch Orange,2,2,4,2,0,0,2,0,0,0,0,0,0,0
2019-03-26,BREAD,Ir Whiskey,2,2,4,4,0,0,0,0,0,0,0,0,0,0
2019-03-26,ROLLS,Cinnamon,0,24,24,18,0,6,0,0,0,0,0,0,0,0
2019-03-26,ROLLS,Mini C-Roll,0,0,0,0,0,0,0,0,0,0,0,0,0,0
2019-03-26,ROLLS,Scones,0,0,0,0,0,0,0,0,0,0,0,0,0,0
2019-03-26,ROLLS,Biscuits,0,0,0,0,0,0,0,0,0,0,0,0,0,0
2019-03-26,ROLLS,Blueberry,0,16,16,7,0,9,0,0,1,1,1,0,0,0
2019-03-26,ROLLS,Rasp Cream,0,0,0,0,0,0,0,0,0,0,0,0,0,0
2019-03-26,ROLLS,Cherry,0,0,0,0,0,0,0,0,0,0,0,0,0,0
2019-03-26,ROLLS,Butt Almond,0,0,0,0,0,0,0,0,0,0,0,0,0,0
2019-03-26,ROLLS,Turtle,0,0,0,0,0,0,0,0,0,0,0,0,0,0
2019-03-26,ROLLS,Cin Chip,0,15,15,5,0,10,0,0,1,1,0,0,0,0
2019-03-26,ROLLS,Blarney,0,17,17,12,0,5,0,0,2,2,1,0,0,0
2019-03-26,ROLLS,biscuit,0,0,0,0,0,0,0,0,0,0,0,0,0,0
2019-03-26,FRUIT BARS,Mixed Berry,0,0,0,0,0,0,0,0,0,0,0,0,0,0
2019-03-26,FRUIT BARS,Cherry,0,0,0,0,0,0,0,0,0,0,0,0,0,0
2019-03-26,FRUIT BARS,Apple Cin,0,12,12,5,0,7,0,0,0,0,0,0,0,0
2019-03-26,FRUIT BARS,MIXED FRUIT,0,8,8,7,0,1,0,0,0,0,0,0,0,0
2019-03-26,MUFFINS,Lem Blue,0,6,6,4,0,2,0,0,1,1,0,0,0,0
2019-03-26,MUFFINS,Lem Popp,0,6,6,2,0,4,0,0,1,1,0,0,0,0
2019-03-26,MUFFINS,Ch Orange,0,7,7,1,0,6,0,0,1,1,1,0,0,0
2019-03-26,MUFFINS,Ir Whiskey,0,7,7,1,0,6,0,0,1,1,1,0,0,0
2019-03-26,MUFFINS,Cookies,0,0,0,0,0,0,0,0,0,0,0,0,0,0
2019-03-26,MUFFINS,Bars,0,0,0,0,0,0,0,0,0,0,0,0,0,0
2019-03-26,MUFFINS,Oatmeal CC,18,0,18,11,0,6,1,0,0,0,0,0,0,0
2019-03-26,MUFFINS,Choc Bliss,12,9,21,2,0,12,7,0,0,0,0,0,0,0
2019-03-26,MUFFINS,Triple Choc,5,18,23,12,0,0,11,0,0,0,0,0,0,0
2019-03-26,MUFFINS,SNICKEDOODLE,0,18,18,18,0,0,0,0,0,0,0,0,0,0
2019-03-26,MUFFINS,Mint Bliss,6,9,15,11,0,0,4,0,0,0,0,0,0,0
2019-03-26,MUFFINS,frosted,5,12,17,5,0,0,12,0,0,0,0,0,0,0
2019-03-26,MUFFINS,Brownies,7,10,17,8,0,5,4,0,0,0,0,0,0,0
2019-03-26,MUFFINS,Choc OHHH,0,0,0,0,0,0,0,0,0,0,0,0,0,0
2019-03-26,MUFFINS,Lemon Ohh,1,3,4,0,0,0,4,0,0,0,-1,0,0,1
2019-03-26,MUFFINS,Bread Pudding,2,0,2,0,0,0,2,1,0,1,0,0,0,1
2019-03-26,MUFFINS,Totals,56,197,253,129,0,79,45,1,8,9,3,0,0,2
2019-03-27,BREAD,H,19,32,51,18,0,0,33,0,0,0,0,0,0,0
2019-03-27,BREAD,FR,14,13,27,9,0,0,18,0,0,0,0,0,0,0
2019-03-27,BREAD,GW,14,0,14,3,0,11,0,0,0,0,0,0,0,0
2019-03-27,BREAD,DK,14,22,36,9,0,5,22,0,0,0,0,0,0,0
2019-03-27,BREAD,H5|Cran,11,0,11,5,0,0,6,0,0,0,0,0,0,0
2019-03-27,BREAD,CSRWL,5,14,19,12,2,0,5,0,4,4,4,0,0,0
2019-03-27,BREAD,VA SWRL,5,4,9,6,0,1,2,2,0,2,0,0,0,2
2019-03-27,BREAD,BfB,4,0,4,4,0,0,0,0,0,0,0,0,0,0
2019-03-27,BREAD,CNE,0,12,12,12,0,0,0,0,2,2,2,0,0,0
2019-03-27,BREAD,CNR,0,4,4,1,0,0,3,0,0,0,0,0,0,0
2019-03-27,BREAD,CNW,0,4,4,1,0,0,3,0,0,0,0,0,0,0
2019-03-27,BREAD,CG,0,8,8,2,0,0,6,0,4,4,2,0,0,2
2019-03-27,BREAD,PESTO CG,0,3,3,1,0,0,2,0,0,0,0,0,0,0
2019-03-27,BREAD,VS,9,0,9,6,0,3,0,2,0,2,1,0,0,0
2019-03-27,BREAD,ISB,8,0,8,5,0,3,0,2,0,2,1,0,0,0
2019-03-27,BREAD,SOURDOUGH,0,11,11,7,0,0,4,0,0,0,0,0,0,0
2019-03-27,BREAD,SOUR CC,0,3,3,0,0,0,3,0,0,0,0,0,0,0
2019-03-27,BREAD,Sour RG,0,3,3,3,0,0,0,0,0,0,0,0,0,0
2019-03-27,BREAD,G & S,0,0,0,0,0,0,0,0,0,0,0,0,0,0
2019-03-27,BREAD,Car,0,0,0,-3,0,0,3,0,0,0,0,0,0,0
2019-03-27,BREAD,IHF,0,0,0,0,0,0,0,0,0,0,0,0,0,0
2019-03-27,BREAD,WC,0,38,38,38,0,0,0,0,0,0,0,0,0,0
2019-03-27,BREAD,IHF,0,0,0,-3,0,0,3,0,0,0,0,0,0,0
2019-03-27,BREAD,H-RLS,0,2,2,2,0,0,0,0,0,0,0,0,0,0
2019-03-27,BREAD,FR-RLS,0,3,3,1,0,0,2,0,0,0,0,0,0,0
2019-03-27,BREAD,VS-RLS,2,0,2,2,0,0,0,0,0,0,0,0,0,0
2019-03-27,BREAD,Lem Blue,1,6,7,1,2,0,4,0,0,0,0,0,0,0
2019-03-27,BREAD,Lem Popp,3,1,4,0,0,3,1,0,0,0,0,0,0,0
2019-03-27,BREAD,Ch Orange,2,2,4,2,0,0,2,0,0,0,0,0,0,0
2019-03-27,BREAD,Ir Whiskey,0,4,4,2,0,0,2,0,0,0,0,0,0,0
2019-03-27,ROLLS,Cinnamon,0,24,24,19,0,5,0,0,0,0,0,0,0,0
2019-03-27,ROLLS,Mini C-Roll,0,24,24,0,24,0,0,0,0,0,0,0,0,0
2019-03-27,ROLLS,Scones,0,0,0,0,0,0,0,0,0,0,0,0,0,0
2019-03-27,ROLLS,Biscuits,0,0,0,0,0,0,0,0,0,0,0,0,0,0
2019-03-27,ROLLS,Blueberry,0,0,0,0,0,0,0,0,0,0,0,0,0,0
2019-03-27,ROLLS,Rasp Cream,0,16,16,8,4,4,0,0,7,7,1,0,0,0
2019-03-27,ROLLS,Cherry,0,0,0,0,0,0,0,0,0,0,0,0,0,0
2019-03-27,ROLLS,Butt Almond,0,0,0,0,0,0,0,0,0,0,0,0,0,0
2019-03-27,ROLLS,Turtle,0,12,12,5,0,7,0,0,7,7,1,0,0,0
2019-03-27,ROLLS,Cin Chip,0,0,0,0,0,0,0,0,0,0,0,0,0,0
2019-03-27,ROLLS,Blarney,0,8,8,8,0,0,0,0,5,5,1,0,0,0
2019-03-27,ROLLS,biscuit,0,0,0,0,0,0,0,0,0,0,0,0,0,0
2019-03-27,FRUIT BARS,Mixed Berry,0,8,8,6,2,0,0,0,0,0,0,0,0,0
2019-03-27,FRUIT BARS,Cherry,0,12,12,4,4,4,0,0,0,0,0,0,0,0
2019-03-27,FRUIT BARS,Apple Cin,0,0,0,0,0,0,0,0,0,0,0,0,0,0
2019-03-27,FRUIT BARS,MIXED FRUIT,0,0,0,0,0,0,0,0,0,0,0,0,0,0
2019-03-27,MUFFINS,Lem Blue,0,7,7,3,0,4,0,0,1,1,0,0,0,0
2019-03-27,MUFFINS,Lem Popp,0,5,5,2,0,3,0,0,5,5,1,0,0,0
2019-03-27,MUFFINS,Ch Orange,0,5,5,3,0,2,0,0,5,5,1,0,0,0
2019-03-27,MUFFINS,Ir Whiskey,0,5,5,2,0,3,0,0,5,5,1,0,0,0
2019-03-27,MUFFINS,Cookies,0,0,0,0,0,0,0,0,0,0,0,0,0,0
2019-03-27,MUFFINS,Bars,0,0,0,0,0,0,0,0,0,0,0,0,0,0
2019-03-27,MUFFINS,Oatmeal CC,1,36,37,8,18,0,11,0,0,0,0,0,0,0
2019-03-27,MUFFINS,Choc Bliss,7,30,37,-1,17,0,21,0,0,0,0,0,0,0
2019-03-27,MUFFINS,Triple Choc,11,30,41,2,17,12,10,0,0,0,0,0,0,0
2019-03-27,MUFFINS,SNICKEDOODLE,0,46,46,12,24,0,10,0,0,0,0,0,0,0
2019-03-27,MUFFINS,Mint Bliss,4,12,16,4,0,0,12,0,0,0,0,0,0,0
2019-03-27,MUFFINS,frosted,12,6,18,11,0,0,7,0,0,0,0,0,0,0
2019-03-27,MUFFINS,Brownies,0,30,30,21,0,0,9,0,0,0,0,0,0,0
2019-03-27,MUFFINS,Kahuna,0,20,0,0,0,0,0,0,0,0,0,0,0,0
2019-03-27,MUFFINS,Lemon ohh,4,0,4,4,0,0,0,1,0,1,1,0,0,0
2019-03-27,MUFFINS,Bread Pudding,2,0,2,2,0,0,0,1,0,1,0,0,0,0
2019-03-27,MUFFINS,Totals,41,336,357,123,110,44,80,2,35,36,7,0,0,0
2019-03-28,BREAD,H,33,28,61,43,0,0,18,0,0,0,0,0,0,0
2019-03-28,BREAD,FR,18,31,49,-9,35,0,23,0,0,0,0,0,0,0
2019-03-28,BREAD,GW,0,8,8,5,0,0,3,0,0,0,0,0,0,0
2019-03-28,BREAD,DK,22,0,22,13,0,0,9,0,0,0,0,0,0,0
2019-03-28,BREAD,H5|Cran,6,8,14,7,0,0,7,0,6,6,1,0,0,5
2019-03-28,BREAD,CSRWL,5,13,18,15,0,0,3,0,3,3,0,0,0,2
2019-03-28,BREAD,VA SWRL,2,8,10,2,0,1,7,2,0,2,2,0,0,0
2019-03-28,BREAD,BfB,0,7,7,2,3,0,2,0,4,4,0,0,0,4
2019-03-28,BREAD,CNE,0,0,0,0,0,0,0,0,0,0,0,0,0,0
2019-03-28,BREAD,CNR,3,0,3,0,0,3,0,0,0,0,0,0,0,0
2019-03-28,BREAD,CNW,3,0,3,2,0,1,0,0,0,0,0,0,0,0
2019-03-28,BREAD,CG,6,0,6,0,0,6,0,2,0,2,1,0,0,0
2019-03-28,BREAD,PESTO CG,2,0,2,1,0,1,0,0,0,0,0,0,0,0
2019-03-28,BREAD,VS,0,8,8,6,0,0,2,0,3,3,3,0,0,0
2019-03-28,BREAD,ISB,0,12,12,10,0,0,2,0,4,4,1,0,0,3
2019-03-28,BREAD,SOURDOUGH,4,0,4,3,0,1,0,0,0,0,0,0,0,0
2019-03-28,BREAD,SOUR CC,4,0,4,0,0,4,0,0,0,0,0,0,0,0
2019-03-28,BREAD,Sour RG,0,0,0,0,0,0,0,0,0,0,0,0,0,0
2019-03-28,BREAD,G & S,0,0,0,0,0,0,0,0,0,0,0,0,0,0
2019-03-28,BREAD,Car,3,0,3,0,0,0,3,0,0,0,0,0,0,0
2019-03-28,BREAD,IHF,0,0,0,0,0,0,0,0,0,0,0,0,0,0
2019-03-28,BREAD,GF,0,0,0,0,0,0,0,0,0,0,0,0,0,0
2019-03-28,BREAD,IHF,4,0,4,0,0,0,4,0,0,0,0,0,0,0
2019-03-28,BREAD,H-RLS,0,2,2,1,0,0,1,0,0,0,0,0,0,0
2019-03-28,BREAD,FR-RLS,2,0,2,1,0,1,0,0,0,0,0,0,0,0
2019-03-28,BREAD,VS-RLS,0,3,3,0,0,0,3,0,0,0,0,0,0,0
2019-03-28,BREAD,Lem Blue,4,1,5,1,0,3,1,0,0,0,0,0,0,0
2019-03-28,BREAD,Lem Popp,1,4,5,2,0,0,3,0,0,0,0,0,0,0
2019-03-28,BREAD,Ch Orange,2,4,6,1,0,1,4,0,0,0,0,0,0,0
2019-03-28,BREAD,Ir Whiskey,2,4,6,2,0,0,4,0,0,0,0,0,0,0
2019-03-28,ROLLS,Cinnamon,0,24,24,24,0,0,0,0,0,0,0,0,0,0
2019-03-28,ROLLS,Mini C-Roll,0,0,0,0,0,0,0,0,0,0,0,0,0,0
2019-03-28,ROLLS,Scones,0,0,0,0,0,0,0,0,0,0,0,0,0,0
2019-03-28,ROLLS,Biscuits,0,0,0,0,0,0,0,0,0,0,0,0,0,0
2019-03-28,ROLLS,Blueberry,0,17,17,12,0,5,0,0,1,1,0,0,0,0
2019-03-28,ROLLS,Rasp Cream,0,0,0,0,0,0,0,0,0,0,0,0,0,0
2019-03-28,ROLLS,Cherry,0,0,0,0,0,0,0,0,0,0,0,0,0,0
2019-03-28,ROLLS,Butt Almond,0,0,0,0,0,0,0,0,0,0,0,0,0,0
2019-03-28,ROLLS,Turtle,0,15,15,15,0,0,0,0,1,1,1,0,0,0
2019-03-28,ROLLS,Cin Chip,0,0,0,0,0,0,0,0,0,0,0,0,0,0
2019-03-28,ROLLS,Blarney,0,0,0,0,0,0,0,0,0,0,0,0,0,0
2019-03-28,ROLLS,biscuit,0,0,0,0,0,0,0,0,0,0,0,0,0,0
2019-03-28,FRUIT BARS,Mixed Berry,0,0,0,0,0,0,0,0,0,0,0,0,0,0
2019-03-28,FRUIT BARS,Cherry,0,0,0,0,0,0,0,0,0,0,0,0,0,0
2019-03-28,FRUIT BARS,Apple Cin,0,12,12,7,0,5,0,0,0,0,0,0,0,0
2019-03-28,FRUIT BARS,MIXED FRUIT,0,8,8,7,0,1,0,0,0,0,0,0,0,0
2019-03-28,MUFFINS,Lem Blue,0,7,7,3,0,4,0,0,1,1,0,0,0,0
2019-03-28,MUFFINS,Lem Popp,0,5,5,2,0,3,0,0,1,1,0,0,0,0
2019-03-28,MUFFINS,Ch Orange,0,5,5,4,0,1,0,0,1,1,1,0,0,0
2019-03-28,MUFFINS,Ir Whiskey,0,5,5,3,0,2,0,0,1,1,1,0,0,0
2019-03-28,MUFFINS,Cookies,0,0,0,0,0,0,0,0,0,0,0,0,0,0
2019-03-28,MUFFINS,Bars,0,0,0,0,0,0,0,0,0,0,0,0,0,0
2019-03-28,MUFFINS,Oatmeal CC,11,6,17,17,0,0,0,0,0,0,0,0,0,0
2019-03-28,MUFFINS,Choc Bliss,21,0,21,2,0,19,0,0,0,0,0,0,0,0
2019-03-28,MUFFINS,Triple Choc,10,6,16,14,0,2,0,0,0,0,0,0,0,0
2019-03-28,MUFFINS,SNICKEDOODLE,10,6,16,15,0,1,0,0,0,0,0,0,0,0
2019-03-28,MUFFINS,Mint Bliss,12,0,12,6,0,6,0,0,0,0,0,0,0,0
2019-03-28,MUFFINS,frosted,7,6,13,5,0,3,5,0,0,0,0,0,0,0
2019-03-28,MUFFINS,Brownies,9,10,19,4,0,7,8,0,0,0,0,0,0,0
2019-03-28,MUFFINS,Lemon Ohh,0,0,0,-4,0,0,4,0,0,0,-1,0,0,1
2019-03-28,MUFFINS,Bread Pudding,0,5,5,0,0,0,5,0,4,4,0,0,0,4
2019-03-28,MUFFINS,Totals,0,137,217,136,0,59,22,0,10,10,2,0,0,5
2019-03-29,BREAD,H,18,43,61,38,5,0,18,0,0,0,0,0,0,0
2019-03-29,BREAD,FR,23,24,47,11,1,0,35,0,0,0,0,0,0,0
2019-03-29,BREAD,GW,3,14,17,4,0,0,13,0,0,0,0,0,0,0
2019-03-29,BREAD,DK,9,15,24,18,0,0,6,0,0,0,0,0,0,0
2019-03-29,BREAD,H5|Cran,7,0,7,3,0,0,4,5,0,5,4,0,0,1
2019-03-29,BREAD,CSRWL,3,18,21,14,0,1,6,2,0,2,2,0,0,0
2019-03-29,BREAD,VA SWRL,7,8,15,14,0,0,1,0,2,2,1,0,0,1
2019-03-29,BREAD,BfB,2,0,2,1,0,1,0,4,0,4,1,0,0,0
2019-03-29,BREAD,CNE,0,26,26,6,0,0,20,0,3,3,0,0,0,3
2019-03-29,BREAD,CNR,0,6,6,1,5,0,0,0,0,0,0,0,0,0
2019-03-29,BREAD,CNW,0,10,10,7,0,0,3,0,0,0,0,0,0,0
2019-03-29,BREAD,CG,0,7,7,5,0,0,2,0,3,3,1,0,0,2
2019-03-29,BREAD,PESTO CG,0,3,3,1,0,0,2,0,0,0,0,0,0,0
2019-03-29,BREAD,VS,2,0,2,2,0,0,0,0,0,0,0,0,0,0
2019-03-29,BREAD,ISB,2,0,2,2,0,0,0,3,0,3,1,0,0,2
2019-03-29,BREAD,SOURDOUGH,0,12,12,3,0,0,9,0,0,0,0,0,0,0
2019-03-29,BREAD,SOUR CC,0,3,3,1,0,0,2,0,0,0,0,0,0,0
2019-03-29,BREAD,Sour RG,0,3,3,2,0,0,1,0,0,0,0,0,0,0
2019-03-29,BREAD,G & S,0,11,11,10,0,0,1,0,2,2,2,0,0,0
2019-03-29,BREAD,Car,3,0,3,3,0,0,0,0,0,0,0,0,0,0
2019-03-29,BREAD,IHF,0,0,0,0,0,0,0,0,0,0,0,0,0,0
2019-03-29,BREAD,GF,0,0,0,0,0,0,0,0,0,0,0,0,0,0
2019-03-29,BREAD,IHF pks,4,19,23,1,0,0,22,0,0,0,0,0,0,0
2019-03-29,BREAD,H-RLS,1,5,6,1,0,0,5,0,0,0,0,0,0,0
2019-03-29,BREAD,FR-RLS,0,6,6,2,0,0,4,0,0,0,0,0,0,0
2019-03-29,BREAD,VS-RLS,3,0,3,2,0,1,0,0,0,0,0,0,0,0
2019-03-29,BREAD,Lem Blue,1,4,5,2,0,1,2,0,0,0,0,0,0,0
2019-03-29,BREAD,Lem Popp,3,2,5,1,0,3,1,0,0,0,0,0,0,0
2019-03-29,BREAD,Ch Orange,4,2,6,1,0,3,2,0,0,0,0,0,0,0
2019-03-29,BREAD,Ir Whiskey,4,2,6,2,0,2,2,0,0,0,0,0,0,0
2019-03-29,ROLLS,Cinnamon,0,48,48,48,0,0,0,0,0,0,0,0,0,0
2019-03-29,ROLLS,Mini C-Roll,0,0,0,0,0,0,0,0,0,0,0,0,0,0
2019-03-29,ROLLS,Scones,0,0,0,0,0,0,0,0,0,0,0,0,0,0
2019-03-29,ROLLS,Biscuits,0,0,0,0,0,0,0,0,0,0,0,0,0,0
2019-03-29,ROLLS,Blueberry,0,0,0,0,0,0,0,0,0,0,0,0,0,0
2019-03-29,ROLLS,Rasp Cream,0,0,0,0,0,0,0,0,0,0,0,0,0,0
2019-03-29,ROLLS,Cherry,0,15,15,13,0,2,0,0,2,2,0,0,0,0
2019-03-29,ROLLS,Butt Almond,0,17,17,16,0,1,0,0,2,2,2,0,0,0
2019-03-29,ROLLS,Turtle,0,0,0,0,0,0,0,0,0,0,0,0,0,0
2019-03-29,ROLLS,Cin Chip,0,0,0,0,0,0,0,0,0,0,0,0,0,0
2019-03-29,ROLLS,Blarney,0,0,0,0,0,0,0,0,0,0,0,0,0,0
2019-03-29,ROLLS,biscuit,0,10,10,10,0,0,0,0,0,0,0,0,0,0
2019-03-29,FRUIT BARS,Mixed Berry,0,8,8,6,0,2,0,0,0,0,0,0,0,0
2019-03-29,FRUIT BARS,Cherry,0,12,12,12,0,0,0,0,0,0,0,0,0,0
2019-03-29,FRUIT BARS,Apple Cin,0,0,0,0,0,0,0,0,0,0,0,0,0,0
2019-03-29,FRUIT BARS,MIXED FRUIT,0,0,0,0,0,0,0,0,0,0,0,0,0,0
2019-03-29,MUFFINS,Lem Blue,0,6,6,5,0,1,0,0,1,1,0,0,0,0
2019-03-29,MUFFINS,Lem Popp,0,6,6,4,0,2,0,0,1,1,1,0,0,0
2019-03-29,MUFFINS,Ch Orange,0,6,6,4,0,2,0,0,1,1,0,0,0,0
2019-03-29,MUFFINS,Ir Whiskey,0,6,6,5,0,1,0,0,1,1,1,0,0,0
2019-03-29,MUFFINS,Cookies,0,0,0,0,0,0,0,0,0,0,0,0,0,0
2019-03-29,MUFFINS,Bars,0,0,0,0,0,0,0,0,0,0,0,0,0,0
2019-03-29,MUFFINS,Oatmeal CC,0,30,30,14,13,0,3,0,0,0,0,0,0,0
2019-03-29,MUFFINS,Choc Bliss,0,30,30,10,13,0,7,0,0,0,0,0,0,0
2019-03-29,MUFFINS,Triple Choc,0,30,30,8,13,0,9,0,0,0,0,0,0,0
2019-03-29,MUFFINS,SNICKEDOODLE,0,30,30,17,13,0,0,0,0,0,0,0,0,0
2019-03-29,MUFFINS,Mint Bliss,0,12,12,1,0,0,11,0,0,0,0,0,0,0
2019-03-29,MUFFINS,frosted,5,6,11,5,0,0,6,0,0,0,0,0,0,0
2019-03-29,MUFFINS,Brownies,8,10,18,7,0,4,7,0,0,0,0,0,0,0
2019-03-29,MUFFINS,Lemon ohh,4,0,4,0,0,0,4,1,0,1,0,0,0,1
2019-03-29,MUFFINS,Bread Pudding,5,0,5,4,0,0,1,4,0,4,1,0,0,3
2019-03-29,MUFFINS,Totals,22,282,304,189,52,15,48,5,8,13,5,0,0,4
2019-03-30,BREAD,H,18,17,35,35,0,0,0,0,0,0,0,0,0,0
2019-03-30,BREAD,FR,35,0,35,15,0,20,0,0,0,0,0,0,0,0
2019-03-30,BREAD,GW,13,0,13,6,0,7,0,0,0,0,0,0,0,0
2019-03-30,BREAD,DK,6,0,6,6,0,0,0,0,0,0,0,0,0,0
2019-03-30,BREAD,H5|Cran,4,0,4,4,0,0,0,1,0,1,1,0,0,0
2019-03-30,BREAD,CSRWL,6,9,15,15,0,0,0,0,3,3,3,0,0,0
2019-03-30,BREAD,VA SWRL,1,8,9,7,0,2,0,1,0,1,1,0,0,0
2019-03-30,BREAD,BfB,0,0,0,0,0,0,0,0,0,0,0,0,0,0
2019-03-30,BREAD,CNE,20,0,20,20,0,0,0,3,0,3,3,0,0,0
2019-03-30,BREAD,CNR,0,0,0,0,0,0,0,0,0,0,0,0,0,0
2019-03-30,BREAD,CNW,3,0,3,3,0,0,0,0,0,0,0,0,0,0
2019-03-30,BREAD,CG,2,0,2,2,0,0,0,2,0,2,1,0,0,0
2019-03-30,BREAD,PESTO CG,2,0,2,2,0,0,0,0,0,0,0,0,0,0
2019-03-30,BREAD,VS,0,8,8,8,0,0,0,0,2,2,1,0,0,0
2019-03-30,BREAD,ISB,0,0,0,0,0,0,0,2,0,2,2,0,0,0
2019-03-30,BREAD,SOURDOUGH,9,0,9,4,0,5,0,0,0,0,0,0,0,0
2019-03-30,BREAD,SOUR CC,2,0,2,2,0,0,0,0,0,0,0,0,0,0
2019-03-30,BREAD,Sour RG,1,0,1,1,0,0,0,0,0,0,0,0,0,0
2019-03-30,BREAD,G & S,1,0,1,1,0,0,0,0,0,0,0,0,0,0
2019-03-30,BREAD,Car,0,0,0,-1,0,1,0,0,0,0,0,0,0,0
2019-03-30,BREAD,IHF,0,0,0,-17,0,17,0,0,0,0,0,0,0,0
2019-03-30,BREAD,GF,0,0,0,0,0,0,0,0,0,0,0,0,0,0
2019-03-30,BREAD,But-rls,0,0,0,0,0,0,0,0,0,0,0,0,0,0
2019-03-30,BREAD,H-RLS,5,0,5,4,0,1,0,0,0,0,0,0,0,0
2019-03-30,BREAD,FR-RLS,4,0,4,4,0,0,0,0,0,0,0,0,0,0
2019-03-30,BREAD,VS-RLS,0,3,3,3,0,0,0,0,0,0,0,0,0,0
2019-03-30,BREAD,Lem Blue,2,1,3,1,0,2,0,0,0,0,0,0,0,0
2019-03-30,BREAD,Lem Popp,1,2,3,0,0,3,0,0,0,0,0,0,0,0
2019-03-30,BREAD,Ch Orange,2,2,4,2,0,2,0,0,0,0,0,0,0,0
2019-03-30,BREAD,Ir Whiskey,2,2,4,1,0,3,0,0,0,0,0,0,0,0
2019-03-30,ROLLS,Cinnamon,0,72,72,70,0,2,0,0,0,0,0,0,0,0
2019-03-30,ROLLS,Mini C-Roll,0,0,0,0,0,0,0,0,0,0,0,0,0,0
2019-03-30,ROLLS,Scones,0,0,0,0,0,0,0,0,0,0,0,0,0,0
2019-03-30,ROLLS,Biscuits,0,0,0,0,0,0,0,0,0,0,0,0,0,0
2019-03-30,ROLLS,Blueberry,0,18,18,18,0,0,0,0,1,1,1,0,0,0
2019-03-30,ROLLS,Rasp Cream,0,0,0,0,0,0,0,0,0,0,0,0,0,0
2019-03-30,ROLLS,Cherry,0,0,0,0,0,0,0,0,0,0,0,0,0,0
2019-03-30,ROLLS,Butt Almond,0,15,15,13,0,2,0,0,1,1,0,0,0,0
2019-03-30,ROLLS,Turtle,0,0,0,0,0,0,0,0,0,0,0,0,0,0
2019-03-30,ROLLS,Cin Chip,0,0,0,0,0,0,0,0,0,0,0,0,0,0
2019-03-30,ROLLS,Blarney,0,0,0,0,0,0,0,0,0,0,0,0,0,0
2019-03-30,ROLLS,biscuit,0,0,0,0,0,0,0,0,0,0,0,0,0,0
2019-03-30,FRUIT BARS,Mixed Berry,0,0,0,0,0,0,0,0,0,0,0,0,0,0
2019-03-30,FRUIT BARS,Cherry,0,0,0,0,0,0,0,0,0,0,0,0,0,0
2019-03-30,FRUIT BARS,Apple Cin,0,12,12,9,0,3,0,0,0,0,0,0,0,0
2019-03-30,FRUIT BARS,MIXED FRUIT,0,8,8,4,0,4,0,0,0,0,0,0,0,0
2019-03-30,MUFFINS,Lem Blue,0,7,7,3,0,4,0,0,1,1,0,0,0,0
2019-03-30,MUFFINS,Lem Popp,0,7,7,6,0,1,0,0,1,1,1,0,0,0
2019-03-30,MUFFINS,Ch Orange,0,7,7,5,0,2,0,0,1,1,0,0,0,0
2019-03-30,MUFFINS,Ir Whiskey,0,7,7,5,0,2,0,0,1,1,1,0,0,0
2019-03-30,MUFFINS,Cookies,0,0,0,0,0,0,0,0,0,0,0,0,0,0
2019-03-30,MUFFINS,Bars,0,0,0,0,0,0,0,0,0,0,0,0,0,0
2019-03-30,MUFFINS,Oatmeal CC,3,42,45,16,28,1,0,0,0,0,0,0,0,0
2019-03-30,MUFFINS,Choc Bliss,7,15,22,-11,27,6,0,0,0,0,0,0,0,0
2019-03-30,MUFFINS,Triple Choc,9,36,45,14,28,3,0,0,0,0,0,0,0,0
2019-03-30,MUFFINS,SNICKEDOODLE,0,42,42,6,27,9,0,0,0,0,0,0,0,0
2019-03-30,MUFFINS,Mint Bliss,11,0,11,0,0,11,0,0,0,0,0,0,0,0
2019-03-30,MUFFINS,frosted,6,0,6,2,0,4,0,0,0,0,0,0,0,0
2019-03-30,MUFFINS,Brownies,7,0,7,5,0,2,0,0,0,0,0,0,0,0
2019-03-30,MUFFINS,lemon ohh,4,0,4,4,0,0,0,1,0,1,1,0,0,0
2019-03-30,MUFFINS,Bread Pudding,1,0,1,1,0,0,0,3,0,3,3,0,0,0
2019-03-30,MUFFINS,Totals,48,288,336,170,110,56,0,4,6,10,7,0,0,0
2019-03-31,BREAD,H,0,0,0,0,0,0,0,0,0,0,0,0,0,0
2019-03-31,BREAD,FR,0,0,0,0,0,0,0,0,0,0,0,0,0,0
2019-03-31,BREAD,GW,0,0,0,0,0,0,0,0,0,0,0,0,0,0
2019-03-31,BREAD,DK,0,0,0,0,0,0,0,0,0,0,0,0,0,0
2019-03-31,BREAD,H5|Cran,0,0,0,0,0,0,0,0,0,0,0,0,0,0
2019-03-31,BREAD,CSRWL,0,0,0,0,0,0,0,0,0,0,0,0,0,0
2019-03-31,BREAD,VA SWRL,0,0,0,0,0,0,0,0,0,0,0,0,0,0
2019-03-31,BREAD,BfB,0,0,0,0,0,0,0,0,0,0,0,0,0,0
2019-03-31,BREAD,CNE,0,0,0,0,0,0,0,0,0,0,0,0,0,0
2019-03-31,BREAD,CNR,0,0,0,0,0,0,0,0,0,0,0,0,0,0
2019-03-31,BREAD,CNW,0,0,0,0,0,0,0,0,0,0,0,0,0,0
2019-03-31,BREAD,CG,0,0,0,0,0,0,0,0,0,0,0,0,0,0
2019-03-31,BREAD,PESTO CG,0,0,0,0,0,0,0,0,0,0,0,0,0,0
2019-03-31,BREAD,ISB,0,0,0,0,0,0,0,0,0,0,0,0,0,0
2019-03-31,BREAD,SOURDOUGH,0,0,0,0,0,0,0,0,0,0,0,0,0,0
2019-03-31,BREAD,SOUR CC,0,0,0,0,0,0,0,0,0,0,0,0,0,0
2019-03-31,BREAD,Sour RG,0,0,0,0,0,0,0,0,0,0,0,0,0,0
2019-03-31,BREAD,G & S,0,0,0,0,0,0,0,0,0,0,0,0,0,0
2019-03-31,BREAD,Car,0,0,0,0,0,0,0,0,0,0,0,0,0,0
2019-03-31,BREAD,IHF,0,0,0,0,0,0,0,0,0,0,0,0,0,0
2019-03-31,BREAD,GF,0,0,0,0,0,0,0,0,0,0,0,0,0,0
2019-03-31,BREAD,H-RLS,0,0,0,0,0,0,0,0,0,0,0,0,0,0
2019-03-31,BREAD,FR-RLS,0,0,0,0,0,0,0,0,0,0,0,0,0,0
2019-03-31,BREAD,VS-RLS,0,0,0,0,0,0,0,0,0,0,0,0,0,0
2019-03-31,BREAD,Lem Blue,0,0,0,0,0,0,0,0,0,0,0,0,0,0
2019-03-31,BREAD,Lem Popp,0,0,0,0,0,0,0,0,0,0,0,0,0,0
2019-03-31,BREAD,Ch Orange,0,0,0,0,0,0,0,0,0,0,0,0,0,0
2019-03-31,BREAD,Ir Whiskey,0,0,0,0,0,0,0,0,0,0,0,0,0,0
2019-03-31,ROLLS,Cinnamon,0,0,0,0,0,0,0,0,0,0,0,0,0,0
2019-03-31,ROLLS,Mini C-Roll,0,0,0,0,0,0,0,0,0,0,0,0,0,0
2019-03-31,ROLLS,Scones,0,0,0,0,0,0,0,0,0,0,0,0,0,0
2019-03-31,ROLLS,Biscuits,0,0,0,0,0,0,0,0,0,0,0,0,0,0
2019-03-31,ROLLS,Blueberry,0,0,0,0,0,0,0,0,0,0,0,0,0,0
2019-03-31,ROLLS,Rasp Cream,0,0,0,0,0,0,0,0,0,0,0,0,0,0
2019-03-31,ROLLS,Cherry,0,0,0,0,0,0,0,0,0,0,0,0,0,0
2019-03-31,ROLLS,Butt Almond,0,0,0,0,0,0,0,0,0,0,0,0,0,0
2019-03-31,ROLLS,Turtle,0,0,0,0,0,0,0,0,0,0,0,0,0,0
2019-03-31,ROLLS,Cin Chip,0,0,0,0,0,0,0,0,0,0,0,0,0,0
2019-03-31,ROLLS,Blarney,0,0,0,0,0,0,0,0,0,0,0,0,0,0
2019-03-31,ROLLS,biscuit,0,0,0,0,0,0,0,0,0,0,0,0,0,0
2019-03-31,FRUIT BARS,Mixed Berry,0,0,0,0,0,0,0,0,0,0,0,0,0,0
2019-03-31,FRUIT BARS,Cherry,0,0,0,0,0,0,0,0,0,0,0,0,0,0
2019-03-31,FRUIT BARS,Apple Cin,0,0,0,0,0,0,0,0,0,0,0,0,0,0
2019-03-31,FRUIT BARS,MIXED FRUIT,0,0,0,0,0,0,0,0,0,0,0,0,0,0
2019-03-31,MUFFINS,Lem Blue,0,0,0,0,0,0,0,0,0,0,0,0,0,0
2019-03-31,MUFFINS,Lem Popp,0,0,0,0,0,0,0,0,0,0,0,0,0,0
2019-03-31,MUFFINS,Ch Orange,0,0,0,0,0,0,0,0,0,0,0,0,0,0
2019-03-31,MUFFINS,Ir Whiskey,0,0,0,0,0,0,0,0,0,0,0,0,0,0
2019-03-31,MUFFINS,Cookies,0,0,0,0,0,0,0,0,0,0,0,0,0,0
2019-03-31,MUFFINS,Bars,0,0,0,0,0,0,0,0,0,0,0,0,0,0
2019-03-31,MUFFINS,Oatmeal CC,0,0,0,0,0,0,0,0,0,0,0,0,0,0
2019-03-31,MUFFINS,Choc Bliss,0,0,0,0,0,0,0,0,0,0,0,0,0,0
2019-03-31,MUFFINS,Triple Choc,0,0,0,0,0,0,0,0,0,0,0,0,0,0
2019-03-31,MUFFINS,SNICKEDOODLE,0,0,0,0,0,0,0,0,0,0,0,0,0,0
2019-03-31,MUFFINS,Mint Bliss,0,0,0,0,0,0,0,0,0,0,0,0,0,0
2019-03-31,MUFFINS,frosted,0,0,0,0,0,0,0,0,0,0,0,0,0,0
2019-03-31,MUFFINS,Brownies,0,0,0,0,0,0,0,0,0,0,0,0,0,0
2019-03-31,MUFFINS,Choc OHHH,0,0,0,0,0,0,0,0,0,0,0,0,0,0
2019-03-31,MUFFINS,Ch Ra Ohhh,0,0,0,0,0,0,0,0,0,0,0,0,0,0
2019-03-31,MUFFINS,Ch Ch Ohhh,0,0,0,0,0,0,0,0,0,0,0,0,0,0
2019-03-31,MUFFINS,Bread Pudding,0,0,0,0,0,0,0,0,0,0,0,0,0,0
2019-03-31,MUFFINS,Totals,0,0,0,0,0,0,0,0,0,0,0,0,0,0
