Date,Category,Product,START_OF_DAY_WHOLE,MADE_TODAY_WHOLE,AVAILABLE_TO_SELL_WHOLE,OUT_THE_DOOR_WHOLE,ORDERS_TODAY_WHOLE,REMOVED_AS_DAY_OLD_WHOLE,LEFT_WHOLE,START_OF_DAY_HALF,MADE_TODAY_HALF,AVAILABLE_TO_SELL_HALF,OUT_THE_DOOR_HALF,ORDERS_TODAY_HALF,REMOVED_AS_DAY_OLD_HALF,LEFT_HALF
2019-11-01,BREAD,H,29.0,23.0,52.0,29.0,8,0,15.0,0,0,0,0,0,0,0
2019-11-01,BREAD,FR,13.0,35.0,48.0,14.0,9,1,24.0,0,0,0,0,0,0,0
2019-11-01,BREAD,GW,13.0,11.0,24.0,5.0,0,1,18.0,0,0,0,0,0,0,0
2019-11-01,BREAD,DK,9.0,16.0,25.0,9.0,0,0,16.0,0,0,0,0,0,0,0
2019-11-01,BREAD,H5|Cran,18.0,0.0,18.0,9.0,0,0,9.0,6,0,6,1,0,0,5
2019-11-01,BREAD,CSRWL,1.0,16.0,17.0,2.0,2,0,13.0,0,4,4,2,0,0,2
2019-11-01,BREAD,PUMP PIE SW,6.0,8.0,14.0,8.0,0,0,6.0,0,3,3,2,0,0,1
2019-11-01,BREAD,CB,6.0,0.0,6.0,6.0,0,0,0.0,1,0,1,1,0,0,0
2019-11-01,BREAD,CNE,0.0,0.0,0.0,-1.0,0,0,1.0,0,0,0,0,0,0,0
2019-11-01,BREAD,CNR,0.0,0.0,0.0,-1.0,0,0,1.0,0,0,0,0,0,0,0
2019-11-01,BREAD,CNW,0.0,0.0,0.0,0.0,0,0,0.0,0,0,0,0,0,0,0
2019-11-01,BREAD,CG,0.0,10.0,10.0,6.0,0,0,4.0,0,3,3,2,0,0,1
2019-11-01,BREAD,Pesto CG,0.0,8.0,8.0,2.0,2,0,4.0,0,0,0,0,0,0,0
2019-11-01,BREAD,CrO,0.0,0.0,0.0,0.0,0,0,0.0,0,0,0,0,0,0,0
2019-11-01,BREAD,VS,5.0,0.0,5.0,4.0,0,1,0.0,0,0,0,0,0,0,0
2019-11-01,BREAD,STUF,0.0,0.0,0.0,0.0,0,0,0.0,0,0,0,0,0,0,0
2019-11-01,BREAD,SOURDOUGH,0.0,14.0,14.0,9.0,0,0,5.0,0,0,0,0,0,0,0
2019-11-01,BREAD,SOUR JC,0.0,6.0,6.0,2.0,0,0,4.0,0,0,0,0,0,0,0
2019-11-01,BREAD,Sour RG,0.0,8.0,8.0,2.0,0,0,6.0,0,0,0,0,0,0,0
2019-11-01,BREAD,WC,0.0,0.0,0.0,0.0,0,0,0.0,0,0,0,0,0,0,0
2019-11-01,BREAD,Car,0.0,0.0,0.0,0.0,0,0,0.0,0,0,0,0,0,0,0
2019-11-01,BREAD,IHF,0.0,0.0,0.0,0.0,0,0,0.0,0,0,0,0,0,0,0
2019-11-01,BREAD,CB PB,0.0,0.0,0.0,0.0,0,0,0.0,0,0,0,0,0,0,0
2019-11-01,BREAD,TURKEYS,0.0,2.0,2.0,0.0,0,0,2.0,0,0,0,0,0,0,0
2019-11-01,BREAD,CrO Rls,0.0,0.0,0.0,0.0,0,0,0.0,0,0,0,0,0,0,0
2019-11-01,BREAD,BUT Rls,0.0,0.0,0.0,0.0,0,0,0.0,0,0,0,0,0,0,0
2019-11-01,BREAD,H-RLS,0.0,4.0,4.0,4.0,0,0,0.0,0,0,0,0,0,0,0
2019-11-01,BREAD,FR-RLS,0.0,4.0,4.0,4.0,0,0,0.0,0,0,0,0,0,0,0
2019-11-01,BREAD,VS-RLS,2.0,0.0,2.0,2.0,0,0,0.0,0,0,0,0,0,0,0
2019-11-01,BREAD,blue,2.0,4.0,6.0,0.0,0,2,4.0,0,0,0,0,0,0,0
2019-11-01,BREAD,Mex Choc,1.0,5.0,6.0,2.0,0,0,4.0,0,0,0,0,0,0,0
2019-11-01,BREAD,Pump CC,0.0,12.0,12.0,7.0,4,0,1.0,0,0,0,0,0,0,0
2019-11-01,ROLLS,Cinnamon,0.0,36.0,36.0,0.0,36,0,0.0,0,0,0,0,0,0,0
2019-11-01,ROLLS,Pump C-R,0.0,24.0,24.0,21.0,0,3,0.0,0,0,0,0,0,0,0
2019-11-01,ROLLS,Take-n-bake,0.0,0.0,0.0,0.0,0,0,0.0,0,0,0,0,0,0,0
2019-11-01,ROLLS,Mini C-Roll,0.0,24.0,24.0,0.0,24,0,0.0,0,0,0,0,0,0,0
2019-11-01,SCONES,Blueberry,0.0,0.0,0.0,0.0,0,0,0.0,0,0,0,0,0,0,0
2019-11-01,SCONES,Rasp Cream,0.0,0.0,0.0,0.0,0,0,0.0,0,0,0,0,0,0,0
2019-11-01,SCONES,Cherry,0.0,19.0,19.0,14.0,4,1,0.0,0,7,7,0,0,0,0
2019-11-01,SCONES,Butt Almond,0.0,18.0,18.0,18.0,0,0,0.0,0,7,7,0,0,0,0
2019-11-01,SCONES,Turtle,0.0,0.0,0.0,0.0,0,0,0.0,0,0,0,0,0,0,0
2019-11-01,SCONES,pb choc,0.0,0.0,0.0,0.0,0,0,0.0,0,0,0,0,0,0,0
2019-11-01,SCONES,Pump Spice,0.0,8.0,8.0,2.0,6,0,0.0,0,8,8,0,0,0,0
2019-11-01,FRUIT BARS,Mixed Berry,0.0,8.0,8.0,4.0,4,0,0.0,0,0,0,0,0,0,0
2019-11-01,FRUIT BARS,Cherry,0.0,12.0,12.0,7.0,5,0,0.0,0,0,0,0,0,0,0
2019-11-01,FRUIT BARS,Apple Cin,0.0,0.0,0.0,0.0,0,0,0.0,0,0,0,0,0,0,0
2019-11-01,FRUIT BARS,MIXED FRUIT,0.0,0.0,0.0,0.0,0,0,0.0,0,0,0,0,0,0,0
2019-11-01,MUFFINS,Blueberry,0.0,6.0,6.0,5.0,0,1,0.0,0,10,10,0,0,0,0
2019-11-01,MUFFINS,Mex Choc,0.0,6.0,6.0,3.0,0,3,0.0,0,10,10,0,0,0,0
2019-11-01,MUFFINS,Pump CC,0.0,8.0,8.0,8.0,0,0,0.0,0,0,0,0,0,0,0
2019-11-01,MUFFINS,Cookies,0.0,0.0,0.0,0.0,0,0,0.0,0,0,0,0,0,0,0
2019-11-01,MUFFINS,Bars,0.0,0.0,0.0,0.0,0,0,0.0,0,0,0,0,0,0,0
2019-11-01,MUFFINS,Pies,,,,,0,0,,0,0,0,0,0,0,0
2019-11-01,MUFFINS,oatmeal choc,2.0,24.0,26.0,23.0,3,0,0.0,0,0,0,0,0,0,0
2019-11-01,MUFFINS,triple choc,0.0,24.0,24.0,21.0,3,0,0.0,0,0,0,0,0,0,0
2019-11-01,MUFFINS,snickerdoodle,6.0,18.0,24.0,21.0,3,0,0.0,0,0,0,0,0,0,0
2019-11-01,MUFFINS,Ginger,12.0,6.0,18.0,15.0,3,0,0.0,0,0,0,0,0,0,0
2019-11-01,MUFFINS,frosted sugar,0.0,18.0,18.0,4.0,0,0,14.0,0,0,0,0,0,0,0
2019-11-01,MUFFINS,Pumpkin Bars,0.0,8.0,8.0,8.0,0,0,0.0,0,0,0,0,0,0,0
2019-11-01,MUFFINS,Pump Pie,0.0,0.0,0.0,0.0,0,0,0.0,0,0,0,0,0,0,0
2019-11-01,MUFFINS,Sugar Pie,0.0,0.0,0.0,0.0,0,0,0.0,0,0,0,0,0,0,0
2019-11-01,MUFFINS,Pecan Pie,0.0,0.0,0.0,0.0,0,0,0.0,0,0,0,0,0,0,0
2019-11-01,MUFFINS,AP,0.0,0.0,0.0,0.0,0,0,0.0,0,0,0,0,0,0,0
2019-11-01,MUFFINS,Cr-Ap Pie,0.0,0.0,0.0,0.0,0,0,0.0,0,0,0,0,0,0,0
2019-11-01,MUFFINS,PUMP OHHH,0.0,0.0,0.0,0.0,0,0,0.0,0,0,0,0,0,0,0
2019-11-01,MUFFINS,Bread Pudding,0.0,0.0,0.0,0.0,0,0,0.0,0,0,0,0,0,0,0
2019-11-01,MUFFINS,Totals,20.0,267.0,287.0,174.0,91,8,14.0,0,42,42,0,0,0,0
2019-11-02,BREAD,H,15.0,0.0,15.0,9.0,0,6,0.0,0,0,0,0,0,0,0
2019-11-02,BREAD,FR,24.0,0.0,24.0,9.0,0,15,0.0,0,0,0,0,0,0,0
2019-11-02,BREAD,GW,18.0,2.0,20.0,10.0,0,10,0.0,0,0,0,0,0,0,0
2019-11-02,BREAD,DK,16.0,0.0,16.0,10.0,0,6,0.0,0,0,0,0,0,0,0
2019-11-02,BREAD,H5|Cran,9.0,0.0,9.0,7.0,0,2,0.0,5,0,5,4,0,0,0
2019-11-02,BREAD,CSRWL,13.0,12.0,25.0,20.0,0,5,0.0,2,0,2,2,0,0,0
2019-11-02,BREAD,PUMP PIE SW,6.0,4.0,10.0,10.0,0,0,0.0,1,0,1,1,0,0,0
2019-11-02,BREAD,CB,0.0,6.0,6.0,4.0,2,0,0.0,0,0,0,0,0,0,0
2019-11-02,BREAD,CNE,1.0,0.0,1.0,1.0,0,0,0.0,0,0,0,0,0,0,0
2019-11-02,BREAD,CNR,1.0,0.0,1.0,1.0,0,0,0.0,0,0,0,0,0,0,0
2019-11-02,BREAD,CNW,0.0,0.0,0.0,0.0,0,0,0.0,0,0,0,0,0,0,0
2019-11-02,BREAD,CG,4.0,0.0,4.0,4.0,0,0,0.0,1,0,1,1,0,0,0
2019-11-02,BREAD,Pesto CG,4.0,0.0,4.0,0.0,0,4,0.0,0,0,0,0,0,0,0
2019-11-02,BREAD,CrO,0.0,0.0,0.0,0.0,0,0,0.0,0,0,0,0,0,0,0
2019-11-02,BREAD,VS,0.0,8.0,8.0,8.0,0,0,0.0,0,2,2,2,0,0,0
2019-11-02,BREAD,STUF,0.0,0.0,0.0,0.0,0,0,0.0,0,0,0,0,0,0,0
2019-11-02,BREAD,SOURDOUGH,5.0,0.0,5.0,3.0,0,2,0.0,0,0,0,0,0,0,0
2019-11-02,BREAD,SOUR JC,4.0,0.0,4.0,1.0,0,3,0.0,0,0,0,0,0,0,0
2019-11-02,BREAD,Sour RG,6.0,0.0,6.0,2.0,0,4,0.0,0,0,0,0,0,0,0
2019-11-02,BREAD,WC,0.0,0.0,0.0,0.0,0,0,0.0,0,0,0,0,0,0,0
2019-11-02,BREAD,Car,0.0,0.0,0.0,0.0,0,0,0.0,0,0,0,0,0,0,0
2019-11-02,BREAD,IHF,0.0,0.0,0.0,0.0,0,0,0.0,0,0,0,0,0,0,0
2019-11-02,BREAD,cb-pb,0.0,2.0,2.0,2.0,0,0,0.0,0,0,0,0,0,0,0
2019-11-02,BREAD,TURKEYS,2.0,0.0,2.0,0.0,0,2,0.0,0,0,0,0,0,0,0
2019-11-02,BREAD,CrO Rls,0.0,0.0,0.0,0.0,0,0,0.0,0,0,0,0,0,0,0
2019-11-02,BREAD,BUT Rls,0.0,0.0,0.0,0.0,0,0,0.0,0,0,0,0,0,0,0
2019-11-02,BREAD,H-RLS,0.0,0.0,0.0,0.0,0,0,0.0,0,0,0,0,0,0,0
2019-11-02,BREAD,FR-RLS,0.0,0.0,0.0,0.0,0,0,0.0,0,0,0,0,0,0,0
2019-11-02,BREAD,VS-RLS,0.0,4.0,4.0,4.0,0,0,0.0,0,0,0,0,0,0,0
2019-11-02,BREAD,Gingerbread,4.0,0.0,4.0,4.0,0,0,0.0,0,0,0,0,0,0,0
2019-11-02,BREAD,Mex Choc,4.0,0.0,4.0,2.0,0,2,0.0,0,0,0,0,0,0,0
2019-11-02,BREAD,Pump CC,1.0,3.0,4.0,3.0,0,1,0.0,0,0,0,0,0,0,0
2019-11-02,BREAD,blue,0.0,0.0,0.0,-2.0,0,2,0.0,0,0,0,0,0,0,0
2019-11-02,ROLLS,Cinnamon,0.0,36.0,36.0,34.0,2,0,0.0,0,0,0,0,0,0,0
2019-11-02,ROLLS,Pump C-R,0.0,24.0,24.0,24.0,0,0,0.0,0,0,0,0,0,0,0
2019-11-02,ROLLS,Take-n-bake,0.0,0.0,0.0,0.0,0,0,0.0,0,0,0,0,0,0,0
2019-11-02,ROLLS,Mini C-Roll,0.0,0.0,0.0,0.0,0,0,0.0,0,0,0,0,0,0,0
2019-11-02,SCONES,Blueberry,0.0,29.0,29.0,17.0,6,6,0.0,0,0,0,0,0,0,0
2019-11-02,SCONES,Rasp Cream,0.0,0.0,0.0,0.0,0,0,0.0,0,0,0,0,0,0,0
2019-11-02,SCONES,Cherry,0.0,0.0,0.0,0.0,0,0,0.0,0,0,0,0,0,0,0
2019-11-02,SCONES,Butt Almond,0.0,15.0,15.0,15.0,0,0,0.0,0,0,0,0,0,0,0
2019-11-02,SCONES,Turtle,0.0,0.0,0.0,0.0,0,0,0.0,0,0,0,0,0,0,0
2019-11-02,SCONES,pb choc,0.0,0.0,0.0,0.0,0,0,0.0,0,0,0,0,0,0,0
2019-11-02,SCONES,Pump Spice,0.0,8.0,8.0,6.0,2,0,0.0,0,0,0,0,0,0,0
2019-11-02,FRUIT BARS,Mixed Berry,0.0,0.0,0.0,0.0,0,0,0.0,0,0,0,0,0,0,0
2019-11-02,FRUIT BARS,Cherry,0.0,0.0,0.0,0.0,0,0,0.0,0,0,0,0,0,0,0
2019-11-02,FRUIT BARS,Apple Cin,0.0,12.0,12.0,12.0,0,0,0.0,0,0,0,0,0,0,0
2019-11-02,FRUIT BARS,MIXED FRUIT,0.0,8.0,8.0,8.0,0,0,0.0,0,0,0,0,0,0,0
2019-11-02,MUFFINS,Gingerbread,0.0,6.0,6.0,6.0,0,0,0.0,0,0,0,0,0,0,0
2019-11-02,MUFFINS,Mex Choc,0.0,8.0,8.0,6.0,0,2,0.0,0,0,0,0,0,0,0
2019-11-02,MUFFINS,Pump CC,0.0,10.0,10.0,10.0,0,0,0.0,0,0,0,0,0,0,0
2019-11-02,MUFFINS,Cookies,0.0,0.0,0.0,0.0,0,0,0.0,0,0,0,0,0,0,0
2019-11-02,MUFFINS,Bars,0.0,0.0,0.0,0.0,0,0,0.0,0,0,0,0,0,0,0
2019-11-02,MUFFINS,Pies,,,,,0,0,,0,0,0,0,0,0,0
2019-11-02,MUFFINS,oatmeal choc,0.0,6.0,6.0,3.0,0,3,0.0,0,0,0,0,0,0,0
2019-11-02,MUFFINS,triple choc,0.0,6.0,6.0,6.0,0,0,0.0,0,0,0,0,0,0,0
2019-11-02,MUFFINS,snickerdoodle,0.0,6.0,6.0,6.0,0,0,0.0,0,0,0,0,0,0,0
2019-11-02,MUFFINS,Ginger,0.0,6.0,6.0,6.0,0,0,0.0,0,0,0,0,0,0,0
2019-11-02,MUFFINS,frosted sugar,14.0,0.0,14.0,7.0,0,7,0.0,0,0,0,0,0,0,0
2019-11-02,MUFFINS,Pumpkin Bars,0.0,6.0,6.0,1.0,0,5,0.0,0,0,0,0,0,0,0
2019-11-02,MUFFINS,Pump Pie,0.0,0.0,0.0,0.0,0,0,0.0,0,0,0,0,0,0,0
2019-11-02,MUFFINS,Sugar Pie,0.0,0.0,0.0,0.0,0,0,0.0,0,0,0,0,0,0,0
2019-11-02,MUFFINS,Pecan Pie,0.0,0.0,0.0,0.0,0,0,0.0,0,0,0,0,0,0,0
2019-11-02,MUFFINS,AP,0.0,0.0,0.0,0.0,0,0,0.0,0,0,0,0,0,0,0
2019-11-02,MUFFINS,Cr-Ap Pie,0.0,0.0,0.0,0.0,0,0,0.0,0,0,0,0,0,0,0
2019-11-02,MUFFINS,PUMP OHHH,0.0,0.0,0.0,0.0,0,0,0.0,0,0,0,0,0,0,0
2019-11-02,MUFFINS,Bread Pudding,0.0,0.0,0.0,0.0,0,0,0.0,0,0,0,0,0,0,0
2019-11-02,MUFFINS,Totals,14.0,186.0,200.0,167.0,10,23,0.0,0,0,0,0,0,0,0
2019-11-03,BREAD,H,0.0,0.0,0.0,0.0,0,0,0.0,0,0,0,0,0,0,0
2019-11-03,BREAD,FR,0.0,0.0,0.0,0.0,0,0,0.0,0,0,0,0,0,0,0
2019-11-03,BREAD,GW,0.0,0.0,0.0,0.0,0,0,0.0,0,0,0,0,0,0,0
2019-11-03,BREAD,DK,0.0,0.0,0.0,0.0,0,0,0.0,0,0,0,0,0,0,0
2019-11-03,BREAD,H5|Cran,0.0,0.0,0.0,0.0,0,0,0.0,0,0,0,0,0,0,0
2019-11-03,BREAD,CSRWL,0.0,0.0,0.0,0.0,0,0,0.0,0,0,0,0,0,0,0
2019-11-03,BREAD,PUMP PIE SW,0.0,0.0,0.0,0.0,0,0,0.0,0,0,0,0,0,0,0
2019-11-03,BREAD,CB,0.0,0.0,0.0,0.0,0,0,0.0,0,0,0,0,0,0,0
2019-11-03,BREAD,CNE,0.0,0.0,0.0,0.0,0,0,0.0,0,0,0,0,0,0,0
2019-11-03,BREAD,CNR,0.0,0.0,0.0,0.0,0,0,0.0,0,0,0,0,0,0,0
2019-11-03,BREAD,CNW,0.0,0.0,0.0,0.0,0,0,0.0,0,0,0,0,0,0,0
2019-11-03,BREAD,CG,0.0,0.0,0.0,0.0,0,0,0.0,0,0,0,0,0,0,0
2019-11-03,BREAD,Pesto CG,0.0,0.0,0.0,0.0,0,0,0.0,0,0,0,0,0,0,0
2019-11-03,BREAD,CrO,0.0,0.0,0.0,0.0,0,0,0.0,0,0,0,0,0,0,0
2019-11-03,BREAD,VS,0.0,0.0,0.0,0.0,0,0,0.0,0,0,0,0,0,0,0
2019-11-03,BREAD,STUF,0.0,0.0,0.0,0.0,0,0,0.0,0,0,0,0,0,0,0
2019-11-03,BREAD,SOURDOUGH,0.0,0.0,0.0,0.0,0,0,0.0,0,0,0,0,0,0,0
2019-11-03,BREAD,SOUR JC,0.0,0.0,0.0,0.0,0,0,0.0,0,0,0,0,0,0,0
2019-11-03,BREAD,Sour RG,0.0,0.0,0.0,0.0,0,0,0.0,0,0,0,0,0,0,0
2019-11-03,BREAD,WC,0.0,0.0,0.0,0.0,0,0,0.0,0,0,0,0,0,0,0
2019-11-03,BREAD,Car,0.0,0.0,0.0,0.0,0,0,0.0,0,0,0,0,0,0,0
2019-11-03,BREAD,IHF,0.0,0.0,0.0,0.0,0,0,0.0,0,0,0,0,0,0,0
2019-11-03,BREAD,TURKEYS,0.0,0.0,0.0,0.0,0,0,0.0,0,0,0,0,0,0,0
2019-11-03,BREAD,CrO Rls,0.0,0.0,0.0,0.0,0,0,0.0,0,0,0,0,0,0,0
2019-11-03,BREAD,BUT Rls,0.0,0.0,0.0,0.0,0,0,0.0,0,0,0,0,0,0,0
2019-11-03,BREAD,H-RLS,0.0,0.0,0.0,0.0,0,0,0.0,0,0,0,0,0,0,0
2019-11-03,BREAD,FR-RLS,0.0,0.0,0.0,0.0,0,0,0.0,0,0,0,0,0,0,0
2019-11-03,BREAD,VS-RLS,0.0,0.0,0.0,0.0,0,0,0.0,0,0,0,0,0,0,0
2019-11-03,BREAD,Gingerbread,0.0,0.0,0.0,0.0,0,0,0.0,0,0,0,0,0,0,0
2019-11-03,BREAD,Mex Choc,0.0,0.0,0.0,0.0,0,0,0.0,0,0,0,0,0,0,0
2019-11-03,BREAD,Pump CC,0.0,0.0,0.0,0.0,0,0,0.0,0,0,0,0,0,0,0
2019-11-03,ROLLS,Cinnamon,0.0,0.0,0.0,0.0,0,0,0.0,0,0,0,0,0,0,0
2019-11-03,ROLLS,Pump C-R,0.0,0.0,0.0,0.0,0,0,0.0,0,0,0,0,0,0,0
2019-11-03,ROLLS,Take-n-bake,0.0,0.0,0.0,0.0,0,0,0.0,0,0,0,0,0,0,0
2019-11-03,ROLLS,Mini C-Roll,0.0,0.0,0.0,0.0,0,0,0.0,0,0,0,0,0,0,0
2019-11-03,SCONES,Blueberry,0.0,0.0,0.0,0.0,0,0,0.0,0,0,0,0,0,0,0
2019-11-03,SCONES,Rasp Cream,0.0,0.0,0.0,0.0,0,0,0.0,0,0,0,0,0,0,0
2019-11-03,SCONES,Cherry,0.0,0.0,0.0,0.0,0,0,0.0,0,0,0,0,0,0,0
2019-11-03,SCONES,Butt Almond,0.0,0.0,0.0,0.0,0,0,0.0,0,0,0,0,0,0,0
2019-11-03,SCONES,Turtle,0.0,0.0,0.0,0.0,0,0,0.0,0,0,0,0,0,0,0
2019-11-03,SCONES,pb choc,0.0,0.0,0.0,0.0,0,0,0.0,0,0,0,0,0,0,0
2019-11-03,SCONES,Pump Spice,0.0,0.0,0.0,0.0,0,0,0.0,0,0,0,0,0,0,0
2019-11-03,FRUIT BARS,Mixed Berry,0.0,0.0,0.0,0.0,0,0,0.0,0,0,0,0,0,0,0
2019-11-03,FRUIT BARS,Cherry,0.0,0.0,0.0,0.0,0,0,0.0,0,0,0,0,0,0,0
2019-11-03,FRUIT BARS,Apple Cin,0.0,0.0,0.0,0.0,0,0,0.0,0,0,0,0,0,0,0
2019-11-03,FRUIT BARS,MIXED FRUIT,0.0,0.0,0.0,0.0,0,0,0.0,0,0,0,0,0,0,0
2019-11-03,MUFFINS,Gingerbread,0.0,0.0,0.0,0.0,0,0,0.0,0,0,0,0,0,0,0
2019-11-03,MUFFINS,Mex Choc,0.0,0.0,0.0,0.0,0,0,0.0,0,0,0,0,0,0,0
2019-11-03,MUFFINS,Pump CC,0.0,0.0,0.0,0.0,0,0,0.0,0,0,0,0,0,0,0
2019-11-03,MUFFINS,Cookies,0.0,0.0,0.0,0.0,0,0,0.0,0,0,0,0,0,0,0
2019-11-03,MUFFINS,Bars,0.0,0.0,0.0,0.0,0,0,0.0,0,0,0,0,0,0,0
2019-11-03,MUFFINS,Pies,,,,,0,0,,0,0,0,0,0,0,0
2019-11-03,MUFFINS,oatmeal choc,0.0,0.0,0.0,0.0,0,0,0.0,0,0,0,0,0,0,0
2019-11-03,MUFFINS,triple choc,0.0,0.0,0.0,0.0,0,0,0.0,0,0,0,0,0,0,0
2019-11-03,MUFFINS,snickerdoodle,0.0,0.0,0.0,0.0,0,0,0.0,0,0,0,0,0,0,0
2019-11-03,MUFFINS,Ginger,0.0,0.0,0.0,0.0,0,0,0.0,0,0,0,0,0,0,0
2019-11-03,MUFFINS,frosted sugar,0.0,0.0,0.0,0.0,0,0,0.0,0,0,0,0,0,0,0
2019-11-03,MUFFINS,Pumpkin Bars,0.0,0.0,0.0,0.0,0,0,0.0,0,0,0,0,0,0,0
2019-11-03,MUFFINS,Pump Pie,0.0,0.0,0.0,0.0,0,0,0.0,0,0,0,0,0,0,0
2019-11-03,MUFFINS,Sugar Pie,0.0,0.0,0.0,0.0,0,0,0.0,0,0,0,0,0,0,0
2019-11-03,MUFFINS,Pecan Pie,0.0,0.0,0.0,0.0,0,0,0.0,0,0,0,0,0,0,0
2019-11-03,MUFFINS,AP,0.0,0.0,0.0,0.0,0,0,0.0,0,0,0,0,0,0,0
2019-11-03,MUFFINS,Cr-Ap Pie,0.0,0.0,0.0,0.0,0,0,0.0,0,0,0,0,0,0,0
2019-11-03,MUFFINS,PUMP OHHH,0.0,0.0,0.0,0.0,0,0,0.0,0,0,0,0,0,0,0
2019-11-03,MUFFINS,Bread Pudding,0.0,0.0,0.0,0.0,0,0,0.0,0,0,0,0,0,0,0
2019-11-03,MUFFINS,Totals,0.0,0.0,0.0,0.0,0,0,0.0,0,0,0,0,0,0,0
2019-11-04,BREAD,H,0.0,38.0,38.0,14.0,0,0,24.0,0,0,0,0,0,0,0
2019-11-04,BREAD,FR,0.0,52.0,52.0,22.0,25,0,5.0,0,0,0,0,0,0,0
2019-11-04,BREAD,GW,0.0,0.0,0.0,-6.0,0,0,6.0,0,0,0,0,0,0,0
2019-11-04,BREAD,DK,0.0,23.0,23.0,6.0,2,0,15.0,0,0,0,0,0,0,0
2019-11-04,BREAD,H5|Cran,0.0,0.0,0.0,0.0,0,0,0.0,0,0,0,0,0,0,0
2019-11-04,BREAD,CSRWL,0.0,16.0,16.0,11.0,0,0,5.0,0,4,4,0,0,0,4
2019-11-04,BREAD,PUMP PIE SW,0.0,12.0,12.0,5.0,0,0,7.0,0,2,2,1,0,0,1
2019-11-04,BREAD,CB,0.0,0.0,0.0,0.0,0,0,0.0,0,0,0,0,0,0,0
2019-11-04,BREAD,CNE,0.0,11.0,11.0,8.0,2,0,1.0,0,3,3,1,0,0,2
2019-11-04,BREAD,CNR,0.0,4.0,4.0,4.0,0,0,0.0,0,0,0,0,0,0,0
2019-11-04,BREAD,CNW,0.0,4.0,4.0,4.0,0,0,0.0,0,0,0,0,0,0,0
2019-11-04,BREAD,CG,0.0,6.0,6.0,3.0,0,0,3.0,0,3,3,3,0,0,0
2019-11-04,BREAD,Pesto CG,0.0,3.0,3.0,2.0,0,0,1.0,0,0,0,0,0,0,0
2019-11-04,BREAD,CrO,0.0,0.0,0.0,0.0,0,0,0.0,0,0,0,0,0,0,0
2019-11-04,BREAD,VS,0.0,0.0,0.0,0.0,0,0,0.0,0,0,0,0,0,0,0
2019-11-04,BREAD,STUF,0.0,0.0,0.0,0.0,0,0,0.0,0,0,0,0,0,0,0
2019-11-04,BREAD,SOURDOUGH,0.0,11.0,11.0,8.0,0,0,3.0,0,0,0,0,0,0,0
2019-11-04,BREAD,SOUR JC,0.0,3.0,3.0,-1.0,0,0,4.0,0,0,0,0,0,0,0
2019-11-04,BREAD,Sour RG,0.0,3.0,3.0,1.0,0,0,2.0,0,0,0,0,0,0,0
2019-11-04,BREAD,WC,0.0,0.0,0.0,0.0,0,0,0.0,0,0,0,0,0,0,0
2019-11-04,BREAD,Car,0.0,0.0,0.0,0.0,0,0,0.0,0,0,0,0,0,0,0
2019-11-04,BREAD,IHF,0.0,0.0,0.0,0.0,0,0,0.0,0,0,0,0,0,0,0
2019-11-04,BREAD,TURKEYS,0.0,2.0,2.0,0.0,0,0,2.0,0,0,0,0,0,0,0
2019-11-04,BREAD,CrO Rls,0.0,0.0,0.0,0.0,0,0,0.0,0,0,0,0,0,0,0
2019-11-04,BREAD,BUT Rls,0.0,0.0,0.0,0.0,0,0,0.0,0,0,0,0,0,0,0
2019-11-04,BREAD,H-RLS,0.0,2.0,2.0,2.0,0,0,0.0,0,0,0,0,0,0,0
2019-11-04,BREAD,FR-RLS,0.0,2.0,2.0,2.0,0,0,0.0,0,0,0,0,0,0,0
2019-11-04,BREAD,VS-RLS,0.0,0.0,0.0,0.0,0,0,0.0,0,0,0,0,0,0,0
2019-11-04,BREAD,Blu str,0.0,4.0,4.0,3.0,0,0,1.0,0,0,0,0,0,0,0
2019-11-04,BREAD,Mex Choc,0.0,10.0,10.0,10.0,0,0,0.0,0,0,0,0,0,0,0
2019-11-04,BREAD,Pump CC,0.0,6.0,6.0,6.0,0,0,0.0,0,0,0,0,0,0,0
2019-11-04,ROLLS,Cinnamon,0.0,24.0,24.0,24.0,0,0,0.0,0,0,0,0,0,0,0
2019-11-04,ROLLS,Pump C-R,0.0,12.0,12.0,12.0,0,0,0.0,0,0,0,0,0,0,0
2019-11-04,ROLLS,Take-n-bake,0.0,0.0,0.0,0.0,0,0,0.0,0,0,0,0,0,0,0
2019-11-04,ROLLS,Mini C-Roll,0.0,0.0,0.0,0.0,0,0,0.0,0,0,0,0,0,0,0
2019-11-04,SCONES,Blueberry,0.0,0.0,0.0,0.0,0,0,0.0,0,0,0,0,0,0,0
2019-11-04,SCONES,Rasp Cream,0.0,11.0,11.0,10.0,0,1,0.0,0,0,0,0,0,0,0
2019-11-04,SCONES,Cherry,0.0,0.0,0.0,0.0,0,0,0.0,0,0,0,0,0,0,0
2019-11-04,SCONES,Butt Almond,0.0,0.0,0.0,0.0,0,0,0.0,0,0,0,0,0,0,0
2019-11-04,SCONES,Turtle,0.0,0.0,0.0,0.0,0,0,0.0,0,0,0,0,0,0,0
2019-11-04,SCONES,pb choc,0.0,11.0,11.0,9.0,0,2,0.0,0,0,0,0,0,0,0
2019-11-04,SCONES,Pump Spice,0.0,6.0,6.0,5.0,0,1,0.0,0,0,0,0,0,0,0
2019-11-04,FRUIT BARS,Mixed Berry,0.0,8.0,8.0,7.0,0,1,0.0,0,0,0,0,0,0,0
2019-11-04,FRUIT BARS,Cherry,0.0,12.0,12.0,11.0,0,1,0.0,0,0,0,0,0,0,0
2019-11-04,FRUIT BARS,Apple Cin,0.0,0.0,0.0,0.0,0,0,0.0,0,0,0,0,0,0,0
2019-11-04,FRUIT BARS,MIXED FRUIT,0.0,0.0,0.0,0.0,0,0,0.0,0,0,0,0,0,0,0
2019-11-04,MUFFINS,Gingerbread,0.0,4.0,4.0,4.0,0,0,0.0,0,0,0,0,0,0,0
2019-11-04,MUFFINS,Mex Choc,0.0,4.0,4.0,0.0,0,4,0.0,0,0,0,0,0,0,0
2019-11-04,MUFFINS,Pump CC,0.0,5.0,5.0,5.0,0,0,0.0,0,0,0,0,0,0,0
2019-11-04,MUFFINS,Cookies,0.0,0.0,0.0,0.0,0,0,0.0,0,0,0,0,0,0,0
2019-11-04,MUFFINS,Bars,0.0,0.0,0.0,0.0,0,0,0.0,0,0,0,0,0,0,0
2019-11-04,MUFFINS,Pies,,,,,0,0,,0,0,0,0,0,0,0
2019-11-04,MUFFINS,oatmeal choc,0.0,30.0,30.0,18.0,10,2,0.0,0,0,0,0,0,0,0
2019-11-04,MUFFINS,triple choc,0.0,30.0,30.0,19.0,9,2,0.0,0,0,0,0,0,0,0
2019-11-04,MUFFINS,snickerdoodle,0.0,30.0,30.0,20.0,10,0,0.0,0,0,0,0,0,0,0
2019-11-04,MUFFINS,Ginger,0.0,13.0,13.0,7.0,0,6,0.0,0,0,0,0,0,0,0
2019-11-04,MUFFINS,frosted sugar,0.0,18.0,18.0,15.0,0,3,0.0,0,0,0,0,0,0,0
2019-11-04,MUFFINS,Pumpkin Bars,0.0,10.0,10.0,10.0,0,0,0.0,0,0,0,0,0,0,0
2019-11-04,MUFFINS,Pump Pie,0.0,0.0,0.0,0.0,0,0,0.0,0,0,0,0,0,0,0
2019-11-04,MUFFINS,Sugar Pie,0.0,0.0,0.0,0.0,0,0,0.0,0,0,0,0,0,0,0
2019-11-04,MUFFINS,Pecan Pie,0.0,0.0,0.0,0.0,0,0,0.0,0,0,0,0,0,0,0
2019-11-04,MUFFINS,AP,0.0,0.0,0.0,0.0,0,0,0.0,0,0,0,0,0,0,0
2019-11-04,MUFFINS,Cr-Ap Pie,0.0,0.0,0.0,0.0,0,0,0.0,0,0,0,0,0,0,0
2019-11-04,MUFFINS,PUMP OHHH,0.0,0.0,0.0,0.0,0,0,0.0,0,0,0,0,0,0,0
2019-11-04,MUFFINS,Bread Pudding,0.0,0.0,0.0,0.0,0,0,0.0,0,0,0,0,0,0,0
2019-11-04,MUFFINS,Totals,0.0,228.0,228.0,176.0,29,23,0.0,0,0,0,0,0,0,0
2019-11-05,BREAD,H,24.0,17.0,41.0,25.0,0,0,16.0,0,0,0,0,0,0,0
2019-11-05,BREAD,FR,5.0,17.0,22.0,5.0,0,0,17.0,0,0,0,0,0,0,0
2019-11-05,BREAD,GW,6.0,4.0,10.0,4.0,0,2,4.0,0,0,0,0,0,0,0
2019-11-05,BREAD,DK,15.0,0.0,15.0,8.0,0,0,7.0,0,0,0,0,0,0,0
2019-11-05,BREAD,H5|Cran,0.0,13.0,13.0,6.0,1,0,6.0,0,7,7,3,0,0,4
2019-11-05,BREAD,CSRWL,5.0,12.0,17.0,12.0,0,0,5.0,4,0,4,4,0,0,0
2019-11-05,BREAD,PUMP PIE SW,7.0,4.0,11.0,8.0,0,0,3.0,1,0,1,1,0,0,0
2019-11-05,BREAD,CB,0.0,11.0,11.0,1.0,0,0,10.0,0,4,4,3,0,0,1
2019-11-05,BREAD,CPBB,0.0,7.0,7.0,3.0,0,0,4.0,0,4,4,4,0,0,0
2019-11-05,BREAD,CNE,1.0,0.0,1.0,1.0,0,0,0.0,2,0,2,2,0,0,0
2019-11-05,BREAD,CNR,0.0,0.0,0.0,0.0,0,0,0.0,0,0,0,0,0,0,0
2019-11-05,BREAD,CNW,0.0,0.0,0.0,0.0,0,0,0.0,0,0,0,0,0,0,0
2019-11-05,BREAD,CG,3.0,0.0,3.0,3.0,0,0,0.0,0,0,0,0,0,0,0
2019-11-05,BREAD,Pesto CG,1.0,0.0,1.0,1.0,0,0,0.0,0,0,0,0,0,0,0
2019-11-05,BREAD,CrO,0.0,18.0,18.0,4.0,0,0,14.0,0,4,4,2,0,0,2
2019-11-05,BREAD,VS,0.0,9.0,9.0,5.0,0,0,4.0,0,3,3,2,0,0,1
2019-11-05,BREAD,STUF,0.0,0.0,0.0,0.0,0,0,0.0,0,0,0,0,0,0,0
2019-11-05,BREAD,SOURDOUGH,3.0,0.0,3.0,3.0,0,0,0.0,0,0,0,0,0,0,0
2019-11-05,BREAD,SOUR JC,4.0,0.0,4.0,4.0,0,0,0.0,0,0,0,0,0,0,0
2019-11-05,BREAD,Sour RG,2.0,0.0,2.0,2.0,0,0,0.0,0,0,0,0,0,0,0
2019-11-05,BREAD,WC,0.0,0.0,0.0,0.0,0,0,0.0,0,0,0,0,0,0,0
2019-11-05,BREAD,Car,0.0,0.0,0.0,0.0,0,0,0.0,0,0,0,0,0,0,0
2019-11-05,BREAD,CB RASP,0.0,8.0,8.0,4.0,0,0,4.0,0,0,0,0,0,0,0
2019-11-05,BREAD,TURKEYS,2.0,0.0,2.0,0.0,0,2,0.0,0,0,0,0,0,0,0
2019-11-05,BREAD,CrO Rls,0.0,0.0,0.0,0.0,0,0,0.0,0,0,0,0,0,0,0
2019-11-05,BREAD,BUT Rls,0.0,0.0,0.0,0.0,0,0,0.0,0,0,0,0,0,0,0
2019-11-05,BREAD,H-RLS,0.0,5.0,5.0,2.0,0,0,3.0,0,0,0,0,0,0,0
2019-11-05,BREAD,FR-RLS,0.0,4.0,4.0,4.0,0,0,0.0,0,0,0,0,0,0,0
2019-11-05,BREAD,VS-RLS,0.0,3.0,3.0,1.0,0,0,2.0,0,0,0,0,0,0,0
2019-11-05,BREAD,Gingerbread,1.0,3.0,4.0,1.0,0,0,3.0,0,0,0,0,0,0,0
2019-11-05,BREAD,Mex Choc,0.0,6.0,6.0,6.0,0,0,0.0,0,0,0,0,0,0,0
2019-11-05,BREAD,Pump CC,0.0,6.0,6.0,5.0,0,0,1.0,0,0,0,0,0,0,0
2019-11-05,ROLLS,Cinnamon,0.0,24.0,24.0,24.0,0,0,0.0,0,0,0,0,0,0,0
2019-11-05,ROLLS,Pump C-R,0.0,12.0,12.0,9.0,0,3,0.0,0,0,0,0,0,0,0
2019-11-05,ROLLS,Take-n-bake,0.0,0.0,0.0,0.0,0,0,0.0,0,0,0,0,0,0,0
2019-11-05,ROLLS,Mini C-Roll,0.0,0.0,0.0,0.0,0,0,0.0,0,0,0,0,0,0,0
2019-11-05,SCONES,Blueberry,0.0,11.0,11.0,9.0,0,2,0.0,0,0,0,0,0,0,0
2019-11-05,SCONES,Rasp Cream,0.0,0.0,0.0,0.0,0,0,0.0,0,0,0,0,0,0,0
2019-11-05,SCONES,Cherry,0.0,0.0,0.0,0.0,0,0,0.0,0,0,0,0,0,0,0
2019-11-05,SCONES,Butt Almond,0.0,0.0,0.0,0.0,0,0,0.0,0,0,0,0,0,0,0
2019-11-05,SCONES,Turtle,0.0,0.0,0.0,0.0,0,0,0.0,0,0,0,0,0,0,0
2019-11-05,SCONES,pb choc,0.0,11.0,11.0,11.0,0,0,0.0,0,0,0,0,0,0,0
2019-11-05,SCONES,Pump Spice,0.0,8.0,8.0,4.0,0,4,0.0,0,0,0,0,0,0,0
2019-11-05,FRUIT BARS,Mixed Berry,0.0,0.0,0.0,0.0,0,0,0.0,0,0,0,0,0,0,0
2019-11-05,FRUIT BARS,Cherry,0.0,0.0,0.0,0.0,0,0,0.0,0,0,0,0,0,0,0
2019-11-05,FRUIT BARS,Apple Cin,0.0,12.0,12.0,12.0,0,0,0.0,0,0,0,0,0,0,0
2019-11-05,FRUIT BARS,MIXED FRUIT,0.0,8.0,8.0,8.0,0,0,0.0,0,0,0,0,0,0,0
2019-11-05,MUFFINS,Gingerbread,0.0,6.0,6.0,4.0,0,2,0.0,0,0,0,0,0,0,0
2019-11-05,MUFFINS,Mex Choc,0.0,8.0,8.0,5.0,0,3,0.0,0,0,0,0,0,0,0
2019-11-05,MUFFINS,Pump CC,0.0,8.0,8.0,5.0,0,3,0.0,0,0,0,0,0,0,0
2019-11-05,MUFFINS,Cookies,0.0,0.0,0.0,0.0,0,0,0.0,0,0,0,0,0,0,0
2019-11-05,MUFFINS,Bars,0.0,0.0,0.0,0.0,0,0,0.0,0,0,0,0,0,0,0
2019-11-05,MUFFINS,Pies,,,,,0,0,,0,0,0,0,0,0,0
2019-11-05,MUFFINS,oatmeal choc,0.0,30.0,30.0,4.0,12,0,14.0,0,0,0,0,0,0,0
2019-11-05,MUFFINS,triple choc,0.0,30.0,30.0,8.0,10,0,12.0,0,0,0,0,0,0,0
2019-11-05,MUFFINS,snickerdoodle,0.0,30.0,30.0,16.0,11,0,3.0,0,0,0,0,0,0,0
2019-11-05,MUFFINS,Ginger,0.0,12.0,12.0,12.0,0,0,0.0,0,0,0,0,0,0,0
2019-11-05,MUFFINS,frosted sugar,0.0,18.0,18.0,5.0,0,0,13.0,0,0,0,0,0,0,0
2019-11-05,MUFFINS,Pumpkin Bars,0.0,8.0,8.0,8.0,0,0,0.0,0,0,0,0,0,0,0
2019-11-05,MUFFINS,Pump Pie,0.0,0.0,0.0,0.0,0,0,0.0,0,0,0,0,0,0,0
2019-11-05,MUFFINS,Sugar Pie,0.0,0.0,0.0,0.0,0,0,0.0,0,0,0,0,0,0,0
2019-11-05,MUFFINS,Pecan Pie,0.0,0.0,0.0,0.0,0,0,0.0,0,0,0,0,0,0,0
2019-11-05,MUFFINS,AP,0.0,0.0,0.0,0.0,0,0,0.0,0,0,0,0,0,0,0
2019-11-05,MUFFINS,Cr-Ap Pie,0.0,0.0,0.0,0.0,0,0,0.0,0,0,0,0,0,0,0
2019-11-05,MUFFINS,PUMP OHHH,0.0,0.0,0.0,0.0,0,0,0.0,0,0,0,0,0,0,0
2019-11-05,MUFFINS,Bread Pudding,0.0,0.0,0.0,0.0,0,0,0.0,0,0,0,0,0,0,0
2019-11-05,MUFFINS,Totals,0.0,236.0,236.0,144.0,33,17,42.0,0,0,0,0,0,0,0
2019-11-06,BREAD,H,16.0,34.0,50.0,24.0,6,1,19.0,0,0,0,0,0,0,0
2019-11-06,BREAD,FR,17.0,13.0,30.0,15.0,0,0,15.0,0,0,0,0,0,0,0
2019-11-06,BREAD,GW,4.0,9.0,13.0,4.0,0,1,8.0,0,0,0,0,0,0,0
2019-11-06,BREAD,DK,7.0,22.0,29.0,12.0,2,0,15.0,0,0,0,0,0,0,0
2019-11-06,BREAD,H5|Cran,6.0,0.0,6.0,3.0,0,0,3.0,4,0,4,4,0,0,0
2019-11-06,BREAD,CSRWL,5.0,12.0,17.0,8.0,0,1,8.0,0,2,2,0,0,0,2
2019-11-06,BREAD,PUMP PIE SW,3.0,12.0,15.0,8.0,0,0,7.0,0,2,2,1,0,0,1
2019-11-06,BREAD,CB,10.0,0.0,10.0,3.0,0,7,0.0,1,0,1,1,0,0,0
2019-11-06,BREAD,CPBB,4.0,0.0,4.0,-1.0,0,5,0.0,0,0,0,0,0,0,0
2019-11-06,BREAD,CNE,0.0,11.0,11.0,6.0,2,0,3.0,0,3,3,0,0,0,3
2019-11-06,BREAD,CNR,0.0,11.0,11.0,5.0,5,0,1.0,0,0,0,0,0,0,0
2019-11-06,BREAD,CNW,0.0,4.0,4.0,1.0,0,0,3.0,0,0,0,0,0,0,0
2019-11-06,BREAD,CG,0.0,9.0,9.0,5.0,2,0,2.0,0,3,3,1,0,0,2
2019-11-06,BREAD,Pesto CG,0.0,6.0,6.0,2.0,0,0,4.0,0,0,0,0,0,0,0
2019-11-06,BREAD,CrO,14.0,0.0,14.0,4.0,0,10,0.0,2,0,2,2,0,0,0
2019-11-06,BREAD,VS,4.0,0.0,4.0,1.0,0,3,0.0,1,0,1,0,0,0,0
2019-11-06,BREAD,STUF,0.0,0.0,0.0,0.0,0,0,0.0,0,0,0,0,0,0,0
2019-11-06,BREAD,SOURDOUGH,0.0,10.0,10.0,2.0,0,0,8.0,0,0,0,0,0,0,0
2019-11-06,BREAD,SOUR JC,0.0,4.0,4.0,0.0,0,0,4.0,0,0,0,0,0,0,0
2019-11-06,BREAD,Sour RG,0.0,4.0,4.0,0.0,0,0,4.0,0,0,0,0,0,0,0
2019-11-06,BREAD,WC,0.0,0.0,0.0,0.0,0,0,0.0,0,0,0,0,0,0,0
2019-11-06,BREAD,CBRasp,4.0,0.0,4.0,3.0,0,1,0.0,0,0,0,0,0,0,0
2019-11-06,BREAD,IHF,0.0,53.0,53.0,53.0,0,0,0.0,0,0,0,0,0,0,0
2019-11-06,BREAD,TURKEYS,0.0,0.0,0.0,0.0,0,0,0.0,0,0,0,0,0,0,0
2019-11-06,BREAD,CrO Rls,0.0,0.0,0.0,0.0,0,0,0.0,0,0,0,0,0,0,0
2019-11-06,BREAD,BUT Rls,0.0,0.0,0.0,0.0,0,0,0.0,0,0,0,0,0,0,0
2019-11-06,BREAD,H-RLS,3.0,0.0,3.0,1.0,0,2,0.0,0,0,0,0,0,0,0
2019-11-06,BREAD,FR-RLS,0.0,4.0,4.0,4.0,0,0,0.0,0,0,0,0,0,0,0
2019-11-06,BREAD,VS-RLS,2.0,0.0,2.0,0.0,0,2,0.0,0,0,0,0,0,0,0
2019-11-06,BREAD,Gingerbread,3.0,1.0,4.0,1.0,0,0,3.0,0,0,0,0,0,0,0
2019-11-06,BREAD,Mex Choc,0.0,6.0,6.0,3.0,0,0,3.0,0,0,0,0,0,0,0
2019-11-06,BREAD,Pump CC,1.0,5.0,6.0,2.0,0,0,4.0,0,0,0,0,0,0,0
2019-11-06,ROLLS,Cinnamon,0.0,24.0,24.0,24.0,0,0,0.0,0,0,0,0,0,0,0
2019-11-06,ROLLS,Pump C-R,0.0,12.0,12.0,12.0,0,0,0.0,0,0,0,0,0,0,0
2019-11-06,ROLLS,Take-n-bake,0.0,0.0,0.0,0.0,0,0,0.0,0,0,0,0,0,0,0
2019-11-06,ROLLS,Mini C-Roll,0.0,0.0,0.0,0.0,0,0,0.0,0,0,0,0,0,0,0
2019-11-06,SCONES,Blueberry,0.0,0.0,0.0,0.0,0,0,0.0,0,0,0,0,0,0,0
2019-11-06,SCONES,Rasp Cream,0.0,11.0,11.0,7.0,4,0,0.0,0,0,0,0,0,0,0
2019-11-06,SCONES,Cherry,0.0,0.0,0.0,0.0,0,0,0.0,0,0,0,0,0,0,0
2019-11-06,SCONES,Butt Almond,0.0,0.0,0.0,0.0,0,0,0.0,0,0,0,0,0,0,0
2019-11-06,SCONES,Turtle,0.0,11.0,11.0,11.0,0,0,0.0,0,0,0,0,0,0,0
2019-11-06,SCONES,pb choc,0.0,0.0,0.0,0.0,0,0,0.0,0,0,0,0,0,0,0
2019-11-06,SCONES,Pump Spice,0.0,10.0,10.0,10.0,0,0,0.0,0,0,0,0,0,0,0
2019-11-06,FRUIT BARS,Mixed Berry,0.0,8.0,8.0,8.0,0,0,0.0,0,0,0,0,0,0,0
2019-11-06,FRUIT BARS,Cherry,0.0,12.0,12.0,12.0,0,0,0.0,0,0,0,0,0,0,0
2019-11-06,FRUIT BARS,Apple Cin,0.0,0.0,0.0,0.0,0,0,0.0,0,0,0,0,0,0,0
2019-11-06,FRUIT BARS,MIXED FRUIT,0.0,0.0,0.0,0.0,0,0,0.0,0,0,0,0,0,0,0
2019-11-06,MUFFINS,Gingerbread,0.0,6.0,6.0,6.0,0,0,0.0,0,0,0,0,0,0,0
2019-11-06,MUFFINS,Mex Choc,0.0,8.0,8.0,8.0,0,0,0.0,0,0,0,0,0,0,0
2019-11-06,MUFFINS,Pump CC,0.0,10.0,10.0,10.0,0,0,0.0,0,0,0,0,0,0,0
2019-11-06,MUFFINS,Cookies,0.0,0.0,0.0,0.0,0,0,0.0,0,0,0,0,0,0,0
2019-11-06,MUFFINS,Bars,0.0,0.0,0.0,0.0,0,0,0.0,0,0,0,0,0,0,0
2019-11-06,MUFFINS,Pies,,,,,0,0,,0,0,0,0,0,0,0
2019-11-06,MUFFINS,oatmeal choc,14.0,30.0,44.0,15.0,11,0,18.0,0,8,8,0,0,0,0
2019-11-06,MUFFINS,triple choc,12.0,18.0,30.0,6.0,11,6,7.0,0,8,8,0,0,0,0
2019-11-06,MUFFINS,snickerdoodle,3.0,30.0,33.0,16.0,11,0,6.0,0,8,8,0,0,0,0
2019-11-06,MUFFINS,Ginger,0.0,18.0,18.0,12.0,0,0,6.0,0,0,0,0,0,0,0
2019-11-06,MUFFINS,frosted sugar,13.0,0.0,13.0,10.0,0,0,3.0,0,0,0,0,0,0,0
2019-11-06,MUFFINS,Pumpkin Bars,0.0,10.0,10.0,10.0,0,0,0.0,0,0,0,0,0,0,0
2019-11-06,MUFFINS,Pump Pie,0.0,0.0,0.0,0.0,0,0,0.0,0,0,0,0,0,0,0
2019-11-06,MUFFINS,Sugar Pie,0.0,0.0,0.0,0.0,0,0,0.0,0,0,0,0,0,0,0
2019-11-06,MUFFINS,Pecan Pie,0.0,0.0,0.0,0.0,0,0,0.0,0,0,0,0,0,0,0
2019-11-06,MUFFINS,AP,0.0,0.0,0.0,0.0,0,0,0.0,0,0,0,0,0,0,0
2019-11-06,MUFFINS,Cr-Ap Pie,0.0,0.0,0.0,0.0,0,0,0.0,0,0,0,0,0,0,0
2019-11-06,MUFFINS,PUMP OHHH,0.0,0.0,0.0,0.0,0,0,0.0,0,0,0,0,0,0,0
2019-11-06,MUFFINS,Bread Pudding,0.0,0.0,0.0,0.0,0,0,0.0,0,0,0,0,0,0,0
2019-11-06,MUFFINS,Totals,42.0,218.0,260.0,177.0,37,6,40.0,0,24,24,0,0,0,0
2019-11-07,BREAD,H,19.0,0.0,19.0,-3.0,0,1,21.0,0,0,0,0,0,0,0
2019-11-07,BREAD,FR,15.0,0.0,15.0,-26.0,35,1,5.0,0,0,0,0,0,0,0
2019-11-07,BREAD,GW,8.0,11.0,19.0,7.0,0,3,9.0,0,0,0,0,0,0,0
2019-11-07,BREAD,DK,15.0,0.0,15.0,6.0,0,0,9.0,0,0,0,0,0,0,0
2019-11-07,BREAD,H5|Cran,3.0,14.0,17.0,2.0,0,1,14.0,0,7,7,0,0,0,7
2019-11-07,BREAD,CSRWL,8.0,12.0,20.0,8.0,4,2,6.0,2,0,2,2,0,0,0
2019-11-07,BREAD,PUMP PIE SW,7.0,8.0,15.0,5.0,2,2,6.0,1,0,1,-1,0,0,2
2019-11-07,BREAD,CB,0.0,8.0,8.0,1.0,1,0,6.0,0,3,3,1,0,0,2
2019-11-07,BREAD,CPBB,0.0,6.0,6.0,0.0,0,0,6.0,0,3,3,1,0,0,2
2019-11-07,BREAD,CNE,3.0,0.0,3.0,1.0,0,2,0.0,3,0,3,3,0,0,0
2019-11-07,BREAD,CNR,1.0,0.0,1.0,1.0,0,0,0.0,0,0,0,0,0,0,0
2019-11-07,BREAD,CNW,3.0,0.0,3.0,1.0,0,2,0.0,0,0,0,0,0,0,0
2019-11-07,BREAD,CG,2.0,0.0,2.0,2.0,0,0,0.0,2,0,2,1,0,0,0
2019-11-07,BREAD,Pesto CG,4.0,0.0,4.0,3.0,0,1,0.0,0,0,0,0,0,0,0
2019-11-07,BREAD,CrO,0.0,18.0,18.0,5.0,0,0,13.0,0,5,5,3,0,0,2
2019-11-07,BREAD,VS,0.0,15.0,15.0,4.0,0,0,11.0,0,3,3,3,0,0,0
2019-11-07,BREAD,STUF,0.0,34.0,34.0,25.0,0,0,9.0,0,0,0,0,0,0,0
2019-11-07,BREAD,SOURDOUGH,8.0,0.0,8.0,4.0,0,0,4.0,0,0,0,0,0,0,0
2019-11-07,BREAD,SOUR JC,4.0,0.0,4.0,2.0,0,2,0.0,0,0,0,0,0,0,0
2019-11-07,BREAD,Sour RG,4.0,0.0,4.0,0.0,0,2,2.0,0,0,0,0,0,0,0
2019-11-07,BREAD,WC,0.0,0.0,0.0,0.0,0,0,0.0,0,0,0,0,0,0,0
2019-11-07,BREAD,Car,0.0,0.0,0.0,0.0,0,0,0.0,0,0,0,0,0,0,0
2019-11-07,BREAD,IHF,0.0,0.0,0.0,-1.0,0,1,0.0,0,0,0,0,0,0,0
2019-11-07,BREAD,TURKEYS,0.0,0.0,0.0,0.0,0,0,0.0,0,0,0,0,0,0,0
2019-11-07,BREAD,CrO Rls,0.0,0.0,0.0,0.0,0,0,0.0,0,0,0,0,0,0,0
2019-11-07,BREAD,BUT Rls,0.0,0.0,0.0,0.0,0,0,0.0,0,0,0,0,0,0,0
2019-11-07,BREAD,H-RLS,0.0,0.0,0.0,-6.0,2,0,4.0,0,0,0,0,0,0,0
2019-11-07,BREAD,FR-RLS,0.0,0.0,0.0,-5.0,2,0,3.0,0,0,0,0,0,0,0
2019-11-07,BREAD,VS-RLS,0.0,5.0,5.0,1.0,2,0,2.0,0,0,0,0,0,0,0
2019-11-07,BREAD,Gingerbread,3.0,2.0,5.0,3.0,0,2,0.0,0,0,0,0,0,0,0
2019-11-07,BREAD,Mex Choc,3.0,4.0,7.0,5.0,0,2,0.0,0,0,0,0,0,0,0
2019-11-07,BREAD,Pump CC,4.0,4.0,8.0,8.0,0,0,0.0,0,0,0,0,0,0,0
2019-11-07,BREAD,Blu Stru,0.0,12.0,12.0,2.0,8,0,2.0,0,0,0,0,0,0,0
2019-11-07,ROLLS,Cinnamon,0.0,24.0,24.0,20.0,0,4,0.0,0,0,0,0,0,0,0
2019-11-07,ROLLS,Pump C-R,0.0,12.0,12.0,12.0,0,0,0.0,0,0,0,0,0,0,0
2019-11-07,ROLLS,Take-n-bake,0.0,0.0,0.0,0.0,0,0,0.0,0,0,0,0,0,0,0
2019-11-07,ROLLS,Mini C-Roll,0.0,0.0,0.0,0.0,0,0,0.0,0,0,0,0,0,0,0
2019-11-07,SCONES,Blueberry,0.0,21.0,21.0,14.0,0,7,0.0,0,15,15,0,0,0,0
2019-11-07,SCONES,Rasp Cream,0.0,0.0,0.0,0.0,0,0,0.0,0,0,0,0,0,0,0
2019-11-07,SCONES,Cherry,0.0,0.0,0.0,0.0,0,0,0.0,0,0,0,0,0,0,0
2019-11-07,SCONES,Turtle,0.0,17.0,17.0,8.0,0,9,0.0,0,15,15,0,0,0,0
2019-11-07,SCONES,Pump Spice,0.0,11.0,11.0,6.0,0,5,0.0,0,10,10,0,0,0,0
2019-11-07,FRUIT BARS,Mixed Berry,0.0,8.0,8.0,3.0,3,2,0.0,0,0,0,0,0,0,0
2019-11-07,FRUIT BARS,Cherry,0.0,12.0,12.0,4.0,5,3,0.0,0,0,0,0,0,0,0
2019-11-07,FRUIT BARS,Apple Cin,0.0,12.0,12.0,3.0,5,4,0.0,0,0,0,0,0,0,0
2019-11-07,FRUIT BARS,MIXED FRUIT,0.0,8.0,8.0,3.0,3,2,0.0,0,0,0,0,0,0,0
2019-11-07,MUFFINS,Gingerbread,0.0,6.0,6.0,1.0,0,5,0.0,0,44,44,0,0,0,0
2019-11-07,MUFFINS,Mex Choc,0.0,6.0,6.0,1.0,0,5,0.0,0,0,0,0,0,0,0
2019-11-07,MUFFINS,PumpCrmb,0.0,0.0,0.0,0.0,0,0,0.0,0,44,44,0,0,0,0
2019-11-07,MUFFINS,Bluestru,0.0,6.0,6.0,1.0,0,5,0.0,0,24,24,0,0,0,0
2019-11-07,MUFFINS,Pump CC,0.0,8.0,8.0,7.0,0,1,0.0,0,0,0,0,0,0,0
2019-11-07,MUFFINS,Cookies,0.0,0.0,0.0,0.0,0,0,0.0,0,0,0,0,0,0,0
2019-11-07,MUFFINS,Bars,0.0,0.0,0.0,0.0,0,0,0.0,0,0,0,0,0,0,0
2019-11-07,MUFFINS,Pies,,,,,0,0,,0,0,0,0,0,0,0
2019-11-07,MUFFINS,oatmeal choc,18.0,24.0,42.0,19.0,0,0,23.0,0,0,0,0,0,0,0
2019-11-07,MUFFINS,triple choc,7.0,12.0,19.0,12.0,0,0,7.0,0,0,0,0,0,0,0
2019-11-07,MUFFINS,snickerdoodle,6.0,18.0,24.0,16.0,0,0,8.0,0,0,0,0,0,0,0
2019-11-07,MUFFINS,Ginger,6.0,12.0,18.0,5.0,0,0,13.0,0,0,0,0,0,0,0
2019-11-07,MUFFINS,frosted sugar,3.0,18.0,21.0,8.0,0,0,13.0,0,0,0,0,0,0,0
2019-11-07,MUFFINS,Pumpkin Bars,0.0,8.0,8.0,7.0,0,0,1.0,0,0,0,0,0,0,0
2019-11-07,MUFFINS,Pump Pie,0.0,0.0,0.0,0.0,0,0,0.0,0,0,0,0,0,0,0
2019-11-07,MUFFINS,Sugar Pie,0.0,0.0,0.0,0.0,0,0,0.0,0,0,0,0,0,0,0
2019-11-07,MUFFINS,Pecan Pie,0.0,0.0,0.0,0.0,0,0,0.0,0,0,0,0,0,0,0
2019-11-07,MUFFINS,AP,0.0,0.0,0.0,0.0,0,0,0.0,0,0,0,0,0,0,0
2019-11-07,MUFFINS,Cr-Ap Pie,0.0,0.0,0.0,0.0,0,0,0.0,0,0,0,0,0,0,0
2019-11-07,MUFFINS,PUMP OHHH,0.0,0.0,0.0,0.0,0,0,0.0,0,0,0,0,0,0,0
2019-11-07,MUFFINS,Bread Pudding,0.0,0.0,0.0,0.0,0,0,0.0,0,0,0,0,0,0,0
2019-11-07,MUFFINS,Totals,40.0,243.0,283.0,150.0,16,52,65.0,0,152,152,0,0,0,0
2019-11-08,BREAD,H,21.0,26.0,47.0,24.0,3,0,20.0,0,0,0,0,0,0,0
2019-11-08,BREAD,FR,5.0,38.0,43.0,28.0,1,0,14.0,0,0,0,0,0,0,0
2019-11-08,BREAD,GW,9.0,6.0,15.0,5.0,0,6,4.0,0,0,0,0,0,0,0
2019-11-08,BREAD,DK,9.0,15.0,24.0,11.0,0,0,13.0,0,0,0,0,0,0,0
2019-11-08,BREAD,H5|Cran,14.0,0.0,14.0,8.0,0,0,6.0,7,0,7,6,0,0,1
2019-11-08,BREAD,CSRWL,6.0,16.0,22.0,16.0,3,0,3.0,0,3,3,2,0,0,0
2019-11-08,BREAD,PUMP PIE SW,6.0,8.0,14.0,10.0,0,0,4.0,2,0,2,2,0,0,0
2019-11-08,BREAD,CB,6.0,0.0,6.0,2.0,0,4,0.0,2,0,2,2,0,0,0
2019-11-08,BREAD,CPBB,6.0,0.0,6.0,0.0,0,6,0.0,2,0,2,0,0,0,0
2019-11-08,BREAD,CNE,0.0,16.0,16.0,12.0,0,0,4.0,0,3,3,1,0,0,2
2019-11-08,BREAD,CNR,0.0,6.0,6.0,1.0,0,0,5.0,0,0,0,0,0,0,0
2019-11-08,BREAD,CNW,0.0,5.0,5.0,1.0,0,0,4.0,0,0,0,0,0,0,0
2019-11-08,BREAD,CG,0.0,8.0,8.0,5.0,2,0,1.0,0,4,4,2,0,0,2
2019-11-08,BREAD,Pesto CG,0.0,6.0,6.0,5.0,0,0,1.0,0,0,0,0,0,0,0
2019-11-08,BREAD,CrO,13.0,0.0,13.0,4.0,0,9,0.0,2,0,2,2,0,0,0
2019-11-08,BREAD,VS,11.0,0.0,11.0,11.0,0,0,0.0,0,0,0,0,0,0,0
2019-11-08,BREAD,STUF,9.0,0.0,9.0,3.0,0,6,0.0,0,0,0,0,0,0,0
2019-11-08,BREAD,SOURDOUGH,4.0,10.0,14.0,7.0,0,0,7.0,0,0,0,0,0,0,0
2019-11-08,BREAD,SOUR JC,0.0,6.0,6.0,2.0,0,0,4.0,0,0,0,0,0,0,0
2019-11-08,BREAD,Sour RG,2.0,6.0,8.0,5.0,0,0,3.0,0,0,0,0,0,0,0
2019-11-08,BREAD,WC,0.0,0.0,0.0,0.0,0,0,0.0,0,0,0,0,0,0,0
2019-11-08,BREAD,Car,0.0,0.0,0.0,0.0,0,0,0.0,0,0,0,0,0,0,0
2019-11-08,BREAD,IHF,0.0,0.0,0.0,0.0,0,0,0.0,0,0,0,0,0,0,0
2019-11-08,BREAD,TURKEYS,0.0,0.0,0.0,0.0,0,0,0.0,0,0,0,0,0,0,0
2019-11-08,BREAD,CrO Rls,0.0,0.0,0.0,0.0,0,0,0.0,0,0,0,0,0,0,0
2019-11-08,BREAD,BUT Rls,0.0,14.0,14.0,7.0,0,0,7.0,0,0,0,0,0,0,0
2019-11-08,BREAD,H-RLS,4.0,14.0,18.0,8.0,0,2,8.0,0,0,0,0,0,0,0
2019-11-08,BREAD,FR-RLS,3.0,0.0,3.0,3.0,0,0,0.0,0,0,0,0,0,0,0
2019-11-08,BREAD,VS-RLS,2.0,0.0,2.0,2.0,0,0,0.0,0,0,0,0,0,0,0
2019-11-08,BREAD,Gingerbread,0.0,6.0,6.0,0.0,0,0,6.0,0,0,0,0,0,0,0
2019-11-08,BREAD,Mex Choc,0.0,6.0,6.0,-1.0,0,1,6.0,0,0,0,0,0,0,0
2019-11-08,BREAD,Pump CC,0.0,9.0,9.0,6.0,1,0,2.0,0,0,0,0,0,0,0
2019-11-08,BREAD,Blu Stru,2.0,2.0,4.0,4.0,0,0,0.0,0,0,0,0,0,0,0
2019-11-08,ROLLS,Cinnamon,0.0,36.0,36.0,24.0,12,0,0.0,0,0,0,0,0,0,0
2019-11-08,ROLLS,Pump C-R,0.0,24.0,24.0,17.0,0,7,0.0,0,0,0,0,0,0,0
2019-11-08,ROLLS,Take-n-bake,0.0,0.0,0.0,0.0,0,0,0.0,0,0,0,0,0,0,0
2019-11-08,ROLLS,Mini C-Roll,0.0,24.0,24.0,0.0,24,0,0.0,0,0,0,0,0,0,0
2019-11-08,SCONES,Blueberry,0.0,0.0,0.0,0.0,0,0,0.0,0,0,0,0,0,0,0
2019-11-08,SCONES,Rasp Cream,0.0,0.0,0.0,0.0,0,0,0.0,0,0,0,0,0,0,0
2019-11-08,SCONES,Cherry,0.0,18.0,18.0,14.0,4,0,0.0,0,0,0,0,0,0,0
2019-11-08,SCONES,Butt Almond,0.0,17.0,17.0,11.0,0,6,0.0,0,0,0,0,0,0,0
2019-11-08,SCONES,Turtle,0.0,0.0,0.0,0.0,0,0,0.0,0,0,0,0,0,0,0
2019-11-08,SCONES,pb choc,0.0,0.0,0.0,0.0,0,0,0.0,0,0,0,0,0,0,0
2019-11-08,SCONES,Pump Spice,0.0,10.0,10.0,7.0,0,3,0.0,0,0,0,0,0,0,0
2019-11-08,FRUIT BARS,Mixed Berry,0.0,8.0,8.0,6.0,0,2,0.0,0,0,0,0,0,0,0
2019-11-08,FRUIT BARS,Cherry,0.0,12.0,12.0,12.0,0,0,0.0,0,0,0,0,0,0,0
2019-11-08,FRUIT BARS,Apple Cin,0.0,0.0,0.0,0.0,0,0,0.0,0,0,0,0,0,0,0
2019-11-08,FRUIT BARS,MIXED FRUIT,0.0,0.0,0.0,0.0,0,0,0.0,0,0,0,0,0,0,0
2019-11-08,MUFFINS,Gingerbread,0.0,6.0,6.0,3.0,0,3,0.0,0,0,0,0,0,0,0
2019-11-08,MUFFINS,Mex Choc,0.0,6.0,6.0,2.0,0,4,0.0,0,0,0,0,0,0,0
2019-11-08,MUFFINS,Pump CC,0.0,8.0,8.0,6.0,0,2,0.0,0,0,0,0,0,0,0
2019-11-08,MUFFINS,Cookies,0.0,0.0,0.0,0.0,0,0,0.0,0,0,0,0,0,0,0
2019-11-08,MUFFINS,Bars,0.0,0.0,0.0,0.0,0,0,0.0,0,0,0,0,0,0,0
2019-11-08,MUFFINS,Pies,,,,,0,0,,0,0,0,0,0,0,0
2019-11-08,MUFFINS,oatmeal choc,23.0,0.0,23.0,21.0,2,0,0.0,0,10,10,0,0,0,0
2019-11-08,MUFFINS,triple choc,7.0,18.0,25.0,23.0,2,0,0.0,0,10,10,0,0,0,0
2019-11-08,MUFFINS,snickerdoodle,8.0,12.0,20.0,18.0,2,0,0.0,0,10,10,0,0,0,0
2019-11-08,MUFFINS,Ginger,13.0,0.0,13.0,13.0,0,0,0.0,0,6,6,0,0,0,0
2019-11-08,MUFFINS,frosted sugar,13.0,10.0,23.0,10.0,0,0,13.0,0,0,0,0,0,0,0
2019-11-08,MUFFINS,Pumpkin Bars,1.0,7.0,8.0,8.0,0,0,0.0,0,0,0,0,0,0,0
2019-11-08,MUFFINS,Pump Pie,0.0,8.0,8.0,8.0,0,0,0.0,0,0,0,0,0,0,0
2019-11-08,MUFFINS,Sugar Pie,0.0,0.0,0.0,0.0,0,0,0.0,0,0,0,0,0,0,0
2019-11-08,MUFFINS,Pecan Pie,0.0,0.0,0.0,0.0,0,0,0.0,0,0,0,0,0,0,0
2019-11-08,MUFFINS,AP,0.0,0.0,0.0,0.0,0,0,0.0,0,0,0,0,0,0,0
2019-11-08,MUFFINS,Cr-Ap Pie,0.0,0.0,0.0,0.0,0,0,0.0,0,0,0,0,0,0,0
2019-11-08,MUFFINS,PUMP OHHH,0.0,0.0,0.0,0.0,0,0,0.0,0,0,0,0,0,0,0
2019-11-08,MUFFINS,Bread Pudding,0.0,0.0,0.0,0.0,0,0,0.0,0,0,0,0,0,0,0
2019-11-08,MUFFINS,Totals,65.0,224.0,289.0,203.0,46,27,13.0,0,36,36,0,0,0,0
2019-11-09,BREAD,H,20.0,0.0,20.0,14.0,0,6,0.0,0,0,0,0,0,0,0
2019-11-09,BREAD,FR,14.0,0.0,14.0,11.0,0,3,0.0,0,0,0,0,0,0,0
2019-11-09,BREAD,GW,4.0,5.0,9.0,4.0,0,5,0.0,0,0,0,0,0,0,0
2019-11-09,BREAD,DK,13.0,0.0,13.0,9.0,0,4,0.0,0,0,0,0,0,0,0
2019-11-09,BREAD,H5|Cran,6.0,0.0,6.0,-1.0,0,7,0.0,1,0,1,1,0,0,0
2019-11-09,BREAD,CSRWL,3.0,13.0,16.0,12.0,0,4,0.0,0,2,2,2,0,0,0
2019-11-09,BREAD,PUMP PIE SW,4.0,4.0,8.0,5.0,0,3,0.0,0,2,2,1,0,0,0
2019-11-09,BREAD,CB,0.0,6.0,6.0,5.0,0,1,0.0,0,2,2,2,0,0,0
2019-11-09,BREAD,CPBB,0.0,0.0,0.0,0.0,0,0,0.0,0,0,0,0,0,0,0
2019-11-09,BREAD,CNE,4.0,0.0,4.0,4.0,0,0,0.0,2,0,2,2,0,0,0
2019-11-09,BREAD,CNR,5.0,0.0,5.0,5.0,0,0,0.0,0,0,0,0,0,0,0
2019-11-09,BREAD,CNW,4.0,0.0,4.0,4.0,0,0,0.0,0,0,0,0,0,0,0
2019-11-09,BREAD,CG,1.0,0.0,1.0,1.0,0,0,0.0,2,0,2,2,0,0,0
2019-11-09,BREAD,Pesto CG,1.0,0.0,1.0,1.0,0,0,0.0,0,0,0,0,0,0,0
2019-11-09,BREAD,CrO,0.0,7.0,7.0,7.0,0,0,0.0,0,2,2,2,0,0,0
2019-11-09,BREAD,VS,0.0,8.0,8.0,8.0,0,0,0.0,0,2,2,2,0,0,0
2019-11-09,BREAD,STUF,0.0,0.0,0.0,0.0,0,0,0.0,0,0,0,0,0,0,0
2019-11-09,BREAD,SOURDOUGH,7.0,0.0,7.0,5.0,0,2,0.0,0,0,0,0,0,0,0
2019-11-09,BREAD,SOUR JC,4.0,0.0,4.0,4.0,0,0,0.0,0,0,0,0,0,0,0
2019-11-09,BREAD,Sour RG,3.0,0.0,3.0,2.0,0,1,0.0,0,0,0,0,0,0,0
2019-11-09,BREAD,WC,0.0,0.0,0.0,0.0,0,0,0.0,0,0,0,0,0,0,0
2019-11-09,BREAD,Car,0.0,0.0,0.0,0.0,0,0,0.0,0,0,0,0,0,0,0
2019-11-09,BREAD,IHF,0.0,0.0,0.0,0.0,0,0,0.0,0,0,0,0,0,0,0
2019-11-09,BREAD,TURKEYS,0.0,0.0,0.0,0.0,0,0,0.0,0,0,0,0,0,0,0
2019-11-09,BREAD,CrO Rls,0.0,0.0,0.0,0.0,0,0,0.0,0,0,0,0,0,0,0
2019-11-09,BREAD,BUT Rls,7.0,0.0,7.0,5.0,0,2,0.0,0,0,0,0,0,0,0
2019-11-09,BREAD,H-RLS,8.0,0.0,8.0,3.0,0,5,0.0,0,0,0,0,0,0,0
2019-11-09,BREAD,FR-RLS,0.0,0.0,0.0,0.0,0,0,0.0,0,0,0,0,0,0,0
2019-11-09,BREAD,VS-RLS,0.0,3.0,3.0,3.0,0,0,0.0,0,0,0,0,0,0,0
2019-11-09,BREAD,Gingerbread,6.0,0.0,6.0,1.0,0,5,0.0,0,0,0,0,0,0,0
2019-11-09,BREAD,Mex Choc,6.0,0.0,6.0,3.0,0,3,0.0,0,0,0,0,0,0,0
2019-11-09,BREAD,Pump CC,2.0,0.0,2.0,1.0,1,0,0.0,0,0,0,0,0,0,0
2019-11-09,ROLLS,Cinnamon,0.0,36.0,36.0,34.0,2,0,0.0,0,0,0,0,0,0,0
2019-11-09,ROLLS,Pump C-R,0.0,24.0,24.0,24.0,0,0,0.0,0,0,0,0,0,0,0
2019-11-09,ROLLS,Take-n-bake,0.0,0.0,0.0,0.0,0,0,0.0,0,0,0,0,0,0,0
2019-11-09,ROLLS,Mini C-Roll,0.0,48.0,48.0,0.0,48,0,0.0,0,0,0,0,0,0,0
2019-11-09,SCONES,Blueberry,0.0,18.0,18.0,17.0,0,1,0.0,0,0,0,0,0,0,0
2019-11-09,SCONES,Rasp Cream,0.0,0.0,0.0,0.0,0,0,0.0,0,0,0,0,0,0,0
2019-11-09,SCONES,Cherry,0.0,0.0,0.0,0.0,0,0,0.0,0,0,0,0,0,0,0
2019-11-09,SCONES,Butt Almond,0.0,15.0,15.0,13.0,0,2,0.0,0,0,0,0,0,0,0
2019-11-09,SCONES,Turtle,0.0,0.0,0.0,0.0,0,0,0.0,0,0,0,0,0,0,0
2019-11-09,SCONES,pb choc,0.0,0.0,0.0,0.0,0,0,0.0,0,0,0,0,0,0,0
2019-11-09,SCONES,Pump Spice,0.0,12.0,12.0,10.0,0,2,0.0,0,0,0,0,0,0,0
2019-11-09,FRUIT BARS,Mixed Berry,0.0,0.0,0.0,0.0,0,0,0.0,0,0,0,0,0,0,0
2019-11-09,FRUIT BARS,Cherry,0.0,0.0,0.0,0.0,0,0,0.0,0,0,0,0,0,0,0
2019-11-09,FRUIT BARS,Apple Cin,0.0,12.0,12.0,10.0,0,2,0.0,0,0,0,0,0,0,0
2019-11-09,FRUIT BARS,MIXED FRUIT,0.0,8.0,8.0,3.0,0,5,0.0,0,0,0,0,0,0,0
2019-11-09,MUFFINS,Gingerbread,0.0,6.0,6.0,3.0,0,3,0.0,0,0,0,0,0,0,0
2019-11-09,MUFFINS,Mex Choc,0.0,8.0,8.0,6.0,0,2,0.0,0,0,0,0,0,0,0
2019-11-09,MUFFINS,Pump CC,0.0,10.0,10.0,10.0,0,0,0.0,0,0,0,0,0,0,0
2019-11-09,MUFFINS,Cookies,0.0,0.0,0.0,0.0,0,0,0.0,0,0,0,0,0,0,0
2019-11-09,MUFFINS,Bars,0.0,0.0,0.0,0.0,0,0,0.0,0,0,0,0,0,0,0
2019-11-09,MUFFINS,Pies,,,,,0,0,,0,0,0,0,0,0,0
2019-11-09,MUFFINS,oatmeal choc,0.0,12.0,12.0,6.0,6,0,0.0,0,0,0,0,0,0,0
2019-11-09,MUFFINS,triple choc,0.0,12.0,12.0,6.0,6,0,0.0,0,0,0,0,0,0,0
2019-11-09,MUFFINS,snickerdoodle,0.0,12.0,12.0,6.0,6,0,0.0,0,0,0,0,0,0,0
2019-11-09,MUFFINS,Ginger,0.0,12.0,12.0,7.0,5,0,0.0,0,0,0,0,0,0,0
2019-11-09,MUFFINS,frosted sugar,13.0,0.0,13.0,13.0,0,0,0.0,0,0,0,0,0,0,0
2019-11-09,MUFFINS,Pumpkin Bars,0.0,6.0,6.0,6.0,0,0,0.0,0,0,0,0,0,0,0
2019-11-09,MUFFINS,Pump Pie,0.0,0.0,0.0,-6.0,0,0,6.0,0,0,0,0,0,0,0
2019-11-09,MUFFINS,Sugar Pie,0.0,0.0,0.0,0.0,0,0,0.0,0,0,0,0,0,0,0
2019-11-09,MUFFINS,Pecan Pie,0.0,0.0,0.0,-1.0,0,0,1.0,0,0,0,0,0,0,0
2019-11-09,MUFFINS,AP,0.0,0.0,0.0,0.0,0,0,0.0,0,0,0,0,0,0,0
2019-11-09,MUFFINS,Cr-Ap Pie,0.0,0.0,0.0,0.0,0,0,0.0,0,0,0,0,0,0,0
2019-11-09,MUFFINS,PUMP OHHH,0.0,0.0,0.0,-5.0,0,0,5.0,0,0,0,-5,0,0,5
2019-11-09,MUFFINS,Bread Pudding,0.0,0.0,0.0,0.0,0,0,0.0,0,0,0,0,0,0,0
2019-11-09,MUFFINS,Totals,13.0,251.0,264.0,162.0,73,17,12.0,0,0,0,-5,0,0,5
2019-11-10,BREAD,H,0.0,0.0,0.0,0.0,0,0,0.0,0,0,0,0,0,0,0
2019-11-10,BREAD,FR,0.0,0.0,0.0,0.0,0,0,0.0,0,0,0,0,0,0,0
2019-11-10,BREAD,GW,0.0,0.0,0.0,0.0,0,0,0.0,0,0,0,0,0,0,0
2019-11-10,BREAD,DK,0.0,0.0,0.0,0.0,0,0,0.0,0,0,0,0,0,0,0
2019-11-10,BREAD,H5|Cran,0.0,0.0,0.0,0.0,0,0,0.0,0,0,0,0,0,0,0
2019-11-10,BREAD,CSRWL,0.0,0.0,0.0,0.0,0,0,0.0,0,0,0,0,0,0,0
2019-11-10,BREAD,PUMP PIE SW,0.0,0.0,0.0,0.0,0,0,0.0,0,0,0,0,0,0,0
2019-11-10,BREAD,CB,0.0,0.0,0.0,0.0,0,0,0.0,0,0,0,0,0,0,0
2019-11-10,BREAD,CNE,0.0,0.0,0.0,0.0,0,0,0.0,0,0,0,0,0,0,0
2019-11-10,BREAD,CNR,0.0,0.0,0.0,0.0,0,0,0.0,0,0,0,0,0,0,0
2019-11-10,BREAD,CNW,0.0,0.0,0.0,0.0,0,0,0.0,0,0,0,0,0,0,0
2019-11-10,BREAD,CG,0.0,0.0,0.0,0.0,0,0,0.0,0,0,0,0,0,0,0
2019-11-10,BREAD,Pesto CG,0.0,0.0,0.0,0.0,0,0,0.0,0,0,0,0,0,0,0
2019-11-10,BREAD,CrO,0.0,0.0,0.0,0.0,0,0,0.0,0,0,0,0,0,0,0
2019-11-10,BREAD,VS,0.0,0.0,0.0,0.0,0,0,0.0,0,0,0,0,0,0,0
2019-11-10,BREAD,STUF,0.0,0.0,0.0,0.0,0,0,0.0,0,0,0,0,0,0,0
2019-11-10,BREAD,SOURDOUGH,0.0,0.0,0.0,0.0,0,0,0.0,0,0,0,0,0,0,0
2019-11-10,BREAD,SOUR JC,0.0,0.0,0.0,0.0,0,0,0.0,0,0,0,0,0,0,0
2019-11-10,BREAD,Sour RG,0.0,0.0,0.0,0.0,0,0,0.0,0,0,0,0,0,0,0
2019-11-10,BREAD,WC,0.0,0.0,0.0,0.0,0,0,0.0,0,0,0,0,0,0,0
2019-11-10,BREAD,Car,0.0,0.0,0.0,0.0,0,0,0.0,0,0,0,0,0,0,0
2019-11-10,BREAD,IHF,0.0,0.0,0.0,0.0,0,0,0.0,0,0,0,0,0,0,0
2019-11-10,BREAD,TURKEYS,0.0,0.0,0.0,0.0,0,0,0.0,0,0,0,0,0,0,0
2019-11-10,BREAD,CrO Rls,0.0,0.0,0.0,0.0,0,0,0.0,0,0,0,0,0,0,0
2019-11-10,BREAD,BUT Rls,0.0,0.0,0.0,0.0,0,0,0.0,0,0,0,0,0,0,0
2019-11-10,BREAD,H-RLS,0.0,0.0,0.0,0.0,0,0,0.0,0,0,0,0,0,0,0
2019-11-10,BREAD,FR-RLS,0.0,0.0,0.0,0.0,0,0,0.0,0,0,0,0,0,0,0
2019-11-10,BREAD,VS-RLS,0.0,0.0,0.0,0.0,0,0,0.0,0,0,0,0,0,0,0
2019-11-10,BREAD,Gingerbread,0.0,0.0,0.0,0.0,0,0,0.0,0,0,0,0,0,0,0
2019-11-10,BREAD,Mex Choc,0.0,0.0,0.0,0.0,0,0,0.0,0,0,0,0,0,0,0
2019-11-10,BREAD,Pump CC,0.0,0.0,0.0,0.0,0,0,0.0,0,0,0,0,0,0,0
2019-11-10,ROLLS,Cinnamon,0.0,0.0,0.0,0.0,0,0,0.0,0,0,0,0,0,0,0
2019-11-10,ROLLS,Pump C-R,0.0,0.0,0.0,0.0,0,0,0.0,0,0,0,0,0,0,0
2019-11-10,ROLLS,Take-n-bake,0.0,0.0,0.0,0.0,0,0,0.0,0,0,0,0,0,0,0
2019-11-10,ROLLS,Mini C-Roll,0.0,0.0,0.0,0.0,0,0,0.0,0,0,0,0,0,0,0
2019-11-10,SCONES,Blueberry,0.0,0.0,0.0,0.0,0,0,0.0,0,0,0,0,0,0,0
2019-11-10,SCONES,Rasp Cream,0.0,0.0,0.0,0.0,0,0,0.0,0,0,0,0,0,0,0
2019-11-10,SCONES,Cherry,0.0,0.0,0.0,0.0,0,0,0.0,0,0,0,0,0,0,0
2019-11-10,SCONES,Butt Almond,0.0,0.0,0.0,0.0,0,0,0.0,0,0,0,0,0,0,0
2019-11-10,SCONES,Turtle,0.0,0.0,0.0,0.0,0,0,0.0,0,0,0,0,0,0,0
2019-11-10,SCONES,pb choc,0.0,0.0,0.0,0.0,0,0,0.0,0,0,0,0,0,0,0
2019-11-10,SCONES,Pump Spice,0.0,0.0,0.0,0.0,0,0,0.0,0,0,0,0,0,0,0
2019-11-10,FRUIT BARS,Mixed Berry,0.0,0.0,0.0,0.0,0,0,0.0,0,0,0,0,0,0,0
2019-11-10,FRUIT BARS,Cherry,0.0,0.0,0.0,0.0,0,0,0.0,0,0,0,0,0,0,0
2019-11-10,FRUIT BARS,Apple Cin,0.0,0.0,0.0,0.0,0,0,0.0,0,0,0,0,0,0,0
2019-11-10,FRUIT BARS,MIXED FRUIT,0.0,0.0,0.0,0.0,0,0,0.0,0,0,0,0,0,0,0
2019-11-10,MUFFINS,Gingerbread,0.0,0.0,0.0,0.0,0,0,0.0,0,0,0,0,0,0,0
2019-11-10,MUFFINS,Mex Choc,0.0,0.0,0.0,0.0,0,0,0.0,0,0,0,0,0,0,0
2019-11-10,MUFFINS,Pump CC,0.0,0.0,0.0,0.0,0,0,0.0,0,0,0,0,0,0,0
2019-11-10,MUFFINS,Cookies,0.0,0.0,0.0,0.0,0,0,0.0,0,0,0,0,0,0,0
2019-11-10,MUFFINS,Bars,0.0,0.0,0.0,0.0,0,0,0.0,0,0,0,0,0,0,0
2019-11-10,MUFFINS,Pies,,,,,0,0,,0,0,0,0,0,0,0
2019-11-10,MUFFINS,oatmeal choc,0.0,0.0,0.0,0.0,0,0,0.0,0,0,0,0,0,0,0
2019-11-10,MUFFINS,triple choc,0.0,0.0,0.0,0.0,0,0,0.0,0,0,0,0,0,0,0
2019-11-10,MUFFINS,snickerdoodle,0.0,0.0,0.0,0.0,0,0,0.0,0,0,0,0,0,0,0
2019-11-10,MUFFINS,Ginger,0.0,0.0,0.0,0.0,0,0,0.0,0,0,0,0,0,0,0
2019-11-10,MUFFINS,frosted sugar,0.0,0.0,0.0,0.0,0,0,0.0,0,0,0,0,0,0,0
2019-11-10,MUFFINS,Pumpkin Bars,0.0,0.0,0.0,0.0,0,0,0.0,0,0,0,0,0,0,0
2019-11-10,MUFFINS,Pump Pie,6.0,0.0,6.0,6.0,0,0,0.0,0,0,0,0,0,0,0
2019-11-10,MUFFINS,Sugar Pie,0.0,0.0,0.0,0.0,0,0,0.0,0,0,0,0,0,0,0
2019-11-10,MUFFINS,Pecan Pie,1.0,0.0,1.0,1.0,0,0,0.0,0,0,0,0,0,0,0
2019-11-10,MUFFINS,AP,0.0,0.0,0.0,0.0,0,0,0.0,0,0,0,0,0,0,0
2019-11-10,MUFFINS,Cr-Ap Pie,0.0,0.0,0.0,0.0,0,0,0.0,0,0,0,0,0,0,0
2019-11-10,MUFFINS,PUMP OHHH,5.0,0.0,5.0,5.0,0,0,0.0,5,0,5,5,0,0,0
2019-11-10,MUFFINS,Bread Pudding,0.0,0.0,0.0,0.0,0,0,0.0,0,0,0,0,0,0,0
2019-11-10,MUFFINS,Totals,12.0,0.0,12.0,12.0,0,0,0.0,5,0,5,5,0,0,0
2019-11-11,BREAD,H,0.0,34.0,34.0,21.0,1,0,12.0,0,0,0,0,0,0,0
2019-11-11,BREAD,FR,0.0,51.0,51.0,9.0,20,0,22.0,0,0,0,0,0,0,0
2019-11-11,BREAD,GW,0.0,12.0,12.0,5.0,0,0,7.0,0,0,0,0,0,0,0
2019-11-11,BREAD,DK,0.0,22.0,22.0,10.0,0,0,12.0,0,0,0,0,0,0,0
2019-11-11,BREAD,H5|Cran,0.0,0.0,0.0,0.0,0,0,0.0,0,0,0,0,0,0,0
2019-11-11,BREAD,CSRWL,0.0,16.0,16.0,9.0,0,0,7.0,0,4,4,1,0,0,3
2019-11-11,BREAD,PUMP PIE SW,0.0,12.0,12.0,6.0,0,0,6.0,0,2,2,2,0,0,0
2019-11-11,BREAD,CB,0.0,0.0,0.0,0.0,0,0,0.0,0,0,0,0,0,0,0
2019-11-11,BREAD,CPBB,0.0,0.0,0.0,0.0,0,0,0.0,0,0,0,0,0,0,0
2019-11-11,BREAD,CNE,0.0,10.0,10.0,8.0,0,0,2.0,0,2,2,2,0,0,0
2019-11-11,BREAD,CNR,0.0,4.0,4.0,1.0,0,0,3.0,0,0,0,0,0,0,0
2019-11-11,BREAD,CNW,0.0,4.0,4.0,3.0,0,0,1.0,0,0,0,0,0,0,0
2019-11-11,BREAD,CG,0.0,7.0,7.0,5.0,0,0,2.0,0,2,2,2,0,0,0
2019-11-11,BREAD,Pesto CG,0.0,3.0,3.0,3.0,0,0,0.0,0,0,0,0,0,0,0
2019-11-11,BREAD,CrO,0.0,0.0,0.0,0.0,0,0,0.0,0,0,0,0,0,0,0
2019-11-11,BREAD,VS,0.0,0.0,0.0,0.0,0,0,0.0,0,0,0,0,0,0,0
2019-11-11,BREAD,STUF,0.0,0.0,0.0,0.0,0,0,0.0,0,0,0,0,0,0,0
2019-11-11,BREAD,SOURDOUGH,0.0,11.0,11.0,5.0,0,0,6.0,0,0,0,0,0,0,0
2019-11-11,BREAD,SOUR JC,0.0,3.0,3.0,0.0,0,0,3.0,0,0,0,0,0,0,0
2019-11-11,BREAD,Sour RG,0.0,3.0,3.0,0.0,0,0,3.0,0,0,0,0,0,0,0
2019-11-11,BREAD,WC,0.0,0.0,0.0,0.0,0,0,0.0,0,0,0,0,0,0,0
2019-11-11,BREAD,Car,0.0,18.0,18.0,16.0,0,0,2.0,0,0,0,0,0,0,0
2019-11-11,BREAD,IHF,0.0,0.0,0.0,0.0,0,0,0.0,0,0,0,0,0,0,0
2019-11-11,BREAD,TURKEYS,0.0,2.0,2.0,0.0,0,0,2.0,0,0,0,0,0,0,0
2019-11-11,BREAD,CrO Rls,0.0,0.0,0.0,0.0,0,0,0.0,0,0,0,0,0,0,0
2019-11-11,BREAD,BUT Rls,0.0,0.0,0.0,0.0,0,0,0.0,0,0,0,0,0,0,0
2019-11-11,BREAD,H-RLS,0.0,3.0,3.0,1.0,0,0,2.0,0,0,0,0,0,0,0
2019-11-11,BREAD,FR-RLS,0.0,2.0,2.0,1.0,0,0,1.0,0,0,0,0,0,0,0
2019-11-11,BREAD,VS-RLS,0.0,0.0,0.0,0.0,0,0,0.0,0,0,0,0,0,0,0
2019-11-11,BREAD,Gingerbread,0.0,3.0,3.0,1.0,0,0,2.0,0,0,0,0,0,0,0
2019-11-11,BREAD,Mex Choc,0.0,4.0,4.0,2.0,0,0,2.0,0,0,0,0,0,0,0
2019-11-11,BREAD,Pump CC,0.0,7.0,7.0,3.0,1,0,3.0,0,0,0,0,0,0,0
2019-11-11,ROLLS,Cinnamon,0.0,24.0,24.0,24.0,0,0,0.0,0,0,0,0,0,0,0
2019-11-11,ROLLS,Pump C-R,0.0,12.0,12.0,12.0,0,0,0.0,0,0,0,0,0,0,0
2019-11-11,ROLLS,Take-n-bake,0.0,0.0,0.0,0.0,0,0,0.0,0,0,0,0,0,0,0
2019-11-11,ROLLS,Mini C-Roll,0.0,0.0,0.0,0.0,0,0,0.0,0,0,0,0,0,0,0
2019-11-11,SCONES,Blueberry,0.0,0.0,0.0,0.0,0,0,0.0,0,0,0,0,0,0,0
2019-11-11,SCONES,Rasp Cream,0.0,11.0,11.0,11.0,0,0,0.0,0,0,0,0,0,0,0
2019-11-11,SCONES,Cherry,0.0,0.0,0.0,0.0,0,0,0.0,0,0,0,0,0,0,0
2019-11-11,SCONES,Butt Almond,0.0,0.0,0.0,0.0,0,0,0.0,0,0,0,0,0,0,0
2019-11-11,SCONES,Turtle,0.0,0.0,0.0,0.0,0,0,0.0,0,0,0,0,0,0,0
2019-11-11,SCONES,pb choc,0.0,10.0,10.0,10.0,0,0,0.0,0,0,0,0,0,0,0
2019-11-11,SCONES,Pump Spice,0.0,8.0,8.0,8.0,0,0,0.0,0,0,0,0,0,0,0
2019-11-11,FRUIT BARS,Mixed Berry,0.0,8.0,8.0,8.0,0,0,0.0,0,0,0,0,0,0,0
2019-11-11,FRUIT BARS,Cherry,0.0,12.0,12.0,12.0,0,0,0.0,0,0,0,0,0,0,0
2019-11-11,FRUIT BARS,Apple Cin,0.0,0.0,0.0,0.0,0,0,0.0,0,0,0,0,0,0,0
2019-11-11,FRUIT BARS,MIXED FRUIT,0.0,0.0,0.0,0.0,0,0,0.0,0,0,0,0,0,0,0
2019-11-11,MUFFINS,Gingerbread,0.0,3.0,3.0,3.0,0,0,0.0,0,0,0,0,0,0,0
2019-11-11,MUFFINS,Mex Choc,0.0,4.0,4.0,0.0,0,4,0.0,0,0,0,0,0,0,0
2019-11-11,MUFFINS,Pump CC,0.0,5.0,5.0,5.0,0,0,0.0,0,0,0,0,0,0,0
2019-11-11,MUFFINS,Cookies,0.0,0.0,0.0,0.0,0,0,0.0,0,0,0,0,0,0,0
2019-11-11,MUFFINS,Bars,0.0,0.0,0.0,0.0,0,0,0.0,0,0,0,0,0,0,0
2019-11-11,MUFFINS,Pies,,,,,0,0,,0,0,0,0,0,0,0
2019-11-11,MUFFINS,oatmeal choc,0.0,48.0,48.0,6.0,26,0,16.0,0,0,0,0,0,0,0
2019-11-11,MUFFINS,triple choc,0.0,48.0,48.0,0.0,27,0,21.0,0,0,0,0,0,0,0
2019-11-11,MUFFINS,snickerdoodle,0.0,48.0,48.0,7.0,26,0,15.0,0,0,0,0,0,0,0
2019-11-11,MUFFINS,Ginger,0.0,18.0,18.0,14.0,0,0,4.0,0,0,0,0,0,0,0
2019-11-11,MUFFINS,frosted sugar,0.0,18.0,18.0,4.0,0,0,14.0,0,0,0,0,0,0,0
2019-11-11,MUFFINS,Pumpkin Bars,0.0,10.0,10.0,10.0,0,0,0.0,0,0,0,0,0,0,0
2019-11-11,MUFFINS,Pump Pie,0.0,0.0,0.0,0.0,0,0,0.0,0,0,0,0,0,0,0
2019-11-11,MUFFINS,Sugar Pie,0.0,0.0,0.0,0.0,0,0,0.0,0,0,0,0,0,0,0
2019-11-11,MUFFINS,Pecan Pie,0.0,0.0,0.0,0.0,0,0,0.0,0,0,0,0,0,0,0
2019-11-11,MUFFINS,AP,0.0,0.0,0.0,0.0,0,0,0.0,0,0,0,0,0,0,0
2019-11-11,MUFFINS,Cr-Ap Pie,0.0,0.0,0.0,0.0,0,0,0.0,0,0,0,0,0,0,0
2019-11-11,MUFFINS,PUMP OHHH,0.0,0.0,0.0,-3.0,0,0,3.0,0,0,0,0,0,0,0
2019-11-11,MUFFINS,Bread Pudding,0.0,0.0,0.0,0.0,0,0,0.0,0,0,0,0,0,0,0
2019-11-11,MUFFINS,Totals,0.0,287.0,287.0,131.0,79,4,73.0,0,0,0,0,0,0,0
2019-11-12,BREAD,H,12.0,22.0,34.0,14.0,0,0,20.0,0,0,0,0,0,0,0
2019-11-12,BREAD,FR,22.0,9.0,31.0,13.0,0,0,18.0,0,0,0,0,0,0,0
2019-11-12,BREAD,GW,7.0,6.0,13.0,4.0,0,3,6.0,0,0,0,0,0,0,0
2019-11-12,BREAD,DK,12.0,0.0,12.0,4.0,0,0,8.0,0,0,0,0,0,0,0
2019-11-12,BREAD,H5|Cran,0.0,13.0,13.0,3.0,0,2,8.0,0,7,7,-1,0,0,6
2019-11-12,BREAD,CSRWL,7.0,8.0,15.0,4.0,0,5,6.0,3,0,3,2,0,0,0
2019-11-12,BREAD,PUMP PIE SW,6.0,4.0,10.0,6.0,0,0,4.0,0,3,3,2,0,0,1
2019-11-12,BREAD,CB,0.0,8.0,8.0,0.0,0,0,8.0,0,3,3,1,0,0,2
2019-11-12,BREAD,CPBB,0.0,6.0,6.0,0.0,0,0,6.0,0,3,3,2,0,0,1
2019-11-12,BREAD,CNE,2.0,0.0,2.0,2.0,0,0,0.0,0,0,0,0,0,0,0
2019-11-12,BREAD,CNR,3.0,0.0,3.0,3.0,0,0,0.0,0,0,0,0,0,0,0
2019-11-12,BREAD,CNW,1.0,0.0,1.0,1.0,0,0,0.0,0,0,0,0,0,0,0
2019-11-12,BREAD,CG,2.0,0.0,2.0,2.0,0,0,0.0,0,0,0,0,0,0,0
2019-11-12,BREAD,Pesto CG,0.0,0.0,0.0,0.0,0,0,0.0,0,0,0,0,0,0,0
2019-11-12,BREAD,CrO,0.0,9.0,9.0,4.0,0,0,5.0,0,3,3,3,0,0,0
2019-11-12,BREAD,VS,0.0,8.0,8.0,6.0,0,0,2.0,0,3,3,2,0,0,1
2019-11-12,BREAD,STUF,0.0,0.0,0.0,0.0,0,0,0.0,0,0,0,0,0,0,0
2019-11-12,BREAD,SOURDOUGH,6.0,0.0,6.0,5.0,0,1,0.0,0,0,0,0,0,0,0
2019-11-12,BREAD,SOUR JC,3.0,0.0,3.0,2.0,0,1,0.0,0,0,0,0,0,0,0
2019-11-12,BREAD,Sour RG,3.0,0.0,3.0,0.0,0,3,0.0,0,0,0,0,0,0,0
2019-11-12,BREAD,WC,0.0,0.0,0.0,0.0,0,0,0.0,0,0,0,0,0,0,0
2019-11-12,BREAD,Car,2.0,0.0,2.0,2.0,0,0,0.0,0,0,0,0,0,0,0
2019-11-12,BREAD,IHF,0.0,0.0,0.0,0.0,0,0,0.0,0,0,0,0,0,0,0
2019-11-12,BREAD,TURKEYS,2.0,0.0,2.0,0.0,0,2,0.0,0,0,0,0,0,0,0
2019-11-12,BREAD,CrO Rls,0.0,0.0,0.0,0.0,0,0,0.0,0,0,0,0,0,0,0
2019-11-12,BREAD,BUT Rls,0.0,0.0,0.0,0.0,0,0,0.0,0,0,0,0,0,0,0
2019-11-12,BREAD,H-RLS,2.0,2.0,4.0,2.0,0,2,0.0,0,0,0,0,0,0,0
2019-11-12,BREAD,FR-RLS,1.0,3.0,4.0,3.0,0,0,1.0,0,0,0,0,0,0,0
2019-11-12,BREAD,VS-RLS,0.0,4.0,4.0,4.0,0,0,0.0,0,0,0,0,0,0,0
2019-11-12,BREAD,Gingerbread,2.0,2.0,4.0,1.0,0,1,2.0,0,0,0,0,0,0,0
2019-11-12,BREAD,Mex Choc,2.0,4.0,6.0,1.0,0,1,4.0,0,0,0,0,0,0,0
2019-11-12,BREAD,Pump CC,3.0,4.0,7.0,4.0,1,1,1.0,0,0,0,0,0,0,0
2019-11-12,ROLLS,Cinnamon,0.0,24.0,24.0,24.0,0,0,0.0,0,0,0,0,0,0,0
2019-11-12,ROLLS,Pump C-R,0.0,12.0,12.0,12.0,0,0,0.0,0,0,0,0,0,0,0
2019-11-12,ROLLS,Take-n-bake,0.0,0.0,0.0,0.0,0,0,0.0,0,0,0,0,0,0,0
2019-11-12,ROLLS,Mini C-Roll,0.0,0.0,0.0,0.0,0,0,0.0,0,0,0,0,0,0,0
2019-11-12,SCONES,Blueberry,0.0,11.0,11.0,7.0,0,4,0.0,0,0,0,0,0,0,0
2019-11-12,SCONES,Rasp Cream,0.0,0.0,0.0,0.0,0,0,0.0,0,0,0,0,0,0,0
2019-11-12,SCONES,Cherry,0.0,0.0,0.0,0.0,0,0,0.0,0,0,0,0,0,0,0
2019-11-12,SCONES,Butt Almond,0.0,0.0,0.0,0.0,0,0,0.0,0,0,0,0,0,0,0
2019-11-12,SCONES,Turtle,0.0,0.0,0.0,-1.0,0,1,0.0,0,0,0,0,0,0,0
2019-11-12,SCONES,pb choc,0.0,10.0,10.0,10.0,0,0,0.0,0,0,0,0,0,0,0
2019-11-12,SCONES,Pump Spice,0.0,8.0,8.0,6.0,0,2,0.0,0,0,0,0,0,0,0
2019-11-12,FRUIT BARS,Mixed Berry,0.0,0.0,0.0,0.0,0,0,0.0,0,0,0,0,0,0,0
2019-11-12,FRUIT BARS,Cherry,0.0,0.0,0.0,0.0,0,0,0.0,0,0,0,0,0,0,0
2019-11-12,FRUIT BARS,Apple Cin,0.0,12.0,12.0,12.0,0,0,0.0,0,0,0,0,0,0,0
2019-11-12,FRUIT BARS,MIXED FRUIT,0.0,8.0,8.0,8.0,0,0,0.0,0,0,0,0,0,0,0
2019-11-12,MUFFINS,Gingerbread,0.0,6.0,6.0,6.0,0,0,0.0,0,0,0,0,0,0,0
2019-11-12,MUFFINS,Mex Choc,0.0,8.0,8.0,4.0,0,4,0.0,0,0,0,0,0,0,0
2019-11-12,MUFFINS,Pump CC,0.0,8.0,8.0,8.0,0,0,0.0,0,0,0,0,0,0,0
2019-11-12,MUFFINS,Cookies,0.0,0.0,0.0,0.0,0,0,0.0,0,0,0,0,0,0,0
2019-11-12,MUFFINS,Bars,0.0,0.0,0.0,0.0,0,0,0.0,0,0,0,0,0,0,0
2019-11-12,MUFFINS,Pies,,,,,0,0,,0,0,0,0,0,0,0
2019-11-12,MUFFINS,oatmeal choc,16.0,6.0,22.0,7.0,1,9,5.0,0,0,0,0,0,0,0
2019-11-12,MUFFINS,triple choc,21.0,0.0,21.0,18.0,1,2,0.0,0,0,0,0,0,0,0
2019-11-12,MUFFINS,snickerdoodle,15.0,6.0,21.0,13.0,1,2,5.0,0,0,0,0,0,0,0
2019-11-12,MUFFINS,Ginger,4.0,12.0,16.0,4.0,0,2,10.0,0,0,0,0,0,0,0
2019-11-12,MUFFINS,frosted sugar,14.0,0.0,14.0,4.0,0,0,10.0,0,0,0,0,0,0,0
2019-11-12,MUFFINS,Pumpkin Bars,0.0,8.0,8.0,3.0,0,0,5.0,0,0,0,0,0,0,0
2019-11-12,MUFFINS,Pump Pie,0.0,0.0,0.0,0.0,0,0,0.0,0,0,0,0,0,0,0
2019-11-12,MUFFINS,Sugar Pie,0.0,0.0,0.0,0.0,0,0,0.0,0,0,0,0,0,0,0
2019-11-12,MUFFINS,Pecan Pie,0.0,0.0,0.0,0.0,0,0,0.0,0,0,0,0,0,0,0
2019-11-12,MUFFINS,AP,0.0,0.0,0.0,0.0,0,0,0.0,0,0,0,0,0,0,0
2019-11-12,MUFFINS,Cr-Ap Pie,0.0,0.0,0.0,0.0,0,0,0.0,0,0,0,0,0,0,0
2019-11-12,MUFFINS,PUMP OHHH,3.0,0.0,3.0,3.0,0,0,0.0,0,0,0,0,0,0,0
2019-11-12,MUFFINS,Bread Pudding,0.0,0.0,0.0,0.0,0,0,0.0,0,0,0,0,0,0,0
2019-11-12,MUFFINS,Totals,73.0,139.0,212.0,148.0,3,26,35.0,0,0,0,0,0,0,0
2019-11-13,BREAD,H,20.0,25.0,45.0,31.0,1,0,13.0,0,0,0,0,0,0,0
2019-11-13,BREAD,FR,18.0,15.0,33.0,18.0,0,0,15.0,0,0,0,0,0,0,0
2019-11-13,BREAD,GW,6.0,8.0,14.0,3.0,0,3,8.0,0,0,0,0,0,0,0
2019-11-13,BREAD,DK,8.0,24.0,32.0,5.0,0,0,27.0,0,0,0,0,0,0,0
2019-11-13,BREAD,H5|Cran,8.0,0.0,8.0,3.0,0,0,5.0,6,0,6,4,0,0,2
2019-11-13,BREAD,CSRWL,6.0,12.0,18.0,11.0,2,0,5.0,0,3,3,0,0,0,3
2019-11-13,BREAD,PUMP PIE SW,4.0,8.0,12.0,7.0,0,0,5.0,1,0,1,-1,0,0,0
2019-11-13,BREAD,CB,8.0,0.0,8.0,6.0,0,2,0.0,2,0,2,2,0,0,0
2019-11-13,BREAD,CPBB,6.0,0.0,6.0,0.0,0,6,0.0,1,0,1,1,0,0,0
2019-11-13,BREAD,CNE,0.0,16.0,16.0,10.0,0,0,6.0,0,3,3,2,0,0,1
2019-11-13,BREAD,CNR,0.0,11.0,11.0,0.0,0,0,11.0,0,0,0,0,0,0,0
2019-11-13,BREAD,CNW,0.0,4.0,4.0,2.0,0,0,2.0,0,0,0,0,0,0,0
2019-11-13,BREAD,CG,0.0,7.0,7.0,7.0,0,0,0.0,0,3,3,3,0,0,0
2019-11-13,BREAD,Pesto CG,0.0,6.0,6.0,2.0,0,0,4.0,0,0,0,0,0,0,0
2019-11-13,BREAD,CrO,5.0,0.0,5.0,3.0,0,2,0.0,0,0,0,0,0,0,0
2019-11-13,BREAD,VS,2.0,0.0,2.0,2.0,0,0,0.0,1,0,1,1,0,0,0
2019-11-13,BREAD,STUF,0.0,0.0,0.0,0.0,0,0,0.0,0,0,0,0,0,0,0
2019-11-13,BREAD,SOURDOUGH,0.0,10.0,10.0,4.0,0,0,6.0,0,0,0,0,0,0,0
2019-11-13,BREAD,SOUR JC,0.0,4.0,4.0,3.0,0,0,1.0,0,0,0,0,0,0,0
2019-11-13,BREAD,Sour RG,0.0,5.0,5.0,3.0,0,0,2.0,0,0,0,0,0,0,0
2019-11-13,BREAD,WC,0.0,0.0,0.0,0.0,0,0,0.0,0,0,0,0,0,0,0
2019-11-13,BREAD,Car,0.0,0.0,0.0,0.0,0,0,0.0,0,0,0,0,0,0,0
2019-11-13,BREAD,IHF,0.0,0.0,0.0,0.0,0,0,0.0,0,0,0,0,0,0,0
2019-11-13,BREAD,TURKEYS,0.0,0.0,0.0,0.0,0,0,0.0,0,0,0,0,0,0,0
2019-11-13,BREAD,CrO Rls,0.0,0.0,0.0,0.0,0,0,0.0,0,0,0,0,0,0,0
2019-11-13,BREAD,BUT Rls,0.0,40.0,40.0,4.0,36,0,0.0,0,0,0,0,0,0,0
2019-11-13,BREAD,H-RLS,0.0,4.0,4.0,2.0,0,0,2.0,0,0,0,0,0,0,0
2019-11-13,BREAD,FR-RLS,1.0,0.0,1.0,1.0,0,0,0.0,0,0,0,0,0,0,0
2019-11-13,BREAD,VS-RLS,0.0,0.0,0.0,0.0,0,0,0.0,0,0,0,0,0,0,0
2019-11-13,BREAD,Gingerbread,2.0,2.0,4.0,1.0,0,1,2.0,0,0,0,0,0,0,0
2019-11-13,BREAD,Mex Choc,4.0,2.0,6.0,0.0,0,0,6.0,0,0,0,0,0,0,0
2019-11-13,BREAD,Pump CC,1.0,9.0,10.0,3.0,4,0,3.0,0,0,0,0,0,0,0
2019-11-13,ROLLS,Cinnamon,0.0,24.0,24.0,24.0,0,0,0.0,0,0,0,0,0,0,0
2019-11-13,ROLLS,Pump C-R,0.0,12.0,12.0,12.0,0,0,0.0,0,0,0,0,0,0,0
2019-11-13,ROLLS,Take-n-bake,0.0,0.0,0.0,0.0,0,0,0.0,0,0,0,0,0,0,0
2019-11-13,ROLLS,Mini C-Roll,0.0,0.0,0.0,0.0,0,0,0.0,0,0,0,0,0,0,0
2019-11-13,SCONES,Blueberry,0.0,0.0,0.0,0.0,0,0,0.0,0,0,0,0,0,0,0
2019-11-13,SCONES,Rasp Cream,0.0,20.0,20.0,9.0,4,7,0.0,0,7,7,0,0,0,0
2019-11-13,SCONES,Cherry,0.0,0.0,0.0,0.0,0,0,0.0,0,0,0,0,0,0,0
2019-11-13,SCONES,Butt Almond,0.0,0.0,0.0,0.0,0,0,0.0,0,0,0,0,0,0,0
2019-11-13,SCONES,Turtle,0.0,16.0,16.0,14.0,0,2,0.0,0,6,6,0,0,0,0
2019-11-13,SCONES,pb choc,0.0,0.0,0.0,0.0,0,0,0.0,0,0,0,0,0,0,0
2019-11-13,SCONES,Pump Spice,0.0,10.0,10.0,6.0,0,4,0.0,0,6,6,0,0,0,0
2019-11-13,FRUIT BARS,Mixed Berry,0.0,8.0,8.0,5.0,3,0,0.0,0,0,0,0,0,0,0
2019-11-13,FRUIT BARS,Cherry,0.0,12.0,12.0,6.0,6,0,0.0,0,0,0,0,0,0,0
2019-11-13,FRUIT BARS,Apple Cin,0.0,0.0,0.0,0.0,0,0,0.0,0,0,0,0,0,0,0
2019-11-13,FRUIT BARS,MIXED FRUIT,0.0,0.0,0.0,0.0,0,0,0.0,0,0,0,0,0,0,0
2019-11-13,MUFFINS,Gingerbread,0.0,6.0,6.0,3.0,0,3,0.0,0,10,10,0,0,0,0
2019-11-13,MUFFINS,Mex Choc,0.0,8.0,8.0,5.0,0,3,0.0,0,10,10,0,0,0,0
2019-11-13,MUFFINS,Pump CC,0.0,10.0,10.0,9.0,0,1,0.0,0,0,0,0,0,0,0
2019-11-13,MUFFINS,Cookies,0.0,0.0,0.0,0.0,0,0,0.0,0,0,0,0,0,0,0
2019-11-13,MUFFINS,Bars,0.0,0.0,0.0,0.0,0,0,0.0,0,0,0,0,0,0,0
2019-11-13,MUFFINS,Pies,,,,,0,0,,0,0,0,0,0,0,0
2019-11-13,MUFFINS,oatmeal choc,5.0,24.0,29.0,10.0,7,0,12.0,0,0,0,0,0,0,0
2019-11-13,MUFFINS,triple choc,0.0,42.0,42.0,14.0,19,0,9.0,0,0,0,0,0,0,0
2019-11-13,MUFFINS,snickerdoodle,5.0,36.0,41.0,17.0,19,0,5.0,0,0,0,0,0,0,0
2019-11-13,MUFFINS,Ginger,10.0,12.0,22.0,10.0,7,0,5.0,0,0,0,0,0,0,0
2019-11-13,MUFFINS,frosted sugar,10.0,6.0,16.0,0.0,0,4,12.0,0,0,0,0,0,0,0
2019-11-13,MUFFINS,Pumpkin Bars,5.0,5.0,10.0,9.0,0,0,1.0,0,0,0,0,0,0,0
2019-11-13,MUFFINS,Pump Pie,0.0,0.0,0.0,0.0,0,0,0.0,0,0,0,0,0,0,0
2019-11-13,MUFFINS,Sugar Pie,0.0,0.0,0.0,0.0,0,0,0.0,0,0,0,0,0,0,0
2019-11-13,MUFFINS,Pecan Pie,0.0,0.0,0.0,0.0,0,0,0.0,0,0,0,0,0,0,0
2019-11-13,MUFFINS,AP,0.0,0.0,0.0,0.0,0,0,0.0,0,0,0,0,0,0,0
2019-11-13,MUFFINS,Cr-Ap Pie,0.0,0.0,0.0,0.0,0,0,0.0,0,0,0,0,0,0,0
2019-11-13,MUFFINS,PUMP OHHH,0.0,0.0,0.0,0.0,0,0,0.0,0,0,0,0,0,0,0
2019-11-13,MUFFINS,Bread Pudding,0.0,0.0,0.0,0.0,0,0,0.0,0,0,0,0,0,0,0
2019-11-13,MUFFINS,Totals,35.0,251.0,286.0,153.0,65,24,44.0,0,39,39,0,0,0,0
2019-11-14,BREAD,H,13.0,26.0,39.0,24.0,0,0,15.0,0,0,0,0,0,0,0
2019-11-14,BREAD,FR,15.0,41.0,56.0,17.0,30,0,9.0,0,0,0,0,0,0,0
2019-11-14,BREAD,GW,8.0,10.0,18.0,4.0,0,4,10.0,0,0,0,0,0,0,0
2019-11-14,BREAD,DK,27.0,0.0,27.0,1.0,0,1,25.0,0,0,0,0,0,0,0
2019-11-14,BREAD,H5|Cran,5.0,15.0,20.0,11.0,4,0,5.0,2,6,8,-1,0,0,6
2019-11-14,BREAD,CSRWL,5.0,12.0,17.0,9.0,1,0,7.0,3,0,3,1,0,0,0
2019-11-14,BREAD,PUMP PIE SW,5.0,8.0,13.0,7.0,0,0,6.0,0,2,2,1,0,0,1
2019-11-14,BREAD,CB,0.0,9.0,9.0,3.0,0,0,6.0,0,3,3,2,0,0,1
2019-11-14,BREAD,CPBB,0.0,6.0,6.0,3.0,0,0,3.0,0,3,3,3,0,0,0
2019-11-14,BREAD,CNE,6.0,0.0,6.0,5.0,0,1,0.0,1,0,1,1,0,0,0
2019-11-14,BREAD,CNR,11.0,0.0,11.0,8.0,0,3,0.0,0,0,0,0,0,0,0
2019-11-14,BREAD,CNW,2.0,0.0,2.0,2.0,0,0,0.0,0,0,0,0,0,0,0
2019-11-14,BREAD,CG,0.0,0.0,0.0,0.0,0,0,0.0,0,0,0,0,0,0,0
2019-11-14,BREAD,Pesto CG,4.0,0.0,4.0,4.0,0,0,0.0,0,0,0,0,0,0,0
2019-11-14,BREAD,CrO,0.0,20.0,20.0,12.0,0,0,8.0,0,3,3,1,0,0,2
2019-11-14,BREAD,VS,0.0,33.0,33.0,1.0,25,0,7.0,0,38,38,2,0,0,1
2019-11-14,BREAD,STUF,0.0,0.0,0.0,0.0,0,0,0.0,0,0,0,0,0,0,0
2019-11-14,BREAD,SOURDOUGH,6.0,0.0,6.0,4.0,0,2,0.0,0,0,0,0,0,0,0
2019-11-14,BREAD,SOUR JC,1.0,0.0,1.0,1.0,0,0,0.0,0,0,0,0,0,0,0
2019-11-14,BREAD,Sour RG,2.0,0.0,2.0,1.0,0,1,0.0,0,0,0,0,0,0,0
2019-11-14,BREAD,WC,0.0,0.0,0.0,0.0,0,0,0.0,0,0,0,0,0,0,0
2019-11-14,BREAD,Car,0.0,0.0,0.0,0.0,0,0,0.0,0,0,0,0,0,0,0
2019-11-14,BREAD,IHF,0.0,0.0,0.0,0.0,0,0,0.0,0,0,0,0,0,0,0
2019-11-14,BREAD,TURKEYS,0.0,0.0,0.0,0.0,0,0,0.0,0,0,0,0,0,0,0
2019-11-14,BREAD,CrO Rls,0.0,0.0,0.0,0.0,0,0,0.0,0,0,0,0,0,0,0
2019-11-14,BREAD,BUT Rls,0.0,0.0,0.0,0.0,0,0,0.0,0,0,0,0,0,0,0
2019-11-14,BREAD,H-RLS,2.0,0.0,2.0,0.0,0,2,0.0,0,0,0,0,0,0,0
2019-11-14,BREAD,FR-RLS,0.0,2.0,2.0,1.0,0,0,1.0,0,0,0,0,0,0,0
2019-11-14,BREAD,VS-RLS,0.0,5.0,5.0,1.0,0,0,4.0,0,0,0,0,0,0,0
2019-11-14,BREAD,Gingerbread,2.0,3.0,5.0,3.0,0,0,2.0,0,0,0,0,0,0,0
2019-11-14,BREAD,Mex Choc,6.0,1.0,7.0,5.0,0,2,0.0,0,0,0,0,0,0,0
2019-11-14,BREAD,Pump CC,3.0,8.0,11.0,7.0,3,0,1.0,0,0,0,0,0,0,0
2019-11-14,ROLLS,Cinnamon,0.0,24.0,24.0,18.0,4,2,0.0,0,0,0,0,0,0,0
2019-11-14,ROLLS,Pump C-R,0.0,12.0,12.0,9.0,0,3,0.0,0,0,0,0,0,0,0
2019-11-14,ROLLS,Take-n-bake,0.0,0.0,0.0,0.0,0,0,0.0,0,0,0,0,0,0,0
2019-11-14,ROLLS,Mini C-Roll,0.0,0.0,0.0,0.0,0,0,0.0,0,0,0,0,0,0,0
2019-11-14,SCONES,Blueberry,0.0,17.0,17.0,15.0,0,2,0.0,0,4,4,0,0,0,0
2019-11-14,SCONES,Rasp Cream,0.0,0.0,0.0,0.0,0,0,0.0,0,0,0,0,0,0,0
2019-11-14,SCONES,Cherry,0.0,0.0,0.0,0.0,0,0,0.0,0,0,0,0,0,0,0
2019-11-14,SCONES,Butt Almond,0.0,0.0,0.0,0.0,0,0,0.0,0,0,0,0,0,0,0
2019-11-14,SCONES,Turtle,0.0,17.0,17.0,14.0,0,3,0.0,0,4,4,0,0,0,0
2019-11-14,SCONES,pb choc,0.0,0.0,0.0,0.0,0,0,0.0,0,0,0,0,0,0,0
2019-11-14,SCONES,Pump Spice,0.0,11.0,11.0,7.0,0,4,0.0,0,2,2,0,0,0,0
2019-11-14,FRUIT BARS,Mixed Berry,0.0,0.0,0.0,0.0,0,0,0.0,0,0,0,0,0,0,0
2019-11-14,FRUIT BARS,Cherry,0.0,0.0,0.0,0.0,0,0,0.0,0,0,0,0,0,0,0
2019-11-14,FRUIT BARS,Apple Cin,0.0,12.0,12.0,6.0,2,4,0.0,0,0,0,0,0,0,0
2019-11-14,FRUIT BARS,MIXED FRUIT,0.0,8.0,8.0,4.0,2,2,0.0,0,0,0,0,0,0,0
2019-11-14,MUFFINS,Gingerbread,0.0,6.0,6.0,2.0,0,4,0.0,0,5,5,0,0,0,0
2019-11-14,MUFFINS,Mex Choc,0.0,6.0,6.0,6.0,0,0,0.0,0,5,5,0,0,0,0
2019-11-14,MUFFINS,Pump CC,0.0,8.0,8.0,3.0,0,5,0.0,0,0,0,0,0,0,0
2019-11-14,MUFFINS,Cookies,0.0,0.0,0.0,0.0,0,0,0.0,0,0,0,0,0,0,0
2019-11-14,MUFFINS,Bars,0.0,0.0,0.0,0.0,0,0,0.0,0,0,0,0,0,0,0
2019-11-14,MUFFINS,Pies,,,,,0,0,,0,0,0,0,0,0,0
2019-11-14,MUFFINS,oatmeal choc,12.0,24.0,36.0,14.0,17,3,2.0,0,6,6,0,0,0,0
2019-11-14,MUFFINS,triple choc,9.0,30.0,39.0,16.0,16,0,7.0,0,6,6,0,0,0,0
2019-11-14,MUFFINS,snickerdoodle,5.0,30.0,35.0,12.0,16,3,4.0,0,6,6,0,0,0,0
2019-11-14,MUFFINS,Ginger,5.0,12.0,17.0,14.0,0,3,0.0,0,6,6,0,0,0,0
2019-11-14,MUFFINS,frosted sugar,12.0,12.0,24.0,9.0,0,0,15.0,0,0,0,0,0,0,0
2019-11-14,MUFFINS,Pumpkin Bars,1.0,7.0,8.0,3.0,0,0,5.0,0,0,0,0,0,0,0
2019-11-14,MUFFINS,Pump Pie,0.0,0.0,0.0,0.0,0,0,0.0,0,0,0,0,0,0,0
2019-11-14,MUFFINS,Sugar Pie,0.0,0.0,0.0,0.0,0,0,0.0,0,0,0,0,0,0,0
2019-11-14,MUFFINS,Pecan Pie,0.0,0.0,0.0,0.0,0,0,0.0,0,0,0,0,0,0,0
2019-11-14,MUFFINS,AP,0.0,0.0,0.0,0.0,0,0,0.0,0,0,0,0,0,0,0
2019-11-14,MUFFINS,Cr-Ap Pie,0.0,0.0,0.0,0.0,0,0,0.0,0,0,0,0,0,0,0
2019-11-14,MUFFINS,PUMP OHHH,0.0,0.0,0.0,0.0,0,0,0.0,0,0,0,0,0,0,0
2019-11-14,MUFFINS,Bread Pudding,0.0,0.0,0.0,0.0,0,0,0.0,0,0,0,0,0,0,0
2019-11-14,MUFFINS,Totals,44.0,236.0,280.0,152.0,57,38,33.0,0,44,44,0,0,0,0
2019-11-15,BREAD,H,15.0,47.0,62.0,23.0,13,0,26.0,0,0,0,0,0,0,0
2019-11-15,BREAD,FR,9.0,31.0,40.0,10.0,1,0,29.0,0,0,0,0,0,0,0
2019-11-15,BREAD,GW,10.0,10.0,20.0,4.0,0,6,10.0,0,0,0,0,0,0,0
2019-11-15,BREAD,DK,25.0,16.0,41.0,21.0,0,7,13.0,0,0,0,0,0,0,0
2019-11-15,BREAD,H5|Cran,5.0,0.0,5.0,5.0,0,0,0.0,6,0,6,6,0,0,0
2019-11-15,BREAD,CSRWL,7.0,12.0,19.0,8.0,0,2,9.0,0,3,3,2,0,0,1
2019-11-15,BREAD,PUMP PIE SW,6.0,8.0,14.0,9.0,0,1,4.0,1,3,4,0,0,0,3
2019-11-15,BREAD,CB,6.0,0.0,6.0,4.0,0,2,0.0,1,0,1,0,0,0,0
2019-11-15,BREAD,CPBB,3.0,0.0,3.0,1.0,0,2,0.0,0,0,0,0,0,0,0
2019-11-15,BREAD,CNE,0.0,17.0,17.0,13.0,0,0,4.0,0,3,3,2,0,0,1
2019-11-15,BREAD,CNR,0.0,6.0,6.0,0.0,0,0,6.0,0,0,0,0,0,0,0
2019-11-15,BREAD,CNW,0.0,6.0,6.0,5.0,0,0,1.0,0,0,0,0,0,0,0
2019-11-15,BREAD,CG,0.0,8.0,8.0,8.0,0,0,0.0,0,4,4,1,0,0,3
2019-11-15,BREAD,Pesto CG,0.0,6.0,6.0,3.0,0,0,3.0,0,0,0,0,0,0,0
2019-11-15,BREAD,CrO,8.0,0.0,8.0,6.0,0,2,0.0,2,0,2,1,0,0,0
2019-11-15,BREAD,VS,7.0,0.0,7.0,5.0,0,2,0.0,1,0,1,0,0,0,0
2019-11-15,BREAD,STUF,0.0,20.0,20.0,1.0,0,0,19.0,0,0,0,0,0,0,0
2019-11-15,BREAD,SOURDOUGH,0.0,8.0,8.0,6.0,0,0,2.0,0,0,0,0,0,0,0
2019-11-15,BREAD,SOUR JC,0.0,6.0,6.0,1.0,0,0,5.0,0,0,0,0,0,0,0
2019-11-15,BREAD,Sour RG,0.0,6.0,6.0,1.0,0,0,5.0,0,0,0,0,0,0,0
2019-11-15,BREAD,WC,0.0,0.0,0.0,0.0,0,0,0.0,0,0,0,0,0,0,0
2019-11-15,BREAD,Car,0.0,0.0,0.0,0.0,0,0,0.0,0,0,0,0,0,0,0
2019-11-15,BREAD,IHF,0.0,0.0,0.0,0.0,0,0,0.0,0,0,0,0,0,0,0
2019-11-15,BREAD,TURKEYS,0.0,3.0,3.0,2.0,1,0,0.0,0,0,0,0,0,0,0
2019-11-15,BREAD,CrO Rls,0.0,0.0,0.0,0.0,0,0,0.0,0,0,0,0,0,0,0
2019-11-15,BREAD,BUT Rls,0.0,18.0,18.0,8.0,4,0,6.0,0,0,0,0,0,0,0
2019-11-15,BREAD,H-RLS,0.0,4.0,4.0,2.0,2,0,0.0,0,0,0,0,0,0,0
2019-11-15,BREAD,FR-RLS,1.0,0.0,1.0,1.0,0,0,0.0,0,0,0,0,0,0,0
2019-11-15,BREAD,VS-RLS,4.0,0.0,4.0,0.0,0,4,0.0,0,0,0,0,0,0,0
2019-11-15,BREAD,Gingerbread,2.0,4.0,6.0,1.0,0,1,4.0,0,0,0,0,0,0,0
2019-11-15,BREAD,Mex Choc,0.0,6.0,6.0,1.0,0,0,5.0,0,0,0,0,0,0,0
2019-11-15,BREAD,Pump CC,1.0,10.0,11.0,5.0,1,0,5.0,0,0,0,0,0,0,0
2019-11-15,ROLLS,Cinnamon,0.0,36.0,36.0,36.0,0,0,0.0,0,0,0,0,0,0,0
2019-11-15,ROLLS,Pump C-R,0.0,24.0,24.0,24.0,0,0,0.0,0,0,0,0,0,0,0
2019-11-15,ROLLS,Take-n-bake,0.0,0.0,0.0,0.0,0,0,0.0,0,0,0,0,0,0,0
2019-11-15,ROLLS,Mini C-Roll,0.0,24.0,24.0,0.0,24,0,0.0,0,0,0,0,0,0,0
2019-11-15,SCONES,Blueberry,0.0,0.0,0.0,0.0,0,0,0.0,0,0,0,0,0,0,0
2019-11-15,SCONES,Rasp Cream,0.0,0.0,0.0,0.0,0,0,0.0,0,0,0,0,0,0,0
2019-11-15,SCONES,Cherry,0.0,13.0,13.0,9.0,4,0,0.0,0,0,0,0,0,0,0
2019-11-15,SCONES,Butt Almond,0.0,18.0,18.0,18.0,0,0,0.0,0,0,0,0,0,0,0
2019-11-15,SCONES,Turtle,0.0,0.0,0.0,0.0,0,0,0.0,0,0,0,0,0,0,0
2019-11-15,SCONES,pb choc,0.0,0.0,0.0,0.0,0,0,0.0,0,0,0,0,0,0,0
2019-11-15,SCONES,Pump Spice,0.0,10.0,10.0,10.0,0,0,0.0,0,0,0,0,0,0,0
2019-11-15,FRUIT BARS,Mixed Berry,0.0,8.0,8.0,6.0,0,2,0.0,0,0,0,0,0,0,0
2019-11-15,FRUIT BARS,Cherry,0.0,12.0,12.0,10.0,0,2,0.0,0,0,0,0,0,0,0
2019-11-15,FRUIT BARS,Apple Cin,0.0,0.0,0.0,0.0,0,0,0.0,0,0,0,0,0,0,0
2019-11-15,FRUIT BARS,MIXED FRUIT,0.0,0.0,0.0,0.0,0,0,0.0,0,0,0,0,0,0,0
2019-11-15,MUFFINS,Gingerbread,0.0,6.0,6.0,4.0,0,2,0.0,0,0,0,0,0,0,0
2019-11-15,MUFFINS,Mex Choc,0.0,6.0,6.0,6.0,0,0,0.0,0,0,0,0,0,0,0
2019-11-15,MUFFINS,Pump CC,0.0,8.0,8.0,7.0,0,1,0.0,0,0,0,0,0,0,0
2019-11-15,MUFFINS,Cookies,0.0,0.0,0.0,0.0,0,0,0.0,0,0,0,0,0,0,0
2019-11-15,MUFFINS,Bars,0.0,0.0,0.0,0.0,0,0,0.0,0,0,0,0,0,0,0
2019-11-15,MUFFINS,Pies,,,,,0,0,,0,0,0,0,0,0,0
2019-11-15,MUFFINS,oatmeal choc,2.0,48.0,50.0,9.0,30,0,11.0,0,0,0,0,0,0,0
2019-11-15,MUFFINS,triple choc,7.0,42.0,49.0,19.0,30,0,0.0,0,0,0,0,0,0,0
2019-11-15,MUFFINS,snickerdoodle,4.0,48.0,52.0,14.0,31,0,7.0,0,0,0,0,0,0,0
2019-11-15,MUFFINS,Ginger,0.0,18.0,18.0,10.0,0,0,8.0,0,0,0,0,0,0,0
2019-11-15,MUFFINS,frosted sugar,15.0,6.0,21.0,15.0,0,0,6.0,0,0,0,0,0,0,0
2019-11-15,MUFFINS,Pumpkin Bars,5.0,3.0,8.0,7.0,0,0,1.0,0,0,0,0,0,0,0
2019-11-15,MUFFINS,Pump Pie,0.0,0.0,0.0,0.0,0,0,0.0,0,0,0,0,0,0,0
2019-11-15,MUFFINS,Sugar Pie,0.0,0.0,0.0,0.0,0,0,0.0,0,0,0,0,0,0,0
2019-11-15,MUFFINS,Pecan Pie,0.0,0.0,0.0,0.0,0,0,0.0,0,0,0,0,0,0,0
2019-11-15,MUFFINS,AP,0.0,0.0,0.0,-1.0,1,0,0.0,0,0,0,0,0,0,0
2019-11-15,MUFFINS,Cr-Ap Pie,0.0,0.0,0.0,0.0,0,0,0.0,0,0,0,0,0,0,0
2019-11-15,MUFFINS,PUMP OHHH,0.0,0.0,0.0,0.0,0,0,0.0,0,0,0,0,0,0,0
2019-11-15,MUFFINS,Bread Pudding,0.0,0.0,0.0,0.0,0,0,0.0,0,0,0,0,0,0,0
2019-11-15,MUFFINS,Totals,33.0,330.0,363.0,203.0,120,7,33.0,0,0,0,0,0,0,0
2019-11-16,BREAD,H,26.0,0.0,26.0,18.0,0,8,0.0,0,0,0,0,0,0,0
2019-11-16,BREAD,FR,29.0,0.0,29.0,15.0,0,14,0.0,0,0,0,0,0,0,0
2019-11-16,BREAD,GW,10.0,0.0,10.0,3.0,0,7,0.0,0,0,0,0,0,0,0
2019-11-16,BREAD,DK,13.0,0.0,13.0,11.0,0,2,0.0,0,0,0,0,0,0,0
2019-11-16,BREAD,H5|Cran,0.0,0.0,0.0,0.0,0,0,0.0,0,0,0,0,0,0,0
2019-11-16,BREAD,CSRWL,9.0,4.0,13.0,13.0,0,0,0.0,1,0,1,1,0,0,0
2019-11-16,BREAD,PUMP PIE SW,4.0,4.0,8.0,8.0,0,0,0.0,3,0,3,0,0,0,0
2019-11-16,BREAD,CB,0.0,0.0,0.0,0.0,0,0,0.0,0,0,0,0,0,0,0
2019-11-16,BREAD,CPBB,0.0,0.0,0.0,0.0,0,0,0.0,0,0,0,0,0,0,0
2019-11-16,BREAD,CNE,4.0,0.0,4.0,4.0,0,0,0.0,1,0,1,1,0,0,0
2019-11-16,BREAD,CNR,6.0,0.0,6.0,6.0,0,0,0.0,0,0,0,0,0,0,0
2019-11-16,BREAD,CNW,1.0,0.0,1.0,1.0,0,0,0.0,0,0,0,0,0,0,0
2019-11-16,BREAD,CG,0.0,0.0,0.0,0.0,0,0,0.0,3,0,3,3,0,0,0
2019-11-16,BREAD,Pesto CG,3.0,0.0,3.0,1.0,0,2,0.0,0,0,0,0,0,0,0
2019-11-16,BREAD,CrO,0.0,8.0,8.0,7.0,1,0,0.0,0,0,0,0,0,0,0
2019-11-16,BREAD,VS,0.0,8.0,8.0,3.0,0,5,0.0,0,2,2,2,0,0,0
2019-11-16,BREAD,STUF,19.0,0.0,19.0,2.0,0,17,0.0,0,0,0,0,0,0,0
2019-11-16,BREAD,SOURDOUGH,2.0,0.0,2.0,2.0,0,0,0.0,0,0,0,0,0,0,0
2019-11-16,BREAD,SOUR JC,5.0,0.0,5.0,1.0,0,4,0.0,0,0,0,0,0,0,0
2019-11-16,BREAD,Sour RG,5.0,0.0,5.0,3.0,0,2,0.0,0,0,0,0,0,0,0
2019-11-16,BREAD,WC,0.0,0.0,0.0,0.0,0,0,0.0,0,0,0,0,0,0,0
2019-11-16,BREAD,Car,0.0,0.0,0.0,0.0,0,0,0.0,0,0,0,0,0,0,0
2019-11-16,BREAD,IHF,0.0,0.0,0.0,0.0,0,0,0.0,0,0,0,0,0,0,0
2019-11-16,BREAD,TURKEYS,0.0,2.0,2.0,1.0,1,0,0.0,0,0,0,0,0,0,0
2019-11-16,BREAD,CrO Rls,0.0,2.0,2.0,2.0,0,0,0.0,0,0,0,0,0,0,0
2019-11-16,BREAD,BUT Rls,6.0,0.0,6.0,6.0,0,0,0.0,0,0,0,0,0,0,0
2019-11-16,BREAD,H-RLS,0.0,0.0,0.0,0.0,0,0,0.0,0,0,0,0,0,0,0
2019-11-16,BREAD,FR-RLS,0.0,0.0,0.0,0.0,0,0,0.0,0,0,0,0,0,0,0
2019-11-16,BREAD,VS-RLS,0.0,2.0,2.0,2.0,0,0,0.0,0,0,0,0,0,0,0
2019-11-16,BREAD,Gingerbread,4.0,0.0,4.0,3.0,0,1,0.0,0,0,0,0,0,0,0
2019-11-16,BREAD,Mex Choc,5.0,0.0,5.0,3.0,1,1,0.0,0,0,0,0,0,0,0
2019-11-16,BREAD,Pump CC,5.0,0.0,5.0,4.0,1,0,0.0,0,0,0,0,0,0,0
2019-11-16,ROLLS,Cinnamon,0.0,36.0,36.0,36.0,0,0,0.0,0,0,0,0,0,0,0
2019-11-16,ROLLS,Pump C-R,0.0,24.0,24.0,22.0,2,0,0.0,0,0,0,0,0,0,0
2019-11-16,ROLLS,Take-n-bake,0.0,0.0,0.0,0.0,0,0,0.0,0,0,0,0,0,0,0
2019-11-16,ROLLS,Mini C-Roll,0.0,24.0,24.0,0.0,24,0,0.0,0,0,0,0,0,0,0
2019-11-16,SCONES,Blueberry,0.0,17.0,17.0,17.0,0,0,0.0,0,0,0,0,0,0,0
2019-11-16,SCONES,Rasp Cream,0.0,0.0,0.0,0.0,0,0,0.0,0,0,0,0,0,0,0
2019-11-16,SCONES,Cherry,0.0,0.0,0.0,0.0,0,0,0.0,0,0,0,0,0,0,0
2019-11-16,SCONES,Butt Almond,0.0,13.0,13.0,13.0,0,0,0.0,0,0,0,0,0,0,0
2019-11-16,SCONES,Turtle,0.0,0.0,0.0,0.0,0,0,0.0,0,0,0,0,0,0,0
2019-11-16,SCONES,pb choc,0.0,0.0,0.0,0.0,0,0,0.0,0,0,0,0,0,0,0
2019-11-16,SCONES,Pump Spice,0.0,12.0,12.0,11.0,0,1,0.0,0,0,0,0,0,0,0
2019-11-16,FRUIT BARS,Mixed Berry,0.0,0.0,0.0,0.0,0,0,0.0,0,0,0,0,0,0,0
2019-11-16,FRUIT BARS,Cherry,0.0,0.0,0.0,0.0,0,0,0.0,0,0,0,0,0,0,0
2019-11-16,FRUIT BARS,Apple Cin,0.0,12.0,12.0,7.0,4,1,0.0,0,0,0,0,0,0,0
2019-11-16,FRUIT BARS,MIXED FRUIT,0.0,8.0,8.0,5.0,3,0,0.0,0,0,0,0,0,0,0
2019-11-16,MUFFINS,Gingerbread,0.0,6.0,6.0,5.0,0,1,0.0,0,0,0,0,0,0,0
2019-11-16,MUFFINS,Mex Choc,0.0,8.0,8.0,6.0,0,2,0.0,0,0,0,0,0,0,0
2019-11-16,MUFFINS,Pump CC,0.0,10.0,10.0,8.0,0,2,0.0,0,0,0,0,0,0,0
2019-11-16,MUFFINS,Cookies,0.0,0.0,0.0,0.0,0,0,0.0,0,0,0,0,0,0,0
2019-11-16,MUFFINS,Bars,0.0,0.0,0.0,0.0,0,0,0.0,0,0,0,0,0,0,0
2019-11-16,MUFFINS,Pies,,,,,0,0,,0,0,0,0,0,0,0
2019-11-16,MUFFINS,oatmeal choc,11.0,0.0,11.0,11.0,0,0,0.0,0,5,5,0,0,0,0
2019-11-16,MUFFINS,triple choc,0.0,6.0,6.0,3.0,0,3,0.0,0,5,5,0,0,0,0
2019-11-16,MUFFINS,snickerdoodle,7.0,0.0,7.0,7.0,0,0,0.0,0,5,5,0,0,0,0
2019-11-16,MUFFINS,Ginger,8.0,0.0,8.0,8.0,0,0,0.0,0,5,5,0,0,0,0
2019-11-16,MUFFINS,frosted sugar,6.0,0.0,6.0,6.0,0,0,0.0,0,0,0,0,0,0,0
2019-11-16,MUFFINS,Pumpkin Bars,1.0,32.0,33.0,6.0,27,0,0.0,0,0,0,0,0,0,0
2019-11-16,MUFFINS,Pump Pie,0.0,0.0,0.0,0.0,0,0,0.0,0,0,0,0,0,0,0
2019-11-16,MUFFINS,Sugar Pie,0.0,0.0,0.0,0.0,0,0,0.0,0,0,0,0,0,0,0
2019-11-16,MUFFINS,Pecan Pie,0.0,0.0,0.0,0.0,0,0,0.0,0,0,0,0,0,0,0
2019-11-16,MUFFINS,AP,0.0,0.0,0.0,0.0,0,0,0.0,0,0,0,0,0,0,0
2019-11-16,MUFFINS,Cr-Ap Pie,0.0,0.0,0.0,0.0,0,0,0.0,0,0,0,0,0,0,0
2019-11-16,MUFFINS,PUMP OHHH,0.0,0.0,0.0,0.0,0,0,0.0,0,0,0,0,0,0,0
2019-11-16,MUFFINS,Bread Pudding,0.0,0.0,0.0,0.0,0,0,0.0,0,0,0,0,0,0,0
2019-11-16,MUFFINS,Totals,33.0,208.0,241.0,171.0,60,10,0.0,0,20,20,0,0,0,0
2019-11-17,BREAD,H,0.0,0.0,0.0,0.0,0,0,0.0,0,0,0,0,0,0,0
2019-11-17,BREAD,FR,0.0,0.0,0.0,0.0,0,0,0.0,0,0,0,0,0,0,0
2019-11-17,BREAD,GW,0.0,0.0,0.0,0.0,0,0,0.0,0,0,0,0,0,0,0
2019-11-17,BREAD,DK,0.0,0.0,0.0,0.0,0,0,0.0,0,0,0,0,0,0,0
2019-11-17,BREAD,H5|Cran,0.0,0.0,0.0,0.0,0,0,0.0,0,0,0,0,0,0,0
2019-11-17,BREAD,CSRWL,0.0,0.0,0.0,0.0,0,0,0.0,0,0,0,0,0,0,0
2019-11-17,BREAD,PUMP PIE SW,0.0,0.0,0.0,0.0,0,0,0.0,0,0,0,0,0,0,0
2019-11-17,BREAD,CB,0.0,0.0,0.0,0.0,0,0,0.0,0,0,0,0,0,0,0
2019-11-17,BREAD,CNE,0.0,0.0,0.0,0.0,0,0,0.0,0,0,0,0,0,0,0
2019-11-17,BREAD,CNR,0.0,0.0,0.0,0.0,0,0,0.0,0,0,0,0,0,0,0
2019-11-17,BREAD,CNW,0.0,0.0,0.0,0.0,0,0,0.0,0,0,0,0,0,0,0
2019-11-17,BREAD,CG,0.0,0.0,0.0,0.0,0,0,0.0,0,0,0,0,0,0,0
2019-11-17,BREAD,Pesto CG,0.0,0.0,0.0,0.0,0,0,0.0,0,0,0,0,0,0,0
2019-11-17,BREAD,CrO,0.0,0.0,0.0,0.0,0,0,0.0,0,0,0,0,0,0,0
2019-11-17,BREAD,VS,0.0,0.0,0.0,0.0,0,0,0.0,0,0,0,0,0,0,0
2019-11-17,BREAD,STUF,0.0,0.0,0.0,0.0,0,0,0.0,0,0,0,0,0,0,0
2019-11-17,BREAD,SOURDOUGH,0.0,0.0,0.0,0.0,0,0,0.0,0,0,0,0,0,0,0
2019-11-17,BREAD,SOUR JC,0.0,0.0,0.0,0.0,0,0,0.0,0,0,0,0,0,0,0
2019-11-17,BREAD,Sour RG,0.0,0.0,0.0,0.0,0,0,0.0,0,0,0,0,0,0,0
2019-11-17,BREAD,WC,0.0,0.0,0.0,0.0,0,0,0.0,0,0,0,0,0,0,0
2019-11-17,BREAD,Car,0.0,0.0,0.0,0.0,0,0,0.0,0,0,0,0,0,0,0
2019-11-17,BREAD,IHF,0.0,0.0,0.0,0.0,0,0,0.0,0,0,0,0,0,0,0
2019-11-17,BREAD,TURKEYS,0.0,0.0,0.0,0.0,0,0,0.0,0,0,0,0,0,0,0
2019-11-17,BREAD,CrO Rls,0.0,0.0,0.0,0.0,0,0,0.0,0,0,0,0,0,0,0
2019-11-17,BREAD,BUT Rls,0.0,0.0,0.0,0.0,0,0,0.0,0,0,0,0,0,0,0
2019-11-17,BREAD,H-RLS,0.0,0.0,0.0,0.0,0,0,0.0,0,0,0,0,0,0,0
2019-11-17,BREAD,FR-RLS,0.0,0.0,0.0,0.0,0,0,0.0,0,0,0,0,0,0,0
2019-11-17,BREAD,VS-RLS,0.0,0.0,0.0,0.0,0,0,0.0,0,0,0,0,0,0,0
2019-11-17,BREAD,Gingerbread,0.0,0.0,0.0,0.0,0,0,0.0,0,0,0,0,0,0,0
2019-11-17,BREAD,Mex Choc,0.0,0.0,0.0,0.0,0,0,0.0,0,0,0,0,0,0,0
2019-11-17,BREAD,Pump CC,0.0,0.0,0.0,0.0,0,0,0.0,0,0,0,0,0,0,0
2019-11-17,ROLLS,Cinnamon,0.0,0.0,0.0,0.0,0,0,0.0,0,0,0,0,0,0,0
2019-11-17,ROLLS,Pump C-R,0.0,0.0,0.0,0.0,0,0,0.0,0,0,0,0,0,0,0
2019-11-17,ROLLS,Take-n-bake,0.0,0.0,0.0,0.0,0,0,0.0,0,0,0,0,0,0,0
2019-11-17,ROLLS,Mini C-Roll,0.0,0.0,0.0,0.0,0,0,0.0,0,0,0,0,0,0,0
2019-11-17,SCONES,Blueberry,0.0,0.0,0.0,0.0,0,0,0.0,0,0,0,0,0,0,0
2019-11-17,SCONES,Rasp Cream,0.0,0.0,0.0,0.0,0,0,0.0,0,0,0,0,0,0,0
2019-11-17,SCONES,Cherry,0.0,0.0,0.0,0.0,0,0,0.0,0,0,0,0,0,0,0
2019-11-17,SCONES,Butt Almond,0.0,0.0,0.0,0.0,0,0,0.0,0,0,0,0,0,0,0
2019-11-17,SCONES,Turtle,0.0,0.0,0.0,0.0,0,0,0.0,0,0,0,0,0,0,0
2019-11-17,SCONES,pb choc,0.0,0.0,0.0,0.0,0,0,0.0,0,0,0,0,0,0,0
2019-11-17,SCONES,Pump Spice,0.0,0.0,0.0,0.0,0,0,0.0,0,0,0,0,0,0,0
2019-11-17,FRUIT BARS,Mixed Berry,0.0,0.0,0.0,0.0,0,0,0.0,0,0,0,0,0,0,0
2019-11-17,FRUIT BARS,Cherry,0.0,0.0,0.0,0.0,0,0,0.0,0,0,0,0,0,0,0
2019-11-17,FRUIT BARS,Apple Cin,0.0,0.0,0.0,0.0,0,0,0.0,0,0,0,0,0,0,0
2019-11-17,FRUIT BARS,MIXED FRUIT,0.0,0.0,0.0,0.0,0,0,0.0,0,0,0,0,0,0,0
2019-11-17,MUFFINS,Gingerbread,0.0,0.0,0.0,0.0,0,0,0.0,0,0,0,0,0,0,0
2019-11-17,MUFFINS,Mex Choc,0.0,0.0,0.0,0.0,0,0,0.0,0,0,0,0,0,0,0
2019-11-17,MUFFINS,Pump CC,0.0,0.0,0.0,0.0,0,0,0.0,0,0,0,0,0,0,0
2019-11-17,MUFFINS,Cookies,0.0,0.0,0.0,0.0,0,0,0.0,0,0,0,0,0,0,0
2019-11-17,MUFFINS,Bars,0.0,0.0,0.0,0.0,0,0,0.0,0,0,0,0,0,0,0
2019-11-17,MUFFINS,Pies,,,,,0,0,,0,0,0,0,0,0,0
2019-11-17,MUFFINS,oatmeal choc,0.0,0.0,0.0,0.0,0,0,0.0,0,0,0,0,0,0,0
2019-11-17,MUFFINS,triple choc,0.0,0.0,0.0,0.0,0,0,0.0,0,0,0,0,0,0,0
2019-11-17,MUFFINS,snickerdoodle,0.0,0.0,0.0,0.0,0,0,0.0,0,0,0,0,0,0,0
2019-11-17,MUFFINS,Ginger,0.0,0.0,0.0,0.0,0,0,0.0,0,0,0,0,0,0,0
2019-11-17,MUFFINS,frosted sugar,0.0,0.0,0.0,0.0,0,0,0.0,0,0,0,0,0,0,0
2019-11-17,MUFFINS,Pumpkin Bars,0.0,0.0,0.0,0.0,0,0,0.0,0,0,0,0,0,0,0
2019-11-17,MUFFINS,Pump Pie,0.0,0.0,0.0,0.0,0,0,0.0,0,0,0,0,0,0,0
2019-11-17,MUFFINS,Sugar Pie,0.0,0.0,0.0,0.0,0,0,0.0,0,0,0,0,0,0,0
2019-11-17,MUFFINS,Pecan Pie,0.0,0.0,0.0,0.0,0,0,0.0,0,0,0,0,0,0,0
2019-11-17,MUFFINS,AP,0.0,0.0,0.0,0.0,0,0,0.0,0,0,0,0,0,0,0
2019-11-17,MUFFINS,Cr-Ap Pie,0.0,0.0,0.0,0.0,0,0,0.0,0,0,0,0,0,0,0
2019-11-17,MUFFINS,PUMP OHHH,0.0,0.0,0.0,0.0,0,0,0.0,0,0,0,0,0,0,0
2019-11-17,MUFFINS,Bread Pudding,0.0,0.0,0.0,0.0,0,0,0.0,0,0,0,0,0,0,0
2019-11-17,MUFFINS,Totals,0.0,0.0,0.0,0.0,0,0,0.0,0,0,0,0,0,0,0
2019-11-18,BREAD,H,0.0,34.0,34.0,12.0,3,0,19.0,0,0,0,0,0,0,0
2019-11-18,BREAD,FR,0.0,52.0,52.0,12.0,20,0,20.0,0,0,0,0,0,0,0
2019-11-18,BREAD,GW,0.0,12.0,12.0,3.0,0,0,9.0,0,0,0,0,0,0,0
2019-11-18,BREAD,DK,0.0,23.0,23.0,21.0,0,0,2.0,0,0,0,0,0,0,0
2019-11-18,BREAD,H5|Cran,0.0,0.0,0.0,0.0,0,0,0.0,0,0,0,0,0,0,0
2019-11-18,BREAD,CSRWL,0.0,16.0,16.0,11.0,0,0,5.0,0,3,3,2,0,0,1
2019-11-18,BREAD,PUMP PIE SW,0.0,12.0,12.0,9.0,0,0,3.0,0,2,2,2,0,0,0
2019-11-18,BREAD,CB,0.0,0.0,0.0,0.0,0,0,0.0,0,0,0,0,0,0,0
2019-11-18,BREAD,CPBB,0.0,0.0,0.0,0.0,0,0,0.0,0,0,0,0,0,0,0
2019-11-18,BREAD,CNE,0.0,10.0,10.0,10.0,0,0,0.0,0,3,3,3,0,0,0
2019-11-18,BREAD,CNR,0.0,4.0,4.0,4.0,0,0,0.0,0,0,0,0,0,0,0
2019-11-18,BREAD,CNW,0.0,4.0,4.0,2.0,0,0,2.0,0,0,0,0,0,0,0
2019-11-18,BREAD,CG,0.0,6.0,6.0,4.0,0,0,2.0,0,3,3,3,0,0,0
2019-11-18,BREAD,Pesto CG,0.0,3.0,3.0,1.0,0,0,2.0,0,0,0,0,0,0,0
2019-11-18,BREAD,CrO,0.0,0.0,0.0,0.0,0,0,0.0,0,0,0,0,0,0,0
2019-11-18,BREAD,VS,0.0,72.0,72.0,61.0,0,0,11.0,0,0,0,0,0,0,0
2019-11-18,BREAD,STUF,0.0,0.0,0.0,0.0,0,0,0.0,0,0,0,0,0,0,0
2019-11-18,BREAD,SOURDOUGH,0.0,9.0,9.0,4.0,0,0,5.0,0,0,0,0,0,0,0
2019-11-18,BREAD,SOUR JC,0.0,3.0,3.0,3.0,0,0,0.0,0,0,0,0,0,0,0
2019-11-18,BREAD,Sour RG,0.0,4.0,4.0,0.0,0,0,4.0,0,0,0,0,0,0,0
2019-11-18,BREAD,WC,0.0,0.0,0.0,0.0,0,0,0.0,0,0,0,0,0,0,0
2019-11-18,BREAD,Car,0.0,0.0,0.0,0.0,0,0,0.0,0,0,0,0,0,0,0
2019-11-18,BREAD,IHF,0.0,0.0,0.0,0.0,0,0,0.0,0,0,0,0,0,0,0
2019-11-18,BREAD,TURKEYS,0.0,4.0,4.0,0.0,0,0,4.0,0,0,0,0,0,0,0
2019-11-18,BREAD,CrO Rls,0.0,0.0,0.0,0.0,0,0,0.0,0,0,0,0,0,0,0
2019-11-18,BREAD,BUT Rls,0.0,0.0,0.0,0.0,0,0,0.0,0,0,0,0,0,0,0
2019-11-18,BREAD,H-RLS,0.0,3.0,3.0,3.0,0,0,0.0,0,0,0,0,0,0,0
2019-11-18,BREAD,FR-RLS,0.0,3.0,3.0,3.0,0,0,0.0,0,0,0,0,0,0,0
2019-11-18,BREAD,VS-RLS,0.0,0.0,0.0,0.0,0,0,0.0,0,0,0,0,0,0,0
2019-11-18,BREAD,Gingerbread,0.0,3.0,3.0,0.0,0,0,3.0,0,0,0,0,0,0,0
2019-11-18,BREAD,Mex Choc,0.0,4.0,4.0,2.0,0,0,2.0,0,0,0,0,0,0,0
2019-11-18,BREAD,Pump CC,0.0,6.0,6.0,6.0,0,0,0.0,0,0,0,0,0,0,0
2019-11-18,ROLLS,Cinnamon,0.0,24.0,24.0,20.0,0,4,0.0,0,0,0,0,0,0,0
2019-11-18,ROLLS,Pump C-R,0.0,12.0,12.0,11.0,0,1,0.0,0,0,0,0,0,0,0
2019-11-18,ROLLS,Take-n-bake,0.0,0.0,0.0,0.0,0,0,0.0,0,0,0,0,0,0,0
2019-11-18,ROLLS,Mini C-Roll,0.0,0.0,0.0,0.0,0,0,0.0,0,0,0,0,0,0,0
2019-11-18,SCONES,Blueberry,0.0,0.0,0.0,0.0,0,0,0.0,0,0,0,0,0,0,0
2019-11-18,SCONES,Rasp Cream,0.0,11.0,11.0,8.0,0,3,0.0,0,0,0,0,0,0,0
2019-11-18,SCONES,Cherry,0.0,0.0,0.0,0.0,0,0,0.0,0,0,0,0,0,0,0
2019-11-18,SCONES,Butt Almond,0.0,0.0,0.0,0.0,0,0,0.0,0,0,0,0,0,0,0
2019-11-18,SCONES,Turtle,0.0,0.0,0.0,0.0,0,0,0.0,0,0,0,0,0,0,0
2019-11-18,SCONES,pb choc,0.0,11.0,11.0,11.0,0,0,0.0,0,0,0,0,0,0,0
2019-11-18,SCONES,Pump Spice,0.0,8.0,8.0,8.0,0,0,0.0,0,0,0,0,0,0,0
2019-11-18,FRUIT BARS,Mixed Berry,0.0,8.0,8.0,4.0,0,4,0.0,0,0,0,0,0,0,0
2019-11-18,FRUIT BARS,Cherry,0.0,12.0,12.0,9.0,0,3,0.0,0,0,0,0,0,0,0
2019-11-18,FRUIT BARS,Apple Cin,0.0,0.0,0.0,0.0,0,0,0.0,0,0,0,0,0,0,0
2019-11-18,FRUIT BARS,MIXED FRUIT,0.0,0.0,0.0,0.0,0,0,0.0,0,0,0,0,0,0,0
2019-11-18,MUFFINS,Gingerbread,0.0,3.0,3.0,3.0,0,0,0.0,0,0,0,0,0,0,0
2019-11-18,MUFFINS,Mex Choc,0.0,4.0,4.0,4.0,0,0,0.0,0,0,0,0,0,0,0
2019-11-18,MUFFINS,Pump CC,0.0,5.0,5.0,5.0,0,0,0.0,0,0,0,0,0,0,0
2019-11-18,MUFFINS,Cookies,0.0,0.0,0.0,0.0,0,0,0.0,0,0,0,0,0,0,0
2019-11-18,MUFFINS,Bars,0.0,0.0,0.0,0.0,0,0,0.0,0,0,0,0,0,0,0
2019-11-18,MUFFINS,Pies,,,,,0,0,,0,0,0,0,0,0,0
2019-11-18,MUFFINS,oatmeal choc,0.0,54.0,54.0,22.0,32,0,0.0,0,4,4,0,0,0,0
2019-11-18,MUFFINS,triple choc,0.0,54.0,54.0,19.0,32,0,3.0,0,4,4,0,0,0,0
2019-11-18,MUFFINS,snickerdoodle,0.0,54.0,54.0,18.0,32,0,4.0,0,4,4,0,0,0,0
2019-11-18,MUFFINS,Ginger,0.0,18.0,18.0,12.0,0,0,6.0,0,0,0,0,0,0,0
2019-11-18,MUFFINS,frosted sugar,0.0,18.0,18.0,11.0,0,0,7.0,0,0,0,0,0,0,0
2019-11-18,MUFFINS,Pumpkin Bars,0.0,30.0,30.0,4.0,20,0,6.0,0,0,0,0,0,0,0
2019-11-18,MUFFINS,Pump Pie,0.0,0.0,0.0,0.0,0,0,0.0,0,0,0,0,0,0,0
2019-11-18,MUFFINS,Sugar Pie,0.0,0.0,0.0,0.0,0,0,0.0,0,0,0,0,0,0,0
2019-11-18,MUFFINS,Pecan Pie,0.0,0.0,0.0,0.0,0,0,0.0,0,0,0,0,0,0,0
2019-11-18,MUFFINS,AP,0.0,0.0,0.0,0.0,0,0,0.0,0,0,0,0,0,0,0
2019-11-18,MUFFINS,Cr-Ap Pie,0.0,0.0,0.0,0.0,0,0,0.0,0,0,0,0,0,0,0
2019-11-18,MUFFINS,PUMP OHHH,0.0,0.0,0.0,0.0,0,0,0.0,0,0,0,0,0,0,0
2019-11-18,MUFFINS,Bread Pudding,0.0,0.0,0.0,0.0,0,0,0.0,0,0,0,0,0,0,0
2019-11-18,MUFFINS,Totals,0.0,326.0,326.0,169.0,116,15,26.0,0,12,12,0,0,0,0
2019-11-19,BREAD,H,19.0,25.0,44.0,24.0,0,0,20.0,0,0,0,0,0,0,0
2019-11-19,BREAD,FR,20.0,16.0,36.0,14.0,0,0,22.0,0,0,0,0,0,0,0
2019-11-19,BREAD,GW,9.0,3.0,12.0,3.0,0,6,3.0,0,0,0,0,0,0,0
2019-11-19,BREAD,DK,2.0,0.0,2.0,2.0,0,0,0.0,0,0,0,0,0,0,0
2019-11-19,BREAD,H5|Cran,0.0,14.0,14.0,3.0,1,0,10.0,0,7,7,3,0,0,4
2019-11-19,BREAD,CSRWL,5.0,12.0,17.0,13.0,0,0,4.0,1,4,5,5,0,0,0
2019-11-19,BREAD,PUMP PIE SW,3.0,28.0,31.0,5.0,20,0,6.0,0,3,3,1,0,0,2
2019-11-19,BREAD,CB,0.0,9.0,9.0,7.0,1,0,1.0,0,3,3,3,0,0,0
2019-11-19,BREAD,CPBB,0.0,6.0,6.0,0.0,0,0,6.0,0,3,3,1,0,0,2
2019-11-19,BREAD,CNE,0.0,0.0,0.0,0.0,0,0,0.0,0,0,0,0,0,0,0
2019-11-19,BREAD,CNR,0.0,0.0,0.0,0.0,0,0,0.0,0,0,0,0,0,0,0
2019-11-19,BREAD,CNW,2.0,0.0,2.0,2.0,0,0,0.0,0,0,0,0,0,0,0
2019-11-19,BREAD,CG,2.0,0.0,2.0,2.0,0,0,0.0,0,0,0,0,0,0,0
2019-11-19,BREAD,Pesto CG,2.0,0.0,2.0,2.0,0,0,0.0,0,0,0,0,0,0,0
2019-11-19,BREAD,CrO,0.0,9.0,9.0,9.0,0,0,0.0,0,3,3,3,0,0,0
2019-11-19,BREAD,VS,11.0,10.0,21.0,3.0,0,9,9.0,0,43,43,0,0,0,3
2019-11-19,BREAD,STUF,0.0,0.0,0.0,0.0,0,0,0.0,0,0,0,0,0,0,0
2019-11-19,BREAD,SOURDOUGH,5.0,0.0,5.0,1.0,0,4,0.0,0,0,0,0,0,0,0
2019-11-19,BREAD,SOUR JC,0.0,0.0,0.0,0.0,0,0,0.0,0,0,0,0,0,0,0
2019-11-19,BREAD,Sour RG,4.0,0.0,4.0,2.0,0,2,0.0,0,0,0,0,0,0,0
2019-11-19,BREAD,WC,0.0,0.0,0.0,0.0,0,0,0.0,0,0,0,0,0,0,0
2019-11-19,BREAD,Car,0.0,0.0,0.0,0.0,0,0,0.0,0,0,0,0,0,0,0
2019-11-19,BREAD,IHF,0.0,0.0,0.0,0.0,0,0,0.0,0,0,0,0,0,0,0
2019-11-19,BREAD,TURKEYS,4.0,0.0,4.0,2.0,0,2,0.0,0,0,0,0,0,0,0
2019-11-19,BREAD,CrO Rls,0.0,0.0,0.0,0.0,0,0,0.0,0,0,0,0,0,0,0
2019-11-19,BREAD,BUT Rls,0.0,0.0,0.0,0.0,0,0,0.0,0,0,0,0,0,0,0
2019-11-19,BREAD,H-RLS,0.0,4.0,4.0,2.0,0,0,2.0,0,0,0,0,0,0,0
2019-11-19,BREAD,FR-RLS,0.0,3.0,3.0,3.0,0,0,0.0,0,0,0,0,0,0,0
2019-11-19,BREAD,VS-RLS,0.0,4.0,4.0,2.0,0,0,2.0,0,0,0,0,0,0,0
2019-11-19,BREAD,Gingerbread,3.0,1.0,4.0,3.0,0,0,1.0,0,0,0,0,0,0,0
2019-11-19,BREAD,Mex Choc,2.0,4.0,6.0,2.0,0,0,4.0,0,0,0,0,0,0,0
2019-11-19,BREAD,Pump CC,0.0,8.0,8.0,4.0,2,0,2.0,0,0,0,0,0,0,0
2019-11-19,ROLLS,Cinnamon,0.0,24.0,24.0,21.0,0,3,0.0,0,0,0,0,0,0,0
2019-11-19,ROLLS,Pump C-R,0.0,12.0,12.0,12.0,0,0,0.0,0,0,0,0,0,0,0
2019-11-19,ROLLS,Take-n-bake,0.0,0.0,0.0,0.0,0,0,0.0,0,0,0,0,0,0,0
2019-11-19,ROLLS,Mini C-Roll,0.0,0.0,0.0,0.0,0,0,0.0,0,0,0,0,0,0,0
2019-11-19,SCONES,Blueberry,0.0,12.0,12.0,12.0,0,0,0.0,0,0,0,0,0,0,0
2019-11-19,SCONES,Rasp Cream,0.0,0.0,0.0,0.0,0,0,0.0,0,0,0,0,0,0,0
2019-11-19,SCONES,Cherry,0.0,0.0,0.0,0.0,0,0,0.0,0,0,0,0,0,0,0
2019-11-19,SCONES,Butt Almond,0.0,0.0,0.0,0.0,0,0,0.0,0,0,0,0,0,0,0
2019-11-19,SCONES,Turtle,0.0,0.0,0.0,0.0,0,0,0.0,0,0,0,0,0,0,0
2019-11-19,SCONES,pb choc,0.0,11.0,11.0,10.0,0,1,0.0,0,0,0,0,0,0,0
2019-11-19,SCONES,Pump Spice,0.0,8.0,8.0,3.0,0,5,0.0,0,0,0,0,0,0,0
2019-11-19,FRUIT BARS,Mixed Berry,0.0,0.0,0.0,0.0,0,0,0.0,0,0,0,0,0,0,0
2019-11-19,FRUIT BARS,Cherry,0.0,0.0,0.0,0.0,0,0,0.0,0,0,0,0,0,0,0
2019-11-19,FRUIT BARS,Apple Cin,0.0,12.0,12.0,6.0,2,4,0.0,0,0,0,0,0,0,0
2019-11-19,FRUIT BARS,MIXED FRUIT,0.0,8.0,8.0,1.0,2,5,0.0,0,0,0,0,0,0,0
2019-11-19,MUFFINS,Gingerbread,0.0,6.0,6.0,3.0,0,3,0.0,0,0,0,0,0,0,0
2019-11-19,MUFFINS,Mex Choc,0.0,8.0,8.0,3.0,0,5,0.0,0,0,0,0,0,0,0
2019-11-19,MUFFINS,Pump CC,0.0,8.0,8.0,3.0,0,5,0.0,0,0,0,0,0,0,0
2019-11-19,MUFFINS,Cookies,0.0,0.0,0.0,0.0,0,0,0.0,0,0,0,0,0,0,0
2019-11-19,MUFFINS,Bars,0.0,0.0,0.0,0.0,0,0,0.0,0,0,0,0,0,0,0
2019-11-19,MUFFINS,Pies,,,,,0,0,,0,0,0,0,0,0,0
2019-11-19,MUFFINS,oatmeal choc,0.0,24.0,24.0,5.0,6,0,13.0,0,4,4,0,0,0,0
2019-11-19,MUFFINS,triple choc,3.0,24.0,27.0,16.0,6,0,5.0,0,4,4,0,0,0,0
2019-11-19,MUFFINS,snickerdoodle,4.0,24.0,28.0,6.0,6,0,16.0,0,4,4,0,0,0,0
2019-11-19,MUFFINS,Ginger,6.0,6.0,12.0,12.0,0,0,0.0,0,4,4,0,0,0,0
2019-11-19,MUFFINS,frosted sugar,7.0,12.0,19.0,0.0,0,0,19.0,0,0,0,0,0,0,0
2019-11-19,MUFFINS,Pumpkin Bars,6.0,7.0,13.0,6.0,5,1,1.0,0,0,0,0,0,0,0
2019-11-19,MUFFINS,Pump Pie,0.0,0.0,0.0,0.0,0,0,0.0,0,0,0,0,0,0,0
2019-11-19,MUFFINS,Sugar Pie,0.0,0.0,0.0,0.0,0,0,0.0,0,0,0,0,0,0,0
2019-11-19,MUFFINS,Pecan Pie,0.0,0.0,0.0,0.0,0,0,0.0,0,0,0,0,0,0,0
2019-11-19,MUFFINS,AP,0.0,0.0,0.0,0.0,0,0,0.0,0,0,0,0,0,0,0
2019-11-19,MUFFINS,Cr-Ap Pie,0.0,0.0,0.0,0.0,0,0,0.0,0,0,0,0,0,0,0
2019-11-19,MUFFINS,PUMP OHHH,0.0,0.0,0.0,0.0,0,0,0.0,0,0,0,0,0,0,0
2019-11-19,MUFFINS,Bread Pudding,0.0,0.0,0.0,0.0,0,0,0.0,0,0,0,0,0,0,0
2019-11-19,MUFFINS,Totals,26.0,206.0,232.0,119.0,27,32,54.0,0,16,16,0,0,0,0
2019-11-22,BREAD,H,9.0,44.0,53.0,22.0,7,0,24.0,0,0,0,0,0,0,0
2019-11-22,BREAD,FR,8.0,48.0,56.0,20.0,2,0,34.0,0,0,0,0,0,0,0
2019-11-22,BREAD,GW,3.0,13.0,16.0,2.0,0,0,14.0,0,0,0,0,0,0,0
2019-11-22,BREAD,DK,6.0,20.0,26.0,18.0,0,0,8.0,0,0,0,0,0,0,0
2019-11-22,BREAD,H5|Cran,8.0,0.0,8.0,5.0,0,0,3.0,6,0,6,0,0,0,6
2019-11-22,BREAD,CSRWL,4.0,17.0,21.0,15.0,2,0,4.0,2,2,4,3,0,0,1
2019-11-22,BREAD,PUMP PIE SW,7.0,12.0,19.0,8.0,0,0,11.0,0,3,3,0,0,0,3
2019-11-22,BREAD,CB,10.0,0.0,10.0,4.0,0,6,0.0,4,0,4,1,0,0,0
2019-11-22,BREAD,CPBB,0.0,0.0,0.0,0.0,0,0,0.0,0,0,0,0,0,0,0
2019-11-22,BREAD,CNE,0.0,21.0,21.0,8.0,0,0,13.0,0,3,3,0,0,0,3
2019-11-22,BREAD,CNR,0.0,8.0,8.0,5.0,1,0,2.0,0,0,0,0,0,0,0
2019-11-22,BREAD,CNW,0.0,10.0,10.0,7.0,3,0,0.0,0,0,0,0,0,0,0
2019-11-22,BREAD,CG,0.0,8.0,8.0,4.0,0,0,4.0,0,2,2,1,0,0,1
2019-11-22,BREAD,Pesto CG,0.0,6.0,6.0,1.0,1,0,4.0,0,0,0,0,0,0,0
2019-11-22,BREAD,CrO,4.0,0.0,4.0,4.0,0,0,0.0,1,0,1,0,0,0,0
2019-11-22,BREAD,VS,10.0,26.0,36.0,11.0,20,0,5.0,1,3,4,1,0,0,3
2019-11-22,BREAD,STUF,4.0,0.0,4.0,3.0,0,1,0.0,2,0,2,0,0,0,0
2019-11-22,BREAD,SOURDOUGH,0.0,10.0,10.0,2.0,1,0,7.0,0,0,0,0,0,0,0
2019-11-22,BREAD,SOUR JC,0.0,5.0,5.0,2.0,0,0,3.0,0,0,0,0,0,0,0
2019-11-22,BREAD,Sour RG,0.0,5.0,5.0,3.0,0,0,2.0,0,0,0,0,0,0,0
2019-11-22,BREAD,WC,0.0,0.0,0.0,0.0,0,0,0.0,0,0,0,0,0,0,0
2019-11-22,BREAD,Car,0.0,0.0,0.0,0.0,0,0,0.0,0,0,0,0,0,0,0
2019-11-22,BREAD,IHF,0.0,0.0,0.0,0.0,0,0,0.0,0,0,0,0,0,0,0
2019-11-22,BREAD,TURKEYS,4.0,2.0,6.0,1.0,0,3,2.0,0,0,0,0,0,0,0
2019-11-22,BREAD,CrO Rls,1.0,0.0,1.0,0.0,0,1,0.0,0,0,0,0,0,0,0
2019-11-22,BREAD,BUT Rls,0.0,39.0,39.0,7.0,8,0,24.0,0,0,0,0,0,0,0
2019-11-22,BREAD,H-RLS,1.0,10.0,11.0,6.0,2,0,3.0,0,0,0,0,0,0,0
2019-11-22,BREAD,FR-RLS,0.0,0.0,0.0,0.0,0,0,0.0,0,0,0,0,0,0,0
2019-11-22,BREAD,VS-RLS,0.0,10.0,10.0,2.0,2,0,6.0,0,0,0,0,0,0,0
2019-11-22,BREAD,Gingerbread,1.0,5.0,6.0,0.0,0,1,5.0,0,0,0,0,0,0,0
2019-11-22,BREAD,Mex Choc,4.0,2.0,6.0,1.0,0,3,2.0,0,0,0,0,0,0,0
2019-11-22,BREAD,Pump CC,4.0,9.0,13.0,10.0,3,0,0.0,0,0,0,0,0,0,0
2019-11-22,ROLLS,Cinnamon,0.0,36.0,36.0,31.0,0,5,0.0,0,0,0,0,0,0,0
2019-11-22,ROLLS,Pump C-R,0.0,24.0,24.0,12.0,0,12,0.0,0,0,0,0,0,0,0
2019-11-22,ROLLS,Take-n-bake,0.0,0.0,0.0,0.0,0,0,0.0,0,0,0,0,0,0,0
2019-11-22,ROLLS,Mini C-Roll,0.0,72.0,72.0,-24.0,72,24,0.0,0,0,0,0,0,0,0
2019-11-22,SCONES,Blueberry,0.0,0.0,0.0,0.0,0,0,0.0,0,0,0,0,0,0,0
2019-11-22,SCONES,Rasp Cream,0.0,0.0,0.0,0.0,0,0,0.0,0,0,0,0,0,0,0
2019-11-22,SCONES,Cherry,0.0,16.0,16.0,12.0,4,0,0.0,0,0,0,0,0,0,0
2019-11-22,SCONES,Butt Almond,0.0,17.0,17.0,13.0,0,4,0.0,0,0,0,0,0,0,0
2019-11-22,SCONES,Turtle,0.0,0.0,0.0,0.0,0,0,0.0,0,0,0,0,0,0,0
2019-11-22,SCONES,pb choc,0.0,0.0,0.0,0.0,0,0,0.0,0,0,0,0,0,0,0
2019-11-22,SCONES,Pump Spice,0.0,10.0,10.0,4.0,0,6,0.0,0,0,0,0,0,0,0
2019-11-22,FRUIT BARS,Mixed Berry,0.0,8.0,8.0,0.0,0,8,0.0,0,0,0,0,0,0,0
2019-11-22,FRUIT BARS,Cherry,0.0,12.0,12.0,9.0,0,3,0.0,0,0,0,0,0,0,0
2019-11-22,FRUIT BARS,Apple Cin,0.0,0.0,0.0,0.0,0,0,0.0,0,0,0,0,0,0,0
2019-11-22,FRUIT BARS,MIXED FRUIT,0.0,0.0,0.0,0.0,0,0,0.0,0,0,0,0,0,0,0
2019-11-22,MUFFINS,Gingerbread,0.0,6.0,6.0,2.0,0,4,0.0,0,4,4,0,0,0,0
2019-11-22,MUFFINS,Mex Choc,0.0,6.0,6.0,2.0,0,4,0.0,0,4,4,0,0,0,0
2019-11-22,MUFFINS,Pump CC,0.0,8.0,8.0,5.0,0,3,0.0,0,4,4,0,0,0,0
2019-11-22,MUFFINS,Cookies,0.0,0.0,0.0,0.0,0,0,0.0,0,0,0,0,0,0,0
2019-11-22,MUFFINS,Bars,0.0,0.0,0.0,0.0,0,0,0.0,0,0,0,0,0,0,0
2019-11-22,MUFFINS,Pies,,,,,0,0,,0,0,0,0,0,0,0
2019-11-22,MUFFINS,oatmeal choc,8.0,54.0,62.0,16.0,39,0,7.0,0,0,0,0,0,0,0
2019-11-22,MUFFINS,triple choc,0.0,60.0,60.0,8.0,39,0,13.0,0,0,0,0,0,0,0
2019-11-22,MUFFINS,snickerdoodle,10.0,48.0,58.0,15.0,39,1,3.0,0,0,0,0,0,0,0
2019-11-22,MUFFINS,Ginger,5.0,12.0,17.0,11.0,0,0,6.0,0,0,0,0,0,0,0
2019-11-22,MUFFINS,frosted sugar,0.0,18.0,18.0,0.0,0,0,18.0,0,0,0,0,0,0,0
2019-11-22,MUFFINS,Pumpkin Bars,4.0,4.0,8.0,2.0,0,2,4.0,0,0,0,0,0,0,0
2019-11-22,MUFFINS,Pump Pie,0.0,14.0,14.0,1.0,0,0,13.0,0,0,0,0,0,0,0
2019-11-22,MUFFINS,Sugar Pie,0.0,12.0,12.0,3.0,0,0,9.0,0,0,0,0,0,0,0
2019-11-22,MUFFINS,Pecan Pie,0.0,7.0,7.0,0.0,0,0,7.0,0,0,0,0,0,0,0
2019-11-22,MUFFINS,AP,0.0,5.0,5.0,1.0,0,0,4.0,0,0,0,0,0,0,0
2019-11-22,MUFFINS,Cr-Ap Pie,0.0,10.0,10.0,1.0,2,0,7.0,0,0,0,0,0,0,0
2019-11-22,MUFFINS,PUMP OHHH,0.0,0.0,0.0,-2.0,2,0,0.0,0,0,0,0,0,0,0
2019-11-22,MUFFINS,Bread Pudding,0.0,0.0,0.0,0.0,0,0,0.0,0,0,0,0,0,0,0
2019-11-22,MUFFINS,Totals,27.0,449.0,476.0,121.0,195,76,84.0,0,22,22,1,0,0,7
2019-11-20,BREAD,H,20.0,27.0,47.0,14.0,6,0,27.0,0,0,0,0,0,0,0
2019-11-20,BREAD,FR,22.0,16.0,38.0,22.0,7,2,7.0,0,0,0,0,0,0,0
2019-11-20,BREAD,GW,3.0,7.0,10.0,0.0,0,3,7.0,0,0,0,0,0,0,0
2019-11-20,BREAD,DK,0.0,22.0,22.0,9.0,0,0,13.0,0,0,0,0,0,0,0
2019-11-20,BREAD,H5|Cran,10.0,0.0,10.0,10.0,0,0,0.0,4,0,4,4,0,0,0
2019-11-20,BREAD,CSRWL,4.0,16.0,20.0,7.0,0,0,13.0,0,3,3,2,0,0,1
2019-11-20,BREAD,PUMP PIE SW,6.0,8.0,14.0,7.0,0,0,7.0,2,0,2,1,0,0,0
2019-11-20,BREAD,CB,1.0,0.0,1.0,1.0,0,0,0.0,0,0,0,0,0,0,0
2019-11-20,BREAD,CPBB,6.0,0.0,6.0,2.0,0,4,0.0,2,0,2,0,0,0,0
2019-11-20,BREAD,CNE,0.0,18.0,18.0,8.0,0,0,10.0,0,3,3,0,0,0,3
2019-11-20,BREAD,CNR,0.0,11.0,11.0,2.0,0,0,9.0,0,0,0,0,0,0,0
2019-11-20,BREAD,CNW,0.0,4.0,4.0,1.0,0,0,3.0,0,0,0,0,0,0,0
2019-11-20,BREAD,CG,0.0,8.0,8.0,6.0,0,0,2.0,0,3,3,3,0,0,0
2019-11-20,BREAD,Pesto CG,0.0,6.0,6.0,1.0,0,0,5.0,0,0,0,0,0,0,0
2019-11-20,BREAD,CrO,0.0,0.0,0.0,-1.0,0,1,0.0,0,0,0,-1,0,0,0
2019-11-20,BREAD,VS,9.0,0.0,9.0,8.0,0,1,0.0,3,0,3,3,0,0,0
2019-11-20,BREAD,STUF,0.0,0.0,0.0,0.0,0,0,0.0,0,0,0,0,0,0,0
2019-11-20,BREAD,SOURDOUGH,0.0,8.0,8.0,5.0,0,0,3.0,0,0,0,0,0,0,0
2019-11-20,BREAD,SOUR JC,0.0,4.0,4.0,0.0,0,0,4.0,0,0,0,0,0,0,0
2019-11-20,BREAD,Sour RG,0.0,5.0,5.0,0.0,0,0,5.0,0,0,0,0,0,0,0
2019-11-20,BREAD,WC,0.0,0.0,0.0,0.0,0,0,0.0,0,0,0,0,0,0,0
2019-11-20,BREAD,Car,0.0,0.0,0.0,-5.0,5,0,0.0,0,0,0,0,0,0,0
2019-11-20,BREAD,IHF,0.0,0.0,0.0,0.0,0,0,0.0,0,0,0,0,0,0,0
2019-11-20,BREAD,TURKEYS,0.0,3.0,3.0,3.0,0,0,0.0,0,0,0,0,0,0,0
2019-11-20,BREAD,CrO Rls,0.0,0.0,0.0,0.0,0,0,0.0,0,0,0,0,0,0,0
2019-11-20,BREAD,BUT Rls,0.0,0.0,0.0,0.0,0,0,0.0,0,0,0,0,0,0,0
2019-11-20,BREAD,H-RLS,2.0,4.0,6.0,6.0,0,0,0.0,0,0,0,0,0,0,0
2019-11-20,BREAD,FR-RLS,0.0,6.0,6.0,6.0,0,0,0.0,0,0,0,0,0,0,0
2019-11-20,BREAD,VS-RLS,2.0,0.0,2.0,2.0,0,0,0.0,0,0,0,0,0,0,0
2019-11-20,BREAD,Gingerbread,1.0,3.0,4.0,3.0,0,0,1.0,0,0,0,0,0,0,0
2019-11-20,BREAD,Mex Choc,4.0,4.0,8.0,1.0,0,3,4.0,0,0,0,0,0,0,0
2019-11-20,BREAD,Pump CC,2.0,8.0,10.0,4.0,2,0,4.0,0,0,0,0,0,0,0
2019-11-20,ROLLS,Cinnamon,0.0,24.0,24.0,18.0,0,6,0.0,0,0,0,0,0,0,0
2019-11-20,ROLLS,Pump C-R,0.0,12.0,12.0,8.0,0,4,0.0,0,0,0,0,0,0,0
2019-11-20,ROLLS,Take-n-bake,0.0,0.0,0.0,0.0,0,0,0.0,0,0,0,0,0,0,0
2019-11-20,ROLLS,Mini C-Roll,0.0,0.0,0.0,0.0,0,0,0.0,0,0,0,0,0,0,0
2019-11-20,SCONES,Blueberry,0.0,0.0,0.0,0.0,0,0,0.0,0,0,0,0,0,0,0
2019-11-20,SCONES,Rasp Cream,0.0,12.0,12.0,8.0,4,0,0.0,0,0,0,0,0,0,0
2019-11-20,SCONES,Cherry,0.0,0.0,0.0,0.0,0,0,0.0,0,0,0,0,0,0,0
2019-11-20,SCONES,Butt Almond,0.0,0.0,0.0,0.0,0,0,0.0,0,0,0,0,0,0,0
2019-11-20,SCONES,Turtle,0.0,10.0,10.0,9.0,0,1,0.0,0,0,0,0,0,0,0
2019-11-20,SCONES,pb choc,0.0,0.0,0.0,0.0,0,0,0.0,0,0,0,0,0,0,0
2019-11-20,SCONES,Pump Spice,0.0,10.0,10.0,0.0,0,10,0.0,0,0,0,0,0,0,0
2019-11-20,FRUIT BARS,Mixed Berry,0.0,8.0,8.0,6.0,1,1,0.0,0,0,0,0,0,0,0
2019-11-20,FRUIT BARS,Cherry,0.0,12.0,12.0,10.0,2,0,0.0,0,0,0,0,0,0,0
2019-11-20,FRUIT BARS,Apple Cin,0.0,0.0,0.0,0.0,0,0,0.0,0,0,0,0,0,0,0
2019-11-20,FRUIT BARS,MIXED FRUIT,0.0,0.0,0.0,0.0,0,0,0.0,0,0,0,0,0,0,0
2019-11-20,MUFFINS,Gingerbread,0.0,6.0,6.0,2.0,0,4,0.0,0,0,0,0,0,0,0
2019-11-20,MUFFINS,Mex Choc,0.0,8.0,8.0,0.0,0,8,0.0,0,0,0,0,0,0,0
2019-11-20,MUFFINS,Pump CC,0.0,10.0,10.0,1.0,0,9,0.0,0,0,0,0,0,0,0
2019-11-20,MUFFINS,Cookies,0.0,0.0,0.0,0.0,0,0,0.0,0,0,0,0,0,0,0
2019-11-20,MUFFINS,Bars,0.0,0.0,0.0,0.0,0,0,0.0,0,0,0,0,0,0,0
2019-11-20,MUFFINS,Pies,,,,,0,0,,0,0,0,0,0,0,0
2019-11-20,MUFFINS,oatmeal choc,13.0,12.0,25.0,20.0,4,0,1.0,0,2,2,0,0,0,0
2019-11-20,MUFFINS,triple choc,5.0,18.0,23.0,17.0,4,0,2.0,0,2,2,0,0,0,0
2019-11-20,MUFFINS,snickerdoodle,16.0,6.0,22.0,20.0,2,0,0.0,0,4,4,0,0,0,0
2019-11-20,MUFFINS,Ginger,0.0,18.0,18.0,6.0,1,0,11.0,0,0,0,0,0,0,0
2019-11-20,MUFFINS,frosted sugar,19.0,0.0,19.0,3.0,0,0,16.0,0,0,0,0,0,0,0
2019-11-20,MUFFINS,Pumpkin Bars,1.0,12.0,13.0,10.0,3,0,0.0,0,0,0,0,0,0,0
2019-11-20,MUFFINS,Pump Pie,0.0,0.0,0.0,-2.0,0,0,2.0,0,0,0,0,0,0,0
2019-11-20,MUFFINS,Sugar Pie,0.0,0.0,0.0,0.0,0,0,0.0,0,0,0,0,0,0,0
2019-11-20,MUFFINS,Pecan Pie,0.0,0.0,0.0,0.0,0,0,0.0,0,0,0,0,0,0,0
2019-11-20,MUFFINS,AP,0.0,0.0,0.0,0.0,0,0,0.0,0,0,0,0,0,0,0
2019-11-20,MUFFINS,Cr-Ap Pie,0.0,0.0,0.0,0.0,0,0,0.0,0,0,0,0,0,0,0
2019-11-20,MUFFINS,PUMP OHHH,0.0,0.0,0.0,0.0,0,0,0.0,0,0,0,0,0,0,0
2019-11-20,MUFFINS,Bread Pudding,0.0,0.0,0.0,0.0,0,0,0.0,0,0,0,0,0,0,0
2019-11-20,MUFFINS,Totals,54.0,178.0,232.0,136.0,21,43,32.0,0,8,8,0,0,0,0
2019-11-21,BREAD,H,27.0,21.0,48.0,38.0,1,0,9.0,0,0,0,0,0,0,0
2019-11-21,BREAD,FR,7.0,53.0,60.0,12.0,40,0,8.0,0,0,0,0,0,0,0
2019-11-21,BREAD,GW,7.0,4.0,11.0,5.0,0,3,3.0,0,0,0,0,0,0,0
2019-11-21,BREAD,DK,13.0,0.0,13.0,7.0,0,0,6.0,0,0,0,0,0,0,0
2019-11-21,BREAD,H5|Cran,0.0,14.0,14.0,6.0,0,0,8.0,0,6,6,0,0,0,6
2019-11-21,BREAD,CSRWL,13.0,8.0,21.0,8.0,1,8,4.0,1,3,4,2,0,0,2
2019-11-21,BREAD,PUMP PIE SW,7.0,8.0,15.0,6.0,0,2,7.0,0,2,2,2,0,0,0
2019-11-21,BREAD,CB,0.0,14.0,14.0,4.0,0,0,10.0,0,6,6,2,0,0,4
2019-11-21,BREAD,CPBB,0.0,0.0,0.0,0.0,0,0,0.0,0,0,0,0,0,0,0
2019-11-21,BREAD,CNE,10.0,0.0,10.0,9.0,0,1,0.0,3,0,3,0,0,0,0
2019-11-21,BREAD,CNR,9.0,0.0,9.0,5.0,0,4,0.0,0,0,0,0,0,0,0
2019-11-21,BREAD,CNW,3.0,0.0,3.0,1.0,0,2,0.0,0,0,0,0,0,0,0
2019-11-21,BREAD,CG,2.0,0.0,2.0,2.0,0,0,0.0,0,0,0,0,0,0,0
2019-11-21,BREAD,Pesto CG,5.0,0.0,5.0,1.0,0,4,0.0,0,0,0,0,0,0,0
2019-11-21,BREAD,CrO,0.0,16.0,16.0,9.0,3,0,4.0,0,3,3,1,0,0,1
2019-11-21,BREAD,VS,0.0,37.0,37.0,4.0,23,0,10.0,0,17,17,1,0,0,1
2019-11-21,BREAD,STUF,0.0,36.0,36.0,30.0,2,0,4.0,0,4,4,2,0,0,2
2019-11-21,BREAD,SOURDOUGH,3.0,0.0,3.0,3.0,0,0,0.0,0,0,0,0,0,0,0
2019-11-21,BREAD,SOUR JC,4.0,0.0,4.0,1.0,0,3,0.0,0,0,0,0,0,0,0
2019-11-21,BREAD,Sour RG,5.0,0.0,5.0,4.0,0,1,0.0,0,0,0,0,0,0,0
2019-11-21,BREAD,WC,0.0,0.0,0.0,0.0,0,0,0.0,0,0,0,0,0,0,0
2019-11-21,BREAD,Car,0.0,0.0,0.0,0.0,0,0,0.0,0,0,0,0,0,0,0
2019-11-21,BREAD,IHF,0.0,0.0,0.0,0.0,0,0,0.0,0,0,0,0,0,0,0
2019-11-21,BREAD,TURKEYS,0.0,4.0,4.0,-1.0,0,1,4.0,0,0,0,0,0,0,0
2019-11-21,BREAD,CrO Rls,0.0,4.0,4.0,1.0,2,0,1.0,0,0,0,0,0,0,0
2019-11-21,BREAD,BUT Rls,0.0,27.0,27.0,9.0,18,0,0.0,0,0,0,0,0,0,0
2019-11-21,BREAD,H-RLS,0.0,6.0,6.0,5.0,0,0,1.0,0,0,0,0,0,0,0
2019-11-21,BREAD,FR-RLS,0.0,5.0,5.0,5.0,0,0,0.0,0,0,0,0,0,0,0
2019-11-21,BREAD,VS-RLS,0.0,8.0,8.0,6.0,2,0,0.0,0,0,0,0,0,0,0
2019-11-21,BREAD,Gingerbread,1.0,4.0,5.0,4.0,0,0,1.0,0,0,0,0,0,0,0
2019-11-21,BREAD,Mex Choc,4.0,3.0,7.0,1.0,0,2,4.0,0,0,0,0,0,0,0
2019-11-21,BREAD,Pump CC,4.0,6.0,10.0,4.0,2,0,4.0,0,0,0,0,0,0,0
2019-11-21,ROLLS,Cinnamon,0.0,24.0,24.0,20.0,0,4,0.0,0,0,0,0,0,0,0
2019-11-21,ROLLS,Pump C-R,0.0,12.0,12.0,8.0,0,4,0.0,0,0,0,0,0,0,0
2019-11-21,ROLLS,Take-n-bake,0.0,0.0,0.0,0.0,0,0,0.0,0,0,0,0,0,0,0
2019-11-21,ROLLS,Mini C-Roll,0.0,48.0,48.0,0.0,48,0,0.0,0,0,0,0,0,0,0
2019-11-21,SCONES,Blueberry,0.0,22.0,22.0,16.0,0,6,0.0,0,4,4,0,0,0,0
2019-11-21,SCONES,Rasp Cream,0.0,0.0,0.0,0.0,0,0,0.0,0,0,0,0,0,0,0
2019-11-21,SCONES,Cherry,0.0,0.0,0.0,0.0,0,0,0.0,0,0,0,0,0,0,0
2019-11-21,SCONES,Butt Almond,0.0,0.0,0.0,0.0,0,0,0.0,0,0,0,0,0,0,0
2019-11-21,SCONES,Turtle,0.0,19.0,19.0,7.0,0,12,0.0,0,4,4,0,0,0,0
2019-11-21,SCONES,pb choc,0.0,0.0,0.0,0.0,0,0,0.0,0,0,0,0,0,0,0
2019-11-21,SCONES,Pump Spice,0.0,11.0,11.0,3.0,0,8,0.0,0,4,4,0,0,0,0
2019-11-21,FRUIT BARS,Mixed Berry,0.0,0.0,0.0,0.0,0,0,0.0,0,0,0,0,0,0,0
2019-11-21,FRUIT BARS,Cherry,0.0,0.0,0.0,0.0,0,0,0.0,0,0,0,0,0,0,0
2019-11-21,FRUIT BARS,Apple Cin,0.0,12.0,12.0,8.0,3,1,0.0,0,0,0,0,0,0,0
2019-11-21,FRUIT BARS,MIXED FRUIT,0.0,8.0,8.0,1.0,2,5,0.0,0,0,0,0,0,0,0
2019-11-21,MUFFINS,Gingerbread,0.0,6.0,6.0,2.0,0,4,0.0,0,5,5,0,0,0,0
2019-11-21,MUFFINS,Mex Choc,0.0,6.0,6.0,2.0,0,4,0.0,0,5,5,0,0,0,0
2019-11-21,MUFFINS,Pump CC,0.0,8.0,8.0,6.0,0,2,0.0,0,0,0,0,0,0,0
2019-11-21,MUFFINS,Cookies,0.0,0.0,0.0,0.0,0,0,0.0,0,0,0,0,0,0,0
2019-11-21,MUFFINS,Bars,0.0,0.0,0.0,0.0,0,0,0.0,0,0,0,0,0,0,0
2019-11-21,MUFFINS,Pies,,,,,0,0,,0,0,0,0,0,0,0
2019-11-21,MUFFINS,oatmeal choc,1.0,36.0,37.0,-1.0,30,0,8.0,0,0,0,0,0,0,0
2019-11-21,MUFFINS,triple choc,2.0,32.0,34.0,4.0,30,0,0.0,0,0,0,0,0,0,0
2019-11-21,MUFFINS,snickerdoodle,0.0,84.0,84.0,43.0,31,0,10.0,0,0,0,0,0,0,0
2019-11-21,MUFFINS,Ginger,11.0,6.0,17.0,12.0,0,0,5.0,0,0,0,0,0,0,0
2019-11-21,MUFFINS,frosted sugar,16.0,6.0,22.0,14.0,0,8,0.0,0,0,0,0,0,0,0
2019-11-21,MUFFINS,Pumpkin Bars,0.0,8.0,8.0,4.0,0,0,4.0,0,0,0,0,0,0,0
2019-11-21,MUFFINS,Pump Pie,2.0,0.0,2.0,2.0,0,0,0.0,0,0,0,0,0,0,0
2019-11-21,MUFFINS,Sugar Pie,0.0,0.0,0.0,0.0,0,0,0.0,0,0,0,0,0,0,0
2019-11-21,MUFFINS,Pecan Pie,0.0,0.0,0.0,0.0,0,0,0.0,0,0,0,0,0,0,0
2019-11-21,MUFFINS,AP,0.0,0.0,0.0,0.0,0,0,0.0,0,0,0,0,0,0,0
2019-11-21,MUFFINS,Cr-Ap Pie,0.0,0.0,0.0,0.0,0,0,0.0,0,0,0,0,0,0,0
2019-11-21,MUFFINS,PUMP OHHH,0.0,0.0,0.0,0.0,0,0,0.0,0,0,0,0,0,0,0
2019-11-21,MUFFINS,Bread Pudding,3.0,0.0,3.0,3.0,0,0,0.0,2,0,2,0,0,0,0
2019-11-21,MUFFINS,Totals,35.0,348.0,383.0,154.0,144,58,27.0,2,22,22,0,0,0,0
2019-11-23,BREAD,H,24.0,0.0,24.0,13.0,0,11,0.0,0,0,0,0,0,0,0
2019-11-23,BREAD,FR,34.0,0.0,34.0,23.0,0,11,0.0,0,0,0,0,0,0,0
2019-11-23,BREAD,GW,14.0,0.0,14.0,5.0,0,9,0.0,0,0,0,0,0,0,0
2019-11-23,BREAD,DK,8.0,0.0,8.0,8.0,0,0,0.0,0,0,0,0,0,0,0
2019-11-23,BREAD,H5|Cran,3.0,0.0,3.0,-1.0,0,4,0.0,6,0,6,6,0,0,0
2019-11-23,BREAD,CSRWL,4.0,14.0,18.0,12.0,2,4,0.0,1,2,3,3,0,0,0
2019-11-23,BREAD,PUMP PIE SW,11.0,4.0,15.0,11.0,0,4,0.0,3,0,3,3,0,0,0
2019-11-23,BREAD,CB,0.0,6.0,6.0,6.0,0,0,0.0,0,3,3,3,0,0,0
2019-11-23,BREAD,CPBB,0.0,0.0,0.0,0.0,0,0,0.0,0,0,0,0,0,0,0
2019-11-23,BREAD,CNE,13.0,0.0,13.0,13.0,0,0,0.0,3,0,3,3,0,0,0
2019-11-23,BREAD,CNR,2.0,0.0,2.0,2.0,0,0,0.0,0,0,0,0,0,0,0
2019-11-23,BREAD,CNW,0.0,0.0,0.0,0.0,0,0,0.0,0,0,0,0,0,0,0
2019-11-23,BREAD,CG,4.0,0.0,4.0,2.0,0,2,0.0,1,0,1,1,0,0,0
2019-11-23,BREAD,Pesto CG,4.0,0.0,4.0,4.0,0,0,0.0,0,0,0,0,0,0,0
2019-11-23,BREAD,CrO,0.0,6.0,6.0,5.0,0,1,0.0,0,2,2,2,0,0,0
2019-11-23,BREAD,VS,5.0,0.0,5.0,5.0,0,0,0.0,3,0,3,3,0,0,0
2019-11-23,BREAD,STUF,0.0,0.0,0.0,0.0,0,0,0.0,0,0,0,0,0,0,0
2019-11-23,BREAD,SOURDOUGH,7.0,0.0,7.0,6.0,0,1,0.0,0,0,0,0,0,0,0
2019-11-23,BREAD,SOUR JC,3.0,0.0,3.0,2.0,0,1,0.0,0,0,0,0,0,0,0
2019-11-23,BREAD,Sour RG,2.0,0.0,2.0,1.0,0,1,0.0,0,0,0,0,0,0,0
2019-11-23,BREAD,WC,0.0,0.0,0.0,0.0,0,0,0.0,0,0,0,0,0,0,0
2019-11-23,BREAD,Car,0.0,0.0,0.0,0.0,0,0,0.0,0,0,0,0,0,0,0
2019-11-23,BREAD,IHF,0.0,0.0,0.0,0.0,0,0,0.0,0,0,0,0,0,0,0
2019-11-23,BREAD,TURKEYS,2.0,0.0,2.0,2.0,0,0,0.0,0,0,0,0,0,0,0
2019-11-23,BREAD,CrO Rls,0.0,2.0,2.0,0.0,2,0,0.0,0,0,0,0,0,0,0
2019-11-23,BREAD,BUT Rls,24.0,0.0,24.0,18.0,0,6,0.0,0,0,0,0,0,0,0
2019-11-23,BREAD,H-RLS,3.0,0.0,3.0,3.0,0,0,0.0,0,0,0,0,0,0,0
2019-11-23,BREAD,FR-RLS,0.0,0.0,0.0,0.0,0,0,0.0,0,0,0,0,0,0,0
2019-11-23,BREAD,VS-RLS,6.0,0.0,6.0,6.0,0,0,0.0,0,0,0,0,0,0,0
2019-11-23,BREAD,Gingerbread,5.0,0.0,5.0,3.0,0,2,0.0,0,0,0,0,0,0,0
2019-11-23,BREAD,Mex Choc,2.0,1.0,3.0,1.0,0,2,0.0,0,0,0,0,0,0,0
2019-11-23,BREAD,Pump CC,0.0,7.0,7.0,3.0,3,1,0.0,0,0,0,0,0,0,0
2019-11-23,ROLLS,Cinnamon,0.0,36.0,36.0,32.0,4,0,0.0,0,0,0,0,0,0,0
2019-11-23,ROLLS,Pump C-R,0.0,24.0,24.0,22.0,2,0,0.0,0,0,0,0,0,0,0
2019-11-23,ROLLS,Take-n-bake,0.0,0.0,0.0,0.0,0,0,0.0,0,0,0,0,0,0,0
2019-11-23,ROLLS,Mini C-Roll,0.0,0.0,0.0,0.0,0,0,0.0,0,0,0,0,0,0,0
2019-11-23,SCONES,Blueberry,0.0,19.0,19.0,13.0,0,6,0.0,0,2,2,0,0,0,0
2019-11-23,SCONES,Rasp Cream,0.0,0.0,0.0,0.0,0,0,0.0,0,0,0,0,0,0,0
2019-11-23,SCONES,Cherry,0.0,0.0,0.0,0.0,0,0,0.0,0,0,0,0,0,0,0
2019-11-23,SCONES,Butt Almond,0.0,14.0,14.0,11.0,0,3,0.0,0,2,2,0,0,0,0
2019-11-23,SCONES,Turtle,0.0,0.0,0.0,0.0,0,0,0.0,0,0,0,0,0,0,0
2019-11-23,SCONES,pb choc,0.0,0.0,0.0,0.0,0,0,0.0,0,0,0,0,0,0,0
2019-11-23,SCONES,Pump Spice,0.0,12.0,12.0,5.0,0,7,0.0,0,0,0,0,0,0,0
2019-11-23,FRUIT BARS,Mixed Berry,0.0,0.0,0.0,0.0,0,0,0.0,0,0,0,0,0,0,0
2019-11-23,FRUIT BARS,Cherry,0.0,0.0,0.0,0.0,0,0,0.0,0,0,0,0,0,0,0
2019-11-23,FRUIT BARS,Apple Cin,0.0,12.0,12.0,8.0,2,2,0.0,0,0,0,0,0,0,0
2019-11-23,FRUIT BARS,MIXED FRUIT,0.0,8.0,8.0,3.0,2,3,0.0,0,0,0,0,0,0,0
2019-11-23,MUFFINS,Gingerbread,0.0,6.0,6.0,3.0,0,3,0.0,0,2,2,0,0,0,0
2019-11-23,MUFFINS,Mex Choc,0.0,8.0,8.0,4.0,0,4,0.0,0,2,2,0,0,0,0
2019-11-23,MUFFINS,Pump CC,0.0,10.0,10.0,5.0,0,5,0.0,0,0,0,0,0,0,0
2019-11-23,MUFFINS,Cookies,0.0,0.0,0.0,0.0,0,0,0.0,0,0,0,0,0,0,0
2019-11-23,MUFFINS,Bars,0.0,0.0,0.0,0.0,0,0,0.0,0,0,0,0,0,0,0
2019-11-23,MUFFINS,Pies,,,,,0,0,,0,0,0,0,0,0,0
2019-11-23,MUFFINS,oatmeal choc,7.0,6.0,13.0,7.0,4,2,0.0,0,4,4,0,0,0,0
2019-11-23,MUFFINS,triple choc,13.0,0.0,13.0,7.0,4,2,0.0,0,2,2,0,0,0,0
2019-11-23,MUFFINS,snickerdoodle,3.0,12.0,15.0,11.0,4,0,0.0,0,4,4,0,0,0,0
2019-11-23,MUFFINS,Ginger,6.0,0.0,6.0,3.0,0,3,0.0,0,0,0,0,0,0,0
2019-11-23,MUFFINS,frosted sugar,18.0,0.0,18.0,9.0,0,9,0.0,0,0,0,0,0,0,0
2019-11-23,MUFFINS,Pumpkin Bars,4.0,5.0,9.0,4.0,3,2,0.0,0,0,0,0,0,0,0
2019-11-23,MUFFINS,Pump Pie,13.0,0.0,13.0,2.0,0,11,0.0,0,0,0,0,0,0,0
2019-11-23,MUFFINS,Sugar Pie,9.0,0.0,9.0,3.0,0,6,0.0,0,0,0,0,0,0,0
2019-11-23,MUFFINS,Pecan Pie,7.0,0.0,7.0,0.0,0,7,0.0,0,0,0,0,0,0,0
2019-11-23,MUFFINS,AP,4.0,0.0,4.0,0.0,0,4,0.0,0,0,0,0,0,0,0
2019-11-23,MUFFINS,Cr-Ap Pie,7.0,0.0,7.0,3.0,0,4,0.0,0,0,0,0,0,0,0
2019-11-23,MUFFINS,PUMP OHHH,0.0,0.0,0.0,0.0,0,0,0.0,0,0,0,0,0,0,0
2019-11-23,MUFFINS,Bread Pudding,0.0,0.0,0.0,0.0,0,0,0.0,0,0,0,0,0,0,0
2019-11-23,MUFFINS,Totals,84.0,172.0,256.0,152.0,25,79,0.0,7,18,25,3,0,0,0
2019-11-24,BREAD,H,0.0,0.0,0.0,0.0,0,0,0.0,0,0,0,0,0,0,0
2019-11-24,BREAD,FR,0.0,0.0,0.0,0.0,0,0,0.0,0,0,0,0,0,0,0
2019-11-24,BREAD,GW,0.0,0.0,0.0,0.0,0,0,0.0,0,0,0,0,0,0,0
2019-11-24,BREAD,DK,0.0,0.0,0.0,0.0,0,0,0.0,0,0,0,0,0,0,0
2019-11-24,BREAD,H5|Cran,0.0,0.0,0.0,0.0,0,0,0.0,0,0,0,0,0,0,0
2019-11-24,BREAD,CSRWL,0.0,0.0,0.0,0.0,0,0,0.0,0,0,0,0,0,0,0
2019-11-24,BREAD,PUMP PIE SW,0.0,0.0,0.0,0.0,0,0,0.0,0,0,0,0,0,0,0
2019-11-24,BREAD,CB,0.0,0.0,0.0,0.0,0,0,0.0,0,0,0,0,0,0,0
2019-11-24,BREAD,CNE,0.0,0.0,0.0,0.0,0,0,0.0,0,0,0,0,0,0,0
2019-11-24,BREAD,CNR,0.0,0.0,0.0,0.0,0,0,0.0,0,0,0,0,0,0,0
2019-11-24,BREAD,CNW,0.0,0.0,0.0,0.0,0,0,0.0,0,0,0,0,0,0,0
2019-11-24,BREAD,CG,0.0,0.0,0.0,0.0,0,0,0.0,0,0,0,0,0,0,0
2019-11-24,BREAD,Pesto CG,0.0,0.0,0.0,0.0,0,0,0.0,0,0,0,0,0,0,0
2019-11-24,BREAD,CrO,0.0,0.0,0.0,0.0,0,0,0.0,0,0,0,0,0,0,0
2019-11-24,BREAD,VS,0.0,0.0,0.0,0.0,0,0,0.0,0,0,0,0,0,0,0
2019-11-24,BREAD,STUF,0.0,0.0,0.0,0.0,0,0,0.0,0,0,0,0,0,0,0
2019-11-24,BREAD,SOURDOUGH,0.0,0.0,0.0,0.0,0,0,0.0,0,0,0,0,0,0,0
2019-11-24,BREAD,SOUR JC,0.0,0.0,0.0,0.0,0,0,0.0,0,0,0,0,0,0,0
2019-11-24,BREAD,Sour RG,0.0,0.0,0.0,0.0,0,0,0.0,0,0,0,0,0,0,0
2019-11-24,BREAD,WC,0.0,0.0,0.0,0.0,0,0,0.0,0,0,0,0,0,0,0
2019-11-24,BREAD,Car,0.0,0.0,0.0,0.0,0,0,0.0,0,0,0,0,0,0,0
2019-11-24,BREAD,IHF,0.0,0.0,0.0,0.0,0,0,0.0,0,0,0,0,0,0,0
2019-11-24,BREAD,TURKEYS,0.0,0.0,0.0,0.0,0,0,0.0,0,0,0,0,0,0,0
2019-11-24,BREAD,CrO Rls,0.0,0.0,0.0,0.0,0,0,0.0,0,0,0,0,0,0,0
2019-11-24,BREAD,BUT Rls,0.0,0.0,0.0,0.0,0,0,0.0,0,0,0,0,0,0,0
2019-11-24,BREAD,H-RLS,0.0,0.0,0.0,0.0,0,0,0.0,0,0,0,0,0,0,0
2019-11-24,BREAD,FR-RLS,0.0,0.0,0.0,0.0,0,0,0.0,0,0,0,0,0,0,0
2019-11-24,BREAD,VS-RLS,0.0,0.0,0.0,0.0,0,0,0.0,0,0,0,0,0,0,0
2019-11-24,BREAD,Gingerbread,0.0,0.0,0.0,0.0,0,0,0.0,0,0,0,0,0,0,0
2019-11-24,BREAD,Mex Choc,0.0,0.0,0.0,0.0,0,0,0.0,0,0,0,0,0,0,0
2019-11-24,BREAD,Pump CC,0.0,0.0,0.0,0.0,0,0,0.0,0,0,0,0,0,0,0
2019-11-24,ROLLS,Cinnamon,0.0,0.0,0.0,0.0,0,0,0.0,0,0,0,0,0,0,0
2019-11-24,ROLLS,Pump C-R,0.0,0.0,0.0,0.0,0,0,0.0,0,0,0,0,0,0,0
2019-11-24,ROLLS,Take-n-bake,0.0,0.0,0.0,0.0,0,0,0.0,0,0,0,0,0,0,0
2019-11-24,ROLLS,Mini C-Roll,0.0,0.0,0.0,0.0,0,0,0.0,0,0,0,0,0,0,0
2019-11-24,SCONES,Blueberry,0.0,0.0,0.0,0.0,0,0,0.0,0,0,0,0,0,0,0
2019-11-24,SCONES,Rasp Cream,0.0,0.0,0.0,0.0,0,0,0.0,0,0,0,0,0,0,0
2019-11-24,SCONES,Cherry,0.0,0.0,0.0,0.0,0,0,0.0,0,0,0,0,0,0,0
2019-11-24,SCONES,Butt Almond,0.0,0.0,0.0,0.0,0,0,0.0,0,0,0,0,0,0,0
2019-11-24,SCONES,Turtle,0.0,0.0,0.0,0.0,0,0,0.0,0,0,0,0,0,0,0
2019-11-24,SCONES,pb choc,0.0,0.0,0.0,0.0,0,0,0.0,0,0,0,0,0,0,0
2019-11-24,SCONES,Pump Spice,0.0,0.0,0.0,0.0,0,0,0.0,0,0,0,0,0,0,0
2019-11-24,FRUIT BARS,Mixed Berry,0.0,0.0,0.0,0.0,0,0,0.0,0,0,0,0,0,0,0
2019-11-24,FRUIT BARS,Cherry,0.0,0.0,0.0,0.0,0,0,0.0,0,0,0,0,0,0,0
2019-11-24,FRUIT BARS,Apple Cin,0.0,0.0,0.0,0.0,0,0,0.0,0,0,0,0,0,0,0
2019-11-24,FRUIT BARS,MIXED FRUIT,0.0,0.0,0.0,0.0,0,0,0.0,0,0,0,0,0,0,0
2019-11-24,MUFFINS,Gingerbread,0.0,0.0,0.0,0.0,0,0,0.0,0,0,0,0,0,0,0
2019-11-24,MUFFINS,Mex Choc,0.0,0.0,0.0,0.0,0,0,0.0,0,0,0,0,0,0,0
2019-11-24,MUFFINS,Pump CC,0.0,0.0,0.0,0.0,0,0,0.0,0,0,0,0,0,0,0
2019-11-24,MUFFINS,Cookies,0.0,0.0,0.0,0.0,0,0,0.0,0,0,0,0,0,0,0
2019-11-24,MUFFINS,Bars,0.0,0.0,0.0,0.0,0,0,0.0,0,0,0,0,0,0,0
2019-11-24,MUFFINS,Pies,,,,,0,0,,0,0,0,0,0,0,0
2019-11-24,MUFFINS,oatmeal choc,0.0,0.0,0.0,0.0,0,0,0.0,0,0,0,0,0,0,0
2019-11-24,MUFFINS,triple choc,0.0,0.0,0.0,0.0,0,0,0.0,0,0,0,0,0,0,0
2019-11-24,MUFFINS,snickerdoodle,0.0,0.0,0.0,0.0,0,0,0.0,0,0,0,0,0,0,0
2019-11-24,MUFFINS,Ginger,0.0,0.0,0.0,0.0,0,0,0.0,0,0,0,0,0,0,0
2019-11-24,MUFFINS,frosted sugar,0.0,0.0,0.0,0.0,0,0,0.0,0,0,0,0,0,0,0
2019-11-24,MUFFINS,Pumpkin Bars,0.0,0.0,0.0,0.0,0,0,0.0,0,0,0,0,0,0,0
2019-11-24,MUFFINS,Pump Pie,0.0,0.0,0.0,0.0,0,0,0.0,0,0,0,0,0,0,0
2019-11-24,MUFFINS,Sugar Pie,0.0,0.0,0.0,0.0,0,0,0.0,0,0,0,0,0,0,0
2019-11-24,MUFFINS,Pecan Pie,0.0,0.0,0.0,0.0,0,0,0.0,0,0,0,0,0,0,0
2019-11-24,MUFFINS,AP,0.0,0.0,0.0,0.0,0,0,0.0,0,0,0,0,0,0,0
2019-11-24,MUFFINS,Cr-Ap Pie,0.0,0.0,0.0,0.0,0,0,0.0,0,0,0,0,0,0,0
2019-11-24,MUFFINS,PUMP OHHH,0.0,0.0,0.0,0.0,0,0,0.0,0,0,0,0,0,0,0
2019-11-24,MUFFINS,Bread Pudding,0.0,0.0,0.0,0.0,0,0,0.0,0,0,0,0,0,0,0
2019-11-24,MUFFINS,Totals,0.0,0.0,0.0,0.0,0,0,0.0,0,0,0,0,0,0,0
2019-11-25,BREAD,H,0.0,32.0,32.0,26.0,0,0,6.0,0,0,0,0,0,0,0
2019-11-25,BREAD,FR,0.0,73.0,73.0,34.0,9,0,30.0,0,0,0,0,0,0,0
2019-11-25,BREAD,GW,0.0,10.0,10.0,4.0,0,0,6.0,0,0,0,0,0,0,0
2019-11-25,BREAD,DK,0.0,70.0,70.0,29.0,0,0,41.0,0,0,0,0,0,0,0
2019-11-25,BREAD,H5|Cran,0.0,0.0,0.0,0.0,0,0,0.0,0,0,0,0,0,0,0
2019-11-25,BREAD,CSRWL,0.0,24.0,24.0,14.0,0,0,10.0,0,3,3,3,0,0,0
2019-11-25,BREAD,PUMP PIE SW,0.0,13.0,13.0,11.0,0,0,2.0,0,2,2,2,0,0,0
2019-11-25,BREAD,CB,0.0,0.0,0.0,0.0,0,0,0.0,0,0,0,0,0,0,0
2019-11-25,BREAD,CPBB,0.0,0.0,0.0,0.0,0,0,0.0,0,0,0,0,0,0,0
2019-11-25,BREAD,CNE,0.0,29.0,29.0,17.0,0,0,12.0,0,3,3,2,0,0,1
2019-11-25,BREAD,CNR,0.0,0.0,0.0,0.0,0,0,0.0,0,0,0,0,0,0,0
2019-11-25,BREAD,CNW,0.0,3.0,3.0,0.0,3,0,0.0,0,0,0,0,0,0,0
2019-11-25,BREAD,CG,0.0,10.0,10.0,5.0,1,0,4.0,0,4,4,2,0,0,2
2019-11-25,BREAD,Pesto CG,0.0,0.0,0.0,0.0,0,0,0.0,0,0,0,0,0,0,0
2019-11-25,BREAD,CrO,0.0,0.0,0.0,0.0,0,0,0.0,0,0,0,0,0,0,0
2019-11-25,BREAD,VS,0.0,18.0,18.0,3.0,0,0,15.0,0,4,4,0,0,0,4
2019-11-25,BREAD,STUF,0.0,0.0,0.0,0.0,0,0,0.0,0,0,0,0,0,0,0
2019-11-25,BREAD,SOURDOUGH,0.0,30.0,30.0,9.0,0,0,21.0,0,0,0,0,0,0,0
2019-11-25,BREAD,SOUR JC,0.0,0.0,0.0,0.0,0,0,0.0,0,0,0,0,0,0,0
2019-11-25,BREAD,Sour RG,0.0,0.0,0.0,0.0,0,0,0.0,0,0,0,0,0,0,0
2019-11-25,BREAD,WC,0.0,0.0,0.0,0.0,0,0,0.0,0,0,0,0,0,0,0
2019-11-25,BREAD,Car,0.0,0.0,0.0,0.0,0,0,0.0,0,0,0,0,0,0,0
2019-11-25,BREAD,IHF,0.0,0.0,0.0,0.0,0,0,0.0,0,0,0,0,0,0,0
2019-11-25,BREAD,TURKEYS,0.0,15.0,15.0,5.0,0,0,10.0,0,0,0,0,0,0,0
2019-11-25,BREAD,CrO Rls,0.0,0.0,0.0,0.0,0,0,0.0,0,0,0,0,0,0,0
2019-11-25,BREAD,BUT Rls,0.0,75.0,75.0,21.0,1,0,53.0,0,0,0,0,0,0,0
2019-11-25,BREAD,H-RLS,0.0,24.0,24.0,5.0,0,0,19.0,0,0,0,0,0,0,0
2019-11-25,BREAD,FR-RLS,0.0,0.0,0.0,0.0,0,0,0.0,0,0,0,0,0,0,0
2019-11-25,BREAD,VS-RLS,0.0,30.0,30.0,9.0,0,0,21.0,0,0,0,0,0,0,0
2019-11-25,BREAD,Gingerbread,0.0,4.0,4.0,1.0,0,0,3.0,0,0,0,0,0,0,0
2019-11-25,BREAD,Mex Choc,0.0,6.0,6.0,1.0,0,0,5.0,0,0,0,0,0,0,0
2019-11-25,BREAD,Pump CC,0.0,10.0,10.0,10.0,0,0,0.0,0,0,0,0,0,0,0
2019-11-25,ROLLS,Cinnamon,0.0,36.0,36.0,25.0,0,11,0.0,0,0,0,0,0,0,0
2019-11-25,ROLLS,Pump C-R,0.0,12.0,12.0,8.0,0,4,0.0,0,0,0,0,0,0,0
2019-11-25,ROLLS,Take-n-bake,0.0,0.0,0.0,0.0,0,0,0.0,0,0,0,0,0,0,0
2019-11-25,ROLLS,Mini C-Roll,0.0,24.0,24.0,0.0,24,0,0.0,0,0,0,0,0,0,0
2019-11-25,SCONES,Blueberry,0.0,0.0,0.0,0.0,0,0,0.0,0,0,0,0,0,0,0
2019-11-25,SCONES,Rasp Cream,0.0,14.0,14.0,11.0,0,3,0.0,0,0,0,0,0,0,0
2019-11-25,SCONES,Cherry,0.0,0.0,0.0,0.0,0,0,0.0,0,0,0,0,0,0,0
2019-11-25,SCONES,Butt Almond,0.0,0.0,0.0,0.0,0,0,0.0,0,0,0,0,0,0,0
2019-11-25,SCONES,Turtle,0.0,0.0,0.0,0.0,0,0,0.0,0,0,0,0,0,0,0
2019-11-25,SCONES,pb choc,0.0,9.0,9.0,3.0,0,6,0.0,0,0,0,0,0,0,0
2019-11-25,SCONES,Pump Spice,0.0,16.0,16.0,5.0,10,1,0.0,0,0,0,0,0,0,0
2019-11-25,FRUIT BARS,Mixed Berry,0.0,8.0,8.0,6.0,1,1,0.0,0,0,0,0,0,0,0
2019-11-25,FRUIT BARS,Cherry,0.0,12.0,12.0,9.0,1,2,0.0,0,0,0,0,0,0,0
2019-11-25,FRUIT BARS,Apple Cin,0.0,0.0,0.0,0.0,0,0,0.0,0,0,0,0,0,0,0
2019-11-25,FRUIT BARS,MIXED FRUIT,0.0,0.0,0.0,0.0,0,0,0.0,0,0,0,0,0,0,0
2019-11-25,MUFFINS,Gingerbread,0.0,4.0,4.0,1.0,0,3,0.0,0,0,0,0,0,0,0
2019-11-25,MUFFINS,Mex Choc,0.0,6.0,6.0,5.0,0,1,0.0,0,0,0,0,0,0,0
2019-11-25,MUFFINS,Pump CC,0.0,10.0,10.0,2.0,0,8,0.0,0,0,0,0,0,0,0
2019-11-25,MUFFINS,Cookies,0.0,0.0,0.0,0.0,0,0,0.0,0,0,0,0,0,0,0
2019-11-25,MUFFINS,Bars,0.0,0.0,0.0,0.0,0,0,0.0,0,0,0,0,0,0,0
2019-11-25,MUFFINS,Pies,,,,,0,0,,0,0,0,0,0,0,0
2019-11-25,MUFFINS,oatmeal choc,0.0,24.0,24.0,10.0,5,0,9.0,0,8,8,0,0,0,0
2019-11-25,MUFFINS,triple choc,0.0,24.0,24.0,14.0,5,0,5.0,0,8,8,0,0,0,0
2019-11-25,MUFFINS,snickerdoodle,0.0,24.0,24.0,12.0,6,0,6.0,0,10,10,0,0,0,0
2019-11-25,MUFFINS,Ginger,0.0,18.0,18.0,6.0,0,0,12.0,0,8,8,0,0,0,0
2019-11-25,MUFFINS,frosted sugar,0.0,36.0,36.0,8.0,0,0,28.0,0,0,0,0,0,0,0
2019-11-25,MUFFINS,Pumpkin Bars,0.0,10.0,10.0,7.0,3,0,0.0,0,0,0,0,0,0,0
2019-11-25,MUFFINS,Pump Pie,0.0,11.0,11.0,11.0,0,0,0.0,0,0,0,0,0,0,0
2019-11-25,MUFFINS,Sugar Pie,0.0,17.0,17.0,17.0,0,0,0.0,0,0,0,0,0,0,0
2019-11-25,MUFFINS,Pecan Pie,0.0,10.0,10.0,10.0,0,0,0.0,0,0,0,0,0,0,0
2019-11-25,MUFFINS,AP,0.0,4.0,4.0,4.0,0,0,0.0,0,0,0,0,0,0,0
2019-11-25,MUFFINS,Cr-Ap Pie,0.0,5.0,5.0,5.0,0,0,0.0,0,0,0,0,0,0,0
2019-11-25,MUFFINS,PUMP OHHH,0.0,0.0,0.0,0.0,0,0,0.0,0,0,0,0,0,0,0
2019-11-25,MUFFINS,Bread Pudding,0.0,0.0,0.0,0.0,0,0,0.0,0,0,0,0,0,0,0
2019-11-25,MUFFINS,Totals,0.0,329.0,329.0,174.0,55,40,60.0,0,39,39,5,0,0,0
2019-11-26,BREAD,H,6.0,43.0,49.0,30.0,0,0,19.0,0,0,0,0,0,0,0
2019-11-26,BREAD,FR,30.0,0.0,30.0,30.0,0,0,0.0,0,0,0,0,0,0,0
2019-11-26,BREAD,GW,6.0,0.0,6.0,3.0,0,1,2.0,0,0,0,0,0,0,0
2019-11-26,BREAD,DK,41.0,0.0,41.0,14.0,0,0,27.0,0,0,0,0,0,0,0
2019-11-26,BREAD,H5|Cran,0.0,0.0,0.0,0.0,0,0,0.0,0,0,0,0,0,0,0
2019-11-26,BREAD,CSRWL,10.0,36.0,46.0,30.0,7,0,9.0,0,5,5,5,0,0,0
2019-11-26,BREAD,PUMP PIE SW,2.0,20.0,22.0,9.0,1,0,12.0,0,6,6,0,0,0,4
2019-11-26,BREAD,CB,0.0,25.0,25.0,17.0,0,0,8.0,0,10,10,8,0,0,2
2019-11-26,BREAD,CPBB,0.0,0.0,0.0,0.0,0,0,0.0,0,0,0,0,0,0,0
2019-11-26,BREAD,CNE,12.0,44.0,56.0,38.0,0,0,18.0,1,4,5,2,0,0,3
2019-11-26,BREAD,CNR,0.0,0.0,0.0,0.0,0,0,0.0,0,0,0,0,0,0,0
2019-11-26,BREAD,CNW,0.0,0.0,0.0,0.0,0,0,0.0,0,0,0,0,0,0,0
2019-11-26,BREAD,CG,4.0,0.0,4.0,4.0,0,0,0.0,2,0,2,2,0,0,0
2019-11-26,BREAD,Pesto CG,0.0,0.0,0.0,0.0,0,0,0.0,0,0,0,0,0,0,0
2019-11-26,BREAD,CrO,0.0,36.0,36.0,23.0,0,0,13.0,0,6,6,6,0,0,0
2019-11-26,BREAD,VS,15.0,29.0,44.0,22.0,0,3,19.0,4,0,4,4,0,0,0
2019-11-26,BREAD,STUF,0.0,50.0,50.0,23.0,0,0,27.0,0,0,0,0,0,0,0
2019-11-26,BREAD,SOURDOUGH,21.0,0.0,21.0,15.0,0,6,0.0,0,0,0,0,0,0,0
2019-11-26,BREAD,SOUR JC,0.0,0.0,0.0,0.0,0,0,0.0,0,0,0,0,0,0,0
2019-11-26,BREAD,Sour RG,0.0,0.0,0.0,0.0,0,0,0.0,0,0,0,0,0,0,0
2019-11-26,BREAD,WC,0.0,0.0,0.0,0.0,0,0,0.0,0,0,0,0,0,0,0
2019-11-26,BREAD,Car,0.0,0.0,0.0,0.0,0,0,0.0,0,0,0,0,0,0,0
2019-11-26,BREAD,IHF,0.0,0.0,0.0,0.0,0,0,0.0,0,0,0,0,0,0,0
2019-11-26,BREAD,TURKEYS,10.0,30.0,40.0,30.0,0,0,10.0,0,0,0,0,0,0,0
2019-11-26,BREAD,CrO Rls,0.0,42.0,42.0,12.0,0,0,30.0,0,0,0,0,0,0,0
2019-11-26,BREAD,BUT Rls,53.0,196.0,249.0,72.0,0,6,171.0,0,0,0,0,0,0,0
2019-11-26,BREAD,H-RLS,19.0,42.0,61.0,31.0,0,0,30.0,0,0,0,0,0,0,0
2019-11-26,BREAD,H-BUT Rls,0.0,41.0,41.0,27.0,0,0,14.0,0,0,0,0,0,0,0
2019-11-26,BREAD,VS-RLS,21.0,48.0,69.0,47.0,0,0,22.0,0,0,0,0,0,0,0
2019-11-26,BREAD,Gingerbread,3.0,1.0,4.0,3.0,0,1,0.0,0,0,0,0,0,0,0
2019-11-26,BREAD,Mex Choc,5.0,0.0,5.0,4.0,0,1,0.0,0,0,0,0,0,0,0
2019-11-26,BREAD,Pump CC,0.0,19.0,19.0,6.0,11,0,2.0,0,0,0,0,0,0,0
2019-11-26,ROLLS,Cinnamon,0.0,36.0,36.0,36.0,0,0,0.0,0,0,0,0,0,0,0
2019-11-26,ROLLS,Pump C-R,0.0,24.0,24.0,16.0,0,8,0.0,0,0,0,0,0,0,0
2019-11-26,ROLLS,Take-n-bake,0.0,0.0,0.0,0.0,0,0,0.0,0,0,0,0,0,0,0
2019-11-26,ROLLS,Mini C-Roll,0.0,168.0,168.0,0.0,168,0,0.0,0,0,0,0,0,0,0
2019-11-26,SCONES,Blueberry,0.0,14.0,14.0,10.0,4,0,0.0,0,29,29,0,0,0,0
2019-11-26,SCONES,Rasp Cream,0.0,0.0,0.0,0.0,0,0,0.0,0,0,0,0,0,0,0
2019-11-26,SCONES,Cherry,0.0,0.0,0.0,0.0,0,0,0.0,0,0,0,0,0,0,0
2019-11-26,SCONES,Butt Almond,0.0,0.0,0.0,0.0,0,0,0.0,0,0,0,0,0,0,0
2019-11-26,SCONES,Turtle,0.0,0.0,0.0,0.0,0,0,0.0,0,0,0,0,0,0,0
2019-11-26,SCONES,pb choc,0.0,14.0,14.0,14.0,0,0,0.0,0,29,29,0,0,0,0
2019-11-26,SCONES,Pump Spice,0.0,6.0,6.0,6.0,0,0,0.0,0,0,0,0,0,0,0
2019-11-26,FRUIT BARS,Mixed Berry,0.0,8.0,8.0,3.0,4,1,0.0,0,0,0,0,0,0,0
2019-11-26,FRUIT BARS,Cherry,0.0,12.0,12.0,4.0,7,1,0.0,0,0,0,0,0,0,0
2019-11-26,FRUIT BARS,Apple Cin,0.0,12.0,12.0,3.0,7,2,0.0,0,0,0,0,0,0,0
2019-11-26,FRUIT BARS,MIXED FRUIT,0.0,8.0,8.0,2.0,5,1,0.0,0,0,0,0,0,0,0
2019-11-26,MUFFINS,Gingerbread,0.0,6.0,6.0,5.0,0,1,0.0,0,28,28,0,0,0,0
2019-11-26,MUFFINS,Mex Choc,0.0,8.0,8.0,4.0,0,4,0.0,0,28,28,0,0,0,0
2019-11-26,MUFFINS,Pump CC,0.0,12.0,12.0,12.0,0,0,0.0,0,0,0,0,0,0,0
2019-11-26,MUFFINS,Cookies,0.0,0.0,0.0,0.0,0,0,0.0,0,0,0,0,0,0,0
2019-11-26,MUFFINS,Bars,0.0,0.0,0.0,0.0,0,0,0.0,0,0,0,0,0,0,0
2019-11-26,MUFFINS,Pies,,,,,0,0,,0,0,0,0,0,0,0
2019-11-26,MUFFINS,oatmeal choc,9.0,12.0,21.0,13.0,0,0,8.0,0,0,0,0,0,0,0
2019-11-26,MUFFINS,triple choc,5.0,18.0,23.0,12.0,0,0,11.0,0,0,0,0,0,0,0
2019-11-26,MUFFINS,snickerdoodle,6.0,12.0,18.0,18.0,0,0,0.0,0,0,0,0,0,0,0
2019-11-26,MUFFINS,Ginger,12.0,0.0,12.0,10.0,0,0,2.0,0,0,0,0,0,0,0
2019-11-26,MUFFINS,frosted sugar,28.0,0.0,28.0,20.0,0,0,8.0,0,0,0,0,0,0,0
2019-11-26,MUFFINS,Pumpkin Bars,0.0,10.0,10.0,9.0,0,1,0.0,0,0,0,0,0,0,0
2019-11-26,MUFFINS,Pump Pie,0.0,40.0,40.0,13.0,0,0,27.0,0,0,0,0,0,0,0
2019-11-26,MUFFINS,Sugar Pie,0.0,14.0,14.0,-5.0,0,0,19.0,0,0,0,0,0,0,0
2019-11-26,MUFFINS,Pecan Pie,0.0,20.0,20.0,7.0,0,0,13.0,0,0,0,0,0,0,0
2019-11-26,MUFFINS,AP,0.0,15.0,15.0,15.0,0,0,0.0,0,0,0,0,0,0,0
2019-11-26,MUFFINS,Cr-Ap Pie,0.0,10.0,10.0,10.0,0,0,0.0,0,0,0,0,0,0,0
2019-11-26,MUFFINS,PUMP OHHH,0.0,0.0,0.0,0.0,0,0,0.0,0,0,0,0,0,0,0
2019-11-26,MUFFINS,Bread Pudding,0.0,0.0,0.0,0.0,0,0,0.0,0,0,0,0,0,0,0
2019-11-26,MUFFINS,Totals,60.0,469.0,529.0,227.0,195,19,88.0,0,124,124,10,0,0,0
2019-11-27,BREAD,H,19.0,54.0,73.0,71.0,0,2,0.0,0,0,0,0,0,0,0
2019-11-27,BREAD,FR,0.0,70.0,70.0,29.0,40,1,0.0,0,0,0,0,0,0,0
2019-11-27,BREAD,GW,2.0,9.0,11.0,11.0,0,0,0.0,0,0,0,0,0,0,0
2019-11-27,BREAD,DK,27.0,0.0,27.0,16.0,0,11,0.0,0,0,0,0,0,0,0
2019-11-27,BREAD,H5|Cran,0.0,0.0,0.0,0.0,0,0,0.0,0,0,0,0,0,0,0
2019-11-27,BREAD,CSRWL,9.0,48.0,57.0,47.0,6,4,0.0,0,8,8,2,0,0,0
2019-11-27,BREAD,PUMP PIE SW,12.0,16.0,28.0,17.0,6,5,0.0,4,0,4,4,0,0,0
2019-11-27,BREAD,CB,8.0,28.0,36.0,27.0,0,9,0.0,2,6,8,4,0,0,0
2019-11-27,BREAD,CPBB,0.0,0.0,0.0,0.0,0,0,0.0,0,0,0,0,0,0,0
2019-11-27,BREAD,CNE,18.0,0.0,18.0,18.0,0,0,0.0,3,0,3,3,0,0,0
2019-11-27,BREAD,CNR,0.0,0.0,0.0,0.0,0,0,0.0,0,0,0,0,0,0,0
2019-11-27,BREAD,CNW,0.0,0.0,0.0,0.0,0,0,0.0,0,0,0,0,0,0,0
2019-11-27,BREAD,CG,0.0,0.0,0.0,0.0,0,0,0.0,0,0,0,0,0,0,0
2019-11-27,BREAD,Pesto CG,0.0,0.0,0.0,0.0,0,0,0.0,0,0,0,0,0,0,0
2019-11-27,BREAD,CrO,13.0,11.0,24.0,23.0,0,1,0.0,0,1,1,1,0,0,0
2019-11-27,BREAD,VS,19.0,0.0,19.0,19.0,0,0,0.0,0,5,5,5,0,0,0
2019-11-27,BREAD,STUF,27.0,0.0,27.0,21.0,0,6,0.0,0,0,0,-1,0,0,0
2019-11-27,BREAD,SOURDOUGH,0.0,0.0,0.0,0.0,0,0,0.0,0,0,0,0,0,0,0
2019-11-27,BREAD,SOUR JC,0.0,0.0,0.0,0.0,0,0,0.0,0,0,0,0,0,0,0
2019-11-27,BREAD,Sour RG,0.0,0.0,0.0,0.0,0,0,0.0,0,0,0,0,0,0,0
2019-11-27,BREAD,WC,0.0,0.0,0.0,0.0,0,0,0.0,0,0,0,0,0,0,0
2019-11-27,BREAD,Car,0.0,0.0,0.0,0.0,0,0,0.0,0,0,0,0,0,0,0
2019-11-27,BREAD,TURKEYS,10.0,24.0,34.0,26.0,0,8,0.0,0,0,0,0,0,0,0
2019-11-27,BREAD,CrO Rls,30.0,36.0,66.0,27.0,18,21,0.0,0,0,0,0,0,0,0
2019-11-27,BREAD,BUT Rls,171.0,189.0,360.0,327.0,0,33,0.0,0,0,0,0,0,0,0
2019-11-27,BREAD,H-RLS,30.0,48.0,78.0,74.0,0,4,0.0,0,0,0,0,0,0,0
2019-11-27,BREAD,HBUT-RLS,14.0,0.0,14.0,4.0,0,10,0.0,0,0,0,0,0,0,0
2019-11-27,BREAD,VS-RLS,22.0,59.0,81.0,81.0,0,0,0.0,0,0,0,0,0,0,0
2019-11-27,BREAD,Gingerbread,0.0,4.0,4.0,3.0,0,1,0.0,0,0,0,0,0,0,0
2019-11-27,BREAD,Mex Choc,0.0,6.0,6.0,3.0,2,1,0.0,0,0,0,0,0,0,0
2019-11-27,BREAD,Pump CC,2.0,10.0,12.0,4.0,4,4,0.0,0,0,0,0,0,0,0
2019-11-27,ROLLS,Cinnamon,0.0,132.0,132.0,105.0,27,0,0.0,0,0,0,0,0,0,0
2019-11-27,ROLLS,Pump C-R,0.0,48.0,48.0,44.0,0,4,0.0,0,0,0,0,0,0,0
2019-11-27,ROLLS,Take-n-bake,0.0,0.0,0.0,0.0,0,0,0.0,0,0,0,0,0,0,0
2019-11-27,ROLLS,Mini C-Roll,0.0,24.0,24.0,0.0,24,0,0.0,0,0,0,0,0,0,0
2019-11-27,SCONES,Blueberry,0.0,0.0,0.0,0.0,0,0,0.0,0,0,0,0,0,0,0
2019-11-27,SCONES,Rasp Cream,0.0,31.0,31.0,19.0,4,8,0.0,0,0,0,0,0,0,0
2019-11-27,SCONES,Cherry,0.0,0.0,0.0,0.0,0,0,0.0,0,0,0,0,0,0,0
2019-11-27,SCONES,Butt Almond,0.0,0.0,0.0,0.0,0,0,0.0,0,0,0,0,0,0,0
2019-11-27,SCONES,Turtle,0.0,25.0,25.0,21.0,0,4,0.0,0,0,0,0,0,0,0
2019-11-27,SCONES,pb choc,0.0,0.0,0.0,0.0,0,0,0.0,0,0,0,0,0,0,0
2019-11-27,SCONES,Pump Spice,0.0,19.0,19.0,7.0,0,12,0.0,0,0,0,0,0,0,0
2019-11-27,FRUIT BARS,Mixed Berry,0.0,8.0,8.0,6.0,0,2,0.0,0,0,0,0,0,0,0
2019-11-27,FRUIT BARS,Cherry,0.0,12.0,12.0,9.0,0,3,0.0,0,0,0,0,0,0,0
2019-11-27,FRUIT BARS,Apple Cin,0.0,0.0,0.0,0.0,0,0,0.0,0,0,0,0,0,0,0
2019-11-27,FRUIT BARS,MIXED FRUIT,0.0,0.0,0.0,0.0,0,0,0.0,0,0,0,0,0,0,0
2019-11-27,MUFFINS,Gingerbread,0.0,6.0,6.0,3.0,0,3,0.0,0,0,0,0,0,0,0
2019-11-27,MUFFINS,Mex Choc,0.0,6.0,6.0,1.0,0,5,0.0,0,0,0,0,0,0,0
2019-11-27,MUFFINS,Pump CC,0.0,10.0,10.0,10.0,0,0,0.0,0,0,0,0,0,0,0
2019-11-27,MUFFINS,Cookies,0.0,0.0,0.0,0.0,0,0,0.0,0,0,0,0,0,0,0
2019-11-27,MUFFINS,Bars,0.0,0.0,0.0,0.0,0,0,0.0,0,0,0,0,0,0,0
2019-11-27,MUFFINS,Pies,,,,,0,0,,0,0,0,0,0,0,0
2019-11-27,MUFFINS,oatmeal choc,8.0,18.0,26.0,14.0,3,9,0.0,0,0,0,0,0,0,0
2019-11-27,MUFFINS,triple choc,11.0,12.0,23.0,14.0,3,6,0.0,0,0,0,0,0,0,0
2019-11-27,MUFFINS,snickerdoodle,0.0,24.0,24.0,12.0,3,9,0.0,0,0,0,0,0,0,0
2019-11-27,MUFFINS,Ginger,2.0,12.0,14.0,0.0,0,14,0.0,0,0,0,0,0,0,0
2019-11-27,MUFFINS,frosted sugar,8.0,6.0,14.0,14.0,0,0,0.0,0,0,0,0,0,0,0
2019-11-27,MUFFINS,Pumpkin Bars,0.0,10.0,10.0,10.0,0,0,0.0,0,0,0,0,0,0,0
2019-11-27,MUFFINS,Pump Pie,27.0,0.0,27.0,11.0,0,16,0.0,0,0,0,0,0,0,0
2019-11-27,MUFFINS,Sugar Pie,19.0,0.0,19.0,2.0,0,17,0.0,0,0,0,0,0,0,0
2019-11-27,MUFFINS,Pecan Pie,13.0,0.0,13.0,-2.0,0,15,0.0,0,0,0,0,0,0,0
2019-11-27,MUFFINS,AP,0.0,0.0,0.0,-1.0,0,1,0.0,0,0,0,0,0,0,0
2019-11-27,MUFFINS,Cr-Ap Pie,0.0,0.0,0.0,-6.0,0,6,0.0,0,0,0,0,0,0,0
2019-11-27,MUFFINS,PUMP OHHH,0.0,0.0,0.0,0.0,0,0,0.0,0,0,0,0,0,0,0
2019-11-27,MUFFINS,Bread Pudding,0.0,0.0,0.0,0.0,0,0,0.0,0,0,0,0,0,0,0
2019-11-27,MUFFINS,Totals,88.0,403.0,491.0,299.0,64,128,0.0,0,0,0,-6,0,0,0
2019-11-28,BREAD,H,0.0,0.0,0.0,0.0,0,0,0.0,0,0,0,0,0,0,0
2019-11-28,BREAD,FR,0.0,0.0,0.0,0.0,0,0,0.0,0,0,0,0,0,0,0
2019-11-28,BREAD,GW,0.0,0.0,0.0,0.0,0,0,0.0,0,0,0,0,0,0,0
2019-11-28,BREAD,DK,0.0,0.0,0.0,0.0,0,0,0.0,0,0,0,0,0,0,0
2019-11-28,BREAD,H5|Cran,0.0,0.0,0.0,0.0,0,0,0.0,0,0,0,0,0,0,0
2019-11-28,BREAD,CSRWL,0.0,0.0,0.0,0.0,0,0,0.0,0,0,0,0,0,0,0
2019-11-28,BREAD,PUMP PIE SW,0.0,0.0,0.0,0.0,0,0,0.0,0,0,0,0,0,0,0
2019-11-28,BREAD,CB,0.0,0.0,0.0,0.0,0,0,0.0,0,0,0,0,0,0,0
2019-11-28,BREAD,CNE,0.0,0.0,0.0,0.0,0,0,0.0,0,0,0,0,0,0,0
2019-11-28,BREAD,CNR,0.0,0.0,0.0,0.0,0,0,0.0,0,0,0,0,0,0,0
2019-11-28,BREAD,CNW,0.0,0.0,0.0,0.0,0,0,0.0,0,0,0,0,0,0,0
2019-11-28,BREAD,CG,0.0,0.0,0.0,0.0,0,0,0.0,0,0,0,0,0,0,0
2019-11-28,BREAD,Pesto CG,0.0,0.0,0.0,0.0,0,0,0.0,0,0,0,0,0,0,0
2019-11-28,BREAD,CrO,0.0,0.0,0.0,0.0,0,0,0.0,0,0,0,0,0,0,0
2019-11-28,BREAD,VS,0.0,0.0,0.0,0.0,0,0,0.0,0,0,0,0,0,0,0
2019-11-28,BREAD,STUF,0.0,0.0,0.0,0.0,0,0,0.0,0,0,0,0,0,0,0
2019-11-28,BREAD,SOURDOUGH,0.0,0.0,0.0,0.0,0,0,0.0,0,0,0,0,0,0,0
2019-11-28,BREAD,SOUR JC,0.0,0.0,0.0,0.0,0,0,0.0,0,0,0,0,0,0,0
2019-11-28,BREAD,Sour RG,0.0,0.0,0.0,0.0,0,0,0.0,0,0,0,0,0,0,0
2019-11-28,BREAD,WC,0.0,0.0,0.0,0.0,0,0,0.0,0,0,0,0,0,0,0
2019-11-28,BREAD,Car,0.0,0.0,0.0,0.0,0,0,0.0,0,0,0,0,0,0,0
2019-11-28,BREAD,IHF,0.0,0.0,0.0,0.0,0,0,0.0,0,0,0,0,0,0,0
2019-11-28,BREAD,TURKEYS,0.0,0.0,0.0,0.0,0,0,0.0,0,0,0,0,0,0,0
2019-11-28,BREAD,CrO Rls,0.0,0.0,0.0,0.0,0,0,0.0,0,0,0,0,0,0,0
2019-11-28,BREAD,BUT Rls,0.0,0.0,0.0,0.0,0,0,0.0,0,0,0,0,0,0,0
2019-11-28,BREAD,H-RLS,0.0,0.0,0.0,0.0,0,0,0.0,0,0,0,0,0,0,0
2019-11-28,BREAD,FR-RLS,0.0,0.0,0.0,0.0,0,0,0.0,0,0,0,0,0,0,0
2019-11-28,BREAD,VS-RLS,0.0,0.0,0.0,0.0,0,0,0.0,0,0,0,0,0,0,0
2019-11-28,BREAD,Gingerbread,0.0,0.0,0.0,0.0,0,0,0.0,0,0,0,0,0,0,0
2019-11-28,BREAD,Mex Choc,0.0,0.0,0.0,0.0,0,0,0.0,0,0,0,0,0,0,0
2019-11-28,BREAD,Pump CC,0.0,0.0,0.0,0.0,0,0,0.0,0,0,0,0,0,0,0
2019-11-28,ROLLS,Cinnamon,0.0,0.0,0.0,0.0,0,0,0.0,0,0,0,0,0,0,0
2019-11-28,ROLLS,Pump C-R,0.0,0.0,0.0,0.0,0,0,0.0,0,0,0,0,0,0,0
2019-11-28,ROLLS,Take-n-bake,0.0,0.0,0.0,0.0,0,0,0.0,0,0,0,0,0,0,0
2019-11-28,ROLLS,Mini C-Roll,0.0,0.0,0.0,0.0,0,0,0.0,0,0,0,0,0,0,0
2019-11-28,SCONES,Blueberry,0.0,0.0,0.0,0.0,0,0,0.0,0,0,0,0,0,0,0
2019-11-28,SCONES,Rasp Cream,0.0,0.0,0.0,0.0,0,0,0.0,0,0,0,0,0,0,0
2019-11-28,SCONES,Cherry,0.0,0.0,0.0,0.0,0,0,0.0,0,0,0,0,0,0,0
2019-11-28,SCONES,Butt Almond,0.0,0.0,0.0,0.0,0,0,0.0,0,0,0,0,0,0,0
2019-11-28,SCONES,Turtle,0.0,0.0,0.0,0.0,0,0,0.0,0,0,0,0,0,0,0
2019-11-28,SCONES,pb choc,0.0,0.0,0.0,0.0,0,0,0.0,0,0,0,0,0,0,0
2019-11-28,SCONES,Pump Spice,0.0,0.0,0.0,0.0,0,0,0.0,0,0,0,0,0,0,0
2019-11-28,FRUIT BARS,Mixed Berry,0.0,0.0,0.0,0.0,0,0,0.0,0,0,0,0,0,0,0
2019-11-28,FRUIT BARS,Cherry,0.0,0.0,0.0,0.0,0,0,0.0,0,0,0,0,0,0,0
2019-11-28,FRUIT BARS,Apple Cin,0.0,0.0,0.0,0.0,0,0,0.0,0,0,0,0,0,0,0
2019-11-28,FRUIT BARS,MIXED FRUIT,0.0,0.0,0.0,0.0,0,0,0.0,0,0,0,0,0,0,0
2019-11-28,MUFFINS,Gingerbread,0.0,0.0,0.0,0.0,0,0,0.0,0,0,0,0,0,0,0
2019-11-28,MUFFINS,Mex Choc,0.0,0.0,0.0,0.0,0,0,0.0,0,0,0,0,0,0,0
2019-11-28,MUFFINS,Pump CC,0.0,0.0,0.0,0.0,0,0,0.0,0,0,0,0,0,0,0
2019-11-28,MUFFINS,Cookies,0.0,0.0,0.0,0.0,0,0,0.0,0,0,0,0,0,0,0
2019-11-28,MUFFINS,Bars,0.0,0.0,0.0,0.0,0,0,0.0,0,0,0,0,0,0,0
2019-11-28,MUFFINS,Pies,,,,,0,0,,0,0,0,0,0,0,0
2019-11-28,MUFFINS,oatmeal choc,0.0,0.0,0.0,0.0,0,0,0.0,0,0,0,0,0,0,0
2019-11-28,MUFFINS,triple choc,0.0,0.0,0.0,0.0,0,0,0.0,0,0,0,0,0,0,0
2019-11-28,MUFFINS,snickerdoodle,0.0,0.0,0.0,0.0,0,0,0.0,0,0,0,0,0,0,0
2019-11-28,MUFFINS,Ginger,0.0,0.0,0.0,0.0,0,0,0.0,0,0,0,0,0,0,0
2019-11-28,MUFFINS,frosted sugar,0.0,0.0,0.0,0.0,0,0,0.0,0,0,0,0,0,0,0
2019-11-28,MUFFINS,Pumpkin Bars,0.0,0.0,0.0,0.0,0,0,0.0,0,0,0,0,0,0,0
2019-11-28,MUFFINS,Pump Pie,0.0,0.0,0.0,0.0,0,0,0.0,0,0,0,0,0,0,0
2019-11-28,MUFFINS,Sugar Pie,0.0,0.0,0.0,0.0,0,0,0.0,0,0,0,0,0,0,0
2019-11-28,MUFFINS,Pecan Pie,0.0,0.0,0.0,0.0,0,0,0.0,0,0,0,0,0,0,0
2019-11-28,MUFFINS,AP,0.0,0.0,0.0,0.0,0,0,0.0,0,0,0,0,0,0,0
2019-11-28,MUFFINS,Cr-Ap Pie,0.0,0.0,0.0,0.0,0,0,0.0,0,0,0,0,0,0,0
2019-11-28,MUFFINS,PUMP OHHH,0.0,0.0,0.0,0.0,0,0,0.0,0,0,0,0,0,0,0
2019-11-28,MUFFINS,Bread Pudding,0.0,0.0,0.0,0.0,0,0,0.0,0,0,0,0,0,0,0
2019-11-28,MUFFINS,Totals,0.0,0.0,0.0,0.0,0,0,0.0,0,0,0,0,0,0,0
2019-11-29,BREAD,H,0.0,0.0,0.0,0.0,0,0,0.0,0,0,0,0,0,0,0
2019-11-29,BREAD,FR,0.0,0.0,0.0,0.0,0,0,0.0,0,0,0,0,0,0,0
2019-11-29,BREAD,GW,0.0,0.0,0.0,0.0,0,0,0.0,0,0,0,0,0,0,0
2019-11-29,BREAD,DK,0.0,0.0,0.0,0.0,0,0,0.0,0,0,0,0,0,0,0
2019-11-29,BREAD,H5|Cran,0.0,0.0,0.0,0.0,0,0,0.0,0,0,0,0,0,0,0
2019-11-29,BREAD,CSRWL,0.0,0.0,0.0,0.0,0,0,0.0,0,0,0,0,0,0,0
2019-11-29,BREAD,PUMP PIE SW,0.0,0.0,0.0,0.0,0,0,0.0,0,0,0,0,0,0,0
2019-11-29,BREAD,CB,0.0,0.0,0.0,0.0,0,0,0.0,0,0,0,0,0,0,0
2019-11-29,BREAD,CNE,0.0,0.0,0.0,0.0,0,0,0.0,0,0,0,0,0,0,0
2019-11-29,BREAD,CNR,0.0,0.0,0.0,0.0,0,0,0.0,0,0,0,0,0,0,0
2019-11-29,BREAD,CNW,0.0,0.0,0.0,0.0,0,0,0.0,0,0,0,0,0,0,0
2019-11-29,BREAD,CG,0.0,0.0,0.0,0.0,0,0,0.0,0,0,0,0,0,0,0
2019-11-29,BREAD,Pesto CG,0.0,0.0,0.0,0.0,0,0,0.0,0,0,0,0,0,0,0
2019-11-29,BREAD,CrO,0.0,0.0,0.0,0.0,0,0,0.0,0,0,0,0,0,0,0
2019-11-29,BREAD,VS,0.0,0.0,0.0,0.0,0,0,0.0,0,0,0,0,0,0,0
2019-11-29,BREAD,STUF,0.0,0.0,0.0,0.0,0,0,0.0,0,0,0,0,0,0,0
2019-11-29,BREAD,SOURDOUGH,0.0,0.0,0.0,0.0,0,0,0.0,0,0,0,0,0,0,0
2019-11-29,BREAD,SOUR JC,0.0,0.0,0.0,0.0,0,0,0.0,0,0,0,0,0,0,0
2019-11-29,BREAD,Sour RG,0.0,0.0,0.0,0.0,0,0,0.0,0,0,0,0,0,0,0
2019-11-29,BREAD,WC,0.0,0.0,0.0,0.0,0,0,0.0,0,0,0,0,0,0,0
2019-11-29,BREAD,Car,0.0,0.0,0.0,0.0,0,0,0.0,0,0,0,0,0,0,0
2019-11-29,BREAD,IHF,0.0,0.0,0.0,0.0,0,0,0.0,0,0,0,0,0,0,0
2019-11-29,BREAD,TURKEYS,0.0,0.0,0.0,0.0,0,0,0.0,0,0,0,0,0,0,0
2019-11-29,BREAD,CrO Rls,0.0,0.0,0.0,0.0,0,0,0.0,0,0,0,0,0,0,0
2019-11-29,BREAD,BUT Rls,0.0,0.0,0.0,0.0,0,0,0.0,0,0,0,0,0,0,0
2019-11-29,BREAD,H-RLS,0.0,0.0,0.0,0.0,0,0,0.0,0,0,0,0,0,0,0
2019-11-29,BREAD,FR-RLS,0.0,0.0,0.0,0.0,0,0,0.0,0,0,0,0,0,0,0
2019-11-29,BREAD,VS-RLS,0.0,0.0,0.0,0.0,0,0,0.0,0,0,0,0,0,0,0
2019-11-29,BREAD,Gingerbread,0.0,0.0,0.0,0.0,0,0,0.0,0,0,0,0,0,0,0
2019-11-29,BREAD,Mex Choc,0.0,0.0,0.0,0.0,0,0,0.0,0,0,0,0,0,0,0
2019-11-29,BREAD,Pump CC,0.0,0.0,0.0,0.0,0,0,0.0,0,0,0,0,0,0,0
2019-11-29,ROLLS,Cinnamon,0.0,0.0,0.0,0.0,0,0,0.0,0,0,0,0,0,0,0
2019-11-29,ROLLS,Pump C-R,0.0,0.0,0.0,0.0,0,0,0.0,0,0,0,0,0,0,0
2019-11-29,ROLLS,Take-n-bake,0.0,0.0,0.0,0.0,0,0,0.0,0,0,0,0,0,0,0
2019-11-29,ROLLS,Mini C-Roll,0.0,0.0,0.0,0.0,0,0,0.0,0,0,0,0,0,0,0
2019-11-29,SCONES,Blueberry,0.0,0.0,0.0,0.0,0,0,0.0,0,0,0,0,0,0,0
2019-11-29,SCONES,Rasp Cream,0.0,0.0,0.0,0.0,0,0,0.0,0,0,0,0,0,0,0
2019-11-29,SCONES,Cherry,0.0,0.0,0.0,0.0,0,0,0.0,0,0,0,0,0,0,0
2019-11-29,SCONES,Butt Almond,0.0,0.0,0.0,0.0,0,0,0.0,0,0,0,0,0,0,0
2019-11-29,SCONES,Turtle,0.0,0.0,0.0,0.0,0,0,0.0,0,0,0,0,0,0,0
2019-11-29,SCONES,pb choc,0.0,0.0,0.0,0.0,0,0,0.0,0,0,0,0,0,0,0
2019-11-29,SCONES,Pump Spice,0.0,0.0,0.0,0.0,0,0,0.0,0,0,0,0,0,0,0
2019-11-29,FRUIT BARS,Mixed Berry,0.0,0.0,0.0,0.0,0,0,0.0,0,0,0,0,0,0,0
2019-11-29,FRUIT BARS,Cherry,0.0,0.0,0.0,0.0,0,0,0.0,0,0,0,0,0,0,0
2019-11-29,FRUIT BARS,Apple Cin,0.0,0.0,0.0,0.0,0,0,0.0,0,0,0,0,0,0,0
2019-11-29,FRUIT BARS,MIXED FRUIT,0.0,0.0,0.0,0.0,0,0,0.0,0,0,0,0,0,0,0
2019-11-29,MUFFINS,Gingerbread,0.0,0.0,0.0,0.0,0,0,0.0,0,0,0,0,0,0,0
2019-11-29,MUFFINS,Mex Choc,0.0,0.0,0.0,0.0,0,0,0.0,0,0,0,0,0,0,0
2019-11-29,MUFFINS,Pump CC,0.0,0.0,0.0,0.0,0,0,0.0,0,0,0,0,0,0,0
2019-11-29,MUFFINS,Cookies,0.0,0.0,0.0,0.0,0,0,0.0,0,0,0,0,0,0,0
2019-11-29,MUFFINS,Bars,0.0,0.0,0.0,0.0,0,0,0.0,0,0,0,0,0,0,0
2019-11-29,MUFFINS,Pies,,,,,0,0,,0,0,0,0,0,0,0
2019-11-29,MUFFINS,oatmeal choc,0.0,0.0,0.0,0.0,0,0,0.0,0,0,0,0,0,0,0
2019-11-29,MUFFINS,triple choc,0.0,0.0,0.0,0.0,0,0,0.0,0,0,0,0,0,0,0
2019-11-29,MUFFINS,snickerdoodle,0.0,0.0,0.0,0.0,0,0,0.0,0,0,0,0,0,0,0
2019-11-29,MUFFINS,Ginger,0.0,0.0,0.0,0.0,0,0,0.0,0,0,0,0,0,0,0
2019-11-29,MUFFINS,frosted sugar,0.0,0.0,0.0,0.0,0,0,0.0,0,0,0,0,0,0,0
2019-11-29,MUFFINS,Pumpkin Bars,0.0,0.0,0.0,0.0,0,0,0.0,0,0,0,0,0,0,0
2019-11-29,MUFFINS,Pump Pie,0.0,0.0,0.0,0.0,0,0,0.0,0,0,0,0,0,0,0
2019-11-29,MUFFINS,Sugar Pie,0.0,0.0,0.0,0.0,0,0,0.0,0,0,0,0,0,0,0
2019-11-29,MUFFINS,Pecan Pie,0.0,0.0,0.0,0.0,0,0,0.0,0,0,0,0,0,0,0
2019-11-29,MUFFINS,AP,0.0,0.0,0.0,0.0,0,0,0.0,0,0,0,0,0,0,0
2019-11-29,MUFFINS,Cr-Ap Pie,0.0,0.0,0.0,0.0,0,0,0.0,0,0,0,0,0,0,0
2019-11-29,MUFFINS,PUMP OHHH,0.0,0.0,0.0,0.0,0,0,0.0,0,0,0,0,0,0,0
2019-11-29,MUFFINS,Bread Pudding,0.0,0.0,0.0,0.0,0,0,0.0,0,0,0,0,0,0,0
2019-11-29,MUFFINS,Totals,0.0,0.0,0.0,0.0,0,0,0.0,0,0,0,0,0,0,0
2019-11-30,BREAD,H,0.0,0.0,0.0,0.0,0,0,0.0,0,0,0,0,0,0,0
2019-11-30,BREAD,FR,0.0,0.0,0.0,0.0,0,0,0.0,0,0,0,0,0,0,0
2019-11-30,BREAD,GW,0.0,0.0,0.0,0.0,0,0,0.0,0,0,0,0,0,0,0
2019-11-30,BREAD,DK,0.0,0.0,0.0,0.0,0,0,0.0,0,0,0,0,0,0,0
2019-11-30,BREAD,H5|Cran,0.0,0.0,0.0,0.0,0,0,0.0,0,0,0,0,0,0,0
2019-11-30,BREAD,CSRWL,0.0,0.0,0.0,0.0,0,0,0.0,0,0,0,0,0,0,0
2019-11-30,BREAD,PUMP PIE SW,0.0,0.0,0.0,0.0,0,0,0.0,0,0,0,0,0,0,0
2019-11-30,BREAD,CB,0.0,0.0,0.0,0.0,0,0,0.0,0,0,0,0,0,0,0
2019-11-30,BREAD,CNE,0.0,0.0,0.0,0.0,0,0,0.0,0,0,0,0,0,0,0
2019-11-30,BREAD,CNR,0.0,0.0,0.0,0.0,0,0,0.0,0,0,0,0,0,0,0
2019-11-30,BREAD,CNW,0.0,0.0,0.0,0.0,0,0,0.0,0,0,0,0,0,0,0
2019-11-30,BREAD,CG,0.0,0.0,0.0,0.0,0,0,0.0,0,0,0,0,0,0,0
2019-11-30,BREAD,Pesto CG,0.0,0.0,0.0,0.0,0,0,0.0,0,0,0,0,0,0,0
2019-11-30,BREAD,CrO,0.0,0.0,0.0,0.0,0,0,0.0,0,0,0,0,0,0,0
2019-11-30,BREAD,VS,0.0,0.0,0.0,0.0,0,0,0.0,0,0,0,0,0,0,0
2019-11-30,BREAD,STUF,0.0,0.0,0.0,0.0,0,0,0.0,0,0,0,0,0,0,0
2019-11-30,BREAD,SOURDOUGH,0.0,0.0,0.0,0.0,0,0,0.0,0,0,0,0,0,0,0
2019-11-30,BREAD,SOUR JC,0.0,0.0,0.0,0.0,0,0,0.0,0,0,0,0,0,0,0
2019-11-30,BREAD,Sour RG,0.0,0.0,0.0,0.0,0,0,0.0,0,0,0,0,0,0,0
2019-11-30,BREAD,WC,0.0,0.0,0.0,0.0,0,0,0.0,0,0,0,0,0,0,0
2019-11-30,BREAD,Car,0.0,0.0,0.0,0.0,0,0,0.0,0,0,0,0,0,0,0
2019-11-30,BREAD,IHF,0.0,0.0,0.0,0.0,0,0,0.0,0,0,0,0,0,0,0
2019-11-30,BREAD,TURKEYS,0.0,0.0,0.0,0.0,0,0,0.0,0,0,0,0,0,0,0
2019-11-30,BREAD,CrO Rls,0.0,0.0,0.0,0.0,0,0,0.0,0,0,0,0,0,0,0
2019-11-30,BREAD,BUT Rls,0.0,0.0,0.0,0.0,0,0,0.0,0,0,0,0,0,0,0
2019-11-30,BREAD,H-RLS,0.0,0.0,0.0,0.0,0,0,0.0,0,0,0,0,0,0,0
2019-11-30,BREAD,FR-RLS,0.0,0.0,0.0,0.0,0,0,0.0,0,0,0,0,0,0,0
2019-11-30,BREAD,VS-RLS,0.0,0.0,0.0,0.0,0,0,0.0,0,0,0,0,0,0,0
2019-11-30,BREAD,Gingerbread,0.0,0.0,0.0,0.0,0,0,0.0,0,0,0,0,0,0,0
2019-11-30,BREAD,Mex Choc,0.0,0.0,0.0,0.0,0,0,0.0,0,0,0,0,0,0,0
2019-11-30,BREAD,Pump CC,0.0,0.0,0.0,0.0,0,0,0.0,0,0,0,0,0,0,0
2019-11-30,ROLLS,Cinnamon,0.0,0.0,0.0,0.0,0,0,0.0,0,0,0,0,0,0,0
2019-11-30,ROLLS,Pump C-R,0.0,0.0,0.0,0.0,0,0,0.0,0,0,0,0,0,0,0
2019-11-30,ROLLS,Take-n-bake,0.0,0.0,0.0,0.0,0,0,0.0,0,0,0,0,0,0,0
2019-11-30,ROLLS,Mini C-Roll,0.0,0.0,0.0,0.0,0,0,0.0,0,0,0,0,0,0,0
2019-11-30,SCONES,Blueberry,0.0,0.0,0.0,0.0,0,0,0.0,0,0,0,0,0,0,0
2019-11-30,SCONES,Rasp Cream,0.0,0.0,0.0,0.0,0,0,0.0,0,0,0,0,0,0,0
2019-11-30,SCONES,Cherry,0.0,0.0,0.0,0.0,0,0,0.0,0,0,0,0,0,0,0
2019-11-30,SCONES,Butt Almond,0.0,0.0,0.0,0.0,0,0,0.0,0,0,0,0,0,0,0
2019-11-30,SCONES,Turtle,0.0,0.0,0.0,0.0,0,0,0.0,0,0,0,0,0,0,0
2019-11-30,SCONES,pb choc,0.0,0.0,0.0,0.0,0,0,0.0,0,0,0,0,0,0,0
2019-11-30,SCONES,Pump Spice,0.0,0.0,0.0,0.0,0,0,0.0,0,0,0,0,0,0,0
2019-11-30,FRUIT BARS,Mixed Berry,0.0,0.0,0.0,0.0,0,0,0.0,0,0,0,0,0,0,0
2019-11-30,FRUIT BARS,Cherry,0.0,0.0,0.0,0.0,0,0,0.0,0,0,0,0,0,0,0
2019-11-30,FRUIT BARS,Apple Cin,0.0,0.0,0.0,0.0,0,0,0.0,0,0,0,0,0,0,0
2019-11-30,FRUIT BARS,MIXED FRUIT,0.0,0.0,0.0,0.0,0,0,0.0,0,0,0,0,0,0,0
2019-11-30,MUFFINS,Gingerbread,0.0,0.0,0.0,0.0,0,0,0.0,0,0,0,0,0,0,0
2019-11-30,MUFFINS,Mex Choc,0.0,0.0,0.0,0.0,0,0,0.0,0,0,0,0,0,0,0
2019-11-30,MUFFINS,Pump CC,0.0,0.0,0.0,0.0,0,0,0.0,0,0,0,0,0,0,0
2019-11-30,MUFFINS,Cookies,0.0,0.0,0.0,0.0,0,0,0.0,0,0,0,0,0,0,0
2019-11-30,MUFFINS,Bars,0.0,0.0,0.0,0.0,0,0,0.0,0,0,0,0,0,0,0
2019-11-30,MUFFINS,Pies,,,,,0,0,,0,0,0,0,0,0,0
2019-11-30,MUFFINS,oatmeal choc,0.0,0.0,0.0,0.0,0,0,0.0,0,0,0,0,0,0,0
2019-11-30,MUFFINS,triple choc,0.0,0.0,0.0,0.0,0,0,0.0,0,0,0,0,0,0,0
2019-11-30,MUFFINS,snickerdoodle,0.0,0.0,0.0,0.0,0,0,0.0,0,0,0,0,0,0,0
2019-11-30,MUFFINS,Ginger,0.0,0.0,0.0,0.0,0,0,0.0,0,0,0,0,0,0,0
2019-11-30,MUFFINS,frosted sugar,0.0,0.0,0.0,0.0,0,0,0.0,0,0,0,0,0,0,0
2019-11-30,MUFFINS,Pumpkin Bars,0.0,0.0,0.0,0.0,0,0,0.0,0,0,0,0,0,0,0
2019-11-30,MUFFINS,Pump Pie,0.0,0.0,0.0,0.0,0,0,0.0,0,0,0,0,0,0,0
2019-11-30,MUFFINS,Sugar Pie,0.0,0.0,0.0,0.0,0,0,0.0,0,0,0,0,0,0,0
2019-11-30,MUFFINS,Pecan Pie,0.0,0.0,0.0,0.0,0,0,0.0,0,0,0,0,0,0,0
2019-11-30,MUFFINS,AP,0.0,0.0,0.0,0.0,0,0,0.0,0,0,0,0,0,0,0
2019-11-30,MUFFINS,Cr-Ap Pie,0.0,0.0,0.0,0.0,0,0,0.0,0,0,0,0,0,0,0
2019-11-30,MUFFINS,PUMP OHHH,0.0,0.0,0.0,0.0,0,0,0.0,0,0,0,0,0,0,0
2019-11-30,MUFFINS,Bread Pudding,0.0,0.0,0.0,0.0,0,0,0.0,0,0,0,0,0,0,0
2019-11-30,MUFFINS,Totals,0.0,0.0,0.0,0.0,0,0,0.0,0,0,0,0,0,0,0
2019-11-31,BREAD,H,0.0,0.0,0.0,0.0,0,0,0.0,0,0,0,0,0,0,0
2019-11-31,BREAD,FR,0.0,0.0,0.0,0.0,0,0,0.0,0,0,0,0,0,0,0
2019-11-31,BREAD,GW,0.0,0.0,0.0,0.0,0,0,0.0,0,0,0,0,0,0,0
2019-11-31,BREAD,DK,0.0,0.0,0.0,0.0,0,0,0.0,0,0,0,0,0,0,0
2019-11-31,BREAD,H5|Cran,0.0,0.0,0.0,0.0,0,0,0.0,0,0,0,0,0,0,0
2019-11-31,BREAD,CSRWL,0.0,0.0,0.0,0.0,0,0,0.0,0,0,0,0,0,0,0
2019-11-31,BREAD,PUMP PIE SW,0.0,0.0,0.0,0.0,0,0,0.0,0,0,0,0,0,0,0
2019-11-31,BREAD,CB,0.0,0.0,0.0,0.0,0,0,0.0,0,0,0,0,0,0,0
2019-11-31,BREAD,CNE,0.0,0.0,0.0,0.0,0,0,0.0,0,0,0,0,0,0,0
2019-11-31,BREAD,CNR,0.0,0.0,0.0,0.0,0,0,0.0,0,0,0,0,0,0,0
2019-11-31,BREAD,CNW,0.0,0.0,0.0,0.0,0,0,0.0,0,0,0,0,0,0,0
2019-11-31,BREAD,CG,0.0,0.0,0.0,0.0,0,0,0.0,0,0,0,0,0,0,0
2019-11-31,BREAD,Pesto CG,0.0,0.0,0.0,0.0,0,0,0.0,0,0,0,0,0,0,0
2019-11-31,BREAD,CrO,0.0,0.0,0.0,0.0,0,0,0.0,0,0,0,0,0,0,0
2019-11-31,BREAD,VS,0.0,0.0,0.0,0.0,0,0,0.0,0,0,0,0,0,0,0
2019-11-31,BREAD,STUF,0.0,0.0,0.0,0.0,0,0,0.0,0,0,0,0,0,0,0
2019-11-31,BREAD,SOURDOUGH,0.0,0.0,0.0,0.0,0,0,0.0,0,0,0,0,0,0,0
2019-11-31,BREAD,SOUR JC,0.0,0.0,0.0,0.0,0,0,0.0,0,0,0,0,0,0,0
2019-11-31,BREAD,Sour RG,0.0,0.0,0.0,0.0,0,0,0.0,0,0,0,0,0,0,0
2019-11-31,BREAD,WC,0.0,0.0,0.0,0.0,0,0,0.0,0,0,0,0,0,0,0
2019-11-31,BREAD,Car,0.0,0.0,0.0,0.0,0,0,0.0,0,0,0,0,0,0,0
2019-11-31,BREAD,IHF,0.0,0.0,0.0,0.0,0,0,0.0,0,0,0,0,0,0,0
2019-11-31,BREAD,TURKEYS,0.0,0.0,0.0,0.0,0,0,0.0,0,0,0,0,0,0,0
2019-11-31,BREAD,CrO Rls,0.0,0.0,0.0,0.0,0,0,0.0,0,0,0,0,0,0,0
2019-11-31,BREAD,BUT Rls,0.0,0.0,0.0,0.0,0,0,0.0,0,0,0,0,0,0,0
2019-11-31,BREAD,H-RLS,0.0,0.0,0.0,0.0,0,0,0.0,0,0,0,0,0,0,0
2019-11-31,BREAD,FR-RLS,0.0,0.0,0.0,0.0,0,0,0.0,0,0,0,0,0,0,0
2019-11-31,BREAD,VS-RLS,0.0,0.0,0.0,0.0,0,0,0.0,0,0,0,0,0,0,0
2019-11-31,BREAD,Gingerbread,0.0,0.0,0.0,0.0,0,0,0.0,0,0,0,0,0,0,0
2019-11-31,BREAD,Mex Choc,0.0,0.0,0.0,0.0,0,0,0.0,0,0,0,0,0,0,0
2019-11-31,BREAD,Pump CC,0.0,0.0,0.0,0.0,0,0,0.0,0,0,0,0,0,0,0
2019-11-31,ROLLS,Cinnamon,0.0,0.0,0.0,0.0,0,0,0.0,0,0,0,0,0,0,0
2019-11-31,ROLLS,Pump C-R,0.0,0.0,0.0,0.0,0,0,0.0,0,0,0,0,0,0,0
2019-11-31,ROLLS,Take-n-bake,0.0,0.0,0.0,0.0,0,0,0.0,0,0,0,0,0,0,0
2019-11-31,ROLLS,Mini C-Roll,0.0,0.0,0.0,0.0,0,0,0.0,0,0,0,0,0,0,0
2019-11-31,SCONES,Blueberry,0.0,0.0,0.0,0.0,0,0,0.0,0,0,0,0,0,0,0
2019-11-31,SCONES,Rasp Cream,0.0,0.0,0.0,0.0,0,0,0.0,0,0,0,0,0,0,0
2019-11-31,SCONES,Cherry,0.0,0.0,0.0,0.0,0,0,0.0,0,0,0,0,0,0,0
2019-11-31,SCONES,Butt Almond,0.0,0.0,0.0,0.0,0,0,0.0,0,0,0,0,0,0,0
2019-11-31,SCONES,Turtle,0.0,0.0,0.0,0.0,0,0,0.0,0,0,0,0,0,0,0
2019-11-31,SCONES,pb choc,0.0,0.0,0.0,0.0,0,0,0.0,0,0,0,0,0,0,0
2019-11-31,SCONES,Pump Spice,0.0,0.0,0.0,0.0,0,0,0.0,0,0,0,0,0,0,0
2019-11-31,FRUIT BARS,Mixed Berry,0.0,0.0,0.0,0.0,0,0,0.0,0,0,0,0,0,0,0
2019-11-31,FRUIT BARS,Cherry,0.0,0.0,0.0,0.0,0,0,0.0,0,0,0,0,0,0,0
2019-11-31,FRUIT BARS,Apple Cin,0.0,0.0,0.0,0.0,0,0,0.0,0,0,0,0,0,0,0
2019-11-31,FRUIT BARS,MIXED FRUIT,0.0,0.0,0.0,0.0,0,0,0.0,0,0,0,0,0,0,0
2019-11-31,MUFFINS,Gingerbread,0.0,0.0,0.0,0.0,0,0,0.0,0,0,0,0,0,0,0
2019-11-31,MUFFINS,Mex Choc,0.0,0.0,0.0,0.0,0,0,0.0,0,0,0,0,0,0,0
2019-11-31,MUFFINS,Pump CC,0.0,0.0,0.0,0.0,0,0,0.0,0,0,0,0,0,0,0
2019-11-31,MUFFINS,Cookies,0.0,0.0,0.0,0.0,0,0,0.0,0,0,0,0,0,0,0
2019-11-31,MUFFINS,Bars,0.0,0.0,0.0,0.0,0,0,0.0,0,0,0,0,0,0,0
2019-11-31,MUFFINS,Pies,,,,,0,0,,0,0,0,0,0,0,0
2019-11-31,MUFFINS,oatmeal choc,0.0,0.0,0.0,0.0,0,0,0.0,0,0,0,0,0,0,0
2019-11-31,MUFFINS,triple choc,0.0,0.0,0.0,0.0,0,0,0.0,0,0,0,0,0,0,0
2019-11-31,MUFFINS,snickerdoodle,0.0,0.0,0.0,0.0,0,0,0.0,0,0,0,0,0,0,0
2019-11-31,MUFFINS,Ginger,0.0,0.0,0.0,0.0,0,0,0.0,0,0,0,0,0,0,0
2019-11-31,MUFFINS,frosted sugar,0.0,0.0,0.0,0.0,0,0,0.0,0,0,0,0,0,0,0
2019-11-31,MUFFINS,Pumpkin Bars,0.0,0.0,0.0,0.0,0,0,0.0,0,0,0,0,0,0,0
2019-11-31,MUFFINS,Pump Pie,0.0,0.0,0.0,0.0,0,0,0.0,0,0,0,0,0,0,0
2019-11-31,MUFFINS,Sugar Pie,0.0,0.0,0.0,0.0,0,0,0.0,0,0,0,0,0,0,0
2019-11-31,MUFFINS,Pecan Pie,0.0,0.0,0.0,0.0,0,0,0.0,0,0,0,0,0,0,0
2019-11-31,MUFFINS,AP,0.0,0.0,0.0,0.0,0,0,0.0,0,0,0,0,0,0,0
2019-11-31,MUFFINS,Cr-Ap Pie,0.0,0.0,0.0,0.0,0,0,0.0,0,0,0,0,0,0,0
2019-11-31,MUFFINS,PUMP OHHH,0.0,0.0,0.0,0.0,0,0,0.0,0,0,0,0,0,0,0
2019-11-31,MUFFINS,Bread Pudding,0.0,0.0,0.0,0.0,0,0,0.0,0,0,0,0,0,0,0
2019-11-31,MUFFINS,Totals,0.0,0.0,0.0,0.0,0,0,0.0,0,0,0,0,0,0,0
