Date,Category,Product,START_OF_DAY_WHOLE,MADE_TODAY_WHOLE,AVAILABLE_TO_SELL_WHOLE,OUT_THE_DOOR_WHOLE,ORDERS_TODAY_WHOLE,REMOVED_AS_DAY_OLD_WHOLE,LEFT_WHOLE,START_OF_DAY_HALF,MADE_TODAY_HALF,AVAILABLE_TO_SELL_HALF,OUT_THE_DOOR_HALF,ORDERS_TODAY_HALF,REMOVED_AS_DAY_OLD_HALF,LEFT_HALF
2019-04-01,BREAD,H,0,50,50,30,0,0,20,0,0,0,0,0,0,0
2019-04-01,BREAD,FR,0,27,27,5,0,0,22,0,0,0,0,0,0,0
2019-04-01,BREAD,GW,0,11,11,4,0,0,7,0,0,0,0,0,0,0
2019-04-01,BREAD,DK,0,36,36,15,0,0,21,0,0,0,0,0,0,0
2019-04-01,BREAD,H5|Cran,0,0,0,0,0,0,0,0,0,0,0,0,0,0
2019-04-01,BREAD,CSRWL,0,16,16,8,0,0,8,0,3,3,0,0,0,3
2019-04-01,BREAD,VA SWRL,0,12,12,3,0,0,9,0,2,2,0,0,0,2
2019-04-01,BREAD,BfB,0,0,0,0,0,0,0,0,0,0,0,0,0,0
2019-04-01,BREAD,CNE,0,15,15,10,0,0,5,0,3,3,2,0,0,1
2019-04-01,BREAD,CNR,0,4,4,2,0,0,2,0,0,0,0,0,0,0
2019-04-01,BREAD,CNW,0,4,4,4,0,0,0,0,0,0,0,0,0,0
2019-04-01,BREAD,CG,0,7,7,5,0,0,2,0,3,3,1,0,0,2
2019-04-01,BREAD,PESTO CG,0,3,3,3,0,0,0,0,0,0,0,0,0,0
2019-04-01,BREAD,Challah,0,0,0,0,0,0,0,0,0,0,0,0,0,0
2019-04-01,BREAD,SOURDOUGH,0,14,14,5,0,0,9,0,0,0,0,0,0,0
2019-04-01,BREAD,SOUR CC,0,3,3,0,0,0,3,0,0,0,0,0,0,0
2019-04-01,BREAD,Sour RG,0,4,4,1,0,0,3,0,0,0,0,0,0,0
2019-04-01,BREAD,wc,0,74,74,74,0,0,0,0,0,0,0,0,0,0
2019-04-01,BREAD,Car,0,18,18,6,0,0,12,0,0,0,0,0,0,0
2019-04-01,BREAD,IHF pks,0,0,0,-13,0,0,13,0,0,0,0,0,0,0
2019-04-01,BREAD,Hot X Buns,0,0,0,0,0,0,0,0,0,0,0,0,0,0
2019-04-01,BREAD,BUT-Rls,0,0,0,0,0,0,0,0,0,0,0,0,0,0
2019-04-01,BREAD,Pastel Rl,0,0,0,0,0,0,0,0,0,0,0,0,0,0
2019-04-01,BREAD,H-RLS,0,3,3,0,0,0,3,0,0,0,0,0,0,0
2019-04-01,BREAD,FR-RLS,0,2,2,0,0,0,2,0,0,0,0,0,0,0
2019-04-01,BREAD,VS-RLS,0,0,0,0,0,0,0,0,0,0,0,0,0,0
2019-04-01,BREAD,Lem Blue,0,4,4,2,0,0,2,0,0,0,0,0,0,0
2019-04-01,BREAD,Lem Popp,0,4,4,1,0,0,3,0,0,0,0,0,0,0
2019-04-01,BREAD,str short,0,4,4,0,0,0,4,0,0,0,0,0,0,0
2019-04-01,BREAD,Irish Wh,0,4,4,0,0,0,4,0,0,0,0,0,0,0
2019-04-01,ROLLS,Cinnamon,0,36,36,24,0,12,0,0,0,0,0,0,0,0
2019-04-01,ROLLS,Mini C-Roll,0,0,0,0,0,0,0,0,0,0,0,0,0,0
2019-04-01,ROLLS,Scones,0,0,0,0,0,0,0,0,0,0,0,0,0,0
2019-04-01,ROLLS,Biscuits,0,0,0,0,0,0,0,0,0,0,0,0,0,0
2019-04-01,ROLLS,Blueberry,0,0,0,0,0,0,0,0,0,0,0,0,0,0
2019-04-01,ROLLS,Rasp Cream,0,18,18,15,0,3,0,0,1,1,1,0,0,0
2019-04-01,ROLLS,Cherry,0,0,0,0,0,0,0,0,0,0,0,0,0,0
2019-04-01,ROLLS,Butt Almond,0,0,0,0,0,0,0,0,0,0,0,0,0,0
2019-04-01,ROLLS,Turtle,0,0,0,0,0,0,0,0,0,0,0,0,0,0
2019-04-01,ROLLS,Cin Chip,0,15,15,11,0,4,0,0,1,1,0,0,0,0
2019-04-01,ROLLS,Biscuit,0,0,0,0,0,0,0,0,0,0,0,0,0,0
2019-04-01,FRUIT BARS,Mixed Berry,0,8,8,4,0,4,0,0,0,0,0,0,0,0
2019-04-01,FRUIT BARS,Cherry,0,12,12,6,0,6,0,0,0,0,0,0,0,0
2019-04-01,FRUIT BARS,Apple Cin,0,0,0,0,0,0,0,0,0,0,0,0,0,0
2019-04-01,FRUIT BARS,MIXED FRUIT,0,0,0,0,0,0,0,0,0,0,0,0,0,0
2019-04-01,MUFFINS,Lemon Blue,0,5,5,4,0,1,0,0,1,1,0,0,0,0
2019-04-01,MUFFINS,Lemon Popp,0,5,5,0,0,5,0,0,1,1,0,0,0,0
2019-04-01,MUFFINS,Straw Short,0,5,5,4,0,1,0,0,1,1,1,0,0,0
2019-04-01,MUFFINS,Irish Whisk,0,5,5,3,0,2,0,0,1,1,0,0,0,0
2019-04-01,MUFFINS,Cookies,0,0,0,0,0,0,0,0,0,0,0,0,0,0
2019-04-01,MUFFINS,Bars,0,0,0,0,0,0,0,0,0,0,0,0,0,0
2019-04-01,MUFFINS,Oatmeal CC,0,24,24,8,4,0,12,0,0,0,0,0,0,0
2019-04-01,MUFFINS,Mint Bliss,0,17,17,3,0,0,14,0,0,0,0,0,0,0
2019-04-01,MUFFINS,Triple Choc,0,25,25,13,3,0,9,0,0,0,0,0,0,0
2019-04-01,MUFFINS,SNICKEDOODLE,0,24,24,17,4,0,3,0,0,0,0,0,0,0
2019-04-01,MUFFINS,frosted,0,0,0,-18,0,0,18,0,0,0,0,0,0,0
2019-04-01,MUFFINS,Lemon Bars,0,10,10,3,0,0,7,0,0,0,0,0,0,0
2019-04-01,MUFFINS,Brownies,0,0,0,0,0,0,0,0,0,0,0,0,0,0
2019-04-01,MUFFINS,Lemon Oh,0,3,3,0,0,0,3,0,0,0,0,0,0,0
2019-04-01,MUFFINS,S|B Sour Pie,0,0,0,0,0,0,0,0,0,0,0,0,0,0
2019-04-01,MUFFINS,Sugar Cream,0,0,0,0,0,0,0,0,0,0,0,0,0,0
2019-04-01,MUFFINS,Bread Pudding,0,0,0,0,0,0,0,0,3,3,-3,0,0,3
2019-04-01,MUFFINS,Totals,0,212,212,97,11,38,66,0,9,6,-1,0,0,3
2019-04-02,BREAD,H,20,25,45,43,0,0,2,0,0,0,0,0,0,0
2019-04-02,BREAD,FR,22,22,44,13,10,0,21,0,0,0,0,0,0,0
2019-04-02,BREAD,GW,7,6,13,5,0,2,6,0,0,0,0,0,0,0
2019-04-02,BREAD,DK,21,0,21,11,0,0,10,0,0,0,0,0,0,0
2019-04-02,BREAD,H5|Cran,0,14,14,8,0,0,6,0,6,6,5,0,0,1
2019-04-02,BREAD,CSRWL,8,8,16,8,0,1,7,3,0,3,3,0,0,0
2019-04-02,BREAD,VA SWRL,9,4,13,2,0,8,3,2,0,2,0,0,0,0
2019-04-02,BREAD,BfB,0,14,14,7,0,0,7,0,3,3,2,0,0,1
2019-04-02,BREAD,CNE,5,0,5,5,0,0,0,1,0,1,1,0,0,0
2019-04-02,BREAD,CNR,2,0,2,2,0,0,0,0,0,0,0,0,0,0
2019-04-02,BREAD,CNW,0,0,0,0,0,0,0,0,0,0,0,0,0,0
2019-04-02,BREAD,CG,2,0,2,1,0,1,0,2,0,2,2,0,0,0
2019-04-02,BREAD,PESTO CG,0,0,0,0,0,0,0,0,0,0,0,0,0,0
2019-04-02,BREAD,VS,0,16,16,4,0,0,12,0,4,4,0,0,0,4
2019-04-02,BREAD,Challah,0,7,7,4,0,0,3,0,2,2,2,0,0,0
2019-04-02,BREAD,SOURDOUGH,9,0,9,3,0,6,0,0,0,0,0,0,0,0
2019-04-02,BREAD,SOUR CC,3,0,3,2,0,1,0,0,0,0,0,0,0,0
2019-04-02,BREAD,Sour RG,3,0,3,0,0,3,0,0,0,0,0,0,0,0
2019-04-02,BREAD,wc,0,67,67,-1,68,0,0,0,0,0,0,0,0,0
2019-04-02,BREAD,Car,12,0,12,0,0,0,12,0,0,0,0,0,0,0
2019-04-02,BREAD,IHF,13,0,13,2,0,0,11,0,0,0,0,0,0,0
2019-04-02,BREAD,Hot X Buns,0,0,0,0,0,0,0,0,0,0,0,0,0,0
2019-04-02,BREAD,BUT-Rls,0,0,0,0,0,0,0,0,0,0,0,0,0,0
2019-04-02,BREAD,Pastel Rl,0,0,0,0,0,0,0,0,0,0,0,0,0,0
2019-04-02,BREAD,H-RLS,3,0,3,1,0,2,0,0,0,0,0,0,0,0
2019-04-02,BREAD,FR-RLS,2,0,2,2,0,0,0,0,0,0,0,0,0,0
2019-04-02,BREAD,VS-RLS,0,3,3,1,0,0,2,0,0,0,0,0,0,0
2019-04-02,BREAD,Lem Blue,2,3,5,1,0,2,2,0,0,0,0,0,0,0
2019-04-02,BREAD,Lem Popp,3,2,5,2,0,1,2,0,0,0,0,0,0,0
2019-04-02,BREAD,Str Short,4,1,5,3,0,2,0,0,0,0,0,0,0,0
2019-04-02,BREAD,Irish Wh,4,1,5,0,0,4,1,0,0,0,0,0,0,0
2019-04-02,ROLLS,Cinnamon,0,36,36,36,0,0,0,0,0,0,0,0,0,0
2019-04-02,ROLLS,Mini C-Roll,0,0,0,0,0,0,0,0,0,0,0,0,0,0
2019-04-02,ROLLS,Scones,0,0,0,0,0,0,0,0,0,0,0,0,0,0
2019-04-02,ROLLS,Biscuits,0,0,0,0,0,0,0,0,0,0,0,0,0,0
2019-04-02,ROLLS,Blueberry,0,18,18,18,0,0,0,0,2,2,2,0,0,0
2019-04-02,ROLLS,Rasp Cream,0,0,0,0,0,0,0,0,0,0,0,0,0,0
2019-04-02,ROLLS,Cherry,0,0,0,0,0,0,0,0,0,0,0,0,0,0
2019-04-02,ROLLS,Butt Almond,0,0,0,0,0,0,0,0,0,0,0,0,0,0
2019-04-02,ROLLS,Turtle,0,0,0,0,0,0,0,0,0,0,0,0,0,0
2019-04-02,ROLLS,Cin Chip,0,14,14,13,0,1,0,0,2,2,0,0,0,0
2019-04-02,ROLLS,Biscuit,0,0,0,0,0,0,0,0,0,0,0,0,0,0
2019-04-02,FRUIT BARS,Mixed Berry,0,0,0,0,0,0,0,0,0,0,0,0,0,0
2019-04-02,FRUIT BARS,Cherry,0,0,0,0,0,0,0,0,0,0,0,0,0,0
2019-04-02,FRUIT BARS,Apple Cin,0,12,12,9,0,3,0,0,0,0,0,0,0,0
2019-04-02,FRUIT BARS,MIXED FRUIT,0,8,8,6,0,2,0,0,0,0,0,0,0,0
2019-04-02,MUFFINS,Lemon Blue,0,6,6,6,0,0,0,0,1,1,1,0,0,0
2019-04-02,MUFFINS,Lemon Popp,0,6,6,2,0,4,0,0,1,1,1,0,0,0
2019-04-02,MUFFINS,Straw Short,0,6,6,6,0,0,0,0,1,1,1,0,0,0
2019-04-02,MUFFINS,Irish Whisk,0,6,6,3,0,3,0,0,1,1,0,0,0,0
2019-04-02,MUFFINS,Cookies,0,0,0,0,0,0,0,0,0,0,0,0,0,0
2019-04-02,MUFFINS,Bars,0,0,0,0,0,0,0,0,0,0,0,0,0,0
2019-04-02,MUFFINS,Oatmeal CC,12,12,24,21,0,3,0,0,3,3,0,0,0,0
2019-04-02,MUFFINS,Oat Butter,14,6,20,20,0,0,0,0,3,3,0,0,0,0
2019-04-02,MUFFINS,Triple Choc,9,12,21,15,0,6,0,0,3,3,0,0,0,0
2019-04-02,MUFFINS,SNICKEDOODLE,3,18,21,21,0,0,0,0,3,3,0,0,0,0
2019-04-02,MUFFINS,frosted,18,0,18,12,0,0,6,0,0,0,0,0,0,0
2019-04-02,MUFFINS,Lemon Bars,7,0,7,-7,0,4,10,0,0,0,0,0,0,0
2019-04-02,MUFFINS,Brownies,0,10,10,2,0,0,8,0,0,0,0,0,0,0
2019-04-02,MUFFINS,Lemon Oh,3,0,3,0,0,0,3,0,0,0,0,0,0,0
2019-04-02,MUFFINS,S|B Sour Pie,0,0,0,0,0,0,0,0,0,0,0,0,0,0
2019-04-02,MUFFINS,Sugar Cream,0,0,0,0,0,0,0,0,0,0,0,0,0,0
2019-04-02,MUFFINS,Bread Pudding,0,0,0,0,0,0,0,3,0,3,-3,0,0,3
2019-04-02,MUFFINS,Totals,66,170,236,183,0,26,27,3,20,20,2,0,0,3
2019-04-03,BREAD,H,2,46,48,32,10,0,6,0,0,0,0,0,0,0
2019-04-03,BREAD,FR,21,13,34,8,0,0,26,0,0,0,0,0,0,0
2019-04-03,BREAD,GW,6,9,15,-5,0,5,15,0,0,0,0,0,0,0
2019-04-03,BREAD,DK,10,23,33,5,0,0,28,0,0,0,0,0,0,0
2019-04-03,BREAD,H5|Cran,6,20,26,4,16,0,6,1,0,1,1,0,0,0
2019-04-03,BREAD,CSRWL,7,12,19,10,0,0,9,0,3,3,3,0,0,0
2019-04-03,BREAD,VA SWRL,3,8,11,2,0,2,7,0,2,2,0,0,0,2
2019-04-03,BREAD,BfB,7,0,7,4,0,3,0,1,0,1,0,0,0,0
2019-04-03,BREAD,CNE,0,16,16,7,0,0,9,0,2,2,0,0,0,2
2019-04-03,BREAD,CNR,0,4,4,2,0,0,2,0,0,0,0,0,0,0
2019-04-03,BREAD,CNW,0,4,4,2,0,0,2,0,0,0,0,0,0,0
2019-04-03,BREAD,CG,0,7,7,3,0,0,4,0,4,4,1,0,0,3
2019-04-03,BREAD,PESTO CG,0,3,3,1,0,0,2,0,0,0,0,0,0,0
2019-04-03,BREAD,VS,12,0,12,5,0,7,0,4,0,4,0,0,0,0
2019-04-03,BREAD,Challah,3,0,3,1,0,2,0,0,0,0,0,0,0,0
2019-04-03,BREAD,SOURDOUGH,0,15,15,5,0,0,10,0,0,0,0,0,0,0
2019-04-03,BREAD,SOUR CC,0,3,3,2,0,0,1,0,0,0,0,0,0,0
2019-04-03,BREAD,Sour RG,0,3,3,-1,0,0,4,0,0,0,0,0,0,0
2019-04-03,BREAD,bunny,0,2,2,0,0,0,2,0,0,0,0,0,0,0
2019-04-03,BREAD,WC,0,28,28,28,0,0,0,0,0,0,0,0,0,0
2019-04-03,BREAD,Car,12,0,12,0,0,0,12,0,0,0,0,0,0,0
2019-04-03,BREAD,IHF,11,0,11,0,0,0,11,0,0,0,0,0,0,0
2019-04-03,BREAD,Hot X Buns,0,0,0,0,0,0,0,0,0,0,0,0,0,0
2019-04-03,BREAD,BUT-Rls,0,0,0,0,0,0,0,0,0,0,0,0,0,0
2019-04-03,BREAD,Pastel Rl,0,0,0,0,0,0,0,0,0,0,0,0,0,0
2019-04-03,BREAD,H-RLS,0,3,3,0,0,0,3,0,0,0,0,0,0,0
2019-04-03,BREAD,FR-RLS,0,2,2,2,0,0,0,0,0,0,0,0,0,0
2019-04-03,BREAD,VS-RLS,2,0,2,2,0,0,0,0,0,0,0,0,0,0
2019-04-03,BREAD,Lem Blue,2,3,5,3,0,1,1,0,0,0,0,0,0,0
2019-04-03,BREAD,Lem Popp,2,3,5,3,0,1,1,0,0,0,0,0,0,0
2019-04-03,BREAD,Str Short,0,5,5,0,0,0,5,0,0,0,0,0,0,0
2019-04-03,BREAD,Irish Wh,1,4,5,3,0,2,0,0,0,0,0,0,0,0
2019-04-03,ROLLS,Cinnamon,0,36,36,35,0,1,0,0,0,0,0,0,0,0
2019-04-03,ROLLS,Mini C-Roll,0,0,0,0,0,0,0,0,0,0,0,0,0,0
2019-04-03,ROLLS,Scones,0,0,0,0,0,0,0,0,0,0,0,0,0,0
2019-04-03,ROLLS,Biscuits,0,0,0,0,0,0,0,0,0,0,0,0,0,0
2019-04-03,ROLLS,Blueberry,0,0,0,0,0,0,0,0,0,0,0,0,0,0
2019-04-03,ROLLS,Rasp Cream,0,17,17,10,4,3,0,0,4,4,4,0,0,0
2019-04-03,ROLLS,Cherry,0,0,0,0,0,0,0,0,0,0,0,0,0,0
2019-04-03,ROLLS,Butt Almond,0,0,0,0,0,0,0,0,0,0,0,0,0,0
2019-04-03,ROLLS,Turtle,0,12,12,12,0,0,0,0,4,4,4,0,0,0
2019-04-03,ROLLS,Cin Chip,0,0,0,0,0,0,0,0,0,0,0,0,0,0
2019-04-03,ROLLS,Biscuit,0,0,0,0,0,0,0,0,0,0,0,0,0,0
2019-04-03,FRUIT BARS,Mixed Berry,0,0,0,0,0,0,0,0,0,0,0,0,0,0
2019-04-03,FRUIT BARS,Cherry,0,0,0,0,0,0,0,0,0,0,0,0,0,0
2019-04-03,FRUIT BARS,Apple Cin,0,12,12,2,0,10,0,0,0,0,0,0,0,0
2019-04-03,FRUIT BARS,MIXED FRUIT,0,8,8,3,0,5,0,0,0,0,0,0,0,0
2019-04-03,MUFFINS,Lemon Blue,0,7,7,3,0,4,0,0,3,3,2,0,0,0
2019-04-03,MUFFINS,Lemon Popp,0,7,7,2,0,5,0,0,1,1,0,0,0,0
2019-04-03,MUFFINS,Straw Short,0,7,7,0,0,7,0,0,2,2,1,0,0,0
2019-04-03,MUFFINS,Irish Whisk,0,7,7,0,0,7,0,0,2,2,1,0,0,0
2019-04-03,MUFFINS,Cookies,0,0,0,0,0,0,0,0,0,0,0,0,0,0
2019-04-03,MUFFINS,Bars,0,0,0,0,0,0,0,0,0,0,0,0,0,0
2019-04-03,MUFFINS,Oatmeal CC,0,83,83,21,61,0,1,0,0,0,0,0,0,0
2019-04-03,MUFFINS,Oat Butter,0,62,62,22,27,0,13,0,0,0,0,0,0,0
2019-04-03,MUFFINS,Triple Choc,0,84,84,17,61,0,6,0,0,0,0,0,0,0
2019-04-03,MUFFINS,SNICKEDOODLE,0,83,83,8,61,0,14,0,0,0,0,0,0,0
2019-04-03,MUFFINS,frosted,6,18,24,7,0,4,13,0,0,0,0,0,0,0
2019-04-03,MUFFINS,Lemon Bars,10,0,10,5,0,0,5,0,0,0,0,0,0,0
2019-04-03,MUFFINS,Brownies,8,10,18,8,0,4,6,0,0,0,0,0,0,0
2019-04-03,MUFFINS,Lemon Oh,3,0,3,1,0,0,2,0,0,0,0,0,0,0
2019-04-03,MUFFINS,S|B Sour Pie,0,0,0,0,0,0,0,0,0,0,0,0,0,0
2019-04-03,MUFFINS,Sugar Cream,0,0,0,0,0,0,0,0,0,0,0,0,0,0
2019-04-03,MUFFINS,Bread Pudding,0,0,0,0,0,0,0,3,0,3,-1,0,0,1
2019-04-03,MUFFINS,Totals,27,453,480,156,214,50,60,3,16,16,11,0,0,1
2019-04-04,BREAD,H,6,48,54,10,0,0,44,0,0,0,0,0,0,0
2019-04-04,BREAD,FR,26,33,59,13,35,0,11,0,0,0,0,0,0,0
2019-04-04,BREAD,GW,15,5,20,13,0,4,3,0,0,0,0,0,0,0
2019-04-04,BREAD,DK,28,0,28,4,0,0,24,0,0,0,0,0,0,0
2019-04-04,BREAD,H5|Cran,6,8,14,0,1,0,13,0,6,6,5,0,0,0
2019-04-04,BREAD,CSRWL,9,12,21,16,4,0,1,0,3,3,2,0,0,1
2019-04-04,BREAD,VA SWRL,7,4,11,2,0,6,3,2,0,2,1,0,0,0
2019-04-04,BREAD,BfB,0,14,14,2,2,0,10,0,3,3,2,0,0,1
2019-04-04,BREAD,CNE,9,0,9,8,0,1,0,2,0,2,2,0,0,0
2019-04-04,BREAD,CNR,2,0,2,2,0,0,0,0,0,0,0,0,0,0
2019-04-04,BREAD,CNW,2,0,2,2,0,0,0,0,0,0,0,0,0,0
2019-04-04,BREAD,CG,4,0,4,3,0,1,0,3,0,3,2,0,0,0
2019-04-04,BREAD,PESTO CG,2,0,2,2,0,0,0,0,0,0,0,0,0,0
2019-04-04,BREAD,VS,0,11,11,5,0,0,6,0,2,2,2,0,0,0
2019-04-04,BREAD,Challah,0,6,6,4,0,0,2,0,2,2,1,0,0,1
2019-04-04,BREAD,SOURDOUGH,10,0,10,2,0,8,0,0,0,0,0,0,0,0
2019-04-04,BREAD,SOUR CC,1,0,1,1,0,0,0,0,0,0,0,0,0,0
2019-04-04,BREAD,Sour RG,4,0,4,2,0,2,0,0,0,0,0,0,0,0
2019-04-04,BREAD,bunny,2,0,2,1,0,0,1,0,0,0,0,0,0,0
2019-04-04,BREAD,Car,12,0,12,3,0,0,9,0,0,0,0,0,0,0
2019-04-04,BREAD,IHF,11,0,11,0,0,0,11,0,0,0,0,0,0,0
2019-04-04,BREAD,Hot X Buns,0,0,0,0,0,0,0,0,0,0,0,0,0,0
2019-04-04,BREAD,BUT-Rls,0,0,0,0,0,0,0,0,0,0,0,0,0,0
2019-04-04,BREAD,Pastel Rl,0,0,0,0,0,0,0,0,0,0,0,0,0,0
2019-04-04,BREAD,H-RLS,3,0,3,0,0,3,0,0,0,0,0,0,0,0
2019-04-04,BREAD,FR-RLS,0,3,3,3,0,0,0,0,0,0,0,0,0,0
2019-04-04,BREAD,VS-RLS,0,0,0,0,0,0,0,0,0,0,0,0,0,0
2019-04-04,BREAD,Lem Blue,1,4,5,3,0,1,1,0,0,0,0,0,0,0
2019-04-04,BREAD,Lem Popp,1,8,9,2,4,0,3,0,0,0,0,0,0,0
2019-04-04,BREAD,Str Short,5,0,5,2,0,3,0,0,0,0,0,0,0,0
2019-04-04,BREAD,Irish Wh,0,9,9,2,4,0,3,0,0,0,0,0,0,0
2019-04-04,ROLLS,Cinnamon,0,36,36,23,4,9,0,0,0,0,0,0,0,0
2019-04-04,ROLLS,Mini C-Roll,0,144,144,0,144,0,0,0,0,0,0,0,0,0
2019-04-04,ROLLS,Scones,0,0,0,0,0,0,0,0,0,0,0,0,0,0
2019-04-04,ROLLS,Biscuits,0,0,0,0,0,0,0,0,0,0,0,0,0,0
2019-04-04,ROLLS,Blueberry,0,16,16,16,0,0,0,0,22,22,2,0,0,0
2019-04-04,ROLLS,Rasp Cream,0,0,0,0,0,0,0,0,0,0,0,0,0,0
2019-04-04,ROLLS,Cherry,0,0,0,0,0,0,0,0,0,0,0,0,0,0
2019-04-04,ROLLS,Butt Almond,0,0,0,0,0,0,0,0,0,0,0,0,0,0
2019-04-04,ROLLS,Turtle,0,11,11,11,0,0,0,0,22,22,2,0,0,0
2019-04-04,ROLLS,Cin Chip,0,0,0,0,0,0,0,0,0,0,0,0,0,0
2019-04-04,ROLLS,Biscuit,0,0,0,0,0,0,0,0,0,0,0,0,0,0
2019-04-04,FRUIT BARS,Mixed Berry,0,8,8,0,3,5,0,0,0,0,0,0,0,0
2019-04-04,FRUIT BARS,Cherry,0,12,12,5,5,2,0,0,0,0,0,0,0,0
2019-04-04,FRUIT BARS,Apple Cin,0,12,12,7,5,0,0,0,0,0,0,0,0,0
2019-04-04,FRUIT BARS,MIXED FRUIT,0,8,8,5,3,0,0,0,0,0,0,0,0,0
2019-04-04,MUFFINS,Lemon Blue,0,7,7,6,0,1,0,0,21,21,1,0,0,0
2019-04-04,MUFFINS,Lemon Popp,0,7,7,1,0,6,0,0,1,1,1,0,0,0
2019-04-04,MUFFINS,Straw Short,0,7,7,1,0,6,0,0,21,21,-1,0,0,0
2019-04-04,MUFFINS,Irish Whisk,0,7,7,0,0,7,0,0,1,1,0,0,0,0
2019-04-04,MUFFINS,Cookies,0,0,0,0,0,0,0,0,0,0,0,0,0,0
2019-04-04,MUFFINS,Bars,0,0,0,0,0,0,0,0,0,0,0,0,0,0
2019-04-04,MUFFINS,Oatmeal CC,1,30,31,4,8,0,19,0,0,0,0,0,0,0
2019-04-04,MUFFINS,Oat Butter,13,18,31,13,6,12,0,0,0,0,0,0,0,0
2019-04-04,MUFFINS,Triple Choc,6,24,30,12,6,6,6,0,0,0,0,0,0,0
2019-04-04,MUFFINS,SNICKEDOODLE,14,18,32,10,7,6,9,0,0,0,0,0,0,0
2019-04-04,MUFFINS,frosted,13,0,13,6,0,0,7,0,0,0,0,0,0,0
2019-04-04,MUFFINS,Lemon Bars,5,0,5,1,0,4,0,0,0,0,0,0,0,0
2019-04-04,MUFFINS,Brownies,6,10,16,9,0,5,2,0,0,0,0,0,0,0
2019-04-04,MUFFINS,Lemon Oh,2,0,2,1,0,0,1,0,0,0,0,0,0,0
2019-04-04,MUFFINS,S|B Sour Pie,0,0,0,0,0,0,0,0,0,0,0,0,0,0
2019-04-04,MUFFINS,Sugar Cream,0,0,0,0,0,0,0,0,0,0,0,0,0,0
2019-04-04,MUFFINS,Bread Pudding,0,0,0,0,0,0,0,1,0,1,-1,0,0,1
2019-04-04,MUFFINS,Totals,60,375,435,131,191,69,44,1,88,88,4,0,0,1
2019-04-05,BREAD,H,44,17,61,26,2,0,33,0,0,0,0,0,0,0
2019-04-05,BREAD,FR,11,24,35,10,2,0,23,0,0,0,0,0,0,0
2019-04-05,BREAD,GW,3,9,12,5,0,0,7,0,0,0,0,0,0,0
2019-04-05,BREAD,DK,24,16,40,7,0,0,33,0,0,0,0,0,0,0
2019-04-05,BREAD,H5|Cran,13,0,13,7,0,0,6,0,0,0,0,0,0,0
2019-04-05,BREAD,CSRWL,1,18,19,12,0,0,7,1,2,3,1,0,0,2
2019-04-05,BREAD,VA SWRL,3,12,15,2,0,1,12,0,2,2,2,0,0,0
2019-04-05,BREAD,BfB,10,0,10,4,0,6,0,1,0,1,0,0,0,0
2019-04-05,BREAD,CNE,0,24,24,8,1,0,15,0,3,3,2,0,0,1
2019-04-05,BREAD,CNR,0,8,8,5,0,0,3,0,0,0,0,0,0,0
2019-04-05,BREAD,CNW,0,8,8,5,0,0,3,0,0,0,0,0,0,0
2019-04-05,BREAD,CG,0,16,16,5,0,0,11,0,4,4,0,0,0,4
2019-04-05,BREAD,PESTO CG,0,6,6,1,0,0,5,0,0,0,0,0,0,0
2019-04-05,BREAD,VS,6,0,6,4,0,2,0,0,0,0,0,0,0,0
2019-04-05,BREAD,Challah,2,0,2,2,0,0,0,1,0,1,0,0,0,0
2019-04-05,BREAD,SOURDOUGH,0,13,13,6,0,0,7,0,0,0,0,0,0,0
2019-04-05,BREAD,SOUR CC,0,3,3,0,0,0,3,0,0,0,0,0,0,0
2019-04-05,BREAD,Sour RG,0,3,3,0,0,0,3,0,0,0,0,0,0,0
2019-04-05,BREAD,bunny,1,1,2,0,0,0,2,0,0,0,0,0,0,0
2019-04-05,BREAD,Car,9,0,9,0,0,0,9,0,0,0,0,0,0,0
2019-04-05,BREAD,IHF,11,0,11,1,0,0,10,0,0,0,0,0,0,0
2019-04-05,BREAD,Hot X Buns,0,14,14,2,0,0,12,0,0,0,0,0,0,0
2019-04-05,BREAD,BUT-Rls,0,0,0,0,0,0,0,0,0,0,0,0,0,0
2019-04-05,BREAD,Pastel Rl,0,18,18,2,0,0,16,0,0,0,0,0,0,0
2019-04-05,BREAD,H-RLS,0,2,2,0,0,0,2,0,0,0,0,0,0,0
2019-04-05,BREAD,FR-RLS,0,4,4,2,0,0,2,0,0,0,0,0,0,0
2019-04-05,BREAD,VS-RLS,0,0,0,0,0,0,0,0,0,0,0,0,0,0
2019-04-05,BREAD,Lem Blue,1,4,5,4,0,0,1,0,0,0,0,0,0,0
2019-04-05,BREAD,Lem Popp,3,2,5,4,0,0,1,0,0,0,0,0,0,0
2019-04-05,BREAD,Str Short,0,5,5,4,0,0,1,0,0,0,0,0,0,0
2019-04-05,BREAD,Irish Wh,3,2,5,1,0,2,2,0,0,0,0,0,0,0
2019-04-05,ROLLS,Cinnamon,0,48,48,48,0,0,0,0,0,0,0,0,0,0
2019-04-05,ROLLS,Mini C-Roll,0,144,144,0,144,0,0,0,0,0,0,0,0,0
2019-04-05,ROLLS,Scones,0,0,0,0,0,0,0,0,0,0,0,0,0,0
2019-04-05,ROLLS,Biscuits,0,0,0,0,0,0,0,0,0,0,0,0,0,0
2019-04-05,ROLLS,Blueberry,0,0,0,0,0,0,0,0,0,0,0,0,0,0
2019-04-05,ROLLS,Rasp Cream,0,0,0,0,0,0,0,0,0,0,0,0,0,0
2019-04-05,ROLLS,Cherry,0,16,16,16,0,0,0,0,2,2,2,0,0,0
2019-04-05,ROLLS,Butt Almond,0,15,15,15,0,0,0,0,2,2,2,0,0,0
2019-04-05,ROLLS,Turtle,0,0,0,0,0,0,0,0,0,0,0,0,0,0
2019-04-05,ROLLS,Cin Chip,0,0,0,0,0,0,0,0,0,0,0,0,0,0
2019-04-05,ROLLS,Biscuit,0,0,0,0,0,0,0,0,0,0,0,0,0,0
2019-04-05,FRUIT BARS,Mixed Berry,0,8,8,4,0,4,0,0,0,0,0,0,0,0
2019-04-05,FRUIT BARS,Cherry,0,12,12,10,0,2,0,0,0,0,0,0,0,0
2019-04-05,FRUIT BARS,Apple Cin,0,0,0,0,0,0,0,0,0,0,0,0,0,0
2019-04-05,FRUIT BARS,MIXED FRUIT,0,0,0,0,0,0,0,0,0,0,0,0,0,0
2019-04-05,MUFFINS,Lemon Blue,0,7,7,7,0,0,0,0,1,1,1,0,0,0
2019-04-05,MUFFINS,Lemon Popp,0,7,7,3,0,4,0,0,1,1,0,0,0,0
2019-04-05,MUFFINS,Straw Short,0,7,7,6,0,1,0,0,1,1,0,0,0,0
2019-04-05,MUFFINS,Irish Whisk,0,7,7,6,0,1,0,0,1,1,1,0,0,0
2019-04-05,MUFFINS,Cookies,0,0,0,0,0,0,0,0,0,0,0,0,0,0
2019-04-05,MUFFINS,Bars,0,0,0,0,0,0,0,0,0,0,0,0,0,0
2019-04-05,MUFFINS,Oatmeal CC,19,12,31,20,5,0,6,0,0,0,0,0,0,0
2019-04-05,MUFFINS,Oat Butter,0,30,30,15,5,0,10,0,0,0,0,0,0,0
2019-04-05,MUFFINS,Triple Choc,6,30,36,30,5,0,1,0,0,0,0,0,0,0
2019-04-05,MUFFINS,SNICKEDOODLE,9,24,33,25,5,0,3,0,0,0,0,0,0,0
2019-04-05,MUFFINS,frosted,7,12,19,19,0,0,0,0,0,0,0,0,0,0
2019-04-05,MUFFINS,Lemon Bars,0,10,10,10,0,0,0,0,0,0,0,0,0,0
2019-04-05,MUFFINS,Brownies,2,10,12,5,0,0,7,0,0,0,0,0,0,0
2019-04-05,MUFFINS,Lemon Oh,1,0,1,0,0,0,1,0,0,0,0,0,0,0
2019-04-05,MUFFINS,S|B Sour Pie,0,0,0,-1,0,0,1,0,0,0,-2,0,0,2
2019-04-05,MUFFINS,Sugar Cream,0,0,0,-2,0,0,2,0,0,0,0,0,0,0
2019-04-05,MUFFINS,Bread Pudding,0,0,0,-6,0,0,6,1,0,1,-6,0,0,6
2019-04-05,MUFFINS,Totals,44,399,443,230,164,12,37,1,8,8,-2,0,0,8
2019-04-06,BREAD,H,33,0,33,22,0,11,0,0,0,0,0,0,0,0
2019-04-06,BREAD,FR,23,0,23,12,0,11,0,0,0,0,0,0,0,0
2019-04-06,BREAD,GW,7,0,7,0,1,6,0,0,0,0,0,0,0,0
2019-04-06,BREAD,DK,33,0,33,14,0,19,0,0,0,0,0,0,0,0
2019-04-06,BREAD,H5|Cran,6,0,6,2,0,4,0,0,0,0,0,0,0,0
2019-04-06,BREAD,CSRWL,7,7,14,12,0,2,0,2,0,2,1,0,0,0
2019-04-06,BREAD,VA SWRL,12,2,14,7,1,6,0,0,0,0,0,0,0,0
2019-04-06,BREAD,BfB,0,6,6,3,0,3,0,0,3,3,3,0,0,0
2019-04-06,BREAD,CNE,15,0,15,11,0,4,0,1,0,1,0,0,0,0
2019-04-06,BREAD,CNR,3,0,3,2,0,1,0,0,0,0,0,0,0,0
2019-04-06,BREAD,CNW,3,0,3,3,0,0,0,0,0,0,0,0,0,0
2019-04-06,BREAD,CG,11,0,11,4,0,7,0,4,0,4,1,0,0,0
2019-04-06,BREAD,PESTO CG,5,0,5,3,0,2,0,0,0,0,0,0,0,0
2019-04-06,BREAD,VS,0,7,7,7,0,0,0,0,3,3,0,0,0,0
2019-04-06,BREAD,Challah,0,0,0,0,0,0,0,0,0,0,0,0,0,0
2019-04-06,BREAD,SOURDOUGH,7,0,7,3,0,4,0,0,0,0,0,0,0,0
2019-04-06,BREAD,SOUR CC,3,0,3,2,0,1,0,0,0,0,0,0,0,0
2019-04-06,BREAD,Sour RG,3,0,3,3,0,0,0,0,0,0,0,0,0,0
2019-04-06,BREAD,WC,0,0,0,0,0,0,0,0,0,0,0,0,0,0
2019-04-06,BREAD,Car,9,0,9,0,0,0,9,0,0,0,0,0,0,0
2019-04-06,BREAD,IHF,10,0,10,-1,0,0,11,0,0,0,0,0,0,0
2019-04-06,BREAD,Hot X Buns,12,0,12,5,0,7,0,0,0,0,0,0,0,0
2019-04-06,BREAD,BUT-Rls,0,0,0,0,0,0,0,0,0,0,0,0,0,0
2019-04-06,BREAD,Pastel Rl,16,0,16,8,0,8,0,0,0,0,0,0,0,0
2019-04-06,BREAD,H-RLS,2,0,2,1,0,1,0,0,0,0,0,0,0,0
2019-04-06,BREAD,FR-RLS,2,0,2,2,0,0,0,0,0,0,0,0,0,0
2019-04-06,BREAD,VS-RLS,0,2,2,1,0,1,0,0,0,0,0,0,0,0
2019-04-06,BREAD,Lem Blue,1,3,4,1,0,3,0,0,0,0,0,0,0,0
2019-04-06,BREAD,Lem Popp,1,3,4,2,0,2,0,0,0,0,0,0,0,0
2019-04-06,BREAD,Str Short,1,3,4,1,0,3,0,0,0,0,0,0,0,0
2019-04-06,BREAD,Irish Wh,2,2,4,1,0,3,0,0,0,0,0,0,0,0
2019-04-06,ROLLS,Cinnamon,0,84,84,79,0,5,0,0,0,0,0,0,0,0
2019-04-06,ROLLS,Mini C-Roll,0,0,0,0,0,0,0,0,0,0,0,0,0,0
2019-04-06,ROLLS,Scones,0,0,0,0,0,0,0,0,0,0,0,0,0,0
2019-04-06,ROLLS,Biscuits,0,0,0,0,0,0,0,0,0,0,0,0,0,0
2019-04-06,ROLLS,Blueberry,0,16,16,16,0,0,0,0,2,2,2,0,0,0
2019-04-06,ROLLS,Rasp Cream,0,0,0,0,0,0,0,0,0,0,0,0,0,0
2019-04-06,ROLLS,Cherry,0,0,0,0,0,0,0,0,0,0,0,0,0,0
2019-04-06,ROLLS,Butt Almond,0,17,17,13,0,4,0,0,2,2,0,0,0,0
2019-04-06,ROLLS,Turtle,0,0,0,0,0,0,0,0,0,0,0,0,0,0
2019-04-06,ROLLS,Cin Chip,0,0,0,0,0,0,0,0,0,0,0,0,0,0
2019-04-06,ROLLS,Biscuit,0,0,0,0,0,0,0,0,0,0,0,0,0,0
2019-04-06,FRUIT BARS,Mixed Berry,0,0,0,0,0,0,0,0,0,0,0,0,0,0
2019-04-06,FRUIT BARS,Cherry,0,0,0,0,0,0,0,0,0,0,0,0,0,0
2019-04-06,FRUIT BARS,Apple Cin,0,12,12,12,0,0,0,0,0,0,0,0,0,0
2019-04-06,FRUIT BARS,MIXED FRUIT,0,8,8,4,0,4,0,0,0,0,0,0,0,0
2019-04-06,MUFFINS,Lemon Blue,0,7,7,4,0,3,0,0,1,1,1,0,0,0
2019-04-06,MUFFINS,Lemon Popp,0,7,7,1,0,6,0,0,1,1,1,0,0,0
2019-04-06,MUFFINS,Straw Short,0,7,7,3,0,4,0,0,1,1,1,0,0,0
2019-04-06,MUFFINS,Irish Whisk,0,7,7,4,0,3,0,0,1,1,1,0,0,0
2019-04-06,MUFFINS,Cookies,0,0,0,0,0,0,0,0,0,0,0,0,0,0
2019-04-06,MUFFINS,Bars,0,0,0,0,0,0,0,0,0,0,0,0,0,0
2019-04-06,MUFFINS,Oatmeal CC,6,6,12,11,0,1,0,0,0,0,0,0,0,0
2019-04-06,MUFFINS,Oat Butter,10,0,10,4,0,6,0,0,0,0,0,0,0,0
2019-04-06,MUFFINS,Triple Choc,1,12,13,13,0,0,0,0,0,0,0,0,0,0
2019-04-06,MUFFINS,SNICKEDOODLE,3,12,15,6,0,9,0,0,0,0,0,0,0,0
2019-04-06,MUFFINS,frosted,0,6,6,5,0,1,0,0,0,0,0,0,0,0
2019-04-06,MUFFINS,Lemon Bars,0,0,0,0,0,0,0,0,0,0,0,0,0,0
2019-04-06,MUFFINS,Brownies,7,0,7,6,0,1,0,0,0,0,0,0,0,0
2019-04-06,MUFFINS,Lemon Oh,1,0,1,0,0,0,1,0,0,0,0,0,0,0
2019-04-06,MUFFINS,S|B Sour Pie,1,0,1,0,0,0,1,2,0,2,2,0,0,0
2019-04-06,MUFFINS,Sugar Cream,2,0,2,1,0,0,1,0,0,0,0,0,0,0
2019-04-06,MUFFINS,Bread Pudding,6,0,6,0,0,0,6,6,0,6,-6,0,0,6
2019-04-06,MUFFINS,Totals,37,201,238,182,0,47,9,8,8,10,2,0,0,6
2019-04-07,BREAD,H,0,0,0,0,0,0,0,0,0,0,0,0,0,0
2019-04-07,BREAD,FR,0,0,0,0,0,0,0,0,0,0,0,0,0,0
2019-04-07,BREAD,GW,0,0,0,0,0,0,0,0,0,0,0,0,0,0
2019-04-07,BREAD,DK,0,0,0,0,0,0,0,0,0,0,0,0,0,0
2019-04-07,BREAD,H5|Cran,0,0,0,0,0,0,0,0,0,0,0,0,0,0
2019-04-07,BREAD,CSRWL,0,0,0,0,0,0,0,0,0,0,0,0,0,0
2019-04-07,BREAD,VA SWRL,0,0,0,0,0,0,0,0,0,0,0,0,0,0
2019-04-07,BREAD,BfB,0,0,0,0,0,0,0,0,0,0,0,0,0,0
2019-04-07,BREAD,CNE,0,0,0,0,0,0,0,0,0,0,0,0,0,0
2019-04-07,BREAD,CNR,0,0,0,0,0,0,0,0,0,0,0,0,0,0
2019-04-07,BREAD,CNW,0,0,0,0,0,0,0,0,0,0,0,0,0,0
2019-04-07,BREAD,CG,0,0,0,0,0,0,0,0,0,0,0,0,0,0
2019-04-07,BREAD,PESTO CG,0,0,0,0,0,0,0,0,0,0,0,0,0,0
2019-04-07,BREAD,Challah,0,0,0,0,0,0,0,0,0,0,0,0,0,0
2019-04-07,BREAD,SOURDOUGH,0,0,0,0,0,0,0,0,0,0,0,0,0,0
2019-04-07,BREAD,SOUR CC,0,0,0,0,0,0,0,0,0,0,0,0,0,0
2019-04-07,BREAD,Sour RG,0,0,0,0,0,0,0,0,0,0,0,0,0,0
2019-04-07,BREAD,Car,9,0,9,9,0,0,0,0,0,0,0,0,0,0
2019-04-07,BREAD,IHF,11,0,11,11,0,0,0,0,0,0,0,0,0,0
2019-04-07,BREAD,Hot X Buns,0,0,0,0,0,0,0,0,0,0,0,0,0,0
2019-04-07,BREAD,BUT-Rls,0,0,0,0,0,0,0,0,0,0,0,0,0,0
2019-04-07,BREAD,Pastel Rl,0,0,0,0,0,0,0,0,0,0,0,0,0,0
2019-04-07,BREAD,H-RLS,0,0,0,0,0,0,0,0,0,0,0,0,0,0
2019-04-07,BREAD,FR-RLS,0,0,0,0,0,0,0,0,0,0,0,0,0,0
2019-04-07,BREAD,VS-RLS,0,0,0,0,0,0,0,0,0,0,0,0,0,0
2019-04-07,BREAD,Lem Blue,0,0,0,0,0,0,0,0,0,0,0,0,0,0
2019-04-07,BREAD,Lem Popp,0,0,0,0,0,0,0,0,0,0,0,0,0,0
2019-04-07,BREAD,Str Short,0,0,0,0,0,0,0,0,0,0,0,0,0,0
2019-04-07,BREAD,Irish Wh,0,0,0,0,0,0,0,0,0,0,0,0,0,0
2019-04-07,ROLLS,Cinnamon,0,0,0,0,0,0,0,0,0,0,0,0,0,0
2019-04-07,ROLLS,Mini C-Roll,0,0,0,0,0,0,0,0,0,0,0,0,0,0
2019-04-07,ROLLS,Scones,0,0,0,0,0,0,0,0,0,0,0,0,0,0
2019-04-07,ROLLS,Biscuits,0,0,0,0,0,0,0,0,0,0,0,0,0,0
2019-04-07,ROLLS,Blueberry,0,0,0,0,0,0,0,0,0,0,0,0,0,0
2019-04-07,ROLLS,Rasp Cream,0,0,0,0,0,0,0,0,0,0,0,0,0,0
2019-04-07,ROLLS,Cherry,0,0,0,0,0,0,0,0,0,0,0,0,0,0
2019-04-07,ROLLS,Butt Almond,0,0,0,0,0,0,0,0,0,0,0,0,0,0
2019-04-07,ROLLS,Turtle,0,0,0,0,0,0,0,0,0,0,0,0,0,0
2019-04-07,ROLLS,Cin Chip,0,0,0,0,0,0,0,0,0,0,0,0,0,0
2019-04-07,ROLLS,Biscuit,0,0,0,0,0,0,0,0,0,0,0,0,0,0
2019-04-07,FRUIT BARS,Mixed Berry,0,0,0,0,0,0,0,0,0,0,0,0,0,0
2019-04-07,FRUIT BARS,Cherry,0,0,0,0,0,0,0,0,0,0,0,0,0,0
2019-04-07,FRUIT BARS,Apple Cin,0,0,0,0,0,0,0,0,0,0,0,0,0,0
2019-04-07,FRUIT BARS,MIXED FRUIT,0,0,0,0,0,0,0,0,0,0,0,0,0,0
2019-04-07,MUFFINS,Lemon Blue,0,0,0,0,0,0,0,0,0,0,0,0,0,0
2019-04-07,MUFFINS,Lemon Popp,0,0,0,0,0,0,0,0,0,0,0,0,0,0
2019-04-07,MUFFINS,Straw Short,0,0,0,0,0,0,0,0,0,0,0,0,0,0
2019-04-07,MUFFINS,Irish Whisk,0,0,0,0,0,0,0,0,0,0,0,0,0,0
2019-04-07,MUFFINS,Cookies,0,0,0,0,0,0,0,0,0,0,0,0,0,0
2019-04-07,MUFFINS,Bars,0,0,0,0,0,0,0,0,0,0,0,0,0,0
2019-04-07,MUFFINS,Oatmeal CC,0,0,0,0,0,0,0,0,0,0,0,0,0,0
2019-04-07,MUFFINS,Oat Butter,0,0,0,0,0,0,0,0,0,0,0,0,0,0
2019-04-07,MUFFINS,Triple Choc,0,0,0,0,0,0,0,0,0,0,0,0,0,0
2019-04-07,MUFFINS,SNICKEDOODLE,0,0,0,0,0,0,0,0,0,0,0,0,0,0
2019-04-07,MUFFINS,frosted,0,0,0,0,0,0,0,0,0,0,0,0,0,0
2019-04-07,MUFFINS,Lemon Bars,0,0,0,0,0,0,0,0,0,0,0,0,0,0
2019-04-07,MUFFINS,Brownies,0,0,0,0,0,0,0,0,0,0,0,0,0,0
2019-04-07,MUFFINS,Lemon Oh,1,0,1,1,0,0,0,0,0,0,0,0,0,0
2019-04-07,MUFFINS,S|B Sour Pie,1,0,1,1,0,0,0,0,0,0,0,0,0,0
2019-04-07,MUFFINS,Sugar Cream,1,0,1,1,0,0,0,0,0,0,0,0,0,0
2019-04-07,MUFFINS,Bread Pudding,6,0,6,6,0,0,0,6,0,6,0,0,0,0
2019-04-07,MUFFINS,Totals,9,0,9,9,0,0,0,6,0,0,0,0,0,0
2019-04-08,BREAD,H,0,39,39,25,0,0,14,0,0,0,0,0,0,0
2019-04-08,BREAD,FR,0,64,64,15,35,0,14,0,0,0,0,0,0,0
2019-04-08,BREAD,GW,0,12,12,3,0,0,9,0,0,0,0,0,0,0
2019-04-08,BREAD,DK,0,30,30,18,0,0,12,0,0,0,0,0,0,0
2019-04-08,BREAD,H5|Cran,0,0,0,0,0,0,0,0,0,0,0,0,0,0
2019-04-08,BREAD,CSRWL,0,16,16,10,0,0,6,0,3,3,2,0,0,1
2019-04-08,BREAD,VA SWRL,0,12,12,7,2,0,3,0,2,2,1,0,0,1
2019-04-08,BREAD,BfB,0,0,0,0,0,0,0,0,0,0,0,0,0,0
2019-04-08,BREAD,CNE,0,25,25,8,6,0,11,0,3,3,1,0,0,2
2019-04-08,BREAD,CNR,0,4,4,4,0,0,0,0,0,0,0,0,0,0
2019-04-08,BREAD,CNW,0,4,4,4,0,0,0,0,0,0,0,0,0,0
2019-04-08,BREAD,CG,0,9,9,3,0,0,6,0,2,2,0,0,0,2
2019-04-08,BREAD,PESTO CG,0,3,3,1,0,0,2,0,0,0,0,0,0,0
2019-04-08,BREAD,VS,0,0,0,0,0,0,0,0,0,0,0,0,0,0
2019-04-08,BREAD,Challah,0,0,0,0,0,0,0,0,0,0,0,0,0,0
2019-04-08,BREAD,SOURDOUGH,0,15,15,-1,0,0,16,0,0,0,0,0,0,0
2019-04-08,BREAD,SOUR CC,0,3,3,2,0,0,1,0,0,0,0,0,0,0
2019-04-08,BREAD,Sour RG,0,4,4,2,0,0,2,0,0,0,0,0,0,0
2019-04-08,BREAD,bunnies,0,2,2,0,0,0,2,0,0,0,0,0,0,0
2019-04-08,BREAD,wc,0,83,83,83,0,0,0,0,0,0,0,0,0,0
2019-04-08,BREAD,Car,9,0,9,2,0,0,7,0,0,0,0,0,0,0
2019-04-08,BREAD,IHF,11,0,11,1,0,0,10,0,0,0,0,0,0,0
2019-04-08,BREAD,Hot X Buns,0,0,0,0,0,0,0,0,0,0,0,0,0,0
2019-04-08,BREAD,BUT-Rls,0,0,0,0,0,0,0,0,0,0,0,0,0,0
2019-04-08,BREAD,Pastel Rl,0,0,0,0,0,0,0,0,0,0,0,0,0,0
2019-04-08,BREAD,H-RLS,0,2,2,0,0,0,2,0,0,0,0,0,0,0
2019-04-08,BREAD,FR-RLS,0,3,3,0,0,0,3,0,0,0,0,0,0,0
2019-04-08,BREAD,VS-RLS,0,0,0,0,0,0,0,0,0,0,0,0,0,0
2019-04-08,BREAD,Lem Blue,0,4,4,1,1,0,2,0,0,0,0,0,0,0
2019-04-08,BREAD,Lem Popp,0,4,4,1,0,0,3,0,0,0,0,0,0,0
2019-04-08,BREAD,Str Short,0,4,4,1,0,0,3,0,0,0,0,0,0,0
2019-04-08,BREAD,Irish Wh,0,4,4,1,0,0,3,0,0,0,0,0,0,0
2019-04-08,ROLLS,Cinnamon,0,36,36,33,0,3,0,0,0,0,0,0,0,0
2019-04-08,ROLLS,Mini C-Roll,0,0,0,0,0,0,0,0,0,0,0,0,0,0
2019-04-08,ROLLS,Scones,0,0,0,0,0,0,0,0,0,0,0,0,0,0
2019-04-08,ROLLS,Biscuits,0,0,0,0,0,0,0,0,0,0,0,0,0,0
2019-04-08,ROLLS,Blueberry,0,0,0,0,0,0,0,0,0,0,0,0,0,0
2019-04-08,ROLLS,Rasp Cream,0,16,16,11,0,5,0,0,1,1,1,0,0,0
2019-04-08,ROLLS,Cherry,0,0,0,0,0,0,0,0,0,0,0,0,0,0
2019-04-08,ROLLS,Butt Almond,0,0,0,0,0,0,0,0,0,0,0,0,0,0
2019-04-08,ROLLS,Turtle,0,0,0,0,0,0,0,0,0,0,0,0,0,0
2019-04-08,ROLLS,Cin Chip,0,16,16,10,0,6,0,0,1,1,1,0,0,0
2019-04-08,ROLLS,Biscuit,0,0,0,0,0,0,0,0,0,0,0,0,0,0
2019-04-08,FRUIT BARS,Mixed Berry,0,8,8,6,1,1,0,0,0,0,0,0,0,0
2019-04-08,FRUIT BARS,Cherry,0,12,12,8,1,3,0,0,0,0,0,0,0,0
2019-04-08,FRUIT BARS,Apple Cin,0,0,0,0,0,0,0,0,0,0,0,0,0,0
2019-04-08,FRUIT BARS,MIXED FRUIT,0,0,0,0,0,0,0,0,0,0,0,0,0,0
2019-04-08,MUFFINS,Lemon Blue,0,5,5,5,0,0,0,0,1,1,0,0,0,0
2019-04-08,MUFFINS,Lemon Popp,0,5,5,4,0,1,0,0,1,1,1,0,0,0
2019-04-08,MUFFINS,Straw Short,0,5,5,3,0,2,0,0,1,1,0,0,0,0
2019-04-08,MUFFINS,Irish Whisk,0,5,5,2,0,3,0,0,1,1,0,0,0,0
2019-04-08,MUFFINS,Cookies,0,0,0,0,0,0,0,0,0,0,0,0,0,0
2019-04-08,MUFFINS,Bars,0,0,0,0,0,0,0,0,0,0,0,0,0,0
2019-04-08,MUFFINS,Oatmeal CC,0,42,42,8,16,0,18,0,4,4,0,0,0,0
2019-04-08,MUFFINS,Oat Butter,0,24,24,7,15,0,2,0,2,2,0,0,0,0
2019-04-08,MUFFINS,Triple Choc,0,42,42,21,15,0,6,0,2,2,0,0,0,0
2019-04-08,MUFFINS,SNICKEDOODLE,0,36,36,13,15,0,8,0,2,2,0,0,0,0
2019-04-08,MUFFINS,frosted,0,20,20,12,0,0,8,0,0,0,0,0,0,0
2019-04-08,MUFFINS,Lemon Bars,0,10,10,7,3,0,0,0,0,0,0,0,0,0
2019-04-08,MUFFINS,Brownies,0,0,0,0,0,0,0,0,0,0,0,0,0,0
2019-04-08,MUFFINS,Lemon Oh,1,9,10,1,0,0,9,0,4,4,0,0,0,4
2019-04-08,MUFFINS,S|B Sour Pie,1,0,1,0,0,0,1,0,0,0,0,0,0,0
2019-04-08,MUFFINS,Sugar Cream,1,0,1,0,0,0,1,0,0,0,0,0,0,0
2019-04-08,MUFFINS,Bread Pudding,6,0,6,0,0,0,6,6,0,6,-5,0,0,5
2019-04-08,MUFFINS,Totals,9,291,300,151,66,24,59,6,20,20,-2,0,0,9
2019-04-09,BREAD,H,14,26,40,28,0,0,12,0,0,0,0,0,0,0
2019-04-09,BREAD,FR,14,17,31,17,6,0,8,0,0,0,0,0,0,0
2019-04-09,BREAD,GW,9,0,9,3,0,6,0,0,0,0,0,0,0,0
2019-04-09,BREAD,DK,12,0,12,10,0,0,2,0,0,0,0,0,0,0
2019-04-09,BREAD,H5|Cran,0,11,11,8,0,0,3,0,6,6,3,0,0,3
2019-04-09,BREAD,CSRWL,6,8,14,7,0,1,6,1,2,3,1,0,0,2
2019-04-09,BREAD,VA SWRL,3,8,11,1,0,3,7,1,0,1,0,0,0,0
2019-04-09,BREAD,BfB,0,13,13,7,0,0,6,0,3,3,2,0,0,1
2019-04-09,BREAD,CNE,11,0,11,7,0,4,0,2,0,2,0,0,0,0
2019-04-09,BREAD,CNR,0,0,0,0,0,0,0,0,0,0,0,0,0,0
2019-04-09,BREAD,CNW,0,0,0,0,0,0,0,0,0,0,0,0,0,0
2019-04-09,BREAD,CG,6,0,6,1,0,5,0,2,0,2,0,0,0,0
2019-04-09,BREAD,PESTO CG,2,0,2,2,0,0,0,0,0,0,0,0,0,0
2019-04-09,BREAD,VS,0,12,12,3,3,0,6,0,2,2,0,0,0,2
2019-04-09,BREAD,Challah,0,5,5,5,0,0,0,0,4,4,1,0,0,3
2019-04-09,BREAD,SOURDOUGH,16,0,16,2,0,14,0,0,0,0,0,0,0,0
2019-04-09,BREAD,SOUR CC,1,0,1,0,0,1,0,0,0,0,0,0,0,0
2019-04-09,BREAD,Sour RG,2,0,2,0,0,2,0,0,0,0,0,0,0,0
2019-04-09,BREAD,bunnies,2,2,4,1,0,0,3,0,0,0,0,0,0,0
2019-04-09,BREAD,wc,0,74,74,74,0,0,0,0,0,0,0,0,0,0
2019-04-09,BREAD,Car,7,0,7,2,1,0,4,0,0,0,0,0,0,0
2019-04-09,BREAD,IHF,10,0,10,2,0,0,8,0,0,0,0,0,0,0
2019-04-09,BREAD,Hot X Buns,0,0,0,0,0,0,0,0,0,0,0,0,0,0
2019-04-09,BREAD,BUT-Rls,0,0,0,0,0,0,0,0,0,0,0,0,0,0
2019-04-09,BREAD,Pastel Rl,0,0,0,0,0,0,0,0,0,0,0,0,0,0
2019-04-09,BREAD,H-RLS,2,3,5,0,0,2,3,0,0,0,0,0,0,0
2019-04-09,BREAD,FR-RLS,3,0,3,0,0,3,0,0,0,0,0,0,0,0
2019-04-09,BREAD,VS-RLS,0,3,3,0,0,0,3,0,0,0,0,0,0,0
2019-04-09,BREAD,Lem Blue,2,3,5,1,0,1,3,0,0,0,0,0,0,0
2019-04-09,BREAD,Lem Popp,3,2,5,0,0,3,2,0,0,0,0,0,0,0
2019-04-09,BREAD,Str Short,3,2,5,1,0,2,2,0,0,0,0,0,0,0
2019-04-09,BREAD,Irish Wh,3,2,5,0,0,3,2,0,0,0,0,0,0,0
2019-04-09,ROLLS,Cinnamon,0,36,36,33,0,3,0,0,0,0,0,0,0,0
2019-04-09,ROLLS,Mini C-Roll,0,0,0,0,0,0,0,0,0,0,0,0,0,0
2019-04-09,ROLLS,Scones,0,0,0,0,0,0,0,0,0,0,0,0,0,0
2019-04-09,ROLLS,Biscuits,0,0,0,0,0,0,0,0,0,0,0,0,0,0
2019-04-09,ROLLS,Blueberry,0,18,18,17,0,1,0,0,2,2,2,0,0,0
2019-04-09,ROLLS,Rasp Cream,0,0,0,0,0,0,0,0,0,0,0,0,0,0
2019-04-09,ROLLS,Cherry,0,0,0,0,0,0,0,0,0,0,0,0,0,0
2019-04-09,ROLLS,Butt Almond,0,0,0,0,0,0,0,0,0,0,0,0,0,0
2019-04-09,ROLLS,Turtle,0,0,0,0,0,0,0,0,0,0,0,0,0,0
2019-04-09,ROLLS,Cin Chip,0,13,13,9,0,4,0,0,2,2,0,0,0,0
2019-04-09,ROLLS,Biscuit,0,0,0,0,0,0,0,0,0,0,0,0,0,0
2019-04-09,FRUIT BARS,Mixed Berry,0,0,0,0,0,0,0,0,0,0,0,0,0,0
2019-04-09,FRUIT BARS,Cherry,0,0,0,0,0,0,0,0,0,0,0,0,0,0
2019-04-09,FRUIT BARS,Apple Cin,0,12,12,12,0,0,0,0,0,0,0,0,0,0
2019-04-09,FRUIT BARS,MIXED FRUIT,0,8,8,4,0,4,0,0,0,0,0,0,0,0
2019-04-09,MUFFINS,Lemon Blue,0,6,6,4,0,2,0,0,1,1,1,0,0,0
2019-04-09,MUFFINS,Lemon Popp,0,6,6,4,0,2,0,0,1,1,0,0,0,0
2019-04-09,MUFFINS,Straw Short,0,6,6,5,0,1,0,0,1,1,1,0,0,0
2019-04-09,MUFFINS,Irish Whisk,0,6,6,4,0,2,0,0,1,1,0,0,0,0
2019-04-09,MUFFINS,Cookies,0,0,0,0,0,0,0,0,0,0,0,0,0,0
2019-04-09,MUFFINS,Bars,0,0,0,0,0,0,0,0,0,0,0,0,0,0
2019-04-09,MUFFINS,Oatmeal CC,18,12,30,22,8,0,0,0,0,0,0,0,0,0
2019-04-09,MUFFINS,Oat Butter,2,24,26,15,6,1,4,0,0,0,0,0,0,0
2019-04-09,MUFFINS,Triple Choc,6,24,30,20,8,2,0,0,0,0,0,0,0,0
2019-04-09,MUFFINS,SNICKEDOODLE,8,18,26,19,7,0,0,0,0,0,0,0,0,0
2019-04-09,MUFFINS,frosted,8,12,20,17,0,0,3,0,0,0,0,0,0,0
2019-04-09,MUFFINS,Lemon Bars,0,0,0,0,0,0,0,0,0,0,0,0,0,0
2019-04-09,MUFFINS,Brownies,0,10,10,8,0,0,2,0,0,0,0,0,0,0
2019-04-09,MUFFINS,Lemon Oh,9,0,9,0,0,0,9,4,0,4,1,0,0,3
2019-04-09,MUFFINS,S|B Sour Pie,1,0,1,1,0,0,0,0,0,0,0,0,0,0
2019-04-09,MUFFINS,Sugar Cream,1,0,1,1,0,0,0,0,0,0,0,0,0,0
2019-04-09,MUFFINS,Bread Pudding,6,0,6,0,0,0,6,5,0,5,-4,0,0,4
2019-04-09,MUFFINS,Totals,59,211,270,195,29,22,24,9,8,12,1,0,0,7
2019-04-10,BREAD,H,12,33,45,16,0,0,29,0,0,0,0,0,0,0
2019-04-10,BREAD,FR,8,18,26,16,0,0,10,0,0,0,0,0,0,0
2019-04-10,BREAD,GW,0,7,7,5,0,0,2,0,0,0,0,0,0,0
2019-04-10,BREAD,DK,2,23,25,9,0,0,16,0,0,0,0,0,0,0
2019-04-10,BREAD,H5|Cran,3,0,3,0,0,0,3,3,0,3,3,0,0,0
2019-04-10,BREAD,CSRWL,6,12,18,6,0,3,9,2,0,2,1,0,0,0
2019-04-10,BREAD,VA SWRL,7,4,11,8,0,1,2,0,2,2,0,0,0,2
2019-04-10,BREAD,BfB,6,0,6,0,0,6,0,1,0,1,1,0,0,0
2019-04-10,BREAD,CNE,0,17,17,15,0,0,2,0,2,2,2,0,0,0
2019-04-10,BREAD,CNR,0,0,0,0,0,0,0,0,0,0,0,0,0,0
2019-04-10,BREAD,CNW,0,0,0,0,0,0,0,0,0,0,0,0,0,0
2019-04-10,BREAD,CG,0,8,8,2,0,0,6,0,2,2,2,0,0,0
2019-04-10,BREAD,PESTO CG,0,3,3,2,0,0,1,0,0,0,0,0,0,0
2019-04-10,BREAD,VS,6,0,6,4,0,2,0,2,0,2,2,0,0,0
2019-04-10,BREAD,Challah,0,0,0,0,0,0,0,3,0,3,3,0,0,0
2019-04-10,BREAD,SOURDOUGH,0,13,13,4,0,0,9,0,0,0,0,0,0,0
2019-04-10,BREAD,SOUR CC,0,3,3,1,0,0,2,0,0,0,0,0,0,0
2019-04-10,BREAD,Sour RG,0,3,3,2,0,0,1,0,0,0,0,0,0,0
2019-04-10,BREAD,bunnies,3,0,3,0,0,0,3,0,0,0,0,0,0,0
2019-04-10,BREAD,wc,0,64,64,64,0,0,0,0,0,0,0,0,0,0
2019-04-10,BREAD,Car,4,0,4,1,0,0,3,0,0,0,0,0,0,0
2019-04-10,BREAD,IHF,8,0,8,2,0,0,6,0,0,0,0,0,0,0
2019-04-10,BREAD,Hot X Buns,0,0,0,0,0,0,0,0,0,0,0,0,0,0
2019-04-10,BREAD,BUT-Rls,0,0,0,0,0,0,0,0,0,0,0,0,0,0
2019-04-10,BREAD,Pastel Rl,0,18,18,0,0,0,18,0,0,0,0,0,0,0
2019-04-10,BREAD,H-RLS,3,2,5,1,0,2,2,0,0,0,0,0,0,0
2019-04-10,BREAD,FR-RLS,0,3,3,2,0,0,1,0,0,0,0,0,0,0
2019-04-10,BREAD,VS-RLS,3,0,3,1,0,2,0,0,0,0,0,0,0,0
2019-04-10,BREAD,Lem Blue,3,2,5,1,0,2,2,0,0,0,0,0,0,0
2019-04-10,BREAD,Lem Popp,2,3,5,0,0,2,3,0,0,0,0,0,0,0
2019-04-10,BREAD,Str Short,2,3,5,1,0,2,2,0,0,0,0,0,0,0
2019-04-10,BREAD,Irish Wh,2,3,5,2,0,1,2,0,0,0,0,0,0,0
2019-04-10,ROLLS,Cinnamon,0,36,36,28,0,8,0,0,0,0,0,0,0,0
2019-04-10,ROLLS,Mini C-Roll,0,24,24,0,24,0,0,0,0,0,0,0,0,0
2019-04-10,ROLLS,Scones,0,0,0,0,0,0,0,0,0,0,0,0,0,0
2019-04-10,ROLLS,Biscuits,0,0,0,0,0,0,0,0,0,0,0,0,0,0
2019-04-10,ROLLS,Blueberry,0,0,0,0,0,0,0,0,0,0,0,0,0,0
2019-04-10,ROLLS,Rasp Cream,0,18,18,7,4,7,0,0,2,2,2,0,0,0
2019-04-10,ROLLS,Cherry,0,0,0,0,0,0,0,0,0,0,0,0,0,0
2019-04-10,ROLLS,Butt Almond,0,0,0,0,0,0,0,0,0,0,0,0,0,0
2019-04-10,ROLLS,Turtle,0,16,16,7,0,9,0,0,2,2,0,0,0,0
2019-04-10,ROLLS,Cin Chip,0,0,0,0,0,0,0,0,0,0,0,0,0,0
2019-04-10,ROLLS,Biscuit,0,0,0,0,0,0,0,0,0,0,0,0,0,0
2019-04-10,FRUIT BARS,Mixed Berry,0,8,8,4,2,2,0,0,0,0,0,0,0,0
2019-04-10,FRUIT BARS,Cherry,0,12,12,2,2,8,0,0,0,0,0,0,0,0
2019-04-10,FRUIT BARS,Apple Cin,0,0,0,0,0,0,0,0,0,0,0,0,0,0
2019-04-10,FRUIT BARS,MIXED FRUIT,0,0,0,0,0,0,0,0,0,0,0,0,0,0
2019-04-10,MUFFINS,Lemon Blue,0,7,7,4,0,3,0,0,1,1,1,0,0,0
2019-04-10,MUFFINS,Lemon Popp,0,7,7,1,0,6,0,0,1,1,1,0,0,0
2019-04-10,MUFFINS,Straw Short,0,7,7,3,0,4,0,0,1,1,0,0,0,0
2019-04-10,MUFFINS,Irish Whisk,0,7,7,0,0,7,0,0,1,1,0,0,0,0
2019-04-10,MUFFINS,Cookies,0,0,0,0,0,0,0,0,0,0,0,0,0,0
2019-04-10,MUFFINS,Bars,0,0,0,0,0,0,0,0,0,0,0,0,0,0
2019-04-10,MUFFINS,Oatmeal CC,0,24,24,14,0,0,10,0,0,0,0,0,0,0
2019-04-10,MUFFINS,Oat Butter,4,18,22,3,0,4,15,0,0,0,0,0,0,0
2019-04-10,MUFFINS,Triple Choc,0,24,24,18,0,0,6,0,0,0,0,0,0,0
2019-04-10,MUFFINS,SNICKEDOODLE,0,24,24,17,0,0,7,0,0,0,0,0,0,0
2019-04-10,MUFFINS,frosted,3,18,21,11,0,2,8,0,0,0,0,0,0,0
2019-04-10,MUFFINS,Lemon Bars,0,10,10,9,0,0,1,0,0,0,0,0,0,0
2019-04-10,MUFFINS,Brownies,2,10,12,2,0,2,8,0,0,0,0,0,0,0
2019-04-10,MUFFINS,Lemon Oh,9,0,9,0,0,0,9,3,0,3,0,0,0,3
2019-04-10,MUFFINS,S|B Sour Pie,0,0,0,0,0,0,0,0,0,0,0,0,0,0
2019-04-10,MUFFINS,Sugar Cream,0,0,0,0,0,0,0,0,0,0,0,0,0,0
2019-04-10,MUFFINS,Bread Pudding,6,0,6,2,0,0,4,4,0,4,-3,0,0,3
2019-04-10,MUFFINS,Totals,24,270,294,132,32,62,68,7,8,11,1,0,0,6
2019-04-11,BREAD,H,29,20,49,37,0,0,12,0,0,0,0,0,0,0
2019-04-11,BREAD,FR,10,39,49,15,25,0,9,0,0,0,0,0,0,0
2019-04-11,BREAD,GW,2,8,10,2,0,1,7,0,0,0,0,0,0,0
2019-04-11,BREAD,DK,16,0,16,5,0,0,11,0,0,0,0,0,0,0
2019-04-11,BREAD,H5|Cran,3,13,16,10,0,0,6,0,6,6,2,0,0,4
2019-04-11,BREAD,CSRWL,9,13,22,17,1,0,4,0,3,3,0,0,0,3
2019-04-11,BREAD,VA SWRL,2,8,10,1,0,1,8,2,0,2,0,0,0,0
2019-04-11,BREAD,BfB,0,14,14,9,0,0,5,0,3,3,3,0,0,0
2019-04-11,BREAD,CNE,2,0,2,2,0,0,0,0,0,0,0,0,0,0
2019-04-11,BREAD,CNR,0,0,0,0,0,0,0,0,0,0,0,0,0,0
2019-04-11,BREAD,CNW,0,0,0,0,0,0,0,0,0,0,0,0,0,0
2019-04-11,BREAD,CG,6,0,6,2,0,4,0,0,0,0,0,0,0,0
2019-04-11,BREAD,PESTO CG,1,0,1,1,0,0,0,0,0,0,0,0,0,0
2019-04-11,BREAD,VS,0,8,8,1,0,0,7,0,2,2,2,0,0,0
2019-04-11,BREAD,Challah,0,0,0,-1,0,0,1,0,0,0,0,0,0,0
2019-04-11,BREAD,SOURDOUGH,9,0,9,1,0,8,0,0,0,0,0,0,0,0
2019-04-11,BREAD,SOUR CC,2,0,2,1,0,1,0,0,0,0,0,0,0,0
2019-04-11,BREAD,Sour RG,1,0,1,1,0,0,0,0,0,0,0,0,0,0
2019-04-11,BREAD,bunnies,3,0,3,3,0,0,0,0,0,0,0,0,0,0
2019-04-11,BREAD,Car,3,0,3,2,0,0,1,0,0,0,0,0,0,0
2019-04-11,BREAD,IHF,6,0,6,1,0,0,5,0,0,0,0,0,0,0
2019-04-11,BREAD,Hot X Buns,0,0,0,0,0,0,0,0,0,0,0,0,0,0
2019-04-11,BREAD,BUT-Rls,0,0,0,0,0,0,0,0,0,0,0,0,0,0
2019-04-11,BREAD,Pastel Rl,18,0,18,18,0,0,0,0,0,0,0,0,0,0
2019-04-11,BREAD,H-RLS,2,0,2,1,0,1,0,0,0,0,0,0,0,0
2019-04-11,BREAD,FR-RLS,1,2,3,3,0,0,0,0,0,0,0,0,0,0
2019-04-11,BREAD,VS-RLS,0,4,4,0,0,0,4,0,0,0,0,0,0,0
2019-04-11,BREAD,Lem Blue,2,3,5,0,0,1,4,0,0,0,0,0,0,0
2019-04-11,BREAD,Lem Popp,3,3,6,0,1,2,3,0,0,0,0,0,0,0
2019-04-11,BREAD,Str Short,2,3,5,1,0,0,4,0,0,0,0,0,0,0
2019-04-11,BREAD,Irish Wh,2,4,6,2,1,1,2,0,0,0,0,0,0,0
2019-04-11,ROLLS,Cinnamon,0,36,36,20,6,10,0,0,0,0,0,0,0,0
2019-04-11,ROLLS,Mini C-Roll,0,0,0,0,0,0,0,0,0,0,0,0,0,0
2019-04-11,ROLLS,Scones,0,0,0,0,0,0,0,0,0,0,0,0,0,0
2019-04-11,ROLLS,Biscuits,0,0,0,0,0,0,0,0,0,0,0,0,0,0
2019-04-11,ROLLS,Blueberry,0,17,17,14,0,3,0,0,7,7,0,0,0,0
2019-04-11,ROLLS,Rasp Cream,0,0,0,0,0,0,0,0,0,0,0,0,0,0
2019-04-11,ROLLS,Cherry,0,0,0,0,0,0,0,0,0,0,0,0,0,0
2019-04-11,ROLLS,Butt Almond,0,0,0,0,0,0,0,0,0,0,0,0,0,0
2019-04-11,ROLLS,Turtle,0,13,13,11,0,2,0,0,7,7,2,0,0,0
2019-04-11,ROLLS,Cin Chip,0,0,0,0,0,0,0,0,0,0,0,0,0,0
2019-04-11,ROLLS,Biscuit,0,0,0,0,0,0,0,0,0,0,0,0,0,0
2019-04-11,FRUIT BARS,Mixed Berry,0,0,0,0,0,0,0,0,0,0,0,0,0,0
2019-04-11,FRUIT BARS,Cherry,0,0,0,0,0,0,0,0,0,0,0,0,0,0
2019-04-11,FRUIT BARS,Apple Cin,0,12,12,10,2,0,0,0,0,0,0,0,0,0
2019-04-11,FRUIT BARS,MIXED FRUIT,0,8,8,5,2,1,0,0,0,0,0,0,0,0
2019-04-11,MUFFINS,Lemon Blue,0,7,7,7,0,0,0,0,6,6,0,0,0,0
2019-04-11,MUFFINS,Lemon Popp,0,7,7,3,0,4,0,0,1,1,0,0,0,0
2019-04-11,MUFFINS,Straw Short,0,7,7,6,0,1,0,0,6,6,1,0,0,0
2019-04-11,MUFFINS,Irish Whisk,0,7,7,3,0,4,0,0,1,1,1,0,0,0
2019-04-11,MUFFINS,Cookies,0,0,0,0,0,0,0,0,0,0,0,0,0,0
2019-04-11,MUFFINS,Bars,0,0,0,0,0,0,0,0,0,0,0,0,0,0
2019-04-11,MUFFINS,Oatmeal CC,10,18,28,10,8,2,8,0,0,0,0,0,0,0
2019-04-11,MUFFINS,Oat Butter,15,18,33,5,8,14,6,0,0,0,0,0,0,0
2019-04-11,MUFFINS,Triple Choc,6,24,30,22,8,0,0,0,0,0,0,0,0,0
2019-04-11,MUFFINS,SNICKEDOODLE,7,24,31,19,8,0,4,0,0,0,0,0,0,0
2019-04-11,MUFFINS,frosted,8,12,20,12,0,0,8,0,0,0,0,0,0,0
2019-04-11,MUFFINS,Lemon Bars,1,0,1,1,0,0,0,0,0,0,0,0,0,0
2019-04-11,MUFFINS,Brownies,8,10,18,17,0,1,0,0,0,0,0,0,0,0
2019-04-11,MUFFINS,Lemon Oh,9,0,9,0,0,0,9,3,0,3,1,0,0,2
2019-04-11,MUFFINS,S|B Sour Pie,0,0,0,0,0,0,0,0,0,0,0,0,0,0
2019-04-11,MUFFINS,Sugar Cream,0,0,0,0,0,0,0,0,0,0,0,0,0,0
2019-04-11,MUFFINS,Bread Pudding,4,0,4,-1,0,0,5,3,0,3,0,0,0,0
2019-04-11,MUFFINS,Totals,68,220,288,164,42,42,40,6,28,31,5,0,0,2
2019-04-12,BREAD,H,12,45,57,28,17,0,12,0,0,0,0,0,0,0
2019-04-12,BREAD,FR,9,21,30,18,1,0,11,0,0,0,0,0,0,0
2019-04-12,BREAD,GW,7,8,15,4,0,4,7,0,0,0,0,0,0,0
2019-04-12,BREAD,DK,11,13,24,6,0,0,18,0,0,0,0,0,0,0
2019-04-12,BREAD,H5|Cran,6,0,6,4,0,0,2,4,0,4,1,0,0,3
2019-04-12,BREAD,CSRWL,4,16,20,13,3,0,4,3,0,3,2,0,0,0
2019-04-12,BREAD,VA SWRL,8,8,16,7,0,2,7,0,2,2,1,0,0,1
2019-04-12,BREAD,BfB,5,0,5,3,0,0,2,0,0,0,0,0,0,0
2019-04-12,BREAD,CNE,0,20,20,19,0,0,1,0,3,3,0,0,0,3
2019-04-12,BREAD,CNR,0,8,8,3,0,0,5,0,0,0,0,0,0,0
2019-04-12,BREAD,CNW,0,8,8,4,2,0,2,0,0,0,0,0,0,0
2019-04-12,BREAD,CG,0,6,6,6,0,0,0,0,3,3,2,0,0,1
2019-04-12,BREAD,PESTO CG,0,3,3,1,0,0,2,0,0,0,0,0,0,0
2019-04-12,BREAD,VS,7,0,7,7,0,0,0,0,0,0,0,0,0,0
2019-04-12,BREAD,Challah,1,0,1,1,0,0,0,0,0,0,0,0,0,0
2019-04-12,BREAD,SOURDOUGH,0,8,8,4,0,0,4,0,0,0,0,0,0,0
2019-04-12,BREAD,SOUR CC,0,3,3,3,0,0,0,0,0,0,0,0,0,0
2019-04-12,BREAD,Sour RG,0,3,3,1,0,0,2,0,0,0,0,0,0,0
2019-04-12,BREAD,bunnies,0,6,6,4,0,0,2,0,0,0,0,0,0,0
2019-04-12,BREAD,Car,1,0,1,1,0,0,0,0,0,0,0,0,0,0
2019-04-12,BREAD,IHF,5,0,5,0,0,0,5,0,0,0,0,0,0,0
2019-04-12,BREAD,Hot X Buns,0,12,12,5,0,0,7,0,0,0,0,0,0,0
2019-04-12,BREAD,BUT-Rls,0,11,11,11,0,0,0,0,0,0,0,0,0,0
2019-04-12,BREAD,Pastel Rl,0,0,0,0,0,0,0,0,0,0,0,0,0,0
2019-04-12,BREAD,H-RLS,0,6,6,4,0,0,2,0,0,0,0,0,0,0
2019-04-12,BREAD,FR-RLS,0,0,0,0,0,0,0,0,0,0,0,0,0,0
2019-04-12,BREAD,VS-RLS,4,0,4,3,0,1,0,0,0,0,0,0,0,0
2019-04-12,BREAD,Lem Blue,4,4,8,0,3,3,2,0,0,0,0,0,0,0
2019-04-12,BREAD,Lem Popp,3,2,5,0,0,3,2,0,0,0,0,0,0,0
2019-04-12,BREAD,Str Short,4,2,6,2,1,2,1,0,0,0,0,0,0,0
2019-04-12,BREAD,Irish Wh,2,3,5,1,0,1,3,0,0,0,0,0,0,0
2019-04-12,ROLLS,Cinnamon,0,48,48,44,0,4,0,0,0,0,0,0,0,0
2019-04-12,ROLLS,Mini C-Roll,0,0,0,0,0,0,0,0,0,0,0,0,0,0
2019-04-12,ROLLS,Scones,0,0,0,0,0,0,0,0,0,0,0,0,0,0
2019-04-12,ROLLS,Biscuits,0,0,0,0,0,0,0,0,0,0,0,0,0,0
2019-04-12,ROLLS,Blueberry,0,0,0,0,0,0,0,0,0,0,0,0,0,0
2019-04-12,ROLLS,Rasp Cream,0,0,0,0,0,0,0,0,0,0,0,0,0,0
2019-04-12,ROLLS,Cherry,0,17,17,12,0,5,0,0,11,11,2,0,0,0
2019-04-12,ROLLS,Butt Almond,0,20,20,20,0,0,0,0,11,11,2,0,0,0
2019-04-12,ROLLS,Turtle,0,0,0,0,0,0,0,0,0,0,0,0,0,0
2019-04-12,ROLLS,Cin Chip,0,0,0,0,0,0,0,0,0,0,0,0,0,0
2019-04-12,ROLLS,Biscuit,0,0,0,0,0,0,0,0,0,0,0,0,0,0
2019-04-12,FRUIT BARS,Mixed Berry,0,8,8,5,3,0,0,0,0,0,0,0,0,0
2019-04-12,FRUIT BARS,Cherry,0,12,12,8,4,0,0,0,0,0,0,0,0,0
2019-04-12,FRUIT BARS,Apple Cin,0,0,0,0,0,0,0,0,0,0,0,0,0,0
2019-04-12,FRUIT BARS,MIXED FRUIT,0,0,0,0,0,0,0,0,0,0,0,0,0,0
2019-04-12,MUFFINS,Lemon Blue,0,7,7,7,0,0,0,0,1,1,1,0,0,0
2019-04-12,MUFFINS,Lemon Popp,0,7,7,3,0,4,0,0,8,8,1,0,0,0
2019-04-12,MUFFINS,Straw Short,0,7,7,2,0,5,0,0,3,3,1,0,0,0
2019-04-12,MUFFINS,Irish Whisk,0,7,7,2,0,5,0,0,8,8,1,0,0,0
2019-04-12,MUFFINS,Cookies,0,0,0,0,0,0,0,0,0,0,0,0,0,0
2019-04-12,MUFFINS,Bars,0,0,0,0,0,0,0,0,0,0,0,0,0,0
2019-04-12,MUFFINS,Oatmeal CC,8,24,32,15,6,2,9,0,12,12,0,0,0,0
2019-04-12,MUFFINS,Oat Butter,6,24,30,-1,3,6,22,0,12,12,0,0,0,0
2019-04-12,MUFFINS,Triple Choc,0,30,30,22,4,0,4,0,12,12,0,0,0,0
2019-04-12,MUFFINS,SNICKEDOODLE,4,24,28,10,4,2,12,0,12,12,0,0,0,0
2019-04-12,MUFFINS,frosted,8,12,20,12,0,2,6,0,0,0,0,0,0,0
2019-04-12,MUFFINS,Lemon Bars,0,10,10,2,0,0,8,0,0,0,0,0,0,0
2019-04-12,MUFFINS,Brownies,0,0,0,0,0,0,0,0,0,0,0,0,0,0
2019-04-12,MUFFINS,Lemon Oh,9,0,9,0,0,0,9,2,0,2,0,0,0,2
2019-04-12,MUFFINS,S|B Sour Pie,0,4,4,4,0,0,0,0,4,4,4,0,0,0
2019-04-12,MUFFINS,Sugar Cream,0,9,9,3,0,0,6,0,0,0,0,0,0,0
2019-04-12,MUFFINS,Bread Pudding,5,0,5,0,0,0,5,0,0,0,0,0,0,0
2019-04-12,MUFFINS,Totals,40,270,310,170,24,35,81,2,94,96,12,0,0,2
2019-04-13,BREAD,H,12,15,27,25,0,2,0,0,0,0,0,0,0,0
2019-04-13,BREAD,FR,11,0,11,11,0,0,0,0,0,0,0,0,0,0
2019-04-13,BREAD,GW,7,0,7,5,0,2,0,0,0,0,0,0,0,0
2019-04-13,BREAD,DK,18,0,18,18,0,0,0,0,0,0,0,0,0,0
2019-04-13,BREAD,H5|Cran,2,0,2,2,0,0,0,3,0,3,3,0,0,0
2019-04-13,BREAD,CSRWL,4,12,16,15,0,1,0,0,2,2,2,0,0,0
2019-04-13,BREAD,VA SWRL,7,4,11,4,0,7,0,1,0,1,1,0,0,0
2019-04-13,BREAD,BfB,2,0,2,2,0,0,0,0,0,0,0,0,0,0
2019-04-13,BREAD,CNE,1,20,21,18,0,3,0,3,1,4,2,0,0,0
2019-04-13,BREAD,CNR,5,0,5,3,0,2,0,0,0,0,0,0,0,0
2019-04-13,BREAD,CNW,2,0,2,1,0,1,0,0,0,0,0,0,0,0
2019-04-13,BREAD,CG,0,0,0,0,0,0,0,1,0,1,1,0,0,0
2019-04-13,BREAD,PESTO CG,2,0,2,2,0,0,0,0,0,0,0,0,0,0
2019-04-13,BREAD,VS,0,6,6,6,0,0,0,0,2,2,2,0,0,0
2019-04-13,BREAD,Challah,0,0,0,0,0,0,0,0,0,0,0,0,0,0
2019-04-13,BREAD,SOURDOUGH,4,0,4,4,0,0,0,0,0,0,0,0,0,0
2019-04-13,BREAD,SOUR CC,0,0,0,0,0,0,0,0,0,0,0,0,0,0
2019-04-13,BREAD,Sour RG,2,0,2,2,0,0,0,0,0,0,0,0,0,0
2019-04-13,BREAD,bunnies,2,0,2,-1,0,3,0,0,0,0,0,0,0,0
2019-04-13,BREAD,wc,0,75,75,75,0,0,0,0,0,0,0,0,0,0
2019-04-13,BREAD,Car,0,10,10,2,0,8,0,0,0,0,0,0,0,0
2019-04-13,BREAD,IHF,5,0,5,5,0,0,0,0,0,0,0,0,0,0
2019-04-13,BREAD,Hot X Buns,7,0,7,3,0,4,0,0,0,0,0,0,0,0
2019-04-13,BREAD,BUT-Rls,0,10,10,5,0,5,0,0,0,0,0,0,0,0
2019-04-13,BREAD,Pastel Rl,0,0,0,0,0,0,0,0,0,0,0,0,0,0
2019-04-13,BREAD,H-RLS,2,1,3,0,0,3,0,0,0,0,0,0,0,0
2019-04-13,BREAD,FR-RLS,0,0,0,0,0,0,0,0,0,0,0,0,0,0
2019-04-13,BREAD,VS-RLS,0,2,2,2,0,0,0,0,0,0,0,0,0,0
2019-04-13,BREAD,Lem Blue,2,3,5,1,1,3,0,0,0,0,0,0,0,0
2019-04-13,BREAD,Lem Popp,2,2,4,3,0,1,0,0,0,0,0,0,0,0
2019-04-13,BREAD,Str Short,1,3,4,2,0,2,0,0,0,0,0,0,0,0
2019-04-13,BREAD,Irish Wh,3,1,4,1,0,3,0,0,0,0,0,0,0,0
2019-04-13,ROLLS,Cinnamon,0,84,84,78,2,4,0,0,0,0,0,0,0,0
2019-04-13,ROLLS,Mini C-Roll,0,24,24,0,24,0,0,0,0,0,0,0,0,0
2019-04-13,ROLLS,Scones,0,0,0,0,0,0,0,0,0,0,0,0,0,0
2019-04-13,ROLLS,Biscuits,0,0,0,0,0,0,0,0,0,0,0,0,0,0
2019-04-13,ROLLS,Blueberry,0,16,16,16,0,0,0,0,2,2,2,0,0,0
2019-04-13,ROLLS,Rasp Cream,0,0,0,0,0,0,0,0,0,0,0,0,0,0
2019-04-13,ROLLS,Cherry,0,0,0,0,0,0,0,0,0,0,0,0,0,0
2019-04-13,ROLLS,Butt Almond,0,16,16,16,0,0,0,0,2,2,2,0,0,0
2019-04-13,ROLLS,Turtle,0,0,0,0,0,0,0,0,0,0,0,0,0,0
2019-04-13,ROLLS,Cin Chip,0,0,0,0,0,0,0,0,0,0,0,0,0,0
2019-04-13,ROLLS,Biscuit,0,0,0,0,0,0,0,0,0,0,0,0,0,0
2019-04-13,FRUIT BARS,Mixed Berry,0,0,0,0,0,0,0,0,0,0,0,0,0,0
2019-04-13,FRUIT BARS,Cherry,0,0,0,0,0,0,0,0,0,0,0,0,0,0
2019-04-13,FRUIT BARS,Apple Cin,0,12,12,12,0,0,0,0,0,0,0,0,0,0
2019-04-13,FRUIT BARS,MIXED FRUIT,0,8,8,8,0,0,0,0,0,0,0,0,0,0
2019-04-13,MUFFINS,Lemon Blue,0,7,7,6,0,1,0,0,1,1,1,0,0,0
2019-04-13,MUFFINS,Lemon Popp,0,7,7,7,0,0,0,0,1,1,1,0,0,0
2019-04-13,MUFFINS,Straw Short,0,7,7,6,0,1,0,0,1,1,1,0,0,0
2019-04-13,MUFFINS,Irish Whisk,0,7,7,6,0,1,0,0,1,1,1,0,0,0
2019-04-13,MUFFINS,Cookies,0,0,0,0,0,0,0,0,0,0,0,0,0,0
2019-04-13,MUFFINS,Bars,0,0,0,0,0,0,0,0,0,0,0,0,0,0
2019-04-13,MUFFINS,Oatmeal CC,9,12,21,10,10,1,0,0,0,0,0,0,0,0
2019-04-13,MUFFINS,Oat Butter,22,0,22,15,7,0,0,0,0,0,0,0,0,0
2019-04-13,MUFFINS,Triple Choc,4,66,70,14,56,0,0,0,0,0,0,0,0,0
2019-04-13,MUFFINS,SNICKEDOODLE,12,6,18,11,7,0,0,0,0,0,0,0,0,0
2019-04-13,MUFFINS,frosted,6,0,6,6,0,0,0,0,0,0,0,0,0,0
2019-04-13,MUFFINS,Lemon Bars,8,0,8,8,0,0,0,0,0,0,0,0,0,0
2019-04-13,MUFFINS,Brownies,0,6,6,6,0,0,0,0,0,0,0,0,0,0
2019-04-13,MUFFINS,Lemon Oh,9,0,9,9,0,0,0,2,0,2,2,0,0,0
2019-04-13,MUFFINS,S|B Sour Pie,0,4,4,4,0,0,0,0,3,3,1,0,0,2
2019-04-13,MUFFINS,Sugar Cream,6,0,6,2,0,0,4,0,0,0,0,0,0,0
2019-04-13,MUFFINS,Bread Pudding,5,0,5,5,0,0,0,0,0,0,0,0,0,0
2019-04-13,MUFFINS,Totals,81,282,363,245,106,8,4,2,11,13,11,0,0,2
2019-04-14,BREAD,H,0,0,0,0,0,0,0,0,0,0,0,0,0,0
2019-04-14,BREAD,FR,0,0,0,0,0,0,0,0,0,0,0,0,0,0
2019-04-14,BREAD,GW,0,0,0,0,0,0,0,0,0,0,0,0,0,0
2019-04-14,BREAD,DK,0,0,0,0,0,0,0,0,0,0,0,0,0,0
2019-04-14,BREAD,H5|Cran,0,0,0,0,0,0,0,0,0,0,0,0,0,0
2019-04-14,BREAD,CSRWL,0,0,0,0,0,0,0,0,0,0,0,0,0,0
2019-04-14,BREAD,VA SWRL,0,0,0,0,0,0,0,0,0,0,0,0,0,0
2019-04-14,BREAD,BfB,0,0,0,0,0,0,0,0,0,0,0,0,0,0
2019-04-14,BREAD,CNE,0,0,0,0,0,0,0,0,0,0,0,0,0,0
2019-04-14,BREAD,CNR,0,0,0,0,0,0,0,0,0,0,0,0,0,0
2019-04-14,BREAD,CNW,0,0,0,0,0,0,0,0,0,0,0,0,0,0
2019-04-14,BREAD,CG,0,0,0,0,0,0,0,0,0,0,0,0,0,0
2019-04-14,BREAD,PESTO CG,0,0,0,0,0,0,0,0,0,0,0,0,0,0
2019-04-14,BREAD,Challah,0,0,0,0,0,0,0,0,0,0,0,0,0,0
2019-04-14,BREAD,SOURDOUGH,0,0,0,0,0,0,0,0,0,0,0,0,0,0
2019-04-14,BREAD,SOUR CC,0,0,0,0,0,0,0,0,0,0,0,0,0,0
2019-04-14,BREAD,Sour RG,0,0,0,0,0,0,0,0,0,0,0,0,0,0
2019-04-14,BREAD,Car,0,0,0,0,0,0,0,0,0,0,0,0,0,0
2019-04-14,BREAD,IHF,0,0,0,0,0,0,0,0,0,0,0,0,0,0
2019-04-14,BREAD,Hot X Buns,0,0,0,0,0,0,0,0,0,0,0,0,0,0
2019-04-14,BREAD,BUT-Rls,0,0,0,0,0,0,0,0,0,0,0,0,0,0
2019-04-14,BREAD,Pastel Rl,0,0,0,0,0,0,0,0,0,0,0,0,0,0
2019-04-14,BREAD,H-RLS,0,0,0,0,0,0,0,0,0,0,0,0,0,0
2019-04-14,BREAD,FR-RLS,0,0,0,0,0,0,0,0,0,0,0,0,0,0
2019-04-14,BREAD,VS-RLS,0,0,0,0,0,0,0,0,0,0,0,0,0,0
2019-04-14,BREAD,Lem Blue,0,0,0,0,0,0,0,0,0,0,0,0,0,0
2019-04-14,BREAD,Lem Popp,0,0,0,0,0,0,0,0,0,0,0,0,0,0
2019-04-14,BREAD,Str Short,0,0,0,0,0,0,0,0,0,0,0,0,0,0
2019-04-14,BREAD,Irish Wh,0,0,0,0,0,0,0,0,0,0,0,0,0,0
2019-04-14,ROLLS,Cinnamon,0,0,0,0,0,0,0,0,0,0,0,0,0,0
2019-04-14,ROLLS,Mini C-Roll,0,0,0,0,0,0,0,0,0,0,0,0,0,0
2019-04-14,ROLLS,Scones,0,0,0,0,0,0,0,0,0,0,0,0,0,0
2019-04-14,ROLLS,Biscuits,0,0,0,0,0,0,0,0,0,0,0,0,0,0
2019-04-14,ROLLS,Blueberry,0,0,0,0,0,0,0,0,0,0,0,0,0,0
2019-04-14,ROLLS,Rasp Cream,0,0,0,0,0,0,0,0,0,0,0,0,0,0
2019-04-14,ROLLS,Cherry,0,0,0,0,0,0,0,0,0,0,0,0,0,0
2019-04-14,ROLLS,Butt Almond,0,0,0,0,0,0,0,0,0,0,0,0,0,0
2019-04-14,ROLLS,Turtle,0,0,0,0,0,0,0,0,0,0,0,0,0,0
2019-04-14,ROLLS,Cin Chip,0,0,0,0,0,0,0,0,0,0,0,0,0,0
2019-04-14,ROLLS,Biscuit,0,0,0,0,0,0,0,0,0,0,0,0,0,0
2019-04-14,FRUIT BARS,Mixed Berry,0,0,0,0,0,0,0,0,0,0,0,0,0,0
2019-04-14,FRUIT BARS,Cherry,0,0,0,0,0,0,0,0,0,0,0,0,0,0
2019-04-14,FRUIT BARS,Apple Cin,0,0,0,0,0,0,0,0,0,0,0,0,0,0
2019-04-14,FRUIT BARS,MIXED FRUIT,0,0,0,0,0,0,0,0,0,0,0,0,0,0
2019-04-14,MUFFINS,Lemon Blue,0,0,0,0,0,0,0,0,0,0,0,0,0,0
2019-04-14,MUFFINS,Lemon Popp,0,0,0,0,0,0,0,0,0,0,0,0,0,0
2019-04-14,MUFFINS,Straw Short,0,0,0,0,0,0,0,0,0,0,0,0,0,0
2019-04-14,MUFFINS,Irish Whisk,0,0,0,0,0,0,0,0,0,0,0,0,0,0
2019-04-14,MUFFINS,Cookies,0,0,0,0,0,0,0,0,0,0,0,0,0,0
2019-04-14,MUFFINS,Bars,0,0,0,0,0,0,0,0,0,0,0,0,0,0
2019-04-14,MUFFINS,Oatmeal CC,0,0,0,0,0,0,0,0,0,0,0,0,0,0
2019-04-14,MUFFINS,Oat Butter,0,0,0,0,0,0,0,0,0,0,0,0,0,0
2019-04-14,MUFFINS,Triple Choc,0,0,0,0,0,0,0,0,0,0,0,0,0,0
2019-04-14,MUFFINS,SNICKEDOODLE,0,0,0,0,0,0,0,0,0,0,0,0,0,0
2019-04-14,MUFFINS,frosted,0,0,0,0,0,0,0,0,0,0,0,0,0,0
2019-04-14,MUFFINS,Lemon Bars,0,0,0,0,0,0,0,0,0,0,0,0,0,0
2019-04-14,MUFFINS,Brownies,0,0,0,0,0,0,0,0,0,0,0,0,0,0
2019-04-14,MUFFINS,Lemon Oh,0,0,0,0,0,0,0,0,0,0,0,0,0,0
2019-04-14,MUFFINS,S|B Sour Pie,0,0,0,0,0,0,0,2,0,2,2,0,0,0
2019-04-14,MUFFINS,Sugar Cream,4,0,4,4,0,0,0,0,0,0,0,0,0,0
2019-04-14,MUFFINS,Bread Pudding,0,0,0,0,0,0,0,0,0,0,0,0,0,0
2019-04-14,MUFFINS,Totals,4,0,4,4,0,0,0,2,0,2,2,0,0,0
2019-04-15,BREAD,H,0,42,42,21,11,0,10,0,0,0,0,0,0,0
2019-04-15,BREAD,FR,0,56,56,12,25,0,19,0,0,0,0,0,0,0
2019-04-15,BREAD,GW,0,6,6,5,0,0,1,0,0,0,0,0,0,0
2019-04-15,BREAD,DK,0,27,27,14,0,0,13,0,0,0,0,0,0,0
2019-04-15,BREAD,H5|Cran,0,0,0,0,0,0,0,0,0,0,0,0,0,0
2019-04-15,BREAD,CSRWL,0,16,16,6,0,0,10,0,3,3,3,0,0,0
2019-04-15,BREAD,VA SWRL,0,12,12,3,0,0,9,0,2,2,0,0,0,2
2019-04-15,BREAD,BfB,0,0,0,0,0,0,0,0,0,0,0,0,0,0
2019-04-15,BREAD,CNE,0,13,13,9,0,0,4,0,3,3,3,0,0,0
2019-04-15,BREAD,CNR,0,4,4,4,0,0,0,0,0,0,0,0,0,0
2019-04-15,BREAD,CNW,0,4,4,3,0,0,1,0,0,0,0,0,0,0
2019-04-15,BREAD,CG,0,6,6,4,0,0,2,0,3,3,0,0,0,3
2019-04-15,BREAD,PESTO CG,0,3,3,2,0,0,1,0,0,0,0,0,0,0
2019-04-15,BREAD,VS,0,0,0,0,0,0,0,0,0,0,0,0,0,0
2019-04-15,BREAD,Challah,0,0,0,0,0,0,0,0,0,0,0,0,0,0
2019-04-15,BREAD,SOURDOUGH,0,8,8,4,0,0,4,0,0,0,0,0,0,0
2019-04-15,BREAD,SOUR CC,0,3,3,0,0,0,3,0,0,0,0,0,0,0
2019-04-15,BREAD,Sour RG,0,3,3,3,0,0,0,0,0,0,0,0,0,0
2019-04-15,BREAD,bunnies,0,2,2,0,0,0,2,0,0,0,0,0,0,0
2019-04-15,BREAD,wc,0,78,78,0,78,0,0,0,0,0,0,0,0,0
2019-04-15,BREAD,Car,0,0,0,-6,0,0,6,0,0,0,0,0,0,0
2019-04-15,BREAD,IHF,0,0,0,-5,0,0,5,0,0,0,0,0,0,0
2019-04-15,BREAD,Hot X Buns,0,0,0,0,0,0,0,0,0,0,0,0,0,0
2019-04-15,BREAD,BUT-Rls,0,0,0,0,0,0,0,0,0,0,0,0,0,0
2019-04-15,BREAD,Pastel Rl,0,0,0,0,0,0,0,0,0,0,0,0,0,0
2019-04-15,BREAD,H-RLS,0,2,2,2,0,0,0,0,0,0,0,0,0,0
2019-04-15,BREAD,FR-RLS,0,2,2,2,0,0,0,0,0,0,0,0,0,0
2019-04-15,BREAD,VS-RLS,0,0,0,0,0,0,0,0,0,0,0,0,0,0
2019-04-15,BREAD,Lem Blue,0,4,4,2,0,0,2,0,0,0,0,0,0,0
2019-04-15,BREAD,Lem Popp,0,4,4,2,0,0,2,0,0,0,0,0,0,0
2019-04-15,BREAD,Str Short,0,4,4,1,0,0,3,0,0,0,0,0,0,0
2019-04-15,BREAD,Irish Wh,0,4,4,0,0,0,4,0,0,0,0,0,0,0
2019-04-15,ROLLS,Cinnamon,0,36,36,26,0,10,0,0,0,0,0,0,0,0
2019-04-15,ROLLS,Mini C-Roll,0,0,0,0,0,0,0,0,0,0,0,0,0,0
2019-04-15,ROLLS,Scones,0,0,0,0,0,0,0,0,0,0,0,0,0,0
2019-04-15,ROLLS,Biscuits,0,0,0,0,0,0,0,0,0,0,0,0,0,0
2019-04-15,ROLLS,Blueberry,0,0,0,0,0,0,0,0,0,0,0,0,0,0
2019-04-15,ROLLS,Rasp Cream,0,16,16,11,0,5,0,0,2,2,2,0,0,0
2019-04-15,ROLLS,Cherry,0,0,0,0,0,0,0,0,0,0,0,0,0,0
2019-04-15,ROLLS,Butt Almond,0,0,0,0,0,0,0,0,0,0,0,0,0,0
2019-04-15,ROLLS,Turtle,0,0,0,0,0,0,0,0,0,0,0,0,0,0
2019-04-15,ROLLS,Cin Chip,0,18,18,15,0,3,0,0,1,1,0,0,0,0
2019-04-15,ROLLS,Biscuit,0,0,0,0,0,0,0,0,0,0,0,0,0,0
2019-04-15,FRUIT BARS,Mixed Berry,0,8,8,5,0,3,0,0,0,0,0,0,0,0
2019-04-15,FRUIT BARS,Cherry,0,12,12,8,0,4,0,0,0,0,0,0,0,0
2019-04-15,FRUIT BARS,Apple Cin,0,0,0,0,0,0,0,0,0,0,0,0,0,0
2019-04-15,FRUIT BARS,MIXED FRUIT,0,0,0,0,0,0,0,0,0,0,0,0,0,0
2019-04-15,MUFFINS,Lemon Blue,0,5,5,4,0,1,0,0,1,1,1,0,0,0
2019-04-15,MUFFINS,Lemon Popp,0,5,5,1,0,4,0,0,1,1,0,0,0,0
2019-04-15,MUFFINS,Straw Short,0,5,5,1,0,4,0,0,1,1,1,0,0,0
2019-04-15,MUFFINS,Irish Whisk,0,5,5,0,0,5,0,0,1,1,1,0,0,0
2019-04-15,MUFFINS,Cookies,0,0,0,0,0,0,0,0,0,0,0,0,0,0
2019-04-15,MUFFINS,Bars,0,0,0,0,0,0,0,0,0,0,0,0,0,0
2019-04-15,MUFFINS,Oatmeal CC,0,42,42,1,23,0,18,0,0,0,0,0,0,0
2019-04-15,MUFFINS,Oat Butter,0,42,42,4,22,0,16,0,0,0,0,0,0,0
2019-04-15,MUFFINS,Triple Choc,0,48,48,20,22,0,6,0,0,0,0,0,0,0
2019-04-15,MUFFINS,SNICKEDOODLE,0,42,42,11,23,0,8,0,0,0,0,0,0,0
2019-04-15,MUFFINS,frosted,0,24,24,5,0,0,19,0,0,0,0,0,0,0
2019-04-15,MUFFINS,Lemon Bars,0,6,6,4,0,0,2,0,0,0,0,0,0,0
2019-04-15,MUFFINS,Brownies,0,20,20,8,0,0,12,0,0,0,0,0,0,0
2019-04-15,MUFFINS,Lemon Oh,0,0,0,-7,0,0,7,0,0,0,-1,0,0,1
2019-04-15,MUFFINS,S|B Sour Pie,0,0,0,0,0,0,0,0,0,0,-1,0,0,1
2019-04-15,MUFFINS,Sugar Cream,0,0,0,-4,0,0,4,0,0,0,0,0,0,0
2019-04-15,MUFFINS,Bread Pudding,0,0,0,-5,0,0,5,0,0,0,0,0,0,0
2019-04-15,MUFFINS,Totals,0,334,334,108,90,39,97,0,7,7,3,0,0,2
2019-04-16,BREAD,H,10,29,39,18,0,0,21,0,0,0,0,0,0,0
2019-04-16,BREAD,FR,19,12,31,10,5,0,16,0,0,0,0,0,0,0
2019-04-16,BREAD,GW,1,0,1,1,0,0,0,0,0,0,0,0,0,0
2019-04-16,BREAD,DK,13,0,13,6,0,0,7,0,0,0,0,0,0,0
2019-04-16,BREAD,H5|Cran,0,12,12,5,0,0,7,0,6,6,5,0,0,1
2019-04-16,BREAD,CSRWL,10,8,18,9,0,3,6,0,2,2,0,0,0,2
2019-04-16,BREAD,VA SWRL,9,4,13,3,0,7,3,2,0,2,0,0,0,0
2019-04-16,BREAD,BfB,0,12,12,3,0,0,9,0,3,3,1,0,0,2
2019-04-16,BREAD,CNE,4,0,4,4,0,0,0,0,0,0,0,0,0,0
2019-04-16,BREAD,CNR,0,0,0,0,0,0,0,0,0,0,0,0,0,0
2019-04-16,BREAD,CNW,1,0,1,1,0,0,0,0,0,0,0,0,0,0
2019-04-16,BREAD,CG,2,0,2,2,0,0,0,3,0,3,1,0,0,0
2019-04-16,BREAD,PESTO CG,1,0,1,0,0,1,0,0,0,0,0,0,0,0
2019-04-16,BREAD,VS,0,11,11,7,0,0,4,0,2,2,1,0,0,1
2019-04-16,BREAD,Challah,0,5,5,1,0,0,4,0,3,3,2,0,0,1
2019-04-16,BREAD,SOURDOUGH,4,0,4,0,0,4,0,0,0,0,0,0,0,0
2019-04-16,BREAD,SOUR CC,3,0,3,0,0,3,0,0,0,0,0,0,0,0
2019-04-16,BREAD,Sour RG,0,0,0,0,0,0,0,0,0,0,0,0,0,0
2019-04-16,BREAD,bunny,2,3,5,2,0,0,3,0,0,0,0,0,0,0
2019-04-16,BREAD,wc,0,64,64,64,0,0,0,0,0,0,0,0,0,0
2019-04-16,BREAD,Car,6,0,6,2,0,0,4,0,0,0,0,0,0,0
2019-04-16,BREAD,IHF,5,0,5,2,0,0,3,0,0,0,0,0,0,0
2019-04-16,BREAD,Hot X Buns,0,0,0,0,0,0,0,0,0,0,0,0,0,0
2019-04-16,BREAD,BUT-Rls,0,46,46,25,0,0,21,0,0,0,0,0,0,0
2019-04-16,BREAD,Pastel Rl,0,0,0,0,0,0,0,0,0,0,0,0,0,0
2019-04-16,BREAD,H-RLS,0,6,6,4,0,0,2,0,0,0,0,0,0,0
2019-04-16,BREAD,FR-RLS,0,0,0,0,0,0,0,0,0,0,0,0,0,0
2019-04-16,BREAD,VS-RLS,0,3,3,3,0,0,0,0,0,0,0,0,0,0
2019-04-16,BREAD,Lem Blue,2,5,7,3,2,0,2,0,0,0,0,0,0,0
2019-04-16,BREAD,Lem Popp,2,3,5,-1,0,3,3,0,0,0,0,0,0,0
2019-04-16,BREAD,Str Short,3,4,7,2,2,2,1,0,0,0,0,0,0,0
2019-04-16,BREAD,Irish Wh,4,1,5,3,0,2,0,0,0,0,0,0,0,0
2019-04-16,ROLLS,Cinnamon,0,36,36,12,8,16,0,0,0,0,0,0,0,0
2019-04-16,ROLLS,Mini C-Roll,0,24,24,0,24,0,0,0,0,0,0,0,0,0
2019-04-16,ROLLS,Scones,0,0,0,0,0,0,0,0,0,0,0,0,0,0
2019-04-16,ROLLS,Biscuits,0,0,0,0,0,0,0,0,0,0,0,0,0,0
2019-04-16,ROLLS,Blueberry,0,17,17,13,0,4,0,0,2,2,2,0,0,0
2019-04-16,ROLLS,Rasp Cream,0,0,0,0,0,0,0,0,0,0,0,0,0,0
2019-04-16,ROLLS,Cherry,0,0,0,0,0,0,0,0,0,0,0,0,0,0
2019-04-16,ROLLS,Butt Almond,0,0,0,0,0,0,0,0,0,0,0,0,0,0
2019-04-16,ROLLS,Turtle,0,0,0,0,0,0,0,0,0,0,0,0,0,0
2019-04-16,ROLLS,Cin Chip,0,14,14,13,0,1,0,0,2,2,2,0,0,0
2019-04-16,ROLLS,Biscuit,0,0,0,0,0,0,0,0,0,0,0,0,0,0
2019-04-16,FRUIT BARS,Mixed Berry,0,0,0,0,0,0,0,0,0,0,0,0,0,0
2019-04-16,FRUIT BARS,Cherry,0,0,0,0,0,0,0,0,0,0,0,0,0,0
2019-04-16,FRUIT BARS,Apple Cin,0,12,12,4,7,1,0,0,0,0,0,0,0,0
2019-04-16,FRUIT BARS,MIXED FRUIT,0,8,8,0,7,1,0,0,0,0,0,0,0,0
2019-04-16,MUFFINS,Lemon Blue,0,6,6,3,0,3,0,0,1,1,1,0,0,0
2019-04-16,MUFFINS,Lemon Popp,0,6,6,2,0,4,0,0,1,1,1,0,0,0
2019-04-16,MUFFINS,Straw Short,0,6,6,1,0,5,0,0,1,1,1,0,0,0
2019-04-16,MUFFINS,Irish Whisk,0,6,6,3,0,3,0,0,1,1,1,0,0,0
2019-04-16,MUFFINS,Cookies,0,0,0,0,0,0,0,0,0,0,0,0,0,0
2019-04-16,MUFFINS,Bars,0,0,0,0,0,0,0,0,0,0,0,0,0,0
2019-04-16,MUFFINS,Oatmeal CC,18,30,48,18,29,0,1,0,10,10,0,0,0,0
2019-04-16,MUFFINS,Oat Butter,16,31,47,12,24,0,11,0,10,10,0,0,0,0
2019-04-16,MUFFINS,Triple Choc,6,48,54,21,30,2,1,0,10,10,0,0,0,0
2019-04-16,MUFFINS,SNICKEDOODLE,8,23,31,13,10,0,8,0,10,10,0,0,0,0
2019-04-16,MUFFINS,frosted,19,0,19,13,0,0,6,0,0,0,0,0,0,0
2019-04-16,MUFFINS,Lemon Bars,2,10,12,5,7,0,0,0,0,0,0,0,0,0
2019-04-16,MUFFINS,Brownies,12,0,12,-1,7,6,0,0,0,0,0,0,0,0
2019-04-16,MUFFINS,Lemon Oh,7,0,7,0,0,0,7,1,0,1,0,0,0,1
2019-04-16,MUFFINS,S|B Sour Pie,0,0,0,0,0,0,0,1,0,1,1,0,0,0
2019-04-16,MUFFINS,Sugar Cream,4,0,4,0,0,0,4,0,0,0,0,0,0,0
2019-04-16,MUFFINS,Bread Pudding,5,0,5,0,0,0,5,0,0,0,0,0,0,0
2019-04-16,MUFFINS,Totals,97,277,374,132,153,46,43,2,48,50,9,0,0,1
2019-04-17,BREAD,H,21,64,85,26,22,0,37,0,0,0,0,0,0,0
2019-04-17,BREAD,FR,16,77,93,17,55,0,21,0,0,0,0,0,0,0
2019-04-17,BREAD,GW,0,15,15,2,0,0,13,0,0,0,0,0,0,0
2019-04-17,BREAD,DK,7,27,34,8,0,0,26,0,0,0,0,0,0,0
2019-04-17,BREAD,H5|Cran,7,0,7,7,0,0,0,1,0,1,1,0,0,0
2019-04-17,BREAD,CSRWL,6,12,18,11,0,2,5,2,0,2,2,0,0,0
2019-04-17,BREAD,VA SWRL,3,12,15,6,0,1,8,0,2,2,0,0,0,2
2019-04-17,BREAD,BfB,9,0,9,4,0,5,0,2,0,2,2,0,0,0
2019-04-17,BREAD,CNE,0,27,27,6,5,0,16,0,2,2,0,0,0,2
2019-04-17,BREAD,CNR,0,12,12,7,1,0,4,0,0,0,0,0,0,0
2019-04-17,BREAD,CNW,0,8,8,5,0,0,3,0,0,0,0,0,0,0
2019-04-17,BREAD,CG,0,17,17,7,0,0,10,0,3,3,2,0,0,1
2019-04-17,BREAD,PESTO CG,0,3,3,3,0,0,0,0,0,0,0,0,0,0
2019-04-17,BREAD,VS,4,0,4,4,0,0,0,1,0,1,0,0,0,0
2019-04-17,BREAD,Challah,4,0,4,2,0,2,0,1,0,1,1,0,0,0
2019-04-17,BREAD,SOURDOUGH,0,11,11,6,0,0,5,0,0,0,0,0,0,0
2019-04-17,BREAD,SOUR CC,0,3,3,2,0,0,1,0,0,0,0,0,0,0
2019-04-17,BREAD,Sour RG,0,3,3,2,0,0,1,0,0,0,0,0,0,0
2019-04-17,BREAD,bunny,3,6,9,4,1,0,4,0,0,0,0,0,0,0
2019-04-17,BREAD,Car,4,0,4,4,0,0,0,0,0,0,0,0,0,0
2019-04-17,BREAD,IHF,3,0,3,3,0,0,0,0,0,0,0,0,0,0
2019-04-17,BREAD,HCB-Lemon,0,11,11,4,0,0,7,0,0,0,0,0,0,0
2019-04-17,BREAD,HCB-Cin,0,12,12,5,0,0,7,0,0,0,0,0,0,0
2019-04-17,BREAD,BUT-Rls,21,0,21,5,0,16,0,0,0,0,0,0,0,0
2019-04-17,BREAD,Pastel Rl,0,40,40,3,0,0,37,0,0,0,0,0,0,0
2019-04-17,BREAD,H-RLS,2,5,7,3,0,0,4,0,0,0,0,0,0,0
2019-04-17,BREAD,FR-RLS,0,0,0,0,0,0,0,0,0,0,0,0,0,0
2019-04-17,BREAD,VS-RLS,0,0,0,0,0,0,0,0,0,0,0,0,0,0
2019-04-17,BREAD,Lem Blue,2,3,5,3,0,2,0,0,0,0,0,0,0,0
2019-04-17,BREAD,Lem Popp,3,2,5,2,0,2,1,0,0,0,0,0,0,0
2019-04-17,BREAD,Str Short,1,4,5,3,0,0,2,0,0,0,0,0,0,0
2019-04-17,BREAD,Irish Wh,0,5,5,1,0,0,4,0,0,0,0,0,0,0
2019-04-17,ROLLS,Cinnamon,0,36,36,34,0,2,0,0,0,0,0,0,0,0
2019-04-17,ROLLS,Mini C-Roll,0,24,24,24,0,0,0,0,0,0,0,0,0,0
2019-04-17,ROLLS,Scones,0,0,0,0,0,0,0,0,0,0,0,0,0,0
2019-04-17,ROLLS,Biscuits,0,0,0,0,0,0,0,0,0,0,0,0,0,0
2019-04-17,ROLLS,Blueberry,0,0,0,0,0,0,0,0,0,0,0,0,0,0
2019-04-17,ROLLS,Rasp Cream,0,18,18,14,4,0,0,0,2,2,0,0,0,0
2019-04-17,ROLLS,Cherry,0,0,0,0,0,0,0,0,0,0,0,0,0,0
2019-04-17,ROLLS,Butt Almond,0,0,0,0,0,0,0,0,0,0,0,0,0,0
2019-04-17,ROLLS,Turtle,0,13,13,13,0,0,0,0,2,2,2,0,0,0
2019-04-17,ROLLS,Cin Chip,0,0,0,0,0,0,0,0,0,0,0,0,0,0
2019-04-17,ROLLS,Biscuit,0,0,0,0,0,0,0,0,0,0,0,0,0,0
2019-04-17,FRUIT BARS,Mixed Berry,0,8,8,6,0,2,0,0,0,0,0,0,0,0
2019-04-17,FRUIT BARS,Cherry,0,12,12,10,0,2,0,0,0,0,0,0,0,0
2019-04-17,FRUIT BARS,Apple Cin,0,0,0,0,0,0,0,0,0,0,0,0,0,0
2019-04-17,FRUIT BARS,MIXED FRUIT,0,0,0,0,0,0,0,0,0,0,0,0,0,0
2019-04-17,MUFFINS,Lemon Blue,0,7,7,3,0,4,0,0,1,1,0,0,0,0
2019-04-17,MUFFINS,Lemon Popp,0,7,7,5,0,2,0,0,1,1,0,0,0,0
2019-04-17,MUFFINS,Straw Short,0,7,7,3,0,4,0,0,1,1,1,0,0,0
2019-04-17,MUFFINS,Irish Whisk,0,7,7,3,0,4,0,0,1,1,1,0,0,0
2019-04-17,MUFFINS,Cookies,0,0,0,0,0,0,0,0,0,0,0,0,0,0
2019-04-17,MUFFINS,Bars,0,0,0,0,0,0,0,0,0,0,0,0,0,0
2019-04-17,MUFFINS,Oatmeal CC,1,30,31,20,5,0,6,0,4,4,0,0,0,0
2019-04-17,MUFFINS,Oat Butter,11,12,23,19,0,0,4,0,0,0,0,0,0,0
2019-04-17,MUFFINS,Triple Choc,1,30,31,19,5,0,7,0,4,4,0,0,0,0
2019-04-17,MUFFINS,SNICKEDOODLE,8,18,26,12,5,6,3,0,4,4,0,0,0,0
2019-04-17,MUFFINS,frosted,6,12,18,11,0,1,6,0,0,0,0,0,0,0
2019-04-17,MUFFINS,Lemon Bars,0,10,10,8,0,0,2,0,0,0,0,0,0,0
2019-04-17,MUFFINS,Brownies,0,0,0,0,0,0,0,0,0,0,0,0,0,0
2019-04-17,MUFFINS,Lemon Oh,7,0,7,1,0,0,6,1,0,1,0,0,0,1
2019-04-17,MUFFINS,S|B Sour Pie,0,0,0,0,0,0,0,0,0,0,0,0,0,0
2019-04-17,MUFFINS,Sugar Cream,4,0,4,0,0,0,4,0,0,0,0,0,0,0
2019-04-17,MUFFINS,Bread Pudding,5,0,5,2,0,0,3,0,0,0,0,0,0,0
2019-04-17,MUFFINS,Totals,43,251,294,207,19,27,41,1,20,21,4,0,0,1
2019-04-18,BREAD,H,37,31,68,11,3,0,54,0,0,0,0,0,0,0
2019-04-18,BREAD,FR,21,34,55,15,3,0,37,0,0,0,0,0,0,0
2019-04-18,BREAD,GW,13,6,19,2,0,12,5,0,0,0,0,0,0,0
2019-04-18,BREAD,DK,26,0,26,8,0,0,18,0,0,0,0,0,0,0
2019-04-18,BREAD,H5|Cran,0,15,15,8,0,0,7,0,10,10,7,0,0,3
2019-04-18,BREAD,CSRWL,5,20,25,13,0,0,12,0,3,3,3,0,0,0
2019-04-18,BREAD,VA SWRL,8,8,16,9,1,0,6,2,0,2,1,0,0,0
2019-04-18,BREAD,BfB,0,18,18,5,0,0,13,0,6,6,1,0,0,5
2019-04-18,BREAD,CNE,16,0,16,10,0,6,0,2,0,2,0,0,0,0
2019-04-18,BREAD,CNR,4,0,4,3,0,1,0,0,0,0,0,0,0,0
2019-04-18,BREAD,CNW,3,0,3,-1,0,4,0,0,0,0,0,0,0,0
2019-04-18,BREAD,CG,10,0,10,4,0,6,0,1,0,1,1,0,0,0
2019-04-18,BREAD,PESTO CG,0,0,0,0,0,0,0,0,0,0,0,0,0,0
2019-04-18,BREAD,VS,0,23,23,4,2,0,17,0,6,6,3,0,0,3
2019-04-18,BREAD,Challah,0,29,29,5,10,0,14,0,6,6,0,0,0,5
2019-04-18,BREAD,SOURDOUGH,5,0,5,3,0,0,2,0,0,0,0,0,0,0
2019-04-18,BREAD,SOUR CC,1,0,1,0,0,0,1,0,0,0,0,0,0,0
2019-04-18,BREAD,Sour RG,1,0,1,1,0,0,0,0,0,0,0,0,0,0
2019-04-18,BREAD,bunny,4,9,13,7,2,0,4,0,0,0,0,0,0,0
2019-04-18,BREAD,Car,0,0,0,0,0,0,0,0,0,0,0,0,0,0
2019-04-18,BREAD,IHF,0,0,0,0,0,0,0,0,0,0,0,0,0,0
2019-04-18,BREAD,HCB-Lemon,7,20,27,8,0,0,19,0,0,0,0,0,0,0
2019-04-18,BREAD,HCB-Cin,7,29,36,4,2,0,30,0,0,0,0,0,0,0
2019-04-18,BREAD,BUT-Rls,0,44,44,4,3,0,37,0,0,0,0,0,0,0
2019-04-18,BREAD,Pastel Rl,37,0,37,3,0,0,34,0,0,0,0,0,0,0
2019-04-18,BREAD,H-RLS,4,11,15,10,0,2,3,0,0,0,0,0,0,0
2019-04-18,BREAD,FR-RLS,0,4,4,0,3,0,1,0,0,0,0,0,0,0
2019-04-18,BREAD,VS-RLS,0,23,23,1,2,0,20,0,0,0,0,0,0,0
2019-04-18,BREAD,Lem Blue,0,2,2,0,1,0,1,0,0,0,0,0,0,0
2019-04-18,BREAD,Lem Popp,1,6,7,1,0,0,6,0,0,0,0,0,0,0
2019-04-18,BREAD,Str Short,2,6,8,1,1,2,4,0,0,0,0,0,0,0
2019-04-18,BREAD,Irish Wh,4,3,7,0,2,4,1,0,0,0,0,0,0,0
2019-04-18,ROLLS,Cinnamon,0,36,36,36,0,0,0,0,0,0,0,0,0,0
2019-04-18,ROLLS,Mini C-Roll,0,24,24,24,0,0,0,0,0,0,0,0,0,0
2019-04-18,ROLLS,Scones,0,0,0,0,0,0,0,0,0,0,0,0,0,0
2019-04-18,ROLLS,Biscuits,0,0,0,0,0,0,0,0,0,0,0,0,0,0
2019-04-18,ROLLS,Blueberry,0,18,18,18,0,0,0,0,2,2,2,0,0,0
2019-04-18,ROLLS,Rasp Cream,0,0,0,0,0,0,0,0,0,0,0,0,0,0
2019-04-18,ROLLS,Cherry,0,0,0,0,0,0,0,0,0,0,0,0,0,0
2019-04-18,ROLLS,Butt Almond,0,0,0,0,0,0,0,0,0,0,0,0,0,0
2019-04-18,ROLLS,Turtle,0,15,15,13,0,2,0,0,2,2,2,0,0,0
2019-04-18,ROLLS,Cin Chip,0,0,0,0,0,0,0,0,0,0,0,0,0,0
2019-04-18,ROLLS,Biscuit,0,0,0,0,0,0,0,0,0,0,0,0,0,0
2019-04-18,FRUIT BARS,Mixed Berry,0,8,8,4,4,0,0,0,0,0,0,0,0,0
2019-04-18,FRUIT BARS,Cherry,0,12,12,7,5,0,0,0,0,0,0,0,0,0
2019-04-18,FRUIT BARS,Apple Cin,0,12,12,6,5,1,0,0,0,0,0,0,0,0
2019-04-18,FRUIT BARS,MIXED FRUIT,0,8,8,3,4,1,0,0,0,0,0,0,0,0
2019-04-18,MUFFINS,Lemon Blue,0,7,7,4,0,3,0,0,1,1,0,0,0,0
2019-04-18,MUFFINS,Lemon Popp,0,7,7,0,0,7,0,0,1,1,0,0,0,0
2019-04-18,MUFFINS,Straw Short,0,7,7,3,0,4,0,0,1,1,1,0,0,0
2019-04-18,MUFFINS,Irish Whisk,0,7,7,1,0,6,0,0,1,1,1,0,0,0
2019-04-18,MUFFINS,Cookies,0,0,0,0,0,0,0,0,0,0,0,0,0,0
2019-04-18,MUFFINS,Bars,0,0,0,0,0,0,0,0,0,0,0,0,0,0
2019-04-18,MUFFINS,Oatmeal CC,6,18,24,16,0,1,7,0,8,8,0,0,0,0
2019-04-18,MUFFINS,Oat Butter,4,30,34,13,12,3,6,0,4,4,0,0,0,0
2019-04-18,MUFFINS,Triple Choc,7,18,25,21,0,2,2,0,4,4,0,0,0,0
2019-04-18,MUFFINS,SNICKEDOODLE,3,18,21,19,0,0,2,0,8,8,0,0,0,0
2019-04-18,MUFFINS,frosted,6,18,24,9,0,0,15,0,0,0,0,0,0,0
2019-04-18,MUFFINS,Lemon Bars,2,0,2,1,0,1,0,0,0,0,0,0,0,0
2019-04-18,MUFFINS,Brownies,0,15,15,4,5,0,6,0,0,0,0,0,0,0
2019-04-18,MUFFINS,Lemon Oh,6,10,16,2,0,0,14,1,4,5,1,0,0,4
2019-04-18,MUFFINS,S|B Sour Pie,0,6,6,3,0,0,3,0,6,6,2,0,0,4
2019-04-18,MUFFINS,Sugar Cream,0,8,8,1,0,0,7,0,0,0,0,0,0,0
2019-04-18,MUFFINS,Bread Pudding,3,0,3,0,0,0,3,0,0,0,0,0,0,0
2019-04-18,MUFFINS,Totals,37,302,339,208,35,31,65,1,42,43,9,0,0,8
2019-04-19,BREAD,H,54,22,76,38,1,0,37,0,0,0,0,0,0,0
2019-04-19,BREAD,FR,37,35,72,13,2,0,57,0,0,0,0,0,0,0
2019-04-19,BREAD,GW,5,9,14,1,0,4,9,0,0,0,0,0,0,0
2019-04-19,BREAD,DK,18,30,48,11,0,0,37,0,0,0,0,0,0,0
2019-04-19,BREAD,H5|Cran,7,0,7,7,0,0,0,3,0,3,3,0,0,0
2019-04-19,BREAD,CSRWL,12,12,24,18,0,0,6,0,3,3,0,0,0,3
2019-04-19,BREAD,VA SWRL,6,8,14,8,0,0,6,0,2,2,0,0,0,2
2019-04-19,BREAD,BfB,13,0,13,8,0,0,5,5,0,5,2,0,0,3
2019-04-19,BREAD,CNE,0,43,43,33,3,0,7,0,5,5,4,0,0,1
2019-04-19,BREAD,CNR,0,0,0,0,0,0,0,0,0,0,0,0,0,0
2019-04-19,BREAD,CNW,0,0,0,0,0,0,0,0,0,0,0,0,0,0
2019-04-19,BREAD,CG,0,34,34,10,0,0,24,0,6,6,6,0,0,0
2019-04-19,BREAD,PESTO CG,0,0,0,0,0,0,0,0,0,0,0,0,0,0
2019-04-19,BREAD,VS,17,0,17,2,0,0,15,3,0,3,3,0,0,0
2019-04-19,BREAD,Challah,14,0,14,14,0,0,0,5,0,5,3,0,0,2
2019-04-19,BREAD,SOURDOUGH,2,0,2,2,0,0,0,0,0,0,0,0,0,0
2019-04-19,BREAD,SOUR CC,1,0,1,1,0,0,0,0,0,0,0,0,0,0
2019-04-19,BREAD,Sour RG,0,0,0,0,0,0,0,0,0,0,0,0,0,0
2019-04-19,BREAD,bunny,4,36,40,20,20,0,0,0,0,0,0,0,0,0
2019-04-19,BREAD,Car,0,0,0,0,0,0,0,0,0,0,0,0,0,0
2019-04-19,BREAD,IHF,0,0,0,0,0,0,0,0,0,0,0,0,0,0
2019-04-19,BREAD,HCB-Lemon,19,5,24,6,5,0,13,0,0,0,0,0,0,0
2019-04-19,BREAD,HCB-Cin,30,25,55,15,12,0,28,0,0,0,0,0,0,0
2019-04-19,BREAD,BUT-Rls,37,62,99,32,22,0,45,0,0,0,0,0,0,0
2019-04-19,BREAD,Pastel Rl,34,68,102,-6,41,0,67,0,0,0,0,0,0,0
2019-04-19,BREAD,H-RLS,3,30,33,-9,9,0,33,0,0,0,0,0,0,0
2019-04-19,BREAD,FR-RLS,1,0,1,1,0,0,0,0,0,0,0,0,0,0
2019-04-19,BREAD,VS-RLS,20,0,20,8,0,0,12,0,0,0,0,0,0,0
2019-04-19,BREAD,Lem Blue,1,8,9,6,0,0,3,0,0,0,0,0,0,0
2019-04-19,BREAD,Lem Popp,6,0,6,2,0,4,0,0,0,0,0,0,0,0
2019-04-19,BREAD,Str Short,4,6,10,4,2,0,4,0,0,0,0,0,0,0
2019-04-19,BREAD,Irish Wh,1,4,5,1,0,1,3,0,0,0,0,0,0,0
2019-04-19,ROLLS,Cinnamon,0,108,108,99,0,9,0,0,0,0,0,0,0,0
2019-04-19,ROLLS,Mini C-Roll,0,0,0,0,0,0,0,0,0,0,0,0,0,0
2019-04-19,ROLLS,Scones,0,0,0,0,0,0,0,0,0,0,0,0,0,0
2019-04-19,ROLLS,Biscuits,0,0,0,0,0,0,0,0,0,0,0,0,0,0
2019-04-19,ROLLS,Blueberry,0,0,0,0,0,0,0,0,0,0,0,0,0,0
2019-04-19,ROLLS,Rasp Cream,0,0,0,0,0,0,0,0,0,0,0,0,0,0
2019-04-19,ROLLS,Cherry,0,22,22,16,0,6,0,0,3,3,1,0,0,0
2019-04-19,ROLLS,Butt Almond,0,22,22,19,0,3,0,0,3,3,3,0,0,0
2019-04-19,ROLLS,Turtle,0,0,0,0,0,0,0,0,0,0,0,0,0,0
2019-04-19,ROLLS,Cin Chip,0,0,0,0,0,0,0,0,0,0,0,0,0,0
2019-04-19,ROLLS,Biscuit,0,0,0,0,0,0,0,0,0,0,0,0,0,0
2019-04-19,FRUIT BARS,Mixed Berry,0,8,8,5,0,3,0,0,0,0,0,0,0,0
2019-04-19,FRUIT BARS,Cherry,0,12,12,9,0,3,0,0,0,0,0,0,0,0
2019-04-19,FRUIT BARS,Apple Cin,0,0,0,0,0,0,0,0,0,0,0,0,0,0
2019-04-19,FRUIT BARS,MIXED FRUIT,0,0,0,0,0,0,0,0,0,0,0,0,0,0
2019-04-19,MUFFINS,Lemon Blue,0,14,14,4,0,10,0,0,1,1,1,0,0,0
2019-04-19,MUFFINS,Lemon Popp,0,8,8,1,0,7,0,0,1,1,1,0,0,0
2019-04-19,MUFFINS,Straw Short,0,14,14,5,0,9,0,0,1,1,0,0,0,0
2019-04-19,MUFFINS,Irish Whisk,0,8,8,3,0,5,0,0,1,1,0,0,0,0
2019-04-19,MUFFINS,Cookies,0,0,0,0,0,0,0,0,0,0,0,0,0,0
2019-04-19,MUFFINS,Bars,0,0,0,0,0,0,0,0,0,0,0,0,0,0
2019-04-19,MUFFINS,Oatmeal CC,7,24,31,8,3,5,15,0,0,0,0,0,0,0
2019-04-19,MUFFINS,Oat Butter,6,24,30,8,3,6,13,0,0,0,0,0,0,0
2019-04-19,MUFFINS,Triple Choc,2,24,26,19,3,2,2,0,0,0,0,0,0,0
2019-04-19,MUFFINS,SNICKEDOODLE,2,24,26,23,3,0,0,0,0,0,0,0,0,0
2019-04-19,MUFFINS,frosted,15,12,27,13,0,2,12,0,0,0,0,0,0,0
2019-04-19,MUFFINS,Lemon Bars,0,10,10,8,0,0,2,0,0,0,0,0,0,0
2019-04-19,MUFFINS,Brownies,6,0,6,5,0,1,0,0,0,0,0,0,0,0
2019-04-19,MUFFINS,Lemon Oh,14,0,14,7,0,0,7,4,0,4,0,0,0,4
2019-04-19,MUFFINS,S|B Sour Pie,3,0,3,1,0,0,2,4,0,4,0,0,0,4
2019-04-19,MUFFINS,Sugar Cream,7,0,7,0,0,0,7,0,0,0,0,0,0,0
2019-04-19,MUFFINS,Bread Pudding,3,0,3,-2,0,0,5,0,0,0,-5,0,0,5
2019-04-19,MUFFINS,Totals,65,334,399,251,12,71,65,8,10,18,1,0,0,13
2019-04-20,BREAD,H,37,13,50,30,0,20,0,0,0,0,0,0,0,0
2019-04-20,BREAD,FR,57,0,57,20,0,37,0,0,0,0,0,0,0,0
2019-04-20,BREAD,GW,9,0,9,9,0,0,0,0,0,0,0,0,0,0
2019-04-20,BREAD,DK,37,0,37,13,0,24,0,0,0,0,0,0,0,0
2019-04-20,BREAD,H5|Cran,0,0,0,0,0,0,0,0,0,0,0,0,0,0
2019-04-20,BREAD,CSRWL,6,20,26,21,2,3,0,3,0,3,0,0,0,0
2019-04-20,BREAD,VA SWRL,6,14,20,11,1,8,0,2,0,2,2,0,0,0
2019-04-20,BREAD,BfB,5,0,5,5,0,0,0,3,0,3,3,0,0,0
2019-04-20,BREAD,CNE,7,20,27,27,0,0,0,1,5,6,2,0,0,0
2019-04-20,BREAD,CNR,0,0,0,0,0,0,0,0,0,0,0,0,0,0
2019-04-20,BREAD,CNW,0,0,0,0,0,0,0,0,0,0,0,0,0,0
2019-04-20,BREAD,CG,24,0,24,13,0,11,0,0,0,0,0,0,0,0
2019-04-20,BREAD,PESTO CG,0,0,0,0,0,0,0,0,0,0,0,0,0,0
2019-04-20,BREAD,VS,15,10,25,25,0,0,0,0,2,2,2,0,0,0
2019-04-20,BREAD,Challah,0,0,0,0,0,0,0,2,0,2,2,0,0,0
2019-04-20,BREAD,SOURDOUGH,0,0,0,0,0,0,0,0,0,0,0,0,0,0
2019-04-20,BREAD,SOUR CC,0,0,0,0,0,0,0,0,0,0,0,0,0,0
2019-04-20,BREAD,Sour RG,0,0,0,0,0,0,0,0,0,0,0,0,0,0
2019-04-20,BREAD,bunny,0,61,61,23,33,5,0,0,0,0,0,0,0,0
2019-04-20,BREAD,Car,0,0,0,0,0,0,0,0,0,0,0,0,0,0
2019-04-20,BREAD,IHF,0,0,0,0,0,0,0,0,0,0,0,0,0,0
2019-04-20,BREAD,HCB-Lemon,13,0,13,6,0,7,0,0,0,0,0,0,0,0
2019-04-20,BREAD,HCB-Cin,28,0,28,11,0,17,0,0,0,0,0,0,0,0
2019-04-20,BREAD,BUT-Rls,45,27,72,49,23,0,0,0,0,0,0,0,0,0
2019-04-20,BREAD,Pastel Rl,67,0,67,21,0,46,0,0,0,0,0,0,0,0
2019-04-20,BREAD,H-RLS,33,10,43,4,13,26,0,0,0,0,0,0,0,0
2019-04-20,BREAD,FR-RLS,0,0,0,0,0,0,0,0,0,0,0,0,0,0
2019-04-20,BREAD,VS-RLS,12,24,36,10,3,23,0,0,0,0,0,0,0,0
2019-04-20,BREAD,Lem Blue,3,3,6,4,0,2,0,0,0,0,0,0,0,0
2019-04-20,BREAD,Lem Popp,0,3,3,3,0,0,0,0,0,0,0,0,0,0
2019-04-20,BREAD,Str Short,4,2,6,3,0,3,0,0,0,0,0,0,0,0
2019-04-20,BREAD,Irish Wh,3,0,3,3,0,0,0,0,0,0,0,0,0,0
2019-04-20,ROLLS,Cinnamon,0,132,132,128,4,0,0,0,0,0,0,0,0,0
2019-04-20,ROLLS,Mini C-Roll,0,0,0,0,0,0,0,0,0,0,0,0,0,0
2019-04-20,ROLLS,Scones,0,0,0,0,0,0,0,0,0,0,0,0,0,0
2019-04-20,ROLLS,Biscuits,0,0,0,0,0,0,0,0,0,0,0,0,0,0
2019-04-20,ROLLS,Blueberry,0,25,25,18,0,7,0,0,2,2,2,0,0,0
2019-04-20,ROLLS,Rasp Cream,0,0,0,0,0,0,0,0,0,0,0,0,0,0
2019-04-20,ROLLS,Cherry,0,0,0,0,0,0,0,0,0,0,0,0,0,0
2019-04-20,ROLLS,Butt Almond,0,19,19,17,1,1,0,0,2,2,2,0,0,0
2019-04-20,ROLLS,Turtle,0,0,0,0,0,0,0,0,0,0,0,0,0,0
2019-04-20,ROLLS,Cin Chip,0,0,0,0,0,0,0,0,0,0,0,0,0,0
2019-04-20,ROLLS,Biscuit,0,0,0,0,0,0,0,0,0,0,0,0,0,0
2019-04-20,FRUIT BARS,Mixed Berry,0,0,0,0,0,0,0,0,0,0,0,0,0,0
2019-04-20,FRUIT BARS,Cherry,0,0,0,0,0,0,0,0,0,0,0,0,0,0
2019-04-20,FRUIT BARS,Apple Cin,0,12,12,12,0,0,0,0,0,0,0,0,0,0
2019-04-20,FRUIT BARS,MIXED FRUIT,0,8,8,7,0,1,0,0,0,0,0,0,0,0
2019-04-20,MUFFINS,Lemon Blue,0,10,10,5,0,5,0,0,1,1,1,0,0,0
2019-04-20,MUFFINS,Lemon Popp,0,6,6,3,0,3,0,0,1,1,1,0,0,0
2019-04-20,MUFFINS,Straw Short,0,10,10,4,0,6,0,0,1,1,1,0,0,0
2019-04-20,MUFFINS,Irish Whisk,0,6,6,2,1,3,0,0,1,1,1,0,0,0
2019-04-20,MUFFINS,Cookies,0,0,0,0,0,0,0,0,0,0,0,0,0,0
2019-04-20,MUFFINS,Bars,0,0,0,0,0,0,0,0,0,0,0,0,0,0
2019-04-20,MUFFINS,Oatmeal CC,15,0,15,15,0,0,0,0,0,0,0,0,0,0
2019-04-20,MUFFINS,Oat Butter,13,0,13,6,0,7,0,0,0,0,0,0,0,0
2019-04-20,MUFFINS,Triple Choc,2,12,14,13,0,1,0,0,0,0,0,0,0,0
2019-04-20,MUFFINS,SNICKEDOODLE,0,12,12,12,0,0,0,0,0,0,0,0,0,0
2019-04-20,MUFFINS,frosted,12,0,12,10,0,2,0,0,0,0,0,0,0,0
2019-04-20,MUFFINS,Lemon Bars,2,0,2,1,0,1,0,0,0,0,0,0,0,0
2019-04-20,MUFFINS,Brownies,0,0,0,-3,0,3,0,0,0,0,0,0,0,0
2019-04-20,MUFFINS,Lemon Oh,7,0,7,5,0,0,2,4,0,4,3,0,0,1
2019-04-20,MUFFINS,S|B Sour Pie,2,0,2,2,0,0,0,4,0,4,2,0,0,2
2019-04-20,MUFFINS,Sugar Cream,7,0,7,3,0,0,4,0,0,0,0,0,0,0
2019-04-20,MUFFINS,Bread Pudding,5,0,5,0,0,0,5,5,0,5,3,0,0,2
2019-04-20,MUFFINS,Totals,65,252,317,260,6,40,11,13,8,21,16,0,0,5
2019-04-21,BREAD,H,0,0,0,0,0,0,0,0,0,0,0,0,0,0
2019-04-21,BREAD,FR,0,0,0,0,0,0,0,0,0,0,0,0,0,0
2019-04-21,BREAD,GW,0,0,0,0,0,0,0,0,0,0,0,0,0,0
2019-04-21,BREAD,DK,0,0,0,0,0,0,0,0,0,0,0,0,0,0
2019-04-21,BREAD,H5|Cran,0,0,0,0,0,0,0,0,0,0,0,0,0,0
2019-04-21,BREAD,CSRWL,0,0,0,0,0,0,0,0,0,0,0,0,0,0
2019-04-21,BREAD,VA SWRL,0,0,0,0,0,0,0,0,0,0,0,0,0,0
2019-04-21,BREAD,BfB,0,0,0,0,0,0,0,0,0,0,0,0,0,0
2019-04-21,BREAD,CNE,0,0,0,0,0,0,0,0,0,0,0,0,0,0
2019-04-21,BREAD,CNR,0,0,0,0,0,0,0,0,0,0,0,0,0,0
2019-04-21,BREAD,CNW,0,0,0,0,0,0,0,0,0,0,0,0,0,0
2019-04-21,BREAD,CG,0,0,0,0,0,0,0,0,0,0,0,0,0,0
2019-04-21,BREAD,PESTO CG,0,0,0,0,0,0,0,0,0,0,0,0,0,0
2019-04-21,BREAD,Challah,0,0,0,0,0,0,0,0,0,0,0,0,0,0
2019-04-21,BREAD,SOURDOUGH,0,0,0,0,0,0,0,0,0,0,0,0,0,0
2019-04-21,BREAD,SOUR CC,0,0,0,0,0,0,0,0,0,0,0,0,0,0
2019-04-21,BREAD,Sour RG,0,0,0,0,0,0,0,0,0,0,0,0,0,0
2019-04-21,BREAD,Car,0,0,0,0,0,0,0,0,0,0,0,0,0,0
2019-04-21,BREAD,IHF,0,0,0,0,0,0,0,0,0,0,0,0,0,0
2019-04-21,BREAD,Hot X Buns,0,0,0,0,0,0,0,0,0,0,0,0,0,0
2019-04-21,BREAD,BUT-Rls,0,0,0,0,0,0,0,0,0,0,0,0,0,0
2019-04-21,BREAD,Pastel Rl,0,0,0,0,0,0,0,0,0,0,0,0,0,0
2019-04-21,BREAD,H-RLS,0,0,0,0,0,0,0,0,0,0,0,0,0,0
2019-04-21,BREAD,FR-RLS,0,0,0,0,0,0,0,0,0,0,0,0,0,0
2019-04-21,BREAD,VS-RLS,0,0,0,0,0,0,0,0,0,0,0,0,0,0
2019-04-21,BREAD,Lem Blue,0,0,0,0,0,0,0,0,0,0,0,0,0,0
2019-04-21,BREAD,Lem Popp,0,0,0,0,0,0,0,0,0,0,0,0,0,0
2019-04-21,BREAD,Str Short,0,0,0,0,0,0,0,0,0,0,0,0,0,0
2019-04-21,BREAD,Irish Wh,0,0,0,0,0,0,0,0,0,0,0,0,0,0
2019-04-21,ROLLS,Cinnamon,0,0,0,0,0,0,0,0,0,0,0,0,0,0
2019-04-21,ROLLS,Mini C-Roll,0,0,0,0,0,0,0,0,0,0,0,0,0,0
2019-04-21,ROLLS,Scones,0,0,0,0,0,0,0,0,0,0,0,0,0,0
2019-04-21,ROLLS,Biscuits,0,0,0,0,0,0,0,0,0,0,0,0,0,0
2019-04-21,ROLLS,Blueberry,0,0,0,0,0,0,0,0,0,0,0,0,0,0
2019-04-21,ROLLS,Rasp Cream,0,0,0,0,0,0,0,0,0,0,0,0,0,0
2019-04-21,ROLLS,Cherry,0,0,0,0,0,0,0,0,0,0,0,0,0,0
2019-04-21,ROLLS,Butt Almond,0,0,0,0,0,0,0,0,0,0,0,0,0,0
2019-04-21,ROLLS,Turtle,0,0,0,0,0,0,0,0,0,0,0,0,0,0
2019-04-21,ROLLS,Cin Chip,0,0,0,0,0,0,0,0,0,0,0,0,0,0
2019-04-21,ROLLS,Biscuit,0,0,0,0,0,0,0,0,0,0,0,0,0,0
2019-04-21,FRUIT BARS,Mixed Berry,0,0,0,0,0,0,0,0,0,0,0,0,0,0
2019-04-21,FRUIT BARS,Cherry,0,0,0,0,0,0,0,0,0,0,0,0,0,0
2019-04-21,FRUIT BARS,Apple Cin,0,0,0,0,0,0,0,0,0,0,0,0,0,0
2019-04-21,FRUIT BARS,MIXED FRUIT,0,0,0,0,0,0,0,0,0,0,0,0,0,0
2019-04-21,MUFFINS,Lemon Blue,0,0,0,0,0,0,0,0,0,0,0,0,0,0
2019-04-21,MUFFINS,Lemon Popp,0,0,0,0,0,0,0,0,0,0,0,0,0,0
2019-04-21,MUFFINS,Straw Short,0,0,0,0,0,0,0,0,0,0,0,0,0,0
2019-04-21,MUFFINS,Irish Whisk,0,0,0,0,0,0,0,0,0,0,0,0,0,0
2019-04-21,MUFFINS,Cookies,0,0,0,0,0,0,0,0,0,0,0,0,0,0
2019-04-21,MUFFINS,Bars,0,0,0,0,0,0,0,0,0,0,0,0,0,0
2019-04-21,MUFFINS,Oatmeal CC,0,0,0,0,0,0,0,0,0,0,0,0,0,0
2019-04-21,MUFFINS,Oat Butter,0,0,0,0,0,0,0,0,0,0,0,0,0,0
2019-04-21,MUFFINS,Triple Choc,0,0,0,0,0,0,0,0,0,0,0,0,0,0
2019-04-21,MUFFINS,SNICKEDOODLE,0,0,0,0,0,0,0,0,0,0,0,0,0,0
2019-04-21,MUFFINS,frosted,0,0,0,0,0,0,0,0,0,0,0,0,0,0
2019-04-21,MUFFINS,Lemon Bars,0,0,0,0,0,0,0,0,0,0,0,0,0,0
2019-04-21,MUFFINS,Brownies,0,0,0,0,0,0,0,0,0,0,0,0,0,0
2019-04-21,MUFFINS,Lemon Oh,2,0,2,2,0,0,0,1,0,1,1,0,0,0
2019-04-21,MUFFINS,S|B Sour Pie,0,0,0,0,0,0,0,2,0,2,2,0,0,0
2019-04-21,MUFFINS,Sugar Cream,4,0,4,4,0,0,0,0,0,0,0,0,0,0
2019-04-21,MUFFINS,Bread Pudding,3,0,3,3,0,0,0,2,0,2,2,0,0,0
2019-04-21,MUFFINS,Totals,9,0,9,9,0,0,0,5,0,5,5,0,0,0
2019-04-22,BREAD,H,0,48,48,21,15,0,12,0,0,0,0,0,0,0
2019-04-22,BREAD,FR,0,49,49,37,0,0,12,0,0,0,0,0,0,0
2019-04-22,BREAD,GW,0,9,9,3,0,0,6,0,0,0,0,0,0,0
2019-04-22,BREAD,DK,0,22,22,6,0,0,16,0,0,0,0,0,0,0
2019-04-22,BREAD,H5|Cran,0,0,0,0,0,0,0,0,0,0,0,0,0,0
2019-04-22,BREAD,CSRWL,0,16,16,6,0,0,10,0,3,3,1,0,0,2
2019-04-22,BREAD,VA SWRL,0,12,12,7,0,0,5,0,2,2,2,0,0,0
2019-04-22,BREAD,BfB,0,0,0,0,0,0,0,0,0,0,0,0,0,0
2019-04-22,BREAD,CNE,0,11,11,11,0,0,0,0,3,3,1,0,0,2
2019-04-22,BREAD,CNR,0,3,3,0,0,0,3,0,0,0,0,0,0,0
2019-04-22,BREAD,CNW,0,5,5,1,2,0,2,0,0,0,0,0,0,0
2019-04-22,BREAD,CG,0,7,7,2,0,0,5,0,3,3,1,0,0,2
2019-04-22,BREAD,PESTO CG,0,3,3,3,0,0,0,0,0,0,0,0,0,0
2019-04-22,BREAD,VS,0,0,0,0,0,0,0,0,0,0,0,0,0,0
2019-04-22,BREAD,Challah,0,0,0,0,0,0,0,0,0,0,0,0,0,0
2019-04-22,BREAD,SOURDOUGH,0,9,9,2,0,0,7,0,0,0,0,0,0,0
2019-04-22,BREAD,SOUR CC,0,3,3,1,0,0,2,0,0,0,0,0,0,0
2019-04-22,BREAD,Sour RG,0,2,2,-1,1,0,2,0,0,0,0,0,0,0
2019-04-22,BREAD,wc,0,75,75,75,0,0,0,0,0,0,0,0,0,0
2019-04-22,BREAD,Car,0,0,0,0,0,0,0,0,0,0,0,0,0,0
2019-04-22,BREAD,IHF,0,0,0,-10,0,0,10,0,0,0,0,0,0,0
2019-04-22,BREAD,Hot X Buns,0,0,0,0,0,0,0,0,0,0,0,0,0,0
2019-04-22,BREAD,BUT-Rls,0,0,0,0,0,0,0,0,0,0,0,0,0,0
2019-04-22,BREAD,Pastel Rl,0,0,0,0,0,0,0,0,0,0,0,0,0,0
2019-04-22,BREAD,H-RLS,0,2,2,2,0,0,0,0,0,0,0,0,0,0
2019-04-22,BREAD,FR-RLS,0,2,2,2,0,0,0,0,0,0,0,0,0,0
2019-04-22,BREAD,VS-RLS,0,0,0,0,0,0,0,0,0,0,0,0,0,0
2019-04-22,BREAD,Lem Blue,0,4,4,1,0,0,3,0,0,0,0,0,0,0
2019-04-22,BREAD,Lem Popp,0,4,4,1,0,0,3,0,0,0,0,0,0,0
2019-04-22,BREAD,Str Short,0,4,4,0,0,0,4,0,0,0,0,0,0,0
2019-04-22,BREAD,Irish Wh,0,4,4,1,0,0,3,0,0,0,0,0,0,0
2019-04-22,ROLLS,Cinnamon,0,24,24,23,0,1,0,0,0,0,0,0,0,0
2019-04-22,ROLLS,Mini C-Roll,0,0,0,0,0,0,0,0,0,0,0,0,0,0
2019-04-22,ROLLS,Scones,0,0,0,0,0,0,0,0,0,0,0,0,0,0
2019-04-22,ROLLS,Biscuits,0,0,0,0,0,0,0,0,0,0,0,0,0,0
2019-04-22,ROLLS,Blueberry,0,0,0,0,0,0,0,0,0,0,0,0,0,0
2019-04-22,ROLLS,Rasp Cream,0,17,17,9,0,8,0,0,2,2,0,0,0,0
2019-04-22,ROLLS,Cherry,0,0,0,0,0,0,0,0,0,0,0,0,0,0
2019-04-22,ROLLS,Butt Almond,0,0,0,0,0,0,0,0,0,0,0,0,0,0
2019-04-22,ROLLS,Turtle,0,0,0,0,0,0,0,0,0,0,0,0,0,0
2019-04-22,ROLLS,Cin Chip,0,15,15,10,0,5,0,0,1,1,0,0,0,0
2019-04-22,ROLLS,Biscuit,0,0,0,0,0,0,0,0,0,0,0,0,0,0
2019-04-22,FRUIT BARS,Mixed Berry,0,8,8,2,0,6,0,0,0,0,0,0,0,0
2019-04-22,FRUIT BARS,Cherry,0,12,12,6,0,6,0,0,0,0,0,0,0,0
2019-04-22,FRUIT BARS,Apple Cin,0,0,0,0,0,0,0,0,0,0,0,0,0,0
2019-04-22,FRUIT BARS,MIXED FRUIT,0,0,0,0,0,0,0,0,0,0,0,0,0,0
2019-04-22,MUFFINS,Lemon Blue,0,5,5,5,0,0,0,0,1,1,0,0,0,0
2019-04-22,MUFFINS,Lemon Popp,0,5,5,2,0,3,0,0,1,1,0,0,0,0
2019-04-22,MUFFINS,Straw Short,0,5,5,1,0,4,0,0,1,1,0,0,0,0
2019-04-22,MUFFINS,Irish Whisk,0,5,5,3,0,2,0,0,1,1,0,0,0,0
2019-04-22,MUFFINS,Cookies,0,0,0,0,0,0,0,0,0,0,0,0,0,0
2019-04-22,MUFFINS,Bars,0,0,0,0,0,0,0,0,0,0,0,0,0,0
2019-04-22,MUFFINS,Oatmeal CC,0,30,30,12,10,0,8,0,0,0,0,0,0,0
2019-04-22,MUFFINS,Oat Butter,0,24,24,14,9,0,1,0,0,0,0,0,0,0
2019-04-22,MUFFINS,Triple Choc,0,30,30,9,9,0,12,0,0,0,0,0,0,0
2019-04-22,MUFFINS,SNICKEDOODLE,0,30,30,7,10,0,13,0,0,0,0,0,0,0
2019-04-22,MUFFINS,frosted,0,24,24,4,0,0,20,0,0,0,0,0,0,0
2019-04-22,MUFFINS,Lemon Bars,0,10,10,2,0,0,8,0,0,0,0,0,0,0
2019-04-22,MUFFINS,Brownies,0,0,0,0,0,0,0,0,0,0,0,0,0,0
2019-04-22,MUFFINS,Lemon Oh,0,0,0,-3,0,0,3,0,0,0,-2,0,0,2
2019-04-22,MUFFINS,S|B Sour Pie,0,0,0,0,0,0,0,0,0,0,-3,0,0,3
2019-04-22,MUFFINS,Sugar Cream,0,0,0,-3,0,0,3,0,0,0,0,0,0,0
2019-04-22,MUFFINS,Bread Pudding,0,0,0,-5,0,0,5,0,0,0,-2,0,0,2
2019-04-22,MUFFINS,Totals,0,244,244,98,38,35,73,0,7,7,-7,0,0,7
2019-04-23,BREAD,H,12,33,45,14,11,0,20,0,0,0,0,0,0,0
2019-04-23,BREAD,FR,12,12,24,16,0,0,8,0,0,0,0,0,0,0
2019-04-23,BREAD,GW,6,3,9,4,0,2,3,0,0,0,0,0,0,0
2019-04-23,BREAD,DK,16,0,16,13,0,0,3,0,0,0,0,0,0,0
2019-04-23,BREAD,H5|Cran,0,11,11,5,0,0,6,0,6,6,5,0,0,1
2019-04-23,BREAD,CSRWL,10,12,22,14,5,0,3,2,0,2,1,0,0,0
2019-04-23,BREAD,VA SWRL,5,4,9,7,0,1,1,0,2,2,0,0,0,2
2019-04-23,BREAD,BfB,0,6,6,5,0,0,1,0,3,3,3,0,0,0
2019-04-23,BREAD,CNE,0,0,0,0,0,0,0,2,0,2,2,0,0,0
2019-04-23,BREAD,CNR,3,0,3,2,0,1,0,0,0,0,0,0,0,0
2019-04-23,BREAD,CNW,2,0,2,1,0,1,0,0,0,0,0,0,0,0
2019-04-23,BREAD,CG,5,0,5,5,0,0,0,2,0,2,2,0,0,0
2019-04-23,BREAD,PESTO CG,0,0,0,0,0,0,0,0,0,0,0,0,0,0
2019-04-23,BREAD,VS,0,13,13,4,0,0,9,0,2,2,0,0,0,2
2019-04-23,BREAD,Challah,0,0,0,-5,0,0,5,0,0,0,-2,0,0,2
2019-04-23,BREAD,SOURDOUGH,7,0,7,4,0,3,0,0,0,0,0,0,0,0
2019-04-23,BREAD,SOUR CC,2,0,2,0,0,2,0,0,0,0,0,0,0,0
2019-04-23,BREAD,Sour RG,2,0,2,1,0,1,0,0,0,0,0,0,0,0
2019-04-23,BREAD,wc,0,74,74,74,0,0,0,0,0,0,0,0,0,0
2019-04-23,BREAD,Car,0,16,16,5,0,0,11,0,0,0,0,0,0,0
2019-04-23,BREAD,IHF,10,0,10,3,0,0,7,0,0,0,0,0,0,0
2019-04-23,BREAD,Hot X Buns,0,0,0,0,0,0,0,0,0,0,0,0,0,0
2019-04-23,BREAD,BUT-Rls,0,0,0,0,0,0,0,0,0,0,0,0,0,0
2019-04-23,BREAD,Pastel Rl,0,0,0,0,0,0,0,0,0,0,0,0,0,0
2019-04-23,BREAD,H-RLS,0,2,2,2,0,0,0,0,0,0,0,0,0,0
2019-04-23,BREAD,FR-RLS,0,2,2,2,0,0,0,0,0,0,0,0,0,0
2019-04-23,BREAD,VS-RLS,0,2,2,1,0,0,1,0,0,0,0,0,0,0
2019-04-23,BREAD,Lem Blue,3,3,6,5,1,0,0,0,0,0,0,0,0,0
2019-04-23,BREAD,Lem Popp,3,2,5,1,0,2,2,0,0,0,0,0,0,0
2019-04-23,BREAD,Str Short,4,5,9,3,4,1,1,0,0,0,0,0,0,0
2019-04-23,BREAD,Irish Wh,3,2,5,5,0,0,0,0,0,0,0,0,0,0
2019-04-23,ROLLS,Cinnamon,0,36,36,32,0,4,0,0,0,0,0,0,0,0
2019-04-23,ROLLS,Mini C-Roll,0,0,0,0,0,0,0,0,0,0,0,0,0,0
2019-04-23,ROLLS,Scones,0,0,0,0,0,0,0,0,0,0,0,0,0,0
2019-04-23,ROLLS,Biscuits,0,0,0,0,0,0,0,0,0,0,0,0,0,0
2019-04-23,ROLLS,Blueberry,0,19,19,13,0,6,0,0,2,2,1,0,0,0
2019-04-23,ROLLS,Rasp Cream,0,0,0,0,0,0,0,0,0,0,0,0,0,0
2019-04-23,ROLLS,Cherry,0,0,0,0,0,0,0,0,0,0,0,0,0,0
2019-04-23,ROLLS,Butt Almond,0,0,0,0,0,0,0,0,0,0,0,0,0,0
2019-04-23,ROLLS,Turtle,0,0,0,0,0,0,0,0,0,0,0,0,0,0
2019-04-23,ROLLS,Cin Chip,0,14,14,5,0,9,0,0,2,2,0,0,0,0
2019-04-23,ROLLS,Biscuit,0,0,0,0,0,0,0,0,0,0,0,0,0,0
2019-04-23,FRUIT BARS,Mixed Berry,0,0,0,0,0,0,0,0,0,0,0,0,0,0
2019-04-23,FRUIT BARS,Cherry,0,0,0,0,0,0,0,0,0,0,0,0,0,0
2019-04-23,FRUIT BARS,Apple Cin,0,12,12,11,1,0,0,0,0,0,0,0,0,0
2019-04-23,FRUIT BARS,MIXED FRUIT,0,8,8,3,1,4,0,0,0,0,0,0,0,0
2019-04-23,MUFFINS,Lemon Blue,0,6,6,4,0,2,0,0,1,1,1,0,0,0
2019-04-23,MUFFINS,Lemon Popp,0,6,6,2,0,4,0,0,1,1,0,0,0,0
2019-04-23,MUFFINS,Straw Short,0,6,6,1,0,5,0,0,1,1,0,0,0,0
2019-04-23,MUFFINS,Irish Whisk,0,6,6,3,0,3,0,0,1,1,1,0,0,0
2019-04-23,MUFFINS,Cookies,0,0,0,0,0,0,0,0,0,0,0,0,0,0
2019-04-23,MUFFINS,Bars,0,0,0,0,0,0,0,0,0,0,0,0,0,0
2019-04-23,MUFFINS,Oatmeal CC,8,66,74,22,52,0,0,0,378,378,0,0,0,0
2019-04-23,MUFFINS,Oat Butter,1,60,61,10,41,0,10,0,378,378,0,0,0,0
2019-04-23,MUFFINS,Triple Choc,12,36,48,19,29,0,0,0,378,378,0,0,0,0
2019-04-23,MUFFINS,SNICKEDOODLE,13,36,49,21,28,0,0,0,378,378,0,0,0,0
2019-04-23,MUFFINS,frosted,20,0,20,9,0,0,11,0,378,378,0,0,0,0
2019-04-23,MUFFINS,Lemon Bars,8,0,8,7,1,0,0,0,0,0,0,0,0,0
2019-04-23,MUFFINS,Brownies,0,10,10,7,2,0,1,0,0,0,0,0,0,0
2019-04-23,MUFFINS,Lemon Oh,3,0,3,0,0,0,3,2,0,2,0,0,0,2
2019-04-23,MUFFINS,S|B Sour Pie,0,0,0,0,0,0,0,3,0,3,1,0,0,2
2019-04-23,MUFFINS,Sugar Cream,3,0,3,0,0,0,3,0,0,0,0,0,0,0
2019-04-23,MUFFINS,Bread Pudding,5,0,5,0,0,0,5,2,0,2,0,0,0,2
2019-04-23,MUFFINS,Totals,73,321,394,169,155,37,33,7,1898,1905,4,0,0,6
2019-04-24,BREAD,H,20,25,45,24,2,0,19,0,0,0,0,0,0,0
2019-04-24,BREAD,FR,8,23,31,6,5,0,20,0,0,0,0,0,0,0
2019-04-24,BREAD,GW,3,7,10,6,0,2,2,0,0,0,0,0,0,0
2019-04-24,BREAD,DK,3,22,25,4,2,0,19,0,0,0,0,0,0,0
2019-04-24,BREAD,H5|Cran,6,0,6,2,0,0,4,1,0,1,1,0,0,0
2019-04-24,BREAD,CSRWL,3,16,19,11,0,0,8,0,3,3,1,0,0,2
2019-04-24,BREAD,VA SWRL,1,12,13,11,0,0,2,2,0,2,0,0,0,0
2019-04-24,BREAD,BfB,1,0,1,0,0,1,0,0,0,0,0,0,0,0
2019-04-24,BREAD,CNE,0,13,13,1,0,0,12,0,3,3,3,0,0,0
2019-04-24,BREAD,CNR,0,4,4,1,0,0,3,0,0,0,0,0,0,0
2019-04-24,BREAD,CNW,0,4,4,-3,0,0,3,0,0,0,0,0,0,0
2019-04-24,BREAD,CG,0,8,8,2,0,0,6,0,2,2,2,0,0,0
2019-04-24,BREAD,PESTO CG,0,3,3,2,0,0,1,0,0,0,0,0,0,0
2019-04-24,BREAD,VS,9,0,9,4,0,5,0,2,0,2,2,0,0,0
2019-04-24,BREAD,Challah,5,0,5,0,0,5,0,2,0,2,0,0,0,0
2019-04-24,BREAD,SOURDOUGH,0,10,10,8,0,0,2,0,0,0,0,0,0,0
2019-04-24,BREAD,SOUR CC,0,2,2,-1,0,0,3,0,0,0,0,0,0,0
2019-04-24,BREAD,Sour RG,0,6,6,6,0,0,0,0,0,0,0,0,0,0
2019-04-24,BREAD,Car,11,0,11,1,0,0,10,0,0,0,0,0,0,0
2019-04-24,BREAD,IHF,7,0,7,0,0,0,7,0,0,0,0,0,0,0
2019-04-24,BREAD,Hot X Buns,0,0,0,0,0,0,0,0,0,0,0,0,0,0
2019-04-24,BREAD,BUT-Rls,0,0,0,0,0,0,0,0,0,0,0,0,0,0
2019-04-24,BREAD,Pastel Rl,0,0,0,0,0,0,0,0,0,0,0,0,0,0
2019-04-24,BREAD,H-RLS,0,2,2,2,0,0,0,0,0,0,0,0,0,0
2019-04-24,BREAD,FR-RLS,0,2,2,2,0,0,0,0,0,0,0,0,0,0
2019-04-24,BREAD,VS-RLS,1,0,1,1,0,0,0,0,0,0,0,0,0,0
2019-04-24,BREAD,Lem Blue,0,6,6,3,1,0,2,0,0,0,0,0,0,0
2019-04-24,BREAD,Lem Popp,2,3,5,2,0,2,1,0,0,0,0,0,0,0
2019-04-24,BREAD,Str Short,1,4,5,3,0,1,1,0,0,0,0,0,0,0
2019-04-24,BREAD,Irish Wh,0,5,5,2,0,0,3,0,0,0,0,0,0,0
2019-04-24,ROLLS,Cinnamon,0,36,36,24,0,12,0,0,0,0,0,0,0,0
2019-04-24,ROLLS,Mini C-Roll,0,48,48,0,48,0,0,0,0,0,0,0,0,0
2019-04-24,ROLLS,Scones,0,0,0,0,0,0,0,0,0,0,0,0,0,0
2019-04-24,ROLLS,Biscuits,0,0,0,0,0,0,0,0,0,0,0,0,0,0
2019-04-24,ROLLS,Blueberry,0,0,0,0,0,0,0,0,0,0,0,0,0,0
2019-04-24,ROLLS,Rasp Cream,0,26,26,14,8,4,0,0,4,4,1,0,0,0
2019-04-24,ROLLS,Cherry,0,0,0,0,0,0,0,0,0,0,0,0,0,0
2019-04-24,ROLLS,Butt Almond,0,0,0,0,0,0,0,0,0,0,0,0,0,0
2019-04-24,ROLLS,Turtle,0,17,17,13,4,0,0,0,4,4,2,0,0,0
2019-04-24,ROLLS,Cin Chip,0,0,0,0,0,0,0,0,0,0,0,0,0,0
2019-04-24,ROLLS,Biscuit,0,0,0,0,0,0,0,0,0,0,0,0,0,0
2019-04-24,FRUIT BARS,Mixed Berry,0,8,8,3,3,2,0,0,0,0,0,0,0,0
2019-04-24,FRUIT BARS,Cherry,0,12,12,6,3,3,0,0,0,0,0,0,0,0
2019-04-24,FRUIT BARS,Apple Cin,0,0,0,0,0,0,0,0,0,0,0,0,0,0
2019-04-24,FRUIT BARS,MIXED FRUIT,0,0,0,0,0,0,0,0,0,0,0,0,0,0
2019-04-24,MUFFINS,Lemon Blue,0,7,7,3,4,0,0,0,2,2,0,0,0,0
2019-04-24,MUFFINS,Lemon Popp,0,7,7,2,4,1,0,0,2,2,0,0,0,0
2019-04-24,MUFFINS,Straw Short,0,7,7,2,4,1,0,0,2,2,0,0,0,0
2019-04-24,MUFFINS,Irish Whisk,0,7,7,3,0,4,0,0,2,2,0,0,0,0
2019-04-24,MUFFINS,Cookies,0,0,0,0,0,0,0,0,0,0,0,0,0,0
2019-04-24,MUFFINS,Bars,0,0,0,0,0,0,0,0,0,0,0,0,0,0
2019-04-24,MUFFINS,Oatmeal CC,0,36,36,5,14,0,17,0,6,6,0,0,0,0
2019-04-24,MUFFINS,Oat Butter,10,24,34,8,13,9,4,0,6,6,0,0,0,0
2019-04-24,MUFFINS,Triple Choc,0,36,36,12,12,0,12,0,6,6,0,0,0,0
2019-04-24,MUFFINS,SNICKEDOODLE,0,36,36,11,12,0,13,0,6,6,0,0,0,0
2019-04-24,MUFFINS,frosted,11,0,11,6,0,5,0,0,0,0,0,0,0,0
2019-04-24,MUFFINS,Lemon Bars,0,10,10,10,0,0,0,0,0,0,0,0,0,0
2019-04-24,MUFFINS,Brownies,1,10,11,10,0,0,1,0,0,0,0,0,0,0
2019-04-24,MUFFINS,Lemon Oh,3,0,3,1,0,0,2,2,0,2,0,0,0,2
2019-04-24,MUFFINS,S|B Sour Pie,0,0,0,0,0,0,0,2,0,2,2,0,0,0
2019-04-24,MUFFINS,Sugar Cream,3,0,3,2,0,0,1,0,0,0,0,0,0,0
2019-04-24,MUFFINS,Bread Pudding,5,0,5,0,0,0,5,2,0,2,0,0,0,2
2019-04-24,MUFFINS,Totals,33,327,360,135,129,41,55,6,40,46,5,0,0,4
2019-04-25,BREAD,H,19,39,58,25,19,0,14,0,0,0,0,0,0,0
2019-04-25,BREAD,FR,20,37,57,8,31,0,18,0,0,0,0,0,0,0
2019-04-25,BREAD,GW,2,4,6,2,0,1,3,0,0,0,0,0,0,0
2019-04-25,BREAD,DK,19,0,19,17,0,0,2,0,0,0,0,0,0,0
2019-04-25,BREAD,H5|Cran,4,13,17,8,0,0,9,0,6,6,3,0,0,3
2019-04-25,BREAD,CSRWL,8,12,20,15,0,0,5,2,0,2,2,0,0,0
2019-04-25,BREAD,VA SWRL,2,12,14,7,0,0,7,0,2,2,2,0,0,0
2019-04-25,BREAD,BfB,0,7,7,4,0,0,3,0,3,3,3,0,0,0
2019-04-25,BREAD,CNE,12,0,12,12,0,0,0,0,0,0,0,0,0,0
2019-04-25,BREAD,CNR,3,0,3,2,0,1,0,0,0,0,0,0,0,0
2019-04-25,BREAD,CNW,3,0,3,3,0,0,0,0,0,0,0,0,0,0
2019-04-25,BREAD,CG,6,0,6,5,0,1,0,0,0,0,0,0,0,0
2019-04-25,BREAD,PESTO CG,1,0,1,1,0,0,0,0,0,0,0,0,0,0
2019-04-25,BREAD,VS,0,8,8,3,0,0,5,0,3,3,1,0,0,2
2019-04-25,BREAD,Challah,0,0,0,-4,0,0,4,0,0,0,-2,0,0,2
2019-04-25,BREAD,SOURDOUGH,2,0,2,-3,0,5,0,0,0,0,0,0,0,0
2019-04-25,BREAD,SOUR CC,3,0,3,3,0,0,0,0,0,0,0,0,0,0
2019-04-25,BREAD,Sour RG,0,0,0,-1,0,1,0,0,0,0,0,0,0,0
2019-04-25,BREAD,Car,10,0,10,1,0,0,9,0,0,0,0,0,0,0
2019-04-25,BREAD,IHF,7,0,7,1,0,0,6,0,0,0,0,0,0,0
2019-04-25,BREAD,Hot X Buns,0,0,0,0,0,0,0,0,0,0,0,0,0,0
2019-04-25,BREAD,BUT-Rls,0,0,0,0,0,0,0,0,0,0,0,0,0,0
2019-04-25,BREAD,Pastel Rl,0,0,0,0,0,0,0,0,0,0,0,0,0,0
2019-04-25,BREAD,H-RLS,0,2,2,1,0,0,1,0,0,0,0,0,0,0
2019-04-25,BREAD,FR-RLS,0,3,3,2,0,0,1,0,0,0,0,0,0,0
2019-04-25,BREAD,VS-RLS,0,4,4,0,0,0,4,0,0,0,0,0,0,0
2019-04-25,BREAD,Lem Blue,2,3,5,2,0,2,1,0,0,0,0,0,0,0
2019-04-25,BREAD,Lem Popp,1,4,5,0,0,1,4,0,0,0,0,0,0,0
2019-04-25,BREAD,Str Short,1,4,5,0,0,1,4,0,0,0,0,0,0,0
2019-04-25,BREAD,Irish Wh,3,2,5,2,0,1,2,0,0,0,0,0,0,0
2019-04-25,ROLLS,Cinnamon,0,36,36,34,0,2,0,0,0,0,0,0,0,0
2019-04-25,ROLLS,Mini C-Roll,0,0,0,0,0,0,0,0,0,0,0,0,0,0
2019-04-25,ROLLS,Scones,0,0,0,0,0,0,0,0,0,0,0,0,0,0
2019-04-25,ROLLS,Biscuits,0,0,0,0,0,0,0,0,0,0,0,0,0,0
2019-04-25,ROLLS,Blueberry,0,17,17,13,0,4,0,0,2,2,1,0,0,0
2019-04-25,ROLLS,Rasp Cream,0,0,0,0,0,0,0,0,0,0,0,0,0,0
2019-04-25,ROLLS,Cherry,0,0,0,0,0,0,0,0,0,0,0,0,0,0
2019-04-25,ROLLS,Butt Almond,0,0,0,0,0,0,0,0,0,0,0,0,0,0
2019-04-25,ROLLS,Turtle,0,15,15,15,0,0,0,0,2,2,2,0,0,0
2019-04-25,ROLLS,Cin Chip,0,0,0,0,0,0,0,0,0,0,0,0,0,0
2019-04-25,ROLLS,Biscuit,0,0,0,0,0,0,0,0,0,0,0,0,0,0
2019-04-25,FRUIT BARS,Mixed Berry,0,0,0,0,0,0,0,0,0,0,0,0,0,0
2019-04-25,FRUIT BARS,Cherry,0,0,0,0,0,0,0,0,0,0,0,0,0,0
2019-04-25,FRUIT BARS,Apple Cin,0,12,12,8,0,4,0,0,0,0,0,0,0,0
2019-04-25,FRUIT BARS,MIXED FRUIT,0,8,8,3,0,5,0,0,0,0,0,0,0,0
2019-04-25,MUFFINS,Lemon Blue,0,7,7,6,0,1,0,0,1,1,1,0,0,0
2019-04-25,MUFFINS,Lemon Popp,0,7,7,1,0,6,0,0,1,1,1,0,0,0
2019-04-25,MUFFINS,Straw Short,0,7,7,0,0,7,0,0,1,1,1,0,0,0
2019-04-25,MUFFINS,Irish Whisk,0,7,7,3,0,4,0,0,1,1,1,0,0,0
2019-04-25,MUFFINS,Cookies,0,0,0,0,0,0,0,0,0,0,0,0,0,0
2019-04-25,MUFFINS,Bars,0,0,0,0,0,0,0,0,0,0,0,0,0,0
2019-04-25,MUFFINS,Oatmeal CC,17,12,29,13,9,4,3,0,12,12,0,0,0,0
2019-04-25,MUFFINS,Oat Butter,4,24,28,5,8,2,13,0,12,12,0,0,0,0
2019-04-25,MUFFINS,Triple Choc,12,18,30,15,9,6,0,0,12,12,0,0,0,0
2019-04-25,MUFFINS,SNICKEDOODLE,13,18,31,17,9,5,0,0,12,12,0,0,0,0
2019-04-25,MUFFINS,frosted,0,24,24,15,0,0,9,0,0,0,0,0,0,0
2019-04-25,MUFFINS,Lemon Bars,0,0,0,0,0,0,0,0,0,0,0,0,0,0
2019-04-25,MUFFINS,Brownies,1,10,11,10,0,0,1,0,0,0,0,0,0,0
2019-04-25,MUFFINS,Lemon Oh,2,0,2,1,0,0,1,2,0,2,0,0,0,2
2019-04-25,MUFFINS,S|B Sour Pie,0,0,0,0,0,0,0,0,0,0,0,0,0,0
2019-04-25,MUFFINS,Sugar Cream,1,0,1,1,0,0,0,0,0,0,0,0,0,0
2019-04-25,MUFFINS,Bread Pudding,5,0,5,0,0,0,5,2,0,2,0,0,0,2
2019-04-25,MUFFINS,Totals,55,222,277,160,35,50,32,4,56,60,7,0,0,4
2019-04-26,BREAD,H,14,36,50,18,0,0,32,0,0,0,0,0,0,0
2019-04-26,BREAD,FR,18,21,39,14,3,0,22,0,0,0,0,0,0,0
2019-04-26,BREAD,GW,3,5,8,3,0,0,5,0,0,0,0,0,0,0
2019-04-26,BREAD,DK,2,20,22,14,0,0,8,0,0,0,0,0,0,0
2019-04-26,BREAD,H5|Cran,9,0,9,8,0,0,1,3,0,3,2,0,0,1
2019-04-26,BREAD,CSRWL,5,24,29,4,7,1,17,0,3,3,3,0,0,0
2019-04-26,BREAD,VA SWRL,7,8,15,6,0,5,4,0,2,2,1,0,0,1
2019-04-26,BREAD,BfB,3,0,3,0,0,3,0,0,0,0,0,0,0,0
2019-04-26,BREAD,CNE,0,21,21,9,0,0,12,0,2,2,1,0,0,1
2019-04-26,BREAD,CNR,0,8,8,3,0,0,5,0,0,0,0,0,0,0
2019-04-26,BREAD,CNW,0,8,8,1,1,0,6,0,0,0,0,0,0,0
2019-04-26,BREAD,CG,0,12,12,2,0,0,10,0,3,3,0,0,0,3
2019-04-26,BREAD,PESTO CG,0,5,5,2,0,0,3,0,0,0,0,0,0,0
2019-04-26,BREAD,VS,5,0,5,4,0,1,0,2,0,2,2,0,0,0
2019-04-26,BREAD,Challah,4,0,4,4,0,0,0,2,0,2,1,0,0,0
2019-04-26,BREAD,SOURDOUGH,0,9,9,2,0,0,7,0,0,0,0,0,0,0
2019-04-26,BREAD,SOUR CC,0,3,3,0,0,0,3,0,0,0,0,0,0,0
2019-04-26,BREAD,Sour RG,0,3,3,2,0,0,1,0,0,0,0,0,0,0
2019-04-26,BREAD,gf,0,66,66,66,0,0,0,0,0,0,0,0,0,0
2019-04-26,BREAD,Car,9,0,9,9,0,0,0,0,0,0,0,0,0,0
2019-04-26,BREAD,IHF,6,0,6,6,0,0,0,0,0,0,0,0,0,0
2019-04-26,BREAD,Hot X Buns,0,0,0,0,0,0,0,0,0,0,0,0,0,0
2019-04-26,BREAD,BUT-Rls,0,0,0,0,0,0,0,0,0,0,0,0,0,0
2019-04-26,BREAD,Pastel Rl,0,0,0,0,0,0,0,0,0,0,0,0,0,0
2019-04-26,BREAD,H-RLS,1,4,5,0,0,1,4,0,0,0,0,0,0,0
2019-04-26,BREAD,FR-RLS,1,6,7,0,0,1,6,0,0,0,0,0,0,0
2019-04-26,BREAD,VS-RLS,4,0,4,2,0,2,0,0,0,0,0,0,0,0
2019-04-26,BREAD,Lem Blue,1,10,11,1,6,1,3,0,0,0,0,0,0,0
2019-04-26,BREAD,Lem Popp,4,1,5,2,0,3,0,0,0,0,0,0,0,0
2019-04-26,BREAD,Str Short,4,4,8,3,3,2,0,0,0,0,0,0,0,0
2019-04-26,BREAD,Irish Wh,2,3,5,3,0,2,0,0,0,0,0,0,0,0
2019-04-26,ROLLS,Cinnamon,0,48,48,40,0,8,0,0,0,0,0,0,0,0
2019-04-26,ROLLS,Mini C-Roll,0,24,24,0,24,0,0,0,0,0,0,0,0,0
2019-04-26,ROLLS,Scones,0,0,0,0,0,0,0,0,0,0,0,0,0,0
2019-04-26,ROLLS,Biscuits,0,0,0,0,0,0,0,0,0,0,0,0,0,0
2019-04-26,ROLLS,Blueberry,0,0,0,0,0,0,0,0,0,0,0,0,0,0
2019-04-26,ROLLS,Rasp Cream,0,0,0,0,0,0,0,0,0,0,0,0,0,0
2019-04-26,ROLLS,Cherry,0,20,20,10,0,10,0,0,30,30,4,0,0,0
2019-04-26,ROLLS,Butt Almond,0,19,19,17,0,2,0,0,33,33,2,0,0,0
2019-04-26,ROLLS,Turtle,0,0,0,0,0,0,0,0,0,0,0,0,0,0
2019-04-26,ROLLS,Cin Chip,0,0,0,0,0,0,0,0,0,0,0,0,0,0
2019-04-26,ROLLS,Biscuit,0,0,0,0,0,0,0,0,0,0,0,0,0,0
2019-04-26,FRUIT BARS,Mixed Berry,0,8,8,2,4,2,0,0,0,0,0,0,0,0
2019-04-26,FRUIT BARS,Cherry,0,12,12,6,6,0,0,0,0,0,0,0,0,0
2019-04-26,FRUIT BARS,Apple Cin,0,12,12,2,6,4,0,0,0,0,0,0,0,0
2019-04-26,FRUIT BARS,MIXED FRUIT,0,8,8,2,4,2,0,0,0,0,0,0,0,0
2019-04-26,MUFFINS,Lemon Blue,0,7,7,7,0,0,0,0,1,1,0,0,0,0
2019-04-26,MUFFINS,Lemon Popp,0,7,7,3,0,4,0,0,21,21,0,0,0,0
2019-04-26,MUFFINS,Straw Short,0,7,7,5,0,2,0,0,6,6,0,0,0,0
2019-04-26,MUFFINS,Irish Whisk,0,7,7,7,0,0,0,0,21,21,1,0,0,0
2019-04-26,MUFFINS,Cookies,0,0,0,0,0,0,0,0,0,0,0,0,0,0
2019-04-26,MUFFINS,Bars,0,0,0,0,0,0,0,0,0,0,0,0,0,0
2019-04-26,MUFFINS,Oatmeal CC,3,60,63,12,36,3,12,0,12,12,-6,0,0,6
2019-04-26,MUFFINS,Oat Butter,13,60,73,19,48,0,6,0,12,12,0,0,0,0
2019-04-26,MUFFINS,Triple Choc,0,60,60,13,36,0,11,0,12,12,0,0,0,0
2019-04-26,MUFFINS,SNICKEDOODLE,0,60,60,6,36,0,18,0,12,12,-6,0,0,6
2019-04-26,MUFFINS,frosted,9,12,21,6,0,0,15,0,0,0,0,0,0,0
2019-04-26,MUFFINS,Lemon Bars,0,10,10,6,0,0,4,0,0,0,0,0,0,0
2019-04-26,MUFFINS,Brownies,1,0,1,-1,0,0,2,0,0,0,0,0,0,0
2019-04-26,MUFFINS,Lemon Oh,1,0,1,0,0,0,1,2,0,2,0,0,0,2
2019-04-26,MUFFINS,S|B Sour Pie,0,0,0,0,0,0,0,0,0,0,0,0,0,0
2019-04-26,MUFFINS,Sugar Cream,0,0,0,0,0,0,0,0,0,0,0,0,0,0
2019-04-26,MUFFINS,Bread Pudding,5,0,5,0,0,0,5,2,0,2,1,0,0,1
2019-04-26,MUFFINS,Totals,32,441,473,162,200,37,74,4,160,164,-4,0,0,15
2019-04-27,BREAD,H,32,0,32,24,0,8,0,0,0,0,0,0,0,0
2019-04-27,BREAD,FR,22,0,22,20,0,2,0,0,0,0,0,0,0,0
2019-04-27,BREAD,GW,5,0,5,2,0,3,0,0,0,0,0,0,0,0
2019-04-27,BREAD,DK,8,0,8,8,0,0,0,0,0,0,0,0,0,0
2019-04-27,BREAD,H5|Cran,1,0,1,1,0,0,0,1,0,1,1,0,0,0
2019-04-27,BREAD,CSRWL,17,4,21,13,2,6,0,0,2,2,1,0,0,0
2019-04-27,BREAD,VA SWRL,4,6,10,10,0,0,0,1,0,1,1,0,0,0
2019-04-27,BREAD,BfB,0,7,7,6,0,1,0,0,2,2,1,0,0,0
2019-04-27,BREAD,CNE,12,0,12,9,0,3,0,1,0,1,1,0,0,0
2019-04-27,BREAD,CNR,5,0,5,3,0,2,0,0,0,0,0,0,0,0
2019-04-27,BREAD,CNW,6,0,6,2,0,4,0,0,0,0,0,0,0,0
2019-04-27,BREAD,CG,10,0,10,7,0,3,0,3,0,3,2,0,0,0
2019-04-27,BREAD,PESTO CG,3,0,3,3,0,0,0,0,0,0,0,0,0,0
2019-04-27,BREAD,VS,0,8,8,5,0,3,0,0,2,2,0,0,0,0
2019-04-27,BREAD,Challah,0,0,0,0,0,0,0,0,0,0,0,0,0,0
2019-04-27,BREAD,SOURDOUGH,7,0,7,4,0,3,0,0,0,0,0,0,0,0
2019-04-27,BREAD,SOUR CC,3,0,3,1,0,2,0,0,0,0,0,0,0,0
2019-04-27,BREAD,Sour RG,1,0,1,1,0,0,0,0,0,0,0,0,0,0
2019-04-27,BREAD,Car,0,0,0,0,0,0,0,0,0,0,0,0,0,0
2019-04-27,BREAD,IHF,0,0,0,0,0,0,0,0,0,0,0,0,0,0
2019-04-27,BREAD,Hot X Buns,0,0,0,0,0,0,0,0,0,0,0,0,0,0
2019-04-27,BREAD,BUT-Rls,0,0,0,0,0,0,0,0,0,0,0,0,0,0
2019-04-27,BREAD,Pastel Rl,0,0,0,0,0,0,0,0,0,0,0,0,0,0
2019-04-27,BREAD,H-RLS,4,0,4,1,0,3,0,0,0,0,0,0,0,0
2019-04-27,BREAD,FR-RLS,6,0,6,0,0,6,0,0,0,0,0,0,0,0
2019-04-27,BREAD,VS-RLS,0,0,0,-2,0,2,0,0,0,0,0,0,0,0
2019-04-27,BREAD,Lem Blue,3,3,6,1,2,3,0,0,0,0,0,0,0,0
2019-04-27,BREAD,Lem Popp,0,4,4,0,0,4,0,0,0,0,0,0,0,0
2019-04-27,BREAD,Str Short,0,6,6,0,2,4,0,0,0,0,0,0,0,0
2019-04-27,BREAD,Irish Wh,0,4,4,1,0,3,0,0,0,0,0,0,0,0
2019-04-27,ROLLS,Cinnamon,0,84,84,82,2,0,0,0,0,0,0,0,0,0
2019-04-27,ROLLS,Mini C-Roll,0,24,24,0,24,0,0,0,0,0,0,0,0,0
2019-04-27,ROLLS,Scones,0,0,0,0,0,0,0,0,0,0,0,0,0,0
2019-04-27,ROLLS,Biscuits,0,0,0,0,0,0,0,0,0,0,0,0,0,0
2019-04-27,ROLLS,Blueberry,0,16,16,16,0,0,0,0,12,12,2,0,0,0
2019-04-27,ROLLS,Rasp Cream,0,0,0,0,0,0,0,0,0,0,0,0,0,0
2019-04-27,ROLLS,Cherry,0,0,0,0,0,0,0,0,0,0,0,0,0,0
2019-04-27,ROLLS,Butt Almond,0,16,16,10,0,6,0,0,12,12,0,0,0,0
2019-04-27,ROLLS,Turtle,0,0,0,0,0,0,0,0,0,0,0,0,0,0
2019-04-27,ROLLS,Cin Chip,0,0,0,0,0,0,0,0,0,0,0,0,0,0
2019-04-27,ROLLS,Biscuit,0,0,0,0,0,0,0,0,0,0,0,0,0,0
2019-04-27,FRUIT BARS,Mixed Berry,0,0,0,0,0,0,0,0,0,0,0,0,0,0
2019-04-27,FRUIT BARS,Cherry,0,0,0,0,0,0,0,0,0,0,0,0,0,0
2019-04-27,FRUIT BARS,Apple Cin,0,12,12,5,5,2,0,0,0,0,0,0,0,0
2019-04-27,FRUIT BARS,MIXED FRUIT,0,8,8,3,3,2,0,0,0,0,0,0,0,0
2019-04-27,MUFFINS,Lemon Blue,0,7,7,7,0,0,0,0,1,1,0,0,0,0
2019-04-27,MUFFINS,Lemon Popp,0,7,7,4,0,3,0,0,11,11,0,0,0,0
2019-04-27,MUFFINS,Straw Short,0,7,7,6,0,1,0,0,1,1,0,0,0,0
2019-04-27,MUFFINS,Irish Whisk,0,7,7,5,0,2,0,0,11,11,0,0,0,0
2019-04-27,MUFFINS,Cookies,0,0,0,0,0,0,0,0,0,0,0,0,0,0
2019-04-27,MUFFINS,Bars,0,0,0,0,0,0,0,0,0,0,0,0,0,0
2019-04-27,MUFFINS,Oatmeal CC,12,0,12,10,2,0,0,6,0,6,6,0,0,0
2019-04-27,MUFFINS,Oat Butter,6,6,12,8,2,2,0,0,0,0,0,0,0,0
2019-04-27,MUFFINS,Triple Choc,11,6,17,14,2,1,0,0,0,0,0,0,0,0
2019-04-27,MUFFINS,SNICKEDOODLE,18,0,18,5,2,11,0,6,0,6,6,0,0,0
2019-04-27,MUFFINS,frosted,15,0,15,6,0,9,0,0,0,0,0,0,0,0
2019-04-27,MUFFINS,Lemon Bars,4,0,4,4,0,0,0,0,0,0,0,0,0,0
2019-04-27,MUFFINS,Brownies,2,6,8,7,0,1,0,0,0,0,0,0,0,0
2019-04-27,MUFFINS,Lemon Oh,1,0,1,1,0,0,0,2,0,2,2,0,0,0
2019-04-27,MUFFINS,S|B Sour Pie,0,0,0,0,0,0,0,0,0,0,0,0,0,0
2019-04-27,MUFFINS,Sugar Cream,0,0,0,0,0,0,0,0,0,0,0,0,0,0
2019-04-27,MUFFINS,Bread Pudding,5,0,5,5,0,0,0,1,0,1,0,0,0,0
2019-04-27,MUFFINS,Totals,74,206,280,198,42,40,0,15,48,62,16,0,0,0
2019-04-28,BREAD,H,0,0,0,0,0,0,0,0,0,0,0,0,0,0
2019-04-28,BREAD,FR,0,0,0,0,0,0,0,0,0,0,0,0,0,0
2019-04-28,BREAD,GW,0,0,0,0,0,0,0,0,0,0,0,0,0,0
2019-04-28,BREAD,DK,0,0,0,0,0,0,0,0,0,0,0,0,0,0
2019-04-28,BREAD,H5|Cran,0,0,0,0,0,0,0,0,0,0,0,0,0,0
2019-04-28,BREAD,CSRWL,0,0,0,0,0,0,0,0,0,0,0,0,0,0
2019-04-28,BREAD,VA SWRL,0,0,0,0,0,0,0,0,0,0,0,0,0,0
2019-04-28,BREAD,BfB,0,0,0,0,0,0,0,0,0,0,0,0,0,0
2019-04-28,BREAD,CNE,0,0,0,0,0,0,0,0,0,0,0,0,0,0
2019-04-28,BREAD,CNR,0,0,0,0,0,0,0,0,0,0,0,0,0,0
2019-04-28,BREAD,CNW,0,0,0,0,0,0,0,0,0,0,0,0,0,0
2019-04-28,BREAD,CG,0,0,0,0,0,0,0,0,0,0,0,0,0,0
2019-04-28,BREAD,PESTO CG,0,0,0,0,0,0,0,0,0,0,0,0,0,0
2019-04-28,BREAD,Challah,0,0,0,0,0,0,0,0,0,0,0,0,0,0
2019-04-28,BREAD,SOURDOUGH,0,0,0,0,0,0,0,0,0,0,0,0,0,0
2019-04-28,BREAD,SOUR CC,0,0,0,0,0,0,0,0,0,0,0,0,0,0
2019-04-28,BREAD,Sour RG,0,0,0,0,0,0,0,0,0,0,0,0,0,0
2019-04-28,BREAD,Car,0,0,0,0,0,0,0,0,0,0,0,0,0,0
2019-04-28,BREAD,IHF,0,0,0,0,0,0,0,0,0,0,0,0,0,0
2019-04-28,BREAD,Hot X Buns,0,0,0,0,0,0,0,0,0,0,0,0,0,0
2019-04-28,BREAD,BUT-Rls,0,0,0,0,0,0,0,0,0,0,0,0,0,0
2019-04-28,BREAD,Pastel Rl,0,0,0,0,0,0,0,0,0,0,0,0,0,0
2019-04-28,BREAD,H-RLS,0,0,0,0,0,0,0,0,0,0,0,0,0,0
2019-04-28,BREAD,FR-RLS,0,0,0,0,0,0,0,0,0,0,0,0,0,0
2019-04-28,BREAD,VS-RLS,0,0,0,0,0,0,0,0,0,0,0,0,0,0
2019-04-28,BREAD,Lem Blue,0,0,0,0,0,0,0,0,0,0,0,0,0,0
2019-04-28,BREAD,Lem Popp,0,0,0,0,0,0,0,0,0,0,0,0,0,0
2019-04-28,BREAD,Str Short,0,0,0,0,0,0,0,0,0,0,0,0,0,0
2019-04-28,BREAD,Irish Wh,0,0,0,0,0,0,0,0,0,0,0,0,0,0
2019-04-28,ROLLS,Cinnamon,0,0,0,0,0,0,0,0,0,0,0,0,0,0
2019-04-28,ROLLS,Mini C-Roll,0,0,0,0,0,0,0,0,0,0,0,0,0,0
2019-04-28,ROLLS,Scones,0,0,0,0,0,0,0,0,0,0,0,0,0,0
2019-04-28,ROLLS,Biscuits,0,0,0,0,0,0,0,0,0,0,0,0,0,0
2019-04-28,ROLLS,Blueberry,0,0,0,0,0,0,0,0,0,0,0,0,0,0
2019-04-28,ROLLS,Rasp Cream,0,0,0,0,0,0,0,0,0,0,0,0,0,0
2019-04-28,ROLLS,Cherry,0,0,0,0,0,0,0,0,0,0,0,0,0,0
2019-04-28,ROLLS,Butt Almond,0,0,0,0,0,0,0,0,0,0,0,0,0,0
2019-04-28,ROLLS,Turtle,0,0,0,0,0,0,0,0,0,0,0,0,0,0
2019-04-28,ROLLS,Cin Chip,0,0,0,0,0,0,0,0,0,0,0,0,0,0
2019-04-28,ROLLS,Biscuit,0,0,0,0,0,0,0,0,0,0,0,0,0,0
2019-04-28,FRUIT BARS,Mixed Berry,0,0,0,0,0,0,0,0,0,0,0,0,0,0
2019-04-28,FRUIT BARS,Cherry,0,0,0,0,0,0,0,0,0,0,0,0,0,0
2019-04-28,FRUIT BARS,Apple Cin,0,0,0,0,0,0,0,0,0,0,0,0,0,0
2019-04-28,FRUIT BARS,MIXED FRUIT,0,0,0,0,0,0,0,0,0,0,0,0,0,0
2019-04-28,MUFFINS,Lemon Blue,0,0,0,0,0,0,0,0,0,0,0,0,0,0
2019-04-28,MUFFINS,Lemon Popp,0,0,0,0,0,0,0,0,0,0,0,0,0,0
2019-04-28,MUFFINS,Straw Short,0,0,0,0,0,0,0,0,0,0,0,0,0,0
2019-04-28,MUFFINS,Irish Whisk,0,0,0,0,0,0,0,0,0,0,0,0,0,0
2019-04-28,MUFFINS,Cookies,0,0,0,0,0,0,0,0,0,0,0,0,0,0
2019-04-28,MUFFINS,Bars,0,0,0,0,0,0,0,0,0,0,0,0,0,0
2019-04-28,MUFFINS,Oatmeal CC,0,0,0,0,0,0,0,0,0,0,0,0,0,0
2019-04-28,MUFFINS,Oat Butter,0,0,0,0,0,0,0,0,0,0,0,0,0,0
2019-04-28,MUFFINS,Triple Choc,0,0,0,0,0,0,0,0,0,0,0,0,0,0
2019-04-28,MUFFINS,SNICKEDOODLE,0,0,0,0,0,0,0,0,0,0,0,0,0,0
2019-04-28,MUFFINS,frosted,0,0,0,0,0,0,0,0,0,0,0,0,0,0
2019-04-28,MUFFINS,Lemon Bars,0,0,0,0,0,0,0,0,0,0,0,0,0,0
2019-04-28,MUFFINS,Brownies,0,0,0,0,0,0,0,0,0,0,0,0,0,0
2019-04-28,MUFFINS,Lemon Oh,0,0,0,0,0,0,0,0,0,0,0,0,0,0
2019-04-28,MUFFINS,S|B Sour Pie,0,0,0,0,0,0,0,0,0,0,0,0,0,0
2019-04-28,MUFFINS,Sugar Cream,0,0,0,0,0,0,0,0,0,0,0,0,0,0
2019-04-28,MUFFINS,Bread Pudding,0,0,0,0,0,0,0,0,0,0,0,0,0,0
2019-04-28,MUFFINS,Totals,0,0,0,0,0,0,0,0,0,0,0,0,0,0
2019-04-29,BREAD,H,0,35,35,18,0,0,17,0,0,0,0,0,0,0
2019-04-29,BREAD,FR,0,49,49,38,0,0,11,0,0,0,0,0,0,0
2019-04-29,BREAD,GW,0,10,10,7,0,0,3,0,0,0,0,0,0,0
2019-04-29,BREAD,DK,0,20,20,11,0,0,9,0,0,0,0,0,0,0
2019-04-29,BREAD,H5|Cran,0,0,0,0,0,0,0,0,0,0,0,0,0,0
2019-04-29,BREAD,CSRWL,0,16,16,9,0,0,7,0,3,3,1,0,0,2
2019-04-29,BREAD,VA SWRL,0,12,12,5,0,0,7,0,2,2,0,0,0,2
2019-04-29,BREAD,BfB,0,0,0,0,0,0,0,0,0,0,0,0,0,0
2019-04-29,BREAD,CNE,0,17,17,9,0,0,8,0,3,3,2,0,0,1
2019-04-29,BREAD,CNR,0,4,4,4,0,0,0,0,0,0,0,0,0,0
2019-04-29,BREAD,CNW,0,4,4,4,0,0,0,0,0,0,0,0,0,0
2019-04-29,BREAD,CG,0,9,9,5,0,0,4,0,3,3,0,0,0,3
2019-04-29,BREAD,PESTO CG,0,3,3,3,0,0,0,0,0,0,0,0,0,0
2019-04-29,BREAD,VS,0,0,0,-3,3,0,0,0,0,0,0,0,0,0
2019-04-29,BREAD,Challah,0,0,0,0,0,0,0,0,0,0,0,0,0,0
2019-04-29,BREAD,SOURDOUGH,0,10,10,9,0,0,1,0,0,0,0,0,0,0
2019-04-29,BREAD,SOUR CC,0,3,3,0,0,0,3,0,0,0,0,0,0,0
2019-04-29,BREAD,Sour RG,0,4,4,2,0,0,2,0,0,0,0,0,0,0
2019-04-29,BREAD,WC,0,63,63,63,0,0,0,0,0,0,0,0,0,0
2019-04-29,BREAD,Car,0,0,0,0,0,0,0,0,0,0,0,0,0,0
2019-04-29,BREAD,IHF,0,17,17,2,0,0,15,0,0,0,0,0,0,0
2019-04-29,BREAD,Hot X Buns,0,0,0,0,0,0,0,0,0,0,0,0,0,0
2019-04-29,BREAD,BUT-Rls,0,0,0,0,0,0,0,0,0,0,0,0,0,0
2019-04-29,BREAD,Pastel Rl,0,0,0,0,0,0,0,0,0,0,0,0,0,0
2019-04-29,BREAD,H-RLS,0,3,3,1,0,0,2,0,0,0,0,0,0,0
2019-04-29,BREAD,FR-RLS,0,2,2,1,0,0,1,0,0,0,0,0,0,0
2019-04-29,BREAD,VS-RLS,0,0,0,0,0,0,0,0,0,0,0,0,0,0
2019-04-29,BREAD,Lem Blue,0,4,4,3,1,0,0,0,0,0,0,0,0,0
2019-04-29,BREAD,Lem Popp,0,3,3,2,0,0,1,0,0,0,0,0,0,0
2019-04-29,BREAD,Str Short,0,3,3,0,0,0,3,0,0,0,0,0,0,0
2019-04-29,BREAD,Irish Wh,0,3,3,2,0,0,1,0,0,0,0,0,0,0
2019-04-29,ROLLS,Cinnamon,0,24,24,24,0,0,0,0,0,0,0,0,0,0
2019-04-29,ROLLS,Mini C-Roll,0,0,0,0,0,0,0,0,0,0,0,0,0,0
2019-04-29,ROLLS,Scones,0,0,0,0,0,0,0,0,0,0,0,0,0,0
2019-04-29,ROLLS,Biscuits,0,0,0,0,0,0,0,0,0,0,0,0,0,0
2019-04-29,ROLLS,Blueberry,0,0,0,0,0,0,0,0,0,0,0,0,0,0
2019-04-29,ROLLS,Rasp Cream,0,17,17,13,0,4,0,0,1,1,1,0,0,0
2019-04-29,ROLLS,Cherry,0,0,0,0,0,0,0,0,0,0,0,0,0,0
2019-04-29,ROLLS,Butt Almond,0,0,0,0,0,0,0,0,0,0,0,0,0,0
2019-04-29,ROLLS,Turtle,0,0,0,0,0,0,0,0,0,0,0,0,0,0
2019-04-29,ROLLS,Cin Chip,0,15,15,13,0,2,0,0,2,2,2,0,0,0
2019-04-29,ROLLS,Biscuit,0,0,0,0,0,0,0,0,0,0,0,0,0,0
2019-04-29,FRUIT BARS,Mixed Berry,0,8,8,5,1,2,0,0,0,0,0,0,0,0
2019-04-29,FRUIT BARS,Cherry,0,12,12,9,1,2,0,0,0,0,0,0,0,0
2019-04-29,FRUIT BARS,Apple Cin,0,0,0,0,0,0,0,0,0,0,0,0,0,0
2019-04-29,FRUIT BARS,MIXED FRUIT,0,0,0,0,0,0,0,0,0,0,0,0,0,0
2019-04-29,MUFFINS,Lemon Blue,0,5,5,3,0,2,0,0,1,1,0,0,0,0
2019-04-29,MUFFINS,Lemon Popp,0,5,5,3,0,2,0,0,1,1,1,0,0,0
2019-04-29,MUFFINS,Straw Short,0,5,5,4,0,1,0,0,1,1,0,0,0,0
2019-04-29,MUFFINS,Irish Whisk,0,5,5,1,0,4,0,0,1,1,0,0,0,0
2019-04-29,MUFFINS,Cookies,0,0,0,0,0,0,0,0,0,0,0,0,0,0
2019-04-29,MUFFINS,Bars,0,0,0,0,0,0,0,0,0,0,0,0,0,0
2019-04-29,MUFFINS,Oatmeal CC,0,24,24,20,4,0,0,0,0,0,-4,0,0,0
2019-04-29,MUFFINS,Oat Butter,0,20,20,5,3,0,12,0,0,0,0,0,0,0
2019-04-29,MUFFINS,Triple Choc,0,24,24,21,3,0,0,0,0,0,-2,0,0,0
2019-04-29,MUFFINS,SNICKEDOODLE,0,24,24,12,4,0,8,0,0,0,-4,0,0,0
2019-04-29,MUFFINS,frosted,0,24,24,24,0,0,0,0,0,0,0,0,0,0
2019-04-29,MUFFINS,Lemon Bars,0,14,14,0,12,0,2,0,0,0,0,0,0,0
2019-04-29,MUFFINS,Brownies,0,14,14,-6,11,0,9,0,0,0,0,0,0,0
2019-04-29,MUFFINS,Lemon Oh,0,0,0,0,0,0,0,0,0,0,0,0,0,0
2019-04-29,MUFFINS,S|B Sour Pie,0,0,0,0,0,0,0,0,0,0,0,0,0,0
2019-04-29,MUFFINS,Sugar Cream,0,0,0,0,0,0,0,0,0,0,0,0,0,0
2019-04-29,MUFFINS,Bread Pudding,0,0,0,0,0,0,0,0,0,0,0,0,0,0
2019-04-29,MUFFINS,Totals,0,240,240,151,39,19,31,0,7,7,-6,0,0,0
2019-04-30,BREAD,H,17,24,41,27,1,0,13,0,0,0,0,0,0,0
2019-04-30,BREAD,FR,11,16,27,11,3,0,13,0,0,0,0,0,0,0
2019-04-30,BREAD,GW,3,4,7,2,0,2,3,0,0,0,0,0,0,0
2019-04-30,BREAD,DK,9,0,9,9,0,0,0,0,0,0,0,0,0,0
2019-04-30,BREAD,H5|Cran,0,14,14,13,1,0,0,0,8,8,3,0,0,5
2019-04-30,BREAD,CSRWL,7,9,16,8,0,1,7,2,0,2,0,0,0,0
2019-04-30,BREAD,VA SWRL,7,4,11,5,0,3,3,2,0,2,2,0,0,0
2019-04-30,BREAD,BfB,0,11,11,4,0,0,7,0,4,4,2,0,0,2
2019-04-30,BREAD,CNE,8,0,8,8,0,0,0,1,0,1,1,0,0,0
2019-04-30,BREAD,CNR,0,0,0,0,0,0,0,0,0,0,0,0,0,0
2019-04-30,BREAD,CNW,0,0,0,0,0,0,0,0,0,0,0,0,0,0
2019-04-30,BREAD,CG,4,0,4,4,0,0,0,3,0,3,1,0,0,0
2019-04-30,BREAD,PESTO CG,0,0,0,0,0,0,0,0,0,0,0,0,0,0
2019-04-30,BREAD,VS,0,13,13,5,3,0,5,0,2,2,2,0,0,0
2019-04-30,BREAD,Challah,0,6,6,2,0,0,4,0,0,0,-1,0,0,1
2019-04-30,BREAD,SOURDOUGH,1,0,1,1,0,0,0,0,0,0,0,0,0,0
2019-04-30,BREAD,SOUR CC,3,0,3,1,0,2,0,0,0,0,0,0,0,0
2019-04-30,BREAD,Sour RG,2,0,2,2,0,0,0,0,0,0,0,0,0,0
2019-04-30,BREAD,wc,0,74,74,0,74,0,0,0,0,0,0,0,0,0
2019-04-30,BREAD,Car,0,0,0,-5,0,0,5,0,0,0,0,0,0,0
2019-04-30,BREAD,IHF,15,0,15,2,0,0,13,0,0,0,0,0,0,0
2019-04-30,BREAD,Hot X Buns,0,0,0,0,0,0,0,0,0,0,0,0,0,0
2019-04-30,BREAD,BUT-Rls,0,0,0,0,0,0,0,0,0,0,0,0,0,0
2019-04-30,BREAD,Pastel Rl,0,0,0,0,0,0,0,0,0,0,0,0,0,0
2019-04-30,BREAD,H-RLS,2,0,2,1,0,1,0,0,0,0,0,0,0,0
2019-04-30,BREAD,FR-RLS,1,2,3,1,0,0,2,0,0,0,0,0,0,0
2019-04-30,BREAD,VS-RLS,0,3,3,3,0,0,0,0,0,0,0,0,0,0
2019-04-30,BREAD,Lem Blue,0,5,5,0,0,0,5,0,0,0,0,0,0,0
2019-04-30,BREAD,Lem Popp,1,4,5,1,0,0,4,0,0,0,0,0,0,0
2019-04-30,BREAD,Str Short,3,3,6,1,1,2,2,0,0,0,0,0,0,0
2019-04-30,BREAD,Irish Wh,1,4,5,3,0,1,1,0,0,0,0,0,0,0
2019-04-30,ROLLS,Cinnamon,0,36,36,32,1,3,0,0,0,0,0,0,0,0
2019-04-30,ROLLS,Mini C-Roll,0,0,0,0,0,0,0,0,0,0,0,0,0,0
2019-04-30,ROLLS,Scones,0,0,0,0,0,0,0,0,0,0,0,0,0,0
2019-04-30,ROLLS,Biscuits,0,0,0,0,0,0,0,0,0,0,0,0,0,0
2019-04-30,ROLLS,Blueberry,0,18,18,17,1,0,0,0,2,2,2,0,0,0
2019-04-30,ROLLS,Rasp Cream,0,0,0,0,0,0,0,0,0,0,0,0,0,0
2019-04-30,ROLLS,Cherry,0,0,0,0,0,0,0,0,0,0,0,0,0,0
2019-04-30,ROLLS,Butt Almond,0,0,0,0,0,0,0,0,0,0,0,0,0,0
2019-04-30,ROLLS,Turtle,0,0,0,0,0,0,0,0,0,0,0,0,0,0
2019-04-30,ROLLS,Cin Chip,0,14,14,10,0,4,0,0,2,2,2,0,0,0
2019-04-30,ROLLS,Biscuit,0,0,0,0,0,0,0,0,0,0,0,0,0,0
2019-04-30,FRUIT BARS,Mixed Berry,0,0,0,0,0,0,0,0,0,0,0,0,0,0
2019-04-30,FRUIT BARS,Cherry,0,0,0,0,0,0,0,0,0,0,0,0,0,0
2019-04-30,FRUIT BARS,Apple Cin,0,12,12,11,1,0,0,0,0,0,0,0,0,0
2019-04-30,FRUIT BARS,MIXED FRUIT,0,8,8,7,1,0,0,0,0,0,0,0,0,0
2019-04-30,MUFFINS,Lemon Blue,0,6,6,5,0,1,0,0,1,1,1,0,0,0
2019-04-30,MUFFINS,Lemon Popp,0,6,6,3,0,3,0,0,1,1,0,0,0,0
2019-04-30,MUFFINS,Straw Short,0,6,6,5,0,1,0,0,1,1,1,0,0,0
2019-04-30,MUFFINS,Irish Whisk,0,6,6,3,0,3,0,0,1,1,1,0,0,0
2019-04-30,MUFFINS,Cookies,0,0,0,0,0,0,0,0,0,0,0,0,0,0
2019-04-30,MUFFINS,Bars,0,0,0,0,0,0,0,0,0,0,0,0,0,0
2019-04-30,MUFFINS,Oatmeal CC,0,36,36,9,16,0,11,0,0,0,0,0,0,0
2019-04-30,MUFFINS,Oat Butter,12,24,36,17,15,0,4,0,0,0,0,0,0,0
2019-04-30,MUFFINS,Triple Choc,0,36,36,11,16,0,9,0,0,0,0,0,0,0
2019-04-30,MUFFINS,SNICKEDOODLE,8,30,38,14,16,0,8,0,0,0,0,0,0,0
2019-04-30,MUFFINS,frosted,0,17,17,8,0,0,9,0,0,0,0,0,0,0
2019-04-30,MUFFINS,Lemon Bars,2,0,2,1,0,0,1,0,0,0,0,0,0,0
2019-04-30,MUFFINS,Brownies,9,10,19,12,0,0,7,0,0,0,0,0,0,0
2019-04-30,MUFFINS,Lemon Oh,0,0,0,-1,0,0,1,0,0,0,-2,0,0,2
2019-04-30,MUFFINS,S|B Sour Pie,0,0,0,0,0,0,0,0,0,0,0,0,0,0
2019-04-30,MUFFINS,Sugar Cream,0,0,0,0,0,0,0,0,0,0,0,0,0,0
2019-04-30,MUFFINS,Bread Pudding,0,0,0,-3,0,0,3,0,0,0,-1,0,0,1
2019-04-30,MUFFINS,Totals,31,265,296,161,67,15,53,0,8,8,4,0,0,3
2019-04-31,BREAD,H,13,0,13,13,0,0,0,0,0,0,0,0,0,0
2019-04-31,BREAD,FR,13,0,13,13,0,0,0,0,0,0,0,0,0,0
2019-04-31,BREAD,GW,3,0,3,3,0,0,0,0,0,0,0,0,0,0
2019-04-31,BREAD,DK,0,0,0,0,0,0,0,0,0,0,0,0,0,0
2019-04-31,BREAD,H5|Cran,0,0,0,0,0,0,0,5,0,5,5,0,0,0
2019-04-31,BREAD,CSRWL,7,0,7,7,0,0,0,0,0,0,0,0,0,0
2019-04-31,BREAD,VA SWRL,3,0,3,3,0,0,0,0,0,0,0,0,0,0
2019-04-31,BREAD,BfB,7,0,7,7,0,0,0,2,0,2,2,0,0,0
2019-04-31,BREAD,CNE,0,0,0,0,0,0,0,0,0,0,0,0,0,0
2019-04-31,BREAD,CNR,0,0,0,0,0,0,0,0,0,0,0,0,0,0
2019-04-31,BREAD,CNW,0,0,0,0,0,0,0,0,0,0,0,0,0,0
2019-04-31,BREAD,CG,0,0,0,0,0,0,0,0,0,0,0,0,0,0
2019-04-31,BREAD,PESTO CG,0,0,0,0,0,0,0,0,0,0,0,0,0,0
2019-04-31,BREAD,VS,5,0,5,5,0,0,0,0,0,0,0,0,0,0
2019-04-31,BREAD,Challah,4,0,4,4,0,0,0,1,0,1,1,0,0,0
2019-04-31,BREAD,SOURDOUGH,0,0,0,0,0,0,0,0,0,0,0,0,0,0
2019-04-31,BREAD,SOUR CC,0,0,0,0,0,0,0,0,0,0,0,0,0,0
2019-04-31,BREAD,Sour RG,0,0,0,0,0,0,0,0,0,0,0,0,0,0
2019-04-31,BREAD,Car,5,0,5,5,0,0,0,0,0,0,0,0,0,0
2019-04-31,BREAD,IHF,13,0,13,13,0,0,0,0,0,0,0,0,0,0
2019-04-31,BREAD,Hot X Buns,0,0,0,0,0,0,0,0,0,0,0,0,0,0
2019-04-31,BREAD,BUT-Rls,0,0,0,0,0,0,0,0,0,0,0,0,0,0
2019-04-31,BREAD,Pastel Rl,0,0,0,0,0,0,0,0,0,0,0,0,0,0
2019-04-31,BREAD,H-RLS,0,0,0,0,0,0,0,0,0,0,0,0,0,0
2019-04-31,BREAD,FR-RLS,2,0,2,2,0,0,0,0,0,0,0,0,0,0
2019-04-31,BREAD,VS-RLS,0,0,0,0,0,0,0,0,0,0,0,0,0,0
2019-04-31,BREAD,Lem Blue,5,0,5,5,0,0,0,0,0,0,0,0,0,0
2019-04-31,BREAD,Lem Popp,4,0,4,4,0,0,0,0,0,0,0,0,0,0
2019-04-31,BREAD,Str Short,2,0,2,2,0,0,0,0,0,0,0,0,0,0
2019-04-31,BREAD,Irish Wh,1,0,1,1,0,0,0,0,0,0,0,0,0,0
2019-04-31,ROLLS,Cinnamon,0,36,36,36,0,0,0,0,0,0,0,0,0,0
2019-04-31,ROLLS,Mini C-Roll,0,0,0,0,0,0,0,0,0,0,0,0,0,0
2019-04-31,ROLLS,Scones,0,0,0,0,0,0,0,0,0,0,0,0,0,0
2019-04-31,ROLLS,Biscuits,0,0,0,0,0,0,0,0,0,0,0,0,0,0
2019-04-31,ROLLS,Blueberry,0,0,0,0,0,0,0,0,0,0,0,0,0,0
2019-04-31,ROLLS,Rasp Cream,0,18,18,18,0,0,0,0,2,2,2,0,0,0
2019-04-31,ROLLS,Cherry,0,0,0,0,0,0,0,0,0,0,0,0,0,0
2019-04-31,ROLLS,Butt Almond,0,0,0,0,0,0,0,0,0,0,0,0,0,0
2019-04-31,ROLLS,Turtle,0,13,13,13,0,0,0,0,2,2,2,0,0,0
2019-04-31,ROLLS,Cin Chip,0,0,0,0,0,0,0,0,0,0,0,0,0,0
2019-04-31,ROLLS,Biscuit,0,0,0,0,0,0,0,0,0,0,0,0,0,0
2019-04-31,FRUIT BARS,Mixed Berry,0,8,8,8,0,0,0,0,0,0,0,0,0,0
2019-04-31,FRUIT BARS,Cherry,0,12,12,12,0,0,0,0,0,0,0,0,0,0
2019-04-31,FRUIT BARS,Apple Cin,0,12,12,12,0,0,0,0,0,0,0,0,0,0
2019-04-31,FRUIT BARS,MIXED FRUIT,0,8,8,8,0,0,0,0,0,0,0,0,0,0
2019-04-31,MUFFINS,Lemon Blue,0,7,7,7,0,0,0,0,1,1,1,0,0,0
2019-04-31,MUFFINS,Lemon Popp,0,7,7,7,0,0,0,0,1,1,1,0,0,0
2019-04-31,MUFFINS,Straw Short,0,7,7,7,0,0,0,0,1,1,1,0,0,0
2019-04-31,MUFFINS,Irish Whisk,0,7,7,7,0,0,0,0,1,1,1,0,0,0
2019-04-31,MUFFINS,Cookies,0,0,0,0,0,0,0,0,0,0,0,0,0,0
2019-04-31,MUFFINS,Bars,0,0,0,0,0,0,0,0,0,0,0,0,0,0
2019-04-31,MUFFINS,Oatmeal CC,11,0,11,11,0,0,0,0,0,0,0,0,0,0
2019-04-31,MUFFINS,Oat Butter,4,0,4,4,0,0,0,0,0,0,0,0,0,0
2019-04-31,MUFFINS,Triple Choc,9,0,9,9,0,0,0,0,0,0,0,0,0,0
2019-04-31,MUFFINS,SNICKEDOODLE,8,0,8,8,0,0,0,0,0,0,0,0,0,0
2019-04-31,MUFFINS,frosted,9,0,9,9,0,0,0,0,0,0,0,0,0,0
2019-04-31,MUFFINS,Lemon Bars,1,0,1,1,0,0,0,0,0,0,0,0,0,0
2019-04-31,MUFFINS,Brownies,7,0,7,7,0,0,0,0,0,0,0,0,0,0
2019-04-31,MUFFINS,Lemon Oh,1,0,1,1,0,0,0,2,0,2,2,0,0,0
2019-04-31,MUFFINS,S|B Sour Pie,0,0,0,0,0,0,0,0,0,0,0,0,0,0
2019-04-31,MUFFINS,Sugar Cream,0,0,0,0,0,0,0,0,0,0,0,0,0,0
2019-04-31,MUFFINS,Bread Pudding,3,0,3,3,0,0,0,1,0,1,1,0,0,0
2019-04-31,MUFFINS,Totals,53,135,188,188,0,0,0,3,8,11,11,0,0,0
