Date,Category,Product,START_OF_DAY_WHOLE,MADE_TODAY_WHOLE,AVAILABLE_TO_SELL_WHOLE,OUT_THE_DOOR_WHOLE,ORDERS_TODAY_WHOLE,REMOVED_AS_DAY_OLD_WHOLE,LEFT_WHOLE,START_OF_DAY_HALF,MADE_TODAY_HALF,AVAILABLE_TO_SELL_HALF,OUT_THE_DOOR_HALF,ORDERS_TODAY_HALF,REMOVED_AS_DAY_OLD_HALF,LEFT_HALF
2020-11-01,BREAD,H,0.0,0.0,0.0,0.0,0,0,0.0,0,0,0,0,0,0,0
2020-11-01,BREAD,FR,0.0,0.0,0.0,0.0,0,0,0.0,0,0,0,0,0,0,0
2020-11-01,BREAD,GW,0.0,0.0,0.0,0.0,0,0,0.0,0,0,0,0,0,0,0
2020-11-01,BREAD,DK,0.0,0.0,0.0,0.0,0,0,0.0,0,0,0,0,0,0,0
2020-11-01,BREAD,H5|Cran,0.0,0.0,0.0,0.0,0,0,0.0,0,0,0,0,0,0,0
2020-11-01,BREAD,CSRWL,0.0,0.0,0.0,0.0,0,0,0.0,0,0,0,0,0,0,0
2020-11-01,BREAD,P. Swirl,0.0,0.0,0.0,0.0,0,0,0.0,0,0,0,0,0,0,0
2020-11-01,BREAD,CNE,0.0,0.0,0.0,0.0,0,0,0.0,0,0,0,0,0,0,0
2020-11-01,BREAD,CNR,0.0,0.0,0.0,0.0,0,0,0.0,0,0,0,0,0,0,0
2020-11-01,BREAD,CNW,0.0,0.0,0.0,0.0,0,0,0.0,0,0,0,0,0,0,0
2020-11-01,BREAD,CG,0.0,0.0,0.0,0.0,0,0,0.0,0,0,0,0,0,0,0
2020-11-01,BREAD,pesto CG,0.0,0.0,0.0,0.0,0,0,0.0,0,0,0,0,0,0,0
2020-11-01,BREAD,VS,0.0,0.0,0.0,0.0,0,0,0.0,0,0,0,0,0,0,0
2020-11-01,BREAD,SOURDOUGH,0.0,0.0,0.0,0.0,0,0,0.0,0,0,0,0,0,0,0
2020-11-01,BREAD,RG SOUR,0.0,0.0,0.0,0.0,0,0,0.0,0,0,0,0,0,0,0
2020-11-01,BREAD,CB,0.0,0.0,0.0,0.0,0,0,0.0,0,0,0,0,0,0,0
2020-11-01,BREAD,CrO,0.0,0.0,0.0,0.0,0,0,0.0,0,0,0,0,0,0,0
2020-11-01,BREAD,Stuffing,0.0,0.0,0.0,0.0,0,0,0.0,0,0,0,0,0,0,0
2020-11-01,BREAD,CAR,0.0,0.0,0.0,0.0,0,0,0.0,0,0,0,0,0,0,0
2020-11-01,BREAD,IHF,0.0,0.0,0.0,0.0,0,0,0.0,0,0,0,0,0,0,0
2020-11-01,BREAD,BUT-Rls,0.0,0.0,0.0,0.0,0,0,0.0,0,0,0,0,0,0,0
2020-11-01,BREAD,H-RLS,0.0,0.0,0.0,0.0,0,0,0.0,0,0,0,0,0,0,0
2020-11-01,BREAD,FR-RLS,0.0,0.0,0.0,0.0,0,0,0.0,0,0,0,0,0,0,0
2020-11-01,BREAD,VS-RLS,0.0,0.0,0.0,0.0,0,0,0.0,0,0,0,0,0,0,0
2020-11-01,BREAD,Blue Stru,0.0,0.0,0.0,0.0,0,0,0.0,0,0,0,0,0,0,0
2020-11-01,BREAD,Mex Choc,0.0,0.0,0.0,0.0,0,0,0.0,0,0,0,0,0,0,0
2020-11-01,BREAD,Pum Choc,0.0,0.0,0.0,0.0,0,0,0.0,0,0,0,0,0,0,0
2020-11-01,BREAD,Pum Crmb,0.0,0.0,0.0,0.0,0,0,0.0,0,0,0,0,0,0,0
2020-11-01,ROLLS,Cinnamon,0.0,0.0,0.0,0.0,0,0,0.0,0,0,0,0,0,0,0
2020-11-01,ROLLS,Pum C-Roll,0.0,0.0,0.0,0.0,0,0,0.0,0,0,0,0,0,0,0
2020-11-01,ROLLS,Mini C-Roll,0.0,0.0,0.0,0.0,0,0,0.0,0,0,0,0,0,0,0
2020-11-01,SCONES,Blueberry,0.0,0.0,0.0,0.0,0,0,0.0,0,0,0,0,0,0,0
2020-11-01,SCONES,Rasp Cream,0.0,0.0,0.0,0.0,0,0,0.0,0,0,0,0,0,0,0
2020-11-01,SCONES,Cherry,0.0,0.0,0.0,0.0,0,0,0.0,0,0,0,0,0,0,0
2020-11-01,SCONES,Butt Almond,0.0,0.0,0.0,0.0,0,0,0.0,0,0,0,0,0,0,0
2020-11-01,SCONES,Turtle,0.0,0.0,0.0,0.0,0,0,0.0,0,0,0,0,0,0,0
2020-11-01,SCONES,Cin Chip,0.0,0.0,0.0,0.0,0,0,0.0,0,0,0,0,0,0,0
2020-11-01,SCONES,Pumpkin,0.0,0.0,0.0,0.0,0,0,0.0,0,0,0,0,0,0,0
2020-11-01,FRUIT BARS,Mixed Berry,0.0,0.0,0.0,0.0,0,0,0.0,0,0,0,0,0,0,0
2020-11-01,FRUIT BARS,Cherry,0.0,0.0,0.0,0.0,0,0,0.0,0,0,0,0,0,0,0
2020-11-01,FRUIT BARS,Apple Cin,0.0,0.0,0.0,0.0,0,0,0.0,0,0,0,0,0,0,0
2020-11-01,FRUIT BARS,Straw Rhub,0.0,0.0,0.0,0.0,0,0,0.0,0,0,0,0,0,0,0
2020-11-01,MUFFINS,Blue Stru,0.0,0.0,0.0,0.0,0,0,0.0,0,0,0,0,0,0,0
2020-11-01,MUFFINS,Mex Choc,0.0,0.0,0.0,0.0,0,0,0.0,0,0,0,0,0,0,0
2020-11-01,MUFFINS,Pump Choc,0.0,0.0,0.0,0.0,0,0,0.0,0,0,0,0,0,0,0
2020-11-01,MUFFINS,Pump Crumb,0.0,0.0,0.0,0.0,0,0,0.0,0,0,0,0,0,0,0
2020-11-01,MUFFINS,Cookies,0.0,0.0,0.0,0.0,0,0,0.0,0,0,0,0,0,0,0
2020-11-01,MUFFINS,Bars,0.0,0.0,0.0,0.0,0,0,0.0,0,0,0,0,0,0,0
2020-11-01,MUFFINS,PIES,,,,,0,0,,0,0,0,0,0,0,0
2020-11-01,MUFFINS,oatmeal choc,0.0,0.0,0.0,0.0,0,0,0.0,0,0,0,0,0,0,0
2020-11-01,MUFFINS,triple choc,0.0,0.0,0.0,0.0,0,0,0.0,0,0,0,0,0,0,0
2020-11-01,MUFFINS,snickerdoodle,0.0,0.0,0.0,0.0,0,0,0.0,0,0,0,0,0,0,0
2020-11-01,MUFFINS,frosted sugar,0.0,0.0,0.0,0.0,0,0,0.0,0,0,0,0,0,0,0
2020-11-01,MUFFINS,PUmpkin,0.0,0.0,0.0,0.0,0,0,0.0,0,0,0,0,0,0,0
2020-11-01,MUFFINS,brownie,0.0,0.0,0.0,0.0,0,0,0.0,0,0,0,0,0,0,0
2020-11-01,MUFFINS,Pec Pie Bar,0.0,0.0,0.0,0.0,0,0,0.0,0,0,0,0,0,0,0
2020-11-01,MUFFINS,PIES: PECAN,0.0,0.0,0.0,0.0,0,0,0.0,0,0,0,0,0,0,0
2020-11-01,MUFFINS,Pump|Sug Cr,0.0,0.0,0.0,0.0,0,0,0.0,0,0,0,0,0,0,0
2020-11-01,MUFFINS,Ap|Ap Cran,0.0,0.0,0.0,0.0,0,0,0.0,0,0,0,0,0,0,0
2020-11-01,MUFFINS,Pump OHH,0.0,0.0,0.0,0.0,0,0,0.0,0,0,0,0,0,0,0
2020-11-01,MUFFINS,Bread Pudding,0.0,0.0,0.0,0.0,0,0,0.0,0,0,0,0,0,0,0
2020-11-01,MUFFINS,Totals,0.0,0.0,0.0,0.0,0,0,0.0,0,0,0,0,0,0,0
2020-11-02,BREAD,H,0.0,32.0,32.0,10.0,0,0,22.0,0,0,0,0,0,0,0
2020-11-02,BREAD,FR,0.0,26.0,26.0,13.0,0,0,13.0,0,0,0,0,0,0,0
2020-11-02,BREAD,GW,0.0,10.0,10.0,10.0,0,0,0.0,0,0,0,0,0,0,0
2020-11-02,BREAD,DK,0.0,17.0,17.0,1.0,0,0,16.0,0,0,0,0,0,0,0
2020-11-02,BREAD,H5|Cran,0.0,0.0,0.0,0.0,0,0,0.0,0,0,0,0,0,0,0
2020-11-02,BREAD,CSRWL,0.0,16.0,16.0,14.0,0,0,2.0,0,3,3,3,0,0,0
2020-11-02,BREAD,P. Swirl,0.0,12.0,12.0,9.0,0,0,3.0,0,2,2,2,0,0,0
2020-11-02,BREAD,CNE,0.0,12.0,12.0,3.0,0,0,9.0,0,3,3,3,0,0,0
2020-11-02,BREAD,CNR,0.0,4.0,4.0,2.0,0,0,2.0,0,0,0,0,0,0,0
2020-11-02,BREAD,CNW,0.0,4.0,4.0,2.0,0,0,2.0,0,0,0,0,0,0,0
2020-11-02,BREAD,CG,0.0,7.0,7.0,4.0,0,0,3.0,0,3,3,0,0,0,3
2020-11-02,BREAD,pesto CG,0.0,5.0,5.0,4.0,0,0,1.0,0,0,0,0,0,0,0
2020-11-02,BREAD,VS,0.0,0.0,0.0,0.0,0,0,0.0,0,0,0,0,0,0,0
2020-11-02,BREAD,SOURDOUGH,0.0,17.0,17.0,9.0,6,0,2.0,0,0,0,0,0,0,0
2020-11-02,BREAD,RG SOUR,0.0,4.0,4.0,-1.0,0,0,5.0,0,0,0,0,0,0,0
2020-11-02,BREAD,CB,0.0,0.0,0.0,0.0,0,0,0.0,0,0,0,0,0,0,0
2020-11-02,BREAD,CrO,0.0,0.0,0.0,0.0,0,0,0.0,0,0,0,0,0,0,0
2020-11-02,BREAD,Stuffing,0.0,0.0,0.0,0.0,0,0,0.0,0,0,0,0,0,0,0
2020-11-02,BREAD,CAR,0.0,0.0,0.0,0.0,0,0,0.0,0,0,0,0,0,0,0
2020-11-02,BREAD,IHF,0.0,0.0,0.0,0.0,0,0,0.0,0,0,0,0,0,0,0
2020-11-02,BREAD,TURKEY,0.0,3.0,3.0,0.0,0,0,3.0,0,0,0,0,0,0,0
2020-11-02,BREAD,BUT-Rls,0.0,0.0,0.0,0.0,0,0,0.0,0,0,0,0,0,0,0
2020-11-02,BREAD,H-RLS,0.0,2.0,2.0,2.0,0,0,0.0,0,0,0,0,0,0,0
2020-11-02,BREAD,FR-RLS,0.0,2.0,2.0,2.0,0,0,0.0,0,0,0,0,0,0,0
2020-11-02,BREAD,VS-RLS,0.0,0.0,0.0,0.0,0,0,0.0,0,0,0,0,0,0,0
2020-11-02,BREAD,Blue Stru,0.0,4.0,4.0,0.0,0,0,4.0,0,0,0,0,0,0,0
2020-11-02,BREAD,Mex Choc,0.0,4.0,4.0,0.0,0,0,4.0,0,0,0,0,0,0,0
2020-11-02,BREAD,Pum Choc,0.0,6.0,6.0,6.0,0,0,0.0,0,0,0,0,0,0,0
2020-11-02,BREAD,Pum Crmb,0.0,4.0,4.0,0.0,0,0,4.0,0,0,0,0,0,0,0
2020-11-02,ROLLS,Cinnamon,0.0,24.0,24.0,24.0,0,0,0.0,0,0,0,0,0,0,0
2020-11-02,ROLLS,Pum C-Roll,0.0,12.0,12.0,12.0,0,0,0.0,0,0,0,0,0,0,0
2020-11-02,ROLLS,Mini C-Roll,0.0,0.0,0.0,0.0,0,0,0.0,0,0,0,0,0,0,0
2020-11-02,SCONES,Blueberry,0.0,0.0,0.0,0.0,0,0,0.0,0,0,0,0,0,0,0
2020-11-02,SCONES,Rasp Cream,0.0,11.0,11.0,11.0,0,0,0.0,0,0,0,0,0,0,0
2020-11-02,SCONES,Cherry,0.0,0.0,0.0,0.0,0,0,0.0,0,0,0,0,0,0,0
2020-11-02,SCONES,Butt Almond,0.0,0.0,0.0,0.0,0,0,0.0,0,0,0,0,0,0,0
2020-11-02,SCONES,Turtle,0.0,0.0,0.0,0.0,0,0,0.0,0,0,0,0,0,0,0
2020-11-02,SCONES,Cin Chip,0.0,11.0,11.0,8.0,0,3,0.0,0,0,0,0,0,0,0
2020-11-02,SCONES,Pumpkin,0.0,8.0,8.0,8.0,0,0,0.0,0,0,0,0,0,0,0
2020-11-02,FRUIT BARS,Mixed Berry,0.0,10.0,10.0,4.0,0,6,0.0,0,0,0,0,0,0,0
2020-11-02,FRUIT BARS,Cherry,0.0,10.0,10.0,9.0,0,1,0.0,0,0,0,0,0,0,0
2020-11-02,FRUIT BARS,Apple Cin,0.0,0.0,0.0,0.0,0,0,0.0,0,0,0,0,0,0,0
2020-11-02,FRUIT BARS,Straw Rhub,0.0,0.0,0.0,0.0,0,0,0.0,0,0,0,0,0,0,0
2020-11-02,MUFFINS,Blue Stru,0.0,4.0,4.0,3.0,0,1,0.0,0,0,0,0,0,0,0
2020-11-02,MUFFINS,Mex Choc,0.0,4.0,4.0,3.0,0,1,0.0,0,0,0,0,0,0,0
2020-11-02,MUFFINS,Pump Choc,0.0,6.0,6.0,3.0,0,3,0.0,0,0,0,0,0,0,0
2020-11-02,MUFFINS,Pump Crumb,0.0,4.0,4.0,2.0,0,2,0.0,0,0,0,0,0,0,0
2020-11-02,MUFFINS,Cookies,0.0,0.0,0.0,0.0,0,0,0.0,0,0,0,0,0,0,0
2020-11-02,MUFFINS,Bars,0.0,0.0,0.0,0.0,0,0,0.0,0,0,0,0,0,0,0
2020-11-02,MUFFINS,PIES,,,,,0,0,,0,0,0,0,0,0,0
2020-11-02,MUFFINS,oatmeal choc,0.0,24.0,24.0,12.0,5,0,7.0,0,0,0,0,0,0,0
2020-11-02,MUFFINS,triple choc,0.0,24.0,24.0,12.0,6,0,6.0,0,0,0,0,0,0,0
2020-11-02,MUFFINS,snickerdoodle,0.0,24.0,24.0,5.0,5,0,14.0,0,0,0,0,0,0,0
2020-11-02,MUFFINS,frosted sugar,0.0,18.0,18.0,-2.0,0,3,17.0,0,0,0,0,0,0,0
2020-11-02,MUFFINS,PUmpkin,0.0,8.0,8.0,5.0,0,0,3.0,0,0,0,0,0,0,0
2020-11-02,MUFFINS,brownie,0.0,6.0,6.0,0.0,0,0,6.0,0,0,0,0,0,0,0
2020-11-02,MUFFINS,Pec Pie Bar,0.0,6.0,6.0,4.0,0,0,2.0,0,0,0,0,0,0,0
2020-11-02,MUFFINS,PIES: PECAN,0.0,0.0,0.0,0.0,0,0,0.0,0,0,0,0,0,0,0
2020-11-02,MUFFINS,Pump|Sug Cr,0.0,0.0,0.0,0.0,0,0,0.0,0,0,0,0,0,0,0
2020-11-02,MUFFINS,Ap|Ap Cran,0.0,0.0,0.0,0.0,0,0,0.0,0,0,0,0,0,0,0
2020-11-02,MUFFINS,Pump OHH,0.0,0.0,0.0,0.0,0,0,0.0,0,0,0,0,0,0,0
2020-11-02,MUFFINS,Bread Pudding,0.0,0.0,0.0,0.0,0,0,0.0,0,0,0,0,0,0,0
2020-11-02,MUFFINS,Totals,0.0,214.0,214.0,123.0,16,20,55.0,0,0,0,0,0,0,0
2020-11-03,BREAD,H,22.0,14.0,36.0,20.0,0,0,16.0,0,0,0,0,0,0,0
2020-11-03,BREAD,FR,13.0,12.0,25.0,18.0,0,0,7.0,0,0,0,0,0,0,0
2020-11-03,BREAD,GW,0.0,11.0,11.0,2.0,0,0,9.0,0,0,0,0,0,0,0
2020-11-03,BREAD,DK,16.0,0.0,16.0,5.0,0,0,11.0,0,0,0,0,0,0,0
2020-11-03,BREAD,H5|Cran,0.0,14.0,14.0,1.0,0,0,13.0,0,6,6,2,0,0,4
2020-11-03,BREAD,CSRWL,2.0,16.0,18.0,7.0,1,0,10.0,0,3,3,1,0,0,2
2020-11-03,BREAD,P. Swirl,3.0,8.0,11.0,4.0,0,0,7.0,0,2,2,1,0,0,1
2020-11-03,BREAD,CNE,9.0,0.0,9.0,3.0,0,6,0.0,0,0,0,0,0,0,0
2020-11-03,BREAD,CNR,2.0,0.0,2.0,2.0,0,0,0.0,0,0,0,0,0,0,0
2020-11-03,BREAD,CNW,2.0,0.0,2.0,2.0,0,0,0.0,0,0,0,0,0,0,0
2020-11-03,BREAD,CG,3.0,0.0,3.0,1.0,0,2,0.0,3,0,3,1,0,0,0
2020-11-03,BREAD,pesto CG,1.0,0.0,1.0,1.0,0,0,0.0,0,0,0,0,0,0,0
2020-11-03,BREAD,VS,0.0,8.0,8.0,3.0,0,0,5.0,0,3,3,2,0,0,1
2020-11-03,BREAD,SOURDOUGH,2.0,0.0,2.0,2.0,0,0,0.0,0,0,0,0,0,0,0
2020-11-03,BREAD,RG SOUR,5.0,0.0,5.0,5.0,0,0,0.0,0,0,0,0,0,0,0
2020-11-03,BREAD,CB,0.0,8.0,8.0,3.0,0,0,5.0,0,2,2,1,0,0,1
2020-11-03,BREAD,CrO,0.0,7.0,7.0,2.0,0,0,5.0,0,4,4,2,0,0,2
2020-11-03,BREAD,Stuffing,0.0,0.0,0.0,0.0,0,0,0.0,0,0,0,0,0,0,0
2020-11-03,BREAD,CAR,0.0,0.0,0.0,0.0,0,0,0.0,0,0,0,0,0,0,0
2020-11-03,BREAD,IHF,0.0,0.0,0.0,0.0,0,0,0.0,0,0,0,0,0,0,0
2020-11-03,BREAD,TURKEY,3.0,3.0,6.0,4.0,0,0,2.0,0,0,0,0,0,0,0
2020-11-03,BREAD,BUT-Rls,0.0,0.0,0.0,0.0,0,0,0.0,0,0,0,0,0,0,0
2020-11-03,BREAD,H-RLS,0.0,3.0,3.0,2.0,0,0,1.0,0,0,0,0,0,0,0
2020-11-03,BREAD,FR-RLS,0.0,3.0,3.0,0.0,0,3,0.0,0,0,0,0,0,0,0
2020-11-03,BREAD,VS-RLS,0.0,4.0,4.0,3.0,0,0,1.0,0,0,0,0,0,0,0
2020-11-03,BREAD,Blue Stru,4.0,2.0,6.0,1.0,1,3,1.0,0,0,0,0,0,0,0
2020-11-03,BREAD,Mex Choc,4.0,0.0,4.0,0.0,0,4,0.0,0,0,0,0,0,0,0
2020-11-03,BREAD,Pum Choc,0.0,6.0,6.0,1.0,0,0,5.0,0,0,0,0,0,0,0
2020-11-03,BREAD,Pum Crmb,4.0,0.0,4.0,2.0,0,2,0.0,0,0,0,0,0,0,0
2020-11-03,ROLLS,Cinnamon,0.0,24.0,24.0,18.0,0,6,0.0,0,0,0,0,0,0,0
2020-11-03,ROLLS,Pum C-Roll,0.0,12.0,12.0,2.0,0,10,0.0,0,0,0,0,0,0,0
2020-11-03,ROLLS,Mini C-Roll,0.0,0.0,0.0,0.0,0,0,0.0,0,0,0,0,0,0,0
2020-11-03,SCONES,Blueberry,0.0,13.0,13.0,11.0,0,2,0.0,0,0,0,0,0,0,0
2020-11-03,SCONES,Rasp Cream,0.0,0.0,0.0,0.0,0,0,0.0,0,0,0,0,0,0,0
2020-11-03,SCONES,Cherry,0.0,0.0,0.0,0.0,0,0,0.0,0,0,0,0,0,0,0
2020-11-03,SCONES,Butt Almond,0.0,0.0,0.0,0.0,0,0,0.0,0,0,0,0,0,0,0
2020-11-03,SCONES,Turtle,0.0,0.0,0.0,0.0,0,0,0.0,0,0,0,0,0,0,0
2020-11-03,SCONES,Cin Chip,0.0,9.0,9.0,7.0,0,2,0.0,0,0,0,0,0,0,0
2020-11-03,SCONES,Pumpkin,0.0,8.0,8.0,4.0,0,4,0.0,0,0,0,0,0,0,0
2020-11-03,FRUIT BARS,Mixed Berry,0.0,0.0,0.0,0.0,0,0,0.0,0,0,0,0,0,0,0
2020-11-03,FRUIT BARS,Cherry,0.0,0.0,0.0,0.0,0,0,0.0,0,0,0,0,0,0,0
2020-11-03,FRUIT BARS,Apple Cin,0.0,10.0,10.0,6.0,0,4,0.0,0,0,0,0,0,0,0
2020-11-03,FRUIT BARS,Straw Rhub,0.0,10.0,10.0,10.0,0,0,0.0,0,0,0,0,0,0,0
2020-11-03,MUFFINS,Blue Stru,0.0,5.0,5.0,-1.0,0,6,0.0,0,0,0,0,0,0,0
2020-11-03,MUFFINS,Mex Choc,0.0,4.0,4.0,0.0,0,4,0.0,0,0,0,0,0,0,0
2020-11-03,MUFFINS,Pump Choc,0.0,6.0,6.0,6.0,0,0,0.0,0,0,0,0,0,0,0
2020-11-03,MUFFINS,Pump Crumb,0.0,7.0,7.0,2.0,4,1,0.0,0,0,0,0,0,0,0
2020-11-03,MUFFINS,Cookies,0.0,0.0,0.0,0.0,0,0,0.0,0,0,0,0,0,0,0
2020-11-03,MUFFINS,Bars,0.0,0.0,0.0,0.0,0,0,0.0,0,0,0,0,0,0,0
2020-11-03,MUFFINS,PIES,,,,,0,0,,0,0,0,0,0,0,0
2020-11-03,MUFFINS,oatmeal choc,7.0,15.0,22.0,13.0,9,0,0.0,0,0,0,0,0,0,0
2020-11-03,MUFFINS,triple choc,6.0,24.0,30.0,21.0,9,0,0.0,0,0,0,0,0,0,0
2020-11-03,MUFFINS,snickerdoodle,14.0,18.0,32.0,22.0,10,0,0.0,0,0,0,0,0,0,0
2020-11-03,MUFFINS,frosted sugar,17.0,6.0,23.0,17.0,0,0,6.0,0,0,0,0,0,0,0
2020-11-03,MUFFINS,PUmpkin,3.0,7.0,10.0,8.0,0,0,2.0,0,0,0,0,0,0,0
2020-11-03,MUFFINS,brownie,6.0,14.0,20.0,14.0,0,0,6.0,0,0,0,0,0,0,0
2020-11-03,MUFFINS,Pec Pie Bar,2.0,6.0,8.0,0.0,0,2,6.0,0,0,0,0,0,0,0
2020-11-03,MUFFINS,PIES: PECAN,0.0,0.0,0.0,0.0,0,0,0.0,0,0,0,0,0,0,0
2020-11-03,MUFFINS,Pump|Sug Cr,0.0,0.0,0.0,0.0,0,0,0.0,1,0,1,0,0,0,0
2020-11-03,MUFFINS,Ap|Ap Cran,0.0,0.0,0.0,0.0,0,0,0.0,0,0,0,0,0,0,0
2020-11-03,MUFFINS,Pump OHH,0.0,0.0,0.0,-4.0,0,0,4.0,0,0,0,-9,0,0,9
2020-11-03,MUFFINS,Bread Pudding,0.0,0.0,0.0,0.0,0,0,0.0,0,0,0,0,0,0,0
2020-11-03,MUFFINS,Totals,55.0,198.0,253.0,156.0,32,41,24.0,1,0,1,-9,0,0,9
2020-11-04,BREAD,H,16.0,15.0,31.0,13.0,0,1,17.0,0,0,0,0,0,0,0
2020-11-04,BREAD,FR,7.0,20.0,27.0,18.0,0,0,9.0,0,0,0,0,0,0,0
2020-11-04,BREAD,GW,9.0,4.0,13.0,2.0,0,7,4.0,0,0,0,0,0,0,0
2020-11-04,BREAD,DK,11.0,15.0,26.0,8.0,0,0,18.0,0,0,0,0,0,0,0
2020-11-04,BREAD,H5|Cran,13.0,0.0,13.0,7.0,0,0,6.0,4,0,4,2,0,0,2
2020-11-04,BREAD,CSRWL,10.0,8.0,18.0,5.0,0,6,7.0,2,0,2,1,0,0,0
2020-11-04,BREAD,P. Swirl,7.0,4.0,11.0,10.0,0,0,1.0,1,2,3,1,0,0,2
2020-11-04,BREAD,CNE,0.0,11.0,11.0,1.0,1,0,9.0,0,2,2,0,0,0,2
2020-11-04,BREAD,CNR,0.0,4.0,4.0,3.0,0,0,1.0,0,0,0,0,0,0,0
2020-11-04,BREAD,CNW,0.0,4.0,4.0,0.0,0,0,4.0,0,0,0,0,0,0,0
2020-11-04,BREAD,CG,0.0,6.0,6.0,2.0,0,1,3.0,0,3,3,2,0,0,1
2020-11-04,BREAD,pesto CG,0.0,6.0,6.0,2.0,0,0,4.0,0,0,0,0,0,0,0
2020-11-04,BREAD,apple,0.0,2.0,2.0,1.0,0,0,1.0,0,0,0,0,0,0,0
2020-11-04,BREAD,VS,5.0,0.0,5.0,4.0,0,1,0.0,1,0,1,1,0,0,0
2020-11-04,BREAD,SOURDOUGH,0.0,15.0,15.0,6.0,4,0,5.0,0,0,0,0,0,0,0
2020-11-04,BREAD,RG SOUR,0.0,6.0,6.0,4.0,0,0,2.0,0,0,0,0,0,0,0
2020-11-04,BREAD,CB,5.0,0.0,5.0,3.0,0,2,0.0,1,0,1,1,0,0,0
2020-11-04,BREAD,CrO,5.0,0.0,5.0,1.0,0,4,0.0,2,0,2,2,0,0,0
2020-11-04,BREAD,Stuffing,0.0,0.0,0.0,0.0,0,0,0.0,0,0,0,0,0,0,0
2020-11-04,BREAD,app wal,0.0,2.0,2.0,1.0,0,0,1.0,0,0,0,0,0,0,0
2020-11-04,BREAD,CAR,0.0,0.0,0.0,0.0,0,0,0.0,0,0,0,0,0,0,0
2020-11-04,BREAD,IHF,0.0,0.0,0.0,0.0,0,0,0.0,0,0,0,0,0,0,0
2020-11-04,BREAD,TURKEY,2.0,3.0,5.0,0.0,0,2,3.0,0,0,0,0,0,0,0
2020-11-04,BREAD,BUT-Rls,0.0,0.0,0.0,0.0,0,0,0.0,0,0,0,0,0,0,0
2020-11-04,BREAD,H-RLS,1.0,3.0,4.0,0.0,0,1,3.0,0,0,0,0,0,0,0
2020-11-04,BREAD,FR-RLS,0.0,2.0,2.0,2.0,0,0,0.0,0,0,0,0,0,0,0
2020-11-04,BREAD,VS-RLS,1.0,0.0,1.0,1.0,0,0,0.0,0,0,0,0,0,0,0
2020-11-04,BREAD,Blue Stru,1.0,3.0,4.0,0.0,0,1,3.0,0,0,0,0,0,0,0
2020-11-04,BREAD,Mex Choc,0.0,4.0,4.0,0.0,0,0,4.0,0,0,0,0,0,0,0
2020-11-04,BREAD,Pum Choc,5.0,1.0,6.0,2.0,0,3,1.0,0,0,0,0,0,0,0
2020-11-04,BREAD,Pum Crmb,0.0,4.0,4.0,1.0,0,0,3.0,0,0,0,0,0,0,0
2020-11-04,ROLLS,Cinnamon,0.0,24.0,24.0,19.0,0,5,0.0,0,0,0,0,0,0,0
2020-11-04,ROLLS,Pum C-Roll,0.0,12.0,12.0,7.0,0,5,0.0,0,0,0,0,0,0,0
2020-11-04,ROLLS,Mini C-Roll,0.0,0.0,0.0,0.0,0,0,0.0,0,0,0,0,0,0,0
2020-11-04,SCONES,Blueberry,0.0,0.0,0.0,0.0,0,0,0.0,0,0,0,0,0,0,0
2020-11-04,SCONES,Rasp Cream,0.0,20.0,20.0,9.0,4,7,0.0,0,0,0,0,0,0,0
2020-11-04,SCONES,Cherry,0.0,0.0,0.0,0.0,0,0,0.0,0,0,0,0,0,0,0
2020-11-04,SCONES,Butt Almond,0.0,0.0,0.0,0.0,0,0,0.0,0,0,0,0,0,0,0
2020-11-04,SCONES,Turtle,0.0,13.0,13.0,2.0,0,11,0.0,0,0,0,0,0,0,0
2020-11-04,SCONES,Cin Chip,0.0,0.0,0.0,0.0,0,0,0.0,0,0,0,0,0,0,0
2020-11-04,SCONES,Pumpkin,0.0,8.0,8.0,1.0,0,7,0.0,0,0,0,0,0,0,0
2020-11-04,FRUIT BARS,Mixed Berry,0.0,10.0,10.0,6.0,0,4,0.0,0,0,0,0,0,0,0
2020-11-04,FRUIT BARS,Cherry,0.0,10.0,10.0,6.0,0,4,0.0,0,0,0,0,0,0,0
2020-11-04,FRUIT BARS,Apple Cin,0.0,0.0,0.0,0.0,0,0,0.0,0,0,0,0,0,0,0
2020-11-04,FRUIT BARS,Straw Rhub,0.0,0.0,0.0,0.0,0,0,0.0,0,0,0,0,0,0,0
2020-11-04,MUFFINS,Blue Stru,0.0,4.0,4.0,2.0,0,2,0.0,0,0,0,0,0,0,0
2020-11-04,MUFFINS,Mex Choc,0.0,4.0,4.0,4.0,0,0,0.0,0,0,0,0,0,0,0
2020-11-04,MUFFINS,Pump Choc,0.0,6.0,6.0,6.0,0,0,0.0,0,0,0,0,0,0,0
2020-11-04,MUFFINS,Pump Crumb,0.0,4.0,4.0,4.0,0,0,0.0,0,0,0,0,0,0,0
2020-11-04,MUFFINS,Cookies,0.0,0.0,0.0,0.0,0,0,0.0,0,0,0,0,0,0,0
2020-11-04,MUFFINS,Bars,0.0,0.0,0.0,0.0,0,0,0.0,0,0,0,0,0,0,0
2020-11-04,MUFFINS,PIES,,,,,0,0,,0,0,0,0,0,0,0
2020-11-04,MUFFINS,oatmeal choc,0.0,42.0,42.0,18.0,20,0,4.0,0,0,0,0,0,0,0
2020-11-04,MUFFINS,triple choc,0.0,40.0,40.0,10.0,20,0,10.0,0,0,0,0,0,0,0
2020-11-04,MUFFINS,snickerdoodle,0.0,42.0,42.0,17.0,20,0,5.0,0,0,0,0,0,0,0
2020-11-04,MUFFINS,frosted sugar,6.0,18.0,24.0,13.0,0,0,11.0,0,0,0,0,0,0,0
2020-11-04,MUFFINS,PUmpkin,2.0,6.0,8.0,7.0,0,0,1.0,0,0,0,0,0,0,0
2020-11-04,MUFFINS,brownie,6.0,0.0,6.0,5.0,0,1,0.0,0,0,0,0,0,0,0
2020-11-04,MUFFINS,Pec Pie Bar,6.0,2.0,8.0,6.0,0,0,2.0,0,0,0,0,0,0,0
2020-11-04,MUFFINS,PIES: PECAN,0.0,0.0,0.0,0.0,0,0,0.0,0,0,0,0,0,0,0
2020-11-04,MUFFINS,Pump|Sug Cr,0.0,0.0,0.0,0.0,0,0,0.0,0,0,0,0,0,0,0
2020-11-04,MUFFINS,Ap|Ap Cran,0.0,0.0,0.0,0.0,0,0,0.0,0,0,0,0,0,0,0
2020-11-04,MUFFINS,Pump OHH,4.0,0.0,4.0,4.0,0,0,0.0,9,0,9,9,0,0,0
2020-11-04,MUFFINS,Bread Pudding,0.0,0.0,0.0,0.0,0,0,0.0,0,0,0,0,0,0,0
2020-11-04,MUFFINS,Totals,24.0,265.0,289.0,146.0,64,46,33.0,9,0,9,9,0,0,0
2020-11-05,BREAD,H,17.0,18.0,35.0,12.0,1,0,22.0,0,0,0,0,0,0,0
2020-11-05,BREAD,FR,9.0,20.0,29.0,20.0,0,0,9.0,0,0,0,0,0,0,0
2020-11-05,BREAD,GW,4.0,6.0,10.0,8.0,0,0,2.0,0,0,0,0,0,0,0
2020-11-05,BREAD,DK,18.0,0.0,18.0,9.0,0,0,9.0,0,0,0,0,0,0,0
2020-11-05,BREAD,H5|Cran,6.0,11.0,17.0,17.0,0,0,0.0,2,8,10,2,0,0,8
2020-11-05,BREAD,CSRWL,7.0,8.0,15.0,13.0,0,0,2.0,0,3,3,3,0,0,0
2020-11-05,BREAD,P. Swirl,1.0,12.0,13.0,4.0,0,0,9.0,2,0,2,1,0,0,1
2020-11-05,BREAD,CNE,9.0,0.0,9.0,3.0,0,6,0.0,2,0,2,0,0,0,0
2020-11-05,BREAD,CNR,1.0,0.0,1.0,1.0,0,0,0.0,0,0,0,0,0,0,0
2020-11-05,BREAD,CNW,4.0,0.0,4.0,0.0,0,4,0.0,0,0,0,0,0,0,0
2020-11-05,BREAD,CG,3.0,0.0,3.0,0.0,0,3,0.0,1,0,1,1,0,0,0
2020-11-05,BREAD,pesto CG,4.0,0.0,4.0,4.0,0,0,0.0,0,0,0,0,0,0,0
2020-11-05,BREAD,Apple,1.0,0.0,1.0,1.0,0,0,0.0,0,0,0,0,0,0,0
2020-11-05,BREAD,VS,0.0,12.0,12.0,7.0,2,0,3.0,0,2,2,2,0,0,0
2020-11-05,BREAD,SOURDOUGH,5.0,0.0,5.0,4.0,0,1,0.0,0,0,0,0,0,0,0
2020-11-05,BREAD,RG SOUR,2.0,0.0,2.0,2.0,0,0,0.0,0,0,0,0,0,0,0
2020-11-05,BREAD,CB,0.0,14.0,14.0,1.0,0,0,13.0,0,7,7,0,0,0,7
2020-11-05,BREAD,CrO,0.0,15.0,15.0,6.0,0,0,9.0,0,5,5,1,0,0,4
2020-11-05,BREAD,Stuffing,0.0,0.0,0.0,0.0,0,0,0.0,0,0,0,0,0,0,0
2020-11-05,BREAD,App wal,1.0,0.0,1.0,1.0,0,0,0.0,0,0,0,0,0,0,0
2020-11-05,BREAD,CAR,0.0,0.0,0.0,0.0,0,0,0.0,0,0,0,0,0,0,0
2020-11-05,BREAD,IHF,0.0,19.0,19.0,1.0,0,0,18.0,0,0,0,0,0,0,0
2020-11-05,BREAD,TURKEY,3.0,0.0,3.0,3.0,0,0,0.0,0,0,0,0,0,0,0
2020-11-05,BREAD,BUT-Rls,0.0,0.0,0.0,0.0,0,0,0.0,0,0,0,0,0,0,0
2020-11-05,BREAD,H-RLS,3.0,0.0,3.0,1.0,2,0,0.0,0,0,0,0,0,0,0
2020-11-05,BREAD,FR-RLS,0.0,2.0,2.0,1.0,0,0,1.0,0,0,0,0,0,0,0
2020-11-05,BREAD,VS-RLS,0.0,9.0,9.0,5.0,0,0,4.0,0,0,0,0,0,0,0
2020-11-05,BREAD,Blue Stru,3.0,2.0,5.0,1.0,1,3,0.0,0,0,0,0,0,0,0
2020-11-05,BREAD,Mex Choc,4.0,0.0,4.0,0.0,0,4,0.0,0,0,0,0,0,0,0
2020-11-05,BREAD,Pum Choc,1.0,5.0,6.0,1.0,0,1,4.0,0,0,0,0,0,0,0
2020-11-05,BREAD,Pum Crmb,3.0,1.0,4.0,-3.0,0,3,4.0,0,0,0,0,0,0,0
2020-11-05,ROLLS,Cinnamon,0.0,36.0,36.0,27.0,0,9,0.0,0,0,0,0,0,0,0
2020-11-05,ROLLS,Pum C-Roll,0.0,12.0,12.0,7.0,0,5,0.0,0,0,0,0,0,0,0
2020-11-05,ROLLS,Mini C-Roll,0.0,0.0,0.0,0.0,0,0,0.0,0,0,0,0,0,0,0
2020-11-05,SCONES,Blueberry,0.0,12.0,12.0,7.0,0,5,0.0,0,0,0,0,0,0,0
2020-11-05,SCONES,Rasp Cream,0.0,0.0,0.0,0.0,0,0,0.0,0,0,0,0,0,0,0
2020-11-05,SCONES,Cherry,0.0,0.0,0.0,0.0,0,0,0.0,0,0,0,0,0,0,0
2020-11-05,SCONES,Butt Almond,0.0,0.0,0.0,0.0,0,0,0.0,0,0,0,0,0,0,0
2020-11-05,SCONES,Turtle,0.0,10.0,10.0,10.0,0,0,0.0,0,0,0,0,0,0,0
2020-11-05,SCONES,Cin Chip,0.0,0.0,0.0,0.0,0,0,0.0,0,0,0,0,0,0,0
2020-11-05,SCONES,Pumpkin,0.0,8.0,8.0,8.0,0,0,0.0,0,0,0,0,0,0,0
2020-11-05,FRUIT BARS,Mixed Berry,0.0,0.0,0.0,0.0,0,0,0.0,0,0,0,0,0,0,0
2020-11-05,FRUIT BARS,Cherry,0.0,0.0,0.0,0.0,0,0,0.0,0,0,0,0,0,0,0
2020-11-05,FRUIT BARS,Apple Cin,0.0,10.0,10.0,10.0,0,0,0.0,0,0,0,0,0,0,0
2020-11-05,FRUIT BARS,Straw Rhub,0.0,10.0,10.0,10.0,0,0,0.0,0,0,0,0,0,0,0
2020-11-05,MUFFINS,Blue Stru,0.0,4.0,4.0,2.0,0,2,0.0,0,0,0,0,0,0,0
2020-11-05,MUFFINS,Mex Choc,0.0,5.0,5.0,1.0,0,4,0.0,0,0,0,0,0,0,0
2020-11-05,MUFFINS,Pump Choc,0.0,7.0,7.0,6.0,0,1,0.0,0,0,0,0,0,0,0
2020-11-05,MUFFINS,Pump Crumb,0.0,5.0,5.0,4.0,0,1,0.0,0,0,0,0,0,0,0
2020-11-05,MUFFINS,Cookies,0.0,0.0,0.0,0.0,0,0,0.0,0,0,0,0,0,0,0
2020-11-05,MUFFINS,Bars,0.0,0.0,0.0,0.0,0,0,0.0,0,0,0,0,0,0,0
2020-11-05,MUFFINS,PIES,,,,,0,0,,0,0,0,0,0,0,0
2020-11-05,MUFFINS,oatmeal choc,4.0,18.0,22.0,13.0,1,0,8.0,0,0,0,0,0,0,0
2020-11-05,MUFFINS,triple choc,10.0,12.0,22.0,21.0,1,0,0.0,0,0,0,0,0,0,0
2020-11-05,MUFFINS,snickerdoodle,5.0,18.0,23.0,9.0,1,0,13.0,0,0,0,0,0,0,0
2020-11-05,MUFFINS,frosted sugar,11.0,12.0,23.0,-1.0,0,0,24.0,0,0,0,0,0,0,0
2020-11-05,MUFFINS,PUmpkin,1.0,9.0,10.0,9.0,0,0,1.0,0,0,0,0,0,0,0
2020-11-05,MUFFINS,brownie,0.0,8.0,8.0,8.0,0,0,0.0,0,0,0,0,0,0,0
2020-11-05,MUFFINS,Pec Pie Bar,2.0,6.0,8.0,5.0,0,0,3.0,0,0,0,0,0,0,0
2020-11-05,MUFFINS,PIES: PECAN,0.0,0.0,0.0,0.0,0,0,0.0,0,0,0,0,0,0,0
2020-11-05,MUFFINS,Pump|Sug Cr,0.0,0.0,0.0,0.0,0,0,0.0,0,0,0,0,0,0,0
2020-11-05,MUFFINS,Ap|Ap Cran,0.0,0.0,0.0,0.0,0,0,0.0,0,0,0,0,0,0,0
2020-11-05,MUFFINS,Pump OHH,0.0,0.0,0.0,0.0,0,0,0.0,9,0,9,9,0,0,0
2020-11-05,MUFFINS,Bread Pudding,0.0,0.0,0.0,0.0,0,0,0.0,0,0,0,0,0,0,0
2020-11-05,MUFFINS,Totals,33.0,202.0,235.0,156.0,3,27,49.0,9,0,9,9,0,0,0
2020-11-06,BREAD,H,22.0,27.0,49.0,32.0,2,0,15.0,0,0,0,0,0,0,0
2020-11-06,BREAD,FR,9.0,62.0,71.0,30.0,28,0,13.0,0,0,0,0,0,0,0
2020-11-06,BREAD,GW,2.0,7.0,9.0,8.0,1,0,0.0,0,0,0,0,0,0,0
2020-11-06,BREAD,DK,9.0,16.0,25.0,14.0,0,0,11.0,0,0,0,0,0,0,0
2020-11-06,BREAD,H5|Cran,0.0,0.0,0.0,0.0,0,0,0.0,8,0,8,6,0,0,2
2020-11-06,BREAD,CSRWL,2.0,16.0,18.0,8.0,0,0,10.0,0,4,4,0,0,0,3
2020-11-06,BREAD,P. Swirl,9.0,12.0,21.0,5.0,4,6,6.0,1,3,4,3,0,0,0
2020-11-06,BREAD,CNE,0.0,19.0,19.0,6.0,9,0,4.0,0,4,4,2,0,0,1
2020-11-06,BREAD,CNR,0.0,8.0,8.0,3.0,2,0,3.0,0,0,0,0,0,0,0
2020-11-06,BREAD,CNW,0.0,4.0,4.0,4.0,0,0,0.0,0,0,0,0,0,0,0
2020-11-06,BREAD,CG,0.0,7.0,7.0,5.0,1,0,1.0,0,4,4,4,0,0,0
2020-11-06,BREAD,pesto CG,0.0,6.0,6.0,3.0,0,0,3.0,0,0,0,0,0,0,0
2020-11-06,BREAD,VS,3.0,0.0,3.0,3.0,0,0,0.0,0,0,0,0,0,0,0
2020-11-06,BREAD,SOURDOUGH,0.0,17.0,17.0,10.0,1,0,6.0,0,0,0,0,0,0,0
2020-11-06,BREAD,RG SOUR,0.0,6.0,6.0,2.0,0,0,4.0,0,0,0,0,0,0,0
2020-11-06,BREAD,CB,13.0,0.0,13.0,2.0,0,0,11.0,7,0,7,0,0,0,7
2020-11-06,BREAD,CrO,9.0,0.0,9.0,5.0,0,0,4.0,4,0,4,4,0,0,0
2020-11-06,BREAD,APP,0.0,4.0,4.0,3.0,0,0,1.0,0,0,0,0,0,0,0
2020-11-06,BREAD,Ap Wal,0.0,4.0,4.0,2.0,0,0,2.0,0,0,0,0,0,0,0
2020-11-06,BREAD,Stuffing,0.0,19.0,19.0,15.0,0,0,4.0,0,0,0,0,0,0,0
2020-11-06,BREAD,Ky Bour,0.0,65.0,65.0,65.0,0,0,0.0,0,0,0,0,0,0,0
2020-11-06,BREAD,CAR,0.0,0.0,0.0,0.0,0,0,0.0,0,0,0,0,0,0,0
2020-11-06,BREAD,IHF,18.0,0.0,18.0,18.0,0,0,0.0,0,0,0,0,0,0,0
2020-11-06,BREAD,TURKEY,0.0,3.0,3.0,0.0,0,0,3.0,0,0,0,0,0,0,0
2020-11-06,BREAD,BUT-Rls,0.0,18.0,18.0,7.0,2,0,9.0,0,0,0,0,0,0,0
2020-11-06,BREAD,H-RLS,0.0,6.0,6.0,0.0,0,0,6.0,0,0,0,0,0,0,0
2020-11-06,BREAD,FR-RLS,1.0,0.0,1.0,1.0,0,0,0.0,0,0,0,0,0,0,0
2020-11-06,BREAD,VS-RLS,4.0,0.0,4.0,4.0,0,0,0.0,0,0,0,0,0,0,0
2020-11-06,BREAD,Blue Stru,0.0,7.0,7.0,0.0,2,0,5.0,0,0,0,0,0,0,0
2020-11-06,BREAD,Mex Choc,0.0,5.0,5.0,2.0,0,0,3.0,0,0,0,0,0,0,0
2020-11-06,BREAD,Pum Choc,4.0,3.0,7.0,7.0,0,0,0.0,0,0,0,0,0,0,0
2020-11-06,BREAD,Pum Crmb,4.0,2.0,6.0,3.0,0,1,2.0,0,0,0,0,0,0,0
2020-11-06,ROLLS,Cinnamon,0.0,36.0,36.0,32.0,4,0,0.0,0,0,0,0,0,0,0
2020-11-06,ROLLS,Pum C-Roll,0.0,12.0,12.0,12.0,0,0,0.0,0,0,0,0,0,0,0
2020-11-06,ROLLS,Mini C-Roll,0.0,0.0,0.0,0.0,0,0,0.0,0,0,0,0,0,0,0
2020-11-06,SCONES,Blueberry,0.0,0.0,0.0,0.0,0,0,0.0,0,0,0,0,0,0,0
2020-11-06,SCONES,Rasp Cream,0.0,0.0,0.0,0.0,0,0,0.0,0,0,0,0,0,0,0
2020-11-06,SCONES,Cherry,0.0,17.0,17.0,13.0,4,0,0.0,0,0,0,0,0,0,0
2020-11-06,SCONES,Butt Almond,0.0,16.0,16.0,12.0,4,0,0.0,0,0,0,0,0,0,0
2020-11-06,SCONES,Turtle,0.0,0.0,0.0,0.0,0,0,0.0,0,0,0,0,0,0,0
2020-11-06,SCONES,Cin Chip,0.0,0.0,0.0,0.0,0,0,0.0,0,0,0,0,0,0,0
2020-11-06,SCONES,Pumpkin,0.0,10.0,10.0,6.0,0,4,0.0,0,0,0,0,0,0,0
2020-11-06,FRUIT BARS,Mixed Berry,0.0,10.0,10.0,9.0,0,1,0.0,0,0,0,0,0,0,0
2020-11-06,FRUIT BARS,Cherry,0.0,10.0,10.0,4.0,0,6,0.0,0,0,0,0,0,0,0
2020-11-06,FRUIT BARS,Apple Cin,0.0,0.0,0.0,0.0,0,0,0.0,0,0,0,0,0,0,0
2020-11-06,FRUIT BARS,Straw Rhub,0.0,0.0,0.0,0.0,0,0,0.0,0,0,0,0,0,0,0
2020-11-06,MUFFINS,Blue Stru,0.0,5.0,5.0,5.0,0,0,0.0,0,0,0,0,0,0,0
2020-11-06,MUFFINS,Mex Choc,0.0,4.0,4.0,3.0,0,1,0.0,0,0,0,0,0,0,0
2020-11-06,MUFFINS,Pump Choc,0.0,6.0,6.0,6.0,0,0,0.0,0,0,0,0,0,0,0
2020-11-06,MUFFINS,Pump Crumb,0.0,5.0,5.0,4.0,0,1,0.0,0,0,0,0,0,0,0
2020-11-06,MUFFINS,Cookies,0.0,0.0,0.0,0.0,0,0,0.0,0,0,0,0,0,0,0
2020-11-06,MUFFINS,Bars,0.0,0.0,0.0,0.0,0,0,0.0,0,0,0,0,0,0,0
2020-11-06,MUFFINS,PIES,,,,,0,0,,0,0,0,0,0,0,0
2020-11-06,MUFFINS,oatmeal choc,8.0,18.0,26.0,9.0,2,0,15.0,0,0,0,0,0,0,0
2020-11-06,MUFFINS,triple choc,0.0,30.0,30.0,11.0,2,0,17.0,0,0,0,0,0,0,0
2020-11-06,MUFFINS,snickerdoodle,13.0,18.0,31.0,23.0,2,0,6.0,0,0,0,0,0,0,0
2020-11-06,MUFFINS,frosted sugar,24.0,0.0,24.0,7.0,0,5,12.0,0,0,0,0,0,0,0
2020-11-06,MUFFINS,PUmpkin,1.0,10.0,11.0,10.0,0,0,1.0,0,0,0,0,0,0,0
2020-11-06,MUFFINS,brownie,0.0,6.0,6.0,0.0,0,0,6.0,0,0,0,0,0,0,0
2020-11-06,MUFFINS,Pec Pie Bar,3.0,5.0,8.0,7.0,0,0,1.0,0,0,0,0,0,0,0
2020-11-06,MUFFINS,PIES: PECAN,0.0,5.0,5.0,0.0,0,0,5.0,0,0,0,0,0,0,0
2020-11-06,MUFFINS,Pump|Sug Cr,0.0,7.0,7.0,3.0,0,0,4.0,0,9,9,2,0,0,4
2020-11-06,MUFFINS,Ap|Ap Cran,0.0,6.0,6.0,3.0,0,0,3.0,0,4,4,0,0,0,4
2020-11-06,MUFFINS,Pump OHH,0.0,0.0,0.0,0.0,0,0,0.0,0,0,0,-1,0,0,1
2020-11-06,MUFFINS,Bread Pudding,0.0,0.0,0.0,0.0,0,0,0.0,0,0,0,0,0,0,0
2020-11-06,MUFFINS,Totals,49.0,236.0,285.0,179.0,18,18,70.0,0,13,13,1,0,0,9
2020-11-07,BREAD,H,15.0,0.0,15.0,15.0,0,0,0.0,0,0,0,0,0,0,0
2020-11-07,BREAD,FR,13.0,0.0,13.0,13.0,0,0,0.0,0,0,0,0,0,0,0
2020-11-07,BREAD,GW,0.0,0.0,0.0,0.0,0,0,0.0,0,0,0,0,0,0,0
2020-11-07,BREAD,DK,11.0,0.0,11.0,11.0,0,0,0.0,0,0,0,0,0,0,0
2020-11-07,BREAD,H5|Cran,0.0,0.0,0.0,0.0,0,0,0.0,2,0,2,2,0,0,0
2020-11-07,BREAD,CSRWL,10.0,4.0,14.0,8.0,6,0,0.0,3,0,3,3,0,0,0
2020-11-07,BREAD,P. Swirl,6.0,4.0,10.0,10.0,0,0,0.0,0,2,2,2,0,0,0
2020-11-07,BREAD,CNE,4.0,0.0,4.0,4.0,0,0,0.0,1,0,1,1,0,0,0
2020-11-07,BREAD,CNR,3.0,0.0,3.0,3.0,0,0,0.0,0,0,0,0,0,0,0
2020-11-07,BREAD,CNW,0.0,0.0,0.0,0.0,0,0,0.0,0,0,0,0,0,0,0
2020-11-07,BREAD,CG,1.0,0.0,1.0,1.0,0,0,0.0,0,0,0,0,0,0,0
2020-11-07,BREAD,pesto CG,3.0,0.0,3.0,3.0,0,0,0.0,0,0,0,0,0,0,0
2020-11-07,BREAD,VS,0.0,0.0,0.0,0.0,0,0,0.0,0,0,0,0,0,0,0
2020-11-07,BREAD,SOURDOUGH,6.0,0.0,6.0,6.0,0,0,0.0,0,0,0,0,0,0,0
2020-11-07,BREAD,RG SOUR,4.0,0.0,4.0,4.0,0,0,0.0,0,0,0,0,0,0,0
2020-11-07,BREAD,CB,11.0,0.0,11.0,6.0,0,5,0.0,7,0,7,4,0,0,0
2020-11-07,BREAD,CrO,4.0,7.0,11.0,8.0,0,3,0.0,0,3,3,3,0,0,0
2020-11-07,BREAD,Stuffing,1.0,0.0,1.0,-1.0,0,2,0.0,2,0,2,2,0,0,0
2020-11-07,BREAD,CAR,0.0,0.0,0.0,0.0,0,0,0.0,0,0,0,0,0,0,0
2020-11-07,BREAD,IHF,0.0,0.0,0.0,0.0,0,0,0.0,0,0,0,0,0,0,0
2020-11-07,BREAD,TURKEY,3.0,0.0,3.0,-1.0,0,4,0.0,0,0,0,0,0,0,0
2020-11-07,BREAD,BUT-Rls,9.0,0.0,9.0,9.0,0,0,0.0,0,0,0,0,0,0,0
2020-11-07,BREAD,H-RLS,6.0,0.0,6.0,6.0,0,0,0.0,0,0,0,0,0,0,0
2020-11-07,BREAD,FR-RLS,0.0,0.0,0.0,0.0,0,0,0.0,0,0,0,0,0,0,0
2020-11-07,BREAD,VS-RLS,0.0,0.0,0.0,0.0,0,0,0.0,0,0,0,0,0,0,0
2020-11-07,BREAD,Blue Stru,5.0,0.0,5.0,0.0,0,5,0.0,0,0,0,0,0,0,0
2020-11-07,BREAD,Mex Choc,3.0,0.0,3.0,1.0,0,2,0.0,0,0,0,0,0,0,0
2020-11-07,BREAD,Pum Choc,0.0,4.0,4.0,3.0,0,1,0.0,0,0,0,0,0,0,0
2020-11-07,BREAD,Pum Crmb,2.0,1.0,3.0,2.0,0,1,0.0,0,0,0,0,0,0,0
2020-11-07,ROLLS,Cinnamon,0.0,60.0,60.0,53.0,0,7,0.0,0,0,0,0,0,0,0
2020-11-07,ROLLS,Pum C-Roll,0.0,24.0,24.0,20.0,0,4,0.0,0,0,0,0,0,0,0
2020-11-07,ROLLS,Mini C-Roll,0.0,48.0,48.0,0.0,48,0,0.0,0,0,0,0,0,0,0
2020-11-07,SCONES,Blueberry,0.0,16.0,16.0,6.0,10,0,0.0,0,0,0,0,0,0,0
2020-11-07,SCONES,Rasp Cream,0.0,0.0,0.0,0.0,0,0,0.0,0,0,0,0,0,0,0
2020-11-07,SCONES,Cherry,0.0,0.0,0.0,0.0,0,0,0.0,0,0,0,0,0,0,0
2020-11-07,SCONES,Butt Almond,0.0,13.0,13.0,8.0,5,0,0.0,0,0,0,0,0,0,0
2020-11-07,SCONES,Turtle,0.0,0.0,0.0,0.0,0,0,0.0,0,0,0,0,0,0,0
2020-11-07,SCONES,Cin Chip,0.0,0.0,0.0,0.0,0,0,0.0,0,0,0,0,0,0,0
2020-11-07,SCONES,Pumpkin,0.0,8.0,8.0,5.0,0,3,0.0,0,0,0,0,0,0,0
2020-11-07,FRUIT BARS,Mixed Berry,0.0,0.0,0.0,0.0,0,0,0.0,0,0,0,0,0,0,0
2020-11-07,FRUIT BARS,Cherry,0.0,0.0,0.0,0.0,0,0,0.0,0,0,0,0,0,0,0
2020-11-07,FRUIT BARS,Apple Cin,0.0,10.0,10.0,5.0,2,3,0.0,0,0,0,0,0,0,0
2020-11-07,FRUIT BARS,Straw Rhub,0.0,10.0,10.0,10.0,0,0,0.0,0,0,0,0,0,0,0
2020-11-07,MUFFINS,Blue Stru,0.0,4.0,4.0,1.0,0,3,0.0,0,0,0,0,0,0,0
2020-11-07,MUFFINS,Mex Choc,0.0,4.0,4.0,3.0,0,1,0.0,0,0,0,0,0,0,0
2020-11-07,MUFFINS,Pump Choc,0.0,8.0,8.0,7.0,0,1,0.0,0,0,0,0,0,0,0
2020-11-07,MUFFINS,Pump Crumb,0.0,4.0,4.0,0.0,0,4,0.0,0,0,0,0,0,0,0
2020-11-07,MUFFINS,Cookies,0.0,0.0,0.0,0.0,0,0,0.0,0,0,0,0,0,0,0
2020-11-07,MUFFINS,Bars,0.0,0.0,0.0,0.0,0,0,0.0,0,0,0,0,0,0,0
2020-11-07,MUFFINS,PIES,,,,,0,0,,0,0,0,0,0,0,0
2020-11-07,MUFFINS,oatmeal choc,15.0,0.0,15.0,15.0,0,0,0.0,0,0,0,0,0,0,0
2020-11-07,MUFFINS,triple choc,17.0,0.0,17.0,17.0,0,0,0.0,0,0,0,0,0,0,0
2020-11-07,MUFFINS,snickerdoodle,6.0,0.0,6.0,0.0,0,6,0.0,0,0,0,0,0,0,0
2020-11-07,MUFFINS,frosted sugar,12.0,0.0,12.0,5.0,0,7,0.0,0,0,0,0,0,0,0
2020-11-07,MUFFINS,PUmpkin,1.0,7.0,8.0,8.0,0,0,0.0,0,0,0,0,0,0,0
2020-11-07,MUFFINS,brownie,6.0,0.0,6.0,6.0,0,0,0.0,0,0,0,0,0,0,0
2020-11-07,MUFFINS,Pec Pie Bar,1.0,5.0,6.0,6.0,0,0,0.0,0,0,0,0,0,0,0
2020-11-07,MUFFINS,PIES: PECAN,5.0,0.0,5.0,1.0,0,0,4.0,0,0,0,0,0,0,0
2020-11-07,MUFFINS,Pump|Sug Cr,4.0,0.0,4.0,0.0,0,0,4.0,4,0,4,0,0,0,4
2020-11-07,MUFFINS,Ap|Ap Cran,3.0,0.0,3.0,1.0,0,0,2.0,4,0,4,1,0,0,3
2020-11-07,MUFFINS,Pump OHH,0.0,0.0,0.0,-3.0,0,0,3.0,1,0,1,-2,0,0,3
2020-11-07,MUFFINS,Bread Pudding,0.0,0.0,0.0,0.0,0,0,0.0,0,0,0,0,0,0,0
2020-11-07,MUFFINS,Totals,70.0,221.0,291.0,174.0,65,39,13.0,9,0,9,-1,0,0,10
2020-11-08,BREAD,H,0.0,0.0,0.0,0.0,0,0,0.0,0,0,0,0,0,0,0
2020-11-08,BREAD,FR,0.0,0.0,0.0,0.0,0,0,0.0,0,0,0,0,0,0,0
2020-11-08,BREAD,GW,0.0,0.0,0.0,0.0,0,0,0.0,0,0,0,0,0,0,0
2020-11-08,BREAD,DK,0.0,0.0,0.0,0.0,0,0,0.0,0,0,0,0,0,0,0
2020-11-08,BREAD,H5|Cran,0.0,0.0,0.0,0.0,0,0,0.0,0,0,0,0,0,0,0
2020-11-08,BREAD,CSRWL,0.0,0.0,0.0,0.0,0,0,0.0,0,0,0,0,0,0,0
2020-11-08,BREAD,P. Swirl,0.0,0.0,0.0,0.0,0,0,0.0,0,0,0,0,0,0,0
2020-11-08,BREAD,CNE,0.0,0.0,0.0,0.0,0,0,0.0,0,0,0,0,0,0,0
2020-11-08,BREAD,CNR,0.0,0.0,0.0,0.0,0,0,0.0,0,0,0,0,0,0,0
2020-11-08,BREAD,CNW,0.0,0.0,0.0,0.0,0,0,0.0,0,0,0,0,0,0,0
2020-11-08,BREAD,CG,0.0,0.0,0.0,0.0,0,0,0.0,0,0,0,0,0,0,0
2020-11-08,BREAD,pesto CG,0.0,0.0,0.0,0.0,0,0,0.0,0,0,0,0,0,0,0
2020-11-08,BREAD,VS,0.0,0.0,0.0,0.0,0,0,0.0,0,0,0,0,0,0,0
2020-11-08,BREAD,SOURDOUGH,0.0,0.0,0.0,0.0,0,0,0.0,0,0,0,0,0,0,0
2020-11-08,BREAD,RG SOUR,0.0,0.0,0.0,0.0,0,0,0.0,0,0,0,0,0,0,0
2020-11-08,BREAD,CB,0.0,0.0,0.0,0.0,0,0,0.0,0,0,0,0,0,0,0
2020-11-08,BREAD,CrO,0.0,0.0,0.0,0.0,0,0,0.0,0,0,0,0,0,0,0
2020-11-08,BREAD,Stuffing,0.0,0.0,0.0,0.0,0,0,0.0,0,0,0,0,0,0,0
2020-11-08,BREAD,CAR,0.0,0.0,0.0,0.0,0,0,0.0,0,0,0,0,0,0,0
2020-11-08,BREAD,IHF,0.0,0.0,0.0,0.0,0,0,0.0,0,0,0,0,0,0,0
2020-11-08,BREAD,BUT-Rls,0.0,0.0,0.0,0.0,0,0,0.0,0,0,0,0,0,0,0
2020-11-08,BREAD,H-RLS,0.0,0.0,0.0,0.0,0,0,0.0,0,0,0,0,0,0,0
2020-11-08,BREAD,FR-RLS,0.0,0.0,0.0,0.0,0,0,0.0,0,0,0,0,0,0,0
2020-11-08,BREAD,VS-RLS,0.0,0.0,0.0,0.0,0,0,0.0,0,0,0,0,0,0,0
2020-11-08,BREAD,Blue Stru,0.0,0.0,0.0,0.0,0,0,0.0,0,0,0,0,0,0,0
2020-11-08,BREAD,Mex Choc,0.0,0.0,0.0,0.0,0,0,0.0,0,0,0,0,0,0,0
2020-11-08,BREAD,Pum Choc,0.0,0.0,0.0,0.0,0,0,0.0,0,0,0,0,0,0,0
2020-11-08,BREAD,Pum Crmb,0.0,0.0,0.0,0.0,0,0,0.0,0,0,0,0,0,0,0
2020-11-08,ROLLS,Cinnamon,0.0,0.0,0.0,0.0,0,0,0.0,0,0,0,0,0,0,0
2020-11-08,ROLLS,Pum C-Roll,0.0,0.0,0.0,0.0,0,0,0.0,0,0,0,0,0,0,0
2020-11-08,ROLLS,Mini C-Roll,0.0,0.0,0.0,0.0,0,0,0.0,0,0,0,0,0,0,0
2020-11-08,SCONES,Blueberry,0.0,0.0,0.0,0.0,0,0,0.0,0,0,0,0,0,0,0
2020-11-08,SCONES,Rasp Cream,0.0,0.0,0.0,0.0,0,0,0.0,0,0,0,0,0,0,0
2020-11-08,SCONES,Cherry,0.0,0.0,0.0,0.0,0,0,0.0,0,0,0,0,0,0,0
2020-11-08,SCONES,Butt Almond,0.0,0.0,0.0,0.0,0,0,0.0,0,0,0,0,0,0,0
2020-11-08,SCONES,Turtle,0.0,0.0,0.0,0.0,0,0,0.0,0,0,0,0,0,0,0
2020-11-08,SCONES,Cin Chip,0.0,0.0,0.0,0.0,0,0,0.0,0,0,0,0,0,0,0
2020-11-08,SCONES,Pumpkin,0.0,0.0,0.0,0.0,0,0,0.0,0,0,0,0,0,0,0
2020-11-08,FRUIT BARS,Mixed Berry,0.0,0.0,0.0,0.0,0,0,0.0,0,0,0,0,0,0,0
2020-11-08,FRUIT BARS,Cherry,0.0,0.0,0.0,0.0,0,0,0.0,0,0,0,0,0,0,0
2020-11-08,FRUIT BARS,Apple Cin,0.0,0.0,0.0,0.0,0,0,0.0,0,0,0,0,0,0,0
2020-11-08,FRUIT BARS,Straw Rhub,0.0,0.0,0.0,0.0,0,0,0.0,0,0,0,0,0,0,0
2020-11-08,MUFFINS,Blue Stru,0.0,0.0,0.0,0.0,0,0,0.0,0,0,0,0,0,0,0
2020-11-08,MUFFINS,Mex Choc,0.0,0.0,0.0,0.0,0,0,0.0,0,0,0,0,0,0,0
2020-11-08,MUFFINS,Pump Choc,0.0,0.0,0.0,0.0,0,0,0.0,0,0,0,0,0,0,0
2020-11-08,MUFFINS,Pump Crumb,0.0,0.0,0.0,0.0,0,0,0.0,0,0,0,0,0,0,0
2020-11-08,MUFFINS,Cookies,0.0,0.0,0.0,0.0,0,0,0.0,0,0,0,0,0,0,0
2020-11-08,MUFFINS,Bars,0.0,0.0,0.0,0.0,0,0,0.0,0,0,0,0,0,0,0
2020-11-08,MUFFINS,PIES,,,,,0,0,,0,0,0,0,0,0,0
2020-11-08,MUFFINS,oatmeal choc,0.0,0.0,0.0,0.0,0,0,0.0,0,0,0,0,0,0,0
2020-11-08,MUFFINS,triple choc,0.0,0.0,0.0,0.0,0,0,0.0,0,0,0,0,0,0,0
2020-11-08,MUFFINS,snickerdoodle,0.0,0.0,0.0,0.0,0,0,0.0,0,0,0,0,0,0,0
2020-11-08,MUFFINS,frosted sugar,0.0,0.0,0.0,0.0,0,0,0.0,0,0,0,0,0,0,0
2020-11-08,MUFFINS,PUmpkin,0.0,0.0,0.0,0.0,0,0,0.0,0,0,0,0,0,0,0
2020-11-08,MUFFINS,brownie,0.0,0.0,0.0,0.0,0,0,0.0,0,0,0,0,0,0,0
2020-11-08,MUFFINS,Pec Pie Bar,0.0,0.0,0.0,0.0,0,0,0.0,0,0,0,0,0,0,0
2020-11-08,MUFFINS,PIES: PECAN,4.0,0.0,4.0,4.0,0,0,0.0,0,0,0,0,0,0,0
2020-11-08,MUFFINS,Pump|Sug Cr,4.0,0.0,4.0,4.0,0,0,0.0,4,0,4,4,0,0,0
2020-11-08,MUFFINS,Ap|Ap Cran,2.0,0.0,2.0,2.0,0,0,0.0,3,0,3,3,0,0,0
2020-11-08,MUFFINS,Pump OHH,3.0,0.0,3.0,3.0,0,0,0.0,3,0,3,3,0,0,0
2020-11-08,MUFFINS,Bread Pudding,0.0,0.0,0.0,0.0,0,0,0.0,0,0,0,0,0,0,0
2020-11-08,MUFFINS,Totals,13.0,0.0,13.0,13.0,0,0,0.0,10,0,10,10,0,0,0
2020-11-09,BREAD,H,0.0,34.0,34.0,16.0,0,0,18.0,0,0,0,0,0,0,0
2020-11-09,BREAD,FR,0.0,42.0,42.0,14.0,26,0,2.0,0,0,0,0,0,0,0
2020-11-09,BREAD,GW,0.0,10.0,10.0,10.0,0,0,0.0,0,0,0,0,0,0,0
2020-11-09,BREAD,DK,0.0,20.0,20.0,15.0,0,0,5.0,0,0,0,0,0,0,0
2020-11-09,BREAD,H5|Cran,0.0,0.0,0.0,0.0,0,0,0.0,0,0,0,0,0,0,0
2020-11-09,BREAD,CSRWL,0.0,16.0,16.0,16.0,0,0,0.0,0,3,3,3,0,0,0
2020-11-09,BREAD,P. Swirl,0.0,12.0,12.0,6.0,1,0,5.0,0,2,2,2,0,0,0
2020-11-09,BREAD,CNE,0.0,15.0,15.0,3.0,0,0,12.0,0,3,3,2,0,0,1
2020-11-09,BREAD,CNR,0.0,4.0,4.0,4.0,0,0,0.0,0,0,0,0,0,0,0
2020-11-09,BREAD,CNW,0.0,4.0,4.0,3.0,0,0,1.0,0,0,0,0,0,0,0
2020-11-09,BREAD,CG,0.0,7.0,7.0,1.0,0,0,6.0,0,3,3,3,0,0,0
2020-11-09,BREAD,pesto CG,0.0,5.0,5.0,5.0,0,0,0.0,0,0,0,0,0,0,0
2020-11-09,BREAD,cnA,0.0,2.0,2.0,2.0,0,0,0.0,0,0,0,0,0,0,0
2020-11-09,BREAD,CAW,0.0,2.0,2.0,0.0,0,0,2.0,0,0,0,0,0,0,0
2020-11-09,BREAD,VS,0.0,0.0,0.0,0.0,0,0,0.0,0,0,0,0,0,0,0
2020-11-09,BREAD,SOURDOUGH,0.0,8.0,8.0,8.0,0,0,0.0,0,0,0,0,0,0,0
2020-11-09,BREAD,RG SOUR,0.0,4.0,4.0,4.0,0,0,0.0,0,0,0,0,0,0,0
2020-11-09,BREAD,CB,0.0,0.0,0.0,0.0,0,0,0.0,0,0,0,0,0,0,0
2020-11-09,BREAD,CrO,0.0,0.0,0.0,0.0,0,0,0.0,0,0,0,0,0,0,0
2020-11-09,BREAD,Stuffing,0.0,0.0,0.0,0.0,0,0,0.0,0,0,0,0,0,0,0
2020-11-09,BREAD,CAR,0.0,0.0,0.0,0.0,0,0,0.0,0,0,0,0,0,0,0
2020-11-09,BREAD,IHF,0.0,0.0,0.0,0.0,0,0,0.0,0,0,0,0,0,0,0
2020-11-09,BREAD,TURKEY,0.0,3.0,3.0,0.0,0,0,3.0,0,0,0,0,0,0,0
2020-11-09,BREAD,BUT-Rls,0.0,0.0,0.0,0.0,0,0,0.0,0,0,0,0,0,0,0
2020-11-09,BREAD,H-RLS,0.0,3.0,3.0,2.0,0,0,1.0,0,0,0,0,0,0,0
2020-11-09,BREAD,FR-RLS,0.0,2.0,2.0,2.0,0,0,0.0,0,0,0,0,0,0,0
2020-11-09,BREAD,VS-RLS,0.0,0.0,0.0,0.0,0,0,0.0,0,0,0,0,0,0,0
2020-11-09,BREAD,Blue Stru,0.0,4.0,4.0,0.0,0,0,4.0,0,0,0,0,0,0,0
2020-11-09,BREAD,Mex Choc,0.0,4.0,4.0,2.0,0,0,2.0,0,0,0,0,0,0,0
2020-11-09,BREAD,Pum Choc,0.0,7.0,7.0,1.0,1,0,5.0,0,0,0,0,0,0,0
2020-11-09,BREAD,Pum Crmb,0.0,4.0,4.0,1.0,0,0,3.0,0,0,0,0,0,0,0
2020-11-09,ROLLS,Cinnamon,0.0,24.0,24.0,16.0,0,8,0.0,0,0,0,0,0,0,0
2020-11-09,ROLLS,Pum C-Roll,0.0,12.0,12.0,8.0,2,2,0.0,0,0,0,0,0,0,0
2020-11-09,ROLLS,Mini C-Roll,0.0,0.0,0.0,0.0,0,0,0.0,0,0,0,0,0,0,0
2020-11-09,SCONES,Blueberry,0.0,0.0,0.0,0.0,0,0,0.0,0,0,0,0,0,0,0
2020-11-09,SCONES,Rasp Cream,0.0,10.0,10.0,2.0,0,8,0.0,0,2,2,0,0,0,0
2020-11-09,SCONES,Cherry,0.0,0.0,0.0,0.0,0,0,0.0,0,0,0,0,0,0,0
2020-11-09,SCONES,Butt Almond,0.0,0.0,0.0,0.0,0,0,0.0,0,0,0,0,0,0,0
2020-11-09,SCONES,Turtle,0.0,0.0,0.0,0.0,0,0,0.0,0,0,0,0,0,0,0
2020-11-09,SCONES,Cin Chip,0.0,10.0,10.0,8.0,0,2,0.0,0,2,2,0,0,0,0
2020-11-09,SCONES,Pumpkin,0.0,8.0,8.0,2.0,0,6,0.0,0,2,2,0,0,0,0
2020-11-09,FRUIT BARS,Mixed Berry,0.0,10.0,10.0,2.0,1,7,0.0,0,0,0,0,0,0,0
2020-11-09,FRUIT BARS,Cherry,0.0,10.0,10.0,2.0,1,7,0.0,0,0,0,0,0,0,0
2020-11-09,FRUIT BARS,Apple Cin,0.0,0.0,0.0,0.0,0,0,0.0,0,0,0,0,0,0,0
2020-11-09,FRUIT BARS,Straw Rhub,0.0,0.0,0.0,0.0,0,0,0.0,0,0,0,0,0,0,0
2020-11-09,MUFFINS,Blue Stru,0.0,4.0,4.0,3.0,0,1,0.0,0,2,2,0,0,0,0
2020-11-09,MUFFINS,Mex Choc,0.0,4.0,4.0,1.0,0,3,0.0,0,2,2,0,0,0,0
2020-11-09,MUFFINS,Pump Choc,0.0,6.0,6.0,3.0,0,3,0.0,0,0,0,0,0,0,0
2020-11-09,MUFFINS,Pump Crumb,0.0,4.0,4.0,1.0,0,3,0.0,0,2,2,0,0,0,0
2020-11-09,MUFFINS,Cookies,0.0,0.0,0.0,0.0,0,0,0.0,0,0,0,0,0,0,0
2020-11-09,MUFFINS,Bars,0.0,0.0,0.0,0.0,0,0,0.0,0,0,0,0,0,0,0
2020-11-09,MUFFINS,PIES,,,,,0,0,,0,0,0,0,0,0,0
2020-11-09,MUFFINS,oatmeal choc,0.0,24.0,24.0,20.0,0,0,4.0,0,0,0,0,0,0,0
2020-11-09,MUFFINS,triple choc,0.0,24.0,24.0,15.0,0,0,9.0,0,0,0,0,0,0,0
2020-11-09,MUFFINS,snickerdoodle,0.0,24.0,24.0,11.0,0,0,13.0,0,0,0,0,0,0,0
2020-11-09,MUFFINS,frosted sugar,0.0,24.0,24.0,5.0,0,0,19.0,0,0,0,0,0,0,0
2020-11-09,MUFFINS,PUmpkin,0.0,8.0,8.0,4.0,0,0,4.0,0,0,0,0,0,0,0
2020-11-09,MUFFINS,brownie,0.0,6.0,6.0,2.0,0,0,4.0,0,0,0,0,0,0,0
2020-11-09,MUFFINS,Pec Pie Bar,0.0,6.0,6.0,3.0,0,0,3.0,0,0,0,0,0,0,0
2020-11-09,MUFFINS,PIES: PECAN,0.0,0.0,0.0,0.0,0,0,0.0,0,0,0,0,0,0,0
2020-11-09,MUFFINS,Pump|Sug Cr,0.0,0.0,0.0,0.0,0,0,0.0,0,0,0,0,0,0,0
2020-11-09,MUFFINS,Ap|Ap Cran,0.0,0.0,0.0,0.0,0,0,0.0,0,0,0,0,0,0,0
2020-11-09,MUFFINS,Pump OHH,0.0,0.0,0.0,0.0,0,0,0.0,0,0,0,0,0,0,0
2020-11-09,MUFFINS,Bread Pudding,0.0,0.0,0.0,0.0,0,0,0.0,0,0,0,0,0,0,0
2020-11-09,MUFFINS,Totals,0.0,218.0,218.0,108.0,4,50,56.0,0,12,12,0,0,0,0
2020-11-10,BREAD,H,18.0,18.0,36.0,23.0,0,0,13.0,0,0,0,0,0,0,0
2020-11-10,BREAD,FR,2.0,18.0,20.0,17.0,0,0,3.0,0,0,0,0,0,0,0
2020-11-10,BREAD,GW,0.0,12.0,12.0,6.0,0,0,6.0,0,0,0,0,0,0,0
2020-11-10,BREAD,DK,5.0,0.0,5.0,4.0,0,0,1.0,0,0,0,0,0,0,0
2020-11-10,BREAD,H5|Cran,0.0,16.0,16.0,13.0,0,0,3.0,0,4,4,4,0,0,0
2020-11-10,BREAD,CSRWL,0.0,16.0,16.0,10.0,0,0,6.0,0,3,3,1,0,0,2
2020-11-10,BREAD,P. Swirl,5.0,8.0,13.0,11.0,0,0,2.0,0,2,2,2,0,0,0
2020-11-10,BREAD,CNE,12.0,0.0,12.0,6.0,0,6,0.0,1,0,1,1,0,0,0
2020-11-10,BREAD,CNR,0.0,0.0,0.0,0.0,0,0,0.0,0,0,0,0,0,0,0
2020-11-10,BREAD,CNW,1.0,0.0,1.0,1.0,0,0,0.0,0,0,0,0,0,0,0
2020-11-10,BREAD,CG,6.0,0.0,6.0,6.0,0,0,0.0,0,0,0,0,0,0,0
2020-11-10,BREAD,pesto CG,0.0,0.0,0.0,0.0,0,0,0.0,0,0,0,0,0,0,0
2020-11-10,BREAD,cnA,0.0,0.0,0.0,0.0,0,0,0.0,0,0,0,0,0,0,0
2020-11-10,BREAD,CAW,2.0,0.0,2.0,2.0,0,0,0.0,0,0,0,0,0,0,0
2020-11-10,BREAD,VS,0.0,8.0,8.0,2.0,0,0,6.0,0,2,2,2,0,0,0
2020-11-10,BREAD,SOURDOUGH,0.0,0.0,0.0,0.0,0,0,0.0,0,0,0,0,0,0,0
2020-11-10,BREAD,RG SOUR,0.0,0.0,0.0,0.0,0,0,0.0,0,0,0,0,0,0,0
2020-11-10,BREAD,CB,0.0,7.0,7.0,4.0,0,0,3.0,0,3,3,3,0,0,0
2020-11-10,BREAD,CrO,0.0,6.0,6.0,6.0,0,0,0.0,0,7,7,3,0,0,0
2020-11-10,BREAD,Stuffing,0.0,0.0,0.0,0.0,0,0,0.0,0,0,0,0,0,0,0
2020-11-10,BREAD,CAR,0.0,0.0,0.0,0.0,0,0,0.0,0,0,0,0,0,0,0
2020-11-10,BREAD,IHF,0.0,0.0,0.0,0.0,0,0,0.0,0,0,0,0,0,0,0
2020-11-10,BREAD,TURKEY,3.0,0.0,3.0,3.0,0,0,0.0,0,0,0,0,0,0,0
2020-11-10,BREAD,BUT-Rls,0.0,0.0,0.0,0.0,0,0,0.0,0,0,0,0,0,0,0
2020-11-10,BREAD,H-RLS,1.0,2.0,3.0,1.0,0,0,2.0,0,0,0,0,0,0,0
2020-11-10,BREAD,FR-RLS,0.0,2.0,2.0,2.0,0,0,0.0,0,0,0,0,0,0,0
2020-11-10,BREAD,VS-RLS,0.0,4.0,4.0,3.0,0,0,1.0,0,0,0,0,0,0,0
2020-11-10,BREAD,Blue Stru,4.0,0.0,4.0,3.0,0,1,0.0,0,0,0,0,0,0,0
2020-11-10,BREAD,Mex Choc,2.0,2.0,4.0,0.0,0,2,2.0,0,0,0,0,0,0,0
2020-11-10,BREAD,Pum Choc,5.0,1.0,6.0,2.0,0,3,1.0,0,0,0,0,0,0,0
2020-11-10,BREAD,Pum Crmb,3.0,1.0,4.0,2.0,0,1,1.0,0,0,0,0,0,0,0
2020-11-10,ROLLS,Cinnamon,0.0,24.0,24.0,24.0,0,0,0.0,0,0,0,0,0,0,0
2020-11-10,ROLLS,Pum C-Roll,0.0,12.0,12.0,4.0,0,8,0.0,0,0,0,0,0,0,0
2020-11-10,ROLLS,Mini C-Roll,0.0,0.0,0.0,0.0,0,0,0.0,0,0,0,0,0,0,0
2020-11-10,SCONES,Blueberry,0.0,13.0,13.0,13.0,0,0,0.0,0,0,0,0,0,0,0
2020-11-10,SCONES,Rasp Cream,0.0,0.0,0.0,0.0,0,0,0.0,0,0,0,0,0,0,0
2020-11-10,SCONES,Cherry,0.0,0.0,0.0,0.0,0,0,0.0,0,0,0,0,0,0,0
2020-11-10,SCONES,Butt Almond,0.0,0.0,0.0,0.0,0,0,0.0,0,0,0,0,0,0,0
2020-11-10,SCONES,Turtle,0.0,0.0,0.0,0.0,0,0,0.0,0,0,0,0,0,0,0
2020-11-10,SCONES,Cin Chip,0.0,8.0,8.0,8.0,0,0,0.0,0,0,0,0,0,0,0
2020-11-10,SCONES,Pumpkin,0.0,6.0,6.0,6.0,0,0,0.0,0,0,0,0,0,0,0
2020-11-10,FRUIT BARS,Mixed Berry,0.0,0.0,0.0,0.0,0,0,0.0,0,0,0,0,0,0,0
2020-11-10,FRUIT BARS,Cherry,0.0,0.0,0.0,0.0,0,0,0.0,0,0,0,0,0,0,0
2020-11-10,FRUIT BARS,Apple Cin,0.0,10.0,10.0,8.0,0,2,0.0,0,0,0,0,0,0,0
2020-11-10,FRUIT BARS,Straw Rhub,0.0,10.0,10.0,10.0,0,0,0.0,0,0,0,0,0,0,0
2020-11-10,MUFFINS,Blue Stru,0.0,4.0,4.0,4.0,0,0,0.0,0,0,0,0,0,0,0
2020-11-10,MUFFINS,Mex Choc,0.0,3.0,3.0,2.0,0,1,0.0,0,0,0,0,0,0,0
2020-11-10,MUFFINS,Pump Choc,0.0,5.0,5.0,5.0,0,0,0.0,0,0,0,0,0,0,0
2020-11-10,MUFFINS,Pump Crumb,0.0,3.0,3.0,3.0,0,0,0.0,0,0,0,0,0,0,0
2020-11-10,MUFFINS,Cookies,0.0,0.0,0.0,0.0,0,0,0.0,0,0,0,0,0,0,0
2020-11-10,MUFFINS,Bars,0.0,0.0,0.0,0.0,0,0,0.0,0,0,0,0,0,0,0
2020-11-10,MUFFINS,PIES,,,,,0,0,,0,0,0,0,0,0,0
2020-11-10,MUFFINS,oatmeal choc,4.0,30.0,34.0,20.0,14,0,0.0,0,0,0,0,0,0,0
2020-11-10,MUFFINS,triple choc,9.0,24.0,33.0,13.0,14,0,6.0,0,0,0,0,0,0,0
2020-11-10,MUFFINS,snickerdoodle,13.0,24.0,37.0,14.0,13,10,0.0,0,0,0,0,0,0,0
2020-11-10,MUFFINS,frosted sugar,19.0,0.0,19.0,5.0,0,0,14.0,0,0,0,0,0,0,0
2020-11-10,MUFFINS,PUmpkin,4.0,6.0,10.0,6.0,0,4,0.0,0,0,0,0,0,0,0
2020-11-10,MUFFINS,brownie,4.0,2.0,6.0,4.0,0,0,2.0,0,0,0,0,0,0,0
2020-11-10,MUFFINS,Pec Pie Bar,3.0,11.0,14.0,8.0,0,0,6.0,0,0,0,0,0,0,0
2020-11-10,MUFFINS,PIES: PECAN,0.0,0.0,0.0,0.0,0,0,0.0,0,0,0,0,0,0,0
2020-11-10,MUFFINS,Pump|Sug Cr,0.0,0.0,0.0,0.0,0,0,0.0,0,0,0,-1,0,0,0
2020-11-10,MUFFINS,Ap|Ap Cran,0.0,0.0,0.0,0.0,0,0,0.0,0,0,0,0,0,0,0
2020-11-10,MUFFINS,Pump OHH,0.0,0.0,0.0,-5.0,0,0,5.0,0,0,0,-1,0,0,1
2020-11-10,MUFFINS,Bread Pudding,0.0,0.0,0.0,-5.0,0,0,5.0,0,0,0,-5,0,0,5
2020-11-10,MUFFINS,Totals,56.0,195.0,251.0,147.0,41,25,38.0,0,0,0,-7,0,0,6
2020-11-11,BREAD,H,13.0,26.0,39.0,9.0,2,0,28.0,0,0,0,0,0,0,0
2020-11-11,BREAD,FR,3.0,28.0,31.0,16.0,0,0,15.0,0,0,0,0,0,0,0
2020-11-11,BREAD,GW,6.0,6.0,12.0,4.0,0,0,8.0,0,0,0,0,0,0,0
2020-11-11,BREAD,DK,1.0,20.0,21.0,4.0,3,0,14.0,0,0,0,0,0,0,0
2020-11-11,BREAD,H5|Cran,3.0,0.0,3.0,3.0,0,0,0.0,0,0,0,0,0,0,0
2020-11-11,BREAD,CSRWL,6.0,12.0,18.0,7.0,0,0,11.0,2,0,2,2,0,0,0
2020-11-11,BREAD,P. Swirl,2.0,12.0,14.0,5.0,0,0,9.0,0,2,2,1,0,0,1
2020-11-11,BREAD,CNE,0.0,6.0,6.0,4.0,0,0,2.0,0,0,0,-2,0,0,2
2020-11-11,BREAD,CNR,0.0,3.0,3.0,2.0,0,0,1.0,0,0,0,0,0,0,0
2020-11-11,BREAD,CNW,0.0,4.0,4.0,3.0,0,0,1.0,0,0,0,0,0,0,0
2020-11-11,BREAD,CG,0.0,6.0,6.0,5.0,0,0,1.0,0,3,3,1,0,0,2
2020-11-11,BREAD,pesto CG,0.0,7.0,7.0,7.0,0,0,0.0,0,0,0,0,0,0,0
2020-11-11,BREAD,cnA,0.0,4.0,4.0,0.0,0,0,4.0,0,0,0,0,0,0,0
2020-11-11,BREAD,CAW,0.0,2.0,2.0,0.0,0,0,2.0,0,0,0,0,0,0,0
2020-11-11,BREAD,VS,6.0,0.0,6.0,6.0,0,0,0.0,0,0,0,0,0,0,0
2020-11-11,BREAD,SOURDOUGH,0.0,17.0,17.0,8.0,0,0,9.0,0,0,0,0,0,0,0
2020-11-11,BREAD,RG SOUR,0.0,6.0,6.0,1.0,0,0,5.0,0,0,0,0,0,0,0
2020-11-11,BREAD,CB,3.0,0.0,3.0,3.0,0,0,0.0,0,0,0,0,0,0,0
2020-11-11,BREAD,CrO,0.0,0.0,0.0,0.0,0,0,0.0,0,0,0,0,0,0,0
2020-11-11,BREAD,Stuffing,0.0,0.0,0.0,0.0,0,0,0.0,0,0,0,0,0,0,0
2020-11-11,BREAD,CAR,0.0,18.0,18.0,10.0,0,0,8.0,0,0,0,0,0,0,0
2020-11-11,BREAD,IHF,0.0,0.0,0.0,0.0,0,0,0.0,0,0,0,0,0,0,0
2020-11-11,BREAD,TURKEY,0.0,0.0,0.0,0.0,0,0,0.0,0,0,0,0,0,0,0
2020-11-11,BREAD,BUT-Rls,0.0,0.0,0.0,0.0,0,0,0.0,0,0,0,0,0,0,0
2020-11-11,BREAD,H-RLS,2.0,0.0,2.0,2.0,0,0,0.0,0,0,0,0,0,0,0
2020-11-11,BREAD,FR-RLS,0.0,2.0,2.0,1.0,0,0,1.0,0,0,0,0,0,0,0
2020-11-11,BREAD,VS-RLS,1.0,0.0,1.0,1.0,0,0,0.0,0,0,0,0,0,0,0
2020-11-11,BREAD,Blue Stru,0.0,4.0,4.0,0.0,0,0,4.0,0,0,0,0,0,0,0
2020-11-11,BREAD,Mex Choc,2.0,2.0,4.0,1.0,0,1,2.0,0,0,0,0,0,0,0
2020-11-11,BREAD,Pum Choc,1.0,5.0,6.0,3.0,0,0,3.0,0,0,0,0,0,0,0
2020-11-11,BREAD,Pum Crmb,1.0,3.0,4.0,1.0,0,0,3.0,0,0,0,0,0,0,0
2020-11-11,ROLLS,Cinnamon,0.0,24.0,24.0,21.0,0,3,0.0,0,0,0,0,0,0,0
2020-11-11,ROLLS,Pum C-Roll,0.0,12.0,12.0,6.0,0,6,0.0,0,0,0,0,0,0,0
2020-11-11,ROLLS,Mini C-Roll,0.0,0.0,0.0,0.0,0,0,0.0,0,0,0,0,0,0,0
2020-11-11,SCONES,Blueberry,0.0,0.0,0.0,0.0,0,0,0.0,0,0,0,0,0,0,0
2020-11-11,SCONES,Rasp Cream,0.0,17.0,17.0,2.0,4,11,0.0,0,0,0,0,0,0,0
2020-11-11,SCONES,Cherry,0.0,0.0,0.0,0.0,0,0,0.0,0,0,0,0,0,0,0
2020-11-11,SCONES,Butt Almond,0.0,0.0,0.0,0.0,0,0,0.0,0,0,0,0,0,0,0
2020-11-11,SCONES,Turtle,0.0,15.0,15.0,10.0,0,5,0.0,0,0,0,0,0,0,0
2020-11-11,SCONES,Cin Chip,0.0,0.0,0.0,-6.0,0,6,0.0,0,0,0,0,0,0,0
2020-11-11,SCONES,Pumpkin,0.0,8.0,8.0,8.0,0,0,0.0,0,0,0,0,0,0,0
2020-11-11,FRUIT BARS,Mixed Berry,0.0,10.0,10.0,4.0,0,6,0.0,0,0,0,0,0,0,0
2020-11-11,FRUIT BARS,Cherry,0.0,10.0,10.0,4.0,0,6,0.0,0,0,0,0,0,0,0
2020-11-11,FRUIT BARS,Apple Cin,0.0,0.0,0.0,0.0,0,0,0.0,0,0,0,0,0,0,0
2020-11-11,FRUIT BARS,Straw Rhub,0.0,0.0,0.0,0.0,0,0,0.0,0,0,0,0,0,0,0
2020-11-11,MUFFINS,Blue Stru,0.0,4.0,4.0,3.0,0,1,0.0,0,0,0,0,0,0,0
2020-11-11,MUFFINS,Mex Choc,0.0,4.0,4.0,1.0,0,3,0.0,0,0,0,0,0,0,0
2020-11-11,MUFFINS,Pump Choc,0.0,6.0,6.0,1.0,0,5,0.0,0,0,0,0,0,0,0
2020-11-11,MUFFINS,Pump Crumb,0.0,4.0,4.0,0.0,0,4,0.0,0,0,0,0,0,0,0
2020-11-11,MUFFINS,Cookies,0.0,0.0,0.0,0.0,0,0,0.0,0,0,0,0,0,0,0
2020-11-11,MUFFINS,Bars,0.0,0.0,0.0,0.0,0,0,0.0,0,0,0,0,0,0,0
2020-11-11,MUFFINS,PIES,,,,,0,0,,0,0,0,0,0,0,0
2020-11-11,MUFFINS,oatmeal choc,0.0,24.0,24.0,24.0,0,0,0.0,0,0,0,0,0,0,0
2020-11-11,MUFFINS,triple choc,6.0,18.0,24.0,12.0,0,0,12.0,0,0,0,0,0,0,0
2020-11-11,MUFFINS,snickerdoodle,0.0,48.0,48.0,24.0,24,0,0.0,0,0,0,0,0,0,0
2020-11-11,MUFFINS,frosted sugar,14.0,6.0,20.0,10.0,0,10,0.0,0,0,0,0,0,0,0
2020-11-11,MUFFINS,PUmpkin,0.0,8.0,8.0,4.0,0,0,4.0,0,0,0,0,0,0,0
2020-11-11,MUFFINS,brownie,2.0,4.0,6.0,5.0,0,0,1.0,0,0,0,0,0,0,0
2020-11-11,MUFFINS,Pec Pie Bar,6.0,2.0,8.0,7.0,0,0,1.0,0,0,0,0,0,0,0
2020-11-11,MUFFINS,PIES: PECAN,0.0,0.0,0.0,0.0,0,0,0.0,0,0,0,0,0,0,0
2020-11-11,MUFFINS,Pump|Sug Cr,0.0,0.0,0.0,0.0,0,0,0.0,0,0,0,0,0,0,0
2020-11-11,MUFFINS,Ap|Ap Cran,0.0,0.0,0.0,0.0,0,0,0.0,0,0,0,0,0,0,0
2020-11-11,MUFFINS,Pump OHH,5.0,0.0,5.0,5.0,0,0,0.0,1,0,1,1,0,0,0
2020-11-11,MUFFINS,Bread Pudding,5.0,0.0,5.0,5.0,0,0,0.0,5,0,5,5,0,0,0
2020-11-11,MUFFINS,Totals,38.0,224.0,262.0,150.0,28,66,18.0,6,0,6,6,0,0,0
2020-11-12,BREAD,H,28.0,16.0,44.0,20.0,0,1,23.0,0,0,0,0,0,0,0
2020-11-12,BREAD,FR,15.0,37.0,52.0,15.0,32,0,5.0,0,0,0,0,0,0,0
2020-11-12,BREAD,GW,8.0,4.0,12.0,5.0,0,3,4.0,0,0,0,0,0,0,0
2020-11-12,BREAD,DK,14.0,0.0,14.0,6.0,0,0,8.0,0,0,0,0,0,0,0
2020-11-12,BREAD,H5|Cran,0.0,12.0,12.0,11.0,1,0,0.0,0,8,8,6,0,0,2
2020-11-12,BREAD,CSRWL,11.0,8.0,19.0,13.0,0,3,3.0,0,3,3,3,0,0,0
2020-11-12,BREAD,P. Swirl,9.0,4.0,13.0,10.0,0,3,0.0,1,0,1,1,0,0,0
2020-11-12,BREAD,CNE,2.0,0.0,2.0,2.0,0,0,0.0,2,0,2,2,0,0,0
2020-11-12,BREAD,CNR,1.0,0.0,1.0,1.0,0,0,0.0,0,0,0,0,0,0,0
2020-11-12,BREAD,CNW,1.0,0.0,1.0,1.0,0,0,0.0,0,0,0,0,0,0,0
2020-11-12,BREAD,CG,1.0,0.0,1.0,1.0,0,0,0.0,2,0,2,0,0,0,0
2020-11-12,BREAD,pesto CG,0.0,0.0,0.0,0.0,0,0,0.0,0,0,0,0,0,0,0
2020-11-12,BREAD,cnA,4.0,0.0,4.0,3.0,0,1,0.0,0,0,0,0,0,0,0
2020-11-12,BREAD,CAW,2.0,0.0,2.0,1.0,0,1,0.0,0,0,0,0,0,0,0
2020-11-12,BREAD,VS,0.0,14.0,14.0,4.0,2,0,8.0,0,2,2,2,0,0,0
2020-11-12,BREAD,SOURDOUGH,9.0,0.0,9.0,9.0,0,0,0.0,0,0,0,0,0,0,0
2020-11-12,BREAD,RG SOUR,5.0,0.0,5.0,3.0,0,2,0.0,0,0,0,0,0,0,0
2020-11-12,BREAD,CB,0.0,12.0,12.0,5.0,0,0,7.0,0,6,6,5,0,0,1
2020-11-12,BREAD,CrO,0.0,14.0,14.0,1.0,1,0,12.0,0,6,6,3,0,0,3
2020-11-12,BREAD,Stuffing,0.0,8.0,8.0,2.0,0,0,6.0,0,0,0,0,0,0,0
2020-11-12,BREAD,CAR,8.0,0.0,8.0,8.0,0,0,0.0,0,0,0,0,0,0,0
2020-11-12,BREAD,IHF,0.0,0.0,0.0,0.0,0,0,0.0,0,0,0,0,0,0,0
2020-11-12,BREAD,TURKEY,0.0,2.0,2.0,0.0,1,0,1.0,0,0,0,0,0,0,0
2020-11-12,BREAD,BUT-Rls,0.0,0.0,0.0,0.0,0,0,0.0,0,0,0,0,0,0,0
2020-11-12,BREAD,H-RLS,0.0,2.0,2.0,-1.0,0,0,3.0,0,0,0,0,0,0,0
2020-11-12,BREAD,FR-RLS,1.0,3.0,4.0,3.0,0,0,1.0,0,0,0,0,0,0,0
2020-11-12,BREAD,VS-RLS,0.0,5.0,5.0,5.0,0,0,0.0,0,0,0,0,0,0,0
2020-11-12,BREAD,Blue Stru,4.0,0.0,4.0,0.0,0,4,0.0,0,0,0,0,0,0,0
2020-11-12,BREAD,Mex Choc,2.0,2.0,4.0,0.0,0,2,2.0,0,0,0,0,0,0,0
2020-11-12,BREAD,Pum Choc,3.0,3.0,6.0,1.0,0,2,3.0,0,0,0,0,0,0,0
2020-11-12,BREAD,Pum Crmb,3.0,1.0,4.0,3.0,0,0,1.0,0,0,0,0,0,0,0
2020-11-12,ROLLS,Cinnamon,0.0,24.0,24.0,24.0,0,0,0.0,0,0,0,0,0,0,0
2020-11-12,ROLLS,Pum C-Roll,0.0,12.0,12.0,12.0,0,0,0.0,0,0,0,0,0,0,0
2020-11-12,ROLLS,Mini C-Roll,0.0,0.0,0.0,0.0,0,0,0.0,0,0,0,0,0,0,0
2020-11-12,SCONES,Blueberry,0.0,12.0,12.0,12.0,0,0,0.0,0,0,0,0,0,0,0
2020-11-12,SCONES,Rasp Cream,0.0,0.0,0.0,0.0,0,0,0.0,0,0,0,0,0,0,0
2020-11-12,SCONES,Cherry,0.0,0.0,0.0,0.0,0,0,0.0,0,0,0,0,0,0,0
2020-11-12,SCONES,Butt Almond,0.0,0.0,0.0,0.0,0,0,0.0,0,0,0,0,0,0,0
2020-11-12,SCONES,Turtle,0.0,10.0,10.0,10.0,0,0,0.0,0,0,0,0,0,0,0
2020-11-12,SCONES,Cin Chip,0.0,0.0,0.0,0.0,0,0,0.0,0,0,0,0,0,0,0
2020-11-12,SCONES,Pumpkin,0.0,8.0,8.0,8.0,0,0,0.0,0,0,0,0,0,0,0
2020-11-12,FRUIT BARS,Mixed Berry,0.0,0.0,0.0,0.0,0,0,0.0,0,0,0,0,0,0,0
2020-11-12,FRUIT BARS,Cherry,0.0,0.0,0.0,0.0,0,0,0.0,0,0,0,0,0,0,0
2020-11-12,FRUIT BARS,Apple Cin,0.0,10.0,10.0,6.0,0,4,0.0,0,0,0,0,0,0,0
2020-11-12,FRUIT BARS,Straw Rhub,0.0,10.0,10.0,3.0,0,7,0.0,0,0,0,0,0,0,0
2020-11-12,MUFFINS,Blue Stru,0.0,4.0,4.0,4.0,0,0,0.0,0,0,0,0,0,0,0
2020-11-12,MUFFINS,Mex Choc,0.0,5.0,5.0,0.0,0,5,0.0,0,0,0,0,0,0,0
2020-11-12,MUFFINS,Pump Choc,0.0,7.0,7.0,7.0,0,0,0.0,0,0,0,0,0,0,0
2020-11-12,MUFFINS,Pump Crumb,0.0,5.0,5.0,-1.0,0,6,0.0,0,0,0,0,0,0,0
2020-11-12,MUFFINS,Cookies,0.0,0.0,0.0,0.0,0,0,0.0,0,0,0,0,0,0,0
2020-11-12,MUFFINS,Bars,0.0,0.0,0.0,0.0,0,0,0.0,0,0,0,0,0,0,0
2020-11-12,MUFFINS,PIES,,,,,0,0,,0,0,0,0,0,0,0
2020-11-12,MUFFINS,oatmeal choc,0.0,30.0,30.0,17.0,10,0,3.0,0,0,0,0,0,0,0
2020-11-12,MUFFINS,triple choc,12.0,18.0,30.0,19.0,9,0,2.0,0,0,0,0,0,0,0
2020-11-12,MUFFINS,snickerdoodle,0.0,30.0,30.0,21.0,9,0,0.0,0,0,0,0,0,0,0
2020-11-12,MUFFINS,frosted sugar,0.0,18.0,18.0,-3.0,0,0,21.0,0,0,0,0,0,0,0
2020-11-12,MUFFINS,PUmpkin,4.0,6.0,10.0,10.0,0,0,0.0,0,0,0,0,0,0,0
2020-11-12,MUFFINS,brownie,1.0,7.0,8.0,6.0,0,0,2.0,0,0,0,0,0,0,0
2020-11-12,MUFFINS,Pec Pie Bar,1.0,7.0,8.0,7.0,0,0,1.0,0,0,0,0,0,0,0
2020-11-12,MUFFINS,PIES: PECAN,0.0,0.0,0.0,0.0,0,0,0.0,0,0,0,0,0,0,0
2020-11-12,MUFFINS,Pump|Sug Cr,0.0,0.0,0.0,0.0,0,0,0.0,0,0,0,0,0,0,0
2020-11-12,MUFFINS,Ap|Ap Cran,0.0,0.0,0.0,0.0,0,0,0.0,0,0,0,0,0,0,0
2020-11-12,MUFFINS,Pump OHH,0.0,0.0,0.0,0.0,0,0,0.0,0,0,0,0,0,0,0
2020-11-12,MUFFINS,Bread Pudding,0.0,0.0,0.0,0.0,0,0,0.0,0,0,0,0,0,0,0
2020-11-12,MUFFINS,Totals,18.0,223.0,241.0,162.0,28,22,29.0,0,0,0,0,0,0,0
2020-11-13,BREAD,H,23.0,29.0,52.0,28.0,8,0,16.0,0,0,0,0,0,0,0
2020-11-13,BREAD,FR,5.0,41.0,46.0,40.0,0,0,6.0,0,0,0,0,0,0,0
2020-11-13,BREAD,GW,4.0,0.0,4.0,4.0,0,0,0.0,0,0,0,0,0,0,0
2020-11-13,BREAD,DK,8.0,15.0,23.0,13.0,0,0,10.0,0,0,0,0,0,0,0
2020-11-13,BREAD,H5|Cran,0.0,0.0,0.0,0.0,0,0,0.0,2,0,2,1,0,0,1
2020-11-13,BREAD,CSRWL,3.0,16.0,19.0,11.0,0,0,8.0,0,4,4,2,0,0,2
2020-11-13,BREAD,P. Swirl,0.0,12.0,12.0,1.0,0,0,11.0,0,23,23,21,0,0,2
2020-11-13,BREAD,CNE,0.0,23.0,23.0,11.0,3,0,9.0,0,4,4,3,0,0,1
2020-11-13,BREAD,CNR,0.0,8.0,8.0,2.0,0,0,6.0,0,0,0,0,0,0,0
2020-11-13,BREAD,CNW,0.0,8.0,8.0,4.0,0,0,4.0,0,0,0,0,0,0,0
2020-11-13,BREAD,CG,0.0,8.0,8.0,3.0,0,0,5.0,0,3,3,3,0,0,0
2020-11-13,BREAD,pesto CG,0.0,6.0,6.0,3.0,0,0,3.0,0,0,0,0,0,0,0
2020-11-13,BREAD,cnA,0.0,0.0,0.0,0.0,0,0,0.0,0,0,0,0,0,0,0
2020-11-13,BREAD,CAW,0.0,0.0,0.0,0.0,0,0,0.0,0,0,0,0,0,0,0
2020-11-13,BREAD,VS,8.0,41.0,49.0,44.0,0,5,0.0,0,39,39,39,0,0,0
2020-11-13,BREAD,SOURDOUGH,0.0,17.0,17.0,10.0,0,0,7.0,0,0,0,0,0,0,0
2020-11-13,BREAD,RG SOUR,0.0,6.0,6.0,2.0,0,0,4.0,0,0,0,0,0,0,0
2020-11-13,BREAD,CB,7.0,0.0,7.0,-1.0,0,0,8.0,1,0,1,-3,0,0,4
2020-11-13,BREAD,CrO,12.0,0.0,12.0,9.0,0,3,0.0,3,0,3,3,0,0,0
2020-11-13,BREAD,Stuffing,6.0,0.0,6.0,2.0,0,4,0.0,0,0,0,0,0,0,0
2020-11-13,BREAD,Jal che sd,0.0,2.0,2.0,1.0,1,0,0.0,0,0,0,0,0,0,0
2020-11-13,BREAD,CAR,0.0,0.0,0.0,0.0,0,0,0.0,0,0,0,0,0,0,0
2020-11-13,BREAD,IHF,0.0,0.0,0.0,0.0,0,0,0.0,0,0,0,0,0,0,0
2020-11-13,BREAD,TURKEY,1.0,3.0,4.0,1.0,0,0,3.0,0,0,0,0,0,0,0
2020-11-13,BREAD,BUT-Rls,0.0,24.0,24.0,8.0,0,0,16.0,0,0,0,0,0,0,0
2020-11-13,BREAD,H-RLS,3.0,2.0,5.0,4.0,0,0,1.0,0,0,0,0,0,0,0
2020-11-13,BREAD,FR-RLS,1.0,0.0,1.0,1.0,0,0,0.0,0,0,0,0,0,0,0
2020-11-13,BREAD,VS-RLS,0.0,0.0,0.0,0.0,0,0,0.0,0,0,0,0,0,0,0
2020-11-13,BREAD,Blue Stru,0.0,7.0,7.0,0.0,1,0,6.0,0,0,0,0,0,0,0
2020-11-13,BREAD,Mex Choc,2.0,4.0,6.0,2.0,0,0,4.0,0,0,0,0,0,0,0
2020-11-13,BREAD,Pum Choc,3.0,6.0,9.0,6.0,1,2,0.0,0,0,0,0,0,0,0
2020-11-13,BREAD,Pum Crmb,1.0,5.0,6.0,6.0,0,0,0.0,0,0,0,0,0,0,0
2020-11-13,ROLLS,Cinnamon,0.0,168.0,168.0,31.0,130,7,0.0,0,0,0,0,0,0,0
2020-11-13,ROLLS,Pum C-Roll,0.0,24.0,24.0,24.0,0,0,0.0,0,0,0,0,0,0,0
2020-11-13,ROLLS,Mini C-Roll,0.0,0.0,0.0,0.0,0,0,0.0,0,0,0,0,0,0,0
2020-11-13,SCONES,Blueberry,0.0,0.0,0.0,0.0,0,0,0.0,0,0,0,0,0,0,0
2020-11-13,SCONES,Rasp Cream,0.0,0.0,0.0,0.0,0,0,0.0,0,0,0,0,0,0,0
2020-11-13,SCONES,Cherry,0.0,17.0,17.0,12.0,0,5,0.0,0,2,2,0,0,0,0
2020-11-13,SCONES,Butt Almond,0.0,15.0,15.0,9.0,4,2,0.0,0,2,2,0,0,0,0
2020-11-13,SCONES,Turtle,0.0,0.0,0.0,0.0,0,0,0.0,0,0,0,0,0,0,0
2020-11-13,SCONES,Cin Chip,0.0,0.0,0.0,0.0,0,0,0.0,0,0,0,0,0,0,0
2020-11-13,SCONES,Pumpkin,0.0,10.0,10.0,5.0,0,5,0.0,0,0,0,0,0,0,0
2020-11-13,FRUIT BARS,Mixed Berry,0.0,10.0,10.0,2.0,1,7,0.0,0,0,0,0,0,0,0
2020-11-13,FRUIT BARS,Cherry,0.0,10.0,10.0,2.0,1,7,0.0,0,0,0,0,0,0,0
2020-11-13,FRUIT BARS,Apple Cin,0.0,0.0,0.0,0.0,0,0,0.0,0,0,0,0,0,0,0
2020-11-13,FRUIT BARS,Straw Rhub,0.0,0.0,0.0,0.0,0,0,0.0,0,0,0,0,0,0,0
2020-11-13,MUFFINS,Blue Stru,0.0,6.0,6.0,6.0,0,0,0.0,0,2,2,0,0,0,0
2020-11-13,MUFFINS,Mex Choc,0.0,4.0,4.0,1.0,0,3,0.0,0,2,2,0,0,0,0
2020-11-13,MUFFINS,Pump Choc,0.0,8.0,8.0,8.0,0,0,0.0,0,0,0,0,0,0,0
2020-11-13,MUFFINS,Pump Crumb,0.0,6.0,6.0,4.0,0,2,0.0,0,0,0,0,0,0,0
2020-11-13,MUFFINS,Cookies,0.0,0.0,0.0,0.0,0,0,0.0,0,0,0,0,0,0,0
2020-11-13,MUFFINS,Bars,0.0,0.0,0.0,0.0,0,0,0.0,0,0,0,0,0,0,0
2020-11-13,MUFFINS,PIES,,,,,0,0,,0,0,0,0,0,0,0
2020-11-13,MUFFINS,oatmeal choc,3.0,24.0,27.0,15.0,0,0,12.0,0,0,0,0,0,0,0
2020-11-13,MUFFINS,triple choc,2.0,24.0,26.0,13.0,0,0,13.0,0,0,0,0,0,0,0
2020-11-13,MUFFINS,snickerdoodle,0.0,24.0,24.0,12.0,0,0,12.0,0,0,0,0,0,0,0
2020-11-13,MUFFINS,frosted sugar,21.0,0.0,21.0,6.0,0,0,15.0,0,0,0,0,0,0,0
2020-11-13,MUFFINS,PUmpkin,0.0,12.0,12.0,8.0,0,0,4.0,0,0,0,0,0,0,0
2020-11-13,MUFFINS,brownie,2.0,4.0,6.0,5.0,0,0,1.0,0,0,0,0,0,0,0
2020-11-13,MUFFINS,Pec Pie Bar,1.0,7.0,8.0,4.0,0,0,4.0,0,0,0,0,0,0,0
2020-11-13,MUFFINS,PIES: PECAN,0.0,5.0,5.0,0.0,0,0,5.0,0,0,0,0,0,0,0
2020-11-13,MUFFINS,Pump|Sug Cr,0.0,10.0,10.0,7.0,1,0,2.0,0,7,7,5,0,0,2
2020-11-13,MUFFINS,Ap|Ap Cran,0.0,6.0,6.0,2.0,0,0,4.0,0,4,4,1,0,0,2
2020-11-13,MUFFINS,Pump OHH,0.0,0.0,0.0,0.0,0,0,0.0,0,0,0,0,0,0,0
2020-11-13,MUFFINS,Bread Pudding,0.0,0.0,0.0,0.0,0,0,0.0,0,0,0,0,0,0,0
2020-11-13,MUFFINS,Totals,29.0,394.0,423.0,176.0,137,38,72.0,0,19,19,6,0,0,4
2020-11-14,BREAD,H,16.0,0.0,16.0,16.0,0,0,0.0,0,0,0,0,0,0,0
2020-11-14,BREAD,FR,6.0,12.0,18.0,18.0,0,0,0.0,0,0,0,0,0,0,0
2020-11-14,BREAD,GW,0.0,5.0,5.0,5.0,0,0,0.0,0,0,0,0,0,0,0
2020-11-14,BREAD,DK,10.0,0.0,10.0,10.0,0,0,0.0,0,0,0,0,0,0,0
2020-11-14,BREAD,H5|Cran,0.0,0.0,0.0,0.0,0,0,0.0,1,0,1,1,0,0,0
2020-11-14,BREAD,CSRWL,8.0,8.0,16.0,13.0,0,3,0.0,2,0,2,2,0,0,0
2020-11-14,BREAD,P. Swirl,11.0,0.0,11.0,5.0,0,6,0.0,2,0,2,2,0,0,0
2020-11-14,BREAD,CNE,9.0,0.0,9.0,5.0,0,4,0.0,1,0,1,0,0,0,0
2020-11-14,BREAD,CNR,6.0,0.0,6.0,6.0,0,0,0.0,0,0,0,0,0,0,0
2020-11-14,BREAD,CNW,4.0,0.0,4.0,4.0,0,0,0.0,0,0,0,0,0,0,0
2020-11-14,BREAD,CG,5.0,0.0,5.0,5.0,0,0,0.0,0,0,0,0,0,0,0
2020-11-14,BREAD,pesto CG,3.0,0.0,3.0,3.0,0,0,0.0,0,0,0,0,0,0,0
2020-11-14,BREAD,cnA,0.0,0.0,0.0,0.0,0,0,0.0,0,0,0,0,0,0,0
2020-11-14,BREAD,CAW,0.0,0.0,0.0,0.0,0,0,0.0,0,0,0,0,0,0,0
2020-11-14,BREAD,VS,0.0,0.0,0.0,0.0,0,0,0.0,0,0,0,0,0,0,0
2020-11-14,BREAD,SOURDOUGH,7.0,0.0,7.0,7.0,0,0,0.0,0,0,0,0,0,0,0
2020-11-14,BREAD,RG SOUR,4.0,0.0,4.0,4.0,0,0,0.0,0,0,0,0,0,0,0
2020-11-14,BREAD,CB,8.0,0.0,8.0,2.0,0,6,0.0,4,0,4,3,0,0,0
2020-11-14,BREAD,CrO,0.0,0.0,0.0,0.0,0,0,0.0,0,0,0,0,0,0,0
2020-11-14,BREAD,Stuffing,0.0,0.0,0.0,0.0,0,0,0.0,0,0,0,0,0,0,0
2020-11-14,BREAD,CAR,0.0,0.0,0.0,0.0,0,0,0.0,0,0,0,0,0,0,0
2020-11-14,BREAD,IHF,0.0,0.0,0.0,0.0,0,0,0.0,0,0,0,0,0,0,0
2020-11-14,BREAD,TURKEY,3.0,0.0,3.0,0.0,0,3,0.0,0,0,0,0,0,0,0
2020-11-14,BREAD,BUT-Rls,16.0,0.0,16.0,6.0,0,10,0.0,0,0,0,0,0,0,0
2020-11-14,BREAD,H-RLS,1.0,0.0,1.0,1.0,0,0,0.0,0,0,0,0,0,0,0
2020-11-14,BREAD,FR-RLS,0.0,0.0,0.0,0.0,0,0,0.0,0,0,0,0,0,0,0
2020-11-14,BREAD,VS-RLS,0.0,0.0,0.0,0.0,0,0,0.0,0,0,0,0,0,0,0
2020-11-14,BREAD,Blue Stru,6.0,0.0,6.0,1.0,0,5,0.0,0,0,0,0,0,0,0
2020-11-14,BREAD,Mex Choc,4.0,0.0,4.0,0.0,0,4,0.0,0,0,0,0,0,0,0
2020-11-14,BREAD,Pum Choc,0.0,2.0,2.0,-2.0,0,4,0.0,0,0,0,0,0,0,0
2020-11-14,BREAD,Pum Crmb,0.0,2.0,2.0,1.0,0,1,0.0,0,0,0,0,0,0,0
2020-11-14,ROLLS,Cinnamon,0.0,60.0,60.0,60.0,0,0,0.0,0,0,0,0,0,0,0
2020-11-14,ROLLS,Pum C-Roll,0.0,24.0,24.0,24.0,0,0,0.0,0,0,0,0,0,0,0
2020-11-14,ROLLS,Mini C-Roll,0.0,0.0,0.0,0.0,0,0,0.0,0,0,0,0,0,0,0
2020-11-14,SCONES,Blueberry,0.0,11.0,11.0,10.0,0,1,0.0,0,0,0,0,0,0,0
2020-11-14,SCONES,Rasp Cream,0.0,0.0,0.0,0.0,0,0,0.0,0,0,0,0,0,0,0
2020-11-14,SCONES,Cherry,0.0,0.0,0.0,0.0,0,0,0.0,0,0,0,0,0,0,0
2020-11-14,SCONES,Butt Almond,0.0,11.0,11.0,9.0,0,2,0.0,0,0,0,0,0,0,0
2020-11-14,SCONES,Turtle,0.0,0.0,0.0,0.0,0,0,0.0,0,0,0,0,0,0,0
2020-11-14,SCONES,Cin Chip,0.0,0.0,0.0,0.0,0,0,0.0,0,0,0,0,0,0,0
2020-11-14,SCONES,Pumpkin,0.0,6.0,6.0,4.0,0,2,0.0,0,0,0,0,0,0,0
2020-11-14,FRUIT BARS,Mixed Berry,0.0,0.0,0.0,0.0,0,0,0.0,0,0,0,0,0,0,0
2020-11-14,FRUIT BARS,Cherry,0.0,0.0,0.0,0.0,0,0,0.0,0,0,0,0,0,0,0
2020-11-14,FRUIT BARS,Apple Cin,0.0,10.0,10.0,4.0,0,6,0.0,0,0,0,0,0,0,0
2020-11-14,FRUIT BARS,Straw Rhub,0.0,10.0,10.0,7.0,0,3,0.0,0,0,0,0,0,0,0
2020-11-14,MUFFINS,Blue Stru,0.0,4.0,4.0,4.0,0,0,0.0,0,0,0,0,0,0,0
2020-11-14,MUFFINS,Mex Choc,0.0,4.0,4.0,2.0,0,2,0.0,0,0,0,0,0,0,0
2020-11-14,MUFFINS,Pump Choc,0.0,8.0,8.0,8.0,0,0,0.0,0,0,0,0,0,0,0
2020-11-14,MUFFINS,Pump Crumb,0.0,4.0,4.0,4.0,0,0,0.0,0,0,0,0,0,0,0
2020-11-14,MUFFINS,Cookies,0.0,0.0,0.0,0.0,0,0,0.0,0,0,0,0,0,0,0
2020-11-14,MUFFINS,Bars,0.0,0.0,0.0,0.0,0,0,0.0,0,0,0,0,0,0,0
2020-11-14,MUFFINS,PIES,,,,,0,0,,0,0,0,0,0,0,0
2020-11-14,MUFFINS,oatmeal choc,12.0,18.0,30.0,8.0,18,4,0.0,0,0,0,0,0,0,0
2020-11-14,MUFFINS,triple choc,13.0,18.0,31.0,7.0,18,6,0.0,0,0,0,0,0,0,0
2020-11-14,MUFFINS,snickerdoodle,12.0,18.0,30.0,12.0,17,1,0.0,0,0,0,0,0,0,0
2020-11-14,MUFFINS,frosted sugar,15.0,0.0,15.0,2.0,0,13,0.0,0,0,0,0,0,0,0
2020-11-14,MUFFINS,PUmpkin,4.0,4.0,8.0,8.0,0,0,0.0,0,0,0,0,0,0,0
2020-11-14,MUFFINS,brownie,1.0,3.0,4.0,3.0,0,1,0.0,0,0,0,0,0,0,0
2020-11-14,MUFFINS,Pec Pie Bar,4.0,2.0,6.0,3.0,0,3,0.0,0,0,0,0,0,0,0
2020-11-14,MUFFINS,PIES: PECAN,5.0,0.0,5.0,5.0,0,0,0.0,0,0,0,0,0,0,0
2020-11-14,MUFFINS,Pump|Sug Cr,2.0,0.0,2.0,-2.0,0,4,0.0,2,0,2,2,0,0,0
2020-11-14,MUFFINS,Ap|Ap Cran,4.0,0.0,4.0,4.0,0,0,0.0,2,0,2,1,0,0,0
2020-11-14,MUFFINS,Pump OHH,0.0,0.0,0.0,-2.0,0,2,0.0,0,0,0,0,0,0,0
2020-11-14,MUFFINS,Bread Pudding,0.0,0.0,0.0,0.0,0,0,0.0,0,0,0,0,0,0,0
2020-11-14,MUFFINS,Totals,72.0,215.0,287.0,184.0,53,50,0.0,4,0,4,3,0,0,0
2020-11-15,BREAD,H,0.0,0.0,0.0,0.0,0,0,0.0,0,0,0,0,0,0,0
2020-11-15,BREAD,FR,0.0,0.0,0.0,0.0,0,0,0.0,0,0,0,0,0,0,0
2020-11-15,BREAD,GW,0.0,0.0,0.0,0.0,0,0,0.0,0,0,0,0,0,0,0
2020-11-15,BREAD,DK,0.0,0.0,0.0,0.0,0,0,0.0,0,0,0,0,0,0,0
2020-11-15,BREAD,H5|Cran,0.0,0.0,0.0,0.0,0,0,0.0,0,0,0,0,0,0,0
2020-11-15,BREAD,CSRWL,0.0,0.0,0.0,0.0,0,0,0.0,0,0,0,0,0,0,0
2020-11-15,BREAD,P. Swirl,0.0,0.0,0.0,0.0,0,0,0.0,0,0,0,0,0,0,0
2020-11-15,BREAD,CNE,0.0,0.0,0.0,0.0,0,0,0.0,0,0,0,0,0,0,0
2020-11-15,BREAD,CNR,0.0,0.0,0.0,0.0,0,0,0.0,0,0,0,0,0,0,0
2020-11-15,BREAD,CNW,0.0,0.0,0.0,0.0,0,0,0.0,0,0,0,0,0,0,0
2020-11-15,BREAD,CG,0.0,0.0,0.0,0.0,0,0,0.0,0,0,0,0,0,0,0
2020-11-15,BREAD,pesto CG,0.0,0.0,0.0,0.0,0,0,0.0,0,0,0,0,0,0,0
2020-11-15,BREAD,VS,0.0,0.0,0.0,0.0,0,0,0.0,0,0,0,0,0,0,0
2020-11-15,BREAD,SOURDOUGH,0.0,0.0,0.0,0.0,0,0,0.0,0,0,0,0,0,0,0
2020-11-15,BREAD,RG SOUR,0.0,0.0,0.0,0.0,0,0,0.0,0,0,0,0,0,0,0
2020-11-15,BREAD,CB,0.0,0.0,0.0,0.0,0,0,0.0,0,0,0,0,0,0,0
2020-11-15,BREAD,CrO,0.0,0.0,0.0,0.0,0,0,0.0,0,0,0,0,0,0,0
2020-11-15,BREAD,Stuffing,0.0,0.0,0.0,0.0,0,0,0.0,0,0,0,0,0,0,0
2020-11-15,BREAD,CAR,0.0,0.0,0.0,0.0,0,0,0.0,0,0,0,0,0,0,0
2020-11-15,BREAD,IHF,0.0,0.0,0.0,0.0,0,0,0.0,0,0,0,0,0,0,0
2020-11-15,BREAD,BUT-Rls,0.0,0.0,0.0,0.0,0,0,0.0,0,0,0,0,0,0,0
2020-11-15,BREAD,H-RLS,0.0,0.0,0.0,0.0,0,0,0.0,0,0,0,0,0,0,0
2020-11-15,BREAD,FR-RLS,0.0,0.0,0.0,0.0,0,0,0.0,0,0,0,0,0,0,0
2020-11-15,BREAD,VS-RLS,0.0,0.0,0.0,0.0,0,0,0.0,0,0,0,0,0,0,0
2020-11-15,BREAD,Blue Stru,0.0,0.0,0.0,0.0,0,0,0.0,0,0,0,0,0,0,0
2020-11-15,BREAD,Mex Choc,0.0,0.0,0.0,0.0,0,0,0.0,0,0,0,0,0,0,0
2020-11-15,BREAD,Pum Choc,0.0,0.0,0.0,0.0,0,0,0.0,0,0,0,0,0,0,0
2020-11-15,BREAD,Pum Crmb,0.0,0.0,0.0,0.0,0,0,0.0,0,0,0,0,0,0,0
2020-11-15,ROLLS,Cinnamon,0.0,0.0,0.0,0.0,0,0,0.0,0,0,0,0,0,0,0
2020-11-15,ROLLS,Pum C-Roll,0.0,0.0,0.0,0.0,0,0,0.0,0,0,0,0,0,0,0
2020-11-15,ROLLS,Mini C-Roll,0.0,0.0,0.0,0.0,0,0,0.0,0,0,0,0,0,0,0
2020-11-15,SCONES,Blueberry,0.0,0.0,0.0,0.0,0,0,0.0,0,0,0,0,0,0,0
2020-11-15,SCONES,Rasp Cream,0.0,0.0,0.0,0.0,0,0,0.0,0,0,0,0,0,0,0
2020-11-15,SCONES,Cherry,0.0,0.0,0.0,0.0,0,0,0.0,0,0,0,0,0,0,0
2020-11-15,SCONES,Butt Almond,0.0,0.0,0.0,0.0,0,0,0.0,0,0,0,0,0,0,0
2020-11-15,SCONES,Turtle,0.0,0.0,0.0,0.0,0,0,0.0,0,0,0,0,0,0,0
2020-11-15,SCONES,Cin Chip,0.0,0.0,0.0,0.0,0,0,0.0,0,0,0,0,0,0,0
2020-11-15,SCONES,Pumpkin,0.0,0.0,0.0,0.0,0,0,0.0,0,0,0,0,0,0,0
2020-11-15,FRUIT BARS,Mixed Berry,0.0,0.0,0.0,0.0,0,0,0.0,0,0,0,0,0,0,0
2020-11-15,FRUIT BARS,Cherry,0.0,0.0,0.0,0.0,0,0,0.0,0,0,0,0,0,0,0
2020-11-15,FRUIT BARS,Apple Cin,0.0,0.0,0.0,0.0,0,0,0.0,0,0,0,0,0,0,0
2020-11-15,FRUIT BARS,Straw Rhub,0.0,0.0,0.0,0.0,0,0,0.0,0,0,0,0,0,0,0
2020-11-15,MUFFINS,Blue Stru,0.0,0.0,0.0,0.0,0,0,0.0,0,0,0,0,0,0,0
2020-11-15,MUFFINS,Mex Choc,0.0,0.0,0.0,0.0,0,0,0.0,0,0,0,0,0,0,0
2020-11-15,MUFFINS,Pump Choc,0.0,0.0,0.0,0.0,0,0,0.0,0,0,0,0,0,0,0
2020-11-15,MUFFINS,Pump Crumb,0.0,0.0,0.0,0.0,0,0,0.0,0,0,0,0,0,0,0
2020-11-15,MUFFINS,Cookies,0.0,0.0,0.0,0.0,0,0,0.0,0,0,0,0,0,0,0
2020-11-15,MUFFINS,Bars,0.0,0.0,0.0,0.0,0,0,0.0,0,0,0,0,0,0,0
2020-11-15,MUFFINS,PIES,,,,,0,0,,0,0,0,0,0,0,0
2020-11-15,MUFFINS,oatmeal choc,0.0,0.0,0.0,0.0,0,0,0.0,0,0,0,0,0,0,0
2020-11-15,MUFFINS,triple choc,0.0,0.0,0.0,0.0,0,0,0.0,0,0,0,0,0,0,0
2020-11-15,MUFFINS,snickerdoodle,0.0,0.0,0.0,0.0,0,0,0.0,0,0,0,0,0,0,0
2020-11-15,MUFFINS,frosted sugar,0.0,0.0,0.0,0.0,0,0,0.0,0,0,0,0,0,0,0
2020-11-15,MUFFINS,PUmpkin,0.0,0.0,0.0,0.0,0,0,0.0,0,0,0,0,0,0,0
2020-11-15,MUFFINS,brownie,0.0,0.0,0.0,0.0,0,0,0.0,0,0,0,0,0,0,0
2020-11-15,MUFFINS,Pec Pie Bar,0.0,0.0,0.0,0.0,0,0,0.0,0,0,0,0,0,0,0
2020-11-15,MUFFINS,PIES: PECAN,0.0,0.0,0.0,0.0,0,0,0.0,0,0,0,0,0,0,0
2020-11-15,MUFFINS,Pump|Sug Cr,0.0,0.0,0.0,0.0,0,0,0.0,0,0,0,0,0,0,0
2020-11-15,MUFFINS,Ap|Ap Cran,0.0,0.0,0.0,0.0,0,0,0.0,0,0,0,0,0,0,0
2020-11-15,MUFFINS,Pump OHH,0.0,0.0,0.0,0.0,0,0,0.0,0,0,0,0,0,0,0
2020-11-15,MUFFINS,Bread Pudding,0.0,0.0,0.0,0.0,0,0,0.0,0,0,0,0,0,0,0
2020-11-15,MUFFINS,Totals,0.0,0.0,0.0,0.0,0,0,0.0,0,0,0,0,0,0,0
2020-11-16,BREAD,H,0.0,32.0,32.0,20.0,0,0,12.0,0,0,0,0,0,0,0
2020-11-16,BREAD,FR,0.0,26.0,26.0,8.0,0,0,18.0,0,0,0,0,0,0,0
2020-11-16,BREAD,GW,0.0,11.0,11.0,4.0,0,0,7.0,0,0,0,0,0,0,0
2020-11-16,BREAD,DK,0.0,21.0,21.0,12.0,0,0,9.0,0,0,0,0,0,0,0
2020-11-16,BREAD,H5|Cran,0.0,0.0,0.0,0.0,0,0,0.0,0,0,0,0,0,0,0
2020-11-16,BREAD,CSRWL,0.0,16.0,16.0,9.0,0,0,7.0,0,3,3,0,0,0,3
2020-11-16,BREAD,P. Swirl,0.0,12.0,12.0,5.0,0,0,7.0,0,2,2,1,0,0,1
2020-11-16,BREAD,CNE,0.0,9.0,9.0,5.0,0,0,4.0,0,2,2,0,0,0,2
2020-11-16,BREAD,CNR,0.0,4.0,4.0,4.0,0,0,0.0,0,0,0,0,0,0,0
2020-11-16,BREAD,CNW,0.0,4.0,4.0,4.0,0,0,0.0,0,0,0,0,0,0,0
2020-11-16,BREAD,CG,0.0,9.0,9.0,5.0,2,0,2.0,0,2,2,2,0,0,0
2020-11-16,BREAD,pesto CG,0.0,5.0,5.0,4.0,0,0,1.0,0,0,0,0,0,0,0
2020-11-16,BREAD,cnA,0.0,0.0,0.0,0.0,0,0,0.0,0,0,0,0,0,0,0
2020-11-16,BREAD,CAW,0.0,0.0,0.0,0.0,0,0,0.0,0,0,0,0,0,0,0
2020-11-16,BREAD,VS,0.0,33.0,33.0,27.0,0,0,6.0,0,23,23,21,0,0,2
2020-11-16,BREAD,SOURDOUGH,0.0,26.0,26.0,18.0,0,0,8.0,0,0,0,0,0,0,0
2020-11-16,BREAD,RG SOUR,0.0,4.0,4.0,2.0,0,0,2.0,0,0,0,0,0,0,0
2020-11-16,BREAD,CB,0.0,0.0,0.0,0.0,0,0,0.0,0,0,0,0,0,0,0
2020-11-16,BREAD,CrO,0.0,0.0,0.0,0.0,0,0,0.0,0,0,0,0,0,0,0
2020-11-16,BREAD,Stuffing,0.0,0.0,0.0,0.0,0,0,0.0,0,0,0,0,0,0,0
2020-11-16,BREAD,CAR,0.0,0.0,0.0,0.0,0,0,0.0,0,0,0,0,0,0,0
2020-11-16,BREAD,IHF,0.0,0.0,0.0,0.0,0,0,0.0,0,0,0,0,0,0,0
2020-11-16,BREAD,TURKEY,0.0,2.0,2.0,0.0,0,0,2.0,0,0,0,0,0,0,0
2020-11-16,BREAD,BUT-Rls,0.0,0.0,0.0,0.0,0,0,0.0,0,0,0,0,0,0,0
2020-11-16,BREAD,H-RLS,0.0,1.0,1.0,1.0,0,0,0.0,0,0,0,0,0,0,0
2020-11-16,BREAD,FR-RLS,0.0,3.0,3.0,3.0,0,0,0.0,0,0,0,0,0,0,0
2020-11-16,BREAD,VS-RLS,0.0,4.0,4.0,4.0,0,0,0.0,0,0,0,0,0,0,0
2020-11-16,BREAD,Blue Stru,0.0,3.0,3.0,2.0,0,0,1.0,0,0,0,0,0,0,0
2020-11-16,BREAD,Mex Choc,0.0,3.0,3.0,1.0,0,0,2.0,0,0,0,0,0,0,0
2020-11-16,BREAD,Pum Choc,0.0,4.0,4.0,2.0,0,0,2.0,0,0,0,0,0,0,0
2020-11-16,BREAD,Pum Crmb,0.0,3.0,3.0,0.0,0,0,3.0,0,0,0,0,0,0,0
2020-11-16,ROLLS,Cinnamon,0.0,24.0,24.0,24.0,0,0,0.0,0,0,0,0,0,0,0
2020-11-16,ROLLS,Pum C-Roll,0.0,12.0,12.0,6.0,0,6,0.0,0,0,0,0,0,0,0
2020-11-16,ROLLS,Mini C-Roll,0.0,0.0,0.0,0.0,0,0,0.0,0,0,0,0,0,0,0
2020-11-16,SCONES,Blueberry,0.0,0.0,0.0,0.0,0,0,0.0,0,0,0,0,0,0,0
2020-11-16,SCONES,Rasp Cream,0.0,11.0,11.0,10.0,0,1,0.0,0,0,0,0,0,0,0
2020-11-16,SCONES,Cherry,0.0,0.0,0.0,0.0,0,0,0.0,0,0,0,0,0,0,0
2020-11-16,SCONES,Butt Almond,0.0,0.0,0.0,0.0,0,0,0.0,0,0,0,0,0,0,0
2020-11-16,SCONES,Turtle,0.0,0.0,0.0,0.0,0,0,0.0,0,0,0,0,0,0,0
2020-11-16,SCONES,Cin Chip,0.0,11.0,11.0,11.0,0,0,0.0,0,0,0,0,0,0,0
2020-11-16,SCONES,Pumpkin,0.0,8.0,8.0,6.0,0,2,0.0,0,0,0,0,0,0,0
2020-11-16,FRUIT BARS,Mixed Berry,0.0,10.0,10.0,5.0,0,5,0.0,0,0,0,0,0,0,0
2020-11-16,FRUIT BARS,Cherry,0.0,10.0,10.0,2.0,0,8,0.0,0,0,0,0,0,0,0
2020-11-16,FRUIT BARS,Apple Cin,0.0,0.0,0.0,0.0,0,0,0.0,0,0,0,0,0,0,0
2020-11-16,FRUIT BARS,Straw Rhub,0.0,0.0,0.0,0.0,0,0,0.0,0,0,0,0,0,0,0
2020-11-16,MUFFINS,Blue Stru,0.0,3.0,3.0,3.0,0,0,0.0,0,0,0,0,0,0,0
2020-11-16,MUFFINS,Mex Choc,0.0,3.0,3.0,1.0,0,2,0.0,0,0,0,0,0,0,0
2020-11-16,MUFFINS,Pump Choc,0.0,4.0,4.0,1.0,0,3,0.0,0,0,0,0,0,0,0
2020-11-16,MUFFINS,Pump Crumb,0.0,3.0,3.0,3.0,0,0,0.0,0,0,0,0,0,0,0
2020-11-16,MUFFINS,Cookies,0.0,0.0,0.0,0.0,0,0,0.0,0,0,0,0,0,0,0
2020-11-16,MUFFINS,Bars,0.0,0.0,0.0,0.0,0,0,0.0,0,0,0,0,0,0,0
2020-11-16,MUFFINS,PIES,,,,,0,0,,0,0,0,0,0,0,0
2020-11-16,MUFFINS,oatmeal choc,0.0,24.0,24.0,24.0,0,0,0.0,0,0,0,0,0,0,0
2020-11-16,MUFFINS,triple choc,0.0,24.0,24.0,17.0,0,0,7.0,0,0,0,0,0,0,0
2020-11-16,MUFFINS,snickerdoodle,0.0,24.0,24.0,18.0,0,0,6.0,0,0,0,0,0,0,0
2020-11-16,MUFFINS,frosted sugar,0.0,12.0,12.0,0.0,0,0,12.0,0,0,0,0,0,0,0
2020-11-16,MUFFINS,PUmpkin,0.0,6.0,6.0,1.0,0,0,5.0,0,0,0,0,0,0,0
2020-11-16,MUFFINS,brownie,0.0,4.0,4.0,2.0,0,0,2.0,0,0,0,0,0,0,0
2020-11-16,MUFFINS,Pec Pie Bar,0.0,4.0,4.0,0.0,0,0,4.0,0,0,0,0,0,0,0
2020-11-16,MUFFINS,PIES: PECAN,0.0,0.0,0.0,0.0,0,0,0.0,0,0,0,0,0,0,0
2020-11-16,MUFFINS,Pump|Sug Cr,0.0,0.0,0.0,0.0,0,0,0.0,0,0,0,0,0,0,0
2020-11-16,MUFFINS,Ap|Ap Cran,0.0,0.0,0.0,0.0,0,0,0.0,0,0,0,0,0,0,0
2020-11-16,MUFFINS,Pump OHH,0.0,0.0,0.0,0.0,0,0,0.0,0,0,0,0,0,0,0
2020-11-16,MUFFINS,Bread Pudding,0.0,0.0,0.0,0.0,0,0,0.0,0,0,0,0,0,0,0
2020-11-16,MUFFINS,Totals,0.0,197.0,197.0,134.0,0,27,36.0,0,0,0,0,0,0,0
2020-11-17,BREAD,H,12.0,23.0,35.0,6.0,4,0,25.0,0,0,0,0,0,0,0
2020-11-17,BREAD,FR,18.0,4.0,22.0,22.0,0,0,0.0,0,0,0,0,0,0,0
2020-11-17,BREAD,GW,7.0,4.0,11.0,7.0,0,0,4.0,0,0,0,0,0,0,0
2020-11-17,BREAD,DK,9.0,0.0,9.0,9.0,0,0,0.0,0,0,0,0,0,0,0
2020-11-17,BREAD,H5|Cran,0.0,17.0,17.0,6.0,0,0,11.0,0,4,4,2,0,0,2
2020-11-17,BREAD,CSRWL,7.0,8.0,15.0,15.0,0,0,0.0,3,0,3,1,0,0,0
2020-11-17,BREAD,P. Swirl,7.0,4.0,11.0,8.0,0,3,0.0,1,2,3,1,0,0,0
2020-11-17,BREAD,CNE,4.0,0.0,4.0,4.0,0,0,0.0,2,0,2,1,0,0,0
2020-11-17,BREAD,CNR,0.0,0.0,0.0,0.0,0,0,0.0,0,0,0,0,0,0,0
2020-11-17,BREAD,CNW,0.0,0.0,0.0,0.0,0,0,0.0,0,0,0,0,0,0,0
2020-11-17,BREAD,CG,2.0,0.0,2.0,2.0,0,0,0.0,0,0,0,0,0,0,0
2020-11-17,BREAD,pesto CG,1.0,0.0,1.0,1.0,0,0,0.0,0,0,0,0,0,0,0
2020-11-17,BREAD,cnA,0.0,0.0,0.0,0.0,0,0,0.0,0,0,0,0,0,0,0
2020-11-17,BREAD,CAW,0.0,0.0,0.0,0.0,0,0,0.0,0,0,0,0,0,0,0
2020-11-17,BREAD,VS,6.0,48.0,54.0,4.0,45,5,0.0,2,32,34,2,0,0,0
2020-11-17,BREAD,SOURDOUGH,8.0,14.0,22.0,8.0,12,2,0.0,0,0,0,0,0,0,0
2020-11-17,BREAD,RG SOUR,2.0,0.0,2.0,2.0,0,0,0.0,0,0,0,0,0,0,0
2020-11-17,BREAD,CB,0.0,9.0,9.0,6.0,0,0,3.0,0,2,2,2,0,0,0
2020-11-17,BREAD,CrO,0.0,17.0,17.0,5.0,2,0,10.0,0,4,4,3,0,0,1
2020-11-17,BREAD,Stuffing,0.0,0.0,0.0,0.0,0,0,0.0,0,0,0,0,0,0,0
2020-11-17,BREAD,GW buns,0.0,2.0,2.0,0.0,1,0,1.0,0,0,0,0,0,0,0
2020-11-17,BREAD,CAR,0.0,19.0,19.0,10.0,0,0,9.0,0,0,0,0,0,0,0
2020-11-17,BREAD,IHF,0.0,0.0,0.0,0.0,0,0,0.0,0,0,0,0,0,0,0
2020-11-17,BREAD,TURKEY,0.0,3.0,3.0,-1.0,1,0,3.0,0,0,0,0,0,0,0
2020-11-17,BREAD,BUT-Rls,0.0,0.0,0.0,0.0,0,0,0.0,0,0,0,0,0,0,0
2020-11-17,BREAD,H-RLS,0.0,2.0,2.0,1.0,0,0,1.0,0,0,0,0,0,0,0
2020-11-17,BREAD,FR-RLS,0.0,3.0,3.0,3.0,0,0,0.0,0,0,0,0,0,0,0
2020-11-17,BREAD,VS-RLS,0.0,5.0,5.0,3.0,0,0,2.0,0,0,0,0,0,0,0
2020-11-17,BREAD,Blue Stru,1.0,2.0,3.0,3.0,0,0,0.0,0,0,0,0,0,0,0
2020-11-17,BREAD,Mex Choc,2.0,1.0,3.0,2.0,0,0,1.0,0,0,0,0,0,0,0
2020-11-17,BREAD,Pum Choc,2.0,2.0,4.0,0.0,0,2,2.0,0,0,0,0,0,0,0
2020-11-17,BREAD,Pum Crmb,3.0,0.0,3.0,0.0,0,3,0.0,0,0,0,0,0,0,0
2020-11-17,ROLLS,Cinnamon,0.0,24.0,24.0,24.0,0,0,0.0,0,0,0,0,0,0,0
2020-11-17,ROLLS,Pum C-Roll,0.0,12.0,12.0,7.0,0,5,0.0,0,0,0,0,0,0,0
2020-11-17,ROLLS,Mini C-Roll,0.0,24.0,24.0,0.0,24,0,0.0,0,0,0,0,0,0,0
2020-11-17,SCONES,Blueberry,0.0,13.0,13.0,13.0,0,0,0.0,0,0,0,0,0,0,0
2020-11-17,SCONES,Rasp Cream,0.0,0.0,0.0,0.0,0,0,0.0,0,0,0,0,0,0,0
2020-11-17,SCONES,Cherry,0.0,0.0,0.0,0.0,0,0,0.0,0,0,0,0,0,0,0
2020-11-17,SCONES,Butt Almond,0.0,0.0,0.0,0.0,0,0,0.0,0,0,0,0,0,0,0
2020-11-17,SCONES,Turtle,0.0,0.0,0.0,0.0,0,0,0.0,0,0,0,0,0,0,0
2020-11-17,SCONES,Cin Chip,0.0,9.0,9.0,8.0,0,1,0.0,0,0,0,0,0,0,0
2020-11-17,SCONES,Pumpkin,0.0,8.0,8.0,2.0,0,6,0.0,0,0,0,0,0,0,0
2020-11-17,FRUIT BARS,Mixed Berry,0.0,0.0,0.0,0.0,0,0,0.0,0,0,0,0,0,0,0
2020-11-17,FRUIT BARS,Cherry,0.0,0.0,0.0,0.0,0,0,0.0,0,0,0,0,0,0,0
2020-11-17,FRUIT BARS,Apple Cin,0.0,10.0,10.0,5.0,0,5,0.0,0,0,0,0,0,0,0
2020-11-17,FRUIT BARS,Straw Rhub,0.0,10.0,10.0,6.0,0,4,0.0,0,0,0,0,0,0,0
2020-11-17,MUFFINS,Blue Stru,0.0,3.0,3.0,2.0,0,1,0.0,0,0,0,0,0,0,0
2020-11-17,MUFFINS,Mex Choc,0.0,3.0,3.0,1.0,0,2,0.0,0,0,0,0,0,0,0
2020-11-17,MUFFINS,Pump Choc,0.0,5.0,5.0,1.0,0,4,0.0,0,0,0,0,0,0,0
2020-11-17,MUFFINS,Pump Crumb,0.0,3.0,3.0,1.0,0,2,0.0,0,0,0,0,0,0,0
2020-11-17,MUFFINS,Cookies,0.0,0.0,0.0,0.0,0,0,0.0,0,0,0,0,0,0,0
2020-11-17,MUFFINS,Bars,0.0,0.0,0.0,0.0,0,0,0.0,0,0,0,0,0,0,0
2020-11-17,MUFFINS,PIES,,,,,0,0,,0,0,0,0,0,0,0
2020-11-17,MUFFINS,oatmeal choc,0.0,24.0,24.0,24.0,0,0,0.0,0,0,0,0,0,0,0
2020-11-17,MUFFINS,triple choc,7.0,24.0,31.0,28.0,0,0,3.0,0,0,0,0,0,0,0
2020-11-17,MUFFINS,snickerdoodle,6.0,24.0,30.0,27.0,0,0,3.0,0,0,0,0,0,0,0
2020-11-17,MUFFINS,frosted sugar,12.0,18.0,30.0,6.0,0,0,24.0,0,0,0,0,0,0,0
2020-11-17,MUFFINS,PUmpkin,5.0,10.0,15.0,6.0,0,0,9.0,0,0,0,0,0,0,0
2020-11-17,MUFFINS,brownie,2.0,6.0,8.0,3.0,0,5,0.0,0,0,0,0,0,0,0
2020-11-17,MUFFINS,Pec Pie Bar,4.0,8.0,12.0,8.0,0,0,4.0,0,0,0,0,0,0,0
2020-11-17,MUFFINS,PIES: PECAN,0.0,0.0,0.0,0.0,0,0,0.0,0,0,0,0,0,0,0
2020-11-17,MUFFINS,Pump|Sug Cr,0.0,0.0,0.0,0.0,0,0,0.0,0,0,0,0,0,0,0
2020-11-17,MUFFINS,Ap|Ap Cran,0.0,0.0,0.0,0.0,0,0,0.0,0,0,0,0,0,0,0
2020-11-17,MUFFINS,Pump OHH,0.0,0.0,0.0,0.0,0,0,0.0,0,0,0,0,0,0,0
2020-11-17,MUFFINS,Bread Pudding,0.0,0.0,0.0,0.0,0,0,0.0,0,0,0,0,0,0,0
2020-11-17,MUFFINS,Totals,36.0,238.0,274.0,172.0,24,35,43.0,0,0,0,0,0,0,0
2020-11-18,BREAD,H,25.0,13.0,38.0,14.0,0,0,24.0,0,0,0,0,0,0,0
2020-11-18,BREAD,FR,0.0,27.0,27.0,10.0,0,0,17.0,0,0,0,0,0,0,0
2020-11-18,BREAD,GW,4.0,0.0,4.0,4.0,0,0,0.0,0,0,0,0,0,0,0
2020-11-18,BREAD,DK,0.0,29.0,29.0,13.0,9,0,7.0,0,0,0,0,0,0,0
2020-11-18,BREAD,H5|Cran,11.0,0.0,11.0,8.0,0,0,3.0,2,0,2,2,0,0,0
2020-11-18,BREAD,CSRWL,0.0,16.0,16.0,13.0,0,0,3.0,0,3,3,0,0,0,3
2020-11-18,BREAD,P. Swirl,0.0,12.0,12.0,5.0,0,0,7.0,0,2,2,1,0,0,1
2020-11-18,BREAD,CNE,0.0,14.0,14.0,10.0,4,0,0.0,0,3,3,1,0,0,2
2020-11-18,BREAD,CNR,0.0,6.0,6.0,4.0,0,0,2.0,0,0,0,0,0,0,0
2020-11-18,BREAD,CNW,0.0,5.0,5.0,1.0,1,0,3.0,0,0,0,0,0,0,0
2020-11-18,BREAD,CG,0.0,10.0,10.0,4.0,0,0,6.0,0,3,3,3,0,0,0
2020-11-18,BREAD,pesto CG,0.0,7.0,7.0,3.0,0,0,4.0,0,0,0,0,0,0,0
2020-11-18,BREAD,cnA,0.0,0.0,0.0,0.0,0,0,0.0,0,0,0,0,0,0,0
2020-11-18,BREAD,CAW,0.0,0.0,0.0,0.0,0,0,0.0,0,0,0,0,0,0,0
2020-11-18,BREAD,VS,0.0,21.0,21.0,5.0,0,0,16.0,0,2,2,-2,0,0,4
2020-11-18,BREAD,SOURDOUGH,0.0,17.0,17.0,13.0,0,0,4.0,0,0,0,0,0,0,0
2020-11-18,BREAD,RG SOUR,0.0,6.0,6.0,2.0,0,0,4.0,0,0,0,0,0,0,0
2020-11-18,BREAD,CB,3.0,0.0,3.0,0.0,0,3,0.0,0,0,0,0,0,0,0
2020-11-18,BREAD,CrO,10.0,0.0,10.0,10.0,0,0,0.0,1,0,1,1,0,0,0
2020-11-18,BREAD,Stuffing,0.0,0.0,0.0,0.0,0,0,0.0,0,0,0,0,0,0,0
2020-11-18,BREAD,CAR,9.0,0.0,9.0,1.0,0,8,0.0,0,0,0,0,0,0,0
2020-11-18,BREAD,IHF,0.0,0.0,0.0,0.0,0,0,0.0,0,0,0,0,0,0,0
2020-11-18,BREAD,TURKEY,3.0,0.0,3.0,3.0,0,0,0.0,0,0,0,0,0,0,0
2020-11-18,BREAD,BUT-Rls,0.0,0.0,0.0,0.0,0,0,0.0,0,0,0,0,0,0,0
2020-11-18,BREAD,H-RLS,1.0,2.0,3.0,2.0,0,0,1.0,0,0,0,0,0,0,0
2020-11-18,BREAD,FR-RLS,0.0,2.0,2.0,2.0,0,0,0.0,0,0,0,0,0,0,0
2020-11-18,BREAD,VS-RLS,2.0,3.0,5.0,1.0,0,0,4.0,0,0,0,0,0,0,0
2020-11-18,BREAD,Blue Stru,0.0,3.0,3.0,2.0,0,0,1.0,0,0,0,0,0,0,0
2020-11-18,BREAD,Mex Choc,1.0,3.0,4.0,0.0,0,1,3.0,0,0,0,0,0,0,0
2020-11-18,BREAD,Pum Choc,2.0,4.0,6.0,4.0,2,0,0.0,0,0,0,0,0,0,0
2020-11-18,BREAD,Pum Crmb,0.0,4.0,4.0,2.0,1,0,1.0,0,0,0,0,0,0,0
2020-11-18,ROLLS,Cinnamon,0.0,24.0,24.0,21.0,0,3,0.0,0,0,0,0,0,0,0
2020-11-18,ROLLS,Pum C-Roll,0.0,12.0,12.0,7.0,0,5,0.0,0,0,0,0,0,0,0
2020-11-18,ROLLS,Mini C-Roll,0.0,0.0,0.0,0.0,0,0,0.0,0,0,0,0,0,0,0
2020-11-18,SCONES,Blueberry,0.0,0.0,0.0,0.0,0,0,0.0,0,0,0,0,0,0,0
2020-11-18,SCONES,Rasp Cream,0.0,22.0,22.0,17.0,4,1,0.0,0,17,17,17,0,0,0
2020-11-18,SCONES,Cherry,0.0,0.0,0.0,0.0,0,0,0.0,0,0,0,0,0,0,0
2020-11-18,SCONES,Butt Almond,0.0,0.0,0.0,0.0,0,0,0.0,0,0,0,0,0,0,0
2020-11-18,SCONES,Turtle,0.0,11.0,11.0,6.0,0,5,0.0,0,13,13,13,0,0,0
2020-11-18,SCONES,Cin Chip,0.0,0.0,0.0,0.0,0,0,0.0,0,0,0,0,0,0,0
2020-11-18,SCONES,Pumpkin,0.0,6.0,6.0,5.0,0,1,0.0,0,0,0,0,0,0,0
2020-11-18,FRUIT BARS,Mixed Berry,0.0,10.0,10.0,6.0,0,4,0.0,0,0,0,0,0,0,0
2020-11-18,FRUIT BARS,Cherry,0.0,10.0,10.0,6.0,0,4,0.0,0,0,0,0,0,0,0
2020-11-18,FRUIT BARS,Apple Cin,0.0,0.0,0.0,0.0,0,0,0.0,0,0,0,0,0,0,0
2020-11-18,FRUIT BARS,Straw Rhub,0.0,0.0,0.0,0.0,0,0,0.0,0,0,0,0,0,0,0
2020-11-18,MUFFINS,Blue Stru,0.0,3.0,3.0,3.0,0,0,0.0,0,0,0,0,0,0,0
2020-11-18,MUFFINS,Mex Choc,0.0,3.0,3.0,1.0,0,2,0.0,0,0,0,0,0,0,0
2020-11-18,MUFFINS,Pump Choc,0.0,4.0,4.0,4.0,0,0,0.0,0,0,0,0,0,0,0
2020-11-18,MUFFINS,Pump Crumb,0.0,3.0,3.0,1.0,0,2,0.0,0,0,0,0,0,0,0
2020-11-18,MUFFINS,Cookies,0.0,0.0,0.0,0.0,0,0,0.0,0,0,0,0,0,0,0
2020-11-18,MUFFINS,Bars,0.0,0.0,0.0,0.0,0,0,0.0,0,0,0,0,0,0,0
2020-11-18,MUFFINS,PIES,,,,,0,0,,0,0,0,0,0,0,0
2020-11-18,MUFFINS,oatmeal choc,0.0,30.0,30.0,15.0,7,0,8.0,0,18,18,18,0,0,0
2020-11-18,MUFFINS,triple choc,3.0,30.0,33.0,19.0,7,0,7.0,0,0,0,0,0,0,0
2020-11-18,MUFFINS,snickerdoodle,3.0,30.0,33.0,25.0,6,0,2.0,0,0,0,0,0,0,0
2020-11-18,MUFFINS,frosted sugar,24.0,0.0,24.0,12.0,0,3,9.0,0,0,0,0,0,0,0
2020-11-18,MUFFINS,PUmpkin,9.0,5.0,14.0,13.0,0,0,1.0,0,0,0,0,0,0,0
2020-11-18,MUFFINS,brownie,0.0,6.0,6.0,6.0,0,0,0.0,0,0,0,0,0,0,0
2020-11-18,MUFFINS,Pec Pie Bar,4.0,4.0,8.0,7.0,0,0,1.0,0,0,0,0,0,0,0
2020-11-18,MUFFINS,PIES: PECAN,0.0,0.0,0.0,0.0,0,0,0.0,0,0,0,0,0,0,0
2020-11-18,MUFFINS,Pump|Sug Cr,0.0,0.0,0.0,0.0,0,0,0.0,0,0,0,0,0,0,0
2020-11-18,MUFFINS,Ap|Ap Cran,0.0,0.0,0.0,0.0,0,0,0.0,0,0,0,0,0,0,0
2020-11-18,MUFFINS,Pump OHH,0.0,0.0,0.0,0.0,0,0,0.0,0,0,0,0,0,0,0
2020-11-18,MUFFINS,Bread Pudding,0.0,0.0,0.0,0.0,0,0,0.0,0,0,0,0,0,0,0
2020-11-18,MUFFINS,Totals,43.0,213.0,256.0,174.0,24,30,28.0,0,48,48,48,0,0,0
2020-11-19,BREAD,H,24.0,11.0,35.0,16.0,6,5,8.0,0,0,0,0,0,0,0
2020-11-19,BREAD,FR,17.0,39.0,56.0,13.0,34,0,9.0,0,0,0,0,0,0,0
2020-11-19,BREAD,GW,0.0,14.0,14.0,3.0,0,0,11.0,0,0,0,0,0,0,0
2020-11-19,BREAD,DK,7.0,0.0,7.0,0.0,0,0,7.0,0,0,0,0,0,0,0
2020-11-19,BREAD,H5|Cran,3.0,12.0,15.0,6.0,0,0,9.0,0,8,8,6,0,0,0
2020-11-19,BREAD,CSRWL,3.0,16.0,19.0,12.0,0,0,7.0,3,0,3,3,0,0,0
2020-11-19,BREAD,P. Swirl,7.0,4.0,11.0,7.0,0,2,2.0,1,2,3,3,0,0,0
2020-11-19,BREAD,CNE,0.0,0.0,0.0,0.0,0,0,0.0,2,0,2,2,0,0,0
2020-11-19,BREAD,CNR,2.0,0.0,2.0,2.0,0,0,0.0,0,0,0,0,0,0,0
2020-11-19,BREAD,CNW,3.0,0.0,3.0,3.0,0,0,0.0,0,0,0,0,0,0,0
2020-11-19,BREAD,CG,6.0,0.0,6.0,3.0,0,3,0.0,0,0,0,0,0,0,0
2020-11-19,BREAD,pesto CG,4.0,0.0,4.0,3.0,0,1,0.0,0,0,0,0,0,0,0
2020-11-19,BREAD,cnA,0.0,0.0,0.0,0.0,0,0,0.0,0,0,0,0,0,0,0
2020-11-19,BREAD,CAW,0.0,0.0,0.0,0.0,0,0,0.0,0,0,0,0,0,0,0
2020-11-19,BREAD,VS,16.0,44.0,60.0,2.0,50,8,0.0,4,12,16,3,0,0,0
2020-11-19,BREAD,SOURDOUGH,4.0,0.0,4.0,4.0,0,0,0.0,0,0,0,0,0,0,0
2020-11-19,BREAD,RG SOUR,4.0,0.0,4.0,3.0,0,1,0.0,0,0,0,0,0,0,0
2020-11-19,BREAD,CB,0.0,12.0,12.0,5.0,0,0,7.0,0,7,7,3,0,0,3
2020-11-19,BREAD,CrO,0.0,17.0,17.0,4.0,0,0,13.0,0,6,6,5,0,0,1
2020-11-19,BREAD,Stuffing,0.0,9.0,9.0,7.0,0,0,2.0,0,0,0,0,0,0,0
2020-11-19,BREAD,CAR,0.0,0.0,0.0,0.0,0,0,0.0,0,0,0,0,0,0,0
2020-11-19,BREAD,IHF,0.0,36.0,36.0,6.0,0,0,30.0,0,0,0,0,0,0,0
2020-11-19,BREAD,TURKEY,0.0,3.0,3.0,1.0,0,0,2.0,0,0,0,0,0,0,0
2020-11-19,BREAD,BUT-Rls,0.0,0.0,0.0,-1.0,1,0,0.0,0,0,0,0,0,0,0
2020-11-19,BREAD,H-RLS,1.0,8.0,9.0,0.0,8,0,1.0,0,0,0,0,0,0,0
2020-11-19,BREAD,FR-RLS,0.0,4.0,4.0,3.0,1,0,0.0,0,0,0,0,0,0,0
2020-11-19,BREAD,VS-RLS,4.0,5.0,9.0,9.0,0,0,0.0,0,0,0,0,0,0,0
2020-11-19,BREAD,Blue Stru,1.0,2.0,3.0,0.0,0,1,2.0,0,0,0,0,0,0,0
2020-11-19,BREAD,Mex Choc,3.0,0.0,3.0,1.0,0,2,0.0,0,0,0,0,0,0,0
2020-11-19,BREAD,Pum Choc,0.0,4.0,4.0,4.0,0,0,0.0,0,0,0,0,0,0,0
2020-11-19,BREAD,Pum Crmb,1.0,2.0,3.0,-1.0,0,2,2.0,0,0,0,0,0,0,0
2020-11-19,ROLLS,Cinnamon,0.0,24.0,24.0,24.0,0,0,0.0,0,0,0,0,0,0,0
2020-11-19,ROLLS,Pum C-Roll,0.0,12.0,12.0,12.0,0,0,0.0,0,0,0,0,0,0,0
2020-11-19,ROLLS,Mini C-Roll,0.0,24.0,24.0,0.0,24,0,0.0,0,0,0,0,0,0,0
2020-11-19,SCONES,Blueberry,0.0,12.0,12.0,10.0,0,2,0.0,0,0,0,0,0,0,0
2020-11-19,SCONES,Rasp Cream,0.0,0.0,0.0,0.0,0,0,0.0,0,0,0,0,0,0,0
2020-11-19,SCONES,Cherry,0.0,0.0,0.0,0.0,0,0,0.0,0,0,0,0,0,0,0
2020-11-19,SCONES,Butt Almond,0.0,0.0,0.0,0.0,0,0,0.0,0,0,0,0,0,0,0
2020-11-19,SCONES,Turtle,0.0,10.0,10.0,10.0,0,0,0.0,0,0,0,0,0,0,0
2020-11-19,SCONES,Cin Chip,0.0,0.0,0.0,0.0,0,0,0.0,0,0,0,0,0,0,0
2020-11-19,SCONES,Pumpkin,0.0,8.0,8.0,8.0,0,0,0.0,0,0,0,0,0,0,0
2020-11-19,FRUIT BARS,Mixed Berry,0.0,0.0,0.0,0.0,0,0,0.0,0,0,0,0,0,0,0
2020-11-19,FRUIT BARS,Cherry,0.0,0.0,0.0,0.0,0,0,0.0,0,0,0,0,0,0,0
2020-11-19,FRUIT BARS,Apple Cin,0.0,10.0,10.0,9.0,0,1,0.0,0,0,0,0,0,0,0
2020-11-19,FRUIT BARS,Straw Rhub,0.0,10.0,10.0,6.0,0,4,0.0,0,0,0,0,0,0,0
2020-11-19,MUFFINS,Blue Stru,0.0,3.0,3.0,3.0,0,0,0.0,0,0,0,0,0,0,0
2020-11-19,MUFFINS,Mex Choc,0.0,3.0,3.0,3.0,0,0,0.0,0,0,0,0,0,0,0
2020-11-19,MUFFINS,Pump Choc,0.0,4.0,4.0,4.0,0,0,0.0,0,0,0,0,0,0,0
2020-11-19,MUFFINS,Pump Crumb,0.0,3.0,3.0,3.0,0,0,0.0,0,0,0,0,0,0,0
2020-11-19,MUFFINS,Cookies,0.0,0.0,0.0,0.0,0,0,0.0,0,0,0,0,0,0,0
2020-11-19,MUFFINS,Bars,0.0,0.0,0.0,0.0,0,0,0.0,0,0,0,0,0,0,0
2020-11-19,MUFFINS,PIES,,,,,0,0,,0,0,0,0,0,0,0
2020-11-19,MUFFINS,oatmeal choc,8.0,12.0,20.0,19.0,0,0,1.0,0,0,0,0,0,0,0
2020-11-19,MUFFINS,triple choc,7.0,12.0,19.0,11.0,0,0,8.0,0,0,0,0,0,0,0
2020-11-19,MUFFINS,snickerdoodle,2.0,18.0,20.0,8.0,0,0,12.0,0,0,0,0,0,0,0
2020-11-19,MUFFINS,frosted sugar,9.0,9.0,18.0,9.0,0,6,3.0,0,0,0,0,0,0,0
2020-11-19,MUFFINS,PUmpkin,1.0,9.0,10.0,4.0,0,0,6.0,0,0,0,0,0,0,0
2020-11-19,MUFFINS,brownie,0.0,8.0,8.0,4.0,0,0,4.0,0,0,0,0,0,0,0
2020-11-19,MUFFINS,Pec Pie Bar,1.0,7.0,8.0,7.0,0,0,1.0,0,0,0,0,0,0,0
2020-11-19,MUFFINS,PIES: PECAN,0.0,0.0,0.0,0.0,0,0,0.0,0,0,0,0,0,0,0
2020-11-19,MUFFINS,Pump|Sug Cr,0.0,0.0,0.0,0.0,0,0,0.0,0,0,0,0,0,0,0
2020-11-19,MUFFINS,Ap|Ap Cran,0.0,0.0,0.0,0.0,0,0,0.0,0,0,0,0,0,0,0
2020-11-19,MUFFINS,Pump OHH,0.0,0.0,0.0,0.0,0,0,0.0,0,0,0,0,0,0,0
2020-11-19,MUFFINS,Bread Pudding,0.0,0.0,0.0,0.0,0,0,0.0,0,0,0,0,0,0,0
2020-11-19,MUFFINS,Totals,28.0,198.0,226.0,154.0,24,13,35.0,0,0,0,0,0,0,0
2020-11-20,BREAD,H,8.0,39.0,47.0,28.0,6,0,13.0,0,0,0,0,0,0,0
2020-11-20,BREAD,FR,9.0,42.0,51.0,29.0,1,0,21.0,0,0,0,0,0,0,0
2020-11-20,BREAD,GW,11.0,2.0,13.0,7.0,2,4,0.0,0,0,0,0,0,0,0
2020-11-20,BREAD,DK,7.0,21.0,28.0,23.0,0,0,5.0,0,0,0,0,0,0,0
2020-11-20,BREAD,H5|Cran,9.0,0.0,9.0,9.0,0,0,0.0,0,0,0,0,0,0,0
2020-11-20,BREAD,CSRWL,7.0,16.0,23.0,17.0,0,0,6.0,0,5,5,5,0,0,0
2020-11-20,BREAD,P. Swirl,2.0,16.0,18.0,10.0,0,0,8.0,0,4,4,4,0,0,0
2020-11-20,BREAD,CNE,0.0,19.0,19.0,16.0,2,0,1.0,0,4,4,3,0,0,1
2020-11-20,BREAD,CNR,0.0,10.0,10.0,7.0,0,0,3.0,0,0,0,0,0,0,0
2020-11-20,BREAD,CNW,0.0,10.0,10.0,9.0,0,0,1.0,0,0,0,0,0,0,0
2020-11-20,BREAD,CG,0.0,9.0,9.0,6.0,0,0,3.0,0,4,4,3,0,0,1
2020-11-20,BREAD,pesto CG,0.0,8.0,8.0,5.0,0,0,3.0,0,0,0,0,0,0,0
2020-11-20,BREAD,cnA,0.0,0.0,0.0,0.0,0,0,0.0,0,0,0,0,0,0,0
2020-11-20,BREAD,CAW,0.0,0.0,0.0,0.0,0,0,0.0,0,0,0,0,0,0,0
2020-11-20,BREAD,VS,0.0,0.0,0.0,0.0,0,0,0.0,0,0,0,-2,0,0,2
2020-11-20,BREAD,SOURDOUGH,0.0,21.0,21.0,10.0,1,0,10.0,0,0,0,0,0,0,0
2020-11-20,BREAD,RG SOUR,0.0,8.0,8.0,4.0,0,0,4.0,0,0,0,0,0,0,0
2020-11-20,BREAD,CB,7.0,0.0,7.0,7.0,0,0,0.0,3,0,3,3,0,0,0
2020-11-20,BREAD,CrO,13.0,0.0,13.0,6.0,0,0,7.0,1,0,1,1,0,0,0
2020-11-20,BREAD,Stuffing,2.0,17.0,19.0,11.0,0,0,8.0,0,0,0,0,0,0,0
2020-11-20,BREAD,CAR,0.0,0.0,0.0,0.0,0,0,0.0,0,0,0,0,0,0,0
2020-11-20,BREAD,IHF,30.0,0.0,30.0,30.0,0,0,0.0,0,0,0,0,0,0,0
2020-11-20,BREAD,TURKEY,2.0,9.0,11.0,5.0,2,0,4.0,0,0,0,0,0,0,0
2020-11-20,BREAD,BUT-Rls,0.0,39.0,39.0,26.0,1,0,12.0,0,0,0,0,0,0,0
2020-11-20,BREAD,H-RLS,1.0,8.0,9.0,8.0,0,0,1.0,0,0,0,0,0,0,0
2020-11-20,BREAD,FR-RLS,0.0,0.0,0.0,0.0,0,0,0.0,0,0,0,0,0,0,0
2020-11-20,BREAD,VS-RLS,0.0,0.0,0.0,0.0,0,0,0.0,0,0,0,0,0,0,0
2020-11-20,BREAD,Blue Stru,2.0,4.0,6.0,3.0,0,0,3.0,0,0,0,0,0,0,0
2020-11-20,BREAD,Mex Choc,0.0,6.0,6.0,4.0,0,0,2.0,0,0,0,0,0,0,0
2020-11-20,BREAD,Pum Choc,0.0,6.0,6.0,3.0,0,0,3.0,0,0,0,0,0,0,0
2020-11-20,BREAD,Pum Crmb,2.0,4.0,6.0,6.0,0,0,0.0,0,0,0,0,0,0,0
2020-11-20,ROLLS,Cinnamon,0.0,36.0,36.0,32.0,4,0,0.0,0,0,0,0,0,0,0
2020-11-20,ROLLS,Pum C-Roll,0.0,24.0,24.0,19.0,0,5,0.0,0,0,0,0,0,0,0
2020-11-20,ROLLS,Mini C-Roll,0.0,0.0,0.0,0.0,0,0,0.0,0,0,0,0,0,0,0
2020-11-20,SCONES,Blueberry,0.0,0.0,0.0,0.0,0,0,0.0,0,0,0,0,0,0,0
2020-11-20,SCONES,Rasp Cream,0.0,0.0,0.0,0.0,0,0,0.0,0,0,0,0,0,0,0
2020-11-20,SCONES,Cherry,0.0,25.0,25.0,17.0,4,4,0.0,0,0,0,0,0,0,0
2020-11-20,SCONES,Butt Almond,0.0,19.0,19.0,15.0,4,0,0.0,0,0,0,0,0,0,0
2020-11-20,SCONES,Turtle,0.0,0.0,0.0,0.0,0,0,0.0,0,0,0,0,0,0,0
2020-11-20,SCONES,Cin Chip,0.0,0.0,0.0,0.0,0,0,0.0,0,0,0,0,0,0,0
2020-11-20,SCONES,Pumpkin,0.0,10.0,10.0,4.0,2,4,0.0,0,0,0,0,0,0,0
2020-11-20,FRUIT BARS,Mixed Berry,0.0,10.0,10.0,10.0,0,0,0.0,0,0,0,0,0,0,0
2020-11-20,FRUIT BARS,Cherry,0.0,10.0,10.0,8.0,0,2,0.0,0,0,0,0,0,0,0
2020-11-20,FRUIT BARS,Apple Cin,0.0,0.0,0.0,0.0,0,0,0.0,0,0,0,0,0,0,0
2020-11-20,FRUIT BARS,Straw Rhub,0.0,0.0,0.0,0.0,0,0,0.0,0,0,0,0,0,0,0
2020-11-20,MUFFINS,Blue Stru,0.0,6.0,6.0,6.0,0,0,0.0,0,0,0,0,0,0,0
2020-11-20,MUFFINS,Mex Choc,0.0,4.0,4.0,1.0,0,3,0.0,0,0,0,0,0,0,0
2020-11-20,MUFFINS,Pump Choc,0.0,8.0,8.0,8.0,0,0,0.0,0,0,0,0,0,0,0
2020-11-20,MUFFINS,Pump Crumb,0.0,6.0,6.0,6.0,0,0,0.0,0,0,0,0,0,0,0
2020-11-20,MUFFINS,Cookies,0.0,0.0,0.0,0.0,0,0,0.0,0,0,0,0,0,0,0
2020-11-20,MUFFINS,Bars,0.0,0.0,0.0,0.0,0,0,0.0,0,0,0,0,0,0,0
2020-11-20,MUFFINS,PIES,,,,,0,0,,0,0,0,0,0,0,0
2020-11-20,MUFFINS,oatmeal choc,1.0,42.0,43.0,23.0,14,0,6.0,0,0,0,0,0,0,0
2020-11-20,MUFFINS,triple choc,8.0,30.0,38.0,18.0,14,0,6.0,0,0,0,0,0,0,0
2020-11-20,MUFFINS,snickerdoodle,12.0,30.0,42.0,9.0,14,12,7.0,0,0,0,0,0,0,0
2020-11-20,MUFFINS,frosted sugar,3.0,12.0,15.0,8.0,0,0,7.0,0,0,0,0,0,0,0
2020-11-20,MUFFINS,PUmpkin,6.0,6.0,12.0,10.0,0,2,0.0,0,0,0,0,0,0,0
2020-11-20,MUFFINS,brownie,4.0,2.0,6.0,0.0,0,0,6.0,0,0,0,0,0,0,0
2020-11-20,MUFFINS,Pec Pie Bar,1.0,7.0,8.0,0.0,0,0,8.0,0,0,0,0,0,0,0
2020-11-20,MUFFINS,PIES: PECAN,0.0,0.0,0.0,-8.0,2,0,6.0,0,0,0,0,0,0,0
2020-11-20,MUFFINS,Pump|Sug Cr,0.0,0.0,0.0,-6.0,0,0,6.0,0,0,0,-4,0,0,4
2020-11-20,MUFFINS,Ap|Ap Cran,0.0,0.0,0.0,-6.0,1,0,5.0,0,0,0,-2,0,0,2
2020-11-20,MUFFINS,Pump OHH,0.0,0.0,0.0,-15.0,0,0,15.0,0,0,0,-18,0,0,17
2020-11-20,MUFFINS,Bread Pudding,0.0,0.0,0.0,0.0,0,0,0.0,0,0,0,0,0,0,0
2020-11-20,MUFFINS,Totals,35.0,287.0,322.0,159.0,59,32,72.0,0,0,0,-24,0,0,23
2020-11-21,BREAD,H,13.0,0.0,13.0,13.0,0,0,0.0,0,0,0,0,0,0,0
2020-11-21,BREAD,FR,21.0,0.0,21.0,16.0,0,5,0.0,0,0,0,0,0,0,0
2020-11-21,BREAD,GW,0.0,0.0,0.0,-6.0,0,6,0.0,0,0,0,0,0,0,0
2020-11-21,BREAD,DK,5.0,0.0,5.0,5.0,0,0,0.0,0,0,0,0,0,0,0
2020-11-21,BREAD,H5|Cran,0.0,0.0,0.0,0.0,0,0,0.0,0,0,0,0,0,0,0
2020-11-21,BREAD,CSRWL,6.0,8.0,14.0,11.0,0,3,0.0,0,2,2,1,0,0,0
2020-11-21,BREAD,P. Swirl,8.0,4.0,12.0,8.0,0,4,0.0,0,2,2,0,0,0,0
2020-11-21,BREAD,CNE,1.0,0.0,1.0,-3.0,0,4,0.0,1,0,1,0,0,0,0
2020-11-21,BREAD,CNR,3.0,0.0,3.0,1.0,0,2,0.0,0,0,0,0,0,0,0
2020-11-21,BREAD,CNW,1.0,0.0,1.0,-4.0,0,5,0.0,0,0,0,0,0,0,0
2020-11-21,BREAD,CG,3.0,0.0,3.0,-1.0,0,4,0.0,1,0,1,1,0,0,0
2020-11-21,BREAD,pesto CG,3.0,0.0,3.0,1.0,0,2,0.0,0,0,0,0,0,0,0
2020-11-21,BREAD,cnA,0.0,0.0,0.0,0.0,0,0,0.0,0,0,0,0,0,0,0
2020-11-21,BREAD,CAW,0.0,0.0,0.0,0.0,0,0,0.0,0,0,0,0,0,0,0
2020-11-21,BREAD,VS,0.0,0.0,0.0,-1.0,0,1,0.0,2,0,2,1,0,0,0
2020-11-21,BREAD,SOURDOUGH,10.0,0.0,10.0,2.0,0,8,0.0,0,0,0,0,0,0,0
2020-11-21,BREAD,RG SOUR,4.0,0.0,4.0,1.0,0,3,0.0,0,0,0,0,0,0,0
2020-11-21,BREAD,CB,0.0,0.0,0.0,-1.0,0,1,0.0,0,0,0,0,0,0,0
2020-11-21,BREAD,CrO,7.0,0.0,7.0,2.0,0,5,0.0,0,0,0,0,0,0,0
2020-11-21,BREAD,Stuffing,8.0,0.0,8.0,1.0,0,0,7.0,0,0,0,0,0,0,0
2020-11-21,BREAD,CAR,0.0,0.0,0.0,0.0,0,0,0.0,0,0,0,0,0,0,0
2020-11-21,BREAD,IHF,0.0,0.0,0.0,0.0,0,0,0.0,0,0,0,0,0,0,0
2020-11-21,BREAD,TURKEY,4.0,0.0,4.0,2.0,0,2,0.0,0,0,0,0,0,0,0
2020-11-21,BREAD,BUT-Rls,12.0,0.0,12.0,4.0,0,8,0.0,0,0,0,0,0,0,0
2020-11-21,BREAD,H-RLS,1.0,0.0,1.0,-2.0,0,3,0.0,0,0,0,0,0,0,0
2020-11-21,BREAD,FR-RLS,0.0,0.0,0.0,0.0,0,0,0.0,0,0,0,0,0,0,0
2020-11-21,BREAD,VS-RLS,0.0,0.0,0.0,0.0,0,0,0.0,0,0,0,0,0,0,0
2020-11-21,BREAD,Blue Stru,3.0,0.0,3.0,1.0,0,2,0.0,0,0,0,0,0,0,0
2020-11-21,BREAD,Mex Choc,2.0,1.0,3.0,0.0,0,3,0.0,0,0,0,0,0,0,0
2020-11-21,BREAD,Pum Choc,3.0,0.0,3.0,0.0,0,3,0.0,0,0,0,0,0,0,0
2020-11-21,BREAD,Pum Crmb,0.0,3.0,3.0,3.0,0,0,0.0,0,0,0,0,0,0,0
2020-11-21,ROLLS,Cinnamon,0.0,120.0,120.0,95.0,3,22,0.0,0,0,0,0,0,0,0
2020-11-21,ROLLS,Pum C-Roll,0.0,60.0,60.0,40.0,0,20,0.0,0,0,0,0,0,0,0
2020-11-21,ROLLS,Mini C-Roll,0.0,0.0,0.0,0.0,0,0,0.0,0,0,0,0,0,0,0
2020-11-21,SCONES,Blueberry,0.0,22.0,22.0,9.0,0,13,0.0,0,0,0,0,0,0,0
2020-11-21,SCONES,Rasp Cream,0.0,0.0,0.0,0.0,0,0,0.0,0,0,0,0,0,0,0
2020-11-21,SCONES,Cherry,0.0,0.0,0.0,0.0,0,0,0.0,0,0,0,0,0,0,0
2020-11-21,SCONES,Butt Almond,0.0,22.0,22.0,22.0,0,0,0.0,0,0,0,0,0,0,0
2020-11-21,SCONES,Turtle,0.0,0.0,0.0,0.0,0,0,0.0,0,0,0,0,0,0,0
2020-11-21,SCONES,Cin Chip,0.0,0.0,0.0,0.0,0,0,0.0,0,0,0,0,0,0,0
2020-11-21,SCONES,Pumpkin,0.0,16.0,16.0,7.0,0,9,0.0,0,0,0,0,0,0,0
2020-11-21,FRUIT BARS,Mixed Berry,0.0,0.0,0.0,0.0,0,0,0.0,0,0,0,0,0,0,0
2020-11-21,FRUIT BARS,Cherry,0.0,0.0,0.0,0.0,0,0,0.0,0,0,0,0,0,0,0
2020-11-21,FRUIT BARS,Apple Cin,0.0,10.0,10.0,5.0,0,5,0.0,0,0,0,0,0,0,0
2020-11-21,FRUIT BARS,Straw Rhub,0.0,10.0,10.0,7.0,0,3,0.0,0,0,0,0,0,0,0
2020-11-21,MUFFINS,Blue Stru,0.0,8.0,8.0,6.0,0,2,0.0,0,0,0,0,0,0,0
2020-11-21,MUFFINS,Mex Choc,0.0,8.0,8.0,4.0,0,4,0.0,0,0,0,0,0,0,0
2020-11-21,MUFFINS,Pump Choc,0.0,16.0,16.0,8.0,0,8,0.0,0,0,0,0,0,0,0
2020-11-21,MUFFINS,Pump Crumb,0.0,8.0,8.0,2.0,0,6,0.0,0,0,0,0,0,0,0
2020-11-21,MUFFINS,Cookies,0.0,0.0,0.0,0.0,0,0,0.0,0,0,0,0,0,0,0
2020-11-21,MUFFINS,Bars,0.0,0.0,0.0,0.0,0,0,0.0,0,0,0,0,0,0,0
2020-11-21,MUFFINS,PIES,,,,,0,0,,0,0,0,0,0,0,0
2020-11-21,MUFFINS,oatmeal choc,6.0,12.0,18.0,12.0,6,0,0.0,0,0,0,0,0,0,0
2020-11-21,MUFFINS,triple choc,6.0,18.0,24.0,12.0,12,0,0.0,0,0,0,0,0,0,0
2020-11-21,MUFFINS,snickerdoodle,7.0,0.0,7.0,7.0,0,0,0.0,0,0,0,0,0,0,0
2020-11-21,MUFFINS,frosted sugar,7.0,0.0,7.0,1.0,0,6,0.0,0,0,0,0,0,0,0
2020-11-21,MUFFINS,PUmpkin,0.0,20.0,20.0,14.0,0,6,0.0,0,0,0,0,0,0,0
2020-11-21,MUFFINS,brownie,6.0,8.0,14.0,14.0,0,0,0.0,0,0,0,0,0,0,0
2020-11-21,MUFFINS,Pec Pie Bar,8.0,3.0,11.0,8.0,0,3,0.0,0,0,0,0,0,0,0
2020-11-21,MUFFINS,PIES: PECAN,6.0,0.0,6.0,3.0,0,0,3.0,0,0,0,0,0,0,0
2020-11-21,MUFFINS,Pump|Sug Cr,6.0,0.0,6.0,2.0,0,0,4.0,4,0,4,-4,0,0,8
2020-11-21,MUFFINS,Ap|Ap Cran,5.0,0.0,5.0,4.0,0,0,1.0,2,0,2,2,0,0,0
2020-11-21,MUFFINS,Pump OHH,15.0,21.0,36.0,34.0,0,0,2.0,17,0,17,14,0,0,3
2020-11-21,MUFFINS,Bread Pudding,3.0,0.0,3.0,-5.0,0,0,8.0,2,0,2,-4,0,0,6
2020-11-21,MUFFINS,Totals,75.0,382.0,457.0,311.0,21,107,18.0,25,0,25,8,0,0,17
2020-11-22,BREAD,H,0.0,0.0,0.0,0.0,0,0,0.0,0,0,0,0,0,0,0
2020-11-22,BREAD,FR,0.0,0.0,0.0,0.0,0,0,0.0,0,0,0,0,0,0,0
2020-11-22,BREAD,GW,0.0,0.0,0.0,0.0,0,0,0.0,0,0,0,0,0,0,0
2020-11-22,BREAD,DK,0.0,0.0,0.0,0.0,0,0,0.0,0,0,0,0,0,0,0
2020-11-22,BREAD,H5|Cran,0.0,0.0,0.0,0.0,0,0,0.0,0,0,0,0,0,0,0
2020-11-22,BREAD,CSRWL,0.0,0.0,0.0,0.0,0,0,0.0,0,0,0,0,0,0,0
2020-11-22,BREAD,P. Swirl,0.0,0.0,0.0,0.0,0,0,0.0,0,0,0,0,0,0,0
2020-11-22,BREAD,CNE,0.0,0.0,0.0,0.0,0,0,0.0,0,0,0,0,0,0,0
2020-11-22,BREAD,CNR,0.0,0.0,0.0,0.0,0,0,0.0,0,0,0,0,0,0,0
2020-11-22,BREAD,CNW,0.0,0.0,0.0,0.0,0,0,0.0,0,0,0,0,0,0,0
2020-11-22,BREAD,CG,0.0,0.0,0.0,0.0,0,0,0.0,0,0,0,0,0,0,0
2020-11-22,BREAD,pesto CG,0.0,0.0,0.0,0.0,0,0,0.0,0,0,0,0,0,0,0
2020-11-22,BREAD,VS,0.0,0.0,0.0,0.0,0,0,0.0,0,0,0,0,0,0,0
2020-11-22,BREAD,SOURDOUGH,0.0,0.0,0.0,0.0,0,0,0.0,0,0,0,0,0,0,0
2020-11-22,BREAD,RG SOUR,0.0,0.0,0.0,0.0,0,0,0.0,0,0,0,0,0,0,0
2020-11-22,BREAD,CB,0.0,0.0,0.0,0.0,0,0,0.0,0,0,0,0,0,0,0
2020-11-22,BREAD,CrO,0.0,0.0,0.0,0.0,0,0,0.0,0,0,0,0,0,0,0
2020-11-22,BREAD,Stuffing,7.0,0.0,7.0,7.0,0,0,0.0,0,0,0,0,0,0,0
2020-11-22,BREAD,CAR,0.0,0.0,0.0,0.0,0,0,0.0,0,0,0,0,0,0,0
2020-11-22,BREAD,IHF,0.0,0.0,0.0,0.0,0,0,0.0,0,0,0,0,0,0,0
2020-11-22,BREAD,BUT-Rls,0.0,0.0,0.0,0.0,0,0,0.0,0,0,0,0,0,0,0
2020-11-22,BREAD,H-RLS,0.0,0.0,0.0,0.0,0,0,0.0,0,0,0,0,0,0,0
2020-11-22,BREAD,FR-RLS,0.0,0.0,0.0,0.0,0,0,0.0,0,0,0,0,0,0,0
2020-11-22,BREAD,VS-RLS,0.0,0.0,0.0,0.0,0,0,0.0,0,0,0,0,0,0,0
2020-11-22,BREAD,Blue Stru,0.0,0.0,0.0,0.0,0,0,0.0,0,0,0,0,0,0,0
2020-11-22,BREAD,Mex Choc,0.0,0.0,0.0,0.0,0,0,0.0,0,0,0,0,0,0,0
2020-11-22,BREAD,Pum Choc,0.0,0.0,0.0,0.0,0,0,0.0,0,0,0,0,0,0,0
2020-11-22,BREAD,Pum Crmb,0.0,0.0,0.0,0.0,0,0,0.0,0,0,0,0,0,0,0
2020-11-22,ROLLS,Cinnamon,0.0,0.0,0.0,0.0,0,0,0.0,0,0,0,0,0,0,0
2020-11-22,ROLLS,Pum C-Roll,0.0,0.0,0.0,0.0,0,0,0.0,0,0,0,0,0,0,0
2020-11-22,ROLLS,Mini C-Roll,0.0,0.0,0.0,0.0,0,0,0.0,0,0,0,0,0,0,0
2020-11-22,SCONES,Blueberry,0.0,0.0,0.0,0.0,0,0,0.0,0,0,0,0,0,0,0
2020-11-22,SCONES,Rasp Cream,0.0,0.0,0.0,0.0,0,0,0.0,0,0,0,0,0,0,0
2020-11-22,SCONES,Cherry,0.0,0.0,0.0,0.0,0,0,0.0,0,0,0,0,0,0,0
2020-11-22,SCONES,Butt Almond,0.0,0.0,0.0,0.0,0,0,0.0,0,0,0,0,0,0,0
2020-11-22,SCONES,Turtle,0.0,0.0,0.0,0.0,0,0,0.0,0,0,0,0,0,0,0
2020-11-22,SCONES,Cin Chip,0.0,0.0,0.0,0.0,0,0,0.0,0,0,0,0,0,0,0
2020-11-22,SCONES,Pumpkin,0.0,0.0,0.0,0.0,0,0,0.0,0,0,0,0,0,0,0
2020-11-22,FRUIT BARS,Mixed Berry,0.0,0.0,0.0,0.0,0,0,0.0,0,0,0,0,0,0,0
2020-11-22,FRUIT BARS,Cherry,0.0,0.0,0.0,0.0,0,0,0.0,0,0,0,0,0,0,0
2020-11-22,FRUIT BARS,Apple Cin,0.0,0.0,0.0,0.0,0,0,0.0,0,0,0,0,0,0,0
2020-11-22,FRUIT BARS,Straw Rhub,0.0,0.0,0.0,0.0,0,0,0.0,0,0,0,0,0,0,0
2020-11-22,MUFFINS,Blue Stru,0.0,0.0,0.0,0.0,0,0,0.0,0,0,0,0,0,0,0
2020-11-22,MUFFINS,Mex Choc,0.0,0.0,0.0,0.0,0,0,0.0,0,0,0,0,0,0,0
2020-11-22,MUFFINS,Pump Choc,0.0,0.0,0.0,0.0,0,0,0.0,0,0,0,0,0,0,0
2020-11-22,MUFFINS,Pump Crumb,0.0,0.0,0.0,0.0,0,0,0.0,0,0,0,0,0,0,0
2020-11-22,MUFFINS,Cookies,0.0,0.0,0.0,0.0,0,0,0.0,0,0,0,0,0,0,0
2020-11-22,MUFFINS,Bars,0.0,0.0,0.0,0.0,0,0,0.0,0,0,0,0,0,0,0
2020-11-22,MUFFINS,PIES,,,,,0,0,,0,0,0,0,0,0,0
2020-11-22,MUFFINS,oatmeal choc,0.0,0.0,0.0,0.0,0,0,0.0,0,0,0,0,0,0,0
2020-11-22,MUFFINS,triple choc,0.0,0.0,0.0,0.0,0,0,0.0,0,0,0,0,0,0,0
2020-11-22,MUFFINS,snickerdoodle,0.0,0.0,0.0,0.0,0,0,0.0,0,0,0,0,0,0,0
2020-11-22,MUFFINS,frosted sugar,0.0,0.0,0.0,0.0,0,0,0.0,0,0,0,0,0,0,0
2020-11-22,MUFFINS,PUmpkin,0.0,0.0,0.0,0.0,0,0,0.0,0,0,0,0,0,0,0
2020-11-22,MUFFINS,brownie,0.0,0.0,0.0,0.0,0,0,0.0,0,0,0,0,0,0,0
2020-11-22,MUFFINS,Pec Pie Bar,0.0,0.0,0.0,0.0,0,0,0.0,0,0,0,0,0,0,0
2020-11-22,MUFFINS,PIES: PECAN,3.0,0.0,3.0,0.0,0,0,3.0,0,0,0,0,0,0,0
2020-11-22,MUFFINS,Pump|Sug Cr,4.0,0.0,4.0,0.0,0,0,4.0,8,0,8,0,0,0,8
2020-11-22,MUFFINS,Ap|Ap Cran,1.0,0.0,1.0,0.0,0,0,1.0,0,0,0,0,0,0,0
2020-11-22,MUFFINS,Pump OHH,2.0,0.0,2.0,2.0,0,0,0.0,3,0,3,3,0,0,0
2020-11-22,MUFFINS,Bread Pudding,8.0,0.0,8.0,8.0,0,0,0.0,6,0,6,6,0,0,0
2020-11-22,MUFFINS,Totals,18.0,0.0,18.0,10.0,0,0,8.0,17,0,17,9,0,0,8
2020-11-23,BREAD,H,0.0,43.0,43.0,18.0,0,0,25.0,0,0,0,0,0,0,0
2020-11-23,BREAD,FR,0.0,74.0,74.0,17.0,32,0,25.0,0,0,0,0,0,0,0
2020-11-23,BREAD,GW,0.0,8.0,8.0,8.0,0,0,0.0,0,0,0,0,0,0,0
2020-11-23,BREAD,DK,0.0,57.0,57.0,11.0,0,0,46.0,0,0,0,0,0,0,0
2020-11-23,BREAD,H5|Cran,0.0,0.0,0.0,0.0,0,0,0.0,0,0,0,0,0,0,0
2020-11-23,BREAD,CSRWL,0.0,20.0,20.0,16.0,4,0,0.0,0,4,4,4,0,0,0
2020-11-23,BREAD,P. Swirl,0.0,16.0,16.0,12.0,4,0,0.0,0,3,3,3,0,0,0
2020-11-23,BREAD,CNE,0.0,36.0,36.0,13.0,0,0,23.0,0,6,6,4,0,0,2
2020-11-23,BREAD,CNR,0.0,0.0,0.0,0.0,0,0,0.0,0,0,0,0,0,0,0
2020-11-23,BREAD,CNW,0.0,0.0,0.0,0.0,0,0,0.0,0,0,0,0,0,0,0
2020-11-23,BREAD,CG,0.0,19.0,19.0,7.0,0,0,12.0,0,8,8,5,0,0,3
2020-11-23,BREAD,pesto CG,0.0,0.0,0.0,0.0,0,0,0.0,0,0,0,0,0,0,0
2020-11-23,BREAD,cnA,0.0,0.0,0.0,0.0,0,0,0.0,0,0,0,0,0,0,0
2020-11-23,BREAD,CAW,0.0,0.0,0.0,0.0,0,0,0.0,0,0,0,0,0,0,0
2020-11-23,BREAD,VS,0.0,17.0,17.0,8.0,0,0,9.0,0,4,4,4,0,0,0
2020-11-23,BREAD,SOURDOUGH,0.0,27.0,27.0,5.0,0,0,22.0,0,0,0,0,0,0,0
2020-11-23,BREAD,RG SOUR,0.0,0.0,0.0,0.0,0,0,0.0,0,0,0,0,0,0,0
2020-11-23,BREAD,CB,0.0,0.0,0.0,0.0,0,0,0.0,0,0,0,0,0,0,0
2020-11-23,BREAD,CrO,0.0,0.0,0.0,0.0,0,0,0.0,0,0,0,0,0,0,0
2020-11-23,BREAD,Stuffing,0.0,0.0,0.0,-3.0,0,0,3.0,0,0,0,0,0,0,0
2020-11-23,BREAD,CAR,0.0,0.0,0.0,0.0,0,0,0.0,0,0,0,0,0,0,0
2020-11-23,BREAD,IHF,0.0,0.0,0.0,0.0,0,0,0.0,0,0,0,0,0,0,0
2020-11-23,BREAD,TURKEY,0.0,21.0,21.0,11.0,0,0,10.0,0,0,0,0,0,0,0
2020-11-23,BREAD,BUT-Rls,0.0,88.0,88.0,35.0,0,0,53.0,0,0,0,0,0,0,0
2020-11-23,BREAD,H-RLS,0.0,24.0,24.0,4.0,0,0,20.0,0,0,0,0,0,0,0
2020-11-23,BREAD,FR-RLS,0.0,0.0,0.0,0.0,0,0,0.0,0,0,0,0,0,0,0
2020-11-23,BREAD,VS-RLS,0.0,30.0,30.0,16.0,0,0,14.0,0,0,0,0,0,0,0
2020-11-23,BREAD,Blue Stru,0.0,8.0,8.0,0.0,5,0,3.0,0,0,0,0,0,0,0
2020-11-23,BREAD,Mex Choc,0.0,3.0,3.0,2.0,0,0,1.0,0,0,0,0,0,0,0
2020-11-23,BREAD,Pum Choc,0.0,5.0,5.0,4.0,0,0,1.0,0,0,0,0,0,0,0
2020-11-23,BREAD,Pum Crmb,0.0,7.0,7.0,1.0,4,0,2.0,0,0,0,0,0,0,0
2020-11-23,ROLLS,Cinnamon,0.0,24.0,24.0,24.0,0,0,0.0,0,0,0,0,0,0,0
2020-11-23,ROLLS,Pum C-Roll,0.0,12.0,12.0,12.0,0,0,0.0,0,0,0,0,0,0,0
2020-11-23,ROLLS,Mini C-Roll,0.0,120.0,120.0,0.0,120,0,0.0,0,0,0,0,0,0,0
2020-11-23,SCONES,Blueberry,0.0,0.0,0.0,0.0,0,0,0.0,0,0,0,0,0,0,0
2020-11-23,SCONES,Rasp Cream,0.0,10.0,10.0,10.0,0,0,0.0,0,13,13,0,0,0,0
2020-11-23,SCONES,Cherry,0.0,0.0,0.0,0.0,0,0,0.0,0,0,0,0,0,0,0
2020-11-23,SCONES,Butt Almond,0.0,0.0,0.0,0.0,0,0,0.0,0,0,0,0,0,0,0
2020-11-23,SCONES,Turtle,0.0,0.0,0.0,0.0,0,0,0.0,0,0,0,0,0,0,0
2020-11-23,SCONES,Cin Chip,0.0,10.0,10.0,10.0,0,0,0.0,0,13,13,0,0,0,0
2020-11-23,SCONES,Pumpkin,0.0,8.0,8.0,8.0,0,0,0.0,0,14,14,0,0,0,0
2020-11-23,FRUIT BARS,Mixed Berry,0.0,10.0,10.0,3.0,4,3,0.0,0,0,0,0,0,0,0
2020-11-23,FRUIT BARS,Cherry,0.0,10.0,10.0,3.0,4,3,0.0,0,0,0,0,0,0,0
2020-11-23,FRUIT BARS,Apple Cin,0.0,10.0,10.0,5.0,4,1,0.0,0,0,0,0,0,0,0
2020-11-23,FRUIT BARS,Straw Rhub,0.0,10.0,10.0,5.0,5,0,0.0,0,0,0,0,0,0,0
2020-11-23,MUFFINS,Blue Stru,0.0,3.0,3.0,3.0,0,0,0.0,0,0,0,0,0,0,0
2020-11-23,MUFFINS,Mex Choc,0.0,3.0,3.0,0.0,0,3,0.0,0,20,20,0,0,0,0
2020-11-23,MUFFINS,Pump Choc,0.0,6.0,6.0,3.0,2,1,0.0,0,20,20,0,0,0,0
2020-11-23,MUFFINS,Pump Crumb,0.0,5.0,5.0,0.0,2,3,0.0,0,0,0,0,0,0,0
2020-11-23,MUFFINS,Cookies,0.0,0.0,0.0,0.0,0,0,0.0,0,0,0,0,0,0,0
2020-11-23,MUFFINS,Bars,0.0,0.0,0.0,0.0,0,0,0.0,0,0,0,0,0,0,0
2020-11-23,MUFFINS,PIES,,,,,0,0,,0,0,0,0,0,0,0
2020-11-23,MUFFINS,oatmeal choc,0.0,24.0,24.0,16.0,0,0,8.0,0,0,0,0,0,0,0
2020-11-23,MUFFINS,triple choc,0.0,24.0,24.0,18.0,0,0,6.0,0,0,0,0,0,0,0
2020-11-23,MUFFINS,snickerdoodle,0.0,24.0,24.0,23.0,0,0,1.0,0,0,0,0,0,0,0
2020-11-23,MUFFINS,frosted sugar,0.0,24.0,24.0,7.0,0,0,17.0,0,0,0,0,0,0,0
2020-11-23,MUFFINS,PUmpkin,0.0,8.0,8.0,3.0,0,0,5.0,0,0,0,0,0,0,0
2020-11-23,MUFFINS,brownie,0.0,6.0,6.0,2.0,0,0,4.0,0,0,0,0,0,0,0
2020-11-23,MUFFINS,Pec Pie Bar,0.0,0.0,0.0,0.0,0,0,0.0,0,0,0,0,0,0,0
2020-11-23,MUFFINS,PIES: PECAN,3.0,6.0,9.0,1.0,0,0,8.0,0,0,0,0,0,0,0
2020-11-23,MUFFINS,Pump|Sug Cr,4.0,14.0,18.0,3.0,0,0,15.0,8,16,24,3,0,0,21
2020-11-23,MUFFINS,Ap|Ap Cran,1.0,8.0,9.0,2.0,0,0,7.0,0,7,7,1,0,0,6
2020-11-23,MUFFINS,Pump OHH,0.0,0.0,0.0,0.0,0,0,0.0,0,0,0,0,0,0,0
2020-11-23,MUFFINS,Bread Pudding,0.0,0.0,0.0,0.0,0,0,0.0,0,0,0,0,0,0,0
2020-11-23,MUFFINS,Totals,8.0,379.0,387.0,161.0,141,14,71.0,8,103,111,4,0,0,27
2020-11-24,BREAD,H,25.0,53.0,78.0,20.0,0,0,58.0,0,0,0,0,0,0,0
2020-11-24,BREAD,FR,25.0,0.0,25.0,25.0,0,0,0.0,0,0,0,0,0,0,0
2020-11-24,BREAD,GW,0.0,12.0,12.0,5.0,0,0,7.0,0,0,0,0,0,0,0
2020-11-24,BREAD,DK,46.0,0.0,46.0,16.0,0,0,30.0,0,0,0,0,0,0,0
2020-11-24,BREAD,H5|Cran,0.0,0.0,0.0,0.0,0,0,0.0,0,0,0,0,0,0,0
2020-11-24,BREAD,CSRWL,0.0,53.0,53.0,45.0,2,0,6.0,0,5,5,3,0,0,2
2020-11-24,BREAD,P. Swirl,0.0,16.0,16.0,-5.0,0,0,21.0,0,4,4,0,0,0,4
2020-11-24,BREAD,CNE,23.0,42.0,65.0,30.0,0,0,35.0,2,12,14,12,0,0,2
2020-11-24,BREAD,CNR,0.0,0.0,0.0,0.0,0,0,0.0,0,0,0,0,0,0,0
2020-11-24,BREAD,CNW,0.0,0.0,0.0,0.0,0,0,0.0,0,0,0,0,0,0,0
2020-11-24,BREAD,CG,12.0,0.0,12.0,3.0,0,0,9.0,3,0,3,3,0,0,0
2020-11-24,BREAD,pesto CG,0.0,0.0,0.0,0.0,0,0,0.0,0,0,0,0,0,0,0
2020-11-24,BREAD,cnA,0.0,0.0,0.0,0.0,0,0,0.0,0,0,0,0,0,0,0
2020-11-24,BREAD,CAW,0.0,0.0,0.0,0.0,0,0,0.0,0,0,0,0,0,0,0
2020-11-24,BREAD,VS,9.0,24.0,33.0,9.0,0,0,24.0,0,8,8,1,0,0,7
2020-11-24,BREAD,SOURDOUGH,22.0,0.0,22.0,10.0,0,0,12.0,0,0,0,0,0,0,0
2020-11-24,BREAD,RG SOUR,0.0,0.0,0.0,0.0,0,0,0.0,0,0,0,0,0,0,0
2020-11-24,BREAD,CB,0.0,53.0,53.0,20.0,0,0,33.0,0,17,17,2,0,0,15
2020-11-24,BREAD,CrO,0.0,30.0,30.0,13.0,0,0,17.0,0,6,6,2,0,0,4
2020-11-24,BREAD,Stuffing,3.0,49.0,52.0,33.0,0,0,19.0,0,0,0,0,0,0,0
2020-11-24,BREAD,CAR,0.0,0.0,0.0,0.0,0,0,0.0,0,0,0,0,0,0,0
2020-11-24,BREAD,Cro-Rls,0.0,36.0,36.0,19.0,0,0,17.0,0,0,0,0,0,0,0
2020-11-24,BREAD,TURKEY,10.0,30.0,40.0,26.0,0,0,14.0,0,0,0,0,0,0,0
2020-11-24,BREAD,BUT-Rls,53.0,164.0,217.0,83.0,0,0,134.0,0,0,0,0,0,0,0
2020-11-24,BREAD,H-RLS,20.0,54.0,74.0,19.0,0,0,55.0,0,0,0,0,0,0,0
2020-11-24,BREAD,FR-RLS,0.0,0.0,0.0,0.0,0,0,0.0,0,0,0,0,0,0,0
2020-11-24,BREAD,VS-RLS,14.0,48.0,62.0,46.0,0,0,16.0,0,0,0,0,0,0,0
2020-11-24,BREAD,Blue Stru,3.0,2.0,5.0,3.0,0,0,2.0,0,0,0,0,0,0,0
2020-11-24,BREAD,Mex Choc,1.0,4.0,5.0,4.0,0,0,1.0,0,0,0,0,0,0,0
2020-11-24,BREAD,Pum Choc,1.0,7.0,8.0,6.0,0,0,2.0,0,0,0,0,0,0,0
2020-11-24,BREAD,Pum Crmb,2.0,3.0,5.0,5.0,0,0,0.0,0,0,0,0,0,0,0
2020-11-24,ROLLS,Cinnamon,0.0,48.0,48.0,40.0,8,0,0.0,0,0,0,0,0,0,0
2020-11-24,ROLLS,Pum C-Roll,0.0,24.0,24.0,22.0,0,2,0.0,0,0,0,0,0,0,0
2020-11-24,ROLLS,Mini C-Roll,0.0,0.0,0.0,0.0,0,0,0.0,0,0,0,0,0,0,0
2020-11-24,SCONES,Blueberry,0.0,26.0,26.0,19.0,7,0,0.0,0,0,0,0,0,0,0
2020-11-24,SCONES,Rasp Cream,0.0,0.0,0.0,0.0,0,0,0.0,0,0,0,0,0,0,0
2020-11-24,SCONES,Cherry,0.0,0.0,0.0,0.0,0,0,0.0,0,0,0,0,0,0,0
2020-11-24,SCONES,Butt Almond,0.0,0.0,0.0,0.0,0,0,0.0,0,0,0,0,0,0,0
2020-11-24,SCONES,Turtle,0.0,0.0,0.0,0.0,0,0,0.0,0,0,0,0,0,0,0
2020-11-24,SCONES,Cin Chip,0.0,18.0,18.0,10.0,5,3,0.0,0,0,0,0,0,0,0
2020-11-24,SCONES,Pumpkin,0.0,14.0,14.0,9.0,5,0,0.0,0,0,0,0,0,0,0
2020-11-24,FRUIT BARS,Mixed Berry,0.0,0.0,0.0,0.0,0,0,0.0,0,0,0,0,0,0,0
2020-11-24,FRUIT BARS,Cherry,0.0,0.0,0.0,0.0,0,0,0.0,0,0,0,0,0,0,0
2020-11-24,FRUIT BARS,Apple Cin,0.0,10.0,10.0,10.0,0,0,0.0,0,0,0,0,0,0,0
2020-11-24,FRUIT BARS,Straw Rhub,0.0,10.0,10.0,6.0,4,0,0.0,0,0,0,0,0,0,0
2020-11-24,MUFFINS,Blue Stru,0.0,8.0,8.0,6.0,2,0,0.0,0,0,0,0,0,0,0
2020-11-24,MUFFINS,Mex Choc,0.0,6.0,6.0,2.0,2,2,0.0,0,0,0,0,0,0,0
2020-11-24,MUFFINS,Pump Choc,0.0,14.0,14.0,10.0,4,0,0.0,0,0,0,0,0,0,0
2020-11-24,MUFFINS,Pump Crumb,0.0,10.0,10.0,0.0,4,6,0.0,0,0,0,0,0,0,0
2020-11-24,MUFFINS,Cookies,0.0,0.0,0.0,0.0,0,0,0.0,0,0,0,0,0,0,0
2020-11-24,MUFFINS,Bars,0.0,0.0,0.0,0.0,0,0,0.0,0,0,0,0,0,0,0
2020-11-24,MUFFINS,PIES,,,,,0,0,,0,0,0,0,0,0,0
2020-11-24,MUFFINS,oatmeal choc,8.0,18.0,26.0,26.0,0,0,0.0,0,0,0,0,0,0,0
2020-11-24,MUFFINS,triple choc,6.0,24.0,30.0,21.0,0,0,9.0,0,0,0,0,0,0,0
2020-11-24,MUFFINS,snickerdoodle,1.0,30.0,31.0,22.0,0,0,9.0,0,0,0,0,0,0,0
2020-11-24,MUFFINS,frosted sugar,17.0,18.0,35.0,12.0,0,0,23.0,0,0,0,0,0,0,0
2020-11-24,MUFFINS,PUmpkin,5.0,20.0,25.0,21.0,4,0,0.0,0,0,0,0,0,0,0
2020-11-24,MUFFINS,brownie,4.0,10.0,14.0,10.0,0,0,4.0,0,0,0,0,0,0,0
2020-11-24,MUFFINS,Pec Pie Bar,0.0,0.0,0.0,0.0,0,0,0.0,0,0,0,0,0,0,0
2020-11-24,MUFFINS,PIES: PECAN,8.0,21.0,29.0,10.0,0,0,19.0,0,0,0,0,0,0,0
2020-11-24,MUFFINS,Pump|Sug Cr,15.0,30.0,45.0,25.0,0,0,20.0,21,16,37,12,0,0,25
2020-11-24,MUFFINS,Ap|Ap Cran,7.0,17.0,24.0,13.0,0,0,11.0,6,10,16,6,0,0,10
2020-11-24,MUFFINS,Pump OHH,0.0,0.0,0.0,0.0,0,0,0.0,0,0,0,0,0,0,0
2020-11-24,MUFFINS,Bread Pudding,0.0,0.0,0.0,0.0,0,0,0.0,0,0,0,0,0,0,0
2020-11-24,MUFFINS,Totals,71.0,376.0,447.0,294.0,45,13,95.0,27,26,53,18,0,0,35
2020-11-25,BREAD,H,58.0,4.0,62.0,42.0,0,20,0.0,0,0,0,0,0,0,0
2020-11-25,BREAD,FR,0.0,52.0,52.0,37.0,0,15,0.0,0,0,0,0,0,0,0
2020-11-25,BREAD,GW,7.0,0.0,7.0,5.0,2,0,0.0,0,0,0,0,0,0,0
2020-11-25,BREAD,DK,30.0,0.0,30.0,21.0,0,9,0.0,0,0,0,0,0,0,0
2020-11-25,BREAD,H5|Cran,0.0,0.0,0.0,0.0,0,0,0.0,0,0,0,0,0,0,0
2020-11-25,BREAD,CSRWL,6.0,42.0,48.0,48.0,0,0,0.0,2,2,4,3,0,0,0
2020-11-25,BREAD,P. Swirl,21.0,4.0,25.0,22.0,0,3,0.0,4,0,4,3,0,0,0
2020-11-25,BREAD,CNE,35.0,0.0,35.0,29.0,0,6,0.0,2,0,2,0,0,0,0
2020-11-25,BREAD,CNR,0.0,0.0,0.0,0.0,0,0,0.0,0,0,0,0,0,0,0
2020-11-25,BREAD,CNW,0.0,0.0,0.0,0.0,0,0,0.0,0,0,0,0,0,0,0
2020-11-25,BREAD,CG,9.0,0.0,9.0,9.0,0,0,0.0,0,0,0,0,0,0,0
2020-11-25,BREAD,pesto CG,0.0,0.0,0.0,-2.0,0,2,0.0,0,0,0,0,0,0,0
2020-11-25,BREAD,cnA,0.0,0.0,0.0,0.0,0,0,0.0,0,0,0,0,0,0,0
2020-11-25,BREAD,CAW,0.0,0.0,0.0,0.0,0,0,0.0,0,0,0,0,0,0,0
2020-11-25,BREAD,VS,24.0,0.0,24.0,13.0,0,11,0.0,7,0,7,6,0,0,0
2020-11-25,BREAD,SOURDOUGH,12.0,0.0,12.0,12.0,0,0,0.0,0,0,0,0,0,0,0
2020-11-25,BREAD,RG SOUR,0.0,0.0,0.0,0.0,0,0,0.0,0,0,0,0,0,0,0
2020-11-25,BREAD,CB,33.0,0.0,33.0,5.0,0,28,0.0,15,0,15,8,0,0,0
2020-11-25,BREAD,CrO,17.0,11.0,28.0,13.0,0,15,0.0,4,3,7,7,0,0,0
2020-11-25,BREAD,Stuffing,19.0,0.0,19.0,10.0,0,9,0.0,0,0,0,0,0,0,0
2020-11-25,BREAD,CAR,0.0,0.0,0.0,0.0,0,0,0.0,0,0,0,0,0,0,0
2020-11-25,BREAD,Cro-Rls,17.0,25.0,42.0,24.0,0,18,0.0,0,0,0,0,0,0,0
2020-11-25,BREAD,TURKEY,14.0,42.0,56.0,40.0,0,16,0.0,0,0,0,0,0,0,0
2020-11-25,BREAD,BUT-Rls,134.0,100.0,234.0,207.0,0,27,0.0,0,0,0,0,0,0,0
2020-11-25,BREAD,H-RLS,55.0,33.0,88.0,69.0,0,19,0.0,0,0,0,0,0,0,0
2020-11-25,BREAD,FR-RLS,0.0,0.0,0.0,0.0,0,0,0.0,0,0,0,0,0,0,0
2020-11-25,BREAD,VS-RLS,16.0,59.0,75.0,73.0,0,2,0.0,0,0,0,0,0,0,0
2020-11-25,BREAD,Blue Stru,2.0,2.0,4.0,2.0,0,2,0.0,0,0,0,0,0,0,0
2020-11-25,BREAD,Mex Choc,1.0,4.0,5.0,2.0,1,2,0.0,0,0,0,0,0,0,0
2020-11-25,BREAD,Pum Choc,2.0,5.0,7.0,6.0,1,0,0.0,0,0,0,0,0,0,0
2020-11-25,BREAD,Pum Crmb,0.0,4.0,4.0,4.0,0,0,0.0,0,0,0,0,0,0,0
2020-11-25,ROLLS,Cinnamon,0.0,132.0,132.0,122.0,10,0,0.0,0,0,0,0,0,0,0
2020-11-25,ROLLS,Pum C-Roll,0.0,48.0,48.0,44.0,4,0,0.0,0,0,0,0,0,0,0
2020-11-25,ROLLS,Mini C-Roll,0.0,0.0,0.0,0.0,0,0,0.0,0,0,0,0,0,0,0
2020-11-25,SCONES,Blueberry,0.0,0.0,0.0,0.0,0,0,0.0,0,0,0,0,0,0,0
2020-11-25,SCONES,Rasp Cream,0.0,22.0,22.0,18.0,4,0,0.0,0,0,0,0,0,0,0
2020-11-25,SCONES,Cherry,0.0,0.0,0.0,0.0,0,0,0.0,0,0,0,0,0,0,0
2020-11-25,SCONES,Butt Almond,0.0,0.0,0.0,0.0,0,0,0.0,0,0,0,0,0,0,0
2020-11-25,SCONES,Turtle,0.0,19.0,19.0,13.0,2,4,0.0,0,0,0,0,0,0,0
2020-11-25,SCONES,Cin Chip,0.0,0.0,0.0,0.0,0,0,0.0,0,0,0,0,0,0,0
2020-11-25,SCONES,Pumpkin,0.0,10.0,10.0,7.0,2,1,0.0,0,0,0,0,0,0,0
2020-11-25,FRUIT BARS,Mixed Berry,0.0,10.0,10.0,6.0,0,4,0.0,0,0,0,0,0,0,0
2020-11-25,FRUIT BARS,Cherry,0.0,10.0,10.0,8.0,0,2,0.0,0,0,0,0,0,0,0
2020-11-25,FRUIT BARS,Apple Cin,0.0,0.0,0.0,0.0,0,0,0.0,0,0,0,0,0,0,0
2020-11-25,FRUIT BARS,Straw Rhub,0.0,0.0,0.0,0.0,0,0,0.0,0,0,0,0,0,0,0
2020-11-25,MUFFINS,Blue Stru,0.0,12.0,12.0,2.0,8,2,0.0,0,0,0,0,0,0,0
2020-11-25,MUFFINS,Mex Choc,0.0,5.0,5.0,4.0,0,1,0.0,0,0,0,0,0,0,0
2020-11-25,MUFFINS,Pump Choc,0.0,12.0,12.0,11.0,0,1,0.0,0,0,0,0,0,0,0
2020-11-25,MUFFINS,Pump Crumb,0.0,8.0,8.0,6.0,0,2,0.0,0,0,0,0,0,0,0
2020-11-25,MUFFINS,Cookies,0.0,0.0,0.0,0.0,0,0,0.0,0,0,0,0,0,0,0
2020-11-25,MUFFINS,Bars,0.0,0.0,0.0,0.0,0,0,0.0,0,0,0,0,0,0,0
2020-11-25,MUFFINS,PIES,,,,,0,0,,0,0,0,0,0,0,0
2020-11-25,MUFFINS,oatmeal choc,0.0,24.0,24.0,8.0,9,7,0.0,0,0,0,0,0,0,0
2020-11-25,MUFFINS,triple choc,9.0,18.0,27.0,18.0,9,0,0.0,0,0,0,0,0,0,0
2020-11-25,MUFFINS,snickerdoodle,9.0,12.0,21.0,13.0,8,0,0.0,0,0,0,0,0,0,0
2020-11-25,MUFFINS,frosted sugar,23.0,0.0,23.0,11.0,0,12,0.0,0,0,0,0,0,0,0
2020-11-25,MUFFINS,PUmpkin,0.0,19.0,19.0,10.0,7,2,0.0,0,0,0,0,0,0,0
2020-11-25,MUFFINS,brownie,4.0,10.0,14.0,14.0,0,0,0.0,0,0,0,0,0,0,0
2020-11-25,MUFFINS,Pec Pie Bar,0.0,0.0,0.0,0.0,0,0,0.0,0,0,0,0,0,0,0
2020-11-25,MUFFINS,PIES: PECAN,19.0,15.0,34.0,30.0,0,4,0.0,0,0,0,0,0,0,0
2020-11-25,MUFFINS,Pump|Sug Cr,20.0,42.0,62.0,51.0,0,11,0.0,25,15,40,24,0,0,0
2020-11-25,MUFFINS,Ap|Ap Cran,11.0,20.0,31.0,31.0,0,0,0.0,10,15,25,25,0,0,0
2020-11-25,MUFFINS,Pump OHH,0.0,0.0,0.0,0.0,0,0,0.0,0,0,0,0,0,0,0
2020-11-25,MUFFINS,Bread Pudding,0.0,0.0,0.0,0.0,0,0,0.0,0,0,0,0,0,0,0
2020-11-25,MUFFINS,Totals,95.0,448.0,543.0,427.0,63,53,0.0,35,30,65,49,0,0,0
2020-11-26,BREAD,H,0.0,0.0,0.0,0.0,0,0,0.0,0,0,0,0,0,0,0
2020-11-26,BREAD,FR,0.0,0.0,0.0,0.0,0,0,0.0,0,0,0,0,0,0,0
2020-11-26,BREAD,GW,0.0,0.0,0.0,0.0,0,0,0.0,0,0,0,0,0,0,0
2020-11-26,BREAD,DK,0.0,0.0,0.0,0.0,0,0,0.0,0,0,0,0,0,0,0
2020-11-26,BREAD,H5|Cran,0.0,0.0,0.0,0.0,0,0,0.0,0,0,0,0,0,0,0
2020-11-26,BREAD,CSRWL,0.0,0.0,0.0,0.0,0,0,0.0,0,0,0,0,0,0,0
2020-11-26,BREAD,P. Swirl,0.0,0.0,0.0,0.0,0,0,0.0,0,0,0,0,0,0,0
2020-11-26,BREAD,CNE,0.0,0.0,0.0,0.0,0,0,0.0,0,0,0,0,0,0,0
2020-11-26,BREAD,CNR,0.0,0.0,0.0,0.0,0,0,0.0,0,0,0,0,0,0,0
2020-11-26,BREAD,CNW,0.0,0.0,0.0,0.0,0,0,0.0,0,0,0,0,0,0,0
2020-11-26,BREAD,CG,0.0,0.0,0.0,0.0,0,0,0.0,0,0,0,0,0,0,0
2020-11-26,BREAD,pesto CG,0.0,0.0,0.0,0.0,0,0,0.0,0,0,0,0,0,0,0
2020-11-26,BREAD,VS,0.0,0.0,0.0,0.0,0,0,0.0,0,0,0,0,0,0,0
2020-11-26,BREAD,SOURDOUGH,0.0,0.0,0.0,0.0,0,0,0.0,0,0,0,0,0,0,0
2020-11-26,BREAD,RG SOUR,0.0,0.0,0.0,0.0,0,0,0.0,0,0,0,0,0,0,0
2020-11-26,BREAD,CB,0.0,0.0,0.0,0.0,0,0,0.0,0,0,0,0,0,0,0
2020-11-26,BREAD,CrO,0.0,0.0,0.0,0.0,0,0,0.0,0,0,0,0,0,0,0
2020-11-26,BREAD,Stuffing,0.0,0.0,0.0,0.0,0,0,0.0,0,0,0,0,0,0,0
2020-11-26,BREAD,CAR,0.0,0.0,0.0,0.0,0,0,0.0,0,0,0,0,0,0,0
2020-11-26,BREAD,IHF,0.0,0.0,0.0,0.0,0,0,0.0,0,0,0,0,0,0,0
2020-11-26,BREAD,BUT-Rls,0.0,0.0,0.0,0.0,0,0,0.0,0,0,0,0,0,0,0
2020-11-26,BREAD,H-RLS,0.0,0.0,0.0,0.0,0,0,0.0,0,0,0,0,0,0,0
2020-11-26,BREAD,FR-RLS,0.0,0.0,0.0,0.0,0,0,0.0,0,0,0,0,0,0,0
2020-11-26,BREAD,VS-RLS,0.0,0.0,0.0,0.0,0,0,0.0,0,0,0,0,0,0,0
2020-11-26,BREAD,Blue Stru,0.0,0.0,0.0,0.0,0,0,0.0,0,0,0,0,0,0,0
2020-11-26,BREAD,Mex Choc,0.0,0.0,0.0,0.0,0,0,0.0,0,0,0,0,0,0,0
2020-11-26,BREAD,Pum Choc,0.0,0.0,0.0,0.0,0,0,0.0,0,0,0,0,0,0,0
2020-11-26,BREAD,Pum Crmb,0.0,0.0,0.0,0.0,0,0,0.0,0,0,0,0,0,0,0
2020-11-26,ROLLS,Cinnamon,0.0,0.0,0.0,0.0,0,0,0.0,0,0,0,0,0,0,0
2020-11-26,ROLLS,Pum C-Roll,0.0,0.0,0.0,0.0,0,0,0.0,0,0,0,0,0,0,0
2020-11-26,ROLLS,Mini C-Roll,0.0,0.0,0.0,0.0,0,0,0.0,0,0,0,0,0,0,0
2020-11-26,SCONES,Blueberry,0.0,0.0,0.0,0.0,0,0,0.0,0,0,0,0,0,0,0
2020-11-26,SCONES,Rasp Cream,0.0,0.0,0.0,0.0,0,0,0.0,0,0,0,0,0,0,0
2020-11-26,SCONES,Cherry,0.0,0.0,0.0,0.0,0,0,0.0,0,0,0,0,0,0,0
2020-11-26,SCONES,Butt Almond,0.0,0.0,0.0,0.0,0,0,0.0,0,0,0,0,0,0,0
2020-11-26,SCONES,Turtle,0.0,0.0,0.0,0.0,0,0,0.0,0,0,0,0,0,0,0
2020-11-26,SCONES,Cin Chip,0.0,0.0,0.0,0.0,0,0,0.0,0,0,0,0,0,0,0
2020-11-26,SCONES,Pumpkin,0.0,0.0,0.0,0.0,0,0,0.0,0,0,0,0,0,0,0
2020-11-26,FRUIT BARS,Mixed Berry,0.0,0.0,0.0,0.0,0,0,0.0,0,0,0,0,0,0,0
2020-11-26,FRUIT BARS,Cherry,0.0,0.0,0.0,0.0,0,0,0.0,0,0,0,0,0,0,0
2020-11-26,FRUIT BARS,Apple Cin,0.0,0.0,0.0,0.0,0,0,0.0,0,0,0,0,0,0,0
2020-11-26,FRUIT BARS,Straw Rhub,0.0,0.0,0.0,0.0,0,0,0.0,0,0,0,0,0,0,0
2020-11-26,MUFFINS,Blue Stru,0.0,0.0,0.0,0.0,0,0,0.0,0,0,0,0,0,0,0
2020-11-26,MUFFINS,Mex Choc,0.0,0.0,0.0,0.0,0,0,0.0,0,0,0,0,0,0,0
2020-11-26,MUFFINS,Pump Choc,0.0,0.0,0.0,0.0,0,0,0.0,0,0,0,0,0,0,0
2020-11-26,MUFFINS,Pump Crumb,0.0,0.0,0.0,0.0,0,0,0.0,0,0,0,0,0,0,0
2020-11-26,MUFFINS,Cookies,0.0,0.0,0.0,0.0,0,0,0.0,0,0,0,0,0,0,0
2020-11-26,MUFFINS,Bars,0.0,0.0,0.0,0.0,0,0,0.0,0,0,0,0,0,0,0
2020-11-26,MUFFINS,PIES,,,,,0,0,,0,0,0,0,0,0,0
2020-11-26,MUFFINS,oatmeal choc,0.0,0.0,0.0,0.0,0,0,0.0,0,0,0,0,0,0,0
2020-11-26,MUFFINS,triple choc,0.0,0.0,0.0,0.0,0,0,0.0,0,0,0,0,0,0,0
2020-11-26,MUFFINS,snickerdoodle,0.0,0.0,0.0,0.0,0,0,0.0,0,0,0,0,0,0,0
2020-11-26,MUFFINS,frosted sugar,0.0,0.0,0.0,0.0,0,0,0.0,0,0,0,0,0,0,0
2020-11-26,MUFFINS,PUmpkin,0.0,0.0,0.0,0.0,0,0,0.0,0,0,0,0,0,0,0
2020-11-26,MUFFINS,brownie,0.0,0.0,0.0,0.0,0,0,0.0,0,0,0,0,0,0,0
2020-11-26,MUFFINS,Pec Pie Bar,0.0,0.0,0.0,0.0,0,0,0.0,0,0,0,0,0,0,0
2020-11-26,MUFFINS,PIES: PECAN,0.0,0.0,0.0,0.0,0,0,0.0,0,0,0,0,0,0,0
2020-11-26,MUFFINS,Pump|Sug Cr,0.0,0.0,0.0,0.0,0,0,0.0,0,0,0,0,0,0,0
2020-11-26,MUFFINS,Ap|Ap Cran,0.0,0.0,0.0,0.0,0,0,0.0,0,0,0,0,0,0,0
2020-11-26,MUFFINS,Pump OHH,0.0,0.0,0.0,0.0,0,0,0.0,0,0,0,0,0,0,0
2020-11-26,MUFFINS,Bread Pudding,0.0,0.0,0.0,0.0,0,0,0.0,0,0,0,0,0,0,0
2020-11-26,MUFFINS,Totals,0.0,0.0,0.0,0.0,0,0,0.0,0,0,0,0,0,0,0
2020-11-27,BREAD,H,0.0,0.0,0.0,0.0,0,0,0.0,0,0,0,0,0,0,0
2020-11-27,BREAD,FR,0.0,0.0,0.0,0.0,0,0,0.0,0,0,0,0,0,0,0
2020-11-27,BREAD,GW,0.0,0.0,0.0,0.0,0,0,0.0,0,0,0,0,0,0,0
2020-11-27,BREAD,DK,0.0,0.0,0.0,0.0,0,0,0.0,0,0,0,0,0,0,0
2020-11-27,BREAD,H5|Cran,0.0,0.0,0.0,0.0,0,0,0.0,0,0,0,0,0,0,0
2020-11-27,BREAD,CSRWL,0.0,0.0,0.0,0.0,0,0,0.0,0,0,0,0,0,0,0
2020-11-27,BREAD,P. Swirl,0.0,0.0,0.0,0.0,0,0,0.0,0,0,0,0,0,0,0
2020-11-27,BREAD,CNE,0.0,0.0,0.0,0.0,0,0,0.0,0,0,0,0,0,0,0
2020-11-27,BREAD,CNR,0.0,0.0,0.0,0.0,0,0,0.0,0,0,0,0,0,0,0
2020-11-27,BREAD,CNW,0.0,0.0,0.0,0.0,0,0,0.0,0,0,0,0,0,0,0
2020-11-27,BREAD,CG,0.0,0.0,0.0,0.0,0,0,0.0,0,0,0,0,0,0,0
2020-11-27,BREAD,pesto CG,0.0,0.0,0.0,0.0,0,0,0.0,0,0,0,0,0,0,0
2020-11-27,BREAD,VS,0.0,0.0,0.0,0.0,0,0,0.0,0,0,0,0,0,0,0
2020-11-27,BREAD,SOURDOUGH,0.0,0.0,0.0,0.0,0,0,0.0,0,0,0,0,0,0,0
2020-11-27,BREAD,RG SOUR,0.0,0.0,0.0,0.0,0,0,0.0,0,0,0,0,0,0,0
2020-11-27,BREAD,CB,0.0,0.0,0.0,0.0,0,0,0.0,0,0,0,0,0,0,0
2020-11-27,BREAD,CrO,0.0,0.0,0.0,0.0,0,0,0.0,0,0,0,0,0,0,0
2020-11-27,BREAD,Stuffing,0.0,0.0,0.0,0.0,0,0,0.0,0,0,0,0,0,0,0
2020-11-27,BREAD,CAR,0.0,0.0,0.0,0.0,0,0,0.0,0,0,0,0,0,0,0
2020-11-27,BREAD,IHF,0.0,0.0,0.0,0.0,0,0,0.0,0,0,0,0,0,0,0
2020-11-27,BREAD,BUT-Rls,0.0,0.0,0.0,0.0,0,0,0.0,0,0,0,0,0,0,0
2020-11-27,BREAD,H-RLS,0.0,0.0,0.0,0.0,0,0,0.0,0,0,0,0,0,0,0
2020-11-27,BREAD,FR-RLS,0.0,0.0,0.0,0.0,0,0,0.0,0,0,0,0,0,0,0
2020-11-27,BREAD,VS-RLS,0.0,0.0,0.0,0.0,0,0,0.0,0,0,0,0,0,0,0
2020-11-27,BREAD,Blue Stru,0.0,0.0,0.0,0.0,0,0,0.0,0,0,0,0,0,0,0
2020-11-27,BREAD,Mex Choc,0.0,0.0,0.0,0.0,0,0,0.0,0,0,0,0,0,0,0
2020-11-27,BREAD,Pum Choc,0.0,0.0,0.0,0.0,0,0,0.0,0,0,0,0,0,0,0
2020-11-27,BREAD,Pum Crmb,0.0,0.0,0.0,0.0,0,0,0.0,0,0,0,0,0,0,0
2020-11-27,ROLLS,Cinnamon,0.0,0.0,0.0,0.0,0,0,0.0,0,0,0,0,0,0,0
2020-11-27,ROLLS,Pum C-Roll,0.0,0.0,0.0,0.0,0,0,0.0,0,0,0,0,0,0,0
2020-11-27,ROLLS,Mini C-Roll,0.0,0.0,0.0,0.0,0,0,0.0,0,0,0,0,0,0,0
2020-11-27,SCONES,Blueberry,0.0,0.0,0.0,0.0,0,0,0.0,0,0,0,0,0,0,0
2020-11-27,SCONES,Rasp Cream,0.0,0.0,0.0,0.0,0,0,0.0,0,0,0,0,0,0,0
2020-11-27,SCONES,Cherry,0.0,0.0,0.0,0.0,0,0,0.0,0,0,0,0,0,0,0
2020-11-27,SCONES,Butt Almond,0.0,0.0,0.0,0.0,0,0,0.0,0,0,0,0,0,0,0
2020-11-27,SCONES,Turtle,0.0,0.0,0.0,0.0,0,0,0.0,0,0,0,0,0,0,0
2020-11-27,SCONES,Cin Chip,0.0,0.0,0.0,0.0,0,0,0.0,0,0,0,0,0,0,0
2020-11-27,SCONES,Pumpkin,0.0,0.0,0.0,0.0,0,0,0.0,0,0,0,0,0,0,0
2020-11-27,FRUIT BARS,Mixed Berry,0.0,0.0,0.0,0.0,0,0,0.0,0,0,0,0,0,0,0
2020-11-27,FRUIT BARS,Cherry,0.0,0.0,0.0,0.0,0,0,0.0,0,0,0,0,0,0,0
2020-11-27,FRUIT BARS,Apple Cin,0.0,0.0,0.0,0.0,0,0,0.0,0,0,0,0,0,0,0
2020-11-27,FRUIT BARS,Straw Rhub,0.0,0.0,0.0,0.0,0,0,0.0,0,0,0,0,0,0,0
2020-11-27,MUFFINS,Blue Stru,0.0,0.0,0.0,0.0,0,0,0.0,0,0,0,0,0,0,0
2020-11-27,MUFFINS,Mex Choc,0.0,0.0,0.0,0.0,0,0,0.0,0,0,0,0,0,0,0
2020-11-27,MUFFINS,Pump Choc,0.0,0.0,0.0,0.0,0,0,0.0,0,0,0,0,0,0,0
2020-11-27,MUFFINS,Pump Crumb,0.0,0.0,0.0,0.0,0,0,0.0,0,0,0,0,0,0,0
2020-11-27,MUFFINS,Cookies,0.0,0.0,0.0,0.0,0,0,0.0,0,0,0,0,0,0,0
2020-11-27,MUFFINS,Bars,0.0,0.0,0.0,0.0,0,0,0.0,0,0,0,0,0,0,0
2020-11-27,MUFFINS,PIES,,,,,0,0,,0,0,0,0,0,0,0
2020-11-27,MUFFINS,oatmeal choc,0.0,0.0,0.0,0.0,0,0,0.0,0,0,0,0,0,0,0
2020-11-27,MUFFINS,triple choc,0.0,0.0,0.0,0.0,0,0,0.0,0,0,0,0,0,0,0
2020-11-27,MUFFINS,snickerdoodle,0.0,0.0,0.0,0.0,0,0,0.0,0,0,0,0,0,0,0
2020-11-27,MUFFINS,frosted sugar,0.0,0.0,0.0,0.0,0,0,0.0,0,0,0,0,0,0,0
2020-11-27,MUFFINS,PUmpkin,0.0,0.0,0.0,0.0,0,0,0.0,0,0,0,0,0,0,0
2020-11-27,MUFFINS,brownie,0.0,0.0,0.0,0.0,0,0,0.0,0,0,0,0,0,0,0
2020-11-27,MUFFINS,Pec Pie Bar,0.0,0.0,0.0,0.0,0,0,0.0,0,0,0,0,0,0,0
2020-11-27,MUFFINS,PIES: PECAN,0.0,0.0,0.0,0.0,0,0,0.0,0,0,0,0,0,0,0
2020-11-27,MUFFINS,Pump|Sug Cr,0.0,0.0,0.0,0.0,0,0,0.0,0,0,0,0,0,0,0
2020-11-27,MUFFINS,Ap|Ap Cran,0.0,0.0,0.0,0.0,0,0,0.0,0,0,0,0,0,0,0
2020-11-27,MUFFINS,Pump OHH,0.0,0.0,0.0,0.0,0,0,0.0,0,0,0,0,0,0,0
2020-11-27,MUFFINS,Bread Pudding,0.0,0.0,0.0,0.0,0,0,0.0,0,0,0,0,0,0,0
2020-11-27,MUFFINS,Totals,0.0,0.0,0.0,0.0,0,0,0.0,0,0,0,0,0,0,0
2020-11-28,BREAD,H,0.0,0.0,0.0,0.0,0,0,0.0,0,0,0,0,0,0,0
2020-11-28,BREAD,FR,0.0,0.0,0.0,0.0,0,0,0.0,0,0,0,0,0,0,0
2020-11-28,BREAD,GW,0.0,0.0,0.0,0.0,0,0,0.0,0,0,0,0,0,0,0
2020-11-28,BREAD,DK,0.0,0.0,0.0,0.0,0,0,0.0,0,0,0,0,0,0,0
2020-11-28,BREAD,H5|Cran,0.0,0.0,0.0,0.0,0,0,0.0,0,0,0,0,0,0,0
2020-11-28,BREAD,CSRWL,0.0,0.0,0.0,0.0,0,0,0.0,0,0,0,0,0,0,0
2020-11-28,BREAD,P. Swirl,0.0,0.0,0.0,0.0,0,0,0.0,0,0,0,0,0,0,0
2020-11-28,BREAD,CNE,0.0,0.0,0.0,0.0,0,0,0.0,0,0,0,0,0,0,0
2020-11-28,BREAD,CNR,0.0,0.0,0.0,0.0,0,0,0.0,0,0,0,0,0,0,0
2020-11-28,BREAD,CNW,0.0,0.0,0.0,0.0,0,0,0.0,0,0,0,0,0,0,0
2020-11-28,BREAD,CG,0.0,0.0,0.0,0.0,0,0,0.0,0,0,0,0,0,0,0
2020-11-28,BREAD,pesto CG,0.0,0.0,0.0,0.0,0,0,0.0,0,0,0,0,0,0,0
2020-11-28,BREAD,VS,0.0,0.0,0.0,0.0,0,0,0.0,0,0,0,0,0,0,0
2020-11-28,BREAD,SOURDOUGH,0.0,0.0,0.0,0.0,0,0,0.0,0,0,0,0,0,0,0
2020-11-28,BREAD,RG SOUR,0.0,0.0,0.0,0.0,0,0,0.0,0,0,0,0,0,0,0
2020-11-28,BREAD,CB,0.0,0.0,0.0,0.0,0,0,0.0,0,0,0,0,0,0,0
2020-11-28,BREAD,CrO,0.0,0.0,0.0,0.0,0,0,0.0,0,0,0,0,0,0,0
2020-11-28,BREAD,Stuffing,0.0,0.0,0.0,0.0,0,0,0.0,0,0,0,0,0,0,0
2020-11-28,BREAD,CAR,0.0,0.0,0.0,0.0,0,0,0.0,0,0,0,0,0,0,0
2020-11-28,BREAD,IHF,0.0,0.0,0.0,0.0,0,0,0.0,0,0,0,0,0,0,0
2020-11-28,BREAD,BUT-Rls,0.0,0.0,0.0,0.0,0,0,0.0,0,0,0,0,0,0,0
2020-11-28,BREAD,H-RLS,0.0,0.0,0.0,0.0,0,0,0.0,0,0,0,0,0,0,0
2020-11-28,BREAD,FR-RLS,0.0,0.0,0.0,0.0,0,0,0.0,0,0,0,0,0,0,0
2020-11-28,BREAD,VS-RLS,0.0,0.0,0.0,0.0,0,0,0.0,0,0,0,0,0,0,0
2020-11-28,BREAD,Blue Stru,0.0,0.0,0.0,0.0,0,0,0.0,0,0,0,0,0,0,0
2020-11-28,BREAD,Mex Choc,0.0,0.0,0.0,0.0,0,0,0.0,0,0,0,0,0,0,0
2020-11-28,BREAD,Pum Choc,0.0,0.0,0.0,0.0,0,0,0.0,0,0,0,0,0,0,0
2020-11-28,BREAD,Pum Crmb,0.0,0.0,0.0,0.0,0,0,0.0,0,0,0,0,0,0,0
2020-11-28,ROLLS,Cinnamon,0.0,0.0,0.0,0.0,0,0,0.0,0,0,0,0,0,0,0
2020-11-28,ROLLS,Pum C-Roll,0.0,0.0,0.0,0.0,0,0,0.0,0,0,0,0,0,0,0
2020-11-28,ROLLS,Mini C-Roll,0.0,0.0,0.0,0.0,0,0,0.0,0,0,0,0,0,0,0
2020-11-28,SCONES,Blueberry,0.0,0.0,0.0,0.0,0,0,0.0,0,0,0,0,0,0,0
2020-11-28,SCONES,Rasp Cream,0.0,0.0,0.0,0.0,0,0,0.0,0,0,0,0,0,0,0
2020-11-28,SCONES,Cherry,0.0,0.0,0.0,0.0,0,0,0.0,0,0,0,0,0,0,0
2020-11-28,SCONES,Butt Almond,0.0,0.0,0.0,0.0,0,0,0.0,0,0,0,0,0,0,0
2020-11-28,SCONES,Turtle,0.0,0.0,0.0,0.0,0,0,0.0,0,0,0,0,0,0,0
2020-11-28,SCONES,Cin Chip,0.0,0.0,0.0,0.0,0,0,0.0,0,0,0,0,0,0,0
2020-11-28,SCONES,Pumpkin,0.0,0.0,0.0,0.0,0,0,0.0,0,0,0,0,0,0,0
2020-11-28,FRUIT BARS,Mixed Berry,0.0,0.0,0.0,0.0,0,0,0.0,0,0,0,0,0,0,0
2020-11-28,FRUIT BARS,Cherry,0.0,0.0,0.0,0.0,0,0,0.0,0,0,0,0,0,0,0
2020-11-28,FRUIT BARS,Apple Cin,0.0,0.0,0.0,0.0,0,0,0.0,0,0,0,0,0,0,0
2020-11-28,FRUIT BARS,Straw Rhub,0.0,0.0,0.0,0.0,0,0,0.0,0,0,0,0,0,0,0
2020-11-28,MUFFINS,Blue Stru,0.0,0.0,0.0,0.0,0,0,0.0,0,0,0,0,0,0,0
2020-11-28,MUFFINS,Mex Choc,0.0,0.0,0.0,0.0,0,0,0.0,0,0,0,0,0,0,0
2020-11-28,MUFFINS,Pump Choc,0.0,0.0,0.0,0.0,0,0,0.0,0,0,0,0,0,0,0
2020-11-28,MUFFINS,Pump Crumb,0.0,0.0,0.0,0.0,0,0,0.0,0,0,0,0,0,0,0
2020-11-28,MUFFINS,Cookies,0.0,0.0,0.0,0.0,0,0,0.0,0,0,0,0,0,0,0
2020-11-28,MUFFINS,Bars,0.0,0.0,0.0,0.0,0,0,0.0,0,0,0,0,0,0,0
2020-11-28,MUFFINS,PIES,,,,,0,0,,0,0,0,0,0,0,0
2020-11-28,MUFFINS,oatmeal choc,0.0,0.0,0.0,0.0,0,0,0.0,0,0,0,0,0,0,0
2020-11-28,MUFFINS,triple choc,0.0,0.0,0.0,0.0,0,0,0.0,0,0,0,0,0,0,0
2020-11-28,MUFFINS,snickerdoodle,0.0,0.0,0.0,0.0,0,0,0.0,0,0,0,0,0,0,0
2020-11-28,MUFFINS,frosted sugar,0.0,0.0,0.0,0.0,0,0,0.0,0,0,0,0,0,0,0
2020-11-28,MUFFINS,PUmpkin,0.0,0.0,0.0,0.0,0,0,0.0,0,0,0,0,0,0,0
2020-11-28,MUFFINS,brownie,0.0,0.0,0.0,0.0,0,0,0.0,0,0,0,0,0,0,0
2020-11-28,MUFFINS,Pec Pie Bar,0.0,0.0,0.0,0.0,0,0,0.0,0,0,0,0,0,0,0
2020-11-28,MUFFINS,PIES: PECAN,0.0,0.0,0.0,0.0,0,0,0.0,0,0,0,0,0,0,0
2020-11-28,MUFFINS,Pump|Sug Cr,0.0,0.0,0.0,0.0,0,0,0.0,0,0,0,0,0,0,0
2020-11-28,MUFFINS,Ap|Ap Cran,0.0,0.0,0.0,0.0,0,0,0.0,0,0,0,0,0,0,0
2020-11-28,MUFFINS,Pump OHH,0.0,0.0,0.0,0.0,0,0,0.0,0,0,0,0,0,0,0
2020-11-28,MUFFINS,Bread Pudding,0.0,0.0,0.0,0.0,0,0,0.0,0,0,0,0,0,0,0
2020-11-28,MUFFINS,Totals,0.0,0.0,0.0,0.0,0,0,0.0,0,0,0,0,0,0,0
2020-11-29,BREAD,H,0.0,0.0,0.0,0.0,0,0,0.0,0,0,0,0,0,0,0
2020-11-29,BREAD,FR,0.0,0.0,0.0,0.0,0,0,0.0,0,0,0,0,0,0,0
2020-11-29,BREAD,GW,0.0,0.0,0.0,0.0,0,0,0.0,0,0,0,0,0,0,0
2020-11-29,BREAD,DK,0.0,0.0,0.0,0.0,0,0,0.0,0,0,0,0,0,0,0
2020-11-29,BREAD,H5|Cran,0.0,0.0,0.0,0.0,0,0,0.0,0,0,0,0,0,0,0
2020-11-29,BREAD,CSRWL,0.0,0.0,0.0,0.0,0,0,0.0,0,0,0,0,0,0,0
2020-11-29,BREAD,P. Swirl,0.0,0.0,0.0,0.0,0,0,0.0,0,0,0,0,0,0,0
2020-11-29,BREAD,CNE,0.0,0.0,0.0,0.0,0,0,0.0,0,0,0,0,0,0,0
2020-11-29,BREAD,CNR,0.0,0.0,0.0,0.0,0,0,0.0,0,0,0,0,0,0,0
2020-11-29,BREAD,CNW,0.0,0.0,0.0,0.0,0,0,0.0,0,0,0,0,0,0,0
2020-11-29,BREAD,CG,0.0,0.0,0.0,0.0,0,0,0.0,0,0,0,0,0,0,0
2020-11-29,BREAD,pesto CG,0.0,0.0,0.0,0.0,0,0,0.0,0,0,0,0,0,0,0
2020-11-29,BREAD,VS,0.0,0.0,0.0,0.0,0,0,0.0,0,0,0,0,0,0,0
2020-11-29,BREAD,SOURDOUGH,0.0,0.0,0.0,0.0,0,0,0.0,0,0,0,0,0,0,0
2020-11-29,BREAD,RG SOUR,0.0,0.0,0.0,0.0,0,0,0.0,0,0,0,0,0,0,0
2020-11-29,BREAD,CB,0.0,0.0,0.0,0.0,0,0,0.0,0,0,0,0,0,0,0
2020-11-29,BREAD,CrO,0.0,0.0,0.0,0.0,0,0,0.0,0,0,0,0,0,0,0
2020-11-29,BREAD,Stuffing,0.0,0.0,0.0,0.0,0,0,0.0,0,0,0,0,0,0,0
2020-11-29,BREAD,CAR,0.0,0.0,0.0,0.0,0,0,0.0,0,0,0,0,0,0,0
2020-11-29,BREAD,IHF,0.0,0.0,0.0,0.0,0,0,0.0,0,0,0,0,0,0,0
2020-11-29,BREAD,BUT-Rls,0.0,0.0,0.0,0.0,0,0,0.0,0,0,0,0,0,0,0
2020-11-29,BREAD,H-RLS,0.0,0.0,0.0,0.0,0,0,0.0,0,0,0,0,0,0,0
2020-11-29,BREAD,FR-RLS,0.0,0.0,0.0,0.0,0,0,0.0,0,0,0,0,0,0,0
2020-11-29,BREAD,VS-RLS,0.0,0.0,0.0,0.0,0,0,0.0,0,0,0,0,0,0,0
2020-11-29,BREAD,Blue Stru,0.0,0.0,0.0,0.0,0,0,0.0,0,0,0,0,0,0,0
2020-11-29,BREAD,Mex Choc,0.0,0.0,0.0,0.0,0,0,0.0,0,0,0,0,0,0,0
2020-11-29,BREAD,Pum Choc,0.0,0.0,0.0,0.0,0,0,0.0,0,0,0,0,0,0,0
2020-11-29,BREAD,Pum Crmb,0.0,0.0,0.0,0.0,0,0,0.0,0,0,0,0,0,0,0
2020-11-29,ROLLS,Cinnamon,0.0,0.0,0.0,0.0,0,0,0.0,0,0,0,0,0,0,0
2020-11-29,ROLLS,Pum C-Roll,0.0,0.0,0.0,0.0,0,0,0.0,0,0,0,0,0,0,0
2020-11-29,ROLLS,Mini C-Roll,0.0,0.0,0.0,0.0,0,0,0.0,0,0,0,0,0,0,0
2020-11-29,SCONES,Blueberry,0.0,0.0,0.0,0.0,0,0,0.0,0,0,0,0,0,0,0
2020-11-29,SCONES,Rasp Cream,0.0,0.0,0.0,0.0,0,0,0.0,0,0,0,0,0,0,0
2020-11-29,SCONES,Cherry,0.0,0.0,0.0,0.0,0,0,0.0,0,0,0,0,0,0,0
2020-11-29,SCONES,Butt Almond,0.0,0.0,0.0,0.0,0,0,0.0,0,0,0,0,0,0,0
2020-11-29,SCONES,Turtle,0.0,0.0,0.0,0.0,0,0,0.0,0,0,0,0,0,0,0
2020-11-29,SCONES,Cin Chip,0.0,0.0,0.0,0.0,0,0,0.0,0,0,0,0,0,0,0
2020-11-29,SCONES,Pumpkin,0.0,0.0,0.0,0.0,0,0,0.0,0,0,0,0,0,0,0
2020-11-29,FRUIT BARS,Mixed Berry,0.0,0.0,0.0,0.0,0,0,0.0,0,0,0,0,0,0,0
2020-11-29,FRUIT BARS,Cherry,0.0,0.0,0.0,0.0,0,0,0.0,0,0,0,0,0,0,0
2020-11-29,FRUIT BARS,Apple Cin,0.0,0.0,0.0,0.0,0,0,0.0,0,0,0,0,0,0,0
2020-11-29,FRUIT BARS,Straw Rhub,0.0,0.0,0.0,0.0,0,0,0.0,0,0,0,0,0,0,0
2020-11-29,MUFFINS,Blue Stru,0.0,0.0,0.0,0.0,0,0,0.0,0,0,0,0,0,0,0
2020-11-29,MUFFINS,Mex Choc,0.0,0.0,0.0,0.0,0,0,0.0,0,0,0,0,0,0,0
2020-11-29,MUFFINS,Pump Choc,0.0,0.0,0.0,0.0,0,0,0.0,0,0,0,0,0,0,0
2020-11-29,MUFFINS,Pump Crumb,0.0,0.0,0.0,0.0,0,0,0.0,0,0,0,0,0,0,0
2020-11-29,MUFFINS,Cookies,0.0,0.0,0.0,0.0,0,0,0.0,0,0,0,0,0,0,0
2020-11-29,MUFFINS,Bars,0.0,0.0,0.0,0.0,0,0,0.0,0,0,0,0,0,0,0
2020-11-29,MUFFINS,PIES,,,,,0,0,,0,0,0,0,0,0,0
2020-11-29,MUFFINS,oatmeal choc,0.0,0.0,0.0,0.0,0,0,0.0,0,0,0,0,0,0,0
2020-11-29,MUFFINS,triple choc,0.0,0.0,0.0,0.0,0,0,0.0,0,0,0,0,0,0,0
2020-11-29,MUFFINS,snickerdoodle,0.0,0.0,0.0,0.0,0,0,0.0,0,0,0,0,0,0,0
2020-11-29,MUFFINS,frosted sugar,0.0,0.0,0.0,0.0,0,0,0.0,0,0,0,0,0,0,0
2020-11-29,MUFFINS,PUmpkin,0.0,0.0,0.0,0.0,0,0,0.0,0,0,0,0,0,0,0
2020-11-29,MUFFINS,brownie,0.0,0.0,0.0,0.0,0,0,0.0,0,0,0,0,0,0,0
2020-11-29,MUFFINS,Pec Pie Bar,0.0,0.0,0.0,0.0,0,0,0.0,0,0,0,0,0,0,0
2020-11-29,MUFFINS,PIES: PECAN,0.0,0.0,0.0,0.0,0,0,0.0,0,0,0,0,0,0,0
2020-11-29,MUFFINS,Pump|Sug Cr,0.0,0.0,0.0,0.0,0,0,0.0,0,0,0,0,0,0,0
2020-11-29,MUFFINS,Ap|Ap Cran,0.0,0.0,0.0,0.0,0,0,0.0,0,0,0,0,0,0,0
2020-11-29,MUFFINS,Pump OHH,0.0,0.0,0.0,0.0,0,0,0.0,0,0,0,0,0,0,0
2020-11-29,MUFFINS,Bread Pudding,0.0,0.0,0.0,0.0,0,0,0.0,0,0,0,0,0,0,0
2020-11-29,MUFFINS,Totals,0.0,0.0,0.0,0.0,0,0,0.0,0,0,0,0,0,0,0
2020-11-30,BREAD,H,0.0,48.0,48.0,22.0,12,0,14.0,0,0,0,0,0,0,0
2020-11-30,BREAD,FR,0.0,26.0,26.0,14.0,0,0,12.0,0,0,0,0,0,0,0
2020-11-30,BREAD,GW,0.0,8.0,8.0,-1.0,0,0,9.0,0,0,0,0,0,0,0
2020-11-30,BREAD,DK,0.0,22.0,22.0,12.0,0,0,10.0,0,0,0,0,0,0,0
2020-11-30,BREAD,H5|Cran,0.0,0.0,0.0,0.0,0,0,0.0,0,0,0,0,0,0,0
2020-11-30,BREAD,CSRWL,0.0,16.0,16.0,11.0,0,0,5.0,0,3,3,1,0,0,2
2020-11-30,BREAD,P. Swirl,0.0,12.0,12.0,1.0,0,0,11.0,0,2,2,0,0,0,2
2020-11-30,BREAD,CNE,0.0,11.0,11.0,3.0,0,0,8.0,0,3,3,0,0,0,3
2020-11-30,BREAD,CNR,0.0,12.0,12.0,9.0,0,0,3.0,0,0,0,0,0,0,0
2020-11-30,BREAD,CNW,0.0,4.0,4.0,4.0,0,0,0.0,0,0,0,0,0,0,0
2020-11-30,BREAD,CG,0.0,8.0,8.0,4.0,0,0,4.0,0,3,3,2,0,0,1
2020-11-30,BREAD,pesto CG,0.0,5.0,5.0,3.0,0,0,2.0,0,0,0,0,0,0,0
2020-11-30,BREAD,cnA,0.0,0.0,0.0,0.0,0,0,0.0,0,0,0,0,0,0,0
2020-11-30,BREAD,CAW,0.0,0.0,0.0,0.0,0,0,0.0,0,0,0,0,0,0,0
2020-11-30,BREAD,VS,0.0,12.0,12.0,2.0,0,0,10.0,0,42,42,1,0,0,11
2020-11-30,BREAD,SOURDOUGH,0.0,23.0,23.0,23.0,0,0,0.0,0,0,0,0,0,0,0
2020-11-30,BREAD,RG SOUR,0.0,4.0,4.0,2.0,0,0,2.0,0,0,0,0,0,0,0
2020-11-30,BREAD,CB,0.0,0.0,0.0,0.0,0,0,0.0,0,0,0,0,0,0,0
2020-11-30,BREAD,CrO,0.0,0.0,0.0,0.0,0,0,0.0,0,0,0,0,0,0,0
2020-11-30,BREAD,Stuffing,0.0,0.0,0.0,0.0,0,0,0.0,0,0,0,0,0,0,0
2020-11-30,BREAD,CAR,0.0,0.0,0.0,0.0,0,0,0.0,0,0,0,0,0,0,0
2020-11-30,BREAD,IHF,0.0,0.0,0.0,0.0,0,0,0.0,0,0,0,0,0,0,0
2020-11-30,BREAD,TURKEY,0.0,0.0,0.0,0.0,0,0,0.0,0,0,0,0,0,0,0
2020-11-30,BREAD,BUT-Rls,0.0,0.0,0.0,0.0,0,0,0.0,0,0,0,0,0,0,0
2020-11-30,BREAD,H-RLS,0.0,3.0,3.0,3.0,0,0,0.0,0,0,0,0,0,0,0
2020-11-30,BREAD,FR-RLS,0.0,0.0,0.0,0.0,0,0,0.0,0,0,0,0,0,0,0
2020-11-30,BREAD,VS-RLS,0.0,3.0,3.0,0.0,0,0,3.0,0,0,0,0,0,0,0
2020-11-30,BREAD,Blue Stru,0.0,2.0,2.0,2.0,0,0,0.0,0,0,0,0,0,0,0
2020-11-30,BREAD,Mex Choc,0.0,2.0,2.0,2.0,0,0,0.0,0,0,0,0,0,0,0
2020-11-30,BREAD,Pum Choc,0.0,4.0,4.0,2.0,0,0,2.0,0,0,0,0,0,0,0
2020-11-30,BREAD,Pum Crmb,0.0,2.0,2.0,1.0,0,0,1.0,0,0,0,0,0,0,0
2020-11-30,ROLLS,Cinnamon,0.0,24.0,24.0,23.0,0,1,0.0,0,0,0,0,0,0,0
2020-11-30,ROLLS,Pum C-Roll,0.0,12.0,12.0,6.0,0,6,0.0,0,0,0,0,0,0,0
2020-11-30,ROLLS,Mini C-Roll,0.0,0.0,0.0,0.0,0,0,0.0,0,0,0,0,0,0,0
2020-11-30,SCONES,Blueberry,0.0,0.0,0.0,0.0,0,0,0.0,0,0,0,0,0,0,0
2020-11-30,SCONES,Rasp Cream,0.0,11.0,11.0,5.0,0,6,0.0,0,0,0,0,0,0,0
2020-11-30,SCONES,Cherry,0.0,0.0,0.0,0.0,0,0,0.0,0,0,0,0,0,0,0
2020-11-30,SCONES,Butt Almond,0.0,0.0,0.0,0.0,0,0,0.0,0,0,0,0,0,0,0
2020-11-30,SCONES,Turtle,0.0,0.0,0.0,0.0,0,0,0.0,0,0,0,0,0,0,0
2020-11-30,SCONES,Cin Chip,0.0,10.0,10.0,8.0,0,2,0.0,0,0,0,0,0,0,0
2020-11-30,SCONES,Pumpkin,0.0,3.0,3.0,1.0,0,2,0.0,0,0,0,0,0,0,0
2020-11-30,FRUIT BARS,Mixed Berry,0.0,10.0,10.0,5.0,0,5,0.0,0,0,0,0,0,0,0
2020-11-30,FRUIT BARS,Cherry,0.0,10.0,10.0,5.0,0,5,0.0,0,0,0,0,0,0,0
2020-11-30,FRUIT BARS,Apple Cin,0.0,0.0,0.0,0.0,0,0,0.0,0,0,0,0,0,0,0
2020-11-30,FRUIT BARS,Straw Rhub,0.0,0.0,0.0,0.0,0,0,0.0,0,0,0,0,0,0,0
2020-11-30,MUFFINS,Blue Stru,0.0,4.0,4.0,1.0,0,3,0.0,0,0,0,0,0,0,0
2020-11-30,MUFFINS,Mex Choc,0.0,4.0,4.0,2.0,0,2,0.0,0,0,0,0,0,0,0
2020-11-30,MUFFINS,Pump Choc,0.0,6.0,6.0,3.0,0,3,0.0,0,0,0,0,0,0,0
2020-11-30,MUFFINS,Pump Crumb,0.0,4.0,4.0,0.0,0,4,0.0,0,0,0,0,0,0,0
2020-11-30,MUFFINS,Cookies,0.0,0.0,0.0,0.0,0,0,0.0,0,0,0,0,0,0,0
2020-11-30,MUFFINS,Bars,0.0,0.0,0.0,0.0,0,0,0.0,0,0,0,0,0,0,0
2020-11-30,MUFFINS,PIES,,,,,0,0,,0,0,0,0,0,0,0
2020-11-30,MUFFINS,oatmeal choc,0.0,24.0,24.0,10.0,0,0,14.0,0,0,0,0,0,0,0
2020-11-30,MUFFINS,triple choc,0.0,24.0,24.0,20.0,0,0,4.0,0,0,0,0,0,0,0
2020-11-30,MUFFINS,snickerdoodle,0.0,24.0,24.0,14.0,0,0,10.0,0,0,0,0,0,0,0
2020-11-30,MUFFINS,frosted sugar,0.0,24.0,24.0,6.0,0,0,18.0,0,0,0,0,0,0,0
2020-11-30,MUFFINS,PUmpkin,0.0,8.0,8.0,8.0,0,0,0.0,0,0,0,0,0,0,0
2020-11-30,MUFFINS,brownie,0.0,6.0,6.0,0.0,0,0,6.0,0,0,0,0,0,0,0
2020-11-30,MUFFINS,Pec Pie Bar,0.0,6.0,6.0,6.0,0,0,0.0,0,0,0,0,0,0,0
2020-11-30,MUFFINS,PIES: PECAN,0.0,0.0,0.0,0.0,0,0,0.0,0,0,0,0,0,0,0
2020-11-30,MUFFINS,Pump|Sug Cr,0.0,0.0,0.0,0.0,0,0,0.0,0,0,0,0,0,0,0
2020-11-30,MUFFINS,Ap|Ap Cran,0.0,0.0,0.0,0.0,0,0,0.0,0,0,0,0,0,0,0
2020-11-30,MUFFINS,Pump OHH,0.0,0.0,0.0,0.0,0,0,0.0,0,0,0,0,0,0,0
2020-11-30,MUFFINS,Bread Pudding,0.0,0.0,0.0,0.0,0,0,0.0,0,0,0,0,0,0,0
2020-11-30,MUFFINS,Totals,0.0,214.0,214.0,123.0,0,39,52.0,0,0,0,0,0,0,0
2020-11-31,BREAD,H,14.0,0.0,14.0,14.0,0,0,0.0,0,0,0,0,0,0,0
2020-11-31,BREAD,FR,12.0,0.0,12.0,12.0,0,0,0.0,0,0,0,0,0,0,0
2020-11-31,BREAD,GW,9.0,0.0,9.0,9.0,0,0,0.0,0,0,0,0,0,0,0
2020-11-31,BREAD,DK,10.0,0.0,10.0,10.0,0,0,0.0,0,0,0,0,0,0,0
2020-11-31,BREAD,H5|Cran,0.0,0.0,0.0,0.0,0,0,0.0,0,0,0,0,0,0,0
2020-11-31,BREAD,CSRWL,5.0,0.0,5.0,5.0,0,0,0.0,2,0,2,2,0,0,0
2020-11-31,BREAD,P. Swirl,11.0,0.0,11.0,11.0,0,0,0.0,2,0,2,2,0,0,0
2020-11-31,BREAD,CNE,8.0,0.0,8.0,8.0,0,0,0.0,3,0,3,3,0,0,0
2020-11-31,BREAD,CNR,3.0,0.0,3.0,3.0,0,0,0.0,0,0,0,0,0,0,0
2020-11-31,BREAD,CNW,0.0,0.0,0.0,0.0,0,0,0.0,0,0,0,0,0,0,0
2020-11-31,BREAD,CG,4.0,0.0,4.0,4.0,0,0,0.0,1,0,1,1,0,0,0
2020-11-31,BREAD,pesto CG,2.0,0.0,2.0,2.0,0,0,0.0,0,0,0,0,0,0,0
2020-11-31,BREAD,VS,10.0,0.0,10.0,10.0,0,0,0.0,11,0,11,11,0,0,0
2020-11-31,BREAD,SOURDOUGH,0.0,0.0,0.0,0.0,0,0,0.0,0,0,0,0,0,0,0
2020-11-31,BREAD,RG SOUR,2.0,0.0,2.0,2.0,0,0,0.0,0,0,0,0,0,0,0
2020-11-31,BREAD,CB,0.0,0.0,0.0,0.0,0,0,0.0,0,0,0,0,0,0,0
2020-11-31,BREAD,CrO,0.0,0.0,0.0,0.0,0,0,0.0,0,0,0,0,0,0,0
2020-11-31,BREAD,Stuffing,0.0,0.0,0.0,0.0,0,0,0.0,0,0,0,0,0,0,0
2020-11-31,BREAD,CAR,0.0,0.0,0.0,0.0,0,0,0.0,0,0,0,0,0,0,0
2020-11-31,BREAD,IHF,0.0,0.0,0.0,0.0,0,0,0.0,0,0,0,0,0,0,0
2020-11-31,BREAD,BUT-Rls,0.0,0.0,0.0,0.0,0,0,0.0,0,0,0,0,0,0,0
2020-11-31,BREAD,H-RLS,0.0,0.0,0.0,0.0,0,0,0.0,0,0,0,0,0,0,0
2020-11-31,BREAD,FR-RLS,0.0,0.0,0.0,0.0,0,0,0.0,0,0,0,0,0,0,0
2020-11-31,BREAD,VS-RLS,3.0,0.0,3.0,3.0,0,0,0.0,0,0,0,0,0,0,0
2020-11-31,BREAD,Blue Stru,0.0,0.0,0.0,0.0,0,0,0.0,0,0,0,0,0,0,0
2020-11-31,BREAD,Mex Choc,2.0,0.0,2.0,2.0,0,0,0.0,0,0,0,0,0,0,0
2020-11-31,BREAD,Pum Choc,2.0,0.0,2.0,2.0,0,0,0.0,0,0,0,0,0,0,0
2020-11-31,BREAD,Pum Crmb,1.0,0.0,1.0,1.0,0,0,0.0,0,0,0,0,0,0,0
2020-11-31,ROLLS,Cinnamon,0.0,0.0,0.0,0.0,0,0,0.0,0,0,0,0,0,0,0
2020-11-31,ROLLS,Pum C-Roll,0.0,0.0,0.0,0.0,0,0,0.0,0,0,0,0,0,0,0
2020-11-31,ROLLS,Mini C-Roll,0.0,0.0,0.0,0.0,0,0,0.0,0,0,0,0,0,0,0
2020-11-31,SCONES,Blueberry,0.0,0.0,0.0,0.0,0,0,0.0,0,0,0,0,0,0,0
2020-11-31,SCONES,Rasp Cream,0.0,0.0,0.0,0.0,0,0,0.0,0,0,0,0,0,0,0
2020-11-31,SCONES,Cherry,0.0,0.0,0.0,0.0,0,0,0.0,0,0,0,0,0,0,0
2020-11-31,SCONES,Butt Almond,0.0,0.0,0.0,0.0,0,0,0.0,0,0,0,0,0,0,0
2020-11-31,SCONES,Turtle,0.0,0.0,0.0,0.0,0,0,0.0,0,0,0,0,0,0,0
2020-11-31,SCONES,Cin Chip,0.0,0.0,0.0,0.0,0,0,0.0,0,0,0,0,0,0,0
2020-11-31,SCONES,Pumpkin,0.0,0.0,0.0,0.0,0,0,0.0,0,0,0,0,0,0,0
2020-11-31,FRUIT BARS,Mixed Berry,0.0,0.0,0.0,0.0,0,0,0.0,0,0,0,0,0,0,0
2020-11-31,FRUIT BARS,Cherry,0.0,0.0,0.0,0.0,0,0,0.0,0,0,0,0,0,0,0
2020-11-31,FRUIT BARS,Apple Cin,0.0,0.0,0.0,0.0,0,0,0.0,0,0,0,0,0,0,0
2020-11-31,FRUIT BARS,Straw Rhub,0.0,0.0,0.0,0.0,0,0,0.0,0,0,0,0,0,0,0
2020-11-31,MUFFINS,Blue Stru,0.0,0.0,0.0,0.0,0,0,0.0,0,0,0,0,0,0,0
2020-11-31,MUFFINS,Mex Choc,0.0,0.0,0.0,0.0,0,0,0.0,0,0,0,0,0,0,0
2020-11-31,MUFFINS,Pump Choc,0.0,0.0,0.0,0.0,0,0,0.0,0,0,0,0,0,0,0
2020-11-31,MUFFINS,Pump Crumb,0.0,0.0,0.0,0.0,0,0,0.0,0,0,0,0,0,0,0
2020-11-31,MUFFINS,Cookies,0.0,0.0,0.0,0.0,0,0,0.0,0,0,0,0,0,0,0
2020-11-31,MUFFINS,Bars,0.0,0.0,0.0,0.0,0,0,0.0,0,0,0,0,0,0,0
2020-11-31,MUFFINS,PIES,,,,,0,0,,0,0,0,0,0,0,0
2020-11-31,MUFFINS,oatmeal choc,14.0,0.0,14.0,14.0,0,0,0.0,0,0,0,0,0,0,0
2020-11-31,MUFFINS,triple choc,4.0,0.0,4.0,4.0,0,0,0.0,0,0,0,0,0,0,0
2020-11-31,MUFFINS,snickerdoodle,10.0,0.0,10.0,10.0,0,0,0.0,0,0,0,0,0,0,0
2020-11-31,MUFFINS,frosted sugar,18.0,0.0,18.0,18.0,0,0,0.0,0,0,0,0,0,0,0
2020-11-31,MUFFINS,PUmpkin,0.0,0.0,0.0,0.0,0,0,0.0,0,0,0,0,0,0,0
2020-11-31,MUFFINS,brownie,6.0,0.0,6.0,6.0,0,0,0.0,0,0,0,0,0,0,0
2020-11-31,MUFFINS,Pec Pie Bar,0.0,0.0,0.0,0.0,0,0,0.0,0,0,0,0,0,0,0
2020-11-31,MUFFINS,PIES: PECAN,0.0,0.0,0.0,0.0,0,0,0.0,0,0,0,0,0,0,0
2020-11-31,MUFFINS,Pump|Sug Cr,0.0,0.0,0.0,0.0,0,0,0.0,0,0,0,0,0,0,0
2020-11-31,MUFFINS,Ap|Ap Cran,0.0,0.0,0.0,0.0,0,0,0.0,0,0,0,0,0,0,0
2020-11-31,MUFFINS,Pump OHH,0.0,0.0,0.0,0.0,0,0,0.0,0,0,0,0,0,0,0
2020-11-31,MUFFINS,Bread Pudding,0.0,0.0,0.0,0.0,0,0,0.0,0,0,0,0,0,0,0
2020-11-31,MUFFINS,Totals,52.0,0.0,52.0,52.0,0,0,0.0,0,0,0,0,0,0,0
