Date,Category,Product,START_OF_DAY_WHOLE,MADE_TODAY_WHOLE,AVAILABLE_TO_SELL_WHOLE,OUT_THE_DOOR_WHOLE,ORDERS_TODAY_WHOLE,REMOVED_AS_DAY_OLD_WHOLE,LEFT_WHOLE,START_OF_DAY_HALF,MADE_TODAY_HALF,AVAILABLE_TO_SELL_HALF,OUT_THE_DOOR_HALF,ORDERS_TODAY_HALF,REMOVED_AS_DAY_OLD_HALF,LEFT_HALF
2020-12-01,BREAD,H,14,24,38,14,0,0,24,0,0,0,0,0,0,0
2020-12-01,BREAD,FR,12,12,24,21,0,0,3,0,0,0,0,0,0,0
2020-12-01,BREAD,GW,9,7,16,7,0,6,3,0,0,0,0,0,0,0
2020-12-01,BREAD,DK,10,0,10,9,0,0,1,0,0,0,0,0,0,0
2020-12-01,BREAD,H5|Cran,0,16,16,7,0,0,9,0,4,4,3,0,0,1
2020-12-01,BREAD,CSRWL,5,8,13,13,0,0,0,2,0,2,2,0,0,0
2020-12-01,BREAD,MP SWRL,0,12,12,2,0,0,10,0,3,3,2,0,0,1
2020-12-01,BREAD,TS,0,0,0,0,0,0,0,0,0,0,0,0,0,0
2020-12-01,BREAD,Angels,0,0,0,0,0,0,0,0,0,0,0,0,0,0
2020-12-01,BREAD,CNE,8,0,8,5,0,3,0,3,0,3,3,0,0,0
2020-12-01,BREAD,CNR,3,0,3,3,0,0,0,0,0,0,0,0,0,0
2020-12-01,BREAD,CNW,0,0,0,0,0,0,0,0,0,0,0,0,0,0
2020-12-01,BREAD,Pump Swrl,11,0,11,1,0,10,0,2,0,2,1,0,0,0
2020-12-01,BREAD,Wreath,0,0,0,0,0,0,0,0,0,0,0,0,0,0
2020-12-01,BREAD,VS,10,0,10,4,0,0,6,11,0,11,3,0,0,8
2020-12-01,BREAD,SOURDOUGH,0,14,14,9,0,0,5,0,0,0,0,0,0,0
2020-12-01,BREAD,RG SOUR,2,0,2,2,0,0,0,0,0,0,0,0,0,0
2020-12-01,BREAD,CB,0,7,7,1,2,0,4,0,4,4,1,0,0,3
2020-12-01,BREAD,CrO,0,7,7,3,3,0,1,0,3,3,3,0,0,0
2020-12-01,BREAD,CH,0,0,0,0,0,0,0,0,0,0,0,0,0,0
2020-12-01,BREAD,CAR,0,0,0,0,0,0,0,0,0,0,0,0,0,0
2020-12-01,BREAD,IHF,0,0,0,0,0,0,0,0,0,0,0,0,0,0
2020-12-01,BREAD,BUT-Rls,0,0,0,0,0,0,0,0,0,0,0,0,0,0
2020-12-01,BREAD,H-RLS,0,3,3,3,0,0,0,0,0,0,0,0,0,0
2020-12-01,BREAD,FR-RLS,0,4,4,1,0,0,3,0,0,0,0,0,0,0
2020-12-01,BREAD,VS-RLS,3,0,3,2,0,0,1,0,0,0,0,0,0,0
2020-12-01,BREAD,Blue Stru,0,3,3,0,0,0,3,0,0,0,0,0,0,0
2020-12-01,BREAD,Mex Choc,0,3,3,0,0,0,3,0,0,0,0,0,0,0
2020-12-01,BREAD,Pum Choc,2,8,10,-1,5,3,3,0,0,0,0,0,0,0
2020-12-01,BREAD,Pum Crmb,1,2,3,0,0,1,2,0,0,0,0,0,0,0
2020-12-01,ROLLS,Cinnamon,0,24,24,21,0,3,0,0,0,0,0,0,0,0
2020-12-01,ROLLS,Pecan C-Roll,0,24,24,12,0,12,0,0,0,0,0,0,0,0
2020-12-01,ROLLS,Mini C-Roll,0,0,0,0,0,0,0,0,0,0,0,0,0,0
2020-12-01,SCONES,Blueberry,0,11,11,10,0,1,0,0,0,0,0,0,0,0
2020-12-01,SCONES,Rasp Cream,0,0,0,0,0,0,0,0,0,0,0,0,0,0
2020-12-01,SCONES,Cherry,0,0,0,0,0,0,0,0,0,0,0,0,0,0
2020-12-01,SCONES,Butt Almond,0,0,0,0,0,0,0,0,0,0,0,0,0,0
2020-12-01,SCONES,Turtle,0,0,0,0,0,0,0,0,0,0,0,0,0,0
2020-12-01,SCONES,Cin Chip,0,11,11,11,0,0,0,0,0,0,0,0,0,0
2020-12-01,SCONES,CrO,0,5,5,5,0,0,0,0,0,0,0,0,0,0
2020-12-01,SCONES,CrO-WChoc,0,5,5,5,0,0,0,0,0,0,0,0,0,0
2020-12-01,FRUIT BARS,Mixed Berry,0,0,0,0,0,0,0,0,0,0,0,0,0,0
2020-12-01,FRUIT BARS,Cherry,0,0,0,0,0,0,0,0,0,0,0,0,0,0
2020-12-01,FRUIT BARS,Apple Cin,0,10,10,1,0,9,0,0,0,0,0,0,0,0
2020-12-01,FRUIT BARS,Cran Choc,0,10,10,1,0,9,0,0,0,0,0,0,0,0
2020-12-01,MUFFINS,Blue Stru,0,3,3,2,0,1,0,0,0,0,0,0,0,0
2020-12-01,MUFFINS,Mex Choc,0,3,3,2,0,1,0,0,0,0,0,0,0,0
2020-12-01,MUFFINS,Pump Choc,0,5,5,1,0,4,0,0,0,0,0,0,0,0
2020-12-01,MUFFINS,Pump Crumb,0,3,3,0,0,3,0,0,0,0,0,0,0,0
2020-12-01,MUFFINS,Cookies,0,0,0,0,0,0,0,0,0,0,0,0,0,0
2020-12-01,MUFFINS,Bars,0,0,0,0,0,0,0,0,0,0,0,0,0,0
2020-12-01,MUFFINS,Cran W Choc,14,18,32,15,12,1,4,0,0,0,0,0,0,0
2020-12-01,MUFFINS,triple choc,4,30,34,15,12,0,7,0,0,0,0,0,0,0
2020-12-01,MUFFINS,St. Nicker,10,24,34,21,12,0,1,0,0,0,0,0,0,0
2020-12-01,MUFFINS,Ginger,0,24,24,14,0,0,10,0,0,0,0,0,0,0
2020-12-01,MUFFINS,frosted sugar,18,6,24,10,0,6,8,0,0,0,0,0,0,0
2020-12-01,MUFFINS,PUmpkin,0,10,10,2,0,0,8,0,0,0,0,0,0,0
2020-12-01,MUFFINS,Brown,0,6,6,6,0,0,0,0,0,0,0,0,0,0
2020-12-01,MUFFINS,Pepp,6,2,8,8,0,0,0,0,0,0,0,0,0,0
2020-12-01,MUFFINS,Pump OHH,0,0,0,0,0,0,0,0,0,0,0,0,0,0
2020-12-01,MUFFINS,Bread Pudding,0,0,0,0,0,0,0,0,0,0,0,0,0,0
2020-12-01,MUFFINS,Totals,46,232,278,154,36,50,38,6,2,8,8,0,0,0
2020-12-02,BREAD,H,24,11,35,11,0,4,20,0,0,0,0,0,0,0
2020-12-02,BREAD,FR,3,21,24,8,0,0,16,0,0,0,0,0,0,0
2020-12-02,BREAD,GW,3,6,9,1,0,0,8,0,0,0,0,0,0,0
2020-12-02,BREAD,DK,1,29,30,9,0,0,21,0,0,0,0,0,0,0
2020-12-02,BREAD,H5|Cran,9,0,9,5,0,0,4,1,0,1,1,0,0,0
2020-12-02,BREAD,CSRWL,0,16,16,8,0,0,8,0,3,3,1,0,0,2
2020-12-02,BREAD,MP SWRL,10,4,14,3,0,7,4,1,0,1,1,0,0,0
2020-12-02,BREAD,TS,0,9,9,3,0,0,6,0,2,2,1,0,0,1
2020-12-02,BREAD,Angels,0,3,3,0,0,0,3,0,0,0,0,0,0,0
2020-12-02,BREAD,CNE,0,14,14,8,0,0,6,0,2,2,1,0,0,1
2020-12-02,BREAD,CNR,0,6,6,0,0,0,6,0,0,0,0,0,0,0
2020-12-02,BREAD,CNW,0,5,5,1,0,0,4,0,0,0,0,0,0,0
2020-12-02,BREAD,POP,0,9,9,9,0,0,0,0,3,3,3,0,0,0
2020-12-02,BREAD,Wreath,0,3,3,3,0,0,0,0,0,0,0,0,0,0
2020-12-02,BREAD,VS,6,0,6,3,0,3,0,8,0,8,2,0,0,0
2020-12-02,BREAD,SOURDOUGH,5,9,14,9,0,0,5,0,0,0,0,0,0,0
2020-12-02,BREAD,RG SOUR,0,6,6,3,0,0,3,0,0,0,0,0,0,0
2020-12-02,BREAD,CB,4,0,4,1,0,3,0,3,0,3,0,0,0,0
2020-12-02,BREAD,CrO,1,0,1,1,0,0,0,0,0,0,0,0,0,0
2020-12-02,BREAD,CH,0,8,8,1,0,0,7,0,3,3,1,0,0,2
2020-12-02,BREAD,CAR,0,0,0,0,0,0,0,0,0,0,0,0,0,0
2020-12-02,BREAD,IHF,0,0,0,0,0,0,0,0,0,0,0,0,0,0
2020-12-02,BREAD,BUT-Rls,0,0,0,0,0,0,0,0,0,0,0,0,0,0
2020-12-02,BREAD,H-RLS,0,3,3,2,0,1,0,0,0,0,0,0,0,0
2020-12-02,BREAD,FR-RLS,3,0,3,3,0,0,0,0,0,0,0,0,0,0
2020-12-02,BREAD,VS-RLS,1,0,1,1,0,0,0,0,0,0,0,0,0,0
2020-12-02,BREAD,Blue Stru,3,0,3,1,0,2,0,0,0,0,0,0,0,0
2020-12-02,BREAD,Mex Choc,3,0,3,0,0,3,0,0,0,0,0,0,0,0
2020-12-02,BREAD,Pum Choc,3,2,5,4,0,1,0,0,0,0,0,0,0,0
2020-12-02,BREAD,Pum Crmb,2,1,3,3,0,0,0,0,0,0,0,0,0,0
2020-12-02,ROLLS,Cinnamon,0,24,24,20,0,4,0,0,0,0,0,0,0,0
2020-12-02,ROLLS,Pecan C-Roll,0,12,12,8,0,4,0,0,0,0,0,0,0,0
2020-12-02,ROLLS,Mini C-Roll,0,0,0,0,0,0,0,0,0,0,0,0,0,0
2020-12-02,SCONES,Blueberry,0,0,0,0,0,0,0,0,0,0,0,0,0,0
2020-12-02,SCONES,Rasp Cream,0,18,18,12,6,0,0,0,0,0,0,0,0,0
2020-12-02,SCONES,Cherry,0,0,0,0,0,0,0,0,0,0,0,0,0,0
2020-12-02,SCONES,Butt Almond,0,0,0,0,0,0,0,0,0,0,0,0,0,0
2020-12-02,SCONES,Turtle,0,15,15,13,2,0,0,0,0,0,0,0,0,0
2020-12-02,SCONES,Cin Chip,0,0,0,0,0,0,0,0,0,0,0,0,0,0
2020-12-02,SCONES,CrO,0,7,7,7,0,0,0,0,0,0,0,0,0,0
2020-12-02,SCONES,CrO-WChoc,0,7,7,7,0,0,0,0,0,0,0,0,0,0
2020-12-02,FRUIT BARS,Mixed Berry,0,10,10,1,1,8,0,0,0,0,0,0,0,0
2020-12-02,FRUIT BARS,Cherry,0,10,10,3,1,6,0,0,0,0,0,0,0,0
2020-12-02,FRUIT BARS,Apple Cin,0,0,0,0,0,0,0,0,0,0,0,0,0,0
2020-12-02,FRUIT BARS,Cran Choc,0,0,0,0,0,0,0,0,0,0,0,0,0,0
2020-12-02,MUFFINS,Blue Stru,0,5,5,3,2,0,0,0,0,0,0,0,0,0
2020-12-02,MUFFINS,Mex Choc,0,4,4,3,1,0,0,0,0,0,0,0,0,0
2020-12-02,MUFFINS,Pump Choc,0,7,7,5,2,0,0,0,0,0,0,0,0,0
2020-12-02,MUFFINS,Pump Crumb,0,4,4,3,1,0,0,0,0,0,0,0,0,0
2020-12-02,MUFFINS,Cookies,0,0,0,0,0,0,0,0,0,0,0,0,0,0
2020-12-02,MUFFINS,Bars,0,0,0,0,0,0,0,0,0,0,0,0,0,0
2020-12-02,MUFFINS,Cran W Choc,4,12,16,10,0,0,6,0,0,0,0,0,0,0
2020-12-02,MUFFINS,triple choc,7,12,19,17,0,0,2,0,0,0,0,0,0,0
2020-12-02,MUFFINS,St. Nicker,1,18,19,9,0,0,10,0,0,0,0,0,0,0
2020-12-02,MUFFINS,Ginger,10,12,22,10,0,0,12,0,0,0,0,0,0,0
2020-12-02,MUFFINS,frosted sugar,8,12,20,4,0,3,13,0,0,0,0,0,0,0
2020-12-02,MUFFINS,PUmpkin,8,2,10,6,0,0,4,0,0,0,0,0,0,0
2020-12-02,MUFFINS,Brown,0,6,6,0,0,0,6,0,0,0,0,0,0,0
2020-12-02,MUFFINS,Pepp,0,8,8,6,0,0,2,0,0,0,0,0,0,0
2020-12-02,MUFFINS,Pump OHH,0,0,0,0,0,0,0,0,0,0,0,0,0,0
2020-12-02,MUFFINS,Bread Pudding,0,0,0,0,0,0,0,0,0,0,0,0,0,0
2020-12-02,MUFFINS,Totals,38,197,235,141,16,25,53,0,8,8,6,0,0,2
2020-12-03,BREAD,H,20,19,39,15,0,5,19,0,0,0,0,0,0,0
2020-12-03,BREAD,FR,16,37,53,18,33,0,2,0,0,0,0,0,0,0
2020-12-03,BREAD,GW,8,3,11,8,0,2,1,0,0,0,0,0,0,0
2020-12-03,BREAD,DK,21,0,21,11,0,0,10,0,0,0,0,0,0,0
2020-12-03,BREAD,H5|Cran,4,16,20,8,0,0,12,0,4,4,1,0,0,3
2020-12-03,BREAD,CSRWL,8,8,16,6,0,2,8,2,0,2,2,0,0,0
2020-12-03,BREAD,MP SWRL,4,4,8,2,0,0,6,0,2,2,2,0,0,0
2020-12-03,BREAD,TS,6,0,6,2,0,4,0,1,0,1,0,0,0,0
2020-12-03,BREAD,Angels,3,0,3,0,0,3,0,0,0,0,0,0,0,0
2020-12-03,BREAD,CNE,6,0,6,6,0,0,0,1,0,1,1,0,0,0
2020-12-03,BREAD,CNR,6,0,6,1,0,5,0,0,0,0,0,0,0,0
2020-12-03,BREAD,CNW,4,0,4,3,0,1,0,0,0,0,0,0,0,0
2020-12-03,BREAD,POP,0,0,0,0,0,0,0,0,0,0,0,0,0,0
2020-12-03,BREAD,Wreath,0,0,0,0,0,0,0,0,0,0,0,0,0,0
2020-12-03,BREAD,VS,0,9,9,6,1,0,2,0,3,3,2,0,0,0
2020-12-03,BREAD,SOURDOUGH,5,0,5,3,0,2,0,0,0,0,0,0,0,0
2020-12-03,BREAD,RG SOUR,3,0,3,2,0,1,0,0,0,0,0,0,0,0
2020-12-03,BREAD,CB,0,8,8,6,0,0,2,0,5,5,2,0,0,3
2020-12-03,BREAD,CrO,0,16,16,2,5,0,9,0,4,4,4,0,0,0
2020-12-03,BREAD,CH,7,0,7,1,0,6,0,2,0,2,2,0,0,0
2020-12-03,BREAD,CAR,0,0,0,0,0,0,0,0,0,0,0,0,0,0
2020-12-03,BREAD,IHF,0,0,0,0,0,0,0,0,0,0,0,0,0,0
2020-12-03,BREAD,BUT-Rls,0,0,0,0,0,0,0,0,0,0,0,0,0,0
2020-12-03,BREAD,H-RLS,0,3,3,3,0,0,0,0,0,0,0,0,0,0
2020-12-03,BREAD,FR-RLS,0,3,3,1,0,0,2,0,0,0,0,0,0,0
2020-12-03,BREAD,VS-RLS,0,4,4,1,0,0,3,0,0,0,0,0,0,0
2020-12-03,BREAD,Blue Stru,0,4,4,1,0,0,3,0,0,0,0,0,0,0
2020-12-03,BREAD,Mex Choc,0,4,4,0,0,0,4,0,0,0,0,0,0,0
2020-12-03,BREAD,Pum Choc,0,6,6,2,0,0,4,0,0,0,0,0,0,0
2020-12-03,BREAD,Pum Crmb,0,4,4,2,0,0,2,0,0,0,0,0,0,0
2020-12-03,ROLLS,Cinnamon,0,36,36,18,13,5,0,0,0,0,0,0,0,0
2020-12-03,ROLLS,Pecan C-Roll,0,12,12,12,0,0,0,0,0,0,0,0,0,0
2020-12-03,ROLLS,Mini C-Roll,0,0,0,0,0,0,0,0,0,0,0,0,0,0
2020-12-03,SCONES,Blueberry,0,12,12,8,0,4,0,0,0,0,0,0,0,0
2020-12-03,SCONES,Rasp Cream,0,0,0,0,0,0,0,0,0,0,0,0,0,0
2020-12-03,SCONES,Cherry,0,0,0,0,0,0,0,0,0,0,0,0,0,0
2020-12-03,SCONES,Butt Almond,0,0,0,0,0,0,0,0,0,0,0,0,0,0
2020-12-03,SCONES,Turtle,0,10,10,10,0,0,0,0,0,0,0,0,0,0
2020-12-03,SCONES,Cin Chip,0,0,0,0,0,0,0,0,0,0,0,0,0,0
2020-12-03,SCONES,CrO,0,11,11,7,4,0,0,0,0,0,0,0,0,0
2020-12-03,SCONES,CrO-WChoc,0,7,7,7,0,0,0,0,0,0,0,0,0,0
2020-12-03,FRUIT BARS,Mixed Berry,0,0,0,0,0,0,0,0,0,0,0,0,0,0
2020-12-03,FRUIT BARS,Cherry,0,0,0,0,0,0,0,0,0,0,0,0,0,0
2020-12-03,FRUIT BARS,Apple Cin,0,10,10,1,0,9,0,0,0,0,0,0,0,0
2020-12-03,FRUIT BARS,Cran w.Choc,0,10,10,2,0,8,0,0,0,0,0,0,0,0
2020-12-03,MUFFINS,Blue Stru,0,4,4,2,0,2,0,0,0,0,0,0,0,0
2020-12-03,MUFFINS,Mex Choc,0,4,4,4,0,0,0,0,0,0,0,0,0,0
2020-12-03,MUFFINS,Pump Choc,0,6,6,4,0,2,0,0,0,0,0,0,0,0
2020-12-03,MUFFINS,Pump Crumb,0,4,4,1,0,3,0,0,0,0,0,0,0,0
2020-12-03,MUFFINS,Cookies,0,0,0,0,0,0,0,0,0,0,0,0,0,0
2020-12-03,MUFFINS,Bars,0,0,0,0,0,0,0,0,0,0,0,0,0,0
2020-12-03,MUFFINS,Cran W Choc,6,12,18,15,0,0,3,0,0,0,0,0,0,0
2020-12-03,MUFFINS,triple choc,2,18,20,20,0,0,0,0,0,0,0,0,0,0
2020-12-03,MUFFINS,St. Nicker,10,12,22,18,0,0,4,0,0,0,0,0,0,0
2020-12-03,MUFFINS,Ginger,12,12,24,24,0,0,0,0,0,0,0,0,0,0
2020-12-03,MUFFINS,frosted sugar,13,12,25,15,0,0,10,0,0,0,0,0,0,0
2020-12-03,MUFFINS,PUmpkin,4,6,10,5,0,4,1,0,0,0,0,0,0,0
2020-12-03,MUFFINS,Brown,6,4,10,10,0,0,0,0,0,0,0,0,0,0
2020-12-03,MUFFINS,Pepp,2,8,10,10,0,0,0,0,0,0,0,0,0,0
2020-12-03,MUFFINS,Pump OHH,0,0,0,0,0,0,0,0,0,0,0,0,0,0
2020-12-03,MUFFINS,Bread Pudding,0,0,0,0,0,0,0,0,0,0,0,0,0,0
2020-12-03,MUFFINS,Totals,53,202,255,183,17,37,18,2,8,10,10,0,0,0
2020-12-04,BREAD,H,19,32,51,13,2,0,36,0,0,0,0,0,0,0
2020-12-04,BREAD,FR,2,46,48,22,1,0,25,0,0,0,0,0,0,0
2020-12-04,BREAD,GW,1,14,15,5,1,0,9,0,0,0,0,0,0,0
2020-12-04,BREAD,DK,10,15,25,11,1,0,13,0,0,0,0,0,0,0
2020-12-04,BREAD,H5|Cran,12,0,12,3,0,0,9,3,0,3,2,0,0,1
2020-12-04,BREAD,CSRWL,8,12,20,19,1,0,0,0,3,3,1,0,0,2
2020-12-04,BREAD,MP SWRL,6,4,10,5,0,1,4,0,2,2,2,0,0,0
2020-12-04,BREAD,TS,0,10,10,0,0,0,10,0,3,3,2,0,0,1
2020-12-04,BREAD,Angels,0,3,3,1,0,0,2,0,0,0,0,0,0,0
2020-12-04,BREAD,CNE,0,22,22,13,0,0,9,0,4,4,4,0,0,0
2020-12-04,BREAD,CNR,0,8,8,2,1,0,5,0,0,0,0,0,0,0
2020-12-04,BREAD,CNW,0,8,8,4,0,0,4,0,0,0,0,0,0,0
2020-12-04,BREAD,POP,0,29,29,7,2,0,20,0,3,3,2,0,0,0
2020-12-04,BREAD,Wreath,0,4,4,0,0,0,4,0,0,0,0,0,0,0
2020-12-04,BREAD,VS,2,8,10,7,0,0,3,0,4,4,2,0,0,2
2020-12-04,BREAD,SOURDOUGH,0,17,17,6,1,0,10,0,0,0,0,0,0,0
2020-12-04,BREAD,RG SOUR,0,6,6,2,0,0,4,0,0,0,0,0,0,0
2020-12-04,BREAD,CB,2,0,2,2,0,0,0,3,0,3,3,0,0,0
2020-12-04,BREAD,CrO,9,0,9,5,0,4,0,0,0,0,0,0,0,0
2020-12-04,BREAD,CH,0,0,0,0,0,0,0,0,0,0,0,0,0,0
2020-12-04,BREAD,CAR,0,0,0,0,0,0,0,0,0,0,0,0,0,0
2020-12-04,BREAD,IHF,0,0,0,0,0,0,0,0,0,0,0,0,0,0
2020-12-04,BREAD,BUT-Rls,0,15,15,6,2,0,7,0,0,0,0,0,0,0
2020-12-04,BREAD,H-RLS,0,4,4,-4,0,4,4,0,0,0,0,0,0,0
2020-12-04,BREAD,FR-RLS,2,0,2,1,0,1,0,0,0,0,0,0,0,0
2020-12-04,BREAD,VS-RLS,3,2,5,3,0,0,2,0,0,0,0,0,0,0
2020-12-04,BREAD,Blue Stru,3,2,5,0,0,3,2,0,0,0,0,0,0,0
2020-12-04,BREAD,Mex Choc,4,1,5,2,0,2,1,0,0,0,0,0,0,0
2020-12-04,BREAD,Pum Choc,4,4,8,2,0,2,4,0,0,0,0,0,0,0
2020-12-04,BREAD,Pum Crmb,2,3,5,1,0,1,3,0,0,0,0,0,0,0
2020-12-04,ROLLS,Cinnamon,0,36,36,28,4,4,0,0,0,0,0,0,0,0
2020-12-04,ROLLS,Pecan C-Roll,0,24,24,3,0,21,0,0,0,0,0,0,0,0
2020-12-04,ROLLS,Mini C-Roll,0,0,0,0,0,0,0,0,0,0,0,0,0,0
2020-12-04,SCONES,Blueberry,0,0,0,0,0,0,0,0,0,0,0,0,0,0
2020-12-04,SCONES,Rasp Cream,0,0,0,-2,0,2,0,0,0,0,0,0,0,0
2020-12-04,SCONES,Cherry,0,19,19,15,4,0,0,0,0,0,0,0,0,0
2020-12-04,SCONES,Butt Almond,0,23,23,8,4,11,0,0,0,0,0,0,0,0
2020-12-04,SCONES,Turtle,0,0,0,0,0,0,0,0,0,0,0,0,0,0
2020-12-04,SCONES,Cin Chip,0,0,0,0,0,0,0,0,0,0,0,0,0,0
2020-12-04,SCONES,CrO,0,6,6,6,0,0,0,0,0,0,0,0,0,0
2020-12-04,SCONES,CrO-WChoc,0,6,6,6,0,0,0,0,0,0,0,0,0,0
2020-12-04,FRUIT BARS,Mixed Berry,0,10,10,9,0,1,0,0,0,0,0,0,0,0
2020-12-04,FRUIT BARS,Cherry,0,10,10,10,0,0,0,0,0,0,0,0,0,0
2020-12-04,FRUIT BARS,Apple Cin,0,0,0,-1,0,1,0,0,0,0,0,0,0,0
2020-12-04,FRUIT BARS,Cran Choc,0,0,0,0,0,0,0,0,0,0,0,0,0,0
2020-12-04,MUFFINS,Blue Stru,0,4,4,3,0,1,0,0,0,0,0,0,0,0
2020-12-04,MUFFINS,Mex Choc,0,4,4,1,0,3,0,0,0,0,0,0,0,0
2020-12-04,MUFFINS,Pump Choc,0,7,7,2,0,5,0,0,0,0,0,0,0,0
2020-12-04,MUFFINS,Pump Crumb,0,4,4,2,0,2,0,0,0,0,0,0,0,0
2020-12-04,MUFFINS,Cookies,0,0,0,0,0,0,0,0,0,0,0,0,0,0
2020-12-04,MUFFINS,Bars,0,0,0,0,0,0,0,0,0,0,0,0,0,0
2020-12-04,MUFFINS,Cran W Choc,3,12,15,10,0,0,5,0,0,0,0,0,0,0
2020-12-04,MUFFINS,triple choc,0,24,24,13,0,0,11,0,0,0,0,0,0,0
2020-12-04,MUFFINS,St. Nicker,4,18,22,18,0,0,4,0,0,0,0,0,0,0
2020-12-04,MUFFINS,Ginger,0,24,24,13,0,0,11,0,0,0,0,0,0,0
2020-12-04,MUFFINS,frosted sugar,10,6,16,12,0,0,4,0,0,0,0,0,0,0
2020-12-04,MUFFINS,PUmpkin,1,7,8,2,0,0,6,0,0,0,0,0,0,0
2020-12-04,MUFFINS,Brown,0,5,5,-1,0,0,6,0,0,0,0,0,0,0
2020-12-04,MUFFINS,Pepp,0,8,8,4,0,0,4,0,0,0,0,0,0,0
2020-12-04,MUFFINS,Pump OHH,0,0,0,0,0,0,0,0,0,0,0,0,0,0
2020-12-04,MUFFINS,Bread Pudding,0,0,0,0,0,0,0,0,0,0,0,0,0,0
2020-12-04,MUFFINS,Totals,18,249,267,157,12,51,47,0,8,8,4,0,0,4
2020-12-05,BREAD,H,36,0,36,14,0,22,0,0,0,0,0,0,0,0
2020-12-05,BREAD,FR,25,0,25,25,0,0,0,0,0,0,0,0,0,0
2020-12-05,BREAD,GW,9,0,9,3,0,6,0,0,0,0,0,0,0,0
2020-12-05,BREAD,DK,13,0,13,10,0,3,0,0,0,0,0,0,0,0
2020-12-05,BREAD,H5|Cran,9,0,9,8,0,1,0,1,0,1,1,0,0,0
2020-12-05,BREAD,CSRWL,0,13,13,12,0,1,0,2,0,2,2,0,0,0
2020-12-05,BREAD,MP SWRL,4,4,8,3,1,4,0,0,2,2,2,0,0,0
2020-12-05,BREAD,TS,10,0,10,10,0,0,0,1,0,1,1,0,0,0
2020-12-05,BREAD,Angels,2,0,2,2,0,0,0,0,0,0,0,0,0,0
2020-12-05,BREAD,CNE,9,0,9,9,0,0,0,0,0,0,0,0,0,0
2020-12-05,BREAD,CNR,5,0,5,5,0,0,0,0,0,0,0,0,0,0
2020-12-05,BREAD,CNW,4,0,4,2,0,2,0,0,0,0,0,0,0,0
2020-12-05,BREAD,POP,20,0,20,17,0,3,0,0,0,0,0,0,0,0
2020-12-05,BREAD,Wreath,4,0,4,4,0,0,0,0,0,0,0,0,0,0
2020-12-05,BREAD,VS,3,0,3,3,0,0,0,2,0,2,2,0,0,0
2020-12-05,BREAD,SOURDOUGH,10,0,10,10,0,0,0,0,0,0,0,0,0,0
2020-12-05,BREAD,RG SOUR,4,0,4,4,0,0,0,0,0,0,0,0,0,0
2020-12-05,BREAD,CB,0,5,5,5,0,0,0,0,2,2,2,0,0,0
2020-12-05,BREAD,CrO,0,7,7,6,0,1,0,0,2,2,2,0,0,0
2020-12-05,BREAD,CH,0,0,0,0,0,0,0,0,0,0,0,0,0,0
2020-12-05,BREAD,CAR,0,0,0,0,0,0,0,0,0,0,0,0,0,0
2020-12-05,BREAD,IHF,0,24,24,0,0,0,24,0,0,0,0,0,0,0
2020-12-05,BREAD,BUT-Rls,7,0,7,1,0,6,0,0,0,0,0,0,0,0
2020-12-05,BREAD,H-RLS,4,0,4,3,0,1,0,0,0,0,0,0,0,0
2020-12-05,BREAD,FR-RLS,0,0,0,0,0,0,0,0,0,0,0,0,0,0
2020-12-05,BREAD,VS-RLS,2,0,2,2,0,0,0,0,0,0,0,0,0,0
2020-12-05,BREAD,Blue Stru,2,2,4,4,0,0,0,0,0,0,0,0,0,0
2020-12-05,BREAD,Mex Choc,4,0,4,4,0,0,0,0,0,0,0,0,0,0
2020-12-05,BREAD,Pum Choc,4,0,4,2,0,2,0,0,0,0,0,0,0,0
2020-12-05,BREAD,Pum Crmb,3,0,3,1,0,2,0,0,0,0,0,0,0,0
2020-12-05,ROLLS,Cinnamon,0,72,72,63,8,1,0,0,0,0,0,0,0,0
2020-12-05,ROLLS,Pecan C-Roll,0,36,36,11,0,25,0,0,0,0,0,0,0,0
2020-12-05,ROLLS,Mini C-Roll,0,0,0,0,0,0,0,0,0,0,0,0,0,0
2020-12-05,SCONES,Blueberry,0,16,16,13,0,3,0,0,0,0,0,0,0,0
2020-12-05,SCONES,Rasp Cream,0,0,0,0,0,0,0,0,0,0,0,0,0,0
2020-12-05,SCONES,Cherry,0,0,0,0,0,0,0,0,0,0,0,0,0,0
2020-12-05,SCONES,Butt Almond,0,16,16,8,4,4,0,0,0,0,0,0,0,0
2020-12-05,SCONES,Turtle,0,0,0,0,0,0,0,0,0,0,0,0,0,0
2020-12-05,SCONES,Cin Chip,0,0,0,0,0,0,0,0,0,0,0,0,0,0
2020-12-05,SCONES,CrO,0,6,6,6,0,0,0,0,0,0,0,0,0,0
2020-12-05,SCONES,CrO-WChoc,0,6,6,6,0,0,0,0,0,0,0,0,0,0
2020-12-05,FRUIT BARS,Mixed Berry,0,0,0,0,0,0,0,0,0,0,0,0,0,0
2020-12-05,FRUIT BARS,Cherry,0,0,0,0,0,0,0,0,0,0,0,0,0,0
2020-12-05,FRUIT BARS,Apple Cin,0,10,10,6,0,4,0,0,0,0,0,0,0,0
2020-12-05,FRUIT BARS,Cran W.Choc,0,10,10,1,0,9,0,0,0,0,0,0,0,0
2020-12-05,MUFFINS,Blue Stru,0,4,4,4,0,0,0,0,0,0,0,0,0,0
2020-12-05,MUFFINS,Mex Choc,0,4,4,4,0,0,0,0,0,0,0,0,0,0
2020-12-05,MUFFINS,Pump Choc,0,8,8,4,0,4,0,0,0,0,0,0,0,0
2020-12-05,MUFFINS,Pump Crumb,0,4,4,3,0,1,0,0,0,0,0,0,0,0
2020-12-05,MUFFINS,Cookies,0,0,0,0,0,0,0,0,0,0,0,0,0,0
2020-12-05,MUFFINS,Bars,0,0,0,0,0,0,0,0,0,0,0,0,0,0
2020-12-05,MUFFINS,Cran W Choc,5,0,5,5,0,0,0,0,0,0,0,0,0,0
2020-12-05,MUFFINS,triple choc,11,0,11,11,0,0,0,0,0,0,0,0,0,0
2020-12-05,MUFFINS,St. Nicker,4,6,10,9,0,1,0,0,0,0,0,0,0,0
2020-12-05,MUFFINS,Ginger,11,0,11,8,0,3,0,0,0,0,0,0,0,0
2020-12-05,MUFFINS,frosted sugar,4,0,4,2,0,2,0,0,0,0,0,0,0,0
2020-12-05,MUFFINS,PUmpkin,6,0,6,2,0,4,0,0,0,0,0,0,0,0
2020-12-05,MUFFINS,Brown,6,0,6,2,0,4,0,0,0,0,0,0,0,0
2020-12-05,MUFFINS,Pepp,0,6,6,2,0,4,0,0,0,0,0,0,0,0
2020-12-05,MUFFINS,Pump OHH,0,0,0,0,0,0,0,0,0,0,0,0,0,0
2020-12-05,MUFFINS,Bread Pudding,0,0,0,0,0,0,0,0,0,0,0,0,0,0
2020-12-05,MUFFINS,Totals,47,198,245,168,12,65,0,0,6,6,2,0,0,0
2020-12-06,BREAD,H,0,0,0,0,0,0,0,0,0,0,0,0,0,0
2020-12-06,BREAD,FR,0,0,0,0,0,0,0,0,0,0,0,0,0,0
2020-12-06,BREAD,GW,0,0,0,0,0,0,0,0,0,0,0,0,0,0
2020-12-06,BREAD,DK,0,0,0,0,0,0,0,0,0,0,0,0,0,0
2020-12-06,BREAD,H5|Cran,0,0,0,0,0,0,0,0,0,0,0,0,0,0
2020-12-06,BREAD,CSRWL,0,0,0,0,0,0,0,0,0,0,0,0,0,0
2020-12-06,BREAD,MP SWRL,0,0,0,0,0,0,0,0,0,0,0,0,0,0
2020-12-06,BREAD,TS,0,0,0,0,0,0,0,0,0,0,0,0,0,0
2020-12-06,BREAD,Angels,0,0,0,0,0,0,0,0,0,0,0,0,0,0
2020-12-06,BREAD,CNE,0,0,0,0,0,0,0,0,0,0,0,0,0,0
2020-12-06,BREAD,CNR,0,0,0,0,0,0,0,0,0,0,0,0,0,0
2020-12-06,BREAD,CNW,0,0,0,0,0,0,0,0,0,0,0,0,0,0
2020-12-06,BREAD,POP,0,0,0,0,0,0,0,0,0,0,0,0,0,0
2020-12-06,BREAD,Wreath,0,0,0,0,0,0,0,0,0,0,0,0,0,0
2020-12-06,BREAD,VS,0,0,0,0,0,0,0,0,0,0,0,0,0,0
2020-12-06,BREAD,SOURDOUGH,0,0,0,0,0,0,0,0,0,0,0,0,0,0
2020-12-06,BREAD,RG SOUR,0,0,0,0,0,0,0,0,0,0,0,0,0,0
2020-12-06,BREAD,CB,0,0,0,0,0,0,0,0,0,0,0,0,0,0
2020-12-06,BREAD,CrO,0,0,0,0,0,0,0,0,0,0,0,0,0,0
2020-12-06,BREAD,CH,0,0,0,0,0,0,0,0,0,0,0,0,0,0
2020-12-06,BREAD,CAR,0,0,0,0,0,0,0,0,0,0,0,0,0,0
2020-12-06,BREAD,IHF,24,0,24,24,0,0,0,0,0,0,0,0,0,0
2020-12-06,BREAD,BUT-Rls,0,0,0,0,0,0,0,0,0,0,0,0,0,0
2020-12-06,BREAD,H-RLS,0,0,0,0,0,0,0,0,0,0,0,0,0,0
2020-12-06,BREAD,FR-RLS,0,0,0,0,0,0,0,0,0,0,0,0,0,0
2020-12-06,BREAD,VS-RLS,0,0,0,0,0,0,0,0,0,0,0,0,0,0
2020-12-06,BREAD,Blue Stru,0,0,0,0,0,0,0,0,0,0,0,0,0,0
2020-12-06,BREAD,Choc Carm,0,0,0,0,0,0,0,0,0,0,0,0,0,0
2020-12-06,BREAD,Pum Choc,0,0,0,0,0,0,0,0,0,0,0,0,0,0
2020-12-06,BREAD,Pum Crmb,0,0,0,0,0,0,0,0,0,0,0,0,0,0
2020-12-06,ROLLS,Cinnamon,0,0,0,0,0,0,0,0,0,0,0,0,0,0
2020-12-06,ROLLS,Pecan C-Roll,0,0,0,0,0,0,0,0,0,0,0,0,0,0
2020-12-06,ROLLS,Mini C-Roll,0,0,0,0,0,0,0,0,0,0,0,0,0,0
2020-12-06,SCONES,Blueberry,0,0,0,0,0,0,0,0,0,0,0,0,0,0
2020-12-06,SCONES,Rasp Cream,0,0,0,0,0,0,0,0,0,0,0,0,0,0
2020-12-06,SCONES,Cherry,0,0,0,0,0,0,0,0,0,0,0,0,0,0
2020-12-06,SCONES,Butt Almond,0,0,0,0,0,0,0,0,0,0,0,0,0,0
2020-12-06,SCONES,Turtle,0,0,0,0,0,0,0,0,0,0,0,0,0,0
2020-12-06,SCONES,Cin Chip,0,0,0,0,0,0,0,0,0,0,0,0,0,0
2020-12-06,SCONES,CrO,0,0,0,0,0,0,0,0,0,0,0,0,0,0
2020-12-06,SCONES,CrO-WChoc,0,0,0,0,0,0,0,0,0,0,0,0,0,0
2020-12-06,FRUIT BARS,Mixed Berry,0,0,0,0,0,0,0,0,0,0,0,0,0,0
2020-12-06,FRUIT BARS,Cherry,0,0,0,0,0,0,0,0,0,0,0,0,0,0
2020-12-06,FRUIT BARS,Apple Cin,0,0,0,0,0,0,0,0,0,0,0,0,0,0
2020-12-06,FRUIT BARS,Cran Choc,0,0,0,0,0,0,0,0,0,0,0,0,0,0
2020-12-06,MUFFINS,Blue Stru,0,0,0,0,0,0,0,0,0,0,0,0,0,0
2020-12-06,MUFFINS,Choc Carm,0,0,0,0,0,0,0,0,0,0,0,0,0,0
2020-12-06,MUFFINS,Pump Choc,0,0,0,0,0,0,0,0,0,0,0,0,0,0
2020-12-06,MUFFINS,Pump Crumb,0,0,0,0,0,0,0,0,0,0,0,0,0,0
2020-12-06,MUFFINS,Cookies,0,0,0,0,0,0,0,0,0,0,0,0,0,0
2020-12-06,MUFFINS,Bars,0,0,0,0,0,0,0,0,0,0,0,0,0,0
2020-12-06,MUFFINS,Cran W Choc,0,0,0,0,0,0,0,0,0,0,0,0,0,0
2020-12-06,MUFFINS,triple choc,0,0,0,0,0,0,0,0,0,0,0,0,0,0
2020-12-06,MUFFINS,St. Nicker,0,0,0,0,0,0,0,0,0,0,0,0,0,0
2020-12-06,MUFFINS,Ginger,0,0,0,0,0,0,0,0,0,0,0,0,0,0
2020-12-06,MUFFINS,frosted sugar,0,0,0,0,0,0,0,0,0,0,0,0,0,0
2020-12-06,MUFFINS,PUmpkin,0,0,0,0,0,0,0,0,0,0,0,0,0,0
2020-12-06,MUFFINS,Brown,0,0,0,0,0,0,0,0,0,0,0,0,0,0
2020-12-06,MUFFINS,Pepp,0,0,0,0,0,0,0,0,0,0,0,0,0,0
2020-12-06,MUFFINS,Pump OHH,0,0,0,0,0,0,0,0,0,0,0,0,0,0
2020-12-06,MUFFINS,Bread Pudding,0,0,0,0,0,0,0,0,0,0,0,0,0,0
2020-12-06,MUFFINS,Totals,0,0,0,0,0,0,0,0,0,0,0,0,0,0
2020-12-07,BREAD,H,0,36,36,14,0,0,22,0,0,0,0,0,0,0
2020-12-07,BREAD,FR,0,34,34,32,0,0,2,0,0,0,0,0,0,0
2020-12-07,BREAD,GW,0,13,13,10,0,0,3,0,0,0,0,0,0,0
2020-12-07,BREAD,DK,0,21,21,10,0,0,11,0,0,0,0,0,0,0
2020-12-07,BREAD,H5|Cran,0,0,0,0,0,0,0,0,0,0,0,0,0,0
2020-12-07,BREAD,CSRWL,0,16,16,15,0,0,1,0,3,3,1,0,0,2
2020-12-07,BREAD,MP SWRL,0,8,8,3,0,0,5,0,2,2,0,0,0,2
2020-12-07,BREAD,TS,0,9,9,1,0,0,8,0,3,3,1,0,0,2
2020-12-07,BREAD,Angels,0,4,4,2,0,0,2,0,0,0,0,0,0,0
2020-12-07,BREAD,CNE,0,0,0,-9,0,0,9,0,3,3,2,0,0,1
2020-12-07,BREAD,CNR,0,4,4,1,0,0,3,0,0,0,0,0,0,0
2020-12-07,BREAD,CNW,0,4,4,1,0,0,3,0,0,0,0,0,0,0
2020-12-07,BREAD,POP,0,20,20,1,0,0,19,0,4,4,3,0,0,1
2020-12-07,BREAD,Wreath,0,3,3,0,0,0,3,0,0,0,0,0,0,0
2020-12-07,BREAD,VS,0,0,0,0,0,0,0,0,0,0,0,0,0,0
2020-12-07,BREAD,SOURDOUGH,0,21,21,20,0,0,1,0,0,0,0,0,0,0
2020-12-07,BREAD,RG SOUR,0,4,4,2,0,0,2,0,0,0,0,0,0,0
2020-12-07,BREAD,CB,0,9,9,8,0,0,1,0,5,5,4,0,0,1
2020-12-07,BREAD,CrO,0,0,0,0,0,0,0,0,0,0,0,0,0,0
2020-12-07,BREAD,CH,0,0,0,0,0,0,0,0,0,0,0,0,0,0
2020-12-07,BREAD,CAR,0,23,23,9,0,0,14,0,0,0,0,0,0,0
2020-12-07,BREAD,IHF,0,0,0,0,0,0,0,0,0,0,0,0,0,0
2020-12-07,BREAD,H,0,2,2,0,0,0,2,0,0,0,0,0,0,0
2020-12-07,BREAD,R-Tree,0,0,0,0,0,0,0,0,0,0,0,0,0,0
2020-12-07,BREAD,F,0,2,2,2,0,0,0,0,0,0,0,0,0,0
2020-12-07,BREAD,R-Tree,0,0,0,0,0,0,0,0,0,0,0,0,0,0
2020-12-07,BREAD,B,0,0,0,0,0,0,0,0,0,0,0,0,0,0
2020-12-07,BREAD,R-Tree,0,0,0,0,0,0,0,0,0,0,0,0,0,0
2020-12-07,BREAD,BUT-Rls,0,3,3,3,0,0,0,0,0,0,0,0,0,0
2020-12-07,BREAD,H-RLS,0,2,2,0,0,0,2,0,0,0,0,0,0,0
2020-12-07,BREAD,FR-RLS,0,0,0,0,0,0,0,0,0,0,0,0,0,0
2020-12-07,BREAD,VS-RLS,0,0,0,0,0,0,0,0,0,0,0,0,0,0
2020-12-07,BREAD,Blue Stru,0,3,3,2,0,0,1,0,0,0,0,0,0,0
2020-12-07,BREAD,Mex Choc,0,3,3,0,0,0,3,0,0,0,0,0,0,0
2020-12-07,BREAD,Pum Choc,0,5,5,2,0,0,3,0,0,0,0,0,0,0
2020-12-07,BREAD,Pum Crmb,0,3,3,1,0,0,2,0,0,0,0,0,0,0
2020-12-07,ROLLS,Cinnamon,0,24,24,24,0,0,0,0,0,0,0,0,0,0
2020-12-07,ROLLS,Pecan C-Roll,0,12,12,4,0,8,0,0,0,0,0,0,0,0
2020-12-07,ROLLS,Mini C-Roll,0,0,0,0,0,0,0,0,0,0,0,0,0,0
2020-12-07,SCONES,Blueberry,0,0,0,0,0,0,0,0,0,0,0,0,0,0
2020-12-07,SCONES,Rasp Cream,0,11,11,6,0,5,0,0,0,0,0,0,0,0
2020-12-07,SCONES,Cherry,0,0,0,0,0,0,0,0,0,0,0,0,0,0
2020-12-07,SCONES,Butt Almond,0,0,0,0,0,0,0,0,0,0,0,0,0,0
2020-12-07,SCONES,Turtle,0,0,0,0,0,0,0,0,0,0,0,0,0,0
2020-12-07,SCONES,Cin Chip,0,11,11,3,0,8,0,0,0,0,0,0,0,0
2020-12-07,SCONES,CrO,0,6,6,6,0,0,0,0,0,0,0,0,0,0
2020-12-07,SCONES,CrO-WChoc,0,6,6,4,0,2,0,0,0,0,0,0,0,0
2020-12-07,FRUIT BARS,Mixed Berry,0,10,10,5,0,5,0,0,0,0,0,0,0,0
2020-12-07,FRUIT BARS,Cherry,0,0,0,0,0,0,0,0,0,0,0,0,0,0
2020-12-07,FRUIT BARS,Apple Cin,0,10,10,5,0,5,0,0,0,0,0,0,0,0
2020-12-07,FRUIT BARS,Cran Choc,0,0,0,0,0,0,0,0,0,0,0,0,0,0
2020-12-07,MUFFINS,Blue Stru,0,3,3,3,0,0,0,0,0,0,0,0,0,0
2020-12-07,MUFFINS,Mex Choc,0,3,3,3,0,0,0,0,0,0,0,0,0,0
2020-12-07,MUFFINS,Pump Choc,0,5,5,5,0,0,0,0,0,0,0,0,0,0
2020-12-07,MUFFINS,Pump Crumb,0,3,3,2,0,1,0,0,0,0,0,0,0,0
2020-12-07,MUFFINS,Cookies,0,0,0,0,0,0,0,0,0,0,0,0,0,0
2020-12-07,MUFFINS,Bars,0,0,0,0,0,0,0,0,0,0,0,0,0,0
2020-12-07,MUFFINS,Cran W Choc,0,18,18,4,0,0,14,0,0,0,0,0,0,0
2020-12-07,MUFFINS,triple choc,0,24,24,18,0,0,6,0,0,0,0,0,0,0
2020-12-07,MUFFINS,St. Nicker,0,24,24,21,0,0,3,0,0,0,0,0,0,0
2020-12-07,MUFFINS,Ginger,0,24,24,15,0,0,9,0,0,0,0,0,0,0
2020-12-07,MUFFINS,frosted sugar,0,24,24,2,0,0,22,0,0,0,0,0,0,0
2020-12-07,MUFFINS,PUmpkin,0,6,6,1,0,0,5,0,0,0,0,0,0,0
2020-12-07,MUFFINS,Brown,0,4,4,0,0,0,4,0,0,0,0,0,0,0
2020-12-07,MUFFINS,Pepp,0,6,6,2,0,0,4,0,0,0,0,0,0,0
2020-12-07,MUFFINS,Pump OHH,0,0,0,0,0,0,0,0,0,0,0,0,0,0
2020-12-07,MUFFINS,Bread Pudding,0,0,0,0,0,0,0,0,0,0,0,0,0,0
2020-12-07,MUFFINS,Totals,0,228,228,131,0,34,63,0,6,6,2,0,0,4
2020-12-08,BREAD,H,22,12,34,18,0,0,16,0,0,0,0,0,0,0
2020-12-08,BREAD,FR,2,26,28,12,0,0,16,0,0,0,0,0,0,0
2020-12-08,BREAD,GW,3,8,11,4,0,0,7,0,0,0,0,0,0,0
2020-12-08,BREAD,DK,11,0,11,11,0,0,0,0,0,0,0,0,0,0
2020-12-08,BREAD,H5|Cran,0,15,15,2,0,0,13,0,4,4,4,0,0,0
2020-12-08,BREAD,CSRWL,1,16,17,10,1,0,6,2,4,6,4,0,0,2
2020-12-08,BREAD,MP SWRL,5,4,9,0,0,5,4,2,0,2,1,0,0,0
2020-12-08,BREAD,TS,8,0,8,1,0,7,0,2,0,2,2,0,0,0
2020-12-08,BREAD,Angels,2,0,2,2,0,0,0,0,0,0,0,0,0,0
2020-12-08,BREAD,CNE,9,0,9,8,0,1,0,1,0,1,1,0,0,0
2020-12-08,BREAD,CNR,3,0,3,3,0,0,0,0,0,0,0,0,0,0
2020-12-08,BREAD,CNW,3,0,3,2,0,1,0,0,0,0,0,0,0,0
2020-12-08,BREAD,POP,19,0,19,4,0,15,0,1,0,1,1,0,0,0
2020-12-08,BREAD,Wreath,3,0,3,1,0,2,0,0,0,0,0,0,0,0
2020-12-08,BREAD,VS,0,8,8,2,0,0,6,0,4,4,4,0,0,0
2020-12-08,BREAD,SOURDOUGH,1,11,12,2,0,0,10,0,0,0,0,0,0,0
2020-12-08,BREAD,RG SOUR,2,4,6,2,0,0,4,0,0,0,0,0,0,0
2020-12-08,BREAD,CB,1,7,8,6,0,0,2,1,4,5,1,0,0,4
2020-12-08,BREAD,CrO,0,16,16,6,0,0,10,0,3,3,3,0,0,0
2020-12-08,BREAD,CH,0,0,0,0,0,0,0,0,0,0,0,0,0,0
2020-12-08,BREAD,CAR,2,0,2,2,0,0,0,0,0,0,0,0,0,0
2020-12-08,BREAD,IHF,0,0,0,0,0,0,0,0,0,0,0,0,0,0
2020-12-08,BREAD,CRO-rls,0,12,12,0,10,0,2,0,0,0,0,0,0,0
2020-12-08,BREAD,BUT-Rls,0,0,0,0,0,0,0,0,0,0,0,0,0,0
2020-12-08,BREAD,H-RLS,2,0,2,2,0,0,0,0,0,0,0,0,0,0
2020-12-08,BREAD,FR-RLS,0,4,4,4,0,0,0,0,0,0,0,0,0,0
2020-12-08,BREAD,VS-RLS,0,4,4,3,0,0,1,0,0,0,0,0,0,0
2020-12-08,BREAD,Blue Stru,1,2,3,3,0,0,0,0,0,0,0,0,0,0
2020-12-08,BREAD,Mex Choc,3,0,3,0,0,3,0,0,0,0,0,0,0,0
2020-12-08,BREAD,Pum Choc,3,3,6,0,1,3,2,0,0,0,0,0,0,0
2020-12-08,BREAD,Pum Crmb,2,1,3,1,0,1,1,0,0,0,0,0,0,0
2020-12-08,ROLLS,Cinnamon,0,24,24,16,0,8,0,0,0,0,0,0,0,0
2020-12-08,ROLLS,Pecan C-Roll,0,12,12,9,0,3,0,0,0,0,0,0,0,0
2020-12-08,ROLLS,Mini C-Roll,0,0,0,0,0,0,0,0,0,0,0,0,0,0
2020-12-08,SCONES,Blueberry,0,11,11,11,0,0,0,0,0,0,0,0,0,0
2020-12-08,SCONES,Rasp Cream,0,0,0,0,0,0,0,0,0,0,0,0,0,0
2020-12-08,SCONES,Cherry,0,0,0,0,0,0,0,0,0,0,0,0,0,0
2020-12-08,SCONES,Butt Almond,0,0,0,0,0,0,0,0,0,0,0,0,0,0
2020-12-08,SCONES,Turtle,0,0,0,0,0,0,0,0,0,0,0,0,0,0
2020-12-08,SCONES,Cin Chip,0,11,11,11,0,0,0,0,0,0,0,0,0,0
2020-12-08,SCONES,CrO,0,5,5,5,0,0,0,0,0,0,0,0,0,0
2020-12-08,SCONES,CrO-WChoc,0,5,5,5,0,0,0,0,0,0,0,0,0,0
2020-12-08,FRUIT BARS,Mixed Berry,0,0,0,0,0,0,0,0,0,0,0,0,0,0
2020-12-08,FRUIT BARS,Cherry,0,0,0,0,0,0,0,0,0,0,0,0,0,0
2020-12-08,FRUIT BARS,Apple Cin,0,10,10,6,0,4,0,0,0,0,0,0,0,0
2020-12-08,FRUIT BARS,Cran Choc,0,10,10,6,0,4,0,0,0,0,0,0,0,0
2020-12-08,MUFFINS,Blue Stru,0,3,3,3,0,0,0,0,0,0,0,0,0,0
2020-12-08,MUFFINS,Mex Choc,0,3,3,1,0,2,0,0,0,0,0,0,0,0
2020-12-08,MUFFINS,Pump Choc,0,5,5,3,0,2,0,0,0,0,0,0,0,0
2020-12-08,MUFFINS,Pump Crumb,0,3,3,3,0,0,0,0,0,0,0,0,0,0
2020-12-08,MUFFINS,Cookies,0,0,0,0,0,0,0,0,0,0,0,0,0,0
2020-12-08,MUFFINS,Bars,0,0,0,0,0,0,0,0,0,0,0,0,0,0
2020-12-08,MUFFINS,Cran W Choc,14,12,26,22,2,0,2,0,0,0,0,0,0,0
2020-12-08,MUFFINS,triple choc,6,18,24,16,2,0,6,0,0,0,0,0,0,0
2020-12-08,MUFFINS,St. Nicker,3,18,21,19,2,0,0,0,0,0,0,0,0,0
2020-12-08,MUFFINS,Ginger,9,12,21,12,0,0,9,0,0,0,0,0,0,0
2020-12-08,MUFFINS,frosted sugar,22,0,22,3,0,0,19,0,0,0,0,0,0,0
2020-12-08,MUFFINS,PUmpkin,5,5,10,4,0,0,6,0,0,0,0,0,0,0
2020-12-08,MUFFINS,Brown,4,1,5,1,0,4,0,0,0,0,0,0,0,0
2020-12-08,MUFFINS,Pepp,4,8,12,8,0,4,0,0,0,0,0,0,0,0
2020-12-08,MUFFINS,Pump OHH,0,0,0,0,0,0,0,0,0,0,0,0,0,0
2020-12-08,MUFFINS,Bread Pudding,0,0,0,0,0,0,0,0,0,0,0,0,0,0
2020-12-08,MUFFINS,Totals,63,168,231,156,6,27,42,4,8,12,8,0,0,0
2020-12-09,BREAD,H,16,24,40,27,3,0,10,0,0,0,0,0,0,0
2020-12-09,BREAD,FR,16,11,27,18,0,0,9,0,0,0,0,0,0,0
2020-12-09,BREAD,GW,7,7,14,6,0,2,6,0,0,0,0,0,0,0
2020-12-09,BREAD,DK,0,21,21,6,4,0,11,0,0,0,0,0,0,0
2020-12-09,BREAD,H5|Cran,13,0,13,7,0,0,6,0,0,0,0,0,0,0
2020-12-09,BREAD,CSRWL,6,16,22,17,3,0,2,2,4,6,4,0,0,2
2020-12-09,BREAD,MP SWRL,4,4,8,1,0,3,4,0,2,2,0,0,0,2
2020-12-09,BREAD,TS,0,3,3,0,0,0,3,0,2,2,1,0,0,1
2020-12-09,BREAD,Angels,0,3,3,2,0,0,1,0,0,0,0,0,0,0
2020-12-09,BREAD,CNE,0,24,24,10,10,0,4,0,3,3,1,0,0,2
2020-12-09,BREAD,CNR,0,4,4,2,0,0,2,0,0,0,0,0,0,0
2020-12-09,BREAD,CNW,0,4,4,2,0,0,2,0,0,0,0,0,0,0
2020-12-09,BREAD,POP,0,12,12,9,0,0,3,0,4,4,1,0,0,3
2020-12-09,BREAD,Wreath,0,5,5,0,2,0,3,0,0,0,0,0,0,0
2020-12-09,BREAD,VS,6,0,6,0,0,6,0,0,0,0,-1,0,0,0
2020-12-09,BREAD,SOURDOUGH,10,0,10,-9,0,8,11,0,0,0,0,0,0,0
2020-12-09,BREAD,RG SOUR,4,0,4,0,0,0,4,0,0,0,0,0,0,0
2020-12-09,BREAD,CB,2,3,5,1,4,0,0,4,11,15,3,0,0,0
2020-12-09,BREAD,CrO,10,0,10,8,0,2,0,0,0,0,-1,0,0,0
2020-12-09,BREAD,CH,0,7,7,4,0,0,3,0,3,3,0,0,0,3
2020-12-09,BREAD,H Tree,0,2,2,2,0,0,0,0,0,0,0,0,0,0
2020-12-09,BREAD,CAR,0,0,0,0,0,0,0,0,0,0,0,0,0,0
2020-12-09,BREAD,IHF,0,0,0,0,0,0,0,0,0,0,0,0,0,0
2020-12-09,BREAD,FR Tree,2,2,4,2,0,0,2,0,0,0,0,0,0,0
2020-12-09,BREAD,BUT-Rls,0,0,0,0,0,0,0,0,0,0,0,0,0,0
2020-12-09,BREAD,2,0,0,0,-2,0,0,2,0,0,0,0,0,0,0
2020-12-09,BREAD,FR-RLS,0,0,0,0,0,0,0,0,0,0,0,0,0,0
2020-12-09,BREAD,VS-RLS,1,0,1,1,0,0,0,0,0,0,0,0,0,0
2020-12-09,BREAD,Blue Stru,0,4,4,3,1,0,0,0,0,0,0,0,0,0
2020-12-09,BREAD,Mex Choc,2,2,4,2,1,0,1,0,0,0,0,0,0,0
2020-12-09,BREAD,Pum Choc,2,4,6,1,1,1,3,0,0,0,0,0,0,0
2020-12-09,BREAD,Pum Crmb,1,2,3,0,0,1,2,0,0,0,0,0,0,0
2020-12-09,ROLLS,Cinnamon,0,24,24,22,0,2,0,0,0,0,0,0,0,0
2020-12-09,ROLLS,Pecan C-Roll,0,12,12,4,0,8,0,0,0,0,0,0,0,0
2020-12-09,ROLLS,Mini C-Roll,0,0,0,0,0,0,0,0,0,0,0,0,0,0
2020-12-09,SCONES,Blueberry,0,0,0,0,0,0,0,0,0,0,0,0,0,0
2020-12-09,SCONES,Rasp Cream,0,19,19,11,8,0,0,0,0,0,0,0,0,0
2020-12-09,SCONES,Cherry,0,0,0,0,0,0,0,0,0,0,0,0,0,0
2020-12-09,SCONES,Butt Almond,0,0,0,0,0,0,0,0,0,0,0,0,0,0
2020-12-09,SCONES,Turtle,0,14,14,10,0,4,0,0,0,0,0,0,0,0
2020-12-09,SCONES,Cin Chip,0,0,0,0,0,0,0,0,0,0,0,0,0,0
2020-12-09,SCONES,CrO,0,7,7,5,0,2,0,0,0,0,0,0,0,0
2020-12-09,SCONES,CrO-WChoc,0,7,7,6,0,1,0,0,0,0,0,0,0,0
2020-12-09,FRUIT BARS,Mixed Berry,0,10,10,4,0,6,0,0,0,0,0,0,0,0
2020-12-09,FRUIT BARS,Cherry,0,10,10,3,0,7,0,0,0,0,0,0,0,0
2020-12-09,FRUIT BARS,Apple Cin,0,0,0,0,0,0,0,0,0,0,0,0,0,0
2020-12-09,FRUIT BARS,Cran Choc,0,0,0,0,0,0,0,0,0,0,0,0,0,0
2020-12-09,MUFFINS,Blue Stru,0,3,3,3,0,0,0,0,0,0,0,0,0,0
2020-12-09,MUFFINS,Mex Choc,0,3,3,0,0,3,0,0,0,0,0,0,0,0
2020-12-09,MUFFINS,Pump Choc,0,5,5,5,0,0,0,0,0,0,0,0,0,0
2020-12-09,MUFFINS,Pump Crumb,0,3,3,1,0,2,0,0,0,0,0,0,0,0
2020-12-09,MUFFINS,Cookies,0,0,0,0,0,0,0,0,0,0,0,0,0,0
2020-12-09,MUFFINS,Bars,0,0,0,0,0,0,0,0,0,0,0,0,0,0
2020-12-09,MUFFINS,Cran W Choc,2,42,44,8,31,0,5,0,0,0,0,0,0,0
2020-12-09,MUFFINS,triple choc,6,48,54,10,32,6,6,0,0,0,0,0,0,0
2020-12-09,MUFFINS,St. Nicker,0,54,54,22,32,0,0,0,0,0,0,0,0,0
2020-12-09,MUFFINS,Ginger,9,12,21,5,0,4,12,0,0,0,0,0,0,0
2020-12-09,MUFFINS,frosted sugar,19,6,25,0,1,17,7,0,0,0,0,0,0,0
2020-12-09,MUFFINS,PUmpkin,6,4,10,5,0,0,5,0,0,0,0,0,0,0
2020-12-09,MUFFINS,Brown,0,6,6,2,0,0,4,0,0,0,0,0,0,0
2020-12-09,MUFFINS,Pepp,0,8,8,1,0,0,7,0,0,0,0,0,0,0
2020-12-09,MUFFINS,Pump OHH,0,0,0,0,0,0,0,0,0,0,0,0,0,0
2020-12-09,MUFFINS,Bread Pudding,0,0,0,0,0,0,0,0,0,0,0,0,0,0
2020-12-09,MUFFINS,Totals,42,289,331,126,104,62,39,0,8,8,1,0,0,7
2020-12-10,BREAD,H,10,38,48,19,8,0,21,0,0,0,0,0,0,0
2020-12-10,BREAD,FR,9,43,52,15,32,0,5,0,0,0,0,0,0,0
2020-12-10,BREAD,GW,6,0,6,3,0,3,0,0,0,0,0,0,0,0
2020-12-10,BREAD,DK,11,0,11,9,0,0,2,0,0,0,0,0,0,0
2020-12-10,BREAD,H5|Cran,6,16,22,4,0,1,17,0,4,4,3,0,0,1
2020-12-10,BREAD,CSRWL,2,16,18,12,0,0,6,2,4,6,5,0,0,1
2020-12-10,BREAD,MP SWRL,4,0,4,1,0,3,0,2,0,2,1,0,0,0
2020-12-10,BREAD,TS,3,0,3,1,0,2,0,1,0,1,1,0,0,0
2020-12-10,BREAD,Angels,1,0,1,1,0,0,0,0,0,0,0,0,0,0
2020-12-10,BREAD,CNE,4,0,4,4,0,0,0,2,0,2,2,0,0,0
2020-12-10,BREAD,CNR,2,0,2,1,0,1,0,0,0,0,0,0,0,0
2020-12-10,BREAD,CNW,2,0,2,1,0,1,0,0,0,0,0,0,0,0
2020-12-10,BREAD,POP,3,0,3,0,0,3,0,3,0,3,3,0,0,0
2020-12-10,BREAD,Wreath,3,0,3,0,0,3,0,0,0,0,0,0,0,0
2020-12-10,BREAD,VS,0,8,8,6,0,0,2,0,3,3,0,0,0,3
2020-12-10,BREAD,SOURDOUGH,11,0,11,8,0,3,0,0,0,0,0,0,0,0
2020-12-10,BREAD,RG SOUR,4,0,4,3,0,1,0,0,0,0,0,0,0,0
2020-12-10,BREAD,CB,0,7,7,7,0,0,0,0,4,4,4,0,0,0
2020-12-10,BREAD,CrO,0,8,8,5,0,0,3,0,2,2,2,0,0,0
2020-12-10,BREAD,CH,3,0,3,1,0,2,0,3,0,3,0,0,0,0
2020-12-10,BREAD,FR-Tree,0,2,2,0,0,0,2,0,0,0,0,0,0,0
2020-12-10,BREAD,CR-Tree,0,2,2,1,0,1,0,0,0,0,0,0,0,0
2020-12-10,BREAD,CAR,0,0,0,0,0,0,0,0,0,0,0,0,0,0
2020-12-10,BREAD,IHF,0,0,0,0,0,0,0,0,0,0,0,0,0,0
2020-12-10,BREAD,h-tree,0,2,2,0,0,0,2,0,0,0,0,0,0,0
2020-12-10,BREAD,BUT-Rls,0,0,0,0,0,0,0,0,0,0,0,0,0,0
2020-12-10,BREAD,H-RLS,2,3,5,2,0,0,3,0,0,0,0,0,0,0
2020-12-10,BREAD,FR-RLS,0,3,3,1,0,0,2,0,0,0,0,0,0,0
2020-12-10,BREAD,VS-RLS,0,3,3,0,0,0,3,0,0,0,0,0,0,0
2020-12-10,BREAD,Blue Stru,0,4,4,1,0,0,3,0,0,0,0,0,0,0
2020-12-10,BREAD,Mex Choc,3,1,4,4,0,0,0,0,0,0,0,0,0,0
2020-12-10,BREAD,Pum Choc,3,3,6,3,0,1,2,0,0,0,0,0,0,0
2020-12-10,BREAD,Pum Crmb,2,2,4,0,0,2,2,0,0,0,0,0,0,0
2020-12-10,ROLLS,Cinnamon,0,288,288,23,256,9,0,0,0,0,0,0,0,0
2020-12-10,ROLLS,Pecan C-Roll,0,12,12,11,0,1,0,0,0,0,0,0,0,0
2020-12-10,ROLLS,Mini C-Roll,0,0,0,0,0,0,0,0,0,0,0,0,0,0
2020-12-10,SCONES,Blueberry,0,11,11,9,2,0,0,0,0,0,0,0,0,0
2020-12-10,SCONES,Rasp Cream,0,0,0,0,0,0,0,0,0,0,0,0,0,0
2020-12-10,SCONES,Cherry,0,0,0,0,0,0,0,0,0,0,0,0,0,0
2020-12-10,SCONES,Butt Almond,0,0,0,0,0,0,0,0,0,0,0,0,0,0
2020-12-10,SCONES,Turtle,0,11,11,10,1,0,0,0,0,0,0,0,0,0
2020-12-10,SCONES,Cin Chip,0,0,0,0,0,0,0,0,0,0,0,0,0,0
2020-12-10,SCONES,CrO,0,8,8,7,1,0,0,0,0,0,0,0,0,0
2020-12-10,SCONES,CrO-WChoc,0,8,8,7,1,0,0,0,0,0,0,0,0,0
2020-12-10,FRUIT BARS,Mixed Berry,0,0,0,0,0,0,0,0,0,0,0,0,0,0
2020-12-10,FRUIT BARS,Cherry,0,0,0,0,0,0,0,0,0,0,0,0,0,0
2020-12-10,FRUIT BARS,Apple Cin,0,10,10,4,1,5,0,0,0,0,0,0,0,0
2020-12-10,FRUIT BARS,Cran w.Choc,0,10,10,7,1,2,0,0,0,0,0,0,0,0
2020-12-10,MUFFINS,Blue Stru,0,5,5,4,1,0,0,0,0,0,0,0,0,0
2020-12-10,MUFFINS,Mex Choc,0,7,7,2,3,2,0,0,0,0,0,0,0,0
2020-12-10,MUFFINS,Pump Choc,0,7,7,6,1,0,0,0,0,0,0,0,0,0
2020-12-10,MUFFINS,Pump Crumb,0,5,5,2,1,2,0,0,0,0,0,0,0,0
2020-12-10,MUFFINS,Cookies,0,0,0,0,0,0,0,0,0,0,0,0,0,0
2020-12-10,MUFFINS,Bars,0,0,0,0,0,0,0,0,0,0,0,0,0,0
2020-12-10,MUFFINS,Cran W Choc,5,12,17,17,0,0,0,0,0,0,0,0,0,0
2020-12-10,MUFFINS,triple choc,6,18,24,23,0,0,1,0,0,0,0,0,0,0
2020-12-10,MUFFINS,St. Nicker,0,24,24,13,0,0,11,0,0,0,0,0,0,0
2020-12-10,MUFFINS,Ginger,12,12,24,19,0,0,5,0,0,0,0,0,0,0
2020-12-10,MUFFINS,frosted sugar,7,12,19,7,0,0,12,0,0,0,0,0,0,0
2020-12-10,MUFFINS,PUmpkin,5,5,10,6,0,0,4,0,0,0,0,0,0,0
2020-12-10,MUFFINS,Brown,4,4,8,1,0,0,7,0,0,0,0,0,0,0
2020-12-10,MUFFINS,Pepp,7,0,7,2,0,0,5,0,0,0,0,0,0,0
2020-12-10,MUFFINS,Pump OHH,0,0,0,0,0,0,0,0,0,0,0,0,0,0
2020-12-10,MUFFINS,Bread Pudding,0,0,0,0,0,0,0,0,0,0,0,0,0,0
2020-12-10,MUFFINS,Totals,39,469,508,178,269,21,40,7,0,7,2,0,0,5
2020-12-11,BREAD,H,21,30,51,16,5,0,30,0,0,0,0,0,0,0
2020-12-11,BREAD,FR,5,52,57,22,5,0,30,0,0,0,0,0,0,0
2020-12-11,BREAD,GW,0,14,14,1,12,0,1,0,0,0,0,0,0,0
2020-12-11,BREAD,DK,2,20,22,12,1,0,9,0,0,0,0,0,0,0
2020-12-11,BREAD,H5|Cran,17,0,17,3,0,0,14,1,0,1,1,0,0,0
2020-12-11,BREAD,CSRWL,6,24,30,26,4,0,0,1,31,32,0,0,0,4
2020-12-11,BREAD,MP SWRL,0,4,4,3,1,0,0,0,2,2,2,0,0,0
2020-12-11,BREAD,TS,0,6,6,2,0,0,4,0,3,3,1,0,0,2
2020-12-11,BREAD,Angels,0,6,6,0,0,0,6,0,0,0,0,0,0,0
2020-12-11,BREAD,CNE,0,17,17,17,0,0,0,0,4,4,3,0,0,1
2020-12-11,BREAD,CNR,0,8,8,6,1,0,1,0,0,0,0,0,0,0
2020-12-11,BREAD,CNW,0,8,8,4,0,0,4,0,0,0,0,0,0,0
2020-12-11,BREAD,POP,0,12,12,9,0,0,3,0,4,4,1,0,0,3
2020-12-11,BREAD,Wreath,0,6,6,3,3,0,0,0,0,0,0,0,0,0
2020-12-11,BREAD,VS,2,12,14,7,0,0,7,3,3,6,6,0,0,0
2020-12-11,BREAD,SOURDOUGH,0,18,18,7,0,0,11,0,0,0,0,0,0,0
2020-12-11,BREAD,RG SOUR,0,6,6,4,0,0,2,0,0,0,0,0,0,0
2020-12-11,BREAD,CB,0,0,0,0,0,0,0,0,0,0,0,0,0,0
2020-12-11,BREAD,CrO,3,0,3,3,0,0,0,0,0,0,0,0,0,0
2020-12-11,BREAD,CH,0,0,0,0,0,0,0,0,0,0,0,0,0,0
2020-12-11,BREAD,VS-TREE,2,0,2,2,0,0,0,0,0,0,0,0,0,0
2020-12-11,BREAD,H-Tree,0,0,0,-2,0,2,0,0,0,0,0,0,0,0
2020-12-11,BREAD,CAR,0,0,0,0,0,0,0,0,0,0,0,0,0,0
2020-12-11,BREAD,IHF,0,0,0,0,0,0,0,0,0,0,0,0,0,0
2020-12-11,BREAD,But-Tree,2,0,2,0,0,2,0,0,0,0,0,0,0,0
2020-12-11,BREAD,BUT-Rls,0,13,13,-1,2,0,12,0,0,0,0,0,0,0
2020-12-11,BREAD,H-RLS,3,4,7,7,0,0,0,0,0,0,0,0,0,0
2020-12-11,BREAD,FR-RLS,2,0,2,2,0,0,0,0,0,0,0,0,0,0
2020-12-11,BREAD,VS-RLS,3,4,7,2,0,1,4,0,0,0,0,0,0,0
2020-12-11,BREAD,Blue Stru,3,2,5,3,0,0,2,0,0,0,0,0,0,0
2020-12-11,BREAD,Mex Choc,2,4,6,2,1,0,3,0,0,0,0,0,0,0
2020-12-11,BREAD,Pum Choc,2,9,11,3,3,1,4,0,0,0,0,0,0,0
2020-12-11,BREAD,Pum Crmb,2,3,5,3,0,0,2,0,0,0,0,0,0,0
2020-12-11,ROLLS,Cinnamon,0,36,36,36,0,0,0,0,0,0,0,0,0,0
2020-12-11,ROLLS,Pecan C-Roll,0,24,24,20,4,0,0,0,0,0,0,0,0,0
2020-12-11,ROLLS,Mini C-Roll,0,48,48,0,48,0,0,0,0,0,0,0,0,0
2020-12-11,SCONES,Blueberry,0,0,0,0,0,0,0,0,0,0,0,0,0,0
2020-12-11,SCONES,Rasp Cream,0,0,0,0,0,0,0,0,0,0,0,0,0,0
2020-12-11,SCONES,Cherry,0,16,16,12,4,0,0,0,0,0,0,0,0,0
2020-12-11,SCONES,Butt Almond,0,17,17,14,3,0,0,0,0,0,0,0,0,0
2020-12-11,SCONES,Turtle,0,0,0,0,0,0,0,0,0,0,0,0,0,0
2020-12-11,SCONES,Cin Chip,0,0,0,0,0,0,0,0,0,0,0,0,0,0
2020-12-11,SCONES,CrO,0,4,4,4,0,0,0,0,0,0,0,0,0,0
2020-12-11,SCONES,CrO-WChoc,0,6,6,5,0,1,0,0,0,0,0,0,0,0
2020-12-11,FRUIT BARS,Mixed Berry,0,10,10,5,5,0,0,0,0,0,0,0,0,0
2020-12-11,FRUIT BARS,Cherry,0,10,10,5,5,0,0,0,0,0,0,0,0,0
2020-12-11,FRUIT BARS,Apple Cin,0,0,0,0,0,0,0,0,0,0,0,0,0,0
2020-12-11,FRUIT BARS,Cran Choc,0,0,0,0,0,0,0,0,0,0,0,0,0,0
2020-12-11,MUFFINS,Blue Stru,0,7,7,4,3,0,0,0,0,0,0,0,0,0
2020-12-11,MUFFINS,Mex Choc,0,4,4,2,2,0,0,0,0,0,0,0,0,0
2020-12-11,MUFFINS,Pump Choc,0,10,10,7,3,0,0,0,0,0,0,0,0,0
2020-12-11,MUFFINS,Pump Crumb,0,7,7,4,3,0,0,0,0,0,0,0,0,0
2020-12-11,MUFFINS,Cookies,0,0,0,0,0,0,0,0,0,0,0,0,0,0
2020-12-11,MUFFINS,Bars,0,0,0,0,0,0,0,0,0,0,0,0,0,0
2020-12-11,MUFFINS,Cran W Choc,0,42,42,12,22,0,8,0,0,0,0,0,0,0
2020-12-11,MUFFINS,triple choc,1,66,67,26,41,0,0,0,0,0,0,0,0,0
2020-12-11,MUFFINS,St. Nicker,11,36,47,25,22,0,0,0,0,0,0,0,0,0
2020-12-11,MUFFINS,Ginger,5,24,29,27,0,0,2,0,0,0,0,0,0,0
2020-12-11,MUFFINS,frosted sugar,12,6,18,14,0,0,4,0,0,0,0,0,0,0
2020-12-11,MUFFINS,PUmpkin,4,4,8,2,0,4,2,0,0,0,0,0,0,0
2020-12-11,MUFFINS,Brown,7,0,7,3,0,4,0,0,0,0,0,0,0,0
2020-12-11,MUFFINS,Pepp,5,3,8,6,0,0,2,0,0,0,0,0,0,0
2020-12-11,MUFFINS,Pump OHH,0,0,0,0,0,0,0,0,0,0,0,0,0,0
2020-12-11,MUFFINS,Bread Pudding,0,0,0,0,0,0,0,0,0,0,0,0,0,0
2020-12-11,MUFFINS,Totals,40,377,417,227,165,9,16,5,3,8,6,0,0,2
2020-12-12,BREAD,H,30,0,30,15,0,15,0,0,0,0,0,0,0,0
2020-12-12,BREAD,FR,30,0,30,17,0,13,0,0,0,0,0,0,0,0
2020-12-12,BREAD,GW,1,3,4,4,0,0,0,0,0,0,0,0,0,0
2020-12-12,BREAD,DK,9,0,9,6,0,3,0,0,0,0,0,0,0,0
2020-12-12,BREAD,H5|Cran,14,0,14,6,0,8,0,0,0,0,0,0,0,0
2020-12-12,BREAD,CSRWL,0,16,16,16,0,0,0,4,0,4,4,0,0,0
2020-12-12,BREAD,MP SWRL,0,4,4,4,0,0,0,0,2,2,2,0,0,0
2020-12-12,BREAD,TS,4,0,4,1,0,3,0,2,0,2,2,0,0,0
2020-12-12,BREAD,Angels,6,0,6,1,0,5,0,0,0,0,0,0,0,0
2020-12-12,BREAD,CNE,0,14,14,14,0,0,0,1,0,1,1,0,0,0
2020-12-12,BREAD,CNR,1,0,1,1,0,0,0,0,0,0,0,0,0,0
2020-12-12,BREAD,CNW,4,0,4,2,0,2,0,0,0,0,0,0,0,0
2020-12-12,BREAD,POP,3,0,3,3,0,0,0,3,0,3,3,0,0,0
2020-12-12,BREAD,Wreath,0,0,0,0,0,0,0,0,0,0,0,0,0,0
2020-12-12,BREAD,VS,7,0,7,7,0,0,0,0,0,0,0,0,0,0
2020-12-12,BREAD,SOURDOUGH,11,0,11,7,0,4,0,0,0,0,0,0,0,0
2020-12-12,BREAD,RG SOUR,2,0,2,2,0,0,0,0,0,0,0,0,0,0
2020-12-12,BREAD,CB,0,4,4,4,0,0,0,0,7,7,4,0,0,0
2020-12-12,BREAD,CrO,0,16,16,3,9,4,0,0,3,3,3,0,0,0
2020-12-12,BREAD,CH,0,0,0,0,0,0,0,0,0,0,0,0,0,0
2020-12-12,BREAD,VS-TREE,0,0,0,0,0,0,0,0,0,0,0,0,0,0
2020-12-12,BREAD,H-Tree,0,0,0,0,0,0,0,0,0,0,0,0,0,0
2020-12-12,BREAD,CAR,0,0,0,0,0,0,0,0,0,0,0,0,0,0
2020-12-12,BREAD,IHF,0,0,0,0,0,0,0,0,0,0,0,0,0,0
2020-12-12,BREAD,But-Tree,0,0,0,-8,0,8,0,0,0,0,0,0,0,0
2020-12-12,BREAD,BUT-Rls,12,0,12,12,0,0,0,0,0,0,0,0,0,0
2020-12-12,BREAD,H-RLS,0,0,0,0,0,0,0,0,0,0,0,0,0,0
2020-12-12,BREAD,FR-RLS,0,0,0,0,0,0,0,0,0,0,0,0,0,0
2020-12-12,BREAD,VS-RLS,4,0,4,4,0,0,0,0,0,0,0,0,0,0
2020-12-12,BREAD,Blue Stru,2,0,2,2,0,0,0,0,0,0,0,0,0,0
2020-12-12,BREAD,Mex Choc,4,0,4,2,0,2,0,0,0,0,0,0,0,0
2020-12-12,BREAD,Pum Choc,4,0,4,3,0,1,0,0,0,0,0,0,0,0
2020-12-12,BREAD,Pum Crmb,2,0,2,0,0,2,0,0,0,0,0,0,0,0
2020-12-12,ROLLS,Cinnamon,0,84,84,58,12,14,0,0,0,0,0,0,0,0
2020-12-12,ROLLS,Pecan C-Roll,0,24,24,10,8,6,0,0,0,0,0,0,0,0
2020-12-12,ROLLS,Mini C-Roll,0,24,24,0,24,0,0,0,0,0,0,0,0,0
2020-12-12,SCONES,Blueberry,0,18,18,14,4,0,0,0,0,0,0,0,0,0
2020-12-12,SCONES,Rasp Cream,0,0,0,0,0,0,0,0,0,0,0,0,0,0
2020-12-12,SCONES,Cherry,0,0,0,0,0,0,0,0,0,0,0,0,0,0
2020-12-12,SCONES,Butt Almond,0,15,15,9,0,6,0,0,0,0,0,0,0,0
2020-12-12,SCONES,Turtle,0,0,0,0,0,0,0,0,0,0,0,0,0,0
2020-12-12,SCONES,Cin Chip,0,0,0,0,0,0,0,0,0,0,0,0,0,0
2020-12-12,SCONES,CrO,0,12,12,8,4,0,0,0,0,0,0,0,0,0
2020-12-12,SCONES,CrO-WChoc,0,12,12,8,4,0,0,0,0,0,0,0,0,0
2020-12-12,FRUIT BARS,Mixed Berry,0,0,0,0,0,0,0,0,0,0,0,0,0,0
2020-12-12,FRUIT BARS,Cherry,0,0,0,0,0,0,0,0,0,0,0,0,0,0
2020-12-12,FRUIT BARS,Apple Cin,0,10,10,3,0,7,0,0,0,0,0,0,0,0
2020-12-12,FRUIT BARS,Cran W.Choc,0,10,10,2,0,8,0,0,0,0,0,0,0,0
2020-12-12,MUFFINS,Blue Stru,0,6,6,6,0,0,0,0,0,0,0,0,0,0
2020-12-12,MUFFINS,Mex Choc,0,4,4,1,0,3,0,0,0,0,0,0,0,0
2020-12-12,MUFFINS,Pump Choc,0,8,8,8,0,0,0,0,0,0,0,0,0,0
2020-12-12,MUFFINS,Pump Crumb,0,6,6,3,0,3,0,0,0,0,0,0,0,0
2020-12-12,MUFFINS,Cookies,0,0,0,0,0,0,0,0,0,0,0,0,0,0
2020-12-12,MUFFINS,Bars,0,0,0,0,0,0,0,0,0,0,0,0,0,0
2020-12-12,MUFFINS,Cran W Choc,8,0,8,8,0,0,0,0,6,6,0,0,0,0
2020-12-12,MUFFINS,triple choc,0,12,12,12,0,0,0,0,6,6,0,0,0,0
2020-12-12,MUFFINS,St. Nicker,0,12,12,9,0,3,0,0,6,6,0,0,0,0
2020-12-12,MUFFINS,Ginger,2,12,14,9,3,2,0,0,6,6,0,0,0,0
2020-12-12,MUFFINS,frosted sugar,4,12,16,4,10,2,0,0,0,0,0,0,0,0
2020-12-12,MUFFINS,PUmpkin,2,4,6,4,0,2,0,0,0,0,0,0,0,0
2020-12-12,MUFFINS,Brown,0,3,3,2,0,1,0,0,0,0,0,0,0,0
2020-12-12,MUFFINS,Pepp,2,4,6,5,0,1,0,0,0,0,0,0,0,0
2020-12-12,MUFFINS,take n bakes,0,0,0,0,0,0,0,0,0,0,0,0,0,0
2020-12-12,MUFFINS,Pump OHH,0,0,0,0,0,0,0,0,0,0,0,0,0,0
2020-12-12,MUFFINS,Bread Pudding,0,0,0,0,0,0,0,0,0,0,0,0,0,0
2020-12-12,MUFFINS,Totals,16,288,304,178,69,57,0,2,28,30,5,0,0,0
2020-12-13,BREAD,H,0,0,0,0,0,0,0,0,0,0,0,0,0,0
2020-12-13,BREAD,FR,0,0,0,0,0,0,0,0,0,0,0,0,0,0
2020-12-13,BREAD,GW,0,0,0,0,0,0,0,0,0,0,0,0,0,0
2020-12-13,BREAD,DK,0,0,0,0,0,0,0,0,0,0,0,0,0,0
2020-12-13,BREAD,H5|Cran,0,0,0,0,0,0,0,0,0,0,0,0,0,0
2020-12-13,BREAD,CSRWL,0,0,0,0,0,0,0,0,0,0,0,0,0,0
2020-12-13,BREAD,MP SWRL,0,0,0,0,0,0,0,0,0,0,0,0,0,0
2020-12-13,BREAD,TS,0,0,0,0,0,0,0,0,0,0,0,0,0,0
2020-12-13,BREAD,Angels,0,0,0,0,0,0,0,0,0,0,0,0,0,0
2020-12-13,BREAD,CNE,0,0,0,0,0,0,0,0,0,0,0,0,0,0
2020-12-13,BREAD,CNR,0,0,0,0,0,0,0,0,0,0,0,0,0,0
2020-12-13,BREAD,CNW,0,0,0,0,0,0,0,0,0,0,0,0,0,0
2020-12-13,BREAD,POP,0,0,0,0,0,0,0,0,0,0,0,0,0,0
2020-12-13,BREAD,Wreath,0,0,0,0,0,0,0,0,0,0,0,0,0,0
2020-12-13,BREAD,VS,0,0,0,0,0,0,0,0,0,0,0,0,0,0
2020-12-13,BREAD,SOURDOUGH,0,0,0,0,0,0,0,0,0,0,0,0,0,0
2020-12-13,BREAD,RG SOUR,0,0,0,0,0,0,0,0,0,0,0,0,0,0
2020-12-13,BREAD,CB,0,0,0,0,0,0,0,0,0,0,0,0,0,0
2020-12-13,BREAD,CrO,0,0,0,0,0,0,0,0,0,0,0,0,0,0
2020-12-13,BREAD,CH,0,0,0,0,0,0,0,0,0,0,0,0,0,0
2020-12-13,BREAD,CAR,0,0,0,0,0,0,0,0,0,0,0,0,0,0
2020-12-13,BREAD,IHF,0,0,0,0,0,0,0,0,0,0,0,0,0,0
2020-12-13,BREAD,BUT-Rls,0,0,0,0,0,0,0,0,0,0,0,0,0,0
2020-12-13,BREAD,H-RLS,0,0,0,0,0,0,0,0,0,0,0,0,0,0
2020-12-13,BREAD,FR-RLS,0,0,0,0,0,0,0,0,0,0,0,0,0,0
2020-12-13,BREAD,VS-RLS,0,0,0,0,0,0,0,0,0,0,0,0,0,0
2020-12-13,BREAD,Blue Stru,0,0,0,0,0,0,0,0,0,0,0,0,0,0
2020-12-13,BREAD,Choc Carm,0,0,0,0,0,0,0,0,0,0,0,0,0,0
2020-12-13,BREAD,Pum Choc,0,0,0,0,0,0,0,0,0,0,0,0,0,0
2020-12-13,BREAD,Pum Crmb,0,0,0,0,0,0,0,0,0,0,0,0,0,0
2020-12-13,ROLLS,Cinnamon,0,0,0,0,0,0,0,0,0,0,0,0,0,0
2020-12-13,ROLLS,Pecan C-Roll,0,0,0,0,0,0,0,0,0,0,0,0,0,0
2020-12-13,ROLLS,Mini C-Roll,0,0,0,0,0,0,0,0,0,0,0,0,0,0
2020-12-13,SCONES,Blueberry,0,0,0,0,0,0,0,0,0,0,0,0,0,0
2020-12-13,SCONES,Rasp Cream,0,0,0,0,0,0,0,0,0,0,0,0,0,0
2020-12-13,SCONES,Cherry,0,0,0,0,0,0,0,0,0,0,0,0,0,0
2020-12-13,SCONES,Butt Almond,0,0,0,0,0,0,0,0,0,0,0,0,0,0
2020-12-13,SCONES,Turtle,0,0,0,0,0,0,0,0,0,0,0,0,0,0
2020-12-13,SCONES,Cin Chip,0,0,0,0,0,0,0,0,0,0,0,0,0,0
2020-12-13,SCONES,CrO,0,0,0,0,0,0,0,0,0,0,0,0,0,0
2020-12-13,SCONES,CrO-WChoc,0,0,0,0,0,0,0,0,0,0,0,0,0,0
2020-12-13,FRUIT BARS,Mixed Berry,0,0,0,0,0,0,0,0,0,0,0,0,0,0
2020-12-13,FRUIT BARS,Cherry,0,0,0,0,0,0,0,0,0,0,0,0,0,0
2020-12-13,FRUIT BARS,Apple Cin,0,0,0,0,0,0,0,0,0,0,0,0,0,0
2020-12-13,FRUIT BARS,Cran Choc,0,0,0,0,0,0,0,0,0,0,0,0,0,0
2020-12-13,MUFFINS,Blue Stru,0,0,0,0,0,0,0,0,0,0,0,0,0,0
2020-12-13,MUFFINS,Choc Carm,0,0,0,0,0,0,0,0,0,0,0,0,0,0
2020-12-13,MUFFINS,Pump Choc,0,0,0,0,0,0,0,0,0,0,0,0,0,0
2020-12-13,MUFFINS,Pump Crumb,0,0,0,0,0,0,0,0,0,0,0,0,0,0
2020-12-13,MUFFINS,Cookies,0,0,0,0,0,0,0,0,0,0,0,0,0,0
2020-12-13,MUFFINS,Bars,0,0,0,0,0,0,0,0,0,0,0,0,0,0
2020-12-13,MUFFINS,Cran W Choc,0,0,0,0,0,0,0,0,0,0,0,0,0,0
2020-12-13,MUFFINS,triple choc,0,0,0,0,0,0,0,0,0,0,0,0,0,0
2020-12-13,MUFFINS,St. Nicker,0,0,0,0,0,0,0,0,0,0,0,0,0,0
2020-12-13,MUFFINS,Ginger,0,0,0,0,0,0,0,0,0,0,0,0,0,0
2020-12-13,MUFFINS,frosted sugar,0,0,0,0,0,0,0,0,0,0,0,0,0,0
2020-12-13,MUFFINS,PUmpkin,0,0,0,0,0,0,0,0,0,0,0,0,0,0
2020-12-13,MUFFINS,Brown,0,0,0,0,0,0,0,0,0,0,0,0,0,0
2020-12-13,MUFFINS,Pepp,0,0,0,0,0,0,0,0,0,0,0,0,0,0
2020-12-13,MUFFINS,Pump OHH,0,0,0,0,0,0,0,0,0,0,0,0,0,0
2020-12-13,MUFFINS,Bread Pudding,0,0,0,0,0,0,0,0,0,0,0,0,0,0
2020-12-13,MUFFINS,Totals,0,0,0,0,0,0,0,0,0,0,0,0,0,0
2020-12-14,BREAD,H,0,47,47,15,14,0,18,0,0,0,0,0,0,0
2020-12-14,BREAD,FR,0,52,52,18,17,0,17,0,0,0,0,0,0,0
2020-12-14,BREAD,GW,0,7,7,0,7,0,0,0,0,0,0,0,0,0
2020-12-14,BREAD,DK,0,21,21,8,0,0,13,0,0,0,0,0,0,0
2020-12-14,BREAD,H5|Cran,0,0,0,0,0,0,0,0,0,0,0,0,0,0
2020-12-14,BREAD,CSRWL,0,48,48,22,26,0,0,0,6,6,2,0,0,4
2020-12-14,BREAD,MP SWRL,0,12,12,4,8,0,0,0,3,3,2,0,0,1
2020-12-14,BREAD,TS,0,57,57,0,54,0,3,0,3,3,2,0,0,1
2020-12-14,BREAD,Angels,0,4,4,1,1,0,2,0,0,0,0,0,0,0
2020-12-14,BREAD,CNE,0,22,22,5,17,0,0,0,16,16,3,0,0,0
2020-12-14,BREAD,CNR,0,6,6,4,0,0,2,0,0,0,0,0,0,0
2020-12-14,BREAD,CNW,0,6,6,2,0,0,4,0,0,0,0,0,0,0
2020-12-14,BREAD,POP,0,12,12,9,1,0,2,0,3,3,3,0,0,0
2020-12-14,BREAD,Wreath,0,6,6,0,0,0,6,0,0,0,0,0,0,0
2020-12-14,BREAD,VS,0,0,0,0,0,0,0,0,0,0,0,0,0,0
2020-12-14,BREAD,SOURDOUGH,0,17,17,8,6,0,3,0,0,0,0,0,0,0
2020-12-14,BREAD,RG SOUR,0,6,6,3,2,0,1,0,0,0,0,0,0,0
2020-12-14,BREAD,CB,0,0,0,0,0,0,0,0,0,0,0,0,0,0
2020-12-14,BREAD,CrO,0,0,0,0,0,0,0,0,0,0,0,0,0,0
2020-12-14,BREAD,CH,0,0,0,0,0,0,0,0,0,0,0,0,0,0
2020-12-14,BREAD,VS-TREE,0,0,0,0,0,0,0,0,0,0,0,0,0,0
2020-12-14,BREAD,H-Tree,0,2,2,1,0,0,1,0,0,0,0,0,0,0
2020-12-14,BREAD,CAR,0,0,0,0,0,0,0,0,0,0,0,0,0,0
2020-12-14,BREAD,IHF,0,0,0,0,0,0,0,0,0,0,0,0,0,0
2020-12-14,BREAD,FR-Tree,0,2,2,1,0,0,1,0,0,0,0,0,0,0
2020-12-14,BREAD,BUT-Rls,0,0,0,0,0,0,0,0,0,0,0,0,0,0
2020-12-14,BREAD,H-RLS,0,2,2,1,0,0,1,0,0,0,0,0,0,0
2020-12-14,BREAD,FR-RLS,0,2,2,2,0,0,0,0,0,0,0,0,0,0
2020-12-14,BREAD,VS-RLS,0,0,0,0,0,0,0,0,0,0,0,0,0,0
2020-12-14,BREAD,Blue Stru,0,3,3,1,0,0,2,0,0,0,0,0,0,0
2020-12-14,BREAD,Mex Choc,0,3,3,1,0,0,2,0,0,0,0,0,0,0
2020-12-14,BREAD,Pum Choc,0,5,5,3,0,0,2,0,0,0,0,0,0,0
2020-12-14,BREAD,Pum Crmb,0,3,3,0,0,0,3,0,0,0,0,0,0,0
2020-12-14,ROLLS,Cinnamon,0,36,36,25,0,11,0,0,0,0,0,0,0,0
2020-12-14,ROLLS,Pecan C-Roll,0,12,12,3,0,9,0,0,0,0,0,0,0,0
2020-12-14,ROLLS,Mini C-Roll,0,0,0,0,0,0,0,0,0,0,0,0,0,0
2020-12-14,ROLLS,C-roll Tree,0,3,3,3,0,0,0,0,0,0,0,0,0,0
2020-12-14,SCONES,Blueberry,0,0,0,0,0,0,0,0,0,0,0,0,0,0
2020-12-14,SCONES,Rasp Cream,0,11,11,11,0,0,0,0,0,0,0,0,0,0
2020-12-14,SCONES,Cherry,0,0,0,0,0,0,0,0,0,0,0,0,0,0
2020-12-14,SCONES,Butt Almond,0,0,0,0,0,0,0,0,0,0,0,0,0,0
2020-12-14,SCONES,Turtle,0,0,0,0,0,0,0,0,0,0,0,0,0,0
2020-12-14,SCONES,Cin Chip,0,11,11,11,0,0,0,0,0,0,0,0,0,0
2020-12-14,SCONES,CrO,0,6,6,6,0,0,0,0,0,0,0,0,0,0
2020-12-14,SCONES,CrO-WChoc,0,6,6,6,0,0,0,0,0,0,0,0,0,0
2020-12-14,FRUIT BARS,Mixed Berry,0,10,10,1,0,9,0,0,0,0,0,0,0,0
2020-12-14,FRUIT BARS,Cherry,0,10,10,7,0,3,0,0,0,0,0,0,0,0
2020-12-14,FRUIT BARS,Apple Cin,0,0,0,0,0,0,0,0,0,0,0,0,0,0
2020-12-14,FRUIT BARS,Cran Choc,0,0,0,0,0,0,0,0,0,0,0,0,0,0
2020-12-14,MUFFINS,Blue Stru,0,5,5,3,2,0,0,0,0,0,0,0,0,0
2020-12-14,MUFFINS,Mex Choc,0,4,4,1,1,2,0,0,0,0,0,0,0,0
2020-12-14,MUFFINS,Pump Choc,0,6,6,3,2,1,0,0,0,0,0,0,0,0
2020-12-14,MUFFINS,Pump Crumb,0,3,3,2,1,0,0,0,0,0,0,0,0,0
2020-12-14,MUFFINS,Cookies,0,0,0,0,0,0,0,0,0,0,0,0,0,0
2020-12-14,MUFFINS,Bars,0,0,0,0,0,0,0,0,0,0,0,0,0,0
2020-12-14,MUFFINS,Cran W Choc,0,18,18,16,2,0,0,0,0,0,0,0,0,0
2020-12-14,MUFFINS,triple choc,0,30,30,15,8,0,7,0,0,0,0,0,0,0
2020-12-14,MUFFINS,St. Nicker,0,30,30,16,8,0,6,0,0,0,0,0,0,0
2020-12-14,MUFFINS,Ginger,0,24,24,14,0,0,10,0,0,0,0,0,0,0
2020-12-14,MUFFINS,frosted sugar,0,17,17,17,0,0,0,0,0,0,0,0,0,0
2020-12-14,MUFFINS,PUmpkin,0,6,6,2,0,0,4,0,0,0,0,0,0,0
2020-12-14,MUFFINS,Brown,0,7,7,4,0,0,3,0,0,0,0,0,0,0
2020-12-14,MUFFINS,Pepp,0,6,0,-4,0,0,4,0,0,0,0,0,0,0
2020-12-14,MUFFINS,Pump OHH,0,0,0,0,0,0,0,0,0,0,0,0,0,0
2020-12-14,MUFFINS,Bread Pudding,0,0,0,0,0,0,0,0,0,0,0,0,0,0
2020-12-14,MUFFINS,Totals,0,255,255,166,24,35,30,0,6,0,-4,0,0,4
2020-12-15,BREAD,H,18,24,42,23,1,0,18,0,0,0,0,0,0,0
2020-12-15,BREAD,FR,17,16,33,26,0,0,7,0,0,0,0,0,0,0
2020-12-15,BREAD,GW,0,10,10,6,0,0,4,0,0,0,0,0,0,0
2020-12-15,BREAD,DK,13,0,13,10,0,0,3,0,0,0,0,0,0,0
2020-12-15,BREAD,H5|Cran,0,16,16,7,0,0,9,0,4,4,3,0,0,1
2020-12-15,BREAD,CSRWL,0,52,52,29,21,0,2,4,42,46,6,0,0,2
2020-12-15,BREAD,MP SWRL,0,0,0,0,0,0,0,1,0,1,1,0,0,0
2020-12-15,BREAD,TS,3,0,3,0,0,3,0,1,0,1,1,0,0,0
2020-12-15,BREAD,Angels,2,0,2,0,0,2,0,0,0,0,0,0,0,0
2020-12-15,BREAD,CNE,0,44,44,17,0,0,27,0,4,4,3,0,0,1
2020-12-15,BREAD,CNR,2,0,2,2,0,0,0,0,0,0,0,0,0,0
2020-12-15,BREAD,CNW,4,0,4,1,0,3,0,0,0,0,0,0,0,0
2020-12-15,BREAD,POP,2,0,2,2,0,0,0,0,0,0,0,0,0,0
2020-12-15,BREAD,Wreath,6,0,6,4,0,2,0,0,0,0,0,0,0,0
2020-12-15,BREAD,VS,0,10,10,6,1,0,3,0,3,3,1,0,0,2
2020-12-15,BREAD,SOURDOUGH,3,0,3,1,0,2,0,0,0,0,0,0,0,0
2020-12-15,BREAD,RG SOUR,1,0,1,0,0,1,0,0,0,0,0,0,0,0
2020-12-15,BREAD,CB,0,12,12,3,5,0,4,0,7,7,7,0,0,0
2020-12-15,BREAD,CrO,0,24,24,6,0,0,18,0,3,3,0,0,0,3
2020-12-15,BREAD,CH,0,0,0,0,0,0,0,0,0,0,0,0,0,0
2020-12-15,BREAD,CAR,2,0,2,0,0,0,2,0,0,0,0,0,0,0
2020-12-15,BREAD,Whit,2,2,4,2,0,0,2,0,0,0,0,0,0,0
2020-12-15,BREAD,h,2,2,4,2,0,0,2,0,0,0,0,0,0,0
2020-12-15,BREAD,vs,2,2,4,2,0,0,2,0,0,0,0,0,0,0
2020-12-15,BREAD,cne,0,0,0,0,0,0,0,0,0,0,0,0,0,0
2020-12-15,BREAD,IHF,0,25,25,0,0,0,25,0,0,0,0,0,0,0
2020-12-15,BREAD,FR-Tree,1,2,3,3,0,0,0,0,0,0,0,0,0,0
2020-12-15,BREAD,BUT-Rls,0,0,0,0,0,0,0,0,0,0,0,0,0,0
2020-12-15,BREAD,H-RLS,1,2,3,1,0,0,2,0,0,0,0,0,0,0
2020-12-15,BREAD,FR-RLS,0,3,3,2,0,0,1,0,0,0,0,0,0,0
2020-12-15,BREAD,VS-RLS,0,3,3,1,0,0,2,0,0,0,0,0,0,0
2020-12-15,BREAD,Blue Stru,2,1,3,3,0,0,0,0,0,0,0,0,0,0
2020-12-15,BREAD,Mex Choc,2,1,3,0,0,2,1,0,0,0,0,0,0,0
2020-12-15,BREAD,Pum Choc,2,4,6,0,1,2,3,0,0,0,0,0,0,0
2020-12-15,BREAD,Pum Crmb,3,0,3,0,0,3,0,0,0,0,0,0,0,0
2020-12-15,ROLLS,Cinnamon,0,36,36,32,0,4,0,0,0,0,0,0,0,0
2020-12-15,ROLLS,Pecan C-Roll,0,12,12,3,0,9,0,0,0,0,0,0,0,0
2020-12-15,ROLLS,Mini C-Roll,0,96,96,0,96,0,0,0,0,0,0,0,0,0
2020-12-15,ROLLS,C-roll Tree,0,7,7,4,0,0,3,0,0,0,0,0,0,0
2020-12-15,SCONES,Blueberry,0,11,11,11,0,0,0,0,0,0,0,0,0,0
2020-12-15,SCONES,Rasp Cream,0,0,0,0,0,0,0,0,0,0,0,0,0,0
2020-12-15,SCONES,Cherry,0,0,0,0,0,0,0,0,0,0,0,0,0,0
2020-12-15,SCONES,Butt Almond,0,0,0,0,0,0,0,0,0,0,0,0,0,0
2020-12-15,SCONES,Turtle,0,11,11,1,10,0,0,0,0,0,0,0,0,0
2020-12-15,SCONES,Cin Chip,0,11,11,11,0,0,0,0,0,0,0,0,0,0
2020-12-15,SCONES,CrO,0,5,5,5,0,0,0,0,0,0,0,0,0,0
2020-12-15,SCONES,CrO-WChoc,0,5,5,5,0,0,0,0,0,0,0,0,0,0
2020-12-15,FRUIT BARS,Mixed Berry,0,0,0,0,0,0,0,0,0,0,0,0,0,0
2020-12-15,FRUIT BARS,Cherry,0,0,0,0,0,0,0,0,0,0,0,0,0,0
2020-12-15,FRUIT BARS,Apple Cin,0,10,10,3,1,6,0,0,0,0,0,0,0,0
2020-12-15,FRUIT BARS,Cran Choc,0,10,10,1,1,8,0,0,0,0,0,0,0,0
2020-12-15,MUFFINS,Blue Stru,0,3,3,3,0,0,0,0,0,0,0,0,0,0
2020-12-15,MUFFINS,Mex Choc,0,3,3,2,0,1,0,0,0,0,0,0,0,0
2020-12-15,MUFFINS,Pump Choc,0,5,5,5,0,0,0,0,0,0,0,0,0,0
2020-12-15,MUFFINS,Pump Crumb,0,3,3,3,0,0,0,0,0,0,0,0,0,0
2020-12-15,MUFFINS,Cookies,0,0,0,0,0,0,0,0,0,0,0,0,0,0
2020-12-15,MUFFINS,Bars,0,0,0,0,0,0,0,0,0,0,0,0,0,0
2020-12-15,MUFFINS,Cran W Choc,0,42,42,15,0,0,27,0,4,4,0,0,0,0
2020-12-15,MUFFINS,triple choc,7,30,37,25,0,0,12,0,0,0,0,0,0,0
2020-12-15,MUFFINS,St. Nicker,6,36,42,28,0,0,14,0,6,6,0,0,0,0
2020-12-15,MUFFINS,Ginger,10,12,22,5,0,0,17,0,0,0,0,0,0,0
2020-12-15,MUFFINS,frosted sugar,0,24,24,11,0,0,13,0,0,0,0,0,0,0
2020-12-15,MUFFINS,PUmpkin,4,7,11,6,1,0,4,0,0,0,0,0,0,0
2020-12-15,MUFFINS,Brown,3,4,7,1,1,0,5,0,0,0,0,0,0,0
2020-12-15,MUFFINS,Pepp,4,5,9,2,1,0,6,0,0,0,0,0,0,0
2020-12-15,MUFFINS,Pump OHH,0,0,0,0,0,0,0,0,0,0,0,0,0,0
2020-12-15,MUFFINS,Bread Pudding,0,0,0,0,0,0,0,0,0,0,0,0,0,0
2020-12-15,MUFFINS,Totals,30,383,413,180,110,28,95,4,15,19,2,0,0,6
2020-12-16,BREAD,H,18,22,40,22,0,0,18,0,0,0,0,0,0,0
2020-12-16,BREAD,FR,7,21,28,8,0,0,20,0,0,0,0,0,0,0
2020-12-16,BREAD,GW,4,6,10,6,0,0,4,0,0,0,0,0,0,0
2020-12-16,BREAD,DK,3,21,24,15,0,0,9,0,0,0,0,0,0,0
2020-12-16,BREAD,H5|Cran,9,0,9,4,0,0,5,1,0,1,1,0,0,0
2020-12-16,BREAD,CSRWL,2,42,44,-4,19,0,29,2,36,38,6,0,0,2
2020-12-16,BREAD,MP SWRL,0,0,0,0,0,0,0,0,0,0,0,0,0,0
2020-12-16,BREAD,TS,0,11,11,-1,12,0,0,0,0,0,0,0,0,0
2020-12-16,BREAD,Angels,0,2,2,2,0,0,0,0,0,0,0,0,0,0
2020-12-16,BREAD,CNE,27,61,88,12,56,0,20,1,4,5,5,0,0,0
2020-12-16,BREAD,CNR,0,16,16,10,2,0,4,0,0,0,0,0,0,0
2020-12-16,BREAD,CNW,0,8,8,-5,10,0,3,0,0,0,0,0,0,0
2020-12-16,BREAD,POP,0,14,14,8,0,0,6,0,4,4,3,0,0,1
2020-12-16,BREAD,Wreath,0,4,4,4,0,0,0,0,0,0,0,0,0,0
2020-12-16,BREAD,VS,3,0,3,3,0,0,0,2,0,2,2,0,0,0
2020-12-16,BREAD,SOURDOUGH,0,19,19,0,7,0,12,0,0,0,0,0,0,0
2020-12-16,BREAD,RG SOUR,0,4,4,2,0,0,2,0,0,0,0,0,0,0
2020-12-16,BREAD,CB,4,8,12,8,0,0,4,0,14,14,1,0,0,13
2020-12-16,BREAD,CrO,18,0,18,1,0,17,0,3,0,3,3,0,0,0
2020-12-16,BREAD,CH,0,0,0,0,0,0,0,0,0,0,0,0,0,0
2020-12-16,BREAD,CAR,2,0,2,2,0,0,0,0,0,0,0,0,0,0
2020-12-16,BREAD,Whit,2,0,2,0,0,2,0,0,0,0,0,0,0,0
2020-12-16,BREAD,h,2,0,2,0,0,2,0,0,0,0,0,0,0,0
2020-12-16,BREAD,vs,2,0,2,1,0,1,0,0,0,0,0,0,0,0
2020-12-16,BREAD,cne,0,3,3,0,1,0,2,0,0,0,0,0,0,0
2020-12-16,BREAD,IHF,25,0,25,25,0,0,0,0,0,0,0,0,0,0
2020-12-16,BREAD,BUT-Rls,0,0,0,0,0,0,0,0,0,0,0,0,0,0
2020-12-16,BREAD,H-RLS,2,4,6,1,0,1,4,0,0,0,0,0,0,0
2020-12-16,BREAD,FR-RLS,1,4,5,3,2,0,0,0,0,0,0,0,0,0
2020-12-16,BREAD,VS-RLS,2,0,2,2,0,0,0,0,0,0,0,0,0,0
2020-12-16,BREAD,Blue Stru,0,3,3,2,0,0,1,0,0,0,0,0,0,0
2020-12-16,BREAD,Mex Choc,3,0,3,2,0,1,0,0,0,0,0,0,0,0
2020-12-16,BREAD,Pum Choc,3,3,6,4,1,0,1,0,0,0,0,0,0,0
2020-12-16,BREAD,Pum Crmb,0,3,3,1,0,0,2,0,0,0,0,0,0,0
2020-12-16,ROLLS,Cinnamon,0,36,36,36,0,0,0,0,0,0,0,0,0,0
2020-12-16,ROLLS,Pecan C-Roll,0,12,12,2,0,10,0,0,0,0,0,0,0,0
2020-12-16,ROLLS,Mini C-Roll,0,24,24,0,24,0,0,0,0,0,0,0,0,0
2020-12-16,ROLLS,C-roll Tree,3,4,4,0,1,3,0,0,0,0,0,0,0,0
2020-12-16,SCONES,Blueberry,0,0,0,0,0,0,0,0,0,0,0,0,0,0
2020-12-16,SCONES,Rasp Cream,0,17,17,9,4,4,0,0,0,0,0,0,0,0
2020-12-16,SCONES,Cherry,0,0,0,0,0,0,0,0,0,0,0,0,0,0
2020-12-16,SCONES,Butt Almond,0,0,0,0,0,0,0,0,0,0,0,0,0,0
2020-12-16,SCONES,Turtle,0,16,16,4,0,12,0,0,0,0,0,0,0,0
2020-12-16,SCONES,Cin Chip,0,0,0,0,0,0,0,0,0,0,0,0,0,0
2020-12-16,SCONES,CrO,0,7,7,7,0,0,0,0,0,0,0,0,0,0
2020-12-16,SCONES,CrO-WChoc,0,7,7,4,0,3,0,0,0,0,0,0,0,0
2020-12-16,FRUIT BARS,Mixed Berry,0,10,10,7,0,3,0,0,0,0,0,0,0,0
2020-12-16,FRUIT BARS,Cherry,0,10,10,8,0,2,0,0,0,0,0,0,0,0
2020-12-16,FRUIT BARS,Apple Cin,0,0,0,0,0,0,0,0,0,0,0,0,0,0
2020-12-16,FRUIT BARS,Cran Choc,0,0,0,0,0,0,0,0,0,0,0,0,0,0
2020-12-16,MUFFINS,Blue Stru,0,5,5,4,0,1,0,0,0,0,0,0,0,0
2020-12-16,MUFFINS,Mex Choc,0,5,5,2,0,3,0,0,0,0,0,0,0,0
2020-12-16,MUFFINS,Pump Choc,0,7,7,5,0,2,0,0,0,0,0,0,0,0
2020-12-16,MUFFINS,Pump Crumb,0,5,5,0,0,5,0,0,0,0,0,0,0,0
2020-12-16,MUFFINS,Cookies,0,0,0,0,0,0,0,0,0,0,0,0,0,0
2020-12-16,MUFFINS,Bars,0,0,0,0,0,0,0,0,0,0,0,0,0,0
2020-12-16,MUFFINS,Cran W Choc,27,48,75,4,49,20,2,0,0,0,0,0,0,0
2020-12-16,MUFFINS,triple choc,12,60,72,17,48,0,7,0,0,0,0,0,0,0
2020-12-16,MUFFINS,St. Nicker,14,60,74,-1,47,12,16,0,0,0,0,0,0,0
2020-12-16,MUFFINS,Ginger,17,12,29,13,0,0,16,0,0,0,0,0,0,0
2020-12-16,MUFFINS,frosted sugar,13,24,37,4,0,0,33,0,0,0,0,0,0,0
2020-12-16,MUFFINS,PUmpkin,4,6,10,8,0,0,2,0,0,0,0,0,0,0
2020-12-16,MUFFINS,Brown,5,4,9,4,0,4,1,0,0,0,0,0,0,0
2020-12-16,MUFFINS,Pepp,6,4,10,10,0,0,0,0,0,0,0,0,0,0
2020-12-16,MUFFINS,Pump OHH,0,0,0,0,0,0,0,0,0,0,0,0,0,0
2020-12-16,MUFFINS,Bread Pudding,0,0,0,0,0,0,0,0,0,0,0,0,0,0
2020-12-16,MUFFINS,Totals,95,379,471,137,173,84,77,6,4,10,10,0,0,0
2020-12-17,BREAD,H,18,34,52,14,21,0,17,0,0,0,0,0,0,0
2020-12-17,BREAD,FR,20,18,38,22,16,0,0,0,0,0,0,0,0,0
2020-12-17,BREAD,GW,4,16,20,11,0,0,9,0,0,0,0,0,0,0
2020-12-17,BREAD,DK,9,0,9,9,0,0,0,0,0,0,0,0,0,0
2020-12-17,BREAD,H5|Cran,5,15,20,9,1,0,10,0,4,4,1,0,0,3
2020-12-17,BREAD,CSRWL,29,32,61,24,32,0,5,2,18,20,8,0,0,0
2020-12-17,BREAD,MP SWRL,0,0,0,0,0,0,0,0,0,0,0,0,0,0
2020-12-17,BREAD,TS,0,0,0,0,0,0,0,0,0,0,0,0,0,0
2020-12-17,BREAD,Angels,0,0,0,0,0,0,0,0,0,0,0,0,0,0
2020-12-17,BREAD,CNE,20,89,109,24,85,0,0,0,0,0,0,0,0,0
2020-12-17,BREAD,CNR,4,0,4,4,0,0,0,0,0,0,0,0,0,0
2020-12-17,BREAD,CNW,3,0,3,3,0,0,0,0,0,0,0,0,0,0
2020-12-17,BREAD,POP,6,0,6,6,0,0,0,1,0,1,1,0,0,0
2020-12-17,BREAD,Wreath,0,0,0,0,0,0,0,0,0,0,0,0,0,0
2020-12-17,BREAD,VS,0,13,13,5,4,0,4,0,3,3,0,0,0,2
2020-12-17,BREAD,SOURDOUGH,12,0,12,11,0,1,0,0,0,0,0,0,0,0
2020-12-17,BREAD,RG SOUR,2,0,2,2,0,0,0,0,0,0,0,0,0,0
2020-12-17,BREAD,CB,4,12,16,7,8,0,1,13,5,18,17,0,0,1
2020-12-17,BREAD,CrO,0,38,38,11,25,0,2,0,4,4,4,0,0,0
2020-12-17,BREAD,CH,0,0,0,0,0,0,0,0,0,0,0,0,0,0
2020-12-17,BREAD,CAR,0,0,0,0,0,0,0,0,0,0,0,0,0,0
2020-12-17,BREAD,Whit,0,0,0,0,0,0,0,0,0,0,0,0,0,0
2020-12-17,BREAD,h,0,0,0,0,0,0,0,0,0,0,0,0,0,0
2020-12-17,BREAD,vs,0,0,0,0,0,0,0,0,0,0,0,0,0,0
2020-12-17,BREAD,cne,2,0,2,2,0,0,0,0,0,0,0,0,0,0
2020-12-17,BREAD,IHF,0,0,0,0,0,0,0,0,0,0,0,0,0,0
2020-12-17,BREAD,BUT-Rls,0,36,36,6,0,0,30,0,0,0,0,0,0,0
2020-12-17,BREAD,H-RLS,4,3,7,2,0,2,3,0,0,0,0,0,0,0
2020-12-17,BREAD,FR-RLS,0,0,0,0,0,0,0,0,0,0,0,0,0,0
2020-12-17,BREAD,VS-RLS,0,3,3,2,1,0,0,0,0,0,0,0,0,0
2020-12-17,BREAD,Blue Stru,1,8,9,2,5,0,2,0,0,0,0,0,0,0
2020-12-17,BREAD,Mex Choc,1,3,4,2,0,0,2,0,0,0,0,0,0,0
2020-12-17,BREAD,Pum Choc,1,9,10,7,1,0,2,0,0,0,0,0,0,0
2020-12-17,BREAD,Pum Crmb,2,3,5,4,0,0,1,0,0,0,0,0,0,0
2020-12-17,ROLLS,Cinnamon,0,36,36,36,0,0,0,0,0,0,0,0,0,0
2020-12-17,ROLLS,Pecan C-Roll,0,12,12,12,0,0,0,0,0,0,0,0,0,0
2020-12-17,ROLLS,Mini C-Roll,0,48,48,0,48,0,0,0,0,0,0,0,0,0
2020-12-17,ROLLS,C-roll Tree,0,0,0,0,0,0,0,0,0,0,0,0,0,0
2020-12-17,SCONES,Blueberry,0,16,16,12,0,4,0,0,0,0,0,0,0,0
2020-12-17,SCONES,Rasp Cream,0,0,0,0,0,0,0,0,0,0,0,0,0,0
2020-12-17,SCONES,Cherry,0,0,0,0,0,0,0,0,0,0,0,0,0,0
2020-12-17,SCONES,Butt Almond,0,0,0,0,0,0,0,0,0,0,0,0,0,0
2020-12-17,SCONES,Turtle,0,16,16,15,0,1,0,0,0,0,0,0,0,0
2020-12-17,SCONES,Cin Chip,0,0,0,0,0,0,0,0,0,0,0,0,0,0
2020-12-17,SCONES,CrO,0,7,7,7,0,0,0,0,0,0,0,0,0,0
2020-12-17,SCONES,CrO-WChoc,0,7,7,7,0,0,0,0,0,0,0,0,0,0
2020-12-17,FRUIT BARS,Mixed Berry,0,0,0,0,0,0,0,0,0,0,0,0,0,0
2020-12-17,FRUIT BARS,Cherry,0,0,0,0,0,0,0,0,0,0,0,0,0,0
2020-12-17,FRUIT BARS,Apple Cin,0,10,10,9,0,1,0,0,0,0,0,0,0,0
2020-12-17,FRUIT BARS,Cran w.Choc,0,10,10,5,0,5,0,0,0,0,0,0,0,0
2020-12-17,MUFFINS,Blue Stru,0,5,5,5,0,0,0,0,0,0,0,0,0,0
2020-12-17,MUFFINS,Mex Choc,0,5,5,3,0,2,0,0,0,0,0,0,0,0
2020-12-17,MUFFINS,Pump Choc,0,7,7,7,0,0,0,0,0,0,0,0,0,0
2020-12-17,MUFFINS,Pump Crumb,0,5,5,4,0,1,0,0,0,0,0,0,0,0
2020-12-17,MUFFINS,Cookies,0,0,0,0,0,0,0,0,0,0,0,0,0,0
2020-12-17,MUFFINS,Bars,0,0,0,0,0,0,0,0,0,0,0,0,0,0
2020-12-17,MUFFINS,Cran W Choc,2,126,128,18,94,0,16,0,0,0,0,0,0,0
2020-12-17,MUFFINS,triple choc,7,126,133,29,95,0,9,0,0,0,0,0,0,0
2020-12-17,MUFFINS,St. Nicker,16,106,122,23,96,0,3,0,0,0,0,0,0,0
2020-12-17,MUFFINS,Ginger,16,6,22,8,0,2,12,0,0,0,0,0,0,0
2020-12-17,MUFFINS,frosted sugar,33,0,33,12,0,0,21,0,0,0,0,0,0,0
2020-12-17,MUFFINS,PUmpkin,2,8,10,-4,2,0,12,0,0,0,0,0,0,0
2020-12-17,MUFFINS,Brown,1,7,8,0,4,0,4,0,0,0,0,0,0,0
2020-12-17,MUFFINS,Pepp,0,8,8,7,1,0,0,0,0,0,0,0,0,0
2020-12-17,MUFFINS,Pump OHH,0,0,0,0,0,0,0,0,0,0,0,0,0,0
2020-12-17,MUFFINS,Bread Pudding,0,0,0,0,0,0,0,0,0,0,0,0,0,0
2020-12-17,MUFFINS,Totals,77,563,640,208,339,16,77,0,8,8,7,0,0,0
2020-12-18,BREAD,H,17,43,60,35,13,0,12,0,0,0,0,0,0,0
2020-12-18,BREAD,FR,0,56,56,24,5,0,27,0,0,0,0,0,0,0
2020-12-18,BREAD,GW,9,0,9,7,0,2,0,0,0,0,0,0,0,0
2020-12-18,BREAD,DK,0,29,29,14,6,0,9,0,0,0,0,0,0,0
2020-12-18,BREAD,H5|Cran,10,0,10,6,0,0,4,3,0,3,0,0,0,3
2020-12-18,BREAD,CSRWL,5,44,49,29,10,0,10,0,24,24,14,0,0,4
2020-12-18,BREAD,MP SWRL,0,0,0,0,0,0,0,0,0,0,0,0,0,0
2020-12-18,BREAD,TS,0,2,2,1,1,0,0,0,0,0,0,0,0,0
2020-12-18,BREAD,Angels,0,6,6,5,0,0,1,0,0,0,0,0,0,0
2020-12-18,BREAD,CNE,0,54,54,18,14,0,22,0,4,4,2,0,0,1
2020-12-18,BREAD,CNR,0,8,8,4,1,0,3,0,0,0,0,0,0,0
2020-12-18,BREAD,CNW,0,8,8,3,2,0,3,0,0,0,0,0,0,0
2020-12-18,BREAD,POP,0,16,16,16,0,0,0,0,3,3,3,0,0,0
2020-12-18,BREAD,Wreath,0,8,8,3,0,0,5,0,0,0,0,0,0,0
2020-12-18,BREAD,VS,4,0,4,4,0,0,0,2,0,2,2,0,0,0
2020-12-18,BREAD,SOURDOUGH,0,16,16,5,0,0,11,0,0,0,0,0,0,0
2020-12-18,BREAD,RG SOUR,0,8,8,1,1,0,6,0,0,0,0,0,0,0
2020-12-18,BREAD,CB,1,7,8,2,1,0,5,1,16,17,3,0,0,14
2020-12-18,BREAD,CrO,2,0,2,2,0,0,0,0,0,0,0,0,0,0
2020-12-18,BREAD,CH,0,0,0,0,0,0,0,0,0,0,0,0,0,0
2020-12-18,BREAD,CAR,0,0,0,0,0,0,0,0,0,0,0,0,0,0
2020-12-18,BREAD,Whit,0,0,0,0,0,0,0,0,0,0,0,0,0,0
2020-12-18,BREAD,h,0,0,0,-2,0,0,2,0,0,0,0,0,0,0
2020-12-18,BREAD,vs,0,0,0,0,0,0,0,0,0,0,0,0,0,0
2020-12-18,BREAD,cne,0,4,4,4,0,0,0,0,0,0,0,0,0,0
2020-12-18,BREAD,IHF,0,0,0,0,0,0,0,0,0,0,0,0,0,0
2020-12-18,BREAD,BUT-Rls,30,0,30,7,0,0,23,0,0,0,0,0,0,0
2020-12-18,BREAD,H-RLS,3,4,7,5,0,2,0,0,0,0,0,0,0,0
2020-12-18,BREAD,FR-RLS,0,0,0,0,0,0,0,0,0,0,0,0,0,0
2020-12-18,BREAD,VS-RLS,0,0,0,0,0,0,0,0,0,0,0,0,0,0
2020-12-18,BREAD,Blue Stru,2,9,11,4,4,0,3,0,0,0,0,0,0,0
2020-12-18,BREAD,Mex Choc,2,5,7,4,0,1,2,0,0,0,0,0,0,0
2020-12-18,BREAD,Pum Choc,2,19,21,4,11,0,6,0,0,0,0,0,0,0
2020-12-18,BREAD,Pum Crmb,1,7,8,-1,1,1,7,0,0,0,0,0,0,0
2020-12-18,ROLLS,Cinnamon,0,72,72,41,31,0,0,0,0,0,0,0,0,0
2020-12-18,ROLLS,Pecan C-Roll,0,12,12,12,0,0,0,0,0,0,0,0,0,0
2020-12-18,ROLLS,Mini C-Roll,0,0,0,0,0,0,0,0,0,0,0,0,0,0
2020-12-18,ROLLS,C-roll Tree,0,5,5,0,1,0,4,0,0,0,0,0,0,0
2020-12-18,SCONES,Blueberry,0,0,0,0,0,0,0,0,0,0,0,0,0,0
2020-12-18,SCONES,Rasp Cream,0,0,0,0,0,0,0,0,0,0,0,0,0,0
2020-12-18,SCONES,Cherry,0,16,16,16,0,0,0,0,11,11,0,0,0,0
2020-12-18,SCONES,Butt Almond,0,21,21,17,4,0,0,0,3,3,0,0,0,0
2020-12-18,SCONES,Turtle,0,0,0,0,0,0,0,0,0,0,0,0,0,0
2020-12-18,SCONES,Cin Chip,0,0,0,0,0,0,0,0,0,0,0,0,0,0
2020-12-18,SCONES,CrO,0,6,6,6,0,0,0,0,2,2,0,0,0,0
2020-12-18,SCONES,CrO-WChoc,0,6,6,6,0,0,0,0,2,2,0,0,0,0
2020-12-18,FRUIT BARS,Mixed Berry,0,10,10,4,5,1,0,0,0,0,0,0,0,0
2020-12-18,FRUIT BARS,Cherry,0,10,10,7,2,1,0,0,0,0,0,0,0,0
2020-12-18,FRUIT BARS,Apple Cin,0,0,0,0,0,0,0,0,0,0,0,0,0,0
2020-12-18,FRUIT BARS,Cran Choc,0,0,0,0,0,0,0,0,0,0,0,0,0,0
2020-12-18,MUFFINS,Blue Stru,0,4,4,4,0,0,0,0,0,0,0,0,0,0
2020-12-18,MUFFINS,Mex Choc,0,4,4,4,0,0,0,0,11,11,0,0,0,0
2020-12-18,MUFFINS,Pump Choc,0,7,7,7,0,0,0,0,0,0,0,0,0,0
2020-12-18,MUFFINS,Pump Crumb,0,4,4,3,0,1,0,0,5,5,0,0,0,0
2020-12-18,MUFFINS,Cookies,0,0,0,0,0,0,0,0,0,0,0,0,0,0
2020-12-18,MUFFINS,Bars,0,0,0,0,0,0,0,0,0,0,0,0,0,0
2020-12-18,MUFFINS,Cran W Choc,16,54,70,23,40,6,1,0,0,0,0,0,0,0
2020-12-18,MUFFINS,triple choc,9,60,69,33,36,0,0,0,0,0,0,0,0,0
2020-12-18,MUFFINS,St. Nicker,3,78,81,22,52,0,7,0,0,0,0,0,0,0
2020-12-18,MUFFINS,Ginger,12,18,30,19,3,1,7,0,0,0,0,0,0,0
2020-12-18,MUFFINS,frosted sugar,21,0,21,14,0,7,0,0,0,0,0,0,0,0
2020-12-18,MUFFINS,PUmpkin,12,2,14,11,0,0,3,0,0,0,0,0,0,0
2020-12-18,MUFFINS,Brown,4,4,8,7,0,0,1,0,0,0,0,0,0,0
2020-12-18,MUFFINS,Pepp,0,12,12,7,0,0,5,0,0,0,0,0,0,0
2020-12-18,MUFFINS,Pump OHH,0,0,0,0,0,0,0,0,0,0,0,0,0,0
2020-12-18,MUFFINS,Bread Pudding,0,0,0,0,0,0,0,0,0,0,0,0,0,0
2020-12-18,MUFFINS,Totals,77,393,470,256,174,17,23,0,46,46,7,0,0,5
2020-12-19,BREAD,H,12,0,12,12,0,0,0,0,0,0,0,0,0,0
2020-12-19,BREAD,FR,27,0,27,21,0,6,0,0,0,0,0,0,0,0
2020-12-19,BREAD,GW,0,3,3,0,2,1,0,0,0,0,0,0,0,0
2020-12-19,BREAD,DK,9,0,9,9,0,0,0,0,0,0,0,0,0,0
2020-12-19,BREAD,H5|Cran,4,0,4,3,0,1,0,3,0,3,1,0,0,0
2020-12-19,BREAD,CSRWL,10,42,52,34,13,5,0,4,8,12,1,0,0,0
2020-12-19,BREAD,MP SWRL,0,8,8,3,1,4,0,0,2,2,2,0,0,0
2020-12-19,BREAD,TS,0,0,0,0,0,0,0,0,0,0,0,0,0,0
2020-12-19,BREAD,Angels,1,0,1,1,0,0,0,0,0,0,0,0,0,0
2020-12-19,BREAD,CNE,22,0,22,16,0,6,0,1,0,1,1,0,0,0
2020-12-19,BREAD,CNR,3,0,3,3,0,0,0,0,0,0,0,0,0,0
2020-12-19,BREAD,CNW,3,0,3,3,0,0,0,0,0,0,0,0,0,0
2020-12-19,BREAD,POP,0,0,0,0,0,0,0,0,0,0,0,0,0,0
2020-12-19,BREAD,Wreath,5,0,5,4,0,1,0,0,0,0,0,0,0,0
2020-12-19,BREAD,VS,0,7,7,5,1,1,0,0,2,2,2,0,0,0
2020-12-19,BREAD,SOURDOUGH,11,0,11,5,0,6,0,0,0,0,0,0,0,0
2020-12-19,BREAD,RG SOUR,6,0,6,4,0,2,0,0,0,0,0,0,0,0
2020-12-19,BREAD,CB,5,0,5,5,0,0,0,14,0,14,11,0,0,0
2020-12-19,BREAD,CrO,0,7,7,5,2,0,0,0,2,2,2,0,0,0
2020-12-19,BREAD,CH,0,0,0,0,0,0,0,0,0,0,0,0,0,0
2020-12-19,BREAD,CAR,0,16,16,16,0,0,0,0,0,0,0,0,0,0
2020-12-19,BREAD,Whit,0,0,0,0,0,0,0,0,0,0,0,0,0,0
2020-12-19,BREAD,h,2,0,2,1,0,1,0,0,0,0,0,0,0,0
2020-12-19,BREAD,vs,0,2,2,0,0,2,0,0,0,0,0,0,0,0
2020-12-19,BREAD,cne,0,0,0,0,0,0,0,0,0,0,0,0,0,0
2020-12-19,BREAD,IHF,0,0,0,0,0,0,0,0,0,0,0,0,0,0
2020-12-19,BREAD,BUT-Rls,23,0,23,8,0,15,0,0,0,0,0,0,0,0
2020-12-19,BREAD,H-RLS,0,0,0,0,0,0,0,0,0,0,0,0,0,0
2020-12-19,BREAD,FR-RLS,0,0,0,0,0,0,0,0,0,0,0,0,0,0
2020-12-19,BREAD,VS-RLS,0,2,2,2,0,0,0,0,0,0,0,0,0,0
2020-12-19,BREAD,Blue Stru,3,11,14,4,10,0,0,0,0,0,0,0,0,0
2020-12-19,BREAD,Mex Choc,6,0,6,4,0,2,0,0,0,0,0,0,0,0
2020-12-19,BREAD,Pum Choc,6,0,6,2,0,4,0,0,0,0,0,0,0,0
2020-12-19,BREAD,Pum Crmb,7,0,7,2,1,4,0,0,0,0,0,0,0,0
2020-12-19,ROLLS,Cinnamon,0,108,108,71,20,17,0,0,0,0,0,0,0,0
2020-12-19,ROLLS,Pecan C-Roll,0,24,24,11,0,13,0,0,0,0,0,0,0,0
2020-12-19,ROLLS,Mini C-Roll,0,0,0,0,0,0,0,0,0,0,0,0,0,0
2020-12-19,ROLLS,C-roll Tree,4,5,5,2,0,3,0,0,0,0,0,0,0,0
2020-12-19,SCONES,Blueberry,0,11,11,11,0,0,0,0,0,0,0,0,0,0
2020-12-19,SCONES,Rasp Cream,0,0,0,0,0,0,0,0,0,0,0,0,0,0
2020-12-19,SCONES,Cherry,0,0,0,0,0,0,0,0,0,0,0,0,0,0
2020-12-19,SCONES,Butt Almond,0,22,22,12,10,0,0,0,0,0,0,0,0,0
2020-12-19,SCONES,Turtle,0,0,0,0,0,0,0,0,0,0,0,0,0,0
2020-12-19,SCONES,Cin Chip,0,0,0,0,0,0,0,0,0,0,0,0,0,0
2020-12-19,SCONES,CrO,0,8,8,8,0,0,0,0,0,0,0,0,0,0
2020-12-19,SCONES,CrO-WChoc,0,8,8,6,0,2,0,0,0,0,0,0,0,0
2020-12-19,FRUIT BARS,Mixed Berry,0,0,0,0,0,0,0,0,0,0,0,0,0,0
2020-12-19,FRUIT BARS,Cherry,0,0,0,0,0,0,0,0,0,0,0,0,0,0
2020-12-19,FRUIT BARS,Apple Cin,0,10,10,0,0,10,0,0,0,0,0,0,0,0
2020-12-19,FRUIT BARS,Cran W.Choc,0,10,10,3,0,7,0,0,0,0,0,0,0,0
2020-12-19,MUFFINS,Blue Stru,0,6,6,5,0,1,0,0,0,0,0,0,0,0
2020-12-19,MUFFINS,Mex Choc,0,6,6,5,0,1,0,0,0,0,0,0,0,0
2020-12-19,MUFFINS,Pump Choc,0,8,8,7,0,1,0,0,0,0,0,0,0,0
2020-12-19,MUFFINS,Pump Crumb,0,6,6,3,0,3,0,0,0,0,0,0,0,0
2020-12-19,MUFFINS,Cookies,0,0,0,0,0,0,0,0,0,0,0,0,0,0
2020-12-19,MUFFINS,Bars,0,0,0,0,0,0,0,0,0,0,0,0,0,0
2020-12-19,MUFFINS,Cran W Choc,1,36,37,9,27,1,0,0,0,0,0,0,0,0
2020-12-19,MUFFINS,triple choc,0,42,42,15,27,0,0,0,0,0,0,0,0,0
2020-12-19,MUFFINS,St. Nicker,7,42,49,13,35,1,0,0,0,0,0,0,0,0
2020-12-19,MUFFINS,Ginger,7,6,13,5,0,8,0,0,0,0,0,0,0,0
2020-12-19,MUFFINS,frosted sugar,0,0,0,0,0,0,0,0,0,0,0,0,0,0
2020-12-19,MUFFINS,PUmpkin,3,3,6,2,0,4,0,0,0,0,0,0,0,0
2020-12-19,MUFFINS,Brown,1,2,3,3,0,0,0,0,0,0,0,0,0,0
2020-12-19,MUFFINS,Pepp,5,1,6,3,0,3,0,0,0,0,0,0,0,0
2020-12-19,MUFFINS,Pump OHH,0,0,0,0,0,0,0,0,0,0,0,0,0,0
2020-12-19,MUFFINS,Bread Pudding,0,0,0,0,0,0,0,0,0,0,0,0,0,0
2020-12-19,MUFFINS,Totals,23,363,382,191,119,72,0,5,1,6,3,0,0,0
2020-12-20,BREAD,H,0,0,0,0,0,0,0,0,0,0,0,0,0,0
2020-12-20,BREAD,FR,0,0,0,0,0,0,0,0,0,0,0,0,0,0
2020-12-20,BREAD,GW,0,0,0,0,0,0,0,0,0,0,0,0,0,0
2020-12-20,BREAD,DK,0,0,0,0,0,0,0,0,0,0,0,0,0,0
2020-12-20,BREAD,H5|Cran,0,0,0,0,0,0,0,0,0,0,0,0,0,0
2020-12-20,BREAD,CSRWL,0,0,0,0,0,0,0,0,0,0,0,0,0,0
2020-12-20,BREAD,MP SWRL,0,0,0,0,0,0,0,0,0,0,0,0,0,0
2020-12-20,BREAD,TS,0,0,0,0,0,0,0,0,0,0,0,0,0,0
2020-12-20,BREAD,Angels,0,0,0,0,0,0,0,0,0,0,0,0,0,0
2020-12-20,BREAD,CNE,0,0,0,0,0,0,0,0,0,0,0,0,0,0
2020-12-20,BREAD,CNR,0,0,0,0,0,0,0,0,0,0,0,0,0,0
2020-12-20,BREAD,CNW,0,0,0,0,0,0,0,0,0,0,0,0,0,0
2020-12-20,BREAD,POP,0,0,0,0,0,0,0,0,0,0,0,0,0,0
2020-12-20,BREAD,Wreath,0,0,0,0,0,0,0,0,0,0,0,0,0,0
2020-12-20,BREAD,VS,0,0,0,0,0,0,0,0,0,0,0,0,0,0
2020-12-20,BREAD,SOURDOUGH,0,0,0,0,0,0,0,0,0,0,0,0,0,0
2020-12-20,BREAD,RG SOUR,0,0,0,0,0,0,0,0,0,0,0,0,0,0
2020-12-20,BREAD,CB,0,0,0,0,0,0,0,0,0,0,0,0,0,0
2020-12-20,BREAD,CrO,0,0,0,0,0,0,0,0,0,0,0,0,0,0
2020-12-20,BREAD,CH,0,0,0,0,0,0,0,0,0,0,0,0,0,0
2020-12-20,BREAD,CAR,0,0,0,0,0,0,0,0,0,0,0,0,0,0
2020-12-20,BREAD,IHF,0,0,0,0,0,0,0,0,0,0,0,0,0,0
2020-12-20,BREAD,BUT-Rls,0,0,0,0,0,0,0,0,0,0,0,0,0,0
2020-12-20,BREAD,H-RLS,0,0,0,0,0,0,0,0,0,0,0,0,0,0
2020-12-20,BREAD,FR-RLS,0,0,0,0,0,0,0,0,0,0,0,0,0,0
2020-12-20,BREAD,VS-RLS,0,0,0,0,0,0,0,0,0,0,0,0,0,0
2020-12-20,BREAD,Blue Stru,0,0,0,0,0,0,0,0,0,0,0,0,0,0
2020-12-20,BREAD,Choc Carm,0,0,0,0,0,0,0,0,0,0,0,0,0,0
2020-12-20,BREAD,Pum Choc,0,0,0,0,0,0,0,0,0,0,0,0,0,0
2020-12-20,BREAD,Pum Crmb,0,0,0,0,0,0,0,0,0,0,0,0,0,0
2020-12-20,ROLLS,Cinnamon,0,0,0,0,0,0,0,0,0,0,0,0,0,0
2020-12-20,ROLLS,Pecan C-Roll,0,0,0,0,0,0,0,0,0,0,0,0,0,0
2020-12-20,ROLLS,Mini C-Roll,0,0,0,0,0,0,0,0,0,0,0,0,0,0
2020-12-20,SCONES,Blueberry,0,0,0,0,0,0,0,0,0,0,0,0,0,0
2020-12-20,SCONES,Rasp Cream,0,0,0,0,0,0,0,0,0,0,0,0,0,0
2020-12-20,SCONES,Cherry,0,0,0,0,0,0,0,0,0,0,0,0,0,0
2020-12-20,SCONES,Butt Almond,0,0,0,0,0,0,0,0,0,0,0,0,0,0
2020-12-20,SCONES,Turtle,0,0,0,0,0,0,0,0,0,0,0,0,0,0
2020-12-20,SCONES,Cin Chip,0,0,0,0,0,0,0,0,0,0,0,0,0,0
2020-12-20,SCONES,CrO,0,0,0,0,0,0,0,0,0,0,0,0,0,0
2020-12-20,SCONES,CrO-WChoc,0,0,0,0,0,0,0,0,0,0,0,0,0,0
2020-12-20,FRUIT BARS,Mixed Berry,0,0,0,0,0,0,0,0,0,0,0,0,0,0
2020-12-20,FRUIT BARS,Cherry,0,0,0,0,0,0,0,0,0,0,0,0,0,0
2020-12-20,FRUIT BARS,Apple Cin,0,0,0,0,0,0,0,0,0,0,0,0,0,0
2020-12-20,FRUIT BARS,Cran Choc,0,0,0,0,0,0,0,0,0,0,0,0,0,0
2020-12-20,MUFFINS,Blue Stru,0,0,0,0,0,0,0,0,0,0,0,0,0,0
2020-12-20,MUFFINS,Choc Carm,0,0,0,0,0,0,0,0,0,0,0,0,0,0
2020-12-20,MUFFINS,Pump Choc,0,0,0,0,0,0,0,0,0,0,0,0,0,0
2020-12-20,MUFFINS,Pump Crumb,0,0,0,0,0,0,0,0,0,0,0,0,0,0
2020-12-20,MUFFINS,Cookies,0,0,0,0,0,0,0,0,0,0,0,0,0,0
2020-12-20,MUFFINS,Bars,0,0,0,0,0,0,0,0,0,0,0,0,0,0
2020-12-20,MUFFINS,Cran W Choc,0,0,0,0,0,0,0,0,0,0,0,0,0,0
2020-12-20,MUFFINS,triple choc,0,0,0,0,0,0,0,0,0,0,0,0,0,0
2020-12-20,MUFFINS,St. Nicker,0,0,0,0,0,0,0,0,0,0,0,0,0,0
2020-12-20,MUFFINS,Ginger,0,0,0,0,0,0,0,0,0,0,0,0,0,0
2020-12-20,MUFFINS,frosted sugar,0,0,0,0,0,0,0,0,0,0,0,0,0,0
2020-12-20,MUFFINS,PUmpkin,0,0,0,0,0,0,0,0,0,0,0,0,0,0
2020-12-20,MUFFINS,Brown,0,0,0,0,0,0,0,0,0,0,0,0,0,0
2020-12-20,MUFFINS,Pepp,0,0,0,0,0,0,0,0,0,0,0,0,0,0
2020-12-20,MUFFINS,Pump OHH,0,0,0,0,0,0,0,0,0,0,0,0,0,0
2020-12-20,MUFFINS,Bread Pudding,0,0,0,0,0,0,0,0,0,0,0,0,0,0
2020-12-20,MUFFINS,Totals,0,0,0,0,0,0,0,0,0,0,0,0,0,0
2020-12-21,BREAD,H,0,0,0,-12,12,0,0,0,0,0,0,0,0,0
2020-12-21,BREAD,FR,0,0,0,-25,25,0,0,0,0,0,0,0,0,0
2020-12-21,BREAD,GW,0,0,0,0,0,0,0,0,0,0,0,0,0,0
2020-12-21,BREAD,DK,0,0,0,-3,3,0,0,0,0,0,0,0,0,0
2020-12-21,BREAD,H5|Cran,0,0,0,0,0,0,0,0,0,0,0,0,0,0
2020-12-21,BREAD,CSRWL,0,48,48,43,5,0,0,0,18,18,14,0,0,0
2020-12-21,BREAD,MP SWRL,0,8,8,8,0,0,0,0,4,4,4,0,0,0
2020-12-21,BREAD,TS,0,0,0,0,0,0,0,0,0,0,-3,0,0,0
2020-12-21,BREAD,Angels,0,0,0,-3,3,0,0,0,0,0,0,0,0,0
2020-12-21,BREAD,CNE,0,0,0,-26,26,0,0,0,0,0,0,0,0,0
2020-12-21,BREAD,CNR,0,0,0,0,0,0,0,0,0,0,0,0,0,0
2020-12-21,BREAD,CNW,0,0,0,0,0,0,0,0,0,0,0,0,0,0
2020-12-21,BREAD,POP,0,0,0,-2,2,0,0,0,0,0,0,0,0,0
2020-12-21,BREAD,Wreath,0,0,0,-2,2,0,0,0,0,0,0,0,0,0
2020-12-21,BREAD,VS,0,0,0,0,0,0,0,0,0,0,0,0,0,0
2020-12-21,BREAD,SOURDOUGH,0,0,0,-1,1,0,0,0,0,0,0,0,0,0
2020-12-21,BREAD,RG SOUR,0,0,0,-4,4,0,0,0,0,0,0,0,0,0
2020-12-21,BREAD,CB,0,0,0,0,0,0,0,0,0,0,0,0,0,0
2020-12-21,BREAD,CrO,0,0,0,0,0,0,0,0,0,0,0,0,0,0
2020-12-21,BREAD,CH,0,0,0,0,0,0,0,0,0,0,0,0,0,0
2020-12-21,BREAD,CAR,0,0,0,0,0,0,0,0,0,0,0,0,0,0
2020-12-21,BREAD,Whit,0,0,0,0,0,0,0,0,0,0,0,0,0,0
2020-12-21,BREAD,h,0,0,0,-4,4,0,0,0,0,0,0,0,0,0
2020-12-21,BREAD,vs,0,0,0,0,0,0,0,0,0,0,0,0,0,0
2020-12-21,BREAD,cne,0,0,0,0,0,0,0,0,0,0,0,0,0,0
2020-12-21,BREAD,IHF,0,0,0,0,0,0,0,0,0,0,0,0,0,0
2020-12-21,BREAD,Cro-Rls,0,0,0,0,0,0,0,0,0,0,0,0,0,0
2020-12-21,BREAD,BUT-Rls,0,0,0,0,0,0,0,0,0,0,0,0,0,0
2020-12-21,BREAD,H-RLS,0,0,0,-1,1,0,0,0,0,0,0,0,0,0
2020-12-21,BREAD,FR-RLS,0,0,0,0,0,0,0,0,0,0,0,0,0,0
2020-12-21,BREAD,VS-RLS,0,0,0,0,0,0,0,0,0,0,0,0,0,0
2020-12-21,BREAD,Blue Stru,0,6,6,6,0,0,0,0,0,0,0,0,0,0
2020-12-21,BREAD,Mex Choc,0,6,6,6,0,0,0,0,0,0,0,0,0,0
2020-12-21,BREAD,Pum Choc,0,15,15,10,5,0,0,0,0,0,0,0,0,0
2020-12-21,BREAD,Pum Crmb,0,6,6,6,0,0,0,0,0,0,0,0,0,0
2020-12-21,ROLLS,Cinnamon,0,60,60,24,11,25,0,0,0,0,0,0,0,0
2020-12-21,ROLLS,Pecan C-Roll,0,12,12,12,0,0,0,0,0,0,0,0,0,0
2020-12-21,ROLLS,Mini C-Roll,0,0,0,0,0,0,0,0,0,0,0,0,0,0
2020-12-21,ROLLS,C-roll Tree,0,6,6,5,1,0,0,0,0,0,0,0,0,0
2020-12-21,SCONES,Blueberry,0,0,0,0,0,0,0,0,0,0,0,0,0,0
2020-12-21,SCONES,Rasp Cream,0,11,11,11,0,0,0,0,0,0,0,0,0,0
2020-12-21,SCONES,Cherry,0,0,0,0,0,0,0,0,0,0,0,0,0,0
2020-12-21,SCONES,Butt Almond,0,0,0,0,0,0,0,0,0,0,0,0,0,0
2020-12-21,SCONES,Turtle,0,0,0,0,0,0,0,0,0,0,0,0,0,0
2020-12-21,SCONES,Cin Chip,0,11,11,11,0,0,0,0,0,0,0,0,0,0
2020-12-21,SCONES,CrO,0,8,8,8,0,0,0,0,0,0,0,0,0,0
2020-12-21,SCONES,CrO-WChoc,0,8,8,8,0,0,0,0,0,0,0,0,0,0
2020-12-21,FRUIT BARS,Mixed Berry,0,10,10,7,0,3,0,0,0,0,0,0,0,0
2020-12-21,FRUIT BARS,Cherry,0,10,10,10,0,0,0,0,0,0,0,0,0,0
2020-12-21,FRUIT BARS,Apple Cin,0,0,0,0,0,0,0,0,0,0,0,0,0,0
2020-12-21,FRUIT BARS,Cran Choc,0,0,0,0,0,0,0,0,0,0,0,0,0,0
2020-12-21,MUFFINS,Blue Stru,0,4,4,4,0,0,0,0,0,0,0,0,0,0
2020-12-21,MUFFINS,Mex Choc,0,4,4,3,0,1,0,0,0,0,0,0,0,0
2020-12-21,MUFFINS,Pump Choc,0,6,6,6,0,0,0,0,0,0,0,0,0,0
2020-12-21,MUFFINS,Pump Crumb,0,4,4,4,0,0,0,0,0,0,0,0,0,0
2020-12-21,MUFFINS,Cookies,0,0,0,0,0,0,0,0,0,0,0,0,0,0
2020-12-21,MUFFINS,Bars,0,0,0,0,0,0,0,0,0,0,0,0,0,0
2020-12-21,MUFFINS,Cran W Choc,0,54,54,19,35,0,0,0,24,24,0,0,0,0
2020-12-21,MUFFINS,triple choc,0,66,66,18,48,0,0,0,24,24,0,0,0,0
2020-12-21,MUFFINS,St. Nicker,0,66,66,20,45,0,1,0,24,24,0,0,0,0
2020-12-21,MUFFINS,Ginger,0,24,24,15,3,0,6,0,0,0,0,0,0,0
2020-12-21,MUFFINS,frosted sugar,0,24,24,16,8,0,0,0,0,0,0,0,0,0
2020-12-21,MUFFINS,PUmpkin,0,10,10,9,0,0,1,0,0,0,0,0,0,0
2020-12-21,MUFFINS,Brown,0,6,6,0,0,0,6,0,0,0,0,0,0,0
2020-12-21,MUFFINS,Pepp,0,8,8,1,0,0,7,0,0,0,0,0,0,0
2020-12-21,MUFFINS,Pump OHH,0,0,0,0,0,0,0,0,0,0,0,0,0,0
2020-12-21,MUFFINS,Bread Pudding,0,0,0,0,0,0,0,0,0,0,0,0,0,0
2020-12-21,MUFFINS,Totals,0,404,404,210,151,29,14,0,80,80,1,0,0,7
2020-12-22,BREAD,H,0,33,33,8,0,0,25,0,0,0,0,0,0,0
2020-12-22,BREAD,FR,0,54,54,43,0,0,11,0,0,0,0,0,0,0
2020-12-22,BREAD,GW,0,12,12,5,0,0,7,0,0,0,0,0,0,0
2020-12-22,BREAD,DK,0,0,0,0,0,0,0,0,0,0,0,0,0,0
2020-12-22,BREAD,H5|Cran,0,26,26,18,0,0,8,0,0,0,0,0,0,0
2020-12-22,BREAD,CSRWL,0,48,48,38,0,0,10,0,24,24,21,0,0,3
2020-12-22,BREAD,MP SWRL,0,8,8,1,0,0,7,0,3,3,2,0,0,1
2020-12-22,BREAD,TS,0,0,0,0,0,0,0,0,0,0,-1,0,0,0
2020-12-22,BREAD,Angels,0,0,0,0,0,0,0,0,0,0,0,0,0,0
2020-12-22,BREAD,CNE,0,62,62,28,0,0,34,0,12,12,7,0,0,5
2020-12-22,BREAD,CNR,0,0,0,0,0,0,0,0,0,0,0,0,0,0
2020-12-22,BREAD,CNW,0,0,0,0,0,0,0,0,0,0,0,0,0,0
2020-12-22,BREAD,POP,0,0,0,0,0,0,0,0,0,0,0,0,0,0
2020-12-22,BREAD,Wreath,0,0,0,-2,0,2,0,0,0,0,0,0,0,0
2020-12-22,BREAD,VS,0,10,10,7,0,0,3,0,6,6,3,0,0,3
2020-12-22,BREAD,SOURDOUGH,0,23,23,15,0,0,8,0,0,0,0,0,0,0
2020-12-22,BREAD,RG SOUR,0,3,3,2,0,0,1,0,0,0,0,0,0,0
2020-12-22,BREAD,CB,0,78,78,72,0,0,6,0,4,4,0,0,0,4
2020-12-22,BREAD,CrO,0,8,8,-5,0,0,13,0,7,7,7,0,0,0
2020-12-22,BREAD,CH,0,0,0,0,0,0,0,0,0,0,0,0,0,0
2020-12-22,BREAD,CAR,0,0,0,0,0,0,0,0,0,0,0,0,0,0
2020-12-22,BREAD,Whit,0,0,0,-16,0,0,16,0,0,0,0,0,0,0
2020-12-22,BREAD,h,0,0,0,-6,0,0,6,0,0,0,0,0,0,0
2020-12-22,BREAD,vs,0,88,88,87,0,0,1,0,0,0,0,0,0,0
2020-12-22,BREAD,cne,0,7,7,0,0,0,7,0,0,0,0,0,0,0
2020-12-22,BREAD,IHF,0,0,0,0,0,0,0,0,0,0,0,0,0,0
2020-12-22,BREAD,Cro_Rls,0,6,6,4,0,0,2,0,0,0,0,0,0,0
2020-12-22,BREAD,BUT-Rls,0,42,42,14,0,0,28,0,0,0,0,0,0,0
2020-12-22,BREAD,H-RLS,0,11,11,7,0,0,4,0,0,0,0,0,0,0
2020-12-22,BREAD,FR-RLS,0,0,0,0,0,0,0,0,0,0,0,0,0,0
2020-12-22,BREAD,VS-RLS,0,18,18,8,0,0,10,0,0,0,0,0,0,0
2020-12-22,BREAD,Blue Stru,0,11,11,9,0,0,2,0,0,0,0,0,0,0
2020-12-22,BREAD,Mex Choc,0,4,4,1,0,1,2,0,0,0,0,0,0,0
2020-12-22,BREAD,Pum Choc,0,16,16,6,0,1,9,0,0,0,0,0,0,0
2020-12-22,BREAD,Pum Crmb,0,5,5,3,0,0,2,0,0,0,0,0,0,0
2020-12-22,ROLLS,Cinnamon,0,168,168,168,0,0,0,0,0,0,0,0,0,0
2020-12-22,ROLLS,Pecan C-Roll,0,12,12,12,0,0,0,0,0,0,0,0,0,0
2020-12-22,ROLLS,Mini C-Roll,0,0,0,0,0,0,0,0,0,0,0,0,0,0
2020-12-22,ROLLS,C-roll Tree,0,0,0,-1,0,0,1,0,0,0,0,0,0,0
2020-12-22,SCONES,Blueberry,0,28,28,28,0,0,0,0,0,0,0,0,0,0
2020-12-22,SCONES,Rasp Cream,0,0,0,0,0,0,0,0,0,0,0,0,0,0
2020-12-22,SCONES,Cherry,0,0,0,0,0,0,0,0,0,0,0,0,0,0
2020-12-22,SCONES,Butt Almond,0,0,0,0,0,0,0,0,0,0,0,0,0,0
2020-12-22,SCONES,Turtle,0,0,0,0,0,0,0,0,0,0,0,0,0,0
2020-12-22,SCONES,Cin Chip,0,38,38,38,0,0,0,0,0,0,0,0,0,0
2020-12-22,SCONES,CrO,0,8,8,8,0,0,0,0,0,0,0,0,0,0
2020-12-22,SCONES,CrO-WChoc,0,8,8,6,0,2,0,0,0,0,0,0,0,0
2020-12-22,FRUIT BARS,Mixed Berry,0,0,0,0,0,0,0,0,0,0,0,0,0,0
2020-12-22,FRUIT BARS,Cherry,0,0,0,0,0,0,0,0,0,0,0,0,0,0
2020-12-22,FRUIT BARS,Apple Cin,0,10,10,5,0,5,0,0,0,0,0,0,0,0
2020-12-22,FRUIT BARS,Cran Choc,0,10,10,10,0,0,0,0,0,0,0,0,0,0
2020-12-22,MUFFINS,Blue Stru,0,6,6,3,0,3,0,0,0,0,0,0,0,0
2020-12-22,MUFFINS,Mex Choc,0,6,6,2,0,4,0,0,0,0,0,0,0,0
2020-12-22,MUFFINS,Pump Choc,0,10,10,7,0,3,0,0,0,0,0,0,0,0
2020-12-22,MUFFINS,Pump Crumb,0,6,6,3,0,3,0,0,0,0,0,0,0,0
2020-12-22,MUFFINS,Cookies,0,0,0,0,0,0,0,0,0,0,0,0,0,0
2020-12-22,MUFFINS,Bars,0,0,0,0,0,0,0,0,0,0,0,0,0,0
2020-12-22,MUFFINS,Cran W Choc,0,60,60,60,0,0,0,0,0,0,0,0,0,0
2020-12-22,MUFFINS,triple choc,0,66,66,66,0,0,0,0,0,0,0,0,0,0
2020-12-22,MUFFINS,St. Nicker,1,48,49,49,0,0,0,0,0,0,0,0,0,0
2020-12-22,MUFFINS,Ginger,6,18,24,24,0,0,0,0,0,0,0,0,0,0
2020-12-22,MUFFINS,frosted sugar,0,24,24,6,0,0,18,0,0,0,0,0,0,0
2020-12-22,MUFFINS,PUmpkin,1,20,21,16,0,0,5,0,0,0,0,0,0,0
2020-12-22,MUFFINS,Brown,6,16,22,18,0,0,4,0,0,0,0,0,0,0
2020-12-22,MUFFINS,Pepp,7,0,7,5,0,0,2,0,0,0,0,0,0,0
2020-12-22,MUFFINS,Pump OHH,0,0,0,0,0,0,0,0,0,0,0,0,0,0
2020-12-22,MUFFINS,Bread Pudding,0,0,0,0,0,0,0,0,0,0,0,0,0,0
2020-12-22,MUFFINS,Totals,14,562,576,528,0,20,28,7,0,7,5,0,0,2
2020-12-23,BREAD,H,25,57,82,50,0,0,32,0,0,0,0,0,0,0
2020-12-23,BREAD,FR,11,60,71,66,0,0,5,0,0,0,0,0,0,0
2020-12-23,BREAD,GW,7,8,15,10,0,1,4,0,0,0,0,0,0,0
2020-12-23,BREAD,DK,0,43,43,23,0,0,20,0,0,0,0,0,0,0
2020-12-23,BREAD,H5|Cran,8,0,8,7,0,0,1,0,0,0,0,0,0,0
2020-12-23,BREAD,CSRWL,10,48,58,29,0,0,29,3,18,21,14,0,0,7
2020-12-23,BREAD,MP SWRL,7,0,7,4,0,3,0,1,0,1,1,0,0,0
2020-12-23,BREAD,TS,0,7,7,3,0,0,4,0,6,6,4,0,0,2
2020-12-23,BREAD,Angels,0,12,12,12,0,0,0,0,0,0,0,0,0,0
2020-12-23,BREAD,CNE,34,18,52,49,0,0,3,5,4,9,1,0,0,8
2020-12-23,BREAD,CNR,0,12,12,8,0,0,4,0,0,0,0,0,0,0
2020-12-23,BREAD,CNW,0,12,12,8,0,0,4,0,0,0,0,0,0,0
2020-12-23,BREAD,POP,0,11,11,9,0,0,2,0,4,4,4,0,0,0
2020-12-23,BREAD,Wreath,0,25,25,14,0,0,11,0,0,0,0,0,0,0
2020-12-23,BREAD,VS,3,18,21,18,0,0,3,3,4,7,4,0,0,3
2020-12-23,BREAD,SOURDOUGH,8,16,24,22,0,0,2,0,0,0,0,0,0,0
2020-12-23,BREAD,RG SOUR,1,8,9,9,0,0,0,0,0,0,0,0,0,0
2020-12-23,BREAD,CB,6,37,43,27,0,0,16,4,8,12,3,0,0,9
2020-12-23,BREAD,CrO,13,0,13,13,0,0,0,0,0,0,0,0,0,0
2020-12-23,BREAD,CH,0,0,0,0,0,0,0,0,0,0,0,0,0,0
2020-12-23,BREAD,CAR,0,0,0,0,0,0,0,0,0,0,0,0,0,0
2020-12-23,BREAD,Whit,16,0,16,14,0,2,0,0,0,0,0,0,0,0
2020-12-23,BREAD,h,6,3,9,5,0,0,4,0,0,0,0,0,0,0
2020-12-23,BREAD,vs,1,6,7,3,0,0,4,0,0,0,0,0,0,0
2020-12-23,BREAD,cne,7,0,7,6,0,0,1,0,0,0,0,0,0,0
2020-12-23,BREAD,IHF,0,0,0,0,0,0,0,0,0,0,0,0,0,0
2020-12-23,BREAD,Cro_Rls,2,0,2,2,0,0,0,0,0,0,0,0,0,0
2020-12-23,BREAD,BUT-Rls,28,53,81,61,0,0,20,0,0,0,0,0,0,0
2020-12-23,BREAD,H-RLS,4,12,16,16,0,0,0,0,0,0,0,0,0,0
2020-12-23,BREAD,FR-RLS,0,0,0,0,0,0,0,0,0,0,0,0,0,0
2020-12-23,BREAD,VS-RLS,10,30,40,28,0,0,12,0,0,0,0,0,0,0
2020-12-23,BREAD,Blue Stru,2,10,12,11,0,0,1,0,0,0,0,0,0,0
2020-12-23,BREAD,Mex Choc,9,0,9,8,0,1,0,0,0,0,0,0,0,0
2020-12-23,BREAD,Pum Choc,9,0,9,1,0,8,0,0,0,0,0,0,0,0
2020-12-23,BREAD,Pum Crmb,2,0,2,1,0,1,0,0,0,0,0,0,0,0
2020-12-23,ROLLS,Cinnamon,0,264,264,264,0,0,0,0,0,0,0,0,0,0
2020-12-23,ROLLS,Pecan C-Roll,0,489,489,489,0,0,0,0,0,0,0,0,0,0
2020-12-23,ROLLS,Mini C-Roll,0,72,72,72,0,0,0,0,0,0,0,0,0,0
2020-12-23,ROLLS,C-roll Tree,1,24,24,19,0,0,5,0,0,0,0,0,0,0
2020-12-23,SCONES,Blueberry,0,0,0,0,0,0,0,0,0,0,0,0,0,0
2020-12-23,SCONES,Rasp Cream,0,33,33,24,0,9,0,0,0,0,0,0,0,0
2020-12-23,SCONES,Cherry,0,0,0,0,0,0,0,0,0,0,0,0,0,0
2020-12-23,SCONES,Butt Almond,0,0,0,0,0,0,0,0,0,0,0,0,0,0
2020-12-23,SCONES,Turtle,0,29,29,23,0,6,0,0,0,0,0,0,0,0
2020-12-23,SCONES,Cin Chip,0,0,0,0,0,0,0,0,0,0,0,0,0,0
2020-12-23,SCONES,CrO,0,12,12,12,0,0,0,0,0,0,0,0,0,0
2020-12-23,SCONES,CrO-WChoc,0,12,12,11,0,1,0,0,0,0,0,0,0,0
2020-12-23,FRUIT BARS,Mixed Berry,0,10,10,9,0,1,0,0,0,0,0,0,0,0
2020-12-23,FRUIT BARS,Cherry,0,10,10,10,0,0,0,0,0,0,0,0,0,0
2020-12-23,FRUIT BARS,Apple Cin,0,0,0,0,0,0,0,0,0,0,0,0,0,0
2020-12-23,FRUIT BARS,Cran Choc,0,0,0,0,0,0,0,0,0,0,0,0,0,0
2020-12-23,MUFFINS,Blue Stru,0,9,9,9,0,0,0,0,0,0,0,0,0,0
2020-12-23,MUFFINS,Mex Choc,0,4,4,4,0,0,0,0,0,0,0,0,0,0
2020-12-23,MUFFINS,Pump Choc,0,4,4,-2,0,6,0,0,0,0,0,0,0,0
2020-12-23,MUFFINS,Pump Crumb,0,9,9,8,0,1,0,0,0,0,0,0,0,0
2020-12-23,MUFFINS,Cookies,0,6,6,6,0,0,0,0,0,0,0,0,0,0
2020-12-23,MUFFINS,Bars,0,0,0,0,0,0,0,0,0,0,0,0,0,0
2020-12-23,MUFFINS,Cran W Choc,0,54,54,30,0,0,24,0,0,0,0,0,0,0
2020-12-23,MUFFINS,triple choc,0,48,48,40,0,0,8,0,0,0,0,0,0,0
2020-12-23,MUFFINS,St. Nicker,0,72,72,53,0,0,19,0,0,0,0,0,0,0
2020-12-23,MUFFINS,Ginger,0,42,42,29,0,0,13,0,0,0,0,0,0,0
2020-12-23,MUFFINS,frosted sugar,18,12,30,29,0,0,1,0,0,0,0,0,0,0
2020-12-23,MUFFINS,PUmpkin,5,11,16,11,0,0,5,0,0,0,0,0,0,0
2020-12-23,MUFFINS,Brown,4,6,10,8,0,0,2,0,0,0,0,0,0,0
2020-12-23,MUFFINS,Pepp,2,18,20,19,0,0,1,0,0,0,0,0,0,0
2020-12-23,MUFFINS,Pump OHH,0,0,0,0,0,0,0,0,0,0,0,0,0,0
2020-12-23,MUFFINS,Bread Pudding,0,0,0,0,0,0,0,0,0,0,0,0,0,0
2020-12-23,MUFFINS,Totals,28,1232,1259,1158,0,24,77,2,18,20,19,0,0,1
2020-12-24,BREAD,H,32,16,48,23,0,25,0,0,0,0,0,0,0,0
2020-12-24,BREAD,FR,5,39,44,-9,32,21,0,0,0,0,0,0,0,0
2020-12-24,BREAD,GW,4,0,4,1,0,3,0,0,0,0,0,0,0,0
2020-12-24,BREAD,DK,20,0,20,10,0,10,0,0,0,0,0,0,0,0
2020-12-24,BREAD,H5|Cran,1,0,1,1,0,0,0,0,0,0,0,0,0,0
2020-12-24,BREAD,CSRWL,29,56,85,57,0,28,0,7,18,25,21,0,0,0
2020-12-24,BREAD,MP SWRL,0,0,0,0,0,0,0,0,0,0,0,0,0,0
2020-12-24,BREAD,TS,4,0,4,0,0,4,0,2,0,2,0,0,0,0
2020-12-24,BREAD,Angels,0,0,0,-2,0,2,0,0,0,0,0,0,0,0
2020-12-24,BREAD,CNE,3,42,45,32,0,13,0,8,0,8,4,0,0,0
2020-12-24,BREAD,CNR,4,0,4,4,0,0,0,0,0,0,0,0,0,0
2020-12-24,BREAD,CNW,4,0,4,0,0,0,0,0,0,0,0,0,0,0
2020-12-24,BREAD,POP,2,0,2,2,0,0,0,0,0,0,0,0,0,0
2020-12-24,BREAD,Wreath,11,0,11,5,0,6,0,0,0,0,0,0,0,0
2020-12-24,BREAD,VS,3,16,19,10,0,9,0,3,0,3,2,0,0,0
2020-12-24,BREAD,SOURDOUGH,2,14,16,2,0,14,0,0,0,0,0,0,0,0
2020-12-24,BREAD,RG SOUR,0,4,4,0,0,4,0,0,0,0,0,0,0,0
2020-12-24,BREAD,CB,16,0,16,4,0,12,0,9,0,9,5,0,0,0
2020-12-24,BREAD,CrO,0,31,31,16,0,15,0,0,4,4,3,0,0,0
2020-12-24,BREAD,CH,0,0,0,0,0,0,0,0,0,0,0,0,0,0
2020-12-24,BREAD,CAR,0,0,0,0,0,0,0,0,0,0,0,0,0,0
2020-12-24,BREAD,Whit,0,9,9,7,0,2,0,0,0,0,0,0,0,0
2020-12-24,BREAD,h,4,0,4,4,0,0,0,0,0,0,0,0,0,0
2020-12-24,BREAD,vs,4,0,4,4,0,0,0,0,0,0,0,0,0,0
2020-12-24,BREAD,cne,1,5,6,2,0,4,0,0,0,0,0,0,0,0
2020-12-24,BREAD,IHF,0,0,0,0,0,0,0,0,0,0,0,0,0,0
2020-12-24,BREAD,Cro_Rls,0,18,18,11,0,7,0,0,0,0,0,0,0,0
2020-12-24,BREAD,BUT-Rls,20,62,82,58,0,24,0,0,0,0,0,0,0,0
2020-12-24,BREAD,H-RLS,0,0,0,-8,0,8,0,0,0,0,0,0,0,0
2020-12-24,BREAD,FR-RLS,0,0,0,0,0,0,0,0,0,0,0,0,0,0
2020-12-24,BREAD,VS-RLS,12,12,24,17,0,7,0,0,0,0,0,0,0,0
2020-12-24,BREAD,Blue Stru,1,0,1,1,0,0,0,0,0,0,0,0,0,0
2020-12-24,BREAD,Mex Choc,0,0,0,-2,0,2,0,0,0,0,0,0,0,0
2020-12-24,BREAD,Pum Choc,0,0,0,-1,0,1,0,0,0,0,0,0,0,0
2020-12-24,BREAD,Pum Crmb,0,0,0,-1,0,1,0,0,0,0,0,0,0,0
2020-12-24,ROLLS,Cinnamon,0,24,24,24,0,0,0,0,0,0,0,0,0,0
2020-12-24,ROLLS,Pecan C-Roll,0,12,12,12,0,0,0,0,0,0,0,0,0,0
2020-12-24,ROLLS,Mini C-Roll,0,0,0,0,0,0,0,0,0,0,0,0,0,0
2020-12-24,ROLLS,C-roll Tree,5,0,0,0,0,0,0,0,0,0,0,0,0,0
2020-12-24,SCONES,Blueberry,0,35,35,24,0,11,0,0,0,0,0,0,0,0
2020-12-24,SCONES,Rasp Cream,0,0,0,0,0,0,0,0,0,0,0,0,0,0
2020-12-24,SCONES,Cherry,0,0,0,0,0,0,0,0,0,0,0,0,0,0
2020-12-24,SCONES,Butt Almond,0,0,0,0,0,0,0,0,0,0,0,0,0,0
2020-12-24,SCONES,Turtle,0,24,24,15,0,9,0,0,0,0,0,0,0,0
2020-12-24,SCONES,Cin Chip,0,0,0,0,0,0,0,0,0,0,0,0,0,0
2020-12-24,SCONES,CrO,0,8,8,8,0,0,0,0,0,0,0,0,0,0
2020-12-24,SCONES,CrO-WChoc,0,14,14,14,0,0,0,0,0,0,0,0,0,0
2020-12-24,FRUIT BARS,Mixed Berry,0,0,0,-6,0,6,0,0,0,0,0,0,0,0
2020-12-24,FRUIT BARS,Cherry,0,0,0,-6,0,6,0,0,0,0,0,0,0,0
2020-12-24,FRUIT BARS,Apple Cin,0,10,10,8,0,2,0,0,0,0,0,0,0,0
2020-12-24,FRUIT BARS,Cran w.Choc,0,10,10,2,0,8,0,0,0,0,0,0,0,0
2020-12-24,MUFFINS,Blue Stru,0,4,4,3,0,1,0,0,0,0,0,0,0,0
2020-12-24,MUFFINS,Mex Choc,0,4,4,0,0,4,0,0,0,0,0,0,0,0
2020-12-24,MUFFINS,Pump Choc,0,6,6,5,0,1,0,0,0,0,0,0,0,0
2020-12-24,MUFFINS,Pump Crumb,0,4,4,2,0,2,0,0,0,0,0,0,0,0
2020-12-24,MUFFINS,Cookies,0,0,0,0,0,0,0,0,0,0,0,0,0,0
2020-12-24,MUFFINS,Bars,0,0,0,0,0,0,0,0,0,0,0,0,0,0
2020-12-24,MUFFINS,Cran W Choc,24,0,24,12,0,12,0,0,0,0,0,0,0,0
2020-12-24,MUFFINS,triple choc,8,0,8,2,0,6,0,0,0,0,0,0,0,0
2020-12-24,MUFFINS,St. Nicker,19,0,19,16,0,3,0,0,0,0,0,0,0,0
2020-12-24,MUFFINS,Ginger,13,0,13,5,0,8,0,0,0,0,0,0,0,0
2020-12-24,MUFFINS,frosted sugar,1,0,1,-14,0,15,0,0,0,0,0,0,0,0
2020-12-24,MUFFINS,PUmpkin,5,0,5,-9,0,14,0,0,0,0,0,0,0,0
2020-12-24,MUFFINS,Brown,2,0,2,2,0,0,0,0,0,0,0,0,0,0
2020-12-24,MUFFINS,Pepp,1,0,1,0,0,1,0,0,0,0,0,0,0,0
2020-12-24,MUFFINS,Pump OHH,0,0,0,0,0,0,0,0,0,0,0,0,0,0
2020-12-24,MUFFINS,Bread Pudding,0,0,0,0,0,0,0,0,0,0,0,0,0,0
2020-12-24,MUFFINS,Totals,77,155,227,119,0,108,0,1,0,1,0,0,0,0
2020-12-25,BREAD,H,0,0,0,0,0,0,0,0,0,0,0,0,0,0
2020-12-25,BREAD,FR,0,0,0,0,0,0,0,0,0,0,0,0,0,0
2020-12-25,BREAD,GW,0,0,0,0,0,0,0,0,0,0,0,0,0,0
2020-12-25,BREAD,DK,0,0,0,0,0,0,0,0,0,0,0,0,0,0
2020-12-25,BREAD,H5|Cran,0,0,0,0,0,0,0,0,0,0,0,0,0,0
2020-12-25,BREAD,CSRWL,0,0,0,0,0,0,0,0,0,0,0,0,0,0
2020-12-25,BREAD,MP SWRL,0,0,0,0,0,0,0,0,0,0,0,0,0,0
2020-12-25,BREAD,TS,0,0,0,0,0,0,0,0,0,0,0,0,0,0
2020-12-25,BREAD,Angels,0,0,0,0,0,0,0,0,0,0,0,0,0,0
2020-12-25,BREAD,CNE,0,0,0,0,0,0,0,0,0,0,0,0,0,0
2020-12-25,BREAD,CNR,0,0,0,0,0,0,0,0,0,0,0,0,0,0
2020-12-25,BREAD,CNW,0,0,0,0,0,0,0,0,0,0,0,0,0,0
2020-12-25,BREAD,POP,0,0,0,0,0,0,0,0,0,0,0,0,0,0
2020-12-25,BREAD,Wreath,0,0,0,0,0,0,0,0,0,0,0,0,0,0
2020-12-25,BREAD,VS,0,0,0,0,0,0,0,0,0,0,0,0,0,0
2020-12-25,BREAD,SOURDOUGH,0,0,0,0,0,0,0,0,0,0,0,0,0,0
2020-12-25,BREAD,RG SOUR,0,0,0,0,0,0,0,0,0,0,0,0,0,0
2020-12-25,BREAD,CB,0,0,0,0,0,0,0,0,0,0,0,0,0,0
2020-12-25,BREAD,CrO,0,0,0,0,0,0,0,0,0,0,0,0,0,0
2020-12-25,BREAD,CH,0,0,0,0,0,0,0,0,0,0,0,0,0,0
2020-12-25,BREAD,CAR,0,0,0,0,0,0,0,0,0,0,0,0,0,0
2020-12-25,BREAD,IHF,0,0,0,0,0,0,0,0,0,0,0,0,0,0
2020-12-25,BREAD,BUT-Rls,0,0,0,0,0,0,0,0,0,0,0,0,0,0
2020-12-25,BREAD,H-RLS,0,0,0,0,0,0,0,0,0,0,0,0,0,0
2020-12-25,BREAD,FR-RLS,0,0,0,0,0,0,0,0,0,0,0,0,0,0
2020-12-25,BREAD,VS-RLS,0,0,0,0,0,0,0,0,0,0,0,0,0,0
2020-12-25,BREAD,Blue Stru,0,0,0,0,0,0,0,0,0,0,0,0,0,0
2020-12-25,BREAD,Choc Carm,0,0,0,0,0,0,0,0,0,0,0,0,0,0
2020-12-25,BREAD,Pum Choc,0,0,0,0,0,0,0,0,0,0,0,0,0,0
2020-12-25,BREAD,Pum Crmb,0,0,0,0,0,0,0,0,0,0,0,0,0,0
2020-12-25,ROLLS,Cinnamon,0,0,0,0,0,0,0,0,0,0,0,0,0,0
2020-12-25,ROLLS,Pecan C-Roll,0,0,0,0,0,0,0,0,0,0,0,0,0,0
2020-12-25,ROLLS,Mini C-Roll,0,0,0,0,0,0,0,0,0,0,0,0,0,0
2020-12-25,SCONES,Blueberry,0,0,0,0,0,0,0,0,0,0,0,0,0,0
2020-12-25,SCONES,Rasp Cream,0,0,0,0,0,0,0,0,0,0,0,0,0,0
2020-12-25,SCONES,Cherry,0,0,0,0,0,0,0,0,0,0,0,0,0,0
2020-12-25,SCONES,Butt Almond,0,0,0,0,0,0,0,0,0,0,0,0,0,0
2020-12-25,SCONES,Turtle,0,0,0,0,0,0,0,0,0,0,0,0,0,0
2020-12-25,SCONES,Cin Chip,0,0,0,0,0,0,0,0,0,0,0,0,0,0
2020-12-25,SCONES,CrO,0,0,0,0,0,0,0,0,0,0,0,0,0,0
2020-12-25,SCONES,CrO-WChoc,0,0,0,0,0,0,0,0,0,0,0,0,0,0
2020-12-25,FRUIT BARS,Mixed Berry,0,0,0,0,0,0,0,0,0,0,0,0,0,0
2020-12-25,FRUIT BARS,Cherry,0,0,0,0,0,0,0,0,0,0,0,0,0,0
2020-12-25,FRUIT BARS,Apple Cin,0,0,0,0,0,0,0,0,0,0,0,0,0,0
2020-12-25,FRUIT BARS,Cran Choc,0,0,0,0,0,0,0,0,0,0,0,0,0,0
2020-12-25,MUFFINS,Blue Stru,0,0,0,0,0,0,0,0,0,0,0,0,0,0
2020-12-25,MUFFINS,Choc Carm,0,0,0,0,0,0,0,0,0,0,0,0,0,0
2020-12-25,MUFFINS,Pump Choc,0,0,0,0,0,0,0,0,0,0,0,0,0,0
2020-12-25,MUFFINS,Pump Crumb,0,0,0,0,0,0,0,0,0,0,0,0,0,0
2020-12-25,MUFFINS,Cookies,0,0,0,0,0,0,0,0,0,0,0,0,0,0
2020-12-25,MUFFINS,Bars,0,0,0,0,0,0,0,0,0,0,0,0,0,0
2020-12-25,MUFFINS,Cran W Choc,0,0,0,0,0,0,0,0,0,0,0,0,0,0
2020-12-25,MUFFINS,triple choc,0,0,0,0,0,0,0,0,0,0,0,0,0,0
2020-12-25,MUFFINS,St. Nicker,0,0,0,0,0,0,0,0,0,0,0,0,0,0
2020-12-25,MUFFINS,Ginger,0,0,0,0,0,0,0,0,0,0,0,0,0,0
2020-12-25,MUFFINS,frosted sugar,0,0,0,0,0,0,0,0,0,0,0,0,0,0
2020-12-25,MUFFINS,PUmpkin,0,0,0,0,0,0,0,0,0,0,0,0,0,0
2020-12-25,MUFFINS,Brown,0,0,0,0,0,0,0,0,0,0,0,0,0,0
2020-12-25,MUFFINS,Pepp,0,0,0,0,0,0,0,0,0,0,0,0,0,0
2020-12-25,MUFFINS,Pump OHH,0,0,0,0,0,0,0,0,0,0,0,0,0,0
2020-12-25,MUFFINS,Bread Pudding,0,0,0,0,0,0,0,0,0,0,0,0,0,0
2020-12-25,MUFFINS,Totals,0,0,0,0,0,0,0,0,0,0,0,0,0,0
2020-12-26,BREAD,H,0,0,0,0,0,0,0,0,0,0,0,0,0,0
2020-12-26,BREAD,FR,0,0,0,0,0,0,0,0,0,0,0,0,0,0
2020-12-26,BREAD,GW,0,0,0,0,0,0,0,0,0,0,0,0,0,0
2020-12-26,BREAD,DK,0,0,0,0,0,0,0,0,0,0,0,0,0,0
2020-12-26,BREAD,H5|Cran,0,0,0,0,0,0,0,0,0,0,0,0,0,0
2020-12-26,BREAD,CSRWL,0,0,0,0,0,0,0,0,0,0,0,0,0,0
2020-12-26,BREAD,MP SWRL,0,0,0,0,0,0,0,0,0,0,0,0,0,0
2020-12-26,BREAD,TS,0,0,0,0,0,0,0,0,0,0,0,0,0,0
2020-12-26,BREAD,Angels,0,0,0,0,0,0,0,0,0,0,0,0,0,0
2020-12-26,BREAD,CNE,0,0,0,0,0,0,0,0,0,0,0,0,0,0
2020-12-26,BREAD,CNR,0,0,0,0,0,0,0,0,0,0,0,0,0,0
2020-12-26,BREAD,CNW,0,0,0,0,0,0,0,0,0,0,0,0,0,0
2020-12-26,BREAD,POP,0,0,0,0,0,0,0,0,0,0,0,0,0,0
2020-12-26,BREAD,Wreath,0,0,0,0,0,0,0,0,0,0,0,0,0,0
2020-12-26,BREAD,VS,0,0,0,0,0,0,0,0,0,0,0,0,0,0
2020-12-26,BREAD,SOURDOUGH,0,0,0,0,0,0,0,0,0,0,0,0,0,0
2020-12-26,BREAD,RG SOUR,0,0,0,0,0,0,0,0,0,0,0,0,0,0
2020-12-26,BREAD,CB,0,0,0,0,0,0,0,0,0,0,0,0,0,0
2020-12-26,BREAD,CrO,0,0,0,0,0,0,0,0,0,0,0,0,0,0
2020-12-26,BREAD,CH,0,0,0,0,0,0,0,0,0,0,0,0,0,0
2020-12-26,BREAD,CAR,0,0,0,0,0,0,0,0,0,0,0,0,0,0
2020-12-26,BREAD,IHF,0,0,0,0,0,0,0,0,0,0,0,0,0,0
2020-12-26,BREAD,BUT-Rls,0,0,0,0,0,0,0,0,0,0,0,0,0,0
2020-12-26,BREAD,H-RLS,0,0,0,0,0,0,0,0,0,0,0,0,0,0
2020-12-26,BREAD,FR-RLS,0,0,0,0,0,0,0,0,0,0,0,0,0,0
2020-12-26,BREAD,VS-RLS,0,0,0,0,0,0,0,0,0,0,0,0,0,0
2020-12-26,BREAD,Blue Stru,0,0,0,0,0,0,0,0,0,0,0,0,0,0
2020-12-26,BREAD,Choc Carm,0,0,0,0,0,0,0,0,0,0,0,0,0,0
2020-12-26,BREAD,Pum Choc,0,0,0,0,0,0,0,0,0,0,0,0,0,0
2020-12-26,BREAD,Pum Crmb,0,0,0,0,0,0,0,0,0,0,0,0,0,0
2020-12-26,ROLLS,Cinnamon,0,0,0,0,0,0,0,0,0,0,0,0,0,0
2020-12-26,ROLLS,Pecan C-Roll,0,0,0,0,0,0,0,0,0,0,0,0,0,0
2020-12-26,ROLLS,Mini C-Roll,0,0,0,0,0,0,0,0,0,0,0,0,0,0
2020-12-26,SCONES,Blueberry,0,0,0,0,0,0,0,0,0,0,0,0,0,0
2020-12-26,SCONES,Rasp Cream,0,0,0,0,0,0,0,0,0,0,0,0,0,0
2020-12-26,SCONES,Cherry,0,0,0,0,0,0,0,0,0,0,0,0,0,0
2020-12-26,SCONES,Butt Almond,0,0,0,0,0,0,0,0,0,0,0,0,0,0
2020-12-26,SCONES,Turtle,0,0,0,0,0,0,0,0,0,0,0,0,0,0
2020-12-26,SCONES,Cin Chip,0,0,0,0,0,0,0,0,0,0,0,0,0,0
2020-12-26,SCONES,CrO,0,0,0,0,0,0,0,0,0,0,0,0,0,0
2020-12-26,SCONES,CrO-WChoc,0,0,0,0,0,0,0,0,0,0,0,0,0,0
2020-12-26,FRUIT BARS,Mixed Berry,0,0,0,0,0,0,0,0,0,0,0,0,0,0
2020-12-26,FRUIT BARS,Cherry,0,0,0,0,0,0,0,0,0,0,0,0,0,0
2020-12-26,FRUIT BARS,Apple Cin,0,0,0,0,0,0,0,0,0,0,0,0,0,0
2020-12-26,FRUIT BARS,Cran Choc,0,0,0,0,0,0,0,0,0,0,0,0,0,0
2020-12-26,MUFFINS,Blue Stru,0,0,0,0,0,0,0,0,0,0,0,0,0,0
2020-12-26,MUFFINS,Choc Carm,0,0,0,0,0,0,0,0,0,0,0,0,0,0
2020-12-26,MUFFINS,Pump Choc,0,0,0,0,0,0,0,0,0,0,0,0,0,0
2020-12-26,MUFFINS,Pump Crumb,0,0,0,0,0,0,0,0,0,0,0,0,0,0
2020-12-26,MUFFINS,Cookies,0,0,0,0,0,0,0,0,0,0,0,0,0,0
2020-12-26,MUFFINS,Bars,0,0,0,0,0,0,0,0,0,0,0,0,0,0
2020-12-26,MUFFINS,Cran W Choc,0,0,0,0,0,0,0,0,0,0,0,0,0,0
2020-12-26,MUFFINS,triple choc,0,0,0,0,0,0,0,0,0,0,0,0,0,0
2020-12-26,MUFFINS,St. Nicker,0,0,0,0,0,0,0,0,0,0,0,0,0,0
2020-12-26,MUFFINS,Ginger,0,0,0,0,0,0,0,0,0,0,0,0,0,0
2020-12-26,MUFFINS,frosted sugar,0,0,0,0,0,0,0,0,0,0,0,0,0,0
2020-12-26,MUFFINS,PUmpkin,0,0,0,0,0,0,0,0,0,0,0,0,0,0
2020-12-26,MUFFINS,Brown,0,0,0,0,0,0,0,0,0,0,0,0,0,0
2020-12-26,MUFFINS,Pepp,0,0,0,0,0,0,0,0,0,0,0,0,0,0
2020-12-26,MUFFINS,Pump OHH,0,0,0,0,0,0,0,0,0,0,0,0,0,0
2020-12-26,MUFFINS,Bread Pudding,0,0,0,0,0,0,0,0,0,0,0,0,0,0
2020-12-26,MUFFINS,Totals,0,0,0,0,0,0,0,0,0,0,0,0,0,0
2020-12-27,BREAD,H,0,0,0,0,0,0,0,0,0,0,0,0,0,0
2020-12-27,BREAD,FR,0,0,0,0,0,0,0,0,0,0,0,0,0,0
2020-12-27,BREAD,GW,0,0,0,0,0,0,0,0,0,0,0,0,0,0
2020-12-27,BREAD,DK,0,0,0,0,0,0,0,0,0,0,0,0,0,0
2020-12-27,BREAD,H5|Cran,0,0,0,0,0,0,0,0,0,0,0,0,0,0
2020-12-27,BREAD,CSRWL,0,0,0,0,0,0,0,0,0,0,0,0,0,0
2020-12-27,BREAD,MP SWRL,0,0,0,0,0,0,0,0,0,0,0,0,0,0
2020-12-27,BREAD,TS,0,0,0,0,0,0,0,0,0,0,0,0,0,0
2020-12-27,BREAD,Angels,0,0,0,0,0,0,0,0,0,0,0,0,0,0
2020-12-27,BREAD,CNE,0,0,0,0,0,0,0,0,0,0,0,0,0,0
2020-12-27,BREAD,CNR,0,0,0,0,0,0,0,0,0,0,0,0,0,0
2020-12-27,BREAD,CNW,0,0,0,0,0,0,0,0,0,0,0,0,0,0
2020-12-27,BREAD,POP,0,0,0,0,0,0,0,0,0,0,0,0,0,0
2020-12-27,BREAD,Wreath,0,0,0,0,0,0,0,0,0,0,0,0,0,0
2020-12-27,BREAD,VS,0,0,0,0,0,0,0,0,0,0,0,0,0,0
2020-12-27,BREAD,SOURDOUGH,0,0,0,0,0,0,0,0,0,0,0,0,0,0
2020-12-27,BREAD,RG SOUR,0,0,0,0,0,0,0,0,0,0,0,0,0,0
2020-12-27,BREAD,CB,0,0,0,0,0,0,0,0,0,0,0,0,0,0
2020-12-27,BREAD,CrO,0,0,0,0,0,0,0,0,0,0,0,0,0,0
2020-12-27,BREAD,CH,0,0,0,0,0,0,0,0,0,0,0,0,0,0
2020-12-27,BREAD,CAR,0,0,0,0,0,0,0,0,0,0,0,0,0,0
2020-12-27,BREAD,IHF,0,0,0,0,0,0,0,0,0,0,0,0,0,0
2020-12-27,BREAD,BUT-Rls,0,0,0,0,0,0,0,0,0,0,0,0,0,0
2020-12-27,BREAD,H-RLS,0,0,0,0,0,0,0,0,0,0,0,0,0,0
2020-12-27,BREAD,FR-RLS,0,0,0,0,0,0,0,0,0,0,0,0,0,0
2020-12-27,BREAD,VS-RLS,0,0,0,0,0,0,0,0,0,0,0,0,0,0
2020-12-27,BREAD,Blue Stru,0,0,0,0,0,0,0,0,0,0,0,0,0,0
2020-12-27,BREAD,Choc Carm,0,0,0,0,0,0,0,0,0,0,0,0,0,0
2020-12-27,BREAD,Pum Choc,0,0,0,0,0,0,0,0,0,0,0,0,0,0
2020-12-27,BREAD,Pum Crmb,0,0,0,0,0,0,0,0,0,0,0,0,0,0
2020-12-27,ROLLS,Cinnamon,0,0,0,0,0,0,0,0,0,0,0,0,0,0
2020-12-27,ROLLS,Pecan C-Roll,0,0,0,0,0,0,0,0,0,0,0,0,0,0
2020-12-27,ROLLS,Mini C-Roll,0,0,0,0,0,0,0,0,0,0,0,0,0,0
2020-12-27,SCONES,Blueberry,0,0,0,0,0,0,0,0,0,0,0,0,0,0
2020-12-27,SCONES,Rasp Cream,0,0,0,0,0,0,0,0,0,0,0,0,0,0
2020-12-27,SCONES,Cherry,0,0,0,0,0,0,0,0,0,0,0,0,0,0
2020-12-27,SCONES,Butt Almond,0,0,0,0,0,0,0,0,0,0,0,0,0,0
2020-12-27,SCONES,Turtle,0,0,0,0,0,0,0,0,0,0,0,0,0,0
2020-12-27,SCONES,Cin Chip,0,0,0,0,0,0,0,0,0,0,0,0,0,0
2020-12-27,SCONES,CrO,0,0,0,0,0,0,0,0,0,0,0,0,0,0
2020-12-27,SCONES,CrO-WChoc,0,0,0,0,0,0,0,0,0,0,0,0,0,0
2020-12-27,FRUIT BARS,Mixed Berry,0,0,0,0,0,0,0,0,0,0,0,0,0,0
2020-12-27,FRUIT BARS,Cherry,0,0,0,0,0,0,0,0,0,0,0,0,0,0
2020-12-27,FRUIT BARS,Apple Cin,0,0,0,0,0,0,0,0,0,0,0,0,0,0
2020-12-27,FRUIT BARS,Cran Choc,0,0,0,0,0,0,0,0,0,0,0,0,0,0
2020-12-27,MUFFINS,Blue Stru,0,0,0,0,0,0,0,0,0,0,0,0,0,0
2020-12-27,MUFFINS,Choc Carm,0,0,0,0,0,0,0,0,0,0,0,0,0,0
2020-12-27,MUFFINS,Pump Choc,0,0,0,0,0,0,0,0,0,0,0,0,0,0
2020-12-27,MUFFINS,Pump Crumb,0,0,0,0,0,0,0,0,0,0,0,0,0,0
2020-12-27,MUFFINS,Cookies,0,0,0,0,0,0,0,0,0,0,0,0,0,0
2020-12-27,MUFFINS,Bars,0,0,0,0,0,0,0,0,0,0,0,0,0,0
2020-12-27,MUFFINS,Cran W Choc,0,0,0,0,0,0,0,0,0,0,0,0,0,0
2020-12-27,MUFFINS,triple choc,0,0,0,0,0,0,0,0,0,0,0,0,0,0
2020-12-27,MUFFINS,St. Nicker,0,0,0,0,0,0,0,0,0,0,0,0,0,0
2020-12-27,MUFFINS,Ginger,0,0,0,0,0,0,0,0,0,0,0,0,0,0
2020-12-27,MUFFINS,frosted sugar,0,0,0,0,0,0,0,0,0,0,0,0,0,0
2020-12-27,MUFFINS,PUmpkin,0,0,0,0,0,0,0,0,0,0,0,0,0,0
2020-12-27,MUFFINS,Brown,0,0,0,0,0,0,0,0,0,0,0,0,0,0
2020-12-27,MUFFINS,Pepp,0,0,0,0,0,0,0,0,0,0,0,0,0,0
2020-12-27,MUFFINS,Pump OHH,0,0,0,0,0,0,0,0,0,0,0,0,0,0
2020-12-27,MUFFINS,Bread Pudding,0,0,0,0,0,0,0,0,0,0,0,0,0,0
2020-12-27,MUFFINS,Totals,0,0,0,0,0,0,0,0,0,0,0,0,0,0
2020-12-28,BREAD,H,0,42,42,22,0,0,20,0,0,0,0,0,0,0
2020-12-28,BREAD,FR,0,25,25,25,0,0,0,0,0,0,0,0,0,0
2020-12-28,BREAD,GW,0,10,10,7,0,0,3,0,0,0,0,0,0,0
2020-12-28,BREAD,DK,0,37,37,20,0,0,17,0,0,0,0,0,0,0
2020-12-28,BREAD,H5|Cran,0,0,0,0,0,0,0,0,0,0,0,0,0,0
2020-12-28,BREAD,CSRWL,0,15,15,13,0,0,2,0,3,3,2,0,0,1
2020-12-28,BREAD,MP SWRL,0,0,0,0,0,0,0,0,0,0,0,0,0,0
2020-12-28,BREAD,TS,0,7,7,4,0,0,3,0,3,3,1,0,0,2
2020-12-28,BREAD,Angels,0,0,0,0,0,0,0,0,0,0,0,0,0,0
2020-12-28,BREAD,CNE,0,18,18,14,0,0,4,0,3,3,3,0,0,0
2020-12-28,BREAD,CNR,0,10,10,10,0,0,0,0,0,0,0,0,0,0
2020-12-28,BREAD,CNW,0,4,4,0,0,0,4,0,0,0,0,0,0,0
2020-12-28,BREAD,POP,0,18,18,7,0,0,11,0,4,4,3,0,0,1
2020-12-28,BREAD,Wreath,0,0,0,0,0,0,0,0,0,0,0,0,0,0
2020-12-28,BREAD,VS,0,0,0,0,0,0,0,0,0,0,0,0,0,0
2020-12-28,BREAD,SOURDOUGH,0,16,16,14,0,0,2,0,0,0,0,0,0,0
2020-12-28,BREAD,RG SOUR,0,4,4,4,0,0,0,0,0,0,0,0,0,0
2020-12-28,BREAD,CB,0,0,0,0,0,0,0,0,0,0,0,0,0,0
2020-12-28,BREAD,CrO,0,0,0,0,0,0,0,0,0,0,0,0,0,0
2020-12-28,BREAD,CH,0,0,0,0,0,0,0,0,0,0,0,0,0,0
2020-12-28,BREAD,CAR,0,0,0,0,0,0,0,0,0,0,0,0,0,0
2020-12-28,BREAD,IHF,0,0,0,0,0,0,0,0,0,0,0,0,0,0
2020-12-28,BREAD,BUT-Rls,0,0,0,0,0,0,0,0,0,0,0,0,0,0
2020-12-28,BREAD,H-RLS,0,2,2,2,0,0,0,0,0,0,0,0,0,0
2020-12-28,BREAD,FR-RLS,0,0,0,0,0,0,0,0,0,0,0,0,0,0
2020-12-28,BREAD,VS-RLS,0,0,0,0,0,0,0,0,0,0,0,0,0,0
2020-12-28,BREAD,Blue Stru,0,5,5,3,0,0,2,0,0,0,0,0,0,0
2020-12-28,BREAD,Mex Choc,0,3,3,0,0,0,3,0,0,0,0,0,0,0
2020-12-28,BREAD,Pum Choc,0,5,5,3,0,0,2,0,0,0,0,0,0,0
2020-12-28,BREAD,Pum Crmb,0,3,3,1,0,0,2,0,0,0,0,0,0,0
2020-12-28,ROLLS,Cinnamon,0,36,36,33,0,3,0,0,0,0,0,0,0,0
2020-12-28,ROLLS,Pecan C-Roll,0,0,0,0,0,0,0,0,0,0,0,0,0,0
2020-12-28,ROLLS,Mini C-Roll,0,0,0,0,0,0,0,0,0,0,0,0,0,0
2020-12-28,SCONES,Blueberry,0,0,0,0,0,0,0,0,0,0,0,0,0,0
2020-12-28,SCONES,Rasp Cream,0,11,11,11,0,0,0,0,0,0,0,0,0,0
2020-12-28,SCONES,Cherry,0,0,0,0,0,0,0,0,0,0,0,0,0,0
2020-12-28,SCONES,Butt Almond,0,0,0,0,0,0,0,0,0,0,0,0,0,0
2020-12-28,SCONES,Turtle,0,0,0,0,0,0,0,0,0,0,0,0,0,0
2020-12-28,SCONES,Cin Chip,0,11,11,7,0,4,0,0,0,0,0,0,0,0
2020-12-28,SCONES,CrO,0,0,0,0,0,0,0,0,0,0,0,0,0,0
2020-12-28,SCONES,CrO-WChoc,0,0,0,0,0,0,0,0,0,0,0,0,0,0
2020-12-28,FRUIT BARS,Mixed Berry,0,10,10,6,0,4,0,0,0,0,0,0,0,0
2020-12-28,FRUIT BARS,Cherry,0,10,10,8,0,2,0,0,0,0,0,0,0,0
2020-12-28,FRUIT BARS,Apple Cin,0,0,0,0,0,0,0,0,0,0,0,0,0,0
2020-12-28,FRUIT BARS,Cran Choc,0,0,0,0,0,0,0,0,0,0,0,0,0,0
2020-12-28,MUFFINS,Blue Stru,0,3,3,2,0,1,0,0,0,0,0,0,0,0
2020-12-28,MUFFINS,Mex Choc,0,3,3,1,0,2,0,0,0,0,0,0,0,0
2020-12-28,MUFFINS,Pump Choc,0,5,5,5,0,0,0,0,0,0,0,0,0,0
2020-12-28,MUFFINS,Pump Crumb,0,3,3,3,0,0,0,0,0,0,0,0,0,0
2020-12-28,MUFFINS,Cookies,0,0,0,0,0,0,0,0,0,0,0,0,0,0
2020-12-28,MUFFINS,Bars,0,0,0,0,0,0,0,0,0,0,0,0,0,0
2020-12-28,MUFFINS,Cran W Choc,0,18,18,7,0,0,11,0,0,0,0,0,0,0
2020-12-28,MUFFINS,triple choc,0,18,18,10,0,0,8,0,0,0,0,0,0,0
2020-12-28,MUFFINS,St. Nicker,0,18,18,16,0,0,2,0,0,0,0,0,0,0
2020-12-28,MUFFINS,Ginger,0,0,0,-12,0,0,12,0,0,0,0,0,0,0
2020-12-28,MUFFINS,frosted sugar,0,18,18,9,0,0,9,0,0,0,0,0,0,0
2020-12-28,MUFFINS,PUmpkin,0,6,6,2,0,0,4,0,0,0,0,0,0,0
2020-12-28,MUFFINS,Brown,0,4,4,-5,0,0,9,0,0,0,0,0,0,0
2020-12-28,MUFFINS,Pepp,0,6,6,6,0,0,0,0,0,0,0,0,0,0
2020-12-28,MUFFINS,Pump OHH,0,0,0,0,0,0,0,0,0,0,0,0,0,0
2020-12-28,MUFFINS,Bread Pudding,0,0,0,-5,0,0,5,0,0,0,-5,0,0,5
2020-12-28,MUFFINS,Totals,0,174,174,98,0,16,60,0,6,6,1,0,0,5
2020-12-29,BREAD,H,20,16,36,12,0,0,24,0,0,0,0,0,0,0
2020-12-29,BREAD,FR,0,47,47,25,22,0,0,0,0,0,0,0,0,0
2020-12-29,BREAD,GW,3,7,10,6,0,0,4,0,0,0,0,0,0,0
2020-12-29,BREAD,DK,17,0,17,10,0,0,7,0,0,0,0,0,0,0
2020-12-29,BREAD,H5|Cran,0,14,14,7,1,0,6,0,4,4,1,0,0,2
2020-12-29,BREAD,CSRWL,2,16,18,9,0,0,9,1,4,5,3,0,0,2
2020-12-29,BREAD,MP SWRL,0,0,0,0,0,0,0,0,0,0,0,0,0,0
2020-12-29,BREAD,TS,3,0,3,2,0,0,1,2,0,2,2,0,0,0
2020-12-29,BREAD,Angels,0,0,0,0,0,0,0,0,0,0,0,0,0,0
2020-12-29,BREAD,CNE,4,21,25,16,0,0,9,0,3,3,0,0,0,3
2020-12-29,BREAD,CNR,0,0,0,0,0,0,0,0,0,0,0,0,0,0
2020-12-29,BREAD,CNW,4,0,4,4,0,0,0,0,0,0,0,0,0,0
2020-12-29,BREAD,POP,11,0,11,10,0,0,1,1,0,1,1,0,0,0
2020-12-29,BREAD,Wreath,0,0,0,0,0,0,0,0,0,0,0,0,0,0
2020-12-29,BREAD,VS,0,6,6,6,0,0,0,0,3,3,3,0,0,0
2020-12-29,BREAD,SOURDOUGH,2,0,2,-15,10,0,7,0,0,0,0,0,0,0
2020-12-29,BREAD,RG SOUR,0,0,0,0,0,0,0,0,0,0,0,0,0,0
2020-12-29,BREAD,CB,0,5,5,3,2,0,0,0,3,3,3,0,0,0
2020-12-29,BREAD,CrO,0,15,15,9,6,0,0,0,2,2,2,0,0,0
2020-12-29,BREAD,CH,0,0,0,0,0,0,0,0,0,0,0,0,0,0
2020-12-29,BREAD,CAR,0,12,12,3,6,0,3,0,0,0,0,0,0,0
2020-12-29,BREAD,IHF,0,0,0,0,0,0,0,0,0,0,0,0,0,0
2020-12-29,BREAD,BUT-Rls,0,0,0,0,0,0,0,0,0,0,0,0,0,0
2020-12-29,BREAD,H-RLS,0,4,4,2,0,0,2,0,0,0,0,0,0,0
2020-12-29,BREAD,FR-RLS,0,3,3,3,0,0,0,0,0,0,0,0,0,0
2020-12-29,BREAD,VS-RLS,0,6,6,4,2,0,0,0,0,0,0,0,0,0
2020-12-29,BREAD,Blue Stru,2,1,3,3,0,0,0,0,0,0,0,0,0,0
2020-12-29,BREAD,Mex Choc,2,1,3,0,0,2,1,0,0,0,0,0,0,0
2020-12-29,BREAD,Pum Choc,2,3,5,3,0,0,2,0,0,0,0,0,0,0
2020-12-29,BREAD,Pum Crmb,2,1,3,0,0,2,1,0,0,0,0,0,0,0
2020-12-29,ROLLS,Cinnamon,0,36,36,36,0,0,0,0,0,0,0,0,0,0
2020-12-29,ROLLS,Pecan C-Roll,0,0,0,0,0,0,0,0,0,0,0,0,0,0
2020-12-29,ROLLS,Mini C-Roll,0,0,0,0,0,0,0,0,0,0,0,0,0,0
2020-12-29,SCONES,Blueberry,0,13,13,13,0,0,0,0,0,0,0,0,0,0
2020-12-29,SCONES,Rasp Cream,0,0,0,0,0,0,0,0,0,0,0,0,0,0
2020-12-29,SCONES,Cherry,0,0,0,0,0,0,0,0,0,0,0,0,0,0
2020-12-29,SCONES,Butt Almond,0,0,0,0,0,0,0,0,0,0,0,0,0,0
2020-12-29,SCONES,Turtle,0,0,0,0,0,0,0,0,0,0,0,0,0,0
2020-12-29,SCONES,Cin Chip,0,9,9,8,1,0,0,0,0,0,0,0,0,0
2020-12-29,SCONES,CrO,0,0,0,0,0,0,0,0,0,0,0,0,0,0
2020-12-29,SCONES,CrO-WChoc,0,0,0,0,0,0,0,0,0,0,0,0,0,0
2020-12-29,FRUIT BARS,Mixed Berry,0,0,0,0,0,0,0,0,0,0,0,0,0,0
2020-12-29,FRUIT BARS,Cherry,0,0,0,0,0,0,0,0,0,0,0,0,0,0
2020-12-29,FRUIT BARS,Apple Cin,0,5,5,5,0,0,0,0,0,0,0,0,0,0
2020-12-29,FRUIT BARS,Cran Choc,0,5,5,5,0,0,0,0,0,0,0,0,0,0
2020-12-29,MUFFINS,Blue Stru,0,3,3,3,0,0,0,0,0,0,0,0,0,0
2020-12-29,MUFFINS,Mex Choc,0,3,3,3,0,0,0,0,0,0,0,0,0,0
2020-12-29,MUFFINS,Pump Choc,0,5,5,1,0,4,0,0,0,0,0,0,0,0
2020-12-29,MUFFINS,Pump Crumb,0,4,4,3,1,0,0,0,0,0,0,0,0,0
2020-12-29,MUFFINS,Cookies,0,0,0,0,0,0,0,0,0,0,0,0,0,0
2020-12-29,MUFFINS,Bars,0,0,0,0,0,0,0,0,0,0,0,0,0,0
2020-12-29,MUFFINS,Cran W Choc,11,9,20,18,0,0,2,0,3,3,3,0,0,0
2020-12-29,MUFFINS,triple choc,8,12,20,13,0,6,1,0,0,0,0,0,0,0
2020-12-29,MUFFINS,St. Nicker,2,18,20,12,0,0,8,0,0,0,0,0,0,0
2020-12-29,MUFFINS,Ginger,12,0,12,5,0,0,7,0,0,0,0,0,0,0
2020-12-29,MUFFINS,frosted sugar,9,0,9,5,0,0,4,0,0,0,0,0,0,0
2020-12-29,MUFFINS,PUmpkin,4,6,10,6,0,0,4,0,0,0,0,0,0,0
2020-12-29,MUFFINS,Brown,9,0,9,5,0,4,0,0,0,0,0,0,0,0
2020-12-29,MUFFINS,Pepp,0,0,0,-4,0,4,0,0,0,0,0,0,0,0
2020-12-29,MUFFINS,Pump OHH,0,0,0,0,0,0,0,0,0,0,0,0,0,0
2020-12-29,MUFFINS,Bread Pudding,5,0,5,5,0,0,0,5,0,5,5,0,0,0
2020-12-29,MUFFINS,Totals,60,128,188,146,2,14,26,5,3,8,4,0,0,0
2020-12-30,BREAD,H,24,0,24,24,0,0,0,0,0,0,0,0,0,0
2020-12-30,BREAD,FR,0,12,12,-10,22,0,0,0,0,0,0,0,0,0
2020-12-30,BREAD,GW,4,17,21,6,15,0,0,0,0,0,0,0,0,0
2020-12-30,BREAD,DK,7,0,7,7,0,0,0,0,0,0,0,0,0,0
2020-12-30,BREAD,H5|Cran,6,0,6,6,0,0,0,2,0,2,2,0,0,0
2020-12-30,BREAD,CSRWL,9,12,21,20,1,0,0,2,0,2,1,0,0,0
2020-12-30,BREAD,MP SWRL,0,0,0,0,0,0,0,0,0,0,0,0,0,0
2020-12-30,BREAD,TS,1,0,1,1,0,0,0,0,0,0,0,0,0,0
2020-12-30,BREAD,Angels,0,0,0,0,0,0,0,0,0,0,0,0,0,0
2020-12-30,BREAD,CNE,9,0,9,9,0,0,0,3,0,3,3,0,0,0
2020-12-30,BREAD,CNR,0,0,0,0,0,0,0,0,0,0,0,0,0,0
2020-12-30,BREAD,CNW,0,0,0,0,0,0,0,0,0,0,0,0,0,0
2020-12-30,BREAD,POP,1,5,6,6,0,0,0,0,3,3,3,0,0,0
2020-12-30,BREAD,Wreath,0,2,2,1,1,0,0,0,0,0,0,0,0,0
2020-12-30,BREAD,VS,0,0,0,0,0,0,0,0,0,0,0,0,0,0
2020-12-30,BREAD,SOURDOUGH,7,0,7,7,0,0,0,0,0,0,0,0,0,0
2020-12-30,BREAD,RG SOUR,0,0,0,0,0,0,0,0,0,0,0,0,0,0
2020-12-30,BREAD,CB,0,0,0,0,0,0,0,0,0,0,0,0,0,0
2020-12-30,BREAD,CrO,0,0,0,0,0,0,0,0,0,0,0,0,0,0
2020-12-30,BREAD,CH,0,0,0,0,0,0,0,0,0,0,0,0,0,0
2020-12-30,BREAD,CAR,3,0,3,3,0,0,0,0,0,0,0,0,0,0
2020-12-30,BREAD,IHF,0,0,0,0,0,0,0,0,0,0,0,0,0,0
2020-12-30,BREAD,BUT-Rls,0,0,0,0,0,0,0,0,0,0,0,0,0,0
2020-12-30,BREAD,H-RLS,2,0,2,2,0,0,0,0,0,0,0,0,0,0
2020-12-30,BREAD,FR-RLS,0,3,3,3,0,0,0,0,0,0,0,0,0,0
2020-12-30,BREAD,VS-RLS,0,0,0,0,0,0,0,0,0,0,0,0,0,0
2020-12-30,BREAD,Blue Stru,0,2,2,2,0,0,0,0,0,0,0,0,0,0
2020-12-30,BREAD,Mex Choc,2,6,8,7,1,0,0,0,0,0,0,0,0,0
2020-12-30,BREAD,Pum Choc,2,4,6,6,0,0,0,0,0,0,0,0,0,0
2020-12-30,BREAD,Pum Crmb,1,2,3,3,0,0,0,0,0,0,0,0,0,0
2020-12-30,ROLLS,Cinnamon,0,36,36,28,8,0,0,0,0,0,0,0,0,0
2020-12-30,ROLLS,Pecan C-Roll,0,0,0,0,0,0,0,0,0,0,0,0,0,0
2020-12-30,ROLLS,Mini C-Roll,0,0,0,0,0,0,0,0,0,0,0,0,0,0
2020-12-30,SCONES,Blueberry,0,0,0,0,0,0,0,0,0,0,0,0,0,0
2020-12-30,SCONES,Rasp Cream,0,13,13,9,4,0,0,0,0,0,0,0,0,0
2020-12-30,SCONES,Cherry,0,0,0,0,0,0,0,0,0,0,0,0,0,0
2020-12-30,SCONES,Butt Almond,0,0,0,0,0,0,0,0,0,0,0,0,0,0
2020-12-30,SCONES,Turtle,0,9,9,9,0,0,0,0,0,0,0,0,0,0
2020-12-30,SCONES,Cin Chip,0,0,0,0,0,0,0,0,0,0,0,0,0,0
2020-12-30,SCONES,CrO,0,0,0,0,0,0,0,0,0,0,0,0,0,0
2020-12-30,SCONES,CrO-WChoc,0,0,0,0,0,0,0,0,0,0,0,0,0,0
2020-12-30,FRUIT BARS,Mixed Berry,0,5,5,5,0,0,0,0,0,0,0,0,0,0
2020-12-30,FRUIT BARS,Cherry,0,5,5,5,0,0,0,0,0,0,0,0,0,0
2020-12-30,FRUIT BARS,Apple Cin,0,0,0,0,0,0,0,0,0,0,0,0,0,0
2020-12-30,FRUIT BARS,Cran Choc,0,0,0,0,0,0,0,0,0,0,0,0,0,0
2020-12-30,MUFFINS,Blue Stru,0,7,7,3,4,0,0,0,0,0,0,0,0,0
2020-12-30,MUFFINS,Mex Choc,0,6,6,6,0,0,0,0,0,0,0,0,0,0
2020-12-30,MUFFINS,Pump Choc,0,3,3,3,0,0,0,0,0,0,0,0,0,0
2020-12-30,MUFFINS,Pump Crumb,0,3,3,3,0,0,0,0,0,0,0,0,0,0
2020-12-30,MUFFINS,Cookies,0,0,0,0,0,0,0,0,0,0,0,0,0,0
2020-12-30,MUFFINS,Bars,0,0,0,0,0,0,0,0,0,0,0,0,0,0
2020-12-30,MUFFINS,Cran W Choc,2,0,2,2,0,0,0,0,0,0,0,0,0,0
2020-12-30,MUFFINS,triple choc,1,55,56,56,0,0,0,0,0,0,0,0,0,0
2020-12-30,MUFFINS,St. Nicker,8,23,31,31,0,0,0,0,0,0,0,0,0,0
2020-12-30,MUFFINS,Ginger,7,0,7,7,0,0,0,0,0,0,0,0,0,0
2020-12-30,MUFFINS,frosted sugar,4,0,4,4,0,0,0,0,0,0,0,0,0,0
2020-12-30,MUFFINS,PUmpkin,4,8,12,12,0,0,0,0,0,0,0,0,0,0
2020-12-30,MUFFINS,Brown,0,10,10,10,0,0,0,0,0,0,0,0,0,0
2020-12-30,MUFFINS,Pepp,0,0,0,0,0,0,0,0,0,0,0,0,0,0
2020-12-30,MUFFINS,Pump OHH,0,0,0,0,0,0,0,0,0,0,0,0,0,0
2020-12-30,MUFFINS,Bread Pudding,0,0,0,0,0,0,0,0,0,0,0,0,0,0
2020-12-30,MUFFINS,Totals,26,183,209,193,16,0,0,0,0,0,0,0,0,0
2020-12-31,BREAD,H,0,0,0,0,0,0,0,0,0,0,0,0,0,0
2020-12-31,BREAD,FR,0,0,0,0,0,0,0,0,0,0,0,0,0,0
2020-12-31,BREAD,GW,0,0,0,0,0,0,0,0,0,0,0,0,0,0
2020-12-31,BREAD,DK,0,0,0,0,0,0,0,0,0,0,0,0,0,0
2020-12-31,BREAD,H5|Cran,0,0,0,0,0,0,0,0,0,0,0,0,0,0
2020-12-31,BREAD,CSRWL,0,0,0,0,0,0,0,0,0,0,0,0,0,0
2020-12-31,BREAD,MP SWRL,0,0,0,0,0,0,0,0,0,0,0,0,0,0
2020-12-31,BREAD,TS,0,0,0,0,0,0,0,0,0,0,0,0,0,0
2020-12-31,BREAD,Angels,0,0,0,0,0,0,0,0,0,0,0,0,0,0
2020-12-31,BREAD,CNE,0,0,0,0,0,0,0,0,0,0,0,0,0,0
2020-12-31,BREAD,CNR,0,0,0,0,0,0,0,0,0,0,0,0,0,0
2020-12-31,BREAD,CNW,0,0,0,0,0,0,0,0,0,0,0,0,0,0
2020-12-31,BREAD,POP,0,0,0,0,0,0,0,0,0,0,0,0,0,0
2020-12-31,BREAD,Wreath,0,0,0,0,0,0,0,0,0,0,0,0,0,0
2020-12-31,BREAD,VS,0,0,0,0,0,0,0,0,0,0,0,0,0,0
2020-12-31,BREAD,SOURDOUGH,0,0,0,0,0,0,0,0,0,0,0,0,0,0
2020-12-31,BREAD,RG SOUR,0,0,0,0,0,0,0,0,0,0,0,0,0,0
2020-12-31,BREAD,CB,0,0,0,0,0,0,0,0,0,0,0,0,0,0
2020-12-31,BREAD,CrO,0,0,0,0,0,0,0,0,0,0,0,0,0,0
2020-12-31,BREAD,CH,0,0,0,0,0,0,0,0,0,0,0,0,0,0
2020-12-31,BREAD,CAR,0,0,0,0,0,0,0,0,0,0,0,0,0,0
2020-12-31,BREAD,IHF,0,0,0,0,0,0,0,0,0,0,0,0,0,0
2020-12-31,BREAD,BUT-Rls,0,0,0,0,0,0,0,0,0,0,0,0,0,0
2020-12-31,BREAD,H-RLS,0,0,0,0,0,0,0,0,0,0,0,0,0,0
2020-12-31,BREAD,FR-RLS,0,0,0,0,0,0,0,0,0,0,0,0,0,0
2020-12-31,BREAD,VS-RLS,0,0,0,0,0,0,0,0,0,0,0,0,0,0
2020-12-31,BREAD,Blue Stru,0,0,0,0,0,0,0,0,0,0,0,0,0,0
2020-12-31,BREAD,Choc Carm,0,0,0,0,0,0,0,0,0,0,0,0,0,0
2020-12-31,BREAD,Pum Choc,0,0,0,0,0,0,0,0,0,0,0,0,0,0
2020-12-31,BREAD,Pum Crmb,0,0,0,0,0,0,0,0,0,0,0,0,0,0
2020-12-31,ROLLS,Cinnamon,0,0,0,0,0,0,0,0,0,0,0,0,0,0
2020-12-31,ROLLS,Pecan C-Roll,0,0,0,0,0,0,0,0,0,0,0,0,0,0
2020-12-31,ROLLS,Mini C-Roll,0,0,0,0,0,0,0,0,0,0,0,0,0,0
2020-12-31,SCONES,Blueberry,0,0,0,0,0,0,0,0,0,0,0,0,0,0
2020-12-31,SCONES,Rasp Cream,0,0,0,0,0,0,0,0,0,0,0,0,0,0
2020-12-31,SCONES,Cherry,0,0,0,0,0,0,0,0,0,0,0,0,0,0
2020-12-31,SCONES,Butt Almond,0,0,0,0,0,0,0,0,0,0,0,0,0,0
2020-12-31,SCONES,Turtle,0,0,0,0,0,0,0,0,0,0,0,0,0,0
2020-12-31,SCONES,Cin Chip,0,0,0,0,0,0,0,0,0,0,0,0,0,0
2020-12-31,SCONES,CrO,0,0,0,0,0,0,0,0,0,0,0,0,0,0
2020-12-31,SCONES,CrO-WChoc,0,0,0,0,0,0,0,0,0,0,0,0,0,0
2020-12-31,FRUIT BARS,Mixed Berry,0,0,0,0,0,0,0,0,0,0,0,0,0,0
2020-12-31,FRUIT BARS,Cherry,0,0,0,0,0,0,0,0,0,0,0,0,0,0
2020-12-31,FRUIT BARS,Apple Cin,0,0,0,0,0,0,0,0,0,0,0,0,0,0
2020-12-31,FRUIT BARS,Cran Choc,0,0,0,0,0,0,0,0,0,0,0,0,0,0
2020-12-31,MUFFINS,Blue Stru,0,0,0,0,0,0,0,0,0,0,0,0,0,0
2020-12-31,MUFFINS,Choc Carm,0,0,0,0,0,0,0,0,0,0,0,0,0,0
2020-12-31,MUFFINS,Pump Choc,0,0,0,0,0,0,0,0,0,0,0,0,0,0
2020-12-31,MUFFINS,Pump Crumb,0,0,0,0,0,0,0,0,0,0,0,0,0,0
2020-12-31,MUFFINS,Cookies,0,0,0,0,0,0,0,0,0,0,0,0,0,0
2020-12-31,MUFFINS,Bars,0,0,0,0,0,0,0,0,0,0,0,0,0,0
2020-12-31,MUFFINS,Cran W Choc,0,0,0,0,0,0,0,0,0,0,0,0,0,0
2020-12-31,MUFFINS,triple choc,0,0,0,0,0,0,0,0,0,0,0,0,0,0
2020-12-31,MUFFINS,St. Nicker,0,0,0,0,0,0,0,0,0,0,0,0,0,0
2020-12-31,MUFFINS,Ginger,0,0,0,0,0,0,0,0,0,0,0,0,0,0
2020-12-31,MUFFINS,frosted sugar,0,0,0,0,0,0,0,0,0,0,0,0,0,0
2020-12-31,MUFFINS,PUmpkin,0,0,0,0,0,0,0,0,0,0,0,0,0,0
2020-12-31,MUFFINS,Brown,0,0,0,0,0,0,0,0,0,0,0,0,0,0
2020-12-31,MUFFINS,Pepp,0,0,0,0,0,0,0,0,0,0,0,0,0,0
2020-12-31,MUFFINS,Pump OHH,0,0,0,0,0,0,0,0,0,0,0,0,0,0
2020-12-31,MUFFINS,Bread Pudding,0,0,0,0,0,0,0,0,0,0,0,0,0,0
2020-12-31,MUFFINS,Totals,0,0,0,0,0,0,0,0,0,0,0,0,0,0
