Date,Category,Product,START_OF_DAY_WHOLE,MADE_TODAY_WHOLE,AVAILABLE_TO_SELL_WHOLE,OUT_THE_DOOR_WHOLE,ORDERS_TODAY_WHOLE,REMOVED_AS_DAY_OLD_WHOLE,LEFT_WHOLE,START_OF_DAY_HALF,MADE_TODAY_HALF,AVAILABLE_TO_SELL_HALF,OUT_THE_DOOR_HALF,ORDERS_TODAY_HALF,REMOVED_AS_DAY_OLD_HALF,LEFT_HALF
2023-02-01,BREAD,H,20.0,13.0,33.0,14.0,2,4,13.0,0,0,0,0,0,0,0
2023-02-01,BREAD,FR,10.0,13.0,23.0,9.0,0,4,10.0,0,0,0,0,0,0,0
2023-02-01,BREAD,GW,9.0,0.0,9.0,7.0,0,2,0.0,0,0,0,0,0,0,0
2023-02-01,BREAD,DK,2.0,15.0,17.0,9.0,0,0,8.0,0,0,0,0,0,0,0
2023-02-01,BREAD,H5,6.0,0.0,6.0,1.0,0,0,5.0,0,0,0,0,0,0,0
2023-02-01,BREAD,Cran,0.0,0.0,0.0,0.0,0,0,0.0,0,0,0,0,0,0,0
2023-02-01,BREAD,CSWRL,2.0,12.0,14.0,11.0,3,0,0.0,2,5,7,7,0,0,0
2023-02-01,BREAD,CnE,0.0,12.0,12.0,5.0,0,0,7.0,0,2,2,1,0,0,1
2023-02-01,BREAD,CnR,0.0,4.0,4.0,1.0,0,0,3.0,0,0,0,0,0,0,0
2023-02-01,BREAD,RW,0.0,4.0,4.0,1.0,1,0,2.0,0,0,0,0,0,0,0
2023-02-01,BREAD,Monk,0.0,6.0,6.0,3.0,0,0,3.0,0,0,0,0,0,0,0
2023-02-01,BREAD,VT,0.0,0.0,0.0,0.0,0,0,0.0,0,0,0,0,0,0,0
2023-02-01,BREAD,CB,0.0,0.0,0.0,0.0,0,0,0.0,0,0,0,0,0,0,0
2023-02-01,BREAD,BfB,3.0,0.0,3.0,2.0,0,1,0.0,0,0,0,0,0,0,0
2023-02-01,BREAD,EB,10.0,0.0,10.0,4.0,0,0,6.0,0,0,0,0,0,0,0
2023-02-01,BREAD,CG,0.0,10.0,10.0,3.0,0,0,7.0,0,4,4,1,0,0,3
2023-02-01,BREAD,Cheet,0.0,4.0,4.0,3.0,0,0,1.0,0,0,0,0,0,0,0
2023-02-01,BREAD,VT,0.0,0.0,0.0,0.0,0,0,0.0,0,0,0,0,0,0,0
2023-02-01,BREAD,bac,0.0,3.0,3.0,2.0,0,0,1.0,0,0,0,0,0,0,0
2023-02-01,BREAD,jal,0.0,3.0,3.0,3.0,0,0,0.0,0,0,0,0,0,0,0
2023-02-01,BREAD,VS,5.0,0.0,5.0,3.0,0,2,0.0,0,0,0,0,0,0,0
2023-02-01,BREAD,Sno Leop,0.0,0.0,0.0,0.0,0,0,0.0,0,0,0,0,0,0,0
2023-02-01,BREAD,sour-TL,1.0,15.0,16.0,9.0,0,0,7.0,0,0,0,0,0,0,0
2023-02-01,BREAD,OB,0.0,4.0,4.0,0.0,0,0,4.0,0,0,0,0,0,0,0
2023-02-01,BREAD,CAR,6.0,0.0,6.0,1.0,0,0,5.0,0,0,0,0,0,0,0
2023-02-01,BREAD,IHF,6.0,0.0,6.0,2.0,0,0,4.0,0,0,0,0,0,0,0
2023-02-01,BREAD,H-RLS,0.0,4.0,4.0,0.0,0,0,4.0,0,0,0,0,0,0,0
2023-02-01,BREAD,FR-RLS,0.0,4.0,4.0,0.0,0,0,4.0,0,0,0,0,0,0,0
2023-02-01,BREAD,VS-RLS,1.0,0.0,1.0,0.0,0,1,0.0,0,0,0,0,0,0,0
2023-02-01,BREAD,Blue Stru,1.0,6.0,7.0,3.0,4,0,0.0,0,0,0,0,0,0,0
2023-02-01,BREAD,Choc Carm,0.0,3.0,3.0,3.0,0,0,0.0,0,0,0,0,0,0,0
2023-02-01,BREAD,Red Velvet,0.0,3.0,3.0,2.0,0,0,1.0,0,0,0,0,0,0,0
2023-02-01,BREAD,CC Heart,0.0,0.0,0.0,0.0,0,0,0.0,0,0,0,0,0,0,0
2023-02-01,BREAD,RV Heart,0.0,0.0,0.0,0.0,0,0,0.0,0,0,0,0,0,0,0
2023-02-01,ROLLS,C-Rolls,0.0,36.0,36.0,32.0,0,4,0.0,0,0,0,0,0,0,0
2023-02-01,ROLLS,C-R HEART,0.0,0.0,0.0,0.0,0,0,0.0,0,0,0,0,0,0,0
2023-02-01,ROLLS,Mini C-Roll,0.0,0.0,0.0,0.0,0,0,0.0,0,0,0,0,0,0,0
2023-02-01,SCONES,Blueberry,0.0,0.0,0.0,0.0,0,0,0.0,0,0,0,0,0,0,0
2023-02-01,SCONES,Fruit Medley,0.0,9.0,9.0,8.0,0,1,0.0,0,15,15,0,0,0,0
2023-02-01,SCONES,Cherry,0.0,0.0,0.0,0.0,0,0,0.0,0,0,0,0,0,0,0
2023-02-01,SCONES,Butt Almond,0.0,0.0,0.0,0.0,0,0,0.0,0,0,0,0,0,0,0
2023-02-01,SCONES,Turtle,0.0,9.0,9.0,7.0,0,2,0.0,0,15,15,0,0,0,0
2023-02-01,SCONES,Cin Chip,0.0,0.0,0.0,0.0,0,0,0.0,0,0,0,0,0,0,0
2023-02-01,SCONES,FRUIT BAR,0.0,0.0,0.0,0.0,0,0,0.0,0,0,0,0,0,0,0
2023-02-01,SCONES,mixed berry,0.0,15.0,15.0,11.0,3,1,0.0,0,0,0,0,0,0,0
2023-02-01,SCONES,cherry,0.0,10.0,10.0,7.0,3,0,0.0,0,0,0,0,0,0,0
2023-02-01,SCONES,apple cin,0.0,5.0,5.0,0.0,3,2,0.0,0,0,0,0,0,0,0
2023-02-01,SCONES,Fruit Medley,0.0,10.0,10.0,6.0,3,1,0.0,0,0,0,0,0,0,0
2023-02-01,MUFFINS,Blue Stru,0.0,4.0,4.0,4.0,0,0,0.0,0,0,0,0,0,0,0
2023-02-01,MUFFINS,Choc Carm,0.0,8.0,8.0,8.0,0,0,0.0,0,13,13,0,0,0,0
2023-02-01,MUFFINS,Red Velvet,0.0,8.0,8.0,6.0,0,2,0.0,0,13,13,0,0,0,0
2023-02-01,COOKIES/BARS,oat cc,9.0,24.0,33.0,19.0,1,0,13.0,0,0,0,0,0,0,0
2023-02-01,COOKIES/BARS,triple cc,1.0,30.0,31.0,16.0,1,0,14.0,0,0,0,0,0,0,0
2023-02-01,COOKIES/BARS,Snickerdoodle,9.0,24.0,33.0,20.0,1,0,12.0,0,0,0,0,0,0,0
2023-02-01,COOKIES/BARS,P. butter,0.0,12.0,12.0,5.0,0,0,7.0,0,0,0,0,0,0,0
2023-02-01,COOKIES/BARS,PB HEART,0.0,18.0,18.0,9.0,0,0,9.0,0,0,0,0,0,0,0
2023-02-01,COOKIES/BARS,Bliss,0.0,18.0,18.0,6.0,0,0,12.0,0,0,0,0,0,0,0
2023-02-01,COOKIES/BARS,Frosted,6.0,12.0,18.0,11.0,0,0,7.0,0,0,0,0,0,0,0
2023-02-01,COOKIES/BARS,Brownie,19.0,0.0,19.0,6.0,0,0,13.0,0,0,0,0,0,0,0
2023-02-01,COOKIES/BARS,Heart Brown,0.0,0.0,0.0,0.0,0,0,0.0,0,0,0,0,0,0,0
2023-02-01,COOKIES/BARS,Bread Pudding,0.0,0.0,0.0,0.0,0,0,0.0,0,0,0,0,0,0,0
2023-02-01,COOKIES/BARS,Totals,77.0,252.0,296.0,181.0,15,13,87.0,0,56,56,0,0,0,0
2023-02-02,BREAD,H,13.0,20.0,33.0,15.0,0,1,17.0,0,0,0,0,0,0,0
2023-02-02,BREAD,FR,10.0,41.0,51.0,8.0,24,0,19.0,0,0,0,0,0,0,0
2023-02-02,BREAD,GW,0.0,8.0,8.0,4.0,0,0,4.0,0,0,0,0,0,0,0
2023-02-02,BREAD,DK,8.0,0.0,8.0,6.0,0,0,2.0,0,0,0,0,0,0,0
2023-02-02,BREAD,H5,5.0,10.0,15.0,3.0,0,2,10.0,0,0,0,0,0,0,0
2023-02-02,BREAD,Cran,0.0,4.0,4.0,2.0,1,0,1.0,0,0,0,0,0,0,0
2023-02-02,BREAD,CSWRL,0.0,16.0,16.0,11.0,1,0,4.0,0,5,5,5,0,0,0
2023-02-02,BREAD,CnE,7.0,0.0,7.0,5.0,0,2,0.0,1,0,1,1,0,0,0
2023-02-02,BREAD,CnR,3.0,0.0,3.0,3.0,0,0,0.0,0,0,0,0,0,0,0
2023-02-02,BREAD,RW,2.0,0.0,2.0,0.0,0,2,0.0,0,0,0,0,0,0,0
2023-02-02,BREAD,Monk,3.0,0.0,3.0,1.0,0,2,0.0,0,0,0,0,0,0,0
2023-02-02,BREAD,VT,0.0,0.0,0.0,0.0,0,0,0.0,0,0,0,0,0,0,0
2023-02-02,BREAD,CB,0.0,13.0,13.0,9.0,0,0,4.0,0,8,8,7,0,0,1
2023-02-02,BREAD,BfB,0.0,8.0,8.0,3.0,0,0,5.0,0,2,2,2,0,0,0
2023-02-02,BREAD,EB,6.0,12.0,18.0,0.0,0,6,12.0,0,0,0,0,0,0,0
2023-02-02,BREAD,CG,7.0,0.0,7.0,6.0,0,1,0.0,3,0,3,2,0,0,0
2023-02-02,BREAD,Cheet,1.0,0.0,1.0,1.0,0,0,0.0,0,0,0,0,0,0,0
2023-02-02,BREAD,VT,0.0,0.0,0.0,0.0,0,0,0.0,0,0,0,0,0,0,0
2023-02-02,BREAD,bac,1.0,0.0,1.0,1.0,0,0,0.0,0,0,0,0,0,0,0
2023-02-02,BREAD,jal,0.0,0.0,0.0,0.0,0,0,0.0,0,0,0,0,0,0,0
2023-02-02,BREAD,VS,0.0,12.0,12.0,4.0,3,0,5.0,0,3,3,3,0,0,0
2023-02-02,BREAD,Sno Leop,0.0,4.0,4.0,4.0,0,0,0.0,0,0,0,0,0,0,0
2023-02-02,BREAD,sour-TL,7.0,0.0,7.0,7.0,0,0,0.0,0,0,0,0,0,0,0
2023-02-02,BREAD,OB,4.0,0.0,4.0,4.0,0,0,0.0,0,0,0,0,0,0,0
2023-02-02,BREAD,VCB,0.0,4.0,4.0,0.0,0,0,4.0,0,0,0,0,0,0,0
2023-02-02,BREAD,CAR,5.0,0.0,5.0,0.0,0,0,5.0,0,0,0,0,0,0,0
2023-02-02,BREAD,IHF,4.0,0.0,4.0,1.0,0,0,3.0,0,0,0,0,0,0,0
2023-02-02,BREAD,H-RLS,4.0,0.0,4.0,0.0,0,4,0.0,0,0,0,0,0,0,0
2023-02-02,BREAD,FR-RLS,4.0,0.0,4.0,2.0,0,2,0.0,0,0,0,0,0,0,0
2023-02-02,BREAD,VS-RLS,0.0,5.0,5.0,5.0,0,0,0.0,0,0,0,0,0,0,0
2023-02-02,BREAD,Blue Stru,0.0,6.0,6.0,2.0,2,0,2.0,0,0,0,0,0,0,0
2023-02-02,BREAD,Choc Carm,0.0,5.0,5.0,1.0,1,0,3.0,0,0,0,0,0,0,0
2023-02-02,BREAD,Red Velvet,1.0,4.0,5.0,1.0,1,0,3.0,0,0,0,0,0,0,0
2023-02-02,BREAD,CC Heart,0.0,0.0,0.0,0.0,0,0,0.0,0,0,0,0,0,0,0
2023-02-02,BREAD,RV Heart,0.0,0.0,0.0,0.0,0,0,0.0,0,0,0,0,0,0,0
2023-02-02,ROLLS,C-Rolls,0.0,36.0,36.0,31.0,0,5,0.0,0,0,0,0,0,0,0
2023-02-02,ROLLS,C-R HEART,0.0,0.0,0.0,0.0,0,0,0.0,0,0,0,0,0,0,0
2023-02-02,ROLLS,Mini C-Roll,0.0,0.0,0.0,0.0,0,0,0.0,0,0,0,0,0,0,0
2023-02-02,SCONES,Blueberry,0.0,9.0,9.0,9.0,0,0,0.0,0,4,4,0,0,0,0
2023-02-02,SCONES,Fruit Medley,0.0,0.0,0.0,0.0,0,0,0.0,0,0,0,0,0,0,0
2023-02-02,SCONES,Cherry,0.0,0.0,0.0,0.0,0,0,0.0,0,0,0,0,0,0,0
2023-02-02,SCONES,Butt Almond,0.0,0.0,0.0,0.0,0,0,0.0,0,0,0,0,0,0,0
2023-02-02,SCONES,Turtle,0.0,9.0,9.0,9.0,0,0,0.0,0,4,4,0,0,0,0
2023-02-02,SCONES,Cin Chip,0.0,0.0,0.0,0.0,0,0,0.0,0,0,0,0,0,0,0
2023-02-02,SCONES,FRUIT BAR,0.0,0.0,0.0,0.0,0,0,0.0,0,0,0,0,0,0,0
2023-02-02,SCONES,mixed berry,0.0,5.0,5.0,2.0,2,1,0.0,0,0,0,0,0,0,0
2023-02-02,SCONES,cherry,0.0,5.0,5.0,3.0,2,0,0.0,0,0,0,0,0,0,0
2023-02-02,SCONES,apple cin,0.0,5.0,5.0,3.0,2,0,0.0,0,0,0,0,0,0,0
2023-02-02,SCONES,Fruit Medley,0.0,5.0,5.0,3.0,2,0,0.0,0,0,0,0,0,0,0
2023-02-02,MUFFINS,Blue Stru,0.0,4.0,4.0,3.0,0,1,0.0,0,0,0,0,0,0,0
2023-02-02,MUFFINS,Choc Carm,0.0,4.0,4.0,3.0,0,1,0.0,0,4,4,0,0,0,0
2023-02-02,MUFFINS,Red Velvet,0.0,4.0,4.0,3.0,0,1,0.0,0,4,4,0,0,0,0
2023-02-02,COOKIES/BARS,oat cc,13.0,18.0,31.0,25.0,3,0,3.0,0,2,2,0,0,0,0
2023-02-02,COOKIES/BARS,triple cc,14.0,18.0,32.0,27.0,3,0,2.0,0,2,2,0,0,0,0
2023-02-02,COOKIES/BARS,Snickerdoodle,12.0,18.0,30.0,20.0,3,6,1.0,0,6,6,0,0,0,0
2023-02-02,COOKIES/BARS,P. butter,7.0,6.0,13.0,13.0,0,0,0.0,0,2,2,0,0,0,0
2023-02-02,COOKIES/BARS,PB HEART,9.0,6.0,15.0,15.0,0,0,0.0,0,0,0,0,0,0,0
2023-02-02,COOKIES/BARS,Bliss,12.0,6.0,18.0,12.0,0,6,0.0,0,0,0,0,0,0,0
2023-02-02,COOKIES/BARS,Frosted,7.0,12.0,19.0,10.0,0,0,9.0,0,0,0,0,0,0,0
2023-02-02,COOKIES/BARS,Brownie,13.0,20.0,33.0,1.0,0,5,27.0,0,0,0,0,0,0,0
2023-02-02,COOKIES/BARS,Heart Brown,0.0,0.0,0.0,0.0,0,0,0.0,0,0,0,0,0,0,0
2023-02-02,COOKIES/BARS,Bread Pudding,0.0,0.0,0.0,0.0,0,0,0.0,0,0,0,0,0,0,0
2023-02-02,COOKIES/BARS,Totals,109.0,190.0,277.0,192.0,17,26,42.0,0,28,28,0,0,0,0
2023-02-03,BREAD,H,17.0,16.0,33.0,14.0,7,0,12.0,0,0,0,0,0,0,0
2023-02-03,BREAD,FR,19.0,10.0,29.0,10.0,3,0,16.0,0,0,0,0,0,0,0
2023-02-03,BREAD,GW,4.0,9.0,13.0,4.0,0,0,9.0,0,0,0,0,0,0,0
2023-02-03,BREAD,DK,2.0,15.0,17.0,5.0,0,0,12.0,0,0,0,0,0,0,0
2023-02-03,BREAD,H5,10.0,0.0,10.0,7.0,0,0,3.0,0,0,0,0,0,0,0
2023-02-03,BREAD,Cran,1.0,0.0,1.0,1.0,0,0,0.0,0,0,0,0,0,0,0
2023-02-03,BREAD,CSWRL,4.0,20.0,24.0,16.0,1,0,7.0,0,6,6,1,0,0,5
2023-02-03,BREAD,king,0.0,3.0,3.0,1.0,1,0,1.0,0,0,0,-1,0,0,0
2023-02-03,BREAD,CnE,0.0,16.0,16.0,1.0,0,0,15.0,0,2,2,2,0,0,0
2023-02-03,BREAD,CnR,0.0,6.0,6.0,3.0,0,0,3.0,0,0,0,0,0,0,0
2023-02-03,BREAD,RW,0.0,6.0,6.0,6.0,0,0,0.0,0,0,0,0,0,0,0
2023-02-03,BREAD,Monk,0.0,8.0,8.0,5.0,0,0,3.0,0,0,0,0,0,0,0
2023-02-03,BREAD,VT,0.0,0.0,0.0,0.0,0,0,0.0,0,0,0,0,0,0,0
2023-02-03,BREAD,CB,4.0,0.0,4.0,2.0,0,0,2.0,1,0,1,-3,0,0,4
2023-02-03,BREAD,BfB,5.0,0.0,5.0,0.0,0,0,5.0,0,0,0,0,0,0,0
2023-02-03,BREAD,EB,12.0,0.0,12.0,6.0,0,0,6.0,0,0,0,0,0,0,0
2023-02-03,BREAD,CG,0.0,13.0,13.0,13.0,0,0,0.0,0,4,4,4,0,0,0
2023-02-03,BREAD,Cheet,0.0,5.0,5.0,3.0,0,0,2.0,0,0,0,0,0,0,0
2023-02-03,BREAD,VT,0.0,0.0,0.0,0.0,0,0,0.0,0,0,0,0,0,0,0
2023-02-03,BREAD,bac,0.0,4.0,4.0,3.0,0,0,1.0,0,0,0,0,0,0,0
2023-02-03,BREAD,jal,0.0,4.0,4.0,0.0,0,0,4.0,0,0,0,0,0,0,0
2023-02-03,BREAD,VS,5.0,0.0,5.0,5.0,0,0,0.0,0,0,0,0,0,0,0
2023-02-03,BREAD,Sno Leop,0.0,0.0,0.0,0.0,0,0,0.0,0,0,0,0,0,0,0
2023-02-03,BREAD,sour-TL,0.0,15.0,15.0,9.0,0,0,6.0,0,0,0,0,0,0,0
2023-02-03,BREAD,OB,0.0,4.0,4.0,2.0,0,0,2.0,0,0,0,0,0,0,0
2023-02-03,BREAD,CAR,5.0,0.0,5.0,2.0,0,0,3.0,0,0,0,0,0,0,0
2023-02-03,BREAD,IHF,3.0,19.0,22.0,1.0,0,0,21.0,0,0,0,0,0,0,0
2023-02-03,BREAD,H-RLS,0.0,7.0,7.0,1.0,3,0,3.0,0,0,0,0,0,0,0
2023-02-03,BREAD,FR-RLS,0.0,7.0,7.0,4.0,3,0,0.0,0,0,0,0,0,0,0
2023-02-03,BREAD,VS-RLS,0.0,0.0,0.0,0.0,0,0,0.0,0,0,0,0,0,0,0
2023-02-03,BREAD,Blue Stru,2.0,5.0,7.0,5.0,2,0,0.0,0,0,0,0,0,0,0
2023-02-03,BREAD,Choc Carm,3.0,2.0,5.0,3.0,0,0,2.0,0,0,0,0,0,0,0
2023-02-03,BREAD,Red Velvet,3.0,3.0,6.0,0.0,0,3,3.0,0,0,0,0,0,0,0
2023-02-03,BREAD,CC Heart,0.0,2.0,2.0,1.0,0,0,1.0,0,0,0,0,0,0,0
2023-02-03,BREAD,RV Heart,0.0,2.0,2.0,1.0,0,0,1.0,0,0,0,0,0,0,0
2023-02-03,ROLLS,C-Rolls,0.0,48.0,48.0,48.0,0,0,0.0,0,0,0,0,0,0,0
2023-02-03,ROLLS,C-R HEART,0.0,3.0,3.0,2.0,0,1,0.0,0,0,0,0,0,0,0
2023-02-03,ROLLS,Mini C-Roll,0.0,24.0,24.0,0.0,24,0,0.0,0,0,0,0,0,0,0
2023-02-03,SCONES,Blueberry,0.0,15.0,15.0,15.0,0,0,0.0,0,4,4,0,0,0,0
2023-02-03,SCONES,Fruit Medley,0.0,0.0,0.0,0.0,0,0,0.0,0,0,0,0,0,0,0
2023-02-03,SCONES,Cherry,0.0,0.0,0.0,0.0,0,0,0.0,0,0,0,0,0,0,0
2023-02-03,SCONES,Butt Almond,0.0,14.0,14.0,14.0,0,0,0.0,0,4,4,0,0,0,0
2023-02-03,SCONES,Turtle,0.0,0.0,0.0,0.0,0,0,0.0,0,0,0,0,0,0,0
2023-02-03,SCONES,Cin Chip,0.0,0.0,0.0,0.0,0,0,0.0,0,0,0,0,0,0,0
2023-02-03,SCONES,FRUIT BAR,0.0,0.0,0.0,0.0,0,0,0.0,0,0,0,0,0,0,0
2023-02-03,SCONES,mixed berry,0.0,5.0,5.0,3.0,2,0,0.0,0,0,0,0,0,0,0
2023-02-03,SCONES,cherry,0.0,5.0,5.0,3.0,2,0,0.0,0,0,0,0,0,0,0
2023-02-03,SCONES,apple cin,0.0,0.0,0.0,0.0,0,0,0.0,0,0,0,0,0,0,0
2023-02-03,SCONES,Fruit Medley,0.0,0.0,0.0,0.0,0,0,0.0,0,0,0,0,0,0,0
2023-02-03,MUFFINS,Blue Stru,0.0,4.0,4.0,4.0,0,0,0.0,0,0,0,0,0,0,0
2023-02-03,MUFFINS,Choc Carm,0.0,4.0,4.0,4.0,0,0,0.0,0,5,5,0,0,0,0
2023-02-03,MUFFINS,Red Velvet,0.0,4.0,4.0,4.0,0,0,0.0,0,5,5,0,0,0,0
2023-02-03,COOKIES/BARS,oat cc,3.0,30.0,33.0,21.0,3,0,9.0,0,0,0,0,0,0,0
2023-02-03,COOKIES/BARS,triple cc,2.0,30.0,32.0,23.0,3,0,6.0,0,0,0,0,0,0,0
2023-02-03,COOKIES/BARS,Snickerdoodle,1.0,30.0,31.0,19.0,3,0,9.0,0,0,0,0,0,0,0
2023-02-03,COOKIES/BARS,P. butter,0.0,18.0,18.0,18.0,0,0,0.0,0,0,0,0,0,0,0
2023-02-03,COOKIES/BARS,PB HEART,0.0,18.0,18.0,13.0,0,0,5.0,0,0,0,0,0,0,0
2023-02-03,COOKIES/BARS,Bliss,0.0,18.0,18.0,12.0,0,0,6.0,0,0,0,0,0,0,0
2023-02-03,COOKIES/BARS,Frosted,9.0,6.0,15.0,10.0,0,0,5.0,0,0,0,0,0,0,0
2023-02-03,COOKIES/BARS,Brownie,27.0,0.0,27.0,3.0,0,0,24.0,0,0,0,0,0,0,0
2023-02-03,COOKIES/BARS,Heart Brown,0.0,0.0,0.0,0.0,0,0,0.0,0,0,0,0,0,0,0
2023-02-03,COOKIES/BARS,heart TCc,0.0,2.0,2.0,1.0,0,0,1.0,0,0,0,0,0,0,0
2023-02-03,COOKIES/BARS,Bread Pudding,0.0,0.0,0.0,0.0,0,0,0.0,0,0,0,0,0,0,0
2023-02-03,COOKIES/BARS,Totals,75.0,278.0,320.0,217.0,37,1,65.0,0,18,18,0,0,0,0
2023-02-04,BREAD,H,12.0,0.0,12.0,10.0,0,2,0.0,0,0,0,0,0,0,0
2023-02-04,BREAD,FR,16.0,0.0,16.0,12.0,0,4,0.0,0,0,0,0,0,0,0
2023-02-04,BREAD,GW,9.0,0.0,9.0,4.0,0,5,0.0,0,0,0,0,0,0,0
2023-02-04,BREAD,DK,12.0,0.0,12.0,9.0,0,3,0.0,0,0,0,0,0,0,0
2023-02-04,BREAD,H5,3.0,0.0,3.0,2.0,0,1,0.0,0,0,0,0,0,0,0
2023-02-04,BREAD,Cran,0.0,0.0,0.0,0.0,0,0,0.0,0,0,0,0,0,0,0
2023-02-04,BREAD,CSWRL,7.0,8.0,15.0,15.0,0,0,0.0,5,0,5,4,0,0,0
2023-02-04,BREAD,CnE,15.0,0.0,15.0,15.0,0,0,0.0,0,0,0,0,0,0,0
2023-02-04,BREAD,CnR,3.0,0.0,3.0,3.0,0,0,0.0,0,0,0,0,0,0,0
2023-02-04,BREAD,RW,0.0,0.0,0.0,0.0,0,0,0.0,0,0,0,0,0,0,0
2023-02-04,BREAD,Monk,3.0,0.0,3.0,3.0,0,0,0.0,0,0,0,0,0,0,0
2023-02-04,BREAD,VT,0.0,0.0,0.0,0.0,0,0,0.0,0,0,0,0,0,0,0
2023-02-04,BREAD,CB,2.0,0.0,2.0,2.0,0,0,0.0,4,0,4,2,0,0,0
2023-02-04,BREAD,BfB,5.0,0.0,5.0,2.0,0,3,0.0,0,0,0,0,0,0,0
2023-02-04,BREAD,EB,6.0,0.0,6.0,3.0,0,3,0.0,0,0,0,0,0,0,0
2023-02-04,BREAD,CG,0.0,0.0,0.0,0.0,0,0,0.0,0,0,0,0,0,0,0
2023-02-04,BREAD,Cheet,2.0,0.0,2.0,2.0,0,0,0.0,0,0,0,0,0,0,0
2023-02-04,BREAD,VT,0.0,0.0,0.0,0.0,0,0,0.0,0,0,0,0,0,0,0
2023-02-04,BREAD,bac,1.0,0.0,1.0,1.0,0,0,0.0,0,0,0,0,0,0,0
2023-02-04,BREAD,jal,4.0,0.0,4.0,4.0,0,0,0.0,0,0,0,0,0,0,0
2023-02-04,BREAD,VS,0.0,0.0,0.0,0.0,0,0,0.0,0,0,0,0,0,0,0
2023-02-04,BREAD,Sno Leop,0.0,0.0,0.0,0.0,0,0,0.0,0,0,0,0,0,0,0
2023-02-04,BREAD,sour-TL,6.0,0.0,6.0,6.0,0,0,0.0,0,0,0,0,0,0,0
2023-02-04,BREAD,OB,2.0,0.0,2.0,2.0,0,0,0.0,0,0,0,0,0,0,0
2023-02-04,BREAD,CAR,3.0,0.0,3.0,3.0,0,0,0.0,0,0,0,0,0,0,0
2023-02-04,BREAD,IHF,21.0,0.0,21.0,21.0,0,0,0.0,0,0,0,0,0,0,0
2023-02-04,BREAD,H-RLS,3.0,0.0,3.0,2.0,0,1,0.0,0,0,0,0,0,0,0
2023-02-04,BREAD,FR-RLS,0.0,0.0,0.0,0.0,0,0,0.0,0,0,0,0,0,0,0
2023-02-04,BREAD,VS-RLS,0.0,0.0,0.0,0.0,0,0,0.0,0,0,0,0,0,0,0
2023-02-04,BREAD,Blue Stru,0.0,3.0,3.0,2.0,0,1,0.0,0,0,0,0,0,0,0
2023-02-04,BREAD,Choc Carm,2.0,1.0,3.0,2.0,0,1,0.0,0,0,0,0,0,0,0
2023-02-04,BREAD,Red Velvet,3.0,0.0,3.0,2.0,0,1,0.0,0,0,0,0,0,0,0
2023-02-04,BREAD,CC Heart,1.0,0.0,1.0,1.0,0,0,0.0,0,0,0,0,0,0,0
2023-02-04,BREAD,RV Heart,1.0,0.0,1.0,0.0,0,1,0.0,0,0,0,0,0,0,0
2023-02-04,ROLLS,C-Rolls,0.0,60.0,60.0,31.0,0,29,0.0,0,0,0,0,0,0,0
2023-02-04,ROLLS,C-R HEART,0.0,0.0,0.0,0.0,0,0,0.0,0,0,0,0,0,0,0
2023-02-04,ROLLS,Mini C-Roll,0.0,0.0,0.0,0.0,0,0,0.0,0,0,0,0,0,0,0
2023-02-04,SCONES,Blueberry,0.0,17.0,17.0,13.0,4,0,0.0,0,0,0,0,0,0,0
2023-02-04,SCONES,Fruit Medley,0.0,0.0,0.0,0.0,0,0,0.0,0,0,0,0,0,0,0
2023-02-04,SCONES,Cherry,0.0,0.0,0.0,0.0,0,0,0.0,0,0,0,0,0,0,0
2023-02-04,SCONES,Butt Almond,0.0,16.0,16.0,16.0,0,0,0.0,0,0,0,0,0,0,0
2023-02-04,SCONES,Turtle,0.0,0.0,0.0,0.0,0,0,0.0,0,0,0,0,0,0,0
2023-02-04,SCONES,Cin Chip,0.0,0.0,0.0,0.0,0,0,0.0,0,0,0,0,0,0,0
2023-02-04,SCONES,FRUIT BAR,0.0,0.0,0.0,0.0,0,0,0.0,0,0,0,0,0,0,0
2023-02-04,SCONES,mixed berry,0.0,5.0,5.0,4.0,0,1,0.0,0,0,0,0,0,0,0
2023-02-04,SCONES,cherry,0.0,5.0,5.0,4.0,0,1,0.0,0,0,0,0,0,0,0
2023-02-04,SCONES,apple cin,0.0,5.0,5.0,4.0,0,1,0.0,0,0,0,0,0,0,0
2023-02-04,SCONES,Fruit Medley,0.0,5.0,5.0,5.0,0,0,0.0,0,0,0,0,0,0,0
2023-02-04,MUFFINS,Blue Stru,0.0,4.0,4.0,4.0,0,0,0.0,0,0,0,0,0,0,0
2023-02-04,MUFFINS,Choc Carm,0.0,4.0,4.0,4.0,0,0,0.0,0,0,0,0,0,0,0
2023-02-04,MUFFINS,Red Velvet,0.0,4.0,4.0,4.0,0,0,0.0,0,0,0,0,0,0,0
2023-02-04,COOKIES/BARS,oat cc,9.0,12.0,21.0,19.0,0,2,0.0,0,0,0,0,0,0,0
2023-02-04,COOKIES/BARS,triple cc,6.0,12.0,18.0,8.0,0,10,0.0,0,0,0,0,0,0,0
2023-02-04,COOKIES/BARS,Snickerdoodle,9.0,12.0,21.0,9.0,0,12,0.0,0,0,0,0,0,0,0
2023-02-04,COOKIES/BARS,P. butter,0.0,6.0,6.0,0.0,0,6,0.0,0,0,0,0,0,0,0
2023-02-04,COOKIES/BARS,PB HEART,5.0,6.0,11.0,2.0,0,9,0.0,0,0,0,0,0,0,0
2023-02-04,COOKIES/BARS,Bliss,6.0,6.0,12.0,4.0,0,8,0.0,0,0,0,0,0,0,0
2023-02-04,COOKIES/BARS,Frosted,5.0,6.0,11.0,5.0,0,1,5.0,0,0,0,0,0,0,0
2023-02-04,COOKIES/BARS,Brownie,24.0,0.0,24.0,5.0,0,3,16.0,0,0,0,0,0,0,0
2023-02-04,COOKIES/BARS,Heart Brown,0.0,0.0,0.0,0.0,0,0,0.0,0,0,0,0,0,0,0
2023-02-04,COOKIES/BARS,Heart TCC,1.0,0.0,1.0,0.0,0,1,0.0,0,0,0,0,0,0,0
2023-02-04,COOKIES/BARS,Bread Pudding,0.0,0.0,0.0,0.0,0,0,0.0,0,0,0,0,0,0,0
2023-02-04,COOKIES/BARS,Totals,98.0,185.0,250.0,141.0,4,84,21.0,0,0,0,0,0,0,0
2023-02-05,BREAD,H,0.0,0.0,0.0,0.0,0,0,0.0,0,0,0,0,0,0,0
2023-02-05,BREAD,FR,0.0,0.0,0.0,0.0,0,0,0.0,0,0,0,0,0,0,0
2023-02-05,BREAD,GW,0.0,0.0,0.0,0.0,0,0,0.0,0,0,0,0,0,0,0
2023-02-05,BREAD,DK,0.0,0.0,0.0,0.0,0,0,0.0,0,0,0,0,0,0,0
2023-02-05,BREAD,H5,0.0,0.0,0.0,0.0,0,0,0.0,0,0,0,0,0,0,0
2023-02-05,BREAD,Cran,0.0,0.0,0.0,0.0,0,0,0.0,0,0,0,0,0,0,0
2023-02-05,BREAD,CSWRL,0.0,0.0,0.0,0.0,0,0,0.0,0,0,0,0,0,0,0
2023-02-05,BREAD,CnE,0.0,0.0,0.0,0.0,0,0,0.0,0,0,0,0,0,0,0
2023-02-05,BREAD,CnR,0.0,0.0,0.0,0.0,0,0,0.0,0,0,0,0,0,0,0
2023-02-05,BREAD,RW,0.0,0.0,0.0,0.0,0,0,0.0,0,0,0,0,0,0,0
2023-02-05,BREAD,Monk,0.0,0.0,0.0,0.0,0,0,0.0,0,0,0,0,0,0,0
2023-02-05,BREAD,VT,0.0,0.0,0.0,0.0,0,0,0.0,0,0,0,0,0,0,0
2023-02-05,BREAD,CB,0.0,0.0,0.0,0.0,0,0,0.0,0,0,0,0,0,0,0
2023-02-05,BREAD,BfB,0.0,0.0,0.0,0.0,0,0,0.0,0,0,0,0,0,0,0
2023-02-05,BREAD,EB,0.0,0.0,0.0,0.0,0,0,0.0,0,0,0,0,0,0,0
2023-02-05,BREAD,CG,0.0,0.0,0.0,0.0,0,0,0.0,0,0,0,0,0,0,0
2023-02-05,BREAD,Cheet,0.0,0.0,0.0,0.0,0,0,0.0,0,0,0,0,0,0,0
2023-02-05,BREAD,VT,0.0,0.0,0.0,0.0,0,0,0.0,0,0,0,0,0,0,0
2023-02-05,BREAD,bac,0.0,0.0,0.0,0.0,0,0,0.0,0,0,0,0,0,0,0
2023-02-05,BREAD,jal,0.0,0.0,0.0,0.0,0,0,0.0,0,0,0,0,0,0,0
2023-02-05,BREAD,VS,0.0,0.0,0.0,0.0,0,0,0.0,0,0,0,0,0,0,0
2023-02-05,BREAD,Sno Leop,0.0,0.0,0.0,0.0,0,0,0.0,0,0,0,0,0,0,0
2023-02-05,BREAD,sour-TL,0.0,0.0,0.0,0.0,0,0,0.0,0,0,0,0,0,0,0
2023-02-05,BREAD,OB,0.0,0.0,0.0,0.0,0,0,0.0,0,0,0,0,0,0,0
2023-02-05,BREAD,CAR,0.0,0.0,0.0,0.0,0,0,0.0,0,0,0,0,0,0,0
2023-02-05,BREAD,IHF,0.0,0.0,0.0,0.0,0,0,0.0,0,0,0,0,0,0,0
2023-02-05,BREAD,H-RLS,0.0,0.0,0.0,0.0,0,0,0.0,0,0,0,0,0,0,0
2023-02-05,BREAD,FR-RLS,0.0,0.0,0.0,0.0,0,0,0.0,0,0,0,0,0,0,0
2023-02-05,BREAD,VS-RLS,0.0,0.0,0.0,0.0,0,0,0.0,0,0,0,0,0,0,0
2023-02-05,BREAD,Blue Stru,0.0,0.0,0.0,0.0,0,0,0.0,0,0,0,0,0,0,0
2023-02-05,BREAD,Choc Carm,0.0,0.0,0.0,0.0,0,0,0.0,0,0,0,0,0,0,0
2023-02-05,BREAD,Red Velvet,0.0,0.0,0.0,0.0,0,0,0.0,0,0,0,0,0,0,0
2023-02-05,BREAD,CC Heart,0.0,0.0,0.0,0.0,0,0,0.0,0,0,0,0,0,0,0
2023-02-05,BREAD,RV Heart,0.0,0.0,0.0,0.0,0,0,0.0,0,0,0,0,0,0,0
2023-02-05,ROLLS,C-Rolls,0.0,24.0,24.0,24.0,0,0,0.0,0,0,0,0,0,0,0
2023-02-05,ROLLS,C-R HEART,0.0,0.0,0.0,0.0,0,0,0.0,0,0,0,0,0,0,0
2023-02-05,ROLLS,Mini C-Roll,0.0,0.0,0.0,0.0,0,0,0.0,0,0,0,0,0,0,0
2023-02-05,SCONES,Blueberry,0.0,11.0,11.0,11.0,0,0,0.0,0,0,0,0,0,0,0
2023-02-05,SCONES,Fruit Medley,0.0,0.0,0.0,0.0,0,0,0.0,0,0,0,0,0,0,0
2023-02-05,SCONES,Cherry,0.0,0.0,0.0,0.0,0,0,0.0,0,0,0,0,0,0,0
2023-02-05,SCONES,Butt Almond,0.0,0.0,0.0,0.0,0,0,0.0,0,0,0,0,0,0,0
2023-02-05,SCONES,Turtle,0.0,11.0,11.0,11.0,0,0,0.0,0,0,0,0,0,0,0
2023-02-05,SCONES,Cin Chip,0.0,0.0,0.0,0.0,0,0,0.0,0,0,0,0,0,0,0
2023-02-05,SCONES,FRUIT BAR,0.0,0.0,0.0,0.0,0,0,0.0,0,0,0,0,0,0,0
2023-02-05,SCONES,mixed berry,0.0,5.0,5.0,5.0,0,0,0.0,0,0,0,0,0,0,0
2023-02-05,SCONES,cherry,0.0,5.0,5.0,5.0,0,0,0.0,0,0,0,0,0,0,0
2023-02-05,SCONES,apple cin,0.0,5.0,5.0,5.0,0,0,0.0,0,0,0,0,0,0,0
2023-02-05,SCONES,Fruit Medley,0.0,5.0,5.0,5.0,0,0,0.0,0,0,0,0,0,0,0
2023-02-05,MUFFINS,Blue Stru,0.0,3.0,3.0,3.0,0,0,0.0,0,0,0,0,0,0,0
2023-02-05,MUFFINS,Choc Carm,0.0,3.0,3.0,3.0,0,0,0.0,0,0,0,0,0,0,0
2023-02-05,MUFFINS,Red Velvet,0.0,3.0,3.0,3.0,0,0,0.0,0,0,0,0,0,0,0
2023-02-05,COOKIES/BARS,oat cc,0.0,0.0,0.0,0.0,0,0,0.0,0,0,0,0,0,0,0
2023-02-05,COOKIES/BARS,triple cc,0.0,0.0,0.0,0.0,0,0,0.0,0,0,0,0,0,0,0
2023-02-05,COOKIES/BARS,Snickerdoodle,0.0,0.0,0.0,0.0,0,0,0.0,0,0,0,0,0,0,0
2023-02-05,COOKIES/BARS,P. butter,0.0,0.0,0.0,0.0,0,0,0.0,0,0,0,0,0,0,0
2023-02-05,COOKIES/BARS,PB HEART,0.0,0.0,0.0,0.0,0,0,0.0,0,0,0,0,0,0,0
2023-02-05,COOKIES/BARS,Bliss,0.0,0.0,0.0,0.0,0,0,0.0,0,0,0,0,0,0,0
2023-02-05,COOKIES/BARS,Frosted,5.0,0.0,5.0,0.0,0,0,5.0,0,0,0,0,0,0,0
2023-02-05,COOKIES/BARS,Brownie,16.0,0.0,16.0,0.0,0,0,16.0,0,0,0,0,0,0,0
2023-02-05,COOKIES/BARS,Heart Brown,0.0,0.0,0.0,0.0,0,0,0.0,0,0,0,0,0,0,0
2023-02-05,COOKIES/BARS,Heart TCC,0.0,0.0,0.0,0.0,0,0,0.0,0,0,0,0,0,0,0
2023-02-05,COOKIES/BARS,Bread Pudding,0.0,0.0,0.0,0.0,0,0,0.0,0,0,0,0,0,0,0
2023-02-05,COOKIES/BARS,Totals,43.0,75.0,96.0,75.0,0,0,21.0,0,0,0,0,0,0,0
2023-02-06,BREAD,H,0.0,31.0,31.0,10.0,0,0,21.0,0,0,0,0,0,0,0
2023-02-06,BREAD,FR,0.0,40.0,40.0,9.0,24,0,7.0,0,0,0,0,0,0,0
2023-02-06,BREAD,GW,0.0,9.0,9.0,5.0,0,0,4.0,0,0,0,0,0,0,0
2023-02-06,BREAD,DK,0.0,14.0,14.0,4.0,0,0,10.0,0,0,0,0,0,0,0
2023-02-06,BREAD,H5,0.0,0.0,0.0,0.0,0,0,0.0,0,0,0,0,0,0,0
2023-02-06,BREAD,Cran,0.0,0.0,0.0,0.0,0,0,0.0,0,0,0,0,0,0,0
2023-02-06,BREAD,CSWRL,0.0,20.0,20.0,9.0,0,0,11.0,0,5,5,3,0,0,2
2023-02-06,BREAD,CnE,0.0,10.0,10.0,5.0,0,0,5.0,0,3,3,1,0,0,2
2023-02-06,BREAD,CnR,0.0,5.0,5.0,2.0,0,0,3.0,0,0,0,0,0,0,0
2023-02-06,BREAD,RW,0.0,5.0,5.0,1.0,0,0,4.0,0,0,0,0,0,0,0
2023-02-06,BREAD,Monk,0.0,7.0,7.0,4.0,0,0,3.0,0,0,0,0,0,0,0
2023-02-06,BREAD,VT,0.0,0.0,0.0,0.0,0,0,0.0,0,0,0,0,0,0,0
2023-02-06,BREAD,CB,0.0,0.0,0.0,0.0,0,0,0.0,0,0,0,0,0,0,0
2023-02-06,BREAD,BfB,0.0,0.0,0.0,0.0,0,0,0.0,0,0,0,0,0,0,0
2023-02-06,BREAD,EB,0.0,0.0,0.0,0.0,0,0,0.0,0,0,0,0,0,0,0
2023-02-06,BREAD,CG,0.0,8.0,8.0,8.0,0,0,0.0,0,4,4,1,0,0,3
2023-02-06,BREAD,Cheet,0.0,4.0,4.0,1.0,0,0,3.0,0,0,0,0,0,0,0
2023-02-06,BREAD,VT,0.0,0.0,0.0,0.0,0,0,0.0,0,0,0,0,0,0,0
2023-02-06,BREAD,bac,0.0,2.0,2.0,0.0,0,0,2.0,0,0,0,0,0,0,0
2023-02-06,BREAD,jal,0.0,2.0,2.0,2.0,0,0,0.0,0,0,0,0,0,0,0
2023-02-06,BREAD,VS,0.0,0.0,0.0,0.0,0,0,0.0,0,0,0,0,0,0,0
2023-02-06,BREAD,Sno Leop,0.0,0.0,0.0,0.0,0,0,0.0,0,0,0,0,0,0,0
2023-02-06,BREAD,sour-TL,0.0,32.0,32.0,5.0,22,0,5.0,0,0,0,0,0,0,0
2023-02-06,BREAD,OB,0.0,5.0,5.0,1.0,0,0,4.0,0,0,0,0,0,0,0
2023-02-06,BREAD,CAR,3.0,0.0,3.0,1.0,0,0,2.0,0,0,0,0,0,0,0
2023-02-06,BREAD,IHF,21.0,0.0,21.0,8.0,0,0,13.0,0,0,0,0,0,0,0
2023-02-06,BREAD,H-RLS,0.0,3.0,3.0,3.0,0,0,0.0,0,0,0,0,0,0,0
2023-02-06,BREAD,FR-RLS,0.0,3.0,3.0,2.0,0,0,1.0,0,0,0,0,0,0,0
2023-02-06,BREAD,VS-RLS,0.0,0.0,0.0,0.0,0,0,0.0,0,0,0,0,0,0,0
2023-02-06,BREAD,Blue Stru,0.0,3.0,3.0,3.0,0,0,0.0,0,0,0,0,0,0,0
2023-02-06,BREAD,Choc Carm,0.0,3.0,3.0,1.0,0,0,2.0,0,0,0,0,0,0,0
2023-02-06,BREAD,Red Velvet,0.0,3.0,3.0,2.0,0,0,1.0,0,0,0,0,0,0,0
2023-02-06,BREAD,CC Heart,0.0,2.0,2.0,0.0,0,0,2.0,0,0,0,0,0,0,0
2023-02-06,BREAD,RV Heart,0.0,2.0,2.0,0.0,0,0,2.0,0,0,0,0,0,0,0
2023-02-06,ROLLS,C-Rolls,0.0,24.0,24.0,24.0,0,0,0.0,0,0,0,0,0,0,0
2023-02-06,ROLLS,C-R HEART,0.0,0.0,0.0,0.0,0,0,0.0,0,0,0,0,0,0,0
2023-02-06,ROLLS,Mini C-Roll,0.0,0.0,0.0,0.0,0,0,0.0,0,0,0,0,0,0,0
2023-02-06,SCONES,Blueberry,0.0,0.0,0.0,0.0,0,0,0.0,0,0,0,0,0,0,0
2023-02-06,SCONES,Fruit Medley,0.0,0.0,0.0,0.0,0,0,0.0,0,0,0,0,0,0,0
2023-02-06,SCONES,Cherry,0.0,11.0,11.0,4.0,0,7,0.0,0,0,0,0,0,0,0
2023-02-06,SCONES,Butt Almond,0.0,12.0,12.0,9.0,0,3,0.0,0,0,0,0,0,0,0
2023-02-06,SCONES,Turtle,0.0,0.0,0.0,0.0,0,0,0.0,0,0,0,0,0,0,0
2023-02-06,SCONES,Cin Chip,0.0,0.0,0.0,0.0,0,0,0.0,0,0,0,0,0,0,0
2023-02-06,SCONES,FRUIT BAR,0.0,0.0,0.0,0.0,0,0,0.0,0,0,0,0,0,0,0
2023-02-06,SCONES,mixed berry,0.0,5.0,5.0,2.0,0,3,0.0,0,0,0,0,0,0,0
2023-02-06,SCONES,cherry,0.0,5.0,5.0,3.0,0,2,0.0,0,0,0,0,0,0,0
2023-02-06,SCONES,apple cin,0.0,5.0,5.0,3.0,0,2,0.0,0,0,0,0,0,0,0
2023-02-06,SCONES,Fruit Medley,0.0,5.0,5.0,5.0,0,0,0.0,0,0,0,0,0,0,0
2023-02-06,MUFFINS,Blue Stru,0.0,5.0,5.0,0.0,0,5,0.0,0,0,0,0,0,0,0
2023-02-06,MUFFINS,Choc Carm,0.0,4.0,4.0,1.0,0,3,0.0,0,0,0,0,0,0,0
2023-02-06,MUFFINS,Red Velvet,0.0,4.0,4.0,3.0,0,1,0.0,0,0,0,0,0,0,0
2023-02-06,COOKIES/BARS,oat cc,0.0,30.0,30.0,12.0,0,0,18.0,0,0,0,0,0,0,0
2023-02-06,COOKIES/BARS,triple cc,0.0,30.0,30.0,14.0,0,0,16.0,0,0,0,0,0,0,0
2023-02-06,COOKIES/BARS,Snickerdoodle,0.0,30.0,30.0,8.0,0,0,22.0,0,12,12,0,0,0,0
2023-02-06,COOKIES/BARS,P. butter,0.0,12.0,12.0,12.0,0,0,0.0,0,0,0,0,0,0,0
2023-02-06,COOKIES/BARS,PB HEART,0.0,12.0,12.0,5.0,0,0,7.0,0,0,0,0,0,0,0
2023-02-06,COOKIES/BARS,Bliss,0.0,12.0,12.0,2.0,0,0,10.0,0,12,12,0,0,0,0
2023-02-06,COOKIES/BARS,Frosted,5.0,24.0,29.0,6.0,12,4,7.0,0,0,0,0,0,0,0
2023-02-06,COOKIES/BARS,Brownie,16.0,0.0,16.0,3.0,0,0,13.0,0,0,0,0,0,0,0
2023-02-06,COOKIES/BARS,Heart Brown,0.0,0.0,0.0,0.0,0,0,0.0,0,0,0,0,0,0,0
2023-02-06,COOKIES/BARS,Heart TCC,0.0,2.0,2.0,0.0,0,0,2.0,0,0,0,0,0,0,0
2023-02-06,COOKIES/BARS,Bread Pudding,0.0,0.0,0.0,0.0,0,0,0.0,0,0,0,0,0,0,0
2023-02-06,COOKIES/BARS,Totals,44.0,232.0,253.0,116.0,12,30,95.0,0,24,24,0,0,0,0
2023-02-07,BREAD,H,21.0,13.0,34.0,22.0,0,0,12.0,0,0,0,0,0,0,0
2023-02-07,BREAD,FR,7.0,13.0,20.0,7.0,0,0,13.0,0,0,0,0,0,0,0
2023-02-07,BREAD,GW,4.0,3.0,7.0,3.0,0,2,2.0,0,0,0,0,0,0,0
2023-02-07,BREAD,DK,10.0,0.0,10.0,9.0,0,0,1.0,0,0,0,0,0,0,0
2023-02-07,BREAD,H5,0.0,9.0,9.0,4.0,0,0,5.0,0,0,0,0,0,0,0
2023-02-07,BREAD,Cran,0.0,4.0,4.0,2.0,0,0,2.0,0,0,0,0,0,0,0
2023-02-07,BREAD,CSWRL,11.0,8.0,19.0,8.0,0,5,6.0,2,2,4,2,0,0,0
2023-02-07,BREAD,CnE,5.0,0.0,5.0,4.0,0,1,0.0,2,0,2,1,0,0,0
2023-02-07,BREAD,CnR,3.0,0.0,3.0,2.0,0,1,0.0,0,0,0,0,0,0,0
2023-02-07,BREAD,RW,4.0,0.0,4.0,2.0,0,2,0.0,0,0,0,0,0,0,0
2023-02-07,BREAD,Monk,3.0,0.0,3.0,1.0,0,2,0.0,0,0,0,0,0,0,0
2023-02-07,BREAD,VT,0.0,0.0,0.0,0.0,0,0,0.0,0,0,0,0,0,0,0
2023-02-07,BREAD,CB,0.0,8.0,8.0,3.0,1,0,4.0,0,3,3,3,0,0,0
2023-02-07,BREAD,BfB,0.0,7.0,7.0,5.0,0,0,2.0,0,3,3,2,0,0,1
2023-02-07,BREAD,EB,0.0,0.0,0.0,0.0,0,0,0.0,0,0,0,0,0,0,0
2023-02-07,BREAD,CG,0.0,0.0,0.0,0.0,0,0,0.0,3,0,3,2,0,0,0
2023-02-07,BREAD,Cheet,3.0,0.0,3.0,3.0,0,0,0.0,0,0,0,0,0,0,0
2023-02-07,BREAD,VT,0.0,0.0,0.0,0.0,0,0,0.0,0,0,0,0,0,0,0
2023-02-07,BREAD,bac,2.0,0.0,2.0,2.0,0,0,0.0,0,0,0,0,0,0,0
2023-02-07,BREAD,jal,0.0,0.0,0.0,0.0,0,0,0.0,0,0,0,0,0,0,0
2023-02-07,BREAD,VS,0.0,12.0,12.0,7.0,0,0,5.0,0,3,3,2,0,0,1
2023-02-07,BREAD,Sno Leop,0.0,4.0,4.0,3.0,0,0,1.0,0,0,0,0,0,0,0
2023-02-07,BREAD,sour-TL,5.0,0.0,5.0,5.0,0,0,0.0,0,0,0,0,0,0,0
2023-02-07,BREAD,OB,4.0,0.0,4.0,3.0,0,1,0.0,0,0,0,0,0,0,0
2023-02-07,BREAD,CAR,2.0,15.0,17.0,3.0,0,0,14.0,0,0,0,0,0,0,0
2023-02-07,BREAD,IHF,13.0,0.0,13.0,0.0,0,0,13.0,0,0,0,0,0,0,0
2023-02-07,BREAD,H-RLS,0.0,2.0,2.0,1.0,0,0,1.0,0,0,0,0,0,0,0
2023-02-07,BREAD,FR-RLS,1.0,2.0,3.0,1.0,0,0,2.0,0,0,0,0,0,0,0
2023-02-07,BREAD,VS-RLS,0.0,0.0,0.0,-1.0,0,0,1.0,0,0,0,0,0,0,0
2023-02-07,BREAD,Blue Stru,0.0,3.0,3.0,3.0,0,0,0.0,0,0,0,0,0,0,0
2023-02-07,BREAD,Choc Carm,2.0,1.0,3.0,2.0,0,0,1.0,0,0,0,0,0,0,0
2023-02-07,BREAD,Red Velvet,1.0,2.0,3.0,0.0,0,1,2.0,0,0,0,0,0,0,0
2023-02-07,BREAD,CC Heart,2.0,0.0,2.0,1.0,0,1,0.0,0,0,0,0,0,0,0
2023-02-07,BREAD,RV Heart,2.0,0.0,2.0,2.0,0,0,0.0,0,0,0,0,0,0,0
2023-02-07,ROLLS,C-Rolls,0.0,48.0,48.0,20.0,12,16,0.0,0,0,0,0,0,0,0
2023-02-07,ROLLS,C-R HEART,0.0,0.0,0.0,0.0,0,0,0.0,0,0,0,0,0,0,0
2023-02-07,ROLLS,Mini C-Roll,0.0,0.0,0.0,0.0,0,0,0.0,0,0,0,0,0,0,0
2023-02-07,SCONES,Blueberry,0.0,11.0,11.0,9.0,0,2,0.0,0,0,0,0,0,0,0
2023-02-07,SCONES,Fruit Medley,0.0,0.0,0.0,0.0,0,0,0.0,0,0,0,0,0,0,0
2023-02-07,SCONES,Cherry,0.0,0.0,0.0,0.0,0,0,0.0,0,0,0,0,0,0,0
2023-02-07,SCONES,Butt Almond,0.0,0.0,0.0,0.0,0,0,0.0,0,0,0,0,0,0,0
2023-02-07,SCONES,Turtle,0.0,0.0,0.0,0.0,0,0,0.0,0,0,0,0,0,0,0
2023-02-07,SCONES,Cin Chip,0.0,11.0,11.0,11.0,0,0,0.0,0,0,0,0,0,0,0
2023-02-07,SCONES,FRUIT BAR,0.0,0.0,0.0,0.0,0,0,0.0,0,0,0,0,0,0,0
2023-02-07,SCONES,mixed berry,0.0,0.0,0.0,0.0,0,0,0.0,0,0,0,0,0,0,0
2023-02-07,SCONES,cherry,0.0,0.0,0.0,0.0,0,0,0.0,0,0,0,0,0,0,0
2023-02-07,SCONES,apple cin,0.0,5.0,5.0,1.0,0,4,0.0,0,0,0,0,0,0,0
2023-02-07,SCONES,Fruit Medley,0.0,5.0,5.0,2.0,0,3,0.0,0,0,0,0,0,0,0
2023-02-07,MUFFINS,Blue Stru,0.0,5.0,5.0,2.0,0,3,0.0,0,0,0,0,0,0,0
2023-02-07,MUFFINS,Choc Carm,0.0,4.0,4.0,3.0,0,1,0.0,0,0,0,0,0,0,0
2023-02-07,MUFFINS,Red Velvet,0.0,4.0,4.0,3.0,0,1,0.0,0,0,0,0,0,0,0
2023-02-07,COOKIES/BARS,oat cc,18.0,18.0,36.0,16.0,4,2,14.0,0,0,0,0,0,0,0
2023-02-07,COOKIES/BARS,triple cc,16.0,18.0,34.0,6.0,5,11,12.0,0,0,0,0,0,0,0
2023-02-07,COOKIES/BARS,Snickerdoodle,22.0,12.0,34.0,29.0,5,0,0.0,0,0,0,0,0,0,0
2023-02-07,COOKIES/BARS,P. butter,0.0,12.0,12.0,12.0,0,0,0.0,0,0,0,0,0,0,0
2023-02-07,COOKIES/BARS,PB HEART,7.0,12.0,19.0,10.0,0,4,5.0,0,0,0,0,0,0,0
2023-02-07,COOKIES/BARS,Bliss,10.0,6.0,16.0,10.0,0,6,0.0,0,0,0,0,0,0,0
2023-02-07,COOKIES/BARS,Frosted,7.0,6.0,13.0,-1.0,0,0,14.0,0,0,0,0,0,0,0
2023-02-07,COOKIES/BARS,Brownie,13.0,20.0,33.0,1.0,0,4,28.0,0,0,0,0,0,0,0
2023-02-07,COOKIES/BARS,Heart Brown,0.0,0.0,0.0,0.0,0,0,0.0,0,0,0,0,0,0,0
2023-02-07,COOKIES/BARS,Heart TCC,2.0,0.0,2.0,0.0,0,0,2.0,0,0,0,0,0,0,0
2023-02-07,COOKIES/BARS,Bread Pudding,0.0,0.0,0.0,0.0,0,0,0.0,0,0,0,0,0,0,0
2023-02-07,COOKIES/BARS,Totals,117.0,197.0,292.0,134.0,26,57,75.0,0,0,0,0,0,0,0
2023-02-08,BREAD,H,12.0,3.0,15.0,-7.0,2,0,20.0,0,0,0,0,0,0,0
2023-02-08,BREAD,FR,13.0,15.0,28.0,6.0,2,0,20.0,0,0,0,0,0,0,0
2023-02-08,BREAD,GW,2.0,0.0,2.0,0.0,0,0,2.0,0,0,0,0,0,0,0
2023-02-08,BREAD,DK,1.0,12.0,13.0,4.0,1,0,8.0,0,0,0,0,0,0,0
2023-02-08,BREAD,H5,5.0,0.0,5.0,5.0,0,0,0.0,0,0,0,0,0,0,0
2023-02-08,BREAD,Cran,2.0,0.0,2.0,2.0,0,0,0.0,0,0,0,0,0,0,0
2023-02-08,BREAD,CSWRL,6.0,12.0,18.0,14.0,0,0,4.0,0,6,6,2,0,0,4
2023-02-08,BREAD,CnE,0.0,12.0,12.0,3.0,0,0,9.0,0,3,3,2,0,0,1
2023-02-08,BREAD,CnR,0.0,4.0,4.0,0.0,0,0,4.0,0,0,0,0,0,0,0
2023-02-08,BREAD,RW,0.0,4.0,4.0,1.0,0,0,3.0,0,0,0,0,0,0,0
2023-02-08,BREAD,Monk,0.0,6.0,6.0,3.0,0,0,3.0,0,0,0,0,0,0,0
2023-02-08,BREAD,VT,0.0,2.0,2.0,0.0,0,0,2.0,0,0,0,0,0,0,0
2023-02-08,BREAD,CB,4.0,0.0,4.0,3.0,0,1,0.0,0,0,0,-1,0,0,0
2023-02-08,BREAD,BfB,2.0,0.0,2.0,-2.0,0,4,0.0,1,0,1,0,0,0,0
2023-02-08,BREAD,EB,0.0,0.0,0.0,0.0,0,0,0.0,0,0,0,0,0,0,0
2023-02-08,BREAD,CG,0.0,9.0,9.0,6.0,0,0,3.0,0,4,4,3,0,0,1
2023-02-08,BREAD,Cheet,0.0,4.0,4.0,1.0,0,0,3.0,0,0,0,0,0,0,0
2023-02-08,BREAD,VT,0.0,0.0,0.0,0.0,0,0,0.0,0,0,0,0,0,0,0
2023-02-08,BREAD,bac,0.0,3.0,3.0,3.0,0,0,0.0,0,0,0,0,0,0,0
2023-02-08,BREAD,jal,0.0,3.0,3.0,3.0,0,0,0.0,0,0,0,0,0,0,0
2023-02-08,BREAD,VS,5.0,0.0,5.0,4.0,0,1,0.0,1,0,1,0,0,0,0
2023-02-08,BREAD,Sno Leop,1.0,0.0,1.0,1.0,0,0,0.0,0,0,0,0,0,0,0
2023-02-08,BREAD,sour-TL,0.0,14.0,14.0,9.0,0,0,5.0,0,0,0,0,0,0,0
2023-02-08,BREAD,OB,0.0,4.0,4.0,4.0,0,0,0.0,0,0,0,0,0,0,0
2023-02-08,BREAD,CAR,14.0,0.0,14.0,14.0,0,0,0.0,0,0,0,0,0,0,0
2023-02-08,BREAD,IHF,13.0,0.0,13.0,13.0,0,0,0.0,0,0,0,0,0,0,0
2023-02-08,BREAD,H-RLS,1.0,0.0,1.0,1.0,0,0,0.0,0,0,0,0,0,0,0
2023-02-08,BREAD,FR-RLS,2.0,2.0,4.0,4.0,0,0,0.0,0,0,0,0,0,0,0
2023-02-08,BREAD,VS-RLS,1.0,0.0,1.0,1.0,0,0,0.0,0,0,0,0,0,0,0
2023-02-08,BREAD,Blue Stru,0.0,3.0,3.0,-1.0,0,1,3.0,0,0,0,0,0,0,0
2023-02-08,BREAD,Choc Carm,1.0,4.0,5.0,-1.0,2,0,4.0,0,0,0,0,0,0,0
2023-02-08,BREAD,Red Velvet,2.0,1.0,3.0,1.0,0,1,1.0,0,0,0,0,0,0,0
2023-02-08,BREAD,CC Heart,0.0,0.0,0.0,0.0,0,0,0.0,0,0,0,0,0,0,0
2023-02-08,BREAD,RV Heart,0.0,0.0,0.0,0.0,0,0,0.0,0,0,0,0,0,0,0
2023-02-08,ROLLS,C-Rolls,0.0,36.0,36.0,25.0,0,11,0.0,0,0,0,0,0,0,0
2023-02-08,ROLLS,C-R HEART,0.0,0.0,0.0,0.0,0,0,0.0,0,0,0,0,0,0,0
2023-02-08,ROLLS,Mini C-Roll,0.0,0.0,0.0,0.0,0,0,0.0,0,0,0,0,0,0,0
2023-02-08,SCONES,Blueberry,0.0,0.0,0.0,0.0,0,0,0.0,0,0,0,0,0,0,0
2023-02-08,SCONES,Fruit Medley,0.0,11.0,11.0,11.0,0,0,0.0,0,0,0,0,0,0,0
2023-02-08,SCONES,Cherry,0.0,0.0,0.0,0.0,0,0,0.0,0,0,0,0,0,0,0
2023-02-08,SCONES,Butt Almond,0.0,0.0,0.0,0.0,0,0,0.0,0,0,0,0,0,0,0
2023-02-08,SCONES,Turtle,0.0,11.0,11.0,7.0,0,4,0.0,0,0,0,0,0,0,0
2023-02-08,SCONES,Cin Chip,0.0,0.0,0.0,0.0,0,0,0.0,0,0,0,0,0,0,0
2023-02-08,SCONES,FRUIT BAR,0.0,0.0,0.0,0.0,0,0,0.0,0,0,0,0,0,0,0
2023-02-08,SCONES,mixed berry,0.0,5.0,5.0,3.0,2,0,0.0,0,0,0,0,0,0,0
2023-02-08,SCONES,cherry,0.0,5.0,5.0,3.0,2,0,0.0,0,0,0,0,0,0,0
2023-02-08,SCONES,apple cin,0.0,0.0,0.0,0.0,0,0,0.0,0,0,0,0,0,0,0
2023-02-08,SCONES,Fruit Medley,0.0,0.0,0.0,0.0,0,0,0.0,0,0,0,0,0,0,0
2023-02-08,MUFFINS,Blue Stru,0.0,4.0,4.0,4.0,0,0,0.0,0,0,0,0,0,0,0
2023-02-08,MUFFINS,Choc Carm,0.0,4.0,4.0,4.0,0,0,0.0,0,0,0,0,0,0,0
2023-02-08,MUFFINS,Red Velvet,0.0,4.0,4.0,4.0,0,0,0.0,0,0,0,0,0,0,0
2023-02-08,COOKIES/BARS,oat cc,14.0,18.0,32.0,14.0,0,0,18.0,0,4,4,0,0,0,0
2023-02-08,COOKIES/BARS,triple cc,12.0,18.0,30.0,4.0,0,8,18.0,0,4,4,0,0,0,0
2023-02-08,COOKIES/BARS,Snickerdoodle,0.0,30.0,30.0,6.0,0,0,24.0,0,6,6,0,0,0,0
2023-02-08,COOKIES/BARS,P. butter,0.0,12.0,12.0,7.0,0,2,3.0,0,0,0,0,0,0,0
2023-02-08,COOKIES/BARS,PB HEART,5.0,12.0,17.0,6.0,0,2,9.0,0,0,0,0,0,0,0
2023-02-08,COOKIES/BARS,Bliss,0.0,18.0,18.0,2.0,0,0,16.0,0,0,0,0,0,0,0
2023-02-08,COOKIES/BARS,Frosted,14.0,0.0,14.0,6.0,0,0,8.0,0,0,0,0,0,0,0
2023-02-08,COOKIES/BARS,Brownie,28.0,0.0,28.0,3.0,5,0,20.0,0,0,0,0,0,0,0
2023-02-08,COOKIES/BARS,Heart Brown,0.0,0.0,0.0,0.0,0,0,0.0,0,0,0,0,0,0,0
2023-02-08,COOKIES/BARS,Heart TCC,2.0,0.0,2.0,0.0,0,2,0.0,0,0,0,0,0,0,0
2023-02-08,COOKIES/BARS,Bread Pudding,0.0,0.0,0.0,0.0,0,0,0.0,0,0,0,0,0,0,0
2023-02-08,COOKIES/BARS,Totals,97.0,188.0,263.0,109.0,9,29,116.0,0,14,14,0,0,0,0
2023-02-09,BREAD,H,20.0,11.0,31.0,28.0,0,0,3.0,0,0,0,0,0,0,0
2023-02-09,BREAD,FR,20.0,37.0,57.0,6.0,38,0,13.0,0,0,0,0,0,0,0
2023-02-09,BREAD,GW,2.0,3.0,5.0,2.0,0,0,3.0,0,0,0,0,0,0,0
2023-02-09,BREAD,DK,8.0,0.0,8.0,7.0,0,0,1.0,0,0,0,0,0,0,0
2023-02-09,BREAD,H5,0.0,8.0,8.0,8.0,0,0,0.0,0,0,0,0,0,0,0
2023-02-09,BREAD,Cran,0.0,5.0,5.0,2.0,0,0,3.0,0,0,0,0,0,0,0
2023-02-09,BREAD,CSWRL,4.0,12.0,16.0,14.0,2,0,0.0,4,0,4,1,0,0,0
2023-02-09,BREAD,CnE,9.0,0.0,9.0,6.0,0,3,0.0,1,0,1,1,0,0,0
2023-02-09,BREAD,CnR,4.0,0.0,4.0,3.0,0,1,0.0,0,0,0,0,0,0,0
2023-02-09,BREAD,RW,3.0,0.0,3.0,3.0,0,0,0.0,0,0,0,0,0,0,0
2023-02-09,BREAD,Monk,3.0,0.0,3.0,1.0,0,2,0.0,0,0,0,0,0,0,0
2023-02-09,BREAD,VT,2.0,0.0,2.0,0.0,0,2,0.0,0,0,0,0,0,0,0
2023-02-09,BREAD,CB,0.0,11.0,11.0,5.0,0,0,6.0,0,8,8,6,0,0,2
2023-02-09,BREAD,BfB,0.0,8.0,8.0,3.0,0,0,5.0,0,3,3,1,0,0,2
2023-02-09,BREAD,EB,0.0,12.0,12.0,3.0,0,0,9.0,0,0,0,0,0,0,0
2023-02-09,BREAD,CG,3.0,0.0,3.0,3.0,0,0,0.0,1,0,1,1,0,0,0
2023-02-09,BREAD,Cheet,3.0,0.0,3.0,3.0,0,0,0.0,0,0,0,0,0,0,0
2023-02-09,BREAD,VT,0.0,0.0,0.0,0.0,0,0,0.0,0,0,0,0,0,0,0
2023-02-09,BREAD,bac,0.0,0.0,0.0,0.0,0,0,0.0,0,0,0,0,0,0,0
2023-02-09,BREAD,jal,0.0,0.0,0.0,0.0,0,0,0.0,0,0,0,0,0,0,0
2023-02-09,BREAD,VS,0.0,18.0,18.0,2.0,0,0,16.0,0,3,3,2,0,0,1
2023-02-09,BREAD,Sno Leop,0.0,4.0,4.0,2.0,1,0,1.0,0,0,0,0,0,0,0
2023-02-09,BREAD,sour-TL,5.0,0.0,5.0,5.0,0,0,0.0,0,0,0,0,0,0,0
2023-02-09,BREAD,OB,0.0,0.0,0.0,0.0,0,0,0.0,0,0,0,0,0,0,0
2023-02-09,BREAD,CAR,0.0,0.0,0.0,-11.0,0,0,11.0,0,0,0,0,0,0,0
2023-02-09,BREAD,IHF,0.0,0.0,0.0,-11.0,0,0,11.0,0,0,0,0,0,0,0
2023-02-09,BREAD,H-RLS,0.0,3.0,3.0,0.0,0,0,3.0,0,0,0,0,0,0,0
2023-02-09,BREAD,FR-RLS,0.0,3.0,3.0,1.0,0,0,2.0,0,0,0,0,0,0,0
2023-02-09,BREAD,VS-RLS,0.0,5.0,5.0,5.0,0,0,0.0,0,0,0,0,0,0,0
2023-02-09,BREAD,Blue Stru,3.0,2.0,5.0,3.0,1,1,0.0,0,0,0,0,0,0,0
2023-02-09,BREAD,Choc Carm,4.0,0.0,4.0,1.0,0,3,0.0,0,0,0,0,0,0,0
2023-02-09,BREAD,Red Velvet,1.0,3.0,4.0,2.0,0,0,2.0,0,0,0,0,0,0,0
2023-02-09,BREAD,CC Heart,0.0,3.0,3.0,1.0,1,0,1.0,0,0,0,0,0,0,0
2023-02-09,BREAD,RV Heart,0.0,3.0,3.0,1.0,1,0,1.0,0,0,0,0,0,0,0
2023-02-09,ROLLS,C-Rolls,0.0,36.0,36.0,28.0,0,8,0.0,0,0,0,0,0,0,0
2023-02-09,ROLLS,C-R HEART,0.0,0.0,0.0,0.0,0,0,0.0,0,0,0,0,0,0,0
2023-02-09,ROLLS,Mini C-Roll,0.0,0.0,0.0,0.0,0,0,0.0,0,0,0,0,0,0,0
2023-02-09,SCONES,Blueberry,0.0,11.0,11.0,11.0,0,0,0.0,0,0,0,0,0,0,0
2023-02-09,SCONES,Fruit Medley,0.0,0.0,0.0,0.0,0,0,0.0,0,0,0,0,0,0,0
2023-02-09,SCONES,Cherry,0.0,0.0,0.0,0.0,0,0,0.0,0,0,0,0,0,0,0
2023-02-09,SCONES,Butt Almond,0.0,0.0,0.0,0.0,0,0,0.0,0,0,0,0,0,0,0
2023-02-09,SCONES,Turtle,0.0,11.0,11.0,11.0,0,0,0.0,0,0,0,0,0,0,0
2023-02-09,SCONES,Cin Chip,0.0,0.0,0.0,0.0,0,0,0.0,0,0,0,0,0,0,0
2023-02-09,SCONES,FRUIT BAR,0.0,0.0,0.0,0.0,0,0,0.0,0,0,0,0,0,0,0
2023-02-09,SCONES,mixed berry,0.0,0.0,0.0,0.0,0,0,0.0,0,0,0,0,0,0,0
2023-02-09,SCONES,cherry,0.0,0.0,0.0,0.0,0,0,0.0,0,0,0,0,0,0,0
2023-02-09,SCONES,apple cin,0.0,5.0,5.0,1.0,0,4,0.0,0,0,0,0,0,0,0
2023-02-09,SCONES,Fruit Medley,0.0,5.0,5.0,0.0,0,5,0.0,0,0,0,0,0,0,0
2023-02-09,MUFFINS,Blue Stru,0.0,6.0,6.0,5.0,0,1,0.0,0,0,0,0,0,0,0
2023-02-09,MUFFINS,Choc Carm,0.0,6.0,6.0,4.0,0,2,0.0,0,0,0,0,0,0,0
2023-02-09,MUFFINS,Red Velvet,0.0,6.0,6.0,5.0,0,1,0.0,0,0,0,0,0,0,0
2023-02-09,COOKIES/BARS,oat cc,18.0,12.0,30.0,22.0,5,3,0.0,0,0,0,0,0,0,0
2023-02-09,COOKIES/BARS,triple cc,18.0,12.0,30.0,18.0,5,0,7.0,0,0,0,0,0,0,0
2023-02-09,COOKIES/BARS,Snickerdoodle,24.0,12.0,36.0,26.0,6,2,2.0,0,0,0,0,0,0,0
2023-02-09,COOKIES/BARS,P. butter,3.0,12.0,15.0,10.0,0,0,5.0,0,0,0,0,0,0,0
2023-02-09,COOKIES/BARS,PB HEART,9.0,6.0,15.0,3.0,0,6,6.0,0,0,0,0,0,0,0
2023-02-09,COOKIES/BARS,Bliss,16.0,0.0,16.0,9.0,0,7,0.0,0,0,0,0,0,0,0
2023-02-09,COOKIES/BARS,Frosted,8.0,6.0,14.0,6.0,0,2,6.0,0,0,0,0,0,0,0
2023-02-09,COOKIES/BARS,Brownie,20.0,0.0,20.0,2.0,0,0,18.0,0,0,0,0,0,0,0
2023-02-09,COOKIES/BARS,Heart Brown,0.0,0.0,0.0,0.0,0,0,0.0,0,0,0,0,0,0,0
2023-02-09,COOKIES/BARS,Heart TCC,0.0,2.0,2.0,2.0,0,0,0.0,0,0,0,0,0,0,0
2023-02-09,COOKIES/BARS,Bread Pudding,0.0,0.0,0.0,0.0,0,0,0.0,0,0,0,0,0,0,0
2023-02-09,COOKIES/BARS,Totals,138.0,148.0,264.0,163.0,16,41,44.0,0,0,0,0,0,0,0
2023-02-10,BREAD,H,3.0,36.0,39.0,7.0,2,0,30.0,0,0,0,0,0,0,0
2023-02-10,BREAD,FR,13.0,24.0,37.0,12.0,3,0,22.0,0,0,0,0,0,0,0
2023-02-10,BREAD,GW,3.0,4.0,7.0,4.0,0,0,3.0,0,0,0,0,0,0,0
2023-02-10,BREAD,DK,1.0,15.0,16.0,9.0,0,0,7.0,0,0,0,0,0,0,0
2023-02-10,BREAD,H5,0.0,0.0,0.0,0.0,0,0,0.0,0,0,0,0,0,0,0
2023-02-10,BREAD,Cran,3.0,0.0,3.0,2.0,0,0,1.0,0,0,0,0,0,0,0
2023-02-10,BREAD,CSWRL,0.0,24.0,24.0,17.0,0,0,7.0,0,6,6,6,0,0,0
2023-02-10,BREAD,king,0.0,3.0,3.0,1.0,0,0,2.0,0,0,0,0,0,0,0
2023-02-10,BREAD,CnE,0.0,21.0,21.0,4.0,1,0,16.0,0,3,3,3,0,0,0
2023-02-10,BREAD,CnR,0.0,6.0,6.0,1.0,0,0,5.0,0,0,0,0,0,0,0
2023-02-10,BREAD,RW,0.0,6.0,6.0,2.0,0,0,4.0,0,0,0,0,0,0,0
2023-02-10,BREAD,Monk,0.0,8.0,8.0,1.0,0,0,7.0,0,0,0,0,0,0,0
2023-02-10,BREAD,VT,0.0,0.0,0.0,0.0,0,0,0.0,0,0,0,0,0,0,0
2023-02-10,BREAD,CB,6.0,0.0,6.0,2.0,0,0,4.0,2,0,2,1,0,0,1
2023-02-10,BREAD,BfB,5.0,0.0,5.0,2.0,0,0,3.0,2,0,2,2,0,0,0
2023-02-10,BREAD,EB,9.0,0.0,9.0,2.0,0,0,7.0,0,0,0,0,0,0,0
2023-02-10,BREAD,CG,0.0,12.0,12.0,6.0,0,0,6.0,0,4,4,3,0,0,1
2023-02-10,BREAD,Cheet,0.0,5.0,5.0,1.0,0,0,4.0,0,0,0,0,0,0,0
2023-02-10,BREAD,VT,0.0,0.0,0.0,0.0,0,0,0.0,0,0,0,0,0,0,0
2023-02-10,BREAD,bac,0.0,4.0,4.0,3.0,0,0,1.0,0,0,0,0,0,0,0
2023-02-10,BREAD,jal,0.0,4.0,4.0,2.0,0,0,2.0,0,0,0,0,0,0,0
2023-02-10,BREAD,VS,16.0,0.0,16.0,8.0,0,0,8.0,1,0,1,0,0,0,1
2023-02-10,BREAD,Sno Leop,1.0,0.0,1.0,1.0,0,0,0.0,0,0,0,0,0,0,0
2023-02-10,BREAD,sour-TL,0.0,23.0,23.0,6.0,2,0,15.0,0,0,0,0,0,0,0
2023-02-10,BREAD,OB,0.0,5.0,5.0,0.0,0,0,5.0,0,0,0,0,0,0,0
2023-02-10,BREAD,CAR,11.0,0.0,11.0,2.0,0,0,9.0,0,0,0,0,0,0,0
2023-02-10,BREAD,IHF,11.0,0.0,11.0,3.0,0,0,8.0,0,0,0,0,0,0,0
2023-02-10,BREAD,H-RLS,3.0,1.0,4.0,2.0,0,0,2.0,0,0,0,0,0,0,0
2023-02-10,BREAD,FR-RLS,2.0,6.0,8.0,3.0,4,0,1.0,0,0,0,0,0,0,0
2023-02-10,BREAD,VS-RLS,0.0,0.0,0.0,0.0,0,0,0.0,0,0,0,0,0,0,0
2023-02-10,BREAD,Blue Stru,0.0,6.0,6.0,1.0,1,0,4.0,0,0,0,0,0,0,0
2023-02-10,BREAD,Choc Carm,0.0,5.0,5.0,2.0,0,0,3.0,0,0,0,0,0,0,0
2023-02-10,BREAD,Red Velvet,2.0,3.0,5.0,2.0,0,0,3.0,0,0,0,0,0,0,0
2023-02-10,BREAD,CC Heart,1.0,0.0,1.0,1.0,0,0,0.0,0,0,0,0,0,0,0
2023-02-10,BREAD,RV Heart,1.0,0.0,1.0,1.0,0,0,0.0,0,0,0,0,0,0,0
2023-02-10,ROLLS,C-Rolls,0.0,48.0,48.0,42.0,6,0,0.0,0,0,0,0,0,0,0
2023-02-10,ROLLS,C-R HEART,0.0,2.0,2.0,0.0,0,2,0.0,0,0,0,0,0,0,0
2023-02-10,ROLLS,Mini C-Roll,0.0,24.0,24.0,0.0,24,0,0.0,0,0,0,0,0,0,0
2023-02-10,SCONES,Blueberry,0.0,0.0,0.0,0.0,0,0,0.0,0,0,0,0,0,0,0
2023-02-10,SCONES,Fruit Medley,0.0,0.0,0.0,0.0,0,0,0.0,0,0,0,0,0,0,0
2023-02-10,SCONES,Cherry,0.0,10.0,10.0,10.0,0,0,0.0,0,2,2,0,0,0,0
2023-02-10,SCONES,Butt Almond,0.0,10.0,10.0,10.0,0,0,0.0,0,2,2,0,0,0,0
2023-02-10,SCONES,Turtle,0.0,0.0,0.0,0.0,0,0,0.0,0,0,0,0,0,0,0
2023-02-10,SCONES,Cin Chip,0.0,0.0,0.0,0.0,0,0,0.0,0,0,0,0,0,0,0
2023-02-10,SCONES,FRUIT BAR,0.0,0.0,0.0,0.0,0,0,0.0,0,0,0,0,0,0,0
2023-02-10,SCONES,mixed berry,0.0,5.0,5.0,4.0,1,0,0.0,0,0,0,0,0,0,0
2023-02-10,SCONES,cherry,0.0,5.0,5.0,4.0,1,0,0.0,0,0,0,0,0,0,0
2023-02-10,SCONES,apple cin,0.0,0.0,0.0,0.0,0,0,0.0,0,0,0,0,0,0,0
2023-02-10,SCONES,Fruit Medley,0.0,0.0,0.0,0.0,0,0,0.0,0,0,0,0,0,0,0
2023-02-10,MUFFINS,Blue Stru,0.0,4.0,4.0,4.0,0,0,0.0,0,0,0,0,0,0,0
2023-02-10,MUFFINS,Choc Carm,0.0,4.0,4.0,3.0,0,1,0.0,0,2,2,0,0,0,0
2023-02-10,MUFFINS,Red Velvet,0.0,4.0,4.0,4.0,0,0,0.0,0,2,2,0,0,0,0
2023-02-10,COOKIES/BARS,oat cc,0.0,60.0,60.0,18.0,33,0,9.0,0,0,0,0,0,0,0
2023-02-10,COOKIES/BARS,triple cc,7.0,54.0,61.0,25.0,33,0,3.0,0,0,0,0,0,0,0
2023-02-10,COOKIES/BARS,Snickerdoodle,2.0,66.0,68.0,19.0,40,0,9.0,0,0,0,0,0,0,0
2023-02-10,COOKIES/BARS,P. butter,5.0,12.0,17.0,9.0,0,0,8.0,0,0,0,0,0,0,0
2023-02-10,COOKIES/BARS,PB HEART,6.0,12.0,18.0,8.0,0,3,7.0,0,0,0,0,0,0,0
2023-02-10,COOKIES/BARS,Bliss,0.0,18.0,18.0,1.0,0,0,17.0,0,0,0,0,0,0,0
2023-02-10,COOKIES/BARS,Frosted,6.0,24.0,30.0,8.0,12,0,10.0,0,0,0,0,0,0,0
2023-02-10,COOKIES/BARS,Brownie,18.0,0.0,18.0,1.0,0,5,12.0,0,0,0,0,0,0,0
2023-02-10,COOKIES/BARS,Heart Brown,0.0,0.0,0.0,0.0,0,0,0.0,0,0,0,0,0,0,0
2023-02-10,COOKIES/BARS,Heart TCC,0.0,0.0,0.0,0.0,0,0,0.0,0,0,0,0,0,0,0
2023-02-10,COOKIES/BARS,Bread Pudding,0.0,0.0,0.0,0.0,0,0,0.0,0,0,0,0,0,0,0
2023-02-10,COOKIES/BARS,Totals,66.0,362.0,406.0,170.0,150,11,75.0,0,8,8,0,0,0,0
2023-02-11,BREAD,H,30.0,0.0,30.0,11.0,0,19,0.0,0,0,0,0,0,0,0
2023-02-11,BREAD,FR,22.0,0.0,22.0,13.0,0,9,0.0,0,0,0,0,0,0,0
2023-02-11,BREAD,GW,3.0,8.0,11.0,3.0,8,0,0.0,0,0,0,0,0,0,0
2023-02-11,BREAD,DK,7.0,0.0,7.0,6.0,0,1,0.0,0,0,0,0,0,0,0
2023-02-11,BREAD,H5,0.0,0.0,0.0,0.0,0,0,0.0,0,0,0,0,0,0,0
2023-02-11,BREAD,Cran,1.0,0.0,1.0,1.0,0,0,0.0,0,0,0,0,0,0,0
2023-02-11,BREAD,CSWRL,7.0,10.0,17.0,13.0,4,0,0.0,0,0,0,0,0,0,0
2023-02-11,BREAD,CnE,16.0,0.0,16.0,6.0,0,10,0.0,0,0,0,0,0,0,0
2023-02-11,BREAD,CnR,5.0,0.0,5.0,4.0,0,1,0.0,0,0,0,0,0,0,0
2023-02-11,BREAD,RW,4.0,0.0,4.0,2.0,0,2,0.0,0,0,0,0,0,0,0
2023-02-11,BREAD,Monk,7.0,0.0,7.0,6.0,0,1,0.0,0,0,0,0,0,0,0
2023-02-11,BREAD,VT,0.0,0.0,0.0,0.0,0,0,0.0,0,0,0,0,0,0,0
2023-02-11,BREAD,CB,4.0,0.0,4.0,3.0,0,1,0.0,1,0,1,1,0,0,0
2023-02-11,BREAD,BfB,3.0,0.0,3.0,2.0,0,1,0.0,0,0,0,0,0,0,0
2023-02-11,BREAD,EB,7.0,0.0,7.0,2.0,0,5,0.0,0,0,0,0,0,0,0
2023-02-11,BREAD,CG,6.0,0.0,6.0,6.0,0,0,0.0,1,0,1,1,0,0,0
2023-02-11,BREAD,Cheet,4.0,0.0,4.0,4.0,0,0,0.0,0,0,0,0,0,0,0
2023-02-11,BREAD,VT,0.0,0.0,0.0,0.0,0,0,0.0,0,0,0,0,0,0,0
2023-02-11,BREAD,bac,1.0,0.0,1.0,1.0,0,0,0.0,0,0,0,0,0,0,0
2023-02-11,BREAD,jal,2.0,0.0,2.0,2.0,0,0,0.0,0,0,0,0,0,0,0
2023-02-11,BREAD,VS,8.0,0.0,8.0,6.0,0,2,0.0,1,0,1,1,0,0,0
2023-02-11,BREAD,Sno Leop,0.0,0.0,0.0,0.0,0,0,0.0,0,0,0,0,0,0,0
2023-02-11,BREAD,sour-TL,15.0,0.0,15.0,5.0,0,10,0.0,0,0,0,0,0,0,0
2023-02-11,BREAD,OB,5.0,0.0,5.0,2.0,0,3,0.0,0,0,0,0,0,0,0
2023-02-11,BREAD,CAR,9.0,0.0,9.0,1.0,0,0,8.0,0,0,0,0,0,0,0
2023-02-11,BREAD,IHF,8.0,0.0,8.0,1.0,0,0,7.0,0,0,0,0,0,0,0
2023-02-11,BREAD,H-RLS,2.0,0.0,2.0,1.0,0,1,0.0,0,0,0,0,0,0,0
2023-02-11,BREAD,FR-RLS,1.0,0.0,1.0,1.0,0,0,0.0,0,0,0,0,0,0,0
2023-02-11,BREAD,VS-RLS,0.0,0.0,0.0,0.0,0,0,0.0,0,0,0,0,0,0,0
2023-02-11,BREAD,Blue Stru,4.0,0.0,4.0,3.0,0,1,0.0,0,0,0,0,0,0,0
2023-02-11,BREAD,Choc Carm,3.0,0.0,3.0,2.0,0,1,0.0,0,0,0,0,0,0,0
2023-02-11,BREAD,Red Velvet,3.0,0.0,3.0,0.0,0,3,0.0,0,0,0,0,0,0,0
2023-02-11,BREAD,CC Heart,0.0,2.0,2.0,-2.0,2,2,0.0,0,0,0,0,0,0,0
2023-02-11,BREAD,RV Heart,0.0,2.0,2.0,-1.0,2,1,0.0,0,0,0,0,0,0,0
2023-02-11,ROLLS,C-Rolls,0.0,48.0,48.0,32.0,16,0,0.0,0,0,0,0,0,0,0
2023-02-11,ROLLS,C-R HEART,0.0,0.0,0.0,0.0,0,0,0.0,0,0,0,0,0,0,0
2023-02-11,ROLLS,Mini C-Roll,0.0,0.0,0.0,0.0,0,0,0.0,0,0,0,0,0,0,0
2023-02-11,SCONES,Blueberry,0.0,17.0,17.0,17.0,0,0,0.0,0,0,0,0,0,0,0
2023-02-11,SCONES,Fruit Medley,0.0,0.0,0.0,0.0,0,0,0.0,0,0,0,0,0,0,0
2023-02-11,SCONES,Cherry,0.0,0.0,0.0,0.0,0,0,0.0,0,0,0,0,0,0,0
2023-02-11,SCONES,Butt Almond,0.0,16.0,16.0,16.0,0,0,0.0,0,0,0,0,0,0,0
2023-02-11,SCONES,Turtle,0.0,0.0,0.0,0.0,0,0,0.0,0,0,0,0,0,0,0
2023-02-11,SCONES,Cin Chip,0.0,0.0,0.0,0.0,0,0,0.0,0,0,0,0,0,0,0
2023-02-11,SCONES,FRUIT BAR,0.0,0.0,0.0,0.0,0,0,0.0,0,0,0,0,0,0,0
2023-02-11,SCONES,mixed berry,0.0,5.0,5.0,5.0,0,0,0.0,0,0,0,0,0,0,0
2023-02-11,SCONES,cherry,0.0,5.0,5.0,5.0,0,0,0.0,0,0,0,0,0,0,0
2023-02-11,SCONES,apple cin,0.0,5.0,5.0,5.0,0,0,0.0,0,0,0,0,0,0,0
2023-02-11,SCONES,Fruit Medley,0.0,5.0,5.0,4.0,0,1,0.0,0,0,0,0,0,0,0
2023-02-11,MUFFINS,Blue Stru,0.0,5.0,5.0,4.0,1,0,0.0,0,0,0,0,0,0,0
2023-02-11,MUFFINS,Choc Carm,0.0,5.0,5.0,4.0,1,0,0.0,0,0,0,0,0,0,0
2023-02-11,MUFFINS,Red Velvet,0.0,5.0,5.0,4.0,1,0,0.0,0,0,0,0,0,0,0
2023-02-11,COOKIES/BARS,oat cc,9.0,12.0,21.0,12.0,0,9,0.0,0,0,0,0,0,0,0
2023-02-11,COOKIES/BARS,triple cc,3.0,18.0,21.0,16.0,0,5,0.0,0,0,0,0,0,0,0
2023-02-11,COOKIES/BARS,Snickerdoodle,9.0,12.0,21.0,16.0,0,5,0.0,0,0,0,0,0,0,0
2023-02-11,COOKIES/BARS,P. butter,8.0,0.0,8.0,2.0,0,6,0.0,0,0,0,0,0,0,0
2023-02-11,COOKIES/BARS,PB HEART,7.0,6.0,13.0,10.0,0,3,0.0,0,0,0,0,0,0,0
2023-02-11,COOKIES/BARS,Bliss,17.0,0.0,17.0,8.0,0,9,0.0,0,0,0,0,0,0,0
2023-02-11,COOKIES/BARS,Frosted,10.0,0.0,10.0,4.0,0,6,0.0,0,0,0,0,0,0,0
2023-02-11,COOKIES/BARS,Brownie,12.0,0.0,12.0,7.0,0,5,0.0,0,0,0,0,0,0,0
2023-02-11,COOKIES/BARS,Heart Brown,0.0,0.0,0.0,0.0,0,0,0.0,0,0,0,0,0,0,0
2023-02-11,COOKIES/BARS,Heart TCC,0.0,4.0,4.0,-3.0,4,3,0.0,0,0,0,0,0,0,0
2023-02-11,COOKIES/BARS,Bread Pudding,0.0,0.0,0.0,0.0,0,0,0.0,0,0,0,0,0,0,0
2023-02-11,COOKIES/BARS,Totals,108.0,168.0,243.0,168.0,23,52,0.0,0,0,0,0,0,0,0
2023-02-12,BREAD,H,0.0,0.0,0.0,0.0,0,0,0.0,0,0,0,0,0,0,0
2023-02-12,BREAD,FR,0.0,0.0,0.0,0.0,0,0,0.0,0,0,0,0,0,0,0
2023-02-12,BREAD,GW,0.0,0.0,0.0,0.0,0,0,0.0,0,0,0,0,0,0,0
2023-02-12,BREAD,DK,0.0,0.0,0.0,0.0,0,0,0.0,0,0,0,0,0,0,0
2023-02-12,BREAD,H5,0.0,0.0,0.0,0.0,0,0,0.0,0,0,0,0,0,0,0
2023-02-12,BREAD,Cran,0.0,0.0,0.0,0.0,0,0,0.0,0,0,0,0,0,0,0
2023-02-12,BREAD,CSWRL,0.0,0.0,0.0,0.0,0,0,0.0,0,0,0,0,0,0,0
2023-02-12,BREAD,CnE,0.0,0.0,0.0,0.0,0,0,0.0,0,0,0,0,0,0,0
2023-02-12,BREAD,CnR,0.0,0.0,0.0,0.0,0,0,0.0,0,0,0,0,0,0,0
2023-02-12,BREAD,RW,0.0,0.0,0.0,0.0,0,0,0.0,0,0,0,0,0,0,0
2023-02-12,BREAD,Monk,0.0,0.0,0.0,0.0,0,0,0.0,0,0,0,0,0,0,0
2023-02-12,BREAD,VT,0.0,0.0,0.0,0.0,0,0,0.0,0,0,0,0,0,0,0
2023-02-12,BREAD,CB,0.0,0.0,0.0,0.0,0,0,0.0,0,0,0,0,0,0,0
2023-02-12,BREAD,BfB,0.0,0.0,0.0,0.0,0,0,0.0,0,0,0,0,0,0,0
2023-02-12,BREAD,EB,0.0,0.0,0.0,0.0,0,0,0.0,0,0,0,0,0,0,0
2023-02-12,BREAD,CG,0.0,0.0,0.0,0.0,0,0,0.0,0,0,0,0,0,0,0
2023-02-12,BREAD,Cheet,0.0,0.0,0.0,0.0,0,0,0.0,0,0,0,0,0,0,0
2023-02-12,BREAD,VT,0.0,0.0,0.0,0.0,0,0,0.0,0,0,0,0,0,0,0
2023-02-12,BREAD,bac,0.0,0.0,0.0,0.0,0,0,0.0,0,0,0,0,0,0,0
2023-02-12,BREAD,jal,0.0,0.0,0.0,0.0,0,0,0.0,0,0,0,0,0,0,0
2023-02-12,BREAD,VS,0.0,0.0,0.0,0.0,0,0,0.0,0,0,0,0,0,0,0
2023-02-12,BREAD,Sno Leop,0.0,0.0,0.0,0.0,0,0,0.0,0,0,0,0,0,0,0
2023-02-12,BREAD,sour-TL,0.0,0.0,0.0,0.0,0,0,0.0,0,0,0,0,0,0,0
2023-02-12,BREAD,OB,0.0,0.0,0.0,0.0,0,0,0.0,0,0,0,0,0,0,0
2023-02-12,BREAD,CAR,8.0,0.0,8.0,0.0,0,0,8.0,0,0,0,0,0,0,0
2023-02-12,BREAD,IHF,7.0,0.0,7.0,0.0,0,0,7.0,0,0,0,0,0,0,0
2023-02-12,BREAD,H-RLS,0.0,0.0,0.0,0.0,0,0,0.0,0,0,0,0,0,0,0
2023-02-12,BREAD,FR-RLS,0.0,0.0,0.0,0.0,0,0,0.0,0,0,0,0,0,0,0
2023-02-12,BREAD,VS-RLS,0.0,0.0,0.0,0.0,0,0,0.0,0,0,0,0,0,0,0
2023-02-12,BREAD,Blue Stru,0.0,0.0,0.0,0.0,0,0,0.0,0,0,0,0,0,0,0
2023-02-12,BREAD,Choc Carm,0.0,0.0,0.0,0.0,0,0,0.0,0,0,0,0,0,0,0
2023-02-12,BREAD,Red Velvet,0.0,0.0,0.0,0.0,0,0,0.0,0,0,0,0,0,0,0
2023-02-12,BREAD,CC Heart,0.0,0.0,0.0,0.0,0,0,0.0,0,0,0,0,0,0,0
2023-02-12,BREAD,RV Heart,0.0,0.0,0.0,0.0,0,0,0.0,0,0,0,0,0,0,0
2023-02-12,ROLLS,C-Rolls,0.0,24.0,24.0,24.0,0,0,0.0,0,0,0,0,0,0,0
2023-02-12,ROLLS,C-R HEART,0.0,0.0,0.0,0.0,0,0,0.0,0,0,0,0,0,0,0
2023-02-12,ROLLS,Mini C-Roll,0.0,0.0,0.0,0.0,0,0,0.0,0,0,0,0,0,0,0
2023-02-12,SCONES,Blueberry,0.0,11.0,11.0,11.0,0,0,0.0,0,0,0,0,0,0,0
2023-02-12,SCONES,Fruit Medley,0.0,0.0,0.0,0.0,0,0,0.0,0,0,0,0,0,0,0
2023-02-12,SCONES,Cherry,0.0,0.0,0.0,0.0,0,0,0.0,0,0,0,0,0,0,0
2023-02-12,SCONES,Butt Almond,0.0,0.0,0.0,0.0,0,0,0.0,0,0,0,0,0,0,0
2023-02-12,SCONES,Turtle,0.0,11.0,11.0,11.0,0,0,0.0,0,0,0,0,0,0,0
2023-02-12,SCONES,Cin Chip,0.0,0.0,0.0,0.0,0,0,0.0,0,0,0,0,0,0,0
2023-02-12,SCONES,FRUIT BAR,0.0,0.0,0.0,0.0,0,0,0.0,0,0,0,0,0,0,0
2023-02-12,SCONES,mixed berry,0.0,0.0,0.0,0.0,0,0,0.0,0,0,0,0,0,0,0
2023-02-12,SCONES,cherry,0.0,0.0,0.0,0.0,0,0,0.0,0,0,0,0,0,0,0
2023-02-12,SCONES,apple cin,0.0,5.0,5.0,5.0,0,0,0.0,0,0,0,0,0,0,0
2023-02-12,SCONES,Fruit Medley,0.0,5.0,5.0,5.0,0,0,0.0,0,0,0,0,0,0,0
2023-02-12,MUFFINS,Blue Stru,0.0,3.0,3.0,3.0,0,0,0.0,0,0,0,0,0,0,0
2023-02-12,MUFFINS,Choc Carm,0.0,3.0,3.0,3.0,0,0,0.0,0,0,0,0,0,0,0
2023-02-12,MUFFINS,Red Velvet,0.0,5.0,5.0,5.0,0,0,0.0,0,0,0,0,0,0,0
2023-02-12,COOKIES/BARS,oat cc,0.0,0.0,0.0,0.0,0,0,0.0,0,0,0,0,0,0,0
2023-02-12,COOKIES/BARS,triple cc,0.0,0.0,0.0,0.0,0,0,0.0,0,0,0,0,0,0,0
2023-02-12,COOKIES/BARS,Snickerdoodle,0.0,0.0,0.0,0.0,0,0,0.0,0,0,0,0,0,0,0
2023-02-12,COOKIES/BARS,P. butter,0.0,0.0,0.0,0.0,0,0,0.0,0,0,0,0,0,0,0
2023-02-12,COOKIES/BARS,PB HEART,0.0,0.0,0.0,0.0,0,0,0.0,0,0,0,0,0,0,0
2023-02-12,COOKIES/BARS,Bliss,0.0,0.0,0.0,0.0,0,0,0.0,0,0,0,0,0,0,0
2023-02-12,COOKIES/BARS,Frosted,0.0,0.0,0.0,0.0,0,0,0.0,0,0,0,0,0,0,0
2023-02-12,COOKIES/BARS,Brownie,0.0,0.0,0.0,0.0,0,0,0.0,0,0,0,0,0,0,0
2023-02-12,COOKIES/BARS,Heart Brown,0.0,0.0,0.0,0.0,0,0,0.0,0,0,0,0,0,0,0
2023-02-12,COOKIES/BARS,Heart TCC,0.0,0.0,0.0,0.0,0,0,0.0,0,0,0,0,0,0,0
2023-02-12,COOKIES/BARS,Bread Pudding,0.0,0.0,0.0,0.0,0,0,0.0,0,0,0,0,0,0,0
2023-02-12,COOKIES/BARS,Totals,22.0,67.0,67.0,67.0,0,0,0.0,0,0,0,0,0,0,0
2023-02-13,BREAD,H,0.0,36.0,36.0,10.0,10,0,16.0,0,0,0,0,0,0,0
2023-02-13,BREAD,FR,0.0,21.0,21.0,-6.0,24,0,3.0,0,0,0,0,0,0,0
2023-02-13,BREAD,GW,0.0,10.0,10.0,3.0,0,0,7.0,0,0,0,0,0,0,0
2023-02-13,BREAD,DK,0.0,14.0,14.0,6.0,0,0,8.0,0,0,0,0,0,0,0
2023-02-13,BREAD,H5,0.0,0.0,0.0,0.0,0,0,0.0,0,0,0,0,0,0,0
2023-02-13,BREAD,Cran,0.0,0.0,0.0,0.0,0,0,0.0,0,0,0,0,0,0,0
2023-02-13,BREAD,CSWRL,0.0,21.0,21.0,21.0,0,0,0.0,0,4,4,4,0,0,0
2023-02-13,BREAD,CnE,0.0,10.0,10.0,2.0,0,0,8.0,0,2,2,2,0,0,0
2023-02-13,BREAD,CnR,0.0,5.0,5.0,5.0,0,0,0.0,0,0,0,0,0,0,0
2023-02-13,BREAD,RW,0.0,5.0,5.0,4.0,0,0,1.0,0,0,0,0,0,0,0
2023-02-13,BREAD,Monk,0.0,6.0,6.0,1.0,1,0,4.0,0,0,0,0,0,0,0
2023-02-13,BREAD,VT,0.0,6.0,6.0,1.0,0,0,5.0,0,0,0,0,0,0,0
2023-02-13,BREAD,CB,0.0,0.0,0.0,0.0,0,0,0.0,0,0,0,0,0,0,0
2023-02-13,BREAD,BfB,0.0,0.0,0.0,0.0,0,0,0.0,0,0,0,0,0,0,0
2023-02-13,BREAD,EB,0.0,0.0,0.0,0.0,0,0,0.0,0,0,0,0,0,0,0
2023-02-13,BREAD,CG,0.0,9.0,9.0,5.0,0,0,4.0,0,2,2,2,0,0,0
2023-02-13,BREAD,Cheet,0.0,3.0,3.0,1.0,0,0,2.0,0,0,0,0,0,0,0
2023-02-13,BREAD,VT,0.0,0.0,0.0,0.0,0,0,0.0,0,0,0,0,0,0,0
2023-02-13,BREAD,bac,0.0,2.0,2.0,0.0,0,0,2.0,0,0,0,0,0,0,0
2023-02-13,BREAD,jal,0.0,2.0,2.0,2.0,0,0,0.0,0,0,0,0,0,0,0
2023-02-13,BREAD,VS,0.0,0.0,0.0,0.0,0,0,0.0,0,0,0,0,0,0,0
2023-02-13,BREAD,Sno Leop,0.0,0.0,0.0,0.0,0,0,0.0,0,0,0,0,0,0,0
2023-02-13,BREAD,sour-TL,0.0,32.0,32.0,5.0,22,0,5.0,0,0,0,0,0,0,0
2023-02-13,BREAD,OB,0.0,6.0,6.0,5.0,0,0,1.0,0,0,0,0,0,0,0
2023-02-13,BREAD,CAR,8.0,0.0,8.0,0.0,0,0,8.0,0,0,0,0,0,0,0
2023-02-13,BREAD,IHF,7.0,0.0,7.0,2.0,0,0,5.0,0,0,0,0,0,0,0
2023-02-13,BREAD,H-RLS,0.0,3.0,3.0,0.0,0,0,3.0,0,0,0,0,0,0,0
2023-02-13,BREAD,FR-RLS,0.0,3.0,3.0,2.0,0,0,1.0,0,0,0,0,0,0,0
2023-02-13,BREAD,VS-RLS,0.0,0.0,0.0,0.0,0,0,0.0,0,0,0,0,0,0,0
2023-02-13,BREAD,Blue Stru,0.0,3.0,3.0,3.0,0,0,0.0,0,0,0,0,0,0,0
2023-02-13,BREAD,Choc Carm,0.0,3.0,3.0,2.0,0,0,1.0,0,0,0,0,0,0,0
2023-02-13,BREAD,Red Velvet,0.0,3.0,3.0,1.0,0,0,2.0,0,0,0,0,0,0,0
2023-02-13,BREAD,CC Heart,0.0,6.0,6.0,4.0,0,0,2.0,0,0,0,0,0,0,0
2023-02-13,BREAD,RV Heart,0.0,6.0,6.0,2.0,0,0,4.0,0,0,0,0,0,0,0
2023-02-13,ROLLS,C-Rolls,0.0,48.0,48.0,36.0,8,4,0.0,0,0,0,0,0,0,0
2023-02-13,ROLLS,C-R HEART,0.0,9.0,9.0,2.0,0,0,7.0,0,0,0,0,0,0,0
2023-02-13,ROLLS,Mini C-Roll,0.0,0.0,0.0,0.0,0,0,0.0,0,0,0,0,0,0,0
2023-02-13,SCONES,Blueberry,0.0,0.0,0.0,0.0,0,0,0.0,0,0,0,0,0,0,0
2023-02-13,SCONES,Fruit Medley,0.0,11.0,11.0,6.0,0,5,0.0,0,0,0,0,0,0,0
2023-02-13,SCONES,Cherry,0.0,0.0,0.0,0.0,0,0,0.0,0,0,0,0,0,0,0
2023-02-13,SCONES,Butt Almond,0.0,0.0,0.0,0.0,0,0,0.0,0,0,0,0,0,0,0
2023-02-13,SCONES,Turtle,0.0,0.0,0.0,0.0,0,0,0.0,0,0,0,0,0,0,0
2023-02-13,SCONES,Cin Chip,0.0,11.0,11.0,10.0,0,1,0.0,0,0,0,0,0,0,0
2023-02-13,SCONES,FRUIT BAR,0.0,0.0,0.0,0.0,0,0,0.0,0,0,0,0,0,0,0
2023-02-13,SCONES,mixed berry,0.0,5.0,5.0,0.0,0,5,0.0,0,0,0,0,0,0,0
2023-02-13,SCONES,cherry,0.0,5.0,5.0,2.0,0,3,0.0,0,0,0,0,0,0,0
2023-02-13,SCONES,apple cin,0.0,0.0,0.0,0.0,0,0,0.0,0,0,0,0,0,0,0
2023-02-13,SCONES,Fruit Medley,0.0,0.0,0.0,0.0,0,0,0.0,0,0,0,0,0,0,0
2023-02-13,MUFFINS,Blue Stru,0.0,5.0,5.0,5.0,0,0,0.0,0,0,0,0,0,0,0
2023-02-13,MUFFINS,Choc Carm,0.0,4.0,4.0,2.0,0,2,0.0,0,0,0,0,0,0,0
2023-02-13,MUFFINS,Red Velvet,0.0,4.0,4.0,3.0,0,1,0.0,0,0,0,0,0,0,0
2023-02-13,COOKIES/BARS,oat cc,0.0,30.0,30.0,3.0,3,0,24.0,0,0,0,0,0,0,0
2023-02-13,COOKIES/BARS,triple cc,0.0,30.0,30.0,9.0,3,0,18.0,0,0,0,0,0,0,0
2023-02-13,COOKIES/BARS,Snickerdoodle,0.0,36.0,36.0,14.0,4,0,18.0,0,0,0,0,0,0,0
2023-02-13,COOKIES/BARS,P. butter,0.0,12.0,12.0,11.0,0,0,1.0,0,0,0,0,0,0,0
2023-02-13,COOKIES/BARS,PB HEART,0.0,18.0,18.0,2.0,0,0,16.0,0,0,0,0,0,0,0
2023-02-13,COOKIES/BARS,Bliss,0.0,18.0,18.0,7.0,0,0,11.0,0,0,0,0,0,0,0
2023-02-13,COOKIES/BARS,Frosted,0.0,168.0,168.0,18.0,150,0,0.0,0,75,75,3,0,0,0
2023-02-13,COOKIES/BARS,Brownie,0.0,20.0,20.0,2.0,0,0,18.0,0,0,0,0,0,0,0
2023-02-13,COOKIES/BARS,Heart Brown,0.0,0.0,0.0,0.0,0,0,0.0,0,0,0,0,0,0,0
2023-02-13,COOKIES/BARS,Heart TCC,0.0,6.0,6.0,5.0,0,0,1.0,0,0,0,0,0,0,0
2023-02-13,COOKIES/BARS,Bread Pudding,0.0,0.0,0.0,0.0,0,0,0.0,0,0,0,0,0,0,0
2023-02-13,COOKIES/BARS,Totals,22.0,440.0,440.0,137.0,168,21,114.0,0,75,75,3,0,0,0
2023-02-14,BREAD,H,16.0,19.0,35.0,22.0,2,0,11.0,0,0,0,0,0,0,0
2023-02-14,BREAD,FR,3.0,20.0,23.0,13.0,0,0,10.0,0,0,0,0,0,0,0
2023-02-14,BREAD,GW,7.0,8.0,15.0,2.0,0,6,7.0,0,0,0,0,0,0,0
2023-02-14,BREAD,DK,8.0,0.0,8.0,5.0,0,0,3.0,0,0,0,0,0,0,0
2023-02-14,BREAD,H5,0.0,9.0,9.0,2.0,0,0,7.0,0,0,0,0,0,0,0
2023-02-14,BREAD,Cran,0.0,4.0,4.0,4.0,0,0,0.0,0,0,0,0,0,0,0
2023-02-14,BREAD,CSWRL,0.0,24.0,24.0,16.0,1,0,7.0,0,6,6,1,0,0,3
2023-02-14,BREAD,CnE,8.0,0.0,8.0,5.0,0,3,0.0,0,0,0,0,0,0,0
2023-02-14,BREAD,CnR,0.0,0.0,0.0,0.0,0,0,0.0,0,0,0,0,0,0,0
2023-02-14,BREAD,RW,1.0,0.0,1.0,1.0,0,0,0.0,0,0,0,0,0,0,0
2023-02-14,BREAD,Monk,4.0,0.0,4.0,4.0,0,0,0.0,0,0,0,0,0,0,0
2023-02-14,BREAD,VT,5.0,0.0,5.0,3.0,0,2,0.0,0,0,0,0,0,0,0
2023-02-14,BREAD,CB,0.0,9.0,9.0,9.0,0,0,0.0,0,4,4,2,0,0,0
2023-02-14,BREAD,BfB,0.0,7.0,7.0,4.0,0,0,3.0,0,2,2,1,0,0,1
2023-02-14,BREAD,EB,0.0,0.0,0.0,0.0,0,0,0.0,0,0,0,0,0,0,0
2023-02-14,BREAD,CG,4.0,0.0,4.0,3.0,0,1,0.0,0,0,0,0,0,0,0
2023-02-14,BREAD,Cheet,2.0,0.0,2.0,1.0,0,1,0.0,0,0,0,0,0,0,0
2023-02-14,BREAD,VT,0.0,0.0,0.0,0.0,0,0,0.0,0,0,0,0,0,0,0
2023-02-14,BREAD,bac,2.0,0.0,2.0,2.0,0,0,0.0,0,0,0,0,0,0,0
2023-02-14,BREAD,jal,0.0,0.0,0.0,0.0,0,0,0.0,0,0,0,0,0,0,0
2023-02-14,BREAD,VS,0.0,12.0,12.0,4.0,0,0,8.0,0,2,2,2,0,0,0
2023-02-14,BREAD,Sno Leop,0.0,4.0,4.0,3.0,0,0,1.0,0,0,0,0,0,0,0
2023-02-14,BREAD,sour-TL,5.0,0.0,5.0,5.0,0,0,0.0,0,0,0,0,0,0,0
2023-02-14,BREAD,OB,1.0,0.0,1.0,1.0,0,0,0.0,0,0,0,0,0,0,0
2023-02-14,BREAD,CAR,8.0,0.0,8.0,0.0,0,0,8.0,0,0,0,0,0,0,0
2023-02-14,BREAD,IHF,5.0,15.0,20.0,2.0,0,0,18.0,0,0,0,0,0,0,0
2023-02-14,BREAD,H-RLS,3.0,0.0,3.0,3.0,0,0,0.0,0,0,0,0,0,0,0
2023-02-14,BREAD,FR-RLS,1.0,2.0,3.0,3.0,0,0,0.0,0,0,0,0,0,0,0
2023-02-14,BREAD,VS-RLS,0.0,4.0,4.0,2.0,0,0,2.0,0,0,0,0,0,0,0
2023-02-14,BREAD,Blue Stru,0.0,4.0,4.0,2.0,0,0,2.0,0,0,0,0,0,0,0
2023-02-14,BREAD,Choc Carm,1.0,3.0,4.0,2.0,1,0,1.0,0,0,0,0,0,0,0
2023-02-14,BREAD,Red Velvet,2.0,1.0,3.0,3.0,0,0,0.0,0,0,0,0,0,0,0
2023-02-14,BREAD,CC Heart,2.0,6.0,8.0,5.0,2,0,1.0,0,0,0,0,0,0,0
2023-02-14,BREAD,RV Heart,4.0,2.0,6.0,6.0,0,0,0.0,0,0,0,0,0,0,0
2023-02-14,ROLLS,C-Rolls,0.0,48.0,48.0,44.0,4,0,0.0,0,0,0,0,0,0,0
2023-02-14,ROLLS,C-R HEART,7.0,3.0,10.0,5.0,0,2,3.0,0,0,0,0,0,0,0
2023-02-14,ROLLS,Mini C-Roll,0.0,0.0,0.0,0.0,0,0,0.0,0,0,0,0,0,0,0
2023-02-14,SCONES,Blueberry,0.0,11.0,11.0,11.0,0,0,0.0,0,0,0,0,0,0,0
2023-02-14,SCONES,Fruit Medley,0.0,0.0,0.0,0.0,0,0,0.0,0,0,0,0,0,0,0
2023-02-14,SCONES,Cherry,0.0,0.0,0.0,0.0,0,0,0.0,0,0,0,0,0,0,0
2023-02-14,SCONES,Butt Almond,0.0,0.0,0.0,0.0,0,0,0.0,0,0,0,0,0,0,0
2023-02-14,SCONES,Turtle,0.0,0.0,0.0,0.0,0,0,0.0,0,0,0,0,0,0,0
2023-02-14,SCONES,Cin Chip,0.0,11.0,11.0,11.0,0,0,0.0,0,0,0,0,0,0,0
2023-02-14,SCONES,FRUIT BAR,0.0,0.0,0.0,0.0,0,0,0.0,0,0,0,0,0,0,0
2023-02-14,SCONES,mixed berry,0.0,0.0,0.0,0.0,0,0,0.0,0,0,0,0,0,0,0
2023-02-14,SCONES,cherry,0.0,0.0,0.0,0.0,0,0,0.0,0,0,0,0,0,0,0
2023-02-14,SCONES,apple cin,0.0,5.0,5.0,5.0,0,0,0.0,0,0,0,0,0,0,0
2023-02-14,SCONES,Fruit Medley,0.0,5.0,5.0,5.0,0,0,0.0,0,0,0,0,0,0,0
2023-02-14,MUFFINS,Blue Stru,0.0,5.0,5.0,5.0,0,0,0.0,0,0,0,0,0,0,0
2023-02-14,MUFFINS,Choc Carm,0.0,4.0,4.0,4.0,0,0,0.0,0,0,0,0,0,0,0
2023-02-14,MUFFINS,Red Velvet,0.0,4.0,4.0,3.0,0,1,0.0,0,0,0,0,0,0,0
2023-02-14,COOKIES/BARS,oat cc,24.0,30.0,54.0,25.0,22,6,1.0,0,0,0,0,0,0,0
2023-02-14,COOKIES/BARS,triple cc,18.0,36.0,54.0,21.0,22,5,6.0,0,0,0,0,0,0,0
2023-02-14,COOKIES/BARS,Snickerdoodle,18.0,30.0,48.0,27.0,21,0,0.0,0,0,0,0,0,0,0
2023-02-14,COOKIES/BARS,P. butter,1.0,12.0,13.0,13.0,0,0,0.0,0,0,0,0,0,0,0
2023-02-14,COOKIES/BARS,PB HEART,16.0,0.0,16.0,12.0,0,4,0.0,0,0,0,0,0,0,0
2023-02-14,COOKIES/BARS,Bliss,11.0,18.0,29.0,11.0,12,6,0.0,0,0,0,0,0,0,0
2023-02-14,COOKIES/BARS,Frosted,0.0,24.0,24.0,24.0,0,0,0.0,0,0,0,0,0,0,0
2023-02-14,COOKIES/BARS,Brownie,18.0,0.0,18.0,9.0,0,0,9.0,0,0,0,0,0,0,0
2023-02-14,COOKIES/BARS,Heart TCC,1.0,8.0,9.0,7.0,2,0,0.0,0,0,0,0,0,0,0
2023-02-14,COOKIES/BARS,Bread Pudding,0.0,0.0,0.0,0.0,0,0,0.0,0,0,0,0,0,0,0
2023-02-14,COOKIES/BARS,Totals,136.0,254.0,368.0,242.0,83,24,19.0,0,0,0,0,0,0,0
2023-02-15,BREAD,H,11.0,17.0,29.0,14.0,0,5,10.0,0,0,0,0,0,0,0
2023-02-15,BREAD,FR,10.0,18.0,13.0,-7.0,0,0,20.0,0,0,0,0,0,0,0
2023-02-15,BREAD,GW,7.0,3.0,10.0,1.0,0,6,3.0,0,0,0,0,0,0,0
2023-02-15,BREAD,DK,3.0,15.0,18.0,6.0,0,0,12.0,0,0,0,0,0,0,0
2023-02-15,BREAD,H5,7.0,0.0,7.0,4.0,0,0,3.0,0,0,0,0,0,0,0
2023-02-15,BREAD,Cran,0.0,0.0,0.0,0.0,0,0,0.0,0,0,0,0,0,0,0
2023-02-15,BREAD,CSWRL,7.0,12.0,19.0,13.0,0,0,6.0,3,0,3,1,0,0,0
2023-02-15,BREAD,KING,0.0,3.0,3.0,0.0,1,0,2.0,0,0,0,0,0,0,0
2023-02-15,BREAD,CnE,0.0,12.0,12.0,9.0,0,0,3.0,0,2,2,2,0,0,0
2023-02-15,BREAD,CnR,0.0,4.0,4.0,0.0,0,0,4.0,0,0,0,0,0,0,0
2023-02-15,BREAD,RW,0.0,4.0,4.0,4.0,0,0,0.0,0,0,0,0,0,0,0
2023-02-15,BREAD,Monkey,0.0,8.0,8.0,2.0,0,0,6.0,0,0,0,0,0,0,0
2023-02-15,BREAD,CB,0.0,0.0,0.0,0.0,0,0,0.0,0,0,0,0,0,0,0
2023-02-15,BREAD,BfB,3.0,0.0,3.0,2.0,0,1,0.0,1,0,1,1,0,0,0
2023-02-15,BREAD,EB,0.0,0.0,0.0,0.0,0,0,0.0,0,0,0,0,0,0,0
2023-02-15,BREAD,CG,0.0,9.0,9.0,5.0,0,0,4.0,0,9,9,7,0,0,2
2023-02-15,BREAD,Cheetah,0.0,4.0,4.0,1.0,0,0,3.0,0,0,0,0,0,0,0
2023-02-15,BREAD,bac,0.0,3.0,3.0,0.0,0,0,3.0,0,0,0,0,0,0,0
2023-02-15,BREAD,jal,0.0,3.0,3.0,2.0,0,0,1.0,0,0,0,0,0,0,0
2023-02-15,BREAD,VS,8.0,0.0,8.0,3.0,0,0,5.0,0,0,0,0,0,0,0
2023-02-15,BREAD,Sno Leop,1.0,0.0,1.0,0.0,0,1,0.0,0,0,0,0,0,0,0
2023-02-15,BREAD,sour-TL,0.0,13.0,13.0,8.0,0,0,5.0,0,0,0,0,0,0,0
2023-02-15,BREAD,OB,0.0,5.0,5.0,1.0,0,0,4.0,0,0,0,0,0,0,0
2023-02-15,BREAD,CAR,8.0,0.0,8.0,1.0,0,0,7.0,0,0,0,0,0,0,0
2023-02-15,BREAD,IHF,18.0,0.0,18.0,1.0,0,0,17.0,0,0,0,0,0,0,0
2023-02-15,BREAD,H-RLS,0.0,4.0,4.0,3.0,0,0,1.0,0,0,0,0,0,0,0
2023-02-15,BREAD,FR-RLS,0.0,2.0,2.0,1.0,0,0,1.0,0,0,0,0,0,0,0
2023-02-15,BREAD,VS-RLS,2.0,0.0,2.0,2.0,0,0,0.0,0,0,0,0,0,0,0
2023-02-15,BREAD,Blue Stru,2.0,1.0,3.0,3.0,0,0,0.0,0,0,0,0,0,0,0
2023-02-15,BREAD,Choc Carm,1.0,2.0,3.0,2.0,0,0,1.0,0,0,0,0,0,0,0
2023-02-15,BREAD,Red Velvet,0.0,3.0,3.0,1.0,0,0,2.0,0,0,0,0,0,0,0
2023-02-15,ROLLS,C-Rolls,0.0,36.0,36.0,15.0,0,21,0.0,0,0,0,0,0,0,0
2023-02-15,ROLLS,Mini C-Roll,0.0,0.0,0.0,0.0,0,0,0.0,0,0,0,0,0,0,0
2023-02-15,SCONES,Blueberry,0.0,0.0,0.0,0.0,0,0,0.0,0,0,0,0,0,0,0
2023-02-15,SCONES,Fruit Medley,0.0,11.0,11.0,10.0,0,1,0.0,0,0,0,0,0,0,0
2023-02-15,SCONES,Cherry,0.0,0.0,0.0,0.0,0,0,0.0,0,0,0,0,0,0,0
2023-02-15,SCONES,Butt Almond,0.0,0.0,0.0,0.0,0,0,0.0,0,0,0,0,0,0,0
2023-02-15,SCONES,Turtle,0.0,11.0,11.0,11.0,0,0,0.0,0,0,0,0,0,0,0
2023-02-15,SCONES,Cin Chip,0.0,0.0,0.0,0.0,0,0,0.0,0,0,0,0,0,0,0
2023-02-15,SCONES,FRUIT BAR,0.0,0.0,0.0,0.0,0,0,0.0,0,0,0,0,0,0,0
2023-02-15,SCONES,mixed berry,0.0,5.0,5.0,1.0,0,4,0.0,0,0,0,0,0,0,0
2023-02-15,SCONES,cherry,0.0,5.0,5.0,0.0,0,5,0.0,0,0,0,0,0,0,0
2023-02-15,SCONES,apple cin,0.0,0.0,0.0,0.0,0,0,0.0,0,0,0,0,0,0,0
2023-02-15,SCONES,Fruit Medley,0.0,0.0,0.0,0.0,0,0,0.0,0,0,0,0,0,0,0
2023-02-15,MUFFINS,Blue Stru,0.0,4.0,4.0,3.0,0,1,0.0,0,0,0,0,0,0,0
2023-02-15,MUFFINS,Choc Carm,0.0,4.0,4.0,4.0,0,0,0.0,0,0,0,0,0,0,0
2023-02-15,MUFFINS,Red Velvet,0.0,4.0,4.0,4.0,0,0,0.0,0,0,0,0,0,0,0
2023-02-15,COOKIES/BARS,oat cc,1.0,42.0,43.0,15.0,11,0,17.0,0,56,56,0,0,0,0
2023-02-15,COOKIES/BARS,triple cc,6.0,36.0,42.0,6.0,11,0,25.0,0,44,44,0,0,0,0
2023-02-15,COOKIES/BARS,Snickerdoodle,0.0,42.0,42.0,9.0,13,0,20.0,0,44,44,0,0,0,0
2023-02-15,COOKIES/BARS,P. butter,0.0,12.0,12.0,8.0,0,0,4.0,0,0,0,0,0,0,0
2023-02-15,COOKIES/BARS,PB CHOC,0.0,18.0,18.0,8.0,0,0,10.0,0,0,0,0,0,0,0
2023-02-15,COOKIES/BARS,Bliss,0.0,18.0,18.0,5.0,0,0,13.0,0,0,0,0,0,0,0
2023-02-15,COOKIES/BARS,Frosted,0.0,18.0,18.0,9.0,0,0,9.0,0,0,0,0,0,0,0
2023-02-15,COOKIES/BARS,Brownie,9.0,20.0,29.0,21.0,0,0,8.0,0,0,0,0,0,0,0
2023-02-15,COOKIES/BARS,Bread Pudding,0.0,0.0,0.0,0.0,0,0,0.0,0,0,0,0,0,0,0
2023-02-15,COOKIES/BARS,Totals,38.0,286.0,302.0,129.0,35,32,106.0,0,144,144,0,0,0,0
2023-02-16,BREAD,H,10.0,17.0,27.0,6.0,1,0,20.0,0,0,0,0,0,0,0
2023-02-16,BREAD,FR,20.0,38.0,58.0,3.0,38,3,14.0,0,0,0,0,0,0,0
2023-02-16,BREAD,GW,3.0,2.0,5.0,3.0,0,0,2.0,0,0,0,0,0,0,0
2023-02-16,BREAD,DK,12.0,0.0,12.0,5.0,0,0,7.0,0,0,0,0,0,0,0
2023-02-16,BREAD,H5,3.0,9.0,12.0,3.0,0,0,9.0,0,0,0,0,0,0,0
2023-02-16,BREAD,Cran,0.0,4.0,4.0,0.0,0,0,4.0,0,0,0,0,0,0,0
2023-02-16,BREAD,CSWRL,6.0,12.0,18.0,11.0,0,0,7.0,0,5,5,3,0,0,2
2023-02-16,BREAD,CnE,3.0,0.0,3.0,3.0,0,0,0.0,0,0,0,0,0,0,0
2023-02-16,BREAD,CnR,4.0,0.0,4.0,1.0,0,3,0.0,0,0,0,0,0,0,0
2023-02-16,BREAD,RW,0.0,0.0,0.0,0.0,0,0,0.0,0,0,0,0,0,0,0
2023-02-16,BREAD,Monkey,6.0,0.0,6.0,4.0,0,2,0.0,0,0,0,0,0,0,0
2023-02-16,BREAD,CB,0.0,11.0,11.0,3.0,1,0,7.0,0,8,8,1,0,0,6
2023-02-16,BREAD,BfB,0.0,7.0,7.0,5.0,0,0,2.0,0,3,3,1,0,0,2
2023-02-16,BREAD,EB,0.0,0.0,0.0,0.0,0,0,0.0,0,0,0,0,0,0,0
2023-02-16,BREAD,CG,4.0,0.0,4.0,2.0,0,2,0.0,2,0,2,0,0,0,0
2023-02-16,BREAD,Cheetah,3.0,0.0,3.0,2.0,0,1,0.0,0,0,0,0,0,0,0
2023-02-16,BREAD,bac,3.0,0.0,3.0,0.0,0,3,0.0,0,0,0,0,0,0,0
2023-02-16,BREAD,jal,1.0,0.0,1.0,1.0,0,0,0.0,0,0,0,0,0,0,0
2023-02-16,BREAD,VS,5.0,14.0,19.0,3.0,0,2,14.0,0,3,3,2,0,0,1
2023-02-16,BREAD,Sno Leop,0.0,3.0,3.0,1.0,0,0,2.0,0,0,0,0,0,0,0
2023-02-16,BREAD,sour-TL,5.0,0.0,5.0,5.0,0,0,0.0,0,0,0,0,0,0,0
2023-02-16,BREAD,OB,4.0,0.0,4.0,1.0,0,3,0.0,0,0,0,0,0,0,0
2023-02-16,BREAD,CAR,7.0,0.0,7.0,0.0,0,0,7.0,0,0,0,0,0,0,0
2023-02-16,BREAD,IHF,17.0,0.0,17.0,0.0,0,0,17.0,0,0,0,0,0,0,0
2023-02-16,BREAD,H-RLS,1.0,2.0,3.0,0.0,0,1,2.0,0,0,0,0,0,0,0
2023-02-16,BREAD,FR-RLS,1.0,2.0,3.0,1.0,0,0,2.0,0,0,0,0,0,0,0
2023-02-16,BREAD,VS-RLS,0.0,5.0,5.0,2.0,0,0,3.0,0,0,0,0,0,0,0
2023-02-16,BREAD,Blue Stru,0.0,4.0,4.0,3.0,0,0,1.0,0,0,0,0,0,0,0
2023-02-16,BREAD,Choc Carm,1.0,3.0,4.0,1.0,0,0,3.0,0,0,0,0,0,0,0
2023-02-16,BREAD,Red Velvet,2.0,2.0,4.0,0.0,0,2,2.0,0,0,0,0,0,0,0
2023-02-16,ROLLS,C-Rolls,0.0,36.0,36.0,36.0,0,0,0.0,0,0,0,0,0,0,0
2023-02-16,ROLLS,Mini C-Roll,0.0,0.0,0.0,0.0,0,0,0.0,0,0,0,0,0,0,0
2023-02-16,SCONES,Blueberry,0.0,11.0,11.0,7.0,0,4,0.0,0,0,0,0,0,0,0
2023-02-16,SCONES,Fruit Medley,0.0,0.0,0.0,0.0,0,0,0.0,0,0,0,0,0,0,0
2023-02-16,SCONES,Cherry,0.0,0.0,0.0,0.0,0,0,0.0,0,0,0,0,0,0,0
2023-02-16,SCONES,Butt Almond,0.0,0.0,0.0,0.0,0,0,0.0,0,0,0,0,0,0,0
2023-02-16,SCONES,Turtle,0.0,11.0,11.0,8.0,0,3,0.0,0,0,0,0,0,0,0
2023-02-16,SCONES,Cin Chip,0.0,0.0,0.0,0.0,0,0,0.0,0,0,0,0,0,0,0
2023-02-16,SCONES,FRUIT BAR,0.0,0.0,0.0,0.0,0,0,0.0,0,0,0,0,0,0,0
2023-02-16,SCONES,mixed berry,0.0,0.0,0.0,0.0,0,0,0.0,0,0,0,0,0,0,0
2023-02-16,SCONES,cherry,0.0,0.0,0.0,0.0,0,0,0.0,0,0,0,0,0,0,0
2023-02-16,SCONES,apple cin,0.0,5.0,5.0,4.0,0,1,0.0,0,0,0,0,0,0,0
2023-02-16,SCONES,Fruit Medley,0.0,5.0,5.0,5.0,0,0,0.0,0,0,0,0,0,0,0
2023-02-16,MUFFINS,Blue Stru,0.0,4.0,4.0,1.0,0,3,0.0,0,0,0,0,0,0,0
2023-02-16,MUFFINS,Choc Carm,0.0,4.0,4.0,2.0,0,2,0.0,0,0,0,0,0,0,0
2023-02-16,MUFFINS,Red Velvet,0.0,4.0,4.0,2.0,0,2,0.0,0,0,0,0,0,0,0
2023-02-16,COOKIES/BARS,oat cc,17.0,12.0,29.0,5.0,0,12,12.0,0,0,0,0,0,0,0
2023-02-16,COOKIES/BARS,triple cc,25.0,0.0,25.0,6.0,0,19,0.0,0,0,0,0,0,0,0
2023-02-16,COOKIES/BARS,Snickerdoodle,20.0,6.0,26.0,20.0,0,6,0.0,0,0,0,0,0,0,0
2023-02-16,COOKIES/BARS,P. butter,4.0,12.0,16.0,9.0,0,1,6.0,0,0,0,0,0,0,0
2023-02-16,COOKIES/BARS,PB CHOC,10.0,6.0,16.0,10.0,0,6,0.0,0,0,0,0,0,0,0
2023-02-16,COOKIES/BARS,Bliss,13.0,6.0,19.0,11.0,0,2,6.0,0,0,0,0,0,0,0
2023-02-16,COOKIES/BARS,Frosted,9.0,6.0,15.0,3.0,0,0,12.0,0,0,0,0,0,0,0
2023-02-16,COOKIES/BARS,Brownie,8.0,20.0,28.0,5.0,0,3,20.0,0,0,0,0,0,0,0
2023-02-16,COOKIES/BARS,1,0.0,18.0,18.0,0.0,18,0,0.0,0,0,0,0,0,0,0
2023-02-16,COOKIES/BARS,2pb & 1,0.0,0.0,0.0,0.0,0,0,0.0,0,0,0,0,0,0,0
2023-02-16,COOKIES/BARS,2 bliss,,,,,0,0,,0,0,0,0,0,0,0
2023-02-16,COOKIES/BARS,Bread Pudding,0.0,0.0,0.0,0.0,0,0,0.0,0,0,0,0,0,0,0
2023-02-16,COOKIES/BARS,Totals,128.0,166.0,272.0,134.0,18,64,56.0,0,0,0,0,0,0,0
2023-02-17,BREAD,H,20.0,35.0,55.0,12.0,25,0,18.0,0,0,0,0,0,0,0
2023-02-17,BREAD,FR,14.0,25.0,39.0,12.0,2,0,25.0,0,0,0,0,0,0,0
2023-02-17,BREAD,GW,2.0,7.0,9.0,3.0,0,0,6.0,0,0,0,0,0,0,0
2023-02-17,BREAD,DK,7.0,14.0,21.0,8.0,0,0,13.0,0,0,0,0,0,0,0
2023-02-17,BREAD,H5,9.0,0.0,9.0,1.0,0,0,8.0,0,0,0,0,0,0,0
2023-02-17,BREAD,Cran,4.0,0.0,4.0,3.0,0,0,1.0,0,0,0,0,0,0,0
2023-02-17,BREAD,CSWRL,7.0,16.0,23.0,8.0,1,3,11.0,2,3,5,1,0,0,2
2023-02-17,BREAD,king,0.0,22.0,22.0,2.0,15,0,5.0,0,0,0,0,0,0,0
2023-02-17,BREAD,CnE,0.0,21.0,21.0,11.0,0,0,10.0,0,3,3,3,0,0,0
2023-02-17,BREAD,CnR,0.0,12.0,12.0,1.0,7,0,4.0,0,0,0,0,0,0,0
2023-02-17,BREAD,RW,0.0,6.0,6.0,3.0,0,0,3.0,0,0,0,0,0,0,0
2023-02-17,BREAD,Monkey,0.0,8.0,8.0,5.0,0,0,3.0,0,0,0,0,0,0,0
2023-02-17,BREAD,CB,7.0,0.0,7.0,4.0,0,0,3.0,6,0,6,4,0,0,2
2023-02-17,BREAD,BfB,2.0,0.0,2.0,1.0,0,0,1.0,2,0,2,2,0,0,0
2023-02-17,BREAD,EB,0.0,0.0,0.0,0.0,0,0,0.0,0,0,0,0,0,0,0
2023-02-17,BREAD,CG,0.0,15.0,15.0,3.0,3,0,9.0,0,5,5,1,0,0,4
2023-02-17,BREAD,Cheetah,0.0,8.0,8.0,5.0,3,0,0.0,0,0,0,0,0,0,0
2023-02-17,BREAD,bac,0.0,4.0,4.0,0.0,0,0,4.0,0,0,0,0,0,0,0
2023-02-17,BREAD,jal,0.0,6.0,6.0,1.0,2,0,3.0,0,0,0,0,0,0,0
2023-02-17,BREAD,VS,14.0,0.0,14.0,2.0,0,0,12.0,1,0,1,0,0,0,1
2023-02-17,BREAD,Sno Leop,2.0,0.0,2.0,1.0,0,0,1.0,0,0,0,0,0,0,0
2023-02-17,BREAD,sour-TL,0.0,18.0,18.0,11.0,0,0,7.0,0,0,0,0,0,0,0
2023-02-17,BREAD,OB,0.0,3.0,3.0,3.0,0,0,0.0,0,0,0,0,0,0,0
2023-02-17,BREAD,CAR,7.0,0.0,7.0,1.0,0,0,6.0,0,0,0,0,0,0,0
2023-02-17,BREAD,IHF,17.0,0.0,17.0,4.0,0,0,13.0,0,0,0,0,0,0,0
2023-02-17,BREAD,H-RLS,2.0,3.0,5.0,2.0,0,0,3.0,0,0,0,0,0,0,0
2023-02-17,BREAD,FR-RLS,2.0,2.0,4.0,2.0,0,0,2.0,0,0,0,0,0,0,0
2023-02-17,BREAD,VS-RLS,3.0,0.0,3.0,0.0,0,0,3.0,0,0,0,0,0,0,0
2023-02-17,BREAD,Blue Stru,1.0,5.0,6.0,2.0,1,0,3.0,0,0,0,0,0,0,0
2023-02-17,BREAD,Choc Carm,3.0,2.0,5.0,2.0,0,1,2.0,0,0,0,0,0,0,0
2023-02-17,BREAD,Red Velvet,2.0,3.0,5.0,1.0,0,1,3.0,0,0,0,0,0,0,0
2023-02-17,ROLLS,C-Rolls,0.0,48.0,48.0,26.0,0,22,0.0,0,0,0,0,0,0,0
2023-02-17,ROLLS,Mini C-Roll,0.0,24.0,24.0,0.0,24,0,0.0,0,0,0,0,0,0,0
2023-02-17,SCONES,Blueberry,0.0,14.0,14.0,13.0,0,1,0.0,0,4,4,0,0,0,0
2023-02-17,SCONES,Fruit Medley,0.0,0.0,0.0,0.0,0,0,0.0,0,0,0,0,0,0,0
2023-02-17,SCONES,Cherry,0.0,0.0,0.0,0.0,0,0,0.0,0,0,0,0,0,0,0
2023-02-17,SCONES,Butt Almond,0.0,15.0,15.0,6.0,0,9,0.0,0,4,4,0,0,0,0
2023-02-17,SCONES,Turtle,0.0,0.0,0.0,0.0,0,0,0.0,0,0,0,0,0,0,0
2023-02-17,SCONES,Cin Chip,0.0,0.0,0.0,0.0,0,0,0.0,0,0,0,0,0,0,0
2023-02-17,SCONES,FRUIT BAR,0.0,0.0,0.0,0.0,0,0,0.0,0,0,0,0,0,0,0
2023-02-17,SCONES,mixed berry,0.0,5.0,5.0,4.0,1,0,0.0,0,0,0,0,0,0,0
2023-02-17,SCONES,cherry,0.0,5.0,5.0,3.0,2,0,0.0,0,0,0,0,0,0,0
2023-02-17,SCONES,apple cin,0.0,0.0,0.0,0.0,0,0,0.0,0,0,0,0,0,0,0
2023-02-17,SCONES,Fruit Medley,0.0,0.0,0.0,0.0,0,0,0.0,0,0,0,0,0,0,0
2023-02-17,MUFFINS,Blue Stru,0.0,4.0,4.0,2.0,0,2,0.0,0,0,0,0,0,0,0
2023-02-17,MUFFINS,Choc Carm,0.0,4.0,4.0,4.0,0,0,0.0,0,3,3,0,0,0,0
2023-02-17,MUFFINS,Red Velvet,0.0,4.0,4.0,2.0,0,2,0.0,0,3,3,0,0,0,0
2023-02-17,COOKIES/BARS,oat cc,12.0,24.0,36.0,11.0,7,12,6.0,0,0,0,0,0,0,0
2023-02-17,COOKIES/BARS,triple cc,0.0,36.0,36.0,11.0,7,0,18.0,0,0,0,0,0,0,0
2023-02-17,COOKIES/BARS,Snickerdoodle,0.0,36.0,36.0,8.0,8,0,20.0,0,0,0,0,0,0,0
2023-02-17,COOKIES/BARS,P. butter,6.0,12.0,18.0,18.0,0,0,0.0,0,0,0,0,0,0,0
2023-02-17,COOKIES/BARS,PB CHOC,0.0,18.0,18.0,18.0,0,0,0.0,0,0,0,0,0,0,0
2023-02-17,COOKIES/BARS,Bliss,6.0,12.0,18.0,2.0,0,6,10.0,0,0,0,0,0,0,0
2023-02-17,COOKIES/BARS,Frosted,12.0,6.0,18.0,7.0,0,3,8.0,0,0,0,0,0,0,0
2023-02-17,COOKIES/BARS,Brownie,20.0,0.0,20.0,2.0,0,4,14.0,0,0,0,0,0,0,0
2023-02-17,COOKIES/BARS,Bread Pudding,0.0,5.0,5.0,0.0,0,0,5.0,0,5,5,1,0,0,4
2023-02-17,COOKIES/BARS,Totals,89.0,272.0,328.0,137.0,49,61,81.0,0,19,19,1,0,0,4
2023-02-18,BREAD,H,18.0,0.0,18.0,8.0,0,10,0.0,0,0,0,0,0,0,0
2023-02-18,BREAD,FR,25.0,0.0,25.0,21.0,0,4,0.0,0,0,0,0,0,0,0
2023-02-18,BREAD,GW,6.0,0.0,6.0,3.0,0,3,0.0,0,0,0,0,0,0,0
2023-02-18,BREAD,DK,13.0,0.0,13.0,6.0,0,7,0.0,0,0,0,0,0,0,0
2023-02-18,BREAD,H5,8.0,0.0,8.0,6.0,0,2,0.0,0,0,0,0,0,0,0
2023-02-18,BREAD,Cran,1.0,0.0,1.0,1.0,0,0,0.0,0,0,0,0,0,0,0
2023-02-18,BREAD,CSWRL,11.0,8.0,19.0,17.0,0,2,0.0,2,0,2,2,0,0,0
2023-02-18,BREAD,CnE,10.0,0.0,10.0,7.0,0,3,0.0,0,0,0,0,0,0,0
2023-02-18,BREAD,CnR,4.0,0.0,4.0,4.0,0,0,0.0,0,0,0,0,0,0,0
2023-02-18,BREAD,RW,3.0,0.0,3.0,2.0,0,1,0.0,0,0,0,0,0,0,0
2023-02-18,BREAD,Monkey,3.0,0.0,3.0,2.0,0,1,0.0,0,0,0,0,0,0,0
2023-02-18,BREAD,CB,3.0,0.0,3.0,3.0,0,0,0.0,2,0,2,2,0,0,0
2023-02-18,BREAD,BfB,1.0,0.0,1.0,1.0,0,0,0.0,0,0,0,0,0,0,0
2023-02-18,BREAD,EB,0.0,0.0,0.0,0.0,0,0,0.0,0,0,0,0,0,0,0
2023-02-18,BREAD,CG,9.0,0.0,9.0,6.0,0,3,0.0,4,0,4,3,0,0,0
2023-02-18,BREAD,Cheetah,0.0,0.0,0.0,0.0,0,0,0.0,0,0,0,0,0,0,0
2023-02-18,BREAD,bac,4.0,0.0,4.0,3.0,0,1,0.0,0,0,0,0,0,0,0
2023-02-18,BREAD,jal,3.0,0.0,3.0,2.0,0,1,0.0,0,0,0,0,0,0,0
2023-02-18,BREAD,VS,12.0,0.0,12.0,12.0,0,0,0.0,1,0,1,1,0,0,0
2023-02-18,BREAD,Sno Leop,1.0,0.0,1.0,1.0,0,0,0.0,0,0,0,0,0,0,0
2023-02-18,BREAD,sour-TL,7.0,0.0,7.0,7.0,0,0,0.0,0,0,0,0,0,0,0
2023-02-18,BREAD,OB,0.0,0.0,0.0,0.0,0,0,0.0,0,0,0,0,0,0,0
2023-02-18,BREAD,CAR,6.0,0.0,6.0,6.0,0,0,0.0,0,0,0,0,0,0,0
2023-02-18,BREAD,IHF,13.0,0.0,13.0,13.0,0,0,0.0,0,0,0,0,0,0,0
2023-02-18,BREAD,H-RLS,3.0,0.0,3.0,0.0,0,3,0.0,0,0,0,0,0,0,0
2023-02-18,BREAD,FR-RLS,2.0,0.0,2.0,0.0,0,2,0.0,0,0,0,0,0,0,0
2023-02-18,BREAD,VS-RLS,3.0,0.0,3.0,3.0,0,0,0.0,0,0,0,0,0,0,0
2023-02-18,BREAD,Blue Stru,3.0,0.0,3.0,3.0,0,0,0.0,0,0,0,0,0,0,0
2023-02-18,BREAD,Choc Carm,2.0,1.0,3.0,1.0,0,2,0.0,0,0,0,0,0,0,0
2023-02-18,BREAD,Red Velvet,3.0,0.0,3.0,2.0,0,1,0.0,0,0,0,0,0,0,0
2023-02-18,ROLLS,C-Rolls,0.0,48.0,48.0,47.0,0,1,0.0,0,0,0,0,0,0,0
2023-02-18,ROLLS,Mini C-Roll,0.0,0.0,0.0,0.0,0,0,0.0,0,0,0,0,0,0,0
2023-02-18,SCONES,Blueberry,0.0,17.0,17.0,14.0,0,3,0.0,0,0,0,0,0,0,0
2023-02-18,SCONES,Fruit Medley,0.0,0.0,0.0,0.0,0,0,0.0,0,0,0,0,0,0,0
2023-02-18,SCONES,Cherry,0.0,0.0,0.0,0.0,0,0,0.0,0,0,0,0,0,0,0
2023-02-18,SCONES,Butt Almond,0.0,16.0,16.0,3.0,0,13,0.0,0,0,0,0,0,0,0
2023-02-18,SCONES,Turtle,0.0,0.0,0.0,0.0,0,0,0.0,0,0,0,0,0,0,0
2023-02-18,SCONES,Cin Chip,0.0,0.0,0.0,0.0,0,0,0.0,0,0,0,0,0,0,0
2023-02-18,SCONES,FRUIT BAR,0.0,0.0,0.0,0.0,0,0,0.0,0,0,0,0,0,0,0
2023-02-18,SCONES,mixed berry,0.0,5.0,5.0,3.0,0,2,0.0,0,0,0,0,0,0,0
2023-02-18,SCONES,cherry,0.0,5.0,5.0,5.0,0,0,0.0,0,0,0,0,0,0,0
2023-02-18,SCONES,apple cin,0.0,5.0,5.0,3.0,0,2,0.0,0,0,0,0,0,0,0
2023-02-18,SCONES,Fruit Medley,0.0,5.0,5.0,3.0,0,2,0.0,0,0,0,0,0,0,0
2023-02-18,MUFFINS,Blue Stru,0.0,4.0,4.0,1.0,0,3,0.0,0,0,0,0,0,0,0
2023-02-18,MUFFINS,Choc Carm,0.0,4.0,4.0,4.0,0,0,0.0,0,0,0,0,0,0,0
2023-02-18,MUFFINS,Red Velvet,0.0,4.0,4.0,2.0,0,2,0.0,0,0,0,0,0,0,0
2023-02-18,COOKIES/BARS,oat cc,6.0,36.0,42.0,16.0,22,4,0.0,0,0,0,0,0,0,0
2023-02-18,COOKIES/BARS,triple cc,18.0,24.0,42.0,13.0,21,8,0.0,0,0,0,0,0,0,0
2023-02-18,COOKIES/BARS,Snickerdoodle,20.0,24.0,44.0,22.0,22,0,0.0,0,0,0,0,0,0,0
2023-02-18,COOKIES/BARS,P. butter,0.0,6.0,6.0,6.0,0,0,0.0,0,0,0,0,0,0,0
2023-02-18,COOKIES/BARS,PB CHOC,0.0,12.0,12.0,10.0,0,2,0.0,0,0,0,0,0,0,0
2023-02-18,COOKIES/BARS,Bliss,10.0,0.0,10.0,2.0,0,8,0.0,0,0,0,0,0,0,0
2023-02-18,COOKIES/BARS,Frosted,8.0,0.0,8.0,8.0,0,0,0.0,0,0,0,0,0,0,0
2023-02-18,COOKIES/BARS,Brownie,14.0,0.0,14.0,2.0,0,4,8.0,0,0,0,0,0,0,0
2023-02-18,COOKIES/BARS,Bread Pudding,5.0,0.0,5.0,5.0,0,0,0.0,4,0,4,4,0,0,0
2023-02-18,COOKIES/BARS,Totals,114.0,215.0,296.0,169.0,65,54,8.0,4,0,4,4,0,0,0
2023-02-19,BREAD,H,0.0,0.0,0.0,0.0,0,0,0.0,0,0,0,0,0,0,0
2023-02-19,BREAD,FR,0.0,0.0,0.0,0.0,0,0,0.0,0,0,0,0,0,0,0
2023-02-19,BREAD,GW,0.0,0.0,0.0,0.0,0,0,0.0,0,0,0,0,0,0,0
2023-02-19,BREAD,DK,0.0,0.0,0.0,0.0,0,0,0.0,0,0,0,0,0,0,0
2023-02-19,BREAD,H5,0.0,0.0,0.0,0.0,0,0,0.0,0,0,0,0,0,0,0
2023-02-19,BREAD,Cran,0.0,0.0,0.0,0.0,0,0,0.0,0,0,0,0,0,0,0
2023-02-19,BREAD,CSWRL,0.0,0.0,0.0,0.0,0,0,0.0,0,0,0,0,0,0,0
2023-02-19,BREAD,CnE,0.0,0.0,0.0,0.0,0,0,0.0,0,0,0,0,0,0,0
2023-02-19,BREAD,CnR,0.0,0.0,0.0,0.0,0,0,0.0,0,0,0,0,0,0,0
2023-02-19,BREAD,RW,0.0,0.0,0.0,0.0,0,0,0.0,0,0,0,0,0,0,0
2023-02-19,BREAD,Monkey,0.0,0.0,0.0,0.0,0,0,0.0,0,0,0,0,0,0,0
2023-02-19,BREAD,CB,0.0,0.0,0.0,0.0,0,0,0.0,0,0,0,0,0,0,0
2023-02-19,BREAD,BfB,0.0,0.0,0.0,0.0,0,0,0.0,0,0,0,0,0,0,0
2023-02-19,BREAD,EB,0.0,0.0,0.0,0.0,0,0,0.0,0,0,0,0,0,0,0
2023-02-19,BREAD,CG,0.0,0.0,0.0,0.0,0,0,0.0,0,0,0,0,0,0,0
2023-02-19,BREAD,Cheetah,0.0,0.0,0.0,0.0,0,0,0.0,0,0,0,0,0,0,0
2023-02-19,BREAD,bac,0.0,0.0,0.0,0.0,0,0,0.0,0,0,0,0,0,0,0
2023-02-19,BREAD,jal,0.0,0.0,0.0,0.0,0,0,0.0,0,0,0,0,0,0,0
2023-02-19,BREAD,VS,0.0,0.0,0.0,0.0,0,0,0.0,0,0,0,0,0,0,0
2023-02-19,BREAD,Sno Leop,0.0,0.0,0.0,0.0,0,0,0.0,0,0,0,0,0,0,0
2023-02-19,BREAD,sour-TL,0.0,0.0,0.0,0.0,0,0,0.0,0,0,0,0,0,0,0
2023-02-19,BREAD,OB,0.0,0.0,0.0,0.0,0,0,0.0,0,0,0,0,0,0,0
2023-02-19,BREAD,CAR,0.0,0.0,0.0,0.0,0,0,0.0,0,0,0,0,0,0,0
2023-02-19,BREAD,IHF,0.0,0.0,0.0,0.0,0,0,0.0,0,0,0,0,0,0,0
2023-02-19,BREAD,H-RLS,0.0,0.0,0.0,0.0,0,0,0.0,0,0,0,0,0,0,0
2023-02-19,BREAD,FR-RLS,0.0,0.0,0.0,0.0,0,0,0.0,0,0,0,0,0,0,0
2023-02-19,BREAD,VS-RLS,0.0,0.0,0.0,0.0,0,0,0.0,0,0,0,0,0,0,0
2023-02-19,BREAD,Blue Stru,0.0,0.0,0.0,0.0,0,0,0.0,0,0,0,0,0,0,0
2023-02-19,BREAD,Choc Carm,0.0,0.0,0.0,0.0,0,0,0.0,0,0,0,0,0,0,0
2023-02-19,BREAD,Red Velvet,0.0,0.0,0.0,0.0,0,0,0.0,0,0,0,0,0,0,0
2023-02-19,ROLLS,C-Rolls,0.0,36.0,36.0,36.0,0,0,0.0,0,0,0,0,0,0,0
2023-02-19,ROLLS,Mini C-Roll,0.0,0.0,0.0,0.0,0,0,0.0,0,0,0,0,0,0,0
2023-02-19,SCONES,Blueberry,0.0,35.0,35.0,35.0,0,0,0.0,0,0,0,0,0,0,0
2023-02-19,SCONES,Fruit Medley,0.0,0.0,0.0,0.0,0,0,0.0,0,0,0,0,0,0,0
2023-02-19,SCONES,Cherry,0.0,0.0,0.0,0.0,0,0,0.0,0,0,0,0,0,0,0
2023-02-19,SCONES,Butt Almond,0.0,0.0,0.0,0.0,0,0,0.0,0,0,0,0,0,0,0
2023-02-19,SCONES,Turtle,0.0,30.0,30.0,30.0,0,0,0.0,0,0,0,0,0,0,0
2023-02-19,SCONES,Cin Chip,0.0,0.0,0.0,0.0,0,0,0.0,0,0,0,0,0,0,0
2023-02-19,SCONES,FRUIT BAR,0.0,0.0,0.0,0.0,0,0,0.0,0,0,0,0,0,0,0
2023-02-19,SCONES,mixed berry,0.0,0.0,0.0,0.0,0,0,0.0,0,0,0,0,0,0,0
2023-02-19,SCONES,cherry,0.0,0.0,0.0,0.0,0,0,0.0,0,0,0,0,0,0,0
2023-02-19,SCONES,apple cin,0.0,5.0,5.0,5.0,0,0,0.0,0,0,0,0,0,0,0
2023-02-19,SCONES,Fruit Medley,0.0,5.0,5.0,5.0,0,0,0.0,0,0,0,0,0,0,0
2023-02-19,MUFFINS,Blue Stru,0.0,3.0,3.0,3.0,0,0,0.0,0,0,0,0,0,0,0
2023-02-19,MUFFINS,Choc Carm,0.0,3.0,3.0,3.0,0,0,0.0,0,0,0,0,0,0,0
2023-02-19,MUFFINS,Red Velvet,0.0,3.0,3.0,3.0,0,0,0.0,0,0,0,0,0,0,0
2023-02-19,COOKIES/BARS,oat cc,0.0,0.0,0.0,0.0,0,0,0.0,0,0,0,0,0,0,0
2023-02-19,COOKIES/BARS,triple cc,0.0,0.0,0.0,0.0,0,0,0.0,0,0,0,0,0,0,0
2023-02-19,COOKIES/BARS,Snickerdoodle,0.0,0.0,0.0,0.0,0,0,0.0,0,0,0,0,0,0,0
2023-02-19,COOKIES/BARS,P. butter,0.0,0.0,0.0,0.0,0,0,0.0,0,0,0,0,0,0,0
2023-02-19,COOKIES/BARS,PB CHOC,0.0,0.0,0.0,0.0,0,0,0.0,0,0,0,0,0,0,0
2023-02-19,COOKIES/BARS,Bliss,0.0,0.0,0.0,0.0,0,0,0.0,0,0,0,0,0,0,0
2023-02-19,COOKIES/BARS,Frosted,0.0,0.0,0.0,0.0,0,0,0.0,0,0,0,0,0,0,0
2023-02-19,COOKIES/BARS,Brownie,8.0,0.0,8.0,0.0,0,0,8.0,0,0,0,0,0,0,0
2023-02-19,COOKIES/BARS,Bread Pudding,0.0,0.0,0.0,0.0,0,0,0.0,0,0,0,0,0,0,0
2023-02-19,COOKIES/BARS,Totals,73.0,120.0,128.0,120.0,0,0,8.0,0,0,0,0,0,0,0
2023-02-20,BREAD,H,0.0,34.0,34.0,15.0,0,0,19.0,0,0,0,0,0,0,0
2023-02-20,BREAD,FR,0.0,40.0,40.0,15.0,24,0,1.0,0,0,0,0,0,0,0
2023-02-20,BREAD,GW,0.0,3.0,3.0,3.0,0,0,0.0,0,0,0,0,0,0,0
2023-02-20,BREAD,DK,0.0,14.0,14.0,7.0,0,0,7.0,0,0,0,0,0,0,0
2023-02-20,BREAD,H5,0.0,0.0,0.0,0.0,0,0,0.0,0,0,0,0,0,0,0
2023-02-20,BREAD,Cran,0.0,0.0,0.0,0.0,0,0,0.0,0,0,0,0,0,0,0
2023-02-20,BREAD,CSWRL,0.0,24.0,24.0,12.0,0,0,12.0,0,4,4,4,0,0,0
2023-02-20,BREAD,KING,0.0,40.0,40.0,7.0,24,0,9.0,0,0,0,0,0,0,0
2023-02-20,BREAD,CnE,0.0,14.0,14.0,9.0,0,0,5.0,0,2,2,1,0,0,1
2023-02-20,BREAD,CnR,0.0,5.0,5.0,3.0,0,0,2.0,0,0,0,0,0,0,0
2023-02-20,BREAD,RW,0.0,5.0,5.0,0.0,0,0,5.0,0,0,0,0,0,0,0
2023-02-20,BREAD,Monkey,0.0,6.0,6.0,1.0,0,0,5.0,0,0,0,0,0,0,0
2023-02-20,BREAD,CB,0.0,0.0,0.0,0.0,0,0,0.0,0,0,0,0,0,0,0
2023-02-20,BREAD,BfB,0.0,0.0,0.0,0.0,0,0,0.0,0,0,0,0,0,0,0
2023-02-20,BREAD,EB,0.0,0.0,0.0,0.0,0,0,0.0,0,0,0,0,0,0,0
2023-02-20,BREAD,CG,0.0,9.0,9.0,4.0,0,0,5.0,0,3,3,0,0,0,3
2023-02-20,BREAD,Cheetah,0.0,2.0,2.0,2.0,0,0,0.0,0,0,0,0,0,0,0
2023-02-20,BREAD,bac,0.0,2.0,2.0,2.0,0,0,0.0,0,0,0,0,0,0,0
2023-02-20,BREAD,jal,0.0,2.0,2.0,2.0,0,0,0.0,0,0,0,0,0,0,0
2023-02-20,BREAD,VS,0.0,0.0,0.0,0.0,0,0,0.0,0,0,0,0,0,0,0
2023-02-20,BREAD,Sno Leop,0.0,0.0,0.0,0.0,0,0,0.0,0,0,0,0,0,0,0
2023-02-20,BREAD,sour-TL,0.0,36.0,36.0,9.0,22,0,5.0,0,0,0,0,0,0,0
2023-02-20,BREAD,OB,0.0,9.0,9.0,3.0,0,0,6.0,0,0,0,0,0,0,0
2023-02-20,BREAD,CAR,0.0,0.0,0.0,0.0,0,0,0.0,0,0,0,0,0,0,0
2023-02-20,BREAD,IHF,0.0,0.0,0.0,0.0,0,0,0.0,0,0,0,0,0,0,0
2023-02-20,BREAD,H-RLS,0.0,3.0,3.0,3.0,0,0,0.0,0,0,0,0,0,0,0
2023-02-20,BREAD,FR-RLS,0.0,3.0,3.0,3.0,0,0,0.0,0,0,0,0,0,0,0
2023-02-20,BREAD,VS-RLS,0.0,0.0,0.0,0.0,0,0,0.0,0,0,0,0,0,0,0
2023-02-20,BREAD,Blue Stru,0.0,3.0,3.0,3.0,0,0,0.0,0,0,0,0,0,0,0
2023-02-20,BREAD,Choc Carm,0.0,3.0,3.0,1.0,0,0,2.0,0,0,0,0,0,0,0
2023-02-20,BREAD,Red Velvet,0.0,3.0,3.0,3.0,0,0,0.0,0,0,0,0,0,0,0
2023-02-20,ROLLS,C-Rolls,0.0,36.0,36.0,28.0,0,8,0.0,0,0,0,0,0,0,0
2023-02-20,ROLLS,Mini C-Roll,0.0,0.0,0.0,0.0,0,0,0.0,0,0,0,0,0,0,0
2023-02-20,SCONES,Blueberry,0.0,0.0,0.0,0.0,0,0,0.0,0,0,0,0,0,0,0
2023-02-20,SCONES,Fruit Medley,0.0,11.0,11.0,8.0,0,3,0.0,0,0,0,0,0,0,0
2023-02-20,SCONES,Cherry,0.0,0.0,0.0,0.0,0,0,0.0,0,0,0,0,0,0,0
2023-02-20,SCONES,Butt Almond,0.0,0.0,0.0,0.0,0,0,0.0,0,0,0,0,0,0,0
2023-02-20,SCONES,Turtle,0.0,0.0,0.0,0.0,0,0,0.0,0,0,0,0,0,0,0
2023-02-20,SCONES,Cin Chip,0.0,11.0,11.0,9.0,0,2,0.0,0,0,0,0,0,0,0
2023-02-20,SCONES,FRUIT BAR,0.0,0.0,0.0,0.0,0,0,0.0,0,0,0,0,0,0,0
2023-02-20,SCONES,mixed berry,0.0,5.0,5.0,3.0,0,2,0.0,0,0,0,0,0,0,0
2023-02-20,SCONES,cherry,0.0,5.0,5.0,3.0,0,2,0.0,0,0,0,0,0,0,0
2023-02-20,SCONES,apple cin,0.0,0.0,0.0,0.0,0,0,0.0,0,0,0,0,0,0,0
2023-02-20,SCONES,Fruit Medley,0.0,0.0,0.0,0.0,0,0,0.0,0,0,0,0,0,0,0
2023-02-20,MUFFINS,Blue Stru,0.0,5.0,5.0,5.0,0,0,0.0,0,0,0,0,0,0,0
2023-02-20,MUFFINS,Choc Carm,0.0,4.0,4.0,4.0,0,0,0.0,0,0,0,0,0,0,0
2023-02-20,MUFFINS,Red Velvet,0.0,4.0,4.0,2.0,0,2,0.0,0,0,0,0,0,0,0
2023-02-20,COOKIES/BARS,oat cc,0.0,42.0,42.0,22.0,11,0,9.0,0,0,0,0,0,0,0
2023-02-20,COOKIES/BARS,triple cc,0.0,42.0,42.0,21.0,11,0,10.0,0,0,0,0,0,0,0
2023-02-20,COOKIES/BARS,Snickerdoodle,0.0,42.0,42.0,8.0,17,0,17.0,0,0,0,0,0,0,0
2023-02-20,COOKIES/BARS,P. butter,0.0,12.0,12.0,12.0,0,0,0.0,0,0,0,0,0,0,0
2023-02-20,COOKIES/BARS,PB CHOC,0.0,12.0,12.0,9.0,0,0,3.0,0,0,0,0,0,0,0
2023-02-20,COOKIES/BARS,Bliss,0.0,24.0,24.0,8.0,11,0,5.0,0,0,0,0,0,0,0
2023-02-20,COOKIES/BARS,Frosted,0.0,12.0,12.0,5.0,0,0,7.0,0,0,0,0,0,0,0
2023-02-20,COOKIES/BARS,Brownie,8.0,20.0,28.0,1.0,0,0,27.0,0,0,0,0,0,0,0
2023-02-20,COOKIES/BARS,Bread Pudding,0.0,0.0,0.0,0.0,0,0,0.0,0,0,0,0,0,0,0
2023-02-20,COOKIES/BARS,Totals,30.0,287.0,295.0,148.0,50,19,78.0,0,0,0,0,0,0,0
2023-02-21,BREAD,H,19.0,14.0,33.0,18.0,0,0,15.0,0,0,0,0,0,0,0
2023-02-21,BREAD,FR,1.0,19.0,20.0,12.0,0,0,8.0,0,0,0,0,0,0,0
2023-02-21,BREAD,GW,0.0,3.0,3.0,3.0,0,0,0.0,0,0,0,0,0,0,0
2023-02-21,BREAD,DK,7.0,0.0,7.0,5.0,0,0,2.0,0,0,0,0,0,0,0
2023-02-21,BREAD,H5,0.0,9.0,9.0,4.0,0,0,5.0,0,0,0,0,0,0,0
2023-02-21,BREAD,Cran,0.0,4.0,4.0,0.0,0,0,4.0,0,0,0,0,0,0,0
2023-02-21,BREAD,CSWRL,12.0,8.0,20.0,15.0,0,2,3.0,0,6,6,2,0,0,4
2023-02-21,BREAD,KING,9.0,28.0,37.0,22.0,3,0,12.0,0,0,0,0,0,0,0
2023-02-21,BREAD,CnE,5.0,0.0,5.0,4.0,0,1,0.0,1,0,1,1,0,0,0
2023-02-21,BREAD,CnR,2.0,0.0,2.0,1.0,0,1,0.0,0,0,0,0,0,0,0
2023-02-21,BREAD,RW,5.0,0.0,5.0,3.0,0,2,0.0,0,0,0,0,0,0,0
2023-02-21,BREAD,Monkey,5.0,0.0,5.0,2.0,0,3,0.0,0,0,0,0,0,0,0
2023-02-21,BREAD,CB,0.0,8.0,8.0,4.0,0,0,4.0,0,4,4,1,0,0,3
2023-02-21,BREAD,BfB,0.0,9.0,9.0,2.0,0,0,7.0,0,3,3,2,0,0,1
2023-02-21,BREAD,EB,0.0,0.0,0.0,0.0,0,0,0.0,0,0,0,0,0,0,0
2023-02-21,BREAD,CG,5.0,0.0,5.0,2.0,0,3,0.0,3,0,3,2,0,0,0
2023-02-21,BREAD,Cheetah,0.0,0.0,0.0,0.0,0,0,0.0,0,0,0,0,0,0,0
2023-02-21,BREAD,bac,0.0,0.0,0.0,0.0,0,0,0.0,0,0,0,0,0,0,0
2023-02-21,BREAD,jal,0.0,0.0,0.0,0.0,0,0,0.0,0,0,0,0,0,0,0
2023-02-21,BREAD,VS,0.0,11.0,11.0,3.0,0,0,8.0,0,3,3,0,0,0,3
2023-02-21,BREAD,Sno Leop,0.0,0.0,0.0,-5.0,1,0,4.0,0,0,0,0,0,0,0
2023-02-21,BREAD,sour-TL,5.0,0.0,5.0,5.0,0,0,0.0,0,0,0,0,0,0,0
2023-02-21,BREAD,OB,6.0,0.0,6.0,1.0,0,0,5.0,0,0,0,0,0,0,0
2023-02-21,BREAD,CAR,0.0,0.0,0.0,0.0,0,0,0.0,0,0,0,0,0,0,0
2023-02-21,BREAD,IHF,0.0,0.0,0.0,-8.0,0,0,8.0,0,0,0,0,0,0,0
2023-02-21,BREAD,H-RLS,0.0,2.0,2.0,0.0,0,0,2.0,0,0,0,0,0,0,0
2023-02-21,BREAD,FR-RLS,0.0,3.0,3.0,0.0,0,0,3.0,0,0,0,0,0,0,0
2023-02-21,BREAD,VS-RLS,0.0,4.0,4.0,1.0,0,0,3.0,0,0,0,0,0,0,0
2023-02-21,BREAD,Blue Stru,0.0,6.0,6.0,1.0,2,0,3.0,0,0,0,0,0,0,0
2023-02-21,BREAD,Choc Carm,2.0,0.0,2.0,1.0,0,1,0.0,0,0,0,0,0,0,0
2023-02-21,BREAD,Red Velvet,0.0,3.0,3.0,1.0,0,0,2.0,0,0,0,0,0,0,0
2023-02-21,ROLLS,C-Rolls,0.0,48.0,48.0,14.0,12,22,0.0,0,0,0,0,0,0,0
2023-02-21,ROLLS,Mini C-Roll,0.0,72.0,72.0,0.0,72,0,0.0,0,0,0,0,0,0,0
2023-02-21,SCONES,Blueberry,0.0,11.0,11.0,8.0,0,3,0.0,0,0,0,0,0,0,0
2023-02-21,SCONES,Fruit Medley,0.0,0.0,0.0,0.0,0,0,0.0,0,0,0,0,0,0,0
2023-02-21,SCONES,Cherry,0.0,0.0,0.0,0.0,0,0,0.0,0,0,0,0,0,0,0
2023-02-21,SCONES,Butt Almond,0.0,0.0,0.0,0.0,0,0,0.0,0,0,0,0,0,0,0
2023-02-21,SCONES,Turtle,0.0,0.0,0.0,0.0,0,0,0.0,0,0,0,0,0,0,0
2023-02-21,SCONES,Cin Chip,0.0,11.0,11.0,10.0,0,1,0.0,0,0,0,0,0,0,0
2023-02-21,SCONES,FRUIT BAR,0.0,0.0,0.0,0.0,0,0,0.0,0,0,0,0,0,0,0
2023-02-21,SCONES,mixed berry,0.0,0.0,0.0,-2.0,0,2,0.0,0,0,0,0,0,0,0
2023-02-21,SCONES,cherry,0.0,0.0,0.0,-1.0,0,1,0.0,0,0,0,0,0,0,0
2023-02-21,SCONES,apple cin,0.0,5.0,5.0,4.0,0,1,0.0,0,0,0,0,0,0,0
2023-02-21,SCONES,Fruit Medley,0.0,5.0,5.0,4.0,0,1,0.0,0,0,0,0,0,0,0
2023-02-21,MUFFINS,Blue Stru,0.0,5.0,5.0,3.0,0,2,0.0,0,0,0,0,0,0,0
2023-02-21,MUFFINS,Choc Carm,0.0,4.0,4.0,3.0,0,1,0.0,0,0,0,0,0,0,0
2023-02-21,MUFFINS,Red Velvet,0.0,4.0,4.0,3.0,0,1,0.0,0,0,0,0,0,0,0
2023-02-21,COOKIES/BARS,oat cc,9.0,36.0,45.0,20.0,13,0,12.0,0,0,0,0,0,0,0
2023-02-21,COOKIES/BARS,triple cc,10.0,36.0,46.0,15.0,13,6,12.0,0,0,0,0,0,0,0
2023-02-21,COOKIES/BARS,Snickerdoodle,17.0,24.0,41.0,16.0,13,6,6.0,0,0,0,0,0,0,0
2023-02-21,COOKIES/BARS,P. butter,0.0,12.0,12.0,4.0,0,0,8.0,0,0,0,0,0,0,0
2023-02-21,COOKIES/BARS,PB CHOC,3.0,12.0,15.0,-4.0,0,15,4.0,0,0,0,0,0,0,0
2023-02-21,COOKIES/BARS,Bliss,5.0,12.0,17.0,1.0,0,4,12.0,0,0,0,0,0,0,0
2023-02-21,COOKIES/BARS,Frosted,7.0,6.0,13.0,4.0,0,0,9.0,0,0,0,0,0,0,0
2023-02-21,COOKIES/BARS,Brownie,27.0,0.0,27.0,1.0,0,6,20.0,0,0,0,0,0,0,0
2023-02-21,COOKIES/BARS,Bread Pudding,0.0,0.0,0.0,-5.0,0,0,5.0,0,0,0,-3,0,0,3
2023-02-21,COOKIES/BARS,Totals,100.0,303.0,381.0,98.0,123,72,88.0,0,0,0,-3,0,0,3
2023-02-22,BREAD,H,15.0,33.0,48.0,17.0,19,0,12.0,0,0,0,0,0,0,0
2023-02-22,BREAD,FR,8.0,13.0,21.0,12.0,0,0,9.0,0,0,0,0,0,0,0
2023-02-22,BREAD,GW,0.0,10.0,10.0,1.0,0,0,9.0,0,0,0,0,0,0,0
2023-02-22,BREAD,DK,2.0,15.0,17.0,4.0,0,0,13.0,0,0,0,0,0,0,0
2023-02-22,BREAD,H5,5.0,0.0,5.0,5.0,0,0,0.0,0,0,0,0,0,0,0
2023-02-22,BREAD,Cran,4.0,0.0,4.0,4.0,0,0,0.0,0,0,0,0,0,0,0
2023-02-22,BREAD,CSWRL,3.0,16.0,19.0,8.0,0,0,11.0,4,0,4,4,0,0,0
2023-02-22,BREAD,KING,12.0,0.0,12.0,7.0,0,5,0.0,0,0,0,0,0,0,0
2023-02-22,BREAD,CnE,0.0,13.0,13.0,5.0,0,0,8.0,0,2,2,2,0,0,0
2023-02-22,BREAD,CnR,0.0,4.0,4.0,0.0,0,0,4.0,0,0,0,0,0,0,0
2023-02-22,BREAD,RW,0.0,4.0,4.0,3.0,0,0,1.0,0,0,0,0,0,0,0
2023-02-22,BREAD,Monkey,0.0,8.0,8.0,1.0,0,0,7.0,0,0,0,0,0,0,0
2023-02-22,BREAD,CB,4.0,0.0,4.0,2.0,0,2,0.0,3,0,3,3,0,0,0
2023-02-22,BREAD,BfB,7.0,0.0,7.0,1.0,0,0,6.0,1,0,1,1,0,0,0
2023-02-22,BREAD,EB,0.0,0.0,0.0,0.0,0,0,0.0,0,0,0,0,0,0,0
2023-02-22,BREAD,CG,0.0,10.0,10.0,3.0,0,0,7.0,0,3,3,3,0,0,0
2023-02-22,BREAD,Cheetah,0.0,4.0,4.0,1.0,0,0,3.0,0,0,0,0,0,0,0
2023-02-22,BREAD,bac,0.0,3.0,3.0,0.0,0,0,3.0,0,0,0,0,0,0,0
2023-02-22,BREAD,jal,0.0,3.0,3.0,0.0,0,0,3.0,0,0,0,0,0,0,0
2023-02-22,BREAD,VS,8.0,0.0,8.0,3.0,0,0,5.0,3,0,3,3,0,0,0
2023-02-22,BREAD,Sno Leop,4.0,0.0,4.0,1.0,0,3,0.0,0,0,0,0,0,0,0
2023-02-22,BREAD,sour-TL,0.0,15.0,15.0,6.0,0,0,9.0,0,0,0,0,0,0,0
2023-02-22,BREAD,OB,5.0,6.0,11.0,4.0,0,2,5.0,0,0,0,0,0,0,0
2023-02-22,BREAD,CAR,0.0,18.0,18.0,1.0,0,0,17.0,0,0,0,0,0,0,0
2023-02-22,BREAD,IHF,8.0,0.0,8.0,1.0,0,0,7.0,0,0,0,0,0,0,0
2023-02-22,BREAD,H-RLS,2.0,1.0,3.0,1.0,0,1,1.0,0,0,0,0,0,0,0
2023-02-22,BREAD,FR-RLS,3.0,1.0,4.0,2.0,0,1,1.0,0,0,0,0,0,0,0
2023-02-22,BREAD,VS-RLS,3.0,0.0,3.0,2.0,0,1,0.0,0,0,0,0,0,0,0
2023-02-22,BREAD,Blue Stru,3.0,0.0,3.0,2.0,0,1,0.0,0,0,0,0,0,0,0
2023-02-22,BREAD,Choc Carm,0.0,3.0,3.0,1.0,0,0,2.0,0,0,0,0,0,0,0
2023-02-22,BREAD,Red Velvet,2.0,1.0,3.0,1.0,0,1,1.0,0,0,0,0,0,0,0
2023-02-22,ROLLS,C-Rolls,0.0,36.0,36.0,35.0,0,1,0.0,0,0,0,0,0,0,0
2023-02-22,ROLLS,Mini C-Roll,0.0,0.0,0.0,0.0,0,0,0.0,0,0,0,0,0,0,0
2023-02-22,SCONES,Blueberry,0.0,0.0,0.0,0.0,0,0,0.0,0,0,0,0,0,0,0
2023-02-22,SCONES,Fruit Medley,0.0,11.0,11.0,10.0,0,1,0.0,0,0,0,0,0,0,0
2023-02-22,SCONES,Cherry,0.0,0.0,0.0,0.0,0,0,0.0,0,0,0,0,0,0,0
2023-02-22,SCONES,Butt Almond,0.0,0.0,0.0,0.0,0,0,0.0,0,0,0,0,0,0,0
2023-02-22,SCONES,Turtle,0.0,11.0,11.0,11.0,0,0,0.0,0,0,0,0,0,0,0
2023-02-22,SCONES,Cin Chip,0.0,0.0,0.0,0.0,0,0,0.0,0,0,0,0,0,0,0
2023-02-22,SCONES,FRUIT BAR,0.0,0.0,0.0,0.0,0,0,0.0,0,0,0,0,0,0,0
2023-02-22,SCONES,mixed berry,0.0,5.0,5.0,5.0,0,0,0.0,0,0,0,0,0,0,0
2023-02-22,SCONES,cherry,0.0,5.0,5.0,5.0,0,0,0.0,0,0,0,0,0,0,0
2023-02-22,SCONES,apple cin,0.0,0.0,0.0,0.0,0,0,0.0,0,0,0,0,0,0,0
2023-02-22,SCONES,Fruit Medley,0.0,0.0,0.0,0.0,0,0,0.0,0,0,0,0,0,0,0
2023-02-22,MUFFINS,Blue Stru,0.0,4.0,4.0,1.0,0,3,0.0,0,0,0,0,0,0,0
2023-02-22,MUFFINS,Choc Carm,0.0,4.0,4.0,2.0,0,2,0.0,0,0,0,0,0,0,0
2023-02-22,MUFFINS,Red Velvet,0.0,4.0,4.0,3.0,0,1,0.0,0,0,0,0,0,0,0
2023-02-22,COOKIES/BARS,oat cc,12.0,24.0,36.0,23.0,5,6,2.0,0,0,0,0,0,0,0
2023-02-22,COOKIES/BARS,triple cc,12.0,24.0,36.0,15.0,5,6,10.0,0,0,0,0,0,0,0
2023-02-22,COOKIES/BARS,Snickerdoodle,6.0,30.0,36.0,30.0,6,0,0.0,0,0,0,0,0,0,0
2023-02-22,COOKIES/BARS,P. butter,8.0,6.0,14.0,9.0,0,0,5.0,0,0,0,0,0,0,0
2023-02-22,COOKIES/BARS,PB CHOC,4.0,12.0,16.0,16.0,0,0,0.0,0,0,0,0,0,0,0
2023-02-22,COOKIES/BARS,Bliss,12.0,6.0,18.0,1.0,0,17,0.0,0,0,0,0,0,0,0
2023-02-22,COOKIES/BARS,Frosted,9.0,6.0,15.0,8.0,0,3,4.0,0,0,0,0,0,0,0
2023-02-22,COOKIES/BARS,Brownie,20.0,0.0,20.0,5.0,0,3,12.0,0,0,0,0,0,0,0
2023-02-22,COOKIES/BARS,Bread Pudding,5.0,0.0,5.0,0.0,0,0,5.0,3,0,3,1,0,0,2
2023-02-22,COOKIES/BARS,Totals,110.0,188.0,276.0,179.0,16,43,38.0,3,0,3,1,0,0,2
2023-02-23,BREAD,H,12.0,38.0,50.0,5.0,21,0,24.0,0,0,0,0,0,0,0
2023-02-23,BREAD,FR,9.0,36.0,45.0,10.0,26,0,9.0,0,0,0,0,0,0,0
2023-02-23,BREAD,GW,9.0,0.0,9.0,5.0,0,4,0.0,0,0,0,0,0,0,0
2023-02-23,BREAD,DK,13.0,0.0,13.0,3.0,0,0,10.0,0,0,0,0,0,0,0
2023-02-23,BREAD,H5,0.0,10.0,10.0,5.0,0,0,5.0,0,0,0,0,0,0,0
2023-02-23,BREAD,Cran,0.0,4.0,4.0,2.0,0,0,2.0,0,0,0,0,0,0,0
2023-02-23,BREAD,CSWRL,11.0,12.0,23.0,6.0,3,7,7.0,0,6,6,6,0,0,0
2023-02-23,BREAD,ISB,0.0,15.0,15.0,1.0,0,0,14.0,0,6,6,2,0,0,4
2023-02-23,BREAD,CnE,8.0,0.0,8.0,2.0,0,6,0.0,0,0,0,0,0,0,0
2023-02-23,BREAD,CnR,4.0,0.0,4.0,2.0,0,2,0.0,0,0,0,0,0,0,0
2023-02-23,BREAD,RW,1.0,0.0,1.0,1.0,0,0,0.0,0,0,0,0,0,0,0
2023-02-23,BREAD,Monkey,7.0,0.0,7.0,5.0,0,2,0.0,0,0,0,0,0,0,0
2023-02-23,BREAD,CB,0.0,11.0,11.0,6.0,0,0,5.0,0,8,8,1,0,0,7
2023-02-23,BREAD,BfB,6.0,0.0,6.0,0.0,0,6,0.0,0,0,0,0,0,0,0
2023-02-23,BREAD,EB,0.0,0.0,0.0,0.0,0,0,0.0,0,0,0,0,0,0,0
2023-02-23,BREAD,CG,7.0,0.0,7.0,1.0,0,6,0.0,0,0,0,0,0,0,0
2023-02-23,BREAD,Cheetah,3.0,0.0,3.0,2.0,0,1,0.0,0,0,0,0,0,0,0
2023-02-23,BREAD,bac,3.0,0.0,3.0,2.0,0,1,0.0,0,0,0,0,0,0,0
2023-02-23,BREAD,jal,3.0,0.0,3.0,3.0,0,0,0.0,0,0,0,0,0,0,0
2023-02-23,BREAD,VS,5.0,16.0,21.0,4.0,0,1,16.0,0,3,3,1,0,0,2
2023-02-23,BREAD,Sno Leop,0.0,5.0,5.0,2.0,0,0,3.0,0,0,0,0,0,0,0
2023-02-23,BREAD,sour-TL,9.0,0.0,9.0,1.0,0,0,8.0,0,0,0,0,0,0,0
2023-02-23,BREAD,OB,5.0,0.0,5.0,1.0,0,0,4.0,0,0,0,0,0,0,0
2023-02-23,BREAD,CAR,17.0,0.0,17.0,0.0,0,0,17.0,0,0,0,0,0,0,0
2023-02-23,BREAD,IHF,7.0,0.0,7.0,1.0,0,0,6.0,0,0,0,0,0,0,0
2023-02-23,BREAD,H-RLS,1.0,2.0,3.0,0.0,0,1,2.0,0,0,0,0,0,0,0
2023-02-23,BREAD,FR-RLS,1.0,3.0,4.0,4.0,0,0,0.0,0,0,0,0,0,0,0
2023-02-23,BREAD,VS-RLS,0.0,5.0,5.0,4.0,0,0,1.0,0,0,0,0,0,0,0
2023-02-23,BREAD,Blue Stru,0.0,10.0,10.0,2.0,6,0,2.0,0,0,0,0,0,0,0
2023-02-23,BREAD,Choc Carm,2.0,3.0,5.0,2.0,1,0,2.0,0,0,0,0,0,0,0
2023-02-23,BREAD,Red Velvet,1.0,3.0,4.0,0.0,0,1,3.0,0,0,0,0,0,0,0
2023-02-23,ROLLS,C-Rolls,0.0,36.0,36.0,24.0,0,12,0.0,0,0,0,0,0,0,0
2023-02-23,ROLLS,Mini C-Roll,0.0,0.0,0.0,0.0,0,0,0.0,0,0,0,0,0,0,0
2023-02-23,SCONES,Blueberry,0.0,10.0,10.0,8.0,0,2,0.0,0,14,14,0,0,0,0
2023-02-23,SCONES,Fruit Medley,0.0,0.0,0.0,0.0,0,0,0.0,0,0,0,0,0,0,0
2023-02-23,SCONES,Cherry,0.0,0.0,0.0,0.0,0,0,0.0,0,0,0,0,0,0,0
2023-02-23,SCONES,Butt Almond,0.0,0.0,0.0,0.0,0,0,0.0,0,0,0,0,0,0,0
2023-02-23,SCONES,Turtle,0.0,9.0,9.0,9.0,0,0,0.0,0,14,14,0,0,0,0
2023-02-23,SCONES,Cin Chip,0.0,0.0,0.0,0.0,0,0,0.0,0,0,0,0,0,0,0
2023-02-23,SCONES,FRUIT BAR,0.0,0.0,0.0,0.0,0,0,0.0,0,0,0,0,0,0,0
2023-02-23,SCONES,mixed berry,0.0,5.0,5.0,0.0,5,0,0.0,0,0,0,0,0,0,0
2023-02-23,SCONES,cherry,0.0,5.0,5.0,0.0,5,0,0.0,0,0,0,0,0,0,0
2023-02-23,SCONES,apple cin,0.0,10.0,10.0,5.0,5,0,0.0,0,0,0,0,0,0,0
2023-02-23,SCONES,Fruit Medley,0.0,10.0,10.0,7.0,3,0,0.0,0,0,0,0,0,0,0
2023-02-23,MUFFINS,Blue Stru,0.0,4.0,4.0,3.0,0,1,0.0,0,0,0,0,0,0,0
2023-02-23,MUFFINS,Choc Carm,0.0,4.0,4.0,2.0,0,2,0.0,0,13,13,0,0,0,0
2023-02-23,MUFFINS,Red Velvet,0.0,4.0,4.0,1.0,0,3,0.0,0,13,13,0,0,0,0
2023-02-23,COOKIES/BARS,oat cc,2.0,66.0,68.0,16.0,38,0,14.0,0,6,6,0,0,0,0
2023-02-23,COOKIES/BARS,triple cc,10.0,66.0,76.0,11.0,48,5,12.0,0,6,6,0,0,0,0
2023-02-23,COOKIES/BARS,Snickerdoodle,0.0,66.0,66.0,17.0,41,0,8.0,0,8,8,0,0,0,0
2023-02-23,COOKIES/BARS,P. butter,5.0,12.0,17.0,16.0,0,0,1.0,0,0,0,0,0,0,0
2023-02-23,COOKIES/BARS,PB CHOC,0.0,18.0,18.0,17.0,0,1,0.0,0,0,0,0,0,0,0
2023-02-23,COOKIES/BARS,Bliss,0.0,18.0,18.0,4.0,0,6,8.0,0,0,0,0,0,0,0
2023-02-23,COOKIES/BARS,Frosted,4.0,12.0,16.0,4.0,0,1,11.0,0,0,0,0,0,0,0
2023-02-23,COOKIES/BARS,Brownie,12.0,20.0,32.0,1.0,7,4,20.0,0,0,0,0,0,0,0
2023-02-23,COOKIES/BARS,Bread Pudding,5.0,0.0,5.0,0.0,0,0,5.0,2,0,2,0,0,0,2
2023-02-23,COOKIES/BARS,Totals,71.0,375.0,413.0,145.0,152,37,79.0,2,74,76,0,0,0,2
2023-02-24,BREAD,H,24.0,15.0,39.0,15.0,5,3,16.0,0,0,0,0,0,0,0
2023-02-24,BREAD,FR,9.0,34.0,43.0,5.0,14,0,24.0,0,0,0,0,0,0,0
2023-02-24,BREAD,GW,0.0,3.0,3.0,3.0,0,0,0.0,0,0,0,0,0,0,0
2023-02-24,BREAD,DK,10.0,15.0,25.0,7.0,2,2,14.0,0,0,0,0,0,0,0
2023-02-24,BREAD,H5,5.0,0.0,5.0,3.0,0,0,2.0,0,0,0,0,0,0,0
2023-02-24,BREAD,Cran,2.0,0.0,2.0,2.0,0,0,0.0,0,0,0,0,0,0,0
2023-02-24,BREAD,CSWRL,7.0,16.0,23.0,17.0,3,0,3.0,0,6,6,1,0,0,5
2023-02-24,BREAD,ISB,14.0,0.0,14.0,2.0,0,0,12.0,4,0,4,3,0,0,1
2023-02-24,BREAD,CnE,0.0,19.0,19.0,7.0,2,0,10.0,0,2,2,0,0,0,2
2023-02-24,BREAD,CnR,0.0,8.0,8.0,2.0,0,0,6.0,0,0,0,0,0,0,0
2023-02-24,BREAD,RW,0.0,6.0,6.0,1.0,0,0,5.0,0,0,0,0,0,0,0
2023-02-24,BREAD,Monkey,0.0,6.0,6.0,3.0,0,0,3.0,0,0,0,0,0,0,0
2023-02-24,BREAD,CB,5.0,0.0,5.0,1.0,0,0,4.0,7,0,7,2,0,0,5
2023-02-24,BREAD,BfB,0.0,0.0,0.0,0.0,0,0,0.0,0,0,0,0,0,0,0
2023-02-24,BREAD,EB,0.0,0.0,0.0,0.0,0,0,0.0,0,0,0,0,0,0,0
2023-02-24,BREAD,CG,0.0,14.0,14.0,6.0,0,0,8.0,0,5,5,2,0,0,3
2023-02-24,BREAD,Cheetah,0.0,5.0,5.0,0.0,0,0,5.0,0,0,0,0,0,0,0
2023-02-24,BREAD,bac,0.0,4.0,4.0,2.0,0,0,2.0,0,0,0,0,0,0,0
2023-02-24,BREAD,jal,0.0,4.0,4.0,1.0,0,0,3.0,0,0,0,0,0,0,0
2023-02-24,BREAD,VS,16.0,0.0,16.0,4.0,0,0,12.0,2,0,2,1,0,0,1
2023-02-24,BREAD,Sno Leop,3.0,0.0,3.0,0.0,0,0,3.0,0,0,0,0,0,0,0
2023-02-24,BREAD,sour-TL,8.0,16.0,24.0,2.0,0,6,16.0,0,0,0,0,0,0,0
2023-02-24,BREAD,OB,4.0,3.0,7.0,3.0,0,1,3.0,0,0,0,0,0,0,0
2023-02-24,BREAD,CAR,17.0,0.0,17.0,2.0,0,0,15.0,0,0,0,0,0,0,0
2023-02-24,BREAD,IHF,6.0,0.0,6.0,4.0,0,0,2.0,0,0,0,0,0,0,0
2023-02-24,BREAD,H-RLS,2.0,7.0,9.0,3.0,5,0,1.0,0,0,0,0,0,0,0
2023-02-24,BREAD,FR-RLS,0.0,13.0,13.0,4.0,9,0,0.0,0,0,0,0,0,0,0
2023-02-24,BREAD,VS-RLS,1.0,0.0,1.0,1.0,0,0,0.0,0,0,0,0,0,0,0
2023-02-24,BREAD,Blue Stru,2.0,3.0,5.0,4.0,0,0,1.0,0,0,0,0,0,0,0
2023-02-24,BREAD,Choc Carm,2.0,4.0,6.0,2.0,1,1,2.0,0,0,0,0,0,0,0
2023-02-24,BREAD,Red Velvet,3.0,7.0,10.0,1.0,5,2,2.0,0,0,0,0,0,0,0
2023-02-24,ROLLS,C-Rolls,0.0,48.0,48.0,47.0,0,1,0.0,0,0,0,0,0,0,0
2023-02-24,ROLLS,Mini C-Roll,0.0,0.0,0.0,0.0,0,0,0.0,0,0,0,0,0,0,0
2023-02-24,SCONES,Blueberry,0.0,0.0,0.0,0.0,0,0,0.0,0,0,0,0,0,0,0
2023-02-24,SCONES,Fruit Medley,0.0,0.0,0.0,0.0,0,0,0.0,0,0,0,0,0,0,0
2023-02-24,SCONES,Cherry,0.0,9.0,9.0,9.0,0,0,0.0,0,14,14,0,0,0,0
2023-02-24,SCONES,Butt Almond,0.0,10.0,10.0,10.0,0,0,0.0,0,14,14,0,0,0,0
2023-02-24,SCONES,Turtle,0.0,0.0,0.0,0.0,0,0,0.0,0,0,0,0,0,0,0
2023-02-24,SCONES,Cin Chip,0.0,0.0,0.0,0.0,0,0,0.0,0,0,0,0,0,0,0
2023-02-24,SCONES,FRUIT BAR,0.0,0.0,0.0,0.0,0,0,0.0,0,0,0,0,0,0,0
2023-02-24,SCONES,mixed berry,0.0,10.0,10.0,4.0,4,2,0.0,0,0,0,0,0,0,0
2023-02-24,SCONES,cherry,0.0,10.0,10.0,3.0,4,3,0.0,0,0,0,0,0,0,0
2023-02-24,SCONES,apple cin,0.0,5.0,5.0,0.0,3,2,0.0,0,0,0,0,0,0,0
2023-02-24,SCONES,Fruit Medley,0.0,5.0,5.0,3.0,2,0,0.0,0,0,0,0,0,0,0
2023-02-24,MUFFINS,Blue Stru,0.0,4.0,4.0,3.0,0,1,0.0,0,13,13,0,0,0,0
2023-02-24,MUFFINS,Choc Carm,0.0,4.0,4.0,3.0,0,1,0.0,0,13,13,0,0,0,0
2023-02-24,MUFFINS,Red Velvet,0.0,4.0,4.0,4.0,0,0,0.0,0,0,0,0,0,0,0
2023-02-24,COOKIES/BARS,oat cc,14.0,66.0,80.0,10.0,48,0,22.0,0,2,2,0,0,0,0
2023-02-24,COOKIES/BARS,triple cc,12.0,66.0,78.0,30.0,48,0,0.0,0,4,4,0,0,0,0
2023-02-24,COOKIES/BARS,Snickerdoodle,8.0,72.0,80.0,11.0,48,6,15.0,0,4,4,0,0,0,0
2023-02-24,COOKIES/BARS,P. butter,1.0,18.0,19.0,17.0,0,0,2.0,0,0,0,0,0,0,0
2023-02-24,COOKIES/BARS,PB CHOC,0.0,18.0,18.0,9.0,0,0,9.0,0,0,0,0,0,0,0
2023-02-24,COOKIES/BARS,Bliss,8.0,12.0,20.0,10.0,0,6,4.0,0,0,0,0,0,0,0
2023-02-24,COOKIES/BARS,Frosted,11.0,6.0,17.0,10.0,0,0,7.0,0,0,0,0,0,0,0
2023-02-24,COOKIES/BARS,Brownie,20.0,0.0,20.0,9.0,3,0,8.0,0,0,0,0,0,0,0
2023-02-24,COOKIES/BARS,Bread Pudding,5.0,0.0,5.0,1.0,0,0,4.0,2,0,2,0,0,0,2
2023-02-24,COOKIES/BARS,Totals,112.0,367.0,446.0,193.0,160,22,71.0,2,64,66,0,0,0,2
2023-02-25,BREAD,H,16.0,0.0,16.0,14.0,0,2,0.0,0,0,0,0,0,0,0
2023-02-25,BREAD,FR,24.0,0.0,24.0,24.0,0,0,0.0,0,0,0,0,0,0,0
2023-02-25,BREAD,GW,0.0,4.0,4.0,4.0,0,0,0.0,0,0,0,0,0,0,0
2023-02-25,BREAD,DK,14.0,0.0,14.0,8.0,0,6,0.0,0,0,0,0,0,0,0
2023-02-25,BREAD,H5,2.0,0.0,2.0,1.0,0,1,0.0,0,0,0,0,0,0,0
2023-02-25,BREAD,Cran,0.0,0.0,0.0,0.0,0,0,0.0,0,0,0,0,0,0,0
2023-02-25,BREAD,CSWRL,3.0,16.0,19.0,14.0,4,1,0.0,5,0,5,1,0,0,0
2023-02-25,BREAD,ISB,12.0,0.0,12.0,5.0,0,7,0.0,1,0,1,1,0,0,0
2023-02-25,BREAD,CnE,10.0,0.0,10.0,7.0,0,3,0.0,2,0,2,2,0,0,0
2023-02-25,BREAD,CnR,6.0,0.0,6.0,4.0,0,2,0.0,0,0,0,0,0,0,0
2023-02-25,BREAD,RW,5.0,0.0,5.0,0.0,0,5,0.0,0,0,0,0,0,0,0
2023-02-25,BREAD,Monkey,3.0,0.0,3.0,3.0,0,0,0.0,0,0,0,0,0,0,0
2023-02-25,BREAD,CB,4.0,0.0,4.0,4.0,0,0,0.0,5,0,5,1,0,0,0
2023-02-25,BREAD,BfB,0.0,0.0,0.0,0.0,0,0,0.0,0,0,0,0,0,0,0
2023-02-25,BREAD,EB,0.0,0.0,0.0,0.0,0,0,0.0,0,0,0,0,0,0,0
2023-02-25,BREAD,CG,8.0,0.0,8.0,6.0,0,2,0.0,3,0,3,1,0,0,0
2023-02-25,BREAD,Cheetah,5.0,0.0,5.0,3.0,0,2,0.0,0,0,0,0,0,0,0
2023-02-25,BREAD,bac,2.0,0.0,2.0,0.0,0,2,0.0,0,0,0,0,0,0,0
2023-02-25,BREAD,jal,3.0,0.0,3.0,3.0,0,0,0.0,0,0,0,0,0,0,0
2023-02-25,BREAD,VS,12.0,0.0,12.0,12.0,0,0,0.0,1,0,1,-1,0,0,0
2023-02-25,BREAD,Sno Leop,3.0,0.0,3.0,3.0,0,0,0.0,0,0,0,0,0,0,0
2023-02-25,BREAD,sour-TL,16.0,0.0,16.0,16.0,0,0,0.0,0,0,0,0,0,0,0
2023-02-25,BREAD,OB,3.0,0.0,3.0,3.0,0,0,0.0,0,0,0,0,0,0,0
2023-02-25,BREAD,CAR,15.0,0.0,15.0,15.0,0,0,0.0,0,0,0,0,0,0,0
2023-02-25,BREAD,IHF,2.0,0.0,2.0,2.0,0,0,0.0,0,0,0,0,0,0,0
2023-02-25,BREAD,H-RLS,1.0,0.0,1.0,1.0,0,0,0.0,0,0,0,0,0,0,0
2023-02-25,BREAD,FR-RLS,0.0,0.0,0.0,0.0,0,0,0.0,0,0,0,0,0,0,0
2023-02-25,BREAD,VS-RLS,0.0,0.0,0.0,0.0,0,0,0.0,0,0,0,0,0,0,0
2023-02-25,BREAD,Blue Stru,1.0,6.0,7.0,2.0,4,1,0.0,0,0,0,0,0,0,0
2023-02-25,BREAD,Choc Carm,2.0,1.0,3.0,3.0,0,0,0.0,0,0,0,0,0,0,0
2023-02-25,BREAD,Red Velvet,2.0,1.0,3.0,1.0,0,2,0.0,0,0,0,0,0,0,0
2023-02-25,ROLLS,C-Rolls,0.0,48.0,48.0,48.0,0,0,0.0,0,0,0,0,0,0,0
2023-02-25,ROLLS,Mini C-Roll,0.0,0.0,0.0,0.0,0,0,0.0,0,0,0,0,0,0,0
2023-02-25,SCONES,Blueberry,0.0,17.0,17.0,16.0,0,1,0.0,0,10,10,0,0,0,0
2023-02-25,SCONES,Fruit Medley,0.0,0.0,0.0,0.0,0,0,0.0,0,0,0,0,0,0,0
2023-02-25,SCONES,Cherry,0.0,0.0,0.0,0.0,0,0,0.0,0,0,0,0,0,0,0
2023-02-25,SCONES,Butt Almond,0.0,17.0,17.0,11.0,0,6,0.0,0,10,10,0,0,0,0
2023-02-25,SCONES,Turtle,0.0,0.0,0.0,0.0,0,0,0.0,0,0,0,0,0,0,0
2023-02-25,SCONES,Cin Chip,0.0,0.0,0.0,0.0,0,0,0.0,0,0,0,0,0,0,0
2023-02-25,SCONES,FRUIT BAR,0.0,0.0,0.0,0.0,0,0,0.0,0,0,0,0,0,0,0
2023-02-25,SCONES,mixed berry,0.0,5.0,5.0,3.0,2,0,0.0,0,0,0,0,0,0,0
2023-02-25,SCONES,cherry,0.0,5.0,5.0,3.0,2,0,0.0,0,0,0,0,0,0,0
2023-02-25,SCONES,apple cin,0.0,5.0,5.0,3.0,2,0,0.0,0,0,0,0,0,0,0
2023-02-25,SCONES,Fruit Medley,0.0,5.0,5.0,3.0,2,0,0.0,0,0,0,0,0,0,0
2023-02-25,MUFFINS,Blue Stru,0.0,8.0,8.0,3.0,4,1,0.0,0,0,0,0,0,0,0
2023-02-25,MUFFINS,Choc Carm,0.0,4.0,4.0,1.0,0,3,0.0,0,10,10,0,0,0,0
2023-02-25,MUFFINS,Red Velvet,0.0,4.0,4.0,2.0,0,2,0.0,0,10,10,0,0,0,0
2023-02-25,COOKIES/BARS,oat cc,22.0,0.0,22.0,7.0,1,14,0.0,0,0,0,0,0,0,0
2023-02-25,COOKIES/BARS,triple cc,0.0,24.0,24.0,15.0,2,7,0.0,0,0,0,0,0,0,0
2023-02-25,COOKIES/BARS,Snickerdoodle,15.0,6.0,21.0,11.0,1,9,0.0,0,0,0,0,0,0,0
2023-02-25,COOKIES/BARS,P. butter,2.0,0.0,2.0,2.0,0,0,0.0,0,0,0,0,0,0,0
2023-02-25,COOKIES/BARS,PB CHOC,9.0,6.0,15.0,5.0,0,10,0.0,0,0,0,0,0,0,0
2023-02-25,COOKIES/BARS,Bliss,4.0,6.0,10.0,3.0,0,7,0.0,0,0,0,0,0,0,0
2023-02-25,COOKIES/BARS,Frosted,7.0,0.0,7.0,6.0,0,1,0.0,0,0,0,0,0,0,0
2023-02-25,COOKIES/BARS,Brownie,8.0,20.0,28.0,26.0,0,2,0.0,0,0,0,0,0,0,0
2023-02-25,COOKIES/BARS,Bread Pudding,4.0,0.0,4.0,4.0,0,0,0.0,2,0,2,2,0,0,0
2023-02-25,COOKIES/BARS,Totals,115.0,180.0,251.0,172.0,16,63,0.0,2,40,42,2,0,0,0
2023-02-26,BREAD,H,0.0,0.0,0.0,0.0,0,0,0.0,0,0,0,0,0,0,0
2023-02-26,BREAD,FR,0.0,0.0,0.0,0.0,0,0,0.0,0,0,0,0,0,0,0
2023-02-26,BREAD,GW,0.0,0.0,0.0,0.0,0,0,0.0,0,0,0,0,0,0,0
2023-02-26,BREAD,DK,0.0,0.0,0.0,0.0,0,0,0.0,0,0,0,0,0,0,0
2023-02-26,BREAD,H5,0.0,0.0,0.0,0.0,0,0,0.0,0,0,0,0,0,0,0
2023-02-26,BREAD,Cran,0.0,0.0,0.0,0.0,0,0,0.0,0,0,0,0,0,0,0
2023-02-26,BREAD,CSWRL,0.0,0.0,0.0,0.0,0,0,0.0,0,0,0,0,0,0,0
2023-02-26,BREAD,ISB,0.0,0.0,0.0,0.0,0,0,0.0,0,0,0,0,0,0,0
2023-02-26,BREAD,CnE,0.0,0.0,0.0,0.0,0,0,0.0,0,0,0,0,0,0,0
2023-02-26,BREAD,CnR,0.0,0.0,0.0,0.0,0,0,0.0,0,0,0,0,0,0,0
2023-02-26,BREAD,RW,0.0,0.0,0.0,0.0,0,0,0.0,0,0,0,0,0,0,0
2023-02-26,BREAD,Monkey,0.0,0.0,0.0,0.0,0,0,0.0,0,0,0,0,0,0,0
2023-02-26,BREAD,CB,0.0,0.0,0.0,0.0,0,0,0.0,0,0,0,0,0,0,0
2023-02-26,BREAD,BfB,0.0,0.0,0.0,0.0,0,0,0.0,0,0,0,0,0,0,0
2023-02-26,BREAD,EB,0.0,0.0,0.0,0.0,0,0,0.0,0,0,0,0,0,0,0
2023-02-26,BREAD,CG,0.0,0.0,0.0,0.0,0,0,0.0,0,0,0,0,0,0,0
2023-02-26,BREAD,Cheetah,0.0,0.0,0.0,0.0,0,0,0.0,0,0,0,0,0,0,0
2023-02-26,BREAD,bac,0.0,0.0,0.0,0.0,0,0,0.0,0,0,0,0,0,0,0
2023-02-26,BREAD,jal,0.0,0.0,0.0,0.0,0,0,0.0,0,0,0,0,0,0,0
2023-02-26,BREAD,VS,0.0,0.0,0.0,0.0,0,0,0.0,0,0,0,0,0,0,0
2023-02-26,BREAD,Sno Leop,0.0,0.0,0.0,0.0,0,0,0.0,0,0,0,0,0,0,0
2023-02-26,BREAD,sour-TL,0.0,0.0,0.0,0.0,0,0,0.0,0,0,0,0,0,0,0
2023-02-26,BREAD,OB,0.0,0.0,0.0,0.0,0,0,0.0,0,0,0,0,0,0,0
2023-02-26,BREAD,CAR,0.0,0.0,0.0,0.0,0,0,0.0,0,0,0,0,0,0,0
2023-02-26,BREAD,IHF,0.0,0.0,0.0,0.0,0,0,0.0,0,0,0,0,0,0,0
2023-02-26,BREAD,H-RLS,0.0,0.0,0.0,0.0,0,0,0.0,0,0,0,0,0,0,0
2023-02-26,BREAD,FR-RLS,0.0,0.0,0.0,0.0,0,0,0.0,0,0,0,0,0,0,0
2023-02-26,BREAD,VS-RLS,0.0,0.0,0.0,0.0,0,0,0.0,0,0,0,0,0,0,0
2023-02-26,BREAD,Blue Stru,0.0,0.0,0.0,0.0,0,0,0.0,0,0,0,0,0,0,0
2023-02-26,BREAD,Choc Carm,0.0,0.0,0.0,0.0,0,0,0.0,0,0,0,0,0,0,0
2023-02-26,BREAD,Red Velvet,0.0,0.0,0.0,0.0,0,0,0.0,0,0,0,0,0,0,0
2023-02-26,ROLLS,C-Rolls,0.0,36.0,36.0,36.0,0,0,0.0,0,0,0,0,0,0,0
2023-02-26,ROLLS,Mini C-Roll,0.0,0.0,0.0,0.0,0,0,0.0,0,0,0,0,0,0,0
2023-02-26,SCONES,Blueberry,0.0,11.0,11.0,11.0,0,0,0.0,0,0,0,0,0,0,0
2023-02-26,SCONES,Fruit Medley,0.0,0.0,0.0,0.0,0,0,0.0,0,0,0,0,0,0,0
2023-02-26,SCONES,Cherry,0.0,0.0,0.0,0.0,0,0,0.0,0,0,0,0,0,0,0
2023-02-26,SCONES,Butt Almond,0.0,0.0,0.0,0.0,0,0,0.0,0,0,0,0,0,0,0
2023-02-26,SCONES,Turtle,0.0,11.0,11.0,11.0,0,0,0.0,0,0,0,0,0,0,0
2023-02-26,SCONES,Cin Chip,0.0,0.0,0.0,0.0,0,0,0.0,0,0,0,0,0,0,0
2023-02-26,SCONES,FRUIT BAR,0.0,0.0,0.0,0.0,0,0,0.0,0,0,0,0,0,0,0
2023-02-26,SCONES,mixed berry,0.0,0.0,0.0,0.0,0,0,0.0,0,0,0,0,0,0,0
2023-02-26,SCONES,cherry,0.0,0.0,0.0,0.0,0,0,0.0,0,0,0,0,0,0,0
2023-02-26,SCONES,apple cin,0.0,5.0,5.0,5.0,0,0,0.0,0,0,0,0,0,0,0
2023-02-26,SCONES,Fruit Medley,0.0,5.0,5.0,5.0,0,0,0.0,0,0,0,0,0,0,0
2023-02-26,MUFFINS,Blue Stru,0.0,3.0,3.0,3.0,0,0,0.0,0,0,0,0,0,0,0
2023-02-26,MUFFINS,Choc Carm,0.0,3.0,3.0,3.0,0,0,0.0,0,0,0,0,0,0,0
2023-02-26,MUFFINS,Red Velvet,0.0,3.0,3.0,3.0,0,0,0.0,0,0,0,0,0,0,0
2023-02-26,COOKIES/BARS,oat cc,0.0,0.0,0.0,0.0,0,0,0.0,0,0,0,0,0,0,0
2023-02-26,COOKIES/BARS,triple cc,0.0,0.0,0.0,0.0,0,0,0.0,0,0,0,0,0,0,0
2023-02-26,COOKIES/BARS,Snickerdoodle,0.0,0.0,0.0,0.0,0,0,0.0,0,0,0,0,0,0,0
2023-02-26,COOKIES/BARS,P. butter,0.0,0.0,0.0,0.0,0,0,0.0,0,0,0,0,0,0,0
2023-02-26,COOKIES/BARS,PB CHOC,0.0,0.0,0.0,0.0,0,0,0.0,0,0,0,0,0,0,0
2023-02-26,COOKIES/BARS,Bliss,0.0,0.0,0.0,0.0,0,0,0.0,0,0,0,0,0,0,0
2023-02-26,COOKIES/BARS,Frosted,0.0,0.0,0.0,0.0,0,0,0.0,0,0,0,0,0,0,0
2023-02-26,COOKIES/BARS,Brownie,0.0,0.0,0.0,0.0,0,0,0.0,0,0,0,0,0,0,0
2023-02-26,COOKIES/BARS,Bread Pudding,0.0,0.0,0.0,0.0,0,0,0.0,0,0,0,0,0,0,0
2023-02-26,COOKIES/BARS,Totals,22.0,77.0,77.0,77.0,0,0,0.0,0,0,0,0,0,0,0
2023-02-27,BREAD,H,0.0,31.0,31.0,13.0,0,0,18.0,0,0,0,0,0,0,0
2023-02-27,BREAD,FR,0.0,39.0,39.0,10.0,24,0,5.0,0,0,0,0,0,0,0
2023-02-27,BREAD,GW,0.0,6.0,6.0,2.0,0,0,4.0,0,0,0,0,0,0,0
2023-02-27,BREAD,DK,0.0,15.0,15.0,5.0,0,0,10.0,0,0,0,0,0,0,0
2023-02-27,BREAD,H5,0.0,0.0,0.0,0.0,0,0,0.0,0,0,0,0,0,0,0
2023-02-27,BREAD,Cran,0.0,0.0,0.0,0.0,0,0,0.0,0,0,0,0,0,0,0
2023-02-27,BREAD,CSWRL,0.0,20.0,20.0,11.0,0,0,9.0,0,4,4,4,0,0,0
2023-02-27,BREAD,ISB,0.0,0.0,0.0,0.0,0,0,0.0,0,0,0,0,0,0,0
2023-02-27,BREAD,CnE,0.0,12.0,12.0,2.0,0,0,10.0,0,3,3,3,0,0,0
2023-02-27,BREAD,CnR,0.0,5.0,5.0,0.0,0,0,5.0,0,0,0,0,0,0,0
2023-02-27,BREAD,RW,0.0,5.0,5.0,5.0,0,0,0.0,0,0,0,0,0,0,0
2023-02-27,BREAD,Monkey,0.0,6.0,6.0,3.0,0,0,3.0,0,0,0,0,0,0,0
2023-02-27,BREAD,CB,0.0,0.0,0.0,0.0,0,0,0.0,0,0,0,0,0,0,0
2023-02-27,BREAD,BfB,0.0,0.0,0.0,0.0,0,0,0.0,0,0,0,0,0,0,0
2023-02-27,BREAD,EB,0.0,0.0,0.0,0.0,0,0,0.0,0,0,0,0,0,0,0
2023-02-27,BREAD,CG,0.0,8.0,8.0,2.0,0,0,6.0,0,3,3,2,0,0,1
2023-02-27,BREAD,Cheetah,0.0,3.0,3.0,0.0,0,0,3.0,0,0,0,0,0,0,0
2023-02-27,BREAD,bac,0.0,2.0,2.0,2.0,0,0,0.0,0,0,0,0,0,0,0
2023-02-27,BREAD,jal,0.0,1.0,1.0,1.0,0,0,0.0,0,0,0,0,0,0,0
2023-02-27,BREAD,VS,0.0,0.0,0.0,0.0,0,0,0.0,0,0,0,0,0,0,0
2023-02-27,BREAD,Sno Leop,0.0,0.0,0.0,0.0,0,0,0.0,0,0,0,0,0,0,0
2023-02-27,BREAD,sour-TL,0.0,40.0,40.0,7.0,22,0,11.0,0,0,0,0,0,0,0
2023-02-27,BREAD,OB,0.0,5.0,5.0,4.0,0,0,1.0,0,0,0,0,0,0,0
2023-02-27,BREAD,CAR,0.0,15.0,15.0,0.0,0,0,15.0,0,0,0,0,0,0,0
2023-02-27,BREAD,IHF,0.0,17.0,17.0,2.0,0,0,15.0,0,0,0,0,0,0,0
2023-02-27,BREAD,H-RLS,0.0,3.0,3.0,0.0,0,0,3.0,0,0,0,0,0,0,0
2023-02-27,BREAD,FR-RLS,0.0,2.0,2.0,2.0,0,0,0.0,0,0,0,0,0,0,0
2023-02-27,BREAD,VS-RLS,0.0,0.0,0.0,0.0,0,0,0.0,0,0,0,0,0,0,0
2023-02-27,BREAD,Blue Stru,0.0,6.0,6.0,0.0,2,0,4.0,0,0,0,0,0,0,0
2023-02-27,BREAD,Choc Carm,0.0,3.0,3.0,2.0,0,0,1.0,0,0,0,0,0,0,0
2023-02-27,BREAD,Capp Choc,0.0,3.0,3.0,1.0,0,0,2.0,0,0,0,0,0,0,0
2023-02-27,ROLLS,C-Rolls,0.0,36.0,36.0,25.0,0,11,0.0,0,0,0,0,0,0,0
2023-02-27,ROLLS,Mini C-Roll,0.0,0.0,0.0,0.0,0,0,0.0,0,0,0,0,0,0,0
2023-02-27,SCONES,Blueberry,0.0,0.0,0.0,0.0,0,0,0.0,0,0,0,0,0,0,0
2023-02-27,SCONES,Fruit Medley,0.0,10.0,10.0,6.0,0,4,0.0,0,2,2,0,0,0,0
2023-02-27,SCONES,Cherry,0.0,0.0,0.0,0.0,0,0,0.0,0,0,0,0,0,0,0
2023-02-27,SCONES,Butt Almond,0.0,0.0,0.0,0.0,0,0,0.0,0,0,0,0,0,0,0
2023-02-27,SCONES,Turtle,0.0,0.0,0.0,0.0,0,0,0.0,0,0,0,0,0,0,0
2023-02-27,SCONES,Cin Chip,0.0,10.0,10.0,10.0,0,0,0.0,0,2,2,0,0,0,0
2023-02-27,SCONES,FRUIT BAR,0.0,0.0,0.0,0.0,0,0,0.0,0,0,0,0,0,0,0
2023-02-27,SCONES,mixed berry,0.0,5.0,5.0,3.0,2,0,0.0,0,0,0,0,0,0,0
2023-02-27,SCONES,cherry,0.0,5.0,5.0,3.0,2,0,0.0,0,0,0,0,0,0,0
2023-02-27,SCONES,apple cin,0.0,0.0,0.0,0.0,0,0,0.0,0,0,0,0,0,0,0
2023-02-27,SCONES,Fruit Medley,0.0,0.0,0.0,0.0,0,0,0.0,0,0,0,0,0,0,0
2023-02-27,MUFFINS,Blue Stru,0.0,4.0,4.0,1.0,0,3,0.0,0,0,0,0,0,0,0
2023-02-27,MUFFINS,Choc Carm,0.0,5.0,5.0,2.0,2,1,0.0,0,2,2,0,0,0,0
2023-02-27,MUFFINS,Capp Choc,0.0,5.0,5.0,3.0,2,0,0.0,0,2,2,0,0,0,0
2023-02-27,COOKIES/BARS,oat cc,0.0,30.0,30.0,19.0,0,0,11.0,0,0,0,0,0,0,0
2023-02-27,COOKIES/BARS,triple cc,0.0,36.0,36.0,14.0,4,0,18.0,0,0,0,0,0,0,0
2023-02-27,COOKIES/BARS,Snickerdoodle,0.0,30.0,30.0,16.0,0,0,14.0,0,0,0,0,0,0,0
2023-02-27,COOKIES/BARS,P. butter,0.0,12.0,12.0,12.0,0,0,0.0,0,0,0,0,0,0,0
2023-02-27,COOKIES/BARS,PB CHOC,0.0,12.0,12.0,6.0,0,0,6.0,0,0,0,0,0,0,0
2023-02-27,COOKIES/BARS,Bliss,0.0,18.0,18.0,7.0,0,0,11.0,0,0,0,0,0,0,0
2023-02-27,COOKIES/BARS,Frosted,0.0,12.0,12.0,7.0,0,0,5.0,0,0,0,0,0,0,0
2023-02-27,COOKIES/BARS,Brownie,0.0,20.0,20.0,-1.0,0,0,21.0,0,0,0,0,0,0,0
2023-02-27,COOKIES/BARS,Bread Pudding,0.0,4.0,4.0,0.0,0,0,4.0,0,1,1,0,0,0,1
2023-02-27,COOKIES/BARS,Totals,22.0,254.0,254.0,133.0,12,19,90.0,0,9,9,0,0,0,1
2023-02-28,BREAD,H,18.0,26.0,44.0,3.0,9,0,32.0,0,0,0,0,0,0,0
2023-02-28,BREAD,FR,5.0,0.0,5.0,-8.0,0,0,13.0,0,0,0,0,0,0,0
2023-02-28,BREAD,GW,4.0,18.0,22.0,22.0,0,0,0.0,0,0,0,0,0,0,0
2023-02-28,BREAD,DK,10.0,0.0,10.0,8.0,0,0,2.0,0,0,0,0,0,0,0
2023-02-28,BREAD,H5,0.0,9.0,9.0,3.0,0,0,6.0,0,0,0,0,0,0,0
2023-02-28,BREAD,Cran,0.0,4.0,4.0,1.0,0,0,3.0,0,0,0,0,0,0,0
2023-02-28,BREAD,CSWRL,9.0,12.0,21.0,12.0,3,0,6.0,0,4,4,3,0,0,1
2023-02-28,BREAD,ISB,0.0,10.0,10.0,2.0,1,0,7.0,0,4,4,2,0,0,2
2023-02-28,BREAD,CnE,10.0,0.0,10.0,4.0,0,0,6.0,0,0,0,0,0,0,0
2023-02-28,BREAD,CnR,5.0,0.0,5.0,4.0,0,1,0.0,0,0,0,0,0,0,0
2023-02-28,BREAD,RW,0.0,0.0,0.0,0.0,0,0,0.0,0,0,0,0,0,0,0
2023-02-28,BREAD,Monkey,3.0,0.0,3.0,2.0,0,1,0.0,0,0,0,0,0,0,0
2023-02-28,BREAD,CB,0.0,10.0,10.0,2.0,0,0,8.0,0,4,4,0,0,0,4
2023-02-28,BREAD,BfB,0.0,0.0,0.0,0.0,0,0,0.0,0,0,0,0,0,0,0
2023-02-28,BREAD,EB,0.0,0.0,0.0,0.0,0,0,0.0,0,0,0,0,0,0,0
2023-02-28,BREAD,CG,6.0,0.0,6.0,4.0,0,2,0.0,1,0,1,1,0,0,0
2023-02-28,BREAD,Cheetah,3.0,0.0,3.0,2.0,0,1,0.0,0,0,0,0,0,0,0
2023-02-28,BREAD,bac,0.0,0.0,0.0,0.0,0,0,0.0,0,0,0,0,0,0,0
2023-02-28,BREAD,jal,0.0,0.0,0.0,0.0,0,0,0.0,0,0,0,0,0,0,0
2023-02-28,BREAD,VS,0.0,9.0,9.0,0.0,4,0,5.0,0,2,2,1,0,0,1
2023-02-28,BREAD,Sno Leop,0.0,5.0,5.0,0.0,0,0,5.0,0,0,0,0,0,0,0
2023-02-28,BREAD,sour-TL,11.0,0.0,11.0,11.0,0,0,0.0,0,0,0,0,0,0,0
2023-02-28,BREAD,OB,1.0,0.0,1.0,1.0,0,0,0.0,0,0,0,0,0,0,0
2023-02-28,BREAD,CAR,15.0,0.0,15.0,3.0,0,0,12.0,0,0,0,0,0,0,0
2023-02-28,BREAD,IHF,15.0,0.0,15.0,5.0,0,0,10.0,0,0,0,0,0,0,0
2023-02-28,BREAD,H-RLS,3.0,0.0,3.0,3.0,0,0,0.0,0,0,0,0,0,0,0
2023-02-28,BREAD,FR-RLS,0.0,2.0,2.0,1.0,0,0,1.0,0,0,0,0,0,0,0
2023-02-28,BREAD,VS-RLS,0.0,4.0,4.0,1.0,0,0,3.0,0,0,0,0,0,0,0
2023-02-28,BREAD,Blue Stru,4.0,2.0,6.0,0.0,2,3,1.0,0,0,0,0,0,0,0
2023-02-28,BREAD,Choc Carm,1.0,3.0,4.0,2.0,0,0,2.0,0,0,0,0,0,0,0
2023-02-28,BREAD,Capp Choc,2.0,3.0,5.0,2.0,1,1,1.0,0,0,0,0,0,0,0
2023-02-28,ROLLS,C-Rolls,0.0,36.0,36.0,25.0,0,11,0.0,0,0,0,0,0,0,0
2023-02-28,ROLLS,Mini C-Roll,0.0,0.0,0.0,0.0,0,0,0.0,0,0,0,0,0,0,0
2023-02-28,SCONES,Blueberry,0.0,14.0,14.0,10.0,0,4,0.0,0,6,6,0,0,0,0
2023-02-28,SCONES,Fruit Medley,0.0,0.0,0.0,0.0,0,0,0.0,0,0,0,0,0,0,0
2023-02-28,SCONES,Cherry,0.0,0.0,0.0,0.0,0,0,0.0,0,0,0,0,0,0,0
2023-02-28,SCONES,Butt Almond,0.0,0.0,0.0,0.0,0,0,0.0,0,0,0,0,0,0,0
2023-02-28,SCONES,Turtle,0.0,0.0,0.0,0.0,0,0,0.0,0,0,0,0,0,0,0
2023-02-28,SCONES,Cin Chip,0.0,13.0,13.0,6.0,0,7,0.0,0,6,6,0,0,0,0
2023-02-28,SCONES,FRUIT BAR,0.0,0.0,0.0,0.0,0,0,0.0,0,0,0,0,0,0,0
2023-02-28,SCONES,mixed berry,0.0,5.0,5.0,0.0,2,3,0.0,0,0,0,0,0,0,0
2023-02-28,SCONES,cherry,0.0,5.0,5.0,1.0,2,2,0.0,0,0,0,0,0,0,0
2023-02-28,SCONES,apple cin,0.0,5.0,5.0,1.0,1,3,0.0,0,0,0,0,0,0,0
2023-02-28,SCONES,Fruit Medley,0.0,5.0,5.0,0.0,2,3,0.0,0,0,0,0,0,0,0
2023-02-28,MUFFINS,Blue Stru,0.0,5.0,5.0,0.0,0,5,0.0,0,0,0,0,0,0,0
2023-02-28,MUFFINS,Choc Carm,0.0,4.0,4.0,2.0,0,2,0.0,0,5,5,0,0,0,0
2023-02-28,MUFFINS,Capp Choc,0.0,4.0,4.0,1.0,0,3,0.0,0,5,5,0,0,0,0
2023-02-28,COOKIES/BARS,oat cc,11.0,30.0,41.0,31.0,10,0,0.0,0,70,70,0,0,0,0
2023-02-28,COOKIES/BARS,triple cc,18.0,30.0,48.0,11.0,18,18,1.0,0,72,72,0,0,0,0
2023-02-28,COOKIES/BARS,Snickerdoodle,14.0,24.0,38.0,21.0,10,0,7.0,0,84,84,0,0,0,0
2023-02-28,COOKIES/BARS,P. butter,0.0,12.0,12.0,12.0,0,0,0.0,0,0,0,0,0,0,0
2023-02-28,COOKIES/BARS,PB CHOC,6.0,0.0,6.0,6.0,0,0,0.0,0,0,0,0,0,0,0
2023-02-28,COOKIES/BARS,Bliss,11.0,6.0,17.0,6.0,0,6,5.0,0,0,0,0,0,0,0
2023-02-28,COOKIES/BARS,Frosted,5.0,12.0,17.0,9.0,0,0,8.0,0,0,0,0,0,0,0
2023-02-28,COOKIES/BARS,Brownie,21.0,0.0,21.0,1.0,3,4,13.0,0,0,0,0,0,0,0
2023-02-28,COOKIES/BARS,Bread Pudding,4.0,0.0,4.0,0.0,0,4,0.0,1,0,1,0,0,0,0
2023-02-28,COOKIES/BARS,Totals,123.0,210.0,300.0,143.0,48,75,34.0,1,248,249,0,0,0,0
2023-02-29,BREAD,H,32.0,0.0,32.0,32.0,0,0,0.0,0,0,0,0,0,0,0
2023-02-29,BREAD,FR,13.0,0.0,13.0,13.0,0,0,0.0,0,0,0,0,0,0,0
2023-02-29,BREAD,GW,0.0,0.0,0.0,0.0,0,0,0.0,0,0,0,0,0,0,0
2023-02-29,BREAD,DK,2.0,0.0,2.0,2.0,0,0,0.0,0,0,0,0,0,0,0
2023-02-29,BREAD,H5,6.0,0.0,6.0,6.0,0,0,0.0,0,0,0,0,0,0,0
2023-02-29,BREAD,Cran,3.0,0.0,3.0,3.0,0,0,0.0,0,0,0,0,0,0,0
2023-02-29,BREAD,CSWRL,6.0,0.0,6.0,6.0,0,0,0.0,1,0,1,1,0,0,0
2023-02-29,BREAD,ISB,7.0,0.0,7.0,7.0,0,0,0.0,2,0,2,2,0,0,0
2023-02-29,BREAD,CnE,6.0,0.0,6.0,6.0,0,0,0.0,0,0,0,0,0,0,0
2023-02-29,BREAD,CnR,0.0,0.0,0.0,0.0,0,0,0.0,0,0,0,0,0,0,0
2023-02-29,BREAD,RW,0.0,0.0,0.0,0.0,0,0,0.0,0,0,0,0,0,0,0
2023-02-29,BREAD,Monkey,0.0,0.0,0.0,0.0,0,0,0.0,0,0,0,0,0,0,0
2023-02-29,BREAD,CB,8.0,0.0,8.0,8.0,0,0,0.0,4,0,4,4,0,0,0
2023-02-29,BREAD,BfB,0.0,0.0,0.0,0.0,0,0,0.0,0,0,0,0,0,0,0
2023-02-29,BREAD,EB,0.0,0.0,0.0,0.0,0,0,0.0,0,0,0,0,0,0,0
2023-02-29,BREAD,CG,0.0,0.0,0.0,0.0,0,0,0.0,0,0,0,0,0,0,0
2023-02-29,BREAD,Cheetah,0.0,0.0,0.0,0.0,0,0,0.0,0,0,0,0,0,0,0
2023-02-29,BREAD,bac,0.0,0.0,0.0,0.0,0,0,0.0,0,0,0,0,0,0,0
2023-02-29,BREAD,jal,0.0,0.0,0.0,0.0,0,0,0.0,0,0,0,0,0,0,0
2023-02-29,BREAD,VS,5.0,0.0,5.0,5.0,0,0,0.0,1,0,1,1,0,0,0
2023-02-29,BREAD,Sno Leop,5.0,0.0,5.0,5.0,0,0,0.0,0,0,0,0,0,0,0
2023-02-29,BREAD,sour-TL,0.0,0.0,0.0,0.0,0,0,0.0,0,0,0,0,0,0,0
2023-02-29,BREAD,OB,0.0,0.0,0.0,0.0,0,0,0.0,0,0,0,0,0,0,0
2023-02-29,BREAD,CAR,12.0,0.0,12.0,12.0,0,0,0.0,0,0,0,0,0,0,0
2023-02-29,BREAD,IHF,10.0,0.0,10.0,10.0,0,0,0.0,0,0,0,0,0,0,0
2023-02-29,BREAD,H-RLS,0.0,0.0,0.0,0.0,0,0,0.0,0,0,0,0,0,0,0
2023-02-29,BREAD,FR-RLS,1.0,0.0,1.0,1.0,0,0,0.0,0,0,0,0,0,0,0
2023-02-29,BREAD,VS-RLS,3.0,0.0,3.0,3.0,0,0,0.0,0,0,0,0,0,0,0
2023-02-29,BREAD,Blue Stru,1.0,0.0,1.0,1.0,0,0,0.0,0,0,0,0,0,0,0
2023-02-29,BREAD,Choc Carm,2.0,0.0,2.0,2.0,0,0,0.0,0,0,0,0,0,0,0
2023-02-29,BREAD,Red Velvet,1.0,0.0,1.0,1.0,0,0,0.0,0,0,0,0,0,0,0
2023-02-29,ROLLS,C-Rolls,0.0,0.0,0.0,0.0,0,0,0.0,0,0,0,0,0,0,0
2023-02-29,ROLLS,Mini C-Roll,0.0,0.0,0.0,0.0,0,0,0.0,0,0,0,0,0,0,0
2023-02-29,SCONES,Blueberry,0.0,0.0,0.0,0.0,0,0,0.0,0,0,0,0,0,0,0
2023-02-29,SCONES,Fruit Medley,0.0,0.0,0.0,0.0,0,0,0.0,0,0,0,0,0,0,0
2023-02-29,SCONES,Cherry,0.0,0.0,0.0,0.0,0,0,0.0,0,0,0,0,0,0,0
2023-02-29,SCONES,Butt Almond,0.0,0.0,0.0,0.0,0,0,0.0,0,0,0,0,0,0,0
2023-02-29,SCONES,Turtle,0.0,0.0,0.0,0.0,0,0,0.0,0,0,0,0,0,0,0
2023-02-29,SCONES,Cin Chip,0.0,0.0,0.0,0.0,0,0,0.0,0,0,0,0,0,0,0
2023-02-29,SCONES,FRUIT BAR,0.0,0.0,0.0,0.0,0,0,0.0,0,0,0,0,0,0,0
2023-02-29,SCONES,mixed berry,0.0,0.0,0.0,0.0,0,0,0.0,0,0,0,0,0,0,0
2023-02-29,SCONES,cherry,0.0,0.0,0.0,0.0,0,0,0.0,0,0,0,0,0,0,0
2023-02-29,SCONES,apple cin,0.0,0.0,0.0,0.0,0,0,0.0,0,0,0,0,0,0,0
2023-02-29,SCONES,Fruit Medley,0.0,0.0,0.0,0.0,0,0,0.0,0,0,0,0,0,0,0
2023-02-29,MUFFINS,Blue Stru,0.0,0.0,0.0,0.0,0,0,0.0,0,0,0,0,0,0,0
2023-02-29,MUFFINS,Choc Carm,0.0,0.0,0.0,0.0,0,0,0.0,0,0,0,0,0,0,0
2023-02-29,MUFFINS,Red Velvet,0.0,0.0,0.0,0.0,0,0,0.0,0,0,0,0,0,0,0
2023-02-29,COOKIES/BARS,oat cc,0.0,0.0,0.0,0.0,0,0,0.0,0,0,0,0,0,0,0
2023-02-29,COOKIES/BARS,triple cc,1.0,0.0,1.0,1.0,0,0,0.0,0,0,0,0,0,0,0
2023-02-29,COOKIES/BARS,Snickerdoodle,7.0,0.0,7.0,7.0,0,0,0.0,0,0,0,0,0,0,0
2023-02-29,COOKIES/BARS,P. butter,0.0,0.0,0.0,0.0,0,0,0.0,0,0,0,0,0,0,0
2023-02-29,COOKIES/BARS,PB CHOC,0.0,0.0,0.0,0.0,0,0,0.0,0,0,0,0,0,0,0
2023-02-29,COOKIES/BARS,Bliss,5.0,0.0,5.0,5.0,0,0,0.0,0,0,0,0,0,0,0
2023-02-29,COOKIES/BARS,Frosted,8.0,0.0,8.0,8.0,0,0,0.0,0,0,0,0,0,0,0
2023-02-29,COOKIES/BARS,Brownie,13.0,0.0,13.0,13.0,0,0,0.0,0,0,0,0,0,0,0
2023-02-29,COOKIES/BARS,Bread Pudding,0.0,0.0,0.0,0.0,0,0,0.0,0,0,0,0,0,0,0
2023-02-29,COOKIES/BARS,Totals,34.0,0.0,34.0,34.0,0,0,0.0,0,0,0,0,0,0,0
2023-02-30,BREAD,H,0.0,27.0,27.0,7.0,4,0,16.0,0,0,0,0,0,0,0
2023-02-30,BREAD,FR,0.0,51.0,51.0,7.0,24,0,20.0,0,0,0,0,0,0,0
2023-02-30,BREAD,GW,0.0,10.0,10.0,5.0,0,0,5.0,0,0,0,0,0,0,0
2023-02-30,BREAD,DK,0.0,115.0,115.0,111.0,0,0,4.0,0,0,0,0,0,0,0
2023-02-30,BREAD,H5,0.0,0.0,0.0,0.0,0,0,0.0,0,0,0,0,0,0,0
2023-02-30,BREAD,Cran,0.0,0.0,0.0,0.0,0,0,0.0,0,0,0,0,0,0,0
2023-02-30,BREAD,CSWRL,0.0,21.0,21.0,13.0,0,0,8.0,0,4,4,2,0,0,2
2023-02-30,BREAD,ISB,0.0,0.0,0.0,0.0,0,0,0.0,0,0,0,0,0,0,0
2023-02-30,BREAD,CnE,0.0,12.0,12.0,4.0,0,0,8.0,0,2,2,0,0,0,2
2023-02-30,BREAD,CnR,0.0,5.0,5.0,5.0,0,0,0.0,0,0,0,0,0,0,0
2023-02-30,BREAD,RW,0.0,5.0,5.0,2.0,0,0,3.0,0,0,0,0,0,0,0
2023-02-30,BREAD,Monkey,0.0,8.0,8.0,2.0,0,0,6.0,0,0,0,0,0,0,0
2023-02-30,BREAD,CB,0.0,0.0,0.0,0.0,0,0,0.0,0,0,0,0,0,0,0
2023-02-30,BREAD,BfB,0.0,0.0,0.0,0.0,0,0,0.0,0,0,0,0,0,0,0
2023-02-30,BREAD,EB,0.0,0.0,0.0,0.0,0,0,0.0,0,0,0,0,0,0,0
2023-02-30,BREAD,CG,0.0,8.0,8.0,3.0,0,0,5.0,0,2,2,1,0,0,1
2023-02-30,BREAD,Cheetah,0.0,4.0,4.0,4.0,0,0,0.0,0,0,0,0,0,0,0
2023-02-30,BREAD,bac,0.0,6.0,6.0,2.0,0,0,4.0,0,0,0,0,0,0,0
2023-02-30,BREAD,jal,0.0,6.0,6.0,2.0,0,0,4.0,0,0,0,0,0,0,0
2023-02-30,BREAD,VS,0.0,0.0,0.0,0.0,0,0,0.0,0,0,0,0,0,0,0
2023-02-30,BREAD,Sno Leop,0.0,32.0,32.0,6.0,18,0,8.0,0,4,4,2,0,0,2
2023-02-30,BREAD,sour-TL,0.0,0.0,0.0,0.0,0,0,0.0,0,0,0,0,0,0,0
2023-02-30,BREAD,OB,0.0,0.0,0.0,0.0,0,0,0.0,0,0,0,0,0,0,0
2023-02-30,BREAD,CAR,0.0,0.0,0.0,-7.0,0,0,7.0,0,0,0,0,0,0,0
2023-02-30,BREAD,IHF,0.0,0.0,0.0,-8.0,0,0,8.0,0,0,0,0,0,0,0
2023-02-30,BREAD,H-RLS,0.0,3.0,3.0,1.0,0,0,2.0,0,0,0,0,0,0,0
2023-02-30,BREAD,FR-RLS,0.0,3.0,3.0,2.0,0,0,1.0,0,0,0,0,0,0,0
2023-02-30,BREAD,VS-RLS,0.0,0.0,0.0,0.0,0,0,0.0,0,0,0,0,0,0,0
2023-02-30,BREAD,Blue Stru,0.0,4.0,4.0,3.0,1,0,0.0,0,0,0,0,0,0,0
2023-02-30,BREAD,Choc Carm,0.0,4.0,4.0,1.0,1,0,2.0,0,0,0,0,0,0,0
2023-02-30,BREAD,Red Velvet,0.0,2.0,2.0,2.0,0,0,0.0,0,0,0,0,0,0,0
2023-02-30,ROLLS,C-Rolls,0.0,24.0,24.0,24.0,0,0,0.0,0,0,0,0,0,0,0
2023-02-30,ROLLS,Mini C-Roll,0.0,0.0,0.0,0.0,0,0,0.0,0,0,0,0,0,0,0
2023-02-30,SCONES,Blueberry,0.0,0.0,0.0,0.0,0,0,0.0,0,0,0,0,0,0,0
2023-02-30,SCONES,Fruit Medley,0.0,10.0,10.0,10.0,0,0,0.0,0,0,0,-2,0,0,0
2023-02-30,SCONES,Cherry,0.0,0.0,0.0,0.0,0,0,0.0,0,0,0,0,0,0,0
2023-02-30,SCONES,Butt Almond,0.0,0.0,0.0,0.0,0,0,0.0,0,0,0,0,0,0,0
2023-02-30,SCONES,Turtle,0.0,0.0,0.0,0.0,0,0,0.0,0,0,0,0,0,0,0
2023-02-30,SCONES,Cin Chip,0.0,11.0,11.0,11.0,0,0,0.0,0,0,0,-2,0,0,0
2023-02-30,SCONES,FRUIT BAR,0.0,0.0,0.0,0.0,0,0,0.0,0,0,0,0,0,0,0
2023-02-30,SCONES,mixed berry,0.0,5.0,5.0,1.0,2,2,0.0,0,0,0,0,0,0,0
2023-02-30,SCONES,cherry,0.0,5.0,5.0,1.0,2,2,0.0,0,0,0,0,0,0,0
2023-02-30,SCONES,apple cin,0.0,0.0,0.0,0.0,0,0,0.0,0,0,0,0,0,0,0
2023-02-30,SCONES,Fruit Medley,0.0,0.0,0.0,0.0,0,0,0.0,0,0,0,0,0,0,0
2023-02-30,MUFFINS,Blue Stru,0.0,3.0,3.0,3.0,0,0,0.0,0,0,0,0,0,0,0
2023-02-30,MUFFINS,Choc Carm,0.0,3.0,3.0,3.0,0,0,0.0,0,0,0,-2,0,0,0
2023-02-30,MUFFINS,Red Velvet,0.0,3.0,3.0,3.0,0,0,0.0,0,0,0,-2,0,0,0
2023-02-30,COOKIES/BARS,oat cc,0.0,24.0,24.0,6.0,2,0,16.0,0,0,0,-2,0,0,0
2023-02-30,COOKIES/BARS,triple cc,0.0,24.0,24.0,23.0,1,0,0.0,0,0,0,-2,0,0,0
2023-02-30,COOKIES/BARS,Snickerdoodle,0.0,24.0,24.0,5.0,1,0,18.0,0,0,0,-4,0,0,0
2023-02-30,COOKIES/BARS,P. butter,0.0,18.0,18.0,11.0,0,0,7.0,0,0,0,-2,0,0,0
2023-02-30,COOKIES/BARS,PB CHOC,0.0,6.0,6.0,-2.0,0,3,5.0,0,0,0,0,0,0,0
2023-02-30,COOKIES/BARS,Bliss,0.0,2.0,2.0,-2.0,2,0,2.0,0,0,0,0,0,0,0
2023-02-30,COOKIES/BARS,Frosted,0.0,0.0,0.0,0.0,0,0,0.0,0,0,0,0,0,0,0
2023-02-30,COOKIES/BARS,Brownie,0.0,20.0,20.0,-9.0,3,0,26.0,0,0,0,0,0,0,0
2023-02-30,COOKIES/BARS,Bread Pudding,0.0,0.0,0.0,0.0,0,0,0.0,0,0,0,0,0,0,0
2023-02-30,COOKIES/BARS,Totals,21.0,182.0,182.0,88.0,13,7,74.0,0,0,0,-18,0,0,0
2023-02-31,BREAD,H,16.0,27.0,43.0,40.0,3,0,0.0,0,0,0,0,0,0,0
2023-02-31,BREAD,FR,20.0,0.0,20.0,20.0,0,0,0.0,0,0,0,0,0,0,0
2023-02-31,BREAD,GW,5.0,0.0,5.0,5.0,0,0,0.0,0,0,0,0,0,0,0
2023-02-31,BREAD,DK,4.0,0.0,4.0,4.0,0,0,0.0,0,0,0,0,0,0,0
2023-02-31,BREAD,H5,0.0,0.0,0.0,0.0,0,0,0.0,0,0,0,0,0,0,0
2023-02-31,BREAD,Cran,0.0,0.0,0.0,-1.0,1,0,0.0,0,0,0,0,0,0,0
2023-02-31,BREAD,CSWRL,8.0,0.0,8.0,7.0,1,0,0.0,2,0,2,2,0,0,0
2023-02-31,BREAD,ISB,0.0,0.0,0.0,0.0,0,0,0.0,0,0,0,0,0,0,0
2023-02-31,BREAD,CnE,8.0,0.0,8.0,7.0,1,0,0.0,2,0,2,2,0,0,0
2023-02-31,BREAD,CnR,0.0,0.0,0.0,0.0,0,0,0.0,0,0,0,0,0,0,0
2023-02-31,BREAD,RW,3.0,0.0,3.0,3.0,0,0,0.0,0,0,0,0,0,0,0
2023-02-31,BREAD,Monkey,6.0,0.0,6.0,6.0,0,0,0.0,0,0,0,0,0,0,0
2023-02-31,BREAD,CB,0.0,0.0,0.0,0.0,0,0,0.0,0,0,0,0,0,0,0
2023-02-31,BREAD,BfB,0.0,0.0,0.0,0.0,0,0,0.0,0,0,0,0,0,0,0
2023-02-31,BREAD,EB,0.0,0.0,0.0,0.0,0,0,0.0,0,0,0,0,0,0,0
2023-02-31,BREAD,CG,5.0,0.0,5.0,5.0,0,0,0.0,1,0,1,1,0,0,0
2023-02-31,BREAD,Cheetah,0.0,0.0,0.0,0.0,0,0,0.0,0,0,0,0,0,0,0
2023-02-31,BREAD,bac,4.0,0.0,4.0,4.0,0,0,0.0,0,0,0,0,0,0,0
2023-02-31,BREAD,jal,4.0,0.0,4.0,4.0,0,0,0.0,0,0,0,0,0,0,0
2023-02-31,BREAD,VS,0.0,0.0,0.0,-2.0,2,0,0.0,0,0,0,0,0,0,0
2023-02-31,BREAD,Sno Leop,8.0,0.0,8.0,8.0,0,0,0.0,2,0,2,2,0,0,0
2023-02-31,BREAD,sour-TL,0.0,0.0,0.0,0.0,0,0,0.0,0,0,0,0,0,0,0
2023-02-31,BREAD,OB,0.0,0.0,0.0,0.0,0,0,0.0,0,0,0,0,0,0,0
2023-02-31,BREAD,CAR,7.0,0.0,7.0,7.0,0,0,0.0,0,0,0,0,0,0,0
2023-02-31,BREAD,IHF,8.0,0.0,8.0,8.0,0,0,0.0,0,0,0,0,0,0,0
2023-02-31,BREAD,H-RLS,2.0,0.0,2.0,2.0,0,0,0.0,0,0,0,0,0,0,0
2023-02-31,BREAD,FR-RLS,1.0,0.0,1.0,1.0,0,0,0.0,0,0,0,0,0,0,0
2023-02-31,BREAD,VS-RLS,0.0,0.0,0.0,0.0,0,0,0.0,0,0,0,0,0,0,0
2023-02-31,BREAD,Blue Stru,0.0,5.0,5.0,3.0,2,0,0.0,0,0,0,0,0,0,0
2023-02-31,BREAD,Choc Carm,2.0,2.0,4.0,3.0,1,0,0.0,0,0,0,0,0,0,0
2023-02-31,BREAD,Red Velvet,0.0,5.0,5.0,2.0,3,0,0.0,0,0,0,0,0,0,0
2023-02-31,ROLLS,C-Rolls,0.0,36.0,36.0,36.0,0,0,0.0,0,0,0,0,0,0,0
2023-02-31,ROLLS,Mini C-Roll,0.0,0.0,0.0,0.0,0,0,0.0,0,0,0,0,0,0,0
2023-02-31,SCONES,Blueberry,0.0,14.0,14.0,14.0,0,0,0.0,0,0,0,-6,0,0,0
2023-02-31,SCONES,Fruit Medley,0.0,0.0,0.0,0.0,0,0,0.0,0,0,0,0,0,0,0
2023-02-31,SCONES,Cherry,0.0,0.0,0.0,0.0,0,0,0.0,0,0,0,0,0,0,0
2023-02-31,SCONES,Butt Almond,0.0,0.0,0.0,0.0,0,0,0.0,0,0,0,0,0,0,0
2023-02-31,SCONES,Turtle,0.0,0.0,0.0,0.0,0,0,0.0,0,0,0,0,0,0,0
2023-02-31,SCONES,Cin Chip,0.0,13.0,13.0,13.0,0,0,0.0,0,0,0,-6,0,0,0
2023-02-31,SCONES,FRUIT BAR,0.0,0.0,0.0,0.0,0,0,0.0,0,0,0,0,0,0,0
2023-02-31,SCONES,mixed berry,0.0,5.0,5.0,4.0,1,0,0.0,0,0,0,0,0,0,0
2023-02-31,SCONES,cherry,0.0,5.0,5.0,4.0,1,0,0.0,0,0,0,0,0,0,0
2023-02-31,SCONES,apple cin,0.0,5.0,5.0,4.0,1,0,0.0,0,0,0,0,0,0,0
2023-02-31,SCONES,Fruit Medley,0.0,5.0,5.0,3.0,2,0,0.0,0,0,0,0,0,0,0
2023-02-31,MUFFINS,Blue Stru,0.0,3.0,3.0,3.0,0,0,0.0,0,0,0,0,0,0,0
2023-02-31,MUFFINS,Choc Carm,0.0,3.0,3.0,3.0,0,0,0.0,0,0,0,-5,0,0,0
2023-02-31,MUFFINS,Red Velvet,0.0,3.0,3.0,3.0,0,0,0.0,0,0,0,-5,0,0,0
2023-02-31,COOKIES/BARS,oat cc,16.0,18.0,34.0,25.0,9,0,0.0,0,0,0,-60,0,0,0
2023-02-31,COOKIES/BARS,triple cc,0.0,30.0,30.0,21.0,9,0,0.0,0,0,0,-60,0,0,0
2023-02-31,COOKIES/BARS,Snickerdoodle,18.0,18.0,36.0,27.0,9,0,0.0,0,0,0,-72,0,0,0
2023-02-31,COOKIES/BARS,P. butter,7.0,6.0,13.0,13.0,0,0,0.0,0,0,0,0,0,0,0
2023-02-31,COOKIES/BARS,PB CHOC,5.0,6.0,11.0,11.0,0,0,0.0,0,0,0,0,0,0,0
2023-02-31,COOKIES/BARS,Bliss,2.0,0.0,2.0,2.0,0,0,0.0,0,0,0,0,0,0,0
2023-02-31,COOKIES/BARS,Frosted,0.0,0.0,0.0,0.0,0,0,0.0,0,0,0,0,0,0,0
2023-02-31,COOKIES/BARS,Brownie,26.0,0.0,26.0,26.0,0,0,0.0,0,0,0,0,0,0,0
2023-02-31,COOKIES/BARS,Bread Pudding,0.0,0.0,0.0,0.0,0,0,0.0,0,0,0,0,0,0,0
2023-02-31,COOKIES/BARS,Totals,101.0,170.0,244.0,212.0,32,0,0.0,0,0,0,-214,0,0,0
