Date,Category,Product,START_OF_DAY_WHOLE,MADE_TODAY_WHOLE,AVAILABLE_TO_SELL_WHOLE,OUT_THE_DOOR_WHOLE,ORDERS_TODAY_WHOLE,REMOVED_AS_DAY_OLD_WHOLE,LEFT_WHOLE,START_OF_DAY_HALF,MADE_TODAY_HALF,AVAILABLE_TO_SELL_HALF,OUT_THE_DOOR_HALF,ORDERS_TODAY_HALF,REMOVED_AS_DAY_OLD_HALF,LEFT_HALF
2023-12-01,BREAD,H,20,16,36,8,0,0,28,0,0,0,0,0,0,0
2023-12-01,BREAD,FR,8,30,38,21,0,0,17,0,0,0,0,0,0,0
2023-12-01,BREAD,GW,5,6,11,4,2,0,5,0,0,0,0,0,0,0
2023-12-01,BREAD,DK,0,20,20,6,0,0,14,0,0,0,0,0,0,0
2023-12-01,BREAD,H5,5,0,5,5,0,0,0,0,0,0,0,0,0,0
2023-12-01,BREAD,CSWRL,9,12,21,12,1,0,8,0,6,6,4,0,0,2
2023-12-01,BREAD,MP SWL,8,12,20,11,0,0,9,2,6,8,2,0,0,6
2023-12-01,BREAD,CnE,0,18,18,7,0,0,11,0,4,4,1,0,0,3
2023-12-01,BREAD,CnR,0,6,6,4,0,0,2,0,0,0,0,0,0,0
2023-12-01,BREAD,RW,0,6,6,2,0,0,4,0,0,0,0,0,0,0
2023-12-01,BREAD,Monkey,0,8,8,3,0,0,5,0,0,0,0,0,0,0
2023-12-01,BREAD,CB,8,0,8,3,0,0,5,3,0,3,3,0,0,0
2023-12-01,BREAD,CrO,13,0,13,5,0,0,8,0,0,0,0,0,0,0
2023-12-01,BREAD,Cne tree,0,2,2,2,0,0,0,0,0,0,0,0,0,0
2023-12-01,BREAD,CG,0,16,16,5,0,0,11,0,5,5,3,0,0,2
2023-12-01,BREAD,Pest,0,4,4,2,0,0,2,0,0,0,0,0,0,0
2023-12-01,BREAD,jal,0,0,0,0,0,0,0,0,0,0,0,0,0,0
2023-12-01,BREAD,Cheetah,0,4,4,3,0,0,1,0,0,0,0,0,0,0
2023-12-01,BREAD,VS,6,0,6,0,0,0,6,3,0,3,1,0,0,2
2023-12-01,BREAD,pump Swl,0,0,0,-7,0,0,7,0,0,0,0,0,0,0
2023-12-01,BREAD,sour-TL,0,22,22,4,0,0,18,0,0,0,0,0,0,0
2023-12-01,BREAD,OB,0,6,6,1,0,0,5,0,0,0,0,0,0,0
2023-12-01,BREAD,Pepp Roll,0,0,0,0,0,0,0,0,0,0,0,0,0,0
2023-12-01,BREAD,VS Pep Rl,1,0,1,1,0,0,0,1,0,1,1,0,0,0
2023-12-01,BREAD,CAR,26,0,26,1,0,0,25,0,0,0,0,0,0,0
2023-12-01,BREAD,IHF,10,0,10,0,0,0,10,0,0,0,0,0,0,0
2023-12-01,BREAD,Tree:H,2,0,2,1,0,0,1,0,0,0,0,0,0,0
2023-12-01,BREAD,Tree:VS,2,0,2,0,0,0,2,0,0,0,0,0,0,0
2023-12-01,BREAD,Tree:BUT,2,0,2,2,0,0,0,0,0,0,0,0,0,0
2023-12-01,BREAD,R:H,2,5,7,2,3,0,2,0,0,0,0,0,0,0
2023-12-01,BREAD,FR,0,0,0,0,0,0,0,0,0,0,0,0,0,0
2023-12-01,BREAD,R:CrO,0,0,0,0,0,0,0,0,0,0,0,0,0,0
2023-12-01,BREAD,R:VS,5,0,5,2,0,0,3,0,0,0,0,0,0,0
2023-12-01,BREAD,BUT,29,0,29,5,0,0,24,0,0,0,0,0,0,0
2023-12-01,BREAD,TEA CAKES,0,0,0,0,0,0,0,0,0,0,0,0,0,0
2023-12-01,BREAD,Gingerbr,0,0,0,-4,0,0,4,0,0,0,0,0,0,0
2023-12-01,BREAD,Mex Choc,3,3,6,2,0,1,3,0,0,0,0,0,0,0
2023-12-01,BREAD,Pump Choc,2,9,11,2,1,0,8,0,0,0,0,0,0,0
2023-12-01,BREAD,Pump Crumb,0,6,6,1,0,0,5,0,0,0,0,0,0,0
2023-12-01,BREAD,blue,1,0,1,1,0,0,0,0,0,0,0,0,0,0
2023-12-01,ROLLS,C-Rolls,0,36,36,33,3,0,0,0,0,0,0,0,0,0
2023-12-01,ROLLS,C-Roll TREE,0,6,6,1,0,0,5,0,0,0,0,0,0,0
2023-12-01,ROLLS,Mini C-Roll,0,0,0,0,0,0,0,0,0,0,0,0,0,0
2023-12-01,SCONES,Blueberry,0,0,0,0,0,0,0,0,0,0,0,0,0,0
2023-12-01,SCONES,App Cran,0,0,0,0,0,0,0,0,0,0,0,0,0,0
2023-12-01,SCONES,Cherry,0,10,10,5,0,5,0,0,2,2,0,0,0,0
2023-12-01,SCONES,Butt Almond,0,10,10,7,0,3,0,0,2,2,0,0,0,0
2023-12-01,SCONES,Turtle,0,0,0,0,0,0,0,0,0,0,0,0,0,0
2023-12-01,SCONES,Cin Chip,0,0,0,0,0,0,0,0,0,0,0,0,0,0
2023-12-01,SCONES,Cran Orang,0,8,8,6,0,2,0,0,0,0,0,0,0,0
2023-12-01,SCONES,Cr Or WCC,0,8,8,4,0,4,0,0,0,0,0,0,0,0
2023-12-01,FRUIT BARS,Triple berry,0,5,5,4,1,0,0,0,0,0,0,0,0,0
2023-12-01,FRUIT BARS,cherry,0,5,5,4,1,0,0,0,0,0,0,0,0,0
2023-12-01,FRUIT BARS,apple cin,0,5,5,1,0,4,0,0,0,0,0,0,0,0
2023-12-01,FRUIT BARS,Cran WCC,0,5,5,1,0,4,0,0,0,0,0,0,0,0
2023-12-01,MUFFINS,Blueberry,0,6,6,4,1,1,0,0,0,0,0,0,0,0
2023-12-01,MUFFINS,Mex Choc,0,5,5,0,1,4,0,0,0,0,0,0,0,0
2023-12-01,MUFFINS,Pump Choc,0,6,6,6,0,0,0,0,0,0,0,0,0,0
2023-12-01,MUFFINS,Pump Crumb,0,6,6,3,2,1,0,0,0,0,0,0,0,0
2023-12-01,COOKIES/BARS,oat cc,13,18,31,17,0,0,14,0,22,22,0,0,0,0
2023-12-01,COOKIES/BARS,triple cc,3,30,33,20,0,0,13,0,22,22,0,0,0,0
2023-12-01,COOKIES/BARS,St Nicker,8,24,32,26,0,1,5,0,22,22,0,0,0,0
2023-12-01,COOKIES/BARS,VMWCC,2,18,20,11,0,0,9,0,24,24,2,0,0,0
2023-12-01,COOKIES/BARS,Oat Raisin,2,12,14,10,0,0,4,0,18,18,-2,0,0,0
2023-12-01,COOKIES/BARS,Frosted,5,12,17,5,0,0,12,0,0,0,0,0,0,0
2023-12-01,COOKIES/BARS,Gingerbread,6,15,21,6,0,0,15,0,0,0,0,0,0,0
2023-12-01,COOKIES/BARS,Brown,24,0,24,1,0,4,19,0,0,0,0,0,0,0
2023-12-01,COOKIES/BARS,Pump,0,0,0,0,0,0,0,0,0,0,0,0,0,0
2023-12-01,COOKIES/BARS,Pump,3,0,3,0,0,0,3,0,0,0,0,0,0,0
2023-12-01,COOKIES/BARS,Pecan,4,0,4,1,0,0,3,0,0,0,0,0,0,0
2023-12-01,COOKIES/BARS,Ap,3,0,3,3,0,0,0,0,0,0,0,0,0,0
2023-12-01,COOKIES/BARS,Cran Ap,2,0,2,1,0,0,1,0,0,0,0,0,0,0
2023-12-01,COOKIES/BARS,Pump Ohhh,0,0,0,0,0,0,0,0,0,0,0,0,0,0
2023-12-01,COOKIES/BARS,Totals,0,250,250,118,9,33,99,6,112,118,2,0,0,4
2023-12-02,BREAD,H,28,0,28,13,0,15,0,0,0,0,0,0,0,0
2023-12-02,BREAD,FR,17,0,17,13,0,4,0,0,0,0,0,0,0,0
2023-12-02,BREAD,GW,5,3,8,2,0,6,0,0,0,0,0,0,0,0
2023-12-02,BREAD,DK,14,0,14,8,0,6,0,0,0,0,0,0,0,0
2023-12-02,BREAD,H5,0,0,0,0,0,0,0,0,0,0,0,0,0,0
2023-12-02,BREAD,CSWRL,8,8,16,14,0,2,0,2,3,5,4,0,0,0
2023-12-02,BREAD,MP SWL,9,0,9,9,0,0,0,6,0,6,4,0,0,0
2023-12-02,BREAD,CnE,11,0,11,2,0,9,0,3,0,3,3,0,0,0
2023-12-02,BREAD,CnR,2,0,2,2,0,0,0,0,0,0,0,0,0,0
2023-12-02,BREAD,RW,4,0,4,3,0,1,0,0,0,0,0,0,0,0
2023-12-02,BREAD,Monkey,5,0,5,4,0,1,0,0,0,0,0,0,0,0
2023-12-02,BREAD,CB,5,0,5,4,0,1,0,0,0,0,0,0,0,0
2023-12-02,BREAD,CrO,8,0,8,7,0,1,0,0,0,0,0,0,0,0
2023-12-02,BREAD,AA,0,0,0,0,0,0,0,0,0,0,0,0,0,0
2023-12-02,BREAD,CG,11,0,11,7,0,4,0,2,0,2,2,0,0,0
2023-12-02,BREAD,Pest,2,0,2,2,0,0,0,0,0,0,0,0,0,0
2023-12-02,BREAD,jal,0,0,0,0,0,0,0,0,0,0,0,0,0,0
2023-12-02,BREAD,Cheetah,1,0,1,1,0,0,0,0,0,0,0,0,0,0
2023-12-02,BREAD,VS,6,0,6,6,0,0,0,2,0,2,1,0,0,0
2023-12-02,BREAD,sour-TL,18,0,18,16,0,2,0,0,0,0,0,0,0,0
2023-12-02,BREAD,OB,5,0,5,4,0,1,0,0,0,0,0,0,0,0
2023-12-02,BREAD,Pepp Roll,0,0,0,0,0,0,0,0,0,0,0,0,0,0
2023-12-02,BREAD,VS Pep Rl,0,0,0,0,0,0,0,0,0,0,0,0,0,0
2023-12-02,BREAD,CAR,25,0,25,13,0,0,12,0,0,0,0,0,0,0
2023-12-02,BREAD,IHF,10,0,10,3,0,0,7,0,0,0,0,0,0,0
2023-12-02,BREAD,Tree:H,1,0,1,0,0,1,0,0,0,0,0,0,0,0
2023-12-02,BREAD,Tree:VS,2,0,2,0,0,2,0,0,0,0,0,0,0,0
2023-12-02,BREAD,Tree:BUT,0,0,0,-2,0,2,0,0,0,0,0,0,0,0
2023-12-02,BREAD,R:H,2,0,2,2,0,0,0,0,0,0,0,0,0,0
2023-12-02,BREAD,FR,0,0,0,0,0,0,0,0,0,0,0,0,0,0
2023-12-02,BREAD,R:CrO,0,0,0,0,0,0,0,0,0,0,0,0,0,0
2023-12-02,BREAD,R:VS,3,0,3,3,0,0,0,0,0,0,0,0,0,0
2023-12-02,BREAD,BUT,24,0,24,16,0,8,0,0,0,0,0,0,0,0
2023-12-02,BREAD,TEA CAKES,0,0,0,0,0,0,0,0,0,0,0,0,0,0
2023-12-02,BREAD,Gingerbr,4,4,8,8,0,0,0,0,0,0,0,0,0,0
2023-12-02,BREAD,Mex Choc,3,1,4,2,0,2,0,0,0,0,0,0,0,0
2023-12-02,BREAD,Pump Choc,8,0,8,1,0,7,0,0,0,0,0,0,0,0
2023-12-02,BREAD,Pump Crumb,1,2,3,3,0,0,0,0,0,0,0,0,0,0
2023-12-02,ROLLS,C-Rolls,0,48,48,47,0,1,0,0,0,0,0,0,0,0
2023-12-02,ROLLS,C-Roll TREE,0,0,0,-4,0,4,0,0,0,0,0,0,0,0
2023-12-02,ROLLS,Mini C-Roll,0,0,0,0,0,0,0,0,0,0,0,0,0,0
2023-12-02,SCONES,Blueberry,0,10,10,7,0,3,0,0,0,0,0,0,0,0
2023-12-02,SCONES,App Cran,0,0,0,0,0,0,0,0,0,0,0,0,0,0
2023-12-02,SCONES,Cherry,0,0,0,0,0,0,0,0,0,0,0,0,0,0
2023-12-02,SCONES,Butt Almond,0,7,7,7,0,0,0,0,0,0,0,0,0,0
2023-12-02,SCONES,Turtle,0,0,0,0,0,0,0,0,0,0,0,0,0,0
2023-12-02,SCONES,Cin Chip,0,0,0,0,0,0,0,0,0,0,0,0,0,0
2023-12-02,SCONES,Cran Orang,0,6,6,6,0,0,0,0,0,0,0,0,0,0
2023-12-02,SCONES,Cr Or WCC,0,6,6,6,0,0,0,0,0,0,0,0,0,0
2023-12-02,FRUIT BARS,Triple berry,0,5,5,3,0,2,0,0,0,0,0,0,0,0
2023-12-02,FRUIT BARS,cherry,0,5,5,5,0,0,0,0,0,0,0,0,0,0
2023-12-02,FRUIT BARS,apple cin,0,5,5,1,0,4,0,0,0,0,0,0,0,0
2023-12-02,FRUIT BARS,Cran WCC,0,5,5,3,0,2,0,0,0,0,0,0,0,0
2023-12-02,MUFFINS,Gingerbread,0,3,3,0,0,3,0,0,0,0,0,0,0,0
2023-12-02,MUFFINS,Mex Choc,0,3,3,3,0,0,0,0,0,0,0,0,0,0
2023-12-02,MUFFINS,Pump Choc,0,4,4,4,0,0,0,0,0,0,0,0,0,0
2023-12-02,MUFFINS,Pump Crumb,0,3,3,1,0,2,0,0,0,0,0,0,0,0
2023-12-02,COOKIES/BARS,oat cc,14,6,20,8,0,12,0,0,0,0,0,0,0,0
2023-12-02,COOKIES/BARS,triple cc,13,6,19,8,0,11,0,0,0,0,0,0,0,0
2023-12-02,COOKIES/BARS,St Nicker,5,18,23,3,0,20,0,0,0,0,0,0,0,0
2023-12-02,COOKIES/BARS,VMWCC,9,6,15,5,0,10,0,0,0,0,0,0,0,0
2023-12-02,COOKIES/BARS,Oat Raisin,4,6,10,5,0,5,0,0,0,0,0,0,0,0
2023-12-02,COOKIES/BARS,Frosted,12,6,18,17,0,1,0,0,0,0,0,0,0,0
2023-12-02,COOKIES/BARS,Gingerbread,15,0,15,15,0,0,0,0,0,0,0,0,0,0
2023-12-02,COOKIES/BARS,Brown,19,0,19,6,0,0,13,0,0,0,0,0,0,0
2023-12-02,COOKIES/BARS,Pump,0,0,0,-16,0,4,12,0,0,0,0,0,0,0
2023-12-02,COOKIES/BARS,Pump,3,0,3,0,0,0,3,0,0,0,0,0,0,0
2023-12-02,COOKIES/BARS,Pecan,3,0,3,2,0,0,1,0,0,0,0,0,0,0
2023-12-02,COOKIES/BARS,Ap,0,0,0,0,0,0,0,0,0,0,0,0,0,0
2023-12-02,COOKIES/BARS,Cran Ap,1,0,1,1,0,0,0,0,0,0,0,0,0,0
2023-12-02,COOKIES/BARS,Pump Ohhh,0,0,0,-9,0,0,9,0,0,0,-4,0,0,4
2023-12-02,COOKIES/BARS,Totals,0,158,158,53,0,80,25,4,0,4,-17,0,0,17
2023-12-03,BREAD,H,0,0,0,0,0,0,0,0,0,0,0,0,0,0
2023-12-03,BREAD,FR,0,0,0,0,0,0,0,0,0,0,0,0,0,0
2023-12-03,BREAD,GW,0,0,0,0,0,0,0,0,0,0,0,0,0,0
2023-12-03,BREAD,DK,0,0,0,0,0,0,0,0,0,0,0,0,0,0
2023-12-03,BREAD,H5,0,0,0,0,0,0,0,0,0,0,0,0,0,0
2023-12-03,BREAD,CSWRL,0,0,0,0,0,0,0,0,0,0,0,0,0,0
2023-12-03,BREAD,MP SWL,0,0,0,0,0,0,0,0,0,0,0,0,0,0
2023-12-03,BREAD,CnE,0,0,0,0,0,0,0,0,0,0,0,0,0,0
2023-12-03,BREAD,CnR,0,0,0,0,0,0,0,0,0,0,0,0,0,0
2023-12-03,BREAD,RW,0,0,0,0,0,0,0,0,0,0,0,0,0,0
2023-12-03,BREAD,Monkey,0,0,0,0,0,0,0,0,0,0,0,0,0,0
2023-12-03,BREAD,CB,0,0,0,0,0,0,0,0,0,0,0,0,0,0
2023-12-03,BREAD,CrO,0,0,0,0,0,0,0,0,0,0,0,0,0,0
2023-12-03,BREAD,AA,0,0,0,0,0,0,0,0,0,0,0,0,0,0
2023-12-03,BREAD,CG,0,0,0,0,0,0,0,0,0,0,0,0,0,0
2023-12-03,BREAD,Pest,0,0,0,0,0,0,0,0,0,0,0,0,0,0
2023-12-03,BREAD,jal,0,0,0,0,0,0,0,0,0,0,0,0,0,0
2023-12-03,BREAD,Cheetah,0,0,0,0,0,0,0,0,0,0,0,0,0,0
2023-12-03,BREAD,VS,0,0,0,0,0,0,0,0,0,0,0,0,0,0
2023-12-03,BREAD,sour-TL,0,0,0,0,0,0,0,0,0,0,0,0,0,0
2023-12-03,BREAD,OB,0,0,0,0,0,0,0,0,0,0,0,0,0,0
2023-12-03,BREAD,Pepp Roll,0,0,0,0,0,0,0,0,0,0,0,0,0,0
2023-12-03,BREAD,VS Pep Rl,0,0,0,0,0,0,0,0,0,0,0,0,0,0
2023-12-03,BREAD,CAR,12,0,12,0,0,0,12,0,0,0,0,0,0,0
2023-12-03,BREAD,IHF,7,0,7,0,0,0,7,0,0,0,0,0,0,0
2023-12-03,BREAD,Tree:H,0,0,0,0,0,0,0,0,0,0,0,0,0,0
2023-12-03,BREAD,Tree:VS,0,0,0,0,0,0,0,0,0,0,0,0,0,0
2023-12-03,BREAD,Tree:BUT,0,0,0,0,0,0,0,0,0,0,0,0,0,0
2023-12-03,BREAD,R:H,0,0,0,0,0,0,0,0,0,0,0,0,0,0
2023-12-03,BREAD,FR,0,0,0,0,0,0,0,0,0,0,0,0,0,0
2023-12-03,BREAD,R:CrO,0,0,0,0,0,0,0,0,0,0,0,0,0,0
2023-12-03,BREAD,R:VS,0,0,0,0,0,0,0,0,0,0,0,0,0,0
2023-12-03,BREAD,BUT,0,0,0,0,0,0,0,0,0,0,0,0,0,0
2023-12-03,BREAD,TEA CAKES,0,0,0,0,0,0,0,0,0,0,0,0,0,0
2023-12-03,BREAD,Gingerbr,0,0,0,0,0,0,0,0,0,0,0,0,0,0
2023-12-03,BREAD,Mex Choc,0,0,0,0,0,0,0,0,0,0,0,0,0,0
2023-12-03,BREAD,Pump Choc,0,0,0,0,0,0,0,0,0,0,0,0,0,0
2023-12-03,BREAD,Pump Crumb,0,0,0,0,0,0,0,0,0,0,0,0,0,0
2023-12-03,ROLLS,C-Rolls,0,0,0,0,0,0,0,0,0,0,0,0,0,0
2023-12-03,ROLLS,C-Roll TREE,0,0,0,0,0,0,0,0,0,0,0,0,0,0
2023-12-03,ROLLS,Mini C-Roll,0,0,0,0,0,0,0,0,0,0,0,0,0,0
2023-12-03,SCONES,Blueberry,0,0,0,0,0,0,0,0,0,0,0,0,0,0
2023-12-03,SCONES,App Cran,0,0,0,0,0,0,0,0,0,0,0,0,0,0
2023-12-03,SCONES,Cherry,0,0,0,0,0,0,0,0,0,0,0,0,0,0
2023-12-03,SCONES,Butt Almond,0,0,0,0,0,0,0,0,0,0,0,0,0,0
2023-12-03,SCONES,Turtle,0,0,0,0,0,0,0,0,0,0,0,0,0,0
2023-12-03,SCONES,Cin Chip,0,0,0,0,0,0,0,0,0,0,0,0,0,0
2023-12-03,SCONES,Cran Orang,0,0,0,0,0,0,0,0,0,0,0,0,0,0
2023-12-03,SCONES,Cr Or WCC,0,0,0,0,0,0,0,0,0,0,0,0,0,0
2023-12-03,FRUIT BARS,Triple berry,0,0,0,0,0,0,0,0,0,0,0,0,0,0
2023-12-03,FRUIT BARS,cherry,0,0,0,0,0,0,0,0,0,0,0,0,0,0
2023-12-03,FRUIT BARS,apple cin,0,0,0,0,0,0,0,0,0,0,0,0,0,0
2023-12-03,FRUIT BARS,Cran WCC,0,0,0,0,0,0,0,0,0,0,0,0,0,0
2023-12-03,MUFFINS,Gingerbread,0,0,0,0,0,0,0,0,0,0,0,0,0,0
2023-12-03,MUFFINS,Mex Choc,0,0,0,0,0,0,0,0,0,0,0,0,0,0
2023-12-03,MUFFINS,Pump Choc,0,0,0,0,0,0,0,0,0,0,0,0,0,0
2023-12-03,MUFFINS,Pump Crumb,0,0,0,0,0,0,0,0,0,0,0,0,0,0
2023-12-03,COOKIES/BARS,oat cc,0,0,0,0,0,0,0,0,0,0,0,0,0,0
2023-12-03,COOKIES/BARS,triple cc,0,0,0,0,0,0,0,0,0,0,0,0,0,0
2023-12-03,COOKIES/BARS,St Nicker,0,0,0,0,0,0,0,0,0,0,0,0,0,0
2023-12-03,COOKIES/BARS,VMWCC,0,0,0,0,0,0,0,0,0,0,0,0,0,0
2023-12-03,COOKIES/BARS,Oat Raisin,0,0,0,0,0,0,0,0,0,0,0,0,0,0
2023-12-03,COOKIES/BARS,Frosted,0,0,0,-6,0,0,6,0,0,0,0,0,0,0
2023-12-03,COOKIES/BARS,Gingerbread,0,0,0,0,0,0,0,0,0,0,0,0,0,0
2023-12-03,COOKIES/BARS,Brown,13,0,13,0,0,0,13,0,0,0,0,0,0,0
2023-12-03,COOKIES/BARS,Pump,12,0,12,0,0,0,12,0,0,0,0,0,0,0
2023-12-03,COOKIES/BARS,Pump,3,0,3,0,0,0,3,0,0,0,0,0,0,0
2023-12-03,COOKIES/BARS,Pecan,1,0,1,0,0,0,1,0,0,0,0,0,0,0
2023-12-03,COOKIES/BARS,Ap,0,0,0,0,0,0,0,0,0,0,0,0,0,0
2023-12-03,COOKIES/BARS,Cran Ap,0,0,0,0,0,0,0,0,0,0,0,0,0,0
2023-12-03,COOKIES/BARS,Pump Ohhh,9,0,9,0,0,0,9,4,0,4,0,0,0,4
2023-12-03,COOKIES/BARS,Totals,25,0,25,-6,0,0,31,17,0,17,0,0,0,17
2023-12-04,BREAD,H,0,30,30,11,0,0,19,0,0,0,0,0,0,0
2023-12-04,BREAD,FR,0,39,39,2,25,0,12,0,0,0,0,0,0,0
2023-12-04,BREAD,GW,0,4,4,2,0,0,2,0,0,0,0,0,0,0
2023-12-04,BREAD,DK,0,14,14,10,0,0,4,0,0,0,0,0,0,0
2023-12-04,BREAD,H5,0,0,0,0,0,0,0,0,0,0,0,0,0,0
2023-12-04,BREAD,CSWRL,0,16,16,15,0,0,1,0,4,4,4,0,0,0
2023-12-04,BREAD,MP SWL,0,9,9,5,0,0,4,0,3,3,3,0,0,0
2023-12-04,BREAD,CnE,0,6,6,6,0,0,0,0,3,3,1,0,0,2
2023-12-04,BREAD,CnR,0,3,3,3,0,0,0,0,0,0,0,0,0,0
2023-12-04,BREAD,RW,0,3,3,0,0,0,3,0,0,0,0,0,0,0
2023-12-04,BREAD,Monkey,0,3,3,0,0,0,3,0,0,0,0,0,0,0
2023-12-04,BREAD,CB,0,0,0,0,0,0,0,0,0,0,0,0,0,0
2023-12-04,BREAD,CrO,0,0,0,0,0,0,0,0,0,0,0,0,0,0
2023-12-04,BREAD,AA,0,0,0,0,0,0,0,0,0,0,0,0,0,0
2023-12-04,BREAD,CG,0,4,4,2,0,0,2,0,3,3,3,0,0,0
2023-12-04,BREAD,Pest,0,3,3,3,0,0,0,0,0,0,0,0,0,0
2023-12-04,BREAD,jal,0,3,3,2,0,0,1,0,0,0,0,0,0,0
2023-12-04,BREAD,Cheetah,0,3,3,1,0,0,2,0,0,0,0,0,0,0
2023-12-04,BREAD,VS,0,0,0,0,0,0,0,0,0,0,0,0,0,0
2023-12-04,BREAD,sour-TL,0,22,22,7,7,0,8,0,0,0,0,0,0,0
2023-12-04,BREAD,OB,0,2,2,0,0,0,2,0,0,0,0,0,0,0
2023-12-04,BREAD,Pepp Roll,0,4,4,2,0,0,2,0,2,2,1,0,0,1
2023-12-04,BREAD,VS Pep Rl,0,0,0,0,0,0,0,0,0,0,0,0,0,0
2023-12-04,BREAD,CAR,12,0,12,3,0,0,9,0,0,0,0,0,0,0
2023-12-04,BREAD,IHF,7,0,7,2,0,0,5,0,0,0,0,0,0,0
2023-12-04,BREAD,Tree:H,0,0,0,0,0,0,0,0,0,0,0,0,0,0
2023-12-04,BREAD,Tree:VS,0,0,0,0,0,0,0,0,0,0,0,0,0,0
2023-12-04,BREAD,Tree:BUT,0,0,0,0,0,0,0,0,0,0,0,0,0,0
2023-12-04,BREAD,R:H,0,3,3,0,0,0,3,0,0,0,0,0,0,0
2023-12-04,BREAD,FR,0,2,2,2,0,0,0,0,0,0,0,0,0,0
2023-12-04,BREAD,R:CrO,0,0,0,0,0,0,0,0,0,0,0,0,0,0
2023-12-04,BREAD,R:VS,0,0,0,0,0,0,0,0,0,0,0,0,0,0
2023-12-04,BREAD,BUT,0,0,0,0,0,0,0,0,0,0,0,0,0,0
2023-12-04,BREAD,TEA CAKES,0,0,0,0,0,0,0,0,0,0,0,0,0,0
2023-12-04,BREAD,Gingerbr,0,4,4,1,0,0,3,0,0,0,0,0,0,0
2023-12-04,BREAD,Mex Choc,0,3,3,0,0,0,3,0,0,0,0,0,0,0
2023-12-04,BREAD,Pump Choc,0,4,4,3,0,0,1,0,0,0,0,0,0,0
2023-12-04,BREAD,Pump Crumb,0,3,3,0,0,0,3,0,0,0,0,0,0,0
2023-12-04,ROLLS,C-Rolls,0,24,24,23,0,1,0,0,0,0,0,0,0,0
2023-12-04,ROLLS,C-Roll TREE,0,0,0,0,0,0,0,0,0,0,0,0,0,0
2023-12-04,ROLLS,Mini C-Roll,0,0,0,0,0,0,0,0,0,0,0,0,0,0
2023-12-04,SCONES,Blueberry,0,0,0,0,0,0,0,0,0,0,0,0,0,0
2023-12-04,SCONES,App Cran,0,13,13,5,0,8,0,0,0,0,0,0,0,0
2023-12-04,SCONES,Cherry,0,0,0,0,0,0,0,0,0,0,0,0,0,0
2023-12-04,SCONES,Butt Almond,0,0,0,0,0,0,0,0,0,0,0,0,0,0
2023-12-04,SCONES,Turtle,0,0,0,0,0,0,0,0,0,0,0,0,0,0
2023-12-04,SCONES,Cin Chip,0,11,11,6,0,5,0,0,0,0,0,0,0,0
2023-12-04,SCONES,Cran Orang,0,6,6,6,0,0,0,0,0,0,0,0,0,0
2023-12-04,SCONES,Cr Or WCC,0,6,6,5,0,1,0,0,0,0,0,0,0,0
2023-12-04,FRUIT BARS,Triple berry,0,5,5,4,0,1,0,0,0,0,0,0,0,0
2023-12-04,FRUIT BARS,cherry,0,5,5,4,0,1,0,0,0,0,0,0,0,0
2023-12-04,FRUIT BARS,apple cin,0,0,0,0,0,0,0,0,0,0,0,0,0,0
2023-12-04,FRUIT BARS,Cran WCC,0,0,0,0,0,0,0,0,0,0,0,0,0,0
2023-12-04,MUFFINS,Gingerbread,0,3,3,3,0,0,0,0,0,0,0,0,0,0
2023-12-04,MUFFINS,Mex Choc,0,3,3,3,0,0,0,0,0,0,0,0,0,0
2023-12-04,MUFFINS,Pump Choc,0,4,4,3,0,1,0,0,0,0,0,0,0,0
2023-12-04,MUFFINS,Pump Crumb,0,3,3,3,0,0,0,0,0,0,0,0,0,0
2023-12-04,COOKIES/BARS,oat cc,0,54,54,8,22,0,24,0,0,0,0,0,0,0
2023-12-04,COOKIES/BARS,triple cc,0,54,54,17,22,0,15,0,0,0,0,0,0,0
2023-12-04,COOKIES/BARS,St Nicker,0,54,54,-2,23,0,33,0,0,0,0,0,0,0
2023-12-04,COOKIES/BARS,VMWCC,0,18,18,8,0,0,10,0,0,0,0,0,0,0
2023-12-04,COOKIES/BARS,Oat Raisin,0,18,18,8,0,0,10,0,0,0,0,0,0,0
2023-12-04,COOKIES/BARS,Frosted,6,6,12,1,0,0,11,0,0,0,0,0,0,0
2023-12-04,COOKIES/BARS,Gingerbread,0,12,12,0,0,0,12,0,0,0,0,0,0,0
2023-12-04,COOKIES/BARS,Brown,13,15,28,0,0,0,28,0,0,0,0,0,0,0
2023-12-04,COOKIES/BARS,Pump,12,20,32,5,0,0,27,0,0,0,0,0,0,0
2023-12-04,COOKIES/BARS,Pump,3,0,3,1,0,0,2,0,0,0,0,0,0,0
2023-12-04,COOKIES/BARS,Pecan,1,0,1,1,0,0,0,0,0,0,0,0,0,0
2023-12-04,COOKIES/BARS,Ap,0,0,0,0,0,0,0,0,0,0,0,0,0,0
2023-12-04,COOKIES/BARS,Cran Ap,0,0,0,0,0,0,0,0,0,0,0,0,0,0
2023-12-04,COOKIES/BARS,Pump Ohhh,9,0,9,2,0,0,7,4,0,4,0,0,0,4
2023-12-04,COOKIES/BARS,Totals,0,314,345,108,67,18,152,17,20,37,6,0,0,31
2023-12-05,BREAD,H,19,19,38,12,4,0,22,0,0,0,0,0,0,0
2023-12-05,BREAD,FR,12,11,23,11,0,0,12,0,0,0,0,0,0,0
2023-12-05,BREAD,GW,2,3,5,1,0,1,3,0,0,0,0,0,0,0
2023-12-05,BREAD,DK,4,0,4,4,0,0,0,0,0,0,0,0,0,0
2023-12-05,BREAD,H5,0,12,12,12,0,0,0,0,0,0,0,0,0,0
2023-12-05,BREAD,CSWRL,1,17,18,11,1,1,5,0,6,6,3,0,0,3
2023-12-05,BREAD,MP SWL,4,8,12,9,0,0,3,0,4,4,1,0,0,3
2023-12-05,BREAD,CnE,0,11,11,4,0,0,7,2,2,4,2,0,0,2
2023-12-05,BREAD,CnR,0,3,3,3,0,0,0,0,0,0,0,0,0,0
2023-12-05,BREAD,RW,3,0,3,3,0,0,0,0,0,0,0,0,0,0
2023-12-05,BREAD,Monkey,3,0,3,3,0,0,0,0,0,0,0,0,0,0
2023-12-05,BREAD,CB,0,5,5,5,0,0,0,0,4,4,1,0,0,3
2023-12-05,BREAD,CrO,0,12,12,5,5,0,2,0,12,12,4,0,0,1
2023-12-05,BREAD,AA,0,0,0,0,0,0,0,0,0,0,0,0,0,0
2023-12-05,BREAD,CG,2,0,2,2,0,0,0,0,0,0,0,0,0,0
2023-12-05,BREAD,Pest,0,0,0,0,0,0,0,0,0,0,0,0,0,0
2023-12-05,BREAD,jal,1,0,1,1,0,0,0,0,0,0,0,0,0,0
2023-12-05,BREAD,Cheetah,2,0,2,1,0,1,0,0,0,0,0,0,0,0
2023-12-05,BREAD,VS,0,7,7,2,0,0,5,0,4,4,4,0,0,0
2023-12-05,BREAD,sour-TL,8,0,8,7,1,0,0,0,0,0,0,0,0,0
2023-12-05,BREAD,OB,2,0,2,2,0,0,0,0,0,0,0,0,0,0
2023-12-05,BREAD,Pepp Roll,2,0,2,2,0,0,0,1,0,1,1,0,0,0
2023-12-05,BREAD,VS Pep Rl,0,6,6,5,0,0,1,0,2,2,2,0,0,0
2023-12-05,BREAD,CAR,9,0,9,0,0,0,9,0,0,0,0,0,0,0
2023-12-05,BREAD,IHF,5,0,5,1,0,0,4,0,0,0,0,0,0,0
2023-12-05,BREAD,Tree:H,0,0,0,0,0,0,0,0,0,0,0,0,0,0
2023-12-05,BREAD,Tree:VS,0,0,0,0,0,0,0,0,0,0,0,0,0,0
2023-12-05,BREAD,Tree:BUT,0,0,0,0,0,0,0,0,0,0,0,0,0,0
2023-12-05,BREAD,R:H,3,0,3,2,1,0,0,0,0,0,0,0,0,0
2023-12-05,BREAD,FR,0,0,0,-1,1,0,0,0,0,0,0,0,0,0
2023-12-05,BREAD,R:CrO,0,0,0,0,0,0,0,0,0,0,0,0,0,0
2023-12-05,BREAD,R:VS,0,10,10,10,0,0,0,0,0,0,0,0,0,0
2023-12-05,BREAD,BUT,0,0,0,0,0,0,0,0,0,0,0,0,0,0
2023-12-05,BREAD,TEA CAKES,0,0,0,0,0,0,0,0,0,0,0,0,0,0
2023-12-05,BREAD,Gingerbr,3,1,4,3,0,1,0,0,0,0,0,0,0,0
2023-12-05,BREAD,Mex Choc,3,0,3,3,0,0,0,0,0,0,0,0,0,0
2023-12-05,BREAD,Pump Choc,1,4,5,4,1,0,0,0,0,0,0,0,0,0
2023-12-05,BREAD,Pump Crumb,3,0,3,3,0,0,0,0,0,0,0,0,0,0
2023-12-05,ROLLS,C-Rolls,0,24,24,20,4,0,0,0,0,0,0,0,0,0
2023-12-05,ROLLS,C-Roll TREE,0,0,0,0,0,0,0,0,0,0,0,0,0,0
2023-12-05,ROLLS,Mini C-Roll,0,24,24,0,24,0,0,0,0,0,0,0,0,0
2023-12-05,SCONES,Blueberry,0,10,10,10,0,0,0,0,2,2,0,0,0,0
2023-12-05,SCONES,App Cran,0,0,0,0,0,0,0,0,0,0,0,0,0,0
2023-12-05,SCONES,Cherry,0,0,0,0,0,0,0,0,0,0,0,0,0,0
2023-12-05,SCONES,Butt Almond,0,0,0,0,0,0,0,0,0,0,0,0,0,0
2023-12-05,SCONES,Turtle,0,0,0,0,0,0,0,0,0,0,0,0,0,0
2023-12-05,SCONES,Cin Chip,0,10,10,5,0,5,0,0,2,2,0,0,0,0
2023-12-05,SCONES,Cran Orang,0,6,6,4,0,2,0,0,2,2,0,0,0,0
2023-12-05,SCONES,Cr Or WCC,0,6,6,3,0,3,0,0,2,2,0,0,0,0
2023-12-05,FRUIT BARS,Triple berry,0,0,0,0,0,0,0,0,0,0,0,0,0,0
2023-12-05,FRUIT BARS,cherry,0,0,0,0,0,0,0,0,0,0,0,0,0,0
2023-12-05,FRUIT BARS,apple cin,0,5,5,4,1,0,0,0,0,0,0,0,0,0
2023-12-05,FRUIT BARS,Cran WCC,0,5,5,3,2,0,0,0,0,0,0,0,0,0
2023-12-05,MUFFINS,Gingerbread,0,3,3,3,0,0,0,0,2,2,0,0,0,0
2023-12-05,MUFFINS,Mex Choc,0,3,3,0,0,3,0,0,2,2,0,0,0,0
2023-12-05,MUFFINS,Pump Choc,0,4,4,3,0,1,0,0,0,0,0,0,0,0
2023-12-05,MUFFINS,Pump Crumb,0,3,3,2,0,1,0,0,2,2,0,0,0,0
2023-12-05,COOKIES/BARS,oat cc,24,14,38,-1,14,19,6,0,4,4,0,0,0,0
2023-12-05,COOKIES/BARS,triple cc,15,20,35,10,14,0,11,0,6,6,0,0,0,0
2023-12-05,COOKIES/BARS,St Nicker,33,4,37,21,7,6,3,0,6,6,0,0,0,0
2023-12-05,COOKIES/BARS,VMWCC,10,10,20,5,0,0,15,0,4,4,0,0,0,0
2023-12-05,COOKIES/BARS,Oat Raisin,10,8,18,8,0,0,10,0,4,4,0,0,0,0
2023-12-05,COOKIES/BARS,Frosted,11,5,16,2,0,0,14,0,0,0,0,0,0,0
2023-12-05,COOKIES/BARS,Gingerbread,12,0,12,8,0,0,4,0,0,0,0,0,0,0
2023-12-05,COOKIES/BARS,Brown,28,0,28,16,0,0,12,0,0,0,0,0,0,0
2023-12-05,COOKIES/BARS,Pump,27,0,27,11,0,0,16,0,0,0,0,0,0,0
2023-12-05,COOKIES/BARS,Pump,2,0,2,-2,0,0,4,0,0,0,0,0,0,0
2023-12-05,COOKIES/BARS,Pecan,0,0,0,0,0,0,0,0,0,0,0,0,0,0
2023-12-05,COOKIES/BARS,Ap,0,0,0,0,0,0,0,0,0,0,0,0,0,0
2023-12-05,COOKIES/BARS,Cran Ap,0,0,0,0,0,0,0,0,0,0,0,0,0,0
2023-12-05,COOKIES/BARS,Pump Ohhh,7,0,7,-2,0,0,9,4,0,4,0,0,0,4
2023-12-05,COOKIES/BARS,Totals,0,164,316,122,66,40,88,31,38,69,11,0,0,20
2023-12-06,BREAD,H,22,30,52,12,22,3,15,0,0,0,0,0,0,0
2023-12-06,BREAD,FR,12,13,25,19,0,0,6,0,0,0,0,0,0,0
2023-12-06,BREAD,GW,3,4,7,2,0,1,4,0,0,0,0,0,0,0
2023-12-06,BREAD,DK,0,20,20,1,0,0,19,0,0,0,0,0,0,0
2023-12-06,BREAD,H5,0,0,0,0,0,0,0,0,0,0,0,0,0,0
2023-12-06,BREAD,CSWRL,5,12,17,6,0,1,10,3,7,10,3,0,0,4
2023-12-06,BREAD,MP SWL,3,8,11,5,0,1,5,3,4,7,1,0,0,4
2023-12-06,BREAD,CnE,7,30,37,3,20,1,13,2,2,4,2,0,0,2
2023-12-06,BREAD,CnR,0,4,4,1,0,0,3,0,0,0,0,0,0,0
2023-12-06,BREAD,RW,0,4,4,2,0,0,2,0,0,0,0,0,0,0
2023-12-06,BREAD,Monkey,0,3,3,1,0,0,2,0,0,0,0,0,0,0
2023-12-06,BREAD,CB,0,0,0,0,0,0,0,3,0,3,2,0,0,1
2023-12-06,BREAD,CrO,2,10,12,4,4,0,4,1,4,5,2,0,0,3
2023-12-06,BREAD,AA,0,3,3,1,0,0,2,0,0,0,0,0,0,0
2023-12-06,BREAD,CG,0,6,6,0,0,0,6,0,3,3,0,0,0,3
2023-12-06,BREAD,Pest,0,4,4,2,0,0,2,0,0,0,0,0,0,0
2023-12-06,BREAD,jal,0,4,4,1,0,0,3,0,0,0,0,0,0,0
2023-12-06,BREAD,Cheetah,0,3,3,1,0,0,2,0,0,0,0,0,0,0
2023-12-06,BREAD,VS,5,0,5,4,0,1,0,0,0,0,-1,0,0,0
2023-12-06,BREAD,sour-TL,0,16,16,7,1,0,8,0,0,0,0,0,0,0
2023-12-06,BREAD,OB,0,0,0,0,0,0,0,0,0,0,0,0,0,0
2023-12-06,BREAD,Pepp Roll,0,0,0,-1,0,0,1,0,0,0,-2,0,0,2
2023-12-06,BREAD,VS Pep Rl,1,0,1,1,0,0,0,0,0,0,0,0,0,0
2023-12-06,BREAD,CAR,9,0,9,9,0,0,0,0,0,0,0,0,0,0
2023-12-06,BREAD,IHF,4,0,4,4,0,0,0,0,0,0,0,0,0,0
2023-12-06,BREAD,Tree:H,0,0,0,0,0,0,0,0,0,0,0,0,0,0
2023-12-06,BREAD,Tree:VS,0,0,0,0,0,0,0,0,0,0,0,0,0,0
2023-12-06,BREAD,Tree:BUT,0,0,0,0,0,0,0,0,0,0,0,0,0,0
2023-12-06,BREAD,R:H,0,3,3,2,1,0,0,0,0,0,0,0,0,0
2023-12-06,BREAD,FR,0,3,3,2,1,0,0,0,0,0,0,0,0,0
2023-12-06,BREAD,R:CrO,0,0,0,0,0,0,0,0,0,0,0,0,0,0
2023-12-06,BREAD,R:VS,0,0,0,0,0,0,0,0,0,0,0,0,0,0
2023-12-06,BREAD,BUT,0,0,0,0,0,0,0,0,0,0,0,0,0,0
2023-12-06,BREAD,TEA CAKES,0,0,0,0,0,0,0,0,0,0,0,0,0,0
2023-12-06,BREAD,Gingerbr,0,4,4,1,0,0,3,0,0,0,0,0,0,0
2023-12-06,BREAD,Mex Choc,0,3,3,2,0,0,1,0,0,0,0,0,0,0
2023-12-06,BREAD,Pump Choc,0,27,27,-2,22,0,7,0,0,0,0,0,0,0
2023-12-06,BREAD,Pump Crumb,0,3,3,2,0,0,1,0,0,0,0,0,0,0
2023-12-06,ROLLS,C-Rolls,0,36,36,32,4,0,0,0,0,0,0,0,0,0
2023-12-06,ROLLS,C-Roll TREE,0,0,0,0,0,0,0,0,0,0,0,0,0,0
2023-12-06,ROLLS,Mini C-Roll,0,24,24,0,24,0,0,0,0,0,0,0,0,0
2023-12-06,SCONES,Blueberry,0,0,0,0,0,0,0,0,0,0,0,0,0,0
2023-12-06,SCONES,App Cran,0,10,10,10,0,0,0,0,3,3,0,0,0,0
2023-12-06,SCONES,Cherry,0,0,0,0,0,0,0,0,0,0,0,0,0,0
2023-12-06,SCONES,Butt Almond,0,0,0,0,0,0,0,0,0,0,0,0,0,0
2023-12-06,SCONES,Turtle,0,9,9,9,0,0,0,0,3,3,0,0,0,0
2023-12-06,SCONES,Cin Chip,0,0,0,0,0,0,0,0,0,0,0,0,0,0
2023-12-06,SCONES,Cran Orang,0,8,8,8,0,0,0,0,2,2,0,0,0,0
2023-12-06,SCONES,Cr Or WCC,0,8,8,4,0,4,0,0,2,2,0,0,0,0
2023-12-06,FRUIT BARS,Triple berry,0,5,5,0,2,3,0,0,0,0,0,0,0,0
2023-12-06,FRUIT BARS,cherry,0,5,5,1,2,2,0,0,0,0,0,0,0,0
2023-12-06,FRUIT BARS,apple cin,0,0,0,0,0,0,0,0,0,0,0,0,0,0
2023-12-06,FRUIT BARS,Cran WCC,0,0,0,0,0,0,0,0,0,0,0,0,0,0
2023-12-06,MUFFINS,Gingerbread,0,4,4,4,0,0,0,0,3,3,0,0,0,0
2023-12-06,MUFFINS,Mex Choc,0,3,3,1,0,2,0,0,3,3,0,0,0,0
2023-12-06,MUFFINS,Pump Choc,0,4,4,4,0,0,0,0,0,0,0,0,0,0
2023-12-06,MUFFINS,Pump Crumb,0,3,3,3,0,0,0,0,4,4,0,0,0,0
2023-12-06,COOKIES/BARS,oat cc,6,36,42,12,9,6,15,0,32,32,0,0,0,0
2023-12-06,COOKIES/BARS,triple cc,11,30,41,14,9,5,13,0,34,34,0,0,0,0
2023-12-06,COOKIES/BARS,St Nicker,3,90,93,10,62,0,21,0,34,34,0,0,0,0
2023-12-06,COOKIES/BARS,VMWCC,15,6,21,-3,0,12,12,0,32,32,0,0,0,0
2023-12-06,COOKIES/BARS,Oat Raisin,10,6,16,14,0,2,0,0,0,0,0,0,0,0
2023-12-06,COOKIES/BARS,Frosted,14,0,14,-1,0,0,15,0,0,0,0,0,0,0
2023-12-06,COOKIES/BARS,Gingerbread,4,12,16,-1,0,0,17,0,0,0,0,0,0,0
2023-12-06,COOKIES/BARS,Brown,12,15,27,3,0,0,24,0,0,0,0,0,0,0
2023-12-06,COOKIES/BARS,Pump,16,20,36,0,0,4,32,0,0,0,0,0,0,0
2023-12-06,COOKIES/BARS,Pump,4,0,4,4,0,0,0,0,0,0,0,0,0,0
2023-12-06,COOKIES/BARS,Pecan,0,0,0,0,0,0,0,0,0,0,0,0,0,0
2023-12-06,COOKIES/BARS,Ap,0,0,0,0,0,0,0,0,0,0,0,0,0,0
2023-12-06,COOKIES/BARS,Cran Ap,0,0,0,0,0,0,0,0,0,0,0,0,0,0
2023-12-06,COOKIES/BARS,Pump Ohhh,9,0,9,9,0,0,0,4,0,4,4,0,0,0
2023-12-06,COOKIES/BARS,Totals,0,314,402,137,112,36,117,20,172,192,4,0,0,32
2023-12-07,BREAD,H,15,13,28,6,0,0,22,0,0,0,0,0,0,0
2023-12-07,BREAD,FR,6,49,55,9,35,0,11,0,0,0,0,0,0,0
2023-12-07,BREAD,GW,4,3,7,4,0,0,3,0,0,0,0,0,0,0
2023-12-07,BREAD,DK,19,0,19,5,0,0,14,0,0,0,0,0,0,0
2023-12-07,BREAD,H5,0,12,12,7,0,0,5,0,0,0,0,0,0,0
2023-12-07,BREAD,CSWRL,10,8,18,10,3,4,1,4,0,4,1,0,0,0
2023-12-07,BREAD,MP SWL,5,4,9,3,0,2,4,4,0,4,4,0,0,0
2023-12-07,BREAD,CnE,13,3,16,16,0,0,0,2,0,2,1,0,0,0
2023-12-07,BREAD,CnR,3,8,11,3,8,0,0,0,0,0,0,0,0,0
2023-12-07,BREAD,RW,2,0,2,2,0,0,0,0,0,0,0,0,0,0
2023-12-07,BREAD,Monkey,2,3,5,1,0,1,3,0,0,0,0,0,0,0
2023-12-07,BREAD,CB,0,11,11,4,0,0,7,1,7,8,2,0,0,6
2023-12-07,BREAD,CrO,4,14,18,6,0,0,12,3,4,7,4,0,0,3
2023-12-07,BREAD,AA,2,2,4,0,0,2,2,0,0,0,0,0,0,0
2023-12-07,BREAD,CG,6,0,6,4,0,2,0,3,0,3,1,0,0,0
2023-12-07,BREAD,Pest,2,0,2,0,0,2,0,0,0,0,0,0,0,0
2023-12-07,BREAD,jal,3,0,3,1,0,2,0,0,0,0,0,0,0,0
2023-12-07,BREAD,Cheetah,2,0,2,1,0,1,0,0,0,0,0,0,0,0
2023-12-07,BREAD,VS,0,11,11,1,0,0,10,0,4,4,2,0,0,2
2023-12-07,BREAD,cne tree,0,3,3,2,0,0,1,0,0,0,0,0,0,0
2023-12-07,BREAD,sour-TL,8,0,8,8,0,0,0,0,0,0,0,0,0,0
2023-12-07,BREAD,OB,0,0,0,0,0,0,0,0,0,0,0,0,0,0
2023-12-07,BREAD,Pepp Roll,1,0,1,1,0,0,0,2,0,2,1,0,0,0
2023-12-07,BREAD,VS Pep Rl,0,8,8,0,0,0,8,0,4,4,2,0,0,2
2023-12-07,BREAD,CAR,0,0,0,-8,0,0,8,0,0,0,0,0,0,0
2023-12-07,BREAD,IHF,0,0,0,-1,0,0,1,0,0,0,0,0,0,0
2023-12-07,BREAD,Tree:H,0,2,2,0,0,0,2,0,0,0,0,0,0,0
2023-12-07,BREAD,Tree:VS,0,2,2,0,0,0,2,0,0,0,0,0,0,0
2023-12-07,BREAD,Tree:BUT,0,2,2,0,0,0,2,0,0,0,0,0,0,0
2023-12-07,BREAD,R:H,0,4,4,4,0,0,0,0,0,0,0,0,0,0
2023-12-07,BREAD,FR,0,0,0,0,0,0,0,0,0,0,0,0,0,0
2023-12-07,BREAD,R:CrO,0,0,0,0,0,0,0,0,0,0,0,0,0,0
2023-12-07,BREAD,R:VS,0,8,8,1,0,0,7,0,0,0,0,0,0,0
2023-12-07,BREAD,BUT,0,33,33,3,3,0,27,0,0,0,0,0,0,0
2023-12-07,BREAD,TEA CAKES,0,0,0,0,0,0,0,0,0,0,0,0,0,0
2023-12-07,BREAD,Gingerbr,3,5,8,1,2,2,3,0,0,0,0,0,0,0
2023-12-07,BREAD,Mex Choc,1,3,4,0,0,1,3,0,0,0,0,0,0,0
2023-12-07,BREAD,Pump Choc,7,2,9,2,1,5,1,0,0,0,0,0,0,0
2023-12-07,BREAD,Pump Crumb,1,6,7,1,2,0,4,0,0,0,0,0,0,0
2023-12-07,ROLLS,C-Rolls,0,48,48,36,0,12,0,0,0,0,0,0,0,0
2023-12-07,ROLLS,C-Roll TREE,0,0,0,0,0,0,0,0,0,0,0,0,0,0
2023-12-07,ROLLS,Mini C-Roll,0,0,0,0,0,0,0,0,0,0,0,0,0,0
2023-12-07,SCONES,Blueberry,0,17,17,8,0,9,0,0,8,8,0,0,0,0
2023-12-07,SCONES,App Cran,0,0,0,0,0,0,0,0,0,0,0,0,0,0
2023-12-07,SCONES,Cherry,0,0,0,0,0,0,0,0,0,0,0,0,0,0
2023-12-07,SCONES,Butt Almond,0,0,0,0,0,0,0,0,0,0,0,0,0,0
2023-12-07,SCONES,Turtle,0,10,10,9,0,1,0,0,8,8,0,0,0,0
2023-12-07,SCONES,Cin Chip,0,0,0,0,0,0,0,0,0,0,0,0,0,0
2023-12-07,SCONES,Cran Orang,0,8,8,5,0,3,0,0,6,6,0,0,0,0
2023-12-07,SCONES,Cr Or WCC,0,8,8,2,0,6,0,0,6,6,0,0,0,0
2023-12-07,FRUIT BARS,Triple berry,0,5,5,1,3,1,0,0,0,0,0,0,0,0
2023-12-07,FRUIT BARS,cherry,0,5,5,2,3,0,0,0,0,0,0,0,0,0
2023-12-07,FRUIT BARS,apple cin,0,5,5,0,2,3,0,0,0,0,0,0,0,0
2023-12-07,FRUIT BARS,Cran WCC,0,5,5,0,3,2,0,0,0,0,0,0,0,0
2023-12-07,MUFFINS,Gingerbread,0,4,4,4,0,0,0,0,3,3,0,0,0,0
2023-12-07,MUFFINS,Mex Choc,0,4,4,1,0,3,0,0,13,13,0,0,0,0
2023-12-07,MUFFINS,Pump Choc,0,6,6,6,0,0,0,0,10,10,0,0,0,0
2023-12-07,MUFFINS,Pump Crumb,0,4,4,2,0,2,0,0,0,0,0,0,0,0
2023-12-07,COOKIES/BARS,oat cc,15,48,63,2,36,13,12,0,0,0,0,0,0,0
2023-12-07,COOKIES/BARS,triple cc,13,54,67,14,37,6,10,0,0,0,0,0,0,0
2023-12-07,COOKIES/BARS,St Nicker,21,48,69,7,37,13,12,0,0,0,0,0,0,0
2023-12-07,COOKIES/BARS,VMWCC,12,40,52,9,37,4,2,0,0,0,0,0,0,0
2023-12-07,COOKIES/BARS,Oat Raisin,0,18,18,2,0,4,12,0,0,0,0,0,0,0
2023-12-07,COOKIES/BARS,Frosted,15,0,15,8,0,0,7,0,0,0,0,0,0,0
2023-12-07,COOKIES/BARS,Gingerbread,17,0,17,7,0,0,10,0,0,0,0,0,0,0
2023-12-07,COOKIES/BARS,Brown,24,0,24,5,0,4,15,0,0,0,0,0,0,0
2023-12-07,COOKIES/BARS,Pump,32,0,32,2,0,2,28,0,0,0,0,0,0,0
2023-12-07,COOKIES/BARS,Pump,0,4,4,1,0,0,3,0,0,0,0,0,0,0
2023-12-07,COOKIES/BARS,Pecan,0,5,5,1,0,0,4,0,0,0,0,0,0,0
2023-12-07,COOKIES/BARS,Ap,0,3,3,2,0,0,1,0,0,0,0,0,0,0
2023-12-07,COOKIES/BARS,Cran Ap,0,3,3,0,0,0,3,0,0,0,0,0,0,0
2023-12-07,COOKIES/BARS,Pump Ohhh,0,0,0,-8,0,0,8,0,0,0,-3,0,0,3
2023-12-07,COOKIES/BARS,Totals,0,344,461,125,158,86,92,32,62,94,0,0,0,38
2023-12-08,BREAD,H,22,12,34,8,2,0,24,0,0,0,0,0,0,0
2023-12-08,BREAD,FR,11,30,41,12,2,0,27,0,0,0,0,0,0,0
2023-12-08,BREAD,GW,3,2,5,1,0,0,4,0,0,0,0,0,0,0
2023-12-08,BREAD,DK,14,14,28,6,1,0,21,0,0,0,0,0,0,0
2023-12-08,BREAD,H5,5,0,5,4,0,0,1,0,0,0,0,0,0,0
2023-12-08,BREAD,CSWRL,1,44,45,10,25,0,10,0,11,11,2,0,0,9
2023-12-08,BREAD,MP SWL,4,8,12,5,0,0,7,0,8,8,2,0,0,6
2023-12-08,BREAD,CnE,0,14,14,3,1,0,10,0,11,11,-3,0,0,8
2023-12-08,BREAD,CnR,0,6,6,3,0,0,3,0,0,0,0,0,0,0
2023-12-08,BREAD,RW,0,6,6,3,0,0,3,0,0,0,0,0,0,0
2023-12-08,BREAD,Monkey,3,6,9,5,0,0,4,0,0,0,0,0,0,0
2023-12-08,BREAD,CB,7,15,22,4,11,0,7,6,28,34,1,0,0,9
2023-12-08,BREAD,CrO,12,0,12,3,0,0,9,3,0,3,3,0,0,0
2023-12-08,BREAD,AA,2,0,2,0,0,0,2,0,0,0,0,0,0,0
2023-12-08,BREAD,CG,0,6,6,-1,1,0,6,0,6,6,6,0,0,0
2023-12-08,BREAD,Pest,0,4,4,0,1,0,3,0,0,0,0,0,0,0
2023-12-08,BREAD,jal,0,4,4,3,0,0,1,0,0,0,0,0,0,0
2023-12-08,BREAD,Cheetah,0,3,3,0,1,0,2,0,0,0,0,0,0,0
2023-12-08,BREAD,VS,10,0,10,4,0,0,6,2,0,2,2,0,0,0
2023-12-08,BREAD,Cne Tree,1,3,4,1,0,0,3,0,0,0,0,0,0,0
2023-12-08,BREAD,sour-TL,0,34,34,6,0,0,28,0,0,0,0,0,0,0
2023-12-08,BREAD,OB,0,0,0,0,0,0,0,0,0,0,0,0,0,0
2023-12-08,BREAD,Pepp Roll,0,8,8,2,0,0,6,0,4,4,4,0,0,0
2023-12-08,BREAD,VS Pep Rl,8,0,8,1,0,0,7,2,0,2,2,0,0,0
2023-12-08,BREAD,CAR,8,0,8,1,0,0,7,0,0,0,0,0,0,0
2023-12-08,BREAD,IHF,1,45,46,29,0,0,17,0,0,0,0,0,0,0
2023-12-08,BREAD,Tree:H,2,0,2,1,0,0,1,0,0,0,0,0,0,0
2023-12-08,BREAD,Tree:VS,2,0,2,0,0,0,2,0,0,0,0,0,0,0
2023-12-08,BREAD,Tree:BUT,2,0,2,0,0,0,2,0,0,0,0,0,0,0
2023-12-08,BREAD,R:H,0,0,0,0,0,0,0,0,0,0,0,0,0,0
2023-12-08,BREAD,FR,0,0,0,0,0,0,0,0,0,0,0,0,0,0
2023-12-08,BREAD,R:CrO,0,0,0,0,0,0,0,0,0,0,0,0,0,0
2023-12-08,BREAD,R:VS,7,0,7,1,0,0,6,0,0,0,0,0,0,0
2023-12-08,BREAD,BUT,27,0,27,3,0,0,24,0,0,0,0,0,0,0
2023-12-08,BREAD,TEA CAKES,0,0,0,0,0,0,0,0,0,0,0,0,0,0
2023-12-08,BREAD,Gingerbr,3,7,10,3,0,0,7,0,0,0,0,0,0,0
2023-12-08,BREAD,Mex Choc,3,3,6,6,0,0,0,0,0,0,0,0,0,0
2023-12-08,BREAD,Pump Choc,1,13,14,-1,2,1,12,0,0,0,0,0,0,0
2023-12-08,BREAD,Pump Crumb,4,2,6,1,0,3,2,0,0,0,0,0,0,0
2023-12-08,ROLLS,C-Rolls,0,48,48,10,0,38,0,0,0,0,0,0,0,0
2023-12-08,ROLLS,C-Roll TREE,0,5,5,3,0,2,0,0,0,0,0,0,0,0
2023-12-08,ROLLS,Mini C-Roll,0,48,48,44,0,0,4,0,0,0,0,0,0,0
2023-12-08,SCONES,Blueberry,0,0,0,-9,0,9,0,0,0,0,0,0,0,0
2023-12-08,SCONES,App Cran,0,0,0,0,0,0,0,0,0,0,0,0,0,0
2023-12-08,SCONES,Cherry,0,14,14,13,0,1,0,0,4,4,0,0,0,0
2023-12-08,SCONES,Butt Almond,0,15,15,6,0,9,0,0,4,4,0,0,0,0
2023-12-08,SCONES,Turtle,0,0,0,0,0,0,0,0,0,0,0,0,0,0
2023-12-08,SCONES,Cin Chip,0,0,0,0,0,0,0,0,0,0,0,0,0,0
2023-12-08,SCONES,Cran Orang,0,8,8,2,0,6,0,0,2,2,0,0,0,0
2023-12-08,SCONES,Cr Or WCC,0,8,8,7,0,1,0,0,2,2,0,0,0,0
2023-12-08,FRUIT BARS,Triple berry,0,10,10,2,5,3,0,0,0,0,0,0,0,0
2023-12-08,FRUIT BARS,cherry,0,10,10,3,5,2,0,0,0,0,0,0,0,0
2023-12-08,FRUIT BARS,apple cin,0,5,5,2,1,2,0,0,0,0,0,0,0,0
2023-12-08,FRUIT BARS,Cran WCC,0,5,5,-1,2,4,0,0,0,0,0,0,0,0
2023-12-08,MUFFINS,Gingerbread,0,4,4,0,0,4,0,0,4,4,0,0,0,0
2023-12-08,MUFFINS,Mex Choc,0,4,4,1,0,3,0,0,4,4,0,0,0,0
2023-12-08,MUFFINS,Pump Choc,0,6,6,4,0,2,0,0,0,0,0,0,0,0
2023-12-08,MUFFINS,Pump Crumb,0,4,4,2,0,2,0,0,2,2,0,0,0,0
2023-12-08,COOKIES/BARS,oat cc,12,18,30,13,0,10,7,0,22,22,16,0,0,0
2023-12-08,COOKIES/BARS,triple cc,10,18,28,1,0,15,12,0,22,22,16,0,0,0
2023-12-08,COOKIES/BARS,St Nicker,12,162,174,10,144,8,12,0,22,22,16,0,0,0
2023-12-08,COOKIES/BARS,VMWCC,2,18,20,2,0,0,18,0,22,22,16,0,0,0
2023-12-08,COOKIES/BARS,Oat Raisin,12,6,18,11,0,1,6,0,0,0,0,0,0,0
2023-12-08,COOKIES/BARS,Frosted,7,6,13,5,0,0,8,0,8,8,8,0,0,0
2023-12-08,COOKIES/BARS,Gingerbread,10,6,16,1,0,0,15,0,0,0,0,0,0,0
2023-12-08,COOKIES/BARS,Brown,15,0,15,0,0,0,15,0,0,0,0,0,0,0
2023-12-08,COOKIES/BARS,Pump,28,0,28,0,0,0,28,0,0,0,0,0,0,0
2023-12-08,COOKIES/BARS,Pump,3,0,3,0,0,0,3,0,0,0,0,0,0,0
2023-12-08,COOKIES/BARS,Pecan,4,0,4,1,0,0,3,0,0,0,0,0,0,0
2023-12-08,COOKIES/BARS,Ap,1,0,1,-1,0,0,2,0,0,0,0,0,0,0
2023-12-08,COOKIES/BARS,Cran Ap,3,0,3,2,0,0,1,0,0,0,0,0,0,0
2023-12-08,COOKIES/BARS,Pump Ohhh,8,0,8,0,0,0,8,3,0,3,0,0,0,3
2023-12-08,COOKIES/BARS,Totals,0,428,520,131,157,122,110,38,118,156,75,0,0,35
2023-12-09,BREAD,H,24,0,24,9,0,15,0,0,0,0,0,0,0,0
2023-12-09,BREAD,FR,27,0,27,22,0,5,0,0,0,0,0,0,0,0
2023-12-09,BREAD,GW,4,9,13,4,0,9,0,0,0,0,0,0,0,0
2023-12-09,BREAD,DK,21,0,21,21,0,0,0,0,0,0,0,0,0,0
2023-12-09,BREAD,H5,1,0,1,1,0,0,0,0,0,0,0,0,0,0
2023-12-09,BREAD,CSWRL,10,4,14,14,0,0,0,9,0,9,8,0,0,0
2023-12-09,BREAD,MP SWL,7,0,7,5,0,2,0,6,0,6,4,0,0,0
2023-12-09,BREAD,CnE,10,0,10,8,0,2,0,8,0,8,6,0,0,0
2023-12-09,BREAD,CnR,3,0,3,1,0,2,0,0,0,0,0,0,0,0
2023-12-09,BREAD,RW,3,0,3,3,0,0,0,0,0,0,0,0,0,0
2023-12-09,BREAD,Monkey,4,0,4,3,0,1,0,0,0,0,0,0,0,0
2023-12-09,BREAD,CB,7,0,7,6,0,1,0,9,0,9,4,0,0,0
2023-12-09,BREAD,CrO,9,0,9,7,0,2,0,0,0,0,0,0,0,0
2023-12-09,BREAD,AA,2,0,2,2,0,0,0,0,0,0,0,0,0,0
2023-12-09,BREAD,CG,6,0,6,6,0,0,0,0,0,0,0,0,0,0
2023-12-09,BREAD,Pest,3,0,3,3,0,0,0,0,0,0,0,0,0,0
2023-12-09,BREAD,jal,1,0,1,1,0,0,0,0,0,0,0,0,0,0
2023-12-09,BREAD,Cheetah,2,0,2,1,0,1,0,0,0,0,0,0,0,0
2023-12-09,BREAD,VS,6,0,6,5,0,1,0,0,0,0,0,0,0,0
2023-12-09,BREAD,sour-TL,28,0,28,17,0,11,0,0,0,0,0,0,0,0
2023-12-09,BREAD,OB,0,0,0,0,0,0,0,0,0,0,0,0,0,0
2023-12-09,BREAD,Pepp Roll,6,0,6,6,0,0,0,0,0,0,-1,0,0,0
2023-12-09,BREAD,VS Pep Rl,7,0,7,7,0,0,0,0,0,0,0,0,0,0
2023-12-09,BREAD,CAR,7,0,7,2,0,0,5,0,0,0,0,0,0,0
2023-12-09,BREAD,IHF,17,0,17,-3,0,0,20,0,0,0,0,0,0,0
2023-12-09,BREAD,Tree:H,1,0,1,1,0,0,0,0,0,0,0,0,0,0
2023-12-09,BREAD,Tree:VS,2,0,2,1,0,1,0,0,0,0,0,0,0,0
2023-12-09,BREAD,Tree:BUT,2,0,2,0,0,2,0,0,0,0,0,0,0,0
2023-12-09,BREAD,R:H,0,0,0,0,0,0,0,0,0,0,0,0,0,0
2023-12-09,BREAD,FR,0,0,0,0,0,0,0,0,0,0,0,0,0,0
2023-12-09,BREAD,R:CrO,0,0,0,0,0,0,0,0,0,0,0,0,0,0
2023-12-09,BREAD,R:VS,6,0,6,4,0,2,0,0,0,0,0,0,0,0
2023-12-09,BREAD,BUT,24,0,24,8,0,16,0,0,0,0,0,0,0,0
2023-12-09,BREAD,TEA CAKES,0,0,0,0,0,0,0,0,0,0,0,0,0,0
2023-12-09,BREAD,Gingerbr,7,0,7,4,0,3,0,0,0,0,0,0,0,0
2023-12-09,BREAD,Mex Choc,0,4,4,-1,0,5,0,0,0,0,0,0,0,0
2023-12-09,BREAD,Pump Choc,12,0,12,7,0,5,0,0,0,0,0,0,0,0
2023-12-09,BREAD,Pump Crumb,2,1,3,2,0,1,0,0,0,0,0,0,0,0
2023-12-09,ROLLS,C-Rolls,0,36,36,28,0,8,0,0,0,0,0,0,0,0
2023-12-09,ROLLS,C-Roll TREE,0,0,0,-3,0,3,0,0,0,0,0,0,0,0
2023-12-09,ROLLS,Mini C-Roll,0,0,0,-3,0,3,0,0,0,0,0,0,0,0
2023-12-09,SCONES,Blueberry,0,12,12,8,0,4,0,0,0,0,0,0,0,0
2023-12-09,SCONES,App Cran,0,0,0,0,0,0,0,0,0,0,0,0,0,0
2023-12-09,SCONES,Cherry,0,0,0,0,0,0,0,0,0,0,0,0,0,0
2023-12-09,SCONES,Butt Almond,0,11,11,10,0,1,0,0,0,0,0,0,0,0
2023-12-09,SCONES,Turtle,0,0,0,0,0,0,0,0,0,0,0,0,0,0
2023-12-09,SCONES,Cin Chip,0,0,0,0,0,0,0,0,0,0,0,0,0,0
2023-12-09,SCONES,Cran Orang,0,6,6,5,0,1,0,0,0,0,0,0,0,0
2023-12-09,SCONES,Cr Or WCC,0,0,0,0,0,0,0,0,0,0,0,0,0,0
2023-12-09,FRUIT BARS,Triple berry,0,5,5,4,0,1,0,0,0,0,0,0,0,0
2023-12-09,FRUIT BARS,cherry,0,5,5,4,0,1,0,0,0,0,0,0,0,0
2023-12-09,FRUIT BARS,apple cin,0,5,5,2,0,3,0,0,0,0,0,0,0,0
2023-12-09,FRUIT BARS,Cran WCC,0,5,5,2,0,3,0,0,0,0,0,0,0,0
2023-12-09,MUFFINS,Gingerbread,0,3,3,3,0,0,0,0,0,0,0,0,0,0
2023-12-09,MUFFINS,Mex Choc,0,3,3,3,0,0,0,0,0,0,0,0,0,0
2023-12-09,MUFFINS,Pump Choc,0,4,4,4,0,0,0,0,0,0,0,0,0,0
2023-12-09,MUFFINS,Pump Crumb,0,3,3,1,0,2,0,0,0,0,0,0,0,0
2023-12-09,COOKIES/BARS,oat cc,7,18,25,11,0,14,0,0,0,0,-12,0,0,0
2023-12-09,COOKIES/BARS,triple cc,12,12,24,2,0,22,0,0,0,0,-12,0,0,0
2023-12-09,COOKIES/BARS,St Nicker,12,12,24,21,3,0,0,0,0,0,-12,0,0,0
2023-12-09,COOKIES/BARS,VMWCC,18,0,18,3,3,12,0,0,0,0,0,0,0,0
2023-12-09,COOKIES/BARS,Oat Raisin,6,6,12,6,0,6,0,0,0,0,0,0,0,0
2023-12-09,COOKIES/BARS,Frosted,8,6,14,2,2,4,6,0,0,0,0,0,0,0
2023-12-09,COOKIES/BARS,Gingerbread,15,0,15,3,3,9,0,0,0,0,0,0,0,0
2023-12-09,COOKIES/BARS,Brown,15,0,15,5,0,7,3,0,0,0,0,0,0,0
2023-12-09,COOKIES/BARS,Pump,28,0,28,7,0,9,12,0,0,0,0,0,0,0
2023-12-09,COOKIES/BARS,Pump,3,0,3,0,0,0,3,0,0,0,0,0,0,0
2023-12-09,COOKIES/BARS,Pecan,3,0,3,0,0,0,3,0,0,0,0,0,0,0
2023-12-09,COOKIES/BARS,Ap,2,0,2,2,0,0,0,0,0,0,0,0,0,0
2023-12-09,COOKIES/BARS,Cran Ap,1,0,1,-1,0,0,2,0,0,0,0,0,0,0
2023-12-09,COOKIES/BARS,Pump Ohhh,8,0,8,1,0,0,7,3,0,3,0,0,0,3
2023-12-09,COOKIES/BARS,Totals,0,152,258,124,11,104,19,35,0,35,-30,0,0,20
2023-12-10,BREAD,H,0,0,0,0,0,0,0,0,0,0,0,0,0,0
2023-12-10,BREAD,FR,0,0,0,0,0,0,0,0,0,0,0,0,0,0
2023-12-10,BREAD,GW,0,0,0,0,0,0,0,0,0,0,0,0,0,0
2023-12-10,BREAD,DK,0,0,0,0,0,0,0,0,0,0,0,0,0,0
2023-12-10,BREAD,H5,0,0,0,0,0,0,0,0,0,0,0,0,0,0
2023-12-10,BREAD,CSWRL,0,0,0,0,0,0,0,0,0,0,0,0,0,0
2023-12-10,BREAD,MP SWL,0,0,0,0,0,0,0,0,0,0,0,0,0,0
2023-12-10,BREAD,CnE,0,0,0,0,0,0,0,0,0,0,0,0,0,0
2023-12-10,BREAD,CnR,0,0,0,0,0,0,0,0,0,0,0,0,0,0
2023-12-10,BREAD,RW,0,0,0,0,0,0,0,0,0,0,0,0,0,0
2023-12-10,BREAD,Monkey,0,0,0,0,0,0,0,0,0,0,0,0,0,0
2023-12-10,BREAD,CB,0,0,0,0,0,0,0,0,0,0,0,0,0,0
2023-12-10,BREAD,CrO,0,0,0,0,0,0,0,0,0,0,0,0,0,0
2023-12-10,BREAD,AA,0,0,0,0,0,0,0,0,0,0,0,0,0,0
2023-12-10,BREAD,CG,0,0,0,0,0,0,0,0,0,0,0,0,0,0
2023-12-10,BREAD,Pest,0,0,0,0,0,0,0,0,0,0,0,0,0,0
2023-12-10,BREAD,jal,0,0,0,0,0,0,0,0,0,0,0,0,0,0
2023-12-10,BREAD,Cheetah,0,0,0,0,0,0,0,0,0,0,0,0,0,0
2023-12-10,BREAD,VS,0,0,0,0,0,0,0,0,0,0,0,0,0,0
2023-12-10,BREAD,sour-TL,0,0,0,0,0,0,0,0,0,0,0,0,0,0
2023-12-10,BREAD,OB,0,0,0,0,0,0,0,0,0,0,0,0,0,0
2023-12-10,BREAD,Pepp Roll,0,0,0,0,0,0,0,0,0,0,0,0,0,0
2023-12-10,BREAD,VS Pep Rl,0,0,0,0,0,0,0,0,0,0,0,0,0,0
2023-12-10,BREAD,CAR,5,0,5,0,0,0,5,0,0,0,0,0,0,0
2023-12-10,BREAD,IHF,20,0,20,0,0,0,20,0,0,0,0,0,0,0
2023-12-10,BREAD,Tree:H,0,0,0,0,0,0,0,0,0,0,0,0,0,0
2023-12-10,BREAD,Tree:VS,0,0,0,0,0,0,0,0,0,0,0,0,0,0
2023-12-10,BREAD,Tree:BUT,0,0,0,0,0,0,0,0,0,0,0,0,0,0
2023-12-10,BREAD,R:H,0,0,0,0,0,0,0,0,0,0,0,0,0,0
2023-12-10,BREAD,FR,0,0,0,0,0,0,0,0,0,0,0,0,0,0
2023-12-10,BREAD,R:CrO,0,0,0,0,0,0,0,0,0,0,0,0,0,0
2023-12-10,BREAD,R:VS,0,0,0,0,0,0,0,0,0,0,0,0,0,0
2023-12-10,BREAD,BUT,0,0,0,0,0,0,0,0,0,0,0,0,0,0
2023-12-10,BREAD,TEA CAKES,0,0,0,0,0,0,0,0,0,0,0,0,0,0
2023-12-10,BREAD,Gingerbr,0,0,0,0,0,0,0,0,0,0,0,0,0,0
2023-12-10,BREAD,Mex Choc,0,0,0,0,0,0,0,0,0,0,0,0,0,0
2023-12-10,BREAD,Pump Choc,0,0,0,0,0,0,0,0,0,0,0,0,0,0
2023-12-10,BREAD,Pump Crumb,0,0,0,0,0,0,0,0,0,0,0,0,0,0
2023-12-10,ROLLS,C-Rolls,0,0,0,0,0,0,0,0,0,0,0,0,0,0
2023-12-10,ROLLS,C-Roll TREE,0,0,0,0,0,0,0,0,0,0,0,0,0,0
2023-12-10,ROLLS,Mini C-Roll,0,0,0,0,0,0,0,0,0,0,0,0,0,0
2023-12-10,SCONES,Blueberry,0,0,0,0,0,0,0,0,0,0,0,0,0,0
2023-12-10,SCONES,App Cran,0,0,0,0,0,0,0,0,0,0,0,0,0,0
2023-12-10,SCONES,Cherry,0,0,0,0,0,0,0,0,0,0,0,0,0,0
2023-12-10,SCONES,Butt Almond,0,0,0,0,0,0,0,0,0,0,0,0,0,0
2023-12-10,SCONES,Turtle,0,0,0,0,0,0,0,0,0,0,0,0,0,0
2023-12-10,SCONES,Cin Chip,0,0,0,0,0,0,0,0,0,0,0,0,0,0
2023-12-10,SCONES,Cran Orang,0,0,0,0,0,0,0,0,0,0,0,0,0,0
2023-12-10,SCONES,Cr Or WCC,0,0,0,0,0,0,0,0,0,0,0,0,0,0
2023-12-10,FRUIT BARS,Triple berry,0,0,0,0,0,0,0,0,0,0,0,0,0,0
2023-12-10,FRUIT BARS,cherry,0,0,0,0,0,0,0,0,0,0,0,0,0,0
2023-12-10,FRUIT BARS,apple cin,0,0,0,0,0,0,0,0,0,0,0,0,0,0
2023-12-10,FRUIT BARS,Cran WCC,0,0,0,0,0,0,0,0,0,0,0,0,0,0
2023-12-10,MUFFINS,Gingerbread,0,0,0,0,0,0,0,0,0,0,0,0,0,0
2023-12-10,MUFFINS,Mex Choc,0,0,0,0,0,0,0,0,0,0,0,0,0,0
2023-12-10,MUFFINS,Pump Choc,0,0,0,0,0,0,0,0,0,0,0,0,0,0
2023-12-10,MUFFINS,Pump Crumb,0,0,0,0,0,0,0,0,0,0,0,0,0,0
2023-12-10,COOKIES/BARS,oat cc,0,0,0,0,0,0,0,0,0,0,0,0,0,0
2023-12-10,COOKIES/BARS,triple cc,0,0,0,0,0,0,0,0,0,0,0,0,0,0
2023-12-10,COOKIES/BARS,St Nicker,0,0,0,0,0,0,0,0,0,0,0,0,0,0
2023-12-10,COOKIES/BARS,VMWCC,0,0,0,0,0,0,0,0,0,0,0,0,0,0
2023-12-10,COOKIES/BARS,Oat Raisin,0,0,0,0,0,0,0,0,0,0,0,0,0,0
2023-12-10,COOKIES/BARS,Frosted,6,0,6,0,0,0,6,0,0,0,0,0,0,0
2023-12-10,COOKIES/BARS,Gingerbread,0,0,0,0,0,0,0,0,0,0,0,0,0,0
2023-12-10,COOKIES/BARS,Brown,3,0,3,0,0,0,3,0,0,0,0,0,0,0
2023-12-10,COOKIES/BARS,Pump,12,0,12,0,0,0,12,0,0,0,0,0,0,0
2023-12-10,COOKIES/BARS,Pump,3,0,3,0,0,0,3,0,0,0,0,0,0,0
2023-12-10,COOKIES/BARS,Pecan,3,0,3,0,0,0,3,0,0,0,0,0,0,0
2023-12-10,COOKIES/BARS,Ap,0,0,0,0,0,0,0,0,0,0,0,0,0,0
2023-12-10,COOKIES/BARS,Cran Ap,2,0,2,0,0,0,2,0,0,0,0,0,0,0
2023-12-10,COOKIES/BARS,Pump Ohhh,7,0,7,0,0,0,7,3,0,3,0,0,0,3
2023-12-10,COOKIES/BARS,Totals,19,0,19,0,0,0,19,20,0,20,0,0,0,20
2023-12-11,BREAD,H,0,46,46,25,17,0,4,0,0,0,0,0,0,0
2023-12-11,BREAD,FR,0,47,47,44,0,0,3,0,0,0,0,0,0,0
2023-12-11,BREAD,GW,0,0,0,0,0,0,0,0,0,0,0,0,0,0
2023-12-11,BREAD,DK,0,14,14,7,0,0,7,0,0,0,0,0,0,0
2023-12-11,BREAD,H5,0,0,0,0,0,0,0,0,0,0,0,0,0,0
2023-12-11,BREAD,CSWRL,0,18,18,13,0,0,5,0,5,5,4,0,0,1
2023-12-11,BREAD,MP SWL,0,8,8,2,0,0,6,0,4,4,3,0,0,1
2023-12-11,BREAD,CnE,0,36,36,-1,27,0,10,0,2,2,0,0,0,2
2023-12-11,BREAD,CnR,0,3,3,0,0,0,3,0,0,0,0,0,0,0
2023-12-11,BREAD,RW,0,3,3,2,0,0,1,0,0,0,0,0,0,0
2023-12-11,BREAD,Monkey,0,3,3,1,0,0,2,0,0,0,0,0,0,0
2023-12-11,BREAD,CB,0,0,0,0,0,0,0,0,0,0,0,0,0,0
2023-12-11,BREAD,CrO,0,12,12,3,2,0,7,0,7,7,2,0,0,5
2023-12-11,BREAD,AA,0,2,2,0,0,0,2,0,0,0,0,0,0,0
2023-12-11,BREAD,CG,0,5,5,3,0,0,2,0,2,2,2,0,0,0
2023-12-11,BREAD,Pest,0,3,3,2,0,0,1,0,0,0,0,0,0,0
2023-12-11,BREAD,jal,0,3,3,3,0,0,0,0,0,0,0,0,0,0
2023-12-11,BREAD,Cheetah,0,3,3,1,0,0,2,0,0,0,0,0,0,0
2023-12-11,BREAD,VS,0,0,0,0,0,0,0,0,0,0,0,0,0,0
2023-12-11,BREAD,sour-TL,0,23,23,3,7,0,13,0,0,0,0,0,0,0
2023-12-11,BREAD,OB,0,2,2,1,0,0,1,0,0,0,0,0,0,0
2023-12-11,BREAD,Pepp Roll,0,4,4,1,0,0,3,0,2,2,2,0,0,0
2023-12-11,BREAD,VS Pep Rl,0,0,0,0,0,0,0,0,0,0,0,0,0,0
2023-12-11,BREAD,CAR,5,0,5,0,0,0,5,0,0,0,0,0,0,0
2023-12-11,BREAD,IHF,20,0,20,3,0,0,17,0,0,0,0,0,0,0
2023-12-11,BREAD,Tree:H,0,0,0,0,0,0,0,0,0,0,0,0,0,0
2023-12-11,BREAD,Tree:VS,0,0,0,0,0,0,0,0,0,0,0,0,0,0
2023-12-11,BREAD,Tree:BUT,0,0,0,0,0,0,0,0,0,0,0,0,0,0
2023-12-11,BREAD,R:H,0,3,3,1,0,0,2,0,0,0,0,0,0,0
2023-12-11,BREAD,FR,0,3,3,0,0,0,3,0,0,0,0,0,0,0
2023-12-11,BREAD,R:CrO,0,0,0,0,0,0,0,0,0,0,0,0,0,0
2023-12-11,BREAD,R:VS,0,0,0,0,0,0,0,0,0,0,0,0,0,0
2023-12-11,BREAD,BUT,0,0,0,0,0,0,0,0,0,0,0,0,0,0
2023-12-11,BREAD,TEA CAKES,0,0,0,0,0,0,0,0,0,0,0,0,0,0
2023-12-11,BREAD,Gingerbr,0,4,4,0,0,0,4,0,0,0,0,0,0,0
2023-12-11,BREAD,Mex Choc,0,3,3,0,0,0,3,0,0,0,0,0,0,0
2023-12-11,BREAD,Pump Choc,0,28,28,5,21,0,2,0,0,0,0,0,0,0
2023-12-11,BREAD,Pump Crumb,0,3,3,1,0,0,2,0,0,0,0,0,0,0
2023-12-11,ROLLS,C-Rolls,0,24,24,16,0,8,0,0,0,0,0,0,0,0
2023-12-11,ROLLS,C-Roll TREE,0,0,0,0,0,0,0,0,0,0,0,0,0,0
2023-12-11,ROLLS,Mini C-Roll,0,12,12,12,0,0,0,0,0,0,0,0,0,0
2023-12-11,SCONES,Blueberry,0,0,0,0,0,0,0,0,0,0,0,0,0,0
2023-12-11,SCONES,App Cran,0,11,11,6,0,5,0,0,0,0,0,0,0,0
2023-12-11,SCONES,Cherry,0,0,0,0,0,0,0,0,0,0,0,0,0,0
2023-12-11,SCONES,Butt Almond,0,0,0,0,0,0,0,0,0,0,0,0,0,0
2023-12-11,SCONES,Turtle,0,0,0,0,0,0,0,0,0,0,0,0,0,0
2023-12-11,SCONES,Cin Chip,0,11,11,11,0,0,0,0,0,0,0,0,0,0
2023-12-11,SCONES,Cran Orang,0,6,6,4,0,2,0,0,0,0,0,0,0,0
2023-12-11,FRUIT BARS,Triple berry,0,5,5,2,0,3,0,0,0,0,0,0,0,0
2023-12-11,FRUIT BARS,cherry,0,5,5,3,0,2,0,0,0,0,0,0,0,0
2023-12-11,FRUIT BARS,apple cin,0,0,0,0,0,0,0,0,0,0,0,0,0,0
2023-12-11,FRUIT BARS,Cran WCC,0,0,0,0,0,0,0,0,0,0,0,0,0,0
2023-12-11,MUFFINS,Gingerbread,0,3,3,0,0,3,0,0,0,0,0,0,0,0
2023-12-11,MUFFINS,Mex Choc,0,3,3,3,0,0,0,0,0,0,0,0,0,0
2023-12-11,MUFFINS,Pump Choc,0,4,4,4,0,0,0,0,0,0,0,0,0,0
2023-12-11,MUFFINS,Pump Crumb,0,3,3,0,0,3,0,0,0,0,0,0,0,0
2023-12-11,COOKIES/BARS,oat cc,0,36,36,10,5,0,21,0,20,20,8,0,0,0
2023-12-11,COOKIES/BARS,triple cc,0,48,48,22,17,0,9,0,20,20,8,0,0,0
2023-12-11,COOKIES/BARS,St Nicker,0,102,102,29,71,0,2,0,20,20,8,0,0,0
2023-12-11,COOKIES/BARS,VMWCC,0,18,18,10,0,0,8,0,20,20,8,0,0,0
2023-12-11,COOKIES/BARS,Oat Raisin,0,18,18,11,0,0,7,0,0,0,0,0,0,0
2023-12-11,COOKIES/BARS,Frosted,6,12,18,10,0,0,8,0,4,4,4,0,0,0
2023-12-11,COOKIES/BARS,Gingerbread,0,0,0,0,0,0,0,0,0,0,0,0,0,0
2023-12-11,COOKIES/BARS,Brown,3,15,18,11,0,0,7,0,0,0,0,0,0,0
2023-12-11,COOKIES/BARS,Pump,12,20,32,8,0,0,24,0,0,0,0,0,0,0
2023-12-11,COOKIES/BARS,Pump,3,0,3,0,0,3,0,0,0,0,0,0,0,0
2023-12-11,COOKIES/BARS,Pecan,3,0,3,1,0,2,0,0,0,0,0,0,0,0
2023-12-11,COOKIES/BARS,Ap,0,0,0,-1,0,1,0,0,0,0,0,0,0,0
2023-12-11,COOKIES/BARS,Cran Ap,2,0,2,2,0,0,0,0,0,0,0,0,0,0
2023-12-11,COOKIES/BARS,Pump Ohhh,7,0,7,7,0,0,0,3,0,3,3,0,0,0
2023-12-11,COOKIES/BARS,Totals,0,336,355,170,93,30,62,20,104,124,50,0,0,24
2023-12-12,BREAD,H,4,32,36,8,3,0,25,0,0,0,0,0,0,0
2023-12-12,BREAD,FR,3,18,21,10,0,0,11,0,0,0,0,0,0,0
2023-12-12,BREAD,GW,0,6,6,3,0,0,3,0,0,0,0,0,0,0
2023-12-12,BREAD,DK,7,0,7,3,0,0,4,0,0,0,0,0,0,0
2023-12-12,BREAD,H5,0,11,11,8,0,0,3,0,0,0,0,0,0,0
2023-12-12,BREAD,CSWRL,5,32,37,16,12,0,9,1,7,8,3,0,0,5
2023-12-12,BREAD,MP SWL,6,0,6,4,0,2,0,1,4,5,5,0,0,0
2023-12-12,BREAD,CnE,10,22,32,9,23,0,0,2,3,5,5,0,0,0
2023-12-12,BREAD,CnR,3,0,3,3,0,0,0,0,0,0,0,0,0,0
2023-12-12,BREAD,RW,1,0,1,1,0,0,0,0,0,0,0,0,0,0
2023-12-12,BREAD,Monkey,2,0,2,2,0,0,0,0,0,0,0,0,0,0
2023-12-12,BREAD,CB,0,11,11,3,0,0,8,0,6,6,5,0,0,1
2023-12-12,BREAD,CrO,7,21,28,1,11,0,16,5,2,7,3,0,0,2
2023-12-12,BREAD,AA,2,0,2,0,0,2,0,0,0,0,0,0,0,0
2023-12-12,BREAD,CG,2,0,2,2,0,0,0,0,0,0,0,0,0,0
2023-12-12,BREAD,Pest,1,0,1,1,0,0,0,0,0,0,0,0,0,0
2023-12-12,BREAD,jal,0,0,0,0,0,0,0,0,0,0,0,0,0,0
2023-12-12,BREAD,Cheetah,2,0,2,2,0,0,0,0,0,0,0,0,0,0
2023-12-12,BREAD,VS,0,9,9,5,0,0,4,0,4,4,2,0,0,2
2023-12-12,BREAD,sour-TL,13,0,13,5,0,0,8,0,0,0,0,0,0,0
2023-12-12,BREAD,OB,1,0,1,1,0,0,0,0,0,0,0,0,0,0
2023-12-12,BREAD,Pepp Roll,3,0,3,3,0,0,0,0,0,0,0,0,0,0
2023-12-12,BREAD,VS Pep Rl,0,6,6,2,0,0,4,0,2,2,1,0,0,1
2023-12-12,BREAD,CAR,5,0,5,1,0,0,4,0,0,0,0,0,0,0
2023-12-12,BREAD,IHF,17,0,17,0,0,0,17,0,0,0,0,0,0,0
2023-12-12,BREAD,Tree:H,0,0,0,0,0,0,0,0,0,0,0,0,0,0
2023-12-12,BREAD,Tree:VS,0,0,0,0,0,0,0,0,0,0,0,0,0,0
2023-12-12,BREAD,CnE,0,2,2,0,0,0,2,0,0,0,0,0,0,0
2023-12-12,BREAD,Tree:BUT,0,0,0,0,0,0,0,0,0,0,0,0,0,0
2023-12-12,BREAD,R:H,2,0,2,2,0,0,0,0,0,0,0,0,0,0
2023-12-12,BREAD,FR,3,0,3,3,0,0,0,0,0,0,0,0,0,0
2023-12-12,BREAD,R:CrO,0,3,3,0,0,0,3,0,0,0,0,0,0,0
2023-12-12,BREAD,R:VS,0,4,4,0,0,0,4,0,0,0,0,0,0,0
2023-12-12,BREAD,BUT,0,0,0,0,0,0,0,0,0,0,0,0,0,0
2023-12-12,BREAD,TEA CAKES,0,0,0,0,0,0,0,0,0,0,0,0,0,0
2023-12-12,BREAD,Gingerbr,4,5,9,3,3,3,0,0,0,0,0,0,0,0
2023-12-12,BREAD,Mex Choc,3,0,3,1,0,2,0,0,0,0,0,0,0,0
2023-12-12,BREAD,Pump Choc,2,38,40,4,34,2,0,0,0,0,0,0,0,0
2023-12-12,BREAD,Pump Crumb,2,3,5,2,2,1,0,0,0,0,0,0,0,0
2023-12-12,ROLLS,C-Rolls,0,72,72,36,20,0,16,0,0,0,0,0,0,0
2023-12-12,ROLLS,C-Roll TREE,0,4,4,0,0,0,4,0,0,0,0,0,0,0
2023-12-12,ROLLS,Mini C-Roll,0,348,348,10,336,0,2,0,0,0,0,0,0,0
2023-12-12,SCONES,Blueberry,0,11,11,11,0,0,0,0,9,9,0,0,0,0
2023-12-12,SCONES,App Cran,0,0,0,0,0,0,0,0,0,0,0,0,0,0
2023-12-12,SCONES,Cherry,0,0,0,0,0,0,0,0,0,0,0,0,0,0
2023-12-12,SCONES,Butt Almond,0,0,0,0,0,0,0,0,0,0,0,0,0,0
2023-12-12,SCONES,Turtle,0,0,0,0,0,0,0,0,0,0,0,0,0,0
2023-12-12,SCONES,Cin Chip,0,11,11,11,0,0,0,0,9,9,0,0,0,0
2023-12-12,SCONES,Cran Orang,0,8,8,8,0,0,0,0,10,10,0,0,0,0
2023-12-12,SCONES,Cr Or WCC,0,0,0,0,0,0,0,0,0,0,0,0,0,0
2023-12-12,FRUIT BARS,Triple berry,0,5,5,2,3,0,0,0,0,0,0,0,0,0
2023-12-12,FRUIT BARS,cherry,0,5,5,2,3,0,0,0,0,0,0,0,0,0
2023-12-12,FRUIT BARS,apple cin,0,5,5,2,3,0,0,0,0,0,0,0,0,0
2023-12-12,FRUIT BARS,Cran WCC,0,5,5,2,3,0,0,0,0,0,0,0,0,0
2023-12-12,MUFFINS,Gingerbread,0,3,3,2,0,1,0,0,2,2,0,0,0,0
2023-12-12,MUFFINS,Mex Choc,0,3,3,1,0,2,0,0,14,14,0,0,0,0
2023-12-12,MUFFINS,Pump Choc,0,4,4,3,0,1,0,0,12,12,0,0,0,0
2023-12-12,MUFFINS,Pump Crumb,0,3,3,3,0,0,0,0,0,0,0,0,0,0
2023-12-12,COOKIES/BARS,oat cc,21,36,57,32,23,2,0,0,8,8,8,0,0,0
2023-12-12,COOKIES/BARS,triple cc,9,48,57,31,24,0,2,0,8,8,8,0,0,0
2023-12-12,COOKIES/BARS,St Nicker,2,150,152,28,120,3,1,0,8,8,8,0,0,0
2023-12-12,COOKIES/BARS,VMWCC,8,30,38,16,20,2,0,0,8,8,8,0,0,0
2023-12-12,COOKIES/BARS,Oat Raisin,7,12,19,5,0,2,12,0,0,0,0,0,0,0
2023-12-12,COOKIES/BARS,Frosted,8,12,20,7,0,0,13,0,4,4,-5,0,0,9
2023-12-12,COOKIES/BARS,Gingerbread,0,12,12,-6,0,0,18,0,0,0,0,0,0,0
2023-12-12,COOKIES/BARS,Brown,7,15,22,11,0,0,11,0,0,0,0,0,0,0
2023-12-12,COOKIES/BARS,Pump,24,0,24,24,0,0,0,0,0,0,0,0,0,0
2023-12-12,COOKIES/BARS,Pump,0,0,0,0,0,0,0,0,0,0,0,0,0,0
2023-12-12,COOKIES/BARS,Pecan,0,0,0,0,0,0,0,0,0,0,0,0,0,0
2023-12-12,COOKIES/BARS,Ap,0,0,0,0,0,0,0,0,0,0,0,0,0,0
2023-12-12,COOKIES/BARS,Cran Ap,0,0,0,0,0,0,0,0,0,0,0,0,0,0
2023-12-12,COOKIES/BARS,Pump Ohhh,0,0,0,0,0,0,0,0,0,0,0,0,0,0
2023-12-12,COOKIES/BARS,Totals,0,802,864,217,555,13,79,24,92,116,51,0,0,9
2023-12-13,BREAD,H,25,11,36,14,0,1,21,0,0,0,0,0,0,0
2023-12-13,BREAD,FR,11,15,26,10,0,0,16,0,0,0,0,0,0,0
2023-12-13,BREAD,GW,3,5,8,2,0,0,6,0,0,0,0,0,0,0
2023-12-13,BREAD,DK,4,20,24,7,1,0,16,0,0,0,0,0,0,0
2023-12-13,BREAD,H5,3,0,3,3,0,0,0,0,0,0,0,0,0,0
2023-12-13,BREAD,CSWRL,9,28,37,10,16,0,11,5,3,8,5,0,0,3
2023-12-13,BREAD,MP SWL,0,16,16,2,10,0,4,0,8,8,5,0,0,3
2023-12-13,BREAD,CnE,0,43,43,8,27,0,8,0,28,28,4,0,0,3
2023-12-13,BREAD,CnR,0,6,6,3,0,0,3,0,0,0,0,0,0,0
2023-12-13,BREAD,RW,0,6,6,0,0,0,6,0,0,0,0,0,0,0
2023-12-13,BREAD,Monkey,0,5,5,0,0,0,5,0,0,0,0,0,0,0
2023-12-13,BREAD,CB,8,0,8,4,0,4,0,1,0,1,0,0,0,0
2023-12-13,BREAD,CrO,16,0,16,9,0,7,0,2,0,2,1,0,0,0
2023-12-13,BREAD,AA,0,0,0,0,0,0,0,0,0,0,0,0,0,0
2023-12-13,BREAD,CG,0,5,5,2,0,0,3,0,3,3,2,0,0,1
2023-12-13,BREAD,Pest,0,4,4,1,1,0,2,0,0,0,0,0,0,0
2023-12-13,BREAD,jal,0,4,4,4,0,0,0,0,0,0,0,0,0,0
2023-12-13,BREAD,Cheetah,0,5,5,1,2,0,2,0,0,0,0,0,0,0
2023-12-13,BREAD,VS,4,0,4,4,0,0,0,2,0,2,2,0,0,0
2023-12-13,BREAD,sour-TL,8,12,20,11,1,0,8,0,0,0,0,0,0,0
2023-12-13,BREAD,OB,0,3,3,2,0,0,1,0,0,0,0,0,0,0
2023-12-13,BREAD,Pepp Roll,0,6,6,0,0,0,6,0,2,2,0,0,0,2
2023-12-13,BREAD,VS Pep Rl,4,0,4,4,0,0,0,1,0,1,0,0,0,0
2023-12-13,BREAD,CAR,4,0,4,1,0,0,3,0,0,0,0,0,0,0
2023-12-13,BREAD,IHF,17,0,17,1,0,0,16,0,0,0,0,0,0,0
2023-12-13,BREAD,Tree:H,0,0,0,0,0,0,0,0,0,0,0,0,0,0
2023-12-13,BREAD,Tree:VS,0,0,0,0,0,0,0,0,0,0,0,0,0,0
2023-12-13,BREAD,CnE,2,0,2,0,0,2,0,0,0,0,0,0,0,0
2023-12-13,BREAD,Tree:BUT,0,0,0,0,0,0,0,0,0,0,0,0,0,0
2023-12-13,BREAD,R:H,0,2,2,1,0,0,1,0,0,0,0,0,0,0
2023-12-13,BREAD,FR,0,3,3,3,0,0,0,0,0,0,0,0,0,0
2023-12-13,BREAD,R:CrO,3,0,3,2,0,1,0,0,0,0,0,0,0,0
2023-12-13,BREAD,R:VS,4,0,4,4,0,0,0,0,0,0,0,0,0,0
2023-12-13,BREAD,BUT,0,0,0,0,0,0,0,0,0,0,0,0,0,0
2023-12-13,BREAD,TEA CAKES,0,0,0,0,0,0,0,0,0,0,0,0,0,0
2023-12-13,BREAD,Gingerbr,0,10,10,1,6,0,3,0,0,0,0,0,0,0
2023-12-13,BREAD,Mex Choc,0,3,3,1,0,0,2,0,0,0,0,0,0,0
2023-12-13,BREAD,Pump Choc,0,30,30,4,21,0,5,0,0,0,0,0,0,0
2023-12-13,BREAD,Pump Crumb,0,10,10,1,6,0,3,0,0,0,0,0,0,0
2023-12-13,ROLLS,C-Rolls,16,36,52,21,1,30,0,0,0,0,0,0,0,0
2023-12-13,ROLLS,C-Roll TREE,4,4,8,0,0,4,4,0,0,0,0,0,0,0
2023-12-13,ROLLS,Mini C-Roll,2,0,2,0,0,2,0,0,0,0,0,0,0,0
2023-12-13,SCONES,Blueberry,0,0,0,0,0,0,0,0,0,0,0,0,0,0
2023-12-13,SCONES,App Cran,0,12,12,7,0,5,0,0,20,20,0,0,0,0
2023-12-13,SCONES,Cherry,0,0,0,0,0,0,0,0,0,0,0,0,0,0
2023-12-13,SCONES,Butt Almond,0,0,0,0,0,0,0,0,0,0,0,0,0,0
2023-12-13,SCONES,Turtle,0,12,12,12,0,0,0,0,20,20,0,0,0,0
2023-12-13,SCONES,Cin Chip,0,0,0,0,0,0,0,0,0,0,0,0,0,0
2023-12-13,SCONES,Cran Orang,0,12,12,10,0,2,0,0,20,20,0,0,0,0
2023-12-13,SCONES,Cr Or WCC,0,0,0,0,0,0,0,0,0,0,0,0,0,0
2023-12-13,FRUIT BARS,Triple berry,0,10,10,2,6,2,0,0,0,0,0,0,0,0
2023-12-13,FRUIT BARS,cherry,0,10,10,4,6,0,0,0,0,0,0,0,0,0
2023-12-13,FRUIT BARS,apple cin,0,10,10,2,6,2,0,0,0,0,0,0,0,0
2023-12-13,FRUIT BARS,Cran WCC,0,10,10,3,6,1,0,0,0,0,0,0,0,0
2023-12-13,MUFFINS,Gingerbread,0,4,4,2,0,2,0,0,0,0,0,0,0,0
2023-12-13,MUFFINS,Mex Choc,0,3,3,2,0,1,0,0,30,30,0,0,0,0
2023-12-13,MUFFINS,Pump Choc,0,4,4,3,1,0,0,0,30,30,0,0,0,0
2023-12-13,MUFFINS,Pump Crumb,0,3,3,3,0,0,0,0,0,0,0,0,0,0
2023-12-13,COOKIES/BARS,oat cc,0,42,42,13,13,0,16,0,34,34,12,0,0,0
2023-12-13,COOKIES/BARS,triple cc,2,42,44,23,13,0,8,0,34,34,12,0,0,0
2023-12-13,COOKIES/BARS,St Nicker,1,108,109,17,76,0,16,0,34,34,12,0,0,0
2023-12-13,COOKIES/BARS,VMWCC,0,24,24,19,0,0,5,0,34,34,12,0,0,0
2023-12-13,COOKIES/BARS,Oat Raisin,12,0,12,6,0,6,0,0,0,0,0,0,0,0
2023-12-13,COOKIES/BARS,Frost,13,12,25,4,0,0,21,0,0,0,0,0,0,0
2023-12-13,COOKIES/BARS,Ginger,9,6,15,4,0,0,11,0,0,0,0,0,0,0
2023-12-13,COOKIES/BARS,Pump Bar,18,0,18,1,0,7,10,0,0,0,0,0,0,0
2023-12-13,COOKIES/BARS,Brown,11,0,11,2,0,4,5,0,0,0,0,0,0,0
2023-12-13,COOKIES/BARS,Pepp,0,15,15,2,0,0,13,0,0,0,0,0,0,0
2023-12-13,COOKIES/BARS,Pump,0,0,0,0,0,0,0,0,0,0,0,0,0,0
2023-12-13,COOKIES/BARS,Pecan,0,0,0,0,0,0,0,0,0,0,0,0,0,0
2023-12-13,COOKIES/BARS,Ap,0,0,0,0,0,0,0,0,0,0,0,0,0,0
2023-12-13,COOKIES/BARS,Cran Ap,0,0,0,0,0,0,0,0,0,0,0,0,0,0
2023-12-13,COOKIES/BARS,Pump Ohhh,0,0,0,0,0,0,0,0,0,0,0,0,0,0
2023-12-13,COOKIES/BARS,Totals,0,358,437,156,128,68,85,9,277,286,54,0,0,24
2023-12-14,BREAD,H,21,23,44,25,13,0,6,0,0,0,0,0,0,0
2023-12-14,BREAD,FR,16,23,39,13,20,0,6,0,0,0,0,0,0,0
2023-12-14,BREAD,GW,6,3,9,5,0,0,4,0,0,0,0,0,0,0
2023-12-14,BREAD,DK,16,0,16,7,0,0,9,0,0,0,0,0,0,0
2023-12-14,BREAD,H5,0,17,17,11,0,0,6,0,0,0,0,0,0,0
2023-12-14,BREAD,CSWRL,11,20,31,14,8,1,8,3,6,9,1,0,0,5
2023-12-14,BREAD,MP SWL,4,4,8,5,0,0,3,3,4,7,5,0,0,2
2023-12-14,BREAD,CnE,8,20,28,3,15,5,5,3,14,17,6,0,0,0
2023-12-14,BREAD,CnR,3,0,3,3,0,0,0,0,0,0,0,0,0,0
2023-12-14,BREAD,RW,6,0,6,4,0,2,0,0,0,0,0,0,0,0
2023-12-14,BREAD,Monkey,5,0,5,0,0,5,0,0,0,0,0,0,0,0
2023-12-14,BREAD,CB,0,11,11,11,0,0,0,0,7,7,4,0,0,3
2023-12-14,BREAD,CrO,0,17,17,4,0,0,13,0,8,8,1,0,0,5
2023-12-14,BREAD,AA,0,3,3,1,0,0,2,0,0,0,0,0,0,0
2023-12-14,BREAD,CG,3,0,3,1,0,2,0,1,0,1,1,0,0,0
2023-12-14,BREAD,Pest,2,0,2,2,0,0,0,0,0,0,0,0,0,0
2023-12-14,BREAD,jal,0,0,0,0,0,0,0,0,0,0,0,0,0,0
2023-12-14,BREAD,Cheetah,2,0,2,2,0,0,0,0,0,0,0,0,0,0
2023-12-14,BREAD,VS,0,10,10,1,1,0,8,0,4,4,2,0,0,2
2023-12-14,BREAD,sour-TL,8,0,8,8,0,0,0,0,0,0,0,0,0,0
2023-12-14,BREAD,OB,1,0,1,1,0,0,0,0,0,0,0,0,0,0
2023-12-14,BREAD,Pepp Roll,6,8,14,13,0,1,0,2,4,6,4,0,0,0
2023-12-14,BREAD,VS Pep Rl,0,8,8,1,0,0,7,0,4,4,2,0,0,2
2023-12-14,BREAD,CAR,3,0,3,0,0,0,3,0,0,0,0,0,0,0
2023-12-14,BREAD,IHF,16,0,16,2,0,0,14,0,0,0,0,0,0,0
2023-12-14,BREAD,Tree:H,0,0,0,0,0,0,0,0,0,0,0,0,0,0
2023-12-14,BREAD,Tree:VS,0,2,2,0,0,0,2,0,0,0,0,0,0,0
2023-12-14,BREAD,CnE,0,2,2,0,0,0,2,0,0,0,0,0,0,0
2023-12-14,BREAD,Tree:BUT,0,2,2,1,0,0,1,0,0,0,0,0,0,0
2023-12-14,BREAD,R:H,1,2,3,1,2,0,0,0,0,0,0,0,0,0
2023-12-14,BREAD,FR,0,2,2,0,2,0,0,0,0,0,0,0,0,0
2023-12-14,BREAD,R:CrO,0,0,0,0,0,0,0,0,0,0,0,0,0,0
2023-12-14,BREAD,R:VS,0,9,9,9,0,0,0,0,0,0,0,0,0,0
2023-12-14,BREAD,BUT,0,21,21,0,1,0,20,0,0,0,0,0,0,0
2023-12-14,BREAD,TEA CAKES,0,0,0,0,0,0,0,0,0,0,0,0,0,0
2023-12-14,BREAD,Gingerbr,3,3,6,3,1,0,2,0,0,0,0,0,0,0
2023-12-14,BREAD,Mex Choc,2,5,7,3,2,0,2,0,0,0,0,0,0,0
2023-12-14,BREAD,Pump Choc,5,7,12,2,6,4,0,0,0,0,0,0,0,0
2023-12-14,BREAD,Pump Crumb,3,0,3,2,0,0,1,0,0,0,0,0,0,0
2023-12-14,ROLLS,C-Rolls,0,48,48,36,8,4,0,0,0,0,0,0,0,0
2023-12-14,ROLLS,C-Roll TREE,4,0,4,0,0,4,0,0,0,0,0,0,0,0
2023-12-14,ROLLS,Mini C-Roll,0,48,48,12,0,0,36,0,0,0,0,0,0,0
2023-12-14,SCONES,Blueberry,0,17,17,12,4,1,0,0,0,0,0,0,0,0
2023-12-14,SCONES,App Cran,0,0,0,0,0,0,0,0,0,0,0,0,0,0
2023-12-14,SCONES,Cherry,0,0,0,0,0,0,0,0,0,0,0,0,0,0
2023-12-14,SCONES,Butt Almond,0,0,0,0,0,0,0,0,0,0,0,0,0,0
2023-12-14,SCONES,Turtle,0,13,13,8,2,3,0,0,0,0,0,0,0,0
2023-12-14,SCONES,Cin Chip,0,0,0,0,0,0,0,0,0,0,0,0,0,0
2023-12-14,SCONES,Cran Orang,0,14,14,5,4,5,0,0,0,0,0,0,0,0
2023-12-14,SCONES,Cr Or WCC,0,0,0,0,0,0,0,0,0,0,0,0,0,0
2023-12-14,FRUIT BARS,Triple berry,0,0,0,0,0,0,0,0,0,0,0,0,0,0
2023-12-14,FRUIT BARS,cherry,0,0,0,0,0,0,0,0,0,0,0,0,0,0
2023-12-14,FRUIT BARS,apple cin,0,5,5,2,1,2,0,0,0,0,0,0,0,0
2023-12-14,FRUIT BARS,Cran WCC,0,5,5,1,2,2,0,0,0,0,0,0,0,0
2023-12-14,MUFFINS,Gingerbread,0,3,3,1,0,2,0,0,0,0,0,0,0,0
2023-12-14,MUFFINS,Mex Choc,0,3,3,2,0,1,0,0,0,0,0,0,0,0
2023-12-14,MUFFINS,Pump Choc,0,4,4,4,0,0,0,0,0,0,0,0,0,0
2023-12-14,MUFFINS,Pump Crumb,0,3,3,2,0,1,0,0,0,0,0,0,0,0
2023-12-14,COOKIES/BARS,oat cc,16,24,40,23,9,6,2,0,8,8,8,0,0,0
2023-12-14,COOKIES/BARS,triple cc,8,30,38,14,7,6,11,0,0,0,0,0,0,0
2023-12-14,COOKIES/BARS,St Nicker,16,48,64,29,35,0,0,0,8,8,0,0,0,0
2023-12-14,COOKIES/BARS,VMWCC,5,18,23,9,5,0,9,0,8,8,0,0,0,0
2023-12-14,COOKIES/BARS,Oat Raisin,0,18,18,18,0,0,0,0,0,0,0,0,0,0
2023-12-14,COOKIES/BARS,Frost,21,0,21,18,0,0,3,0,0,0,0,0,0,0
2023-12-14,COOKIES/BARS,Ginger,11,6,17,7,0,0,10,0,0,0,0,0,0,0
2023-12-14,COOKIES/BARS,Pump Bar,10,20,30,1,3,5,21,0,0,0,0,0,0,0
2023-12-14,COOKIES/BARS,Brown,5,15,20,1,0,6,13,0,0,0,0,0,0,0
2023-12-14,COOKIES/BARS,Pepp,13,0,13,2,3,4,4,0,0,0,0,0,0,0
2023-12-14,COOKIES/BARS,Pump,0,5,5,0,0,0,5,0,0,0,0,0,0,0
2023-12-14,COOKIES/BARS,Pecan,0,5,5,0,0,0,5,0,0,0,0,0,0,0
2023-12-14,COOKIES/BARS,Ap,0,3,3,0,0,0,3,0,0,0,0,0,0,0
2023-12-14,COOKIES/BARS,Cran Ap,0,3,3,1,0,0,2,0,0,0,0,0,0,0
2023-12-14,COOKIES/BARS,Pump Ohhh,0,9,9,6,0,0,3,0,9,9,6,0,0,3
2023-12-14,COOKIES/BARS,Totals,0,353,438,204,80,48,106,24,47,71,24,0,0,24
2023-12-15,BREAD,H,6,33,39,18,10,0,11,0,0,0,0,0,0,0
2023-12-15,BREAD,FR,6,31,37,15,0,0,22,0,0,0,0,0,0,0
2023-12-15,BREAD,GW,4,2,6,2,0,2,2,0,0,0,0,0,0,0
2023-12-15,BREAD,DK,9,21,30,7,0,1,22,0,0,0,0,0,0,0
2023-12-15,BREAD,H5,6,0,6,3,0,0,3,0,0,0,0,0,0,0
2023-12-15,BREAD,CSWRL,8,24,32,23,3,0,6,5,4,9,8,0,0,0
2023-12-15,BREAD,MP SWL,3,8,11,8,1,0,2,2,4,6,-1,0,0,7
2023-12-15,BREAD,CnE,5,17,22,20,2,0,0,0,4,4,3,0,0,1
2023-12-15,BREAD,CnR,0,6,6,6,0,0,0,0,0,0,0,0,0,0
2023-12-15,BREAD,RW,0,6,6,6,0,0,0,0,0,0,0,0,0,0
2023-12-15,BREAD,Monkey,0,5,5,3,0,0,2,0,0,0,0,0,0,0
2023-12-15,BREAD,CB,0,24,24,9,0,0,15,3,7,10,6,0,0,4
2023-12-15,BREAD,CrO,13,0,13,2,0,0,11,5,0,5,5,0,0,0
2023-12-15,BREAD,AA,2,0,2,1,0,0,1,0,0,0,0,0,0,0
2023-12-15,BREAD,CG,0,7,7,6,0,0,1,0,5,5,5,0,0,0
2023-12-15,BREAD,Pest,0,4,4,3,0,0,1,0,0,0,0,0,0,0
2023-12-15,BREAD,jal,0,4,4,1,0,0,3,0,0,0,0,0,0,0
2023-12-15,BREAD,Cheetah,0,3,3,0,0,0,3,0,0,0,0,0,0,0
2023-12-15,BREAD,VS,8,0,8,8,0,0,0,2,0,2,2,0,0,0
2023-12-15,BREAD,sour-TL,0,16,16,7,1,0,8,0,0,0,0,0,0,0
2023-12-15,BREAD,OB,0,6,6,0,0,0,6,0,0,0,0,0,0,0
2023-12-15,BREAD,Pepp Roll,0,0,0,0,0,0,0,0,0,0,0,0,0,0
2023-12-15,BREAD,VS Pep Rl,7,0,7,7,0,0,0,2,0,2,2,0,0,0
2023-12-15,BREAD,CAR,3,17,20,12,6,0,2,0,0,0,0,0,0,0
2023-12-15,BREAD,IHF,14,0,14,3,0,0,11,0,0,0,0,0,0,0
2023-12-15,BREAD,Tree:H,0,0,0,0,0,0,0,0,0,0,0,0,0,0
2023-12-15,BREAD,Tree:VS,2,0,2,2,0,0,0,0,0,0,0,0,0,0
2023-12-15,BREAD,CnE,2,3,5,2,0,0,3,0,0,0,0,0,0,0
2023-12-15,BREAD,Tree:BUT,1,0,1,0,0,0,1,0,0,0,0,0,0,0
2023-12-15,BREAD,R:H,0,6,6,1,0,0,5,0,0,0,0,0,0,0
2023-12-15,BREAD,FR,0,0,0,0,0,0,0,0,0,0,0,0,0,0
2023-12-15,BREAD,R:CrO,0,0,0,0,0,0,0,0,0,0,0,0,0,0
2023-12-15,BREAD,R:VS,0,0,0,0,0,0,0,0,0,0,0,0,0,0
2023-12-15,BREAD,BUT,20,0,20,8,0,0,12,0,0,0,0,0,0,0
2023-12-15,BREAD,TEA CAKES,0,0,0,0,0,0,0,0,0,0,0,0,0,0
2023-12-15,BREAD,Gingerbr,2,6,8,5,0,0,3,0,0,0,0,0,0,0
2023-12-15,BREAD,Mex Choc,2,4,6,3,0,0,3,0,0,0,0,0,0,0
2023-12-15,BREAD,Pump Choc,0,13,13,5,3,0,5,0,0,0,0,0,0,0
2023-12-15,BREAD,Pump Crumb,1,5,6,6,0,0,0,0,0,0,0,0,0,0
2023-12-15,ROLLS,C-Rolls,0,36,36,36,0,0,0,0,0,0,0,0,0,0
2023-12-15,ROLLS,C-Roll TREE,0,4,4,-2,0,3,3,0,0,0,0,0,0,0
2023-12-15,ROLLS,Mini C-Roll,36,24,24,0,24,0,0,0,0,0,0,0,0,0
2023-12-15,SCONES,Blueberry,0,0,0,0,0,0,0,0,0,0,0,0,0,0
2023-12-15,SCONES,App Cran,0,0,0,0,0,0,0,0,0,0,0,0,0,0
2023-12-15,SCONES,Cherry,0,14,14,8,0,6,0,0,6,6,0,0,0,0
2023-12-15,SCONES,Butt Almond,0,13,13,10,0,3,0,0,6,6,0,0,0,0
2023-12-15,SCONES,Turtle,0,0,0,0,0,0,0,0,0,0,0,0,0,0
2023-12-15,SCONES,Cin Chip,0,0,0,0,0,0,0,0,0,0,0,0,0,0
2023-12-15,SCONES,Cran Orang,0,12,12,10,0,2,0,0,6,6,0,0,0,0
2023-12-15,SCONES,Cr Or WCC,0,0,0,0,0,0,0,0,0,0,0,0,0,0
2023-12-15,FRUIT BARS,Triple berry,0,5,5,3,2,0,0,0,0,0,0,0,0,0
2023-12-15,FRUIT BARS,cherry,0,5,5,4,1,0,0,0,0,0,0,0,0,0
2023-12-15,FRUIT BARS,apple cin,0,5,5,1,2,2,0,0,0,0,0,0,0,0
2023-12-15,FRUIT BARS,Cran WCC,0,5,5,1,2,2,0,0,0,0,0,0,0,0
2023-12-15,MUFFINS,Gingerbread,0,4,4,3,0,1,0,0,6,6,0,0,0,0
2023-12-15,MUFFINS,Mex Choc,0,4,4,3,0,1,0,0,6,6,0,0,0,0
2023-12-15,MUFFINS,Pump Choc,0,6,6,5,0,1,0,0,0,0,0,0,0,0
2023-12-15,MUFFINS,Pump Crumb,0,4,4,2,0,2,0,0,4,4,0,0,0,0
2023-12-15,COOKIES/BARS,oat cc,2,54,56,21,26,0,9,0,16,16,16,0,0,0
2023-12-15,COOKIES/BARS,triple cc,11,42,53,3,24,6,20,0,16,16,16,0,0,0
2023-12-15,COOKIES/BARS,St Nicker,0,54,54,2,22,0,30,0,16,16,16,0,0,0
2023-12-15,COOKIES/BARS,VMWCC,9,30,39,1,20,6,12,0,16,16,16,0,0,0
2023-12-15,COOKIES/BARS,Oat Raisin,0,0,0,0,0,0,0,0,0,0,0,0,0,0
2023-12-15,COOKIES/BARS,Frost,3,12,15,8,0,0,7,0,0,0,0,0,0,0
2023-12-15,COOKIES/BARS,Ginger,10,6,16,5,0,0,11,0,0,0,0,0,0,0
2023-12-15,COOKIES/BARS,Pump Bar,21,0,21,4,0,0,17,0,0,0,0,0,0,0
2023-12-15,COOKIES/BARS,Brown,13,15,28,-2,0,0,30,0,0,0,0,0,0,0
2023-12-15,COOKIES/BARS,Pepp,4,15,19,3,0,0,16,0,0,0,0,0,0,0
2023-12-15,COOKIES/BARS,Pump,5,0,5,0,0,0,5,0,0,0,0,0,0,0
2023-12-15,COOKIES/BARS,Pecan,5,0,5,1,0,0,4,0,0,0,0,0,0,0
2023-12-15,COOKIES/BARS,Ap,3,0,3,1,0,0,2,0,0,0,0,0,0,0
2023-12-15,COOKIES/BARS,Cran Ap,2,0,2,0,0,0,2,0,0,0,0,0,0,0
2023-12-15,COOKIES/BARS,Pump Ohhh,3,0,3,1,0,0,2,3,0,3,0,0,0,3
2023-12-15,COOKIES/BARS,Totals,0,348,418,123,123,35,137,24,119,143,73,0,0,36
2023-12-16,BREAD,H,11,0,11,11,0,0,0,0,0,0,0,0,0,0
2023-12-16,BREAD,FR,22,0,22,13,0,9,0,0,0,0,0,0,0,0
2023-12-16,BREAD,GW,2,0,2,2,0,0,0,0,0,0,0,0,0,0
2023-12-16,BREAD,DK,22,0,22,11,0,11,0,0,0,0,0,0,0,0
2023-12-16,BREAD,H5,3,0,3,3,0,0,0,0,0,0,0,0,0,0
2023-12-16,BREAD,CSWRL,6,12,18,17,0,1,0,0,6,6,3,0,0,0
2023-12-16,BREAD,MP SWL,2,4,6,2,0,4,0,7,0,7,3,0,0,0
2023-12-16,BREAD,CnE,0,10,10,3,0,7,0,1,3,4,4,0,0,0
2023-12-16,BREAD,CnR,0,2,2,1,0,1,0,0,0,0,0,0,0,0
2023-12-16,BREAD,RW,0,2,2,1,0,1,0,0,0,0,0,0,0,0
2023-12-16,BREAD,Monkey,2,0,2,2,0,0,0,0,0,0,0,0,0,0
2023-12-16,BREAD,CB,15,0,15,5,0,10,0,4,0,4,4,0,0,0
2023-12-16,BREAD,CrO,11,0,11,5,0,6,0,0,0,0,0,0,0,0
2023-12-16,BREAD,AA,1,0,1,0,0,1,0,0,0,0,0,0,0,0
2023-12-16,BREAD,CG,1,0,1,1,0,0,0,0,0,0,0,0,0,0
2023-12-16,BREAD,Pest,1,0,1,1,0,0,0,0,0,0,0,0,0,0
2023-12-16,BREAD,jal,3,0,3,1,0,2,0,0,0,0,0,0,0,0
2023-12-16,BREAD,Cheetah,3,0,3,3,0,0,0,0,0,0,0,0,0,0
2023-12-16,BREAD,VS,0,0,0,0,0,0,0,0,0,0,0,0,0,0
2023-12-16,BREAD,sour-TL,8,0,8,7,0,1,0,0,0,0,0,0,0,0
2023-12-16,BREAD,OB,6,0,6,4,0,2,0,0,0,0,0,0,0,0
2023-12-16,BREAD,Pepp Roll,0,0,0,0,0,0,0,0,0,0,0,0,0,0
2023-12-16,BREAD,VS Pep Rl,0,0,0,0,0,0,0,0,0,0,0,0,0,0
2023-12-16,BREAD,CAR,2,0,2,-5,0,0,7,0,0,0,0,0,0,0
2023-12-16,BREAD,IHF,11,0,11,3,0,0,8,0,0,0,0,0,0,0
2023-12-16,BREAD,Tree:H,0,0,0,0,0,0,0,0,0,0,0,0,0,0
2023-12-16,BREAD,Tree:VS,0,0,0,0,0,0,0,0,0,0,0,0,0,0
2023-12-16,BREAD,CnE,3,0,3,3,0,0,0,0,0,0,0,0,0,0
2023-12-16,BREAD,Tree:BUT,1,0,1,0,0,1,0,0,0,0,0,0,0,0
2023-12-16,BREAD,R:H,5,0,5,2,0,3,0,0,0,0,0,0,0,0
2023-12-16,BREAD,FR,0,0,0,0,0,0,0,0,0,0,0,0,0,0
2023-12-16,BREAD,R:CrO,0,0,0,0,0,0,0,0,0,0,0,0,0,0
2023-12-16,BREAD,R:VS,0,0,0,0,0,0,0,0,0,0,0,0,0,0
2023-12-16,BREAD,BUT,12,0,12,5,0,7,0,0,0,0,0,0,0,0
2023-12-16,BREAD,TEA CAKES,0,0,0,0,0,0,0,0,0,0,0,0,0,0
2023-12-16,BREAD,Gingerbr,3,1,4,2,0,2,0,0,0,0,0,0,0,0
2023-12-16,BREAD,Mex Choc,3,10,13,2,9,2,0,0,0,0,0,0,0,0
2023-12-16,BREAD,Pump Choc,5,2,7,6,1,0,0,0,0,0,0,0,0,0
2023-12-16,BREAD,Pump Crumb,0,3,3,3,0,0,0,0,0,0,0,0,0,0
2023-12-16,ROLLS,C-Rolls,0,48,48,48,0,0,0,0,0,0,0,0,0,0
2023-12-16,ROLLS,C-Roll TREE,3,0,0,-1,0,1,0,0,0,0,0,0,0,0
2023-12-16,ROLLS,Mini C-Roll,0,24,24,24,0,0,0,0,0,0,0,0,0,0
2023-12-16,SCONES,Blueberry,0,22,22,12,10,0,0,0,0,0,0,0,0,0
2023-12-16,SCONES,App Cran,0,0,0,0,0,0,0,0,0,0,0,0,0,0
2023-12-16,SCONES,Cherry,0,0,0,0,0,0,0,0,0,0,0,0,0,0
2023-12-16,SCONES,Butt Almond,0,22,22,13,9,0,0,0,0,0,0,0,0,0
2023-12-16,SCONES,Turtle,0,0,0,0,0,0,0,0,0,0,0,0,0,0
2023-12-16,SCONES,Cin Chip,0,0,0,0,0,0,0,0,0,0,0,0,0,0
2023-12-16,SCONES,Cran Orang,0,12,12,12,0,0,0,0,0,0,0,0,0,0
2023-12-16,SCONES,Cr Or WCC,0,0,0,0,0,0,0,0,0,0,0,0,0,0
2023-12-16,FRUIT BARS,Triple berry,0,5,5,3,0,2,0,0,0,0,0,0,0,0
2023-12-16,FRUIT BARS,cherry,0,5,5,2,0,3,0,0,0,0,0,0,0,0
2023-12-16,FRUIT BARS,apple cin,0,5,5,3,0,2,0,0,0,0,0,0,0,0
2023-12-16,FRUIT BARS,Cran WCC,0,5,5,2,0,3,0,0,0,0,0,0,0,0
2023-12-16,MUFFINS,Gingerbread,0,3,3,3,0,0,0,0,0,0,0,0,0,0
2023-12-16,MUFFINS,Mex Choc,0,3,3,0,0,3,0,0,0,0,0,0,0,0
2023-12-16,MUFFINS,Pump Choc,0,4,4,3,0,1,0,0,0,0,0,0,0,0
2023-12-16,MUFFINS,Pump Crumb,0,3,3,2,0,1,0,0,0,0,0,0,0,0
2023-12-16,COOKIES/BARS,oat cc,9,18,27,10,5,12,0,0,0,0,-8,0,0,0
2023-12-16,COOKIES/BARS,triple cc,20,6,26,9,5,12,0,0,0,0,-8,0,0,0
2023-12-16,COOKIES/BARS,St Nicker,30,24,54,24,30,0,0,0,0,0,-8,0,0,0
2023-12-16,COOKIES/BARS,VMWCC,12,0,12,4,0,8,0,0,0,0,-8,0,0,0
2023-12-16,COOKIES/BARS,Oat Raisin,0,0,0,0,0,0,0,0,0,0,-4,0,0,0
2023-12-16,COOKIES/BARS,Frost,7,12,19,10,0,2,7,0,0,0,0,0,0,0
2023-12-16,COOKIES/BARS,Ginger,11,0,11,4,1,6,0,0,0,0,0,0,0,0
2023-12-16,COOKIES/BARS,Pump Bar,17,0,17,17,0,0,0,0,0,0,0,0,0,0
2023-12-16,COOKIES/BARS,Brown,30,0,30,24,0,6,0,0,0,0,0,0,0,0
2023-12-16,COOKIES/BARS,Pepp,16,0,16,9,0,7,0,0,0,0,0,0,0,0
2023-12-16,COOKIES/BARS,Pump,5,0,5,0,0,0,5,0,0,0,0,0,0,0
2023-12-16,COOKIES/BARS,Pecan,4,0,4,1,0,0,3,0,0,0,0,0,0,0
2023-12-16,COOKIES/BARS,Ap,2,0,2,1,0,0,1,0,0,0,0,0,0,0
2023-12-16,COOKIES/BARS,Cran Ap,2,0,2,0,0,0,2,0,0,0,0,0,0,0
2023-12-16,COOKIES/BARS,Pump Ohhh,2,0,2,2,0,0,0,3,0,3,3,0,0,0
2023-12-16,COOKIES/BARS,Totals,0,221,355,227,59,56,13,36,0,36,-19,0,0,5
2023-12-17,BREAD,H,0,0,0,0,0,0,0,0,0,0,0,0,0,0
2023-12-17,BREAD,FR,0,0,0,0,0,0,0,0,0,0,0,0,0,0
2023-12-17,BREAD,GW,0,0,0,0,0,0,0,0,0,0,0,0,0,0
2023-12-17,BREAD,DK,0,0,0,0,0,0,0,0,0,0,0,0,0,0
2023-12-17,BREAD,H5,0,0,0,0,0,0,0,0,0,0,0,0,0,0
2023-12-17,BREAD,CSWRL,0,0,0,0,0,0,0,0,0,0,0,0,0,0
2023-12-17,BREAD,MP SWL,0,0,0,0,0,0,0,0,0,0,0,0,0,0
2023-12-17,BREAD,CnE,0,0,0,0,0,0,0,0,0,0,0,0,0,0
2023-12-17,BREAD,CnR,0,0,0,0,0,0,0,0,0,0,0,0,0,0
2023-12-17,BREAD,RW,0,0,0,0,0,0,0,0,0,0,0,0,0,0
2023-12-17,BREAD,Monkey,0,0,0,0,0,0,0,0,0,0,0,0,0,0
2023-12-17,BREAD,CB,0,0,0,0,0,0,0,0,0,0,0,0,0,0
2023-12-17,BREAD,CrO,0,0,0,0,0,0,0,0,0,0,0,0,0,0
2023-12-17,BREAD,AA,0,0,0,0,0,0,0,0,0,0,0,0,0,0
2023-12-17,BREAD,CG,0,0,0,0,0,0,0,0,0,0,0,0,0,0
2023-12-17,BREAD,Pest,0,0,0,0,0,0,0,0,0,0,0,0,0,0
2023-12-17,BREAD,jal,0,0,0,0,0,0,0,0,0,0,0,0,0,0
2023-12-17,BREAD,Cheetah,0,0,0,0,0,0,0,0,0,0,0,0,0,0
2023-12-17,BREAD,VS,0,0,0,0,0,0,0,0,0,0,0,0,0,0
2023-12-17,BREAD,sour-TL,0,0,0,0,0,0,0,0,0,0,0,0,0,0
2023-12-17,BREAD,OB,0,0,0,0,0,0,0,0,0,0,0,0,0,0
2023-12-17,BREAD,Pepp Roll,0,0,0,0,0,0,0,0,0,0,0,0,0,0
2023-12-17,BREAD,VS Pep Rl,0,0,0,0,0,0,0,0,0,0,0,0,0,0
2023-12-17,BREAD,CAR,7,0,7,7,0,0,0,0,0,0,0,0,0,0
2023-12-17,BREAD,IHF,8,0,8,8,0,0,0,0,0,0,0,0,0,0
2023-12-17,BREAD,Tree:H,0,0,0,0,0,0,0,0,0,0,0,0,0,0
2023-12-17,BREAD,Tree:VS,0,0,0,0,0,0,0,0,0,0,0,0,0,0
2023-12-17,BREAD,CnE,0,0,0,0,0,0,0,0,0,0,0,0,0,0
2023-12-17,BREAD,Tree:BUT,0,0,0,0,0,0,0,0,0,0,0,0,0,0
2023-12-17,BREAD,R:H,0,0,0,0,0,0,0,0,0,0,0,0,0,0
2023-12-17,BREAD,FR,0,0,0,0,0,0,0,0,0,0,0,0,0,0
2023-12-17,BREAD,R:CrO,0,0,0,0,0,0,0,0,0,0,0,0,0,0
2023-12-17,BREAD,R:VS,0,0,0,0,0,0,0,0,0,0,0,0,0,0
2023-12-17,BREAD,BUT,0,0,0,0,0,0,0,0,0,0,0,0,0,0
2023-12-17,BREAD,TEA CAKES,0,0,0,0,0,0,0,0,0,0,0,0,0,0
2023-12-17,BREAD,Gingerbr,0,0,0,0,0,0,0,0,0,0,0,0,0,0
2023-12-17,BREAD,Mex Choc,0,0,0,0,0,0,0,0,0,0,0,0,0,0
2023-12-17,BREAD,Pump Choc,0,0,0,0,0,0,0,0,0,0,0,0,0,0
2023-12-17,BREAD,Pump Crumb,0,0,0,0,0,0,0,0,0,0,0,0,0,0
2023-12-17,ROLLS,C-Rolls,0,0,0,0,0,0,0,0,0,0,0,0,0,0
2023-12-17,ROLLS,C-Roll TREE,0,0,0,0,0,0,0,0,0,0,0,0,0,0
2023-12-17,ROLLS,Mini C-Roll,0,0,0,0,0,0,0,0,0,0,0,0,0,0
2023-12-17,SCONES,Blueberry,0,0,0,0,0,0,0,0,0,0,0,0,0,0
2023-12-17,SCONES,App Cran,0,0,0,0,0,0,0,0,0,0,0,0,0,0
2023-12-17,SCONES,Cherry,0,0,0,0,0,0,0,0,0,0,0,0,0,0
2023-12-17,SCONES,Butt Almond,0,0,0,0,0,0,0,0,0,0,0,0,0,0
2023-12-17,SCONES,Turtle,0,0,0,0,0,0,0,0,0,0,0,0,0,0
2023-12-17,SCONES,Cin Chip,0,0,0,0,0,0,0,0,0,0,0,0,0,0
2023-12-17,SCONES,Cran Orang,0,0,0,0,0,0,0,0,0,0,0,0,0,0
2023-12-17,SCONES,Cr Or WCC,0,0,0,0,0,0,0,0,0,0,0,0,0,0
2023-12-17,FRUIT BARS,Triple berry,0,0,0,0,0,0,0,0,0,0,0,0,0,0
2023-12-17,FRUIT BARS,cherry,0,0,0,0,0,0,0,0,0,0,0,0,0,0
2023-12-17,FRUIT BARS,apple cin,0,0,0,0,0,0,0,0,0,0,0,0,0,0
2023-12-17,FRUIT BARS,Cran WCC,0,0,0,0,0,0,0,0,0,0,0,0,0,0
2023-12-17,MUFFINS,Gingerbread,0,0,0,0,0,0,0,0,0,0,0,0,0,0
2023-12-17,MUFFINS,Mex Choc,0,0,0,0,0,0,0,0,0,0,0,0,0,0
2023-12-17,MUFFINS,Pump Choc,0,0,0,0,0,0,0,0,0,0,0,0,0,0
2023-12-17,MUFFINS,Pump Crumb,0,0,0,0,0,0,0,0,0,0,0,0,0,0
2023-12-17,COOKIES/BARS,oat cc,0,0,0,0,0,0,0,0,0,0,0,0,0,0
2023-12-17,COOKIES/BARS,triple cc,0,0,0,0,0,0,0,0,0,0,0,0,0,0
2023-12-17,COOKIES/BARS,St Nicker,0,0,0,0,0,0,0,0,0,0,0,0,0,0
2023-12-17,COOKIES/BARS,VMWCC,0,0,0,0,0,0,0,0,0,0,0,0,0,0
2023-12-17,COOKIES/BARS,Oat Raisin,0,0,0,0,0,0,0,0,0,0,0,0,0,0
2023-12-17,COOKIES/BARS,Frost,7,0,7,0,0,0,7,0,0,0,0,0,0,0
2023-12-17,COOKIES/BARS,Ginger,0,0,0,0,0,0,0,0,0,0,0,0,0,0
2023-12-17,COOKIES/BARS,Pump Bar,0,0,0,0,0,0,0,0,0,0,0,0,0,0
2023-12-17,COOKIES/BARS,Brown,0,0,0,0,0,0,0,0,0,0,0,0,0,0
2023-12-17,COOKIES/BARS,Pepp,0,0,0,0,0,0,0,0,0,0,0,0,0,0
2023-12-17,COOKIES/BARS,Pump,5,0,5,5,0,0,0,0,0,0,0,0,0,0
2023-12-17,COOKIES/BARS,Pecan,3,0,3,3,0,0,0,0,0,0,0,0,0,0
2023-12-17,COOKIES/BARS,Ap,1,0,1,1,0,0,0,0,0,0,0,0,0,0
2023-12-17,COOKIES/BARS,Cran Ap,2,0,2,2,0,0,0,0,0,0,0,0,0,0
2023-12-17,COOKIES/BARS,Pump Ohhh,0,0,0,0,0,0,0,0,0,0,0,0,0,0
2023-12-17,COOKIES/BARS,Totals,13,0,13,6,0,0,7,5,0,5,5,0,0,0
2023-12-18,BREAD,H,0,30,30,14,4,0,12,0,0,0,0,0,0,0
2023-12-18,BREAD,FR,0,24,24,17,3,0,4,0,0,0,0,0,0,0
2023-12-18,BREAD,GW,0,2,2,1,0,0,1,0,0,0,0,0,0,0
2023-12-18,BREAD,DK,0,38,38,20,0,0,18,0,0,0,0,0,0,0
2023-12-18,BREAD,H5,0,0,0,0,0,0,0,0,0,0,0,0,0,0
2023-12-18,BREAD,CSWRL,0,52,52,13,10,0,29,0,114,114,3,0,0,3
2023-12-18,BREAD,MP SWL,0,12,12,7,0,0,5,0,8,8,4,0,0,4
2023-12-18,BREAD,CnE,0,81,81,26,53,0,2,0,5,5,3,0,0,2
2023-12-18,BREAD,CnR,0,5,5,3,1,0,1,0,0,0,0,0,0,0
2023-12-18,BREAD,RW,0,3,3,2,0,0,1,0,0,0,0,0,0,0
2023-12-18,BREAD,Monkey,0,3,3,3,0,0,0,0,0,0,0,0,0,0
2023-12-18,BREAD,CB,0,22,22,0,3,0,19,0,6,6,5,0,0,1
2023-12-18,BREAD,CrO,0,38,38,14,12,0,12,0,22,22,4,0,0,3
2023-12-18,BREAD,AA,0,2,2,2,0,0,0,0,0,0,0,0,0,0
2023-12-18,BREAD,CG,0,8,8,4,4,0,0,0,4,4,4,0,0,0
2023-12-18,BREAD,Pest,0,3,3,1,0,0,2,0,0,0,0,0,0,0
2023-12-18,BREAD,jal,0,3,3,1,0,0,2,0,0,0,0,0,0,0
2023-12-18,BREAD,Cheetah,0,4,4,1,0,0,3,0,0,0,0,0,0,0
2023-12-18,BREAD,VS,0,0,0,0,0,0,0,0,0,0,0,0,0,0
2023-12-18,BREAD,sour-TL,0,28,28,7,9,0,12,0,0,0,0,0,0,0
2023-12-18,BREAD,OB,0,4,4,4,0,0,0,0,0,0,0,0,0,0
2023-12-18,BREAD,Pepp Roll,0,0,0,0,0,0,0,0,0,0,0,0,0,0
2023-12-18,BREAD,VS Pep Rl,0,0,0,0,0,0,0,0,0,0,0,0,0,0
2023-12-18,BREAD,CAR,0,0,0,-3,0,0,3,0,0,0,0,0,0,0
2023-12-18,BREAD,IHF,0,0,0,-5,0,0,5,0,0,0,0,0,0,0
2023-12-18,BREAD,Tree:H,0,2,2,2,0,0,0,0,0,0,0,0,0,0
2023-12-18,BREAD,Tree:VS,0,0,0,0,0,0,0,0,0,0,0,0,0,0
2023-12-18,BREAD,Mnk,0,4,4,0,0,0,4,0,0,0,0,0,0,0
2023-12-18,BREAD,Tree:BUT,0,0,0,0,0,0,0,0,0,0,0,0,0,0
2023-12-18,BREAD,R:H,0,7,7,7,0,0,0,0,0,0,0,0,0,0
2023-12-18,BREAD,FR,0,0,0,0,0,0,0,0,0,0,0,0,0,0
2023-12-18,BREAD,R:CrO,0,0,0,0,0,0,0,0,0,0,0,0,0,0
2023-12-18,BREAD,R:VS,0,0,0,0,0,0,0,0,0,0,0,0,0,0
2023-12-18,BREAD,BUT,0,36,36,10,2,0,24,0,0,0,0,0,0,0
2023-12-18,BREAD,TEA CAKES,0,0,0,0,0,0,0,0,0,0,0,0,0,0
2023-12-18,BREAD,Gingerbr,0,6,6,6,0,0,0,0,0,0,0,0,0,0
2023-12-18,BREAD,Mex Choc,0,9,9,5,4,0,0,0,0,0,0,0,0,0
2023-12-18,BREAD,Pump Choc,0,48,48,4,41,0,3,0,0,0,0,0,0,0
2023-12-18,BREAD,Pump Crumb,0,8,8,1,4,0,3,0,0,0,0,0,0,0
2023-12-18,ROLLS,C-Rolls,0,72,72,37,34,1,0,0,0,0,0,0,0,0
2023-12-18,ROLLS,C-Roll TREE,0,6,6,4,0,0,2,0,0,0,0,0,0,0
2023-12-18,ROLLS,Mini C-Roll,0,708,708,24,672,0,12,0,0,0,0,0,0,0
2023-12-18,SCONES,Blueberry,0,0,0,0,0,0,0,0,0,0,0,0,0,0
2023-12-18,SCONES,App Cran,0,11,11,11,0,0,0,0,0,0,0,0,0,0
2023-12-18,SCONES,Cherry,0,0,0,0,0,0,0,0,0,0,0,0,0,0
2023-12-18,SCONES,Butt Almond,0,0,0,0,0,0,0,0,0,0,0,0,0,0
2023-12-18,SCONES,Turtle,0,0,0,0,0,0,0,0,0,0,0,0,0,0
2023-12-18,SCONES,Cin Chip,0,11,11,11,0,0,0,0,0,0,0,0,0,0
2023-12-18,SCONES,Cran Orang,0,24,24,12,12,0,0,0,0,0,0,0,0,0
2023-12-18,SCONES,Cr Or WCC,0,0,0,0,0,0,0,0,0,0,0,0,0,0
2023-12-18,FRUIT BARS,Triple berry,0,5,5,4,0,1,0,0,0,0,0,0,0,0
2023-12-18,FRUIT BARS,cherry,0,5,5,5,0,0,0,0,0,0,0,0,0,0
2023-12-18,FRUIT BARS,apple cin,0,0,0,0,0,0,0,0,0,0,0,0,0,0
2023-12-18,FRUIT BARS,Cran WCC,0,0,0,0,0,0,0,0,0,0,0,0,0,0
2023-12-18,MUFFINS,Gingerbread,0,3,3,2,0,1,0,0,0,0,0,0,0,0
2023-12-18,MUFFINS,Mex Choc,0,3,3,0,0,3,0,0,0,0,0,0,0,0
2023-12-18,MUFFINS,Pump Choc,0,4,4,3,0,1,0,0,0,0,0,0,0,0
2023-12-18,MUFFINS,Pump Crumb,0,3,3,3,0,0,0,0,0,0,0,0,0,0
2023-12-18,COOKIES/BARS,oat cc,0,42,42,20,11,0,11,0,8,8,0,0,0,0
2023-12-18,COOKIES/BARS,triple cc,0,42,42,15,11,0,16,0,8,8,0,0,0,0
2023-12-18,COOKIES/BARS,St Nicker,0,156,156,32,121,0,3,0,8,8,0,0,0,0
2023-12-18,COOKIES/BARS,VMWCC,0,36,36,18,11,0,7,0,8,8,0,0,0,0
2023-12-18,COOKIES/BARS,Gingerbread,0,18,18,18,0,0,0,0,0,0,0,0,0,0
2023-12-18,COOKIES/BARS,Frosted,7,24,31,22,0,3,6,0,4,4,4,0,0,0
2023-12-18,COOKIES/BARS,Pump Bar,0,20,20,2,0,0,18,0,0,0,0,0,0,0
2023-12-18,COOKIES/BARS,Brown,0,15,15,8,0,0,7,0,0,0,0,0,0,0
2023-12-18,COOKIES/BARS,Pepp,0,30,30,4,0,0,26,0,0,0,0,0,0,0
2023-12-18,COOKIES/BARS,Pump,0,0,0,0,0,0,0,0,0,0,0,0,0,0
2023-12-18,COOKIES/BARS,Pecan,0,0,0,0,0,0,0,0,0,0,0,0,0,0
2023-12-18,COOKIES/BARS,Ap,0,0,0,0,0,0,0,0,0,0,0,0,0,0
2023-12-18,COOKIES/BARS,Cran Ap,0,0,0,0,0,0,0,0,0,0,0,0,0,0
2023-12-18,COOKIES/BARS,Pump Ohhh,0,0,0,-6,6,0,0,0,0,0,-6,0,0,0
2023-12-18,COOKIES/BARS,Totals,0,1208,1215,245,878,10,82,0,66,66,2,0,0,26
2023-12-19,BREAD,H,12,18,30,11,1,0,18,0,0,0,0,0,0,0
2023-12-19,BREAD,FR,4,48,52,19,30,0,3,0,0,0,0,0,0,0
2023-12-19,BREAD,GW,1,5,6,4,0,0,2,0,0,0,0,0,0,0
2023-12-19,BREAD,DK,18,0,18,10,0,0,8,0,0,0,0,0,0,0
2023-12-19,BREAD,H5,0,19,19,3,0,0,16,0,0,0,0,0,0,0
2023-12-19,BREAD,CSWRL,29,8,37,24,1,12,0,3,7,10,7,0,0,2
2023-12-19,BREAD,MP SWL,5,8,13,5,0,0,8,4,0,4,2,0,0,0
2023-12-19,BREAD,CnE,2,56,58,26,21,0,11,2,4,6,-7,0,0,0
2023-12-19,BREAD,CnR,1,0,1,1,0,0,0,0,0,0,0,0,0,0
2023-12-19,BREAD,RW,1,0,1,1,0,0,0,0,0,0,0,0,0,0
2023-12-19,BREAD,Monkey,0,6,6,2,0,0,4,0,0,0,0,0,0,0
2023-12-19,BREAD,CB,19,0,19,9,4,6,0,1,0,1,1,0,0,0
2023-12-19,BREAD,CrO,12,26,38,0,2,12,24,3,6,9,3,0,0,6
2023-12-19,BREAD,AA,0,4,4,1,0,0,3,0,0,0,0,0,0,0
2023-12-19,BREAD,CG,0,0,0,0,0,0,0,0,0,0,0,0,0,0
2023-12-19,BREAD,Pest,2,0,2,2,0,0,0,0,0,0,0,0,0,0
2023-12-19,BREAD,jal,2,0,2,2,0,0,0,0,0,0,0,0,0,0
2023-12-19,BREAD,Cheetah,3,0,3,3,0,0,0,0,0,0,0,0,0,0
2023-12-19,BREAD,VS,0,21,21,6,0,0,15,0,5,5,1,0,0,4
2023-12-19,BREAD,mok-tree,0,0,0,0,0,0,0,0,0,0,0,0,0,0
2023-12-19,BREAD,sour-TL,12,0,12,7,0,0,5,0,0,0,0,0,0,0
2023-12-19,BREAD,OB,0,0,0,0,0,0,0,0,0,0,0,0,0,0
2023-12-19,BREAD,Pepp Roll,0,0,0,0,0,0,0,0,0,0,0,0,0,0
2023-12-19,BREAD,VS Pep Rl,0,0,0,0,0,0,0,0,0,0,0,0,0,0
2023-12-19,BREAD,CAR,3,0,3,1,0,0,2,0,0,0,0,0,0,0
2023-12-19,BREAD,IHF,5,46,51,27,0,0,24,0,0,0,0,0,0,0
2023-12-19,BREAD,Tree:H,0,2,2,0,0,0,2,0,0,0,0,0,0,0
2023-12-19,BREAD,Tree:VS,0,2,2,1,0,0,1,0,0,0,0,0,0,0
2023-12-19,BREAD,Mnk,4,0,4,2,0,2,0,0,0,0,0,0,0,0
2023-12-19,BREAD,Tree:BUT,0,0,0,0,0,0,0,0,0,0,0,0,0,0
2023-12-19,BREAD,R:H,0,8,8,1,3,0,4,0,0,0,0,0,0,0
2023-12-19,BREAD,FR,0,0,0,0,0,0,0,0,0,0,0,0,0,0
2023-12-19,BREAD,R:CrO,0,0,0,0,0,0,0,0,0,0,0,0,0,0
2023-12-19,BREAD,R:VS,0,11,11,5,0,0,6,0,0,0,0,0,0,0
2023-12-19,BREAD,BUT,24,0,24,3,0,0,21,0,0,0,0,0,0,0
2023-12-19,BREAD,TEA CAKES,0,0,0,0,0,0,0,0,0,0,0,0,0,0
2023-12-19,BREAD,Gingerbr,0,13,13,4,0,0,9,0,0,0,0,0,0,0
2023-12-19,BREAD,Mex Choc,0,8,8,4,0,0,4,0,0,0,0,0,0,0
2023-12-19,BREAD,Pump Choc,3,36,39,14,25,0,0,0,0,0,0,0,0,0
2023-12-19,BREAD,Pump Crumb,3,4,7,7,0,0,0,0,0,0,0,0,0,0
2023-12-19,ROLLS,C-Rolls,0,60,60,35,12,13,0,0,0,0,0,0,0,0
2023-12-19,ROLLS,C-Roll TREE,2,6,6,2,0,0,4,0,0,0,0,0,0,0
2023-12-19,ROLLS,Mini C-Roll,12,228,228,156,0,0,72,0,0,0,0,0,0,0
2023-12-19,SCONES,Blueberry,0,15,15,11,1,3,0,0,0,0,0,0,0,0
2023-12-19,SCONES,App Cran,0,0,0,0,0,0,0,0,0,0,0,0,0,0
2023-12-19,SCONES,Cherry,0,0,0,0,0,0,0,0,0,0,0,0,0,0
2023-12-19,SCONES,Butt Almond,0,0,0,0,0,0,0,0,0,0,0,0,0,0
2023-12-19,SCONES,Turtle,0,0,0,0,0,0,0,0,0,0,0,0,0,0
2023-12-19,SCONES,Cin Chip,0,14,14,13,1,0,0,0,0,0,0,0,0,0
2023-12-19,SCONES,Cran Orang,0,20,20,8,1,11,0,0,0,0,0,0,0,0
2023-12-19,SCONES,Cr Or WCC,0,0,0,0,0,0,0,0,0,0,0,0,0,0
2023-12-19,FRUIT BARS,Triple berry,0,5,5,4,0,1,0,0,0,0,0,0,0,0
2023-12-19,FRUIT BARS,cherry,0,5,5,4,0,1,0,0,0,0,0,0,0,0
2023-12-19,FRUIT BARS,apple cin,0,5,5,4,0,1,0,0,0,0,0,0,0,0
2023-12-19,FRUIT BARS,Cran WCC,0,5,5,3,0,2,0,0,0,0,0,0,0,0
2023-12-19,MUFFINS,Gingerbread,0,4,4,4,0,0,0,0,0,0,0,0,0,0
2023-12-19,MUFFINS,Mex Choc,0,3,3,2,0,1,0,0,0,0,0,0,0,0
2023-12-19,MUFFINS,Pump Choc,0,6,6,5,0,1,0,0,0,0,0,0,0,0
2023-12-19,MUFFINS,Pump Crumb,0,5,5,2,0,3,0,0,0,0,0,0,0,0
2023-12-19,COOKIES/BARS,oat cc,11,30,41,11,5,2,23,0,0,0,0,0,0,0
2023-12-19,COOKIES/BARS,triple cc,16,36,52,7,18,12,15,0,0,0,0,0,0,0
2023-12-19,COOKIES/BARS,St Nicker,3,72,75,23,46,1,5,0,0,0,0,0,0,0
2023-12-19,COOKIES/BARS,VMWCC,7,24,31,11,12,2,6,0,0,0,0,0,0,0
2023-12-19,COOKIES/BARS,Gingerbread,0,30,30,11,2,0,17,0,0,0,0,0,0,0
2023-12-19,COOKIES/BARS,Frosted,6,30,36,-7,0,0,43,0,0,0,0,0,0,0
2023-12-19,COOKIES/BARS,Pump Bar,18,20,38,6,0,0,32,0,0,0,0,0,0,0
2023-12-19,COOKIES/BARS,Brown,7,15,22,9,0,0,13,0,0,0,0,0,0,0
2023-12-19,COOKIES/BARS,Pepp,26,0,26,5,0,4,17,0,0,0,0,0,0,0
2023-12-19,COOKIES/BARS,Pump,0,0,0,0,0,0,0,0,0,0,0,0,0,0
2023-12-19,COOKIES/BARS,Pecan,0,5,5,0,0,0,5,0,0,0,0,0,0,0
2023-12-19,COOKIES/BARS,Ap,0,0,0,0,0,0,0,0,0,0,0,0,0,0
2023-12-19,COOKIES/BARS,Cran Ap,0,0,0,0,0,0,0,0,0,0,0,0,0,0
2023-12-19,COOKIES/BARS,Pump Ohhh,0,0,0,-2,0,0,2,0,0,0,0,0,0,0
2023-12-19,COOKIES/BARS,Totals,94,638,706,322,98,54,232,26,5,31,5,0,0,22
2023-12-20,BREAD,H,18,24,42,23,9,0,10,0,0,0,0,0,0,0
2023-12-20,BREAD,FR,3,0,3,3,0,0,0,0,0,0,0,0,0,0
2023-12-20,BREAD,GW,2,0,2,2,0,0,0,0,0,0,0,0,0,0
2023-12-20,BREAD,DK,8,21,29,7,0,2,20,0,0,0,0,0,0,0
2023-12-20,BREAD,H5,16,0,16,7,0,0,9,0,0,0,0,0,0,0
2023-12-20,BREAD,CSWRL,0,53,53,30,16,0,7,2,12,14,8,0,0,6
2023-12-20,BREAD,MP SWL,8,0,8,8,0,0,0,0,4,4,4,0,0,0
2023-12-20,BREAD,CnE,11,42,53,17,26,0,10,0,16,16,7,0,0,1
2023-12-20,BREAD,CnR,0,6,6,5,0,0,1,0,0,0,0,0,0,0
2023-12-20,BREAD,RW,0,6,6,3,1,0,2,0,0,0,0,0,0,0
2023-12-20,BREAD,Monkey,4,3,7,4,0,1,2,0,4,4,4,0,0,0
2023-12-20,BREAD,CB,0,23,23,7,0,0,16,0,6,6,5,0,0,1
2023-12-20,BREAD,CrO,24,0,24,6,0,0,18,6,0,6,3,0,0,3
2023-12-20,BREAD,AA,3,0,3,1,0,0,2,0,0,0,0,0,0,0
2023-12-20,BREAD,CG,0,13,13,7,0,0,6,0,0,0,0,0,0,0
2023-12-20,BREAD,Pest,0,6,6,1,1,0,4,0,0,0,0,0,0,0
2023-12-20,BREAD,jal,0,6,6,5,1,0,0,0,0,0,0,0,0,0
2023-12-20,BREAD,Cheetah,0,6,6,4,1,0,1,0,0,0,0,0,0,0
2023-12-20,BREAD,VS,15,0,15,4,0,0,11,4,0,4,1,0,0,3
2023-12-20,BREAD,sour-TL,5,27,32,13,0,0,19,0,0,0,0,0,0,0
2023-12-20,BREAD,OB,0,6,6,3,1,0,2,0,0,0,0,0,0,0
2023-12-20,BREAD,Pepp Roll,0,0,0,0,0,0,0,0,0,0,0,0,0,0
2023-12-20,BREAD,VS Pep Rl,0,0,0,0,0,0,0,0,0,0,0,0,0,0
2023-12-20,BREAD,CAR,2,16,18,8,0,0,10,0,0,0,0,0,0,0
2023-12-20,BREAD,IHF,24,0,24,6,0,0,18,0,0,0,0,0,0,0
2023-12-20,BREAD,Tree:H,2,0,2,1,0,1,0,0,0,0,0,0,0,0
2023-12-20,BREAD,Tree:VS,1,0,1,0,0,1,0,0,0,0,0,0,0,0
2023-12-20,BREAD,Mnk,0,4,4,1,0,0,3,0,0,0,0,0,0,0
2023-12-20,BREAD,Tree:BUT,0,0,0,0,0,0,0,0,0,0,0,0,0,0
2023-12-20,BREAD,R:H,4,10,14,10,0,0,4,0,0,0,0,0,0,0
2023-12-20,BREAD,FR,0,0,0,0,0,0,0,0,0,0,0,0,0,0
2023-12-20,BREAD,R:CrO,0,0,0,0,0,0,0,0,0,0,0,0,0,0
2023-12-20,BREAD,R:VS,6,0,6,6,0,0,0,0,0,0,0,0,0,0
2023-12-20,BREAD,BUT,21,0,21,16,0,5,0,0,0,0,0,0,0,0
2023-12-20,BREAD,TEA CAKES,0,0,0,0,0,0,0,0,0,0,0,0,0,0
2023-12-20,BREAD,Gingerbr,9,0,9,3,0,6,0,0,0,0,0,0,0,0
2023-12-20,BREAD,Mex Choc,4,4,8,3,0,2,3,0,0,0,0,0,0,0
2023-12-20,BREAD,Pump Choc,0,20,20,8,6,0,6,0,0,0,0,0,0,0
2023-12-20,BREAD,Pump Crumb,0,10,10,5,0,0,5,0,0,0,0,0,0,0
2023-12-20,ROLLS,C-Rolls,0,96,96,50,46,0,0,0,0,0,0,0,0,0
2023-12-20,ROLLS,C-Roll TREE,4,4,4,0,0,0,4,0,0,0,0,0,0,0
2023-12-20,ROLLS,Mini C-Roll,72,0,0,-24,24,0,0,0,0,0,0,0,0,0
2023-12-20,SCONES,Blueberry,0,0,0,0,0,0,0,0,0,0,0,0,0,0
2023-12-20,SCONES,App Cran,0,17,17,9,0,8,0,0,0,0,0,0,0,0
2023-12-20,SCONES,Cherry,0,0,0,0,0,0,0,0,0,0,0,0,0,0
2023-12-20,SCONES,Butt Almond,0,0,0,0,0,0,0,0,0,0,0,0,0,0
2023-12-20,SCONES,Turtle,0,16,16,5,0,11,0,0,0,0,0,0,0,0
2023-12-20,SCONES,Cin Chip,0,0,0,0,0,0,0,0,0,0,0,0,0,0
2023-12-20,SCONES,Cran Orang,0,16,16,3,0,13,0,0,0,0,0,0,0,0
2023-12-20,SCONES,Cr Or WCC,0,0,0,0,0,0,0,0,0,0,0,0,0,0
2023-12-20,FRUIT BARS,Triple berry,0,5,5,-1,0,6,0,0,0,0,0,0,0,0
2023-12-20,FRUIT BARS,cherry,0,5,5,5,0,0,0,0,0,0,0,0,0,0
2023-12-20,FRUIT BARS,apple cin,0,5,5,5,0,0,0,0,0,0,0,0,0,0
2023-12-20,FRUIT BARS,Cran WCC,0,5,5,4,0,1,0,0,0,0,0,0,0,0
2023-12-20,MUFFINS,Gingerbread,0,4,4,1,0,3,0,0,0,0,0,0,0,0
2023-12-20,MUFFINS,Mex Choc,0,12,12,1,8,3,0,0,0,0,0,0,0,0
2023-12-20,MUFFINS,Pump Choc,0,7,7,4,0,3,0,0,0,0,0,0,0,0
2023-12-20,MUFFINS,Pump Crumb,0,4,4,4,0,0,0,0,0,0,0,0,0,0
2023-12-20,COOKIES/BARS,oat cc,23,48,71,32,15,5,19,0,0,0,0,0,0,0
2023-12-20,COOKIES/BARS,triple cc,15,60,75,23,15,7,30,0,0,0,0,0,0,0
2023-12-20,COOKIES/BARS,St Nicker,5,108,113,72,41,0,0,0,0,0,0,0,0,0
2023-12-20,COOKIES/BARS,VMWCC,6,60,66,5,17,4,40,0,0,0,0,0,0,0
2023-12-20,COOKIES/BARS,Gingerbread,17,0,17,-5,0,0,22,0,0,0,0,0,0,0
2023-12-20,COOKIES/BARS,Frosted,43,0,43,5,0,4,34,0,0,0,0,0,0,0
2023-12-20,COOKIES/BARS,Pump Bar,32,0,32,2,0,10,20,0,0,0,0,0,0,0
2023-12-20,COOKIES/BARS,Brown,13,15,28,2,0,0,26,0,0,0,0,0,0,0
2023-12-20,COOKIES/BARS,Pepp,17,0,17,-2,0,0,19,0,0,0,0,0,0,0
2023-12-20,COOKIES/BARS,Pump,0,0,0,-4,0,0,4,0,0,0,0,0,0,0
2023-12-20,COOKIES/BARS,Pecan,5,0,5,0,0,0,5,0,0,0,0,0,0,0
2023-12-20,COOKIES/BARS,Ap,0,0,0,-6,0,0,6,0,0,0,0,0,0,0
2023-12-20,COOKIES/BARS,Cran Ap,0,0,0,-10,0,0,10,0,0,0,0,0,0,0
2023-12-20,COOKIES/BARS,Pump Ohhh,2,0,2,2,0,0,0,0,0,0,0,0,0,0
2023-12-20,COOKIES/BARS,Totals,178,487,643,194,166,78,205,22,0,22,-12,0,0,34
2023-12-21,BREAD,H,10,40,50,18,25,0,7,0,0,0,0,0,0,0
2023-12-21,BREAD,FR,0,48,48,2,32,0,14,0,0,0,0,0,0,0
2023-12-21,BREAD,GW,0,2,2,2,0,0,0,0,0,0,0,0,0,0
2023-12-21,BREAD,DK,20,0,20,10,0,0,10,0,0,0,0,0,0,0
2023-12-21,BREAD,H5,9,19,28,6,5,3,14,0,0,0,0,0,0,0
2023-12-21,BREAD,CSWRL,7,60,67,36,22,0,9,6,32,38,16,0,0,0
2023-12-21,BREAD,MP SWL,0,8,8,8,0,0,0,0,4,4,4,0,0,0
2023-12-21,BREAD,CnE,10,65,75,38,6,0,31,1,6,7,7,0,0,0
2023-12-21,BREAD,CnR,1,4,5,5,0,0,0,0,0,0,0,0,0,0
2023-12-21,BREAD,RW,2,4,6,5,0,0,1,0,0,0,0,0,0,0
2023-12-21,BREAD,Monkey,2,6,8,5,2,0,1,0,0,0,0,0,0,0
2023-12-21,BREAD,CB,16,8,24,16,2,0,6,1,15,16,4,0,0,4
2023-12-21,BREAD,CrO,18,17,35,23,10,0,2,3,8,11,5,0,0,0
2023-12-21,BREAD,AA,2,0,2,2,0,0,0,0,0,0,0,0,0,0
2023-12-21,BREAD,CG,6,0,6,6,0,0,0,0,0,0,0,0,0,0
2023-12-21,BREAD,Pest,4,0,4,4,0,0,0,0,0,0,0,0,0,0
2023-12-21,BREAD,jal,0,0,0,0,0,0,0,0,0,0,0,0,0,0
2023-12-21,BREAD,Cheetah,1,0,1,1,0,0,0,0,0,0,0,0,0,0
2023-12-21,BREAD,VS,11,20,31,16,2,0,13,3,3,6,4,0,0,2
2023-12-21,BREAD,sour-TL,19,0,19,16,1,0,2,0,0,0,0,0,0,0
2023-12-21,BREAD,OB,2,0,2,2,0,0,0,0,0,0,0,0,0,0
2023-12-21,BREAD,Pepp Roll,0,6,6,5,1,0,0,0,0,0,0,0,0,0
2023-12-21,BREAD,VS Pep Rl,0,8,8,7,0,0,1,0,4,4,1,0,0,3
2023-12-21,BREAD,CAR,10,0,10,-1,0,0,11,0,0,0,0,0,0,0
2023-12-21,BREAD,IHF,18,0,18,2,0,0,16,0,0,0,0,0,0,0
2023-12-21,BREAD,Tree:H,0,2,2,0,0,0,2,0,0,0,0,0,0,0
2023-12-21,BREAD,Tree:VS,0,3,3,2,1,0,0,0,0,0,0,0,0,0
2023-12-21,BREAD,Mnk,3,0,3,3,0,0,0,0,0,0,0,0,0,0
2023-12-21,BREAD,Tree:BUT,0,2,2,1,0,0,1,0,0,0,0,0,0,0
2023-12-21,BREAD,R:H,4,6,10,3,0,0,7,0,0,0,0,0,0,0
2023-12-21,BREAD,FR,0,0,0,0,0,0,0,0,0,0,0,0,0,0
2023-12-21,BREAD,R:CrO,0,6,6,4,2,0,0,0,0,0,0,0,0,0
2023-12-21,BREAD,R:VS,0,12,12,9,3,0,0,0,0,0,0,0,0,0
2023-12-21,BREAD,BUT,0,45,45,36,2,0,7,0,0,0,0,0,0,0
2023-12-21,BREAD,TEA CAKES,0,0,0,0,0,0,0,0,0,0,0,0,0,0
2023-12-21,BREAD,Gingerbr,0,20,20,7,7,0,6,0,0,0,0,0,0,0
2023-12-21,BREAD,Mex Choc,3,5,8,2,1,1,4,0,0,0,0,0,0,0
2023-12-21,BREAD,Pump Choc,6,19,25,2,13,4,6,0,0,0,0,0,0,0
2023-12-21,BREAD,Pump Crumb,5,7,12,4,6,1,1,0,0,0,0,0,0,0
2023-12-21,ROLLS,C-Rolls,0,72,72,59,7,6,0,0,0,0,0,0,0,0
2023-12-21,ROLLS,C-Roll TREE,4,4,4,-1,0,3,2,0,0,0,0,0,0,0
2023-12-21,ROLLS,Mini C-Roll,0,156,156,60,96,0,0,0,0,0,0,0,0,0
2023-12-21,SCONES,Blueberry,0,14,14,5,2,7,0,0,25,25,0,0,0,0
2023-12-21,SCONES,App Cran,0,0,0,0,0,0,0,0,0,0,0,0,0,0
2023-12-21,SCONES,Cherry,0,0,0,0,0,0,0,0,0,0,0,0,0,0
2023-12-21,SCONES,Butt Almond,0,0,0,0,0,0,0,0,0,0,0,0,0,0
2023-12-21,SCONES,Turtle,0,12,12,4,0,8,0,0,25,25,0,0,0,0
2023-12-21,SCONES,Cin Chip,0,0,0,0,0,0,0,0,0,0,0,0,0,0
2023-12-21,SCONES,Cran Orang,0,16,16,6,2,8,0,0,10,10,0,0,0,0
2023-12-21,SCONES,Cr Or WCC,0,0,0,0,0,0,0,0,0,0,0,0,0,0
2023-12-21,FRUIT BARS,Triple berry,0,10,10,3,7,0,0,0,0,0,0,0,0,0
2023-12-21,FRUIT BARS,cherry,0,10,10,3,7,0,0,0,0,0,0,0,0,0
2023-12-21,FRUIT BARS,apple cin,0,10,10,3,6,1,0,0,0,0,0,0,0,0
2023-12-21,FRUIT BARS,Cran WCC,0,10,10,3,6,1,0,0,0,0,0,0,0,0
2023-12-21,MUFFINS,Gingerbread,0,4,4,4,0,0,0,0,0,0,0,0,0,0
2023-12-21,MUFFINS,Mex Choc,0,4,4,0,0,4,0,0,30,30,0,0,0,0
2023-12-21,MUFFINS,Pump Choc,0,7,7,3,2,2,0,0,30,30,0,0,0,0
2023-12-21,MUFFINS,Pump Crumb,0,5,5,3,0,2,0,0,0,0,0,0,0,0
2023-12-21,COOKIES/BARS,oat cc,19,24,43,39,4,0,0,0,20,20,20,0,0,0
2023-12-21,COOKIES/BARS,triple cc,30,30,60,33,23,0,4,0,20,20,20,0,0,0
2023-12-21,COOKIES/BARS,St Nicker,0,120,120,18,70,0,32,0,20,20,20,0,0,0
2023-12-21,COOKIES/BARS,VMWCC,40,12,52,16,22,8,6,0,20,20,20,0,0,0
2023-12-21,COOKIES/BARS,Gingerbread,22,12,34,10,0,0,24,0,0,0,0,0,0,0
2023-12-21,COOKIES/BARS,Frosted,34,0,34,5,0,0,29,0,10,10,10,0,0,0
2023-12-21,COOKIES/BARS,Pump Bar,20,0,20,6,0,0,14,0,0,0,0,0,0,0
2023-12-21,COOKIES/BARS,Brown,26,0,26,4,0,0,22,0,0,0,0,0,0,0
2023-12-21,COOKIES/BARS,Pepp,19,0,19,10,0,0,9,0,0,0,0,0,0,0
2023-12-21,COOKIES/BARS,Pump,4,3,7,1,0,0,6,0,0,0,0,0,0,0
2023-12-21,COOKIES/BARS,Pecan,5,15,20,4,0,0,16,0,0,0,0,0,0,0
2023-12-21,COOKIES/BARS,Ap,6,0,6,3,0,0,3,0,0,0,0,0,0,0
2023-12-21,COOKIES/BARS,Cran Ap,10,0,10,1,0,0,9,0,0,0,0,0,0,0
2023-12-21,COOKIES/BARS,Pump Ohhh,0,0,0,0,0,0,0,0,0,0,0,0,0,0
2023-12-21,COOKIES/BARS,Totals,235,535,736,290,254,50,142,34,225,259,105,0,0,34
2023-12-22,BREAD,H,7,36,43,22,8,0,13,0,0,0,0,0,0,0
2023-12-22,BREAD,FR,14,34,48,30,9,0,9,0,0,0,0,0,0,0
2023-12-22,BREAD,GW,0,0,0,-2,2,0,0,0,0,0,0,0,0,0
2023-12-22,BREAD,DK,10,21,31,10,9,0,12,0,0,0,0,0,0,0
2023-12-22,BREAD,H5,14,0,14,8,0,0,6,0,0,0,0,0,0,0
2023-12-22,BREAD,CSWRL,9,56,65,29,15,0,21,0,12,12,4,0,0,6
2023-12-22,BREAD,MP SWL,0,16,16,4,0,0,12,0,12,12,7,0,0,1
2023-12-22,BREAD,CnE,31,62,93,55,13,0,25,0,13,13,6,0,0,5
2023-12-22,BREAD,CnR,0,9,9,9,0,0,0,0,0,0,0,0,0,0
2023-12-22,BREAD,RW,1,6,7,7,0,0,0,0,0,0,0,0,0,0
2023-12-22,BREAD,Monkey,1,9,10,4,0,0,6,0,0,0,0,0,0,0
2023-12-22,BREAD,CB,6,12,18,10,0,0,8,4,7,11,6,0,0,5
2023-12-22,BREAD,CrO,2,19,21,8,1,0,12,0,6,6,6,0,0,0
2023-12-22,BREAD,AA,0,0,0,0,0,0,0,0,0,0,0,0,0,0
2023-12-22,BREAD,CG,0,10,10,5,5,0,0,0,7,7,5,0,0,0
2023-12-22,BREAD,Pest,0,4,4,4,0,0,0,0,0,0,0,0,0,0
2023-12-22,BREAD,jal,0,4,4,4,0,0,0,0,0,0,0,0,0,0
2023-12-22,BREAD,Cheetah,0,9,9,4,2,0,3,0,0,0,0,0,0,0
2023-12-22,BREAD,VS,13,0,13,13,0,0,0,2,0,2,2,0,0,0
2023-12-22,BREAD,sour-TL,2,21,23,10,13,0,0,0,0,0,0,0,0,0
2023-12-22,BREAD,OB,0,6,6,4,2,0,0,0,0,0,0,0,0,0
2023-12-22,BREAD,Pepp Roll,0,0,0,0,0,0,0,0,0,0,0,0,0,0
2023-12-22,BREAD,VS Pep Rl,1,0,1,1,0,0,0,3,0,3,3,0,0,0
2023-12-22,BREAD,CAR,11,0,11,3,0,0,8,0,0,0,0,0,0,0
2023-12-22,BREAD,IHF,16,0,16,4,0,0,12,0,0,0,0,0,0,0
2023-12-22,BREAD,Tree:H,2,3,5,4,1,0,0,0,0,0,0,0,0,0
2023-12-22,BREAD,Tree:VS,0,0,0,0,0,0,0,0,0,0,0,0,0,0
2023-12-22,BREAD,Mnk,0,3,3,-1,1,0,3,0,0,0,0,0,0,0
2023-12-22,BREAD,Tree:BUT,1,3,4,4,0,0,0,0,0,0,0,0,0,0
2023-12-22,BREAD,R:H,7,12,19,10,9,0,0,0,0,0,0,0,0,0
2023-12-22,BREAD,FR,0,0,0,0,0,0,0,0,0,0,0,0,0,0
2023-12-22,BREAD,R:CrO,0,6,6,6,0,0,0,0,0,0,0,0,0,0
2023-12-22,BREAD,R:VS,0,0,0,0,0,0,0,0,0,0,0,0,0,0
2023-12-22,BREAD,BUT,7,109,116,60,27,0,29,0,0,0,0,0,0,0
2023-12-22,BREAD,TEA CAKES,0,0,0,0,0,0,0,0,0,0,0,0,0,0
2023-12-22,BREAD,Gingerbr,6,12,18,13,1,0,4,0,0,0,0,0,0,0
2023-12-22,BREAD,Mex Choc,4,2,6,4,0,0,2,0,0,0,0,0,0,0
2023-12-22,BREAD,Pump Choc,6,12,18,7,3,1,7,0,0,0,0,0,0,0
2023-12-22,BREAD,Pump Crumb,1,10,11,6,1,0,4,0,0,0,0,0,0,0
2023-12-22,ROLLS,C-Rolls,0,120,120,90,30,0,0,0,0,0,0,0,0,0
2023-12-22,ROLLS,C-Roll TREE,2,4,4,2,2,0,0,0,0,0,0,0,0,0
2023-12-22,ROLLS,Mini C-Roll,0,72,72,72,0,0,0,0,0,0,0,0,0,0
2023-12-22,SCONES,Blueberry,0,0,0,0,0,0,0,0,0,0,0,0,0,0
2023-12-22,SCONES,App Cran,0,0,0,0,0,0,0,0,0,0,0,0,0,0
2023-12-22,SCONES,Cherry,0,20,20,9,4,7,0,0,0,0,0,0,0,0
2023-12-22,SCONES,Butt Almond,0,20,20,12,6,2,0,0,0,0,0,0,0,0
2023-12-22,SCONES,Turtle,0,0,0,0,0,0,0,0,0,0,0,0,0,0
2023-12-22,SCONES,Cin Chip,0,0,0,0,0,0,0,0,0,0,0,0,0,0
2023-12-22,SCONES,Cran Orang,0,14,14,12,0,2,0,0,0,0,0,0,0,0
2023-12-22,SCONES,Cr Or WCC,0,0,0,0,0,0,0,0,0,0,0,0,0,0
2023-12-22,FRUIT BARS,Triple berry,0,5,5,2,1,2,0,0,0,0,0,0,0,0
2023-12-22,FRUIT BARS,cherry,0,5,5,2,2,1,0,0,0,0,0,0,0,0
2023-12-22,FRUIT BARS,apple cin,0,5,5,1,1,3,0,0,0,0,0,0,0,0
2023-12-22,FRUIT BARS,Cran WCC,0,5,5,2,1,2,0,0,0,0,0,0,0,0
2023-12-22,MUFFINS,Gingerbread,0,12,12,0,6,6,0,0,0,0,0,0,0,0
2023-12-22,MUFFINS,Mex Choc,0,4,4,0,0,4,0,0,0,0,0,0,0,0
2023-12-22,MUFFINS,Pump Choc,0,8,8,6,0,2,0,0,0,0,0,0,0,0
2023-12-22,MUFFINS,Pump Crumb,0,6,6,1,0,5,0,0,0,0,0,0,0,0
2023-12-22,COOKIES/BARS,oat cc,0,36,36,22,0,0,14,0,24,24,20,0,0,0
2023-12-22,COOKIES/BARS,triple cc,4,48,52,17,6,0,29,0,26,26,20,0,0,0
2023-12-22,COOKIES/BARS,St Nicker,32,72,104,88,6,0,10,0,26,26,20,0,0,0
2023-12-22,COOKIES/BARS,VMWCC,6,24,30,13,0,0,17,0,20,20,20,0,0,0
2023-12-22,COOKIES/BARS,Gingerbread,24,12,36,11,8,0,17,0,0,0,0,0,0,0
2023-12-22,COOKIES/BARS,Frosted,29,0,29,19,0,0,10,0,12,12,10,0,0,0
2023-12-22,COOKIES/BARS,Pump Bar,14,20,34,9,4,1,20,0,0,0,0,0,0,0
2023-12-22,COOKIES/BARS,Brown,22,0,22,4,4,0,14,0,0,0,0,0,0,0
2023-12-22,COOKIES/BARS,Pepp,9,15,24,0,4,0,20,0,0,0,0,0,0,0
2023-12-22,COOKIES/BARS,Pump,6,0,6,6,0,0,0,0,0,0,0,0,0,0
2023-12-22,COOKIES/BARS,Pecan,16,0,16,8,1,0,7,0,0,0,0,0,0,0
2023-12-22,COOKIES/BARS,Ap,3,0,3,2,1,0,0,0,0,0,0,0,0,0
2023-12-22,COOKIES/BARS,Cran Ap,9,0,9,7,0,0,2,0,0,0,0,0,0,0
2023-12-22,COOKIES/BARS,Pump Ohhh,0,0,0,0,0,0,0,0,0,0,0,0,0,0
2023-12-22,COOKIES/BARS,Totals,174,512,652,402,82,37,131,34,123,157,105,0,0,29
2023-12-23,BREAD,H,13,0,13,13,0,0,0,0,0,0,0,0,0,0
2023-12-23,BREAD,FR,9,0,9,9,0,0,0,0,0,0,0,0,0,0
2023-12-23,BREAD,GW,0,8,8,4,4,0,0,0,0,0,0,0,0,0
2023-12-23,BREAD,DK,12,0,12,12,0,0,0,0,0,0,0,0,0,0
2023-12-23,BREAD,H5,6,0,6,4,0,2,0,0,0,0,0,0,0,0
2023-12-23,BREAD,CSWRL,21,52,73,36,37,0,0,6,7,13,10,0,0,0
2023-12-23,BREAD,MP SWL,12,4,16,16,0,0,0,1,0,1,1,0,0,0
2023-12-23,BREAD,CnE,25,0,25,25,0,0,0,5,0,5,5,0,0,0
2023-12-23,BREAD,CnR,0,0,0,0,0,0,0,0,0,0,0,0,0,0
2023-12-23,BREAD,RW,0,0,0,0,0,0,0,0,0,0,0,0,0,0
2023-12-23,BREAD,Monkey,6,0,6,6,0,0,0,0,0,0,0,0,0,0
2023-12-23,BREAD,CB,8,0,8,8,0,0,0,5,0,5,5,0,0,0
2023-12-23,BREAD,CrO,12,0,12,12,0,0,0,0,0,0,0,0,0,0
2023-12-23,BREAD,AA,0,0,0,0,0,0,0,0,0,0,0,0,0,0
2023-12-23,BREAD,CG,0,0,0,0,0,0,0,0,0,0,0,0,0,0
2023-12-23,BREAD,Pest,0,0,0,0,0,0,0,0,0,0,0,0,0,0
2023-12-23,BREAD,jal,0,0,0,0,0,0,0,0,0,0,0,0,0,0
2023-12-23,BREAD,Cheetah,3,0,3,3,0,0,0,0,0,0,0,0,0,0
2023-12-23,BREAD,VS,0,0,0,0,0,0,0,0,0,0,0,0,0,0
2023-12-23,BREAD,sour-TL,0,0,0,0,0,0,0,0,0,0,0,0,0,0
2023-12-23,BREAD,OB,0,0,0,0,0,0,0,0,0,0,0,0,0,0
2023-12-23,BREAD,Pepp Roll,0,0,0,0,0,0,0,0,0,0,0,0,0,0
2023-12-23,BREAD,VS Pep Rl,0,0,0,0,0,0,0,0,0,0,0,0,0,0
2023-12-23,BREAD,CAR,8,0,8,4,0,0,4,0,0,0,0,0,0,0
2023-12-23,BREAD,IHF,12,0,12,2,0,0,10,0,0,0,0,0,0,0
2023-12-23,BREAD,Tree:H,0,0,0,0,0,0,0,0,0,0,0,0,0,0
2023-12-23,BREAD,Tree:VS,0,0,0,0,0,0,0,0,0,0,0,0,0,0
2023-12-23,BREAD,Mnk,3,0,3,3,0,0,0,0,0,0,0,0,0,0
2023-12-23,BREAD,Tree:BUT,0,3,3,3,0,0,0,0,0,0,0,0,0,0
2023-12-23,BREAD,R:H,0,0,0,0,0,0,0,0,0,0,0,0,0,0
2023-12-23,BREAD,FR,0,0,0,0,0,0,0,0,0,0,0,0,0,0
2023-12-23,BREAD,R:CrO,0,0,0,0,0,0,0,0,0,0,0,0,0,0
2023-12-23,BREAD,R:VS,0,0,0,0,0,0,0,0,0,0,0,0,0,0
2023-12-23,BREAD,BUT,29,28,57,57,0,0,0,0,0,0,0,0,0,0
2023-12-23,BREAD,TEA CAKES,0,0,0,0,0,0,0,0,0,0,0,0,0,0
2023-12-23,BREAD,Gingerbr,4,4,8,7,1,0,0,0,0,0,0,0,0,0
2023-12-23,BREAD,Mex Choc,2,2,4,3,0,1,0,0,0,0,0,0,0,0
2023-12-23,BREAD,Pump Choc,7,8,15,10,4,1,0,0,0,0,0,0,0,0
2023-12-23,BREAD,Pump Crumb,4,0,4,4,0,0,0,0,0,0,0,0,0,0
2023-12-23,ROLLS,C-Rolls,0,144,144,92,52,0,0,0,0,0,0,0,0,0
2023-12-23,ROLLS,C-Roll TREE,0,2,2,0,2,0,0,0,0,0,0,0,0,0
2023-12-23,ROLLS,Mini C-Roll,0,96,96,84,12,0,0,0,0,0,0,0,0,0
2023-12-23,SCONES,Blueberry,0,16,16,13,2,1,0,0,0,0,0,0,0,0
2023-12-23,SCONES,App Cran,0,0,0,0,0,0,0,0,0,0,0,0,0,0
2023-12-23,SCONES,Cherry,0,0,0,0,0,0,0,0,0,0,0,0,0,0
2023-12-23,SCONES,Butt Almond,0,17,17,13,4,0,0,0,0,0,0,0,0,0
2023-12-23,SCONES,Turtle,0,0,0,0,0,0,0,0,0,0,0,0,0,0
2023-12-23,SCONES,Cin Chip,0,0,0,0,0,0,0,0,0,0,0,0,0,0
2023-12-23,SCONES,Cran Orang,0,14,14,11,2,1,0,0,0,0,0,0,0,0
2023-12-23,SCONES,Cr Or WCC,0,0,0,0,0,0,0,0,0,0,0,0,0,0
2023-12-23,FRUIT BARS,Triple berry,0,10,10,5,3,2,0,0,0,0,0,0,0,0
2023-12-23,FRUIT BARS,cherry,0,10,10,1,6,3,0,0,0,0,0,0,0,0
2023-12-23,FRUIT BARS,apple cin,0,5,5,5,0,0,0,0,0,0,0,0,0,0
2023-12-23,FRUIT BARS,Cran WCC,0,5,5,4,0,1,0,0,0,0,0,0,0,0
2023-12-23,MUFFINS,Gingerbread,0,6,6,1,2,3,0,0,0,0,0,0,0,0
2023-12-23,MUFFINS,Mex Choc,0,4,4,0,0,4,0,0,0,0,0,0,0,0
2023-12-23,MUFFINS,Pump Choc,0,6,6,2,0,4,0,0,0,0,0,0,0,0
2023-12-23,MUFFINS,Pump Crumb,0,4,4,2,1,1,0,0,0,0,0,0,0,0
2023-12-23,COOKIES/BARS,oat cc,14,18,32,14,0,18,0,0,28,28,24,0,0,0
2023-12-23,COOKIES/BARS,triple cc,29,0,29,21,0,8,0,0,28,28,24,0,0,0
2023-12-23,COOKIES/BARS,St Nicker,10,36,46,10,14,22,0,0,28,28,24,0,0,0
2023-12-23,COOKIES/BARS,VMWCC,17,12,29,15,0,14,0,0,28,28,24,0,0,0
2023-12-23,COOKIES/BARS,Gingerbread,17,0,17,17,0,0,0,0,0,0,0,0,0,0
2023-12-23,COOKIES/BARS,Frosted,10,12,22,16,0,6,0,0,12,12,9,0,0,0
2023-12-23,COOKIES/BARS,Pump Bar,20,0,20,13,2,5,0,0,0,0,0,0,0,0
2023-12-23,COOKIES/BARS,Brown,14,0,14,8,2,4,0,0,0,0,0,0,0,0
2023-12-23,COOKIES/BARS,Pepp,20,0,20,1,2,3,14,0,0,0,0,0,0,0
2023-12-23,COOKIES/BARS,Pump,0,0,0,0,0,0,0,0,0,0,0,0,0,0
2023-12-23,COOKIES/BARS,Pecan,7,0,7,7,0,0,0,0,0,0,0,0,0,0
2023-12-23,COOKIES/BARS,Ap,0,0,0,0,0,0,0,0,0,0,0,0,0,0
2023-12-23,COOKIES/BARS,Cran Ap,2,0,2,2,0,0,0,0,0,0,0,0,0,0
2023-12-23,COOKIES/BARS,Pump Ohhh,0,0,0,-6,0,6,0,0,0,0,-1,0,0,0
2023-12-23,COOKIES/BARS,Totals,160,417,548,341,104,103,0,29,124,153,114,0,0,14
2023-12-24,BREAD,H,0,0,0,0,0,0,0,0,0,0,0,0,0,0
2023-12-24,BREAD,FR,0,0,0,0,0,0,0,0,0,0,0,0,0,0
2023-12-24,BREAD,GW,0,0,0,0,0,0,0,0,0,0,0,0,0,0
2023-12-24,BREAD,DK,0,0,0,0,0,0,0,0,0,0,0,0,0,0
2023-12-24,BREAD,H5,0,0,0,0,0,0,0,0,0,0,0,0,0,0
2023-12-24,BREAD,CSWRL,0,0,0,0,0,0,0,0,0,0,0,0,0,0
2023-12-24,BREAD,MP SWL,0,0,0,0,0,0,0,0,0,0,0,0,0,0
2023-12-24,BREAD,CnE,0,0,0,0,0,0,0,0,0,0,0,0,0,0
2023-12-24,BREAD,CnR,0,0,0,0,0,0,0,0,0,0,0,0,0,0
2023-12-24,BREAD,RW,0,0,0,0,0,0,0,0,0,0,0,0,0,0
2023-12-24,BREAD,Monkey,0,0,0,0,0,0,0,0,0,0,0,0,0,0
2023-12-24,BREAD,CB,0,0,0,0,0,0,0,0,0,0,0,0,0,0
2023-12-24,BREAD,CrO,0,0,0,0,0,0,0,0,0,0,0,0,0,0
2023-12-24,BREAD,AA,0,0,0,0,0,0,0,0,0,0,0,0,0,0
2023-12-24,BREAD,CG,0,0,0,0,0,0,0,0,0,0,0,0,0,0
2023-12-24,BREAD,Pest,0,0,0,0,0,0,0,0,0,0,0,0,0,0
2023-12-24,BREAD,jal,0,0,0,0,0,0,0,0,0,0,0,0,0,0
2023-12-24,BREAD,Cheetah,0,0,0,0,0,0,0,0,0,0,0,0,0,0
2023-12-24,BREAD,VS,0,0,0,0,0,0,0,0,0,0,0,0,0,0
2023-12-24,BREAD,sour-TL,0,0,0,0,0,0,0,0,0,0,0,0,0,0
2023-12-24,BREAD,OB,0,0,0,0,0,0,0,0,0,0,0,0,0,0
2023-12-24,BREAD,Pepp Roll,0,0,0,0,0,0,0,0,0,0,0,0,0,0
2023-12-24,BREAD,VS Pep Rl,0,0,0,0,0,0,0,0,0,0,0,0,0,0
2023-12-24,BREAD,CAR,4,0,4,0,0,0,4,0,0,0,0,0,0,0
2023-12-24,BREAD,IHF,10,0,10,0,0,0,10,0,0,0,0,0,0,0
2023-12-24,BREAD,Tree:H,0,0,0,0,0,0,0,0,0,0,0,0,0,0
2023-12-24,BREAD,Tree:VS,0,0,0,0,0,0,0,0,0,0,0,0,0,0
2023-12-24,BREAD,Mnk,0,0,0,0,0,0,0,0,0,0,0,0,0,0
2023-12-24,BREAD,Tree:BUT,0,0,0,0,0,0,0,0,0,0,0,0,0,0
2023-12-24,BREAD,R:H,0,0,0,0,0,0,0,0,0,0,0,0,0,0
2023-12-24,BREAD,FR,0,0,0,0,0,0,0,0,0,0,0,0,0,0
2023-12-24,BREAD,R:CrO,0,0,0,0,0,0,0,0,0,0,0,0,0,0
2023-12-24,BREAD,R:VS,0,0,0,0,0,0,0,0,0,0,0,0,0,0
2023-12-24,BREAD,BUT,0,0,0,0,0,0,0,0,0,0,0,0,0,0
2023-12-24,BREAD,TEA CAKES,0,0,0,0,0,0,0,0,0,0,0,0,0,0
2023-12-24,BREAD,Gingerbr,0,0,0,0,0,0,0,0,0,0,0,0,0,0
2023-12-24,BREAD,Mex Choc,0,0,0,0,0,0,0,0,0,0,0,0,0,0
2023-12-24,BREAD,Pump Choc,0,0,0,0,0,0,0,0,0,0,0,0,0,0
2023-12-24,BREAD,Pump Crumb,0,0,0,0,0,0,0,0,0,0,0,0,0,0
2023-12-24,ROLLS,C-Rolls,0,0,0,0,0,0,0,0,0,0,0,0,0,0
2023-12-24,ROLLS,C-Roll TREE,0,0,0,0,0,0,0,0,0,0,0,0,0,0
2023-12-24,ROLLS,Mini C-Roll,0,0,0,0,0,0,0,0,0,0,0,0,0,0
2023-12-24,SCONES,Blueberry,0,0,0,0,0,0,0,0,0,0,0,0,0,0
2023-12-24,SCONES,App Cran,0,0,0,0,0,0,0,0,0,0,0,0,0,0
2023-12-24,SCONES,Cherry,0,0,0,0,0,0,0,0,0,0,0,0,0,0
2023-12-24,SCONES,Butt Almond,0,0,0,0,0,0,0,0,0,0,0,0,0,0
2023-12-24,SCONES,Turtle,0,0,0,0,0,0,0,0,0,0,0,0,0,0
2023-12-24,SCONES,Cin Chip,0,0,0,0,0,0,0,0,0,0,0,0,0,0
2023-12-24,SCONES,Cran Orang,0,0,0,0,0,0,0,0,0,0,0,0,0,0
2023-12-24,SCONES,Cr Or WCC,0,0,0,0,0,0,0,0,0,0,0,0,0,0
2023-12-24,FRUIT BARS,Triple berry,0,0,0,0,0,0,0,0,0,0,0,0,0,0
2023-12-24,FRUIT BARS,cherry,0,0,0,0,0,0,0,0,0,0,0,0,0,0
2023-12-24,FRUIT BARS,apple cin,0,0,0,0,0,0,0,0,0,0,0,0,0,0
2023-12-24,FRUIT BARS,Cran WCC,0,0,0,0,0,0,0,0,0,0,0,0,0,0
2023-12-24,MUFFINS,Gingerbread,0,0,0,0,0,0,0,0,0,0,0,0,0,0
2023-12-24,MUFFINS,Mex Choc,0,0,0,0,0,0,0,0,0,0,0,0,0,0
2023-12-24,MUFFINS,Pump Choc,0,0,0,0,0,0,0,0,0,0,0,0,0,0
2023-12-24,MUFFINS,Pump Crumb,0,0,0,0,0,0,0,0,0,0,0,0,0,0
2023-12-24,COOKIES/BARS,oat cc,0,0,0,0,0,0,0,0,0,0,0,0,0,0
2023-12-24,COOKIES/BARS,triple cc,0,0,0,0,0,0,0,0,0,0,0,0,0,0
2023-12-24,COOKIES/BARS,St Nicker,0,0,0,0,0,0,0,0,0,0,0,0,0,0
2023-12-24,COOKIES/BARS,VMWCC,0,0,0,0,0,0,0,0,0,0,0,0,0,0
2023-12-24,COOKIES/BARS,Gingerbread,0,0,0,0,0,0,0,0,0,0,0,0,0,0
2023-12-24,COOKIES/BARS,Frosted,0,0,0,0,0,0,0,0,0,0,0,0,0,0
2023-12-24,COOKIES/BARS,Pump Bar,0,0,0,0,0,0,0,0,0,0,0,0,0,0
2023-12-24,COOKIES/BARS,Brown,0,0,0,0,0,0,0,0,0,0,0,0,0,0
2023-12-24,COOKIES/BARS,Pepp,14,0,14,0,0,0,14,0,0,0,0,0,0,0
2023-12-24,COOKIES/BARS,Pump,0,0,0,0,0,0,0,0,0,0,0,0,0,0
2023-12-24,COOKIES/BARS,Pecan,0,0,0,0,0,0,0,0,0,0,0,0,0,0
2023-12-24,COOKIES/BARS,Ap,0,0,0,0,0,0,0,0,0,0,0,0,0,0
2023-12-24,COOKIES/BARS,Cran Ap,0,0,0,0,0,0,0,0,0,0,0,0,0,0
2023-12-24,COOKIES/BARS,Pump Ohhh,0,0,0,0,0,0,0,0,0,0,0,0,0,0
2023-12-24,COOKIES/BARS,Totals,14,0,0,0,0,0,0,14,0,14,0,0,0,14
2023-12-25,BREAD,H,0,0,0,0,0,0,0,0,0,0,0,0,0,0
2023-12-25,BREAD,FR,0,0,0,0,0,0,0,0,0,0,0,0,0,0
2023-12-25,BREAD,GW,0,0,0,0,0,0,0,0,0,0,0,0,0,0
2023-12-25,BREAD,DK,0,0,0,0,0,0,0,0,0,0,0,0,0,0
2023-12-25,BREAD,H5,0,0,0,0,0,0,0,0,0,0,0,0,0,0
2023-12-25,BREAD,CSWRL,0,0,0,0,0,0,0,0,0,0,0,0,0,0
2023-12-25,BREAD,MP SWL,0,0,0,0,0,0,0,0,0,0,0,0,0,0
2023-12-25,BREAD,CnE,0,0,0,0,0,0,0,0,0,0,0,0,0,0
2023-12-25,BREAD,CnR,0,0,0,0,0,0,0,0,0,0,0,0,0,0
2023-12-25,BREAD,RW,0,0,0,0,0,0,0,0,0,0,0,0,0,0
2023-12-25,BREAD,Monkey,0,0,0,0,0,0,0,0,0,0,0,0,0,0
2023-12-25,BREAD,CB,0,0,0,0,0,0,0,0,0,0,0,0,0,0
2023-12-25,BREAD,CrO,0,0,0,0,0,0,0,0,0,0,0,0,0,0
2023-12-25,BREAD,AA,0,0,0,0,0,0,0,0,0,0,0,0,0,0
2023-12-25,BREAD,CG,0,0,0,0,0,0,0,0,0,0,0,0,0,0
2023-12-25,BREAD,Pest,0,0,0,0,0,0,0,0,0,0,0,0,0,0
2023-12-25,BREAD,jal,0,0,0,0,0,0,0,0,0,0,0,0,0,0
2023-12-25,BREAD,Cheetah,0,0,0,0,0,0,0,0,0,0,0,0,0,0
2023-12-25,BREAD,VS,0,0,0,0,0,0,0,0,0,0,0,0,0,0
2023-12-25,BREAD,sour-TL,0,0,0,0,0,0,0,0,0,0,0,0,0,0
2023-12-25,BREAD,OB,0,0,0,0,0,0,0,0,0,0,0,0,0,0
2023-12-25,BREAD,Pepp Roll,0,0,0,0,0,0,0,0,0,0,0,0,0,0
2023-12-25,BREAD,VS Pep Rl,0,0,0,0,0,0,0,0,0,0,0,0,0,0
2023-12-25,BREAD,CAR,4,0,4,0,0,0,4,0,0,0,0,0,0,0
2023-12-25,BREAD,IHF,10,0,10,0,0,0,10,0,0,0,0,0,0,0
2023-12-25,BREAD,Tree:H,0,0,0,0,0,0,0,0,0,0,0,0,0,0
2023-12-25,BREAD,Tree:VS,0,0,0,0,0,0,0,0,0,0,0,0,0,0
2023-12-25,BREAD,Mnk,0,0,0,0,0,0,0,0,0,0,0,0,0,0
2023-12-25,BREAD,Tree:BUT,0,0,0,0,0,0,0,0,0,0,0,0,0,0
2023-12-25,BREAD,R:H,0,0,0,0,0,0,0,0,0,0,0,0,0,0
2023-12-25,BREAD,FR,0,0,0,0,0,0,0,0,0,0,0,0,0,0
2023-12-25,BREAD,R:CrO,0,0,0,0,0,0,0,0,0,0,0,0,0,0
2023-12-25,BREAD,R:VS,0,0,0,0,0,0,0,0,0,0,0,0,0,0
2023-12-25,BREAD,BUT,0,0,0,0,0,0,0,0,0,0,0,0,0,0
2023-12-25,BREAD,TEA CAKES,0,0,0,0,0,0,0,0,0,0,0,0,0,0
2023-12-25,BREAD,Gingerbr,0,0,0,0,0,0,0,0,0,0,0,0,0,0
2023-12-25,BREAD,Mex Choc,0,0,0,0,0,0,0,0,0,0,0,0,0,0
2023-12-25,BREAD,Pump Choc,0,0,0,0,0,0,0,0,0,0,0,0,0,0
2023-12-25,BREAD,Pump Crumb,0,0,0,0,0,0,0,0,0,0,0,0,0,0
2023-12-25,ROLLS,C-Rolls,0,0,0,0,0,0,0,0,0,0,0,0,0,0
2023-12-25,ROLLS,C-Roll TREE,0,0,0,0,0,0,0,0,0,0,0,0,0,0
2023-12-25,ROLLS,Mini C-Roll,0,0,0,0,0,0,0,0,0,0,0,0,0,0
2023-12-25,SCONES,Blueberry,0,0,0,0,0,0,0,0,0,0,0,0,0,0
2023-12-25,SCONES,App Cran,0,0,0,0,0,0,0,0,0,0,0,0,0,0
2023-12-25,SCONES,Cherry,0,0,0,0,0,0,0,0,0,0,0,0,0,0
2023-12-25,SCONES,Butt Almond,0,0,0,0,0,0,0,0,0,0,0,0,0,0
2023-12-25,SCONES,Turtle,0,0,0,0,0,0,0,0,0,0,0,0,0,0
2023-12-25,SCONES,Cin Chip,0,0,0,0,0,0,0,0,0,0,0,0,0,0
2023-12-25,SCONES,Cran Orang,0,0,0,0,0,0,0,0,0,0,0,0,0,0
2023-12-25,SCONES,Cr Or WCC,0,0,0,0,0,0,0,0,0,0,0,0,0,0
2023-12-25,FRUIT BARS,Triple berry,0,0,0,0,0,0,0,0,0,0,0,0,0,0
2023-12-25,FRUIT BARS,cherry,0,0,0,0,0,0,0,0,0,0,0,0,0,0
2023-12-25,FRUIT BARS,apple cin,0,0,0,0,0,0,0,0,0,0,0,0,0,0
2023-12-25,FRUIT BARS,Cran WCC,0,0,0,0,0,0,0,0,0,0,0,0,0,0
2023-12-25,MUFFINS,Gingerbread,0,0,0,0,0,0,0,0,0,0,0,0,0,0
2023-12-25,MUFFINS,Mex Choc,0,0,0,0,0,0,0,0,0,0,0,0,0,0
2023-12-25,MUFFINS,Pump Choc,0,0,0,0,0,0,0,0,0,0,0,0,0,0
2023-12-25,MUFFINS,Pump Crumb,0,0,0,0,0,0,0,0,0,0,0,0,0,0
2023-12-25,COOKIES/BARS,oat cc,0,0,0,0,0,0,0,0,0,0,0,0,0,0
2023-12-25,COOKIES/BARS,triple cc,0,0,0,0,0,0,0,0,0,0,0,0,0,0
2023-12-25,COOKIES/BARS,St Nicker,0,0,0,0,0,0,0,0,0,0,0,0,0,0
2023-12-25,COOKIES/BARS,VMWCC,0,0,0,0,0,0,0,0,0,0,0,0,0,0
2023-12-25,COOKIES/BARS,Gingerbread,0,0,0,0,0,0,0,0,0,0,0,0,0,0
2023-12-25,COOKIES/BARS,Frosted,0,0,0,0,0,0,0,0,0,0,0,0,0,0
2023-12-25,COOKIES/BARS,Pump Bar,0,0,0,0,0,0,0,0,0,0,0,0,0,0
2023-12-25,COOKIES/BARS,Brown,0,0,0,-14,0,0,14,0,0,0,0,0,0,0
2023-12-25,COOKIES/BARS,Pepp,14,0,14,14,0,0,0,0,0,0,0,0,0,0
2023-12-25,COOKIES/BARS,Pump,0,0,0,0,0,0,0,0,0,0,0,0,0,0
2023-12-25,COOKIES/BARS,Pecan,0,0,0,0,0,0,0,0,0,0,0,0,0,0
2023-12-25,COOKIES/BARS,Ap,0,0,0,0,0,0,0,0,0,0,0,0,0,0
2023-12-25,COOKIES/BARS,Cran Ap,0,0,0,0,0,0,0,0,0,0,0,0,0,0
2023-12-25,COOKIES/BARS,Pump Ohhh,0,0,0,0,0,0,0,0,0,0,0,0,0,0
2023-12-25,COOKIES/BARS,Totals,14,0,0,-14,0,0,14,14,0,14,14,0,0,0
2023-12-26,BREAD,H,0,35,35,7,7,0,21,0,0,0,0,0,0,0
2023-12-26,BREAD,FR,0,50,50,23,15,0,12,0,0,0,0,0,0,0
2023-12-26,BREAD,GW,0,6,6,2,0,0,4,0,0,0,0,0,0,0
2023-12-26,BREAD,DK,0,0,0,0,0,0,0,0,0,0,0,0,0,0
2023-12-26,BREAD,H5,0,19,19,4,1,0,14,0,0,0,0,0,0,0
2023-12-26,BREAD,CSWRL,0,24,24,10,6,0,8,0,6,6,2,0,0,4
2023-12-26,BREAD,MP SWL,0,4,4,1,0,0,3,0,4,4,0,0,0,4
2023-12-26,BREAD,CnE,0,13,13,3,0,0,10,0,3,3,1,0,0,2
2023-12-26,BREAD,CnR,0,3,3,1,0,0,2,0,0,0,0,0,0,0
2023-12-26,BREAD,RW,0,3,3,3,0,0,0,0,0,0,0,0,0,0
2023-12-26,BREAD,Monkey,0,4,4,1,0,0,3,0,0,0,0,0,0,0
2023-12-26,BREAD,CB,0,6,6,3,0,0,3,0,3,3,2,0,0,1
2023-12-26,BREAD,CrO,0,9,9,5,1,0,3,0,2,2,2,0,0,0
2023-12-26,BREAD,AA,0,0,0,0,0,0,0,0,0,0,0,0,0,0
2023-12-26,BREAD,CG,0,0,0,0,0,0,0,0,0,0,0,0,0,0
2023-12-26,BREAD,Pest,0,0,0,0,0,0,0,0,0,0,0,0,0,0
2023-12-26,BREAD,jal,0,0,0,0,0,0,0,0,0,0,0,0,0,0
2023-12-26,BREAD,Cheetah,0,0,0,0,0,0,0,0,0,0,0,0,0,0
2023-12-26,BREAD,VS,0,9,9,6,1,0,2,0,3,3,1,0,0,2
2023-12-26,BREAD,sour-TL,0,14,14,13,0,0,1,0,0,0,0,0,0,0
2023-12-26,BREAD,OB,0,2,2,2,0,0,0,0,0,0,0,0,0,0
2023-12-26,BREAD,Pepp Roll,0,4,4,2,0,0,2,0,0,0,0,0,0,0
2023-12-26,BREAD,VS Pep Rl,0,6,6,1,0,0,5,0,2,2,2,0,0,0
2023-12-26,BREAD,CAR,4,0,4,1,0,0,3,0,0,0,0,0,0,0
2023-12-26,BREAD,IHF,10,0,10,1,0,0,9,0,0,0,0,0,0,0
2023-12-26,BREAD,Tree:H,0,0,0,0,0,0,0,0,0,0,0,0,0,0
2023-12-26,BREAD,Tree:VS,0,0,0,0,0,0,0,0,0,0,0,0,0,0
2023-12-26,BREAD,Tree:BUT,0,0,0,0,0,0,0,0,0,0,0,0,0,0
2023-12-26,BREAD,R:H,0,4,4,1,0,0,3,0,0,0,0,0,0,0
2023-12-26,BREAD,FR,0,4,4,3,0,0,1,0,0,0,0,0,0,0
2023-12-26,BREAD,R:CrO,0,3,3,0,2,0,1,0,0,0,0,0,0,0
2023-12-26,BREAD,R:VS,0,5,5,2,1,0,2,0,0,0,0,0,0,0
2023-12-26,BREAD,BUT,0,0,0,0,0,0,0,0,0,0,0,0,0,0
2023-12-26,BREAD,TEA CAKES,0,0,0,0,0,0,0,0,0,0,0,0,0,0
2023-12-26,BREAD,Gingerbr,0,4,4,3,0,0,1,0,0,0,0,0,0,0
2023-12-26,BREAD,Mex Choc,0,3,3,3,0,0,0,0,0,0,0,0,0,0
2023-12-26,BREAD,Pump Choc,0,7,7,4,3,0,0,0,0,0,0,0,0,0
2023-12-26,BREAD,Pump Crumb,0,3,3,2,0,0,1,0,0,0,0,0,0,0
2023-12-26,ROLLS,C-Rolls,0,24,24,24,0,0,0,0,0,0,0,0,0,0
2023-12-26,ROLLS,C-Roll TREE,0,0,0,0,0,0,0,0,0,0,0,0,0,0
2023-12-26,ROLLS,Mini C-Roll,0,0,0,0,0,0,0,0,0,0,0,0,0,0
2023-12-26,SCONES,Blueberry,0,9,9,2,0,7,0,0,0,0,0,0,0,0
2023-12-26,SCONES,App Cran,0,0,0,0,0,0,0,0,0,0,0,0,0,0
2023-12-26,SCONES,Cherry,0,0,0,0,0,0,0,0,0,0,0,0,0,0
2023-12-26,SCONES,Butt Almond,0,0,0,0,0,0,0,0,0,0,0,0,0,0
2023-12-26,SCONES,Turtle,0,0,0,0,0,0,0,0,0,0,0,0,0,0
2023-12-26,SCONES,Cin Chip,0,12,12,8,0,4,0,0,0,0,0,0,0,0
2023-12-26,SCONES,Cran Orang,0,8,8,5,0,3,0,0,0,0,0,0,0,0
2023-12-26,SCONES,Cr Or WCC,0,0,0,0,0,0,0,0,0,0,0,0,0,0
2023-12-26,FRUIT BARS,Triple berry,0,0,0,-1,0,1,0,0,0,0,0,0,0,0
2023-12-26,FRUIT BARS,cherry,0,0,0,0,0,0,0,0,0,0,0,0,0,0
2023-12-26,FRUIT BARS,apple cin,0,5,5,3,0,2,0,0,0,0,0,0,0,0
2023-12-26,FRUIT BARS,Cran WCC,0,5,5,5,0,0,0,0,0,0,0,0,0,0
2023-12-26,MUFFINS,Gingerbread,0,3,3,0,0,3,0,0,0,0,0,0,0,0
2023-12-26,MUFFINS,Mex Choc,0,3,3,3,0,0,0,0,0,0,0,0,0,0
2023-12-26,MUFFINS,Pump Choc,0,4,4,4,0,0,0,0,0,0,0,0,0,0
2023-12-26,MUFFINS,Pump Crumb,0,3,3,1,0,2,0,0,0,0,0,0,0,0
2023-12-26,COOKIES/BARS,oat cc,0,30,30,6,0,0,24,0,0,0,0,0,0,0
2023-12-26,COOKIES/BARS,triple cc,0,30,30,7,0,0,23,0,0,0,0,0,0,0
2023-12-26,COOKIES/BARS,st. nick,0,24,24,0,0,0,24,0,0,0,0,0,0,0
2023-12-26,COOKIES/BARS,VMWCC,0,30,30,2,12,0,16,0,0,0,0,0,0,0
2023-12-26,COOKIES/BARS,Gingerbread,0,12,12,0,0,0,12,0,0,0,0,0,0,0
2023-12-26,COOKIES/BARS,Frosted,0,18,18,7,0,0,11,0,0,0,0,0,0,0
2023-12-26,COOKIES/BARS,Brownie,0,15,15,4,0,0,11,0,0,0,0,0,0,0
2023-12-26,COOKIES/BARS,Pepp Brownie,14,0,14,8,0,0,6,0,0,0,0,0,0,0
2023-12-26,COOKIES/BARS,Pump Bar,0,20,20,4,0,0,16,0,0,0,0,0,0,0
2023-12-26,COOKIES/BARS,snick,0,30,30,13,0,0,17,0,0,0,0,0,0,0
2023-12-26,COOKIES/BARS,Pump Ohhh,0,0,0,0,0,0,0,0,0,0,0,0,0,0
2023-12-26,COOKIES/BARS,Totals,14,285,299,105,12,22,160,0,0,0,0,0,0,0
2023-12-27,BREAD,H,21,12,33,7,2,0,24,0,0,0,0,0,0,0
2023-12-27,BREAD,FR,12,12,24,17,5,0,2,0,0,0,0,0,0,0
2023-12-27,BREAD,GW,4,9,13,13,0,0,0,0,0,0,0,0,0,0
2023-12-27,BREAD,DK,0,21,21,5,0,0,16,0,0,0,0,0,0,0
2023-12-27,BREAD,H5,14,0,14,2,0,1,11,0,0,0,0,0,0,0
2023-12-27,BREAD,CSWRL,8,8,16,10,2,1,3,4,0,4,4,0,0,0
2023-12-27,BREAD,MP SWL,3,0,3,3,0,0,0,4,0,4,4,0,0,0
2023-12-27,BREAD,CnE,10,0,10,8,2,0,0,2,0,2,2,0,0,0
2023-12-27,BREAD,CnR,2,0,2,2,0,0,0,0,0,0,0,0,0,0
2023-12-27,BREAD,RW,0,0,0,0,0,0,0,0,0,0,0,0,0,0
2023-12-27,BREAD,Monkey,3,0,3,3,0,0,0,0,0,0,0,0,0,0
2023-12-27,BREAD,CB,3,0,3,1,0,2,0,1,0,1,1,0,0,0
2023-12-27,BREAD,CrO,3,0,3,3,0,0,0,0,0,0,0,0,0,0
2023-12-27,BREAD,AA,0,0,0,0,0,0,0,0,0,0,0,0,0,0
2023-12-27,BREAD,CG,0,7,7,6,0,0,1,0,3,3,3,0,0,0
2023-12-27,BREAD,Pest,0,4,4,1,0,0,3,0,0,0,0,0,0,0
2023-12-27,BREAD,jal,0,4,4,1,0,0,3,0,0,0,0,0,0,0
2023-12-27,BREAD,Cheetah,0,3,3,2,0,0,1,0,0,0,0,0,0,0
2023-12-27,BREAD,VS,2,0,2,2,0,0,0,2,0,2,2,0,0,0
2023-12-27,BREAD,sour-TL,1,12,13,12,1,0,0,0,0,0,0,0,0,0
2023-12-27,BREAD,OB,0,3,3,2,1,0,0,0,0,0,0,0,0,0
2023-12-27,BREAD,Pepp Roll,2,0,2,2,0,0,0,0,0,0,0,0,0,0
2023-12-27,BREAD,VS Pep Rl,5,0,5,5,0,0,0,0,0,0,0,0,0,0
2023-12-27,BREAD,CAR,3,0,3,2,0,0,1,0,0,0,0,0,0,0
2023-12-27,BREAD,IHF,9,0,9,3,0,0,6,0,0,0,0,0,0,0
2023-12-27,BREAD,Tree:H,0,0,0,0,0,0,0,0,0,0,0,0,0,0
2023-12-27,BREAD,Tree:VS,0,0,0,0,0,0,0,0,0,0,0,0,0,0
2023-12-27,BREAD,Tree:BUT,0,0,0,0,0,0,0,0,0,0,0,0,0,0
2023-12-27,BREAD,R:H,3,0,3,3,0,0,0,0,0,0,0,0,0,0
2023-12-27,BREAD,FR,1,2,3,3,0,0,0,0,0,0,0,0,0,0
2023-12-27,BREAD,R:CrO,1,0,1,1,0,0,0,0,0,0,0,0,0,0
2023-12-27,BREAD,R:VS,2,0,2,2,0,0,0,0,0,0,0,0,0,0
2023-12-27,BREAD,BUT,0,0,0,0,0,0,0,0,0,0,0,0,0,0
2023-12-27,BREAD,TEA CAKES,0,0,0,0,0,0,0,0,0,0,0,0,0,0
2023-12-27,BREAD,Gingerbr,1,0,1,1,0,0,0,0,0,0,0,0,0,0
2023-12-27,BREAD,Mex Choc,0,3,3,2,0,0,1,0,0,0,0,0,0,0
2023-12-27,BREAD,Pump Choc,0,4,4,3,1,0,0,0,0,0,0,0,0,0
2023-12-27,BREAD,Pump Crumb,1,2,3,1,0,0,2,0,0,0,0,0,0,0
2023-12-27,ROLLS,C-Rolls,0,24,24,24,0,0,0,0,0,0,0,0,0,0
2023-12-27,ROLLS,C-Roll TREE,0,0,0,0,0,0,0,0,0,0,0,0,0,0
2023-12-27,ROLLS,Mini C-Roll,0,12,12,12,0,0,0,0,0,0,0,0,0,0
2023-12-27,SCONES,Blueberry,0,0,0,0,0,0,0,0,0,0,0,0,0,0
2023-12-27,SCONES,App Cran,0,14,14,3,3,8,0,0,0,0,0,0,0,0
2023-12-27,SCONES,Cherry,0,0,0,0,0,0,0,0,0,0,0,0,0,0
2023-12-27,SCONES,Butt Almond,0,0,0,0,0,0,0,0,0,0,0,0,0,0
2023-12-27,SCONES,Turtle,0,11,11,7,0,4,0,0,0,0,0,0,0,0
2023-12-27,SCONES,Cin Chip,0,0,0,0,0,0,0,0,0,0,0,0,0,0
2023-12-27,SCONES,Cran Orang,0,8,8,8,0,0,0,0,0,0,0,0,0,0
2023-12-27,SCONES,Cr Or WCC,0,0,0,0,0,0,0,0,0,0,0,0,0,0
2023-12-27,FRUIT BARS,Triple berry,0,5,5,5,0,0,0,0,0,0,0,0,0,0
2023-12-27,FRUIT BARS,cherry,0,5,5,5,0,0,0,0,0,0,0,0,0,0
2023-12-27,FRUIT BARS,apple cin,0,0,0,0,0,0,0,0,0,0,0,0,0,0
2023-12-27,FRUIT BARS,Cran WCC,0,0,0,0,0,0,0,0,0,0,0,0,0,0
2023-12-27,MUFFINS,Gingerbread,0,0,0,0,0,0,0,0,0,0,0,0,0,0
2023-12-27,MUFFINS,Mex Choc,0,2,2,1,0,1,0,0,0,0,0,0,0,0
2023-12-27,MUFFINS,Pump Choc,0,3,3,3,0,0,0,0,0,0,0,0,0,0
2023-12-27,MUFFINS,Pump Crumb,0,2,2,2,0,0,0,0,0,0,0,0,0,0
2023-12-27,COOKIES/BARS,oat cc,24,6,30,16,0,8,6,0,12,12,0,0,0,0
2023-12-27,COOKIES/BARS,triple cc,23,12,35,21,6,0,8,0,12,12,0,0,0,0
2023-12-27,COOKIES/BARS,St Nicker,24,6,30,6,0,18,6,0,12,12,0,0,0,0
2023-12-27,COOKIES/BARS,VMWCC,16,5,21,7,0,9,5,0,12,12,0,0,0,0
2023-12-27,COOKIES/BARS,Gingerbread,12,0,12,3,0,0,9,0,0,0,0,0,0,0
2023-12-27,COOKIES/BARS,Frosted,11,6,17,6,0,0,11,0,0,0,0,0,0,0
2023-12-27,COOKIES/BARS,Brownie,11,0,11,0,0,0,11,0,0,0,0,0,0,0
2023-12-27,COOKIES/BARS,Pepp Brownie,6,0,6,2,0,0,4,0,0,0,0,0,0,0
2023-12-27,COOKIES/BARS,Pump Bar,16,0,16,4,0,0,12,0,0,0,0,0,0,0
2023-12-27,COOKIES/BARS,snick,17,0,17,4,0,13,0,0,0,0,0,0,0,0
2023-12-27,COOKIES/BARS,Pump Ohhh,0,0,0,0,0,0,0,0,0,0,0,0,0,0
2023-12-27,COOKIES/BARS,Totals,160,121,281,139,9,61,72,0,48,48,0,0,0,0
2023-12-28,BREAD,H,24,0,24,10,0,8,6,0,0,0,0,0,0,0
2023-12-28,BREAD,FR,2,37,39,11,20,0,8,0,0,0,0,0,0,0
2023-12-28,BREAD,GW,0,6,6,0,0,0,6,0,0,0,0,0,0,0
2023-12-28,BREAD,DK,16,0,16,4,0,0,12,0,0,0,0,0,0,0
2023-12-28,BREAD,H5,11,12,23,4,0,7,12,0,0,0,0,0,0,0
2023-12-28,BREAD,CSWRL,3,16,19,19,0,0,0,0,6,6,6,0,0,0
2023-12-28,BREAD,MP SWL,0,0,0,0,0,0,0,0,0,0,0,0,0,0
2023-12-28,BREAD,CnE,0,12,12,3,0,0,9,0,4,4,1,0,0,3
2023-12-28,BREAD,CnR,0,4,4,3,0,0,1,0,0,0,0,0,0,0
2023-12-28,BREAD,RW,0,4,4,3,0,0,1,0,0,0,0,0,0,0
2023-12-28,BREAD,Monkey,0,3,3,1,0,0,2,0,0,0,0,0,0,0
2023-12-28,BREAD,CB,0,7,7,3,0,0,4,0,2,2,2,0,0,0
2023-12-28,BREAD,CrO,0,6,6,1,0,0,5,0,4,4,2,0,0,2
2023-12-28,BREAD,AA,0,0,0,0,0,0,0,0,0,0,0,0,0,0
2023-12-28,BREAD,CG,1,0,1,1,0,0,0,0,0,0,0,0,0,0
2023-12-28,BREAD,Pest,3,0,3,3,0,0,0,0,0,0,0,0,0,0
2023-12-28,BREAD,jal,3,0,3,3,0,0,0,0,0,0,0,0,0,0
2023-12-28,BREAD,Cheetah,1,0,1,1,0,0,0,0,0,0,0,0,0,0
2023-12-28,BREAD,VS,0,15,15,11,0,0,4,0,3,3,2,0,0,1
2023-12-28,BREAD,sour-TL,0,0,0,0,0,0,0,0,0,0,0,0,0,0
2023-12-28,BREAD,OB,0,0,0,0,0,0,0,0,0,0,0,0,0,0
2023-12-28,BREAD,Pepp Roll,0,4,4,0,0,0,4,0,0,0,0,0,0,0
2023-12-28,BREAD,VS Pep Rl,0,8,8,2,0,0,6,0,4,4,1,0,0,3
2023-12-28,BREAD,CAR,1,0,1,1,0,0,0,0,0,0,0,0,0,0
2023-12-28,BREAD,IHF,6,0,6,1,0,0,5,0,0,0,0,0,0,0
2023-12-28,BREAD,Tree:H,0,0,0,0,0,0,0,0,0,0,0,0,0,0
2023-12-28,BREAD,Tree:VS,0,0,0,0,0,0,0,0,0,0,0,0,0,0
2023-12-28,BREAD,Tree:BUT,0,0,0,0,0,0,0,0,0,0,0,0,0,0
2023-12-28,BREAD,R:H,0,0,0,0,0,0,0,0,0,0,0,0,0,0
2023-12-28,BREAD,FR,0,0,0,0,0,0,0,0,0,0,0,0,0,0
2023-12-28,BREAD,R:CrO,0,0,0,0,0,0,0,0,0,0,0,0,0,0
2023-12-28,BREAD,R:VS,0,6,6,6,0,0,0,0,0,0,0,0,0,0
2023-12-28,BREAD,BUT,0,49,49,8,25,0,16,0,0,0,0,0,0,0
2023-12-28,BREAD,TEA CAKES,0,0,0,0,0,0,0,0,0,0,0,0,0,0
2023-12-28,BREAD,Blue Stru,0,3,3,3,0,0,0,0,0,0,0,0,0,0
2023-12-28,BREAD,Mex Choc,1,1,2,2,0,0,0,0,0,0,0,0,0,0
2023-12-28,BREAD,Pump Choc,0,3,3,3,0,0,0,0,0,0,0,0,0,0
2023-12-28,BREAD,Pump Crumb,2,0,2,2,0,0,0,0,0,0,0,0,0,0
2023-12-28,ROLLS,C-Rolls,0,24,24,24,0,0,0,0,0,0,0,0,0,0
2023-12-28,ROLLS,C-Roll TREE,0,0,0,0,0,0,0,0,0,0,0,0,0,0
2023-12-28,ROLLS,Mini C-Roll,0,24,24,12,0,0,12,0,0,0,0,0,0,0
2023-12-28,SCONES,Blueberry,0,12,12,7,0,5,0,0,0,0,0,0,0,0
2023-12-28,SCONES,App Cran,0,0,0,0,0,0,0,0,0,0,0,0,0,0
2023-12-28,SCONES,Cherry,0,0,0,0,0,0,0,0,0,0,0,0,0,0
2023-12-28,SCONES,Butt Almond,0,0,0,0,0,0,0,0,0,0,0,0,0,0
2023-12-28,SCONES,Turtle,0,11,11,9,0,2,0,0,0,0,0,0,0,0
2023-12-28,SCONES,Cin Chip,0,0,0,0,0,0,0,0,0,0,0,0,0,0
2023-12-28,SCONES,Cran Orang,0,9,9,4,0,5,0,0,0,0,0,0,0,0
2023-12-28,SCONES,Cr Or WCC,0,0,0,0,0,0,0,0,0,0,0,0,0,0
2023-12-28,FRUIT BARS,Triple berry,0,0,0,0,0,0,0,0,0,0,0,0,0,0
2023-12-28,FRUIT BARS,cherry,0,0,0,0,0,0,0,0,0,0,0,0,0,0
2023-12-28,FRUIT BARS,apple cin,0,5,5,3,0,2,0,0,0,0,0,0,0,0
2023-12-28,FRUIT BARS,Cran WCC,0,5,5,1,0,4,0,0,0,0,0,0,0,0
2023-12-28,MUFFINS,Blue Stru,0,3,3,0,0,3,0,0,0,0,0,0,0,0
2023-12-28,MUFFINS,Mex Choc,0,3,3,1,0,2,0,0,0,0,0,0,0,0
2023-12-28,MUFFINS,Pump Choc,0,4,4,2,0,2,0,0,0,0,0,0,0,0
2023-12-28,MUFFINS,Pump Crumb,0,3,3,2,0,1,0,0,0,0,0,0,0,0
2023-12-28,COOKIES/BARS,oat cc,6,24,30,7,0,0,23,0,0,0,0,0,0,0
2023-12-28,COOKIES/BARS,triple cc,8,24,32,9,0,0,23,0,0,0,0,0,0,0
2023-12-28,COOKIES/BARS,St Nicker,6,24,30,15,0,6,9,0,0,0,0,0,0,0
2023-12-28,COOKIES/BARS,VMWCC,5,0,5,2,0,3,0,0,0,0,0,0,0,0
2023-12-28,COOKIES/BARS,Gingerbread,9,12,21,15,0,0,6,0,0,0,0,0,0,0
2023-12-28,COOKIES/BARS,Frosted,11,12,23,3,0,0,20,0,0,0,0,0,0,0
2023-12-28,COOKIES/BARS,Brownie,11,0,11,8,0,0,3,0,0,0,0,0,0,0
2023-12-28,COOKIES/BARS,Pepp Brownie,4,0,4,0,0,0,4,0,0,0,0,0,0,0
2023-12-28,COOKIES/BARS,Pump Bar,12,20,32,9,0,0,23,0,0,0,0,0,0,0
2023-12-28,COOKIES/BARS,Pump Ohhh,0,0,0,0,0,0,0,0,0,0,0,0,0,0
2023-12-28,COOKIES/BARS,Totals,72,219,291,133,0,35,123,0,0,0,0,0,0,0
2023-12-29,BREAD,H,6,26,32,11,0,0,21,0,0,0,0,0,0,0
2023-12-29,BREAD,FR,8,33,41,17,0,0,24,0,0,0,0,0,0,0
2023-12-29,BREAD,GW,6,0,6,3,0,0,3,0,0,0,0,0,0,0
2023-12-29,BREAD,DK,12,15,27,10,0,0,17,0,0,0,0,0,0,0
2023-12-29,BREAD,H5,12,0,12,7,0,0,5,0,0,0,0,0,0,0
2023-12-29,BREAD,CSWRL,0,24,24,14,0,0,10,0,6,6,5,0,0,1
2023-12-29,BREAD,MP SWL,0,0,0,0,0,0,0,0,0,0,0,0,0,0
2023-12-29,BREAD,CnE,9,21,30,10,5,0,15,3,4,7,4,0,0,3
2023-12-29,BREAD,CnR,1,4,5,5,0,0,0,0,0,0,0,0,0,0
2023-12-29,BREAD,RW,1,4,5,2,0,0,3,0,0,0,0,0,0,0
2023-12-29,BREAD,Monkey,2,4,6,5,0,0,1,0,0,0,0,0,0,0
2023-12-29,BREAD,CB,4,0,4,2,0,0,2,0,0,0,0,0,0,0
2023-12-29,BREAD,CrO,5,0,5,5,0,0,0,2,0,2,2,0,0,0
2023-12-29,BREAD,AA,0,0,0,0,0,0,0,0,0,0,0,0,0,0
2023-12-29,BREAD,CG,0,7,7,3,0,0,4,0,5,5,3,0,0,2
2023-12-29,BREAD,Pest,0,4,4,4,0,0,0,0,0,0,0,0,0,0
2023-12-29,BREAD,jal,0,6,6,3,3,0,0,0,0,0,0,0,0,0
2023-12-29,BREAD,Cheetah,0,4,4,4,0,0,0,0,0,0,0,0,0,0
2023-12-29,BREAD,VS,4,0,4,4,0,0,0,1,0,1,1,0,0,0
2023-12-29,BREAD,sour-TL,0,19,19,8,1,0,10,0,0,0,0,0,0,0
2023-12-29,BREAD,OB,0,6,6,1,2,0,3,0,0,0,0,0,0,0
2023-12-29,BREAD,Pepp Roll,4,0,4,3,0,0,1,0,0,0,0,0,0,0
2023-12-29,BREAD,VS Pep Rl,6,0,6,2,0,0,4,3,0,3,1,0,0,2
2023-12-29,BREAD,CAR,0,17,17,3,0,0,14,0,0,0,0,0,0,0
2023-12-29,BREAD,IHF,5,0,5,2,0,0,3,0,0,0,0,0,0,0
2023-12-29,BREAD,Tree:H,0,0,0,0,0,0,0,0,0,0,0,0,0,0
2023-12-29,BREAD,Tree:VS,0,0,0,0,0,0,0,0,0,0,0,0,0,0
2023-12-29,BREAD,Tree:BUT,0,0,0,0,0,0,0,0,0,0,0,0,0,0
2023-12-29,BREAD,R:H,0,10,10,3,5,0,2,0,0,0,0,0,0,0
2023-12-29,BREAD,FR,0,0,0,0,0,0,0,0,0,0,0,0,0,0
2023-12-29,BREAD,R:CrO,0,0,0,0,0,0,0,0,0,0,0,0,0,0
2023-12-29,BREAD,R:VS,0,0,0,0,0,0,0,0,0,0,0,0,0,0
2023-12-29,BREAD,BUT,16,0,16,9,0,0,7,0,0,0,0,0,0,0
2023-12-29,BREAD,TEA CAKES,0,0,0,0,0,0,0,0,0,0,0,0,0,0
2023-12-29,BREAD,Blue Stru,0,5,5,5,0,0,0,0,0,0,0,0,0,0
2023-12-29,BREAD,Mex Choc,0,4,4,3,0,0,1,0,0,0,0,0,0,0
2023-12-29,BREAD,Pump Choc,0,5,5,2,0,0,3,0,0,0,0,0,0,0
2023-12-29,BREAD,Pump Crumb,0,4,4,2,0,0,2,0,0,0,0,0,0,0
2023-12-29,BREAD,Choc Carm,0,0,0,0,0,0,0,0,0,0,0,0,0,0
2023-12-29,ROLLS,C-Rolls,0,24,24,24,0,0,0,0,0,0,0,0,0,0
2023-12-29,ROLLS,C-Roll TREE,0,0,0,0,0,0,0,0,0,0,0,0,0,0
2023-12-29,ROLLS,Mini C-Roll,12,72,72,24,48,0,0,0,0,0,0,0,0,0
2023-12-29,SCONES,Blueberry,0,0,0,0,0,0,0,0,0,0,0,0,0,0
2023-12-29,SCONES,App Cran,0,0,0,0,0,0,0,0,0,0,0,0,0,0
2023-12-29,SCONES,Cherry,0,11,11,6,4,1,0,0,0,0,0,0,0,0
2023-12-29,SCONES,Butt Almond,0,11,11,6,4,1,0,0,0,0,0,0,0,0
2023-12-29,SCONES,Turtle,0,0,0,0,0,0,0,0,0,0,0,0,0,0
2023-12-29,SCONES,Cin Chip,0,0,0,0,0,0,0,0,0,0,0,0,0,0
2023-12-29,SCONES,Cran Orang,0,0,0,0,0,0,0,0,0,0,0,0,0,0
2023-12-29,SCONES,Cr Or WCC,0,0,0,0,0,0,0,0,0,0,0,0,0,0
2023-12-29,FRUIT BARS,Triple berry,0,5,5,4,0,1,0,0,0,0,0,0,0,0
2023-12-29,FRUIT BARS,cherry,0,5,5,5,0,0,0,0,0,0,0,0,0,0
2023-12-29,FRUIT BARS,apple cin,0,0,0,0,0,0,0,0,0,0,0,0,0,0
2023-12-29,FRUIT BARS,Cran WCC,0,0,0,0,0,0,0,0,0,0,0,0,0,0
2023-12-29,MUFFINS,Blue Stru,0,4,4,4,0,0,0,0,0,0,0,0,0,0
2023-12-29,MUFFINS,Choc Carm,0,3,3,3,0,0,0,0,0,0,0,0,0,0
2023-12-29,MUFFINS,Pump Choc,0,4,4,4,0,0,0,0,0,0,0,0,0,0
2023-12-29,MUFFINS,Pump Crumb,0,3,3,3,0,0,0,0,0,0,0,0,0,0
2023-12-29,COOKIES/BARS,oat cc,23,6,29,4,0,19,6,0,0,0,0,0,0,0
2023-12-29,COOKIES/BARS,triple cc,23,6,29,18,0,5,6,0,0,0,0,0,0,0
2023-12-29,COOKIES/BARS,St Nicker,9,19,28,16,0,0,12,0,0,0,0,0,0,0
2023-12-29,COOKIES/BARS,VMWCC,0,0,0,0,0,0,0,0,0,0,0,0,0,0
2023-12-29,COOKIES/BARS,Gingerbread,6,6,12,5,0,0,7,0,0,0,0,0,0,0
2023-12-29,COOKIES/BARS,Frosted,20,0,20,3,0,0,17,0,0,0,0,0,0,0
2023-12-29,COOKIES/BARS,Brownie,3,15,18,3,0,0,15,0,0,0,0,0,0,0
2023-12-29,COOKIES/BARS,Pepp Brownie,4,0,4,0,0,0,4,0,0,0,0,0,0,0
2023-12-29,COOKIES/BARS,Pump Bar,23,0,23,6,0,0,17,0,0,0,0,0,0,0
2023-12-29,COOKIES/BARS,Pump Ohhh,0,0,0,0,0,0,0,0,0,0,0,0,0,0
2023-12-29,COOKIES/BARS,Totals,111,194,305,138,56,27,84,0,0,0,0,0,0,0
2023-12-30,BREAD,H,21,0,21,16,0,5,0,0,0,0,0,0,0,0
2023-12-30,BREAD,FR,24,0,24,17,0,7,0,0,0,0,0,0,0,0
2023-12-30,BREAD,GW,3,0,3,3,0,0,0,0,0,0,0,0,0,0
2023-12-30,BREAD,DK,17,0,17,8,0,9,0,0,0,0,0,0,0,0
2023-12-30,BREAD,H5,5,0,5,3,0,2,0,0,0,0,0,0,0,0
2023-12-30,BREAD,CSWRL,10,4,14,14,0,0,0,1,4,5,5,0,0,0
2023-12-30,BREAD,MP SWL,0,0,0,0,0,0,0,0,0,0,0,0,0,0
2023-12-30,BREAD,CnE,15,0,15,15,0,0,0,3,0,3,3,0,0,0
2023-12-30,BREAD,CnR,0,0,0,0,0,0,0,0,0,0,0,0,0,0
2023-12-30,BREAD,RW,3,0,3,1,0,2,0,0,0,0,0,0,0,0
2023-12-30,BREAD,Monkey,1,0,1,1,0,0,0,0,0,0,0,0,0,0
2023-12-30,BREAD,CB,2,0,2,2,0,0,0,0,0,0,0,0,0,0
2023-12-30,BREAD,CrO,0,0,0,0,0,0,0,0,0,0,0,0,0,0
2023-12-30,BREAD,AA,0,0,0,0,0,0,0,0,0,0,0,0,0,0
2023-12-30,BREAD,CG,4,0,4,4,0,0,0,2,0,2,2,0,0,0
2023-12-30,BREAD,Pest,0,0,0,0,0,0,0,0,0,0,0,0,0,0
2023-12-30,BREAD,jal,0,0,0,0,0,0,0,0,0,0,0,0,0,0
2023-12-30,BREAD,Cheetah,0,0,0,0,0,0,0,0,0,0,0,0,0,0
2023-12-30,BREAD,VS,0,0,0,0,0,0,0,0,0,0,0,0,0,0
2023-12-30,BREAD,sour-TL,10,0,10,10,0,0,0,0,0,0,0,0,0,0
2023-12-30,BREAD,OB,3,0,3,3,0,0,0,0,0,0,0,0,0,0
2023-12-30,BREAD,Pepp Roll,1,0,1,0,0,1,0,0,0,0,0,0,0,0
2023-12-30,BREAD,VS Pep Rl,4,0,4,3,0,1,0,2,0,2,2,0,0,0
2023-12-30,BREAD,CAR,14,0,14,4,0,0,10,0,0,0,0,0,0,0
2023-12-30,BREAD,IHF,3,0,3,0,0,0,3,0,0,0,0,0,0,0
2023-12-30,BREAD,Tree:H,0,0,0,0,0,0,0,0,0,0,0,0,0,0
2023-12-30,BREAD,Tree:VS,0,0,0,0,0,0,0,0,0,0,0,0,0,0
2023-12-30,BREAD,Tree:BUT,0,0,0,0,0,0,0,0,0,0,0,0,0,0
2023-12-30,BREAD,R:H,2,0,2,2,0,0,0,0,0,0,0,0,0,0
2023-12-30,BREAD,FR,0,0,0,0,0,0,0,0,0,0,0,0,0,0
2023-12-30,BREAD,R:CrO,0,0,0,0,0,0,0,0,0,0,0,0,0,0
2023-12-30,BREAD,R:VS,0,0,0,0,0,0,0,0,0,0,0,0,0,0
2023-12-30,BREAD,BUT,7,0,7,4,0,3,0,0,0,0,0,0,0,0
2023-12-30,BREAD,TEA CAKES,0,0,0,0,0,0,0,0,0,0,0,0,0,0
2023-12-30,BREAD,Blue Stru,0,4,4,3,1,0,0,0,0,0,0,0,0,0
2023-12-30,BREAD,Mex Choc,1,1,2,1,0,1,0,0,0,0,0,0,0,0
2023-12-30,BREAD,Pump Choc,3,0,3,2,0,1,0,0,0,0,0,0,0,0
2023-12-30,BREAD,Pump Crumb,2,0,2,2,0,0,0,0,0,0,0,0,0,0
2023-12-30,ROLLS,C-Rolls,0,36,36,32,0,4,0,0,0,0,0,0,0,0
2023-12-30,ROLLS,C-Roll TREE,0,0,0,0,0,0,0,0,0,0,0,0,0,0
2023-12-30,ROLLS,Mini C-Roll,0,24,24,0,0,24,0,0,0,0,0,0,0,0
2023-12-30,SCONES,Blueberry,0,11,11,6,0,5,0,0,0,0,0,0,0,0
2023-12-30,SCONES,App Cran,0,0,0,0,0,0,0,0,0,0,0,0,0,0
2023-12-30,SCONES,Cherry,0,0,0,0,0,0,0,0,0,0,0,0,0,0
2023-12-30,SCONES,Butt Almond,0,10,10,7,0,3,0,0,0,0,0,0,0,0
2023-12-30,SCONES,Turtle,0,0,0,0,0,0,0,0,0,0,0,0,0,0
2023-12-30,SCONES,Cin Chip,0,0,0,0,0,0,0,0,0,0,0,0,0,0
2023-12-30,SCONES,Cran Orang,0,0,0,0,0,0,0,0,0,0,0,0,0,0
2023-12-30,SCONES,Cr Or WCC,0,0,0,0,0,0,0,0,0,0,0,0,0,0
2023-12-30,FRUIT BARS,Triple berry,0,0,0,0,0,0,0,0,0,0,0,0,0,0
2023-12-30,FRUIT BARS,cherry,0,0,0,-2,0,2,0,0,0,0,0,0,0,0
2023-12-30,FRUIT BARS,apple cin,0,5,5,2,1,2,0,0,0,0,0,0,0,0
2023-12-30,FRUIT BARS,Cran WCC,0,5,5,4,1,0,0,0,0,0,0,0,0,0
2023-12-30,MUFFINS,Blue Stru,0,3,3,3,0,0,0,0,0,0,0,0,0,0
2023-12-30,MUFFINS,Mex Choc,0,3,3,2,0,1,0,0,0,0,0,0,0,0
2023-12-30,MUFFINS,Pump Choc,0,4,4,4,0,0,0,0,0,0,0,0,0,0
2023-12-30,MUFFINS,Pump Crumb,0,3,3,3,0,0,0,0,0,0,0,0,0,0
2023-12-30,COOKIES/BARS,oat cc,6,12,18,5,0,13,0,0,2,2,0,0,0,0
2023-12-30,COOKIES/BARS,triple cc,6,12,18,4,0,14,0,0,4,4,0,0,0,0
2023-12-30,COOKIES/BARS,St Nicker,12,6,18,13,0,5,0,0,4,4,0,0,0,0
2023-12-30,COOKIES/BARS,snick,0,0,0,-2,0,2,0,0,0,0,0,0,0,0
2023-12-30,COOKIES/BARS,Gingerbread,7,0,7,7,0,0,0,0,0,0,0,0,0,0
2023-12-30,COOKIES/BARS,Frosted,17,0,17,11,0,6,0,0,0,0,0,0,0,0
2023-12-30,COOKIES/BARS,Brownie,15,0,15,3,2,2,8,0,0,0,0,0,0,0
2023-12-30,COOKIES/BARS,ppermint,4,0,4,0,0,4,0,0,0,0,0,0,0,0
2023-12-30,COOKIES/BARS,Pump Bar,17,0,17,6,1,4,6,0,0,0,0,0,0,0
2023-12-30,COOKIES/BARS,Pump Ohhh,0,0,0,0,0,0,0,0,0,0,0,0,0,0
2023-12-30,COOKIES/BARS,Totals,84,134,218,108,5,91,14,0,10,10,0,0,0,0
2023-12-31,BREAD,H,0,0,0,0,0,0,0,0,0,0,0,0,0,0
2023-12-31,BREAD,FR,0,0,0,0,0,0,0,0,0,0,0,0,0,0
2023-12-31,BREAD,GW,0,0,0,0,0,0,0,0,0,0,0,0,0,0
2023-12-31,BREAD,DK,0,0,0,0,0,0,0,0,0,0,0,0,0,0
2023-12-31,BREAD,H5,0,0,0,0,0,0,0,0,0,0,0,0,0,0
2023-12-31,BREAD,CSWRL,0,0,0,0,0,0,0,0,0,0,0,0,0,0
2023-12-31,BREAD,MP SWL,0,0,0,0,0,0,0,0,0,0,0,0,0,0
2023-12-31,BREAD,CnE,0,0,0,0,0,0,0,0,0,0,0,0,0,0
2023-12-31,BREAD,CnR,0,0,0,0,0,0,0,0,0,0,0,0,0,0
2023-12-31,BREAD,RW,0,0,0,0,0,0,0,0,0,0,0,0,0,0
2023-12-31,BREAD,Monkey,0,0,0,0,0,0,0,0,0,0,0,0,0,0
2023-12-31,BREAD,CB,0,0,0,0,0,0,0,0,0,0,0,0,0,0
2023-12-31,BREAD,CrO,0,0,0,0,0,0,0,0,0,0,0,0,0,0
2023-12-31,BREAD,AA,0,0,0,0,0,0,0,0,0,0,0,0,0,0
2023-12-31,BREAD,CG,0,0,0,0,0,0,0,0,0,0,0,0,0,0
2023-12-31,BREAD,Pest,0,0,0,0,0,0,0,0,0,0,0,0,0,0
2023-12-31,BREAD,jal,0,0,0,0,0,0,0,0,0,0,0,0,0,0
2023-12-31,BREAD,Cheetah,0,0,0,0,0,0,0,0,0,0,0,0,0,0
2023-12-31,BREAD,VS,0,0,0,0,0,0,0,0,0,0,0,0,0,0
2023-12-31,BREAD,sour-TL,0,0,0,0,0,0,0,0,0,0,0,0,0,0
2023-12-31,BREAD,OB,0,0,0,0,0,0,0,0,0,0,0,0,0,0
2023-12-31,BREAD,Pepp Roll,0,0,0,0,0,0,0,0,0,0,0,0,0,0
2023-12-31,BREAD,VS Pep Rl,0,0,0,0,0,0,0,0,0,0,0,0,0,0
2023-12-31,BREAD,CAR,10,0,10,10,0,0,0,0,0,0,0,0,0,0
2023-12-31,BREAD,IHF,3,0,3,3,0,0,0,0,0,0,0,0,0,0
2023-12-31,BREAD,Tree:H,0,0,0,0,0,0,0,0,0,0,0,0,0,0
2023-12-31,BREAD,Tree:VS,0,0,0,0,0,0,0,0,0,0,0,0,0,0
2023-12-31,BREAD,Tree:BUT,0,0,0,0,0,0,0,0,0,0,0,0,0,0
2023-12-31,BREAD,R:H,0,0,0,0,0,0,0,0,0,0,0,0,0,0
2023-12-31,BREAD,FR,0,0,0,0,0,0,0,0,0,0,0,0,0,0
2023-12-31,BREAD,R:CrO,0,0,0,0,0,0,0,0,0,0,0,0,0,0
2023-12-31,BREAD,R:VS,0,0,0,0,0,0,0,0,0,0,0,0,0,0
2023-12-31,BREAD,BUT,0,0,0,0,0,0,0,0,0,0,0,0,0,0
2023-12-31,BREAD,TEA CAKES,0,0,0,0,0,0,0,0,0,0,0,0,0,0
2023-12-31,BREAD,Gingerbr,0,0,0,0,0,0,0,0,0,0,0,0,0,0
2023-12-31,BREAD,Mex Choc,0,0,0,0,0,0,0,0,0,0,0,0,0,0
2023-12-31,BREAD,Pump Choc,0,0,0,0,0,0,0,0,0,0,0,0,0,0
2023-12-31,BREAD,Pump Crumb,0,0,0,0,0,0,0,0,0,0,0,0,0,0
2023-12-31,ROLLS,C-Rolls,0,0,0,0,0,0,0,0,0,0,0,0,0,0
2023-12-31,ROLLS,C-Roll TREE,0,0,0,0,0,0,0,0,0,0,0,0,0,0
2023-12-31,ROLLS,Mini C-Roll,0,0,0,0,0,0,0,0,0,0,0,0,0,0
2023-12-31,SCONES,Blueberry,0,0,0,0,0,0,0,0,0,0,0,0,0,0
2023-12-31,SCONES,App Cran,0,0,0,0,0,0,0,0,0,0,0,0,0,0
2023-12-31,SCONES,Cherry,0,0,0,0,0,0,0,0,0,0,0,0,0,0
2023-12-31,SCONES,Butt Almond,0,0,0,0,0,0,0,0,0,0,0,0,0,0
2023-12-31,SCONES,Turtle,0,0,0,0,0,0,0,0,0,0,0,0,0,0
2023-12-31,SCONES,Cin Chip,0,0,0,0,0,0,0,0,0,0,0,0,0,0
2023-12-31,SCONES,Cran Orang,0,0,0,0,0,0,0,0,0,0,0,0,0,0
2023-12-31,SCONES,Cr Or WCC,0,0,0,0,0,0,0,0,0,0,0,0,0,0
2023-12-31,FRUIT BARS,Triple berry,0,0,0,0,0,0,0,0,0,0,0,0,0,0
2023-12-31,FRUIT BARS,cherry,0,0,0,0,0,0,0,0,0,0,0,0,0,0
2023-12-31,FRUIT BARS,apple cin,0,0,0,0,0,0,0,0,0,0,0,0,0,0
2023-12-31,FRUIT BARS,Cran WCC,0,0,0,0,0,0,0,0,0,0,0,0,0,0
2023-12-31,MUFFINS,Gingerbread,0,0,0,0,0,0,0,0,0,0,0,0,0,0
2023-12-31,MUFFINS,Mex Choc,0,0,0,0,0,0,0,0,0,0,0,0,0,0
2023-12-31,MUFFINS,Pump Choc,0,0,0,0,0,0,0,0,0,0,0,0,0,0
2023-12-31,MUFFINS,Pump Crumb,0,0,0,0,0,0,0,0,0,0,0,0,0,0
2023-12-31,COOKIES/BARS,oat cc,0,0,0,0,0,0,0,0,0,0,0,0,0,0
2023-12-31,COOKIES/BARS,triple cc,0,0,0,0,0,0,0,0,0,0,0,0,0,0
2023-12-31,COOKIES/BARS,St Nicker,0,0,0,0,0,0,0,0,0,0,0,0,0,0
2023-12-31,COOKIES/BARS,VMWCC,0,0,0,0,0,0,0,0,0,0,0,0,0,0
2023-12-31,COOKIES/BARS,Gingerbread,0,0,0,0,0,0,0,0,0,0,0,0,0,0
2023-12-31,COOKIES/BARS,Frosted,0,0,0,0,0,0,0,0,0,0,0,0,0,0
2023-12-31,COOKIES/BARS,Gingerbread,8,0,8,8,0,0,0,0,0,0,0,0,0,0
2023-12-31,COOKIES/BARS,Brown,0,0,0,0,0,0,0,0,0,0,0,0,0,0
2023-12-31,COOKIES/BARS,Pump,0,0,0,0,0,0,0,0,0,0,0,0,0,0
2023-12-31,COOKIES/BARS,Pump,6,0,6,6,0,0,0,0,0,0,0,0,0,0
2023-12-31,COOKIES/BARS,Pecan,0,0,0,0,0,0,0,0,0,0,0,0,0,0
2023-12-31,COOKIES/BARS,Ap,0,0,0,0,0,0,0,0,0,0,0,0,0,0
2023-12-31,COOKIES/BARS,Cran Ap,0,0,0,0,0,0,0,0,0,0,0,0,0,0
2023-12-31,COOKIES/BARS,Pump Ohhh,0,0,0,0,0,0,0,0,0,0,0,0,0,0
2023-12-31,COOKIES/BARS,Totals,14,0,14,14,0,0,0,0,0,0,0,0,0,0
