Date,Category,Product,START_OF_DAY_WHOLE,MADE_TODAY_WHOLE,AVAILABLE_TO_SELL_WHOLE,OUT_THE_DOOR_WHOLE,ORDERS_TODAY_WHOLE,REMOVED_AS_DAY_OLD_WHOLE,LEFT_WHOLE,START_OF_DAY_HALF,MADE_TODAY_HALF,AVAILABLE_TO_SELL_HALF,OUT_THE_DOOR_HALF,ORDERS_TODAY_HALF,REMOVED_AS_DAY_OLD_HALF,LEFT_HALF
2017-11-01,BREAD,H,17.0,24.0,41.0,19.0,3,0,19.0,0,0,0,0,0,0,0
2017-11-01,BREAD,FR,1.0,26.0,27.0,4.0,4,0,19.0,0,0,0,0,0,0,0
2017-11-01,BREAD,GW,0.0,11.0,11.0,4.0,0,0,7.0,0,0,0,0,0,0,0
2017-11-01,BREAD,DK,11.0,15.0,26.0,12.0,2,0,12.0,0,0,0,0,0,0,0
2017-11-01,BREAD,H5,4.0,0.0,4.0,4.0,0,0,0.0,0,0,0,0,0,0,0
2017-11-01,BREAD,CSWRL,6.0,12.0,18.0,9.0,0,0,9.0,1,3,4,-1,0,0,3
2017-11-01,BREAD,Pump Swl,1.0,16.0,17.0,3.0,0,0,14.0,2,2,4,0,0,0,2
2017-11-01,BREAD,Sonoma,0.0,13.0,13.0,2.0,0,0,11.0,0,4,4,1,0,0,3
2017-11-01,BREAD,CnE,10.0,6.0,16.0,8.0,8,0,0.0,1,3,4,2,0,0,2
2017-11-01,BREAD,CnR,0.0,8.0,8.0,2.0,1,0,5.0,0,0,0,0,0,0,0
2017-11-01,BREAD,CnW,0.0,8.0,8.0,1.0,0,0,7.0,0,0,0,0,0,0,0
2017-11-01,BREAD,CG,0.0,9.0,9.0,-1.0,3,0,7.0,0,2,2,1,0,0,1
2017-11-01,BREAD,Pesto CG,0.0,6.0,6.0,1.0,0,0,5.0,0,0,0,0,0,0,0
2017-11-01,BREAD,Jalep CG,0.0,4.0,4.0,2.0,0,0,2.0,0,0,0,0,0,0,0
2017-11-01,BREAD,VS,3.0,0.0,3.0,3.0,0,0,0.0,2,0,2,2,0,0,0
2017-11-01,BREAD,CB,0.0,0.0,0.0,0.0,0,0,0.0,0,0,0,0,0,0,0
2017-11-01,BREAD,CrO,0.0,0.0,0.0,0.0,0,0,0.0,0,0,0,0,0,0,0
2017-11-01,BREAD,CH,10.0,0.0,10.0,2.0,0,8,0.0,3,0,3,1,0,0,0
2017-11-01,BREAD,car,0.0,0.0,0.0,0.0,0,0,0.0,0,0,0,0,0,0,0
2017-11-01,BREAD,ihf,0.0,0.0,0.0,0.0,0,0,0.0,0,0,0,0,0,0,0
2017-11-01,BREAD,Stuf,0.0,0.0,0.0,0.0,0,0,0.0,0,0,0,0,0,0,0
2017-11-01,BREAD,Turkeys,0.0,0.0,0.0,0.0,0,0,0.0,0,0,0,0,0,0,0
2017-11-01,BREAD,Cro-Rls,0.0,0.0,0.0,0.0,0,0,0.0,0,0,0,0,0,0,0
2017-11-01,BREAD,So-Rls,0.0,0.0,0.0,0.0,0,0,0.0,0,0,0,0,0,0,0
2017-11-01,BREAD,But-Rls,0.0,0.0,0.0,0.0,0,0,0.0,0,0,0,0,0,0,0
2017-11-01,BREAD,H-RLS,3.0,0.0,3.0,1.0,0,2,0.0,0,0,0,0,0,0,0
2017-11-01,BREAD,FR-RLS,2.0,0.0,2.0,1.0,0,1,0.0,0,0,0,0,0,0,0
2017-11-01,BREAD,VS-RLS,0.0,0.0,0.0,0.0,0,0,0.0,0,0,0,0,0,0,0
2017-11-01,BREAD,BLUE STRU,0.0,10.0,10.0,6.0,2,0,2.0,0,0,0,0,0,0,0
2017-11-01,BREAD,Mex Choc,0.0,6.0,6.0,6.0,0,0,0.0,0,0,0,0,0,0,0
2017-11-01,BREAD,pump cc,3.0,5.0,8.0,5.0,0,0,3.0,0,0,0,0,0,0,0
2017-11-01,BREAD,pump cr,0.0,4.0,4.0,1.0,0,0,3.0,0,0,0,0,0,0,0
2017-11-01,ROLLS,Cinnamon,0.0,24.0,24.0,14.0,0,10,0.0,0,0,0,0,0,0,0
2017-11-01,ROLLS,pump c-roll,0.0,0.0,0.0,0.0,0,0,0.0,0,0,0,0,0,0,0
2017-11-01,ROLLS,Mini C-Roll,0.0,24.0,24.0,0.0,24,0,0.0,0,0,0,0,0,0,0
2017-11-01,SCONES,Pump Spice,0.0,12.0,12.0,6.0,0,6,0.0,0,2,2,1,0,0,0
2017-11-01,SCONES,Blueberry,0.0,0.0,0.0,0.0,0,0,0.0,0,0,0,0,0,0,0
2017-11-01,SCONES,Rasp Cream,0.0,14.0,14.0,7.0,4,3,0.0,0,2,2,1,0,0,0
2017-11-01,SCONES,Cherry,0.0,0.0,0.0,0.0,0,0,0.0,0,0,0,0,0,0,0
2017-11-01,SCONES,Butt Almond,0.0,0.0,0.0,0.0,0,0,0.0,0,0,0,0,0,0,0
2017-11-01,SCONES,Turtle,0.0,8.0,8.0,4.0,0,4,0.0,0,2,2,2,0,0,0
2017-11-01,SCONES,Cin Chip,0.0,0.0,0.0,0.0,0,0,0.0,0,0,0,0,0,0,0
2017-11-01,FRUIT BARS,Mixed Berry,0.0,8.0,8.0,3.0,0,5,0.0,0,0,0,0,0,0,0
2017-11-01,FRUIT BARS,Cherry,0.0,12.0,12.0,7.0,0,5,0.0,0,0,0,0,0,0,0
2017-11-01,FRUIT BARS,Apple cin,0.0,0.0,0.0,0.0,0,0,0.0,0,0,0,0,0,0,0
2017-11-01,FRUIT BARS,Car Apple,0.0,0.0,0.0,0.0,0,0,0.0,0,0,0,0,0,0,0
2017-11-01,MUFFINS,blue stru,0.0,8.0,8.0,5.0,0,3,0.0,0,2,2,2,0,0,0
2017-11-01,MUFFINS,Mex Choc,0.0,6.0,6.0,6.0,0,0,0.0,0,2,2,2,0,0,0
2017-11-01,MUFFINS,Pump Choc,0.0,8.0,8.0,2.0,0,6,0.0,0,2,2,0,0,0,0
2017-11-01,MUFFINS,Pump Crumb,0.0,6.0,6.0,3.0,0,3,0.0,0,2,2,0,0,0,0
2017-11-01,COOKIES/BARS,Oatmeal CC,0.0,24.0,24.0,8.0,6,0,10.0,0,0,0,0,0,0,0
2017-11-01,COOKIES/BARS,Peanut Butter,0.0,6.0,6.0,1.0,0,0,5.0,0,0,0,0,0,0,0
2017-11-01,COOKIES/BARS,PB Choc,0.0,12.0,12.0,12.0,0,0,0.0,0,0,0,0,0,0,0
2017-11-01,COOKIES/BARS,Triple Choc,0.0,24.0,24.0,13.0,5,0,6.0,0,0,0,0,0,0,0
2017-11-01,COOKIES/BARS,SnickerDoodle,2.0,18.0,20.0,16.0,2,0,2.0,0,0,0,0,0,0,0
2017-11-01,COOKIES/BARS,frosted,22.0,0.0,22.0,3.0,0,19,0.0,0,0,0,0,0,0,0
2017-11-01,COOKIES/BARS,Kahuna,0.0,20.0,20.0,20.0,0,0,0.0,0,0,0,0,0,0,0
2017-11-01,COOKIES/BARS,Brownies,0.0,0.0,0.0,0.0,0,0,0.0,0,0,0,0,0,0,0
2017-11-01,COOKIES/BARS,Pumpkin,8.0,0.0,8.0,5.0,0,3,0.0,0,0,0,0,0,0,0
2017-11-01,COOKIES/BARS,Totals,32.0,234.0,266.0,135.0,41,67,23.0,0,14,14,8,0,0,0
2017-11-02,BREAD,H,19.0,20.0,39.0,23.0,2,0,14.0,0,0,0,0,0,0,0
2017-11-02,BREAD,FR,19.0,7.0,26.0,17.0,5,0,4.0,0,0,0,0,0,0,0
2017-11-02,BREAD,GW,7.0,11.0,18.0,0.0,3,5,10.0,0,0,0,0,0,0,0
2017-11-02,BREAD,DK,12.0,0.0,12.0,11.0,0,0,1.0,0,0,0,0,0,0,0
2017-11-02,BREAD,H5,0.0,13.0,13.0,10.0,0,0,3.0,0,0,0,0,0,0,0
2017-11-02,BREAD,CSWRL,9.0,8.0,17.0,7.0,1,3,6.0,3,0,3,1,0,0,0
2017-11-02,BREAD,Pump Swl,14.0,4.0,18.0,6.0,0,10,2.0,2,0,2,1,0,0,0
2017-11-02,BREAD,Sonoma,11.0,0.0,11.0,2.0,0,9,0.0,3,0,3,0,0,0,0
2017-11-02,BREAD,CnE,0.0,0.0,0.0,0.0,0,0,0.0,2,0,2,2,0,0,0
2017-11-02,BREAD,CnR,5.0,0.0,5.0,5.0,0,0,0.0,0,0,0,0,0,0,0
2017-11-02,BREAD,CnW,7.0,0.0,7.0,6.0,0,1,0.0,0,0,0,0,0,0,0
2017-11-02,BREAD,CG,7.0,0.0,7.0,4.0,0,3,0.0,1,0,1,-1,0,0,0
2017-11-02,BREAD,Pesto CG,5.0,0.0,5.0,1.0,0,4,0.0,0,0,0,0,0,0,0
2017-11-02,BREAD,Jalep CG,2.0,0.0,2.0,1.0,0,1,0.0,0,0,0,0,0,0,0
2017-11-02,BREAD,VS,0.0,11.0,11.0,5.0,0,0,6.0,0,0,0,-1,0,0,1
2017-11-02,BREAD,CB,0.0,11.0,11.0,6.0,0,0,5.0,0,4,4,3,0,0,1
2017-11-02,BREAD,CrO,0.0,17.0,17.0,7.0,0,0,10.0,0,3,3,0,0,0,3
2017-11-02,BREAD,CH,0.0,0.0,0.0,0.0,0,0,0.0,0,0,0,0,0,0,0
2017-11-02,BREAD,car,0.0,0.0,0.0,0.0,0,0,0.0,0,0,0,0,0,0,0
2017-11-02,BREAD,ihf,0.0,0.0,0.0,0.0,0,0,0.0,0,0,0,0,0,0,0
2017-11-02,BREAD,Stuf,0.0,0.0,0.0,0.0,0,0,0.0,0,0,0,0,0,0,0
2017-11-02,BREAD,Turkeys,0.0,3.0,3.0,0.0,0,0,3.0,0,0,0,0,0,0,0
2017-11-02,BREAD,Cro-Rls,0.0,0.0,0.0,0.0,0,0,0.0,0,0,0,0,0,0,0
2017-11-02,BREAD,So-Rls,0.0,0.0,0.0,0.0,0,0,0.0,0,0,0,0,0,0,0
2017-11-02,BREAD,But-Rls,0.0,0.0,0.0,0.0,0,0,0.0,0,0,0,0,0,0,0
2017-11-02,BREAD,H-RLS,0.0,3.0,3.0,3.0,0,0,0.0,0,0,0,0,0,0,0
2017-11-02,BREAD,FR-RLS,0.0,3.0,3.0,0.0,0,0,3.0,0,0,0,0,0,0,0
2017-11-02,BREAD,VS-RLS,0.0,4.0,4.0,0.0,0,0,4.0,0,0,0,0,0,0,0
2017-11-02,BREAD,BLUE STRU,2.0,6.0,8.0,3.0,2,1,2.0,0,0,0,0,0,0,0
2017-11-02,BREAD,Mex Choc,0.0,6.0,6.0,2.0,0,0,4.0,0,0,0,0,0,0,0
2017-11-02,BREAD,pump cc,3.0,3.0,6.0,1.0,0,2,3.0,0,0,0,0,0,0,0
2017-11-02,BREAD,pump cr,3.0,1.0,4.0,0.0,0,3,1.0,0,0,0,0,0,0,0
2017-11-02,ROLLS,Cinnamon,0.0,36.0,36.0,15.0,4,17,0.0,0,0,0,0,0,0,0
2017-11-02,ROLLS,pump c-roll,0.0,0.0,0.0,0.0,0,0,0.0,0,0,0,0,0,0,0
2017-11-02,ROLLS,Mini C-Roll,0.0,0.0,0.0,0.0,0,0,0.0,0,0,0,0,0,0,0
2017-11-02,SCONES,Pump Spice,0.0,14.0,14.0,8.0,0,6,0.0,0,5,5,2,0,0,0
2017-11-02,SCONES,Blueberry,0.0,21.0,21.0,14.0,0,7,0.0,0,5,5,1,0,0,0
2017-11-02,SCONES,Rasp Cream,0.0,0.0,0.0,0.0,0,0,0.0,0,0,0,0,0,0,0
2017-11-02,SCONES,Cherry,0.0,0.0,0.0,0.0,0,0,0.0,0,0,0,0,0,0,0
2017-11-02,SCONES,Butt Almond,0.0,0.0,0.0,0.0,0,0,0.0,0,0,0,0,0,0,0
2017-11-02,SCONES,Turtle,0.0,14.0,14.0,4.0,0,10,0.0,0,4,4,2,0,0,0
2017-11-02,SCONES,Cin Chip,0.0,0.0,0.0,0.0,0,0,0.0,0,0,0,0,0,0,0
2017-11-02,FRUIT BARS,Mixed Berry,0.0,0.0,0.0,0.0,0,0,0.0,0,0,0,0,0,0,0
2017-11-02,FRUIT BARS,Cherry,0.0,0.0,0.0,0.0,0,0,0.0,0,0,0,0,0,0,0
2017-11-02,FRUIT BARS,Apple cin,0.0,12.0,12.0,4.0,3,5,0.0,0,0,0,0,0,0,0
2017-11-02,FRUIT BARS,Car Apple,0.0,8.0,8.0,1.0,2,5,0.0,0,0,0,0,0,0,0
2017-11-02,MUFFINS,blue stru,0.0,8.0,8.0,8.0,0,0,0.0,0,2,2,2,0,0,0
2017-11-02,MUFFINS,Mex Choc,0.0,6.0,6.0,2.0,0,4,0.0,0,5,5,2,0,0,0
2017-11-02,MUFFINS,Pump Choc,0.0,10.0,10.0,5.0,0,5,0.0,0,5,5,2,0,0,0
2017-11-02,MUFFINS,Pump Crumb,0.0,6.0,6.0,2.0,0,4,0.0,0,2,2,2,0,0,0
2017-11-02,COOKIES/BARS,Oatmeal CC,10.0,12.0,22.0,3.0,4,7,8.0,0,4,4,0,0,0,0
2017-11-02,COOKIES/BARS,Peanut Butter,5.0,6.0,11.0,11.0,0,0,0.0,0,0,0,0,0,0,0
2017-11-02,COOKIES/BARS,PB Choc,0.0,18.0,18.0,18.0,0,0,0.0,0,0,0,0,0,0,0
2017-11-02,COOKIES/BARS,Triple Choc,6.0,18.0,24.0,18.0,6,0,0.0,0,4,4,0,0,0,0
2017-11-02,COOKIES/BARS,SnickerDoodle,2.0,24.0,26.0,21.0,4,1,0.0,0,2,2,0,0,0,0
2017-11-02,COOKIES/BARS,frosted,0.0,12.0,12.0,3.0,0,0,9.0,0,0,0,0,0,0,0
2017-11-02,COOKIES/BARS,Kahuna,0.0,20.0,20.0,9.0,0,0,11.0,0,0,0,0,0,0,0
2017-11-02,COOKIES/BARS,Brownies,0.0,0.0,0.0,0.0,0,0,0.0,0,0,0,0,0,0,0
2017-11-02,COOKIES/BARS,Pumpkin,0.0,20.0,20.0,3.0,3,4,10.0,0,0,0,0,0,0,0
2017-11-02,COOKIES/BARS,Totals,23.0,265.0,288.0,149.0,26,75,38.0,0,38,38,13,0,0,0
2017-11-03,BREAD,H,14.0,45.0,59.0,22.0,4,0,33.0,0,0,0,0,0,0,0
2017-11-03,BREAD,FR,4.0,32.0,36.0,-7.0,26,0,17.0,0,0,0,0,0,0,0
2017-11-03,BREAD,GW,10.0,6.0,16.0,7.0,0,6,3.0,0,0,0,0,0,0,0
2017-11-03,BREAD,DK,1.0,21.0,22.0,15.0,1,0,6.0,0,0,0,0,0,0,0
2017-11-03,BREAD,H5,3.0,0.0,3.0,3.0,0,0,0.0,0,0,0,0,0,0,0
2017-11-03,BREAD,CSWRL,6.0,16.0,22.0,14.0,2,0,6.0,0,3,3,1,0,0,2
2017-11-03,BREAD,Pump Swl,2.0,16.0,18.0,9.0,0,0,9.0,0,3,3,1,0,0,2
2017-11-03,BREAD,Sonoma,0.0,13.0,13.0,5.0,0,0,8.0,0,3,3,1,0,0,2
2017-11-03,BREAD,CnE,0.0,15.0,15.0,4.0,0,0,11.0,0,4,4,0,0,0,4
2017-11-03,BREAD,CnR,0.0,7.0,7.0,5.0,1,0,1.0,0,0,0,0,0,0,0
2017-11-03,BREAD,CnW,0.0,7.0,7.0,7.0,0,0,0.0,0,0,0,0,0,0,0
2017-11-03,BREAD,CG,0.0,12.0,12.0,8.0,0,0,4.0,0,4,4,1,0,0,3
2017-11-03,BREAD,Pesto CG,0.0,4.0,4.0,3.0,0,0,1.0,0,0,0,0,0,0,0
2017-11-03,BREAD,Jalep CG,0.0,3.0,3.0,0.0,0,0,3.0,0,0,0,0,0,0,0
2017-11-03,BREAD,VS,6.0,0.0,6.0,6.0,0,0,0.0,1,0,1,1,0,0,0
2017-11-03,BREAD,CB,5.0,0.0,5.0,3.0,0,2,0.0,1,0,1,1,0,0,0
2017-11-03,BREAD,CrO,10.0,0.0,10.0,8.0,0,2,0.0,3,0,3,0,0,0,0
2017-11-03,BREAD,CH,0.0,0.0,0.0,0.0,0,0,0.0,0,0,0,0,0,0,0
2017-11-03,BREAD,car,0.0,0.0,0.0,0.0,0,0,0.0,0,0,0,0,0,0,0
2017-11-03,BREAD,ihf,0.0,0.0,0.0,0.0,0,0,0.0,0,0,0,0,0,0,0
2017-11-03,BREAD,Stuf,0.0,0.0,0.0,0.0,0,0,0.0,0,0,0,0,0,0,0
2017-11-03,BREAD,Turkeys,3.0,3.0,6.0,0.0,0,0,6.0,0,0,0,0,0,0,0
2017-11-03,BREAD,Cro-Rls,0.0,0.0,0.0,0.0,0,0,0.0,0,0,0,0,0,0,0
2017-11-03,BREAD,So-Rls,0.0,0.0,0.0,0.0,0,0,0.0,0,0,0,0,0,0,0
2017-11-03,BREAD,But-Rls,0.0,0.0,0.0,0.0,0,0,0.0,0,0,0,0,0,0,0
2017-11-03,BREAD,H-RLS,0.0,5.0,5.0,1.0,0,0,4.0,0,0,0,0,0,0,0
2017-11-03,BREAD,FR-RLS,3.0,0.0,3.0,3.0,0,0,0.0,0,0,0,0,0,0,0
2017-11-03,BREAD,VS-RLS,4.0,0.0,4.0,4.0,0,0,0.0,0,0,0,0,0,0,0
2017-11-03,BREAD,BLUE STRU,2.0,6.0,8.0,4.0,2,0,2.0,0,0,0,0,0,0,0
2017-11-03,BREAD,Mex Choc,4.0,2.0,6.0,0.0,0,4,2.0,0,0,0,0,0,0,0
2017-11-03,BREAD,pump cc,3.0,3.0,6.0,4.0,0,0,2.0,0,0,0,0,0,0,0
2017-11-03,BREAD,pump cr,3.0,1.0,4.0,4.0,0,0,0.0,0,0,0,0,0,0,0
2017-11-03,ROLLS,Cinnamon,0.0,36.0,36.0,36.0,0,0,0.0,0,0,0,0,0,0,0
2017-11-03,ROLLS,pump c-roll,0.0,0.0,0.0,0.0,0,0,0.0,0,0,0,0,0,0,0
2017-11-03,ROLLS,Mini C-Roll,0.0,0.0,0.0,0.0,0,0,0.0,0,0,0,0,0,0,0
2017-11-03,SCONES,Pump Spice,0.0,12.0,12.0,11.0,0,1,0.0,0,2,2,-1,0,0,0
2017-11-03,SCONES,Blueberry,0.0,0.0,0.0,0.0,0,0,0.0,0,0,0,0,0,0,0
2017-11-03,SCONES,Rasp Cream,0.0,0.0,0.0,0.0,0,0,0.0,0,0,0,0,0,0,0
2017-11-03,SCONES,Cherry,0.0,18.0,18.0,4.0,0,14,0.0,0,2,2,-1,0,0,0
2017-11-03,SCONES,Butt Almond,0.0,18.0,18.0,14.0,0,4,0.0,0,2,2,0,0,0,0
2017-11-03,SCONES,Turtle,0.0,0.0,0.0,0.0,0,0,0.0,0,0,0,0,0,0,0
2017-11-03,SCONES,Cin Chip,0.0,0.0,0.0,0.0,0,0,0.0,0,0,0,0,0,0,0
2017-11-03,FRUIT BARS,Mixed Berry,0.0,12.0,12.0,4.0,2,6,0.0,0,0,0,0,0,0,0
2017-11-03,FRUIT BARS,Blueberry,0.0,8.0,8.0,6.0,2,0,0.0,0,0,0,0,0,0,0
2017-11-03,FRUIT BARS,Apple cin,0.0,0.0,0.0,-2.0,2,0,0.0,0,0,0,0,0,0,0
2017-11-03,FRUIT BARS,Car Apple,0.0,0.0,0.0,0.0,0,0,0.0,0,0,0,0,0,0,0
2017-11-03,MUFFINS,blue stru,0.0,8.0,8.0,8.0,0,0,0.0,0,2,2,2,0,0,0
2017-11-03,MUFFINS,Mex Choc,0.0,8.0,8.0,7.0,0,1,0.0,0,2,2,-1,0,0,0
2017-11-03,MUFFINS,Pump Choc,0.0,8.0,8.0,8.0,0,0,0.0,0,2,2,-1,0,0,0
2017-11-03,MUFFINS,Pump Crumb,0.0,6.0,6.0,4.0,0,2,0.0,0,2,2,2,0,0,0
2017-11-03,COOKIES/BARS,Oatmeal CC,8.0,12.0,20.0,13.0,0,0,7.0,0,0,0,0,0,0,0
2017-11-03,COOKIES/BARS,Peanut Butter,0.0,12.0,12.0,3.0,0,0,9.0,0,0,0,0,0,0,0
2017-11-03,COOKIES/BARS,PB Choc,0.0,18.0,18.0,9.0,0,0,9.0,0,0,0,0,0,0,0
2017-11-03,COOKIES/BARS,Triple Choc,0.0,24.0,24.0,9.0,3,0,12.0,0,0,0,0,0,0,0
2017-11-03,COOKIES/BARS,SnickerDoodle,0.0,24.0,24.0,15.0,0,0,9.0,0,0,0,0,0,0,0
2017-11-03,COOKIES/BARS,frosted,9.0,6.0,15.0,7.0,0,3,5.0,0,0,0,0,0,0,0
2017-11-03,COOKIES/BARS,Kahuna,11.0,20.0,31.0,23.0,0,0,8.0,0,0,0,0,0,0,0
2017-11-03,COOKIES/BARS,Brownies,0.0,0.0,0.0,0.0,0,0,0.0,0,0,0,0,0,0,0
2017-11-03,COOKIES/BARS,Pumpkin,10.0,0.0,10.0,5.0,0,5,0.0,0,0,0,0,0,0,0
2017-11-03,COOKIES/BARS,Totals,38.0,250.0,288.0,184.0,9,36,59.0,0,14,14,0,0,0,0
2017-11-04,BREAD,H,33.0,0.0,33.0,31.0,0,2,0.0,0,0,0,0,0,0,0
2017-11-04,BREAD,FR,17.0,0.0,17.0,17.0,0,0,0.0,0,0,0,0,0,0,0
2017-11-04,BREAD,GW,3.0,9.0,12.0,6.0,0,6,0.0,0,0,0,0,0,0,0
2017-11-04,BREAD,DK,6.0,0.0,6.0,6.0,0,0,0.0,0,0,0,0,0,0,0
2017-11-04,BREAD,H5,0.0,0.0,0.0,0.0,0,0,0.0,0,0,0,0,0,0,0
2017-11-04,BREAD,CSWRL,6.0,8.0,14.0,14.0,0,0,0.0,2,0,2,2,0,0,0
2017-11-04,BREAD,Pump Swl,9.0,4.0,13.0,13.0,0,0,0.0,2,0,2,2,0,0,0
2017-11-04,BREAD,Sonoma,8.0,0.0,8.0,5.0,0,3,0.0,2,0,2,1,0,0,0
2017-11-04,BREAD,CnE,11.0,0.0,11.0,7.0,0,4,0.0,4,0,4,1,0,0,0
2017-11-04,BREAD,CnR,1.0,0.0,1.0,1.0,0,0,0.0,0,0,0,0,0,0,0
2017-11-04,BREAD,CnW,0.0,0.0,0.0,0.0,0,0,0.0,0,0,0,0,0,0,0
2017-11-04,BREAD,CG,4.0,0.0,4.0,4.0,0,0,0.0,3,0,3,-1,0,0,0
2017-11-04,BREAD,Pesto CG,1.0,0.0,1.0,0.0,0,1,0.0,0,0,0,0,0,0,0
2017-11-04,BREAD,Jalep CG,3.0,0.0,3.0,0.0,0,3,0.0,0,0,0,0,0,0,0
2017-11-04,BREAD,VS,0.0,8.0,8.0,8.0,0,0,0.0,0,3,3,2,0,0,0
2017-11-04,BREAD,CB,0.0,10.0,10.0,9.0,0,1,0.0,0,4,4,3,0,0,0
2017-11-04,BREAD,CrO,0.0,8.0,8.0,5.0,0,3,0.0,0,2,2,2,0,0,0
2017-11-04,BREAD,CH,0.0,0.0,0.0,0.0,0,0,0.0,0,0,0,0,0,0,0
2017-11-04,BREAD,car,0.0,0.0,0.0,0.0,0,0,0.0,0,0,0,0,0,0,0
2017-11-04,BREAD,ihf,0.0,0.0,0.0,0.0,0,0,0.0,0,0,0,0,0,0,0
2017-11-04,BREAD,Stuf,0.0,0.0,0.0,0.0,0,0,0.0,0,0,0,0,0,0,0
2017-11-04,BREAD,Turkeys,6.0,0.0,6.0,1.0,0,5,0.0,0,0,0,0,0,0,0
2017-11-04,BREAD,Cro-Rls,0.0,0.0,0.0,0.0,0,0,0.0,0,0,0,0,0,0,0
2017-11-04,BREAD,So-Rls,0.0,0.0,0.0,0.0,0,0,0.0,0,0,0,0,0,0,0
2017-11-04,BREAD,But-Rls,0.0,0.0,0.0,0.0,0,0,0.0,0,0,0,0,0,0,0
2017-11-04,BREAD,H-RLS,4.0,0.0,4.0,4.0,0,0,0.0,0,0,0,0,0,0,0
2017-11-04,BREAD,FR-RLS,0.0,0.0,0.0,0.0,0,0,0.0,0,0,0,0,0,0,0
2017-11-04,BREAD,VS-RLS,0.0,2.0,2.0,2.0,0,0,0.0,0,0,0,0,0,0,0
2017-11-04,BREAD,BLUE STRU,2.0,1.0,3.0,2.0,0,1,0.0,0,0,0,0,0,0,0
2017-11-04,BREAD,Mex Choc,2.0,1.0,3.0,0.0,0,3,0.0,0,0,0,0,0,0,0
2017-11-04,BREAD,pump cc,2.0,1.0,3.0,3.0,0,0,0.0,0,0,0,0,0,0,0
2017-11-04,BREAD,pump cr,0.0,2.0,2.0,1.0,0,1,0.0,0,0,0,0,0,0,0
2017-11-04,ROLLS,Cinnamon,0.0,48.0,48.0,48.0,0,0,0.0,0,0,0,0,0,0,0
2017-11-04,ROLLS,pump c-roll,0.0,0.0,0.0,0.0,0,0,0.0,0,0,0,0,0,0,0
2017-11-04,ROLLS,Mini C-Roll,0.0,0.0,0.0,0.0,0,0,0.0,0,0,0,0,0,0,0
2017-11-04,SCONES,Pump Spice,0.0,14.0,14.0,14.0,0,0,0.0,0,2,2,2,0,0,0
2017-11-04,SCONES,Blueberry,0.0,35.0,35.0,35.0,0,0,0.0,0,4,4,4,0,0,0
2017-11-04,SCONES,Rasp Cream,0.0,0.0,0.0,0.0,0,0,0.0,0,0,0,0,0,0,0
2017-11-04,SCONES,Cherry,0.0,0.0,0.0,0.0,0,0,0.0,0,0,0,0,0,0,0
2017-11-04,SCONES,Butt Almond,0.0,30.0,30.0,19.0,0,11,0.0,0,4,4,3,0,0,0
2017-11-04,SCONES,Turtle,0.0,0.0,0.0,0.0,0,0,0.0,0,0,0,0,0,0,0
2017-11-04,SCONES,Cin Chip,0.0,0.0,0.0,0.0,0,0,0.0,0,0,0,0,0,0,0
2017-11-04,FRUIT BARS,Mixed Berry,0.0,0.0,0.0,0.0,0,0,0.0,0,0,0,0,0,0,0
2017-11-04,FRUIT BARS,Cherry,0.0,0.0,0.0,0.0,0,0,0.0,0,0,0,0,0,0,0
2017-11-04,FRUIT BARS,Apple cin,0.0,12.0,12.0,12.0,0,0,0.0,0,0,0,0,0,0,0
2017-11-04,FRUIT BARS,Car Apple,0.0,8.0,8.0,6.0,0,2,0.0,0,0,0,0,0,0,0
2017-11-04,MUFFINS,blue stru,0.0,10.0,10.0,10.0,0,0,0.0,0,2,2,2,0,0,0
2017-11-04,MUFFINS,Mex Choc,0.0,6.0,6.0,6.0,0,0,0.0,0,2,2,2,0,0,0
2017-11-04,MUFFINS,Pump Choc,0.0,10.0,10.0,10.0,0,0,0.0,0,2,2,2,0,0,0
2017-11-04,MUFFINS,Pump Crumb,0.0,6.0,6.0,6.0,0,0,0.0,0,2,2,2,0,0,0
2017-11-04,COOKIES/BARS,Oatmeal CC,7.0,6.0,13.0,13.0,0,0,0.0,0,0,0,0,0,0,0
2017-11-04,COOKIES/BARS,Peanut Butter,9.0,0.0,9.0,8.0,0,1,0.0,0,0,0,0,0,0,0
2017-11-04,COOKIES/BARS,PB Choc,9.0,0.0,9.0,9.0,0,0,0.0,0,0,0,0,0,0,0
2017-11-04,COOKIES/BARS,Triple Choc,12.0,0.0,12.0,9.0,0,3,0.0,0,0,0,0,0,0,0
2017-11-04,COOKIES/BARS,SnickerDoodle,9.0,6.0,15.0,9.0,0,6,0.0,0,0,0,0,0,0,0
2017-11-04,COOKIES/BARS,frosted,5.0,0.0,5.0,3.0,0,2,0.0,0,0,0,0,0,0,0
2017-11-04,COOKIES/BARS,Kahuna,8.0,0.0,8.0,8.0,0,0,0.0,0,0,0,0,0,0,0
2017-11-04,COOKIES/BARS,Brownies,0.0,0.0,0.0,0.0,0,0,0.0,0,0,0,0,0,0,0
2017-11-04,COOKIES/BARS,Pumpkin,0.0,0.0,0.0,0.0,0,0,0.0,0,0,0,0,0,0,0
2017-11-04,COOKIES/BARS,Totals,59.0,191.0,250.0,225.0,0,25,0.0,0,18,18,17,0,0,0
2017-11-05,BREAD,H,0.0,0.0,0.0,0.0,0,0,0.0,0,0,0,0,0,0,0
2017-11-05,BREAD,FR,0.0,0.0,0.0,0.0,0,0,0.0,0,0,0,0,0,0,0
2017-11-05,BREAD,GW,0.0,0.0,0.0,0.0,0,0,0.0,0,0,0,0,0,0,0
2017-11-05,BREAD,DK,0.0,0.0,0.0,0.0,0,0,0.0,0,0,0,0,0,0,0
2017-11-05,BREAD,H5,0.0,0.0,0.0,0.0,0,0,0.0,0,0,0,0,0,0,0
2017-11-05,BREAD,CSWRL,0.0,0.0,0.0,0.0,0,0,0.0,0,0,0,0,0,0,0
2017-11-05,BREAD,Pump Swl,0.0,0.0,0.0,0.0,0,0,0.0,0,0,0,0,0,0,0
2017-11-05,BREAD,Sonoma,0.0,0.0,0.0,0.0,0,0,0.0,0,0,0,0,0,0,0
2017-11-05,BREAD,CnE,0.0,0.0,0.0,0.0,0,0,0.0,0,0,0,0,0,0,0
2017-11-05,BREAD,CnR,0.0,0.0,0.0,0.0,0,0,0.0,0,0,0,0,0,0,0
2017-11-05,BREAD,CnW,0.0,0.0,0.0,0.0,0,0,0.0,0,0,0,0,0,0,0
2017-11-05,BREAD,CG,0.0,0.0,0.0,0.0,0,0,0.0,0,0,0,0,0,0,0
2017-11-05,BREAD,Pesto CG,0.0,0.0,0.0,0.0,0,0,0.0,0,0,0,0,0,0,0
2017-11-05,BREAD,Jalep CG,0.0,0.0,0.0,0.0,0,0,0.0,0,0,0,0,0,0,0
2017-11-05,BREAD,VS,0.0,0.0,0.0,0.0,0,0,0.0,0,0,0,0,0,0,0
2017-11-05,BREAD,CB,0.0,0.0,0.0,0.0,0,0,0.0,0,0,0,0,0,0,0
2017-11-05,BREAD,CrO,0.0,0.0,0.0,0.0,0,0,0.0,0,0,0,0,0,0,0
2017-11-05,BREAD,CH,0.0,0.0,0.0,0.0,0,0,0.0,0,0,0,0,0,0,0
2017-11-05,BREAD,car,0.0,0.0,0.0,0.0,0,0,0.0,0,0,0,0,0,0,0
2017-11-05,BREAD,ihf,0.0,0.0,0.0,0.0,0,0,0.0,0,0,0,0,0,0,0
2017-11-05,BREAD,Stuf,0.0,0.0,0.0,0.0,0,0,0.0,0,0,0,0,0,0,0
2017-11-05,BREAD,Turkeys,0.0,0.0,0.0,0.0,0,0,0.0,0,0,0,0,0,0,0
2017-11-05,BREAD,Cro-Rls,0.0,0.0,0.0,0.0,0,0,0.0,0,0,0,0,0,0,0
2017-11-05,BREAD,So-Rls,0.0,0.0,0.0,0.0,0,0,0.0,0,0,0,0,0,0,0
2017-11-05,BREAD,But-Rls,0.0,0.0,0.0,0.0,0,0,0.0,0,0,0,0,0,0,0
2017-11-05,BREAD,H-RLS,0.0,0.0,0.0,0.0,0,0,0.0,0,0,0,0,0,0,0
2017-11-05,BREAD,FR-RLS,0.0,0.0,0.0,0.0,0,0,0.0,0,0,0,0,0,0,0
2017-11-05,BREAD,VS-RLS,0.0,0.0,0.0,0.0,0,0,0.0,0,0,0,0,0,0,0
2017-11-05,BREAD,BLUE STRU,0.0,0.0,0.0,0.0,0,0,0.0,0,0,0,0,0,0,0
2017-11-05,BREAD,Mex Choc,0.0,0.0,0.0,0.0,0,0,0.0,0,0,0,0,0,0,0
2017-11-05,BREAD,pump cc,0.0,0.0,0.0,0.0,0,0,0.0,0,0,0,0,0,0,0
2017-11-05,BREAD,pump cr,0.0,0.0,0.0,0.0,0,0,0.0,0,0,0,0,0,0,0
2017-11-05,ROLLS,Cinnamon,0.0,0.0,0.0,0.0,0,0,0.0,0,0,0,0,0,0,0
2017-11-05,ROLLS,pump c-roll,0.0,0.0,0.0,0.0,0,0,0.0,0,0,0,0,0,0,0
2017-11-05,ROLLS,Mini C-Roll,0.0,0.0,0.0,0.0,0,0,0.0,0,0,0,0,0,0,0
2017-11-05,SCONES,Pump Spice,0.0,0.0,0.0,0.0,0,0,0.0,0,0,0,0,0,0,0
2017-11-05,SCONES,Blueberry,0.0,0.0,0.0,0.0,0,0,0.0,0,0,0,0,0,0,0
2017-11-05,SCONES,Rasp Cream,0.0,0.0,0.0,0.0,0,0,0.0,0,0,0,0,0,0,0
2017-11-05,SCONES,Cherry,0.0,0.0,0.0,0.0,0,0,0.0,0,0,0,0,0,0,0
2017-11-05,SCONES,Butt Almond,0.0,0.0,0.0,0.0,0,0,0.0,0,0,0,0,0,0,0
2017-11-05,SCONES,Turtle,0.0,0.0,0.0,0.0,0,0,0.0,0,0,0,0,0,0,0
2017-11-05,SCONES,Cin Chip,0.0,0.0,0.0,0.0,0,0,0.0,0,0,0,0,0,0,0
2017-11-05,FRUIT BARS,Mixed Berry,0.0,0.0,0.0,0.0,0,0,0.0,0,0,0,0,0,0,0
2017-11-05,FRUIT BARS,Cherry,0.0,0.0,0.0,0.0,0,0,0.0,0,0,0,0,0,0,0
2017-11-05,FRUIT BARS,Apple Cin,0.0,0.0,0.0,0.0,0,0,0.0,0,0,0,0,0,0,0
2017-11-05,FRUIT BARS,Car Apple,0.0,0.0,0.0,0.0,0,0,0.0,0,0,0,0,0,0,0
2017-11-05,MUFFINS,blue stru,0.0,0.0,0.0,0.0,0,0,0.0,0,0,0,0,0,0,0
2017-11-05,MUFFINS,Mex Choc,0.0,0.0,0.0,0.0,0,0,0.0,0,0,0,0,0,0,0
2017-11-05,MUFFINS,Pump Choc,0.0,0.0,0.0,0.0,0,0,0.0,0,0,0,0,0,0,0
2017-11-05,MUFFINS,Pump Crumb,0.0,0.0,0.0,0.0,0,0,0.0,0,0,0,0,0,0,0
2017-11-05,COOKIES/BARS,Oatmeal CC,0.0,0.0,0.0,0.0,0,0,0.0,0,0,0,0,0,0,0
2017-11-05,COOKIES/BARS,Peanut Butter,0.0,0.0,0.0,0.0,0,0,0.0,0,0,0,0,0,0,0
2017-11-05,COOKIES/BARS,PB Choc,0.0,0.0,0.0,0.0,0,0,0.0,0,0,0,0,0,0,0
2017-11-05,COOKIES/BARS,Triple Choc,0.0,0.0,0.0,0.0,0,0,0.0,0,0,0,0,0,0,0
2017-11-05,COOKIES/BARS,SnickerDoodle,0.0,0.0,0.0,0.0,0,0,0.0,0,0,0,0,0,0,0
2017-11-05,COOKIES/BARS,frosted,0.0,0.0,0.0,0.0,0,0,0.0,0,0,0,0,0,0,0
2017-11-05,COOKIES/BARS,Kahuna,0.0,0.0,0.0,0.0,0,0,0.0,0,0,0,0,0,0,0
2017-11-05,COOKIES/BARS,Brownies,0.0,0.0,0.0,0.0,0,0,0.0,0,0,0,0,0,0,0
2017-11-05,COOKIES/BARS,Pumpkin,0.0,0.0,0.0,0.0,0,0,0.0,0,0,0,0,0,0,0
2017-11-05,COOKIES/BARS,Totals,0.0,0.0,0.0,0.0,0,0,0.0,0,0,0,0,0,0,0
2017-11-06,BREAD,H,0.0,25.0,25.0,23.0,2,0,0.0,0,0,0,0,0,0,0
2017-11-06,BREAD,FR,0.0,33.0,33.0,23.0,5,0,5.0,0,0,0,0,0,0,0
2017-11-06,BREAD,GW,0.0,0.0,0.0,-3.0,0,0,3.0,0,0,0,0,0,0,0
2017-11-06,BREAD,DK,0.0,21.0,21.0,9.0,2,0,10.0,0,0,0,0,0,0,0
2017-11-06,BREAD,H5,0.0,0.0,0.0,0.0,0,0,0.0,0,0,0,0,0,0,0
2017-11-06,BREAD,CSWRL,0.0,0.0,0.0,-9.0,1,0,8.0,0,0,0,-2,0,0,2
2017-11-06,BREAD,Pump Swl,0.0,0.0,0.0,-8.0,0,0,8.0,0,0,0,-1,0,0,1
2017-11-06,BREAD,Sonoma,0.0,13.0,13.0,10.0,0,0,3.0,0,3,3,1,0,0,2
2017-11-06,BREAD,CnE,0.0,14.0,14.0,0.0,0,0,14.0,0,0,0,-2,0,0,2
2017-11-06,BREAD,CnR,0.0,10.0,10.0,6.0,0,0,4.0,0,0,0,0,0,0,0
2017-11-06,BREAD,CnW,0.0,4.0,4.0,1.0,0,0,3.0,0,0,0,0,0,0,0
2017-11-06,BREAD,CG,0.0,10.0,10.0,5.0,0,0,5.0,0,4,4,2,0,0,2
2017-11-06,BREAD,Pesto CG,0.0,6.0,6.0,5.0,0,0,1.0,0,0,0,0,0,0,0
2017-11-06,BREAD,Jalep CG,0.0,4.0,4.0,1.0,0,0,3.0,0,0,0,0,0,0,0
2017-11-06,BREAD,VS,0.0,0.0,0.0,0.0,0,0,0.0,0,0,0,0,0,0,0
2017-11-06,BREAD,CB,0.0,0.0,0.0,0.0,0,0,0.0,0,0,0,0,0,0,0
2017-11-06,BREAD,CrO,0.0,0.0,0.0,0.0,0,0,0.0,0,0,0,0,0,0,0
2017-11-06,BREAD,CH,0.0,0.0,0.0,0.0,0,0,0.0,0,0,0,0,0,0,0
2017-11-06,BREAD,car,0.0,0.0,0.0,0.0,0,0,0.0,0,0,0,0,0,0,0
2017-11-06,BREAD,ihf,0.0,0.0,0.0,0.0,0,0,0.0,0,0,0,0,0,0,0
2017-11-06,BREAD,Stuf,0.0,0.0,0.0,0.0,0,0,0.0,0,0,0,0,0,0,0
2017-11-06,BREAD,Turkeys,0.0,3.0,3.0,0.0,0,0,3.0,0,0,0,0,0,0,0
2017-11-06,BREAD,Cro-Rls,0.0,0.0,0.0,0.0,0,0,0.0,0,0,0,0,0,0,0
2017-11-06,BREAD,So-Rls,0.0,0.0,0.0,0.0,0,0,0.0,0,0,0,0,0,0,0
2017-11-06,BREAD,But-Rls,0.0,0.0,0.0,0.0,0,0,0.0,0,0,0,0,0,0,0
2017-11-06,BREAD,H-RLS,0.0,4.0,4.0,4.0,0,0,0.0,0,0,0,0,0,0,0
2017-11-06,BREAD,FR-RLS,0.0,0.0,0.0,-1.0,0,0,1.0,0,0,0,0,0,0,0
2017-11-06,BREAD,VS-RLS,0.0,0.0,0.0,0.0,0,0,0.0,0,0,0,0,0,0,0
2017-11-06,BREAD,BLUE STRU,0.0,5.0,5.0,4.0,1,0,0.0,0,0,0,0,0,0,0
2017-11-06,BREAD,Mex Choc,0.0,4.0,4.0,0.0,0,0,4.0,0,0,0,0,0,0,0
2017-11-06,BREAD,pump cc,0.0,4.0,4.0,3.0,0,0,1.0,0,0,0,0,0,0,0
2017-11-06,BREAD,pump cr,0.0,3.0,3.0,0.0,0,0,3.0,0,0,0,0,0,0,0
2017-11-06,ROLLS,Cinnamon,0.0,24.0,24.0,22.0,0,2,0.0,0,0,0,0,0,0,0
2017-11-06,ROLLS,pump c-roll,0.0,0.0,0.0,0.0,0,0,0.0,0,0,0,0,0,0,0
2017-11-06,ROLLS,Mini C-Roll,0.0,48.0,48.0,0.0,48,0,0.0,0,0,0,0,0,0,0
2017-11-06,SCONES,Pump Spice,0.0,12.0,12.0,9.0,0,3,0.0,0,4,4,2,0,0,0
2017-11-06,SCONES,Blueberry,0.0,0.0,0.0,0.0,0,0,0.0,0,0,0,0,0,0,0
2017-11-06,SCONES,Rasp Cream,0.0,12.0,12.0,12.0,0,0,0.0,0,5,5,2,0,0,0
2017-11-06,SCONES,Cherry,0.0,0.0,0.0,0.0,0,0,0.0,0,0,0,0,0,0,0
2017-11-06,SCONES,Butt Almond,0.0,0.0,0.0,0.0,0,0,0.0,0,0,0,0,0,0,0
2017-11-06,SCONES,Turtle,0.0,0.0,0.0,0.0,0,0,0.0,0,0,0,0,0,0,0
2017-11-06,SCONES,Cin Chip,0.0,12.0,12.0,7.0,0,5,0.0,0,5,5,2,0,0,0
2017-11-06,FRUIT BARS,Mixed Berry,0.0,12.0,12.0,10.0,2,0,0.0,0,0,0,0,0,0,0
2017-11-06,FRUIT BARS,Cherry,0.0,8.0,8.0,7.0,1,0,0.0,0,0,0,0,0,0,0
2017-11-06,FRUIT BARS,Apple Cin,0.0,0.0,0.0,0.0,0,0,0.0,0,0,0,0,0,0,0
2017-11-06,FRUIT BARS,Car Apple,0.0,0.0,0.0,0.0,0,0,0.0,0,0,0,0,0,0,0
2017-11-06,MUFFINS,blue stru,0.0,5.0,5.0,5.0,0,0,0.0,0,1,1,1,0,0,0
2017-11-06,MUFFINS,Mex Choc,0.0,5.0,5.0,4.0,0,1,0.0,0,4,4,1,0,0,0
2017-11-06,MUFFINS,Pump Choc,0.0,5.0,5.0,5.0,0,0,0.0,0,4,4,1,0,0,0
2017-11-06,MUFFINS,Pump Crumb,0.0,5.0,5.0,5.0,0,0,0.0,0,1,1,1,0,0,0
2017-11-06,MUFFINS,Oatmeal CC,0.0,30.0,30.0,9.0,14,0,7.0,0,0,0,0,0,0,0
2017-11-06,MUFFINS,Peanut Butter,0.0,8.0,8.0,4.0,0,0,4.0,0,0,0,0,0,0,0
2017-11-06,MUFFINS,PB Choc,0.0,12.0,12.0,12.0,0,0,0.0,0,0,0,0,0,0,0
2017-11-06,MUFFINS,Triple Choc,0.0,30.0,30.0,16.0,13,0,1.0,0,0,0,0,0,0,0
2017-11-06,MUFFINS,SnickerDoodle,0.0,30.0,30.0,12.0,14,0,4.0,0,0,0,0,0,0,0
2017-11-06,MUFFINS,frosted,0.0,8.0,8.0,6.0,0,0,2.0,0,0,0,0,0,0,0
2017-11-06,MUFFINS,Kahuna,0.0,0.0,0.0,0.0,0,0,0.0,0,0,0,0,0,0,0
2017-11-06,MUFFINS,Brownies,0.0,0.0,0.0,0.0,0,0,0.0,0,0,0,0,0,0,0
2017-11-06,MUFFINS,Pumpkin Bars,0.0,10.0,0.0,0.0,0,0,0.0,0,0,0,0,0,0,0
2017-11-06,MUFFINS,Pumpkin,0.0,0.0,0.0,0.0,0,0,0.0,0,0,0,0,0,0,0
2017-11-06,MUFFINS,Totals,0.0,276.0,266.0,145.0,92,11,18.0,0,24,24,10,0,0,0
2017-11-07,BREAD,H,0.0,48.0,48.0,10.0,16,0,22.0,0,0,0,0,0,0,0
2017-11-07,BREAD,FR,5.0,63.0,68.0,28.0,35,0,5.0,0,0,0,0,0,0,0
2017-11-07,BREAD,GW,3.0,8.0,11.0,5.0,0,0,6.0,0,0,0,0,0,0,0
2017-11-07,BREAD,DK,10.0,0.0,10.0,10.0,0,0,0.0,0,0,0,0,0,0,0
2017-11-07,BREAD,H5,0.0,19.0,19.0,6.0,0,0,13.0,0,0,0,0,0,0,0
2017-11-07,BREAD,CSWRL,8.0,12.0,20.0,10.0,4,0,6.0,2,0,2,1,0,0,0
2017-11-07,BREAD,Pump Swl,8.0,8.0,16.0,6.0,1,4,5.0,1,2,3,1,0,0,2
2017-11-07,BREAD,Sonoma,3.0,0.0,3.0,2.0,0,1,0.0,2,0,2,2,0,0,0
2017-11-07,BREAD,CnE,14.0,0.0,14.0,9.0,0,5,0.0,2,0,2,2,0,0,0
2017-11-07,BREAD,CnR,4.0,0.0,4.0,2.0,0,2,0.0,0,0,0,0,0,0,0
2017-11-07,BREAD,CnW,3.0,0.0,3.0,1.0,0,2,0.0,0,0,0,0,0,0,0
2017-11-07,BREAD,CG,5.0,0.0,5.0,3.0,0,2,0.0,2,0,2,0,0,0,0
2017-11-07,BREAD,Pesto CG,1.0,0.0,1.0,1.0,0,0,0.0,0,0,0,0,0,0,0
2017-11-07,BREAD,Jalep CG,3.0,0.0,3.0,0.0,0,3,0.0,0,0,0,0,0,0,0
2017-11-07,BREAD,VS,0.0,0.0,0.0,-7.0,1,0,6.0,0,0,0,-2,0,0,2
2017-11-07,BREAD,CB,0.0,12.0,12.0,3.0,0,0,9.0,0,5,5,3,0,0,2
2017-11-07,BREAD,CrO,0.0,74.0,74.0,56.0,5,0,13.0,0,3,3,1,0,0,2
2017-11-07,BREAD,CH,0.0,0.0,0.0,-3.0,0,0,3.0,0,0,0,-2,0,0,2
2017-11-07,BREAD,car,0.0,0.0,0.0,0.0,0,0,0.0,0,0,0,0,0,0,0
2017-11-07,BREAD,ihf,0.0,0.0,0.0,0.0,0,0,0.0,0,0,0,0,0,0,0
2017-11-07,BREAD,Stuf,0.0,0.0,0.0,0.0,0,0,0.0,0,0,0,0,0,0,0
2017-11-07,BREAD,Turkeys,3.0,0.0,3.0,0.0,0,0,3.0,0,0,0,0,0,0,0
2017-11-07,BREAD,Cro-Rls,0.0,0.0,0.0,0.0,0,0,0.0,0,0,0,0,0,0,0
2017-11-07,BREAD,So-Rls,0.0,0.0,0.0,0.0,0,0,0.0,0,0,0,0,0,0,0
2017-11-07,BREAD,But-Rls,0.0,0.0,0.0,0.0,0,0,0.0,0,0,0,0,0,0,0
2017-11-07,BREAD,H-RLS,0.0,3.0,3.0,1.0,0,0,2.0,0,0,0,0,0,0,0
2017-11-07,BREAD,FR-RLS,1.0,8.0,9.0,8.0,0,0,1.0,0,0,0,0,0,0,0
2017-11-07,BREAD,VS-RLS,0.0,0.0,0.0,0.0,0,0,0.0,0,0,0,0,0,0,0
2017-11-07,BREAD,BLUE STRU,0.0,9.0,9.0,2.0,4,0,3.0,0,0,0,0,0,0,0
2017-11-07,BREAD,Mex Choc,4.0,1.0,5.0,0.0,0,4,1.0,0,0,0,0,0,0,0
2017-11-07,BREAD,pump cc,1.0,5.0,6.0,2.0,0,0,4.0,0,0,0,0,0,0,0
2017-11-07,BREAD,pump cr,3.0,2.0,5.0,2.0,0,1,2.0,0,0,0,0,0,0,0
2017-11-07,BREAD,Choc Carm,0.0,8.0,8.0,2.0,4,0,2.0,0,0,0,0,0,0,0
2017-11-07,ROLLS,Cinnamon,0.0,24.0,24.0,24.0,0,0,0.0,0,0,0,0,0,0,0
2017-11-07,ROLLS,pump c-roll,0.0,0.0,0.0,0.0,0,0,0.0,0,0,0,0,0,0,0
2017-11-07,ROLLS,Mini C-Roll,0.0,0.0,0.0,0.0,0,0,0.0,0,0,0,0,0,0,0
2017-11-07,SCONES,Pump Spice,0.0,12.0,12.0,12.0,0,0,0.0,0,14,14,2,0,0,0
2017-11-07,SCONES,Blueberry,0.0,16.0,16.0,16.0,0,0,0.0,0,16,16,2,0,0,0
2017-11-07,SCONES,Rasp Cream,0.0,0.0,0.0,0.0,0,0,0.0,0,0,0,0,0,0,0
2017-11-07,SCONES,Cherry,0.0,0.0,0.0,0.0,0,0,0.0,0,0,0,0,0,0,0
2017-11-07,SCONES,Butt Almond,0.0,0.0,0.0,0.0,0,0,0.0,0,0,0,0,0,0,0
2017-11-07,SCONES,Turtle,0.0,0.0,0.0,0.0,0,0,0.0,0,0,0,0,0,0,0
2017-11-07,SCONES,Cin Chip,0.0,14.0,14.0,5.0,0,9,0.0,0,16,16,2,0,0,0
2017-11-07,FRUIT BARS,Mixed Berry,0.0,8.0,8.0,4.0,4,0,0.0,0,0,0,0,0,0,0
2017-11-07,FRUIT BARS,Cherry,0.0,12.0,12.0,5.0,7,0,0.0,0,0,0,0,0,0,0
2017-11-07,FRUIT BARS,Apple Cin,0.0,12.0,12.0,5.0,7,0,0.0,0,0,0,0,0,0,0
2017-11-07,FRUIT BARS,Car Apple,0.0,8.0,8.0,4.0,4,0,0.0,0,0,0,0,0,0,0
2017-11-07,MUFFINS,blue stru,0.0,6.0,6.0,2.0,0,4,0.0,0,39,39,2,0,0,0
2017-11-07,MUFFINS,Mex Choc,0.0,6.0,6.0,5.0,0,1,0.0,0,2,2,1,0,0,0
2017-11-07,MUFFINS,Pump Choc,0.0,7.0,7.0,7.0,0,0,0.0,0,2,2,-1,0,0,0
2017-11-07,MUFFINS,Pump Crumb,0.0,5.0,5.0,5.0,0,0,0.0,0,39,39,-2,0,0,0
2017-11-07,MUFFINS,Choc Carm,0.0,8.0,8.0,8.0,0,0,0.0,0,39,39,-1,0,0,0
2017-11-07,MUFFINS,Cookies,0.0,0.0,0.0,0.0,0,0,0.0,0,0,0,0,0,0,0
2017-11-07,MUFFINS,Oatmeal CC,7.0,48.0,55.0,16.0,31,0,8.0,0,4,4,0,0,0,0
2017-11-07,MUFFINS,Peanut Butter,4.0,12.0,16.0,1.0,0,2,13.0,0,0,0,0,0,0,0
2017-11-07,MUFFINS,PB Choc,0.0,12.0,12.0,12.0,0,0,0.0,0,0,0,0,0,0,0
2017-11-07,MUFFINS,Triple Choc,1.0,54.0,55.0,18.0,37,0,0.0,0,2,2,0,0,0,0
2017-11-07,MUFFINS,SnickerDoodle,4.0,48.0,52.0,21.0,31,0,0.0,0,4,4,0,0,0,0
2017-11-07,MUFFINS,frosted,2.0,12.0,14.0,14.0,0,0,0.0,0,0,0,0,0,0,0
2017-11-07,MUFFINS,Kahuna,0.0,20.0,20.0,7.0,3,0,10.0,0,0,0,0,0,0,0
2017-11-07,MUFFINS,Brownies,0.0,0.0,0.0,0.0,0,0,0.0,0,0,0,0,0,0,0
2017-11-07,MUFFINS,Pumpkin,0.0,0.0,0.0,0.0,0,0,0.0,0,0,0,0,0,0,0
2017-11-07,MUFFINS,Totals,18.0,344.0,362.0,191.0,124,16,31.0,0,177,177,5,0,0,0
2017-11-08,BREAD,H,22.0,25.0,47.0,30.0,0,0,17.0,0,0,0,0,0,0,0
2017-11-08,BREAD,FR,5.0,23.0,28.0,13.0,0,0,15.0,0,0,0,0,0,0,0
2017-11-08,BREAD,GW,6.0,4.0,10.0,10.0,0,0,0.0,0,0,0,0,0,0,0
2017-11-08,BREAD,DK,0.0,14.0,14.0,8.0,0,0,6.0,0,0,0,0,0,0,0
2017-11-08,BREAD,H5,13.0,0.0,13.0,5.0,0,0,8.0,0,0,0,0,0,0,0
2017-11-08,BREAD,CSWRL,6.0,12.0,18.0,10.0,0,0,8.0,0,3,3,0,0,0,3
2017-11-08,BREAD,Pump Swl,5.0,12.0,17.0,7.0,1,0,9.0,2,0,2,1,0,0,0
2017-11-08,BREAD,Sonoma,0.0,14.0,14.0,1.0,0,0,13.0,0,2,2,0,0,0,2
2017-11-08,BREAD,CnE,0.0,14.0,14.0,8.0,0,0,6.0,0,2,2,0,0,0,2
2017-11-08,BREAD,CnR,0.0,4.0,4.0,4.0,0,0,0.0,0,0,0,0,0,0,0
2017-11-08,BREAD,CnW,0.0,4.0,4.0,2.0,0,0,2.0,0,0,0,0,0,0,0
2017-11-08,BREAD,CG,0.0,9.0,9.0,2.0,0,0,7.0,0,4,4,2,0,0,2
2017-11-08,BREAD,Pesto CG,0.0,6.0,6.0,2.0,0,0,4.0,0,0,0,0,0,0,0
2017-11-08,BREAD,Jalep CG,0.0,4.0,4.0,0.0,0,0,4.0,0,0,0,0,0,0,0
2017-11-08,BREAD,VS,6.0,0.0,6.0,6.0,0,0,0.0,2,0,2,2,0,0,0
2017-11-08,BREAD,CB,9.0,0.0,9.0,6.0,0,3,0.0,2,0,2,2,0,0,0
2017-11-08,BREAD,CrO,13.0,0.0,13.0,1.0,0,12,0.0,2,0,2,1,0,0,0
2017-11-08,BREAD,CH,3.0,0.0,3.0,2.0,0,1,0.0,2,0,2,0,0,0,0
2017-11-08,BREAD,car,0.0,0.0,0.0,0.0,0,0,0.0,0,0,0,0,0,0,0
2017-11-08,BREAD,ihf,0.0,0.0,0.0,0.0,0,0,0.0,0,0,0,0,0,0,0
2017-11-08,BREAD,Stuf,0.0,0.0,0.0,0.0,0,0,0.0,0,0,0,0,0,0,0
2017-11-08,BREAD,Turkeys,3.0,0.0,3.0,3.0,0,0,0.0,0,0,0,0,0,0,0
2017-11-08,BREAD,Cro-Rls,0.0,0.0,0.0,0.0,0,0,0.0,0,0,0,0,0,0,0
2017-11-08,BREAD,So-Rls,0.0,0.0,0.0,0.0,0,0,0.0,0,0,0,0,0,0,0
2017-11-08,BREAD,But-Rls,0.0,0.0,0.0,0.0,0,0,0.0,0,0,0,0,0,0,0
2017-11-08,BREAD,H-RLS,2.0,2.0,4.0,1.0,0,1,2.0,0,0,0,0,0,0,0
2017-11-08,BREAD,FR-RLS,1.0,3.0,4.0,3.0,0,0,1.0,0,0,0,0,0,0,0
2017-11-08,BREAD,VS-RLS,0.0,0.0,0.0,-18.0,18,0,0.0,0,0,0,0,0,0,0
2017-11-08,BREAD,BLUE STRU,3.0,6.0,9.0,0.0,1,3,5.0,0,0,0,0,0,0,0
2017-11-08,BREAD,Mex Choc,1.0,5.0,6.0,2.0,0,0,4.0,0,0,0,0,0,0,0
2017-11-08,BREAD,pump cc,4.0,4.0,8.0,4.0,0,0,4.0,0,0,0,0,0,0,0
2017-11-08,BREAD,pump cr,2.0,2.0,4.0,3.0,0,0,1.0,0,0,0,0,0,0,0
2017-11-08,ROLLS,Cinnamon,0.0,24.0,24.0,24.0,0,0,0.0,0,0,0,0,0,0,0
2017-11-08,ROLLS,pump c-roll,0.0,0.0,0.0,0.0,0,0,0.0,0,0,0,0,0,0,0
2017-11-08,ROLLS,Mini C-Roll,0.0,0.0,0.0,0.0,0,0,0.0,0,0,0,0,0,0,0
2017-11-08,SCONES,Pump Spice,0.0,12.0,12.0,4.0,0,8,0.0,0,2,2,1,0,0,0
2017-11-08,SCONES,Blueberry,0.0,0.0,0.0,0.0,0,0,0.0,0,0,0,0,0,0,0
2017-11-08,SCONES,Rasp Cream,0.0,16.0,16.0,12.0,4,0,0.0,0,2,2,2,0,0,0
2017-11-08,SCONES,Cherry,0.0,0.0,0.0,0.0,0,0,0.0,0,0,0,0,0,0,0
2017-11-08,SCONES,Butt Almond,0.0,0.0,0.0,0.0,0,0,0.0,0,0,0,0,0,0,0
2017-11-08,SCONES,Turtle,0.0,8.0,8.0,8.0,0,0,0.0,0,2,2,2,0,0,0
2017-11-08,SCONES,Cin Chip,0.0,0.0,0.0,0.0,0,0,0.0,0,0,0,0,0,0,0
2017-11-08,FRUIT BARS,Mixed Berry,0.0,0.0,0.0,0.0,0,0,0.0,0,0,0,0,0,0,0
2017-11-08,FRUIT BARS,Cherry,0.0,0.0,0.0,0.0,0,0,0.0,0,0,0,0,0,0,0
2017-11-08,FRUIT BARS,Apple Cin,0.0,12.0,12.0,6.0,2,4,0.0,0,0,0,0,0,0,0
2017-11-08,FRUIT BARS,Car Apple,0.0,8.0,8.0,8.0,0,0,0.0,0,0,0,0,0,0,0
2017-11-08,MUFFINS,blue stru,0.0,8.0,8.0,8.0,0,0,0.0,0,2,2,2,0,0,0
2017-11-08,MUFFINS,Mex Choc,0.0,6.0,6.0,1.0,0,5,0.0,0,2,2,2,0,0,0
2017-11-08,MUFFINS,Pump Choc,0.0,8.0,8.0,3.0,0,5,0.0,0,2,2,2,0,0,0
2017-11-08,MUFFINS,Pump Crumb,0.0,6.0,6.0,6.0,0,0,0.0,0,2,2,0,0,0,0
2017-11-08,COOKIES/BARS,Oatmeal CC,8.0,18.0,26.0,21.0,5,0,0.0,0,10,10,0,0,0,0
2017-11-08,COOKIES/BARS,Peanut Butter,13.0,0.0,13.0,13.0,0,0,0.0,0,0,0,0,0,0,0
2017-11-08,COOKIES/BARS,PB Choc,0.0,12.0,12.0,12.0,0,0,0.0,0,0,0,0,0,0,0
2017-11-08,COOKIES/BARS,Triple Choc,0.0,30.0,30.0,18.0,12,0,0.0,0,0,0,0,0,0,0
2017-11-08,COOKIES/BARS,SnickerDoodle,0.0,24.0,24.0,19.0,5,0,0.0,0,0,0,0,0,0,0
2017-11-08,COOKIES/BARS,frosted,0.0,12.0,12.0,6.0,0,0,6.0,0,0,0,0,0,0,0
2017-11-08,COOKIES/BARS,Kahuna,10.0,0.0,10.0,10.0,0,0,0.0,0,0,0,0,0,0,0
2017-11-08,COOKIES/BARS,Brownies,0.0,0.0,0.0,0.0,0,0,0.0,0,0,0,0,0,0,0
2017-11-08,COOKIES/BARS,Pumpkin,0.0,20.0,20.0,17.0,3,0,0.0,0,0,0,0,0,0,0
2017-11-08,COOKIES/BARS,Totals,31.0,224.0,255.0,196.0,31,22,6.0,0,24,24,11,0,0,0
2017-11-09,BREAD,H,17.0,13.0,30.0,18.0,0,0,12.0,0,0,0,0,0,0,0
2017-11-09,BREAD,FR,15.0,11.0,26.0,11.0,0,0,15.0,0,0,0,0,0,0,0
2017-11-09,BREAD,GW,0.0,0.0,0.0,-5.0,0,0,5.0,0,0,0,0,0,0,0
2017-11-09,BREAD,DK,6.0,0.0,6.0,6.0,0,0,0.0,0,0,0,0,0,0,0
2017-11-09,BREAD,H5,8.0,12.0,20.0,9.0,0,0,11.0,0,0,0,0,0,0,0
2017-11-09,BREAD,CSWRL,8.0,8.0,16.0,12.0,0,0,4.0,3,0,3,0,0,0,0
2017-11-09,BREAD,Pump Swl,9.0,8.0,17.0,5.0,0,5,7.0,0,2,2,0,0,0,2
2017-11-09,BREAD,Sonoma,13.0,0.0,13.0,5.0,0,8,0.0,2,0,2,1,0,0,0
2017-11-09,BREAD,CnE,6.0,0.0,6.0,3.0,0,3,0.0,2,0,2,1,0,0,0
2017-11-09,BREAD,CnR,0.0,0.0,0.0,0.0,0,0,0.0,0,0,0,0,0,0,0
2017-11-09,BREAD,CnW,2.0,0.0,2.0,0.0,0,2,0.0,0,0,0,0,0,0,0
2017-11-09,BREAD,CG,7.0,0.0,7.0,5.0,0,2,0.0,2,0,2,0,0,0,0
2017-11-09,BREAD,Pesto CG,4.0,0.0,4.0,3.0,0,1,0.0,0,0,0,0,0,0,0
2017-11-09,BREAD,Jalep CG,4.0,0.0,4.0,2.0,0,2,0.0,0,0,0,0,0,0,0
2017-11-09,BREAD,VS,0.0,12.0,12.0,4.0,0,0,8.0,0,8,8,5,0,0,3
2017-11-09,BREAD,CB,0.0,11.0,11.0,4.0,0,0,7.0,0,3,3,3,0,0,0
2017-11-09,BREAD,CrO,0.0,16.0,16.0,2.0,0,0,14.0,0,3,3,1,0,0,2
2017-11-09,BREAD,CH,0.0,7.0,7.0,0.0,0,0,7.0,0,3,3,2,0,0,1
2017-11-09,BREAD,car,0.0,0.0,0.0,0.0,0,0,0.0,0,0,0,0,0,0,0
2017-11-09,BREAD,ihf,0.0,0.0,0.0,0.0,0,0,0.0,0,0,0,0,0,0,0
2017-11-09,BREAD,Stuf,0.0,0.0,0.0,0.0,0,0,0.0,0,0,0,0,0,0,0
2017-11-09,BREAD,Turkeys,0.0,2.0,2.0,0.0,0,0,2.0,0,0,0,0,0,0,0
2017-11-09,BREAD,Cro-Rls,0.0,0.0,0.0,0.0,0,0,0.0,0,0,0,0,0,0,0
2017-11-09,BREAD,So-Rls,0.0,0.0,0.0,0.0,0,0,0.0,0,0,0,0,0,0,0
2017-11-09,BREAD,But-Rls,0.0,0.0,0.0,0.0,0,0,0.0,0,0,0,0,0,0,0
2017-11-09,BREAD,H-RLS,2.0,2.0,4.0,4.0,0,0,0.0,0,0,0,0,0,0,0
2017-11-09,BREAD,FR-RLS,1.0,3.0,4.0,0.0,0,1,3.0,0,0,0,0,0,0,0
2017-11-09,BREAD,VS-RLS,0.0,22.0,22.0,21.0,0,0,1.0,0,0,0,0,0,0,0
2017-11-09,BREAD,BLUE STRU,5.0,1.0,6.0,0.0,0,5,1.0,0,0,0,0,0,0,0
2017-11-09,BREAD,Mex Choc,4.0,2.0,6.0,1.0,0,4,1.0,0,0,0,0,0,0,0
2017-11-09,BREAD,pump cc,4.0,2.0,6.0,1.0,0,1,4.0,0,0,0,0,0,0,0
2017-11-09,BREAD,pump cr,1.0,3.0,4.0,3.0,0,1,0.0,0,0,0,0,0,0,0
2017-11-09,BREAD,Choc Carm,0.0,4.0,4.0,0.0,0,0,4.0,0,0,0,0,0,0,0
2017-11-09,ROLLS,Cinnamon,0.0,36.0,36.0,20.0,4,12,0.0,0,0,0,0,0,0,0
2017-11-09,ROLLS,pump c-roll,0.0,0.0,0.0,0.0,0,0,0.0,0,0,0,0,0,0,0
2017-11-09,ROLLS,Mini C-Roll,0.0,24.0,24.0,0.0,24,0,0.0,0,0,0,0,0,0,0
2017-11-09,SCONES,Pump Spice,0.0,12.0,12.0,9.0,0,3,0.0,0,2,2,1,0,0,0
2017-11-09,SCONES,Blueberry,0.0,18.0,18.0,18.0,0,0,0.0,0,2,2,1,0,0,0
2017-11-09,SCONES,Rasp Cream,0.0,0.0,0.0,0.0,0,0,0.0,0,0,0,0,0,0,0
2017-11-09,SCONES,Cherry,0.0,0.0,0.0,0.0,0,0,0.0,0,0,0,0,0,0,0
2017-11-09,SCONES,Butt Almond,0.0,0.0,0.0,0.0,0,0,0.0,0,0,0,0,0,0,0
2017-11-09,SCONES,Turtle,0.0,14.0,14.0,2.0,0,12,0.0,0,2,2,1,0,0,0
2017-11-09,SCONES,Cin Chip,0.0,0.0,0.0,0.0,0,0,0.0,0,0,0,0,0,0,0
2017-11-09,FRUIT BARS,Mixed Berry,0.0,8.0,8.0,4.0,0,4,0.0,0,0,0,0,0,0,0
2017-11-09,FRUIT BARS,Cherry,0.0,12.0,12.0,12.0,0,0,0.0,0,0,0,0,0,0,0
2017-11-09,FRUIT BARS,Apple Cin,0.0,0.0,0.0,0.0,0,0,0.0,0,0,0,0,0,0,0
2017-11-09,FRUIT BARS,Car Apple,0.0,0.0,0.0,0.0,0,0,0.0,0,0,0,0,0,0,0
2017-11-09,MUFFINS,blue stru,0.0,8.0,8.0,8.0,0,0,0.0,0,2,2,2,0,0,0
2017-11-09,MUFFINS,Mex Choc,0.0,6.0,6.0,3.0,0,3,0.0,0,2,2,1,0,0,0
2017-11-09,MUFFINS,Pump Choc,0.0,8.0,8.0,5.0,0,3,0.0,0,2,2,2,0,0,0
2017-11-09,MUFFINS,Pump Crumb,0.0,6.0,6.0,3.0,0,3,0.0,0,2,2,-1,0,0,0
2017-11-09,MUFFINS,Choc Carm,0.0,6.0,6.0,1.0,0,5,0.0,0,2,2,0,0,0,0
2017-11-09,COOKIES/BARS,Oatmeal CC,0.0,36.0,36.0,8.0,18,0,10.0,0,0,0,0,0,0,0
2017-11-09,COOKIES/BARS,Peanut Butter,0.0,12.0,12.0,9.0,0,0,3.0,0,0,0,0,0,0,0
2017-11-09,COOKIES/BARS,PB Choc,0.0,18.0,18.0,9.0,0,0,9.0,0,0,0,0,0,0,0
2017-11-09,COOKIES/BARS,Triple Choc,0.0,42.0,42.0,1.0,19,0,22.0,0,0,0,0,0,0,0
2017-11-09,COOKIES/BARS,SnickerDoodle,0.0,36.0,36.0,19.0,17,0,0.0,0,0,0,0,0,0,0
2017-11-09,COOKIES/BARS,frosted,6.0,6.0,12.0,11.0,0,0,1.0,0,0,0,0,0,0,0
2017-11-09,COOKIES/BARS,Kahuna,0.0,20.0,20.0,10.0,0,0,10.0,0,0,0,0,0,0,0
2017-11-09,COOKIES/BARS,Brownies,0.0,0.0,0.0,0.0,0,0,0.0,0,0,0,0,0,0,0
2017-11-09,COOKIES/BARS,Pumpkin,0.0,0.0,0.0,0.0,0,0,0.0,0,0,0,0,0,0,0
2017-11-09,COOKIES/BARS,Totals,6.0,328.0,334.0,152.0,82,45,55.0,0,16,16,7,0,0,0
2017-11-10,BREAD,H,12.0,41.0,53.0,30.0,0,0,23.0,0,0,0,0,0,0,0
2017-11-10,BREAD,FR,15.0,46.0,61.0,14.0,26,0,21.0,0,0,0,0,0,0,0
2017-11-10,BREAD,GW,5.0,9.0,14.0,5.0,0,0,9.0,0,0,0,0,0,0,0
2017-11-10,BREAD,DK,0.0,24.0,24.0,15.0,0,0,9.0,0,0,0,0,0,0,0
2017-11-10,BREAD,H5,11.0,0.0,11.0,5.0,0,0,6.0,0,0,0,0,0,0,0
2017-11-10,BREAD,CSWRL,4.0,16.0,20.0,16.0,1,0,3.0,0,4,4,1,0,0,3
2017-11-10,BREAD,Pump Swl,7.0,8.0,15.0,7.0,0,2,6.0,2,0,2,1,0,0,0
2017-11-10,BREAD,Sonoma,0.0,13.0,13.0,3.0,0,0,10.0,0,3,3,0,0,0,3
2017-11-10,BREAD,CnE,0.0,0.0,0.0,-10.0,0,0,10.0,0,0,0,-5,0,0,5
2017-11-10,BREAD,CnR,0.0,0.0,0.0,-2.0,0,0,2.0,0,0,0,0,0,0,0
2017-11-10,BREAD,CnW,0.0,0.0,0.0,-2.0,0,0,2.0,0,0,0,0,0,0,0
2017-11-10,BREAD,CG,0.0,10.0,10.0,5.0,0,0,5.0,0,3,3,1,0,0,2
2017-11-10,BREAD,Pesto CG,0.0,6.0,6.0,1.0,0,0,5.0,0,0,0,0,0,0,0
2017-11-10,BREAD,Jalep CG,0.0,4.0,4.0,2.0,0,0,2.0,0,0,0,0,0,0,0
2017-11-10,BREAD,VS,8.0,0.0,8.0,6.0,0,2,0.0,3,0,3,2,0,0,0
2017-11-10,BREAD,CB,7.0,0.0,7.0,3.0,0,4,0.0,0,0,0,0,0,0,0
2017-11-10,BREAD,CrO,14.0,0.0,14.0,10.0,0,4,0.0,2,0,2,1,0,0,0
2017-11-10,BREAD,CH,7.0,0.0,7.0,3.0,0,4,0.0,1,0,1,1,0,0,0
2017-11-10,BREAD,car,0.0,0.0,0.0,0.0,0,0,0.0,0,0,0,0,0,0,0
2017-11-10,BREAD,ihf,0.0,0.0,0.0,0.0,0,0,0.0,0,0,0,0,0,0,0
2017-11-10,BREAD,Stuf,0.0,0.0,0.0,0.0,0,0,0.0,0,0,0,0,0,0,0
2017-11-10,BREAD,Turkeys,2.0,0.0,2.0,2.0,0,0,0.0,0,0,0,0,0,0,0
2017-11-10,BREAD,Cro-Rls,0.0,0.0,0.0,0.0,0,0,0.0,0,0,0,0,0,0,0
2017-11-10,BREAD,So-Rls,0.0,0.0,0.0,0.0,0,0,0.0,0,0,0,0,0,0,0
2017-11-10,BREAD,But-Rls,0.0,0.0,0.0,-22.0,2,0,20.0,0,0,0,0,0,0,0
2017-11-10,BREAD,H-RLS,0.0,6.0,6.0,2.0,0,0,4.0,0,0,0,0,0,0,0
2017-11-10,BREAD,FR-RLS,3.0,24.0,27.0,24.0,0,3,0.0,0,0,0,0,0,0,0
2017-11-10,BREAD,VS-RLS,1.0,0.0,1.0,1.0,0,0,0.0,0,0,0,0,0,0,0
2017-11-10,BREAD,BLUE STRU,1.0,6.0,7.0,6.0,1,0,0.0,0,0,0,0,0,0,0
2017-11-10,BREAD,Mex Choc,1.0,6.0,7.0,2.0,1,0,4.0,0,0,0,0,0,0,0
2017-11-10,BREAD,pump cc,4.0,4.0,8.0,0.0,2,3,3.0,0,0,0,0,0,0,0
2017-11-10,BREAD,pump cr,0.0,4.0,4.0,3.0,0,0,1.0,0,0,0,0,0,0,0
2017-11-10,BREAD,Choc Carm,4.0,0.0,4.0,-4.0,0,3,5.0,0,0,0,0,0,0,0
2017-11-10,ROLLS,Cinnamon,0.0,36.0,36.0,36.0,0,0,0.0,0,0,0,0,0,0,0
2017-11-10,ROLLS,pump c-roll,0.0,0.0,0.0,0.0,0,0,0.0,0,0,0,0,0,0,0
2017-11-10,ROLLS,Mini C-Roll,0.0,24.0,24.0,0.0,24,0,0.0,0,0,0,0,0,0,0
2017-11-10,SCONES,Pump Spice,0.0,12.0,12.0,7.0,0,5,0.0,0,29,29,1,0,0,0
2017-11-10,SCONES,Blueberry,0.0,0.0,0.0,0.0,0,0,0.0,0,0,0,0,0,0,0
2017-11-10,SCONES,Rasp Cream,0.0,0.0,0.0,0.0,0,0,0.0,0,0,0,0,0,0,0
2017-11-10,SCONES,Cherry,0.0,18.0,18.0,10.0,0,8,0.0,0,42,42,2,0,0,0
2017-11-10,SCONES,Butt Almond,0.0,18.0,18.0,18.0,0,0,0.0,0,29,29,2,0,0,0
2017-11-10,SCONES,Turtle,0.0,0.0,0.0,0.0,0,0,0.0,0,0,0,0,0,0,0
2017-11-10,SCONES,Cin Chip,0.0,0.0,0.0,0.0,0,0,0.0,0,0,0,0,0,0,0
2017-11-10,FRUIT BARS,Blueberry,0.0,52.0,52.0,1.0,43,8,0.0,0,0,0,0,0,0,0
2017-11-10,FRUIT BARS,Cherry,0.0,48.0,48.0,5.0,43,0,0.0,0,0,0,0,0,0,0
2017-11-10,FRUIT BARS,Apple cin,0.0,40.0,40.0,0.0,40,0,0.0,0,0,0,0,0,0,0
2017-11-10,FRUIT BARS,Car Apple,0.0,0.0,0.0,0.0,0,0,0.0,0,0,0,0,0,0,0
2017-11-10,MUFFINS,blue stru,0.0,8.0,8.0,3.0,0,5,0.0,0,43,43,1,0,0,0
2017-11-10,MUFFINS,Mex Choc,0.0,8.0,8.0,0.0,0,8,0.0,0,26,26,2,0,0,0
2017-11-10,MUFFINS,Pump Choc,0.0,8.0,8.0,6.0,0,2,0.0,0,7,7,1,0,0,0
2017-11-10,MUFFINS,Pump Crumb,0.0,6.0,6.0,2.0,0,4,0.0,0,2,2,0,0,0,0
2017-11-10,MUFFINS,Choc Carm,0.0,6.0,6.0,4.0,0,2,0.0,0,2,2,0,0,0,0
2017-11-10,MUFFINS,Cookies,0.0,0.0,0.0,0.0,0,0,0.0,0,0,0,0,0,0,0
2017-11-10,MUFFINS,Bars,0.0,0.0,0.0,0.0,0,0,0.0,0,0,0,0,0,0,0
2017-11-10,MUFFINS,Oatmeal CC,10.0,42.0,52.0,-5.0,30,7,20.0,0,28,28,0,0,0,0
2017-11-10,MUFFINS,Peanut Butter,3.0,12.0,15.0,14.0,0,0,1.0,0,24,24,0,0,0,0
2017-11-10,MUFFINS,PB Choc,9.0,12.0,21.0,21.0,0,0,0.0,0,0,0,0,0,0,0
2017-11-10,MUFFINS,Triple Choc,22.0,30.0,52.0,10.0,30,6,6.0,0,26,26,0,0,0,0
2017-11-10,MUFFINS,SnickerDoodle,0.0,54.0,54.0,24.0,30,0,0.0,0,28,28,0,0,0,0
2017-11-10,MUFFINS,frosted,1.0,12.0,13.0,13.0,0,0,0.0,0,0,0,0,0,0,0
2017-11-10,MUFFINS,Kahuna,10.0,0.0,10.0,10.0,0,0,0.0,0,0,0,0,0,0,0
2017-11-10,MUFFINS,Brownies,0.0,0.0,0.0,0.0,0,0,0.0,0,0,0,0,0,0,0
2017-11-10,MUFFINS,Pumpkin,0.0,20.0,20.0,10.0,0,1,9.0,0,0,0,0,0,0,0
2017-11-10,MUFFINS,Totals,55.0,466.0,521.0,189.0,240,56,36.0,0,286,286,9,0,0,0
2017-11-11,BREAD,H,23.0,0.0,23.0,23.0,0,0,0.0,0,0,0,0,0,0,0
2017-11-11,BREAD,FR,21.0,0.0,21.0,20.0,0,1,0.0,0,0,0,0,0,0,0
2017-11-11,BREAD,GW,9.0,4.0,13.0,8.0,0,5,0.0,0,0,0,0,0,0,0
2017-11-11,BREAD,DK,9.0,0.0,9.0,9.0,0,0,0.0,0,0,0,0,0,0,0
2017-11-11,BREAD,H5,6.0,0.0,6.0,6.0,0,0,0.0,0,0,0,0,0,0,0
2017-11-11,BREAD,CSWRL,3.0,12.0,15.0,15.0,0,0,0.0,3,0,3,-2,0,0,0
2017-11-11,BREAD,Pump Swl,6.0,8.0,14.0,6.0,0,8,0.0,0,3,3,1,0,0,0
2017-11-11,BREAD,Sonoma,10.0,8.0,18.0,13.0,0,5,0.0,3,3,6,5,0,0,0
2017-11-11,BREAD,CnE,10.0,0.0,10.0,10.0,0,0,0.0,5,0,5,5,0,0,0
2017-11-11,BREAD,CnR,2.0,0.0,2.0,-4.0,0,6,0.0,0,0,0,0,0,0,0
2017-11-11,BREAD,CnW,2.0,0.0,2.0,0.0,0,2,0.0,0,0,0,0,0,0,0
2017-11-11,BREAD,CG,5.0,0.0,5.0,3.0,0,2,0.0,2,0,2,-1,0,0,0
2017-11-11,BREAD,Pesto CG,5.0,0.0,5.0,2.0,0,3,0.0,0,0,0,0,0,0,0
2017-11-11,BREAD,Jalep CG,2.0,0.0,2.0,0.0,0,2,0.0,0,0,0,0,0,0,0
2017-11-11,BREAD,VS,0.0,0.0,0.0,-1.0,0,1,0.0,0,0,0,0,0,0,0
2017-11-11,BREAD,CB,0.0,11.0,11.0,8.0,0,3,0.0,0,4,4,4,0,0,0
2017-11-11,BREAD,CrO,0.0,7.0,7.0,0.0,0,7,0.0,0,3,3,0,0,0,0
2017-11-11,BREAD,CH,0.0,0.0,0.0,0.0,0,0,0.0,0,0,0,0,0,0,0
2017-11-11,BREAD,car,0.0,0.0,0.0,0.0,0,0,0.0,0,0,0,0,0,0,0
2017-11-11,BREAD,ihf,0.0,0.0,0.0,0.0,0,0,0.0,0,0,0,0,0,0,0
2017-11-11,BREAD,Stuf,0.0,0.0,0.0,0.0,0,0,0.0,0,0,0,0,0,0,0
2017-11-11,BREAD,Turkeys,0.0,0.0,0.0,0.0,0,0,0.0,0,0,0,0,0,0,0
2017-11-11,BREAD,Cro-Rls,0.0,0.0,0.0,0.0,0,0,0.0,0,0,0,0,0,0,0
2017-11-11,BREAD,So-Rls,0.0,0.0,0.0,0.0,0,0,0.0,0,0,0,0,0,0,0
2017-11-11,BREAD,But-Rls,20.0,0.0,20.0,4.0,0,16,0.0,0,0,0,0,0,0,0
2017-11-11,BREAD,H-RLS,4.0,0.0,4.0,1.0,0,3,0.0,0,0,0,0,0,0,0
2017-11-11,BREAD,FR-RLS,0.0,0.0,0.0,0.0,0,0,0.0,0,0,0,0,0,0,0
2017-11-11,BREAD,VS-RLS,0.0,3.0,3.0,2.0,0,1,0.0,0,0,0,0,0,0,0
2017-11-11,BREAD,BLUE STRU,0.0,3.0,3.0,2.0,0,1,0.0,0,0,0,0,0,0,0
2017-11-11,BREAD,Mex Choc,4.0,0.0,4.0,2.0,0,2,0.0,0,0,0,0,0,0,0
2017-11-11,BREAD,pump cc,3.0,0.0,3.0,3.0,0,0,0.0,0,0,0,0,0,0,0
2017-11-11,BREAD,pump cr,1.0,1.0,2.0,1.0,0,1,0.0,0,0,0,0,0,0,0
2017-11-11,ROLLS,Cinnamon,0.0,60.0,60.0,46.0,0,14,0.0,0,0,0,0,0,0,0
2017-11-11,ROLLS,pump c-roll,0.0,0.0,0.0,0.0,0,0,0.0,0,0,0,0,0,0,0
2017-11-11,ROLLS,Mini C-Roll,0.0,24.0,24.0,0.0,24,0,0.0,0,0,0,0,0,0,0
2017-11-11,SCONES,Pump Spice,0.0,14.0,14.0,14.0,0,0,0.0,0,2,2,2,0,0,0
2017-11-11,SCONES,Blueberry,0.0,26.0,26.0,26.0,0,0,0.0,0,2,2,2,0,0,0
2017-11-11,SCONES,Rasp Cream,0.0,0.0,0.0,0.0,0,0,0.0,0,0,0,0,0,0,0
2017-11-11,SCONES,Cherry,0.0,0.0,0.0,0.0,0,0,0.0,0,0,0,0,0,0,0
2017-11-11,SCONES,Butt Almond,0.0,20.0,20.0,17.0,0,3,0.0,0,2,2,2,0,0,0
2017-11-11,SCONES,Turtle,0.0,0.0,0.0,0.0,0,0,0.0,0,0,0,0,0,0,0
2017-11-11,SCONES,Cin Chip,0.0,0.0,0.0,0.0,0,0,0.0,0,0,0,0,0,0,0
2017-11-11,FRUIT BARS,Mixed Berry,0.0,0.0,0.0,0.0,0,0,0.0,0,0,0,0,0,0,0
2017-11-11,FRUIT BARS,Cherry,0.0,0.0,0.0,0.0,0,0,0.0,0,0,0,0,0,0,0
2017-11-11,FRUIT BARS,Apple Cin,0.0,12.0,12.0,8.0,0,4,0.0,0,0,0,0,0,0,0
2017-11-11,FRUIT BARS,Car Apple,0.0,8.0,8.0,6.0,0,2,0.0,0,0,0,0,0,0,0
2017-11-11,MUFFINS,blue stru,0.0,10.0,10.0,2.0,0,8,0.0,0,2,2,2,0,0,0
2017-11-11,MUFFINS,Mex Choc,0.0,8.0,8.0,1.0,0,7,0.0,0,2,2,1,0,0,0
2017-11-11,MUFFINS,Pump Choc,0.0,12.0,12.0,8.0,0,4,0.0,0,2,2,0,0,0,0
2017-11-11,MUFFINS,Pump Crumb,0.0,6.0,6.0,4.0,0,2,0.0,0,2,2,0,0,0,0
2017-11-11,MUFFINS,Cookies,0.0,0.0,0.0,0.0,0,0,0.0,0,0,0,0,0,0,0
2017-11-11,MUFFINS,Bars,0.0,0.0,0.0,0.0,0,0,0.0,0,0,0,0,0,0,0
2017-11-11,MUFFINS,Oatmeal CC,20.0,0.0,20.0,10.0,0,10,0.0,0,0,0,0,0,0,0
2017-11-11,MUFFINS,Peanut Butter,1.0,6.0,7.0,3.0,0,4,0.0,0,0,0,0,0,0,0
2017-11-11,MUFFINS,PB Choc,0.0,12.0,12.0,9.0,0,3,0.0,0,0,0,0,0,0,0
2017-11-11,MUFFINS,Triple Choc,6.0,6.0,12.0,7.0,0,5,0.0,0,0,0,0,0,0,0
2017-11-11,MUFFINS,SnickerDoodle,0.0,12.0,12.0,10.0,0,2,0.0,0,0,0,0,0,0,0
2017-11-11,MUFFINS,frosted,9.0,0.0,9.0,4.0,0,5,0.0,0,0,0,0,0,0,0
2017-11-11,MUFFINS,Kahuna,0.0,0.0,0.0,0.0,0,0,0.0,0,0,0,0,0,0,0
2017-11-11,MUFFINS,Brownies,0.0,0.0,0.0,0.0,0,0,0.0,0,0,0,0,0,0,0
2017-11-11,MUFFINS,Pumpkin,9.0,0.0,9.0,6.0,0,3,0.0,0,0,0,0,0,0,0
2017-11-11,MUFFINS,Totals,45.0,236.0,281.0,181.0,24,76,0.0,0,14,14,9,0,0,0
2017-11-12,BREAD,H,0.0,0.0,0.0,0.0,0,0,0.0,0,0,0,0,0,0,0
2017-11-12,BREAD,FR,0.0,0.0,0.0,0.0,0,0,0.0,0,0,0,0,0,0,0
2017-11-12,BREAD,GW,0.0,0.0,0.0,0.0,0,0,0.0,0,0,0,0,0,0,0
2017-11-12,BREAD,DK,0.0,0.0,0.0,0.0,0,0,0.0,0,0,0,0,0,0,0
2017-11-12,BREAD,H5,0.0,0.0,0.0,0.0,0,0,0.0,0,0,0,0,0,0,0
2017-11-12,BREAD,CSWRL,0.0,0.0,0.0,0.0,0,0,0.0,0,0,0,0,0,0,0
2017-11-12,BREAD,Pump Swl,0.0,0.0,0.0,0.0,0,0,0.0,0,0,0,0,0,0,0
2017-11-12,BREAD,Sonoma,0.0,0.0,0.0,0.0,0,0,0.0,0,0,0,0,0,0,0
2017-11-12,BREAD,CnE,0.0,0.0,0.0,0.0,0,0,0.0,0,0,0,0,0,0,0
2017-11-12,BREAD,CnR,0.0,0.0,0.0,0.0,0,0,0.0,0,0,0,0,0,0,0
2017-11-12,BREAD,CnW,0.0,0.0,0.0,0.0,0,0,0.0,0,0,0,0,0,0,0
2017-11-12,BREAD,CG,0.0,0.0,0.0,0.0,0,0,0.0,0,0,0,0,0,0,0
2017-11-12,BREAD,Pesto CG,0.0,0.0,0.0,0.0,0,0,0.0,0,0,0,0,0,0,0
2017-11-12,BREAD,Jalep CG,0.0,0.0,0.0,0.0,0,0,0.0,0,0,0,0,0,0,0
2017-11-12,BREAD,VS,0.0,0.0,0.0,0.0,0,0,0.0,0,0,0,0,0,0,0
2017-11-12,BREAD,CB,0.0,0.0,0.0,0.0,0,0,0.0,0,0,0,0,0,0,0
2017-11-12,BREAD,CrO,0.0,0.0,0.0,0.0,0,0,0.0,0,0,0,0,0,0,0
2017-11-12,BREAD,CH,0.0,0.0,0.0,0.0,0,0,0.0,0,0,0,0,0,0,0
2017-11-12,BREAD,car,0.0,0.0,0.0,0.0,0,0,0.0,0,0,0,0,0,0,0
2017-11-12,BREAD,ihf,0.0,0.0,0.0,0.0,0,0,0.0,0,0,0,0,0,0,0
2017-11-12,BREAD,Stuf,0.0,0.0,0.0,0.0,0,0,0.0,0,0,0,0,0,0,0
2017-11-12,BREAD,Turkeys,0.0,0.0,0.0,0.0,0,0,0.0,0,0,0,0,0,0,0
2017-11-12,BREAD,Cro-Rls,0.0,0.0,0.0,0.0,0,0,0.0,0,0,0,0,0,0,0
2017-11-12,BREAD,So-Rls,0.0,0.0,0.0,0.0,0,0,0.0,0,0,0,0,0,0,0
2017-11-12,BREAD,But-Rls,0.0,0.0,0.0,0.0,0,0,0.0,0,0,0,0,0,0,0
2017-11-12,BREAD,H-RLS,0.0,0.0,0.0,0.0,0,0,0.0,0,0,0,0,0,0,0
2017-11-12,BREAD,FR-RLS,0.0,0.0,0.0,0.0,0,0,0.0,0,0,0,0,0,0,0
2017-11-12,BREAD,VS-RLS,0.0,0.0,0.0,0.0,0,0,0.0,0,0,0,0,0,0,0
2017-11-12,BREAD,BLUE STRU,0.0,0.0,0.0,0.0,0,0,0.0,0,0,0,0,0,0,0
2017-11-12,BREAD,Mex Choc,0.0,0.0,0.0,0.0,0,0,0.0,0,0,0,0,0,0,0
2017-11-12,BREAD,pump cc,0.0,0.0,0.0,0.0,0,0,0.0,0,0,0,0,0,0,0
2017-11-12,BREAD,pump cr,0.0,0.0,0.0,0.0,0,0,0.0,0,0,0,0,0,0,0
2017-11-12,ROLLS,Cinnamon,0.0,0.0,0.0,0.0,0,0,0.0,0,0,0,0,0,0,0
2017-11-12,ROLLS,pump c-roll,0.0,0.0,0.0,0.0,0,0,0.0,0,0,0,0,0,0,0
2017-11-12,ROLLS,Mini C-Roll,0.0,0.0,0.0,0.0,0,0,0.0,0,0,0,0,0,0,0
2017-11-12,SCONES,Pump Spice,0.0,0.0,0.0,0.0,0,0,0.0,0,0,0,0,0,0,0
2017-11-12,SCONES,Blueberry,0.0,0.0,0.0,0.0,0,0,0.0,0,0,0,0,0,0,0
2017-11-12,SCONES,Rasp Cream,0.0,0.0,0.0,0.0,0,0,0.0,0,0,0,0,0,0,0
2017-11-12,SCONES,Cherry,0.0,0.0,0.0,0.0,0,0,0.0,0,0,0,0,0,0,0
2017-11-12,SCONES,Butt Almond,0.0,0.0,0.0,0.0,0,0,0.0,0,0,0,0,0,0,0
2017-11-12,SCONES,Turtle,0.0,0.0,0.0,0.0,0,0,0.0,0,0,0,0,0,0,0
2017-11-12,SCONES,Cin Chip,0.0,0.0,0.0,0.0,0,0,0.0,0,0,0,0,0,0,0
2017-11-12,FRUIT BARS,Mixed Berry,0.0,0.0,0.0,0.0,0,0,0.0,0,0,0,0,0,0,0
2017-11-12,FRUIT BARS,Cherry,0.0,0.0,0.0,0.0,0,0,0.0,0,0,0,0,0,0,0
2017-11-12,FRUIT BARS,Apple Cin,0.0,0.0,0.0,0.0,0,0,0.0,0,0,0,0,0,0,0
2017-11-12,FRUIT BARS,Car Apple,0.0,0.0,0.0,0.0,0,0,0.0,0,0,0,0,0,0,0
2017-11-12,MUFFINS,blue stru,0.0,0.0,0.0,0.0,0,0,0.0,0,0,0,0,0,0,0
2017-11-12,MUFFINS,Mex Choc,0.0,0.0,0.0,0.0,0,0,0.0,0,0,0,0,0,0,0
2017-11-12,MUFFINS,Pump Choc,0.0,0.0,0.0,0.0,0,0,0.0,0,0,0,0,0,0,0
2017-11-12,MUFFINS,Pump Crumb,0.0,0.0,0.0,0.0,0,0,0.0,0,0,0,0,0,0,0
2017-11-12,MUFFINS,Cookies,0.0,0.0,0.0,0.0,0,0,0.0,0,0,0,0,0,0,0
2017-11-12,MUFFINS,Bars,0.0,0.0,0.0,0.0,0,0,0.0,0,0,0,0,0,0,0
2017-11-12,MUFFINS,Oatmeal CC,0.0,0.0,0.0,0.0,0,0,0.0,0,0,0,0,0,0,0
2017-11-12,MUFFINS,Peanut Butter,0.0,0.0,0.0,0.0,0,0,0.0,0,0,0,0,0,0,0
2017-11-12,MUFFINS,PB Choc,0.0,0.0,0.0,0.0,0,0,0.0,0,0,0,0,0,0,0
2017-11-12,MUFFINS,Triple Choc,0.0,0.0,0.0,0.0,0,0,0.0,0,0,0,0,0,0,0
2017-11-12,MUFFINS,SnickerDoodle,0.0,0.0,0.0,0.0,0,0,0.0,0,0,0,0,0,0,0
2017-11-12,MUFFINS,frosted,0.0,0.0,0.0,0.0,0,0,0.0,0,0,0,0,0,0,0
2017-11-12,MUFFINS,Kahuna,0.0,0.0,0.0,0.0,0,0,0.0,0,0,0,0,0,0,0
2017-11-12,MUFFINS,Brownies,0.0,0.0,0.0,0.0,0,0,0.0,0,0,0,0,0,0,0
2017-11-12,MUFFINS,Pumpkin,0.0,0.0,0.0,0.0,0,0,0.0,0,0,0,0,0,0,0
2017-11-12,MUFFINS,Totals,0.0,0.0,0.0,0.0,0,0,0.0,0,0,0,0,0,0,0
2017-11-13,BREAD,H,0.0,38.0,38.0,34.0,2,0,2.0,0,0,0,0,0,0,0
2017-11-13,BREAD,FR,0.0,23.0,23.0,10.0,5,0,8.0,0,0,0,0,0,0,0
2017-11-13,BREAD,GW,0.0,8.0,8.0,8.0,0,0,0.0,0,0,0,0,0,0,0
2017-11-13,BREAD,DK,0.0,14.0,14.0,7.0,2,0,5.0,0,0,0,0,0,0,0
2017-11-13,BREAD,H5,0.0,0.0,0.0,0.0,0,0,0.0,0,0,0,0,0,0,0
2017-11-13,BREAD,CSWRL,0.0,14.0,14.0,8.0,0,0,6.0,0,2,2,2,0,0,0
2017-11-13,BREAD,Pump Swl,0.0,13.0,13.0,10.0,0,0,3.0,0,2,2,2,0,0,0
2017-11-13,BREAD,Sonoma,0.0,13.0,13.0,6.0,0,0,7.0,0,2,2,2,0,0,0
2017-11-13,BREAD,CnE,0.0,16.0,16.0,9.0,0,0,7.0,0,1,1,1,0,0,0
2017-11-13,BREAD,CnR,0.0,4.0,4.0,0.0,0,0,4.0,0,0,0,0,0,0,0
2017-11-13,BREAD,CnW,0.0,4.0,4.0,3.0,0,0,1.0,0,0,0,0,0,0,0
2017-11-13,BREAD,CG,0.0,5.0,5.0,5.0,0,0,0.0,0,2,2,2,0,0,0
2017-11-13,BREAD,Pesto CG,0.0,3.0,3.0,3.0,0,0,0.0,0,0,0,0,0,0,0
2017-11-13,BREAD,Jalep CG,0.0,2.0,2.0,1.0,0,0,1.0,0,0,0,0,0,0,0
2017-11-13,BREAD,VS,0.0,0.0,0.0,0.0,0,0,0.0,0,0,0,0,0,0,0
2017-11-13,BREAD,CB,0.0,0.0,0.0,0.0,0,0,0.0,0,0,0,0,0,0,0
2017-11-13,BREAD,CrO,0.0,0.0,0.0,0.0,0,0,0.0,0,0,0,0,0,0,0
2017-11-13,BREAD,CH,0.0,0.0,0.0,0.0,0,0,0.0,0,0,0,0,0,0,0
2017-11-13,BREAD,car,0.0,0.0,0.0,0.0,0,0,0.0,0,0,0,0,0,0,0
2017-11-13,BREAD,ihf,0.0,0.0,0.0,0.0,0,0,0.0,0,0,0,0,0,0,0
2017-11-13,BREAD,Stuf,0.0,0.0,0.0,0.0,0,0,0.0,0,0,0,0,0,0,0
2017-11-13,BREAD,Turkeys,0.0,3.0,3.0,0.0,1,0,2.0,0,0,0,0,0,0,0
2017-11-13,BREAD,Cro-Rls,0.0,0.0,0.0,0.0,0,0,0.0,0,0,0,0,0,0,0
2017-11-13,BREAD,So-Rls,0.0,0.0,0.0,0.0,0,0,0.0,0,0,0,0,0,0,0
2017-11-13,BREAD,But-Rls,0.0,0.0,0.0,0.0,0,0,0.0,0,0,0,0,0,0,0
2017-11-13,BREAD,H-RLS,0.0,5.0,5.0,1.0,0,0,4.0,0,0,0,0,0,0,0
2017-11-13,BREAD,FR-RLS,0.0,2.0,2.0,2.0,0,0,0.0,0,0,0,0,0,0,0
2017-11-13,BREAD,VS-RLS,0.0,0.0,0.0,0.0,0,0,0.0,0,0,0,0,0,0,0
2017-11-13,BREAD,BLUE STRU,0.0,4.0,4.0,2.0,1,0,1.0,0,0,0,0,0,0,0
2017-11-13,BREAD,Mex Choc,0.0,4.0,4.0,1.0,0,0,3.0,0,0,0,0,0,0,0
2017-11-13,BREAD,pump cc,0.0,4.0,4.0,2.0,0,0,2.0,0,0,0,0,0,0,0
2017-11-13,BREAD,pump cr,0.0,3.0,3.0,0.0,0,0,3.0,0,0,0,0,0,0,0
2017-11-13,ROLLS,Cinnamon,0.0,24.0,24.0,24.0,0,0,0.0,0,0,0,0,0,0,0
2017-11-13,ROLLS,pump c-roll,0.0,0.0,0.0,0.0,0,0,0.0,0,0,0,0,0,0,0
2017-11-13,ROLLS,Mini C-Roll,0.0,72.0,72.0,0.0,72,0,0.0,0,0,0,0,0,0,0
2017-11-13,SCONES,Pump Spice,0.0,12.0,12.0,5.0,0,7,0.0,0,2,2,2,0,0,0
2017-11-13,SCONES,Blueberry,0.0,0.0,0.0,0.0,0,0,0.0,0,0,0,0,0,0,0
2017-11-13,SCONES,Rasp Cream,0.0,12.0,12.0,7.0,0,5,0.0,0,2,2,1,0,0,0
2017-11-13,SCONES,Cherry,0.0,0.0,0.0,0.0,0,0,0.0,0,0,0,0,0,0,0
2017-11-13,SCONES,Butt Almond,0.0,0.0,0.0,0.0,0,0,0.0,0,0,0,0,0,0,0
2017-11-13,SCONES,Turtle,0.0,0.0,0.0,0.0,0,0,0.0,0,0,0,0,0,0,0
2017-11-13,SCONES,Cin Chip,0.0,8.0,8.0,6.0,0,2,0.0,0,2,2,2,0,0,0
2017-11-13,FRUIT BARS,Mixed Berry,0.0,12.0,12.0,4.0,4,4,0.0,0,0,0,0,0,0,0
2017-11-13,FRUIT BARS,Cherry,0.0,8.0,8.0,5.0,2,1,0.0,0,0,0,0,0,0,0
2017-11-13,FRUIT BARS,Apple Cin,0.0,0.0,0.0,0.0,0,0,0.0,0,0,0,0,0,0,0
2017-11-13,FRUIT BARS,Car Apple,0.0,0.0,0.0,0.0,0,0,0.0,0,0,0,0,0,0,0
2017-11-13,MUFFINS,blue stru,0.0,6.0,6.0,3.0,0,3,0.0,0,1,1,1,0,0,0
2017-11-13,MUFFINS,Mex Choc,0.0,6.0,6.0,1.0,0,5,0.0,0,1,1,1,0,0,0
2017-11-13,MUFFINS,Pump Choc,0.0,6.0,6.0,4.0,0,2,0.0,0,1,1,1,0,0,0
2017-11-13,MUFFINS,Pump Crumb,0.0,6.0,6.0,1.0,0,5,0.0,0,1,1,0,0,0,0
2017-11-13,MUFFINS,Oatmeal CC,0.0,42.0,42.0,20.0,22,0,0.0,0,0,0,-16,0,0,6
2017-11-13,MUFFINS,Peanut Butter,0.0,12.0,12.0,12.0,0,0,0.0,0,0,0,0,0,0,0
2017-11-13,MUFFINS,PB Choc,0.0,18.0,18.0,14.0,0,0,4.0,0,0,0,0,0,0,0
2017-11-13,MUFFINS,Triple Choc,0.0,42.0,42.0,20.0,22,0,0.0,0,0,0,-8,0,0,0
2017-11-13,MUFFINS,SnickerDoodle,0.0,42.0,42.0,16.0,22,0,4.0,0,0,0,-8,0,0,0
2017-11-13,MUFFINS,frosted,0.0,12.0,12.0,1.0,0,0,11.0,0,0,0,0,0,0,0
2017-11-13,MUFFINS,Kahuna,0.0,0.0,0.0,0.0,0,0,0.0,0,0,0,0,0,0,0
2017-11-13,MUFFINS,Brownies,0.0,0.0,0.0,0.0,0,0,0.0,0,0,0,0,0,0,0
2017-11-13,MUFFINS,Pumpkin Bars,0.0,20.0,20.0,3.0,8,1,8.0,0,0,0,0,0,0,0
2017-11-13,MUFFINS,Totals,0.0,360.0,360.0,146.0,152,35,27.0,0,10,10,-24,0,0,6
2017-11-14,BREAD,H,2.0,48.0,50.0,23.0,0,0,27.0,0,0,0,0,0,0,0
2017-11-14,BREAD,FR,8.0,24.0,32.0,11.0,11,0,10.0,0,0,0,0,0,0,0
2017-11-14,BREAD,GW,0.0,9.0,9.0,5.0,0,0,4.0,0,0,0,0,0,0,0
2017-11-14,BREAD,DK,5.0,0.0,5.0,5.0,0,0,0.0,0,0,0,0,0,0,0
2017-11-14,BREAD,H5,0.0,19.0,19.0,6.0,0,0,13.0,0,0,0,0,0,0,0
2017-11-14,BREAD,CSWRL,6.0,12.0,18.0,9.0,2,0,7.0,0,40,40,-2,0,0,4
2017-11-14,BREAD,Pump Swl,3.0,12.0,15.0,11.0,0,0,4.0,0,3,3,1,0,0,2
2017-11-14,BREAD,Sonoma,7.0,0.0,7.0,6.0,0,1,0.0,0,0,0,0,0,0,0
2017-11-14,BREAD,CnE,7.0,0.0,7.0,3.0,0,4,0.0,0,0,0,0,0,0,0
2017-11-14,BREAD,CnR,4.0,0.0,4.0,0.0,0,4,0.0,0,0,0,0,0,0,0
2017-11-14,BREAD,CnW,1.0,0.0,1.0,1.0,0,0,0.0,0,0,0,0,0,0,0
2017-11-14,BREAD,CG,0.0,0.0,0.0,0.0,0,0,0.0,0,0,0,0,0,0,0
2017-11-14,BREAD,Pesto CG,0.0,0.0,0.0,0.0,0,0,0.0,0,0,0,0,0,0,0
2017-11-14,BREAD,Jalep CG,1.0,0.0,1.0,1.0,0,0,0.0,0,0,0,0,0,0,0
2017-11-14,BREAD,VS,0.0,13.0,13.0,2.0,4,0,7.0,0,4,4,2,0,0,2
2017-11-14,BREAD,CB,0.0,11.0,11.0,4.0,0,0,7.0,0,4,4,2,0,0,2
2017-11-14,BREAD,CrO,0.0,8.0,8.0,3.0,3,0,2.0,0,2,2,0,0,0,2
2017-11-14,BREAD,CH,0.0,7.0,7.0,2.0,0,0,5.0,0,2,2,2,0,0,0
2017-11-14,BREAD,car,0.0,23.0,23.0,20.0,1,0,2.0,0,0,0,0,0,0,0
2017-11-14,BREAD,ihf,0.0,0.0,0.0,0.0,0,0,0.0,0,0,0,0,0,0,0
2017-11-14,BREAD,Stuf,0.0,0.0,0.0,0.0,0,0,0.0,0,0,0,0,0,0,0
2017-11-14,BREAD,Turkeys,2.0,0.0,2.0,0.0,0,2,0.0,0,0,0,0,0,0,0
2017-11-14,BREAD,Cro-Rls,0.0,0.0,0.0,0.0,0,0,0.0,0,0,0,0,0,0,0
2017-11-14,BREAD,So-Rls,0.0,0.0,0.0,0.0,0,0,0.0,0,0,0,0,0,0,0
2017-11-14,BREAD,But-Rls,0.0,0.0,0.0,0.0,0,0,0.0,0,0,0,0,0,0,0
2017-11-14,BREAD,H-RLS,4.0,0.0,4.0,1.0,0,3,0.0,0,0,0,0,0,0,0
2017-11-14,BREAD,FR-RLS,0.0,3.0,3.0,3.0,0,0,0.0,0,0,0,0,0,0,0
2017-11-14,BREAD,VS-RLS,0.0,3.0,3.0,3.0,0,0,0.0,0,0,0,0,0,0,0
2017-11-14,BREAD,BLUE STRU,1.0,4.0,5.0,3.0,0,0,2.0,0,0,0,0,0,0,0
2017-11-14,BREAD,Mex Choc,3.0,3.0,6.0,1.0,1,2,2.0,0,0,0,0,0,0,0
2017-11-14,BREAD,pump cc,2.0,4.0,6.0,3.0,0,0,3.0,0,0,0,0,0,0,0
2017-11-14,BREAD,pump cr,3.0,1.0,4.0,0.0,1,3,0.0,0,0,0,0,0,0,0
2017-11-14,ROLLS,Cinnamon,0.0,24.0,24.0,19.0,5,0,0.0,0,0,0,0,0,0,0
2017-11-14,ROLLS,pump c-roll,0.0,0.0,0.0,0.0,0,0,0.0,0,0,0,0,0,0,0
2017-11-14,ROLLS,Mini C-Roll,0.0,0.0,0.0,0.0,0,0,0.0,0,0,0,0,0,0,0
2017-11-14,SCONES,Pump Spice,0.0,12.0,12.0,8.0,0,4,0.0,0,8,8,0,0,0,0
2017-11-14,SCONES,Blueberry,0.0,16.0,16.0,10.0,0,6,0.0,0,7,7,0,0,0,0
2017-11-14,SCONES,Rasp Cream,0.0,0.0,0.0,0.0,0,0,0.0,0,0,0,0,0,0,0
2017-11-14,SCONES,Cherry,0.0,0.0,0.0,0.0,0,0,0.0,0,0,0,0,0,0,0
2017-11-14,SCONES,Butt Almond,0.0,0.0,0.0,0.0,0,0,0.0,0,0,0,0,0,0,0
2017-11-14,SCONES,Turtle,0.0,0.0,0.0,0.0,0,0,0.0,0,0,0,0,0,0,0
2017-11-14,SCONES,Cin Chip,0.0,14.0,14.0,7.0,0,7,0.0,0,7,7,1,0,0,0
2017-11-14,FRUIT BARS,Mixed Berry,0.0,0.0,0.0,0.0,0,0,0.0,0,0,0,0,0,0,0
2017-11-14,FRUIT BARS,Cherry,0.0,0.0,0.0,0.0,0,0,0.0,0,0,0,0,0,0,0
2017-11-14,FRUIT BARS,Apple Cin,0.0,12.0,12.0,8.0,4,0,0.0,0,0,0,0,0,0,0
2017-11-14,FRUIT BARS,Car Apple,0.0,8.0,8.0,3.0,2,3,0.0,0,0,0,0,0,0,0
2017-11-14,MUFFINS,blue stru,0.0,6.0,6.0,1.0,0,5,0.0,0,8,8,0,0,0,0
2017-11-14,MUFFINS,Mex Choc,0.0,6.0,6.0,2.0,0,4,0.0,0,2,2,1,0,0,0
2017-11-14,MUFFINS,Pump Choc,0.0,7.0,7.0,7.0,0,0,0.0,0,8,8,2,0,0,0
2017-11-14,MUFFINS,Pump Crumb,0.0,5.0,5.0,2.0,0,3,0.0,0,1,1,0,0,0,0
2017-11-14,MUFFINS,Cookies,0.0,0.0,0.0,0.0,0,0,0.0,0,0,0,0,0,0,0
2017-11-14,MUFFINS,Oatmeal CC,0.0,42.0,42.0,15.0,20,0,7.0,0,0,0,0,0,0,0
2017-11-14,MUFFINS,Peanut Butter,4.0,18.0,22.0,3.0,7,0,12.0,0,0,0,0,0,0,0
2017-11-14,MUFFINS,PB Choc,0.0,18.0,18.0,8.0,0,0,10.0,0,0,0,0,0,0,0
2017-11-14,MUFFINS,Triple Choc,0.0,42.0,42.0,8.0,19,0,15.0,0,0,0,0,0,0,0
2017-11-14,MUFFINS,SnickerDoodle,4.0,36.0,40.0,20.0,20,0,0.0,0,0,0,0,0,0,0
2017-11-14,MUFFINS,frosted,11.0,0.0,11.0,4.0,0,7,0.0,0,0,0,0,0,0,0
2017-11-14,MUFFINS,Kahuna,0.0,20.0,20.0,6.0,0,0,14.0,0,0,0,0,0,0,0
2017-11-14,MUFFINS,Brownies,8.0,0.0,8.0,8.0,0,0,0.0,0,0,0,0,0,0,0
2017-11-14,MUFFINS,Pumpkin,0.0,0.0,0.0,-2.0,0,2,0.0,0,0,0,0,0,0,0
2017-11-14,MUFFINS,Totals,27.0,286.0,313.0,137.0,77,41,58.0,0,41,41,4,0,0,0
2017-11-15,BREAD,H,27.0,12.0,39.0,13.0,0,0,26.0,0,0,0,0,0,0,0
2017-11-15,BREAD,FR,10.0,22.0,32.0,11.0,0,0,21.0,0,0,0,0,0,0,0
2017-11-15,BREAD,GW,4.0,6.0,10.0,4.0,0,0,6.0,0,0,0,0,0,0,0
2017-11-15,BREAD,DK,0.0,29.0,29.0,10.0,0,0,19.0,0,0,0,0,0,0,0
2017-11-15,BREAD,H5,13.0,0.0,13.0,6.0,0,0,7.0,0,0,0,0,0,0,0
2017-11-15,BREAD,CSWRL,7.0,12.0,19.0,7.0,2,3,7.0,4,0,4,1,0,0,0
2017-11-15,BREAD,Pump Swl,4.0,12.0,16.0,9.0,0,0,7.0,2,2,4,2,0,0,2
2017-11-15,BREAD,Sonoma,0.0,12.0,12.0,4.0,0,0,8.0,0,5,5,5,0,0,0
2017-11-15,BREAD,CnE,0.0,14.0,14.0,4.0,1,0,9.0,0,4,4,0,0,0,4
2017-11-15,BREAD,CnR,0.0,4.0,4.0,1.0,0,0,3.0,0,0,0,0,0,0,0
2017-11-15,BREAD,CnW,0.0,4.0,4.0,3.0,0,0,1.0,0,0,0,0,0,0,0
2017-11-15,BREAD,CG,0.0,10.0,10.0,6.0,0,0,4.0,0,3,3,1,0,0,2
2017-11-15,BREAD,Pesto CG,0.0,6.0,6.0,0.0,0,0,6.0,0,0,0,0,0,0,0
2017-11-15,BREAD,Jalep CG,0.0,4.0,4.0,1.0,0,0,3.0,0,0,0,0,0,0,0
2017-11-15,BREAD,VS,7.0,0.0,7.0,1.0,0,6,0.0,2,0,2,2,0,0,0
2017-11-15,BREAD,CB,7.0,0.0,7.0,7.0,0,0,0.0,2,0,2,2,0,0,0
2017-11-15,BREAD,CrO,2.0,0.0,2.0,0.0,0,2,0.0,2,0,2,-1,0,0,0
2017-11-15,BREAD,CH,5.0,0.0,5.0,3.0,0,2,0.0,0,0,0,0,0,0,0
2017-11-15,BREAD,car,2.0,0.0,2.0,2.0,0,0,0.0,0,0,0,0,0,0,0
2017-11-15,BREAD,ihf,0.0,31.0,31.0,27.0,0,0,4.0,0,0,0,0,0,0,0
2017-11-15,BREAD,Stuf,0.0,0.0,0.0,0.0,0,0,0.0,0,0,0,0,0,0,0
2017-11-15,BREAD,Turkeys,0.0,3.0,3.0,0.0,0,0,3.0,0,0,0,0,0,0,0
2017-11-15,BREAD,Cro-Rls,0.0,0.0,0.0,0.0,0,0,0.0,0,0,0,0,0,0,0
2017-11-15,BREAD,So-Rls,0.0,0.0,0.0,0.0,0,0,0.0,0,0,0,0,0,0,0
2017-11-15,BREAD,But-Rls,0.0,0.0,0.0,0.0,0,0,0.0,0,0,0,0,0,0,0
2017-11-15,BREAD,H-RLS,0.0,6.0,6.0,6.0,0,0,0.0,0,0,0,0,0,0,0
2017-11-15,BREAD,FR-RLS,0.0,6.0,6.0,4.0,2,0,0.0,0,0,0,0,0,0,0
2017-11-15,BREAD,VS-RLS,0.0,0.0,0.0,0.0,0,0,0.0,0,0,0,0,0,0,0
2017-11-15,BREAD,BLUE STRU,2.0,7.0,9.0,1.0,1,1,6.0,0,0,0,0,0,0,0
2017-11-15,BREAD,Mex Choc,2.0,6.0,8.0,1.0,2,1,4.0,0,0,0,0,0,0,0
2017-11-15,BREAD,pump cc,3.0,7.0,10.0,2.0,2,1,5.0,0,0,0,0,0,0,0
2017-11-15,BREAD,pump cr,0.0,6.0,6.0,1.0,2,0,3.0,0,0,0,0,0,0,0
2017-11-15,ROLLS,Cinnamon,0.0,24.0,24.0,18.0,4,2,0.0,0,0,0,0,0,0,0
2017-11-15,ROLLS,pump c-roll,0.0,0.0,0.0,0.0,0,0,0.0,0,0,0,0,0,0,0
2017-11-15,ROLLS,Mini C-Roll,0.0,0.0,0.0,0.0,0,0,0.0,0,0,0,0,0,0,0
2017-11-15,SCONES,Pump Spice,0.0,12.0,12.0,12.0,0,0,0.0,0,8,8,2,0,0,0
2017-11-15,SCONES,Blueberry,0.0,0.0,0.0,0.0,0,0,0.0,0,0,0,0,0,0,0
2017-11-15,SCONES,Rasp Cream,0.0,14.0,14.0,10.0,4,0,0.0,0,10,10,2,0,0,0
2017-11-15,SCONES,Cherry,0.0,0.0,0.0,0.0,0,0,0.0,0,0,0,0,0,0,0
2017-11-15,SCONES,Butt Almond,0.0,0.0,0.0,0.0,0,0,0.0,0,0,0,0,0,0,0
2017-11-15,SCONES,Turtle,0.0,8.0,8.0,8.0,0,0,0.0,0,8,8,2,0,0,0
2017-11-15,SCONES,Cin Chip,0.0,0.0,0.0,0.0,0,0,0.0,0,0,0,0,0,0,0
2017-11-15,FRUIT BARS,Mixed Berry,0.0,8.0,8.0,1.0,4,3,0.0,0,0,0,0,0,0,0
2017-11-15,FRUIT BARS,Cherry,0.0,12.0,12.0,5.0,5,2,0.0,0,0,0,0,0,0,0
2017-11-15,FRUIT BARS,Apple Cin,0.0,12.0,12.0,2.0,5,5,0.0,0,0,0,0,0,0,0
2017-11-15,FRUIT BARS,Car Apple,0.0,8.0,8.0,0.0,4,4,0.0,0,0,0,0,0,0,0
2017-11-15,MUFFINS,blue stru,0.0,8.0,8.0,7.0,0,1,0.0,0,12,12,2,0,0,0
2017-11-15,MUFFINS,Mex Choc,0.0,6.0,6.0,3.0,0,3,0.0,0,2,2,2,0,0,0
2017-11-15,MUFFINS,Pump Choc,0.0,8.0,8.0,3.0,0,5,0.0,0,12,12,2,0,0,0
2017-11-15,MUFFINS,Pump Crumb,0.0,6.0,6.0,4.0,0,2,0.0,0,2,2,1,0,0,0
2017-11-15,COOKIES/BARS,Oatmeal CC,7.0,24.0,31.0,16.0,8,0,7.0,0,12,12,0,0,0,0
2017-11-15,COOKIES/BARS,Peanut Butter,12.0,0.0,12.0,9.0,0,0,3.0,0,8,8,0,0,0,0
2017-11-15,COOKIES/BARS,PB Choc,10.0,12.0,22.0,12.0,0,2,8.0,0,0,0,0,0,0,0
2017-11-15,COOKIES/BARS,Triple Choc,15.0,12.0,27.0,11.0,8,7,1.0,0,10,10,0,0,0,0
2017-11-15,COOKIES/BARS,SnickerDoodle,0.0,30.0,30.0,9.0,8,0,13.0,0,12,12,0,0,0,0
2017-11-15,COOKIES/BARS,frosted,0.0,12.0,12.0,7.0,0,0,5.0,0,0,0,0,0,0,0
2017-11-15,COOKIES/BARS,Kahuna,14.0,0.0,14.0,-1.0,6,9,0.0,0,0,0,0,0,0,0
2017-11-15,COOKIES/BARS,Brownies,0.0,0.0,0.0,0.0,0,0,0.0,0,0,0,0,0,0,0
2017-11-15,COOKIES/BARS,Pumpkin,0.0,20.0,20.0,6.0,7,7,0.0,0,0,0,0,0,0,0
2017-11-15,COOKIES/BARS,Totals,58.0,236.0,294.0,142.0,63,52,37.0,0,96,96,13,0,0,0
2017-11-16,BREAD,H,26.0,24.0,50.0,33.0,0,0,17.0,0,0,0,0,0,0,0
2017-11-16,BREAD,FR,21.0,0.0,21.0,-11.0,0,0,32.0,0,0,0,0,0,0,0
2017-11-16,BREAD,GW,6.0,8.0,14.0,2.0,0,2,10.0,0,0,0,0,0,0,0
2017-11-16,BREAD,DK,19.0,0.0,19.0,15.0,0,0,4.0,0,0,0,0,0,0,0
2017-11-16,BREAD,H5,7.0,12.0,19.0,11.0,0,0,8.0,0,0,0,0,0,0,0
2017-11-16,BREAD,CSWRL,7.0,8.0,15.0,7.0,0,3,5.0,0,3,3,0,0,0,3
2017-11-16,BREAD,Pump Swl,7.0,8.0,15.0,6.0,0,3,6.0,2,0,2,0,0,0,0
2017-11-16,BREAD,Sonoma,8.0,0.0,8.0,7.0,0,1,0.0,0,0,0,-1,0,0,0
2017-11-16,BREAD,CnE,9.0,0.0,9.0,4.0,0,5,0.0,4,0,4,2,0,0,0
2017-11-16,BREAD,CnR,3.0,0.0,3.0,3.0,0,0,0.0,0,0,0,0,0,0,0
2017-11-16,BREAD,CnW,1.0,0.0,1.0,1.0,0,0,0.0,0,0,0,0,0,0,0
2017-11-16,BREAD,CG,4.0,0.0,4.0,4.0,0,0,0.0,2,0,2,2,0,0,0
2017-11-16,BREAD,Pesto CG,6.0,0.0,6.0,6.0,0,0,0.0,0,0,0,0,0,0,0
2017-11-16,BREAD,Jalep CG,3.0,0.0,3.0,3.0,0,0,0.0,0,0,0,0,0,0,0
2017-11-16,BREAD,VS,0.0,0.0,0.0,0.0,0,0,0.0,0,0,0,0,0,0,0
2017-11-16,BREAD,CB,0.0,11.0,11.0,3.0,2,0,6.0,0,4,4,4,0,0,0
2017-11-16,BREAD,CrO,0.0,0.0,0.0,-8.0,4,0,4.0,0,0,0,-1,0,0,1
2017-11-16,BREAD,CH,0.0,6.0,6.0,3.0,2,0,1.0,0,3,3,0,0,0,3
2017-11-16,BREAD,car,0.0,0.0,0.0,0.0,0,0,0.0,0,0,0,0,0,0,0
2017-11-16,BREAD,ihf,4.0,0.0,4.0,2.0,0,2,0.0,0,0,0,0,0,0,0
2017-11-16,BREAD,Stuf,0.0,54.0,54.0,4.0,0,0,50.0,0,0,0,0,0,0,0
2017-11-16,BREAD,Turkeys,3.0,0.0,3.0,1.0,0,0,2.0,0,0,0,0,0,0,0
2017-11-16,BREAD,Cro-Rls,0.0,0.0,0.0,-2.0,2,0,0.0,0,0,0,0,0,0,0
2017-11-16,BREAD,So-Rls,0.0,0.0,0.0,-5.0,0,0,5.0,0,0,0,0,0,0,0
2017-11-16,BREAD,But-Rls,0.0,0.0,0.0,0.0,0,0,0.0,0,0,0,0,0,0,0
2017-11-16,BREAD,H-RLS,0.0,6.0,6.0,-1.0,0,1,6.0,0,0,0,0,0,0,0
2017-11-16,BREAD,FR-RLS,0.0,0.0,0.0,0.0,0,0,0.0,0,0,0,0,0,0,0
2017-11-16,BREAD,VS-RLS,0.0,0.0,0.0,-6.0,0,0,6.0,0,0,0,0,0,0,0
2017-11-16,BREAD,BLUE STRU,6.0,0.0,6.0,1.0,0,5,0.0,0,0,0,0,0,0,0
2017-11-16,BREAD,Mex Choc,4.0,2.0,6.0,1.0,0,3,2.0,0,0,0,0,0,0,0
2017-11-16,BREAD,pump cc,5.0,2.0,7.0,3.0,1,2,1.0,0,0,0,0,0,0,0
2017-11-16,BREAD,pump cr,3.0,1.0,4.0,1.0,0,1,2.0,0,0,0,0,0,0,0
2017-11-16,ROLLS,Cinnamon,0.0,36.0,36.0,36.0,0,0,0.0,0,0,0,0,0,0,0
2017-11-16,ROLLS,pump c-roll,0.0,0.0,0.0,0.0,0,0,0.0,0,0,0,0,0,0,0
2017-11-16,ROLLS,Mini C-Roll,0.0,0.0,0.0,0.0,0,0,0.0,0,0,0,0,0,0,0
2017-11-16,SCONES,Pump Spice,0.0,14.0,14.0,7.0,0,7,0.0,0,2,2,2,0,0,0
2017-11-16,SCONES,Blueberry,0.0,18.0,18.0,15.0,0,3,0.0,0,2,2,1,0,0,0
2017-11-16,SCONES,Rasp Cream,0.0,0.0,0.0,0.0,0,0,0.0,0,0,0,0,0,0,0
2017-11-16,SCONES,Cherry,0.0,0.0,0.0,0.0,0,0,0.0,0,0,0,0,0,0,0
2017-11-16,SCONES,Butt Almond,0.0,0.0,0.0,0.0,0,0,0.0,0,0,0,0,0,0,0
2017-11-16,SCONES,Turtle,0.0,14.0,14.0,13.0,0,1,0.0,0,2,2,1,0,0,0
2017-11-16,SCONES,Cin Chip,0.0,0.0,0.0,0.0,0,0,0.0,0,0,0,0,0,0,0
2017-11-16,FRUIT BARS,Mixed Berry,0.0,0.0,0.0,0.0,0,0,0.0,0,0,0,0,0,0,0
2017-11-16,FRUIT BARS,Cherry,0.0,0.0,0.0,0.0,0,0,0.0,0,0,0,0,0,0,0
2017-11-16,FRUIT BARS,Apple Cin,0.0,12.0,12.0,8.0,2,2,0.0,0,0,0,0,0,0,0
2017-11-16,FRUIT BARS,Car Apple,0.0,8.0,8.0,6.0,2,0,0.0,0,0,0,0,0,0,0
2017-11-16,MUFFINS,blue stru,0.0,8.0,8.0,3.0,5,0,0.0,0,2,2,1,0,0,0
2017-11-16,MUFFINS,Mex Choc,0.0,6.0,6.0,3.0,0,3,0.0,0,2,2,1,0,0,0
2017-11-16,MUFFINS,Pump Choc,0.0,10.0,10.0,8.0,1,1,0.0,0,2,2,0,0,0,0
2017-11-16,MUFFINS,Pump Crumb,0.0,6.0,6.0,4.0,0,2,0.0,0,2,2,1,0,0,0
2017-11-16,COOKIES/BARS,Oatmeal CC,7.0,0.0,7.0,0.0,6,1,0.0,0,4,4,0,0,0,0
2017-11-16,COOKIES/BARS,Peanut Butter,3.0,0.0,3.0,-4.0,6,1,0.0,0,4,4,0,0,0,0
2017-11-16,COOKIES/BARS,PB Choc,8.0,0.0,8.0,8.0,0,0,0.0,0,0,0,0,0,0,0
2017-11-16,COOKIES/BARS,Triple Choc,1.0,0.0,1.0,-5.0,6,0,0.0,0,4,4,0,0,0,0
2017-11-16,COOKIES/BARS,SnickerDoodle,13.0,0.0,13.0,1.0,6,6,0.0,0,4,4,0,0,0,0
2017-11-16,COOKIES/BARS,frosted,5.0,0.0,5.0,5.0,0,0,0.0,0,0,0,0,0,0,0
2017-11-16,COOKIES/BARS,Kahuna,0.0,80.0,80.0,65.0,3,0,12.0,0,0,0,0,0,0,0
2017-11-16,COOKIES/BARS,Brownies,0.0,0.0,0.0,0.0,0,0,0.0,0,0,0,0,0,0,0
2017-11-16,COOKIES/BARS,Pumpkin,0.0,60.0,60.0,58.0,2,0,0.0,0,0,0,0,0,0,0
2017-11-16,COOKIES/BARS,Totals,37.0,272.0,309.0,231.0,39,27,12.0,0,30,30,7,0,0,0
2017-11-17,BREAD,H,17.0,50.0,67.0,37.0,1,0,29.0,0,0,0,0,0,0,0
2017-11-17,BREAD,FR,32.0,59.0,91.0,21.0,47,0,23.0,0,0,0,0,0,0,0
2017-11-17,BREAD,GW,10.0,6.0,16.0,3.0,0,8,5.0,0,0,0,0,0,0,0
2017-11-17,BREAD,DK,4.0,28.0,32.0,8.0,7,0,17.0,0,0,0,0,0,0,0
2017-11-17,BREAD,H5,8.0,0.0,8.0,6.0,0,0,2.0,0,0,0,0,0,0,0
2017-11-17,BREAD,CSWRL,5.0,12.0,17.0,17.0,0,0,0.0,3,0,3,3,0,0,0
2017-11-17,BREAD,Pump Swl,6.0,6.0,12.0,10.0,0,0,2.0,0,2,2,1,0,0,1
2017-11-17,BREAD,Sonoma,0.0,13.0,13.0,7.0,0,0,6.0,0,2,2,2,0,0,0
2017-11-17,BREAD,CnE,0.0,6.0,6.0,-6.0,1,0,11.0,0,0,0,-4,0,0,4
2017-11-17,BREAD,CnR,0.0,6.0,6.0,0.0,0,0,6.0,0,0,0,0,0,0,0
2017-11-17,BREAD,CnW,0.0,6.0,6.0,1.0,0,0,5.0,0,0,0,0,0,0,0
2017-11-17,BREAD,CG,0.0,12.0,12.0,4.0,0,0,8.0,0,4,4,4,0,0,0
2017-11-17,BREAD,Pesto CG,0.0,6.0,6.0,1.0,0,0,5.0,0,0,0,0,0,0,0
2017-11-17,BREAD,Jalep CG,0.0,4.0,4.0,0.0,0,0,4.0,0,0,0,0,0,0,0
2017-11-17,BREAD,VS,0.0,0.0,0.0,-7.0,0,7,0.0,0,0,0,-2,0,0,0
2017-11-17,BREAD,CB,6.0,0.0,6.0,6.0,0,0,0.0,0,0,0,0,0,0,0
2017-11-17,BREAD,CrO,4.0,0.0,4.0,2.0,0,0,2.0,1,0,1,1,0,0,0
2017-11-17,BREAD,CH,1.0,0.0,1.0,1.0,0,0,0.0,3,0,3,3,0,0,0
2017-11-17,BREAD,car,0.0,0.0,0.0,0.0,0,0,0.0,0,0,0,0,0,0,0
2017-11-17,BREAD,ihf,0.0,0.0,0.0,0.0,0,0,0.0,0,0,0,0,0,0,0
2017-11-17,BREAD,Stuf,50.0,0.0,50.0,4.0,1,0,45.0,0,0,0,0,0,0,0
2017-11-17,BREAD,Turkeys,2.0,6.0,8.0,0.0,0,0,8.0,0,0,0,0,0,0,0
2017-11-17,BREAD,Cro-Rls,5.0,0.0,5.0,4.0,0,1,0.0,0,0,0,0,0,0,0
2017-11-17,BREAD,So-Rls,0.0,0.0,0.0,0.0,0,0,0.0,0,0,0,0,0,0,0
2017-11-17,BREAD,But-Rls,0.0,25.0,25.0,5.0,20,0,0.0,0,0,0,0,0,0,0
2017-11-17,BREAD,H-RLS,6.0,6.0,12.0,5.0,0,1,6.0,0,0,0,0,0,0,0
2017-11-17,BREAD,FR-RLS,0.0,0.0,0.0,0.0,0,0,0.0,0,0,0,0,0,0,0
2017-11-17,BREAD,VS-RLS,6.0,0.0,6.0,6.0,0,0,0.0,0,0,0,0,0,0,0
2017-11-17,BREAD,BLUE STRU,0.0,6.0,6.0,1.0,0,0,5.0,0,0,0,0,0,0,0
2017-11-17,BREAD,Mex Choc,2.0,4.0,6.0,3.0,0,0,3.0,0,0,0,0,0,0,0
2017-11-17,BREAD,pump cc,1.0,7.0,8.0,5.0,2,0,1.0,0,0,0,0,0,0,0
2017-11-17,BREAD,pump cr,1.0,3.0,4.0,0.0,0,0,4.0,0,0,0,0,0,0,0
2017-11-17,ROLLS,Cinnamon,0.0,36.0,36.0,36.0,0,0,0.0,0,0,0,0,0,0,0
2017-11-17,ROLLS,pump c-roll,0.0,0.0,0.0,0.0,0,0,0.0,0,0,0,0,0,0,0
2017-11-17,ROLLS,Mini C-Roll,0.0,24.0,24.0,0.0,24,0,0.0,0,0,0,0,0,0,0
2017-11-17,SCONES,Pump Spice,0.0,12.0,12.0,9.0,0,3,0.0,0,2,2,2,0,0,0
2017-11-17,SCONES,Blueberry,0.0,0.0,0.0,0.0,0,0,0.0,0,0,0,0,0,0,0
2017-11-17,SCONES,Rasp Cream,0.0,0.0,0.0,0.0,0,0,0.0,0,0,0,0,0,0,0
2017-11-17,SCONES,Cherry,0.0,24.0,24.0,18.0,4,2,0.0,0,4,4,2,0,0,0
2017-11-17,SCONES,Butt Almond,0.0,18.0,18.0,15.0,0,3,0.0,0,4,4,2,0,0,0
2017-11-17,SCONES,Turtle,0.0,0.0,0.0,0.0,0,0,0.0,0,0,0,0,0,0,0
2017-11-17,SCONES,Cin Chip,0.0,0.0,0.0,0.0,0,0,0.0,0,0,0,0,0,0,0
2017-11-17,FRUIT BARS,Mixed Berry,0.0,12.0,12.0,9.0,2,1,0.0,0,0,0,0,0,0,0
2017-11-17,FRUIT BARS,Cherry,0.0,8.0,8.0,6.0,2,0,0.0,0,0,0,0,0,0,0
2017-11-17,FRUIT BARS,Apple cin,0.0,0.0,0.0,0.0,0,0,0.0,0,0,0,0,0,0,0
2017-11-17,FRUIT BARS,Car Apple,0.0,0.0,0.0,0.0,0,0,0.0,0,0,0,0,0,0,0
2017-11-17,MUFFINS,blue stru,0.0,8.0,8.0,8.0,0,0,0.0,0,4,4,1,0,0,0
2017-11-17,MUFFINS,Mex Choc,0.0,8.0,8.0,6.0,0,2,0.0,0,4,4,2,0,0,0
2017-11-17,MUFFINS,Pump Choc,0.0,20.0,20.0,8.0,12,0,0.0,0,2,2,1,0,0,0
2017-11-17,MUFFINS,Pump Crumb,0.0,6.0,6.0,1.0,0,5,0.0,0,2,2,2,0,0,0
2017-11-17,MUFFINS,Cookies,0.0,0.0,0.0,0.0,0,0,0.0,0,0,0,0,0,0,0
2017-11-17,MUFFINS,Bars,0.0,0.0,0.0,0.0,0,0,0.0,0,0,0,0,0,0,0
2017-11-17,MUFFINS,Oatmeal CC,0.0,30.0,30.0,15.0,8,0,7.0,0,2,2,0,0,0,0
2017-11-17,MUFFINS,Peanut Butter,0.0,12.0,12.0,11.0,0,0,1.0,0,2,2,0,0,0,0
2017-11-17,MUFFINS,PB Choc,0.0,24.0,24.0,15.0,0,0,9.0,0,0,0,0,0,0,0
2017-11-17,MUFFINS,Triple Choc,0.0,42.0,42.0,16.0,17,0,9.0,0,2,2,0,0,0,0
2017-11-17,MUFFINS,SnickerDoodle,0.0,30.0,30.0,19.0,5,0,6.0,0,2,2,0,0,0,0
2017-11-17,MUFFINS,frosted,0.0,12.0,12.0,8.0,0,0,4.0,0,0,0,0,0,0,0
2017-11-17,MUFFINS,Kahuna,12.0,0.0,12.0,11.0,0,1,0.0,0,0,0,0,0,0,0
2017-11-17,MUFFINS,Brownies,0.0,0.0,0.0,0.0,0,0,0.0,0,0,0,0,0,0,0
2017-11-17,MUFFINS,Pumpkin,0.0,20.0,20.0,5.0,3,0,12.0,0,0,0,0,0,0,0
2017-11-17,MUFFINS,Totals,12.0,346.0,358.0,216.0,77,17,48.0,0,30,30,12,0,0,0
2017-11-18,BREAD,H,29.0,43.0,72.0,26.0,43,3,0.0,0,0,0,0,0,0,0
2017-11-18,BREAD,FR,23.0,0.0,23.0,21.0,0,2,0.0,0,0,0,0,0,0,0
2017-11-18,BREAD,GW,5.0,8.0,13.0,13.0,0,0,0.0,0,0,0,0,0,0,0
2017-11-18,BREAD,DK,17.0,0.0,17.0,10.0,0,7,0.0,0,0,0,0,0,0,0
2017-11-18,BREAD,H5,2.0,0.0,2.0,1.0,0,1,0.0,0,0,0,0,0,0,0
2017-11-18,BREAD,CSWRL,0.0,16.0,16.0,9.0,0,7,0.0,0,2,2,2,0,0,0
2017-11-18,BREAD,Pump Swl,2.0,12.0,14.0,7.0,0,7,0.0,1,2,3,3,0,0,0
2017-11-18,BREAD,Sonoma,6.0,0.0,6.0,5.0,0,1,0.0,0,0,0,0,0,0,0
2017-11-18,BREAD,CnE,11.0,0.0,11.0,11.0,0,0,0.0,4,0,4,4,0,0,0
2017-11-18,BREAD,CnR,6.0,0.0,6.0,6.0,0,0,0.0,0,0,0,0,0,0,0
2017-11-18,BREAD,CnW,5.0,0.0,5.0,5.0,0,0,0.0,0,0,0,0,0,0,0
2017-11-18,BREAD,CG,8.0,0.0,8.0,8.0,0,0,0.0,0,0,0,-1,0,0,0
2017-11-18,BREAD,Pesto CG,5.0,0.0,5.0,4.0,0,1,0.0,0,0,0,0,0,0,0
2017-11-18,BREAD,Jalep CG,4.0,0.0,4.0,3.0,0,1,0.0,0,0,0,0,0,0,0
2017-11-18,BREAD,VS,0.0,8.0,8.0,8.0,0,0,0.0,0,2,2,2,0,0,0
2017-11-18,BREAD,CB,0.0,12.0,12.0,7.0,0,5,0.0,0,3,3,1,0,0,0
2017-11-18,BREAD,CrO,2.0,7.0,9.0,7.0,0,2,0.0,0,3,3,0,0,0,0
2017-11-18,BREAD,CH,0.0,0.0,0.0,0.0,0,0,0.0,0,0,0,0,0,0,0
2017-11-18,BREAD,1,0.0,59.0,59.0,0.0,59,0,0.0,0,0,0,0,0,0,0
2017-11-18,BREAD,2 H,0.0,0.0,0.0,0.0,0,0,0.0,0,0,0,0,0,0,0
2017-11-18,BREAD,TAKE-N-BAKE,0.0,25.0,25.0,25.0,0,0,0.0,0,0,0,0,0,0,0
2017-11-18,BREAD,Stuffing,45.0,0.0,45.0,32.0,0,13,0.0,0,0,0,0,0,0,0
2017-11-18,BREAD,Turkeys,8.0,0.0,8.0,8.0,0,0,0.0,0,0,0,0,0,0,0
2017-11-18,BREAD,Cro-Rls,0.0,0.0,0.0,0.0,0,0,0.0,0,0,0,0,0,0,0
2017-11-18,BREAD,So-Rls,0.0,0.0,0.0,0.0,0,0,0.0,0,0,0,0,0,0,0
2017-11-18,BREAD,But-Rls,0.0,23.0,23.0,19.0,4,0,0.0,0,0,0,0,0,0,0
2017-11-18,BREAD,H-RLS,6.0,0.0,6.0,6.0,0,0,0.0,0,0,0,0,0,0,0
2017-11-18,BREAD,FR-RLS,0.0,0.0,0.0,0.0,0,0,0.0,0,0,0,0,0,0,0
2017-11-18,BREAD,VS-RLS,0.0,4.0,4.0,4.0,0,0,0.0,0,0,0,0,0,0,0
2017-11-18,BREAD,BLUE STRU,5.0,0.0,5.0,5.0,0,0,0.0,0,0,0,0,0,0,0
2017-11-18,BREAD,Mex Choc,3.0,0.0,3.0,3.0,0,0,0.0,0,0,0,0,0,0,0
2017-11-18,BREAD,pump cc,1.0,2.0,3.0,3.0,0,0,0.0,0,0,0,0,0,0,0
2017-11-18,BREAD,pump cr,4.0,0.0,4.0,4.0,0,0,0.0,0,0,0,0,0,0,0
2017-11-18,ROLLS,Cinnamon,0.0,48.0,48.0,48.0,0,0,0.0,0,0,0,0,0,0,0
2017-11-18,ROLLS,pump c-roll,0.0,0.0,0.0,0.0,0,0,0.0,0,0,0,0,0,0,0
2017-11-18,ROLLS,Mini C-Roll,0.0,0.0,0.0,0.0,0,0,0.0,0,0,0,0,0,0,0
2017-11-18,SCONES,Pump Spice,0.0,12.0,12.0,10.0,0,2,0.0,0,2,2,2,0,0,0
2017-11-18,SCONES,Blueberry,0.0,18.0,18.0,18.0,0,0,0.0,0,2,2,2,0,0,0
2017-11-18,SCONES,Rasp Cream,0.0,0.0,0.0,0.0,0,0,0.0,0,0,0,0,0,0,0
2017-11-18,SCONES,Cherry,0.0,0.0,0.0,0.0,0,0,0.0,0,0,0,0,0,0,0
2017-11-18,SCONES,Butt Almond,0.0,18.0,18.0,17.0,0,1,0.0,0,2,2,0,0,0,0
2017-11-18,SCONES,Turtle,0.0,0.0,0.0,0.0,0,0,0.0,0,0,0,0,0,0,0
2017-11-18,SCONES,Cin Chip,0.0,0.0,0.0,0.0,0,0,0.0,0,0,0,0,0,0,0
2017-11-18,FRUIT BARS,Mixed Berry,0.0,0.0,0.0,0.0,0,0,0.0,0,0,0,0,0,0,0
2017-11-18,FRUIT BARS,Cherry,0.0,0.0,0.0,0.0,0,0,0.0,0,0,0,0,0,0,0
2017-11-18,FRUIT BARS,Apple Cin,0.0,12.0,12.0,8.0,0,4,0.0,0,0,0,0,0,0,0
2017-11-18,FRUIT BARS,Car Apple,0.0,8.0,8.0,6.0,0,2,0.0,0,0,0,0,0,0,0
2017-11-18,MUFFINS,blue stru,0.0,10.0,10.0,10.0,0,0,0.0,0,2,2,2,0,0,0
2017-11-18,MUFFINS,Mex Choc,0.0,6.0,6.0,6.0,0,0,0.0,0,2,2,0,0,0,0
2017-11-18,MUFFINS,Pump Choc,0.0,10.0,10.0,10.0,0,0,0.0,0,2,2,0,0,0,0
2017-11-18,MUFFINS,Pump Crumb,0.0,6.0,6.0,6.0,0,0,0.0,0,2,2,2,0,0,0
2017-11-18,MUFFINS,Cookies,0.0,0.0,0.0,0.0,0,0,0.0,0,0,0,0,0,0,0
2017-11-18,MUFFINS,Bars,0.0,0.0,0.0,0.0,0,0,0.0,0,0,0,0,0,0,0
2017-11-18,MUFFINS,Oatmeal CC,7.0,6.0,13.0,13.0,0,0,0.0,0,0,0,0,0,0,0
2017-11-18,MUFFINS,Peanut Butter,1.0,6.0,7.0,0.0,0,7,0.0,0,0,0,0,0,0,0
2017-11-18,MUFFINS,PB Choc,9.0,6.0,15.0,15.0,0,0,0.0,0,0,0,0,0,0,0
2017-11-18,MUFFINS,Triple Choc,9.0,6.0,15.0,6.0,0,9,0.0,0,0,0,0,0,0,0
2017-11-18,MUFFINS,SnickerDoodle,6.0,6.0,12.0,6.0,0,6,0.0,0,0,0,0,0,0,0
2017-11-18,MUFFINS,frosted,4.0,6.0,10.0,9.0,0,1,0.0,0,0,0,0,0,0,0
2017-11-18,MUFFINS,Kahuna,0.0,0.0,0.0,0.0,0,0,0.0,0,0,0,0,0,0,0
2017-11-18,MUFFINS,Brownies,0.0,0.0,0.0,0.0,0,0,0.0,0,0,0,0,0,0,0
2017-11-18,MUFFINS,Pumpkin,12.0,0.0,12.0,12.0,0,0,0.0,0,0,0,0,0,0,0
2017-11-18,MUFFINS,Totals,48.0,184.0,232.0,200.0,0,32,0.0,0,14,14,8,0,0,0
2017-11-19,BREAD,H,0.0,0.0,0.0,0.0,0,0,0.0,0,0,0,0,0,0,0
2017-11-19,BREAD,FR,0.0,0.0,0.0,0.0,0,0,0.0,0,0,0,0,0,0,0
2017-11-19,BREAD,GW,0.0,0.0,0.0,0.0,0,0,0.0,0,0,0,0,0,0,0
2017-11-19,BREAD,DK,0.0,0.0,0.0,0.0,0,0,0.0,0,0,0,0,0,0,0
2017-11-19,BREAD,H5,0.0,0.0,0.0,0.0,0,0,0.0,0,0,0,0,0,0,0
2017-11-19,BREAD,CSWRL,0.0,0.0,0.0,0.0,0,0,0.0,0,0,0,0,0,0,0
2017-11-19,BREAD,Pump Swl,0.0,0.0,0.0,0.0,0,0,0.0,0,0,0,0,0,0,0
2017-11-19,BREAD,Sonoma,0.0,0.0,0.0,0.0,0,0,0.0,0,0,0,0,0,0,0
2017-11-19,BREAD,CnE,0.0,0.0,0.0,0.0,0,0,0.0,0,0,0,0,0,0,0
2017-11-19,BREAD,CnR,0.0,0.0,0.0,0.0,0,0,0.0,0,0,0,0,0,0,0
2017-11-19,BREAD,CnW,0.0,0.0,0.0,0.0,0,0,0.0,0,0,0,0,0,0,0
2017-11-19,BREAD,CG,0.0,0.0,0.0,0.0,0,0,0.0,0,0,0,0,0,0,0
2017-11-19,BREAD,Pesto CG,0.0,0.0,0.0,0.0,0,0,0.0,0,0,0,0,0,0,0
2017-11-19,BREAD,Jalep CG,0.0,0.0,0.0,0.0,0,0,0.0,0,0,0,0,0,0,0
2017-11-19,BREAD,VS,0.0,0.0,0.0,0.0,0,0,0.0,0,0,0,0,0,0,0
2017-11-19,BREAD,CB,0.0,0.0,0.0,0.0,0,0,0.0,0,0,0,0,0,0,0
2017-11-19,BREAD,CrO,0.0,0.0,0.0,0.0,0,0,0.0,0,0,0,0,0,0,0
2017-11-19,BREAD,CH,0.0,0.0,0.0,0.0,0,0,0.0,0,0,0,0,0,0,0
2017-11-19,BREAD,car,0.0,0.0,0.0,0.0,0,0,0.0,0,0,0,0,0,0,0
2017-11-19,BREAD,ihf,0.0,0.0,0.0,0.0,0,0,0.0,0,0,0,0,0,0,0
2017-11-19,BREAD,Stuf,0.0,0.0,0.0,0.0,0,0,0.0,0,0,0,0,0,0,0
2017-11-19,BREAD,Turkeys,0.0,0.0,0.0,0.0,0,0,0.0,0,0,0,0,0,0,0
2017-11-19,BREAD,Cro-Rls,0.0,0.0,0.0,0.0,0,0,0.0,0,0,0,0,0,0,0
2017-11-19,BREAD,So-Rls,0.0,0.0,0.0,0.0,0,0,0.0,0,0,0,0,0,0,0
2017-11-19,BREAD,But-Rls,0.0,0.0,0.0,0.0,0,0,0.0,0,0,0,0,0,0,0
2017-11-19,BREAD,H-RLS,0.0,0.0,0.0,0.0,0,0,0.0,0,0,0,0,0,0,0
2017-11-19,BREAD,FR-RLS,0.0,0.0,0.0,0.0,0,0,0.0,0,0,0,0,0,0,0
2017-11-19,BREAD,VS-RLS,0.0,0.0,0.0,0.0,0,0,0.0,0,0,0,0,0,0,0
2017-11-19,BREAD,BLUE STRU,0.0,0.0,0.0,0.0,0,0,0.0,0,0,0,0,0,0,0
2017-11-19,BREAD,Mex Choc,0.0,0.0,0.0,0.0,0,0,0.0,0,0,0,0,0,0,0
2017-11-19,BREAD,pump cc,0.0,0.0,0.0,0.0,0,0,0.0,0,0,0,0,0,0,0
2017-11-19,BREAD,pump cr,0.0,0.0,0.0,0.0,0,0,0.0,0,0,0,0,0,0,0
2017-11-19,ROLLS,Cinnamon,0.0,0.0,0.0,0.0,0,0,0.0,0,0,0,0,0,0,0
2017-11-19,ROLLS,pump c-roll,0.0,0.0,0.0,0.0,0,0,0.0,0,0,0,0,0,0,0
2017-11-19,ROLLS,Mini C-Roll,0.0,0.0,0.0,0.0,0,0,0.0,0,0,0,0,0,0,0
2017-11-19,SCONES,Pump Spice,0.0,0.0,0.0,0.0,0,0,0.0,0,0,0,0,0,0,0
2017-11-19,SCONES,Blueberry,0.0,0.0,0.0,0.0,0,0,0.0,0,0,0,0,0,0,0
2017-11-19,SCONES,Rasp Cream,0.0,0.0,0.0,0.0,0,0,0.0,0,0,0,0,0,0,0
2017-11-19,SCONES,Cherry,0.0,0.0,0.0,0.0,0,0,0.0,0,0,0,0,0,0,0
2017-11-19,SCONES,Butt Almond,0.0,0.0,0.0,0.0,0,0,0.0,0,0,0,0,0,0,0
2017-11-19,SCONES,Turtle,0.0,0.0,0.0,0.0,0,0,0.0,0,0,0,0,0,0,0
2017-11-19,SCONES,Cin Chip,0.0,0.0,0.0,0.0,0,0,0.0,0,0,0,0,0,0,0
2017-11-19,FRUIT BARS,Mixed Berry,0.0,0.0,0.0,0.0,0,0,0.0,0,0,0,0,0,0,0
2017-11-19,FRUIT BARS,Cherry,0.0,0.0,0.0,0.0,0,0,0.0,0,0,0,0,0,0,0
2017-11-19,FRUIT BARS,Apple Cin,0.0,0.0,0.0,0.0,0,0,0.0,0,0,0,0,0,0,0
2017-11-19,FRUIT BARS,Car Apple,0.0,0.0,0.0,0.0,0,0,0.0,0,0,0,0,0,0,0
2017-11-19,MUFFINS,blue stru,0.0,0.0,0.0,0.0,0,0,0.0,0,0,0,0,0,0,0
2017-11-19,MUFFINS,Mex Choc,0.0,0.0,0.0,0.0,0,0,0.0,0,0,0,0,0,0,0
2017-11-19,MUFFINS,Pump Choc,0.0,0.0,0.0,0.0,0,0,0.0,0,0,0,0,0,0,0
2017-11-19,MUFFINS,Pump Crumb,0.0,0.0,0.0,0.0,0,0,0.0,0,0,0,0,0,0,0
2017-11-19,MUFFINS,Cookies,0.0,0.0,0.0,0.0,0,0,0.0,0,0,0,0,0,0,0
2017-11-19,MUFFINS,Bars,0.0,0.0,0.0,0.0,0,0,0.0,0,0,0,0,0,0,0
2017-11-19,MUFFINS,Oatmeal CC,0.0,0.0,0.0,0.0,0,0,0.0,0,0,0,0,0,0,0
2017-11-19,MUFFINS,Peanut Butter,0.0,0.0,0.0,0.0,0,0,0.0,0,0,0,0,0,0,0
2017-11-19,MUFFINS,PB Choc,0.0,0.0,0.0,0.0,0,0,0.0,0,0,0,0,0,0,0
2017-11-19,MUFFINS,Triple Choc,0.0,0.0,0.0,0.0,0,0,0.0,0,0,0,0,0,0,0
2017-11-19,MUFFINS,SnickerDoodle,0.0,0.0,0.0,0.0,0,0,0.0,0,0,0,0,0,0,0
2017-11-19,MUFFINS,frosted,0.0,0.0,0.0,0.0,0,0,0.0,0,0,0,0,0,0,0
2017-11-19,MUFFINS,Kahuna,0.0,0.0,0.0,0.0,0,0,0.0,0,0,0,0,0,0,0
2017-11-19,MUFFINS,Brownies,0.0,0.0,0.0,0.0,0,0,0.0,0,0,0,0,0,0,0
2017-11-19,MUFFINS,Pumpkin,0.0,0.0,0.0,0.0,0,0,0.0,0,0,0,0,0,0,0
2017-11-19,MUFFINS,Totals,0.0,0.0,0.0,0.0,0,0,0.0,0,0,0,0,0,0,0
2017-11-20,BREAD,H,0.0,48.0,48.0,21.0,15,0,12.0,0,0,0,0,0,0,0
2017-11-20,BREAD,FR,0.0,77.0,77.0,31.0,40,0,6.0,0,0,0,0,0,0,0
2017-11-20,BREAD,GW,0.0,8.0,8.0,6.0,0,0,2.0,0,0,0,0,0,0,0
2017-11-20,BREAD,DK,0.0,57.0,57.0,17.0,0,0,40.0,0,0,0,0,0,0,0
2017-11-20,BREAD,H5,0.0,0.0,0.0,0.0,0,0,0.0,0,0,0,0,0,0,0
2017-11-20,BREAD,CSWRL,0.0,24.0,24.0,19.0,0,0,5.0,0,3,3,0,0,0,3
2017-11-20,BREAD,Pump Swl,0.0,16.0,16.0,9.0,1,0,6.0,0,3,3,0,0,0,3
2017-11-20,BREAD,Sonoma,0.0,0.0,0.0,0.0,0,0,0.0,0,0,0,0,0,0,0
2017-11-20,BREAD,CnE,0.0,50.0,50.0,15.0,0,0,35.0,0,0,0,0,0,0,0
2017-11-20,BREAD,CnR,0.0,0.0,0.0,0.0,0,0,0.0,0,0,0,0,0,0,0
2017-11-20,BREAD,CnW,0.0,0.0,0.0,0.0,0,0,0.0,0,0,0,0,0,0,0
2017-11-20,BREAD,CG,0.0,0.0,0.0,0.0,0,0,0.0,0,0,0,0,0,0,0
2017-11-20,BREAD,Pesto CG,0.0,0.0,0.0,0.0,0,0,0.0,0,0,0,0,0,0,0
2017-11-20,BREAD,Jalep CG,0.0,0.0,0.0,0.0,0,0,0.0,0,0,0,0,0,0,0
2017-11-20,BREAD,VS,0.0,28.0,28.0,9.0,0,0,19.0,0,5,5,3,0,0,2
2017-11-20,BREAD,CB,0.0,26.0,26.0,7.0,0,0,19.0,0,3,3,2,0,0,0
2017-11-20,BREAD,CrO,0.0,21.0,21.0,11.0,0,0,10.0,0,4,4,1,0,0,3
2017-11-20,BREAD,CH,0.0,0.0,0.0,0.0,0,0,0.0,0,0,0,0,0,0,0
2017-11-20,BREAD,car,0.0,0.0,0.0,0.0,0,0,0.0,0,0,0,0,0,0,0
2017-11-20,BREAD,ihf,0.0,0.0,0.0,0.0,0,0,0.0,0,0,0,0,0,0,0
2017-11-20,BREAD,Stuf,0.0,0.0,0.0,0.0,0,0,0.0,0,0,0,0,0,0,0
2017-11-20,BREAD,Turkeys,0.0,9.0,9.0,3.0,0,0,6.0,0,0,0,0,0,0,0
2017-11-20,BREAD,Cro-Rls,0.0,24.0,24.0,9.0,0,0,15.0,0,0,0,0,0,0,0
2017-11-20,BREAD,So-Rls,0.0,0.0,0.0,0.0,0,0,0.0,0,0,0,0,0,0,0
2017-11-20,BREAD,But-Rls,0.0,61.0,61.0,27.0,0,0,34.0,0,0,0,0,0,0,0
2017-11-20,BREAD,H-RLS,0.0,24.0,24.0,18.0,0,0,6.0,0,0,0,0,0,0,0
2017-11-20,BREAD,FR-RLS,0.0,0.0,0.0,0.0,0,0,0.0,0,0,0,0,0,0,0
2017-11-20,BREAD,VS-RLS,0.0,24.0,24.0,18.0,0,0,6.0,0,0,0,0,0,0,0
2017-11-20,BREAD,BLUE STRU,0.0,4.0,4.0,3.0,0,0,1.0,0,0,0,0,0,0,0
2017-11-20,BREAD,Mex Choc,0.0,4.0,4.0,0.0,0,0,4.0,0,0,0,0,0,0,0
2017-11-20,BREAD,pump cc,0.0,4.0,4.0,4.0,0,0,0.0,0,0,0,0,0,0,0
2017-11-20,BREAD,pump cr,0.0,5.0,5.0,3.0,2,0,0.0,0,0,0,0,0,0,0
2017-11-20,ROLLS,Cinnamon,0.0,36.0,36.0,12.0,0,24,0.0,0,0,0,0,0,0,0
2017-11-20,ROLLS,Mini C-Roll,0.0,0.0,0.0,0.0,0,0,0.0,0,0,0,0,0,0,0
2017-11-20,SCONES,Pump Spice,0.0,12.0,12.0,8.0,0,4,0.0,0,2,2,2,0,0,0
2017-11-20,SCONES,Blueberry,0.0,0.0,0.0,0.0,0,0,0.0,0,0,0,0,0,0,0
2017-11-20,SCONES,Rasp Cream,0.0,12.0,12.0,2.0,0,10,0.0,0,38,38,2,0,0,0
2017-11-20,SCONES,Cherry,0.0,0.0,0.0,0.0,0,0,0.0,0,0,0,0,0,0,0
2017-11-20,SCONES,Butt Almond,0.0,0.0,0.0,0.0,0,0,0.0,0,0,0,0,0,0,0
2017-11-20,SCONES,Turtle,0.0,0.0,0.0,0.0,0,0,0.0,0,0,0,0,0,0,0
2017-11-20,SCONES,Cin Chip,0.0,8.0,8.0,4.0,0,4,0.0,0,26,26,2,0,0,0
2017-11-20,FRUIT BARS,Mixed Berry,0.0,12.0,12.0,-1.0,0,13,0.0,0,0,0,0,0,0,0
2017-11-20,FRUIT BARS,Cherry,0.0,48.0,48.0,0.0,40,8,0.0,0,0,0,0,0,0,0
2017-11-20,FRUIT BARS,Apple Cin,0.0,0.0,0.0,0.0,0,0,0.0,0,0,0,0,0,0,0
2017-11-20,FRUIT BARS,Blueberry,0.0,40.0,40.0,0.0,40,0,0.0,0,0,0,0,0,0,0
2017-11-20,MUFFINS,blue stru,0.0,8.0,8.0,6.0,0,2,0.0,0,25,25,1,0,0,0
2017-11-20,MUFFINS,Mex Choc,0.0,6.0,6.0,1.0,0,5,0.0,0,13,13,0,0,0,0
2017-11-20,MUFFINS,Pump Choc,0.0,8.0,8.0,4.0,0,4,0.0,0,25,25,0,0,0,0
2017-11-20,MUFFINS,Pump Crumb,0.0,6.0,6.0,2.0,0,4,0.0,0,1,1,1,0,0,0
2017-11-20,MUFFINS,COOKIES,0.0,0.0,0.0,0.0,0,0,0.0,0,0,0,0,0,0,0
2017-11-20,MUFFINS,BARS,0.0,0.0,0.0,0.0,0,0,0.0,0,0,0,0,0,0,0
2017-11-20,MUFFINS,PIES,,,,,0,0,,0,0,0,0,0,0,0
2017-11-20,MUFFINS,Oatmeal CC,0.0,18.0,18.0,12.0,0,0,6.0,0,0,0,0,0,0,0
2017-11-20,MUFFINS,Peanut Butter,0.0,12.0,12.0,11.0,0,0,1.0,0,0,0,0,0,0,0
2017-11-20,MUFFINS,PB Choc,0.0,18.0,18.0,11.0,0,0,7.0,0,0,0,0,0,0,0
2017-11-20,MUFFINS,Triple Choc,0.0,18.0,18.0,12.0,0,0,6.0,0,0,0,0,0,0,0
2017-11-20,MUFFINS,SnickerDoodle,0.0,18.0,18.0,18.0,0,0,0.0,0,0,0,0,0,0,0
2017-11-20,MUFFINS,frosted,0.0,12.0,12.0,11.0,0,0,1.0,0,0,0,0,0,0,0
2017-11-20,MUFFINS,Pumpkin Bars,0.0,20.0,20.0,7.0,0,0,13.0,0,0,0,0,0,0,0
2017-11-20,MUFFINS,Pumpkin Pie,0.0,10.0,10.0,7.0,0,0,3.0,0,0,0,0,0,0,0
2017-11-20,MUFFINS,Pecan Pie,0.0,6.0,6.0,2.0,0,0,4.0,0,0,0,0,0,0,0
2017-11-20,MUFFINS,Apple Crunch,0.0,3.0,3.0,2.0,0,0,1.0,0,0,0,0,0,0,0
2017-11-20,MUFFINS,Cran Apple,0.0,2.0,2.0,2.0,0,0,0.0,0,0,0,0,0,0,0
2017-11-20,MUFFINS,Sugar Cream,0.0,8.0,8.0,7.0,0,0,1.0,0,0,0,0,0,0,0
2017-11-20,MUFFINS,Totals,0.0,341.0,341.0,140.0,80,78,43.0,0,130,130,8,0,0,0
2017-11-21,BREAD,H,12.0,61.0,73.0,10.0,0,0,63.0,0,0,0,0,0,0,0
2017-11-21,BREAD,FR,6.0,134.0,140.0,8.0,45,0,87.0,0,0,0,0,0,0,0
2017-11-21,BREAD,GW,2.0,16.0,18.0,8.0,0,0,10.0,0,0,0,0,0,0,0
2017-11-21,BREAD,DK,40.0,43.0,83.0,33.0,0,0,50.0,0,0,0,0,0,0,0
2017-11-21,BREAD,H5,0.0,0.0,0.0,0.0,0,0,0.0,0,0,0,0,0,0,0
2017-11-21,BREAD,CSWRL,5.0,24.0,29.0,24.0,5,0,0.0,3,4,7,7,0,0,0
2017-11-21,BREAD,Pump Swl,6.0,16.0,22.0,22.0,0,0,0.0,3,0,3,0,0,0,0
2017-11-21,BREAD,Sonoma,0.0,20.0,20.0,19.0,0,0,1.0,0,0,0,0,0,0,0
2017-11-21,BREAD,CnE,35.0,40.0,75.0,37.0,0,0,38.0,0,0,0,0,0,0,0
2017-11-21,BREAD,CnR,0.0,0.0,0.0,0.0,0,0,0.0,0,0,0,0,0,0,0
2017-11-21,BREAD,CnW,0.0,0.0,0.0,0.0,0,0,0.0,0,0,0,0,0,0,0
2017-11-21,BREAD,CG,0.0,0.0,0.0,0.0,0,0,0.0,0,0,0,0,0,0,0
2017-11-21,BREAD,Pesto CG,0.0,0.0,0.0,0.0,0,0,0.0,0,0,0,0,0,0,0
2017-11-21,BREAD,Jalep CG,0.0,0.0,0.0,0.0,0,0,0.0,0,0,0,0,0,0,0
2017-11-21,BREAD,VS,19.0,26.0,45.0,17.0,0,6,22.0,2,4,6,2,0,0,4
2017-11-21,BREAD,CB,19.0,0.0,19.0,13.0,0,6,0.0,0,0,0,0,0,0,0
2017-11-21,BREAD,CrO,10.0,21.0,31.0,14.0,0,0,17.0,3,5,8,4,0,0,4
2017-11-21,BREAD,CH,0.0,0.0,0.0,0.0,0,0,0.0,0,0,0,0,0,0,0
2017-11-21,BREAD,car,0.0,0.0,0.0,0.0,0,0,0.0,0,0,0,0,0,0,0
2017-11-21,BREAD,ihf,0.0,0.0,0.0,0.0,0,0,0.0,0,0,0,0,0,0,0
2017-11-21,BREAD,Stuf,0.0,68.0,68.0,48.0,0,0,20.0,0,0,0,0,0,0,0
2017-11-21,BREAD,Turkeys,6.0,12.0,18.0,12.0,0,0,6.0,0,0,0,0,0,0,0
2017-11-21,BREAD,Cro-Rls,15.0,60.0,75.0,29.0,0,0,46.0,0,0,0,0,0,0,0
2017-11-21,BREAD,So-Rls,0.0,0.0,0.0,-10.0,0,0,10.0,0,0,0,0,0,0,0
2017-11-21,BREAD,But-Rls,34.0,170.0,204.0,136.0,0,0,68.0,0,0,0,0,0,0,0
2017-11-21,BREAD,H-RLS,6.0,30.0,36.0,25.0,0,0,11.0,0,0,0,0,0,0,0
2017-11-21,BREAD,FR-RLS,0.0,0.0,0.0,0.0,0,0,0.0,0,0,0,0,0,0,0
2017-11-21,BREAD,VS-RLS,6.0,48.0,54.0,34.0,0,0,20.0,0,0,0,0,0,0,0
2017-11-21,BREAD,BLUE STRU,1.0,12.0,13.0,6.0,5,0,2.0,0,0,0,0,0,0,0
2017-11-21,BREAD,Mex Choc,4.0,1.0,5.0,1.0,0,3,1.0,0,0,0,0,0,0,0
2017-11-21,BREAD,pump cc,0.0,16.0,16.0,11.0,5,0,0.0,0,0,0,0,0,0,0
2017-11-21,BREAD,pump cr,0.0,8.0,8.0,2.0,0,0,6.0,0,0,0,0,0,0,0
2017-11-21,ROLLS,Cinnamon,0.0,60.0,60.0,48.0,0,12,0.0,0,0,0,0,0,0,0
2017-11-21,ROLLS,Mini C-Roll,0.0,168.0,168.0,0.0,168,0,0.0,0,0,0,0,0,0,0
2017-11-21,SCONES,Pump Spice,0.0,16.0,16.0,13.0,0,3,0.0,0,18,18,2,0,0,0
2017-11-21,SCONES,Blueberry,0.0,22.0,22.0,7.0,2,13,0.0,0,66,66,2,0,0,0
2017-11-21,SCONES,Rasp Cream,0.0,0.0,0.0,0.0,0,0,0.0,0,0,0,0,0,0,0
2017-11-21,SCONES,Cherry,0.0,0.0,0.0,0.0,0,0,0.0,0,0,0,0,0,0,0
2017-11-21,SCONES,Butt Almond,0.0,0.0,0.0,0.0,0,0,0.0,0,0,0,0,0,0,0
2017-11-21,SCONES,Turtle,0.0,0.0,0.0,0.0,0,0,0.0,0,0,0,0,0,0,0
2017-11-21,SCONES,Cin Chip,0.0,16.0,16.0,7.0,2,7,0.0,0,20,20,2,0,0,0
2017-11-21,FRUIT BARS,Mixed Berry,0.0,12.0,12.0,4.0,6,2,0.0,0,0,0,0,0,0,0
2017-11-21,FRUIT BARS,Cherry,0.0,56.0,56.0,0.0,48,8,0.0,0,0,0,0,0,0,0
2017-11-21,FRUIT BARS,Blueberry,0.0,52.0,52.0,3.0,46,3,0.0,0,0,0,0,0,0,0
2017-11-21,FRUIT BARS,Apple Cin,0.0,40.0,40.0,0.0,40,0,0.0,0,0,0,0,0,0,0
2017-11-21,MUFFINS,blue stru,0.0,6.0,6.0,6.0,0,0,0.0,0,2,2,2,0,0,0
2017-11-21,MUFFINS,Mex Choc,0.0,6.0,6.0,4.0,0,2,0.0,0,27,27,0,0,0,0
2017-11-21,MUFFINS,Pump Choc,0.0,7.0,7.0,7.0,0,0,0.0,0,2,2,2,0,0,0
2017-11-21,MUFFINS,Pump Crumb,0.0,5.0,5.0,5.0,0,0,0.0,0,27,27,2,0,0,0
2017-11-21,MUFFINS,COOKIES,0.0,0.0,0.0,0.0,0,0,0.0,0,0,0,0,0,0,0
2017-11-21,MUFFINS,BARS,0.0,0.0,0.0,0.0,0,0,0.0,0,0,0,0,0,0,0
2017-11-21,MUFFINS,PIES,,,,,0,0,,0,0,0,0,0,0,0
2017-11-21,MUFFINS,Oatmeal CC,1.0,24.0,25.0,19.0,0,0,6.0,0,0,0,0,0,0,0
2017-11-21,MUFFINS,Peanut Butter,7.0,12.0,19.0,19.0,0,0,0.0,0,0,0,0,0,0,0
2017-11-21,MUFFINS,PB Choc,6.0,18.0,24.0,14.0,0,2,8.0,0,0,0,0,0,0,0
2017-11-21,MUFFINS,Triple Choc,0.0,24.0,24.0,18.0,0,0,6.0,0,0,0,0,0,0,0
2017-11-21,MUFFINS,SnickerDoodle,1.0,24.0,25.0,25.0,0,0,0.0,0,0,0,0,0,0,0
2017-11-21,MUFFINS,Frosted,1.0,18.0,19.0,19.0,0,0,0.0,0,0,0,0,0,0,0
2017-11-21,MUFFINS,Pumpkin Bars,13.0,0.0,13.0,7.0,0,6,0.0,0,0,0,0,0,0,0
2017-11-21,MUFFINS,Pumpkin Pie,3.0,18.0,18.0,12.0,0,0,6.0,0,0,0,0,0,0,0
2017-11-21,MUFFINS,Pecan Pie,4.0,16.0,16.0,14.0,0,0,2.0,0,0,0,0,0,0,0
2017-11-21,MUFFINS,Apple Crunch,1.0,12.0,12.0,12.0,0,0,0.0,0,0,0,0,0,0,0
2017-11-21,MUFFINS,Cran Apple,0.0,14.0,14.0,7.0,0,0,7.0,0,0,0,0,0,0,0
2017-11-21,MUFFINS,Sugar Cream,1.0,8.0,8.0,8.0,0,0,0.0,0,0,0,0,0,0,0
2017-11-21,MUFFINS,Totals,38.0,654.0,683.0,278.0,312,58,35.0,0,162,162,12,0,0,0
2017-11-22,BREAD,H,63.0,6.0,69.0,57.0,0,12,0.0,0,0,0,0,0,0,0
2017-11-22,BREAD,FR,87.0,0.0,87.0,43.0,0,44,0.0,0,0,0,0,0,0,0
2017-11-22,BREAD,GW,10.0,7.0,17.0,10.0,0,7,0.0,0,0,0,0,0,0,0
2017-11-22,BREAD,DK,50.0,0.0,50.0,23.0,0,27,0.0,0,0,0,0,0,0,0
2017-11-22,BREAD,H5,0.0,0.0,0.0,0.0,0,0,0.0,0,0,0,0,0,0,0
2017-11-22,BREAD,CSWRL,0.0,44.0,44.0,40.0,4,0,0.0,0,6,6,5,0,0,0
2017-11-22,BREAD,Pump Swl,0.0,32.0,32.0,27.0,5,0,0.0,0,4,4,4,0,0,0
2017-11-22,BREAD,Sonoma,1.0,14.0,15.0,13.0,0,2,0.0,0,0,0,0,0,0,0
2017-11-22,BREAD,CnE,38.0,0.0,38.0,25.0,0,13,0.0,0,0,0,0,0,0,0
2017-11-22,BREAD,CnR,0.0,0.0,0.0,0.0,0,0,0.0,0,0,0,0,0,0,0
2017-11-22,BREAD,CnW,0.0,0.0,0.0,0.0,0,0,0.0,0,0,0,0,0,0,0
2017-11-22,BREAD,CG,0.0,0.0,0.0,0.0,0,0,0.0,0,0,0,0,0,0,0
2017-11-22,BREAD,Pesto CG,0.0,0.0,0.0,0.0,0,0,0.0,0,0,0,0,0,0,0
2017-11-22,BREAD,Jalep CG,0.0,0.0,0.0,0.0,0,0,0.0,0,0,0,0,0,0,0
2017-11-22,BREAD,VS,22.0,12.0,34.0,29.0,0,5,0.0,4,5,9,2,0,0,0
2017-11-22,BREAD,CB,0.0,11.0,11.0,11.0,0,0,0.0,0,5,5,4,0,0,0
2017-11-22,BREAD,CrO,17.0,0.0,17.0,14.0,0,3,0.0,4,0,4,2,0,0,0
2017-11-22,BREAD,CH,0.0,0.0,0.0,0.0,0,0,0.0,0,0,0,0,0,0,0
2017-11-22,BREAD,car,0.0,0.0,0.0,0.0,0,0,0.0,0,0,0,0,0,0,0
2017-11-22,BREAD,ihf,0.0,0.0,0.0,0.0,0,0,0.0,0,0,0,0,0,0,0
2017-11-22,BREAD,Stuf,20.0,0.0,20.0,20.0,0,0,0.0,0,0,0,0,0,0,0
2017-11-22,BREAD,Turkeys,6.0,9.0,15.0,6.0,0,9,0.0,0,0,0,0,0,0,0
2017-11-22,BREAD,Cro-Rls,46.0,0.0,46.0,43.0,0,3,0.0,0,0,0,0,0,0,0
2017-11-22,BREAD,So-Rls,10.0,30.0,40.0,9.0,0,31,0.0,0,0,0,0,0,0,0
2017-11-22,BREAD,But-Rls,68.0,194.0,262.0,257.0,0,5,0.0,0,0,0,0,0,0,0
2017-11-22,BREAD,H-RLS,11.0,72.0,83.0,83.0,0,0,0.0,0,0,0,0,0,0,0
2017-11-22,BREAD,FR-RLS,0.0,0.0,0.0,0.0,0,0,0.0,0,0,0,0,0,0,0
2017-11-22,BREAD,VS-RLS,20.0,72.0,92.0,88.0,0,4,0.0,0,0,0,0,0,0,0
2017-11-22,BREAD,BLUE STRU,2.0,10.0,12.0,4.0,0,8,0.0,0,0,0,0,0,0,0
2017-11-22,BREAD,Mex Choc,1.0,5.0,6.0,2.0,0,4,0.0,0,0,0,0,0,0,0
2017-11-22,BREAD,pump cc,0.0,18.0,18.0,13.0,0,5,0.0,0,0,0,0,0,0,0
2017-11-22,BREAD,pump cr,6.0,7.0,13.0,7.0,1,5,0.0,0,0,0,0,0,0,0
2017-11-22,ROLLS,Cinnamon,0.0,108.0,108.0,105.0,3,0,0.0,0,0,0,0,0,0,0
2017-11-22,ROLLS,Mini C-Roll,0.0,0.0,0.0,0.0,0,0,0.0,0,0,0,0,0,0,0
2017-11-22,SCONES,Pump Spice,0.0,20.0,20.0,20.0,0,0,0.0,0,2,2,2,0,0,0
2017-11-22,SCONES,Blueberry,0.0,0.0,0.0,0.0,0,0,0.0,0,0,0,0,0,0,0
2017-11-22,SCONES,Rasp Cream,0.0,26.0,26.0,26.0,0,0,0.0,0,2,2,2,0,0,0
2017-11-22,SCONES,Cherry,0.0,0.0,0.0,0.0,0,0,0.0,0,0,0,0,0,0,0
2017-11-22,SCONES,Butt Almond,0.0,0.0,0.0,0.0,0,0,0.0,0,0,0,0,0,0,0
2017-11-22,SCONES,Turtle,0.0,16.0,16.0,16.0,0,0,0.0,0,2,2,2,0,0,0
2017-11-22,SCONES,Cin Chip,0.0,0.0,0.0,0.0,0,0,0.0,0,0,0,0,0,0,0
2017-11-22,FRUIT BARS,Mixed Berry,0.0,8.0,8.0,8.0,0,0,0.0,0,0,0,0,0,0,0
2017-11-22,FRUIT BARS,Cherry,0.0,12.0,12.0,12.0,0,0,0.0,0,0,0,0,0,0,0
2017-11-22,FRUIT BARS,Apple Cin,0.0,0.0,0.0,0.0,0,0,0.0,0,0,0,0,0,0,0
2017-11-22,FRUIT BARS,Car Apple,0.0,0.0,0.0,0.0,0,0,0.0,0,0,0,0,0,0,0
2017-11-22,MUFFINS,blue stru,0.0,12.0,12.0,11.0,0,1,0.0,0,3,3,2,0,0,0
2017-11-22,MUFFINS,Mex Choc,0.0,8.0,8.0,8.0,0,0,0.0,0,3,3,1,0,0,0
2017-11-22,MUFFINS,Pump Choc,0.0,14.0,14.0,14.0,0,0,0.0,0,11,11,3,0,0,0
2017-11-22,MUFFINS,Pump Crumb,0.0,10.0,10.0,10.0,0,0,0.0,0,3,3,3,0,0,0
2017-11-22,MUFFINS,COOKIES,0.0,0.0,0.0,0.0,0,0,0.0,0,0,0,0,0,0,0
2017-11-22,MUFFINS,BARS,0.0,0.0,0.0,0.0,0,0,0.0,0,0,0,0,0,0,0
2017-11-22,MUFFINS,PIES,,,,,0,0,,0,0,0,0,0,0,0
2017-11-22,MUFFINS,Oatmeal CC,6.0,12.0,18.0,18.0,0,0,0.0,0,0,0,0,0,0,0
2017-11-22,MUFFINS,Peanut Butter,0.0,6.0,6.0,6.0,0,0,0.0,0,0,0,0,0,0,0
2017-11-22,MUFFINS,PB Choc,8.0,12.0,20.0,19.0,0,1,0.0,0,0,0,0,0,0,0
2017-11-22,MUFFINS,Triple Choc,6.0,12.0,18.0,18.0,0,0,0.0,0,0,0,0,0,0,0
2017-11-22,MUFFINS,SnickerDoodle,0.0,18.0,18.0,15.0,0,3,0.0,0,0,0,0,0,0,0
2017-11-22,MUFFINS,Frosted,0.0,12.0,12.0,12.0,0,0,0.0,0,0,0,0,0,0,0
2017-11-22,MUFFINS,Pumpkin Bars,0.0,20.0,20.0,18.0,0,2,0.0,0,0,0,0,0,0,0
2017-11-22,MUFFINS,Pumpkin Pie,6.0,47.0,47.0,47.0,0,0,0.0,0,0,0,0,0,0,0
2017-11-22,MUFFINS,Pecan Pie,2.0,36.0,36.0,36.0,0,0,0.0,0,0,0,0,0,0,0
2017-11-22,MUFFINS,Apple Crunch,0.0,33.0,33.0,33.0,0,0,0.0,0,0,0,0,0,0,0
2017-11-22,MUFFINS,Cran Apple,7.0,26.0,26.0,26.0,0,0,0.0,0,0,0,0,0,0,0
2017-11-22,MUFFINS,Sugar Cream,0.0,41.0,41.0,41.0,0,0,0.0,0,0,0,0,0,0,0
2017-11-22,MUFFINS,Totals,35.0,509.0,529.0,519.0,3,7,0.0,0,26,26,15,0,0,0
2017-11-23,BREAD,H,0.0,0.0,0.0,0.0,0,0,0.0,0,0,0,0,0,0,0
2017-11-23,BREAD,FR,0.0,0.0,0.0,0.0,0,0,0.0,0,0,0,0,0,0,0
2017-11-23,BREAD,GW,0.0,0.0,0.0,0.0,0,0,0.0,0,0,0,0,0,0,0
2017-11-23,BREAD,DK,0.0,0.0,0.0,0.0,0,0,0.0,0,0,0,0,0,0,0
2017-11-23,BREAD,H5,0.0,0.0,0.0,0.0,0,0,0.0,0,0,0,0,0,0,0
2017-11-23,BREAD,CSWRL,0.0,0.0,0.0,0.0,0,0,0.0,0,0,0,0,0,0,0
2017-11-23,BREAD,Pump Swl,0.0,0.0,0.0,0.0,0,0,0.0,0,0,0,0,0,0,0
2017-11-23,BREAD,Sonoma,0.0,0.0,0.0,0.0,0,0,0.0,0,0,0,0,0,0,0
2017-11-23,BREAD,CnE,0.0,0.0,0.0,0.0,0,0,0.0,0,0,0,0,0,0,0
2017-11-23,BREAD,CnR,0.0,0.0,0.0,0.0,0,0,0.0,0,0,0,0,0,0,0
2017-11-23,BREAD,CnW,0.0,0.0,0.0,0.0,0,0,0.0,0,0,0,0,0,0,0
2017-11-23,BREAD,CG,0.0,0.0,0.0,0.0,0,0,0.0,0,0,0,0,0,0,0
2017-11-23,BREAD,Pesto CG,0.0,0.0,0.0,0.0,0,0,0.0,0,0,0,0,0,0,0
2017-11-23,BREAD,Jalep CG,0.0,0.0,0.0,0.0,0,0,0.0,0,0,0,0,0,0,0
2017-11-23,BREAD,VS,0.0,0.0,0.0,0.0,0,0,0.0,0,0,0,0,0,0,0
2017-11-23,BREAD,CB,0.0,0.0,0.0,0.0,0,0,0.0,0,0,0,0,0,0,0
2017-11-23,BREAD,CrO,0.0,0.0,0.0,0.0,0,0,0.0,0,0,0,0,0,0,0
2017-11-23,BREAD,CH,0.0,0.0,0.0,0.0,0,0,0.0,0,0,0,0,0,0,0
2017-11-23,BREAD,car,0.0,0.0,0.0,0.0,0,0,0.0,0,0,0,0,0,0,0
2017-11-23,BREAD,ihf,0.0,0.0,0.0,0.0,0,0,0.0,0,0,0,0,0,0,0
2017-11-23,BREAD,Stuf,0.0,0.0,0.0,0.0,0,0,0.0,0,0,0,0,0,0,0
2017-11-23,BREAD,Turkeys,0.0,0.0,0.0,0.0,0,0,0.0,0,0,0,0,0,0,0
2017-11-23,BREAD,Cro-Rls,0.0,0.0,0.0,0.0,0,0,0.0,0,0,0,0,0,0,0
2017-11-23,BREAD,So-Rls,0.0,0.0,0.0,0.0,0,0,0.0,0,0,0,0,0,0,0
2017-11-23,BREAD,But-Rls,0.0,0.0,0.0,0.0,0,0,0.0,0,0,0,0,0,0,0
2017-11-23,BREAD,H-RLS,0.0,0.0,0.0,0.0,0,0,0.0,0,0,0,0,0,0,0
2017-11-23,BREAD,FR-RLS,0.0,0.0,0.0,0.0,0,0,0.0,0,0,0,0,0,0,0
2017-11-23,BREAD,VS-RLS,0.0,0.0,0.0,0.0,0,0,0.0,0,0,0,0,0,0,0
2017-11-23,BREAD,BLUE STRU,0.0,0.0,0.0,0.0,0,0,0.0,0,0,0,0,0,0,0
2017-11-23,BREAD,Mex Choc,0.0,0.0,0.0,0.0,0,0,0.0,0,0,0,0,0,0,0
2017-11-23,BREAD,pump cc,0.0,0.0,0.0,0.0,0,0,0.0,0,0,0,0,0,0,0
2017-11-23,BREAD,pump cr,0.0,0.0,0.0,0.0,0,0,0.0,0,0,0,0,0,0,0
2017-11-23,ROLLS,Cinnamon,0.0,0.0,0.0,0.0,0,0,0.0,0,0,0,0,0,0,0
2017-11-23,ROLLS,pump c-roll,0.0,0.0,0.0,0.0,0,0,0.0,0,0,0,0,0,0,0
2017-11-23,ROLLS,Mini C-Roll,0.0,0.0,0.0,0.0,0,0,0.0,0,0,0,0,0,0,0
2017-11-23,SCONES,Pump Spice,0.0,0.0,0.0,0.0,0,0,0.0,0,0,0,0,0,0,0
2017-11-23,SCONES,Blueberry,0.0,0.0,0.0,0.0,0,0,0.0,0,0,0,0,0,0,0
2017-11-23,SCONES,Rasp Cream,0.0,0.0,0.0,0.0,0,0,0.0,0,0,0,0,0,0,0
2017-11-23,SCONES,Cherry,0.0,0.0,0.0,0.0,0,0,0.0,0,0,0,0,0,0,0
2017-11-23,SCONES,Butt Almond,0.0,0.0,0.0,0.0,0,0,0.0,0,0,0,0,0,0,0
2017-11-23,SCONES,Turtle,0.0,0.0,0.0,0.0,0,0,0.0,0,0,0,0,0,0,0
2017-11-23,SCONES,Cin Chip,0.0,0.0,0.0,0.0,0,0,0.0,0,0,0,0,0,0,0
2017-11-23,FRUIT BARS,Mixed Berry,0.0,0.0,0.0,0.0,0,0,0.0,0,0,0,0,0,0,0
2017-11-23,FRUIT BARS,Cherry,0.0,0.0,0.0,0.0,0,0,0.0,0,0,0,0,0,0,0
2017-11-23,FRUIT BARS,Apple Cin,0.0,0.0,0.0,0.0,0,0,0.0,0,0,0,0,0,0,0
2017-11-23,FRUIT BARS,Car Apple,0.0,0.0,0.0,0.0,0,0,0.0,0,0,0,0,0,0,0
2017-11-23,MUFFINS,blue stru,0.0,0.0,0.0,0.0,0,0,0.0,0,0,0,0,0,0,0
2017-11-23,MUFFINS,Mex Choc,0.0,0.0,0.0,0.0,0,0,0.0,0,0,0,0,0,0,0
2017-11-23,MUFFINS,Pump Choc,0.0,0.0,0.0,0.0,0,0,0.0,0,0,0,0,0,0,0
2017-11-23,MUFFINS,Pump Crumb,0.0,0.0,0.0,0.0,0,0,0.0,0,0,0,0,0,0,0
2017-11-23,COOKIES/BARS,Oatmeal CC,0.0,0.0,0.0,0.0,0,0,0.0,0,0,0,0,0,0,0
2017-11-23,COOKIES/BARS,Peanut Butter,0.0,0.0,0.0,0.0,0,0,0.0,0,0,0,0,0,0,0
2017-11-23,COOKIES/BARS,PB Choc,0.0,0.0,0.0,0.0,0,0,0.0,0,0,0,0,0,0,0
2017-11-23,COOKIES/BARS,Triple Choc,0.0,0.0,0.0,0.0,0,0,0.0,0,0,0,0,0,0,0
2017-11-23,COOKIES/BARS,SnickerDoodle,0.0,0.0,0.0,0.0,0,0,0.0,0,0,0,0,0,0,0
2017-11-23,COOKIES/BARS,frosted,0.0,0.0,0.0,0.0,0,0,0.0,0,0,0,0,0,0,0
2017-11-23,COOKIES/BARS,Kahuna,0.0,0.0,0.0,0.0,0,0,0.0,0,0,0,0,0,0,0
2017-11-23,COOKIES/BARS,Brownies,0.0,0.0,0.0,0.0,0,0,0.0,0,0,0,0,0,0,0
2017-11-23,COOKIES/BARS,Pumpkin,0.0,0.0,0.0,0.0,0,0,0.0,0,0,0,0,0,0,0
2017-11-23,COOKIES/BARS,Totals,0.0,0.0,0.0,0.0,0,0,0.0,0,0,0,0,0,0,0
2017-11-24,BREAD,H,0.0,0.0,0.0,0.0,0,0,0.0,0,0,0,0,0,0,0
2017-11-24,BREAD,FR,0.0,0.0,0.0,0.0,0,0,0.0,0,0,0,0,0,0,0
2017-11-24,BREAD,GW,0.0,0.0,0.0,0.0,0,0,0.0,0,0,0,0,0,0,0
2017-11-24,BREAD,DK,0.0,0.0,0.0,0.0,0,0,0.0,0,0,0,0,0,0,0
2017-11-24,BREAD,H5,0.0,0.0,0.0,0.0,0,0,0.0,0,0,0,0,0,0,0
2017-11-24,BREAD,CSWRL,0.0,0.0,0.0,0.0,0,0,0.0,0,0,0,0,0,0,0
2017-11-24,BREAD,Pump Swl,0.0,0.0,0.0,0.0,0,0,0.0,0,0,0,0,0,0,0
2017-11-24,BREAD,Sonoma,0.0,0.0,0.0,0.0,0,0,0.0,0,0,0,0,0,0,0
2017-11-24,BREAD,CnE,0.0,0.0,0.0,0.0,0,0,0.0,0,0,0,0,0,0,0
2017-11-24,BREAD,CnR,0.0,0.0,0.0,0.0,0,0,0.0,0,0,0,0,0,0,0
2017-11-24,BREAD,CnW,0.0,0.0,0.0,0.0,0,0,0.0,0,0,0,0,0,0,0
2017-11-24,BREAD,CG,0.0,0.0,0.0,0.0,0,0,0.0,0,0,0,0,0,0,0
2017-11-24,BREAD,Pesto CG,0.0,0.0,0.0,0.0,0,0,0.0,0,0,0,0,0,0,0
2017-11-24,BREAD,Jalep CG,0.0,0.0,0.0,0.0,0,0,0.0,0,0,0,0,0,0,0
2017-11-24,BREAD,VS,0.0,0.0,0.0,0.0,0,0,0.0,0,0,0,0,0,0,0
2017-11-24,BREAD,CB,0.0,0.0,0.0,0.0,0,0,0.0,0,0,0,0,0,0,0
2017-11-24,BREAD,CrO,0.0,0.0,0.0,0.0,0,0,0.0,0,0,0,0,0,0,0
2017-11-24,BREAD,CH,0.0,0.0,0.0,0.0,0,0,0.0,0,0,0,0,0,0,0
2017-11-24,BREAD,car,0.0,0.0,0.0,0.0,0,0,0.0,0,0,0,0,0,0,0
2017-11-24,BREAD,ihf,0.0,0.0,0.0,0.0,0,0,0.0,0,0,0,0,0,0,0
2017-11-24,BREAD,Stuf,0.0,0.0,0.0,0.0,0,0,0.0,0,0,0,0,0,0,0
2017-11-24,BREAD,Turkeys,0.0,0.0,0.0,0.0,0,0,0.0,0,0,0,0,0,0,0
2017-11-24,BREAD,Cro-Rls,0.0,0.0,0.0,0.0,0,0,0.0,0,0,0,0,0,0,0
2017-11-24,BREAD,So-Rls,0.0,0.0,0.0,0.0,0,0,0.0,0,0,0,0,0,0,0
2017-11-24,BREAD,But-Rls,0.0,0.0,0.0,0.0,0,0,0.0,0,0,0,0,0,0,0
2017-11-24,BREAD,H-RLS,0.0,0.0,0.0,0.0,0,0,0.0,0,0,0,0,0,0,0
2017-11-24,BREAD,FR-RLS,0.0,0.0,0.0,0.0,0,0,0.0,0,0,0,0,0,0,0
2017-11-24,BREAD,VS-RLS,0.0,0.0,0.0,0.0,0,0,0.0,0,0,0,0,0,0,0
2017-11-24,BREAD,BLUE STRU,0.0,0.0,0.0,0.0,0,0,0.0,0,0,0,0,0,0,0
2017-11-24,BREAD,Mex Choc,0.0,0.0,0.0,0.0,0,0,0.0,0,0,0,0,0,0,0
2017-11-24,BREAD,pump cc,0.0,0.0,0.0,0.0,0,0,0.0,0,0,0,0,0,0,0
2017-11-24,BREAD,pump cr,0.0,0.0,0.0,0.0,0,0,0.0,0,0,0,0,0,0,0
2017-11-24,ROLLS,Cinnamon,0.0,0.0,0.0,0.0,0,0,0.0,0,0,0,0,0,0,0
2017-11-24,ROLLS,pump c-roll,0.0,0.0,0.0,0.0,0,0,0.0,0,0,0,0,0,0,0
2017-11-24,ROLLS,Mini C-Roll,0.0,0.0,0.0,0.0,0,0,0.0,0,0,0,0,0,0,0
2017-11-24,SCONES,Pump Spice,0.0,0.0,0.0,0.0,0,0,0.0,0,0,0,0,0,0,0
2017-11-24,SCONES,Blueberry,0.0,0.0,0.0,0.0,0,0,0.0,0,0,0,0,0,0,0
2017-11-24,SCONES,Rasp Cream,0.0,0.0,0.0,0.0,0,0,0.0,0,0,0,0,0,0,0
2017-11-24,SCONES,Cherry,0.0,0.0,0.0,0.0,0,0,0.0,0,0,0,0,0,0,0
2017-11-24,SCONES,Butt Almond,0.0,0.0,0.0,0.0,0,0,0.0,0,0,0,0,0,0,0
2017-11-24,SCONES,Turtle,0.0,0.0,0.0,0.0,0,0,0.0,0,0,0,0,0,0,0
2017-11-24,SCONES,Cin Chip,0.0,0.0,0.0,0.0,0,0,0.0,0,0,0,0,0,0,0
2017-11-24,FRUIT BARS,Mixed Berry,0.0,0.0,0.0,0.0,0,0,0.0,0,0,0,0,0,0,0
2017-11-24,FRUIT BARS,Cherry,0.0,0.0,0.0,0.0,0,0,0.0,0,0,0,0,0,0,0
2017-11-24,FRUIT BARS,Apple cin,0.0,0.0,0.0,0.0,0,0,0.0,0,0,0,0,0,0,0
2017-11-24,FRUIT BARS,Car Apple,0.0,0.0,0.0,0.0,0,0,0.0,0,0,0,0,0,0,0
2017-11-24,MUFFINS,blue stru,0.0,0.0,0.0,0.0,0,0,0.0,0,0,0,0,0,0,0
2017-11-24,MUFFINS,Mex Choc,0.0,0.0,0.0,0.0,0,0,0.0,0,0,0,0,0,0,0
2017-11-24,MUFFINS,Pump Choc,0.0,0.0,0.0,0.0,0,0,0.0,0,0,0,0,0,0,0
2017-11-24,MUFFINS,Pump Crumb,0.0,0.0,0.0,0.0,0,0,0.0,0,0,0,0,0,0,0
2017-11-24,MUFFINS,Cookies,0.0,0.0,0.0,0.0,0,0,0.0,0,0,0,0,0,0,0
2017-11-24,MUFFINS,Bars,0.0,0.0,0.0,0.0,0,0,0.0,0,0,0,0,0,0,0
2017-11-24,MUFFINS,Oatmeal CC,0.0,0.0,0.0,0.0,0,0,0.0,0,0,0,0,0,0,0
2017-11-24,MUFFINS,Peanut Butter,0.0,0.0,0.0,0.0,0,0,0.0,0,0,0,0,0,0,0
2017-11-24,MUFFINS,PB Choc,0.0,0.0,0.0,0.0,0,0,0.0,0,0,0,0,0,0,0
2017-11-24,MUFFINS,Triple Choc,0.0,0.0,0.0,0.0,0,0,0.0,0,0,0,0,0,0,0
2017-11-24,MUFFINS,SnickerDoodle,0.0,0.0,0.0,0.0,0,0,0.0,0,0,0,0,0,0,0
2017-11-24,MUFFINS,frosted,0.0,0.0,0.0,0.0,0,0,0.0,0,0,0,0,0,0,0
2017-11-24,MUFFINS,Kahuna,0.0,0.0,0.0,0.0,0,0,0.0,0,0,0,0,0,0,0
2017-11-24,MUFFINS,Brownies,0.0,0.0,0.0,0.0,0,0,0.0,0,0,0,0,0,0,0
2017-11-24,MUFFINS,Pumpkin,0.0,0.0,0.0,0.0,0,0,0.0,0,0,0,0,0,0,0
2017-11-24,MUFFINS,Totals,0.0,0.0,0.0,0.0,0,0,0.0,0,0,0,0,0,0,0
2017-11-25,BREAD,H,0.0,0.0,0.0,0.0,0,0,0.0,0,0,0,0,0,0,0
2017-11-25,BREAD,FR,0.0,0.0,0.0,0.0,0,0,0.0,0,0,0,0,0,0,0
2017-11-25,BREAD,GW,0.0,0.0,0.0,0.0,0,0,0.0,0,0,0,0,0,0,0
2017-11-25,BREAD,DK,0.0,0.0,0.0,0.0,0,0,0.0,0,0,0,0,0,0,0
2017-11-25,BREAD,H5,0.0,0.0,0.0,0.0,0,0,0.0,0,0,0,0,0,0,0
2017-11-25,BREAD,CSWRL,0.0,0.0,0.0,0.0,0,0,0.0,0,0,0,0,0,0,0
2017-11-25,BREAD,Pump Swl,0.0,0.0,0.0,0.0,0,0,0.0,0,0,0,0,0,0,0
2017-11-25,BREAD,Sonoma,0.0,0.0,0.0,0.0,0,0,0.0,0,0,0,0,0,0,0
2017-11-25,BREAD,CnE,0.0,0.0,0.0,0.0,0,0,0.0,0,0,0,0,0,0,0
2017-11-25,BREAD,CnR,0.0,0.0,0.0,0.0,0,0,0.0,0,0,0,0,0,0,0
2017-11-25,BREAD,CnW,0.0,0.0,0.0,0.0,0,0,0.0,0,0,0,0,0,0,0
2017-11-25,BREAD,CG,0.0,0.0,0.0,0.0,0,0,0.0,0,0,0,0,0,0,0
2017-11-25,BREAD,Pesto CG,0.0,0.0,0.0,0.0,0,0,0.0,0,0,0,0,0,0,0
2017-11-25,BREAD,Jalep CG,0.0,0.0,0.0,0.0,0,0,0.0,0,0,0,0,0,0,0
2017-11-25,BREAD,VS,0.0,0.0,0.0,0.0,0,0,0.0,0,0,0,0,0,0,0
2017-11-25,BREAD,CB,0.0,0.0,0.0,0.0,0,0,0.0,0,0,0,0,0,0,0
2017-11-25,BREAD,CrO,0.0,0.0,0.0,0.0,0,0,0.0,0,0,0,0,0,0,0
2017-11-25,BREAD,CH,0.0,0.0,0.0,0.0,0,0,0.0,0,0,0,0,0,0,0
2017-11-25,BREAD,car,0.0,0.0,0.0,0.0,0,0,0.0,0,0,0,0,0,0,0
2017-11-25,BREAD,ihf,0.0,0.0,0.0,0.0,0,0,0.0,0,0,0,0,0,0,0
2017-11-25,BREAD,Stuf,0.0,0.0,0.0,0.0,0,0,0.0,0,0,0,0,0,0,0
2017-11-25,BREAD,Turkeys,0.0,0.0,0.0,0.0,0,0,0.0,0,0,0,0,0,0,0
2017-11-25,BREAD,Cro-Rls,0.0,0.0,0.0,0.0,0,0,0.0,0,0,0,0,0,0,0
2017-11-25,BREAD,So-Rls,0.0,0.0,0.0,0.0,0,0,0.0,0,0,0,0,0,0,0
2017-11-25,BREAD,But-Rls,0.0,0.0,0.0,0.0,0,0,0.0,0,0,0,0,0,0,0
2017-11-25,BREAD,H-RLS,0.0,0.0,0.0,0.0,0,0,0.0,0,0,0,0,0,0,0
2017-11-25,BREAD,FR-RLS,0.0,0.0,0.0,0.0,0,0,0.0,0,0,0,0,0,0,0
2017-11-25,BREAD,VS-RLS,0.0,0.0,0.0,0.0,0,0,0.0,0,0,0,0,0,0,0
2017-11-25,BREAD,BLUE STRU,0.0,0.0,0.0,0.0,0,0,0.0,0,0,0,0,0,0,0
2017-11-25,BREAD,Mex Choc,0.0,0.0,0.0,0.0,0,0,0.0,0,0,0,0,0,0,0
2017-11-25,BREAD,pump cc,0.0,0.0,0.0,0.0,0,0,0.0,0,0,0,0,0,0,0
2017-11-25,BREAD,pump cr,0.0,0.0,0.0,0.0,0,0,0.0,0,0,0,0,0,0,0
2017-11-25,ROLLS,Cinnamon,0.0,0.0,0.0,0.0,0,0,0.0,0,0,0,0,0,0,0
2017-11-25,ROLLS,pump c-roll,0.0,0.0,0.0,0.0,0,0,0.0,0,0,0,0,0,0,0
2017-11-25,ROLLS,Mini C-Roll,0.0,0.0,0.0,0.0,0,0,0.0,0,0,0,0,0,0,0
2017-11-25,SCONES,Pump Spice,0.0,0.0,0.0,0.0,0,0,0.0,0,0,0,0,0,0,0
2017-11-25,SCONES,Blueberry,0.0,0.0,0.0,0.0,0,0,0.0,0,0,0,0,0,0,0
2017-11-25,SCONES,Rasp Cream,0.0,0.0,0.0,0.0,0,0,0.0,0,0,0,0,0,0,0
2017-11-25,SCONES,Cherry,0.0,0.0,0.0,0.0,0,0,0.0,0,0,0,0,0,0,0
2017-11-25,SCONES,Butt Almond,0.0,0.0,0.0,0.0,0,0,0.0,0,0,0,0,0,0,0
2017-11-25,SCONES,Turtle,0.0,0.0,0.0,0.0,0,0,0.0,0,0,0,0,0,0,0
2017-11-25,SCONES,Cin Chip,0.0,0.0,0.0,0.0,0,0,0.0,0,0,0,0,0,0,0
2017-11-25,FRUIT BARS,Mixed Berry,0.0,0.0,0.0,0.0,0,0,0.0,0,0,0,0,0,0,0
2017-11-25,FRUIT BARS,Cherry,0.0,0.0,0.0,0.0,0,0,0.0,0,0,0,0,0,0,0
2017-11-25,FRUIT BARS,Apple Cin,0.0,0.0,0.0,0.0,0,0,0.0,0,0,0,0,0,0,0
2017-11-25,FRUIT BARS,Car Apple,0.0,0.0,0.0,0.0,0,0,0.0,0,0,0,0,0,0,0
2017-11-25,MUFFINS,blue stru,0.0,0.0,0.0,0.0,0,0,0.0,0,0,0,0,0,0,0
2017-11-25,MUFFINS,Mex Choc,0.0,0.0,0.0,0.0,0,0,0.0,0,0,0,0,0,0,0
2017-11-25,MUFFINS,Pump Choc,0.0,0.0,0.0,0.0,0,0,0.0,0,0,0,0,0,0,0
2017-11-25,MUFFINS,Pump Crumb,0.0,0.0,0.0,0.0,0,0,0.0,0,0,0,0,0,0,0
2017-11-25,MUFFINS,Cookies,0.0,0.0,0.0,0.0,0,0,0.0,0,0,0,0,0,0,0
2017-11-25,MUFFINS,Bars,0.0,0.0,0.0,0.0,0,0,0.0,0,0,0,0,0,0,0
2017-11-25,MUFFINS,Oatmeal CC,0.0,0.0,0.0,0.0,0,0,0.0,0,0,0,0,0,0,0
2017-11-25,MUFFINS,Peanut Butter,0.0,0.0,0.0,0.0,0,0,0.0,0,0,0,0,0,0,0
2017-11-25,MUFFINS,PB Choc,0.0,0.0,0.0,0.0,0,0,0.0,0,0,0,0,0,0,0
2017-11-25,MUFFINS,Triple Choc,0.0,0.0,0.0,0.0,0,0,0.0,0,0,0,0,0,0,0
2017-11-25,MUFFINS,SnickerDoodle,0.0,0.0,0.0,0.0,0,0,0.0,0,0,0,0,0,0,0
2017-11-25,MUFFINS,frosted,0.0,0.0,0.0,0.0,0,0,0.0,0,0,0,0,0,0,0
2017-11-25,MUFFINS,Kahuna,0.0,0.0,0.0,0.0,0,0,0.0,0,0,0,0,0,0,0
2017-11-25,MUFFINS,Brownies,0.0,0.0,0.0,0.0,0,0,0.0,0,0,0,0,0,0,0
2017-11-25,MUFFINS,Pumpkin,0.0,0.0,0.0,0.0,0,0,0.0,0,0,0,0,0,0,0
2017-11-25,MUFFINS,Totals,0.0,0.0,0.0,0.0,0,0,0.0,0,0,0,0,0,0,0
2017-11-26,BREAD,H,0.0,0.0,0.0,0.0,0,0,0.0,0,0,0,0,0,0,0
2017-11-26,BREAD,FR,0.0,0.0,0.0,0.0,0,0,0.0,0,0,0,0,0,0,0
2017-11-26,BREAD,GW,0.0,0.0,0.0,0.0,0,0,0.0,0,0,0,0,0,0,0
2017-11-26,BREAD,DK,0.0,0.0,0.0,0.0,0,0,0.0,0,0,0,0,0,0,0
2017-11-26,BREAD,H5,0.0,0.0,0.0,0.0,0,0,0.0,0,0,0,0,0,0,0
2017-11-26,BREAD,CSWRL,0.0,0.0,0.0,0.0,0,0,0.0,0,0,0,0,0,0,0
2017-11-26,BREAD,Pump Swl,0.0,0.0,0.0,0.0,0,0,0.0,0,0,0,0,0,0,0
2017-11-26,BREAD,Sonoma,0.0,0.0,0.0,0.0,0,0,0.0,0,0,0,0,0,0,0
2017-11-26,BREAD,CnE,0.0,0.0,0.0,0.0,0,0,0.0,0,0,0,0,0,0,0
2017-11-26,BREAD,CnR,0.0,0.0,0.0,0.0,0,0,0.0,0,0,0,0,0,0,0
2017-11-26,BREAD,CnW,0.0,0.0,0.0,0.0,0,0,0.0,0,0,0,0,0,0,0
2017-11-26,BREAD,CG,0.0,0.0,0.0,0.0,0,0,0.0,0,0,0,0,0,0,0
2017-11-26,BREAD,Pesto CG,0.0,0.0,0.0,0.0,0,0,0.0,0,0,0,0,0,0,0
2017-11-26,BREAD,Jalep CG,0.0,0.0,0.0,0.0,0,0,0.0,0,0,0,0,0,0,0
2017-11-26,BREAD,VS,0.0,0.0,0.0,0.0,0,0,0.0,0,0,0,0,0,0,0
2017-11-26,BREAD,CB,0.0,0.0,0.0,0.0,0,0,0.0,0,0,0,0,0,0,0
2017-11-26,BREAD,CrO,0.0,0.0,0.0,0.0,0,0,0.0,0,0,0,0,0,0,0
2017-11-26,BREAD,CH,0.0,0.0,0.0,0.0,0,0,0.0,0,0,0,0,0,0,0
2017-11-26,BREAD,car,0.0,0.0,0.0,0.0,0,0,0.0,0,0,0,0,0,0,0
2017-11-26,BREAD,ihf,0.0,0.0,0.0,0.0,0,0,0.0,0,0,0,0,0,0,0
2017-11-26,BREAD,Stuf,0.0,0.0,0.0,0.0,0,0,0.0,0,0,0,0,0,0,0
2017-11-26,BREAD,Turkeys,0.0,0.0,0.0,0.0,0,0,0.0,0,0,0,0,0,0,0
2017-11-26,BREAD,Cro-Rls,0.0,0.0,0.0,0.0,0,0,0.0,0,0,0,0,0,0,0
2017-11-26,BREAD,So-Rls,0.0,0.0,0.0,0.0,0,0,0.0,0,0,0,0,0,0,0
2017-11-26,BREAD,But-Rls,0.0,0.0,0.0,0.0,0,0,0.0,0,0,0,0,0,0,0
2017-11-26,BREAD,H-RLS,0.0,0.0,0.0,0.0,0,0,0.0,0,0,0,0,0,0,0
2017-11-26,BREAD,FR-RLS,0.0,0.0,0.0,0.0,0,0,0.0,0,0,0,0,0,0,0
2017-11-26,BREAD,VS-RLS,0.0,0.0,0.0,0.0,0,0,0.0,0,0,0,0,0,0,0
2017-11-26,BREAD,BLUE STRU,0.0,0.0,0.0,0.0,0,0,0.0,0,0,0,0,0,0,0
2017-11-26,BREAD,Mex Choc,0.0,0.0,0.0,0.0,0,0,0.0,0,0,0,0,0,0,0
2017-11-26,BREAD,pump cc,0.0,0.0,0.0,0.0,0,0,0.0,0,0,0,0,0,0,0
2017-11-26,BREAD,pump cr,0.0,0.0,0.0,0.0,0,0,0.0,0,0,0,0,0,0,0
2017-11-26,ROLLS,Cinnamon,0.0,0.0,0.0,0.0,0,0,0.0,0,0,0,0,0,0,0
2017-11-26,ROLLS,pump c-roll,0.0,0.0,0.0,0.0,0,0,0.0,0,0,0,0,0,0,0
2017-11-26,ROLLS,Mini C-Roll,0.0,0.0,0.0,0.0,0,0,0.0,0,0,0,0,0,0,0
2017-11-26,SCONES,Pump Spice,0.0,0.0,0.0,0.0,0,0,0.0,0,0,0,0,0,0,0
2017-11-26,SCONES,Blueberry,0.0,0.0,0.0,0.0,0,0,0.0,0,0,0,0,0,0,0
2017-11-26,SCONES,Rasp Cream,0.0,0.0,0.0,0.0,0,0,0.0,0,0,0,0,0,0,0
2017-11-26,SCONES,Cherry,0.0,0.0,0.0,0.0,0,0,0.0,0,0,0,0,0,0,0
2017-11-26,SCONES,Butt Almond,0.0,0.0,0.0,0.0,0,0,0.0,0,0,0,0,0,0,0
2017-11-26,SCONES,Turtle,0.0,0.0,0.0,0.0,0,0,0.0,0,0,0,0,0,0,0
2017-11-26,SCONES,Cin Chip,0.0,0.0,0.0,0.0,0,0,0.0,0,0,0,0,0,0,0
2017-11-26,FRUIT BARS,Mixed Berry,0.0,0.0,0.0,0.0,0,0,0.0,0,0,0,0,0,0,0
2017-11-26,FRUIT BARS,Cherry,0.0,0.0,0.0,0.0,0,0,0.0,0,0,0,0,0,0,0
2017-11-26,FRUIT BARS,Apple Cin,0.0,0.0,0.0,0.0,0,0,0.0,0,0,0,0,0,0,0
2017-11-26,FRUIT BARS,Car Apple,0.0,0.0,0.0,0.0,0,0,0.0,0,0,0,0,0,0,0
2017-11-26,MUFFINS,blue stru,0.0,0.0,0.0,0.0,0,0,0.0,0,0,0,0,0,0,0
2017-11-26,MUFFINS,Mex Choc,0.0,0.0,0.0,0.0,0,0,0.0,0,0,0,0,0,0,0
2017-11-26,MUFFINS,Pump Choc,0.0,0.0,0.0,0.0,0,0,0.0,0,0,0,0,0,0,0
2017-11-26,MUFFINS,Pump Crumb,0.0,0.0,0.0,0.0,0,0,0.0,0,0,0,0,0,0,0
2017-11-26,MUFFINS,Cookies,0.0,0.0,0.0,0.0,0,0,0.0,0,0,0,0,0,0,0
2017-11-26,MUFFINS,Bars,0.0,0.0,0.0,0.0,0,0,0.0,0,0,0,0,0,0,0
2017-11-26,MUFFINS,Oatmeal CC,0.0,0.0,0.0,0.0,0,0,0.0,0,0,0,0,0,0,0
2017-11-26,MUFFINS,Peanut Butter,0.0,0.0,0.0,0.0,0,0,0.0,0,0,0,0,0,0,0
2017-11-26,MUFFINS,PB Choc,0.0,0.0,0.0,0.0,0,0,0.0,0,0,0,0,0,0,0
2017-11-26,MUFFINS,Triple Choc,0.0,0.0,0.0,0.0,0,0,0.0,0,0,0,0,0,0,0
2017-11-26,MUFFINS,SnickerDoodle,0.0,0.0,0.0,0.0,0,0,0.0,0,0,0,0,0,0,0
2017-11-26,MUFFINS,frosted,0.0,0.0,0.0,0.0,0,0,0.0,0,0,0,0,0,0,0
2017-11-26,MUFFINS,Kahuna,0.0,0.0,0.0,0.0,0,0,0.0,0,0,0,0,0,0,0
2017-11-26,MUFFINS,Brownies,0.0,0.0,0.0,0.0,0,0,0.0,0,0,0,0,0,0,0
2017-11-26,MUFFINS,Pumpkin,0.0,0.0,0.0,0.0,0,0,0.0,0,0,0,0,0,0,0
2017-11-26,MUFFINS,Totals,0.0,0.0,0.0,0.0,0,0,0.0,0,0,0,0,0,0,0
2017-11-27,BREAD,H,0.0,35.0,35.0,31.0,2,0,2.0,0,0,0,0,0,0,0
2017-11-27,BREAD,FR,0.0,23.0,23.0,13.0,5,0,5.0,0,0,0,0,0,0,0
2017-11-27,BREAD,GW,0.0,4.0,4.0,4.0,0,0,0.0,0,0,0,0,0,0,0
2017-11-27,BREAD,DK,0.0,22.0,22.0,20.0,2,0,0.0,0,0,0,0,0,0,0
2017-11-27,BREAD,H5,0.0,0.0,0.0,0.0,0,0,0.0,0,0,0,0,0,0,0
2017-11-27,BREAD,CSWRL,0.0,14.0,14.0,7.0,0,0,7.0,0,2,2,1,0,0,1
2017-11-27,BREAD,Pump Swl,0.0,12.0,12.0,5.0,0,0,7.0,0,2,2,0,0,0,2
2017-11-27,BREAD,Sonoma,0.0,8.0,8.0,3.0,0,0,5.0,0,3,3,1,0,0,2
2017-11-27,BREAD,CnE,0.0,23.0,23.0,5.0,0,0,18.0,0,4,4,1,0,0,3
2017-11-27,BREAD,CnR,0.0,6.0,6.0,1.0,0,0,5.0,0,0,0,0,0,0,0
2017-11-27,BREAD,CnW,0.0,6.0,6.0,3.0,0,0,3.0,0,0,0,0,0,0,0
2017-11-27,BREAD,CG,0.0,4.0,4.0,2.0,0,0,2.0,0,2,2,1,0,0,1
2017-11-27,BREAD,Pesto CG,0.0,3.0,3.0,0.0,0,0,3.0,0,0,0,0,0,0,0
2017-11-27,BREAD,Jalep CG,0.0,3.0,3.0,2.0,0,0,1.0,0,0,0,0,0,0,0
2017-11-27,BREAD,VS,0.0,0.0,0.0,0.0,0,0,0.0,0,0,0,0,0,0,0
2017-11-27,BREAD,CB,0.0,0.0,0.0,0.0,0,0,0.0,0,0,0,0,0,0,0
2017-11-27,BREAD,CrO,0.0,0.0,0.0,0.0,0,0,0.0,0,0,0,0,0,0,0
2017-11-27,BREAD,CH,0.0,0.0,0.0,0.0,0,0,0.0,0,0,0,0,0,0,0
2017-11-27,BREAD,car,0.0,0.0,0.0,0.0,0,0,0.0,0,0,0,0,0,0,0
2017-11-27,BREAD,ihf,0.0,0.0,0.0,0.0,0,0,0.0,0,0,0,0,0,0,0
2017-11-27,BREAD,Stuf,0.0,0.0,0.0,0.0,0,0,0.0,0,0,0,0,0,0,0
2017-11-27,BREAD,Turkeys,0.0,0.0,0.0,0.0,0,0,0.0,0,0,0,0,0,0,0
2017-11-27,BREAD,Cro-Rls,0.0,0.0,0.0,0.0,0,0,0.0,0,0,0,0,0,0,0
2017-11-27,BREAD,So-Rls,0.0,0.0,0.0,0.0,0,0,0.0,0,0,0,0,0,0,0
2017-11-27,BREAD,But-Rls,0.0,0.0,0.0,0.0,0,0,0.0,0,0,0,0,0,0,0
2017-11-27,BREAD,H-RLS,0.0,3.0,3.0,0.0,0,0,3.0,0,0,0,0,0,0,0
2017-11-27,BREAD,FR-RLS,0.0,3.0,3.0,1.0,0,0,2.0,0,0,0,0,0,0,0
2017-11-27,BREAD,VS-RLS,0.0,0.0,0.0,0.0,0,0,0.0,0,0,0,0,0,0,0
2017-11-27,BREAD,BLUE STRU,0.0,4.0,4.0,0.0,0,0,4.0,0,0,0,0,0,0,0
2017-11-27,BREAD,Mex Choc,0.0,3.0,3.0,0.0,0,0,3.0,0,0,0,0,0,0,0
2017-11-27,BREAD,pump cc,0.0,4.0,4.0,2.0,0,0,2.0,0,0,0,0,0,0,0
2017-11-27,BREAD,pump cr,0.0,3.0,3.0,0.0,0,0,3.0,0,0,0,0,0,0,0
2017-11-27,ROLLS,Cinnamon,0.0,24.0,24.0,17.0,0,7,0.0,0,0,0,0,0,0,0
2017-11-27,ROLLS,pump c-roll,0.0,0.0,0.0,0.0,0,0,0.0,0,0,0,0,0,0,0
2017-11-27,ROLLS,Mini C-Roll,0.0,0.0,0.0,0.0,0,0,0.0,0,0,0,0,0,0,0
2017-11-27,SCONES,Pump Spice,0.0,8.0,8.0,5.0,0,3,0.0,0,2,2,1,0,0,0
2017-11-27,SCONES,Blueberry,0.0,0.0,0.0,0.0,0,0,0.0,0,0,0,0,0,0,0
2017-11-27,SCONES,Rasp Cream,0.0,12.0,12.0,10.0,0,2,0.0,0,2,2,1,0,0,0
2017-11-27,SCONES,Cherry,0.0,0.0,0.0,0.0,0,0,0.0,0,0,0,0,0,0,0
2017-11-27,SCONES,Butt Almond,0.0,0.0,0.0,0.0,0,0,0.0,0,0,0,0,0,0,0
2017-11-27,SCONES,Turtle,0.0,0.0,0.0,0.0,0,0,0.0,0,0,0,0,0,0,0
2017-11-27,SCONES,Cin Chip,0.0,10.0,10.0,7.0,0,3,0.0,0,2,2,0,0,0,0
2017-11-27,FRUIT BARS,Mixed Berry,0.0,12.0,12.0,12.0,0,0,0.0,0,0,0,0,0,0,0
2017-11-27,FRUIT BARS,Cherry,0.0,8.0,8.0,8.0,0,0,0.0,0,0,0,0,0,0,0
2017-11-27,FRUIT BARS,Apple Cin,0.0,0.0,0.0,0.0,0,0,0.0,0,0,0,0,0,0,0
2017-11-27,FRUIT BARS,Car Apple,0.0,0.0,0.0,0.0,0,0,0.0,0,0,0,0,0,0,0
2017-11-27,MUFFINS,blue stru,0.0,6.0,6.0,6.0,0,0,0.0,0,1,1,1,0,0,0
2017-11-27,MUFFINS,Mex Choc,0.0,4.0,4.0,4.0,0,0,0.0,0,1,1,1,0,0,0
2017-11-27,MUFFINS,Pump Choc,0.0,6.0,6.0,4.0,0,2,0.0,0,1,1,0,0,0,0
2017-11-27,MUFFINS,Pump Crumb,0.0,6.0,6.0,4.0,0,2,0.0,0,1,1,1,0,0,0
2017-11-27,COOKIES/BARS,Oatmeal CC,0.0,36.0,36.0,15.0,15,0,6.0,0,0,0,0,0,0,0
2017-11-27,COOKIES/BARS,Peanut Butter,0.0,6.0,6.0,1.0,0,0,5.0,0,0,0,0,0,0,0
2017-11-27,COOKIES/BARS,PB Choc,0.0,12.0,12.0,2.0,0,0,10.0,0,0,0,0,0,0,0
2017-11-27,COOKIES/BARS,Triple Choc,0.0,36.0,36.0,14.0,15,0,7.0,0,0,0,0,0,0,0
2017-11-27,COOKIES/BARS,SnickerDoodle,0.0,36.0,36.0,16.0,15,0,5.0,0,0,0,0,0,0,0
2017-11-27,COOKIES/BARS,frosted,0.0,8.0,8.0,4.0,0,0,4.0,0,0,0,0,0,0,0
2017-11-27,COOKIES/BARS,Kahuna,0.0,0.0,0.0,0.0,0,0,0.0,0,0,0,0,0,0,0
2017-11-27,COOKIES/BARS,Brownies,0.0,0.0,0.0,0.0,0,0,0.0,0,0,0,0,0,0,0
2017-11-27,COOKIES/BARS,Pumpkin Bars,0.0,20.0,20.0,7.0,0,1,12.0,0,0,0,0,0,0,0
2017-11-27,COOKIES/BARS,Totals,0.0,250.0,250.0,136.0,45,20,49.0,0,10,10,5,0,0,0
2017-11-28,BREAD,H,2.0,36.0,38.0,23.0,7,0,8.0,0,0,0,0,0,0,0
2017-11-28,BREAD,FR,5.0,36.0,41.0,24.0,0,0,17.0,0,0,0,0,0,0,0
2017-11-28,BREAD,GW,0.0,12.0,12.0,2.0,0,0,10.0,0,0,0,0,0,0,0
2017-11-28,BREAD,DK,0.0,0.0,0.0,-7.0,0,0,7.0,0,0,0,0,0,0,0
2017-11-28,BREAD,H5,0.0,18.0,18.0,18.0,0,0,0.0,0,0,0,0,0,0,0
2017-11-28,BREAD,CSWRL,7.0,12.0,19.0,10.0,0,0,9.0,1,2,3,1,0,0,2
2017-11-28,BREAD,Pump Swl,7.0,8.0,15.0,4.0,0,5,6.0,2,0,2,0,0,0,0
2017-11-28,BREAD,Sonoma,5.0,0.0,5.0,5.0,0,0,0.0,2,0,2,1,0,0,0
2017-11-28,BREAD,CnE,18.0,0.0,18.0,7.0,0,11,0.0,3,0,3,2,0,0,0
2017-11-28,BREAD,CnR,5.0,0.0,5.0,4.0,0,1,0.0,0,0,0,0,0,0,0
2017-11-28,BREAD,CnW,3.0,0.0,3.0,2.0,0,1,0.0,0,0,0,0,0,0,0
2017-11-28,BREAD,CG,2.0,0.0,2.0,2.0,0,0,0.0,1,0,1,1,0,0,0
2017-11-28,BREAD,Pesto CG,3.0,0.0,3.0,3.0,0,0,0.0,0,0,0,0,0,0,0
2017-11-28,BREAD,Jalep CG,1.0,0.0,1.0,1.0,0,0,0.0,0,0,0,0,0,0,0
2017-11-28,BREAD,VS,0.0,13.0,13.0,7.0,0,0,6.0,0,4,4,2,0,0,2
2017-11-28,BREAD,CB,0.0,5.0,5.0,2.0,0,0,3.0,0,2,2,2,0,0,0
2017-11-28,BREAD,CrO,0.0,8.0,8.0,4.0,3,0,1.0,0,4,4,1,0,0,3
2017-11-28,BREAD,CH,0.0,6.0,6.0,6.0,0,0,0.0,0,2,2,2,0,0,0
2017-11-28,BREAD,car,0.0,0.0,0.0,0.0,0,0,0.0,0,0,0,0,0,0,0
2017-11-28,BREAD,ihf,0.0,0.0,0.0,0.0,0,0,0.0,0,0,0,0,0,0,0
2017-11-28,BREAD,Stuf,0.0,0.0,0.0,0.0,0,0,0.0,0,0,0,0,0,0,0
2017-11-28,BREAD,Turkeys,0.0,0.0,0.0,0.0,0,0,0.0,0,0,0,0,0,0,0
2017-11-28,BREAD,Cro-Rls,0.0,0.0,0.0,0.0,0,0,0.0,0,0,0,0,0,0,0
2017-11-28,BREAD,So-Rls,0.0,0.0,0.0,0.0,0,0,0.0,0,0,0,0,0,0,0
2017-11-28,BREAD,But-Rls,0.0,0.0,0.0,0.0,0,0,0.0,0,0,0,0,0,0,0
2017-11-28,BREAD,H-RLS,3.0,0.0,3.0,0.0,0,3,0.0,0,0,0,0,0,0,0
2017-11-28,BREAD,FR-RLS,2.0,0.0,2.0,1.0,0,1,0.0,0,0,0,0,0,0,0
2017-11-28,BREAD,VS-RLS,0.0,4.0,4.0,0.0,0,0,4.0,0,0,0,0,0,0,0
2017-11-28,BREAD,BLUE STRU,4.0,1.0,5.0,1.0,0,3,1.0,0,0,0,0,0,0,0
2017-11-28,BREAD,Mex Choc,3.0,2.0,5.0,1.0,0,2,2.0,0,0,0,0,0,0,0
2017-11-28,BREAD,pump cc,2.0,4.0,6.0,2.0,0,0,4.0,0,0,0,0,0,0,0
2017-11-28,BREAD,pump cr,3.0,0.0,3.0,1.0,0,2,0.0,0,0,0,0,0,0,0
2017-11-28,ROLLS,Cinnamon,0.0,24.0,24.0,23.0,0,1,0.0,0,0,0,0,0,0,0
2017-11-28,ROLLS,pump c-roll,0.0,0.0,0.0,0.0,0,0,0.0,0,0,0,0,0,0,0
2017-11-28,ROLLS,Mini C-Roll,0.0,0.0,0.0,0.0,0,0,0.0,0,0,0,0,0,0,0
2017-11-28,SCONES,Pump Spice,0.0,12.0,12.0,11.0,0,1,0.0,0,2,2,1,0,0,0
2017-11-28,SCONES,Blueberry,0.0,16.0,16.0,11.0,0,5,0.0,0,2,2,0,0,0,0
2017-11-28,SCONES,Rasp Cream,0.0,0.0,0.0,0.0,0,0,0.0,0,0,0,0,0,0,0
2017-11-28,SCONES,Cherry,0.0,0.0,0.0,0.0,0,0,0.0,0,0,0,0,0,0,0
2017-11-28,SCONES,Butt Almond,0.0,0.0,0.0,0.0,0,0,0.0,0,0,0,0,0,0,0
2017-11-28,SCONES,Turtle,0.0,0.0,0.0,0.0,0,0,0.0,0,0,0,0,0,0,0
2017-11-28,SCONES,Cin Chip,0.0,14.0,14.0,9.0,0,5,0.0,0,2,2,0,0,0,0
2017-11-28,FRUIT BARS,Mixed Berry,0.0,0.0,0.0,0.0,0,0,0.0,0,0,0,0,0,0,0
2017-11-28,FRUIT BARS,Cherry,0.0,0.0,0.0,0.0,0,0,0.0,0,0,0,0,0,0,0
2017-11-28,FRUIT BARS,Apple Cin,0.0,12.0,12.0,12.0,0,0,0.0,0,0,0,0,0,0,0
2017-11-28,FRUIT BARS,Car Apple,0.0,8.0,8.0,7.0,0,1,0.0,0,0,0,0,0,0,0
2017-11-28,MUFFINS,blue stru,0.0,6.0,6.0,3.0,0,3,0.0,0,2,2,2,0,0,0
2017-11-28,MUFFINS,Mex Choc,0.0,6.0,6.0,4.0,0,2,0.0,0,2,2,1,0,0,0
2017-11-28,MUFFINS,Pump Choc,0.0,7.0,7.0,4.0,0,3,0.0,0,2,2,0,0,0,0
2017-11-28,MUFFINS,Pump Crumb,0.0,5.0,5.0,3.0,0,2,0.0,0,1,1,0,0,0,0
2017-11-28,COOKIES/BARS,Oatmeal CC,6.0,12.0,18.0,11.0,0,6,1.0,0,0,0,0,0,0,0
2017-11-28,COOKIES/BARS,Peanut Butter,5.0,12.0,17.0,11.0,0,2,4.0,0,0,0,0,0,0,0
2017-11-28,COOKIES/BARS,PB Choc,10.0,12.0,22.0,17.0,0,4,1.0,0,0,0,0,0,0,0
2017-11-28,COOKIES/BARS,Triple Choc,7.0,12.0,19.0,7.0,0,6,6.0,0,0,0,0,0,0,0
2017-11-28,COOKIES/BARS,SnickerDoodle,5.0,18.0,23.0,14.0,0,0,9.0,0,0,0,0,0,0,0
2017-11-28,COOKIES/BARS,frosted,4.0,6.0,10.0,9.0,0,0,1.0,0,0,0,0,0,0,0
2017-11-28,COOKIES/BARS,Kahuna,0.0,0.0,0.0,0.0,0,0,0.0,0,0,0,0,0,0,0
2017-11-28,COOKIES/BARS,Brownies,0.0,20.0,20.0,20.0,0,0,0.0,0,0,0,0,0,0,0
2017-11-28,COOKIES/BARS,Pumpkin Bars,12.0,0.0,12.0,12.0,0,0,0.0,0,0,0,0,0,0,0
2017-11-29,BREAD,H,8.0,36.0,44.0,29.0,0,0,15.0,0,0,0,0,0,0,0
2017-11-29,BREAD,FR,17.0,11.0,28.0,24.0,0,0,4.0,0,0,0,0,0,0,0
2017-11-29,BREAD,GW,10.0,0.0,10.0,4.0,0,6,0.0,0,0,0,0,0,0,0
2017-11-29,BREAD,DK,7.0,21.0,28.0,20.0,0,0,8.0,0,0,0,0,0,0,0
2017-11-29,BREAD,H5,0.0,0.0,0.0,0.0,0,0,0.0,0,0,0,0,0,0,0
2017-11-29,BREAD,CSWRL,9.0,12.0,21.0,7.0,4,3,7.0,2,0,2,1,0,0,0
2017-11-29,BREAD,Pump Swl,6.0,8.0,14.0,7.0,0,1,6.0,0,2,2,2,0,0,0
2017-11-29,BREAD,Sonoma,0.0,8.0,8.0,6.0,0,0,2.0,0,4,4,1,0,0,3
2017-11-29,BREAD,CnE,0.0,20.0,20.0,6.0,6,0,8.0,0,2,2,2,0,0,0
2017-11-29,BREAD,CnR,0.0,10.0,10.0,8.0,0,0,2.0,0,0,0,0,0,0,0
2017-11-29,BREAD,CnW,0.0,4.0,4.0,2.0,0,0,2.0,0,0,0,0,0,0,0
2017-11-29,BREAD,CG,0.0,9.0,9.0,4.0,0,0,5.0,0,4,4,3,0,0,1
2017-11-29,BREAD,Pesto CG,0.0,6.0,6.0,3.0,0,0,3.0,0,0,0,0,0,0,0
2017-11-29,BREAD,Jalep CG,0.0,4.0,4.0,0.0,0,0,4.0,0,0,0,0,0,0,0
2017-11-29,BREAD,VS,6.0,0.0,6.0,1.0,0,5,0.0,2,0,2,1,0,0,0
2017-11-29,BREAD,CB,3.0,0.0,3.0,3.0,0,0,0.0,0,0,0,0,0,0,0
2017-11-29,BREAD,CrO,1.0,0.0,1.0,1.0,0,0,0.0,3,0,3,3,0,0,0
2017-11-29,BREAD,CH,0.0,0.0,0.0,-5.0,0,5,0.0,0,0,0,-1,0,0,0
2017-11-29,BREAD,car,0.0,0.0,0.0,0.0,0,0,0.0,0,0,0,0,0,0,0
2017-11-29,BREAD,ihf,0.0,0.0,0.0,0.0,0,0,0.0,0,0,0,0,0,0,0
2017-11-29,BREAD,Stuf,0.0,0.0,0.0,0.0,0,0,0.0,0,0,0,0,0,0,0
2017-11-29,BREAD,Turkeys,0.0,0.0,0.0,0.0,0,0,0.0,0,0,0,0,0,0,0
2017-11-29,BREAD,Cro-Rls,0.0,0.0,0.0,0.0,0,0,0.0,0,0,0,0,0,0,0
2017-11-29,BREAD,So-Rls,0.0,0.0,0.0,0.0,0,0,0.0,0,0,0,0,0,0,0
2017-11-29,BREAD,But-Rls,0.0,0.0,0.0,0.0,0,0,0.0,0,0,0,0,0,0,0
2017-11-29,BREAD,H-RLS,0.0,4.0,4.0,1.0,0,0,3.0,0,0,0,0,0,0,0
2017-11-29,BREAD,FR-RLS,0.0,4.0,4.0,4.0,0,0,0.0,0,0,0,0,0,0,0
2017-11-29,BREAD,VS-RLS,4.0,0.0,4.0,1.0,0,3,0.0,0,0,0,0,0,0,0
2017-11-29,BREAD,BLUE STRU,1.0,10.0,11.0,2.0,3,0,6.0,0,0,0,0,0,0,0
2017-11-29,BREAD,Mex Choc,2.0,4.0,6.0,2.0,0,0,4.0,0,0,0,0,0,0,0
2017-11-29,BREAD,pump cc,4.0,6.0,10.0,3.0,2,3,2.0,0,0,0,0,0,0,0
2017-11-29,BREAD,pump cr,0.0,4.0,4.0,2.0,0,0,2.0,0,0,0,0,0,0,0
2017-11-29,ROLLS,Cinnamon,0.0,24.0,24.0,24.0,0,0,0.0,0,0,0,0,0,0,0
2017-11-29,ROLLS,pump c-roll,0.0,0.0,0.0,0.0,0,0,0.0,0,0,0,0,0,0,0
2017-11-29,ROLLS,Mini C-Roll,0.0,0.0,0.0,0.0,0,0,0.0,0,0,0,0,0,0,0
2017-11-29,SCONES,Pump Spice,0.0,12.0,12.0,11.0,0,1,0.0,0,12,12,2,0,0,0
2017-11-29,SCONES,Blueberry,0.0,0.0,0.0,0.0,0,0,0.0,0,0,0,0,0,0,0
2017-11-29,SCONES,Rasp Cream,0.0,16.0,16.0,5.0,4,7,0.0,0,13,13,1,0,0,0
2017-11-29,SCONES,Cherry,0.0,0.0,0.0,0.0,0,0,0.0,0,0,0,0,0,0,0
2017-11-29,SCONES,Butt Almond,0.0,0.0,0.0,0.0,0,0,0.0,0,0,0,0,0,0,0
2017-11-29,SCONES,Turtle,0.0,8.0,8.0,8.0,0,0,0.0,0,13,13,2,0,0,0
2017-11-29,SCONES,Cin Chip,0.0,0.0,0.0,0.0,0,0,0.0,0,0,0,0,0,0,0
2017-11-29,FRUIT BARS,Mixed Berry,0.0,8.0,8.0,2.0,4,2,0.0,0,0,0,0,0,0,0
2017-11-29,FRUIT BARS,Cherry,0.0,12.0,12.0,4.0,6,2,0.0,0,0,0,0,0,0,0
2017-11-29,FRUIT BARS,Apple Cin,0.0,0.0,0.0,-4.0,4,0,0.0,0,0,0,0,0,0,0
2017-11-29,FRUIT BARS,Car Apple,0.0,0.0,0.0,-2.0,2,0,0.0,0,0,0,0,0,0,0
2017-11-29,MUFFINS,blue stru,0.0,8.0,8.0,8.0,0,0,0.0,0,6,6,2,0,0,0
2017-11-29,MUFFINS,Mex Choc,0.0,6.0,6.0,0.0,0,6,0.0,0,2,2,2,0,0,0
2017-11-29,MUFFINS,Pump Choc,0.0,8.0,8.0,7.0,0,1,0.0,0,11,11,0,0,0,0
2017-11-29,MUFFINS,Pump Crumb,0.0,6.0,6.0,2.0,0,4,0.0,0,13,13,0,0,0,0
2017-11-29,COOKIES/BARS,Oatmeal CC,4.0,30.0,34.0,15.0,14,0,5.0,0,4,4,0,0,0,0
2017-11-29,COOKIES/BARS,Peanut Butter,1.0,6.0,7.0,2.0,0,0,5.0,0,4,4,0,0,0,0
2017-11-29,COOKIES/BARS,PB Choc,6.0,12.0,18.0,13.0,0,0,5.0,0,0,0,0,0,0,0
2017-11-29,COOKIES/BARS,Triple Choc,9.0,24.0,33.0,8.0,13,6,6.0,0,4,4,0,0,0,0
2017-11-29,COOKIES/BARS,SnickerDoodle,1.0,30.0,31.0,3.0,13,1,14.0,0,4,4,0,0,0,0
2017-11-29,COOKIES/BARS,frosted,0.0,12.0,12.0,8.0,0,0,4.0,0,0,0,0,0,0,0
2017-11-29,COOKIES/BARS,Kahuna,0.0,0.0,0.0,0.0,0,0,0.0,0,0,0,0,0,0,0
2017-11-29,COOKIES/BARS,Brownie,0.0,0.0,0.0,0.0,0,0,0.0,0,0,0,0,0,0,0
2017-11-29,COOKIES/BARS,Pumpkin,0.0,20.0,20.0,13.0,0,7,0.0,0,0,0,0,0,0,0
2017-11-29,COOKIES/BARS,Totals,43.0,242.0,285.0,149.0,60,37,39.0,0,86,86,9,0,0,0
2017-11-30,BREAD,H,15.0,25.0,40.0,20.0,0,0,20.0,0,0,0,0,0,0,0
2017-11-30,BREAD,FR,4.0,0.0,4.0,-17.0,0,0,21.0,0,0,0,0,0,0,0
2017-11-30,BREAD,GW,0.0,0.0,0.0,-4.0,0,0,4.0,0,0,0,0,0,0,0
2017-11-30,BREAD,DK,8.0,0.0,8.0,3.0,0,0,5.0,0,0,0,0,0,0,0
2017-11-30,BREAD,H5,0.0,24.0,24.0,10.0,10,0,4.0,0,0,0,0,0,0,0
2017-11-30,BREAD,CSWRL,7.0,0.0,7.0,6.0,0,0,1.0,0,0,0,0,0,0,0
2017-11-30,BREAD,Pump Swl,6.0,0.0,6.0,5.0,0,0,1.0,0,0,0,-1,0,0,1
2017-11-30,BREAD,Sonoma,2.0,0.0,2.0,1.0,0,1,0.0,3,0,3,0,0,0,0
2017-11-30,BREAD,CnE,8.0,0.0,8.0,8.0,0,0,0.0,0,0,0,0,0,0,0
2017-11-30,BREAD,CnR,2.0,0.0,2.0,2.0,0,0,0.0,0,0,0,0,0,0,0
2017-11-30,BREAD,CnW,2.0,0.0,2.0,2.0,0,0,0.0,0,0,0,0,0,0,0
2017-11-30,BREAD,CG,5.0,0.0,5.0,2.0,0,3,0.0,1,0,1,-1,0,0,0
2017-11-30,BREAD,Pesto CG,3.0,0.0,3.0,2.0,0,1,0.0,0,0,0,0,0,0,0
2017-11-30,BREAD,Jalep CG,4.0,0.0,4.0,1.0,0,3,0.0,0,0,0,0,0,0,0
2017-11-30,BREAD,VS,0.0,26.0,26.0,10.0,0,0,16.0,0,4,4,2,0,0,2
2017-11-30,BREAD,CB,0.0,11.0,11.0,7.0,0,0,4.0,0,4,4,4,0,0,0
2017-11-30,BREAD,CrO,0.0,9.0,9.0,5.0,4,0,0.0,0,4,4,4,0,0,0
2017-11-30,BREAD,CH,0.0,6.0,6.0,2.0,0,0,4.0,0,4,4,0,0,0,4
2017-11-30,BREAD,car,0.0,0.0,0.0,0.0,0,0,0.0,0,0,0,0,0,0,0
2017-11-30,BREAD,ihf,0.0,0.0,0.0,0.0,0,0,0.0,0,0,0,0,0,0,0
2017-11-30,BREAD,Stuf,0.0,0.0,0.0,0.0,0,0,0.0,0,0,0,0,0,0,0
2017-11-30,BREAD,Turkeys,0.0,0.0,0.0,0.0,0,0,0.0,0,0,0,0,0,0,0
2017-11-30,BREAD,Cro-Rls,0.0,0.0,0.0,0.0,0,0,0.0,0,0,0,0,0,0,0
2017-11-30,BREAD,So-Rls,0.0,0.0,0.0,0.0,0,0,0.0,0,0,0,0,0,0,0
2017-11-30,BREAD,But-Rls,0.0,0.0,0.0,0.0,0,0,0.0,0,0,0,0,0,0,0
2017-11-30,BREAD,H-RLS,3.0,0.0,3.0,1.0,0,2,0.0,0,0,0,0,0,0,0
2017-11-30,BREAD,FR-RLS,0.0,0.0,0.0,-3.0,0,0,3.0,0,0,0,0,0,0,0
2017-11-30,BREAD,VS-RLS,0.0,6.0,6.0,6.0,0,0,0.0,0,0,0,0,0,0,0
2017-11-30,BREAD,BLUE STRU,6.0,0.0,6.0,3.0,0,3,0.0,0,0,0,0,0,0,0
2017-11-30,BREAD,Mex Choc,4.0,2.0,6.0,3.0,0,3,0.0,0,0,0,0,0,0,0
2017-11-30,BREAD,pump cc,2.0,4.0,6.0,4.0,0,0,2.0,0,0,0,0,0,0,0
2017-11-30,BREAD,pump cr,0.0,4.0,4.0,0.0,0,0,4.0,0,0,0,0,0,0,0
2017-11-30,ROLLS,Cinnamon,0.0,24.0,24.0,22.0,0,2,0.0,0,0,0,0,0,0,0
2017-11-30,ROLLS,pump c-roll,0.0,0.0,0.0,0.0,0,0,0.0,0,0,0,0,0,0,0
2017-11-30,ROLLS,Mini C-Roll,0.0,24.0,24.0,0.0,24,0,0.0,0,0,0,0,0,0,0
2017-11-30,SCONES,Pump Spice,0.0,9.0,9.0,7.0,0,2,0.0,0,1,1,-1,0,0,0
2017-11-30,SCONES,Blueberry,0.0,18.0,18.0,18.0,0,0,0.0,0,2,2,-1,0,0,0
2017-11-30,SCONES,Rasp Cream,0.0,0.0,0.0,0.0,0,0,0.0,0,0,0,0,0,0,0
2017-11-30,SCONES,Cherry,0.0,0.0,0.0,0.0,0,0,0.0,0,0,0,0,0,0,0
2017-11-30,SCONES,Butt Almond,0.0,0.0,0.0,0.0,0,0,0.0,0,0,0,0,0,0,0
2017-11-30,SCONES,Turtle,0.0,12.0,12.0,11.0,0,1,0.0,0,2,2,-1,0,0,0
2017-11-30,SCONES,Cin Chip,0.0,0.0,0.0,0.0,0,0,0.0,0,0,0,0,0,0,0
2017-11-30,FRUIT BARS,Mixed Berry,0.0,0.0,0.0,0.0,0,0,0.0,0,0,0,0,0,0,0
2017-11-30,FRUIT BARS,Cherry,0.0,0.0,0.0,0.0,0,0,0.0,0,0,0,0,0,0,0
2017-11-30,FRUIT BARS,Apple Cin,0.0,12.0,12.0,5.0,2,5,0.0,0,0,0,0,0,0,0
2017-11-30,FRUIT BARS,Car Apple,0.0,8.0,8.0,1.0,1,6,0.0,0,0,0,0,0,0,0
2017-11-30,MUFFINS,blue stru,0.0,8.0,8.0,6.0,0,2,0.0,0,2,2,1,0,0,0
2017-11-30,MUFFINS,Mex Choc,0.0,6.0,6.0,5.0,0,1,0.0,0,2,2,1,0,0,0
2017-11-30,MUFFINS,Pump Choc,0.0,8.0,8.0,3.0,0,5,0.0,0,2,2,1,0,0,0
2017-11-30,MUFFINS,Pump Crumb,0.0,6.0,6.0,3.0,0,3,0.0,0,2,2,2,0,0,0
2017-11-30,COOKIES/BARS,Oatmeal CC,5.0,30.0,35.0,23.0,12,0,0.0,0,0,0,0,0,0,0
2017-11-30,COOKIES/BARS,Peanut Butter,5.0,7.0,12.0,7.0,0,2,3.0,0,0,0,0,0,0,0
2017-11-30,COOKIES/BARS,PB Choc,5.0,12.0,17.0,12.0,0,0,5.0,0,0,0,0,0,0,0
2017-11-30,COOKIES/BARS,Triple Choc,6.0,24.0,30.0,18.0,12,0,0.0,0,0,0,0,0,0,0
2017-11-30,COOKIES/BARS,SnickerDoodle,14.0,18.0,32.0,21.0,11,0,0.0,0,0,0,0,0,0,0
2017-11-30,COOKIES/BARS,frosted,4.0,7.0,11.0,11.0,0,0,0.0,0,0,0,0,0,0,0
2017-11-30,COOKIES/BARS,Kahuna,0.0,20.0,20.0,9.0,0,0,11.0,0,0,0,0,0,0,0
2017-11-30,COOKIES/BARS,Brownies,0.0,0.0,0.0,0.0,0,0,0.0,0,0,0,0,0,0,0
2017-11-30,COOKIES/BARS,Pumpkin,0.0,0.0,0.0,0.0,0,0,0.0,0,0,0,0,0,0,0
2017-11-30,COOKIES/BARS,Totals,39.0,253.0,292.0,182.0,62,29,19.0,0,13,13,2,0,0,0
2017-11-31,BREAD,H,20.0,0.0,20.0,20.0,0,0,0.0,0,0,0,0,0,0,0
2017-11-31,BREAD,FR,21.0,0.0,21.0,21.0,0,0,0.0,0,0,0,0,0,0,0
2017-11-31,BREAD,GW,4.0,0.0,4.0,4.0,0,0,0.0,0,0,0,0,0,0,0
2017-11-31,BREAD,DK,5.0,0.0,5.0,5.0,0,0,0.0,0,0,0,0,0,0,0
2017-11-31,BREAD,H5,4.0,0.0,4.0,4.0,0,0,0.0,0,0,0,0,0,0,0
2017-11-31,BREAD,CSWRL,1.0,0.0,1.0,1.0,0,0,0.0,0,0,0,0,0,0,0
2017-11-31,BREAD,Pump Swl,1.0,0.0,1.0,1.0,0,0,0.0,1,0,1,1,0,0,0
2017-11-31,BREAD,Sonoma,0.0,0.0,0.0,0.0,0,0,0.0,0,0,0,0,0,0,0
2017-11-31,BREAD,CnE,0.0,0.0,0.0,0.0,0,0,0.0,0,0,0,0,0,0,0
2017-11-31,BREAD,CnR,0.0,0.0,0.0,0.0,0,0,0.0,0,0,0,0,0,0,0
2017-11-31,BREAD,CnW,0.0,0.0,0.0,0.0,0,0,0.0,0,0,0,0,0,0,0
2017-11-31,BREAD,CG,0.0,0.0,0.0,0.0,0,0,0.0,0,0,0,0,0,0,0
2017-11-31,BREAD,Pesto CG,0.0,0.0,0.0,0.0,0,0,0.0,0,0,0,0,0,0,0
2017-11-31,BREAD,Jalep CG,0.0,0.0,0.0,0.0,0,0,0.0,0,0,0,0,0,0,0
2017-11-31,BREAD,VS,16.0,0.0,16.0,16.0,0,0,0.0,2,0,2,2,0,0,0
2017-11-31,BREAD,CB,4.0,0.0,4.0,4.0,0,0,0.0,0,0,0,0,0,0,0
2017-11-31,BREAD,CrO,0.0,0.0,0.0,0.0,0,0,0.0,0,0,0,0,0,0,0
2017-11-31,BREAD,CH,4.0,0.0,4.0,4.0,0,0,0.0,4,0,4,4,0,0,0
2017-11-31,BREAD,car,0.0,0.0,0.0,0.0,0,0,0.0,0,0,0,0,0,0,0
2017-11-31,BREAD,ihf,0.0,0.0,0.0,0.0,0,0,0.0,0,0,0,0,0,0,0
2017-11-31,BREAD,Stuf,0.0,0.0,0.0,0.0,0,0,0.0,0,0,0,0,0,0,0
2017-11-31,BREAD,Turkeys,0.0,0.0,0.0,0.0,0,0,0.0,0,0,0,0,0,0,0
2017-11-31,BREAD,Cro-Rls,0.0,0.0,0.0,0.0,0,0,0.0,0,0,0,0,0,0,0
2017-11-31,BREAD,So-Rls,0.0,0.0,0.0,0.0,0,0,0.0,0,0,0,0,0,0,0
2017-11-31,BREAD,But-Rls,0.0,0.0,0.0,0.0,0,0,0.0,0,0,0,0,0,0,0
2017-11-31,BREAD,H-RLS,0.0,0.0,0.0,0.0,0,0,0.0,0,0,0,0,0,0,0
2017-11-31,BREAD,FR-RLS,3.0,0.0,3.0,3.0,0,0,0.0,0,0,0,0,0,0,0
2017-11-31,BREAD,VS-RLS,0.0,0.0,0.0,0.0,0,0,0.0,0,0,0,0,0,0,0
2017-11-31,BREAD,BLUE STRU,0.0,0.0,0.0,0.0,0,0,0.0,0,0,0,0,0,0,0
2017-11-31,BREAD,Mex Choc,0.0,0.0,0.0,0.0,0,0,0.0,0,0,0,0,0,0,0
2017-11-31,BREAD,pump cc,2.0,0.0,2.0,2.0,0,0,0.0,0,0,0,0,0,0,0
2017-11-31,BREAD,pump cr,2.0,0.0,2.0,2.0,0,0,0.0,0,0,0,0,0,0,0
2017-11-31,ROLLS,Cinnamon,0.0,0.0,0.0,0.0,0,0,0.0,0,0,0,0,0,0,0
2017-11-31,ROLLS,pump c-roll,0.0,0.0,0.0,0.0,0,0,0.0,0,0,0,0,0,0,0
2017-11-31,ROLLS,Mini C-Roll,0.0,0.0,0.0,0.0,0,0,0.0,0,0,0,0,0,0,0
2017-11-31,SCONES,Pump Spice,0.0,0.0,0.0,0.0,0,0,0.0,0,0,0,0,0,0,0
2017-11-31,SCONES,Blueberry,0.0,0.0,0.0,0.0,0,0,0.0,0,0,0,0,0,0,0
2017-11-31,SCONES,Rasp Cream,0.0,0.0,0.0,0.0,0,0,0.0,0,0,0,0,0,0,0
2017-11-31,SCONES,Cherry,0.0,0.0,0.0,0.0,0,0,0.0,0,0,0,0,0,0,0
2017-11-31,SCONES,Butt Almond,0.0,0.0,0.0,0.0,0,0,0.0,0,0,0,0,0,0,0
2017-11-31,SCONES,Turtle,0.0,0.0,0.0,0.0,0,0,0.0,0,0,0,0,0,0,0
2017-11-31,SCONES,Cin Chip,0.0,0.0,0.0,0.0,0,0,0.0,0,0,0,0,0,0,0
2017-11-31,FRUIT BARS,Mixed Berry,0.0,0.0,0.0,0.0,0,0,0.0,0,0,0,0,0,0,0
2017-11-31,FRUIT BARS,Cherry,0.0,0.0,0.0,0.0,0,0,0.0,0,0,0,0,0,0,0
2017-11-31,FRUIT BARS,Apple cin,0.0,0.0,0.0,0.0,0,0,0.0,0,0,0,0,0,0,0
2017-11-31,FRUIT BARS,Car Apple,0.0,0.0,0.0,0.0,0,0,0.0,0,0,0,0,0,0,0
2017-11-31,MUFFINS,blue stru,0.0,0.0,0.0,0.0,0,0,0.0,0,0,0,0,0,0,0
2017-11-31,MUFFINS,Mex Choc,0.0,0.0,0.0,0.0,0,0,0.0,0,0,0,0,0,0,0
2017-11-31,MUFFINS,Pump Choc,0.0,0.0,0.0,0.0,0,0,0.0,0,0,0,0,0,0,0
2017-11-31,MUFFINS,Pump Crumb,0.0,0.0,0.0,0.0,0,0,0.0,0,0,0,0,0,0,0
2017-11-31,MUFFINS,Oatmeal CC,0.0,0.0,0.0,0.0,0,0,0.0,0,0,0,0,0,0,0
2017-11-31,MUFFINS,Peanut Butter,0.0,0.0,0.0,0.0,0,0,0.0,0,0,0,0,0,0,0
2017-11-31,MUFFINS,PB Choc,3.0,0.0,3.0,3.0,0,0,0.0,0,0,0,0,0,0,0
2017-11-31,MUFFINS,Triple Choc,5.0,0.0,5.0,5.0,0,0,0.0,0,0,0,0,0,0,0
2017-11-31,MUFFINS,SnickerDoodle,0.0,0.0,0.0,0.0,0,0,0.0,0,0,0,0,0,0,0
2017-11-31,MUFFINS,frosted,0.0,0.0,0.0,0.0,0,0,0.0,0,0,0,0,0,0,0
2017-11-31,MUFFINS,Kahuna,0.0,0.0,0.0,0.0,0,0,0.0,0,0,0,0,0,0,0
2017-11-31,MUFFINS,Brownies,11.0,0.0,11.0,11.0,0,0,0.0,0,0,0,0,0,0,0
2017-11-31,MUFFINS,Pumpkin Bars,0.0,0.0,0.0,0.0,0,0,0.0,0,0,0,0,0,0,0
2017-11-31,MUFFINS,Pumpkin,0.0,0.0,0.0,0.0,0,0,0.0,0,0,0,0,0,0,0
2017-11-31,MUFFINS,Totals,19.0,0.0,19.0,19.0,0,0,0.0,0,0,0,0,0,0,0
