Date,Category,Product,START_OF_DAY_WHOLE,MADE_TODAY_WHOLE,AVAILABLE_TO_SELL_WHOLE,OUT_THE_DOOR_WHOLE,ORDERS_TODAY_WHOLE,REMOVED_AS_DAY_OLD_WHOLE,LEFT_WHOLE,START_OF_DAY_HALF,MADE_TODAY_HALF,AVAILABLE_TO_SELL_HALF,OUT_THE_DOOR_HALF,ORDERS_TODAY_HALF,REMOVED_AS_DAY_OLD_HALF,LEFT_HALF
2017-12-01,BREAD,H,20,36,56,21,0,0,35,0,0,0,0,0,0,0
2017-12-01,BREAD,FR,21,40,61,40,1,0,20,0,0,0,0,0,0,0
2017-12-01,BREAD,GW,4,0,4,-8,0,1,11,0,0,0,0,0,0,0
2017-12-01,BREAD,DK,5,12,17,4,0,0,13,0,0,0,0,0,0,0
2017-12-01,BREAD,H5,4,24,28,27,0,0,1,0,0,0,0,0,0,0
2017-12-01,BREAD,CSWRL,1,16,17,12,1,0,4,0,4,4,2,0,0,2
2017-12-01,BREAD,Pump Swl,1,8,9,5,0,0,4,1,2,3,1,0,0,2
2017-12-01,BREAD,Map Pec,0,12,12,3,0,0,9,0,3,3,-1,0,0,4
2017-12-01,BREAD,CnE,0,21,21,9,0,0,12,0,4,4,4,0,0,0
2017-12-01,BREAD,CnR,0,4,4,4,0,0,0,0,0,0,0,0,0,0
2017-12-01,BREAD,CnW,0,6,6,6,0,0,0,0,0,0,0,0,0,0
2017-12-01,BREAD,CG,0,19,19,8,0,0,11,0,3,3,2,0,0,1
2017-12-01,BREAD,Pesto CG,0,0,0,0,0,0,0,0,0,0,0,0,0,0
2017-12-01,BREAD,SO,0,10,10,2,0,0,8,0,3,3,2,0,0,1
2017-12-01,BREAD,AA,0,0,0,0,0,0,0,0,0,0,0,0,0,0
2017-12-01,BREAD,VS,16,0,16,6,0,10,0,2,0,2,2,0,0,0
2017-12-01,BREAD,CB,4,0,4,4,0,0,0,0,0,0,0,0,0,0
2017-12-01,BREAD,CrO,0,0,0,0,0,0,0,0,0,0,0,0,0,0
2017-12-01,BREAD,CH,4,0,4,1,0,3,0,4,0,4,1,0,0,0
2017-12-01,BREAD,car,0,0,0,0,0,0,0,0,0,0,0,0,0,0
2017-12-01,BREAD,ihf,0,0,0,0,0,0,0,0,0,0,0,0,0,0
2017-12-01,BREAD,Cro-Rls,0,0,0,0,0,0,0,0,0,0,0,0,0,0
2017-12-01,BREAD,So-Rls,0,0,0,0,0,0,0,0,0,0,0,0,0,0
2017-12-01,BREAD,But-Rls,0,12,12,0,0,0,12,0,0,0,0,0,0,0
2017-12-01,BREAD,H-RLS,0,5,5,0,2,0,3,0,0,0,0,0,0,0
2017-12-01,BREAD,FR-RLS,3,48,51,1,48,2,0,0,0,0,0,0,0,0
2017-12-01,BREAD,VS-RLS,0,0,0,0,0,0,0,0,0,0,0,0,0,0
2017-12-01,BREAD,BLUE STRU,0,9,9,6,1,0,2,0,0,0,0,0,0,0
2017-12-01,BREAD,Pump Cr,2,6,8,3,0,2,3,0,0,0,0,0,0,0
2017-12-01,BREAD,pump cc,4,4,8,4,0,0,4,0,0,0,0,0,0,0
2017-12-01,ROLLS,Cinnamon,0,36,36,36,0,0,0,0,0,0,0,0,0,0
2017-12-01,ROLLS,Pecan c-roll,0,12,12,12,0,0,0,0,0,0,0,0,0,0
2017-12-01,ROLLS,Mini C-Roll,0,0,0,0,0,0,0,0,0,0,0,0,0,0
2017-12-01,SCONES,Cr Orang,0,10,10,8,0,2,0,0,4,4,2,0,0,0
2017-12-01,SCONES,Cr OR W.Choc,0,10,10,7,0,3,0,0,4,4,2,0,0,0
2017-12-01,SCONES,Blueberry,0,0,0,0,0,0,0,0,0,0,0,0,0,0
2017-12-01,SCONES,Rasp Cream,0,0,0,0,0,0,0,0,0,0,0,0,0,0
2017-12-01,SCONES,Cherry,0,16,16,0,0,16,0,0,4,4,2,0,0,0
2017-12-01,SCONES,Butt Almond,0,16,16,11,0,5,0,0,4,4,2,0,0,0
2017-12-01,SCONES,Turtle,0,0,0,0,0,0,0,0,0,0,0,0,0,0
2017-12-01,SCONES,Cin Chip,0,0,0,0,0,0,0,0,0,0,0,0,0,0
2017-12-01,FRUIT BARS,Mixed Berry,0,12,12,10,2,0,0,0,0,0,0,0,0,0
2017-12-01,FRUIT BARS,Cherry,0,8,8,7,1,0,0,0,0,0,0,0,0,0
2017-12-01,FRUIT BARS,Apple Cin,0,0,0,0,0,0,0,0,0,0,0,0,0,0
2017-12-01,FRUIT BARS,Apple Cran,0,0,0,0,0,0,0,0,0,0,0,0,0,0
2017-12-01,MUFFINS,blue stru,0,10,10,8,0,2,0,0,3,3,3,0,0,0
2017-12-01,MUFFINS,Pump Crumb,0,8,8,6,0,2,0,0,5,5,2,0,0,0
2017-12-01,MUFFINS,Pump Choc,0,10,10,8,0,2,0,0,6,6,3,0,0,0
2017-12-01,MUFFINS,Cookies,0,0,0,0,0,0,0,0,0,0,0,0,0,0
2017-12-01,MUFFINS,Bars,0,0,0,0,0,0,0,0,0,0,0,0,0,0
2017-12-01,MUFFINS,Oatmeal CC,0,24,24,20,4,0,0,0,0,0,0,0,0,0
2017-12-01,MUFFINS,VMWC Cran,0,24,24,18,0,0,6,0,0,0,0,0,0,0
2017-12-01,MUFFINS,Triple Choc,0,24,24,19,4,0,1,0,0,0,0,0,0,0
2017-12-01,MUFFINS,St nicker,0,24,24,20,4,0,0,0,0,0,0,0,0,0
2017-12-01,MUFFINS,frosted,0,12,12,12,0,0,0,0,0,0,0,0,0,0
2017-12-01,MUFFINS,Pep Brown,0,10,10,10,0,0,0,0,0,0,0,0,0,0
2017-12-01,MUFFINS,Brownies,0,10,10,3,0,0,7,0,0,0,0,0,0,0
2017-12-01,MUFFINS,Pumpkin,0,0,0,0,0,0,0,0,0,0,0,0,0,0
2017-12-01,MUFFINS,PB,3,0,3,3,0,0,0,0,0,0,0,0,0,0
2017-12-01,MUFFINS,PB-Choc,5,0,5,5,0,0,0,0,0,0,0,0,0,0
2017-12-01,MUFFINS,Totals,8,276,284,223,15,32,14,0,30,30,16,0,0,0
2017-12-02,BREAD,H,35,0,35,27,0,8,0,0,0,0,0,0,0,0
2017-12-02,BREAD,FR,20,0,20,14,0,6,0,0,0,0,0,0,0,0
2017-12-02,BREAD,GW,11,0,11,4,0,7,0,0,0,0,0,0,0,0
2017-12-02,BREAD,DK,13,0,13,13,0,0,0,0,0,0,0,0,0,0
2017-12-02,BREAD,H5,1,0,1,1,0,0,0,0,0,0,0,0,0,0
2017-12-02,BREAD,CSWRL,4,12,16,9,0,7,0,2,0,2,1,0,0,0
2017-12-02,BREAD,Pump Swl,4,8,12,3,0,9,0,2,0,2,0,0,0,0
2017-12-02,BREAD,Map Pec,9,4,13,4,0,9,0,4,0,4,1,0,0,0
2017-12-02,BREAD,CnE,12,0,12,8,0,4,0,0,0,0,-3,0,0,0
2017-12-02,BREAD,CnR,0,0,0,-1,0,1,0,0,0,0,0,0,0,0
2017-12-02,BREAD,CnW,0,0,0,0,0,0,0,0,0,0,0,0,0,0
2017-12-02,BREAD,CG,11,0,11,9,0,2,0,1,0,1,-2,0,0,0
2017-12-02,BREAD,Pesto CG,0,0,0,0,0,0,0,0,0,0,0,0,0,0
2017-12-02,BREAD,SO,8,0,8,1,0,7,0,1,0,1,-1,0,0,0
2017-12-02,BREAD,AA,0,0,0,0,0,0,0,0,0,0,0,0,0,0
2017-12-02,BREAD,VS,0,8,8,8,0,0,0,0,2,2,2,0,0,0
2017-12-02,BREAD,CB,0,9,9,8,0,1,0,0,4,4,4,0,0,0
2017-12-02,BREAD,CrO,0,7,7,7,0,0,0,0,3,3,3,0,0,0
2017-12-02,BREAD,CH,0,0,0,-5,0,5,0,0,0,0,-7,0,0,0
2017-12-02,BREAD,car,0,0,0,0,0,0,0,0,0,0,0,0,0,0
2017-12-02,BREAD,ihf,0,0,0,0,0,0,0,0,0,0,0,0,0,0
2017-12-02,BREAD,Cro-Rls,0,0,0,0,0,0,0,0,0,0,0,0,0,0
2017-12-02,BREAD,So-Rls,0,0,0,0,0,0,0,0,0,0,0,0,0,0
2017-12-02,BREAD,But-Rls,12,0,12,1,0,11,0,0,0,0,0,0,0,0
2017-12-02,BREAD,H-RLS,3,0,3,0,0,3,0,0,0,0,0,0,0,0
2017-12-02,BREAD,FR-RLS,0,0,0,0,0,0,0,0,0,0,0,0,0,0
2017-12-02,BREAD,VS-RLS,0,4,4,0,0,4,0,0,0,0,0,0,0,0
2017-12-02,BREAD,BLUE STRU,2,1,3,3,0,0,0,0,0,0,0,0,0,0
2017-12-02,BREAD,Pump Cr,3,0,3,2,0,1,0,0,0,0,0,0,0,0
2017-12-02,BREAD,pump cc,4,0,4,2,0,2,0,0,0,0,0,0,0,0
2017-12-02,ROLLS,Cinnamon,0,48,48,40,0,8,0,0,0,0,0,0,0,0
2017-12-02,ROLLS,Pecan c-roll,0,24,24,6,0,18,0,0,0,0,0,0,0,0
2017-12-02,ROLLS,Mini C-Roll,0,24,24,0,24,0,0,0,0,0,0,0,0,0
2017-12-02,SCONES,Cr Orang,0,10,10,7,0,3,0,0,2,2,1,0,0,0
2017-12-02,SCONES,Cr OR W.Choc,0,10,10,7,0,3,0,0,2,2,0,0,0,0
2017-12-02,SCONES,Blueberry,0,22,22,15,0,7,0,0,2,2,2,0,0,0
2017-12-02,SCONES,Rasp Cream,0,0,0,0,0,0,0,0,0,0,0,0,0,0
2017-12-02,SCONES,Cherry,0,0,0,0,0,0,0,0,0,0,0,0,0,0
2017-12-02,SCONES,Butt Almond,0,18,18,8,0,10,0,0,2,2,0,0,0,0
2017-12-02,SCONES,Turtle,0,0,0,0,0,0,0,0,0,0,0,0,0,0
2017-12-02,SCONES,Cin Chip,0,0,0,0,0,0,0,0,0,0,0,0,0,0
2017-12-02,FRUIT BARS,Mixed Berry,0,0,0,0,0,0,0,0,0,0,0,0,0,0
2017-12-02,FRUIT BARS,Cherry,0,0,0,0,0,0,0,0,0,0,0,0,0,0
2017-12-02,FRUIT BARS,Apple Cin,0,12,12,12,0,0,0,0,0,0,0,0,0,0
2017-12-02,FRUIT BARS,Apple Cran,0,8,8,8,0,0,0,0,0,0,0,0,0,0
2017-12-02,MUFFINS,blue stru,0,10,10,3,0,7,0,0,2,2,1,0,0,0
2017-12-02,MUFFINS,Pump Crumb,0,8,8,3,0,5,0,0,2,2,0,0,0,0
2017-12-02,MUFFINS,Pump Choc,0,12,12,7,0,5,0,0,2,2,1,0,0,0
2017-12-02,MUFFINS,Cookies,0,0,0,0,0,0,0,0,0,0,0,0,0,0
2017-12-02,MUFFINS,Bars,0,0,0,0,0,0,0,0,0,0,0,0,0,0
2017-12-02,MUFFINS,Oatmeal CC,0,30,30,13,17,0,0,0,0,0,0,0,0,0
2017-12-02,MUFFINS,VMWC Cran,6,6,12,6,0,6,0,0,0,0,0,0,0,0
2017-12-02,MUFFINS,Triple Choc,1,30,31,14,17,0,0,0,0,0,0,0,0,0
2017-12-02,MUFFINS,St nicker,0,30,30,13,16,1,0,0,0,0,0,0,0,0
2017-12-02,MUFFINS,frosted,0,12,12,12,0,0,0,0,0,0,0,0,0,0
2017-12-02,MUFFINS,Pep Brown,0,4,4,4,0,0,0,0,0,0,0,0,0,0
2017-12-02,MUFFINS,Brownies,7,3,10,10,0,0,0,0,0,0,0,0,0,0
2017-12-02,MUFFINS,Pumpkin,0,20,20,18,0,2,0,0,0,0,0,0,0,0
2017-12-02,MUFFINS,Totals,14,341,355,206,74,75,0,0,14,14,5,0,0,0
2017-12-03,BREAD,H,0,0,0,0,0,0,0,0,0,0,0,0,0,0
2017-12-03,BREAD,FR,0,0,0,0,0,0,0,0,0,0,0,0,0,0
2017-12-03,BREAD,GW,0,0,0,0,0,0,0,0,0,0,0,0,0,0
2017-12-03,BREAD,DK,0,0,0,0,0,0,0,0,0,0,0,0,0,0
2017-12-03,BREAD,H5,0,0,0,0,0,0,0,0,0,0,0,0,0,0
2017-12-03,BREAD,CSWRL,0,0,0,0,0,0,0,0,0,0,0,0,0,0
2017-12-03,BREAD,Pump Swl,0,0,0,0,0,0,0,0,0,0,0,0,0,0
2017-12-03,BREAD,Map Pec,0,0,0,0,0,0,0,0,0,0,0,0,0,0
2017-12-03,BREAD,CnE,0,0,0,0,0,0,0,0,0,0,0,0,0,0
2017-12-03,BREAD,CnR,0,0,0,0,0,0,0,0,0,0,0,0,0,0
2017-12-03,BREAD,CnW,0,0,0,0,0,0,0,0,0,0,0,0,0,0
2017-12-03,BREAD,CG,0,0,0,0,0,0,0,0,0,0,0,0,0,0
2017-12-03,BREAD,Pesto CG,0,0,0,0,0,0,0,0,0,0,0,0,0,0
2017-12-03,BREAD,SO,0,0,0,0,0,0,0,0,0,0,0,0,0,0
2017-12-03,BREAD,AA,0,0,0,0,0,0,0,0,0,0,0,0,0,0
2017-12-03,BREAD,VS,0,0,0,0,0,0,0,0,0,0,0,0,0,0
2017-12-03,BREAD,CB,0,0,0,0,0,0,0,0,0,0,0,0,0,0
2017-12-03,BREAD,CrO,0,0,0,0,0,0,0,0,0,0,0,0,0,0
2017-12-03,BREAD,CH,0,0,0,0,0,0,0,0,0,0,0,0,0,0
2017-12-03,BREAD,car,0,0,0,0,0,0,0,0,0,0,0,0,0,0
2017-12-03,BREAD,ihf,0,0,0,0,0,0,0,0,0,0,0,0,0,0
2017-12-03,BREAD,Cro-Rls,0,0,0,0,0,0,0,0,0,0,0,0,0,0
2017-12-03,BREAD,So-Rls,0,0,0,0,0,0,0,0,0,0,0,0,0,0
2017-12-03,BREAD,But-Rls,0,0,0,0,0,0,0,0,0,0,0,0,0,0
2017-12-03,BREAD,H-RLS,0,0,0,0,0,0,0,0,0,0,0,0,0,0
2017-12-03,BREAD,FR-RLS,0,0,0,0,0,0,0,0,0,0,0,0,0,0
2017-12-03,BREAD,VS-RLS,0,0,0,0,0,0,0,0,0,0,0,0,0,0
2017-12-03,BREAD,BLUE STRU,0,0,0,0,0,0,0,0,0,0,0,0,0,0
2017-12-03,BREAD,Pump Cr,0,0,0,0,0,0,0,0,0,0,0,0,0,0
2017-12-03,BREAD,pump cc,0,0,0,0,0,0,0,0,0,0,0,0,0,0
2017-12-03,ROLLS,Cinnamon,0,0,0,0,0,0,0,0,0,0,0,0,0,0
2017-12-03,ROLLS,Pecan c-roll,0,0,0,0,0,0,0,0,0,0,0,0,0,0
2017-12-03,ROLLS,Mini C-Roll,0,0,0,0,0,0,0,0,0,0,0,0,0,0
2017-12-03,SCONES,Cr Orang,0,0,0,0,0,0,0,0,0,0,0,0,0,0
2017-12-03,SCONES,Cr OR W.Choc,0,0,0,0,0,0,0,0,0,0,0,0,0,0
2017-12-03,SCONES,Blueberry,0,0,0,0,0,0,0,0,0,0,0,0,0,0
2017-12-03,SCONES,Rasp Cream,0,0,0,0,0,0,0,0,0,0,0,0,0,0
2017-12-03,SCONES,Cherry,0,0,0,0,0,0,0,0,0,0,0,0,0,0
2017-12-03,SCONES,Butt Almond,0,0,0,0,0,0,0,0,0,0,0,0,0,0
2017-12-03,SCONES,Turtle,0,0,0,0,0,0,0,0,0,0,0,0,0,0
2017-12-03,SCONES,Cin Chip,0,0,0,0,0,0,0,0,0,0,0,0,0,0
2017-12-03,FRUIT BARS,Mixed Berry,0,0,0,0,0,0,0,0,0,0,0,0,0,0
2017-12-03,FRUIT BARS,Cherry,0,0,0,0,0,0,0,0,0,0,0,0,0,0
2017-12-03,FRUIT BARS,Apple Cin,0,0,0,0,0,0,0,0,0,0,0,0,0,0
2017-12-03,FRUIT BARS,Apple Cran,0,0,0,0,0,0,0,0,0,0,0,0,0,0
2017-12-03,MUFFINS,blue stru,0,0,0,0,0,0,0,0,0,0,0,0,0,0
2017-12-03,MUFFINS,Pump Crumb,0,0,0,0,0,0,0,0,0,0,0,0,0,0
2017-12-03,MUFFINS,Pump Choc,0,0,0,0,0,0,0,0,0,0,0,0,0,0
2017-12-03,MUFFINS,Cookies,0,0,0,0,0,0,0,0,0,0,0,0,0,0
2017-12-03,MUFFINS,Bars,0,0,0,0,0,0,0,0,0,0,0,0,0,0
2017-12-03,MUFFINS,Oatmeal CC,0,0,0,0,0,0,0,0,0,0,0,0,0,0
2017-12-03,MUFFINS,VMWC Cran,0,0,0,0,0,0,0,0,0,0,0,0,0,0
2017-12-03,MUFFINS,Triple Choc,0,0,0,0,0,0,0,0,0,0,0,0,0,0
2017-12-03,MUFFINS,St nicker,0,0,0,0,0,0,0,0,0,0,0,0,0,0
2017-12-03,MUFFINS,frosted,0,0,0,0,0,0,0,0,0,0,0,0,0,0
2017-12-03,MUFFINS,Pep Brown,0,0,0,0,0,0,0,0,0,0,0,0,0,0
2017-12-03,MUFFINS,Brownies,0,0,0,0,0,0,0,0,0,0,0,0,0,0
2017-12-03,MUFFINS,Pumpkin,0,0,0,0,0,0,0,0,0,0,0,0,0,0
2017-12-03,MUFFINS,Totals,0,0,0,0,0,0,0,0,0,0,0,0,0,0
2017-12-04,BREAD,H,0,30,30,15,2,0,13,0,0,0,0,0,0,0
2017-12-04,BREAD,FR,0,22,22,13,5,0,4,0,0,0,0,0,0,0
2017-12-04,BREAD,GW,0,10,10,8,0,0,2,0,0,0,0,0,0,0
2017-12-04,BREAD,DK,0,20,20,11,2,0,7,0,0,0,0,0,0,0
2017-12-04,BREAD,H5,0,0,0,0,0,0,0,0,0,0,0,0,0,0
2017-12-04,BREAD,CSWRL,0,16,16,8,0,0,8,0,6,6,4,0,0,2
2017-12-04,BREAD,Pump Swl,0,12,12,6,0,0,6,0,2,2,0,0,0,2
2017-12-04,BREAD,Map Pec,0,8,8,4,0,0,4,0,2,2,2,0,0,0
2017-12-04,BREAD,CnE,0,15,15,5,0,0,10,0,0,0,0,0,0,0
2017-12-04,BREAD,CnR,0,4,4,2,0,0,2,0,0,0,0,0,0,0
2017-12-04,BREAD,CnW,0,4,4,1,1,0,2,0,0,0,0,0,0,0
2017-12-04,BREAD,CG,0,8,8,5,0,0,3,0,4,4,-3,0,0,3
2017-12-04,BREAD,Pesto CG,0,0,0,0,0,0,0,0,0,0,0,0,0,0
2017-12-04,BREAD,SO,0,9,9,4,1,0,4,0,2,2,-2,0,0,2
2017-12-04,BREAD,AA,0,0,0,0,0,0,0,0,0,0,0,0,0,0
2017-12-04,BREAD,VS,0,8,8,8,0,0,0,0,2,2,2,0,0,0
2017-12-04,BREAD,CB,0,9,9,9,0,0,0,0,4,4,4,0,0,0
2017-12-04,BREAD,CrO,0,7,7,5,2,0,0,0,3,3,3,0,0,0
2017-12-04,BREAD,CH,0,0,0,0,0,0,0,0,0,0,0,0,0,0
2017-12-04,BREAD,car,0,0,0,0,0,0,0,0,0,0,0,0,0,0
2017-12-04,BREAD,ihf,0,0,0,0,0,0,0,0,0,0,0,0,0,0
2017-12-04,BREAD,Cro-Rls,0,0,0,0,0,0,0,0,0,0,0,0,0,0
2017-12-04,BREAD,So-Rls,0,0,0,0,0,0,0,0,0,0,0,0,0,0
2017-12-04,BREAD,But-Rls,0,0,0,0,0,0,0,0,0,0,0,0,0,0
2017-12-04,BREAD,H-RLS,0,3,3,-9,9,0,3,0,0,0,0,0,0,0
2017-12-04,BREAD,FR-RLS,0,3,3,-9,9,0,3,0,0,0,0,0,0,0
2017-12-04,BREAD,VS-RLS,0,0,0,0,0,0,0,0,0,0,0,0,0,0
2017-12-04,BREAD,BLUE STRU,0,6,6,0,0,0,6,0,0,0,0,0,0,0
2017-12-04,BREAD,Pump Cr,0,5,5,0,0,0,5,0,0,0,0,0,0,0
2017-12-04,BREAD,pump cc,0,6,6,2,1,0,3,0,0,0,0,0,0,0
2017-12-04,ROLLS,Cinnamon,0,24,24,18,6,0,0,0,0,0,0,0,0,0
2017-12-04,ROLLS,Pecan c-roll,0,12,12,12,0,0,0,0,0,0,0,0,0,0
2017-12-04,ROLLS,Mini C-Roll,0,0,0,0,0,0,0,0,0,0,0,0,0,0
2017-12-04,SCONES,Cr Orang,0,8,8,5,0,3,0,0,2,2,0,0,0,0
2017-12-04,SCONES,Cr OR W.Choc,0,8,8,7,0,1,0,0,2,2,2,0,0,0
2017-12-04,SCONES,Blueberry,0,0,0,0,0,0,0,0,0,0,0,0,0,0
2017-12-04,SCONES,Rasp Cream,0,14,14,11,0,3,0,0,26,26,0,0,0,0
2017-12-04,SCONES,Cherry,0,0,0,0,0,0,0,0,0,0,0,0,0,0
2017-12-04,SCONES,Butt Almond,0,0,0,0,0,0,0,0,0,0,0,0,0,0
2017-12-04,SCONES,Turtle,0,0,0,0,0,0,0,0,0,0,0,0,0,0
2017-12-04,SCONES,Cin Chip,0,10,10,9,0,1,0,0,14,14,0,0,0,0
2017-12-04,FRUIT BARS,Mixed Berry,0,52,52,9,41,2,0,0,0,0,0,0,0,0
2017-12-04,FRUIT BARS,Cherry,0,48,48,5,41,2,0,0,0,0,0,0,0,0
2017-12-04,FRUIT BARS,Apple Cin,0,0,0,0,0,0,0,0,0,0,0,0,0,0
2017-12-04,FRUIT BARS,BLUEBERRY,0,0,0,0,0,0,0,0,0,0,0,0,0,0
2017-12-04,MUFFINS,blue stru,0,8,8,6,0,2,0,0,26,26,0,0,0,0
2017-12-04,MUFFINS,Pump Crumb,0,6,6,1,0,5,0,0,2,2,0,0,0,0
2017-12-04,MUFFINS,Pump Choc,0,8,8,5,0,3,0,0,26,26,2,0,0,0
2017-12-04,MUFFINS,Cookies,0,0,0,0,0,0,0,0,0,0,0,0,0,0
2017-12-04,MUFFINS,Bars,0,0,0,0,0,0,0,0,0,0,0,0,0,0
2017-12-04,MUFFINS,Oatmeal CC,0,24,24,5,8,0,11,0,2,2,2,0,0,0
2017-12-04,MUFFINS,VMWC Cran,0,24,24,11,7,0,6,0,2,2,2,0,0,0
2017-12-04,MUFFINS,Triple Choc,0,30,30,7,7,0,16,0,2,2,2,0,0,0
2017-12-04,MUFFINS,St nicker,0,30,30,22,8,0,0,0,4,4,4,0,0,0
2017-12-04,MUFFINS,frosted,0,0,0,0,0,0,0,0,0,0,0,0,0,0
2017-12-04,MUFFINS,Pep Brown,0,10,10,8,2,0,0,0,0,0,0,0,0,0
2017-12-04,MUFFINS,Brownies,0,10,10,5,1,1,3,0,0,0,0,0,0,0
2017-12-04,MUFFINS,Pumpkin,0,0,0,0,0,0,0,0,0,0,0,0,0,0
2017-12-04,MUFFINS,Totals,0,326,326,146,121,23,36,0,108,108,14,0,0,0
2017-12-05,BREAD,H,13,30,43,24,4,0,15,0,0,0,0,0,0,0
2017-12-05,BREAD,FR,4,32,36,15,17,0,4,0,0,0,0,0,0,0
2017-12-05,BREAD,GW,2,3,5,1,0,1,3,0,0,0,0,0,0,0
2017-12-05,BREAD,DK,7,0,7,6,0,0,1,0,0,0,0,0,0,0
2017-12-05,BREAD,H5,0,15,15,7,0,0,8,0,0,0,0,0,0,0
2017-12-05,BREAD,CSWRL,8,8,16,9,4,2,1,2,0,2,0,0,0,0
2017-12-05,BREAD,Pump Swl,6,8,14,6,0,3,5,2,0,2,0,0,0,0
2017-12-05,BREAD,Map Pec,4,8,12,5,0,0,7,0,2,2,0,0,0,2
2017-12-05,BREAD,CnE,10,0,10,10,0,0,0,0,0,0,0,0,0,0
2017-12-05,BREAD,CnR,2,0,2,2,0,0,0,0,0,0,0,0,0,0
2017-12-05,BREAD,CnW,2,0,2,2,0,0,0,0,0,0,0,0,0,0
2017-12-05,BREAD,CG,3,0,3,3,0,0,0,3,0,3,2,0,0,0
2017-12-05,BREAD,Pesto CG,0,0,0,0,0,0,0,0,0,0,0,0,0,0
2017-12-05,BREAD,SO,4,0,4,4,0,0,0,2,0,2,0,0,0,0
2017-12-05,BREAD,AA,0,0,0,0,0,0,0,0,0,0,0,0,0,0
2017-12-05,BREAD,VS,0,13,13,6,2,0,5,0,3,3,0,0,0,3
2017-12-05,BREAD,CB,0,11,11,5,0,0,6,0,2,2,0,0,0,2
2017-12-05,BREAD,CrO,0,7,7,2,0,0,5,0,4,4,3,0,0,0
2017-12-05,BREAD,CH,0,5,5,5,0,0,4,0,3,3,3,0,0,1
2017-12-05,BREAD,car,0,0,0,0,0,0,0,0,0,0,0,0,0,0
2017-12-05,BREAD,ihf,0,0,0,0,0,0,0,0,0,0,0,0,0,0
2017-12-05,BREAD,Cro-Rls,0,0,0,0,0,0,0,0,0,0,0,0,0,0
2017-12-05,BREAD,So-Rls,0,0,0,0,0,0,0,0,0,0,0,0,0,0
2017-12-05,BREAD,But-Rls,0,0,0,0,0,0,0,0,0,0,0,0,0,0
2017-12-05,BREAD,H-RLS,3,0,3,2,0,1,0,0,0,0,0,0,0,0
2017-12-05,BREAD,FR-RLS,3,0,3,1,0,2,0,0,0,0,0,0,0,0
2017-12-05,BREAD,VS-RLS,0,5,5,5,0,0,0,0,0,0,0,0,0,0
2017-12-05,BREAD,BLUE STRU,6,1,7,0,0,6,1,0,0,0,0,0,0,0
2017-12-05,BREAD,Pump Cr,5,0,5,0,0,5,0,0,0,0,0,0,0,0
2017-12-05,BREAD,pump cc,3,8,11,3,4,0,4,0,0,0,0,0,0,0
2017-12-05,ROLLS,Cinnamon,0,24,24,9,0,15,0,0,0,0,0,0,0,0
2017-12-05,ROLLS,Pecan c-roll,0,12,12,12,0,0,0,0,0,0,0,0,0,0
2017-12-05,ROLLS,Mini C-Roll,0,0,0,0,0,0,0,0,0,0,0,0,0,0
2017-12-05,SCONES,Cr Orang,0,10,10,9,0,1,0,0,2,2,1,0,0,0
2017-12-05,SCONES,Cr OR W.Choc,0,10,10,10,0,0,0,0,2,2,1,0,0,0
2017-12-05,SCONES,Blueberry,0,18,18,4,0,14,0,0,50,50,0,0,0,0
2017-12-05,SCONES,Rasp Cream,0,0,0,0,0,0,0,0,0,0,0,0,0,0
2017-12-05,SCONES,Cherry,0,0,0,0,0,0,0,0,0,0,0,0,0,0
2017-12-05,SCONES,Butt Almond,0,0,0,0,0,0,0,0,0,0,0,0,0,0
2017-12-05,SCONES,Turtle,0,0,0,0,0,0,0,0,0,0,0,0,0,0
2017-12-05,SCONES,Cin Chip,0,12,12,-2,0,14,0,0,2,2,-1,0,0,0
2017-12-05,FRUIT BARS,Mixed Berry,0,0,0,0,0,0,0,0,0,0,0,0,0,0
2017-12-05,FRUIT BARS,Cherry,0,0,0,0,0,0,0,0,0,0,0,0,0,0
2017-12-05,FRUIT BARS,Apple Cin,0,48,48,1,40,7,0,0,0,0,0,0,0,0
2017-12-05,FRUIT BARS,Apple Cran,0,12,12,7,0,5,0,0,0,0,0,0,0,0
2017-12-05,MUFFINS,blue stru,0,10,10,4,0,6,0,0,2,2,0,0,0,0
2017-12-05,MUFFINS,Pump Crumb,0,8,8,8,0,0,0,0,14,14,-26,0,0,0
2017-12-05,MUFFINS,Pump Choc,0,10,10,10,0,0,0,0,2,2,-7,0,0,0
2017-12-05,MUFFINS,Cookies,0,0,0,0,0,0,0,0,0,0,0,0,0,0
2017-12-05,MUFFINS,Bars,0,0,0,0,0,0,0,0,0,0,0,0,0,0
2017-12-05,MUFFINS,Oatmeal CC,11,24,35,15,12,0,8,0,0,0,0,0,0,0
2017-12-05,MUFFINS,VMWC Cran,6,54,60,11,36,0,13,0,0,0,0,0,0,0
2017-12-05,MUFFINS,Triple Choc,16,18,34,19,12,0,3,0,0,0,0,0,0,0
2017-12-05,MUFFINS,St nicker,0,36,36,1,12,0,23,0,0,0,0,0,0,0
2017-12-05,MUFFINS,frosted,0,24,24,24,0,0,0,0,0,0,0,0,0,0
2017-12-05,MUFFINS,Pep Brown,0,0,0,-2,0,1,1,0,0,0,0,0,0,0
2017-12-05,MUFFINS,Brownies,3,0,3,3,0,0,0,0,0,0,0,0,0,0
2017-12-05,MUFFINS,Pumpkin,0,20,20,4,0,4,12,0,0,0,0,0,0,0
2017-12-05,MUFFINS,Totals,36,350,386,147,112,67,60,0,74,74,-32,0,0,0
2017-12-06,BREAD,H,15,34,49,37,0,0,12,0,0,0,0,0,0,0
2017-12-06,BREAD,FR,4,31,35,13,8,0,14,0,0,0,0,0,0,0
2017-12-06,BREAD,GW,3,8,11,2,0,1,8,0,0,0,0,0,0,0
2017-12-06,BREAD,DK,1,20,21,5,0,0,16,0,0,0,0,0,0,0
2017-12-06,BREAD,H5,8,0,8,5,0,0,3,0,0,0,0,0,0,0
2017-12-06,BREAD,CSWRL,1,16,17,10,1,0,6,0,3,3,1,0,0,2
2017-12-06,BREAD,Pump Swl,5,8,13,8,1,2,2,0,2,2,2,0,0,0
2017-12-06,BREAD,Map Pec,7,4,11,2,0,1,8,2,0,2,1,0,0,0
2017-12-06,BREAD,CnE,0,21,21,-16,20,0,17,0,0,0,0,0,0,0
2017-12-06,BREAD,CnR,0,0,0,0,0,0,0,0,0,0,0,0,0,0
2017-12-06,BREAD,CnW,0,0,0,0,0,0,0,0,0,0,0,0,0,0
2017-12-06,BREAD,CG,0,17,17,1,0,0,16,0,2,2,0,0,0,2
2017-12-06,BREAD,Pesto CG,0,0,0,0,0,0,0,0,0,0,0,0,0,0
2017-12-06,BREAD,SO,0,9,9,5,0,0,4,0,3,3,1,0,0,2
2017-12-06,BREAD,AA,0,0,0,0,0,0,0,0,0,0,0,0,0,0
2017-12-06,BREAD,VS,5,0,5,4,0,1,0,3,0,3,1,0,0,0
2017-12-06,BREAD,CB,6,0,6,0,0,6,0,2,0,2,2,0,0,0
2017-12-06,BREAD,CrO,4,0,4,4,0,0,0,1,0,1,1,0,0,0
2017-12-06,BREAD,CH,0,0,0,-4,0,2,0,0,0,0,-1,0,0,0
2017-12-06,BREAD,car,0,23,23,21,0,0,2,0,0,0,0,0,0,0
2017-12-06,BREAD,ihf,0,0,0,0,0,0,0,0,0,0,0,0,0,0
2017-12-06,BREAD,Cro-Rls,0,0,0,0,0,0,0,0,0,0,0,0,0,0
2017-12-06,BREAD,So-Rls,0,0,0,0,0,0,0,0,0,0,0,0,0,0
2017-12-06,BREAD,But-Rls,0,0,0,0,0,0,0,0,0,0,0,0,0,0
2017-12-06,BREAD,H-RLS,0,4,4,0,0,0,4,0,0,0,0,0,0,0
2017-12-06,BREAD,FR-RLS,0,4,4,2,0,0,2,0,0,0,0,0,0,0
2017-12-06,BREAD,VS-RLS,0,0,0,-2,0,2,0,0,0,0,0,0,0,0
2017-12-06,BREAD,BLUE STRU,1,7,8,2,0,0,6,0,0,0,0,0,0,0
2017-12-06,BREAD,Pump Cr,0,6,6,-3,0,0,9,0,0,0,0,0,0,0
2017-12-06,BREAD,pump cc,4,6,10,2,2,2,4,0,0,0,0,0,0,0
2017-12-06,ROLLS,Cinnamon,0,24,24,22,0,2,0,0,0,0,0,0,0,0
2017-12-06,ROLLS,Pecan c-roll,0,12,12,7,0,5,0,0,0,0,0,0,0,0
2017-12-06,ROLLS,Mini C-Roll,0,0,0,0,0,0,0,0,0,0,0,0,0,0
2017-12-06,SCONES,Cr Orang,0,3,3,3,0,0,0,0,0,0,-5,0,0,0
2017-12-06,SCONES,Cr OR W.Choc,0,3,3,3,0,0,0,0,0,0,-5,0,0,0
2017-12-06,SCONES,Blueberry,0,0,0,0,0,0,0,0,0,0,0,0,0,0
2017-12-06,SCONES,Rasp Cream,0,18,18,16,0,2,0,0,14,14,7,0,0,0
2017-12-06,SCONES,Cherry,0,0,0,0,0,0,0,0,0,0,0,0,0,0
2017-12-06,SCONES,Butt Almond,0,0,0,0,0,0,0,0,0,0,0,0,0,0
2017-12-06,SCONES,Turtle,0,12,12,8,0,4,0,0,14,14,8,0,0,0
2017-12-06,SCONES,Cin Chip,0,0,0,0,0,0,0,0,0,0,0,0,0,0
2017-12-06,FRUIT BARS,Mixed Berry,0,8,8,2,3,3,0,0,0,0,0,0,0,0
2017-12-06,FRUIT BARS,Cherry,0,12,12,2,5,5,0,0,0,0,0,0,0,0
2017-12-06,FRUIT BARS,Apple Cin,0,0,0,0,0,0,0,0,0,0,0,0,0,0
2017-12-06,FRUIT BARS,Apple Cran,0,0,0,0,0,0,0,0,0,0,0,0,0,0
2017-12-06,MUFFINS,blue stru,0,8,8,4,0,4,0,0,12,12,0,0,0,0
2017-12-06,MUFFINS,Pump Crumb,0,8,8,3,0,5,0,0,12,12,0,0,0,0
2017-12-06,MUFFINS,Pump Choc,0,10,10,3,0,7,0,0,2,2,0,0,0,0
2017-12-06,MUFFINS,Cookies,0,0,0,0,0,0,0,0,0,0,0,0,0,0
2017-12-06,MUFFINS,Bars,0,0,0,0,0,0,0,0,0,0,0,0,0,0
2017-12-06,MUFFINS,Oatmeal CC,8,12,20,3,2,12,3,0,0,0,0,0,0,0
2017-12-06,MUFFINS,VMWC Cran,13,6,19,18,1,0,0,0,0,0,0,0,0,0
2017-12-06,MUFFINS,Triple Choc,3,18,21,8,1,0,12,0,0,0,0,0,0,0
2017-12-06,MUFFINS,St nicker,24,0,24,15,1,7,1,0,0,0,0,0,0,0
2017-12-06,MUFFINS,frosted,1,48,49,10,36,0,3,0,0,0,0,0,0,0
2017-12-06,MUFFINS,Pep Brown,1,10,11,11,0,0,0,0,0,0,0,0,0,0
2017-12-06,MUFFINS,Brownies,0,10,10,-6,0,0,16,0,0,0,0,0,0,0
2017-12-06,MUFFINS,Pumpkin,12,0,12,6,0,6,0,0,0,0,0,0,0,0
2017-12-06,MUFFINS,Totals,74,222,296,150,49,62,35,0,54,54,5,0,0,0
2017-12-07,BREAD,H,12,25,37,15,0,0,22,0,0,0,0,0,0,0
2017-12-07,BREAD,FR,14,18,32,9,0,0,23,0,0,0,0,0,0,0
2017-12-07,BREAD,GW,8,0,8,0,0,8,0,0,0,0,0,0,0,0
2017-12-07,BREAD,DK,16,0,16,7,0,0,9,0,0,0,0,0,0,0
2017-12-07,BREAD,H5,3,25,28,6,0,0,22,0,0,0,0,0,0,0
2017-12-07,BREAD,CSWRL,6,12,18,7,0,1,10,2,2,4,0,0,0,2
2017-12-07,BREAD,Pump Swl,2,12,14,3,0,2,9,0,2,2,1,0,0,1
2017-12-07,BREAD,Map Pec,8,4,12,12,0,0,0,0,2,2,0,0,0,2
2017-12-07,BREAD,CnE,17,24,41,18,20,3,0,0,0,0,0,0,0,0
2017-12-07,BREAD,CnR,0,0,0,0,0,0,0,0,0,0,0,0,0,0
2017-12-07,BREAD,CnW,0,0,0,0,0,0,0,0,0,0,0,0,0,0
2017-12-07,BREAD,CG,16,0,16,6,0,10,0,2,0,2,0,0,0,0
2017-12-07,BREAD,Pesto CG,0,0,0,0,0,0,0,0,0,0,0,0,0,0
2017-12-07,BREAD,SO,4,0,4,1,0,3,0,2,0,2,0,0,0,0
2017-12-07,BREAD,AA,0,0,0,0,0,0,0,0,0,0,0,0,0,0
2017-12-07,BREAD,VS,0,15,15,5,0,3,7,0,3,3,-1,0,0,2
2017-12-07,BREAD,CB,0,11,11,6,0,0,5,0,4,4,2,0,0,2
2017-12-07,BREAD,CrO,0,8,8,4,4,0,0,0,3,3,1,0,0,0
2017-12-07,BREAD,CH,2,5,7,2,3,0,0,0,2,2,2,0,0,2
2017-12-07,BREAD,car,2,0,2,0,0,0,2,0,0,0,0,0,0,0
2017-12-07,BREAD,ihf,0,0,0,0,0,0,0,0,0,0,0,0,0,0
2017-12-07,BREAD,Cro-Rls,0,0,0,0,0,0,0,0,0,0,0,0,0,0
2017-12-07,BREAD,So-Rls,0,0,0,0,0,0,0,0,0,0,0,0,0,0
2017-12-07,BREAD,But-Rls,0,0,0,0,0,0,0,0,0,0,0,0,0,0
2017-12-07,BREAD,H-RLS,4,0,4,1,0,0,3,0,0,0,0,0,0,0
2017-12-07,BREAD,FR-RLS,2,0,2,2,0,0,0,0,0,0,0,0,0,0
2017-12-07,BREAD,VS-RLS,0,3,3,3,0,0,0,0,0,0,0,0,0,0
2017-12-07,BREAD,BLUE STRU,6,0,6,0,0,6,0,0,0,0,0,0,0,0
2017-12-07,BREAD,Pump Cr,9,0,9,5,0,4,0,0,0,0,0,0,0,0
2017-12-07,BREAD,pump cc,4,4,8,2,0,2,4,0,0,0,0,0,0,0
2017-12-07,ROLLS,Cinnamon,0,24,24,20,0,4,0,0,0,0,0,0,0,0
2017-12-07,ROLLS,Pecan c-roll,0,12,12,11,0,1,0,0,0,0,0,0,0,0
2017-12-07,ROLLS,Mini C-Roll,0,0,0,0,0,0,0,0,0,0,0,0,0,0
2017-12-07,SCONES,Cr Orang,0,10,10,10,0,0,0,0,2,2,1,0,0,0
2017-12-07,SCONES,Cr OR W.Choc,0,10,10,10,0,0,0,0,2,2,2,0,0,0
2017-12-07,SCONES,Blueberry,0,18,18,15,0,3,0,0,2,2,1,0,0,0
2017-12-07,SCONES,Rasp Cream,0,0,0,0,0,0,0,0,0,0,0,0,0,0
2017-12-07,SCONES,Cherry,0,0,0,0,0,0,0,0,0,0,0,0,0,0
2017-12-07,SCONES,Butt Almond,0,0,0,0,0,0,0,0,0,0,0,0,0,0
2017-12-07,SCONES,Turtle,0,12,12,7,0,5,0,0,2,2,1,0,0,0
2017-12-07,SCONES,Cin Chip,0,0,0,0,0,0,0,0,0,0,0,0,0,0
2017-12-07,FRUIT BARS,Mixed Berry,0,0,0,0,0,0,0,0,0,0,0,0,0,0
2017-12-07,FRUIT BARS,Cherry,0,0,0,0,0,0,0,0,0,0,0,0,0,0
2017-12-07,FRUIT BARS,Apple Cin,0,8,8,3,0,5,0,0,0,0,0,0,0,0
2017-12-07,FRUIT BARS,Apple Cran,0,12,12,1,0,11,0,0,0,0,0,0,0,0
2017-12-07,MUFFINS,blue stru,0,8,8,7,0,1,0,0,2,2,0,0,0,0
2017-12-07,MUFFINS,Pump Crumb,0,8,8,7,0,1,0,0,2,2,2,0,0,0
2017-12-07,MUFFINS,Pump Choc,0,10,10,1,0,9,0,0,2,2,-1,0,0,0
2017-12-07,MUFFINS,Cookies,0,0,0,0,0,0,0,0,0,0,0,0,0,0
2017-12-07,MUFFINS,Bars,0,0,0,0,0,0,0,0,0,0,0,0,0,0
2017-12-07,MUFFINS,Oatmeal CC,0,54,54,11,34,0,9,0,0,0,0,0,0,0
2017-12-07,MUFFINS,VMWC Cran,3,18,21,12,0,0,9,0,0,0,0,0,0,0
2017-12-07,MUFFINS,Triple Choc,0,54,54,18,34,0,2,0,0,0,0,0,0,0
2017-12-07,MUFFINS,St nicker,12,42,54,20,34,0,0,0,0,0,0,0,0,0
2017-12-07,MUFFINS,frosted,1,18,19,19,0,0,0,0,0,0,0,0,0,0
2017-12-07,MUFFINS,Pep Brown,3,0,3,3,0,0,0,0,0,0,0,0,0,0
2017-12-07,MUFFINS,Brownies,16,0,16,12,0,4,0,0,0,0,0,0,0,0
2017-12-07,MUFFINS,Pumpkin,0,20,20,7,0,1,12,0,0,0,0,0,0,0
2017-12-07,MUFFINS,Totals,35,338,373,194,102,45,32,0,14,14,6,0,0,0
2017-12-08,BREAD,H,22,35,57,23,1,0,33,0,0,0,0,0,0,0
2017-12-08,BREAD,FR,23,45,68,16,36,0,16,0,0,0,0,0,0,0
2017-12-08,BREAD,GW,0,9,9,-7,0,0,16,0,0,0,0,0,0,0
2017-12-08,BREAD,DK,9,20,29,15,0,0,14,0,0,0,0,0,0,0
2017-12-08,BREAD,H5,22,0,22,5,0,0,17,0,0,0,0,0,0,0
2017-12-08,BREAD,CSWRL,10,8,18,13,1,0,4,2,0,2,0,0,0,0
2017-12-08,BREAD,Pump Swl,9,12,21,10,0,7,4,1,0,1,-2,0,0,2
2017-12-08,BREAD,Map Pec,0,4,4,0,0,0,4,2,2,4,2,0,0,0
2017-12-08,BREAD,CnE,0,21,21,10,0,0,11,0,4,4,1,0,0,3
2017-12-08,BREAD,CnR,0,4,4,2,0,0,2,0,0,0,0,0,0,0
2017-12-08,BREAD,CnW,0,4,4,1,0,0,3,0,0,0,0,0,0,0
2017-12-08,BREAD,CG,0,18,18,7,0,0,11,0,4,4,4,0,0,0
2017-12-08,BREAD,Pesto CG,0,0,0,0,0,0,0,0,0,0,0,0,0,0
2017-12-08,BREAD,SO,0,11,11,8,0,0,3,0,2,2,2,0,0,0
2017-12-08,BREAD,AA,0,3,3,3,0,0,0,0,0,0,0,0,0,0
2017-12-08,BREAD,VS,7,0,7,4,0,3,0,2,0,2,0,0,0,0
2017-12-08,BREAD,CB,5,0,5,4,0,1,0,2,0,2,2,0,0,0
2017-12-08,BREAD,CrO,0,0,0,0,0,0,0,2,0,2,2,0,0,0
2017-12-08,BREAD,CH,2,0,2,2,0,0,0,0,0,0,0,0,0,0
2017-12-08,BREAD,car,2,0,2,2,0,0,0,0,0,0,0,0,0,0
2017-12-08,BREAD,ihf,0,23,23,21,0,0,2,0,0,0,0,0,0,0
2017-12-08,BREAD,aa,0,0,0,-2,0,0,2,0,0,0,0,0,0,0
2017-12-08,BREAD,Cro-Rls,0,0,0,0,0,0,0,0,0,0,0,0,0,0
2017-12-08,BREAD,So-Rls,0,0,0,0,0,0,0,0,0,0,0,0,0,0
2017-12-08,BREAD,But-Rls,0,12,12,5,0,0,7,0,0,0,0,0,0,0
2017-12-08,BREAD,H-RLS,3,3,6,5,0,0,1,0,0,0,0,0,0,0
2017-12-08,BREAD,FR-RLS,0,0,0,0,0,0,0,0,0,0,0,0,0,0
2017-12-08,BREAD,VS-RLS,0,0,0,0,0,0,0,0,0,0,0,0,0,0
2017-12-08,BREAD,BLUE STRU,0,8,8,1,0,0,7,0,0,0,0,0,0,0
2017-12-08,BREAD,Pump Cr,0,6,6,2,0,0,4,0,0,0,0,0,0,0
2017-12-08,BREAD,pump cc,4,6,10,-1,2,4,5,0,0,0,0,0,0,0
2017-12-08,ROLLS,Cinnamon,0,36,36,34,0,2,0,0,0,0,0,0,0,0
2017-12-08,ROLLS,Pecan c-roll,0,12,12,12,0,0,0,0,0,0,0,0,0,0
2017-12-08,ROLLS,Mini C-Roll,0,0,0,0,0,0,0,0,0,0,0,0,0,0
2017-12-08,SCONES,Cr Orang,0,10,10,10,0,0,0,0,2,2,2,0,0,0
2017-12-08,SCONES,Cr OR W.Choc,0,10,10,10,0,0,0,0,2,2,0,0,0,0
2017-12-08,SCONES,Blueberry,0,0,0,0,0,0,0,0,0,0,0,0,0,0
2017-12-08,SCONES,Rasp Cream,0,0,0,0,0,0,0,0,0,0,0,0,0,0
2017-12-08,SCONES,Cherry,0,12,12,2,0,10,0,0,2,2,1,0,0,0
2017-12-08,SCONES,Butt Almond,0,18,18,8,0,10,0,0,2,2,2,0,0,0
2017-12-08,SCONES,Turtle,0,0,0,0,0,0,0,0,0,0,0,0,0,0
2017-12-08,SCONES,Cin Chip,0,0,0,0,0,0,0,0,0,0,0,0,0,0
2017-12-08,FRUIT BARS,Mixed Berry,0,12,12,4,1,7,0,0,0,0,0,0,0,0
2017-12-08,FRUIT BARS,Cherry,0,8,8,2,1,5,0,0,0,0,0,0,0,0
2017-12-08,FRUIT BARS,Apple Cin,0,0,0,0,0,0,0,0,0,0,0,0,0,0
2017-12-08,FRUIT BARS,Apple Cran,0,0,0,0,0,0,0,0,0,0,0,0,0,0
2017-12-08,MUFFINS,blue stru,0,10,10,1,0,9,0,0,3,3,0,0,0,0
2017-12-08,MUFFINS,Pump Crumb,0,8,8,5,0,3,0,0,2,2,1,0,0,0
2017-12-08,MUFFINS,Pump Choc,0,10,10,6,0,4,0,0,3,3,1,0,0,0
2017-12-08,MUFFINS,Cookies,0,0,0,0,0,0,0,0,0,0,0,0,0,0
2017-12-08,MUFFINS,Bars,0,0,0,0,0,0,0,0,0,0,0,0,0,0
2017-12-08,MUFFINS,Oatmeal CC,9,18,27,10,6,6,5,0,4,4,0,0,0,0
2017-12-08,MUFFINS,VMWC Cran,9,18,27,9,6,6,6,0,26,26,0,0,0,0
2017-12-08,MUFFINS,Triple Choc,2,24,26,18,6,0,2,0,2,2,0,0,0,0
2017-12-08,MUFFINS,St nicker,0,30,30,21,5,0,4,0,2,2,0,0,0,0
2017-12-08,MUFFINS,frosted,0,24,24,11,0,0,13,0,0,0,0,0,0,0
2017-12-08,MUFFINS,Pep Brown,0,10,10,8,2,0,0,0,0,0,0,0,0,0
2017-12-08,MUFFINS,Brownies,0,10,10,-7,1,4,12,0,0,0,0,0,0,0
2017-12-08,MUFFINS,Pumpkin,12,0,12,9,0,3,0,0,0,0,0,0,0,0
2017-12-08,MUFFINS,Totals,32,280,312,173,28,69,42,0,50,50,7,0,0,0
2017-12-09,BREAD,H,33,0,33,21,5,7,0,0,0,0,0,0,0,0
2017-12-09,BREAD,FR,16,0,16,15,0,1,0,0,0,0,0,0,0,0
2017-12-09,BREAD,GW,16,0,16,15,0,1,0,0,0,0,0,0,0,0
2017-12-09,BREAD,DK,14,0,14,8,0,6,0,0,0,0,0,0,0,0
2017-12-09,BREAD,H5,17,0,17,6,0,11,0,0,0,0,0,0,0,0
2017-12-09,BREAD,CSWRL,4,8,12,12,0,0,0,0,8,8,8,0,0,0
2017-12-09,BREAD,Pump Swl,4,4,8,6,0,2,0,2,0,2,1,0,0,0
2017-12-09,BREAD,Map Pec,4,4,8,8,0,0,0,0,2,2,2,0,0,0
2017-12-09,BREAD,CnE,11,0,11,10,0,1,0,3,0,3,2,0,0,0
2017-12-09,BREAD,CnR,2,0,2,2,0,0,0,0,0,0,0,0,0,0
2017-12-09,BREAD,CnW,3,0,3,1,0,2,0,0,0,0,0,0,0,0
2017-12-09,BREAD,CG,11,0,11,7,0,4,0,0,0,0,0,0,0,0
2017-12-09,BREAD,Pesto CG,0,0,0,0,0,0,0,0,0,0,0,0,0,0
2017-12-09,BREAD,SO,3,0,3,3,0,0,0,0,0,0,0,0,0,0
2017-12-09,BREAD,AA,0,0,0,0,0,0,0,0,0,0,0,0,0,0
2017-12-09,BREAD,VS,0,7,7,4,1,2,0,0,3,3,1,0,0,0
2017-12-09,BREAD,CB,0,6,6,6,0,0,0,0,2,2,2,0,0,0
2017-12-09,BREAD,CrO,0,8,8,8,0,0,0,0,2,2,2,0,0,0
2017-12-09,BREAD,CH,0,0,0,0,0,0,0,0,0,0,0,0,0,0
2017-12-09,BREAD,car,0,0,0,0,0,0,0,0,0,0,0,0,0,0
2017-12-09,BREAD,ihf,2,0,2,2,0,0,0,0,0,0,0,0,0,0
2017-12-09,BREAD,Cro-Rls,0,0,0,0,0,0,0,0,0,0,0,0,0,0
2017-12-09,BREAD,So-Rls,0,0,0,0,0,0,0,0,0,0,0,0,0,0
2017-12-09,BREAD,But-Rls,7,0,7,7,0,0,0,0,0,0,0,0,0,0
2017-12-09,BREAD,H-RLS,1,0,1,1,0,0,0,0,0,0,0,0,0,0
2017-12-09,BREAD,FR-RLS,0,0,0,0,0,0,0,0,0,0,0,0,0,0
2017-12-09,BREAD,VS-RLS,0,2,2,2,0,0,0,0,0,0,0,0,0,0
2017-12-09,BREAD,BLUE STRU,7,0,7,4,0,3,0,0,0,0,0,0,0,0
2017-12-09,BREAD,Pump Cr,4,0,4,3,0,1,0,0,0,0,0,0,0,0
2017-12-09,BREAD,pump cc,5,0,5,4,0,1,0,0,0,0,0,0,0,0
2017-12-09,ROLLS,Cinnamon,0,60,60,54,6,0,0,0,0,0,0,0,0,0
2017-12-09,ROLLS,Pecan c-roll,0,12,12,12,0,0,0,0,0,0,0,0,0,0
2017-12-09,ROLLS,Mini C-Roll,0,0,0,0,0,0,0,0,0,0,0,0,0,0
2017-12-09,SCONES,Cr Orang,0,10,10,10,0,0,0,0,2,2,2,0,0,0
2017-12-09,SCONES,Cr OR W.Choc,0,10,10,10,0,0,0,0,2,2,2,0,0,0
2017-12-09,SCONES,Blueberry,0,22,22,22,0,0,0,0,2,2,2,0,0,0
2017-12-09,SCONES,Rasp Cream,0,0,0,0,0,0,0,0,0,0,0,0,0,0
2017-12-09,SCONES,Cherry,0,0,0,0,0,0,0,0,0,0,0,0,0,0
2017-12-09,SCONES,Butt Almond,0,18,18,18,0,0,0,0,2,2,2,0,0,0
2017-12-09,SCONES,Turtle,0,0,0,0,0,0,0,0,0,0,0,0,0,0
2017-12-09,SCONES,Cin Chip,0,0,0,0,0,0,0,0,0,0,0,0,0,0
2017-12-09,FRUIT BARS,Mixed Berry,0,0,0,0,0,0,0,0,0,0,0,0,0,0
2017-12-09,FRUIT BARS,Cherry,0,0,0,0,0,0,0,0,0,0,0,0,0,0
2017-12-09,FRUIT BARS,Apple Cin,0,12,12,12,0,0,0,0,0,0,0,0,0,0
2017-12-09,FRUIT BARS,Apple Cran,0,8,8,8,0,0,0,0,0,0,0,0,0,0
2017-12-09,MUFFINS,blue stru,0,10,10,10,0,0,0,0,2,2,2,0,0,0
2017-12-09,MUFFINS,Pump Crumb,0,8,8,8,0,0,0,0,2,2,2,0,0,0
2017-12-09,MUFFINS,Pump Choc,0,12,12,12,0,0,0,0,2,2,2,0,0,0
2017-12-09,MUFFINS,Cookies,0,0,0,0,0,0,0,0,0,0,0,0,0,0
2017-12-09,MUFFINS,Bars,0,0,0,0,0,0,0,0,0,0,0,0,0,0
2017-12-09,MUFFINS,Oatmeal CC,5,6,11,10,0,1,0,0,0,0,0,0,0,0
2017-12-09,MUFFINS,VMWC Cran,6,6,12,12,0,0,0,0,0,0,0,0,0,0
2017-12-09,MUFFINS,Triple Choc,2,12,14,12,0,2,0,0,0,0,0,0,0,0
2017-12-09,MUFFINS,St nicker,4,6,10,10,0,0,0,0,0,0,0,0,0,0
2017-12-09,MUFFINS,frosted,13,0,13,13,0,0,0,0,0,0,0,0,0,0
2017-12-09,MUFFINS,Pep Brown,0,0,0,0,0,0,0,0,0,0,0,0,0,0
2017-12-09,MUFFINS,Brownies,12,0,12,12,0,0,0,0,0,0,0,0,0,0
2017-12-09,MUFFINS,Pumpkin,0,20,20,20,0,0,0,0,0,0,0,0,0,0
2017-12-09,MUFFINS,Totals,42,232,274,265,6,3,0,0,14,14,14,0,0,0
2017-12-10,BREAD,H,0,0,0,0,0,0,0,0,0,0,0,0,0,0
2017-12-10,BREAD,FR,0,0,0,0,0,0,0,0,0,0,0,0,0,0
2017-12-10,BREAD,GW,0,0,0,0,0,0,0,0,0,0,0,0,0,0
2017-12-10,BREAD,DK,0,0,0,0,0,0,0,0,0,0,0,0,0,0
2017-12-10,BREAD,H5,0,0,0,0,0,0,0,0,0,0,0,0,0,0
2017-12-10,BREAD,CSWRL,0,0,0,0,0,0,0,0,0,0,0,0,0,0
2017-12-10,BREAD,Pump Swl,0,0,0,0,0,0,0,0,0,0,0,0,0,0
2017-12-10,BREAD,Map Pec,0,0,0,0,0,0,0,0,0,0,0,0,0,0
2017-12-10,BREAD,CnE,0,0,0,0,0,0,0,0,0,0,0,0,0,0
2017-12-10,BREAD,CnR,0,0,0,0,0,0,0,0,0,0,0,0,0,0
2017-12-10,BREAD,CnW,0,0,0,0,0,0,0,0,0,0,0,0,0,0
2017-12-10,BREAD,CG,0,0,0,0,0,0,0,0,0,0,0,0,0,0
2017-12-10,BREAD,Pesto CG,0,0,0,0,0,0,0,0,0,0,0,0,0,0
2017-12-10,BREAD,SO,0,0,0,0,0,0,0,0,0,0,0,0,0,0
2017-12-10,BREAD,AA,0,0,0,0,0,0,0,0,0,0,0,0,0,0
2017-12-10,BREAD,VS,0,0,0,0,0,0,0,0,0,0,0,0,0,0
2017-12-10,BREAD,CB,0,0,0,0,0,0,0,0,0,0,0,0,0,0
2017-12-10,BREAD,CrO,0,0,0,0,0,0,0,0,0,0,0,0,0,0
2017-12-10,BREAD,CH,0,0,0,0,0,0,0,0,0,0,0,0,0,0
2017-12-10,BREAD,car,0,0,0,0,0,0,0,0,0,0,0,0,0,0
2017-12-10,BREAD,ihf,0,0,0,0,0,0,0,0,0,0,0,0,0,0
2017-12-10,BREAD,Cro-Rls,0,0,0,0,0,0,0,0,0,0,0,0,0,0
2017-12-10,BREAD,So-Rls,0,0,0,0,0,0,0,0,0,0,0,0,0,0
2017-12-10,BREAD,But-Rls,0,0,0,0,0,0,0,0,0,0,0,0,0,0
2017-12-10,BREAD,H-RLS,0,0,0,0,0,0,0,0,0,0,0,0,0,0
2017-12-10,BREAD,FR-RLS,0,0,0,0,0,0,0,0,0,0,0,0,0,0
2017-12-10,BREAD,VS-RLS,0,0,0,0,0,0,0,0,0,0,0,0,0,0
2017-12-10,BREAD,BLUE STRU,0,0,0,0,0,0,0,0,0,0,0,0,0,0
2017-12-10,BREAD,Pump Cr,0,0,0,0,0,0,0,0,0,0,0,0,0,0
2017-12-10,BREAD,pump cc,0,0,0,0,0,0,0,0,0,0,0,0,0,0
2017-12-10,ROLLS,Cinnamon,0,0,0,0,0,0,0,0,0,0,0,0,0,0
2017-12-10,ROLLS,Pecan c-roll,0,0,0,0,0,0,0,0,0,0,0,0,0,0
2017-12-10,ROLLS,Mini C-Roll,0,0,0,0,0,0,0,0,0,0,0,0,0,0
2017-12-10,SCONES,Cr Orang,0,0,0,0,0,0,0,0,0,0,0,0,0,0
2017-12-10,SCONES,Cr OR W.Choc,0,0,0,0,0,0,0,0,0,0,0,0,0,0
2017-12-10,SCONES,Blueberry,0,0,0,0,0,0,0,0,0,0,0,0,0,0
2017-12-10,SCONES,Rasp Cream,0,0,0,0,0,0,0,0,0,0,0,0,0,0
2017-12-10,SCONES,Cherry,0,0,0,0,0,0,0,0,0,0,0,0,0,0
2017-12-10,SCONES,Butt Almond,0,0,0,0,0,0,0,0,0,0,0,0,0,0
2017-12-10,SCONES,Turtle,0,0,0,0,0,0,0,0,0,0,0,0,0,0
2017-12-10,SCONES,Cin Chip,0,0,0,0,0,0,0,0,0,0,0,0,0,0
2017-12-10,FRUIT BARS,Mixed Berry,0,0,0,0,0,0,0,0,0,0,0,0,0,0
2017-12-10,FRUIT BARS,Cherry,0,0,0,0,0,0,0,0,0,0,0,0,0,0
2017-12-10,FRUIT BARS,Apple Cin,0,0,0,0,0,0,0,0,0,0,0,0,0,0
2017-12-10,FRUIT BARS,Apple Cran,0,0,0,0,0,0,0,0,0,0,0,0,0,0
2017-12-10,MUFFINS,blue stru,0,0,0,0,0,0,0,0,0,0,0,0,0,0
2017-12-10,MUFFINS,Pump Crumb,0,0,0,0,0,0,0,0,0,0,0,0,0,0
2017-12-10,MUFFINS,Pump Choc,0,0,0,0,0,0,0,0,0,0,0,0,0,0
2017-12-10,MUFFINS,Cookies,0,0,0,0,0,0,0,0,0,0,0,0,0,0
2017-12-10,MUFFINS,Bars,0,0,0,0,0,0,0,0,0,0,0,0,0,0
2017-12-10,MUFFINS,Oatmeal CC,0,0,0,0,0,0,0,0,0,0,0,0,0,0
2017-12-10,MUFFINS,VMWC Cran,0,0,0,0,0,0,0,0,0,0,0,0,0,0
2017-12-10,MUFFINS,Triple Choc,0,0,0,0,0,0,0,0,0,0,0,0,0,0
2017-12-10,MUFFINS,St nicker,0,0,0,0,0,0,0,0,0,0,0,0,0,0
2017-12-10,MUFFINS,frosted,0,0,0,0,0,0,0,0,0,0,0,0,0,0
2017-12-10,MUFFINS,Pep Brown,0,0,0,0,0,0,0,0,0,0,0,0,0,0
2017-12-10,MUFFINS,Brownies,0,0,0,0,0,0,0,0,0,0,0,0,0,0
2017-12-10,MUFFINS,Pumpkin,0,0,0,0,0,0,0,0,0,0,0,0,0,0
2017-12-10,MUFFINS,Totals,0,0,0,0,0,0,0,0,0,0,0,0,0,0
2017-12-11,BREAD,H,0,48,48,21,3,0,24,0,0,0,0,0,0,0
2017-12-11,BREAD,FR,0,24,24,14,5,0,5,0,0,0,0,0,0,0
2017-12-11,BREAD,GW,0,7,7,4,0,0,3,0,0,0,0,0,0,0
2017-12-11,BREAD,DK,0,28,28,19,2,0,7,0,0,0,0,0,0,0
2017-12-11,BREAD,H5,0,0,0,0,0,0,0,0,0,0,0,0,0,0
2017-12-11,BREAD,CSWRL,0,20,20,16,0,0,4,0,8,8,8,0,0,0
2017-12-11,BREAD,Pump Swl,0,12,12,3,0,0,9,0,2,2,0,0,0,2
2017-12-11,BREAD,Map Pec,0,8,8,3,0,0,5,0,2,2,1,0,0,1
2017-12-11,BREAD,CnE,0,19,19,-2,15,0,6,0,2,2,0,0,0,0
2017-12-11,BREAD,CnR,0,2,2,1,0,0,1,0,0,0,0,0,0,0
2017-12-11,BREAD,CnW,0,2,2,2,0,0,0,0,0,0,0,0,0,0
2017-12-11,BREAD,CG,0,8,8,4,0,0,4,0,4,4,-4,0,0,3
2017-12-11,BREAD,Pesto CG,0,0,0,0,0,0,0,0,0,0,0,0,0,0
2017-12-11,BREAD,SO,0,7,7,6,0,0,1,0,2,2,-1,0,0,0
2017-12-11,BREAD,AA,0,2,2,1,0,0,1,0,0,0,0,0,0,0
2017-12-11,BREAD,VS,0,0,0,0,0,0,0,0,0,0,0,0,0,0
2017-12-11,BREAD,CB,0,0,0,0,0,0,0,0,0,0,0,0,0,0
2017-12-11,BREAD,CrO,0,0,0,0,0,0,0,0,0,0,0,0,0,0
2017-12-11,BREAD,CH,0,0,0,0,0,0,0,0,0,0,0,0,0,0
2017-12-11,BREAD,car,0,0,0,0,0,0,0,0,0,0,0,0,0,0
2017-12-11,BREAD,ihf,0,0,0,0,0,0,0,0,0,0,0,0,0,0
2017-12-11,BREAD,SwL,0,32,32,-6,17,0,21,0,0,0,0,0,0,0
2017-12-11,BREAD,Cro-Rls,0,0,0,0,0,0,0,0,0,0,0,0,0,0
2017-12-11,BREAD,So-Rls,0,0,0,0,0,0,0,0,0,0,0,0,0,0
2017-12-11,BREAD,But-Rls,0,0,0,0,0,0,0,0,0,0,0,0,0,0
2017-12-11,BREAD,H-RLS,0,3,3,3,0,0,0,0,0,0,0,0,0,0
2017-12-11,BREAD,FR-RLS,0,4,4,4,0,0,0,0,0,0,0,0,0,0
2017-12-11,BREAD,VS-RLS,0,0,0,0,0,0,0,0,0,0,0,0,0,0
2017-12-11,BREAD,BLUE STRU,0,6,6,2,0,0,4,0,0,0,0,0,0,0
2017-12-11,BREAD,Pump Cr,0,5,5,2,0,0,3,0,0,0,0,0,0,0
2017-12-11,BREAD,pump cc,0,6,6,2,0,0,4,0,0,0,0,0,0,0
2017-12-11,ROLLS,Cinnamon,0,36,36,32,4,0,0,0,0,0,0,0,0,0
2017-12-11,ROLLS,Pecan c-roll,0,12,12,12,0,0,0,0,0,0,0,0,0,0
2017-12-11,ROLLS,Mini C-Roll,0,0,0,0,0,0,0,0,0,0,0,0,0,0
2017-12-11,SCONES,Cr Orang,0,8,8,8,0,0,0,0,2,2,2,0,0,0
2017-12-11,SCONES,Cr OR W.Choc,0,8,8,8,0,0,0,0,2,2,2,0,0,0
2017-12-11,SCONES,Blueberry,0,0,0,0,0,0,0,0,0,0,0,0,0,0
2017-12-11,SCONES,Rasp Cream,0,17,17,13,0,4,0,0,2,2,2,0,0,0
2017-12-11,SCONES,Cherry,0,0,0,0,0,0,0,0,0,0,0,0,0,0
2017-12-11,SCONES,Butt Almond,0,0,0,0,0,0,0,0,0,0,0,0,0,0
2017-12-11,SCONES,Turtle,0,0,0,0,0,0,0,0,0,0,0,0,0,0
2017-12-11,SCONES,Cin Chip,0,10,10,8,0,2,0,0,2,2,2,0,0,0
2017-12-11,FRUIT BARS,Mixed Berry,0,12,12,0,0,12,0,0,0,0,0,0,0,0
2017-12-11,FRUIT BARS,Cherry,0,8,8,2,0,6,0,0,0,0,0,0,0,0
2017-12-11,FRUIT BARS,Apple Cin,0,0,0,0,0,0,0,0,0,0,0,0,0,0
2017-12-11,FRUIT BARS,Apple Cran,0,0,0,0,0,0,0,0,0,0,0,0,0,0
2017-12-11,MUFFINS,blue stru,0,8,8,6,0,2,0,0,2,2,2,0,0,0
2017-12-11,MUFFINS,Pump Crumb,0,6,6,3,0,3,0,0,2,2,2,0,0,0
2017-12-11,MUFFINS,Pump Choc,0,8,8,3,0,5,0,0,2,2,2,0,0,0
2017-12-11,MUFFINS,Cookies,0,0,0,0,0,0,0,0,0,0,0,0,0,0
2017-12-11,MUFFINS,Bars,0,0,0,0,0,0,0,0,0,0,0,0,0,0
2017-12-11,MUFFINS,Oatmeal CC,0,30,30,4,7,0,19,0,0,0,0,0,0,0
2017-12-11,MUFFINS,VMWC Cran,0,24,24,14,7,0,3,0,0,0,0,0,0,0
2017-12-11,MUFFINS,Triple Choc,0,30,30,25,5,0,0,0,0,0,0,0,0,0
2017-12-11,MUFFINS,St nicker,0,30,30,13,7,0,10,0,0,0,0,0,0,0
2017-12-11,MUFFINS,frosted,0,12,12,12,0,0,0,0,0,0,0,0,0,0
2017-12-11,MUFFINS,Pep Brown,0,10,10,8,0,2,0,0,0,0,0,0,0,0
2017-12-11,MUFFINS,Brownies,0,10,10,-3,0,0,13,0,0,0,0,0,0,0
2017-12-11,MUFFINS,Pumpkin,0,0,0,0,0,0,0,0,0,0,0,0,0,0
2017-12-11,MUFFINS,Totals,0,279,279,168,30,36,45,0,14,14,14,0,0,0
2017-12-12,BREAD,H,24,21,45,24,6,0,15,0,0,0,0,0,0,0
2017-12-12,BREAD,FR,5,34,39,13,22,0,4,0,0,0,0,0,0,0
2017-12-12,BREAD,GW,3,4,7,5,0,0,2,0,0,0,0,0,0,0
2017-12-12,BREAD,DK,7,0,7,7,0,0,0,0,0,0,0,0,0,0
2017-12-12,BREAD,H5,0,18,18,9,0,0,9,0,0,0,0,0,0,0
2017-12-12,BREAD,CSWRL,4,16,20,17,0,0,3,0,12,12,3,0,0,9
2017-12-12,BREAD,Pump Swl,9,8,17,13,0,0,4,2,0,2,1,0,0,0
2017-12-12,BREAD,Map Pec,5,8,13,7,0,0,6,1,0,1,0,0,0,0
2017-12-12,BREAD,CnE,6,0,6,6,0,0,0,0,0,0,0,0,0,0
2017-12-12,BREAD,CnR,1,0,1,1,0,0,0,0,0,0,0,0,0,0
2017-12-12,BREAD,CnW,0,0,0,0,0,0,0,0,0,0,0,0,0,0
2017-12-12,BREAD,CG,4,0,4,4,0,0,0,3,0,3,1,0,0,0
2017-12-12,BREAD,Pesto CG,0,0,0,0,0,0,0,0,0,0,0,0,0,0
2017-12-12,BREAD,SO,1,0,1,1,0,0,0,0,0,0,0,0,0,0
2017-12-12,BREAD,AA,1,0,1,0,0,1,0,0,0,0,0,0,0,0
2017-12-12,BREAD,VS,0,12,12,6,6,0,0,0,3,3,3,0,0,0
2017-12-12,BREAD,CB,0,11,11,11,0,0,0,0,6,6,0,0,0,5
2017-12-12,BREAD,CrO,0,14,14,9,2,0,7,0,4,4,1,0,0,3
2017-12-12,BREAD,CH,0,0,0,0,0,0,3,0,0,0,0,0,0,3
2017-12-12,BREAD,car,0,0,0,0,0,0,0,0,0,0,0,0,0,0
2017-12-12,BREAD,ihf,0,0,0,0,0,0,0,0,0,0,0,0,0,0
2017-12-12,BREAD,Cro-Rls,0,0,0,-1,1,0,0,0,0,0,0,0,0,0
2017-12-12,BREAD,So-Rls,0,0,0,0,0,0,0,0,0,0,0,0,0,0
2017-12-12,BREAD,But-Rls,0,0,0,0,0,0,0,0,0,0,0,0,0,0
2017-12-12,BREAD,H-RLS,0,4,4,4,0,0,0,0,0,0,0,0,0,0
2017-12-12,BREAD,FR-RLS,0,6,6,6,0,0,0,0,0,0,0,0,0,0
2017-12-12,BREAD,VS-RLS,0,24,24,3,21,0,0,0,0,0,0,0,0,0
2017-12-12,BREAD,BLUE STRU,4,4,8,1,1,3,3,0,0,0,0,0,0,0
2017-12-12,BREAD,Pump Cr,3,3,6,1,1,2,2,0,0,0,0,0,0,0
2017-12-12,BREAD,pump cc,4,3,7,3,1,1,2,0,0,0,0,0,0,0
2017-12-12,ROLLS,Cinnamon,0,36,36,31,0,5,0,0,0,0,0,0,0,0
2017-12-12,ROLLS,Pecan c-roll,0,12,12,9,0,3,0,0,0,0,0,0,0,0
2017-12-12,ROLLS,Mini C-Roll,0,24,24,0,24,0,0,0,0,0,0,0,0,0
2017-12-12,SCONES,Cr Orang,0,10,10,8,2,0,0,0,5,5,2,0,0,0
2017-12-12,SCONES,Cr OR W.Choc,0,10,10,10,0,0,0,0,5,5,2,0,0,0
2017-12-12,SCONES,Blueberry,0,18,18,13,2,3,0,0,5,5,1,0,0,0
2017-12-12,SCONES,Rasp Cream,0,0,0,0,0,0,0,0,0,0,0,0,0,0
2017-12-12,SCONES,Cherry,0,0,0,0,0,0,0,0,0,0,0,0,0,0
2017-12-12,SCONES,Butt Almond,0,0,0,0,0,0,0,0,0,0,0,0,0,0
2017-12-12,SCONES,Turtle,0,0,0,0,0,0,0,0,0,0,0,0,0,0
2017-12-12,SCONES,Cin Chip,0,12,12,7,2,3,0,0,5,5,1,0,0,0
2017-12-12,FRUIT BARS,Mixed Berry,0,0,0,0,0,0,0,0,0,0,0,0,0,0
2017-12-12,FRUIT BARS,Cherry,0,0,0,0,0,0,0,0,0,0,0,0,0,0
2017-12-12,FRUIT BARS,Apple Cin,0,8,8,3,1,4,0,0,0,0,0,0,0,0
2017-12-12,FRUIT BARS,Apple Cran,0,12,12,10,1,1,0,0,0,0,0,0,0,0
2017-12-12,MUFFINS,blue stru,0,10,10,10,0,0,0,0,4,4,0,0,0,0
2017-12-12,MUFFINS,Pump Crumb,0,8,8,2,0,6,0,0,4,4,-2,0,0,0
2017-12-12,MUFFINS,Pump Choc,0,10,10,8,0,2,0,0,8,8,2,0,0,0
2017-12-12,MUFFINS,Cookies,0,0,0,0,0,0,0,0,0,0,0,0,0,0
2017-12-12,MUFFINS,Bars,0,0,0,0,0,0,0,0,0,0,0,0,0,0
2017-12-12,MUFFINS,Oatmeal CC,19,12,31,21,7,1,2,0,0,0,0,0,0,0
2017-12-12,MUFFINS,VMWC Cran,3,48,51,6,26,2,17,0,0,0,0,0,0,0
2017-12-12,MUFFINS,Triple Choc,0,30,30,20,6,0,4,0,0,0,0,0,0,0
2017-12-12,MUFFINS,St nicker,10,18,28,22,6,0,0,0,0,0,0,0,0,0
2017-12-12,MUFFINS,frosted,0,24,24,21,0,0,3,0,0,0,0,0,0,0
2017-12-12,MUFFINS,Pep Brown,0,0,0,0,0,0,0,0,0,0,0,0,0,0
2017-12-12,MUFFINS,Brownies,13,0,13,6,0,3,4,0,0,0,0,0,0,0
2017-12-12,MUFFINS,Pumpkin,0,20,20,7,0,4,9,0,0,0,0,0,0,0
2017-12-12,MUFFINS,Totals,45,322,367,214,77,37,39,0,36,36,6,0,0,0
2017-12-13,BREAD,H,15,26,41,20,0,0,21,0,0,0,0,0,0,0
2017-12-13,BREAD,FR,4,31,35,22,0,0,13,0,0,0,0,0,0,0
2017-12-13,BREAD,GW,2,6,8,5,0,0,3,0,0,0,0,0,0,0
2017-12-13,BREAD,DK,0,29,29,16,1,0,12,0,0,0,0,0,0,0
2017-12-13,BREAD,H5,9,0,9,9,0,0,0,0,0,0,0,0,0,0
2017-12-13,BREAD,CSWRL,3,40,43,23,20,0,0,9,4,13,7,0,0,0
2017-12-13,BREAD,Pump Swl,4,12,16,6,0,0,10,0,3,3,1,0,0,2
2017-12-13,BREAD,Map Pec,6,8,14,8,0,0,6,0,3,3,1,0,0,2
2017-12-13,BREAD,CnE,0,29,29,3,24,0,2,0,4,4,2,0,0,2
2017-12-13,BREAD,CnR,0,6,6,1,0,0,5,0,0,0,0,0,0,0
2017-12-13,BREAD,CnW,0,6,6,5,0,0,1,0,0,0,0,0,0,0
2017-12-13,BREAD,CG,0,19,19,4,0,0,15,0,4,4,4,0,0,0
2017-12-13,BREAD,Pesto CG,0,0,0,0,0,0,0,0,0,0,0,0,0,0
2017-12-13,BREAD,SO,0,8,8,4,0,0,4,0,3,3,2,0,0,1
2017-12-13,BREAD,AA,0,0,0,0,0,0,0,0,0,0,0,0,0,0
2017-12-13,BREAD,VS,0,0,0,0,0,0,0,0,0,0,0,0,0,0
2017-12-13,BREAD,CB,0,11,11,3,0,0,8,5,4,9,3,0,0,4
2017-12-13,BREAD,CrO,3,0,3,3,0,0,0,3,0,3,1,0,0,0
2017-12-13,BREAD,CH,0,0,0,0,0,0,0,0,0,0,0,0,0,0
2017-12-13,BREAD,car,0,0,0,0,0,0,0,0,0,0,0,0,0,0
2017-12-13,BREAD,ihf,0,0,0,0,0,0,0,0,0,0,0,0,0,0
2017-12-13,BREAD,cin tree,0,0,0,-3,0,0,3,0,0,0,0,0,0,0
2017-12-13,BREAD,Cro-Rls,0,0,0,0,0,0,0,0,0,0,0,0,0,0
2017-12-13,BREAD,So-Rls,0,1,1,0,1,0,0,0,0,0,0,0,0,0
2017-12-13,BREAD,But-Rls,0,24,24,2,0,0,22,0,0,0,0,0,0,0
2017-12-13,BREAD,H-RLS,0,0,0,-8,1,0,7,0,0,0,0,0,0,0
2017-12-13,BREAD,FR-RLS,0,0,0,-1,1,0,0,0,0,0,0,0,0,0
2017-12-13,BREAD,VS-RLS,0,0,0,0,0,0,0,0,0,0,0,0,0,0
2017-12-13,BREAD,BLUE STRU,3,6,9,8,1,0,0,0,0,0,0,0,0,0
2017-12-13,BREAD,Pump Cr,2,4,6,6,0,0,0,0,0,0,0,0,0,0
2017-12-13,BREAD,pump cc,2,25,27,8,19,0,0,0,0,0,0,0,0,0
2017-12-13,ROLLS,Cinnamon,0,36,36,31,0,5,0,0,0,0,0,0,0,0
2017-12-13,ROLLS,Pecan c-roll,0,12,12,6,0,6,0,0,0,0,0,0,0,0
2017-12-13,ROLLS,Mini C-Roll,0,120,120,0,120,0,0,0,0,0,0,0,0,0
2017-12-13,SCONES,Cr Orang,0,8,8,4,4,0,0,0,13,13,3,0,0,0
2017-12-13,SCONES,Cr OR W.Choc,0,8,8,8,0,0,0,0,12,12,3,0,0,0
2017-12-13,SCONES,Blueberry,0,0,0,0,0,0,0,0,0,0,0,0,0,0
2017-12-13,SCONES,Rasp Cream,0,18,18,14,4,0,0,0,14,14,2,0,0,0
2017-12-13,SCONES,Cherry,0,0,0,0,0,0,0,0,0,0,0,0,0,0
2017-12-13,SCONES,Butt Almond,0,0,0,0,0,0,0,0,0,0,0,0,0,0
2017-12-13,SCONES,Turtle,0,12,12,12,0,0,0,0,13,13,2,0,0,0
2017-12-13,SCONES,Cin Chip,0,0,0,0,0,0,0,0,0,0,0,0,0,0
2017-12-13,FRUIT BARS,Mixed Berry,0,9,9,4,5,0,0,0,0,0,0,0,0,0
2017-12-13,FRUIT BARS,Cherry,0,12,12,6,6,0,0,0,0,0,0,0,0,0
2017-12-13,FRUIT BARS,Apple Cin,0,13,13,3,7,3,0,0,0,0,0,0,0,0
2017-12-13,FRUIT BARS,Apple Cran,0,8,8,2,4,2,0,0,0,0,0,0,0,0
2017-12-13,MUFFINS,blue stru,0,8,8,8,0,0,0,0,13,13,3,0,0,0
2017-12-13,MUFFINS,Pump Crumb,0,8,8,7,0,1,0,0,16,16,4,0,0,0
2017-12-13,MUFFINS,Pump Choc,0,10,10,0,0,10,0,0,5,5,3,0,0,0
2017-12-13,MUFFINS,Cookies,0,0,0,0,0,0,0,0,0,0,0,0,0,0
2017-12-13,MUFFINS,Bars,0,0,0,0,0,0,0,0,0,0,0,0,0,0
2017-12-13,MUFFINS,Oatmeal CC,17,60,77,6,56,0,15,0,4,4,0,0,0,0
2017-12-13,MUFFINS,VMWC Cran,4,72,76,19,55,0,2,0,4,4,0,0,0,0
2017-12-13,MUFFINS,Triple Choc,0,78,78,-5,55,0,28,0,4,4,0,0,0,0
2017-12-13,MUFFINS,St nicker,0,78,78,22,55,0,1,0,4,4,0,0,0,0
2017-12-13,MUFFINS,frosted,15,0,15,8,0,0,7,0,0,0,0,0,0,0
2017-12-13,MUFFINS,Pep Brown,0,10,10,9,1,0,0,0,0,0,0,0,0,0
2017-12-13,MUFFINS,Brownies,4,10,14,8,2,4,0,0,0,0,0,0,0,0
2017-12-13,MUFFINS,Pumpkin,9,0,9,3,2,4,0,0,0,0,0,0,0,0
2017-12-13,MUFFINS,Totals,49,590,639,175,376,35,53,0,102,102,20,0,0,0
2017-12-14,BREAD,H,21,33,54,21,3,0,30,0,0,0,0,0,0,0
2017-12-14,BREAD,FR,13,26,39,2,0,0,37,0,0,0,0,0,0,0
2017-12-14,BREAD,GW,3,6,9,5,0,1,3,0,0,0,0,0,0,0
2017-12-14,BREAD,DK,12,0,12,7,0,0,5,0,0,0,0,0,0,0
2017-12-14,BREAD,H5,0,24,24,7,0,0,17,0,0,0,0,0,0,0
2017-12-14,BREAD,CSWRL,0,38,38,17,0,0,21,0,8,8,5,0,0,3
2017-12-14,BREAD,Pump Swl,10,12,22,4,0,6,12,2,0,2,1,0,0,0
2017-12-14,BREAD,Map Pec,6,8,14,7,0,0,7,2,0,2,1,0,0,0
2017-12-14,BREAD,CnE,2,20,22,3,0,0,19,2,0,2,0,0,0,0
2017-12-14,BREAD,CnR,5,0,5,2,0,3,0,0,0,0,0,0,0,0
2017-12-14,BREAD,CnW,1,0,1,1,0,0,0,0,0,0,0,0,0,0
2017-12-14,BREAD,CG,15,0,15,8,0,7,0,0,0,0,0,0,0,0
2017-12-14,BREAD,Pesto CG,0,0,0,0,0,0,0,0,0,0,0,0,0,0
2017-12-14,BREAD,SO,4,0,4,1,0,3,0,1,0,1,0,0,0,0
2017-12-14,BREAD,AA,0,0,0,0,0,0,0,0,0,0,0,0,0,0
2017-12-14,BREAD,VS,0,22,22,3,2,0,17,0,4,4,1,0,0,3
2017-12-14,BREAD,CB,8,12,20,4,1,5,10,4,6,10,4,0,0,4
2017-12-14,BREAD,CrO,0,16,16,6,4,0,7,0,5,5,2,0,0,3
2017-12-14,BREAD,CH,0,13,13,9,4,0,6,0,3,3,3,0,0,3
2017-12-14,BREAD,car,0,0,0,0,0,0,0,0,0,0,0,0,0,0
2017-12-14,BREAD,ihf,0,0,0,0,0,0,0,0,0,0,0,0,0,0
2017-12-14,BREAD,cin tree,3,0,3,2,0,1,0,0,0,0,0,0,0,0
2017-12-14,BREAD,Cro-Rls,0,0,0,0,0,0,0,0,0,0,0,0,0,0
2017-12-14,BREAD,So-Rls,0,0,0,0,0,0,0,0,0,0,0,0,0,0
2017-12-14,BREAD,But-Rls,22,0,22,4,0,18,0,0,0,0,0,0,0,0
2017-12-14,BREAD,H-RLS,7,0,7,0,0,7,0,0,0,0,0,0,0,0
2017-12-14,BREAD,FR-RLS,0,0,0,0,0,0,0,0,0,0,0,0,0,0
2017-12-14,BREAD,VS-RLS,0,4,4,-2,6,0,0,0,0,0,0,0,0,0
2017-12-14,BREAD,BLUE STRU,0,9,9,2,1,0,6,0,0,0,0,0,0,0
2017-12-14,BREAD,Pump Cr,0,9,9,2,1,0,6,0,0,0,0,0,0,0
2017-12-14,BREAD,pump cc,0,22,22,3,12,0,7,0,0,0,0,0,0,0
2017-12-14,ROLLS,Cinnamon,0,48,48,28,0,20,0,0,0,0,0,0,0,0
2017-12-14,ROLLS,Pecan c-roll,0,12,12,6,0,6,0,0,0,0,0,0,0,0
2017-12-14,ROLLS,Mini C-Roll,0,24,24,24,0,0,0,0,0,0,0,0,0,0
2017-12-14,SCONES,Cr Orang,0,12,12,12,0,0,0,0,3,3,3,0,0,0
2017-12-14,SCONES,Cr OR W.Choc,0,12,12,12,0,0,0,0,3,3,2,0,0,0
2017-12-14,SCONES,Blueberry,0,22,22,19,0,3,0,0,3,3,2,0,0,0
2017-12-14,SCONES,Rasp Cream,0,0,0,0,0,0,0,0,0,0,0,0,0,0
2017-12-14,SCONES,Cherry,0,0,0,0,0,0,0,0,0,0,0,0,0,0
2017-12-14,SCONES,Butt Almond,0,0,0,0,0,0,0,0,0,0,0,0,0,0
2017-12-14,SCONES,Turtle,0,14,14,12,0,2,0,0,3,3,-1,0,0,0
2017-12-14,SCONES,Cin Chip,0,0,0,0,0,0,0,0,0,0,0,0,0,0
2017-12-14,FRUIT BARS,Mixed Berry,0,0,0,0,0,0,0,0,0,0,0,0,0,0
2017-12-14,FRUIT BARS,Cherry,0,0,0,0,0,0,0,0,0,0,0,0,0,0
2017-12-14,FRUIT BARS,Apple Cin,0,8,8,6,1,1,0,0,0,0,0,0,0,0
2017-12-14,FRUIT BARS,Apple Cran,0,12,12,6,1,5,0,0,0,0,0,0,0,0
2017-12-14,MUFFINS,blue stru,0,12,12,9,0,3,0,0,3,3,0,0,0,0
2017-12-14,MUFFINS,Pump Crumb,0,8,8,4,0,4,0,0,3,3,0,0,0,0
2017-12-14,MUFFINS,Pump Choc,0,12,12,6,0,6,0,0,3,3,0,0,0,0
2017-12-14,MUFFINS,Cookies,0,0,0,0,0,0,0,0,0,0,0,0,0,0
2017-12-14,MUFFINS,Bars,0,0,0,0,0,0,0,0,0,0,0,0,0,0
2017-12-14,MUFFINS,Oatmeal CC,15,6,21,15,0,0,6,0,4,0,-4,0,0,0
2017-12-14,MUFFINS,VMWC Cran,2,16,18,9,0,0,9,0,2,4,2,0,0,0
2017-12-14,MUFFINS,Triple Choc,28,0,28,22,0,6,0,0,2,2,0,0,0,0
2017-12-14,MUFFINS,St nicker,0,18,18,11,0,0,7,0,2,2,0,0,0,0
2017-12-14,MUFFINS,frosted,4,18,22,13,0,0,9,0,0,2,2,0,0,0
2017-12-14,MUFFINS,Pep Brown,11,0,11,11,0,0,0,0,0,0,0,0,0,0
2017-12-14,MUFFINS,Brownies,0,0,0,0,0,0,0,0,0,0,0,0,0,0
2017-12-14,MUFFINS,Pumpkin,0,20,20,2,3,3,12,0,0,0,0,0,0,0
2017-12-14,MUFFINS,Totals,60,274,334,227,5,59,43,0,31,31,6,0,0,0
2017-12-15,BREAD,H,30,28,58,24,2,0,32,0,0,0,0,0,0,0
2017-12-15,BREAD,FR,37,32,69,57,6,0,6,0,0,0,0,0,0,0
2017-12-15,BREAD,GW,3,0,3,2,0,1,0,0,0,0,0,0,0,0
2017-12-15,BREAD,DK,5,21,26,10,4,0,12,0,0,0,0,0,0,0
2017-12-15,BREAD,H5,17,0,17,7,0,0,10,0,0,0,0,0,0,0
2017-12-15,BREAD,CSWRL,21,12,33,14,3,8,8,3,8,11,9,0,0,0
2017-12-15,BREAD,Pump Swl,12,4,16,5,0,8,3,0,2,2,0,0,0,2
2017-12-15,BREAD,Map Pec,7,4,11,5,2,3,1,0,2,2,2,0,0,0
2017-12-15,BREAD,CnE,19,16,35,22,4,0,9,0,3,3,0,0,0,0
2017-12-15,BREAD,CnR,0,6,6,4,2,0,0,0,0,0,0,0,0,0
2017-12-15,BREAD,CnW,0,6,6,4,1,0,1,0,0,0,0,0,0,0
2017-12-15,BREAD,CG,0,29,29,6,3,0,20,0,5,5,1,0,0,4
2017-12-15,BREAD,Pesto CG,0,0,0,0,0,0,0,0,0,0,0,0,0,0
2017-12-15,BREAD,SO,0,14,14,7,0,0,7,0,5,5,4,0,0,1
2017-12-15,BREAD,AA,0,3,3,1,0,0,2,0,0,0,0,0,0,0
2017-12-15,BREAD,VS,17,0,17,12,0,5,0,3,0,3,2,0,0,0
2017-12-15,BREAD,CB,10,0,10,4,0,6,0,4,0,4,0,0,0,0
2017-12-15,BREAD,CrO,6,0,6,5,0,1,0,3,0,3,1,0,0,0
2017-12-15,BREAD,CH,0,0,0,-3,0,3,0,0,0,0,-3,0,0,0
2017-12-15,BREAD,car,0,0,0,-3,3,0,0,0,0,0,0,0,0,0
2017-12-15,BREAD,ihf,0,0,0,0,0,0,0,0,0,0,0,0,0,0
2017-12-15,BREAD,Cro-Rls,0,0,0,0,0,0,0,0,0,0,0,0,0,0
2017-12-15,BREAD,So-Rls,0,0,0,0,0,0,0,0,0,0,0,0,0,0
2017-12-15,BREAD,But-Rls,0,0,0,-2,2,0,0,0,0,0,0,0,0,0
2017-12-15,BREAD,H-RLS,0,6,6,6,0,0,0,0,0,0,0,0,0,0
2017-12-15,BREAD,FR-RLS,0,0,0,0,0,0,0,0,0,0,0,0,0,0
2017-12-15,BREAD,VS-RLS,0,0,0,0,0,0,0,0,0,0,0,0,0,0
2017-12-15,BREAD,BLUE STRU,6,4,10,4,0,6,0,0,0,0,0,0,0,0
2017-12-15,BREAD,Pump Cr,6,2,8,5,0,3,0,0,0,0,0,0,0,0
2017-12-15,BREAD,pump cc,7,13,20,16,4,0,0,0,0,0,0,0,0,0
2017-12-15,ROLLS,Cinnamon,0,48,48,43,5,0,0,0,0,0,0,0,0,0
2017-12-15,ROLLS,Pecan c-roll,0,12,12,12,0,0,0,0,0,0,0,0,0,0
2017-12-15,ROLLS,Mini C-Roll,0,24,24,0,24,0,0,0,0,0,0,0,0,0
2017-12-15,SCONES,Cr Orang,0,10,10,10,0,0,0,0,2,2,2,0,0,0
2017-12-15,SCONES,Cr OR W.Choc,0,10,10,9,1,0,0,0,2,2,1,0,0,0
2017-12-15,SCONES,Blueberry,0,0,0,0,0,0,0,0,0,0,0,0,0,0
2017-12-15,SCONES,Rasp Cream,0,0,0,0,0,0,0,0,0,0,0,0,0,0
2017-12-15,SCONES,Cherry,0,16,16,12,1,3,0,0,2,2,1,0,0,0
2017-12-15,SCONES,Butt Almond,0,16,16,15,1,0,0,0,2,2,2,0,0,0
2017-12-15,SCONES,Turtle,0,0,0,0,0,0,0,0,0,0,0,0,0,0
2017-12-15,SCONES,Cin Chip,0,0,0,0,0,0,0,0,0,0,0,0,0,0
2017-12-15,FRUIT BARS,Mixed Berry,0,12,12,11,0,1,0,0,0,0,0,0,0,0
2017-12-15,FRUIT BARS,Cherry,0,8,8,4,0,4,0,0,0,0,0,0,0,0
2017-12-15,FRUIT BARS,Apple Cin,0,0,0,-14,10,4,0,0,0,0,0,0,0,0
2017-12-15,FRUIT BARS,Apple Cran,0,0,0,0,0,0,0,0,0,0,0,0,0,0
2017-12-15,MUFFINS,blue stru,0,15,15,10,5,0,0,0,3,3,2,0,0,0
2017-12-15,MUFFINS,Pump Crumb,0,7,7,7,0,0,0,0,2,2,2,0,0,0
2017-12-15,MUFFINS,Pump Choc,0,15,15,9,5,1,0,0,3,3,1,0,0,0
2017-12-15,MUFFINS,Cookies,0,0,0,0,0,0,0,0,0,0,0,0,0,0
2017-12-15,MUFFINS,Bars,0,0,0,0,0,0,0,0,0,0,0,0,0,0
2017-12-15,MUFFINS,Oatmeal CC,6,30,36,13,6,2,15,0,0,0,0,0,0,0
2017-12-15,MUFFINS,VMWC Cran,9,30,39,16,18,0,5,0,0,0,0,0,0,0
2017-12-15,MUFFINS,Triple Choc,0,24,24,23,0,0,1,0,0,0,0,0,0,0
2017-12-15,MUFFINS,St nicker,7,18,25,25,0,0,0,0,0,0,0,0,0,0
2017-12-15,MUFFINS,frosted,9,12,21,10,0,2,9,0,0,0,0,0,0,0
2017-12-15,MUFFINS,Pep Brown,0,10,10,7,0,3,0,0,0,0,0,0,0,0
2017-12-15,MUFFINS,Brownies,0,10,10,-4,0,2,12,0,0,0,0,0,0,0
2017-12-15,MUFFINS,Pumpkin,12,0,12,12,0,0,0,0,0,0,0,0,0,0
2017-12-15,MUFFINS,Totals,43,327,370,230,76,22,42,0,16,16,11,0,0,0
2017-12-16,BREAD,H,32,0,32,24,0,8,0,0,0,0,0,0,0,0
2017-12-16,BREAD,FR,6,8,14,11,1,2,0,0,0,0,0,0,0,0
2017-12-16,BREAD,GW,0,4,4,3,1,0,0,0,0,0,0,0,0,0
2017-12-16,BREAD,DK,12,0,12,10,0,2,0,0,0,0,0,0,0,0
2017-12-16,BREAD,H5,10,0,10,3,0,7,0,0,0,0,0,0,0,0
2017-12-16,BREAD,CSWRL,8,38,46,17,29,0,0,0,8,8,4,0,0,0
2017-12-16,BREAD,Pump Swl,3,8,11,4,0,7,0,2,0,2,1,0,0,0
2017-12-16,BREAD,Map Pec,1,8,9,2,0,7,0,0,2,2,2,0,0,0
2017-12-16,BREAD,CnE,9,0,9,9,0,0,0,0,0,0,0,0,0,0
2017-12-16,BREAD,CnR,0,0,0,0,0,0,0,0,0,0,0,0,0,0
2017-12-16,BREAD,CnW,1,0,1,1,0,0,0,0,0,0,0,0,0,0
2017-12-16,BREAD,CG,20,0,20,6,0,14,0,4,0,4,3,0,0,0
2017-12-16,BREAD,Pesto CG,0,0,0,0,0,0,0,0,0,0,0,0,0,0
2017-12-16,BREAD,SO,7,0,7,7,0,0,0,1,0,1,1,0,0,0
2017-12-16,BREAD,AA,2,0,2,0,0,2,0,0,0,0,0,0,0,0
2017-12-16,BREAD,VS,0,8,8,2,5,1,0,0,3,3,3,0,0,0
2017-12-16,BREAD,CB,0,23,23,19,0,4,0,0,14,14,6,0,0,0
2017-12-16,BREAD,CrO,0,21,21,7,14,0,0,0,5,5,4,0,0,0
2017-12-16,BREAD,CH,0,0,0,0,0,0,0,0,0,0,0,0,0,0
2017-12-16,BREAD,car,0,0,0,0,0,0,0,0,0,0,0,0,0,0
2017-12-16,BREAD,ihf,0,0,0,0,0,0,0,0,0,0,0,0,0,0
2017-12-16,BREAD,GW-BUNS,0,0,0,-4,4,0,0,0,0,0,0,0,0,0
2017-12-16,BREAD,Cro-Rls,0,0,0,0,0,0,0,0,0,0,0,0,0,0
2017-12-16,BREAD,So-Rls,0,0,0,0,0,0,0,0,0,0,0,0,0,0
2017-12-16,BREAD,But-Rls,0,0,0,0,0,0,0,0,0,0,0,0,0,0
2017-12-16,BREAD,H-RLS,0,0,0,0,0,0,0,0,0,0,0,0,0,0
2017-12-16,BREAD,FR-RLS,0,8,8,8,0,0,0,0,0,0,0,0,0,0
2017-12-16,BREAD,VS-RLS,0,6,6,4,2,0,0,0,0,0,0,0,0,0
2017-12-16,BREAD,BLUE STRU,0,5,5,-3,0,8,0,0,0,0,0,0,0,0
2017-12-16,BREAD,Pump Cr,0,5,5,1,0,4,0,0,0,0,0,0,0,0
2017-12-16,BREAD,pump cc,0,23,23,2,15,6,0,0,0,0,0,0,0,0
2017-12-16,ROLLS,Cinnamon,0,60,60,34,0,26,0,0,0,0,0,0,0,0
2017-12-16,ROLLS,Pecan c-roll,0,12,12,12,0,0,0,0,0,0,0,0,0,0
2017-12-16,ROLLS,Mini C-Roll,0,48,48,24,24,0,0,0,0,0,0,0,0,0
2017-12-16,SCONES,Cr Orang,0,10,10,10,0,0,0,0,2,2,2,0,0,0
2017-12-16,SCONES,Cr OR W.Choc,0,10,10,10,0,0,0,0,2,2,1,0,0,0
2017-12-16,SCONES,Blueberry,0,22,22,21,0,1,0,0,2,2,1,0,0,0
2017-12-16,SCONES,Rasp Cream,0,0,0,0,0,0,0,0,0,0,0,0,0,0
2017-12-16,SCONES,Cherry,0,0,0,0,0,0,0,0,0,0,0,0,0,0
2017-12-16,SCONES,Butt Almond,0,18,18,11,0,7,0,0,2,2,2,0,0,0
2017-12-16,SCONES,Turtle,0,0,0,0,0,0,0,0,0,0,0,0,0,0
2017-12-16,SCONES,Cin Chip,0,0,0,0,0,0,0,0,0,0,0,0,0,0
2017-12-16,FRUIT BARS,Mixed Berry,0,0,0,0,0,0,0,0,0,0,0,0,0,0
2017-12-16,FRUIT BARS,Cherry,0,0,0,0,0,0,0,0,0,0,0,0,0,0
2017-12-16,FRUIT BARS,Apple Cin,0,12,12,12,0,0,0,0,0,0,0,0,0,0
2017-12-16,FRUIT BARS,Apple Cran,0,8,8,8,0,0,0,0,0,0,0,0,0,0
2017-12-16,MUFFINS,blue stru,0,10,10,10,0,0,0,0,2,2,2,0,0,0
2017-12-16,MUFFINS,Pump Crumb,0,8,8,8,0,0,0,0,2,2,2,0,0,0
2017-12-16,MUFFINS,Pump Choc,0,12,12,12,0,0,0,0,2,2,2,0,0,0
2017-12-16,MUFFINS,Cookies,0,0,0,0,0,0,0,0,0,0,0,0,0,0
2017-12-16,MUFFINS,Bars,0,0,0,0,0,0,0,0,0,0,0,0,0,0
2017-12-16,MUFFINS,Oatmeal CC,15,36,51,-6,42,15,0,0,0,0,0,0,0,0
2017-12-16,MUFFINS,VMWC Cran,5,48,53,11,42,0,0,0,0,0,0,0,0,0
2017-12-16,MUFFINS,Triple Choc,1,60,61,12,42,7,0,0,0,0,0,0,0,0
2017-12-16,MUFFINS,St nicker,0,48,48,18,30,0,0,0,0,0,0,0,0,0
2017-12-16,MUFFINS,frosted,9,0,9,9,0,0,0,0,0,0,0,0,0,0
2017-12-16,MUFFINS,Pep Brown,0,0,0,-5,0,5,0,0,0,0,0,0,0,0
2017-12-16,MUFFINS,Brownies,12,0,12,8,0,4,0,0,0,0,0,0,0,0
2017-12-16,MUFFINS,Pumpkin,0,20,20,20,0,0,0,0,0,0,0,0,0,0
2017-12-16,MUFFINS,Totals,42,442,484,239,180,65,0,0,14,14,12,0,0,0
2017-12-17,BREAD,H,0,0,0,0,0,0,0,0,0,0,0,0,0,0
2017-12-17,BREAD,FR,0,0,0,0,0,0,0,0,0,0,0,0,0,0
2017-12-17,BREAD,GW,0,0,0,0,0,0,0,0,0,0,0,0,0,0
2017-12-17,BREAD,DK,0,0,0,0,0,0,0,0,0,0,0,0,0,0
2017-12-17,BREAD,H5,0,0,0,0,0,0,0,0,0,0,0,0,0,0
2017-12-17,BREAD,CSWRL,0,0,0,0,0,0,0,0,0,0,0,0,0,0
2017-12-17,BREAD,Pump Swl,0,0,0,0,0,0,0,0,0,0,0,0,0,0
2017-12-17,BREAD,Map Pec,0,0,0,0,0,0,0,0,0,0,0,0,0,0
2017-12-17,BREAD,CnE,0,0,0,0,0,0,0,0,0,0,0,0,0,0
2017-12-17,BREAD,CnR,0,0,0,0,0,0,0,0,0,0,0,0,0,0
2017-12-17,BREAD,CnW,0,0,0,0,0,0,0,0,0,0,0,0,0,0
2017-12-17,BREAD,CG,0,0,0,0,0,0,0,0,0,0,0,0,0,0
2017-12-17,BREAD,Pesto CG,0,0,0,0,0,0,0,0,0,0,0,0,0,0
2017-12-17,BREAD,SO,0,0,0,0,0,0,0,0,0,0,0,0,0,0
2017-12-17,BREAD,AA,0,0,0,0,0,0,0,0,0,0,0,0,0,0
2017-12-17,BREAD,VS,0,0,0,0,0,0,0,0,0,0,0,0,0,0
2017-12-17,BREAD,CB,0,0,0,0,0,0,0,0,0,0,0,0,0,0
2017-12-17,BREAD,CrO,0,0,0,0,0,0,0,0,0,0,0,0,0,0
2017-12-17,BREAD,CH,0,0,0,0,0,0,0,0,0,0,0,0,0,0
2017-12-17,BREAD,car,0,0,0,0,0,0,0,0,0,0,0,0,0,0
2017-12-17,BREAD,ihf,0,0,0,0,0,0,0,0,0,0,0,0,0,0
2017-12-17,BREAD,Cro-Rls,0,0,0,0,0,0,0,0,0,0,0,0,0,0
2017-12-17,BREAD,So-Rls,0,0,0,0,0,0,0,0,0,0,0,0,0,0
2017-12-17,BREAD,But-Rls,0,0,0,0,0,0,0,0,0,0,0,0,0,0
2017-12-17,BREAD,H-RLS,0,0,0,0,0,0,0,0,0,0,0,0,0,0
2017-12-17,BREAD,FR-RLS,0,0,0,0,0,0,0,0,0,0,0,0,0,0
2017-12-17,BREAD,VS-RLS,0,0,0,0,0,0,0,0,0,0,0,0,0,0
2017-12-17,BREAD,BLUE STRU,0,0,0,0,0,0,0,0,0,0,0,0,0,0
2017-12-17,BREAD,Pump Cr,0,0,0,0,0,0,0,0,0,0,0,0,0,0
2017-12-17,BREAD,pump cc,0,0,0,0,0,0,0,0,0,0,0,0,0,0
2017-12-17,ROLLS,Cinnamon,0,0,0,0,0,0,0,0,0,0,0,0,0,0
2017-12-17,ROLLS,Pecan c-roll,0,0,0,0,0,0,0,0,0,0,0,0,0,0
2017-12-17,ROLLS,Mini C-Roll,0,0,0,0,0,0,0,0,0,0,0,0,0,0
2017-12-17,SCONES,Cr Orang,0,0,0,0,0,0,0,0,0,0,0,0,0,0
2017-12-17,SCONES,Cr OR W.Choc,0,0,0,0,0,0,0,0,0,0,0,0,0,0
2017-12-17,SCONES,Blueberry,0,0,0,0,0,0,0,0,0,0,0,0,0,0
2017-12-17,SCONES,Rasp Cream,0,0,0,0,0,0,0,0,0,0,0,0,0,0
2017-12-17,SCONES,Cherry,0,0,0,0,0,0,0,0,0,0,0,0,0,0
2017-12-17,SCONES,Butt Almond,0,0,0,0,0,0,0,0,0,0,0,0,0,0
2017-12-17,SCONES,Turtle,0,0,0,0,0,0,0,0,0,0,0,0,0,0
2017-12-17,SCONES,Cin Chip,0,0,0,0,0,0,0,0,0,0,0,0,0,0
2017-12-17,FRUIT BARS,Mixed Berry,0,0,0,0,0,0,0,0,0,0,0,0,0,0
2017-12-17,FRUIT BARS,Cherry,0,0,0,0,0,0,0,0,0,0,0,0,0,0
2017-12-17,FRUIT BARS,Apple Cin,0,0,0,0,0,0,0,0,0,0,0,0,0,0
2017-12-17,FRUIT BARS,Apple Cran,0,0,0,0,0,0,0,0,0,0,0,0,0,0
2017-12-17,MUFFINS,blue stru,0,0,0,0,0,0,0,0,0,0,0,0,0,0
2017-12-17,MUFFINS,Pump Crumb,0,0,0,0,0,0,0,0,0,0,0,0,0,0
2017-12-17,MUFFINS,Pump Choc,0,0,0,0,0,0,0,0,0,0,0,0,0,0
2017-12-17,MUFFINS,Cookies,0,0,0,0,0,0,0,0,0,0,0,0,0,0
2017-12-17,MUFFINS,Bars,0,0,0,0,0,0,0,0,0,0,0,0,0,0
2017-12-17,MUFFINS,Oatmeal CC,0,0,0,0,0,0,0,0,0,0,0,0,0,0
2017-12-17,MUFFINS,VMWC Cran,0,0,0,0,0,0,0,0,0,0,0,0,0,0
2017-12-17,MUFFINS,Triple Choc,0,0,0,0,0,0,0,0,0,0,0,0,0,0
2017-12-17,MUFFINS,St nicker,0,0,0,0,0,0,0,0,0,0,0,0,0,0
2017-12-17,MUFFINS,frosted,0,0,0,0,0,0,0,0,0,0,0,0,0,0
2017-12-17,MUFFINS,Pep Brown,0,0,0,0,0,0,0,0,0,0,0,0,0,0
2017-12-17,MUFFINS,Brownies,0,0,0,0,0,0,0,0,0,0,0,0,0,0
2017-12-17,MUFFINS,Pumpkin,0,0,0,0,0,0,0,0,0,0,0,0,0,0
2017-12-17,MUFFINS,Totals,0,0,0,0,0,0,0,0,0,0,0,0,0,0
2017-12-18,BREAD,H,0,54,54,10,14,0,30,0,0,0,0,0,0,0
2017-12-18,BREAD,FR,0,33,33,5,8,0,20,0,0,0,0,0,0,0
2017-12-18,BREAD,GW,0,12,12,6,3,0,3,0,0,0,0,0,0,0
2017-12-18,BREAD,DK,0,29,29,25,2,0,2,0,0,0,0,0,0,0
2017-12-18,BREAD,H5,0,0,0,0,0,0,0,0,0,0,0,0,0,0
2017-12-18,BREAD,CSWRL,0,52,52,35,13,0,4,0,12,12,3,0,0,9
2017-12-18,BREAD,Pump Swl,0,16,16,7,1,0,8,0,3,3,1,0,0,2
2017-12-18,BREAD,Map Pec,0,16,16,6,1,0,9,0,3,3,2,0,0,1
2017-12-18,BREAD,cne,0,43,43,13,25,0,5,0,88,88,12,0,0,0
2017-12-18,BREAD,CnR,0,6,6,5,0,0,1,0,0,0,0,0,0,0
2017-12-18,BREAD,CnW,0,6,6,6,0,0,0,0,0,0,0,0,0,0
2017-12-18,BREAD,CG,0,30,30,3,1,0,26,0,4,4,-1,0,0,1
2017-12-18,BREAD,Pesto CG,0,0,0,0,0,0,0,0,0,0,0,0,0,0
2017-12-18,BREAD,SO,0,17,17,8,2,0,7,0,3,3,-1,0,0,1
2017-12-18,BREAD,AA,0,6,6,4,0,0,2,0,0,0,0,0,0,0
2017-12-18,BREAD,VS,0,0,0,0,0,0,0,0,0,0,0,0,0,0
2017-12-18,BREAD,CB,0,0,0,0,0,0,0,0,0,0,0,0,0,0
2017-12-18,BREAD,CrO,0,0,0,0,0,0,0,0,0,0,0,0,0,0
2017-12-18,BREAD,CH,0,0,0,0,0,0,0,0,0,0,0,0,0,0
2017-12-18,BREAD,car,0,0,0,0,0,0,0,0,0,0,0,0,0,0
2017-12-18,BREAD,ihf,0,0,0,0,0,0,0,0,0,0,0,0,0,0
2017-12-18,BREAD,Cne Tree,0,6,6,3,0,0,3,0,0,0,0,0,0,0
2017-12-18,BREAD,Cro-Rls,0,0,0,0,0,0,0,0,0,0,0,0,0,0
2017-12-18,BREAD,So-Rls,0,0,0,0,0,0,0,0,0,0,0,0,0,0
2017-12-18,BREAD,But-Rls,0,24,24,5,6,0,13,0,0,0,0,0,0,0
2017-12-18,BREAD,H-RLS,0,12,12,7,0,0,5,0,0,0,0,0,0,0
2017-12-18,BREAD,FR-RLS,0,0,0,0,0,0,0,0,0,0,0,0,0,0
2017-12-18,BREAD,VS-RLS,0,0,0,0,0,0,0,0,0,0,0,0,0,0
2017-12-18,BREAD,BLUE STRU,0,8,8,5,0,0,3,0,0,0,0,0,0,0
2017-12-18,BREAD,Pump Cr,0,8,8,2,1,0,5,0,0,0,0,0,0,0
2017-12-18,BREAD,pump cc,0,22,22,7,11,0,4,0,0,0,0,0,0,0
2017-12-18,ROLLS,Cinnamon,0,48,48,29,16,3,0,0,0,0,0,0,0,0
2017-12-18,ROLLS,Pecan c-roll,0,12,12,9,0,3,0,0,0,0,0,0,0,0
2017-12-18,ROLLS,Mini C-Roll,0,24,24,24,0,0,0,0,0,0,0,0,0,0
2017-12-18,SCONES,Cr Orang,0,12,12,4,0,8,0,0,11,11,2,0,0,0
2017-12-18,SCONES,Cr OR W.Choc,0,12,12,12,0,0,0,0,12,12,2,0,0,0
2017-12-18,SCONES,Blueberry,0,0,0,0,0,0,0,0,0,0,0,0,0,0
2017-12-18,SCONES,Rasp Cream,0,18,18,18,0,0,0,0,13,13,2,0,0,0
2017-12-18,SCONES,Cherry,0,0,0,0,0,0,0,0,0,0,0,0,0,0
2017-12-18,SCONES,Butt Almond,0,0,0,0,0,0,0,0,0,0,0,0,0,0
2017-12-18,SCONES,Turtle,0,0,0,0,0,0,0,0,0,0,0,0,0,0
2017-12-18,SCONES,Cin Chip,0,14,14,14,0,0,0,0,13,13,1,0,0,0
2017-12-18,FRUIT BARS,Mixed Berry,0,12,12,2,5,5,0,0,0,0,0,0,0,0
2017-12-18,FRUIT BARS,Cherry,0,8,8,2,3,3,0,0,0,0,0,0,0,0
2017-12-18,FRUIT BARS,Apple Cin,0,12,12,0,5,7,0,0,0,0,0,0,0,0
2017-12-18,FRUIT BARS,Apple Cran,0,8,8,0,3,5,0,0,0,0,0,0,0,0
2017-12-18,MUFFINS,blue stru,0,10,10,6,0,4,0,0,2,2,-16,0,0,0
2017-12-18,MUFFINS,Pump Crumb,0,10,10,6,0,4,0,0,2,2,-16,0,0,0
2017-12-18,MUFFINS,Pump Choc,0,18,18,9,0,9,0,0,2,2,2,0,0,0
2017-12-18,MUFFINS,Cookies,0,0,0,0,0,0,0,0,0,0,0,0,0,0
2017-12-18,MUFFINS,Bars,0,0,0,0,0,0,0,0,0,0,0,0,0,0
2017-12-18,MUFFINS,Oatmeal CC,0,42,42,30,11,0,1,0,4,4,0,0,0,0
2017-12-18,MUFFINS,VMWC Cran,0,60,60,25,35,0,0,0,2,2,0,0,0,0
2017-12-18,MUFFINS,Triple Choc,0,30,30,26,4,0,0,0,2,2,0,0,0,0
2017-12-18,MUFFINS,St nicker,0,42,42,15,21,0,6,0,4,4,0,0,0,0
2017-12-18,MUFFINS,frosted,0,12,12,11,0,0,1,0,0,0,0,0,0,0
2017-12-18,MUFFINS,Pep Brown,0,0,0,0,0,0,0,0,0,0,0,0,0,0
2017-12-18,MUFFINS,Brownies,0,0,0,0,0,0,0,0,0,0,0,0,0,0
2017-12-18,MUFFINS,Pumpkin,0,20,20,6,4,2,8,0,0,0,0,0,0,0
2017-12-18,MUFFINS,Sugar Cream Pie,0,7,7,1,3,0,3,0,0,0,0,0,0,0
2017-12-18,MUFFINS,Totals,0,431,431,249,110,53,19,0,67,67,-23,0,0,0
2017-12-19,BREAD,H,30,22,52,38,2,0,12,0,0,0,0,0,0,0
2017-12-19,BREAD,FR,20,67,87,20,60,0,7,0,0,0,0,0,0,0
2017-12-19,BREAD,GW,3,15,18,5,0,0,13,0,0,0,0,0,0,0
2017-12-19,BREAD,DK,2,0,2,2,0,0,0,0,0,0,0,0,0,0
2017-12-19,BREAD,H5,0,19,19,16,0,0,3,0,0,0,0,0,0,0
2017-12-19,BREAD,CSWRL,4,76,80,45,35,0,0,9,16,25,11,0,0,5
2017-12-19,BREAD,Pump Swl,8,0,8,4,0,4,0,2,0,2,2,0,0,0
2017-12-19,BREAD,Map Pec,9,0,9,5,0,4,0,1,0,1,1,0,0,0
2017-12-19,BREAD,CnE,5,38,43,11,3,0,29,0,11,11,2,0,0,0
2017-12-19,BREAD,CnR,1,0,1,1,0,0,0,0,0,0,0,0,0,0
2017-12-19,BREAD,CnW,0,0,0,0,0,0,0,0,0,0,0,0,0,0
2017-12-19,BREAD,CG,26,0,26,14,0,12,0,1,0,1,1,0,0,0
2017-12-19,BREAD,Pesto CG,0,0,0,0,0,0,0,0,0,0,0,0,0,0
2017-12-19,BREAD,SO,7,0,7,6,0,1,0,1,0,1,1,0,0,0
2017-12-19,BREAD,AA,2,0,2,2,0,0,0,0,0,0,0,0,0,0
2017-12-19,BREAD,VS,0,16,16,12,4,0,0,0,4,4,1,0,0,3
2017-12-19,BREAD,CB,0,21,21,12,1,0,8,0,10,10,10,0,0,0
2017-12-19,BREAD,CrO,0,31,31,16,5,0,15,0,5,5,1,0,0,3
2017-12-19,BREAD,CH,0,12,12,12,0,0,10,0,4,4,4,0,0,4
2017-12-19,BREAD,car,0,0,0,0,0,0,0,0,0,0,0,0,0,0
2017-12-19,BREAD,c-r tree,0,0,0,0,0,0,0,0,0,0,0,0,0,0
2017-12-19,BREAD,Cne Tree,3,5,8,3,2,0,3,0,0,0,0,0,0,0
2017-12-19,BREAD,Cro-Rls,0,6,6,4,0,0,2,0,0,0,0,0,0,0
2017-12-19,BREAD,So-Rls,0,0,0,0,0,0,0,0,0,0,0,0,0,0
2017-12-19,BREAD,But-Rls,13,0,13,13,0,0,0,0,0,0,0,0,0,0
2017-12-19,BREAD,H-RLS,5,4,9,2,0,3,4,0,0,0,0,0,0,0
2017-12-19,BREAD,FR-RLS,0,0,0,0,0,0,0,0,0,0,0,0,0,0
2017-12-19,BREAD,VS-RLS,0,7,7,4,0,0,3,0,0,0,0,0,0,0
2017-12-19,BREAD,BLUE STRU,3,20,23,5,16,0,2,0,0,0,0,0,0,0
2017-12-19,BREAD,Pump Cr,5,12,17,7,10,0,0,0,0,0,0,0,0,0
2017-12-19,BREAD,pump cc,4,23,27,1,11,0,15,0,0,0,0,0,0,0
2017-12-19,ROLLS,Cinnamon,0,36,36,36,0,0,0,0,0,0,0,0,0,0
2017-12-19,ROLLS,Pecan c-roll,0,12,12,2,0,10,0,0,0,0,0,0,0,0
2017-12-19,ROLLS,Mini C-Roll,0,120,120,24,96,0,0,0,0,0,0,0,0,0
2017-12-19,SCONES,Cr Orang,0,14,14,13,1,0,0,0,14,14,2,0,0,0
2017-12-19,SCONES,Cr OR W.Choc,0,14,14,13,1,0,0,0,14,14,2,0,0,0
2017-12-19,SCONES,Blueberry,0,26,26,15,5,6,0,0,14,14,-3,0,0,0
2017-12-19,SCONES,Rasp Cream,0,0,0,0,0,0,0,0,0,0,0,0,0,0
2017-12-19,SCONES,Cherry,0,0,0,0,0,0,0,0,0,0,0,0,0,0
2017-12-19,SCONES,Butt Almond,0,0,0,0,0,0,0,0,0,0,0,0,0,0
2017-12-19,SCONES,Turtle,0,0,0,0,0,0,0,0,0,0,0,0,0,0
2017-12-19,SCONES,Cin Chip,0,18,18,13,5,0,0,0,14,14,2,0,0,0
2017-12-19,FRUIT BARS,Mixed Berry,0,8,8,1,3,4,0,0,0,0,0,0,0,0
2017-12-19,FRUIT BARS,Cherry,0,12,12,4,6,2,0,0,0,0,0,0,0,0
2017-12-19,FRUIT BARS,Apple Cin,0,8,8,1,6,1,0,0,0,0,0,0,0,0
2017-12-19,FRUIT BARS,Apple Cran,0,12,12,0,9,3,0,0,0,0,0,0,0,0
2017-12-19,MUFFINS,blue stru,0,12,12,7,2,3,0,0,2,2,1,0,0,0
2017-12-19,MUFFINS,Pump Crumb,0,9,9,4,2,3,0,0,20,20,2,0,0,0
2017-12-19,MUFFINS,Pump Choc,0,14,14,7,3,4,0,0,20,20,2,0,0,0
2017-12-19,MUFFINS,Cookies,0,0,0,0,0,0,0,0,0,0,0,0,0,0
2017-12-19,MUFFINS,Bars,0,0,0,0,0,0,0,0,0,0,0,0,0,0
2017-12-19,MUFFINS,Oatmeal CC,1,60,61,28,30,0,3,0,0,0,0,0,0,0
2017-12-19,MUFFINS,VMWC Cran,0,60,60,27,29,0,4,0,0,0,0,0,0,0
2017-12-19,MUFFINS,Triple Choc,0,60,60,31,29,0,0,0,0,0,0,0,0,0
2017-12-19,MUFFINS,St nicker,6,54,60,24,29,0,7,0,0,0,0,0,0,0
2017-12-19,MUFFINS,frosted,1,18,19,9,0,0,10,0,24,24,0,0,0,0
2017-12-19,MUFFINS,Pep Brown,0,10,10,5,3,2,0,0,0,0,0,0,0,0
2017-12-19,MUFFINS,Brownies,0,10,10,5,0,5,0,0,0,0,0,0,0,0
2017-12-19,MUFFINS,Pumpkin,8,0,8,4,0,4,0,0,0,0,0,0,0,0
2017-12-19,MUFFINS,Totals,19,587,606,276,259,47,24,0,122,122,8,0,0,0
2017-12-20,BREAD,H,12,35,47,22,3,0,22,0,0,0,0,0,0,0
2017-12-20,BREAD,FR,7,49,56,31,16,0,9,0,0,0,0,0,0,0
2017-12-20,BREAD,GW,13,0,13,7,0,3,3,0,0,0,0,0,0,0
2017-12-20,BREAD,DK,0,41,41,19,2,0,20,0,0,0,0,0,0,0
2017-12-20,BREAD,H5,3,0,3,3,0,0,0,0,0,0,0,0,0,0
2017-12-20,BREAD,CSWRL,0,88,88,48,30,0,10,5,12,17,9,0,0,8
2017-12-20,BREAD,Pump Swl,0,8,8,2,0,0,6,0,4,4,1,0,0,3
2017-12-20,BREAD,Map Pec,0,8,8,5,0,0,3,0,4,4,1,0,0,3
2017-12-20,BREAD,CnE,29,21,50,43,5,2,0,0,9,9,2,0,0,7
2017-12-20,BREAD,CnR,0,4,4,4,0,0,0,0,0,0,0,0,0,0
2017-12-20,BREAD,CnW,0,8,8,4,4,0,0,0,0,0,0,0,0,0
2017-12-20,BREAD,CG,0,18,18,13,0,0,5,0,4,4,2,0,0,2
2017-12-20,BREAD,Pesto CG,0,0,0,0,0,0,0,0,0,0,0,0,0,0
2017-12-20,BREAD,SO,0,9,9,8,1,0,0,0,5,5,1,0,0,2
2017-12-20,BREAD,AA,0,8,8,6,0,0,2,0,0,0,0,0,0,0
2017-12-20,BREAD,VS,0,0,0,0,0,0,0,3,0,3,3,0,0,0
2017-12-20,BREAD,CB,8,0,8,8,0,0,0,0,0,0,0,0,0,0
2017-12-20,BREAD,CrO,10,0,10,8,0,2,0,4,0,4,4,0,0,0
2017-12-20,BREAD,CH,0,0,0,-5,0,5,0,0,0,0,-4,0,0,0
2017-12-20,BREAD,PAP,0,2,2,0,2,0,0,0,0,0,0,0,0,0
2017-12-20,BREAD,c-r tree,0,10,10,2,3,3,2,0,0,0,0,0,0,0
2017-12-20,BREAD,Cne Tree,3,6,9,2,0,2,5,0,0,0,0,0,0,0
2017-12-20,BREAD,Cro-Rls,2,0,2,2,0,0,0,0,0,0,0,0,0,0
2017-12-20,BREAD,So-Rls,0,0,0,0,0,0,0,0,0,0,0,0,0,0
2017-12-20,BREAD,But-Rls,0,24,24,5,6,0,13,0,0,0,0,0,0,0
2017-12-20,BREAD,H-RLS,4,5,9,5,0,0,4,0,0,0,0,0,0,0
2017-12-20,BREAD,FR-RLS,0,0,0,0,0,0,0,0,0,0,0,0,0,0
2017-12-20,BREAD,VS-RLS,3,0,3,3,0,0,0,0,0,0,0,0,0,0
2017-12-20,BREAD,BLUE STRU,2,11,13,12,1,0,0,0,0,0,0,0,0,0
2017-12-20,BREAD,Pump Cr,0,16,16,5,1,0,10,0,0,0,0,0,0,0
2017-12-20,BREAD,pump cc,15,12,27,14,2,2,9,0,0,0,0,0,0,0
2017-12-20,ROLLS,Cinnamon,0,60,60,45,4,11,0,0,0,0,0,0,0,0
2017-12-20,ROLLS,Pecan c-roll,0,12,12,8,0,4,0,0,0,0,0,0,0,0
2017-12-20,ROLLS,Mini C-Roll,0,216,216,24,192,0,0,0,0,0,0,0,0,0
2017-12-20,SCONES,Cr Orang,0,18,18,14,4,0,0,0,4,4,2,0,0,0
2017-12-20,SCONES,Cr OR W.Choc,0,14,14,14,0,0,0,0,4,4,2,0,0,0
2017-12-20,SCONES,Blueberry,0,0,0,0,0,0,0,0,0,0,0,0,0,0
2017-12-20,SCONES,Rasp Cream,0,20,20,16,0,4,0,0,4,4,1,0,0,0
2017-12-20,SCONES,Cherry,0,0,0,0,0,0,0,0,0,0,0,0,0,0
2017-12-20,SCONES,Butt Almond,0,0,0,0,0,0,0,0,0,0,0,0,0,0
2017-12-20,SCONES,Turtle,0,16,16,10,0,6,0,0,4,4,2,0,0,0
2017-12-20,SCONES,Cin Chip,0,0,0,0,0,0,0,0,0,0,0,0,0,0
2017-12-20,FRUIT BARS,Mixed Berry,0,8,8,5,2,1,0,0,0,0,0,0,0,0
2017-12-20,FRUIT BARS,Cherry,0,12,12,8,2,2,0,0,0,0,0,0,0,0
2017-12-20,FRUIT BARS,Apple Cin,0,0,0,0,0,0,0,0,0,0,0,0,0,0
2017-12-20,FRUIT BARS,Apple Cran,0,0,0,0,0,0,0,0,0,0,0,0,0,0
2017-12-20,MUFFINS,blue stru,0,8,8,5,0,3,0,0,4,4,1,0,0,0
2017-12-20,MUFFINS,Pump Crumb,0,8,8,1,0,7,0,0,6,6,1,0,0,0
2017-12-20,MUFFINS,Pump Choc,0,10,10,5,0,5,0,0,4,4,0,0,0,0
2017-12-20,MUFFINS,Cookies,0,0,0,0,0,0,0,0,0,0,0,0,0,0
2017-12-20,MUFFINS,Bars,0,0,0,0,0,0,0,0,0,0,0,0,0,0
2017-12-20,MUFFINS,Oatmeal CC,3,48,51,33,17,0,1,0,6,6,0,0,0,0
2017-12-20,MUFFINS,VMWC Cran,4,42,46,30,11,0,5,0,4,4,0,0,0,0
2017-12-20,MUFFINS,Triple Choc,0,48,48,22,14,0,12,0,4,4,0,0,0,0
2017-12-20,MUFFINS,St nicker,7,66,73,2,38,0,33,0,4,4,0,0,0,0
2017-12-20,MUFFINS,frosted,10,12,22,17,0,0,5,0,0,0,0,0,0,0
2017-12-20,MUFFINS,Pep Brown,0,0,0,0,0,0,0,0,0,0,0,0,0,0
2017-12-20,MUFFINS,Brownies,0,0,0,0,0,0,0,0,0,0,0,0,0,0
2017-12-20,MUFFINS,Pumpkin,0,20,20,8,0,2,10,0,0,0,0,0,0,0
2017-12-20,MUFFINS,Totals,24,638,662,267,284,45,66,0,48,48,9,0,0,0
2017-12-21,BREAD,H,22,32,54,31,2,0,21,0,0,0,0,0,0,0
2017-12-21,BREAD,FR,9,36,45,21,0,0,24,0,0,0,0,0,0,0
2017-12-21,BREAD,GW,3,3,6,5,0,0,1,0,0,0,0,0,0,0
2017-12-21,BREAD,DK,20,0,20,18,0,0,2,0,0,0,0,0,0,0
2017-12-21,BREAD,H5,0,24,24,11,5,0,8,0,0,0,0,0,0,0
2017-12-21,BREAD,CSWRL,10,80,90,65,18,0,7,8,32,40,20,0,0,5
2017-12-21,BREAD,Pump Swl,6,0,6,5,0,1,0,3,0,3,1,0,0,0
2017-12-21,BREAD,Map Pec,3,4,7,6,1,0,0,3,0,3,3,0,0,0
2017-12-21,BREAD,CnE,0,46,46,28,0,0,18,7,3,10,9,0,0,1
2017-12-21,BREAD,CnR,0,0,0,0,0,0,0,0,0,0,0,0,0,0
2017-12-21,BREAD,CnW,0,0,0,0,0,0,0,0,0,0,0,0,0,0
2017-12-21,BREAD,CG,5,0,5,5,0,0,0,2,0,2,1,0,0,0
2017-12-21,BREAD,Pesto CG,0,0,0,0,0,0,0,0,0,0,0,0,0,0
2017-12-21,BREAD,SO,0,0,0,0,0,0,0,2,0,2,0,0,0,0
2017-12-21,BREAD,AA,2,0,2,2,0,0,0,0,0,0,0,0,0,0
2017-12-21,BREAD,VS,0,32,32,12,5,0,15,0,7,7,3,0,0,4
2017-12-21,BREAD,CB,0,33,33,14,4,0,15,0,11,11,6,0,0,5
2017-12-21,BREAD,CrO,0,35,35,30,5,0,11,0,7,7,5,0,0,5
2017-12-21,BREAD,CH,0,9,9,3,6,0,0,0,5,5,5,0,0,2
2017-12-21,BREAD,car,0,0,0,0,0,0,0,0,0,0,0,0,0,0
2017-12-21,BREAD,c-r tree,2,0,2,1,1,0,0,0,0,0,0,0,0,0
2017-12-21,BREAD,Cne Tree,5,0,5,4,0,1,0,0,0,0,0,0,0,0
2017-12-21,BREAD,Cro-Rls,0,9,9,3,2,0,4,0,0,0,0,0,0,0
2017-12-21,BREAD,So-Rls,0,0,0,0,0,0,0,0,0,0,0,0,0,0
2017-12-21,BREAD,But-Rls,13,17,30,8,11,0,11,0,0,0,0,0,0,0
2017-12-21,BREAD,H-RLS,4,11,15,5,3,0,7,0,0,0,0,0,0,0
2017-12-21,BREAD,FR-RLS,0,0,0,0,0,0,0,0,0,0,0,0,0,0
2017-12-21,BREAD,VS-RLS,0,18,18,8,6,0,4,0,0,0,0,0,0,0
2017-12-21,BREAD,BLUE STRU,0,16,16,10,0,0,6,0,0,0,0,0,0,0
2017-12-21,BREAD,Pump Cr,10,0,10,3,0,7,0,0,0,0,0,0,0,0
2017-12-21,BREAD,pump cc,9,36,45,11,27,0,7,0,0,0,0,0,0,0
2017-12-21,ROLLS,Cinnamon,0,48,48,48,0,0,0,0,0,0,0,0,0,0
2017-12-21,ROLLS,Pecan c-roll,0,12,12,6,0,6,0,0,0,0,0,0,0,0
2017-12-21,ROLLS,Mini PECAN,0,24,24,0,24,0,0,0,0,0,0,0,0,0
2017-12-21,ROLLS,Mini C-Roll,0,192,192,0,192,0,0,0,0,0,0,0,0,0
2017-12-21,SCONES,Cr Orang,0,36,36,23,12,1,0,0,23,23,0,0,0,0
2017-12-21,SCONES,Cr OR W.Choc,0,18,18,18,0,0,0,0,25,25,1,0,0,0
2017-12-21,SCONES,Blueberry,0,18,18,12,0,6,0,0,25,25,2,0,0,0
2017-12-21,SCONES,Rasp Cream,0,0,0,0,0,0,0,0,0,0,0,0,0,0
2017-12-21,SCONES,Cherry,0,0,0,0,0,0,0,0,0,0,0,0,0,0
2017-12-21,SCONES,Butt Almond,0,0,0,0,0,0,0,0,0,0,0,0,0,0
2017-12-21,SCONES,Turtle,0,12,12,12,0,0,0,0,25,25,2,0,0,0
2017-12-21,SCONES,Cin Chip,0,0,0,0,0,0,0,0,0,0,0,0,0,0
2017-12-21,FRUIT BARS,Mixed Berry,0,20,20,9,11,0,0,0,0,0,0,0,0,0
2017-12-21,FRUIT BARS,Cherry,0,20,20,7,12,1,0,0,0,0,0,0,0,0
2017-12-21,FRUIT BARS,Apple Cin,0,12,12,2,8,2,0,0,0,0,0,0,0,0
2017-12-21,FRUIT BARS,Apple Cran,0,8,8,4,4,0,0,0,0,0,0,0,0,0
2017-12-21,MUFFINS,blue stru,0,8,8,8,0,0,0,0,42,42,0,0,0,0
2017-12-21,MUFFINS,Pump Crumb,0,8,8,3,0,5,0,0,42,42,2,0,0,0
2017-12-21,MUFFINS,Pump Choc,0,27,27,9,17,1,0,0,2,2,1,0,0,0
2017-12-21,MUFFINS,Cookies,0,0,0,0,0,0,0,0,0,0,0,0,0,0
2017-12-21,MUFFINS,Bars,0,0,0,0,0,0,0,0,0,0,0,0,0,0
2017-12-21,MUFFINS,Oatmeal CC,1,30,31,15,0,0,16,0,0,0,0,0,0,0
2017-12-21,MUFFINS,VMWC Cran,5,36,41,30,6,0,5,0,0,0,0,0,0,0
2017-12-21,MUFFINS,Triple Choc,12,24,36,20,0,0,16,0,0,0,0,0,0,0
2017-12-21,MUFFINS,St nicker,33,0,33,17,0,0,16,0,0,0,0,0,0,0
2017-12-21,MUFFINS,frosted,5,0,5,5,0,0,0,0,0,0,0,0,0,0
2017-12-21,MUFFINS,Pep Brown,0,0,0,0,0,0,0,0,0,0,0,0,0,0
2017-12-21,MUFFINS,Brownies,0,0,0,0,0,0,0,0,0,0,0,0,0,0
2017-12-21,MUFFINS,Pumpkin,10,0,0,-5,0,5,0,0,0,0,0,0,0,0
2017-12-21,MUFFINS,Totals,66,553,609,243,286,27,53,0,184,184,8,0,0,0
2017-12-22,BREAD,H,21,48,69,43,14,0,12,0,0,0,0,0,0,0
2017-12-22,BREAD,FR,24,44,68,30,29,0,9,0,0,0,0,0,0,0
2017-12-22,BREAD,GW,1,9,10,4,0,0,6,0,0,0,0,0,0,0
2017-12-22,BREAD,DK,2,28,30,16,4,0,10,0,0,0,0,0,0,0
2017-12-22,BREAD,H5,8,0,8,5,0,0,3,0,0,0,0,0,0,0
2017-12-22,BREAD,CSWRL,7,84,91,64,12,0,15,5,20,25,25,0,0,0
2017-12-22,BREAD,Pump Swl,0,12,12,9,1,0,2,0,3,3,1,0,0,2
2017-12-22,BREAD,Map Pec,0,12,12,10,0,0,2,0,3,3,3,0,0,0
2017-12-22,BREAD,CnE,18,55,73,31,40,0,2,1,14,15,4,0,0,9
2017-12-22,BREAD,CnR,0,12,12,8,4,0,0,0,0,0,0,0,0,0
2017-12-22,BREAD,CnW,0,12,12,7,5,0,0,0,0,0,0,0,0,0
2017-12-22,BREAD,CG,0,28,28,11,1,0,16,0,7,7,4,0,0,3
2017-12-22,BREAD,Pesto CG,0,0,0,0,0,0,0,0,0,0,0,0,0,0
2017-12-22,BREAD,SO,0,24,24,12,2,0,10,0,7,7,1,0,0,6
2017-12-22,BREAD,AA,0,12,12,6,1,0,5,0,0,0,0,0,0,0
2017-12-22,BREAD,VS,15,0,15,8,1,6,0,4,0,4,2,0,0,0
2017-12-22,BREAD,CB,15,0,15,15,0,0,0,5,0,5,5,0,0,0
2017-12-22,BREAD,CrO,11,0,11,4,0,7,0,5,0,5,1,0,0,0
2017-12-22,BREAD,CH,0,0,0,-5,0,0,0,2,0,2,2,0,0,0
2017-12-22,BREAD,car,0,0,0,-5,0,0,5,0,0,0,0,0,0,0
2017-12-22,BREAD,c-r tree,0,8,8,4,2,0,2,0,0,0,0,0,0,0
2017-12-22,BREAD,Cne Tree,0,9,9,4,2,0,3,0,0,0,0,0,0,0
2017-12-22,BREAD,Cro-Rls,4,0,4,4,0,0,0,0,0,0,0,0,0,0
2017-12-22,BREAD,So-Rls,0,2,2,1,1,0,0,0,0,0,0,0,0,0
2017-12-22,BREAD,But-Rls,11,50,61,48,11,0,2,0,0,0,0,0,0,0
2017-12-22,BREAD,H-RLS,7,24,31,16,10,0,5,0,0,0,0,0,0,0
2017-12-22,BREAD,FR-RLS,0,5,5,3,2,0,0,0,0,0,0,0,0,0
2017-12-22,BREAD,VS-RLS,4,0,4,4,0,0,0,0,0,0,0,0,0,0
2017-12-22,BREAD,BLUE STRU,6,10,16,6,2,0,8,0,0,0,0,0,0,0
2017-12-22,BREAD,Pump Cr,0,8,8,3,0,0,5,0,0,0,0,0,0,0
2017-12-22,BREAD,pump cc,7,12,19,15,1,0,3,0,0,0,0,0,0,0
2017-12-22,ROLLS,Cinnamon,0,84,84,72,12,0,0,0,0,0,0,0,0,0
2017-12-22,ROLLS,Pecan c-roll,0,12,12,12,0,0,0,0,0,0,0,0,0,0
2017-12-22,ROLLS,Mini C-Roll,0,72,72,24,48,0,0,0,0,0,0,0,0,0
2017-12-22,SCONES,Cr Orang,0,28,28,24,4,0,0,0,2,2,2,0,0,0
2017-12-22,SCONES,Cr OR W.Choc,0,20,20,20,0,0,0,0,2,2,2,0,0,0
2017-12-22,SCONES,Blueberry,0,0,0,0,0,0,0,0,0,0,0,0,0,0
2017-12-22,SCONES,Rasp Cream,0,0,0,0,0,0,0,0,0,0,0,0,0,0
2017-12-22,SCONES,Cherry,0,24,24,16,4,4,0,0,4,4,1,0,0,0
2017-12-22,SCONES,Butt Almond,0,24,24,18,4,2,0,0,3,3,2,0,0,0
2017-12-22,SCONES,Turtle,0,0,0,0,0,0,0,0,0,0,0,0,0,0
2017-12-22,SCONES,Cin Chip,0,0,0,0,0,0,0,0,0,0,0,0,0,0
2017-12-22,FRUIT BARS,Mixed Berry,0,0,0,0,0,0,0,0,0,0,0,0,0,0
2017-12-22,FRUIT BARS,Cherry,0,0,0,0,0,0,0,0,0,0,0,0,0,0
2017-12-22,FRUIT BARS,Apple Cin,0,12,12,6,6,0,0,0,0,0,0,0,0,0
2017-12-22,FRUIT BARS,Apple Cran,0,8,8,3,3,2,0,0,0,0,0,0,0,0
2017-12-22,MUFFINS,blue stru,0,21,21,9,9,3,0,0,6,6,-1,0,0,0
2017-12-22,MUFFINS,Pump Crumb,0,8,8,3,0,5,0,0,6,6,1,0,0,0
2017-12-22,MUFFINS,Pump Choc,0,25,25,-1,9,17,0,0,6,6,1,0,0,0
2017-12-22,MUFFINS,Cookies,0,0,0,0,0,0,0,0,0,0,0,0,0,0
2017-12-22,MUFFINS,Bars,0,0,0,0,0,0,0,0,0,0,0,0,0,0
2017-12-22,MUFFINS,Oatmeal CC,16,24,40,19,0,0,21,0,4,4,0,0,0,0
2017-12-22,MUFFINS,VMWC Cran,5,30,35,16,0,0,19,0,4,4,0,0,0,0
2017-12-22,MUFFINS,Triple Choc,16,24,40,26,3,0,11,0,4,4,0,0,0,0
2017-12-22,MUFFINS,St nicker,16,24,40,35,0,0,5,0,4,4,0,0,0,0
2017-12-22,MUFFINS,frosted,0,24,24,0,0,0,24,0,0,0,0,0,0,0
2017-12-22,MUFFINS,Pep Brown,0,10,10,8,2,0,0,0,0,0,0,0,0,0
2017-12-22,MUFFINS,Brownies,0,10,10,9,1,0,0,0,0,0,0,0,0,0
2017-12-22,MUFFINS,Pumpkin,0,20,20,3,2,6,9,0,0,0,0,0,0,0
2017-12-22,MUFFINS,take-n-bake,0,0,0,-3,3,0,0,0,0,0,0,0,0,0
2017-12-22,MUFFINS,Totals,53,504,557,319,110,39,89,0,45,45,8,0,0,0
2017-12-23,BREAD,H,12,27,39,35,0,4,0,0,0,0,0,0,0,0
2017-12-23,BREAD,FR,9,13,22,22,0,0,0,0,0,0,0,0,0,0
2017-12-23,BREAD,GW,6,0,6,6,0,0,0,0,0,0,0,0,0,0
2017-12-23,BREAD,DK,10,0,10,9,0,1,0,0,0,0,0,0,0,0
2017-12-23,BREAD,H5,3,0,3,3,0,0,0,0,0,0,0,0,0,0
2017-12-23,BREAD,CSWRL,15,60,75,60,15,0,0,0,28,28,17,0,0,0
2017-12-23,BREAD,Pump Swl,2,12,14,13,0,1,0,2,3,5,3,0,0,0
2017-12-23,BREAD,Map Pec,2,8,10,10,0,0,0,0,0,0,0,0,0,0
2017-12-23,BREAD,CnE,2,40,42,39,3,0,0,9,0,9,9,0,0,0
2017-12-23,BREAD,CnR,0,4,4,2,2,0,0,0,0,0,0,0,0,0
2017-12-23,BREAD,CnW,0,4,4,2,2,0,0,0,0,0,0,0,0,0
2017-12-23,BREAD,CG,16,0,16,16,0,0,0,3,0,3,3,0,0,0
2017-12-23,BREAD,Pesto CG,0,0,0,0,0,0,0,0,0,0,0,0,0,0
2017-12-23,BREAD,SO,10,0,10,6,0,4,0,6,0,6,6,0,0,0
2017-12-23,BREAD,AA,5,0,5,5,0,0,0,0,0,0,0,0,0,0
2017-12-23,BREAD,VS,0,22,22,17,5,0,0,0,6,6,6,0,0,0
2017-12-23,BREAD,CB,0,22,22,17,4,1,0,0,7,7,7,0,0,0
2017-12-23,BREAD,CrO,0,29,29,10,17,2,0,0,6,6,3,0,0,0
2017-12-23,BREAD,CH,5,0,5,5,0,0,0,0,0,0,0,0,0,0
2017-12-23,BREAD,car,5,0,5,1,0,4,0,0,0,0,0,0,0,0
2017-12-23,BREAD,c-r tree,2,2,4,3,0,1,0,0,0,0,0,0,0,0
2017-12-23,BREAD,Cne Tree,3,0,3,3,0,0,0,0,0,0,0,0,0,0
2017-12-23,BREAD,Cro-Rls,0,6,6,4,1,1,0,0,0,0,0,0,0,0
2017-12-23,BREAD,So-Rls,0,0,0,0,0,0,0,0,0,0,0,0,0,0
2017-12-23,BREAD,But-Rls,2,95,97,55,42,0,0,0,0,0,0,0,0,0
2017-12-23,BREAD,H-RLS,5,23,28,22,6,0,0,0,0,0,0,0,0,0
2017-12-23,BREAD,FR-RLS,0,0,0,0,0,0,0,0,0,0,0,0,0,0
2017-12-23,BREAD,VS-RLS,0,36,36,18,18,0,0,0,0,0,0,0,0,0
2017-12-23,BREAD,BLUE STRU,8,0,8,6,0,2,0,0,0,0,0,0,0,0
2017-12-23,BREAD,Pump Cr,5,2,7,5,0,2,0,0,0,0,0,0,0,0
2017-12-23,BREAD,pump cc,3,9,12,7,0,5,0,0,0,0,0,0,0,0
2017-12-23,ROLLS,Cinnamon,0,96,96,62,34,0,0,0,0,0,0,0,0,0
2017-12-23,ROLLS,Pecan c-roll,0,12,12,8,4,0,0,0,0,0,0,0,0,0
2017-12-23,ROLLS,Mini C-Roll,0,24,24,-48,72,0,0,0,0,0,0,0,0,0
2017-12-23,SCONES,Cr Orang,0,16,16,16,0,0,0,0,2,2,2,0,0,0
2017-12-23,SCONES,Cr OR W.Choc,0,16,16,16,0,0,0,0,2,2,2,0,0,0
2017-12-23,SCONES,Blueberry,0,24,24,24,0,0,0,0,2,2,2,0,0,0
2017-12-23,SCONES,Rasp Cream,0,0,0,0,0,0,0,0,0,0,0,0,0,0
2017-12-23,SCONES,Cherry,0,0,0,0,0,0,0,0,0,0,0,0,0,0
2017-12-23,SCONES,Butt Almond,0,18,18,18,0,0,0,0,2,2,2,0,0,0
2017-12-23,SCONES,Turtle,0,0,0,0,0,0,0,0,0,0,0,0,0,0
2017-12-23,SCONES,Cin Chip,0,0,0,0,0,0,0,0,0,0,0,0,0,0
2017-12-23,FRUIT BARS,Mixed Berry,0,8,8,8,0,0,0,0,0,0,0,0,0,0
2017-12-23,FRUIT BARS,Cherry,0,12,12,12,0,0,0,0,0,0,0,0,0,0
2017-12-23,FRUIT BARS,Apple Cin,0,0,0,0,0,0,0,0,0,0,0,0,0,0
2017-12-23,FRUIT BARS,Apple Cran,0,0,0,0,0,0,0,0,0,0,0,0,0,0
2017-12-23,MUFFINS,blue stru,0,12,12,10,2,0,0,0,10,10,6,0,0,0
2017-12-23,MUFFINS,Pump Crumb,0,8,8,8,0,0,0,0,10,10,6,0,0,0
2017-12-23,MUFFINS,Pump Choc,0,14,14,12,2,0,0,0,10,10,6,0,0,0
2017-12-23,MUFFINS,Cookies,0,0,0,0,0,0,0,0,0,0,0,0,0,0
2017-12-23,MUFFINS,Bars,0,0,0,0,0,0,0,0,0,0,0,0,0,0
2017-12-23,MUFFINS,Oatmeal CC,24,0,24,23,0,1,0,0,0,0,0,0,0,0
2017-12-23,MUFFINS,VMWC Cran,21,0,21,18,0,3,0,0,0,0,0,0,0,0
2017-12-23,MUFFINS,Triple Choc,19,6,25,16,9,0,0,0,0,0,0,0,0,0
2017-12-23,MUFFINS,St nicker,11,6,17,17,0,0,0,0,0,0,0,0,0,0
2017-12-23,MUFFINS,frosted,5,36,41,41,0,0,0,0,0,0,0,0,0,0
2017-12-23,MUFFINS,Pep Brown,0,0,0,0,0,0,0,0,0,0,0,0,0,0
2017-12-23,MUFFINS,Brownies,0,0,0,0,0,0,0,0,0,0,0,0,0,0
2017-12-23,MUFFINS,Pumpkin,9,0,9,9,0,0,0,0,0,0,0,0,0,0
2017-12-23,MUFFINS,Totals,89,308,397,270,123,4,0,0,38,38,26,0,0,0
2017-12-24,BREAD,H,0,0,0,0,0,0,0,0,0,0,0,0,0,0
2017-12-24,BREAD,FR,0,0,0,0,0,0,0,0,0,0,0,0,0,0
2017-12-24,BREAD,GW,0,0,0,0,0,0,0,0,0,0,0,0,0,0
2017-12-24,BREAD,DK,0,0,0,0,0,0,0,0,0,0,0,0,0,0
2017-12-24,BREAD,H5,0,0,0,0,0,0,0,0,0,0,0,0,0,0
2017-12-24,BREAD,CSWRL,0,0,0,0,0,0,0,0,0,0,0,0,0,0
2017-12-24,BREAD,Pump Swl,0,0,0,0,0,0,0,0,0,0,0,0,0,0
2017-12-24,BREAD,Map Pec,0,0,0,0,0,0,0,0,0,0,0,0,0,0
2017-12-24,BREAD,CnE,0,0,0,0,0,0,0,0,0,0,0,0,0,0
2017-12-24,BREAD,CnR,0,0,0,0,0,0,0,0,0,0,0,0,0,0
2017-12-24,BREAD,CnW,0,0,0,0,0,0,0,0,0,0,0,0,0,0
2017-12-24,BREAD,CG,0,0,0,0,0,0,0,0,0,0,0,0,0,0
2017-12-24,BREAD,Pesto CG,0,0,0,0,0,0,0,0,0,0,0,0,0,0
2017-12-24,BREAD,SO,0,0,0,0,0,0,0,0,0,0,0,0,0,0
2017-12-24,BREAD,AA,0,0,0,0,0,0,0,0,0,0,0,0,0,0
2017-12-24,BREAD,VS,0,0,0,0,0,0,0,0,0,0,0,0,0,0
2017-12-24,BREAD,CB,0,0,0,0,0,0,0,0,0,0,0,0,0,0
2017-12-24,BREAD,CrO,0,0,0,0,0,0,0,0,0,0,0,0,0,0
2017-12-24,BREAD,CH,0,0,0,0,0,0,0,0,0,0,0,0,0,0
2017-12-24,BREAD,car,0,0,0,0,0,0,0,0,0,0,0,0,0,0
2017-12-24,BREAD,ihf,0,0,0,0,0,0,0,0,0,0,0,0,0,0
2017-12-24,BREAD,Cro-Rls,0,0,0,0,0,0,0,0,0,0,0,0,0,0
2017-12-24,BREAD,So-Rls,0,0,0,0,0,0,0,0,0,0,0,0,0,0
2017-12-24,BREAD,But-Rls,0,0,0,0,0,0,0,0,0,0,0,0,0,0
2017-12-24,BREAD,H-RLS,0,0,0,0,0,0,0,0,0,0,0,0,0,0
2017-12-24,BREAD,FR-RLS,0,0,0,0,0,0,0,0,0,0,0,0,0,0
2017-12-24,BREAD,VS-RLS,0,0,0,0,0,0,0,0,0,0,0,0,0,0
2017-12-24,BREAD,BLUE STRU,0,0,0,0,0,0,0,0,0,0,0,0,0,0
2017-12-24,BREAD,Pump Cr,0,0,0,0,0,0,0,0,0,0,0,0,0,0
2017-12-24,BREAD,pump cc,0,0,0,0,0,0,0,0,0,0,0,0,0,0
2017-12-24,ROLLS,Cinnamon,0,0,0,0,0,0,0,0,0,0,0,0,0,0
2017-12-24,ROLLS,Pecan c-roll,0,0,0,0,0,0,0,0,0,0,0,0,0,0
2017-12-24,ROLLS,Mini C-Roll,0,0,0,0,0,0,0,0,0,0,0,0,0,0
2017-12-24,SCONES,Cr Orang,0,0,0,0,0,0,0,0,0,0,0,0,0,0
2017-12-24,SCONES,Cr OR W.Choc,0,0,0,0,0,0,0,0,0,0,0,0,0,0
2017-12-24,SCONES,Blueberry,0,0,0,0,0,0,0,0,0,0,0,0,0,0
2017-12-24,SCONES,Rasp Cream,0,0,0,0,0,0,0,0,0,0,0,0,0,0
2017-12-24,SCONES,Cherry,0,0,0,0,0,0,0,0,0,0,0,0,0,0
2017-12-24,SCONES,Butt Almond,0,0,0,0,0,0,0,0,0,0,0,0,0,0
2017-12-24,SCONES,Turtle,0,0,0,0,0,0,0,0,0,0,0,0,0,0
2017-12-24,SCONES,Cin Chip,0,0,0,0,0,0,0,0,0,0,0,0,0,0
2017-12-24,FRUIT BARS,Mixed Berry,0,0,0,0,0,0,0,0,0,0,0,0,0,0
2017-12-24,FRUIT BARS,Cherry,0,0,0,0,0,0,0,0,0,0,0,0,0,0
2017-12-24,FRUIT BARS,Apple Cin,0,0,0,0,0,0,0,0,0,0,0,0,0,0
2017-12-24,FRUIT BARS,Apple Cran,0,0,0,0,0,0,0,0,0,0,0,0,0,0
2017-12-24,MUFFINS,blue stru,0,0,0,0,0,0,0,0,0,0,0,0,0,0
2017-12-24,MUFFINS,Pump Crumb,0,0,0,0,0,0,0,0,0,0,0,0,0,0
2017-12-24,MUFFINS,Pump Choc,0,0,0,0,0,0,0,0,0,0,0,0,0,0
2017-12-24,MUFFINS,Cookies,0,0,0,0,0,0,0,0,0,0,0,0,0,0
2017-12-24,MUFFINS,Bars,0,0,0,0,0,0,0,0,0,0,0,0,0,0
2017-12-24,MUFFINS,Oatmeal CC,0,0,0,0,0,0,0,0,0,0,0,0,0,0
2017-12-24,MUFFINS,VMWC Cran,0,0,0,0,0,0,0,0,0,0,0,0,0,0
2017-12-24,MUFFINS,Triple Choc,0,0,0,0,0,0,0,0,0,0,0,0,0,0
2017-12-24,MUFFINS,St nicker,0,0,0,0,0,0,0,0,0,0,0,0,0,0
2017-12-24,MUFFINS,frosted,0,0,0,0,0,0,0,0,0,0,0,0,0,0
2017-12-24,MUFFINS,Pep Brown,0,0,0,0,0,0,0,0,0,0,0,0,0,0
2017-12-24,MUFFINS,Brownies,0,0,0,0,0,0,0,0,0,0,0,0,0,0
2017-12-24,MUFFINS,Pumpkin,0,0,0,0,0,0,0,0,0,0,0,0,0,0
2017-12-24,MUFFINS,Totals,0,0,0,0,0,0,0,0,0,0,0,0,0,0
2017-12-25,BREAD,H,0,0,0,0,0,0,0,0,0,0,0,0,0,0
2017-12-25,BREAD,FR,0,0,0,0,0,0,0,0,0,0,0,0,0,0
2017-12-25,BREAD,GW,0,0,0,0,0,0,0,0,0,0,0,0,0,0
2017-12-25,BREAD,DK,0,0,0,0,0,0,0,0,0,0,0,0,0,0
2017-12-25,BREAD,H5,0,0,0,0,0,0,0,0,0,0,0,0,0,0
2017-12-25,BREAD,CSWRL,0,0,0,0,0,0,0,0,0,0,0,0,0,0
2017-12-25,BREAD,Pump Swl,0,0,0,0,0,0,0,0,0,0,0,0,0,0
2017-12-25,BREAD,Map Pec,0,0,0,0,0,0,0,0,0,0,0,0,0,0
2017-12-25,BREAD,CnE,0,0,0,0,0,0,0,0,0,0,0,0,0,0
2017-12-25,BREAD,CnR,0,0,0,0,0,0,0,0,0,0,0,0,0,0
2017-12-25,BREAD,CnW,0,0,0,0,0,0,0,0,0,0,0,0,0,0
2017-12-25,BREAD,CG,0,0,0,0,0,0,0,0,0,0,0,0,0,0
2017-12-25,BREAD,Pesto CG,0,0,0,0,0,0,0,0,0,0,0,0,0,0
2017-12-25,BREAD,SO,0,0,0,0,0,0,0,0,0,0,0,0,0,0
2017-12-25,BREAD,AA,0,0,0,0,0,0,0,0,0,0,0,0,0,0
2017-12-25,BREAD,VS,0,0,0,0,0,0,0,0,0,0,0,0,0,0
2017-12-25,BREAD,CB,0,0,0,0,0,0,0,0,0,0,0,0,0,0
2017-12-25,BREAD,CrO,0,0,0,0,0,0,0,0,0,0,0,0,0,0
2017-12-25,BREAD,CH,0,0,0,0,0,0,0,0,0,0,0,0,0,0
2017-12-25,BREAD,car,0,0,0,0,0,0,0,0,0,0,0,0,0,0
2017-12-25,BREAD,ihf,0,0,0,0,0,0,0,0,0,0,0,0,0,0
2017-12-25,BREAD,Cro-Rls,0,0,0,0,0,0,0,0,0,0,0,0,0,0
2017-12-25,BREAD,So-Rls,0,0,0,0,0,0,0,0,0,0,0,0,0,0
2017-12-25,BREAD,But-Rls,0,0,0,0,0,0,0,0,0,0,0,0,0,0
2017-12-25,BREAD,H-RLS,0,0,0,0,0,0,0,0,0,0,0,0,0,0
2017-12-25,BREAD,FR-RLS,0,0,0,0,0,0,0,0,0,0,0,0,0,0
2017-12-25,BREAD,VS-RLS,0,0,0,0,0,0,0,0,0,0,0,0,0,0
2017-12-25,BREAD,BLUE STRU,0,0,0,0,0,0,0,0,0,0,0,0,0,0
2017-12-25,BREAD,Pump Cr,0,0,0,0,0,0,0,0,0,0,0,0,0,0
2017-12-25,BREAD,pump cc,0,0,0,0,0,0,0,0,0,0,0,0,0,0
2017-12-25,ROLLS,Cinnamon,0,0,0,0,0,0,0,0,0,0,0,0,0,0
2017-12-25,ROLLS,Pecan c-roll,0,0,0,0,0,0,0,0,0,0,0,0,0,0
2017-12-25,ROLLS,Mini C-Roll,0,0,0,0,0,0,0,0,0,0,0,0,0,0
2017-12-25,SCONES,Cr Orang,0,0,0,0,0,0,0,0,0,0,0,0,0,0
2017-12-25,SCONES,Cr OR W.Choc,0,0,0,0,0,0,0,0,0,0,0,0,0,0
2017-12-25,SCONES,Blueberry,0,0,0,0,0,0,0,0,0,0,0,0,0,0
2017-12-25,SCONES,Rasp Cream,0,0,0,0,0,0,0,0,0,0,0,0,0,0
2017-12-25,SCONES,Cherry,0,0,0,0,0,0,0,0,0,0,0,0,0,0
2017-12-25,SCONES,Butt Almond,0,0,0,0,0,0,0,0,0,0,0,0,0,0
2017-12-25,SCONES,Turtle,0,0,0,0,0,0,0,0,0,0,0,0,0,0
2017-12-25,SCONES,Cin Chip,0,0,0,0,0,0,0,0,0,0,0,0,0,0
2017-12-25,FRUIT BARS,Mixed Berry,0,0,0,0,0,0,0,0,0,0,0,0,0,0
2017-12-25,FRUIT BARS,Cherry,0,0,0,0,0,0,0,0,0,0,0,0,0,0
2017-12-25,FRUIT BARS,Apple Cin,0,0,0,0,0,0,0,0,0,0,0,0,0,0
2017-12-25,FRUIT BARS,Apple Cran,0,0,0,0,0,0,0,0,0,0,0,0,0,0
2017-12-25,MUFFINS,blue stru,0,0,0,0,0,0,0,0,0,0,0,0,0,0
2017-12-25,MUFFINS,Pump Crumb,0,0,0,0,0,0,0,0,0,0,0,0,0,0
2017-12-25,MUFFINS,Pump Choc,0,0,0,0,0,0,0,0,0,0,0,0,0,0
2017-12-25,MUFFINS,Cookies,0,0,0,0,0,0,0,0,0,0,0,0,0,0
2017-12-25,MUFFINS,Bars,0,0,0,0,0,0,0,0,0,0,0,0,0,0
2017-12-25,MUFFINS,Oatmeal CC,0,0,0,0,0,0,0,0,0,0,0,0,0,0
2017-12-25,MUFFINS,VMWC Cran,0,0,0,0,0,0,0,0,0,0,0,0,0,0
2017-12-25,MUFFINS,Triple Choc,0,0,0,0,0,0,0,0,0,0,0,0,0,0
2017-12-25,MUFFINS,St nicker,0,0,0,0,0,0,0,0,0,0,0,0,0,0
2017-12-25,MUFFINS,frosted,0,0,0,0,0,0,0,0,0,0,0,0,0,0
2017-12-25,MUFFINS,Pep Brown,0,0,0,0,0,0,0,0,0,0,0,0,0,0
2017-12-25,MUFFINS,Brownies,0,0,0,0,0,0,0,0,0,0,0,0,0,0
2017-12-25,MUFFINS,Pumpkin,0,0,0,0,0,0,0,0,0,0,0,0,0,0
2017-12-25,MUFFINS,Totals,0,0,0,0,0,0,0,0,0,0,0,0,0,0
2017-12-26,BREAD,H,0,35,35,22,0,0,13,0,0,0,0,0,0,0
2017-12-26,BREAD,FR,0,42,42,12,25,0,5,0,0,0,0,0,0,0
2017-12-26,BREAD,GW,0,4,4,4,0,0,0,0,0,0,0,0,0,0
2017-12-26,BREAD,DK,0,0,0,0,0,0,0,0,0,0,0,0,0,0
2017-12-26,BREAD,H5,0,15,15,10,0,0,5,0,0,0,0,0,0,0
2017-12-26,BREAD,CSWRL,0,20,20,20,0,0,0,0,3,3,2,0,0,1
2017-12-26,BREAD,Pump Swl,0,8,8,4,0,0,4,0,2,2,0,0,0,2
2017-12-26,BREAD,Map Pec,0,8,8,7,0,0,1,0,2,2,0,0,0,2
2017-12-26,BREAD,CnE,0,0,0,0,0,0,0,0,0,0,0,0,0,0
2017-12-26,BREAD,CnR,0,0,0,0,0,0,0,0,0,0,0,0,0,0
2017-12-26,BREAD,CnW,0,0,0,0,0,0,0,0,0,0,0,0,0,0
2017-12-26,BREAD,CG,0,0,0,0,0,0,0,0,0,0,0,0,0,0
2017-12-26,BREAD,Pesto CG,0,0,0,0,0,0,0,0,0,0,0,0,0,0
2017-12-26,BREAD,SO,0,0,0,0,0,0,0,0,0,0,0,0,0,0
2017-12-26,BREAD,ch,0,6,6,1,0,0,5,0,3,3,2,0,0,1
2017-12-26,BREAD,VS,0,11,11,4,0,0,7,0,5,5,2,0,0,3
2017-12-26,BREAD,CB,0,5,5,1,0,0,4,0,3,3,0,0,0,3
2017-12-26,BREAD,CrO,0,7,7,2,0,0,5,0,4,4,1,0,0,3
2017-12-26,BREAD,CH,0,0,0,0,0,0,0,0,0,0,0,0,0,0
2017-12-26,BREAD,car,0,0,0,0,0,0,0,0,0,0,0,0,0,0
2017-12-26,BREAD,ihf,0,0,0,0,0,0,0,0,0,0,0,0,0,0
2017-12-26,BREAD,Cro-Rls,0,0,0,0,0,0,0,0,0,0,0,0,0,0
2017-12-26,BREAD,So-Rls,0,0,0,0,0,0,0,0,0,0,0,0,0,0
2017-12-26,BREAD,But-Rls,0,0,0,0,0,0,0,0,0,0,0,0,0,0
2017-12-26,BREAD,H-RLS,0,4,4,0,0,0,4,0,0,0,0,0,0,0
2017-12-26,BREAD,FR-RLS,0,5,5,1,0,0,4,0,0,0,0,0,0,0
2017-12-26,BREAD,VS-RLS,0,4,4,0,0,0,4,0,0,0,0,0,0,0
2017-12-26,BREAD,BLUE STRU,0,4,4,0,0,0,4,0,0,0,0,0,0,0
2017-12-26,BREAD,Pump Cr,0,4,4,2,0,0,2,0,0,0,0,0,0,0
2017-12-26,BREAD,pump cc,0,6,6,4,0,0,2,0,0,0,0,0,0,0
2017-12-26,ROLLS,Cinnamon,0,24,24,22,0,2,0,0,0,0,0,0,0,0
2017-12-26,ROLLS,Pecan c-roll,0,0,0,0,0,0,0,0,0,0,0,0,0,0
2017-12-26,ROLLS,Mini C-Roll,0,0,0,0,0,0,0,0,0,0,0,0,0,0
2017-12-26,SCONES,Cr Orang,0,6,6,4,0,2,0,0,2,2,0,0,0,0
2017-12-26,SCONES,Cr OR W.Choc,0,6,6,4,0,2,0,0,4,4,4,0,0,0
2017-12-26,SCONES,Blueberry,0,16,16,5,0,11,0,0,2,2,2,0,0,0
2017-12-26,SCONES,Rasp Cream,0,0,0,0,0,0,0,0,0,0,0,0,0,0
2017-12-26,SCONES,Cherry,0,0,0,0,0,0,0,0,0,0,0,0,0,0
2017-12-26,SCONES,Butt Almond,0,0,0,0,0,0,0,0,0,0,0,0,0,0
2017-12-26,SCONES,Turtle,0,0,0,0,0,0,0,0,0,0,0,0,0,0
2017-12-26,SCONES,Cin Chip,0,8,8,2,0,6,0,0,2,2,1,0,0,0
2017-12-26,FRUIT BARS,Mixed Berry,0,0,0,0,0,0,0,0,0,0,0,0,0,0
2017-12-26,FRUIT BARS,Cherry,0,0,0,0,0,0,0,0,0,0,0,0,0,0
2017-12-26,FRUIT BARS,Apple Cin,0,8,8,5,0,3,0,0,0,0,0,0,0,0
2017-12-26,FRUIT BARS,Apple Cran,0,12,12,2,0,10,0,0,0,0,0,0,0,0
2017-12-26,MUFFINS,blue stru,0,6,6,-3,0,9,0,0,2,2,1,0,0,0
2017-12-26,MUFFINS,Pump Crumb,0,6,6,0,0,6,0,0,2,2,2,0,0,0
2017-12-26,MUFFINS,Pump Choc,0,8,8,0,0,8,0,0,2,2,0,0,0,0
2017-12-26,MUFFINS,Cookies,0,0,0,0,0,0,0,0,0,0,0,0,0,0
2017-12-26,MUFFINS,Bars,0,0,0,0,0,0,0,0,0,0,0,0,0,0
2017-12-26,MUFFINS,Oatmeal CC,0,18,18,2,0,0,16,0,0,0,0,0,0,0
2017-12-26,MUFFINS,VMWC Cran,0,18,18,2,0,0,16,0,0,0,0,0,0,0
2017-12-26,MUFFINS,Triple Choc,0,18,18,10,0,0,8,0,0,0,0,0,0,0
2017-12-26,MUFFINS,St nicker,0,18,18,1,0,0,17,0,0,0,0,0,0,0
2017-12-26,MUFFINS,frosted,0,8,8,2,0,0,6,0,0,0,0,0,0,0
2017-12-26,MUFFINS,Pep Brown,0,0,0,0,0,0,0,0,0,0,0,0,0,0
2017-12-26,MUFFINS,Brownies,0,0,0,0,0,0,0,0,0,0,0,0,0,0
2017-12-26,MUFFINS,Pumpkin,0,20,20,6,0,2,12,0,0,0,0,0,0,0
2017-12-26,MUFFINS,Totals,0,200,200,64,0,61,75,0,16,16,10,0,0,0
2017-12-27,BREAD,H,13,25,38,11,0,0,27,0,0,0,0,0,0,0
2017-12-27,BREAD,FR,5,24,29,12,0,2,15,0,0,0,0,0,0,0
2017-12-27,BREAD,GW,0,4,4,3,0,0,1,0,0,0,0,0,0,0
2017-12-27,BREAD,DK,0,20,20,15,0,0,5,0,0,0,0,0,0,0
2017-12-27,BREAD,H5,5,0,5,5,0,0,0,0,0,0,0,0,0,0
2017-12-27,BREAD,CSWRL,0,16,16,13,0,0,3,1,2,3,0,0,0,2
2017-12-27,BREAD,Pump Swl,4,0,4,4,0,0,0,2,0,2,0,0,0,0
2017-12-27,BREAD,Map Pec,1,8,9,5,0,1,3,2,0,2,2,0,0,0
2017-12-27,BREAD,CnE,0,0,0,0,0,0,0,0,0,0,0,0,0,0
2017-12-27,BREAD,CnR,0,10,10,3,6,0,1,0,0,0,0,0,0,0
2017-12-27,BREAD,CnW,0,4,4,2,0,0,2,0,0,0,0,0,0,0
2017-12-27,BREAD,CG,0,9,9,7,0,0,2,0,3,3,1,0,0,2
2017-12-27,BREAD,Pesto CG,0,0,0,0,0,0,0,0,0,0,0,0,0,0
2017-12-27,BREAD,SO,0,9,9,4,0,0,5,0,2,2,0,0,0,2
2017-12-27,BREAD,AA,0,0,0,0,0,0,0,0,0,0,0,0,0,0
2017-12-27,BREAD,VS,7,0,7,5,0,2,0,3,0,3,1,0,0,0
2017-12-27,BREAD,CB,4,0,4,2,0,2,0,3,0,3,0,0,0,0
2017-12-27,BREAD,CrO,5,0,5,5,0,0,0,3,0,3,3,0,0,0
2017-12-27,BREAD,CH,5,0,5,1,0,4,0,1,0,1,1,0,0,0
2017-12-27,BREAD,car,0,0,0,0,0,0,0,0,0,0,0,0,0,0
2017-12-27,BREAD,ihf,0,0,0,0,0,0,0,0,0,0,0,0,0,0
2017-12-27,BREAD,Cro-Rls,0,0,0,0,0,0,0,0,0,0,0,0,0,0
2017-12-27,BREAD,So-Rls,0,0,0,0,0,0,0,0,0,0,0,0,0,0
2017-12-27,BREAD,But-Rls,0,0,0,0,0,0,0,0,0,0,0,0,0,0
2017-12-27,BREAD,H-RLS,4,0,4,3,0,0,1,0,0,0,0,0,0,0
2017-12-27,BREAD,FR-RLS,4,0,4,4,0,0,0,0,0,0,0,0,0,0
2017-12-27,BREAD,VS-RLS,4,0,4,2,0,2,0,0,0,0,0,0,0,0
2017-12-27,BREAD,BLUE STRU,4,0,4,4,0,0,0,0,0,0,0,0,0,0
2017-12-27,BREAD,Pump Cr,2,1,3,0,0,2,1,0,0,0,0,0,0,0
2017-12-27,BREAD,pump cc,2,3,5,0,0,2,3,0,0,0,0,0,0,0
2017-12-27,ROLLS,Cinnamon,0,24,24,17,0,7,0,0,0,0,0,0,0,0
2017-12-27,ROLLS,Pecan c-roll,0,0,0,0,0,0,0,0,0,0,0,0,0,0
2017-12-27,ROLLS,Mini C-Roll,0,0,0,0,0,0,0,0,0,0,0,0,0,0
2017-12-27,SCONES,Cr Orang,0,14,14,6,8,0,0,0,1,1,1,0,0,0
2017-12-27,SCONES,Cr OR W.Choc,0,6,6,6,0,0,0,0,1,1,1,0,0,0
2017-12-27,SCONES,Blueberry,0,0,0,0,0,0,0,0,0,0,0,0,0,0
2017-12-27,SCONES,Rasp Cream,0,12,12,6,0,6,0,0,2,2,2,0,0,0
2017-12-27,SCONES,Cherry,0,0,0,0,0,0,0,0,0,0,0,0,0,0
2017-12-27,SCONES,Butt Almond,0,0,0,0,0,0,0,0,0,0,0,0,0,0
2017-12-27,SCONES,Turtle,0,8,8,8,0,0,0,0,2,2,2,0,0,0
2017-12-27,SCONES,Cin Chip,0,0,0,0,0,0,0,0,0,0,0,0,0,0
2017-12-27,FRUIT BARS,Mixed Berry,0,8,8,5,0,3,0,0,0,0,0,0,0,0
2017-12-27,FRUIT BARS,Cherry,0,12,12,3,0,9,0,0,0,0,0,0,0,0
2017-12-27,FRUIT BARS,Apple Cin,0,0,0,0,0,0,0,0,0,0,0,0,0,0
2017-12-27,FRUIT BARS,Apple Cran,0,0,0,0,0,0,0,0,0,0,0,0,0,0
2017-12-27,MUFFINS,blue stru,0,8,8,4,0,4,0,0,2,2,2,0,0,0
2017-12-27,MUFFINS,Pump Crumb,0,8,8,4,0,4,0,0,2,2,2,0,0,0
2017-12-27,MUFFINS,Pump Choc,0,10,10,3,0,7,0,0,2,2,2,0,0,0
2017-12-27,MUFFINS,Cookies,0,0,0,0,0,0,0,0,0,0,0,0,0,0
2017-12-27,MUFFINS,Bars,0,0,0,0,0,0,0,0,0,0,0,0,0,0
2017-12-27,MUFFINS,Oatmeal CC,16,0,16,16,0,0,0,0,0,0,0,0,0,0
2017-12-27,MUFFINS,VMWC Cran,16,0,16,0,0,16,0,0,0,0,0,0,0,0
2017-12-27,MUFFINS,Triple Choc,8,6,14,3,0,6,5,0,0,0,0,0,0,0
2017-12-27,MUFFINS,St nicker,17,0,17,9,0,8,0,0,0,0,0,0,0,0
2017-12-27,MUFFINS,frosted,6,0,6,2,0,4,0,0,0,0,0,0,0,0
2017-12-27,MUFFINS,Pep Brown,0,0,0,0,0,0,0,0,0,0,0,0,0,0
2017-12-27,MUFFINS,Brownies,0,0,0,0,0,0,0,0,0,0,0,0,0,0
2017-12-27,MUFFINS,Pumpkin,0,0,0,-12,0,12,0,0,0,0,0,0,0,0
2017-12-27,MUFFINS,Totals,63,116,179,80,8,86,5,0,12,12,12,0,0,0
2017-12-28,BREAD,H,27,11,38,21,1,0,16,0,0,0,0,0,0,0
2017-12-28,BREAD,FR,15,6,21,15,0,0,6,0,0,0,0,0,0,0
2017-12-28,BREAD,GW,1,0,1,-9,2,1,7,0,0,0,0,0,0,0
2017-12-28,BREAD,DK,5,0,5,5,0,0,0,0,0,0,0,0,0,0
2017-12-28,BREAD,H5,0,18,18,3,0,0,15,0,0,0,0,0,0,0
2017-12-28,BREAD,CSWRL,3,0,3,-2,0,0,5,2,0,2,1,0,0,0
2017-12-28,BREAD,Pump Swl,0,0,0,-6,0,0,6,0,0,0,-1,0,0,1
2017-12-28,BREAD,Map Pec,3,0,3,0,0,0,3,0,0,0,-1,0,0,1
2017-12-28,BREAD,CnE,0,0,0,0,0,0,0,0,0,0,0,0,0,0
2017-12-28,BREAD,CnR,1,0,1,1,0,0,0,0,0,0,0,0,0,0
2017-12-28,BREAD,CnW,2,0,2,2,0,0,0,0,0,0,0,0,0,0
2017-12-28,BREAD,CG,2,0,2,2,0,0,0,2,0,2,2,0,0,0
2017-12-28,BREAD,Pesto CG,0,0,0,0,0,0,0,0,0,0,0,0,0,0
2017-12-28,BREAD,SO,5,0,5,3,0,2,0,2,0,2,1,0,0,0
2017-12-28,BREAD,AA,0,0,0,0,0,0,0,0,0,0,0,0,0,0
2017-12-28,BREAD,VS,0,12,12,7,0,0,5,0,3,3,1,0,0,2
2017-12-28,BREAD,CB,0,4,4,1,0,0,3,0,4,4,0,0,0,4
2017-12-28,BREAD,CrO,0,8,8,0,4,0,5,0,2,2,0,0,0,2
2017-12-28,BREAD,CH,0,5,5,5,0,0,4,0,2,2,2,0,0,2
2017-12-28,BREAD,car,0,0,0,0,0,0,0,0,0,0,0,0,0,0
2017-12-28,BREAD,ihf,0,0,0,0,0,0,0,0,0,0,0,0,0,0
2017-12-28,BREAD,Cro-Rls,0,0,0,0,0,0,0,0,0,0,0,0,0,0
2017-12-28,BREAD,So-Rls,0,0,0,0,0,0,0,0,0,0,0,0,0,0
2017-12-28,BREAD,But-Rls,0,0,0,0,0,0,0,0,0,0,0,0,0,0
2017-12-28,BREAD,H-RLS,1,3,4,3,0,0,1,0,0,0,0,0,0,0
2017-12-28,BREAD,FR-RLS,0,2,2,2,0,0,0,0,0,0,0,0,0,0
2017-12-28,BREAD,VS-RLS,0,2,2,2,0,0,0,0,0,0,0,0,0,0
2017-12-28,BREAD,BLUE STRU,0,4,4,3,0,0,1,0,0,0,0,0,0,0
2017-12-28,BREAD,Pump Cr,1,3,4,2,0,0,2,0,0,0,0,0,0,0
2017-12-28,BREAD,pump cc,3,3,6,2,0,1,3,0,0,0,0,0,0,0
2017-12-28,ROLLS,Cinnamon,0,24,24,24,0,0,0,0,0,0,0,0,0,0
2017-12-28,ROLLS,Pecan c-roll,0,0,0,0,0,0,0,0,0,0,0,0,0,0
2017-12-28,ROLLS,Mini C-Roll,0,0,0,0,0,0,0,0,0,0,0,0,0,0
2017-12-28,SCONES,Cr Orang,0,6,6,6,0,0,0,0,1,1,0,0,0,0
2017-12-28,SCONES,Cr OR W.Choc,0,6,6,5,0,1,0,0,1,1,1,0,0,0
2017-12-28,SCONES,Blueberry,0,12,12,8,0,4,0,0,1,1,0,0,0,0
2017-12-28,SCONES,Rasp Cream,0,0,0,0,0,0,0,0,0,0,0,0,0,0
2017-12-28,SCONES,Cherry,0,0,0,0,0,0,0,0,0,0,0,0,0,0
2017-12-28,SCONES,Butt Almond,0,0,0,0,0,0,0,0,0,0,0,0,0,0
2017-12-28,SCONES,Turtle,0,6,6,6,0,0,0,0,1,1,1,0,0,0
2017-12-28,SCONES,Cin Chip,0,0,0,0,0,0,0,0,0,0,0,0,0,0
2017-12-28,FRUIT BARS,Mixed Berry,0,0,0,0,0,0,0,0,0,0,0,0,0,0
2017-12-28,FRUIT BARS,Cherry,0,0,0,0,0,0,0,0,0,0,0,0,0,0
2017-12-28,FRUIT BARS,Apple Cin,0,8,8,7,0,1,0,0,0,0,0,0,0,0
2017-12-28,FRUIT BARS,Apple Cran,0,12,12,-2,0,14,0,0,0,0,0,0,0,0
2017-12-28,MUFFINS,blue stru,0,6,6,4,0,2,0,0,1,1,0,0,0,0
2017-12-28,MUFFINS,Pump Crumb,0,6,6,2,0,4,0,0,1,1,1,0,0,0
2017-12-28,MUFFINS,Pump Choc,0,6,6,1,0,5,0,0,1,1,1,0,0,0
2017-12-28,MUFFINS,Cookies,0,0,0,0,0,0,0,0,0,0,0,0,0,0
2017-12-28,MUFFINS,Bars,0,0,0,0,0,0,0,0,0,0,0,0,0,0
2017-12-28,MUFFINS,Oatmeal CC,0,24,24,17,4,0,3,0,0,0,0,0,0,0
2017-12-28,MUFFINS,VMWC Cran,0,24,24,10,4,0,10,0,0,0,0,0,0,0
2017-12-28,MUFFINS,Triple Choc,5,14,19,15,4,0,0,0,0,0,0,0,0,0
2017-12-28,MUFFINS,St nicker,0,24,24,1,4,0,19,0,0,0,0,0,0,0
2017-12-28,MUFFINS,frosted,0,12,12,5,0,0,7,0,0,0,0,0,0,0
2017-12-28,MUFFINS,Pep Brown,0,0,0,0,0,0,0,0,0,0,0,0,0,0
2017-12-28,MUFFINS,Brownies,0,0,0,0,0,0,0,0,0,0,0,0,0,0
2017-12-28,MUFFINS,Pumpkin,0,0,0,0,0,0,0,0,0,0,0,0,0,0
2017-12-28,MUFFINS,Totals,0,190,195,109,16,31,39,0,7,7,4,0,0,0
2017-12-29,BREAD,H,16,23,39,23,0,0,16,0,0,0,0,0,0,0
2017-12-29,BREAD,FR,6,26,32,24,1,0,7,0,0,0,0,0,0,0
2017-12-29,BREAD,GW,7,6,13,4,0,4,5,0,0,0,0,0,0,0
2017-12-29,BREAD,DK,0,17,17,3,0,0,14,0,0,0,0,0,0,0
2017-12-29,BREAD,H5,15,0,15,8,0,0,7,0,0,0,0,0,0,0
2017-12-29,BREAD,CSWRL,5,12,17,13,0,0,4,0,3,3,0,0,0,3
2017-12-29,BREAD,Pump Swl,6,12,18,10,0,4,4,1,2,3,1,0,0,2
2017-12-29,BREAD,Map Pec,3,8,11,3,0,0,8,1,2,3,0,0,0,2
2017-12-29,BREAD,CnE,0,0,0,-5,2,0,3,0,0,0,-2,0,0,2
2017-12-29,BREAD,CnR,0,0,0,-2,0,0,2,0,0,0,0,0,0,0
2017-12-29,BREAD,CnW,0,0,0,-4,2,0,2,0,0,0,0,0,0,0
2017-12-29,BREAD,CG,0,8,8,8,0,0,0,0,3,3,3,0,0,0
2017-12-29,BREAD,Pesto CG,0,0,0,0,0,0,0,0,0,0,0,0,0,0
2017-12-29,BREAD,SO,0,7,7,2,0,0,5,0,4,4,1,0,0,3
2017-12-29,BREAD,AA,0,0,0,0,0,0,0,0,0,0,0,0,0,0
2017-12-29,BREAD,VS,5,0,5,5,0,0,0,2,0,2,2,0,0,0
2017-12-29,BREAD,CB,3,0,3,3,0,0,0,4,0,4,4,0,0,0
2017-12-29,BREAD,CrO,4,0,4,4,0,0,0,2,0,2,2,0,0,0
2017-12-29,BREAD,CH,0,0,0,0,0,0,0,0,0,0,0,0,0,0
2017-12-29,BREAD,car,0,0,0,0,0,0,0,0,0,0,0,0,0,0
2017-12-29,BREAD,ihf,0,0,0,0,0,0,0,0,0,0,0,0,0,0
2017-12-29,BREAD,Cro-Rls,0,0,0,0,0,0,0,0,0,0,0,0,0,0
2017-12-29,BREAD,So-Rls,0,0,0,0,0,0,0,0,0,0,0,0,0,0
2017-12-29,BREAD,But-Rls,0,0,0,0,0,0,0,0,0,0,0,0,0,0
2017-12-29,BREAD,H-RLS,1,6,7,4,3,0,0,0,0,0,0,0,0,0
2017-12-29,BREAD,FR-RLS,0,6,6,3,3,0,0,0,0,0,0,0,0,0
2017-12-29,BREAD,VS-RLS,0,0,0,0,0,0,0,0,0,0,0,0,0,0
2017-12-29,BREAD,BLUE STRU,1,5,6,4,0,0,2,0,0,0,0,0,0,0
2017-12-29,BREAD,Pump Cr,2,2,4,1,0,1,2,0,0,0,0,0,0,0
2017-12-29,BREAD,pump cc,3,3,6,3,0,0,3,0,0,0,0,0,0,0
2017-12-29,ROLLS,Cinnamon,0,36,36,33,0,3,0,0,0,0,0,0,0,0
2017-12-29,ROLLS,Pecan c-roll,0,0,0,0,0,0,0,0,0,0,0,0,0,0
2017-12-29,ROLLS,Mini C-Roll,0,24,24,0,24,0,0,0,0,0,0,0,0,0
2017-12-29,SCONES,Cr Orang,0,4,4,4,0,0,0,0,1,1,1,0,0,0
2017-12-29,SCONES,Cr OR W.Choc,0,4,4,4,0,0,0,0,1,1,1,0,0,0
2017-12-29,SCONES,Blueberry,0,0,0,0,0,0,0,0,0,0,0,0,0,0
2017-12-29,SCONES,Rasp Cream,0,0,0,0,0,0,0,0,0,0,0,0,0,0
2017-12-29,SCONES,Cherry,0,13,13,9,0,4,0,0,2,2,1,0,0,0
2017-12-29,SCONES,Butt Almond,0,12,12,12,0,0,0,0,2,2,2,0,0,0
2017-12-29,SCONES,Turtle,0,0,0,0,0,0,0,0,0,0,0,0,0,0
2017-12-29,SCONES,Cin Chip,0,0,0,0,0,0,0,0,0,0,0,0,0,0
2017-12-29,FRUIT BARS,Mixed Berry,0,12,12,8,0,4,0,0,0,0,0,0,0,0
2017-12-29,FRUIT BARS,Cherry,0,8,8,8,0,0,0,0,0,0,0,0,0,0
2017-12-29,FRUIT BARS,Apple Cin,0,0,0,0,0,0,0,0,0,0,0,0,0,0
2017-12-29,FRUIT BARS,Apple Cran,0,0,0,0,0,0,0,0,0,0,0,0,0,0
2017-12-29,MUFFINS,blue stru,0,8,8,7,0,1,0,0,1,1,1,0,0,0
2017-12-29,MUFFINS,Pump Crumb,0,6,6,5,0,1,0,0,1,1,0,0,0,0
2017-12-29,MUFFINS,Pump Choc,0,8,8,4,0,4,0,0,1,1,0,0,0,0
2017-12-29,MUFFINS,Cookies,0,0,0,0,0,0,0,0,0,0,0,0,0,0
2017-12-29,MUFFINS,Bars,0,0,0,0,0,0,0,0,0,0,0,0,0,0
2017-12-29,MUFFINS,Oatmeal CC,3,12,15,9,0,0,6,0,0,0,0,0,0,0
2017-12-29,MUFFINS,VMWC Cran,10,54,64,12,0,0,52,0,0,0,0,0,0,0
2017-12-29,MUFFINS,Triple Choc,0,66,66,22,0,0,44,0,0,0,0,0,0,0
2017-12-29,MUFFINS,St nicker,19,52,71,44,0,0,27,0,0,0,0,0,0,0
2017-12-29,MUFFINS,frosted,7,0,7,2,0,5,0,0,0,0,0,0,0,0
2017-12-29,MUFFINS,Pep Brown,0,0,0,0,0,0,0,0,0,0,0,0,0,0
2017-12-29,MUFFINS,Brownies,0,0,0,0,0,0,0,0,0,0,0,0,0,0
2017-12-29,MUFFINS,Pumpkin,0,0,0,0,0,0,0,0,0,0,0,0,0,0
2017-12-29,MUFFINS,Totals,78,319,397,222,24,22,129,0,9,9,6,0,0,0
2017-12-30,BREAD,H,18,0,18,6,0,12,0,0,0,0,0,0,0,0
2017-12-30,BREAD,FR,7,0,7,7,0,0,0,0,0,0,0,0,0,0
2017-12-30,BREAD,GW,5,4,9,1,0,8,0,0,0,0,0,0,0,0
2017-12-30,BREAD,DK,14,0,14,11,0,3,0,0,0,0,0,0,0,0
2017-12-30,BREAD,H5,7,0,7,1,0,6,0,0,0,0,0,0,0,0
2017-12-30,BREAD,CSWRL,4,0,4,-2,0,6,0,3,0,3,0,0,0,0
2017-12-30,BREAD,Pump Swl,4,0,4,0,0,4,0,2,0,2,0,0,0,0
2017-12-30,BREAD,Map Pec,8,0,8,0,0,8,0,2,0,2,0,0,0,0
2017-12-30,BREAD,CnE,3,0,3,3,0,0,0,2,0,2,0,0,0,0
2017-12-30,BREAD,CnR,2,0,2,0,0,2,0,0,0,0,0,0,0,0
2017-12-30,BREAD,CnW,2,0,2,2,0,0,0,0,0,0,0,0,0,0
2017-12-30,BREAD,CG,0,0,0,0,0,0,0,0,0,0,0,0,0,0
2017-12-30,BREAD,Pesto CG,0,0,0,0,0,0,0,0,0,0,0,0,0,0
2017-12-30,BREAD,SO,5,0,5,3,0,2,0,3,0,3,1,0,0,0
2017-12-30,BREAD,AA,0,0,0,0,0,0,0,0,0,0,0,0,0,0
2017-12-30,BREAD,VS,0,6,6,4,0,2,0,0,3,3,3,0,0,0
2017-12-30,BREAD,CB,0,11,11,5,2,4,0,0,5,5,0,0,0,0
2017-12-30,BREAD,CrO,0,7,7,7,0,0,0,0,2,2,1,0,0,0
2017-12-30,BREAD,CH,0,0,0,0,0,0,0,0,0,0,0,0,0,0
2017-12-30,BREAD,car,0,0,0,0,0,0,0,0,0,0,0,0,0,0
2017-12-30,BREAD,ihf,0,0,0,0,0,0,0,0,0,0,0,0,0,0
2017-12-30,BREAD,Cro-Rls,0,0,0,0,0,0,0,0,0,0,0,0,0,0
2017-12-30,BREAD,So-Rls,0,0,0,0,0,0,0,0,0,0,0,0,0,0
2017-12-30,BREAD,But-Rls,0,0,0,0,0,0,0,0,0,0,0,0,0,0
2017-12-30,BREAD,H-RLS,0,0,0,0,0,0,0,0,0,0,0,0,0,0
2017-12-30,BREAD,FR-RLS,0,0,0,-3,3,0,0,0,0,0,0,0,0,0
2017-12-30,BREAD,VS-RLS,0,5,5,3,2,0,0,0,0,0,0,0,0,0
2017-12-30,BREAD,BLUE STRU,2,1,3,0,0,3,0,0,0,0,0,0,0,0
2017-12-30,BREAD,Pump Cr,2,1,3,0,0,3,0,0,0,0,0,0,0,0
2017-12-30,BREAD,pump cc,3,0,3,0,0,3,0,0,0,0,0,0,0,0
2017-12-30,ROLLS,Cinnamon,0,36,36,36,0,0,0,0,0,0,0,0,0,0
2017-12-30,ROLLS,Pecan c-roll,0,0,0,0,0,0,0,0,0,0,0,0,0,0
2017-12-30,ROLLS,Mini C-Roll,0,0,0,0,0,0,0,0,0,0,0,0,0,0
2017-12-30,SCONES,Cr Orang,0,8,8,8,0,0,0,0,1,1,1,0,0,0
2017-12-30,SCONES,Cr OR W.Choc,0,8,8,8,0,0,0,0,1,1,1,0,0,0
2017-12-30,SCONES,Blueberry,0,16,16,16,0,0,0,0,1,1,1,0,0,0
2017-12-30,SCONES,Rasp Cream,0,0,0,0,0,0,0,0,0,0,0,0,0,0
2017-12-30,SCONES,Cherry,0,0,0,0,0,0,0,0,0,0,0,0,0,0
2017-12-30,SCONES,Butt Almond,0,14,14,11,0,3,0,0,1,1,1,0,0,0
2017-12-30,SCONES,Turtle,0,0,0,0,0,0,0,0,0,0,0,0,0,0
2017-12-30,SCONES,Cin Chip,0,0,0,0,0,0,0,0,0,0,0,0,0,0
2017-12-30,FRUIT BARS,Mixed Berry,0,0,0,0,0,0,0,0,0,0,0,0,0,0
2017-12-30,FRUIT BARS,Cherry,0,0,0,0,0,0,0,0,0,0,0,0,0,0
2017-12-30,FRUIT BARS,Apple Cin,0,12,12,9,0,3,0,0,0,0,0,0,0,0
2017-12-30,FRUIT BARS,Apple Cran,0,8,8,4,0,4,0,0,0,0,0,0,0,0
2017-12-30,MUFFINS,blue stru,0,8,8,3,0,5,0,0,2,2,0,0,0,0
2017-12-30,MUFFINS,Pump Crumb,0,6,6,3,0,3,0,0,2,2,1,0,0,0
2017-12-30,MUFFINS,Pump Choc,0,8,8,6,0,2,0,0,2,2,2,0,0,0
2017-12-30,MUFFINS,Cookies,0,0,0,0,0,0,0,0,0,0,0,0,0,0
2017-12-30,MUFFINS,Bars,0,0,0,0,0,0,0,0,0,0,0,0,0,0
2017-12-30,MUFFINS,Oatmeal CC,6,6,12,12,0,0,0,0,0,0,0,0,0,0
2017-12-30,MUFFINS,VMWC Cran,52,0,52,31,0,21,0,0,0,0,0,0,0,0
2017-12-30,MUFFINS,Triple Choc,44,0,44,37,0,7,0,0,0,0,0,0,0,0
2017-12-30,MUFFINS,St nicker,27,0,27,-1,0,28,0,0,0,0,0,0,0,0
2017-12-30,MUFFINS,frosted,0,0,0,0,0,0,0,0,0,0,0,0,0,0
2017-12-30,MUFFINS,Pep Brown,0,0,0,0,0,0,0,0,0,0,0,0,0,0
2017-12-30,MUFFINS,Brownies,0,0,0,0,0,0,0,0,0,0,0,0,0,0
2017-12-30,MUFFINS,Pumpkin,0,0,0,0,0,0,0,0,0,0,0,0,0,0
2017-12-30,MUFFINS,Totals,129,130,259,183,0,76,0,0,10,10,7,0,0,0
2017-12-31,BREAD,H,0,0,0,0,0,0,0,0,0,0,0,0,0,0
2017-12-31,BREAD,FR,0,0,0,0,0,0,0,0,0,0,0,0,0,0
2017-12-31,BREAD,GW,0,0,0,0,0,0,0,0,0,0,0,0,0,0
2017-12-31,BREAD,DK,0,0,0,0,0,0,0,0,0,0,0,0,0,0
2017-12-31,BREAD,H5,0,0,0,0,0,0,0,0,0,0,0,0,0,0
2017-12-31,BREAD,CSWRL,0,0,0,0,0,0,0,0,0,0,0,0,0,0
2017-12-31,BREAD,Pump Swl,0,0,0,0,0,0,0,0,0,0,0,0,0,0
2017-12-31,BREAD,Map Pec,0,0,0,0,0,0,0,0,0,0,0,0,0,0
2017-12-31,BREAD,CnE,0,0,0,0,0,0,0,0,0,0,0,0,0,0
2017-12-31,BREAD,CnR,0,0,0,0,0,0,0,0,0,0,0,0,0,0
2017-12-31,BREAD,CnW,0,0,0,0,0,0,0,0,0,0,0,0,0,0
2017-12-31,BREAD,CG,0,0,0,0,0,0,0,0,0,0,0,0,0,0
2017-12-31,BREAD,Pesto CG,0,0,0,0,0,0,0,0,0,0,0,0,0,0
2017-12-31,BREAD,SO,0,0,0,0,0,0,0,0,0,0,0,0,0,0
2017-12-31,BREAD,AA,0,0,0,0,0,0,0,0,0,0,0,0,0,0
2017-12-31,BREAD,VS,0,0,0,0,0,0,0,0,0,0,0,0,0,0
2017-12-31,BREAD,CB,0,0,0,0,0,0,0,0,0,0,0,0,0,0
2017-12-31,BREAD,CrO,0,0,0,0,0,0,0,0,0,0,0,0,0,0
2017-12-31,BREAD,CH,0,0,0,0,0,0,0,0,0,0,0,0,0,0
2017-12-31,BREAD,car,0,0,0,0,0,0,0,0,0,0,0,0,0,0
2017-12-31,BREAD,ihf,0,0,0,0,0,0,0,0,0,0,0,0,0,0
2017-12-31,BREAD,Cro-Rls,0,0,0,0,0,0,0,0,0,0,0,0,0,0
2017-12-31,BREAD,So-Rls,0,0,0,0,0,0,0,0,0,0,0,0,0,0
2017-12-31,BREAD,But-Rls,0,0,0,0,0,0,0,0,0,0,0,0,0,0
2017-12-31,BREAD,H-RLS,0,0,0,0,0,0,0,0,0,0,0,0,0,0
2017-12-31,BREAD,FR-RLS,0,0,0,0,0,0,0,0,0,0,0,0,0,0
2017-12-31,BREAD,VS-RLS,0,0,0,0,0,0,0,0,0,0,0,0,0,0
2017-12-31,BREAD,BLUE STRU,0,0,0,0,0,0,0,0,0,0,0,0,0,0
2017-12-31,BREAD,Pump Cr,0,0,0,0,0,0,0,0,0,0,0,0,0,0
2017-12-31,BREAD,pump cc,0,0,0,0,0,0,0,0,0,0,0,0,0,0
2017-12-31,ROLLS,Cinnamon,0,0,0,0,0,0,0,0,0,0,0,0,0,0
2017-12-31,ROLLS,Pecan c-roll,0,0,0,0,0,0,0,0,0,0,0,0,0,0
2017-12-31,ROLLS,Mini C-Roll,0,0,0,0,0,0,0,0,0,0,0,0,0,0
2017-12-31,SCONES,Cr Orang,0,0,0,0,0,0,0,0,0,0,0,0,0,0
2017-12-31,SCONES,Cr OR W.Choc,0,0,0,0,0,0,0,0,0,0,0,0,0,0
2017-12-31,SCONES,Blueberry,0,0,0,0,0,0,0,0,0,0,0,0,0,0
2017-12-31,SCONES,Rasp Cream,0,0,0,0,0,0,0,0,0,0,0,0,0,0
2017-12-31,SCONES,Cherry,0,0,0,0,0,0,0,0,0,0,0,0,0,0
2017-12-31,SCONES,Butt Almond,0,0,0,0,0,0,0,0,0,0,0,0,0,0
2017-12-31,SCONES,Turtle,0,0,0,0,0,0,0,0,0,0,0,0,0,0
2017-12-31,SCONES,Cin Chip,0,0,0,0,0,0,0,0,0,0,0,0,0,0
2017-12-31,FRUIT BARS,Mixed Berry,0,0,0,0,0,0,0,0,0,0,0,0,0,0
2017-12-31,FRUIT BARS,Cherry,0,0,0,0,0,0,0,0,0,0,0,0,0,0
2017-12-31,FRUIT BARS,Apple Cin,0,0,0,0,0,0,0,0,0,0,0,0,0,0
2017-12-31,FRUIT BARS,Apple Cran,0,0,0,0,0,0,0,0,0,0,0,0,0,0
2017-12-31,MUFFINS,blue stru,0,0,0,0,0,0,0,0,0,0,0,0,0,0
2017-12-31,MUFFINS,Pump Crumb,0,0,0,0,0,0,0,0,0,0,0,0,0,0
2017-12-31,MUFFINS,Pump Choc,0,0,0,0,0,0,0,0,0,0,0,0,0,0
2017-12-31,MUFFINS,Cookies,0,0,0,0,0,0,0,0,0,0,0,0,0,0
2017-12-31,MUFFINS,Bars,0,0,0,0,0,0,0,0,0,0,0,0,0,0
2017-12-31,MUFFINS,Oatmeal CC,0,0,0,0,0,0,0,0,0,0,0,0,0,0
2017-12-31,MUFFINS,VMWC Cran,0,0,0,0,0,0,0,0,0,0,0,0,0,0
2017-12-31,MUFFINS,Triple Choc,0,0,0,0,0,0,0,0,0,0,0,0,0,0
2017-12-31,MUFFINS,St nicker,0,0,0,0,0,0,0,0,0,0,0,0,0,0
2017-12-31,MUFFINS,frosted,0,0,0,0,0,0,0,0,0,0,0,0,0,0
2017-12-31,MUFFINS,Pep Brown,0,0,0,0,0,0,0,0,0,0,0,0,0,0
2017-12-31,MUFFINS,Brownies,0,0,0,0,0,0,0,0,0,0,0,0,0,0
2017-12-31,MUFFINS,Pumpkin,0,0,0,0,0,0,0,0,0,0,0,0,0,0
2017-12-31,MUFFINS,Totals,0,0,0,0,0,0,0,0,0,0,0,0,0,0
