Date,Category,Product,START_OF_DAY_WHOLE,MADE_TODAY_WHOLE,AVAILABLE_TO_SELL_WHOLE,OUT_THE_DOOR_WHOLE,ORDERS_TODAY_WHOLE,REMOVED_AS_DAY_OLD_WHOLE,LEFT_WHOLE,START_OF_DAY_HALF,MADE_TODAY_HALF,AVAILABLE_TO_SELL_HALF,OUT_THE_DOOR_HALF,ORDERS_TODAY_HALF,REMOVED_AS_DAY_OLD_HALF,LEFT_HALF
2018-09-08,BREAD,H,27,24,51,39,0,12,0,0,0,0,0,0,0,0
2018-09-08,BREAD,FR,53,0,53,18,0,35,0,0,0,0,0,0,0,0
2018-09-08,BREAD,GW,32,9,41,9,0,32,0,0,0,0,0,0,0,0
2018-09-08,BREAD,DK,16,0,16,9,0,7,0,0,0,0,0,0,0,0
2018-09-08,BREAD,H5,17,0,17,1,0,16,0,0,0,0,0,0,0,0
2018-09-08,BREAD,CSRWL,12,0,12,12,0,0,0,1,0,1,0,0,0,0
2018-09-08,BREAD,Apple SWRL,15,0,15,10,0,5,0,2,0,2,-1,0,0,0
2018-09-08,BREAD,ApB,9,0,9,7,0,2,0,4,0,4,0,0,0,0
2018-09-08,BREAD,CNE,16,0,16,12,0,4,0,5,0,5,2,0,0,0
2018-09-08,BREAD,CNR,6,0,6,4,0,2,0,0,0,0,0,0,0,0
2018-09-08,BREAD,CNW,5,0,5,5,0,0,0,0,0,0,0,0,0,0
2018-09-08,BREAD,CG,7,0,7,4,0,3,0,4,0,4,4,0,0,0
2018-09-08,BREAD,PESTO CG,2,0,2,2,0,0,0,0,0,0,0,0,0,0
2018-09-08,BREAD,VS,18,0,18,13,0,5,0,5,0,5,3,0,0,0
2018-09-08,BREAD,CH,12,15,27,1,11,15,0,0,0,0,0,0,0,0
2018-09-08,BREAD,SOURDOUGH,3,0,3,3,0,0,0,0,0,0,0,0,0,0
2018-09-08,BREAD,SOUR CC,3,0,3,1,0,2,0,0,0,0,0,0,0,0
2018-09-08,BREAD,SOUR CJ,3,0,3,0,0,3,0,0,0,0,0,0,0,0
2018-09-08,BREAD,SOUR RG,5,0,5,3,0,2,0,0,0,0,0,0,0,0
2018-09-08,BREAD,SOUR BORG,3,0,3,1,0,2,0,0,0,0,0,0,0,0
2018-09-08,BREAD,Car,0,0,0,0,0,0,0,0,0,0,0,0,0,0
2018-09-08,BREAD,IHF,0,26,26,26,0,0,0,0,0,0,0,0,0,0
2018-09-08,BREAD,GW BUNS,0,0,0,0,0,0,0,0,0,0,0,0,0,0
2018-09-08,BREAD,VS BUNS,2,0,2,2,0,0,0,0,0,0,0,0,0,0
2018-09-08,BREAD,H-RLS,6,0,6,0,0,6,0,0,0,0,0,0,0,0
2018-09-08,BREAD,FR-RLS,2,0,2,0,0,2,0,0,0,0,0,0,0,0
2018-09-08,BREAD,VS-RLS,7,0,7,5,0,2,0,0,0,0,0,0,0,0
2018-09-08,BREAD,BLUE STRU,4,0,4,3,0,1,0,0,0,0,0,0,0,0
2018-09-08,BREAD,CHOC CARM,5,0,5,2,0,3,0,0,0,0,0,0,0,0
2018-09-08,BREAD,Apple Crunch,8,0,8,6,0,2,0,0,0,0,0,0,0,0
2018-09-08,ROLLS,Cinnamon,0,72,72,43,0,29,0,0,0,0,0,0,0,0
2018-09-08,ROLLS,Take-N-Bake,0,0,0,0,0,0,0,0,0,0,0,0,0,0
2018-09-08,ROLLS,Mini C-Roll,0,24,24,0,24,0,0,0,0,0,0,0,0,0
2018-09-08,SCONES,Blueberry,0,20,20,20,0,0,0,0,3,3,3,0,0,0
2018-09-08,SCONES,Rasp Cream,0,0,0,0,0,0,0,0,0,0,0,0,0,0
2018-09-08,SCONES,Cherry,0,0,0,0,0,0,0,0,0,0,0,0,0,0
2018-09-08,SCONES,Butt Almond,0,22,22,11,0,11,0,0,3,3,2,0,0,0
2018-09-08,SCONES,Cin Chip,0,0,0,0,0,0,0,0,0,0,0,0,0,0
2018-09-08,SCONES,pumpkin sp,0,0,0,0,0,0,0,0,0,0,0,0,0,0
2018-09-08,SCONES,Carm Apple,0,0,0,0,0,0,0,0,0,0,0,0,0,0
2018-09-08,SCONES,c Appl Choc,0,0,0,0,0,0,0,0,0,0,0,0,0,0
2018-09-08,FRUIT BARS,Mixed Berry,0,0,0,0,0,0,0,0,0,0,0,0,0,0
2018-09-08,FRUIT BARS,Cherry,0,0,0,0,0,0,0,0,0,0,0,0,0,0
2018-09-08,FRUIT BARS,Apple Cin,0,12,12,11,0,1,0,0,0,0,0,0,0,0
2018-09-08,FRUIT BARS,MIXED FRUIT,0,8,8,7,0,1,0,0,0,0,0,0,0,0
2018-09-08,MUFFINS,BLUE STRU,0,8,8,8,0,0,0,0,2,2,2,0,0,0
2018-09-08,MUFFINS,CHOC CARM,0,8,8,7,0,1,0,0,2,2,0,0,0,0
2018-09-08,MUFFINS,Apple Crunch,0,8,8,6,0,2,0,0,2,2,0,0,0,0
2018-09-08,MUFFINS,Cookies,0,0,0,0,0,0,0,0,0,0,0,0,0,0
2018-09-08,MUFFINS,Bars,0,0,0,0,0,0,0,0,0,0,0,0,0,0
2018-09-08,MUFFINS,Oatmeal CC,16,0,16,9,6,1,0,0,0,0,0,0,0,0
2018-09-08,MUFFINS,Harv Raisin,16,0,16,6,0,10,0,0,0,0,0,0,0,0
2018-09-08,MUFFINS,Triple Choc,9,6,15,2,6,7,0,0,0,0,0,0,0,0
2018-09-08,MUFFINS,SNICKEDOODLE,12,6,18,0,6,12,0,0,0,0,0,0,0,0
2018-09-08,MUFFINS,Salted Car,12,0,12,12,0,0,0,0,0,0,0,0,0,0
2018-09-08,MUFFINS,frosted,21,0,21,11,0,10,0,0,0,0,0,0,0,0
2018-09-08,MUFFINS,Kahuna,14,0,14,8,0,6,0,0,0,0,0,0,0,0
2018-09-08,MUFFINS,Brownies,0,0,0,0,0,0,0,0,0,0,0,0,0,0
2018-09-08,MUFFINS,Pump Bar,0,0,0,0,0,0,0,0,0,0,0,0,0,0
2018-09-08,MUFFINS,Cashew Cr,0,0,0,0,0,0,0,0,0,0,0,0,0,0
2018-09-08,MUFFINS,Totals,100,194,294,161,42,91,0,0,12,12,7,0,0,0
2018-09-01,BREAD,H,13,0,13,7,0,6,0,0,0,0,0,0,0,0
2018-09-01,BREAD,FR,6,0,6,6,0,0,0,0,0,0,0,0,0,0
2018-09-01,BREAD,GW,3,14,17,11,0,6,0,0,0,0,0,0,0,0
2018-09-01,BREAD,DK,8,0,8,7,0,1,0,0,0,0,0,0,0,0
2018-09-01,BREAD,H5,11,0,11,5,0,6,0,0,0,0,0,0,0,0
2018-09-01,BREAD,CSRWL,4,8,12,12,0,0,0,1,2,3,3,0,0,0
2018-09-01,BREAD,Apple SWRL,5,8,13,13,0,0,0,1,2,3,3,0,0,0
2018-09-01,BREAD,ApB,0,0,0,0,0,0,0,0,0,0,0,0,0,0
2018-09-01,BREAD,CNE,11,0,11,6,0,5,0,1,0,1,1,0,0,0
2018-09-01,BREAD,CNR,2,0,2,1,0,1,0,0,0,0,0,0,0,0
2018-09-01,BREAD,CNW,2,0,2,1,0,1,0,0,0,0,0,0,0,0
2018-09-01,BREAD,CG,6,0,6,3,0,3,0,2,0,2,2,0,0,0
2018-09-01,BREAD,PESTO CG,2,0,2,0,0,2,0,0,0,0,0,0,0,0
2018-09-01,BREAD,VS,5,0,5,5,0,0,0,4,0,4,2,0,0,0
2018-09-01,BREAD,CH,0,0,0,0,0,0,0,0,0,0,0,0,0,0
2018-09-01,BREAD,SOURDOUGH,4,0,4,4,0,0,0,0,0,0,0,0,0,0
2018-09-01,BREAD,SOUR CC,3,0,3,1,0,2,0,0,0,0,0,0,0,0
2018-09-01,BREAD,SOUR CJ,0,0,0,-1,0,1,0,0,0,0,0,0,0,0
2018-09-01,BREAD,SOUR RG,1,0,1,0,0,1,0,0,0,0,0,0,0,0
2018-09-01,BREAD,SOUR BORG,4,0,4,1,0,3,0,0,0,0,0,0,0,0
2018-09-01,BREAD,Car,0,0,0,0,0,0,0,0,0,0,0,0,0,0
2018-09-01,BREAD,IHF,0,0,0,0,0,0,0,0,0,0,0,0,0,0
2018-09-01,BREAD,GW BUNS,2,0,2,1,0,1,0,0,0,0,0,0,0,0
2018-09-01,BREAD,VS BUNS,0,0,0,0,0,0,0,0,0,0,0,0,0,0
2018-09-01,BREAD,H-RLS,1,0,1,0,0,1,0,0,0,0,0,0,0,0
2018-09-01,BREAD,FR-RLS,4,0,4,2,0,2,0,0,0,0,0,0,0,0
2018-09-01,BREAD,VS-RLS,3,0,3,0,0,3,0,0,0,0,0,0,0,0
2018-09-01,BREAD,BLUE STRU,0,4,4,2,0,2,0,0,0,0,0,0,0,0
2018-09-01,BREAD,CHOC CARM,0,4,4,2,0,2,0,0,0,0,0,0,0,0
2018-09-01,BREAD,Apple Crunch,5,0,5,2,0,3,0,0,0,0,0,0,0,0
2018-09-01,ROLLS,Cinnamon,0,120,120,105,0,15,0,0,0,0,0,0,0,0
2018-09-01,ROLLS,Take-N-Bake,0,0,0,0,0,0,0,0,0,0,0,0,0,0
2018-09-01,ROLLS,Mini C-Roll,0,0,0,0,0,0,0,0,0,0,0,0,0,0
2018-09-01,SCONES,Blueberry,0,36,36,36,0,0,0,0,6,6,6,0,0,0
2018-09-01,SCONES,Rasp Cream,0,0,0,0,0,0,0,0,0,0,0,0,0,0
2018-09-01,SCONES,Cherry,0,0,0,0,0,0,0,0,0,0,0,0,0,0
2018-09-01,SCONES,Butt Almond,0,37,37,37,0,0,0,0,7,7,7,0,0,0
2018-09-01,SCONES,Cin Chip,0,0,0,0,0,0,0,0,0,0,0,0,0,0
2018-09-01,SCONES,pumpkin sp,0,0,0,0,0,0,0,0,0,0,0,0,0,0
2018-09-01,SCONES,Carm Apple,0,0,0,0,0,0,0,0,0,0,0,0,0,0
2018-09-01,SCONES,c Appl Choc,0,0,0,0,0,0,0,0,0,0,0,0,0,0
2018-09-01,FRUIT BARS,Mixed Berry,0,8,8,8,0,0,0,0,0,0,0,0,0,0
2018-09-01,FRUIT BARS,Cherry,0,12,12,10,0,2,0,0,0,0,0,0,0,0
2018-09-01,FRUIT BARS,Apple Cin,0,12,12,11,0,1,0,0,0,0,0,0,0,0
2018-09-01,FRUIT BARS,MIXED FRUIT,0,8,8,6,0,2,0,0,0,0,0,0,0,0
2018-09-01,MUFFINS,BLUE STRU,0,14,14,13,0,1,0,0,3,3,1,0,0,0
2018-09-01,MUFFINS,CHOC CARM,0,14,14,12,0,2,0,0,3,3,1,0,0,0
2018-09-01,MUFFINS,Apple Crunch,0,11,11,8,0,3,0,0,3,3,3,0,0,0
2018-09-01,MUFFINS,Cookies,0,0,0,0,0,0,0,0,0,0,0,0,0,0
2018-09-01,MUFFINS,Bars,0,0,0,0,0,0,0,0,0,0,0,0,0,0
2018-09-01,MUFFINS,Oatmeal CC,0,12,12,9,3,0,0,0,4,4,0,0,0,0
2018-09-01,MUFFINS,Harv Raisin,0,12,12,8,4,0,0,0,4,4,0,0,0,0
2018-09-01,MUFFINS,Triple Choc,0,12,12,7,0,5,0,0,4,4,0,0,0,0
2018-09-01,MUFFINS,SNICKEDOODLE,0,12,12,10,0,2,0,0,0,0,0,0,0,0
2018-09-01,MUFFINS,frosted,0,6,6,3,0,3,0,0,0,0,0,0,0,0
2018-09-01,MUFFINS,Kahuna,7,0,7,3,0,4,0,0,0,0,0,0,0,0
2018-09-01,MUFFINS,Brownies,10,0,10,4,0,6,0,0,0,0,0,0,0,0
2018-09-01,MUFFINS,Pump Bar,0,0,0,0,0,0,0,0,0,0,0,0,0,0
2018-09-01,MUFFINS,Cashew Cr,0,0,0,0,0,0,0,0,0,0,0,0,0,0
2018-09-01,MUFFINS,Totals,17,326,343,290,7,46,0,0,34,34,18,0,0,0
2018-09-02,BREAD,H,0,0,0,0,0,0,0,0,0,0,0,0,0,0
2018-09-02,BREAD,FR,0,0,0,0,0,0,0,0,0,0,0,0,0,0
2018-09-02,BREAD,GW,0,0,0,0,0,0,0,0,0,0,0,0,0,0
2018-09-02,BREAD,DK,0,0,0,0,0,0,0,0,0,0,0,0,0,0
2018-09-02,BREAD,H5,0,0,0,0,0,0,0,0,0,0,0,0,0,0
2018-09-02,BREAD,CSRWL,0,0,0,0,0,0,0,0,0,0,0,0,0,0
2018-09-02,BREAD,Apple SWRL,0,0,0,0,0,0,0,0,0,0,0,0,0,0
2018-09-02,BREAD,ApB,0,0,0,0,0,0,0,0,0,0,0,0,0,0
2018-09-02,BREAD,CNE,0,0,0,0,0,0,0,0,0,0,0,0,0,0
2018-09-02,BREAD,CNR,0,0,0,0,0,0,0,0,0,0,0,0,0,0
2018-09-02,BREAD,CNW,0,0,0,0,0,0,0,0,0,0,0,0,0,0
2018-09-02,BREAD,CG,0,0,0,0,0,0,0,0,0,0,0,0,0,0
2018-09-02,BREAD,PESTO CG,0,0,0,0,0,0,0,0,0,0,0,0,0,0
2018-09-02,BREAD,VS,0,0,0,0,0,0,0,0,0,0,0,0,0,0
2018-09-02,BREAD,CH,0,0,0,0,0,0,0,0,0,0,0,0,0,0
2018-09-02,BREAD,SOURDOUGH,0,0,0,0,0,0,0,0,0,0,0,0,0,0
2018-09-02,BREAD,SOUR CC,0,0,0,0,0,0,0,0,0,0,0,0,0,0
2018-09-02,BREAD,SOUR CJ,0,0,0,0,0,0,0,0,0,0,0,0,0,0
2018-09-02,BREAD,SOUR RG,0,0,0,0,0,0,0,0,0,0,0,0,0,0
2018-09-02,BREAD,SOUR BORG,0,0,0,0,0,0,0,0,0,0,0,0,0,0
2018-09-02,BREAD,Car,0,0,0,0,0,0,0,0,0,0,0,0,0,0
2018-09-02,BREAD,IHF,0,0,0,0,0,0,0,0,0,0,0,0,0,0
2018-09-02,BREAD,GW BUNS,0,0,0,0,0,0,0,0,0,0,0,0,0,0
2018-09-02,BREAD,VS BUNS,0,0,0,0,0,0,0,0,0,0,0,0,0,0
2018-09-02,BREAD,H-RLS,0,0,0,0,0,0,0,0,0,0,0,0,0,0
2018-09-02,BREAD,FR-RLS,0,0,0,0,0,0,0,0,0,0,0,0,0,0
2018-09-02,BREAD,VS-RLS,0,0,0,0,0,0,0,0,0,0,0,0,0,0
2018-09-02,BREAD,BLUE STRU,0,0,0,0,0,0,0,0,0,0,0,0,0,0
2018-09-02,BREAD,CHOC CARM,0,0,0,0,0,0,0,0,0,0,0,0,0,0
2018-09-02,BREAD,Apple Crunch,0,0,0,0,0,0,0,0,0,0,0,0,0,0
2018-09-02,ROLLS,Cinnamon,0,0,0,0,0,0,0,0,0,0,0,0,0,0
2018-09-02,ROLLS,Take-N-Bake,0,0,0,0,0,0,0,0,0,0,0,0,0,0
2018-09-02,ROLLS,Mini C-Roll,0,0,0,0,0,0,0,0,0,0,0,0,0,0
2018-09-02,SCONES,Blueberry,0,0,0,0,0,0,0,0,0,0,0,0,0,0
2018-09-02,SCONES,Rasp Cream,0,0,0,0,0,0,0,0,0,0,0,0,0,0
2018-09-02,SCONES,Cherry,0,0,0,0,0,0,0,0,0,0,0,0,0,0
2018-09-02,SCONES,Butt Almond,0,0,0,0,0,0,0,0,0,0,0,0,0,0
2018-09-02,SCONES,Cin Chip,0,0,0,0,0,0,0,0,0,0,0,0,0,0
2018-09-02,SCONES,pumpkin sp,0,0,0,0,0,0,0,0,0,0,0,0,0,0
2018-09-02,SCONES,Carm Apple,0,0,0,0,0,0,0,0,0,0,0,0,0,0
2018-09-02,SCONES,c Appl Choc,0,0,0,0,0,0,0,0,0,0,0,0,0,0
2018-09-02,FRUIT BARS,Mixed Berry,0,0,0,0,0,0,0,0,0,0,0,0,0,0
2018-09-02,FRUIT BARS,Cherry,0,0,0,0,0,0,0,0,0,0,0,0,0,0
2018-09-02,FRUIT BARS,Apple Cin,0,0,0,0,0,0,0,0,0,0,0,0,0,0
2018-09-02,FRUIT BARS,MIXED FRUIT,0,0,0,0,0,0,0,0,0,0,0,0,0,0
2018-09-02,MUFFINS,BLUE STRU,0,0,0,0,0,0,0,0,0,0,0,0,0,0
2018-09-02,MUFFINS,CHOC CARM,0,0,0,0,0,0,0,0,0,0,0,0,0,0
2018-09-02,MUFFINS,Apple Crunch,0,0,0,0,0,0,0,0,0,0,0,0,0,0
2018-09-02,MUFFINS,Cookies,0,0,0,0,0,0,0,0,0,0,0,0,0,0
2018-09-02,MUFFINS,Bars,0,0,0,0,0,0,0,0,0,0,0,0,0,0
2018-09-02,MUFFINS,Oatmeal CC,0,0,0,0,0,0,0,0,0,0,0,0,0,0
2018-09-02,MUFFINS,Harv Raisin,0,0,0,0,0,0,0,0,0,0,0,0,0,0
2018-09-02,MUFFINS,Triple Choc,0,0,0,0,0,0,0,0,0,0,0,0,0,0
2018-09-02,MUFFINS,SNICKEDOODLE,0,0,0,0,0,0,0,0,0,0,0,0,0,0
2018-09-02,MUFFINS,frosted,0,0,0,0,0,0,0,0,0,0,0,0,0,0
2018-09-02,MUFFINS,Kahuna,0,0,0,0,0,0,0,0,0,0,0,0,0,0
2018-09-02,MUFFINS,Brownies,0,0,0,0,0,0,0,0,0,0,0,0,0,0
2018-09-02,MUFFINS,Pump Bar,0,0,0,0,0,0,0,0,0,0,0,0,0,0
2018-09-02,MUFFINS,Cashew Cr,0,0,0,0,0,0,0,0,0,0,0,0,0,0
2018-09-02,MUFFINS,Totals,0,0,0,0,0,0,0,0,0,0,0,0,0,0
2018-09-03,BREAD,H,0,0,0,0,0,0,0,0,0,0,0,0,0,0
2018-09-03,BREAD,FR,0,0,0,0,0,0,0,0,0,0,0,0,0,0
2018-09-03,BREAD,GW,0,0,0,0,0,0,0,0,0,0,0,0,0,0
2018-09-03,BREAD,DK,0,0,0,0,0,0,0,0,0,0,0,0,0,0
2018-09-03,BREAD,H5,0,0,0,0,0,0,0,0,0,0,0,0,0,0
2018-09-03,BREAD,CSRWL,0,0,0,0,0,0,0,0,0,0,0,0,0,0
2018-09-03,BREAD,Apple SWRL,0,0,0,0,0,0,0,0,0,0,0,0,0,0
2018-09-03,BREAD,ApB,0,0,0,0,0,0,0,0,0,0,0,0,0,0
2018-09-03,BREAD,CNE,0,0,0,0,0,0,0,0,0,0,0,0,0,0
2018-09-03,BREAD,CNR,0,0,0,0,0,0,0,0,0,0,0,0,0,0
2018-09-03,BREAD,CNW,0,0,0,0,0,0,0,0,0,0,0,0,0,0
2018-09-03,BREAD,CG,0,0,0,0,0,0,0,0,0,0,0,0,0,0
2018-09-03,BREAD,PESTO CG,0,0,0,0,0,0,0,0,0,0,0,0,0,0
2018-09-03,BREAD,VS,0,0,0,0,0,0,0,0,0,0,0,0,0,0
2018-09-03,BREAD,CH,0,0,0,0,0,0,0,0,0,0,0,0,0,0
2018-09-03,BREAD,SOURDOUGH,0,0,0,0,0,0,0,0,0,0,0,0,0,0
2018-09-03,BREAD,SOUR CC,0,0,0,0,0,0,0,0,0,0,0,0,0,0
2018-09-03,BREAD,SOUR CJ,0,0,0,0,0,0,0,0,0,0,0,0,0,0
2018-09-03,BREAD,SOUR RG,0,0,0,0,0,0,0,0,0,0,0,0,0,0
2018-09-03,BREAD,SOUR BORG,0,0,0,0,0,0,0,0,0,0,0,0,0,0
2018-09-03,BREAD,Car,0,0,0,0,0,0,0,0,0,0,0,0,0,0
2018-09-03,BREAD,IHF,0,0,0,0,0,0,0,0,0,0,0,0,0,0
2018-09-03,BREAD,GW BUNS,0,0,0,0,0,0,0,0,0,0,0,0,0,0
2018-09-03,BREAD,VS BUNS,0,0,0,0,0,0,0,0,0,0,0,0,0,0
2018-09-03,BREAD,H-RLS,0,0,0,0,0,0,0,0,0,0,0,0,0,0
2018-09-03,BREAD,FR-RLS,0,0,0,0,0,0,0,0,0,0,0,0,0,0
2018-09-03,BREAD,VS-RLS,0,0,0,0,0,0,0,0,0,0,0,0,0,0
2018-09-03,BREAD,BLUE STRU,0,0,0,0,0,0,0,0,0,0,0,0,0,0
2018-09-03,BREAD,CHOC CARM,0,0,0,0,0,0,0,0,0,0,0,0,0,0
2018-09-03,BREAD,Apple Crunch,0,0,0,0,0,0,0,0,0,0,0,0,0,0
2018-09-03,ROLLS,Cinnamon,0,0,0,0,0,0,0,0,0,0,0,0,0,0
2018-09-03,ROLLS,Take-N-Bake,0,0,0,0,0,0,0,0,0,0,0,0,0,0
2018-09-03,ROLLS,Mini C-Roll,0,0,0,0,0,0,0,0,0,0,0,0,0,0
2018-09-03,SCONES,Blueberry,0,0,0,0,0,0,0,0,0,0,0,0,0,0
2018-09-03,SCONES,Rasp Cream,0,0,0,0,0,0,0,0,0,0,0,0,0,0
2018-09-03,SCONES,Cherry,0,0,0,0,0,0,0,0,0,0,0,0,0,0
2018-09-03,SCONES,Butt Almond,0,0,0,0,0,0,0,0,0,0,0,0,0,0
2018-09-03,SCONES,Cin Chip,0,0,0,0,0,0,0,0,0,0,0,0,0,0
2018-09-03,SCONES,pumpkin sp,0,0,0,0,0,0,0,0,0,0,0,0,0,0
2018-09-03,SCONES,Carm Apple,0,0,0,0,0,0,0,0,0,0,0,0,0,0
2018-09-03,SCONES,c Appl Choc,0,0,0,0,0,0,0,0,0,0,0,0,0,0
2018-09-03,FRUIT BARS,Mixed Berry,0,0,0,0,0,0,0,0,0,0,0,0,0,0
2018-09-03,FRUIT BARS,Cherry,0,0,0,0,0,0,0,0,0,0,0,0,0,0
2018-09-03,FRUIT BARS,Apple Cin,0,0,0,0,0,0,0,0,0,0,0,0,0,0
2018-09-03,FRUIT BARS,MIXED FRUIT,0,0,0,0,0,0,0,0,0,0,0,0,0,0
2018-09-03,MUFFINS,BLUE STRU,0,0,0,0,0,0,0,0,0,0,0,0,0,0
2018-09-03,MUFFINS,CHOC CARM,0,0,0,0,0,0,0,0,0,0,0,0,0,0
2018-09-03,MUFFINS,Apple Crunch,0,0,0,0,0,0,0,0,0,0,0,0,0,0
2018-09-03,MUFFINS,Cookies,0,0,0,0,0,0,0,0,0,0,0,0,0,0
2018-09-03,MUFFINS,Bars,0,0,0,0,0,0,0,0,0,0,0,0,0,0
2018-09-03,MUFFINS,Oatmeal CC,0,0,0,0,0,0,0,0,0,0,0,0,0,0
2018-09-03,MUFFINS,Harv Raisin,0,0,0,0,0,0,0,0,0,0,0,0,0,0
2018-09-03,MUFFINS,Triple Choc,0,0,0,0,0,0,0,0,0,0,0,0,0,0
2018-09-03,MUFFINS,SNICKEDOODLE,0,0,0,0,0,0,0,0,0,0,0,0,0,0
2018-09-03,MUFFINS,frosted,0,0,0,0,0,0,0,0,0,0,0,0,0,0
2018-09-03,MUFFINS,Kahuna,0,0,0,0,0,0,0,0,0,0,0,0,0,0
2018-09-03,MUFFINS,Brownies,0,0,0,0,0,0,0,0,0,0,0,0,0,0
2018-09-03,MUFFINS,Pump Bar,0,0,0,0,0,0,0,0,0,0,0,0,0,0
2018-09-03,MUFFINS,Cashew Cr,0,0,0,0,0,0,0,0,0,0,0,0,0,0
2018-09-03,MUFFINS,Totals,0,0,0,0,0,0,0,0,0,0,0,0,0,0
2018-09-04,BREAD,H,0,35,35,18,0,0,17,0,0,0,0,0,0,0
2018-09-04,BREAD,FR,0,48,48,8,20,0,20,0,0,0,0,0,0,0
2018-09-04,BREAD,GW,0,9,9,3,0,0,6,0,0,0,0,0,0,0
2018-09-04,BREAD,DK,0,0,0,0,0,0,0,0,0,0,0,0,0,0
2018-09-04,BREAD,H5,0,23,23,14,0,0,9,0,0,0,0,0,0,0
2018-09-04,BREAD,CSRWL,0,16,16,7,0,0,9,0,3,3,1,0,0,2
2018-09-04,BREAD,Apple SWRL,0,12,12,7,0,0,5,0,3,3,1,0,0,2
2018-09-04,BREAD,ApB,0,13,13,7,0,0,6,0,4,4,1,0,0,3
2018-09-04,BREAD,CNE,0,0,0,0,0,0,0,0,0,0,0,0,0,0
2018-09-04,BREAD,CNR,0,0,0,0,0,0,0,0,0,0,0,0,0,0
2018-09-04,BREAD,CNW,0,0,0,0,0,0,0,0,0,0,0,0,0,0
2018-09-04,BREAD,CG,0,0,0,0,0,0,0,0,0,0,0,0,0,0
2018-09-04,BREAD,PESTO CG,0,0,0,0,0,0,0,0,0,0,0,0,0,0
2018-09-04,BREAD,VS,0,10,10,5,0,0,5,0,4,4,2,0,0,2
2018-09-04,BREAD,CH,0,6,6,4,0,0,2,0,3,3,0,0,0,3
2018-09-04,BREAD,SOURDOUGH,0,0,0,0,0,0,0,0,0,0,0,0,0,0
2018-09-04,BREAD,SOUR CC,0,0,0,0,0,0,0,0,0,0,0,0,0,0
2018-09-04,BREAD,SOUR CJ,0,0,0,0,0,0,0,0,0,0,0,0,0,0
2018-09-04,BREAD,SOUR RG,0,0,0,0,0,0,0,0,0,0,0,0,0,0
2018-09-04,BREAD,SOUR BORG,0,0,0,0,0,0,0,0,0,0,0,0,0,0
2018-09-04,BREAD,Car,0,0,0,0,0,0,0,0,0,0,0,0,0,0
2018-09-04,BREAD,IHF,0,0,0,0,0,0,0,0,0,0,0,0,0,0
2018-09-04,BREAD,GW BUNS,0,0,0,0,0,0,0,0,0,0,0,0,0,0
2018-09-04,BREAD,VS BUNS,0,0,0,0,0,0,0,0,0,0,0,0,0,0
2018-09-04,BREAD,GF,0,26,26,26,0,0,0,0,0,0,0,0,0,0
2018-09-04,BREAD,H-RLS,0,2,2,2,0,0,0,0,0,0,0,0,0,0
2018-09-04,BREAD,FR-RLS,0,2,2,2,0,0,0,0,0,0,0,0,0,0
2018-09-04,BREAD,VS-RLS,0,4,4,1,0,0,3,0,0,0,0,0,0,0
2018-09-04,BREAD,BLUE STRU,0,5,5,5,0,0,0,0,0,0,0,0,0,0
2018-09-04,BREAD,CHOC CARM,0,5,5,1,0,0,4,0,0,0,0,0,0,0
2018-09-04,BREAD,Apple Crunch,0,5,5,1,0,0,4,0,0,0,0,0,0,0
2018-09-04,ROLLS,Cinnamon,0,24,24,15,9,0,0,0,0,0,0,0,0,0
2018-09-04,ROLLS,Take-N-Bake,0,0,0,0,0,0,0,0,0,0,0,0,0,0
2018-09-04,ROLLS,Mini C-Roll,0,0,0,0,0,0,0,0,0,0,0,0,0,0
2018-09-04,SCONES,Blueberry,0,18,18,15,0,3,0,0,2,2,0,0,0,0
2018-09-04,SCONES,Rasp Cream,0,0,0,0,0,0,0,0,0,0,0,0,0,0
2018-09-04,SCONES,Cherry,0,0,0,0,0,0,0,0,0,0,0,0,0,0
2018-09-04,SCONES,Butt Almond,0,0,0,0,0,0,0,0,0,0,0,0,0,0
2018-09-04,SCONES,Cin Chip,0,0,0,0,0,0,0,0,0,0,0,0,0,0
2018-09-04,SCONES,pumpkin sp,0,0,0,0,0,0,0,0,0,0,0,0,0,0
2018-09-04,SCONES,Carm Apple,0,12,12,7,4,1,0,0,2,2,0,0,0,0
2018-09-04,SCONES,c Appl Choc,0,10,10,8,0,2,0,0,2,2,1,0,0,0
2018-09-04,FRUIT BARS,Mixed Berry,0,0,0,0,0,0,0,0,0,0,0,0,0,0
2018-09-04,FRUIT BARS,Cherry,0,0,0,0,0,0,0,0,0,0,0,0,0,0
2018-09-04,FRUIT BARS,Apple Cin,0,12,12,12,0,0,0,0,0,0,0,0,0,0
2018-09-04,FRUIT BARS,MIXED FRUIT,0,8,8,8,0,0,0,0,0,0,0,0,0,0
2018-09-04,MUFFINS,BLUE STRU,0,7,7,5,0,2,0,0,2,2,1,0,0,0
2018-09-04,MUFFINS,CHOC CARM,0,7,7,3,0,4,0,0,2,2,1,0,0,0
2018-09-04,MUFFINS,Apple Crunch,0,7,7,5,0,2,0,0,2,2,0,0,0,0
2018-09-04,MUFFINS,Cookies,0,0,0,0,0,0,0,0,0,0,0,0,0,0
2018-09-04,MUFFINS,Bars,0,0,0,0,0,0,0,0,0,0,0,0,0,0
2018-09-04,MUFFINS,Oatmeal CC,0,18,18,17,0,0,1,0,0,0,0,0,0,0
2018-09-04,MUFFINS,Salted Carm,0,18,18,10,0,0,8,0,0,0,0,0,0,0
2018-09-04,MUFFINS,Triple Choc,0,18,18,16,0,0,2,0,0,0,0,0,0,0
2018-09-04,MUFFINS,SNICKEDOODLE,0,18,18,15,0,0,3,0,0,0,0,0,0,0
2018-09-04,MUFFINS,frosted,0,12,12,3,0,0,9,0,0,0,0,0,0,0
2018-09-04,MUFFINS,Kahuna,0,0,0,0,0,0,0,0,0,0,0,0,0,0
2018-09-04,MUFFINS,Brownies,0,20,20,9,0,0,11,0,0,0,0,0,0,0
2018-09-04,MUFFINS,Pump Bar,0,0,0,0,0,0,0,0,0,0,0,0,0,0
2018-09-04,MUFFINS,Cashew Cr,0,0,0,0,0,0,0,0,0,0,0,0,0,0
2018-09-04,MUFFINS,Totals,0,209,209,148,13,14,34,0,12,12,3,0,0,0
2018-09-05,BREAD,H,17,53,70,47,2,0,21,0,0,0,0,0,0,0
2018-09-05,BREAD,FR,20,30,50,-13,35,0,28,0,0,0,0,0,0,0
2018-09-05,BREAD,GW,6,17,23,11,0,4,8,0,0,0,0,0,0,0
2018-09-05,BREAD,DK,0,43,43,29,0,0,14,0,0,0,0,0,0,0
2018-09-05,BREAD,H5,9,0,9,7,0,0,2,0,0,0,0,0,0,0
2018-09-05,BREAD,CSRWL,9,0,9,-16,15,7,3,2,0,2,0,0,0,0
2018-09-05,BREAD,Apple SWRL,5,0,5,2,1,0,2,2,0,2,1,0,0,1
2018-09-05,BREAD,ApB,6,0,6,5,0,0,1,3,0,3,2,0,0,1
2018-09-05,BREAD,CNE,0,23,23,21,0,0,2,0,4,4,2,0,0,2
2018-09-05,BREAD,CNR,0,10,10,7,0,0,3,0,0,0,0,0,0,0
2018-09-05,BREAD,CNW,0,11,11,9,1,0,1,0,0,0,0,0,0,0
2018-09-05,BREAD,CG,0,14,14,8,0,0,6,0,4,4,3,0,0,1
2018-09-05,BREAD,PESTO CG,0,6,6,5,0,0,1,0,0,0,0,0,0,0
2018-09-05,BREAD,VS,5,0,5,3,0,2,0,2,0,2,1,0,0,0
2018-09-05,BREAD,CH,2,0,2,1,0,1,0,3,0,3,1,0,0,0
2018-09-05,BREAD,SOURDOUGH,0,12,12,10,0,0,2,0,0,0,0,0,0,0
2018-09-05,BREAD,SOUR CC,0,5,5,1,0,0,4,0,0,0,0,0,0,0
2018-09-05,BREAD,SOUR CJ,0,4,4,2,0,0,2,0,0,0,0,0,0,0
2018-09-05,BREAD,SOUR RG,0,4,4,2,0,0,2,0,0,0,0,0,0,0
2018-09-05,BREAD,SOUR BORG,0,5,5,4,0,0,1,0,0,0,0,0,0,0
2018-09-05,BREAD,Car,0,17,17,17,0,0,0,0,0,0,0,0,0,0
2018-09-05,BREAD,IHF,0,0,0,0,0,0,0,0,0,0,0,0,0,0
2018-09-05,BREAD,GW BUNS,0,0,0,0,0,0,0,0,0,0,0,0,0,0
2018-09-05,BREAD,VS BUNS,0,0,0,0,0,0,0,0,0,0,0,0,0,0
2018-09-05,BREAD,H-RLS,0,4,4,3,0,0,1,0,0,0,0,0,0,0
2018-09-05,BREAD,FR-RLS,0,4,4,4,0,0,0,0,0,0,0,0,0,0
2018-09-05,BREAD,VS-RLS,3,0,3,3,0,0,0,0,0,0,0,0,0,0
2018-09-05,BREAD,BLUE STRU,0,8,8,4,2,0,2,0,0,0,0,0,0,0
2018-09-05,BREAD,CHOC CARM,4,3,7,1,1,3,2,0,0,0,0,0,0,0
2018-09-05,BREAD,Apple Crunch,4,2,6,3,0,2,1,0,0,0,0,0,0,0
2018-09-05,ROLLS,Cinnamon,0,84,84,49,6,29,0,0,0,0,0,0,0,0
2018-09-05,ROLLS,Take-N-Bake,0,0,0,0,0,0,0,0,0,0,0,0,0,0
2018-09-05,ROLLS,Mini C-Roll,0,24,24,0,24,0,0,0,0,0,0,0,0,0
2018-09-05,SCONES,Blueberry,0,0,0,0,0,0,0,0,0,0,0,0,0,0
2018-09-05,SCONES,Rasp Cream,0,31,31,17,0,14,0,0,13,13,3,0,0,0
2018-09-05,SCONES,Cherry,0,0,0,0,0,0,0,0,0,0,0,0,0,0
2018-09-05,SCONES,Butt Almond,0,0,0,0,0,0,0,0,0,0,0,0,0,0
2018-09-05,SCONES,Cin Chip,0,24,24,12,0,12,0,0,13,13,4,0,0,0
2018-09-05,SCONES,pumpkin sp,0,0,0,0,0,0,0,0,0,0,0,0,0,0
2018-09-05,SCONES,Carm Apple,0,0,0,0,0,0,0,0,0,0,0,0,0,0
2018-09-05,SCONES,c Appl Choc,0,0,0,0,0,0,0,0,0,0,0,0,0,0
2018-09-05,FRUIT BARS,Mixed Berry,0,8,8,2,3,3,0,0,0,0,0,0,0,0
2018-09-05,FRUIT BARS,Cherry,0,12,12,8,4,0,0,0,0,0,0,0,0,0
2018-09-05,FRUIT BARS,Apple Cin,0,0,0,0,0,0,0,0,0,0,0,0,0,0
2018-09-05,FRUIT BARS,MIXED FRUIT,0,0,0,0,0,0,0,0,0,0,0,0,0,0
2018-09-05,MUFFINS,BLUE STRU,0,11,11,10,0,1,0,0,4,4,4,0,0,0
2018-09-05,MUFFINS,CHOC CARM,0,11,11,8,0,3,0,0,7,7,2,0,0,0
2018-09-05,MUFFINS,Apple Crunch,0,11,11,7,0,4,0,0,7,7,4,0,0,0
2018-09-05,COOKIES/BARS,Oatmeal CC,1,30,31,20,2,0,9,0,0,0,0,0,0,0
2018-09-05,COOKIES/BARS,salted caramel,8,18,26,13,0,5,8,0,0,0,0,0,0,0
2018-09-05,COOKIES/BARS,Triple Choc,2,30,32,14,2,0,16,0,0,0,0,0,0,0
2018-09-05,COOKIES/BARS,SNICKEDOODLE,3,26,29,20,2,0,7,0,0,0,0,0,0,0
2018-09-05,COOKIES/BARS,frosted,9,27,36,23,0,7,6,0,0,0,0,0,0,0
2018-09-05,COOKIES/BARS,Kahuna,0,20,20,5,0,0,15,0,0,0,0,0,0,0
2018-09-05,COOKIES/BARS,Brownies,11,0,11,8,0,3,0,0,0,0,0,0,0,0
2018-09-05,COOKIES/BARS,Pump Bar,0,0,0,0,0,0,0,0,0,0,0,0,0,0
2018-09-05,COOKIES/BARS,Cashew Cr,0,0,0,0,0,0,0,0,0,0,0,0,0,0
2018-09-05,COOKIES/BARS,Totals,34,367,401,216,43,81,61,0,44,44,17,0,0,0
2018-09-06,BREAD,H,21,24,45,20,0,0,25,0,0,0,0,0,0,0
2018-09-06,BREAD,FR,28,38,66,48,0,0,18,0,0,0,0,0,0,0
2018-09-06,BREAD,GW,8,0,8,2,0,6,0,0,0,0,0,0,0,0
2018-09-06,BREAD,DK,14,0,14,9,0,0,5,0,0,0,0,0,0,0
2018-09-06,BREAD,H5,2,25,27,8,0,0,19,0,0,0,0,0,0,0
2018-09-06,BREAD,CSRWL,3,16,19,6,1,2,10,0,2,2,0,0,0,1
2018-09-06,BREAD,Apple SWRL,2,16,18,5,0,1,12,1,2,3,2,0,0,1
2018-09-06,BREAD,ApB,1,14,15,3,0,0,12,1,2,3,-1,0,0,4
2018-09-06,BREAD,CNE,2,0,2,2,0,0,0,2,0,2,1,0,0,0
2018-09-06,BREAD,CNR,3,0,3,2,0,1,0,0,0,0,0,0,0,0
2018-09-06,BREAD,CNW,1,0,1,0,0,1,0,0,0,0,0,0,0,0
2018-09-06,BREAD,CG,6,0,6,3,0,3,0,1,0,1,1,0,0,0
2018-09-06,BREAD,PESTO CG,1,0,1,1,0,0,0,0,0,0,0,0,0,0
2018-09-06,BREAD,VS,0,13,13,1,0,0,12,0,4,4,0,0,0,4
2018-09-06,BREAD,CH,0,9,9,-2,2,0,9,0,2,2,1,0,0,1
2018-09-06,BREAD,SOURDOUGH,2,0,2,1,0,1,0,0,0,0,0,0,0,0
2018-09-06,BREAD,SOUR CC,4,0,4,-1,0,5,0,0,0,0,0,0,0,0
2018-09-06,BREAD,SOUR CJ,2,0,2,2,0,0,0,0,0,0,0,0,0,0
2018-09-06,BREAD,SOUR RG,2,0,2,2,0,0,0,0,0,0,0,0,0,0
2018-09-06,BREAD,SOUR BORG,1,0,1,-1,0,2,0,0,0,0,0,0,0,0
2018-09-06,BREAD,Car,0,0,0,0,0,0,0,0,0,0,0,0,0,0
2018-09-06,BREAD,IHF,0,0,0,0,0,0,0,0,0,0,0,0,0,0
2018-09-06,BREAD,GW BUNS,0,0,0,0,0,0,0,0,0,0,0,0,0,0
2018-09-06,BREAD,VS BUNS,0,0,0,0,0,0,0,0,0,0,0,0,0,0
2018-09-06,BREAD,H-RLS,1,4,5,-1,0,2,4,0,0,0,0,0,0,0
2018-09-06,BREAD,FR-RLS,0,4,4,1,0,1,2,0,0,0,0,0,0,0
2018-09-06,BREAD,VS-RLS,0,3,3,1,0,0,2,0,0,0,0,0,0,0
2018-09-06,BREAD,BLUE STRU,2,7,9,-1,1,2,7,0,0,0,0,0,0,0
2018-09-06,BREAD,CHOC CARM,2,6,8,0,0,3,5,0,0,0,0,0,0,0
2018-09-06,BREAD,Apple Crunch,1,7,8,0,0,2,6,0,0,0,0,0,0,0
2018-09-06,ROLLS,Cinnamon,0,228,228,199,1,28,0,0,0,0,0,0,0,0
2018-09-06,ROLLS,Take-N-Bake,0,0,0,0,0,0,0,0,0,0,0,0,0,0
2018-09-06,ROLLS,Mini C-Roll,0,0,0,0,0,0,0,0,0,0,0,0,0,0
2018-09-06,SCONES,Blueberry,0,44,44,43,0,1,0,0,5,5,5,0,0,0
2018-09-06,SCONES,Rasp Cream,0,0,0,0,0,0,0,0,0,0,0,0,0,0
2018-09-06,SCONES,Cherry,0,0,0,0,0,0,0,0,0,0,0,0,0,0
2018-09-06,SCONES,Butt Almond,0,0,0,0,0,0,0,0,0,0,0,0,0,0
2018-09-06,SCONES,Cin Chip,0,0,0,0,0,0,0,0,0,0,0,0,0,0
2018-09-06,SCONES,pumpkin sp,0,0,0,0,0,0,0,0,0,0,0,0,0,0
2018-09-06,SCONES,Carm Apple,0,21,21,19,0,2,0,0,6,6,6,0,0,0
2018-09-06,SCONES,c Appl Choc,0,21,21,21,0,0,0,0,6,6,6,0,0,0
2018-09-06,FRUIT BARS,Mixed Berry,0,10,10,10,0,0,0,0,0,0,0,0,0,0
2018-09-06,FRUIT BARS,Cherry,0,20,20,10,10,0,0,0,0,0,0,0,0,0
2018-09-06,FRUIT BARS,Apple Cin,0,20,20,7,10,3,0,0,0,0,0,0,0,0
2018-09-06,FRUIT BARS,MIXED FRUIT,0,10,10,10,0,0,0,0,0,0,0,0,0,0
2018-09-06,MUFFINS,BLUE STRU,0,20,20,16,0,4,0,0,5,5,5,0,0,0
2018-09-06,MUFFINS,CHOC CARM,0,18,18,12,0,6,0,0,5,5,4,0,0,0
2018-09-06,MUFFINS,Apple Crunch,0,20,20,8,0,12,0,0,5,5,2,0,0,0
2018-09-06,MUFFINS,Cookies,0,0,0,0,0,0,0,0,0,0,0,0,0,0
2018-09-06,MUFFINS,Bars,0,0,0,0,0,0,0,0,0,0,0,0,0,0
2018-09-06,MUFFINS,Oatmeal CC,9,30,39,30,0,0,9,0,0,0,-7,0,0,0
2018-09-06,MUFFINS,Harv Raisin,8,24,32,19,0,0,13,0,0,0,0,0,0,0
2018-09-06,MUFFINS,Triple Choc,16,24,40,35,0,0,5,0,0,0,-6,0,0,0
2018-09-06,MUFFINS,SNICKEDOODLE,7,36,43,37,0,0,6,0,0,0,-4,0,0,0
2018-09-06,MUFFINS,frosted,6,12,18,15,0,0,3,0,0,0,0,0,0,0
2018-09-06,MUFFINS,Kahuna,15,0,15,13,0,2,0,0,0,0,0,0,0,0
2018-09-06,MUFFINS,Brownies,0,20,20,18,0,0,2,0,0,0,0,0,0,0
2018-09-06,MUFFINS,Pump Bar,0,0,0,0,0,0,0,0,0,0,0,0,0,0
2018-09-06,MUFFINS,Cashew Cr,0,0,0,0,0,0,0,0,0,0,0,0,0,0
2018-09-06,MUFFINS,Totals,61,578,639,522,21,58,38,0,32,32,11,0,0,0
2018-09-07,BREAD,H,25,27,52,21,4,0,27,0,0,0,0,0,0,0
2018-09-07,BREAD,FR,18,46,64,9,2,0,53,0,0,0,0,0,0,0
2018-09-07,BREAD,GW,0,24,24,-8,0,0,32,0,0,0,0,0,0,0
2018-09-07,BREAD,DK,5,18,23,7,0,0,16,0,0,0,0,0,0,0
2018-09-07,BREAD,H5,19,0,19,2,0,0,17,0,0,0,0,0,0,0
2018-09-07,BREAD,CSRWL,10,16,26,14,0,0,12,1,2,3,2,0,0,1
2018-09-07,BREAD,Apple SWRL,12,12,24,9,0,0,15,1,2,3,1,0,0,2
2018-09-07,BREAD,ApB,12,0,12,3,0,0,9,4,0,4,0,0,0,4
2018-09-07,BREAD,CNE,0,28,28,12,0,0,16,0,5,5,0,0,0,5
2018-09-07,BREAD,CNR,0,8,8,2,0,0,6,0,0,0,0,0,0,0
2018-09-07,BREAD,CNW,0,8,8,3,0,0,5,0,0,0,0,0,0,0
2018-09-07,BREAD,CG,0,11,11,4,0,0,7,0,4,4,0,0,0,4
2018-09-07,BREAD,PESTO CG,0,0,0,-2,0,0,2,0,0,0,0,0,0,0
2018-09-07,BREAD,VS,12,9,21,3,0,0,18,4,2,6,1,0,0,5
2018-09-07,BREAD,CH,9,0,9,-3,0,0,12,1,0,1,1,0,0,0
2018-09-07,BREAD,SOURDOUGH,0,10,10,7,0,0,3,0,0,0,0,0,0,0
2018-09-07,BREAD,SOUR CC,0,5,5,2,0,0,3,0,0,0,0,0,0,0
2018-09-07,BREAD,SOUR CJ,0,4,4,1,0,0,3,0,0,0,0,0,0,0
2018-09-07,BREAD,SOUR RG,0,5,5,0,0,0,5,0,0,0,0,0,0,0
2018-09-07,BREAD,SOUR BORG,0,4,4,1,0,0,3,0,0,0,0,0,0,0
2018-09-07,BREAD,Car,0,0,0,0,0,0,0,0,0,0,0,0,0,0
2018-09-07,BREAD,IHF,0,0,0,0,0,0,0,0,0,0,0,0,0,0
2018-09-07,BREAD,GW BUNS,0,0,0,0,0,0,0,0,0,0,0,0,0,0
2018-09-07,BREAD,VS BUNS,0,2,2,0,0,0,2,0,0,0,0,0,0,0
2018-09-07,BREAD,H-RLS,4,3,7,1,0,0,6,0,0,0,0,0,0,0
2018-09-07,BREAD,FR-RLS,2,3,5,3,0,0,2,0,0,0,0,0,0,0
2018-09-07,BREAD,VS-RLS,2,5,7,0,0,0,7,0,0,0,0,0,0,0
2018-09-07,BREAD,BLUE STRU,7,3,10,4,2,0,4,0,0,0,0,0,0,0
2018-09-07,BREAD,CHOC CARM,5,0,5,0,0,0,5,0,0,0,0,0,0,0
2018-09-07,BREAD,Apple Crunch,6,2,8,0,0,0,8,0,0,0,0,0,0,0
2018-09-07,ROLLS,Cinnamon,0,36,36,16,0,20,0,0,0,0,0,0,0,0
2018-09-07,ROLLS,Take-N-Bake,0,0,0,0,0,0,0,0,0,0,0,0,0,0
2018-09-07,ROLLS,Mini C-Roll,0,0,0,0,0,0,0,0,0,0,0,0,0,0
2018-09-07,SCONES,Blueberry,0,0,0,0,0,0,0,0,0,0,0,0,0,0
2018-09-07,SCONES,Rasp Cream,0,0,0,0,0,0,0,0,0,0,0,0,0,0
2018-09-07,SCONES,Cherry,0,23,23,20,0,3,0,0,8,8,1,0,0,0
2018-09-07,SCONES,Butt Almond,0,15,15,15,0,0,0,0,9,9,3,0,0,0
2018-09-07,SCONES,Cin Chip,0,0,0,0,0,0,0,0,0,0,0,0,0,0
2018-09-07,SCONES,pumpkin sp,0,0,0,0,0,0,0,0,0,0,0,0,0,0
2018-09-07,SCONES,Carm Apple,0,0,0,0,0,0,0,0,0,0,0,0,0,0
2018-09-07,SCONES,c Appl Choc,0,0,0,0,0,0,0,0,0,0,0,0,0,0
2018-09-07,FRUIT BARS,Mixed Berry,0,8,8,1,2,5,0,0,0,0,0,0,0,0
2018-09-07,FRUIT BARS,Cherry,0,12,12,6,3,3,0,0,0,0,0,0,0,0
2018-09-07,FRUIT BARS,Apple Cin,0,0,0,0,0,0,0,0,0,0,0,0,0,0
2018-09-07,FRUIT BARS,MIXED FRUIT,0,0,0,0,0,0,0,0,0,0,0,0,0,0
2018-09-07,MUFFINS,BLUE STRU,0,8,8,7,0,1,0,0,2,2,1,0,0,0
2018-09-07,MUFFINS,CHOC CARM,0,8,8,1,0,7,0,0,7,7,1,0,0,0
2018-09-07,MUFFINS,Apple Crunch,0,8,8,3,0,5,0,0,7,7,1,0,0,0
2018-09-07,MUFFINS,Cookies,0,0,0,0,0,0,0,0,0,0,0,0,0,0
2018-09-07,MUFFINS,Bars,0,0,0,0,0,0,0,0,0,0,0,0,0,0
2018-09-07,MUFFINS,Oatmeal CC,9,36,45,11,18,0,16,0,0,0,0,0,0,0
2018-09-07,MUFFINS,Harv Raisin,13,30,43,10,17,0,16,0,0,0,0,0,0,0
2018-09-07,MUFFINS,Triple Choc,5,36,41,15,17,0,9,0,0,0,0,0,0,0
2018-09-07,MUFFINS,SNICKEDOODLE,6,36,42,13,17,0,12,0,0,0,0,0,0,0
2018-09-07,MUFFINS,salted caramel,0,0,0,-12,0,0,12,0,0,0,0,0,0,0
2018-09-07,MUFFINS,frosted,3,24,27,6,0,0,21,0,0,0,0,0,0,0
2018-09-07,MUFFINS,Kahuna,0,0,0,-14,0,0,14,0,0,0,0,0,0,0
2018-09-07,MUFFINS,Brownies,2,0,2,1,0,1,0,0,0,0,0,0,0,0
2018-09-07,MUFFINS,Pump Bar,0,0,0,0,0,0,0,0,0,0,0,0,0,0
2018-09-07,MUFFINS,Cashew Cr,0,0,0,0,0,0,0,0,0,0,0,0,0,0
2018-09-07,MUFFINS,Totals,38,280,318,99,74,45,100,0,33,33,7,0,0,0
2018-09-09,BREAD,H,0,0,0,0,0,0,0,0,0,0,0,0,0,0
2018-09-09,BREAD,FR,0,0,0,0,0,0,0,0,0,0,0,0,0,0
2018-09-09,BREAD,GW,0,0,0,0,0,0,0,0,0,0,0,0,0,0
2018-09-09,BREAD,DK,0,0,0,0,0,0,0,0,0,0,0,0,0,0
2018-09-09,BREAD,H5,0,0,0,0,0,0,0,0,0,0,0,0,0,0
2018-09-09,BREAD,CSRWL,0,0,0,0,0,0,0,0,0,0,0,0,0,0
2018-09-09,BREAD,Apple SWRL,0,0,0,0,0,0,0,0,0,0,0,0,0,0
2018-09-09,BREAD,ApB,0,0,0,0,0,0,0,0,0,0,0,0,0,0
2018-09-09,BREAD,CNE,0,0,0,0,0,0,0,0,0,0,0,0,0,0
2018-09-09,BREAD,CNR,0,0,0,0,0,0,0,0,0,0,0,0,0,0
2018-09-09,BREAD,CNW,0,0,0,0,0,0,0,0,0,0,0,0,0,0
2018-09-09,BREAD,CG,0,0,0,0,0,0,0,0,0,0,0,0,0,0
2018-09-09,BREAD,PESTO CG,0,0,0,0,0,0,0,0,0,0,0,0,0,0
2018-09-09,BREAD,VS,0,0,0,0,0,0,0,0,0,0,0,0,0,0
2018-09-09,BREAD,CH,0,0,0,0,0,0,0,0,0,0,0,0,0,0
2018-09-09,BREAD,SOURDOUGH,0,0,0,0,0,0,0,0,0,0,0,0,0,0
2018-09-09,BREAD,SOUR CC,0,0,0,0,0,0,0,0,0,0,0,0,0,0
2018-09-09,BREAD,SOUR CJ,0,0,0,0,0,0,0,0,0,0,0,0,0,0
2018-09-09,BREAD,SOUR RG,0,0,0,0,0,0,0,0,0,0,0,0,0,0
2018-09-09,BREAD,SOUR BORG,0,0,0,0,0,0,0,0,0,0,0,0,0,0
2018-09-09,BREAD,Car,0,0,0,0,0,0,0,0,0,0,0,0,0,0
2018-09-09,BREAD,IHF,0,0,0,0,0,0,0,0,0,0,0,0,0,0
2018-09-09,BREAD,GW BUNS,0,0,0,0,0,0,0,0,0,0,0,0,0,0
2018-09-09,BREAD,VS BUNS,0,0,0,0,0,0,0,0,0,0,0,0,0,0
2018-09-09,BREAD,H-RLS,0,0,0,0,0,0,0,0,0,0,0,0,0,0
2018-09-09,BREAD,FR-RLS,0,0,0,0,0,0,0,0,0,0,0,0,0,0
2018-09-09,BREAD,VS-RLS,0,0,0,0,0,0,0,0,0,0,0,0,0,0
2018-09-09,BREAD,BLUE STRU,0,0,0,0,0,0,0,0,0,0,0,0,0,0
2018-09-09,BREAD,CHOC CARM,0,0,0,0,0,0,0,0,0,0,0,0,0,0
2018-09-09,BREAD,Apple Crunch,0,0,0,0,0,0,0,0,0,0,0,0,0,0
2018-09-09,ROLLS,Cinnamon,0,0,0,0,0,0,0,0,0,0,0,0,0,0
2018-09-09,ROLLS,Take-N-Bake,0,0,0,0,0,0,0,0,0,0,0,0,0,0
2018-09-09,ROLLS,Mini C-Roll,0,0,0,0,0,0,0,0,0,0,0,0,0,0
2018-09-09,SCONES,Blueberry,0,0,0,0,0,0,0,0,0,0,0,0,0,0
2018-09-09,SCONES,Rasp Cream,0,0,0,0,0,0,0,0,0,0,0,0,0,0
2018-09-09,SCONES,Cherry,0,0,0,0,0,0,0,0,0,0,0,0,0,0
2018-09-09,SCONES,Butt Almond,0,0,0,0,0,0,0,0,0,0,0,0,0,0
2018-09-09,SCONES,Cin Chip,0,0,0,0,0,0,0,0,0,0,0,0,0,0
2018-09-09,SCONES,pumpkin sp,0,0,0,0,0,0,0,0,0,0,0,0,0,0
2018-09-09,SCONES,Carm Apple,0,0,0,0,0,0,0,0,0,0,0,0,0,0
2018-09-09,SCONES,c Appl Choc,0,0,0,0,0,0,0,0,0,0,0,0,0,0
2018-09-09,FRUIT BARS,Mixed Berry,0,0,0,0,0,0,0,0,0,0,0,0,0,0
2018-09-09,FRUIT BARS,Cherry,0,0,0,0,0,0,0,0,0,0,0,0,0,0
2018-09-09,FRUIT BARS,Apple Cin,0,0,0,0,0,0,0,0,0,0,0,0,0,0
2018-09-09,FRUIT BARS,MIXED FRUIT,0,0,0,0,0,0,0,0,0,0,0,0,0,0
2018-09-09,MUFFINS,BLUE STRU,0,0,0,0,0,0,0,0,0,0,0,0,0,0
2018-09-09,MUFFINS,CHOC CARM,0,0,0,0,0,0,0,0,0,0,0,0,0,0
2018-09-09,MUFFINS,Apple Crunch,0,0,0,0,0,0,0,0,0,0,0,0,0,0
2018-09-09,MUFFINS,Cookies,0,0,0,0,0,0,0,0,0,0,0,0,0,0
2018-09-09,MUFFINS,Bars,0,0,0,0,0,0,0,0,0,0,0,0,0,0
2018-09-09,MUFFINS,Oatmeal CC,0,0,0,0,0,0,0,0,0,0,0,0,0,0
2018-09-09,MUFFINS,Harv Raisin,0,0,0,0,0,0,0,0,0,0,0,0,0,0
2018-09-09,MUFFINS,Triple Choc,0,0,0,0,0,0,0,0,0,0,0,0,0,0
2018-09-09,MUFFINS,SNICKEDOODLE,0,0,0,0,0,0,0,0,0,0,0,0,0,0
2018-09-09,MUFFINS,frosted,0,0,0,0,0,0,0,0,0,0,0,0,0,0
2018-09-09,MUFFINS,Kahuna,0,0,0,0,0,0,0,0,0,0,0,0,0,0
2018-09-09,MUFFINS,Brownies,0,0,0,0,0,0,0,0,0,0,0,0,0,0
2018-09-09,MUFFINS,Pump Bar,0,0,0,0,0,0,0,0,0,0,0,0,0,0
2018-09-09,MUFFINS,Cashew Cr,0,0,0,0,0,0,0,0,0,0,0,0,0,0
2018-09-09,MUFFINS,Totals,0,0,0,0,0,0,0,0,0,0,0,0,0,0
2018-09-10,BREAD,H,0,36,36,17,9,0,10,0,0,0,0,0,0,0
2018-09-10,BREAD,FR,0,30,30,17,0,0,13,0,0,0,0,0,0,0
2018-09-10,BREAD,GW,0,9,9,5,0,0,4,0,0,0,0,0,0,0
2018-09-10,BREAD,DK,0,28,28,7,2,0,19,0,0,0,0,0,0,0
2018-09-10,BREAD,H5,0,0,0,0,0,0,0,0,0,0,0,0,0,0
2018-09-10,BREAD,CSRWL,0,16,16,12,0,0,4,0,3,3,1,0,0,2
2018-09-10,BREAD,Apple SWRL,0,16,16,14,0,0,2,0,2,2,1,0,0,1
2018-09-10,BREAD,ApB,0,0,0,0,0,0,0,0,0,0,0,0,0,0
2018-09-10,BREAD,CNE,0,12,12,5,0,0,7,0,3,3,1,0,0,2
2018-09-10,BREAD,CNR,0,4,4,0,0,0,4,0,0,0,0,0,0,0
2018-09-10,BREAD,CNW,0,6,6,3,0,0,3,0,0,0,0,0,0,0
2018-09-10,BREAD,CG,0,6,6,6,0,0,0,0,3,3,2,0,0,1
2018-09-10,BREAD,PESTO CG,0,3,3,3,0,0,0,0,0,0,0,0,0,0
2018-09-10,BREAD,VS,0,0,0,0,0,0,0,0,0,0,0,0,0,0
2018-09-10,BREAD,CH,0,0,0,0,0,0,0,0,0,0,0,0,0,0
2018-09-10,BREAD,SOURDOUGH,0,7,7,4,1,0,2,0,0,0,0,0,0,0
2018-09-10,BREAD,SOUR CC,0,3,3,0,0,0,3,0,0,0,0,0,0,0
2018-09-10,BREAD,SOUR CJ,0,0,0,0,0,0,0,0,0,0,0,0,0,0
2018-09-10,BREAD,SOUR RG,0,3,3,2,0,0,1,0,0,0,0,0,0,0
2018-09-10,BREAD,SOUR BORG,0,3,3,3,0,0,0,0,0,0,0,0,0,0
2018-09-10,BREAD,Car,0,0,0,0,0,0,0,0,0,0,0,0,0,0
2018-09-10,BREAD,IHF,0,0,0,0,0,0,0,0,0,0,0,0,0,0
2018-09-10,BREAD,GW BUNS,0,0,0,0,0,0,0,0,0,0,0,0,0,0
2018-09-10,BREAD,VS BUNS,0,0,0,0,0,0,0,0,0,0,0,0,0,0
2018-09-10,BREAD,H-RLS,0,4,4,2,0,0,2,0,0,0,0,0,0,0
2018-09-10,BREAD,FR-RLS,0,4,4,1,0,0,3,0,0,0,0,0,0,0
2018-09-10,BREAD,VS-RLS,0,0,0,0,0,0,0,0,0,0,0,0,0,0
2018-09-10,BREAD,BLUE STRU,0,4,4,1,0,0,3,0,0,0,0,0,0,0
2018-09-10,BREAD,CHOC CARM,0,4,4,1,0,0,3,0,0,0,0,0,0,0
2018-09-10,BREAD,Apple Crunch,0,4,4,2,0,0,2,0,0,0,0,0,0,0
2018-09-10,ROLLS,Cinnamon,0,24,24,24,0,0,0,0,0,0,0,0,0,0
2018-09-10,ROLLS,Take-N-Bake,0,0,0,0,0,0,0,0,0,0,0,0,0,0
2018-09-10,ROLLS,Mini C-Roll,0,0,0,0,0,0,0,0,0,0,0,0,0,0
2018-09-10,SCONES,Blueberry,0,0,0,0,0,0,0,0,0,0,0,0,0,0
2018-09-10,SCONES,Rasp Cream,0,17,17,10,0,7,0,0,2,2,2,0,0,0
2018-09-10,SCONES,Cherry,0,0,0,0,0,0,0,0,0,0,0,0,0,0
2018-09-10,SCONES,Butt Almond,0,0,0,0,0,0,0,0,0,0,0,0,0,0
2018-09-10,SCONES,Cin Chip,0,0,0,0,0,0,0,0,0,0,0,0,0,0
2018-09-10,SCONES,pumpkin sp,0,18,18,13,0,5,0,0,2,2,2,0,0,0
2018-09-10,SCONES,Carm Apple,0,0,0,0,0,0,0,0,0,0,0,0,0,0
2018-09-10,SCONES,c Appl Choc,0,0,0,0,0,0,0,0,0,0,0,0,0,0
2018-09-10,FRUIT BARS,Mixed Berry,0,8,8,5,0,3,0,0,0,0,0,0,0,0
2018-09-10,FRUIT BARS,Cherry,0,12,12,7,0,5,0,0,0,0,0,0,0,0
2018-09-10,FRUIT BARS,Apple Cin,0,0,0,0,0,0,0,0,0,0,0,0,0,0
2018-09-10,FRUIT BARS,MIXED FRUIT,0,0,0,0,0,0,0,0,0,0,0,0,0,0
2018-09-10,MUFFINS,BLUE STRU,0,7,7,7,0,0,0,0,1,1,1,0,0,0
2018-09-10,MUFFINS,CHOC CARM,0,7,7,6,0,1,0,0,1,1,1,0,0,0
2018-09-10,MUFFINS,Apple Crunch,0,7,7,6,0,1,0,0,1,1,1,0,0,0
2018-09-10,MUFFINS,Cookies,0,0,0,0,0,0,0,0,0,0,0,0,0,0
2018-09-10,MUFFINS,Bars,0,0,0,0,0,0,0,0,0,0,0,0,0,0
2018-09-10,MUFFINS,Oatmeal CC,0,60,60,10,50,0,0,0,0,0,0,0,0,0
2018-09-10,MUFFINS,Harv Raisin,0,24,24,6,0,0,18,0,0,0,0,0,0,0
2018-09-10,MUFFINS,Triple Choc,0,84,84,34,50,0,0,0,0,0,0,0,0,0
2018-09-10,MUFFINS,SNICKEDOODLE,0,71,71,9,45,0,17,0,0,0,0,0,0,0
2018-09-10,MUFFINS,frosted,0,12,12,3,0,0,9,0,0,0,0,0,0,0
2018-09-10,MUFFINS,Kahuna,0,0,0,0,0,0,0,0,0,0,0,0,0,0
2018-09-10,MUFFINS,Brownies,0,0,0,0,0,0,0,0,0,0,0,0,0,0
2018-09-10,MUFFINS,Pump Bar,0,0,0,0,0,0,0,0,0,0,0,0,0,0
2018-09-10,MUFFINS,Cashew Cr,0,0,0,0,0,0,0,0,0,0,0,0,0,0
2018-09-10,MUFFINS,Totals,0,351,351,140,145,22,44,0,7,7,7,0,0,0
2018-09-11,BREAD,H,10,54,64,-11,38,0,37,0,0,0,0,0,0,0
2018-09-11,BREAD,FR,13,47,60,20,25,0,15,0,0,0,0,0,0,0
2018-09-11,BREAD,GW,4,17,21,-3,5,2,17,0,0,0,0,0,0,0
2018-09-11,BREAD,DK,19,0,19,5,0,0,14,0,0,0,0,0,0,0
2018-09-11,BREAD,H5,0,23,23,12,0,0,11,0,0,0,0,0,0,0
2018-09-11,BREAD,CSRWL,4,12,16,13,0,0,3,2,2,4,1,0,0,2
2018-09-11,BREAD,Apple SWRL,2,12,14,7,0,0,7,1,2,3,0,0,0,2
2018-09-11,BREAD,ApB,0,16,16,5,0,0,11,0,4,4,1,0,0,3
2018-09-11,BREAD,CNE,7,0,7,4,0,3,0,2,0,2,0,0,0,0
2018-09-11,BREAD,CNR,4,0,4,4,0,0,0,0,0,0,0,0,0,0
2018-09-11,BREAD,CNW,3,0,3,0,0,3,0,0,0,0,0,0,0,0
2018-09-11,BREAD,CG,0,0,0,0,0,0,0,1,0,1,1,0,0,0
2018-09-11,BREAD,PESTO CG,0,0,0,0,0,0,0,0,0,0,0,0,0,0
2018-09-11,BREAD,VS,0,14,14,1,4,0,9,0,3,3,0,0,0,3
2018-09-11,BREAD,CH,0,13,13,2,0,0,11,0,2,2,2,0,0,0
2018-09-11,BREAD,SOURDOUGH,2,0,2,2,0,0,0,0,0,0,0,0,0,0
2018-09-11,BREAD,SOUR CC,3,0,3,1,0,2,0,0,0,0,0,0,0,0
2018-09-11,BREAD,SOUR CJ,0,0,0,0,0,0,0,0,0,0,0,0,0,0
2018-09-11,BREAD,SOUR RG,1,0,1,1,0,0,0,0,0,0,0,0,0,0
2018-09-11,BREAD,SOUR BORG,0,0,0,0,0,0,0,0,0,0,0,0,0,0
2018-09-11,BREAD,Car,0,0,0,0,0,0,0,0,0,0,0,0,0,0
2018-09-11,BREAD,IHF,0,0,0,0,0,0,0,0,0,0,0,0,0,0
2018-09-11,BREAD,GW BUNS,0,0,0,0,0,0,0,0,0,0,0,0,0,0
2018-09-11,BREAD,VS BUNS,0,0,0,0,0,0,0,0,0,0,0,0,0,0
2018-09-11,BREAD,GF,0,38,38,38,0,0,0,0,0,0,0,0,0,0
2018-09-11,BREAD,H-RLS,2,3,5,1,0,1,3,0,0,0,0,0,0,0
2018-09-11,BREAD,FR-RLS,3,3,6,0,0,3,3,0,0,0,0,0,0,0
2018-09-11,BREAD,VS-RLS,0,4,4,1,0,0,3,0,0,0,0,0,0,0
2018-09-11,BREAD,BLUE STRU,3,2,5,3,0,1,1,0,0,0,0,0,0,0
2018-09-11,BREAD,CHOC CARM,3,2,5,1,0,2,2,0,0,0,0,0,0,0
2018-09-11,BREAD,Apple Crunch,2,4,6,1,1,1,3,0,0,0,0,0,0,0
2018-09-11,ROLLS,Cinnamon,0,24,24,10,0,14,0,0,0,0,0,0,0,0
2018-09-11,ROLLS,Take-N-Bake,0,0,0,0,0,0,0,0,0,0,0,0,0,0
2018-09-11,ROLLS,Mini C-Roll,0,0,0,0,0,0,0,0,0,0,0,0,0,0
2018-09-11,SCONES,Blueberry,0,22,22,15,3,4,0,0,3,3,2,0,0,0
2018-09-11,SCONES,Rasp Cream,0,0,0,0,0,0,0,0,0,0,0,0,0,0
2018-09-11,SCONES,Cherry,0,0,0,0,0,0,0,0,0,0,0,0,0,0
2018-09-11,SCONES,Butt Almond,0,0,0,0,0,0,0,0,0,0,0,0,0,0
2018-09-11,SCONES,Cin Chip,0,0,0,0,0,0,0,0,0,0,0,0,0,0
2018-09-11,SCONES,pumpkin sp,0,0,0,0,0,0,0,0,0,0,0,0,0,0
2018-09-11,SCONES,Carm Apple,0,12,12,3,7,2,0,0,4,4,1,0,0,0
2018-09-11,SCONES,c Appl Choc,0,10,10,9,0,1,0,0,3,3,2,0,0,0
2018-09-11,FRUIT BARS,Mixed Berry,0,0,0,0,0,0,0,0,0,0,0,0,0,0
2018-09-11,FRUIT BARS,Cherry,0,0,0,0,0,0,0,0,0,0,0,0,0,0
2018-09-11,FRUIT BARS,Apple Cin,0,12,12,2,2,8,0,0,0,0,0,0,0,0
2018-09-11,FRUIT BARS,MIXED FRUIT,0,8,8,3,1,4,0,0,0,0,0,0,0,0
2018-09-11,MUFFINS,BLUE STRU,0,9,9,5,2,2,0,0,4,4,1,0,0,0
2018-09-11,MUFFINS,CHOC CARM,0,9,9,1,2,6,0,0,4,4,0,0,0,0
2018-09-11,MUFFINS,Apple Crunch,0,10,10,1,3,6,0,0,2,2,2,0,0,0
2018-09-11,MUFFINS,Cookies,0,0,0,0,0,0,0,0,0,0,0,0,0,0
2018-09-11,MUFFINS,Bars,0,0,0,0,0,0,0,0,0,0,0,0,0,0
2018-09-11,MUFFINS,Oatmeal CC,0,24,24,21,3,0,0,0,5,5,0,0,0,0
2018-09-11,MUFFINS,Harv Raisin,18,0,18,10,0,8,0,0,0,0,0,0,0,0
2018-09-11,MUFFINS,Triple Choc,0,18,18,17,1,0,0,0,6,6,0,0,0,0
2018-09-11,MUFFINS,SNICKEDOODLE,17,0,17,17,0,0,0,0,5,5,0,0,0,0
2018-09-11,MUFFINS,frosted,9,0,9,5,0,4,0,0,0,0,0,0,0,0
2018-09-11,MUFFINS,Kahuna,0,0,0,0,0,0,0,0,0,0,0,0,0,0
2018-09-11,MUFFINS,Brownies,0,20,20,8,0,0,12,0,0,0,0,0,0,0
2018-09-11,MUFFINS,Pump Bar,0,0,0,0,0,0,0,0,0,0,0,0,0,0
2018-09-11,MUFFINS,Cashew Cr,0,0,0,0,0,0,0,0,0,0,0,0,0,0
2018-09-11,MUFFINS,Totals,44,178,222,127,24,59,12,0,36,36,8,0,0,0
2018-09-12,BREAD,H,37,31,68,54,1,0,13,0,0,0,0,0,0,0
2018-09-12,BREAD,FR,15,24,39,28,0,0,11,0,0,0,0,0,0,0
2018-09-12,BREAD,GW,17,13,30,5,0,16,9,0,0,0,0,0,0,0
2018-09-12,BREAD,DK,14,39,53,30,0,0,23,0,0,0,0,0,0,0
2018-09-12,BREAD,H5,11,0,11,6,0,0,5,0,0,0,0,0,0,0
2018-09-12,BREAD,CSRWL,3,24,27,14,0,0,13,2,3,5,3,0,0,1
2018-09-12,BREAD,Apple SWRL,7,18,25,17,0,1,7,2,2,4,1,0,0,1
2018-09-12,BREAD,ApB,11,0,11,9,0,2,0,3,0,3,3,0,0,0
2018-09-12,BREAD,CNE,0,25,25,18,0,0,7,0,5,5,4,0,0,1
2018-09-12,BREAD,CNR,0,10,10,8,0,0,2,0,0,0,0,0,0,0
2018-09-12,BREAD,CNW,0,10,10,7,0,0,3,0,0,0,0,0,0,0
2018-09-12,BREAD,CG,0,14,14,10,0,0,4,0,3,3,1,0,0,2
2018-09-12,BREAD,PESTO CG,0,6,6,5,0,0,1,0,0,0,0,0,0,0
2018-09-12,BREAD,VS,9,0,9,2,0,7,0,3,0,3,0,0,0,0
2018-09-12,BREAD,CH,11,0,11,1,0,10,0,0,0,0,0,0,0,0
2018-09-12,BREAD,SOURDOUGH,0,11,11,8,0,0,3,0,0,0,0,0,0,0
2018-09-12,BREAD,SOUR CC,0,5,5,4,0,0,1,0,0,0,0,0,0,0
2018-09-12,BREAD,SOUR CJ,0,0,0,-1,0,0,1,0,0,0,0,0,0,0
2018-09-12,BREAD,SOUR RG,0,0,0,-4,0,0,4,0,0,0,0,0,0,0
2018-09-12,BREAD,SOUR BORG,0,0,0,-3,0,0,3,0,0,0,0,0,0,0
2018-09-12,BREAD,Car,0,0,0,0,0,0,0,0,0,0,0,0,0,0
2018-09-12,BREAD,IHF,0,0,0,0,0,0,0,0,0,0,0,0,0,0
2018-09-12,BREAD,GW BUNS,0,0,0,0,0,0,0,0,0,0,0,0,0,0
2018-09-12,BREAD,VS BUNS,0,0,0,0,0,0,0,0,0,0,0,0,0,0
2018-09-12,BREAD,H-RLS,3,2,5,4,0,0,1,0,0,0,0,0,0,0
2018-09-12,BREAD,FR-RLS,3,2,5,3,0,0,2,0,0,0,0,0,0,0
2018-09-12,BREAD,VS-RLS,3,0,3,2,0,1,0,0,0,0,0,0,0,0
2018-09-12,BREAD,BLUE STRU,1,6,7,0,1,1,5,0,0,0,0,0,0,0
2018-09-12,BREAD,CHOC CARM,2,4,6,2,0,1,3,0,0,0,0,0,0,0
2018-09-12,BREAD,Apple Crunch,3,3,6,3,0,2,1,0,0,0,0,0,0,0
2018-09-12,ROLLS,Cinnamon,0,60,60,50,0,10,0,0,0,0,0,0,0,0
2018-09-12,ROLLS,Take-N-Bake,0,0,0,0,0,0,0,0,0,0,0,0,0,0
2018-09-12,ROLLS,Mini C-Roll,0,0,0,0,0,0,0,0,0,0,0,0,0,0
2018-09-12,SCONES,Blueberry,0,0,0,0,0,0,0,0,0,0,0,0,0,0
2018-09-12,SCONES,Rasp Cream,0,29,29,24,0,5,0,0,5,5,3,0,0,0
2018-09-12,SCONES,Cherry,0,0,0,0,0,0,0,0,0,0,0,0,0,0
2018-09-12,SCONES,Butt Almond,0,0,0,0,0,0,0,0,0,0,0,0,0,0
2018-09-12,SCONES,Cin Chip,0,23,23,21,0,2,0,0,5,5,3,0,0,0
2018-09-12,SCONES,pumpkin sp,0,0,0,0,0,0,0,0,0,0,0,0,0,0
2018-09-12,SCONES,Carm Apple,0,0,0,0,0,0,0,0,0,0,0,0,0,0
2018-09-12,SCONES,c Appl Choc,0,0,0,0,0,0,0,0,0,0,0,0,0,0
2018-09-12,FRUIT BARS,Mixed Berry,0,8,8,5,1,2,0,0,0,0,0,0,0,0
2018-09-12,FRUIT BARS,Cherry,0,12,12,9,2,1,0,0,0,0,0,0,0,0
2018-09-12,FRUIT BARS,Apple Cin,0,0,0,0,0,0,0,0,0,0,0,0,0,0
2018-09-12,FRUIT BARS,MIXED FRUIT,0,0,0,0,0,0,0,0,0,0,0,0,0,0
2018-09-12,MUFFINS,BLUE STRU,0,11,11,7,0,4,0,0,2,2,2,0,0,0
2018-09-12,MUFFINS,CHOC CARM,0,11,11,8,0,3,0,0,4,4,1,0,0,0
2018-09-12,MUFFINS,Apple Crunch,0,11,11,9,0,2,0,0,4,4,2,0,0,0
2018-09-12,COOKIES/BARS,Oatmeal CC,0,84,84,48,34,0,2,0,0,0,0,0,0,0
2018-09-12,COOKIES/BARS,Harv Raisin,0,24,24,14,0,0,10,0,0,0,0,0,0,0
2018-09-12,COOKIES/BARS,Triple Choc,0,59,59,16,28,0,15,0,0,0,0,0,0,0
2018-09-12,COOKIES/BARS,SNICKEDOODLE,0,56,56,22,30,0,4,0,0,0,0,0,0,0
2018-09-12,COOKIES/BARS,frosted,0,48,48,35,0,0,13,0,0,0,0,0,0,0
2018-09-12,COOKIES/BARS,Kahuna,0,20,20,13,4,0,3,0,0,0,0,0,0,0
2018-09-12,COOKIES/BARS,Brownies,12,0,12,10,0,2,0,0,0,0,0,0,0,0
2018-09-12,COOKIES/BARS,Pump Bar,0,0,0,0,0,0,0,0,0,0,0,0,0,0
2018-09-12,COOKIES/BARS,Cashew Cr,0,0,0,0,0,0,0,0,0,0,0,0,0,0
2018-09-12,COOKIES/BARS,Totals,12,456,468,291,99,31,47,0,20,20,11,0,0,0
2018-09-13,BREAD,H,13,19,32,16,0,4,12,0,0,0,0,0,0,0
2018-09-13,BREAD,FR,11,54,65,13,35,0,17,0,0,0,0,0,0,0
2018-09-13,BREAD,GW,9,3,12,2,0,8,2,0,0,0,0,0,0,0
2018-09-13,BREAD,DK,23,0,23,4,0,0,19,0,0,0,0,0,0,0
2018-09-13,BREAD,H5,5,19,24,9,10,0,5,0,0,0,0,0,0,0
2018-09-13,BREAD,CSRWL,13,8,21,9,0,6,6,1,3,4,3,0,0,1
2018-09-13,BREAD,Apple SWRL,7,8,15,7,0,2,6,1,2,3,2,0,0,1
2018-09-13,BREAD,ApB,0,13,13,6,0,0,7,0,5,5,0,0,0,5
2018-09-13,BREAD,CNE,7,0,7,-1,0,8,0,1,0,1,1,0,0,0
2018-09-13,BREAD,CNR,2,0,2,2,0,0,0,0,0,0,0,0,0,0
2018-09-13,BREAD,CNW,3,0,3,1,0,2,0,0,0,0,0,0,0,0
2018-09-13,BREAD,CG,4,0,4,1,0,3,0,2,0,2,0,0,0,0
2018-09-13,BREAD,PESTO CG,1,0,1,1,0,0,0,0,0,0,0,0,0,0
2018-09-13,BREAD,VS,0,12,12,7,4,0,1,0,4,4,0,0,0,4
2018-09-13,BREAD,CH,0,18,18,6,0,0,12,0,3,3,0,0,0,3
2018-09-13,BREAD,SOURDOUGH,3,0,3,3,0,0,0,0,0,0,0,0,0,0
2018-09-13,BREAD,SOUR CC,1,0,1,0,0,0,1,0,0,0,0,0,0,0
2018-09-13,BREAD,SOUR CJ,1,0,1,1,0,0,0,0,0,0,0,0,0,0
2018-09-13,BREAD,SOUR RG,4,0,4,-1,0,0,5,0,0,0,0,0,0,0
2018-09-13,BREAD,SOUR BORG,3,0,3,0,0,0,3,0,0,0,0,0,0,0
2018-09-13,BREAD,Car,0,0,0,0,0,0,0,0,0,0,0,0,0,0
2018-09-13,BREAD,IHF,0,0,0,0,0,0,0,0,0,0,0,0,0,0
2018-09-13,BREAD,GW BUNS,0,0,0,0,0,0,0,0,0,0,0,0,0,0
2018-09-13,BREAD,VS BUNS,0,0,0,0,0,0,0,0,0,0,0,0,0,0
2018-09-13,BREAD,H-RLS,1,2,3,0,0,0,3,0,0,0,0,0,0,0
2018-09-13,BREAD,FR-RLS,2,3,5,2,0,0,3,0,0,0,0,0,0,0
2018-09-13,BREAD,VS-RLS,0,4,4,2,0,0,2,0,0,0,0,0,0,0
2018-09-13,BREAD,BLUE STRU,5,1,6,3,0,2,1,0,0,0,0,0,0,0
2018-09-13,BREAD,CHOC CARM,3,3,6,4,0,1,1,0,0,0,0,0,0,0
2018-09-13,BREAD,Apple Crunch,1,5,6,2,0,0,4,0,0,0,0,0,0,0
2018-09-13,ROLLS,Cinnamon,0,252,252,238,1,13,0,0,0,0,0,0,0,0
2018-09-13,ROLLS,Take-N-Bake,0,0,0,0,0,0,0,0,0,0,0,0,0,0
2018-09-13,ROLLS,Mini C-Roll,0,0,0,0,0,0,0,0,0,0,0,0,0,0
2018-09-13,SCONES,Blueberry,0,43,43,38,0,5,0,0,6,6,6,0,0,0
2018-09-13,SCONES,Rasp Cream,0,0,0,0,0,0,0,0,0,0,0,0,0,0
2018-09-13,SCONES,Cherry,0,0,0,0,0,0,0,0,0,0,0,0,0,0
2018-09-13,SCONES,Butt Almond,0,0,0,0,0,0,0,0,0,0,0,0,0,0
2018-09-13,SCONES,Cin Chip,0,0,0,0,0,0,0,0,0,0,0,0,0,0
2018-09-13,SCONES,pumpkin sp,0,0,0,0,0,0,0,0,0,0,0,0,0,0
2018-09-13,SCONES,Carm Apple,0,22,22,11,0,11,0,0,6,6,2,0,0,0
2018-09-13,SCONES,c Appl Choc,0,49,49,45,0,4,0,0,6,6,6,0,0,0
2018-09-13,FRUIT BARS,Mixed Berry,0,8,8,4,0,4,0,0,0,0,0,0,0,0
2018-09-13,FRUIT BARS,Cherry,0,12,12,9,0,3,0,0,0,0,0,0,0,0
2018-09-13,FRUIT BARS,Apple Cin,0,12,12,10,0,2,0,0,0,0,0,0,0,0
2018-09-13,FRUIT BARS,MIXED FRUIT,0,8,8,3,0,5,0,0,0,0,0,0,0,0
2018-09-13,MUFFINS,BLUE STRU,0,18,18,13,0,5,0,0,5,5,1,0,0,0
2018-09-13,MUFFINS,CHOC CARM,0,18,18,14,0,4,0,0,5,5,3,0,0,0
2018-09-13,MUFFINS,Apple Crunch,0,12,12,4,0,8,0,0,5,5,1,0,0,0
2018-09-13,MUFFINS,Cookies,0,0,0,0,0,0,0,0,0,0,0,0,0,0
2018-09-13,MUFFINS,Bars,0,0,0,0,0,0,0,0,0,0,0,0,0,0
2018-09-13,MUFFINS,Oatmeal CC,2,48,50,29,8,0,13,0,0,0,0,0,0,0
2018-09-13,MUFFINS,Harv Raisin,10,18,28,12,0,5,11,0,0,0,0,0,0,0
2018-09-13,MUFFINS,Triple Choc,15,48,63,36,20,3,4,0,0,0,0,0,0,0
2018-09-13,MUFFINS,SNICKEDOODLE,4,42,46,25,4,0,17,0,0,0,0,0,0,0
2018-09-13,MUFFINS,frosted,13,0,13,5,0,8,0,0,0,0,0,0,0,0
2018-09-13,MUFFINS,Kahuna,3,20,23,12,0,2,9,0,0,0,0,0,0,0
2018-09-13,MUFFINS,Brownies,0,20,20,18,0,0,2,0,0,0,0,0,0,0
2018-09-13,MUFFINS,Pump Bar,0,0,0,0,0,0,0,0,0,0,0,0,0,0
2018-09-13,MUFFINS,Cashew Cr,0,0,0,0,0,0,0,0,0,0,0,0,0,0
2018-09-13,MUFFINS,Totals,47,650,697,526,33,82,56,0,33,33,19,0,0,0
2018-09-14,BREAD,H,12,42,54,21,14,0,19,0,0,0,0,0,0,0
2018-09-14,BREAD,FR,17,51,68,4,26,0,38,0,0,0,0,0,0,0
2018-09-14,BREAD,GW,2,8,10,-139,149,0,0,0,0,0,0,0,0,0
2018-09-14,BREAD,DK,19,20,39,17,0,0,22,0,0,0,0,0,0,0
2018-09-14,BREAD,H5,5,0,5,2,0,0,3,0,0,0,0,0,0,0
2018-09-14,BREAD,CSRWL,6,30,36,21,13,0,2,1,4,5,2,0,0,3
2018-09-14,BREAD,Apple SWRL,6,16,22,11,0,0,11,1,0,1,-1,0,0,1
2018-09-14,BREAD,ApB,7,0,7,7,0,0,0,5,0,5,5,0,0,0
2018-09-14,BREAD,CNE,0,26,26,17,0,0,9,0,4,4,1,0,0,3
2018-09-14,BREAD,CNR,0,8,8,6,0,0,2,0,0,0,0,0,0,0
2018-09-14,BREAD,CNW,0,8,8,5,0,0,3,0,0,0,0,0,0,0
2018-09-14,BREAD,CG,0,12,12,6,1,0,5,0,4,4,4,0,0,0
2018-09-14,BREAD,PESTO CG,0,7,7,4,0,0,3,0,0,0,0,0,0,0
2018-09-14,BREAD,VS,1,10,11,8,0,0,3,4,4,8,5,0,0,0
2018-09-14,BREAD,CH,12,0,12,12,0,0,0,3,0,3,-3,0,0,0
2018-09-14,BREAD,SOURDOUGH,0,8,8,7,0,0,1,0,0,0,0,0,0,0
2018-09-14,BREAD,SOUR CC,1,5,6,4,0,0,2,0,0,0,0,0,0,0
2018-09-14,BREAD,SOUR CJ,0,3,3,1,0,0,2,0,0,0,0,0,0,0
2018-09-14,BREAD,SOUR RG,5,5,10,8,0,0,2,0,0,0,0,0,0,0
2018-09-14,BREAD,SOUR BORG,3,5,8,6,0,0,2,0,0,0,0,0,0,0
2018-09-14,BREAD,Car,0,0,0,0,0,0,0,0,0,0,0,0,0,0
2018-09-14,BREAD,IHF,0,0,0,0,0,0,0,0,0,0,0,0,0,0
2018-09-14,BREAD,GW BUNS,0,0,0,0,0,0,0,0,0,0,0,0,0,0
2018-09-14,BREAD,VS BUNS,0,0,0,0,0,0,0,0,0,0,0,0,0,0
2018-09-14,BREAD,H-RLS,3,4,7,3,0,0,4,0,0,0,0,0,0,0
2018-09-14,BREAD,FR-RLS,3,4,7,3,0,2,2,0,0,0,0,0,0,0
2018-09-14,BREAD,VS-RLS,2,4,6,5,0,0,1,0,0,0,0,0,0,0
2018-09-14,BREAD,BLUE STRU,1,7,8,3,1,0,4,0,0,0,0,0,0,0
2018-09-14,BREAD,CHOC CARM,1,6,7,3,0,0,4,0,0,0,0,0,0,0
2018-09-14,BREAD,Apple Crunch,4,2,6,5,0,0,1,0,0,0,0,0,0,0
2018-09-14,ROLLS,Cinnamon,0,36,36,27,0,9,0,0,0,0,0,0,0,0
2018-09-14,ROLLS,Take-N-Bake,0,0,0,0,0,0,0,0,0,0,0,0,0,0
2018-09-14,ROLLS,Mini C-Roll,0,0,0,0,0,0,0,0,0,0,0,0,0,0
2018-09-14,SCONES,Blueberry,0,0,0,0,0,0,0,0,0,0,0,0,0,0
2018-09-14,SCONES,Rasp Cream,0,0,0,0,0,0,0,0,0,0,0,0,0,0
2018-09-14,SCONES,Cherry,0,20,20,7,0,13,0,0,6,6,2,0,0,0
2018-09-14,SCONES,Butt Almond,0,20,20,7,0,13,0,0,7,7,3,0,0,0
2018-09-14,SCONES,Cin Chip,0,0,0,0,0,0,0,0,0,0,0,0,0,0
2018-09-14,SCONES,pumpkin sp,0,0,0,0,0,0,0,0,0,0,0,0,0,0
2018-09-14,SCONES,Carm Apple,0,0,0,0,0,0,0,0,0,0,0,0,0,0
2018-09-14,SCONES,c Appl Choc,0,0,0,0,0,0,0,0,0,0,0,0,0,0
2018-09-14,FRUIT BARS,Mixed Berry,0,8,8,5,1,2,0,0,0,0,0,0,0,0
2018-09-14,FRUIT BARS,Cherry,0,12,12,4,2,6,0,0,0,0,0,0,0,0
2018-09-14,FRUIT BARS,Apple Cin,0,0,0,0,0,0,0,0,0,0,0,0,0,0
2018-09-14,FRUIT BARS,MIXED FRUIT,0,0,0,0,0,0,0,0,0,0,0,0,0,0
2018-09-14,MUFFINS,BLUE STRU,0,8,8,3,0,5,0,0,2,2,2,0,0,0
2018-09-14,MUFFINS,CHOC CARM,0,8,8,6,0,2,0,0,5,5,1,0,0,0
2018-09-14,MUFFINS,Apple Crunch,0,8,8,2,0,6,0,0,5,5,0,0,0,0
2018-09-14,MUFFINS,Cookies,0,0,0,0,0,0,0,0,0,0,0,0,0,0
2018-09-14,MUFFINS,Bars,0,0,0,0,0,0,0,0,0,0,0,0,0,0
2018-09-14,MUFFINS,Oatmeal CC,13,12,25,23,2,0,0,0,50,0,-50,0,0,0
2018-09-14,MUFFINS,Harv Raisin,11,12,23,10,0,3,10,0,0,50,50,0,0,0
2018-09-14,MUFFINS,Triple Choc,4,24,28,21,2,1,4,0,50,0,-50,0,0,0
2018-09-14,MUFFINS,SNICKEDOODLE,17,12,29,12,2,7,8,0,49,50,1,0,0,0
2018-09-14,MUFFINS,frosted,0,21,21,20,0,0,1,0,0,0,0,0,0,0
2018-09-14,MUFFINS,Kahuna,9,20,29,23,0,6,0,0,0,0,0,0,0,0
2018-09-14,MUFFINS,Brownies,2,0,2,-7,0,0,9,0,0,0,0,0,0,0
2018-09-14,MUFFINS,Pump Bar,0,0,0,0,0,0,0,0,0,0,0,0,0,0
2018-09-14,MUFFINS,Cashew Cr,0,0,0,0,0,0,0,0,0,0,0,0,0,0
2018-09-14,MUFFINS,Totals,56,221,277,163,9,73,32,0,174,174,8,0,0,0
2018-09-15,BREAD,H,19,0,19,17,0,2,0,0,0,0,0,0,0,0
2018-09-15,BREAD,FR,38,22,60,22,15,23,0,0,0,0,0,0,0,0
2018-09-15,BREAD,GW,0,8,8,1,0,7,0,0,0,0,0,0,0,0
2018-09-15,BREAD,DK,22,0,22,13,0,9,0,0,0,0,0,0,0,0
2018-09-15,BREAD,H5,3,0,3,3,0,0,0,0,0,0,0,0,0,0
2018-09-15,BREAD,CSRWL,2,12,14,11,0,3,0,3,0,3,1,0,0,0
2018-09-15,BREAD,Apple SWRL,11,0,11,8,0,3,0,1,0,1,1,0,0,0
2018-09-15,BREAD,ApB,0,0,0,0,0,0,0,0,0,0,0,0,0,0
2018-09-15,BREAD,CNE,9,0,9,7,0,2,0,3,0,3,2,0,0,0
2018-09-15,BREAD,CNR,2,0,2,2,0,0,0,0,0,0,0,0,0,0
2018-09-15,BREAD,CNW,3,0,3,-2,0,5,0,0,0,0,0,0,0,0
2018-09-15,BREAD,CG,5,0,5,4,0,1,0,0,0,0,0,0,0,0
2018-09-15,BREAD,PESTO CG,3,0,3,0,0,3,0,0,0,0,0,0,0,0
2018-09-15,BREAD,VS,3,0,3,2,0,1,0,0,0,0,-1,0,0,0
2018-09-15,BREAD,CH,0,0,0,-1,0,1,0,0,0,0,0,0,0,0
2018-09-15,BREAD,SOURDOUGH,1,0,1,1,0,0,0,0,0,0,0,0,0,0
2018-09-15,BREAD,SOUR CC,2,0,2,0,0,2,0,0,0,0,0,0,0,0
2018-09-15,BREAD,SOUR CJ,2,0,2,1,0,1,0,0,0,0,0,0,0,0
2018-09-15,BREAD,SOUR RG,2,0,2,1,0,1,0,0,0,0,0,0,0,0
2018-09-15,BREAD,SOUR BORG,2,0,2,0,0,2,0,0,0,0,0,0,0,0
2018-09-15,BREAD,Car,0,0,0,0,0,0,0,0,0,0,0,0,0,0
2018-09-15,BREAD,IHF,0,0,0,0,0,0,0,0,0,0,0,0,0,0
2018-09-15,BREAD,GW BUNS,0,0,0,0,0,0,0,0,0,0,0,0,0,0
2018-09-15,BREAD,VS BUNS,0,0,0,0,0,0,0,0,0,0,0,0,0,0
2018-09-15,BREAD,H-RLS,4,0,4,2,0,2,0,0,0,0,0,0,0,0
2018-09-15,BREAD,FR-RLS,2,0,2,2,0,0,0,0,0,0,0,0,0,0
2018-09-15,BREAD,VS-RLS,1,0,1,1,0,0,0,0,0,0,0,0,0,0
2018-09-15,BREAD,BLUE STRU,4,0,4,3,0,1,0,0,0,0,0,0,0,0
2018-09-15,BREAD,CHOC CARM,4,0,4,2,0,2,0,0,0,0,0,0,0,0
2018-09-15,BREAD,Apple Crunch,1,3,4,1,0,3,0,0,0,0,0,0,0,0
2018-09-15,ROLLS,Cinnamon,0,138,138,90,20,28,0,0,0,0,0,0,0,0
2018-09-15,ROLLS,Take-N-Bake,0,0,0,0,0,0,0,0,0,0,0,0,0,0
2018-09-15,ROLLS,Mini C-Roll,0,24,24,0,24,0,0,0,0,0,0,0,0,0
2018-09-15,SCONES,Blueberry,0,37,37,36,0,1,0,0,18,18,6,0,0,0
2018-09-15,SCONES,Rasp Cream,0,0,0,0,0,0,0,0,0,0,0,0,0,0
2018-09-15,SCONES,Cherry,0,0,0,0,0,0,0,0,0,0,0,0,0,0
2018-09-15,SCONES,Butt Almond,0,38,38,17,0,21,0,0,17,17,2,0,0,0
2018-09-15,SCONES,Cin Chip,0,0,0,0,0,0,0,0,0,0,0,0,0,0
2018-09-15,SCONES,pumpkin sp,0,0,0,0,0,0,0,0,0,0,0,0,0,0
2018-09-15,SCONES,Carm Apple,0,0,0,0,0,0,0,0,0,0,0,0,0,0
2018-09-15,SCONES,c Appl Choc,0,0,0,0,0,0,0,0,0,0,0,0,0,0
2018-09-15,FRUIT BARS,Mixed Berry,0,8,8,8,0,0,0,0,0,0,0,0,0,0
2018-09-15,FRUIT BARS,Cherry,0,12,12,9,0,3,0,0,0,0,0,0,0,0
2018-09-15,FRUIT BARS,Apple Cin,0,12,12,8,0,4,0,0,0,0,0,0,0,0
2018-09-15,FRUIT BARS,MIXED FRUIT,0,8,8,6,0,2,0,0,0,0,0,0,0,0
2018-09-15,MUFFINS,BLUE STRU,0,14,14,10,0,4,0,0,3,3,1,0,0,0
2018-09-15,MUFFINS,CHOC CARM,0,13,13,7,0,6,0,0,3,3,1,0,0,0
2018-09-15,MUFFINS,Apple Crunch,0,12,12,4,0,8,0,0,3,3,2,0,0,0
2018-09-15,MUFFINS,Cookies,0,0,0,0,0,0,0,0,0,0,0,0,0,0
2018-09-15,MUFFINS,Bars,0,0,0,0,0,0,0,0,0,0,0,0,0,0
2018-09-15,MUFFINS,Oatmeal CC,0,20,20,12,0,8,0,0,0,0,0,0,0,0
2018-09-15,MUFFINS,Harv Raisin,10,8,18,7,0,11,0,0,0,0,0,0,0,0
2018-09-15,MUFFINS,Triple Choc,4,14,18,11,0,7,0,0,0,0,0,0,0,0
2018-09-15,MUFFINS,SNICKEDOODLE,8,8,16,11,0,5,0,0,0,0,0,0,0,0
2018-09-15,MUFFINS,frosted,1,6,7,-5,0,12,0,0,0,0,0,0,0,0
2018-09-15,MUFFINS,Kahuna,0,20,20,12,0,8,0,0,0,0,0,0,0,0
2018-09-15,MUFFINS,Brownies,9,20,29,5,20,4,0,0,0,0,0,0,0,0
2018-09-15,MUFFINS,Pump Bar,0,0,0,0,0,0,0,0,0,0,0,0,0,0
2018-09-15,MUFFINS,Cashew Cr,0,0,0,0,0,0,0,0,0,0,0,0,0,0
2018-09-15,MUFFINS,Totals,32,412,444,248,64,132,0,0,44,44,12,0,0,0
2018-09-16,BREAD,H,0,0,0,0,0,0,0,0,0,0,0,0,0,0
2018-09-16,BREAD,FR,0,0,0,0,0,0,0,0,0,0,0,0,0,0
2018-09-16,BREAD,GW,0,0,0,0,0,0,0,0,0,0,0,0,0,0
2018-09-16,BREAD,DK,0,0,0,0,0,0,0,0,0,0,0,0,0,0
2018-09-16,BREAD,H5,0,0,0,0,0,0,0,0,0,0,0,0,0,0
2018-09-16,BREAD,CSRWL,0,0,0,0,0,0,0,0,0,0,0,0,0,0
2018-09-16,BREAD,Apple SWRL,0,0,0,0,0,0,0,0,0,0,0,0,0,0
2018-09-16,BREAD,ApB,0,0,0,0,0,0,0,0,0,0,0,0,0,0
2018-09-16,BREAD,CNE,0,0,0,0,0,0,0,0,0,0,0,0,0,0
2018-09-16,BREAD,CNR,0,0,0,0,0,0,0,0,0,0,0,0,0,0
2018-09-16,BREAD,CNW,0,0,0,0,0,0,0,0,0,0,0,0,0,0
2018-09-16,BREAD,CG,0,0,0,0,0,0,0,0,0,0,0,0,0,0
2018-09-16,BREAD,PESTO CG,0,0,0,0,0,0,0,0,0,0,0,0,0,0
2018-09-16,BREAD,VS,0,0,0,0,0,0,0,0,0,0,0,0,0,0
2018-09-16,BREAD,CH,0,0,0,0,0,0,0,0,0,0,0,0,0,0
2018-09-16,BREAD,SOURDOUGH,0,0,0,0,0,0,0,0,0,0,0,0,0,0
2018-09-16,BREAD,SOUR CC,0,0,0,0,0,0,0,0,0,0,0,0,0,0
2018-09-16,BREAD,SOUR CJ,0,0,0,0,0,0,0,0,0,0,0,0,0,0
2018-09-16,BREAD,SOUR RG,0,0,0,0,0,0,0,0,0,0,0,0,0,0
2018-09-16,BREAD,SOUR BORG,0,0,0,0,0,0,0,0,0,0,0,0,0,0
2018-09-16,BREAD,Car,0,0,0,0,0,0,0,0,0,0,0,0,0,0
2018-09-16,BREAD,IHF,0,0,0,0,0,0,0,0,0,0,0,0,0,0
2018-09-16,BREAD,GW BUNS,0,0,0,0,0,0,0,0,0,0,0,0,0,0
2018-09-16,BREAD,VS BUNS,0,0,0,0,0,0,0,0,0,0,0,0,0,0
2018-09-16,BREAD,H-RLS,0,0,0,0,0,0,0,0,0,0,0,0,0,0
2018-09-16,BREAD,FR-RLS,0,0,0,0,0,0,0,0,0,0,0,0,0,0
2018-09-16,BREAD,VS-RLS,0,0,0,0,0,0,0,0,0,0,0,0,0,0
2018-09-16,BREAD,BLUE STRU,0,0,0,0,0,0,0,0,0,0,0,0,0,0
2018-09-16,BREAD,CHOC CARM,0,0,0,0,0,0,0,0,0,0,0,0,0,0
2018-09-16,BREAD,Apple Crunch,0,0,0,0,0,0,0,0,0,0,0,0,0,0
2018-09-16,ROLLS,Cinnamon,0,0,0,0,0,0,0,0,0,0,0,0,0,0
2018-09-16,ROLLS,Take-N-Bake,0,0,0,0,0,0,0,0,0,0,0,0,0,0
2018-09-16,ROLLS,Mini C-Roll,0,0,0,0,0,0,0,0,0,0,0,0,0,0
2018-09-16,SCONES,Blueberry,0,0,0,0,0,0,0,0,0,0,0,0,0,0
2018-09-16,SCONES,Rasp Cream,0,0,0,0,0,0,0,0,0,0,0,0,0,0
2018-09-16,SCONES,Cherry,0,0,0,0,0,0,0,0,0,0,0,0,0,0
2018-09-16,SCONES,Butt Almond,0,0,0,0,0,0,0,0,0,0,0,0,0,0
2018-09-16,SCONES,Cin Chip,0,0,0,0,0,0,0,0,0,0,0,0,0,0
2018-09-16,SCONES,pumpkin sp,0,0,0,0,0,0,0,0,0,0,0,0,0,0
2018-09-16,SCONES,Carm Apple,0,0,0,0,0,0,0,0,0,0,0,0,0,0
2018-09-16,SCONES,c Appl Choc,0,0,0,0,0,0,0,0,0,0,0,0,0,0
2018-09-16,FRUIT BARS,Mixed Berry,0,0,0,0,0,0,0,0,0,0,0,0,0,0
2018-09-16,FRUIT BARS,Cherry,0,0,0,0,0,0,0,0,0,0,0,0,0,0
2018-09-16,FRUIT BARS,Apple Cin,0,0,0,0,0,0,0,0,0,0,0,0,0,0
2018-09-16,FRUIT BARS,MIXED FRUIT,0,0,0,0,0,0,0,0,0,0,0,0,0,0
2018-09-16,MUFFINS,BLUE STRU,0,0,0,0,0,0,0,0,0,0,0,0,0,0
2018-09-16,MUFFINS,CHOC CARM,0,0,0,0,0,0,0,0,0,0,0,0,0,0
2018-09-16,MUFFINS,Apple Crunch,0,0,0,0,0,0,0,0,0,0,0,0,0,0
2018-09-16,MUFFINS,Cookies,0,0,0,0,0,0,0,0,0,0,0,0,0,0
2018-09-16,MUFFINS,Bars,0,0,0,0,0,0,0,0,0,0,0,0,0,0
2018-09-16,MUFFINS,Oatmeal CC,0,0,0,0,0,0,0,0,0,0,0,0,0,0
2018-09-16,MUFFINS,Harv Raisin,0,0,0,0,0,0,0,0,0,0,0,0,0,0
2018-09-16,MUFFINS,Triple Choc,0,0,0,0,0,0,0,0,0,0,0,0,0,0
2018-09-16,MUFFINS,SNICKEDOODLE,0,0,0,0,0,0,0,0,0,0,0,0,0,0
2018-09-16,MUFFINS,frosted,0,0,0,0,0,0,0,0,0,0,0,0,0,0
2018-09-16,MUFFINS,Kahuna,0,0,0,0,0,0,0,0,0,0,0,0,0,0
2018-09-16,MUFFINS,Brownies,0,0,0,0,0,0,0,0,0,0,0,0,0,0
2018-09-16,MUFFINS,Pump Bar,0,0,0,0,0,0,0,0,0,0,0,0,0,0
2018-09-16,MUFFINS,Cashew Cr,0,0,0,0,0,0,0,0,0,0,0,0,0,0
2018-09-16,MUFFINS,Totals,0,0,0,0,0,0,0,0,0,0,0,0,0,0
2018-09-17,BREAD,H,0,37,37,26,0,0,11,0,0,0,0,0,0,0
2018-09-17,BREAD,FR,0,31,31,9,0,0,22,0,0,0,0,0,0,0
2018-09-17,BREAD,GW,0,12,12,4,0,0,8,0,0,0,0,0,0,0
2018-09-17,BREAD,DK,0,29,29,12,0,0,17,0,0,0,0,0,0,0
2018-09-17,BREAD,H5,0,0,0,0,0,0,0,0,0,0,0,0,0,0
2018-09-17,BREAD,CSRWL,0,16,16,12,0,0,4,0,3,3,0,0,0,3
2018-09-17,BREAD,Apple SWRL,0,12,12,10,0,0,2,0,2,2,2,0,0,0
2018-09-17,BREAD,ApB,0,0,0,0,0,0,0,0,0,0,0,0,0,0
2018-09-17,BREAD,CNE,0,15,15,5,0,0,10,0,2,2,0,0,0,2
2018-09-17,BREAD,CNR,0,4,4,1,0,0,3,0,0,0,0,0,0,0
2018-09-17,BREAD,CNW,0,4,4,2,0,0,2,0,0,0,0,0,0,0
2018-09-17,BREAD,CG,0,7,7,4,0,0,3,0,3,3,2,0,0,1
2018-09-17,BREAD,PESTO CG,0,3,3,1,0,0,2,0,0,0,0,0,0,0
2018-09-17,BREAD,VS,0,0,0,0,0,0,0,0,0,0,0,0,0,0
2018-09-17,BREAD,CH,0,0,0,0,0,0,0,0,0,0,0,0,0,0
2018-09-17,BREAD,SOURDOUGH,0,6,6,5,0,0,1,0,0,0,0,0,0,0
2018-09-17,BREAD,SOUR CC,0,3,3,0,0,0,3,0,0,0,0,0,0,0
2018-09-17,BREAD,SOUR CJ,0,0,0,0,0,0,0,0,0,0,0,0,0,0
2018-09-17,BREAD,SOUR RG,0,3,3,1,0,0,2,0,0,0,0,0,0,0
2018-09-17,BREAD,SOUR BORG,0,3,3,1,0,0,2,0,0,0,0,0,0,0
2018-09-17,BREAD,Car,0,0,0,0,0,0,0,0,0,0,0,0,0,0
2018-09-17,BREAD,IHF,0,30,30,30,0,0,0,0,0,0,0,0,0,0
2018-09-17,BREAD,GW BUNS,0,0,0,0,0,0,0,0,0,0,0,0,0,0
2018-09-17,BREAD,VS BUNS,0,0,0,0,0,0,0,0,0,0,0,0,0,0
2018-09-17,BREAD,H-RLS,0,3,3,2,0,0,1,0,0,0,0,0,0,0
2018-09-17,BREAD,FR-RLS,0,2,2,2,0,0,0,0,0,0,0,0,0,0
2018-09-17,BREAD,VS-RLS,0,0,0,0,0,0,0,0,0,0,0,0,0,0
2018-09-17,BREAD,BLUE STRU,0,4,4,1,0,0,3,0,0,0,0,0,0,0
2018-09-17,BREAD,CHOC CARM,0,4,4,3,0,0,1,0,0,0,0,0,0,0
2018-09-17,BREAD,Apple Crunch,0,4,4,1,0,0,3,0,0,0,0,0,0,0
2018-09-17,ROLLS,Cinnamon,0,24,24,10,0,14,0,0,0,0,0,0,0,0
2018-09-17,ROLLS,Take-N-Bake,0,0,0,0,0,0,0,0,0,0,0,0,0,0
2018-09-17,ROLLS,Mini C-Roll,0,0,0,0,0,0,0,0,0,0,0,0,0,0
2018-09-17,SCONES,Blueberry,0,0,0,0,0,0,0,0,0,0,0,0,0,0
2018-09-17,SCONES,Rasp Cream,0,17,17,13,0,4,0,0,2,2,2,0,0,0
2018-09-17,SCONES,Cherry,0,0,0,0,0,0,0,0,0,0,0,0,0,0
2018-09-17,SCONES,Cherry,0,0,0,0,0,0,0,0,0,0,0,0,0,0
2018-09-17,SCONES,Cin Chip,0,0,0,0,0,0,0,0,0,0,0,0,0,0
2018-09-17,SCONES,pumpkin sp,0,17,17,11,0,6,0,0,2,2,2,0,0,0
2018-09-17,SCONES,Carm Apple,0,0,0,0,0,0,0,0,0,0,0,0,0,0
2018-09-17,SCONES,c Appl Choc,0,0,0,0,0,0,0,0,0,0,0,0,0,0
2018-09-17,FRUIT BARS,Mixed Berry,0,8,8,3,0,5,0,0,0,0,0,0,0,0
2018-09-17,FRUIT BARS,Cherry,0,12,12,3,0,9,0,0,0,0,0,0,0,0
2018-09-17,FRUIT BARS,Apple Cin,0,0,0,0,0,0,0,0,0,0,0,0,0,0
2018-09-17,FRUIT BARS,MIXED FRUIT,0,0,0,0,0,0,0,0,0,0,0,0,0,0
2018-09-17,MUFFINS,BLUE STRU,0,7,7,7,0,0,0,0,1,1,1,0,0,0
2018-09-17,MUFFINS,CHOC CARM,0,7,7,3,0,4,0,0,1,1,0,0,0,0
2018-09-17,MUFFINS,Apple Crunch,0,7,7,4,0,3,0,0,1,1,0,0,0,0
2018-09-17,MUFFINS,Cookies,0,0,0,0,0,0,0,0,0,0,0,0,0,0
2018-09-17,MUFFINS,Bars,0,0,0,0,0,0,0,0,0,0,0,0,0,0
2018-09-17,MUFFINS,Oatmeal CC,0,35,35,-2,11,0,26,0,0,0,0,0,0,0
2018-09-17,MUFFINS,Harv Raisin,0,18,18,11,0,0,7,0,0,0,0,0,0,0
2018-09-17,MUFFINS,Triple Choc,0,36,36,11,11,0,14,0,0,0,0,0,0,0
2018-09-17,MUFFINS,SNICKEDOODLE,0,36,36,9,11,0,16,0,0,0,0,0,0,0
2018-09-17,MUFFINS,frosted,0,12,12,4,0,0,8,0,0,0,0,0,0,0
2018-09-17,MUFFINS,Kahuna,0,0,0,0,0,0,0,0,0,0,0,0,0,0
2018-09-17,MUFFINS,Brownies,0,0,0,0,0,0,0,0,0,0,0,0,0,0
2018-09-17,MUFFINS,Pump Bar,0,0,0,0,0,0,0,0,0,0,0,0,0,0
2018-09-17,MUFFINS,Cashew Cr,0,0,0,0,0,0,0,0,0,0,0,0,0,0
2018-09-17,MUFFINS,Totals,0,236,236,87,33,45,71,0,7,7,5,0,0,0
2018-09-18,BREAD,H,11,31,42,22,0,0,20,0,0,0,0,0,0,0
2018-09-18,BREAD,FR,22,29,51,7,26,0,18,0,0,0,0,0,0,0
2018-09-18,BREAD,GW,8,4,12,2,0,7,3,0,0,0,0,0,0,0
2018-09-18,BREAD,DK,17,0,17,5,0,0,12,0,0,0,0,0,0,0
2018-09-18,BREAD,H5,0,23,23,8,1,0,14,0,0,0,0,0,0,0
2018-09-18,BREAD,CSRWL,4,12,16,8,0,0,8,3,0,3,0,0,0,0
2018-09-18,BREAD,Apple SWRL,2,12,14,12,0,0,2,0,2,2,1,0,0,1
2018-09-18,BREAD,ApB,0,20,20,5,1,0,14,0,4,4,1,0,0,3
2018-09-18,BREAD,CNE,10,0,10,4,0,6,0,2,0,2,0,0,0,0
2018-09-18,BREAD,CNR,3,0,3,1,0,2,0,0,0,0,0,0,0,0
2018-09-18,BREAD,CNW,2,0,2,0,0,2,0,0,0,0,0,0,0,0
2018-09-18,BREAD,CG,3,0,3,3,0,0,0,1,0,1,1,0,0,0
2018-09-18,BREAD,PESTO CG,2,0,2,1,0,1,0,0,0,0,0,0,0,0
2018-09-18,BREAD,VS,0,12,12,-1,2,0,11,0,4,4,0,0,0,4
2018-09-18,BREAD,CH,0,12,12,0,4,0,8,0,3,3,0,0,0,3
2018-09-18,BREAD,SOURDOUGH,1,0,1,1,0,0,0,0,0,0,0,0,0,0
2018-09-18,BREAD,SOUR CC,3,0,3,1,0,2,0,0,0,0,0,0,0,0
2018-09-18,BREAD,SOUR CJ,0,0,0,-2,0,2,0,0,0,0,0,0,0,0
2018-09-18,BREAD,SOUR RG,2,0,2,0,0,2,0,0,0,0,0,0,0,0
2018-09-18,BREAD,SOUR BORG,2,0,2,2,0,0,0,0,0,0,0,0,0,0
2018-09-18,BREAD,Car,0,0,0,0,0,0,0,0,0,0,0,0,0,0
2018-09-18,BREAD,IHF,0,0,0,0,0,0,0,0,0,0,0,0,0,0
2018-09-18,BREAD,GW BUNS,0,0,0,0,0,0,0,0,0,0,0,0,0,0
2018-09-18,BREAD,VS BUNS,0,0,0,0,0,0,0,0,0,0,0,0,0,0
2018-09-18,BREAD,GF,0,26,26,26,0,0,0,0,0,0,0,0,0,0
2018-09-18,BREAD,H-RLS,1,4,5,0,0,1,4,0,0,0,0,0,0,0
2018-09-18,BREAD,FR-RLS,0,4,4,1,0,0,3,0,0,0,0,0,0,0
2018-09-18,BREAD,VS-RLS,0,4,4,0,0,0,4,0,0,0,0,0,0,0
2018-09-18,BREAD,BLUE STRU,3,5,8,2,3,2,1,0,0,0,0,0,0,0
2018-09-18,BREAD,CHOC CARM,1,5,6,-1,1,1,5,0,0,0,0,0,0,0
2018-09-18,BREAD,Apple Crunch,3,2,5,3,0,0,2,0,0,0,0,0,0,0
2018-09-18,ROLLS,Cinnamon,0,24,24,12,0,12,0,0,0,0,0,0,0,0
2018-09-18,ROLLS,Take-N-Bake,0,0,0,0,0,0,0,0,0,0,0,0,0,0
2018-09-18,ROLLS,Mini C-Roll,0,0,0,0,0,0,0,0,0,0,0,0,0,0
2018-09-18,SCONES,Blueberry,0,18,18,10,0,8,0,0,2,2,2,0,0,0
2018-09-18,SCONES,Rasp Cream,0,0,0,0,0,0,0,0,0,0,0,0,0,0
2018-09-18,SCONES,Cherry,0,0,0,0,0,0,0,0,0,0,0,0,0,0
2018-09-18,SCONES,Butt Almond,0,0,0,0,0,0,0,0,0,0,0,0,0,0
2018-09-18,SCONES,Cin Chip,0,0,0,0,0,0,0,0,0,0,0,0,0,0
2018-09-18,SCONES,pumpkin sp,0,0,0,0,0,0,0,0,0,0,0,0,0,0
2018-09-18,SCONES,Carm Apple,0,12,12,-1,4,9,0,0,2,2,1,0,0,0
2018-09-18,SCONES,c Appl Choc,0,10,10,6,0,4,0,0,2,2,2,0,0,0
2018-09-18,FRUIT BARS,Mixed Berry,0,0,0,0,0,0,0,0,0,0,0,0,0,0
2018-09-18,FRUIT BARS,Cherry,0,0,0,0,0,0,0,0,0,0,0,0,0,0
2018-09-18,FRUIT BARS,Apple Cin,0,12,12,3,4,5,0,0,0,0,0,0,0,0
2018-09-18,FRUIT BARS,MIXED FRUIT,0,8,8,2,4,2,0,0,0,0,0,0,0,0
2018-09-18,MUFFINS,BLUE STRU,0,7,7,4,0,3,0,0,2,2,2,0,0,0
2018-09-18,MUFFINS,CHOC CARM,0,7,7,0,0,7,0,0,2,2,0,0,0,0
2018-09-18,MUFFINS,Apple Crunch,0,7,7,4,0,3,0,0,2,2,0,0,0,0
2018-09-18,MUFFINS,Cookies,0,0,0,0,0,0,0,0,0,0,0,0,0,0
2018-09-18,MUFFINS,Bars,0,0,0,0,0,0,0,0,0,0,0,0,0,0
2018-09-18,MUFFINS,Oatmeal CC,26,0,26,6,16,4,0,0,12,12,0,0,0,0
2018-09-18,MUFFINS,Harv Raisin,7,6,13,4,0,3,6,0,0,0,0,0,0,0
2018-09-18,MUFFINS,Triple Choc,14,18,32,15,16,0,1,0,10,10,0,0,0,0
2018-09-18,MUFFINS,SNICKEDOODLE,16,18,34,10,15,3,6,0,10,10,0,0,0,0
2018-09-18,MUFFINS,frosted,8,0,8,3,0,5,0,0,0,0,0,0,0,0
2018-09-18,MUFFINS,Kahuna,0,0,0,0,0,0,0,0,0,0,0,0,0,0
2018-09-18,MUFFINS,Brownies,0,20,20,2,9,0,9,0,0,0,0,0,0,0
2018-09-18,MUFFINS,Pump Bar,0,0,0,0,0,0,0,0,0,0,0,0,0,0
2018-09-18,MUFFINS,Cashew Cr,0,0,0,0,0,0,0,0,0,0,0,0,0,0
2018-09-18,MUFFINS,Totals,71,167,238,80,68,68,22,0,44,44,7,0,0,0
2018-09-19,BREAD,H,20,53,73,58,1,0,14,0,0,0,0,0,0,0
2018-09-19,BREAD,FR,18,27,45,32,0,6,7,0,0,0,0,0,0,0
2018-09-19,BREAD,GW,3,0,3,-5,0,1,7,0,0,0,0,0,0,0
2018-09-19,BREAD,DK,12,36,48,25,0,4,19,0,0,0,0,0,0,0
2018-09-19,BREAD,H5,14,0,14,11,0,0,3,0,0,0,0,0,0,0
2018-09-19,BREAD,CSRWL,8,24,32,22,4,0,6,0,4,4,4,0,0,0
2018-09-19,BREAD,Apple SWRL,2,20,22,10,0,0,12,1,3,4,2,0,0,2
2018-09-19,BREAD,ApB,14,0,14,7,0,7,0,3,0,3,3,0,0,0
2018-09-19,BREAD,CNE,0,26,26,14,0,0,12,0,4,4,4,0,0,0
2018-09-19,BREAD,CNR,0,10,10,5,0,0,5,0,0,0,0,0,0,0
2018-09-19,BREAD,CNW,0,10,10,7,0,0,3,0,0,0,0,0,0,0
2018-09-19,BREAD,CG,0,13,13,10,0,0,3,0,4,4,3,0,0,1
2018-09-19,BREAD,PESTO CG,0,8,8,3,0,0,5,0,0,0,0,0,0,0
2018-09-19,BREAD,VS,11,0,11,9,0,0,2,4,0,4,3,0,0,1
2018-09-19,BREAD,CH,8,0,8,7,0,1,0,3,0,3,0,0,0,0
2018-09-19,BREAD,SOURDOUGH,0,8,8,6,0,0,2,0,0,0,0,0,0,0
2018-09-19,BREAD,SOUR CC,0,5,5,2,0,0,3,0,0,0,0,0,0,0
2018-09-19,BREAD,SOUR CJ,0,3,3,2,0,0,1,0,0,0,0,0,0,0
2018-09-19,BREAD,SOUR RG,0,5,5,3,0,0,2,0,0,0,0,0,0,0
2018-09-19,BREAD,SOUR BORG,0,5,5,1,0,0,4,0,0,0,0,0,0,0
2018-09-19,BREAD,Car,0,0,0,0,0,0,0,0,0,0,0,0,0,0
2018-09-19,BREAD,IHF,0,0,0,0,0,0,0,0,0,0,0,0,0,0
2018-09-19,BREAD,GW BUNS,0,0,0,0,0,0,0,0,0,0,0,0,0,0
2018-09-19,BREAD,VS BUNS,0,0,0,0,0,0,0,0,0,0,0,0,0,0
2018-09-19,BREAD,H-RLS,4,1,5,3,0,0,2,0,0,0,0,0,0,0
2018-09-19,BREAD,FR-RLS,3,2,5,4,0,0,1,0,0,0,0,0,0,0
2018-09-19,BREAD,VS-RLS,4,0,4,3,0,0,1,0,0,0,0,0,0,0
2018-09-19,BREAD,BLUE STRU,1,10,11,3,5,0,3,0,0,0,0,0,0,0
2018-09-19,BREAD,CHOC CARM,5,2,7,1,1,5,0,0,0,0,0,0,0,0
2018-09-19,BREAD,Apple Crunch,2,5,7,3,1,2,1,0,0,0,0,0,0,0
2018-09-19,ROLLS,Cinnamon,0,48,48,44,0,4,0,0,0,0,0,0,0,0
2018-09-19,ROLLS,Take-N-Bake,0,0,0,0,0,0,0,0,0,0,0,0,0,0
2018-09-19,ROLLS,Mini C-Roll,0,0,0,0,0,0,0,0,0,0,0,0,0,0
2018-09-19,SCONES,Blueberry,0,0,0,0,0,0,0,0,0,0,0,0,0,0
2018-09-19,SCONES,Rasp Cream,0,38,38,23,4,11,0,0,17,17,2,0,0,0
2018-09-19,SCONES,Cherry,0,0,0,0,0,0,0,0,0,0,0,0,0,0
2018-09-19,SCONES,Butt Almond,0,0,0,0,0,0,0,0,0,0,0,0,0,0
2018-09-19,SCONES,Cin Chip,0,17,17,12,0,5,0,0,17,17,4,0,0,0
2018-09-19,SCONES,pumpkin sp,0,0,0,0,0,0,0,0,0,0,0,0,0,0
2018-09-19,SCONES,Carm Apple,0,0,0,0,0,0,0,0,0,0,0,0,0,0
2018-09-19,SCONES,c Appl Choc,0,0,0,0,0,0,0,0,0,0,0,0,0,0
2018-09-19,FRUIT BARS,Mixed Berry,0,20,20,5,15,0,0,0,0,0,0,0,0,0
2018-09-19,FRUIT BARS,Cherry,0,12,12,5,5,2,0,0,0,0,0,0,0,0
2018-09-19,FRUIT BARS,Apple Cin,0,0,0,0,0,0,0,0,0,0,0,0,0,0
2018-09-19,FRUIT BARS,MIXED FRUIT,0,8,8,4,4,0,0,0,0,0,0,0,0,0
2018-09-19,MUFFINS,BLUE STRU,0,9,9,7,0,2,0,0,2,2,1,0,0,0
2018-09-19,MUFFINS,CHOC CARM,0,10,10,6,0,4,0,0,13,13,1,0,0,0
2018-09-19,MUFFINS,Apple Crunch,0,9,9,5,0,4,0,0,13,13,1,0,0,0
2018-09-19,COOKIES/BARS,Oatmeal CC,0,24,24,7,0,0,17,0,6,6,0,0,0,0
2018-09-19,COOKIES/BARS,Harv Raisin,6,18,24,6,0,0,18,0,0,0,0,0,0,0
2018-09-19,COOKIES/BARS,Triple Choc,1,48,49,17,22,0,10,0,4,4,0,0,0,0
2018-09-19,COOKIES/BARS,SNICKEDOODLE,6,18,24,18,0,0,6,0,6,6,0,0,0,0
2018-09-19,COOKIES/BARS,frosted,0,42,42,37,0,0,5,0,0,0,0,0,0,0
2018-09-19,COOKIES/BARS,Kahuna,0,20,20,13,0,0,7,0,0,0,0,0,0,0
2018-09-19,COOKIES/BARS,Brownies,9,20,29,10,0,0,19,0,0,0,0,0,0,0
2018-09-19,COOKIES/BARS,Pump Bar,0,0,0,0,0,0,0,0,0,0,0,0,0,0
2018-09-19,COOKIES/BARS,Cashew Cr,0,0,0,0,0,0,0,0,0,0,0,0,0,0
2018-09-19,COOKIES/BARS,Totals,22,361,383,219,50,32,82,0,78,78,9,0,0,0
2018-09-20,BREAD,H,14,36,50,9,0,0,41,0,0,0,0,0,0,0
2018-09-20,BREAD,FR,7,48,55,6,30,0,19,0,0,0,0,0,0,0
2018-09-20,BREAD,GW,7,5,12,-7,0,5,14,0,0,0,0,0,0,0
2018-09-20,BREAD,DK,19,0,19,2,0,0,17,0,0,0,0,0,0,0
2018-09-20,BREAD,H5,3,25,28,24,0,0,4,0,0,0,0,0,0,0
2018-09-20,BREAD,CSRWL,6,12,18,11,0,0,7,0,3,3,2,0,0,1
2018-09-20,BREAD,Apple SWRL,12,4,16,4,0,5,7,2,2,4,1,0,0,3
2018-09-20,BREAD,ApB,0,16,16,0,0,0,16,0,3,3,2,0,0,1
2018-09-20,BREAD,CNE,12,0,12,9,0,3,0,0,0,0,0,0,0,0
2018-09-20,BREAD,CNR,5,0,5,4,0,1,0,0,0,0,0,0,0,0
2018-09-20,BREAD,CNW,3,0,3,3,0,0,0,0,0,0,0,0,0,0
2018-09-20,BREAD,CG,3,0,3,0,0,3,0,1,0,1,1,0,0,0
2018-09-20,BREAD,PESTO CG,5,0,5,1,0,4,0,0,0,0,0,0,0,0
2018-09-20,BREAD,VS,2,14,16,3,0,0,13,1,4,5,2,0,0,3
2018-09-20,BREAD,CH,0,7,7,0,0,0,7,0,3,3,0,0,0,3
2018-09-20,BREAD,SOURDOUGH,2,0,2,0,0,2,0,0,0,0,0,0,0,0
2018-09-20,BREAD,SOUR CC,3,0,3,2,0,1,0,0,0,0,0,0,0,0
2018-09-20,BREAD,SOUR CJ,1,0,1,0,0,1,0,0,0,0,0,0,0,0
2018-09-20,BREAD,SOUR RG,2,0,2,1,0,1,0,0,0,0,0,0,0,0
2018-09-20,BREAD,SOUR BORG,4,0,4,0,0,4,0,0,0,0,0,0,0,0
2018-09-20,BREAD,Car,0,0,0,0,0,0,0,0,0,0,0,0,0,0
2018-09-20,BREAD,IHF,0,0,0,0,0,0,0,0,0,0,0,0,0,0
2018-09-20,BREAD,GW BUNS,0,0,0,0,0,0,0,0,0,0,0,0,0,0
2018-09-20,BREAD,VS BUNS,0,0,0,0,0,0,0,0,0,0,0,0,0,0
2018-09-20,BREAD,H-RLS,2,4,6,3,0,0,3,0,0,0,0,0,0,0
2018-09-20,BREAD,FR-RLS,1,4,5,0,0,1,4,0,0,0,0,0,0,0
2018-09-20,BREAD,VS-RLS,1,4,5,-1,0,0,6,0,0,0,0,0,0,0
2018-09-20,BREAD,BLUE STRU,3,5,8,1,0,2,5,0,0,0,0,0,0,0
2018-09-20,BREAD,CHOC CARM,0,9,9,1,1,0,7,0,0,0,0,0,0,0
2018-09-20,BREAD,Apple Crunch,1,7,8,1,0,0,7,0,0,0,0,0,0,0
2018-09-20,ROLLS,Cinnamon,0,252,252,236,0,16,0,0,0,0,0,0,0,0
2018-09-20,ROLLS,Take-N-Bake,0,0,0,0,0,0,0,0,0,0,0,0,0,0
2018-09-20,ROLLS,Mini C-Roll,0,0,0,0,0,0,0,0,0,0,0,0,0,0
2018-09-20,SCONES,Blueberry,0,39,39,39,0,0,0,0,6,6,5,0,0,0
2018-09-20,SCONES,Rasp Cream,0,0,0,0,0,0,0,0,0,0,0,0,0,0
2018-09-20,SCONES,Cherry,0,0,0,0,0,0,0,0,0,0,0,0,0,0
2018-09-20,SCONES,Butt Almond,0,0,0,0,0,0,0,0,0,0,0,0,0,0
2018-09-20,SCONES,Cin Chip,0,0,0,0,0,0,0,0,0,0,0,0,0,0
2018-09-20,SCONES,pumpkin sp,0,0,0,0,0,0,0,0,0,0,0,0,0,0
2018-09-20,SCONES,Carm Apple,0,18,18,10,0,8,0,0,6,6,4,0,0,0
2018-09-20,SCONES,c Appl Choc,0,26,26,26,0,0,0,0,6,6,6,0,0,0
2018-09-20,FRUIT BARS,Mixed Berry,0,8,8,7,0,1,0,0,0,0,0,0,0,0
2018-09-20,FRUIT BARS,Cherry,0,12,12,4,2,6,0,0,0,0,0,0,0,0
2018-09-20,FRUIT BARS,Apple Cin,0,12,12,5,2,5,0,0,0,0,0,0,0,0
2018-09-20,FRUIT BARS,MIXED FRUIT,0,8,8,4,0,4,0,0,0,0,0,0,0,0
2018-09-20,MUFFINS,BLUE STRU,0,20,20,13,0,7,0,0,4,4,3,0,0,0
2018-09-20,MUFFINS,CHOC CARM,0,14,14,3,0,11,0,0,4,4,2,0,0,0
2018-09-20,MUFFINS,Apple Crunch,0,12,12,9,0,3,0,0,4,4,3,0,0,0
2018-09-20,MUFFINS,Cookies,0,0,0,0,0,0,0,0,0,0,0,0,0,0
2018-09-20,MUFFINS,Bars,0,0,0,0,0,0,0,0,0,0,0,0,0,0
2018-09-20,MUFFINS,Oatmeal CC,17,48,65,29,24,12,0,0,12,12,0,0,0,0
2018-09-20,MUFFINS,Harv Raisin,18,12,30,22,0,0,8,0,0,0,0,0,0,0
2018-09-20,MUFFINS,Triple Choc,10,54,64,40,24,0,0,0,12,12,0,0,0,0
2018-09-20,MUFFINS,SNICKEDOODLE,6,45,51,30,21,0,0,0,12,12,0,0,0,0
2018-09-20,MUFFINS,frosted,5,12,17,12,0,0,5,0,0,0,0,0,0,0
2018-09-20,MUFFINS,Kahuna,7,20,27,13,0,0,14,0,0,0,0,0,0,0
2018-09-20,MUFFINS,Brownies,19,20,39,9,10,0,20,0,0,0,0,0,0,0
2018-09-20,MUFFINS,Pump Bar,0,0,0,0,0,0,0,0,0,0,0,0,0,0
2018-09-20,MUFFINS,Cashew Cr,0,0,0,0,0,0,0,0,0,0,0,0,0,0
2018-09-20,MUFFINS,Totals,82,632,714,511,83,73,47,0,66,66,23,0,0,0
2018-09-21,BREAD,H,41,13,54,27,7,0,20,0,0,0,0,0,0,0
2018-09-21,BREAD,FR,19,0,19,15,0,0,4,0,0,0,0,0,0,0
2018-09-21,BREAD,GW,14,8,22,17,0,3,2,0,0,0,0,0,0,0
2018-09-21,BREAD,DK,17,13,30,25,1,0,4,0,0,0,0,0,0,0
2018-09-21,BREAD,H5,4,0,4,-8,0,0,12,0,0,0,0,0,0,0
2018-09-21,BREAD,CSRWL,7,20,27,8,2,7,10,1,4,5,3,0,0,2
2018-09-21,BREAD,Apple SWRL,7,16,23,23,0,0,0,3,2,5,-3,0,0,6
2018-09-21,BREAD,ApB,16,0,16,7,0,9,0,1,0,1,1,0,0,0
2018-09-21,BREAD,CNE,0,24,24,14,1,0,9,0,4,4,1,0,0,3
2018-09-21,BREAD,CNR,0,8,8,4,0,0,4,0,0,0,0,0,0,0
2018-09-21,BREAD,CNW,0,8,8,6,0,0,2,0,0,0,0,0,0,0
2018-09-21,BREAD,CG,0,11,11,7,0,0,4,0,3,3,2,0,0,1
2018-09-21,BREAD,PESTO CG,0,6,6,4,0,0,2,0,0,0,0,0,0,0
2018-09-21,BREAD,VS,13,9,22,9,0,4,9,3,3,6,1,0,0,2
2018-09-21,BREAD,CH,7,0,7,6,0,1,0,3,0,3,3,0,0,0
2018-09-21,BREAD,SOURDOUGH,0,11,11,4,0,0,7,0,0,0,0,0,0,0
2018-09-21,BREAD,SOUR CC,0,5,5,3,0,0,2,0,0,0,0,0,0,0
2018-09-21,BREAD,SOUR CJ,0,3,3,3,0,0,0,0,0,0,0,0,0,0
2018-09-21,BREAD,SOUR RG,0,6,6,5,0,0,1,0,0,0,0,0,0,0
2018-09-21,BREAD,SOUR BORG,0,5,5,4,0,0,1,0,0,0,0,0,0,0
2018-09-21,BREAD,Car,0,0,0,0,0,0,0,0,0,0,0,0,0,0
2018-09-21,BREAD,IHF,0,0,0,0,0,0,0,0,0,0,0,0,0,0
2018-09-21,BREAD,GW BUNS,0,0,0,0,0,0,0,0,0,0,0,0,0,0
2018-09-21,BREAD,VS BUNS,0,0,0,0,0,0,0,0,0,0,0,0,0,0
2018-09-21,BREAD,H-RLS,3,3,6,4,0,2,0,0,0,0,0,0,0,0
2018-09-21,BREAD,FR-RLS,4,265,269,202,63,4,0,0,0,0,0,0,0,0
2018-09-21,BREAD,VS-RLS,6,3,9,5,0,3,1,0,0,0,0,0,0,0
2018-09-21,BREAD,BLUE STRU,5,3,8,4,1,2,1,0,0,0,0,0,0,0
2018-09-21,BREAD,CHOC CARM,7,1,8,2,1,5,0,0,0,0,0,0,0,0
2018-09-21,BREAD,Apple Crunch,7,1,8,7,1,0,0,0,0,0,0,0,0,0
2018-09-21,ROLLS,Cinnamon,0,36,36,18,18,0,0,0,0,0,0,0,0,0
2018-09-21,ROLLS,Take-N-Bake,0,0,0,0,0,0,0,0,0,0,0,0,0,0
2018-09-21,ROLLS,Mini C-Roll,0,24,24,0,24,0,0,0,0,0,0,0,0,0
2018-09-21,SCONES,Blueberry,0,0,0,0,0,0,0,0,0,0,0,0,0,0
2018-09-21,SCONES,Rasp Cream,0,0,0,0,0,0,0,0,0,0,0,0,0,0
2018-09-21,SCONES,Cherry,0,22,22,11,0,11,0,0,2,2,1,0,0,0
2018-09-21,SCONES,Butt Almond,0,19,19,19,0,0,0,0,3,3,3,0,0,0
2018-09-21,SCONES,Cin Chip,0,0,0,0,0,0,0,0,0,0,0,0,0,0
2018-09-21,SCONES,pumpkin sp,0,0,0,0,0,0,0,0,0,0,0,0,0,0
2018-09-21,SCONES,Carm Apple,0,0,0,0,0,0,0,0,0,0,0,0,0,0
2018-09-21,SCONES,c Appl Choc,0,0,0,0,0,0,0,0,0,0,0,0,0,0
2018-09-21,FRUIT BARS,Mixed Berry,0,8,8,4,4,0,0,0,0,0,0,0,0,0
2018-09-21,FRUIT BARS,Cherry,0,12,12,5,7,0,0,0,0,0,0,0,0,0
2018-09-21,FRUIT BARS,Apple Cin,0,0,0,0,0,0,0,0,0,0,0,0,0,0
2018-09-21,FRUIT BARS,MIXED FRUIT,0,0,0,0,0,0,0,0,0,0,0,0,0,0
2018-09-21,MUFFINS,BLUE STRU,0,8,8,8,0,0,0,0,2,2,2,0,0,0
2018-09-21,MUFFINS,CHOC CARM,0,8,8,6,0,2,0,0,2,2,2,0,0,0
2018-09-21,MUFFINS,Apple Crunch,0,8,8,7,0,1,0,0,2,2,2,0,0,0
2018-09-21,MUFFINS,Cookies,0,0,0,0,0,0,0,0,0,0,0,0,0,0
2018-09-21,MUFFINS,Bars,0,0,0,0,0,0,0,0,0,0,0,0,0,0
2018-09-21,MUFFINS,Oatmeal CC,0,30,30,12,2,2,14,0,108,108,0,0,0,0
2018-09-21,MUFFINS,Harv Raisin,8,18,26,17,0,1,8,0,0,0,0,0,0,0
2018-09-21,MUFFINS,Triple Choc,0,30,30,22,2,0,6,0,106,106,0,0,0,0
2018-09-21,MUFFINS,SNICKEDOODLE,0,30,30,27,2,0,1,0,94,94,0,0,0,0
2018-09-21,MUFFINS,frosted,5,24,29,29,0,0,0,0,0,0,0,0,0,0
2018-09-21,MUFFINS,Kahuna,14,20,34,16,7,1,10,0,0,0,0,0,0,0
2018-09-21,MUFFINS,Brownies,20,0,20,7,0,7,6,0,0,0,0,0,0,0
2018-09-21,MUFFINS,Pump Bar,0,0,0,0,0,0,0,0,0,0,0,0,0,0
2018-09-21,MUFFINS,Cashew Cr,0,0,0,0,0,0,0,0,0,0,0,0,0,0
2018-09-21,MUFFINS,Totals,47,297,344,208,66,25,45,0,319,319,10,0,0,0
2018-09-22,BREAD,H,20,0,20,11,0,9,0,0,0,0,0,0,0,0
2018-09-22,BREAD,FR,4,23,27,6,21,0,0,0,0,0,0,0,0,0
2018-09-22,BREAD,GW,2,0,2,0,0,2,0,0,0,0,0,0,0,0
2018-09-22,BREAD,DK,4,0,4,3,0,1,0,0,0,0,0,0,0,0
2018-09-22,BREAD,H5,12,0,12,6,0,6,0,0,0,0,0,0,0,0
2018-09-22,BREAD,CSRWL,10,4,14,14,0,0,0,2,0,2,0,0,0,0
2018-09-22,BREAD,Apple SWRL,0,4,4,2,0,2,0,6,2,8,6,0,0,0
2018-09-22,BREAD,ApB,0,0,0,0,0,0,0,0,0,0,0,0,0,0
2018-09-22,BREAD,CNE,9,0,9,3,0,6,0,3,0,3,0,0,0,0
2018-09-22,BREAD,CNR,4,0,4,3,0,1,0,0,0,0,0,0,0,0
2018-09-22,BREAD,CNW,2,0,2,0,0,2,0,0,0,0,0,0,0,0
2018-09-22,BREAD,CG,4,0,4,3,0,1,0,1,0,1,0,0,0,0
2018-09-22,BREAD,PESTO CG,2,0,2,1,0,1,0,0,0,0,0,0,0,0
2018-09-22,BREAD,VS,9,0,9,8,0,1,0,2,0,2,0,0,0,0
2018-09-22,BREAD,CH,0,0,0,0,0,0,0,0,0,0,0,0,0,0
2018-09-22,BREAD,SOURDOUGH,7,0,7,6,0,1,0,0,0,0,0,0,0,0
2018-09-22,BREAD,SOUR CC,2,0,2,1,0,1,0,0,0,0,0,0,0,0
2018-09-22,BREAD,SOUR CJ,0,0,0,0,0,0,0,0,0,0,0,0,0,0
2018-09-22,BREAD,SOUR RG,1,0,1,1,0,0,0,0,0,0,0,0,0,0
2018-09-22,BREAD,SOUR BORG,1,0,1,-2,0,3,0,0,0,0,0,0,0,0
2018-09-22,BREAD,Car,0,0,0,0,0,0,0,0,0,0,0,0,0,0
2018-09-22,BREAD,IHF,0,0,0,0,0,0,0,0,0,0,0,0,0,0
2018-09-22,BREAD,GW BUNS,0,0,0,0,0,0,0,0,0,0,0,0,0,0
2018-09-22,BREAD,VS BUNS,0,0,0,0,0,0,0,0,0,0,0,0,0,0
2018-09-22,BREAD,H-RLS,0,0,0,-1,0,1,0,0,0,0,0,0,0,0
2018-09-22,BREAD,FR-RLS,0,0,0,-64,63,1,0,0,0,0,0,0,0,0
2018-09-22,BREAD,VS-RLS,1,0,1,1,0,0,0,0,0,0,0,0,0,0
2018-09-22,BREAD,BLUE STRU,1,3,4,-1,0,5,0,0,0,0,0,0,0,0
2018-09-22,BREAD,CHOC CARM,0,4,4,1,0,3,0,0,0,0,0,0,0,0
2018-09-22,BREAD,Apple Crunch,0,4,4,1,0,3,0,0,0,0,0,0,0,0
2018-09-22,ROLLS,Cinnamon,0,96,96,94,2,0,0,0,0,0,0,0,0,0
2018-09-22,ROLLS,Take-N-Bake,0,0,0,0,0,0,0,0,0,0,0,0,0,0
2018-09-22,ROLLS,Mini C-Roll,0,0,0,0,0,0,0,0,0,0,0,0,0,0
2018-09-22,SCONES,Blueberry,0,42,42,39,0,3,0,0,6,6,6,0,0,0
2018-09-22,SCONES,Rasp Cream,0,0,0,0,0,0,0,0,0,0,0,0,0,0
2018-09-22,SCONES,Cherry,0,0,0,0,0,0,0,0,0,0,0,0,0,0
2018-09-22,SCONES,Butt Almond,0,26,26,26,0,0,0,0,4,4,4,0,0,0
2018-09-22,SCONES,Cin Chip,0,0,0,0,0,0,0,0,0,0,0,0,0,0
2018-09-22,SCONES,pumpkin sp,0,0,0,0,0,0,0,0,0,0,0,0,0,0
2018-09-22,SCONES,Carm Apple,0,0,0,0,0,0,0,0,0,0,0,0,0,0
2018-09-22,SCONES,c Appl Choc,0,0,0,0,0,0,0,0,0,0,0,0,0,0
2018-09-22,FRUIT BARS,Mixed Berry,0,8,8,5,0,3,0,0,0,0,0,0,0,0
2018-09-22,FRUIT BARS,Cherry,0,12,12,8,0,4,0,0,0,0,0,0,0,0
2018-09-22,FRUIT BARS,Apple Cin,0,8,8,4,0,4,0,0,0,0,0,0,0,0
2018-09-22,FRUIT BARS,MIXED FRUIT,0,12,12,12,0,0,0,0,0,0,0,0,0,0
2018-09-22,MUFFINS,BLUE STRU,0,14,14,14,0,0,0,0,3,3,2,0,0,0
2018-09-22,MUFFINS,CHOC CARM,0,14,14,12,0,2,0,0,3,3,3,0,0,0
2018-09-22,MUFFINS,Apple Crunch,0,11,11,6,0,5,0,0,3,3,2,0,0,0
2018-09-22,MUFFINS,Cookies,0,0,0,0,0,0,0,0,0,0,0,0,0,0
2018-09-22,MUFFINS,Bars,0,0,0,0,0,0,0,0,0,0,0,0,0,0
2018-09-22,MUFFINS,Oatmeal CC,14,6,20,5,10,5,0,0,0,0,0,0,0,0
2018-09-22,MUFFINS,Harv Raisin,8,0,8,7,0,1,0,0,0,0,0,0,0,0
2018-09-22,MUFFINS,Triple Choc,6,12,18,7,10,1,0,0,0,0,0,0,0,0
2018-09-22,MUFFINS,SNICKEDOODLE,1,18,19,8,8,3,0,0,0,0,0,0,0,0
2018-09-22,MUFFINS,frosted,0,6,6,6,0,0,0,0,0,0,0,0,0,0
2018-09-22,MUFFINS,Kahuna,10,0,10,-1,0,11,0,0,0,0,0,0,0,0
2018-09-22,MUFFINS,Brownies,6,0,6,1,0,5,0,0,0,0,0,0,0,0
2018-09-22,MUFFINS,Pump Bar,0,0,0,0,0,0,0,0,0,0,0,0,0,0
2018-09-22,MUFFINS,Cashew Cr,0,0,0,0,0,0,0,0,0,0,0,0,0,0
2018-09-22,MUFFINS,Totals,45,285,330,253,30,47,0,0,19,19,17,0,0,0
2018-09-23,BREAD,H,0,0,0,0,0,0,0,0,0,0,0,0,0,0
2018-09-23,BREAD,FR,0,0,0,0,0,0,0,0,0,0,0,0,0,0
2018-09-23,BREAD,GW,0,0,0,0,0,0,0,0,0,0,0,0,0,0
2018-09-23,BREAD,DK,0,0,0,0,0,0,0,0,0,0,0,0,0,0
2018-09-23,BREAD,H5,0,0,0,0,0,0,0,0,0,0,0,0,0,0
2018-09-23,BREAD,CSRWL,0,0,0,0,0,0,0,0,0,0,0,0,0,0
2018-09-23,BREAD,Apple SWRL,0,0,0,0,0,0,0,0,0,0,0,0,0,0
2018-09-23,BREAD,ApB,0,0,0,0,0,0,0,0,0,0,0,0,0,0
2018-09-23,BREAD,CNE,0,0,0,0,0,0,0,0,0,0,0,0,0,0
2018-09-23,BREAD,CNR,0,0,0,0,0,0,0,0,0,0,0,0,0,0
2018-09-23,BREAD,CNW,0,0,0,0,0,0,0,0,0,0,0,0,0,0
2018-09-23,BREAD,CG,0,0,0,0,0,0,0,0,0,0,0,0,0,0
2018-09-23,BREAD,PESTO CG,0,0,0,0,0,0,0,0,0,0,0,0,0,0
2018-09-23,BREAD,VS,0,0,0,0,0,0,0,0,0,0,0,0,0,0
2018-09-23,BREAD,CH,0,0,0,0,0,0,0,0,0,0,0,0,0,0
2018-09-23,BREAD,SOURDOUGH,0,0,0,0,0,0,0,0,0,0,0,0,0,0
2018-09-23,BREAD,SOUR CC,0,0,0,0,0,0,0,0,0,0,0,0,0,0
2018-09-23,BREAD,SOUR CJ,0,0,0,0,0,0,0,0,0,0,0,0,0,0
2018-09-23,BREAD,SOUR RG,0,0,0,0,0,0,0,0,0,0,0,0,0,0
2018-09-23,BREAD,SOUR BORG,0,0,0,0,0,0,0,0,0,0,0,0,0,0
2018-09-23,BREAD,Car,0,0,0,0,0,0,0,0,0,0,0,0,0,0
2018-09-23,BREAD,IHF,0,0,0,0,0,0,0,0,0,0,0,0,0,0
2018-09-23,BREAD,GW BUNS,0,0,0,0,0,0,0,0,0,0,0,0,0,0
2018-09-23,BREAD,VS BUNS,0,0,0,0,0,0,0,0,0,0,0,0,0,0
2018-09-23,BREAD,H-RLS,0,0,0,0,0,0,0,0,0,0,0,0,0,0
2018-09-23,BREAD,FR-RLS,0,0,0,0,0,0,0,0,0,0,0,0,0,0
2018-09-23,BREAD,VS-RLS,0,0,0,0,0,0,0,0,0,0,0,0,0,0
2018-09-23,BREAD,BLUE STRU,0,0,0,0,0,0,0,0,0,0,0,0,0,0
2018-09-23,BREAD,CHOC CARM,0,0,0,0,0,0,0,0,0,0,0,0,0,0
2018-09-23,BREAD,Apple Crunch,0,0,0,0,0,0,0,0,0,0,0,0,0,0
2018-09-23,ROLLS,Cinnamon,0,0,0,0,0,0,0,0,0,0,0,0,0,0
2018-09-23,ROLLS,Take-N-Bake,0,0,0,0,0,0,0,0,0,0,0,0,0,0
2018-09-23,ROLLS,Mini C-Roll,0,0,0,0,0,0,0,0,0,0,0,0,0,0
2018-09-23,SCONES,Blueberry,0,0,0,0,0,0,0,0,0,0,0,0,0,0
2018-09-23,SCONES,Rasp Cream,0,0,0,0,0,0,0,0,0,0,0,0,0,0
2018-09-23,SCONES,Cherry,0,0,0,0,0,0,0,0,0,0,0,0,0,0
2018-09-23,SCONES,Butt Almond,0,0,0,0,0,0,0,0,0,0,0,0,0,0
2018-09-23,SCONES,Cin Chip,0,0,0,0,0,0,0,0,0,0,0,0,0,0
2018-09-23,SCONES,pumpkin sp,0,0,0,0,0,0,0,0,0,0,0,0,0,0
2018-09-23,SCONES,Carm Apple,0,0,0,0,0,0,0,0,0,0,0,0,0,0
2018-09-23,SCONES,c Appl Choc,0,0,0,0,0,0,0,0,0,0,0,0,0,0
2018-09-23,FRUIT BARS,Mixed Berry,0,0,0,0,0,0,0,0,0,0,0,0,0,0
2018-09-23,FRUIT BARS,Cherry,0,0,0,0,0,0,0,0,0,0,0,0,0,0
2018-09-23,FRUIT BARS,Apple Cin,0,0,0,0,0,0,0,0,0,0,0,0,0,0
2018-09-23,FRUIT BARS,MIXED FRUIT,0,0,0,0,0,0,0,0,0,0,0,0,0,0
2018-09-23,MUFFINS,BLUE STRU,0,0,0,0,0,0,0,0,0,0,0,0,0,0
2018-09-23,MUFFINS,CHOC CARM,0,0,0,0,0,0,0,0,0,0,0,0,0,0
2018-09-23,MUFFINS,Apple Crunch,0,0,0,0,0,0,0,0,0,0,0,0,0,0
2018-09-23,MUFFINS,Cookies,0,0,0,0,0,0,0,0,0,0,0,0,0,0
2018-09-23,MUFFINS,Bars,0,0,0,0,0,0,0,0,0,0,0,0,0,0
2018-09-23,MUFFINS,Oatmeal CC,0,0,0,0,0,0,0,0,0,0,0,0,0,0
2018-09-23,MUFFINS,Harv Raisin,0,0,0,0,0,0,0,0,0,0,0,0,0,0
2018-09-23,MUFFINS,Triple Choc,0,0,0,0,0,0,0,0,0,0,0,0,0,0
2018-09-23,MUFFINS,SNICKEDOODLE,0,0,0,0,0,0,0,0,0,0,0,0,0,0
2018-09-23,MUFFINS,frosted,0,0,0,0,0,0,0,0,0,0,0,0,0,0
2018-09-23,MUFFINS,Kahuna,0,0,0,0,0,0,0,0,0,0,0,0,0,0
2018-09-23,MUFFINS,Brownies,0,0,0,0,0,0,0,0,0,0,0,0,0,0
2018-09-23,MUFFINS,Pump Bar,0,0,0,0,0,0,0,0,0,0,0,0,0,0
2018-09-23,MUFFINS,Cashew Cr,0,0,0,0,0,0,0,0,0,0,0,0,0,0
2018-09-23,MUFFINS,Totals,0,0,0,0,0,0,0,0,0,0,0,0,0,0
2018-09-24,BREAD,H,0,32,32,21,0,0,11,0,0,0,0,0,0,0
2018-09-24,BREAD,FR,0,29,29,11,0,0,18,0,0,0,0,0,0,0
2018-09-24,BREAD,GW,0,15,15,10,0,0,5,0,0,0,0,0,0,0
2018-09-24,BREAD,DK,0,27,27,10,0,0,17,0,0,0,0,0,0,0
2018-09-24,BREAD,H5,0,0,0,0,0,0,0,0,0,0,0,0,0,0
2018-09-24,BREAD,CSRWL,0,16,16,5,2,0,9,0,3,3,0,0,0,3
2018-09-24,BREAD,Apple SWRL,0,12,12,6,0,0,6,0,2,2,1,0,0,1
2018-09-24,BREAD,ApB,0,0,0,0,0,0,0,0,0,0,0,0,0,0
2018-09-24,BREAD,CNE,0,10,10,4,0,0,6,0,3,3,0,0,0,3
2018-09-24,BREAD,CNR,0,4,4,0,0,0,4,0,0,0,0,0,0,0
2018-09-24,BREAD,CNW,0,4,4,0,0,0,0,0,0,0,0,0,0,0
2018-09-24,BREAD,CG,0,0,0,0,0,0,0,0,0,0,-2,0,0,2
2018-09-24,BREAD,PESTO CG,0,0,0,0,0,0,0,0,0,0,0,0,0,0
2018-09-24,BREAD,VS,0,0,0,0,0,0,0,0,0,0,0,0,0,0
2018-09-24,BREAD,CH,0,0,0,0,0,0,0,0,0,0,0,0,0,0
2018-09-24,BREAD,SOURDOUGH,0,5,5,2,0,0,3,0,0,0,0,0,0,0
2018-09-24,BREAD,SOUR CC,0,4,4,3,0,0,1,0,0,0,0,0,0,0
2018-09-24,BREAD,SOUR CJ,0,3,3,0,0,0,3,0,0,0,0,0,0,0
2018-09-24,BREAD,SOUR RG,0,3,3,2,0,0,1,0,0,0,0,0,0,0
2018-09-24,BREAD,SOUR BORG,0,0,0,0,0,0,0,0,0,0,0,0,0,0
2018-09-24,BREAD,Car,0,12,12,12,0,0,0,0,0,0,0,0,0,0
2018-09-24,BREAD,IHF,0,0,0,0,0,0,0,0,0,0,0,0,0,0
2018-09-24,BREAD,GW BUNS,0,0,0,0,0,0,0,0,0,0,0,0,0,0
2018-09-24,BREAD,VS BUNS,0,0,0,0,0,0,0,0,0,0,0,0,0,0
2018-09-24,BREAD,H-RLS,0,3,3,0,0,0,3,0,0,0,0,0,0,0
2018-09-24,BREAD,FR-RLS,0,3,3,1,0,0,2,0,0,0,0,0,0,0
2018-09-24,BREAD,VS-RLS,0,0,0,0,0,0,0,0,0,0,0,0,0,0
2018-09-24,BREAD,BLUE STRU,0,6,6,4,2,0,0,0,0,0,0,0,0,0
2018-09-24,BREAD,CHOC CARM,0,4,4,2,0,0,2,0,0,0,0,0,0,0
2018-09-24,BREAD,Apple Crunch,0,4,4,1,0,0,3,0,0,0,0,0,0,0
2018-09-24,ROLLS,Cinnamon,0,24,24,21,0,3,0,0,0,0,0,0,0,0
2018-09-24,ROLLS,Take-N-Bake,0,0,0,0,0,0,0,0,0,0,0,0,0,0
2018-09-24,ROLLS,Mini C-Roll,0,48,48,0,48,0,0,0,0,0,0,0,0,0
2018-09-24,SCONES,Blueberry,0,0,0,0,0,0,0,0,0,0,0,0,0,0
2018-09-24,SCONES,Rasp Cream,0,15,15,14,0,1,0,0,7,7,2,0,0,0
2018-09-24,SCONES,Cherry,0,0,0,0,0,0,0,0,0,0,0,0,0,0
2018-09-24,SCONES,RAISIN,0,0,0,0,0,0,0,0,24,24,0,0,0,0
2018-09-24,SCONES,Cin Chip,0,0,0,-8,0,8,0,0,0,0,0,0,0,0
2018-09-24,SCONES,pumpkin sp,0,14,14,14,0,0,0,0,7,7,2,0,0,0
2018-09-24,SCONES,Carm Apple,0,0,0,0,0,0,0,0,0,0,0,0,0,0
2018-09-24,SCONES,c Appl Choc,0,0,0,0,0,0,0,0,0,0,0,0,0,0
2018-09-24,FRUIT BARS,Mixed Berry,0,8,8,3,2,3,0,0,0,0,0,0,0,0
2018-09-24,FRUIT BARS,Cherry,0,12,12,0,2,10,0,0,0,0,0,0,0,0
2018-09-24,FRUIT BARS,Apple Cin,0,0,0,0,0,0,0,0,0,0,0,0,0,0
2018-09-24,FRUIT BARS,MIXED FRUIT,0,0,0,0,0,0,0,0,0,0,0,0,0,0
2018-09-24,MUFFINS,BLUE STRU,0,7,7,5,0,2,0,0,1,1,1,0,0,0
2018-09-24,MUFFINS,CHOC CARM,0,7,7,5,0,2,0,0,6,6,0,0,0,0
2018-09-24,MUFFINS,Apple Crunch,0,7,7,4,0,3,0,0,6,6,1,0,0,0
2018-09-24,MUFFINS,Cookies,0,0,0,0,0,0,0,0,0,0,0,0,0,0
2018-09-24,MUFFINS,Bars,0,0,0,0,0,0,0,0,0,0,0,0,0,0
2018-09-24,MUFFINS,Oatmeal CC,0,30,30,14,9,0,7,0,0,0,0,0,0,0
2018-09-24,MUFFINS,Harv Raisin,0,18,18,4,0,0,14,0,0,0,0,0,0,0
2018-09-24,MUFFINS,Triple Choc,0,31,31,14,8,0,9,0,0,0,0,0,0,0
2018-09-24,MUFFINS,SNICKEDOODLE,0,30,30,15,8,0,7,0,0,0,0,0,0,0
2018-09-24,MUFFINS,frosted,0,12,12,12,0,0,0,0,0,0,0,0,0,0
2018-09-24,MUFFINS,Kahuna,0,0,0,0,0,0,0,0,0,0,0,0,0,0
2018-09-24,MUFFINS,Brownies,0,0,0,0,0,0,0,0,0,0,0,0,0,0
2018-09-24,MUFFINS,Pump Bar,0,0,0,0,0,0,0,0,0,0,0,0,0,0
2018-09-24,MUFFINS,Cashew Cr,0,0,0,0,0,0,0,0,0,0,0,0,0,0
2018-09-24,MUFFINS,Totals,0,263,263,117,77,32,37,0,51,51,6,0,0,0
2018-09-25,BREAD,H,11,29,40,15,0,0,25,0,0,0,0,0,0,0
2018-09-25,BREAD,FR,18,31,49,12,20,0,17,0,0,0,0,0,0,0
2018-09-25,BREAD,GW,5,7,12,3,0,2,7,0,0,0,0,0,0,0
2018-09-25,BREAD,DK,17,0,17,12,0,0,5,0,0,0,0,0,0,0
2018-09-25,BREAD,H5,0,19,19,8,1,0,10,0,0,0,0,0,0,0
2018-09-25,BREAD,CSRWL,9,8,17,8,1,5,3,3,0,3,0,0,0,0
2018-09-25,BREAD,Apple SWRL,6,8,14,8,0,1,5,1,2,3,1,0,0,2
2018-09-25,BREAD,ApB,0,19,19,8,1,0,10,0,4,4,2,0,0,2
2018-09-25,BREAD,CNE,6,0,6,2,0,4,0,3,0,3,0,0,0,0
2018-09-25,BREAD,CNR,4,0,4,1,0,3,0,0,0,0,0,0,0,0
2018-09-25,BREAD,CNW,0,0,0,0,0,0,0,0,0,0,0,0,0,0
2018-09-25,BREAD,CG,0,0,0,0,0,0,0,2,0,2,2,0,0,0
2018-09-25,BREAD,PESTO CG,0,0,0,0,0,0,0,0,0,0,0,0,0,0
2018-09-25,BREAD,VS,0,20,20,5,3,0,12,0,3,3,2,0,0,1
2018-09-25,BREAD,CH,0,8,8,1,0,0,7,0,2,2,1,0,0,1
2018-09-25,BREAD,SOURDOUGH,3,0,3,3,0,0,0,0,0,0,0,0,0,0
2018-09-25,BREAD,SOUR CC,1,0,1,1,0,0,0,0,0,0,0,0,0,0
2018-09-25,BREAD,SOUR CJ,3,0,3,0,0,3,0,0,0,0,0,0,0,0
2018-09-25,BREAD,SOUR RG,1,0,1,1,0,0,0,0,0,0,0,0,0,0
2018-09-25,BREAD,SOUR BORG,0,0,0,0,0,0,0,0,0,0,0,0,0,0
2018-09-25,BREAD,Car,0,0,0,-2,0,2,0,0,0,0,0,0,0,0
2018-09-25,BREAD,IHF,0,0,0,0,0,0,0,0,0,0,0,0,0,0
2018-09-25,BREAD,GW BUNS,0,0,0,0,0,0,0,0,0,0,0,0,0,0
2018-09-25,BREAD,VS BUNS,0,0,0,0,0,0,0,0,0,0,0,0,0,0
2018-09-25,BREAD,GF,0,52,52,52,0,0,0,0,0,0,0,0,0,0
2018-09-25,BREAD,H-RLS,3,2,5,0,0,3,2,0,0,0,0,0,0,0
2018-09-25,BREAD,FR-RLS,2,3,5,0,0,2,3,0,0,0,0,0,0,0
2018-09-25,BREAD,VS-RLS,0,4,4,4,0,0,0,0,0,0,0,0,0,0
2018-09-25,BREAD,BLUE STRU,0,7,7,0,2,0,5,0,0,0,0,0,0,0
2018-09-25,BREAD,CHOC CARM,2,1,3,1,0,1,1,0,0,0,0,0,0,0
2018-09-25,BREAD,Apple Crunch,3,2,5,4,0,0,1,0,0,0,0,0,0,0
2018-09-25,BREAD,Pump Cr,0,2,2,2,0,0,0,0,0,0,0,0,0,0
2018-09-25,BREAD,Pump Ch,0,3,3,1,0,0,2,0,0,0,0,0,0,0
2018-09-25,ROLLS,Cinnamon,0,24,24,22,0,2,0,0,0,0,0,0,0,0
2018-09-25,ROLLS,Take-N-Bake,0,0,0,0,0,0,0,0,0,0,0,0,0,0
2018-09-25,ROLLS,Mini C-Roll,0,72,72,0,72,0,0,0,0,0,0,0,0,0
2018-09-25,SCONES,Blueberry,0,22,22,10,0,12,0,0,8,8,2,0,0,0
2018-09-25,SCONES,Rasp Cream,0,0,0,0,0,0,0,0,0,0,0,0,0,0
2018-09-25,SCONES,Cherry,0,0,0,0,0,0,0,0,0,0,0,0,0,0
2018-09-25,SCONES,Butt Almond,0,0,0,0,0,0,0,0,0,0,0,0,0,0
2018-09-25,SCONES,Cin Chip,0,0,0,0,0,0,0,0,0,0,0,0,0,0
2018-09-25,SCONES,pumpkin sp,0,0,0,0,0,0,0,0,0,0,0,0,0,0
2018-09-25,SCONES,Carm Apple,0,18,18,5,4,9,0,0,7,7,0,0,0,0
2018-09-25,SCONES,c Appl Choc,0,10,10,5,0,5,0,0,2,2,0,0,0,0
2018-09-25,FRUIT BARS,Mixed Berry,0,0,0,0,0,0,0,0,0,0,0,0,0,0
2018-09-25,FRUIT BARS,Cherry,0,0,0,0,0,0,0,0,0,0,0,0,0,0
2018-09-25,FRUIT BARS,Apple Cin,0,12,12,3,3,6,0,0,0,0,0,0,0,0
2018-09-25,FRUIT BARS,MIXED FRUIT,0,8,8,6,2,0,0,0,0,0,0,0,0,0
2018-09-25,MUFFINS,BLUE STRU,0,7,7,4,0,3,0,0,2,2,0,0,0,0
2018-09-25,MUFFINS,CHOC CARM,0,7,7,7,0,0,0,0,8,8,1,0,0,0
2018-09-25,MUFFINS,Apple Crunch,0,7,7,2,0,5,0,0,7,7,1,0,0,0
2018-09-25,MUFFINS,Pump Choc,0,3,3,3,0,0,0,0,0,0,0,0,0,0
2018-09-25,MUFFINS,Pump Crumb,0,3,3,3,0,0,0,0,0,0,0,0,0,0
2018-09-25,MUFFINS,Cookies,0,0,0,0,0,0,0,0,0,0,0,0,0,0
2018-09-25,MUFFINS,Bars,0,0,0,0,0,0,0,0,0,0,0,0,0,0
2018-09-25,MUFFINS,Oatmeal CC,7,36,43,12,24,0,7,0,0,0,0,0,0,0
2018-09-25,MUFFINS,Harv Raisin,14,0,14,2,0,12,0,0,0,0,0,0,0,0
2018-09-25,MUFFINS,Triple Choc,9,36,45,15,26,1,3,0,0,0,0,0,0,0
2018-09-25,MUFFINS,SNICKEDOODLE,7,30,37,14,20,0,3,0,0,0,0,0,0,0
2018-09-25,MUFFINS,frosted,0,12,12,3,0,0,9,0,0,0,0,0,0,0
2018-09-25,MUFFINS,Kahuna,0,0,0,0,0,0,0,0,0,0,0,0,0,0
2018-09-25,MUFFINS,Brownies,0,20,20,1,0,0,19,0,0,0,0,0,0,0
2018-09-25,MUFFINS,Pump Bar,0,0,0,0,0,0,0,0,0,0,0,0,0,0
2018-09-25,MUFFINS,Cashew Cr,0,0,0,0,0,0,0,0,0,0,0,0,0,0
2018-09-25,MUFFINS,Totals,37,327,364,117,151,55,41,0,34,34,4,0,0,0
2018-09-26,BREAD,H,25,44,69,42,12,0,15,0,0,0,0,0,0,0
2018-09-26,BREAD,FR,17,24,41,29,0,0,12,0,0,0,0,0,0,0
2018-09-26,BREAD,GW,7,24,31,20,0,0,11,0,0,0,0,0,0,0
2018-09-26,BREAD,DK,5,35,40,27,1,0,12,0,0,0,0,0,0,0
2018-09-26,BREAD,H5,10,0,10,7,0,0,3,0,0,0,0,0,0,0
2018-09-26,BREAD,CSRWL,3,16,19,16,0,0,3,0,4,4,3,0,0,1
2018-09-26,BREAD,Apple SWRL,5,12,17,14,0,0,3,2,2,4,2,0,0,0
2018-09-26,BREAD,ApB,10,0,10,5,0,5,0,2,0,2,1,0,0,0
2018-09-26,BREAD,CNE,0,20,20,19,0,0,1,0,5,5,2,0,0,3
2018-09-26,BREAD,CNR,0,10,10,7,0,0,3,0,0,0,0,0,0,0
2018-09-26,BREAD,CNW,0,12,12,7,4,0,1,0,0,0,0,0,0,0
2018-09-26,BREAD,CG,0,15,15,10,0,0,5,0,3,3,3,0,0,0
2018-09-26,BREAD,PESTO CG,0,8,8,7,0,0,1,0,0,0,0,0,0,0
2018-09-26,BREAD,VS,12,0,12,12,0,0,0,1,0,1,1,0,0,0
2018-09-26,BREAD,CH,7,0,7,7,0,0,0,1,0,1,0,0,0,0
2018-09-26,BREAD,SOURDOUGH,0,10,10,8,0,0,2,0,0,0,0,0,0,0
2018-09-26,BREAD,SOUR CC,0,5,5,1,0,0,4,0,0,0,0,0,0,0
2018-09-26,BREAD,SOUR CJ,0,3,3,1,0,0,2,0,0,0,0,0,0,0
2018-09-26,BREAD,SOUR RG,0,8,8,4,0,0,4,0,0,0,0,0,0,0
2018-09-26,BREAD,SOUR BORG,0,5,5,3,0,0,2,0,0,0,0,0,0,0
2018-09-26,BREAD,Car,0,0,0,0,0,0,0,0,0,0,0,0,0,0
2018-09-26,BREAD,IHF,0,0,0,0,0,0,0,0,0,0,0,0,0,0
2018-09-26,BREAD,GW BUNS,0,0,0,0,0,0,0,0,0,0,0,0,0,0
2018-09-26,BREAD,VS BUNS,0,0,0,0,0,0,0,0,0,0,0,0,0,0
2018-09-26,BREAD,H-RLS,2,7,9,7,2,0,0,0,0,0,0,0,0,0
2018-09-26,BREAD,FR-RLS,3,5,8,6,0,2,0,0,0,0,0,0,0,0
2018-09-26,BREAD,VS-RLS,0,0,0,0,0,0,0,0,0,0,0,0,0,0
2018-09-26,BREAD,BLUE STRU,5,3,8,1,1,4,2,0,0,0,0,0,0,0
2018-09-26,BREAD,Choc Carm,1,0,1,1,0,0,0,0,0,0,0,0,0,0
2018-09-26,BREAD,Apple Crunch,1,6,7,2,0,0,5,0,0,0,0,0,0,0
2018-09-26,BREAD,Pump Crumb,0,5,5,5,0,0,0,0,0,0,0,0,0,0
2018-09-26,BREAD,Pump Choc,2,7,9,4,0,0,5,0,0,0,0,0,0,0
2018-09-26,ROLLS,Cinnamon,0,60,60,58,0,2,0,0,0,0,0,0,0,0
2018-09-26,ROLLS,Take-N-Bake,0,0,0,0,0,0,0,0,0,0,0,0,0,0
2018-09-26,ROLLS,Mini C-Roll,0,0,0,0,0,0,0,0,0,0,0,0,0,0
2018-09-26,SCONES,Blueberry,0,0,0,0,0,0,0,0,0,0,0,0,0,0
2018-09-26,SCONES,Rasp Cream,0,36,36,26,4,6,0,0,4,4,1,0,0,0
2018-09-26,SCONES,Cherry,0,0,0,0,0,0,0,0,0,0,0,0,0,0
2018-09-26,SCONES,Butt Almond,0,0,0,0,0,0,0,0,0,0,0,0,0,0
2018-09-26,SCONES,Cin Chip,0,18,18,18,0,0,0,0,3,3,0,0,0,0
2018-09-26,SCONES,pumpkin sp,0,0,0,0,0,0,0,0,0,0,0,0,0,0
2018-09-26,SCONES,Carm Apple,0,0,0,0,0,0,0,0,0,0,0,0,0,0
2018-09-26,SCONES,c Appl Choc,0,0,0,0,0,0,0,0,0,0,0,0,0,0
2018-09-26,FRUIT BARS,Mixed Berry,0,8,8,3,1,4,0,0,0,0,0,0,0,0
2018-09-26,FRUIT BARS,Cherry,0,12,12,9,2,1,0,0,0,0,0,0,0,0
2018-09-26,FRUIT BARS,Apple Cin,0,0,0,0,0,0,0,0,0,0,0,0,0,0
2018-09-26,FRUIT BARS,MIXED FRUIT,0,0,0,0,0,0,0,0,0,0,0,0,0,0
2018-09-26,MUFFINS,BLUE STRU,0,9,9,9,0,0,0,0,2,2,2,0,0,0
2018-09-26,MUFFINS,Pump Choc,0,12,12,12,0,0,0,0,4,4,2,0,0,0
2018-09-26,MUFFINS,Apple Crunch,0,8,8,3,0,5,0,0,4,4,2,0,0,0
2018-09-26,MUFFINS,Pump Crumb,0,10,10,2,0,8,0,0,2,2,1,0,0,0
2018-09-26,COOKIES/BARS,Oatmeal CC,7,24,31,19,0,2,10,0,0,0,0,0,0,0
2018-09-26,COOKIES/BARS,Harv Raisin,0,18,18,3,0,0,15,0,0,0,0,0,0,0
2018-09-26,COOKIES/BARS,Triple Choc,3,24,27,16,0,1,10,0,0,0,0,0,0,0
2018-09-26,COOKIES/BARS,SNICKEDOODLE,3,24,27,22,0,0,5,0,0,0,0,0,0,0
2018-09-26,COOKIES/BARS,frosted,9,42,51,51,0,0,0,0,0,0,0,0,0,0
2018-09-26,COOKIES/BARS,Kahuna,0,20,20,4,0,0,16,0,0,0,0,0,0,0
2018-09-26,COOKIES/BARS,Brownies,19,0,19,14,0,5,0,0,0,0,0,0,0,0
2018-09-26,COOKIES/BARS,Pump Bar,0,0,0,0,0,0,0,0,0,0,0,0,0,0
2018-09-26,COOKIES/BARS,Cashew Cr,0,0,0,0,0,0,0,0,0,0,0,0,0,0
2018-09-26,COOKIES/BARS,Totals,41,325,366,269,7,34,56,0,19,19,8,0,0,0
2018-09-27,BREAD,H,15,33,48,9,6,0,33,0,0,0,0,0,0,0
2018-09-27,BREAD,FR,12,35,47,0,25,0,22,0,0,0,0,0,0,0
2018-09-27,BREAD,GW,11,0,11,0,0,11,0,0,0,0,0,0,0,0
2018-09-27,BREAD,DK,12,0,12,3,0,0,9,0,0,0,0,0,0,0
2018-09-27,BREAD,H5,3,22,25,7,0,0,18,0,0,0,0,0,0,0
2018-09-27,BREAD,CSRWL,3,16,19,2,0,5,12,1,1,2,2,0,0,0
2018-09-27,BREAD,Apple SWRL,3,6,9,2,0,2,5,0,1,1,0,0,0,0
2018-09-27,BREAD,ApB,0,13,13,3,0,0,10,0,3,3,1,0,0,2
2018-09-27,BREAD,CNE,1,0,1,0,0,1,0,3,0,3,3,0,0,0
2018-09-27,BREAD,CNR,3,0,3,0,0,3,0,0,0,0,0,0,0,0
2018-09-27,BREAD,CNW,1,0,1,1,0,0,0,0,0,0,0,0,0,0
2018-09-27,BREAD,CG,5,0,5,2,0,3,0,0,0,0,0,0,0,0
2018-09-27,BREAD,PESTO CG,1,0,1,0,0,1,0,0,0,0,0,0,0,0
2018-09-27,BREAD,VS,0,11,11,0,0,0,11,0,3,3,2,0,0,1
2018-09-27,BREAD,CH,0,5,5,0,0,0,5,0,3,3,0,0,0,3
2018-09-27,BREAD,SOURDOUGH,2,0,2,2,0,0,0,0,0,0,0,0,0,0
2018-09-27,BREAD,SOUR CC,4,0,4,2,0,0,2,0,0,0,0,0,0,0
2018-09-27,BREAD,SOUR CJ,2,0,2,0,0,0,2,0,0,0,0,0,0,0
2018-09-27,BREAD,SOUR RG,4,0,4,3,0,0,1,0,0,0,0,0,0,0
2018-09-27,BREAD,SOUR BORG,2,0,2,2,0,0,0,0,0,0,0,0,0,0
2018-09-27,BREAD,Car,0,0,0,0,0,0,0,0,0,0,0,0,0,0
2018-09-27,BREAD,IHF,0,0,0,0,0,0,0,0,0,0,0,0,0,0
2018-09-27,BREAD,GW BUNS,0,0,0,0,0,0,0,0,0,0,0,0,0,0
2018-09-27,BREAD,VS BUNS,0,0,0,0,0,0,0,0,0,0,0,0,0,0
2018-09-27,BREAD,H-RLS,0,4,4,0,0,0,4,0,0,0,0,0,0,0
2018-09-27,BREAD,FR-RLS,0,2,2,0,0,0,2,0,0,0,0,0,0,0
2018-09-27,BREAD,VS-RLS,0,3,3,1,0,0,2,0,0,0,0,0,0,0
2018-09-27,BREAD,BLUE STRU,2,9,11,5,3,0,3,0,0,0,0,0,0,0
2018-09-27,BREAD,Pump Choc,0,8,8,3,0,0,5,0,0,0,0,0,0,0
2018-09-27,BREAD,Apple Crunch,5,3,8,6,0,1,1,0,0,0,0,0,0,0
2018-09-27,BREAD,Pump Crumb,5,4,9,2,2,0,5,0,0,0,0,0,0,0
2018-09-27,ROLLS,Cinnamon,0,252,252,246,1,5,0,0,0,0,0,0,0,0
2018-09-27,ROLLS,Take-N-Bake,0,0,0,0,0,0,0,0,0,0,0,0,0,0
2018-09-27,ROLLS,Mini C-Roll,0,0,0,0,0,0,0,0,0,0,0,0,0,0
2018-09-27,SCONES,Blueberry,0,42,42,37,0,5,0,0,6,6,6,0,0,0
2018-09-27,SCONES,Rasp Cream,0,0,0,0,0,0,0,0,0,0,0,0,0,0
2018-09-27,SCONES,Cherry,0,0,0,0,0,0,0,0,0,0,0,0,0,0
2018-09-27,SCONES,Butt Almond,0,0,0,0,0,0,0,0,0,0,0,0,0,0
2018-09-27,SCONES,Cin Chip,0,0,0,0,0,0,0,0,0,0,0,0,0,0
2018-09-27,SCONES,pumpkin sp,0,36,36,28,0,8,0,0,6,6,6,0,0,0
2018-09-27,SCONES,Carm Apple,0,10,10,8,0,2,0,0,2,2,2,0,0,0
2018-09-27,SCONES,c Appl Choc,0,26,26,20,0,6,0,0,6,6,6,0,0,0
2018-09-27,FRUIT BARS,Mixed Berry,0,8,8,4,3,1,0,0,0,0,0,0,0,0
2018-09-27,FRUIT BARS,Cherry,0,12,12,7,4,1,0,0,0,0,0,0,0,0
2018-09-27,FRUIT BARS,Apple Cin,0,12,12,6,5,1,0,0,0,0,0,0,0,0
2018-09-27,FRUIT BARS,MIXED FRUIT,0,8,8,5,3,0,0,0,0,0,0,0,0,0
2018-09-27,MUFFINS,BLUE STRU,0,16,16,14,0,2,0,0,5,5,5,0,0,0
2018-09-27,MUFFINS,Pump Choc,0,16,16,14,0,2,0,0,4,4,4,0,0,0
2018-09-27,MUFFINS,Apple Crunch,0,12,12,8,0,4,0,0,4,4,2,0,0,0
2018-09-27,MUFFINS,Pump Crumb,0,14,14,12,0,2,0,0,4,4,3,0,0,0
2018-09-27,MUFFINS,Cookies,0,0,0,0,0,0,0,0,0,0,0,0,0,0
2018-09-27,MUFFINS,Bars,0,0,0,0,0,0,0,0,0,0,0,0,0,0
2018-09-27,MUFFINS,Oatmeal CC,10,54,64,26,20,1,17,0,24,24,0,0,0,0
2018-09-27,MUFFINS,Harv Raisin,15,12,27,17,0,4,6,0,0,0,0,0,0,0
2018-09-27,MUFFINS,Triple Choc,10,60,70,42,21,0,7,0,24,24,0,0,0,0
2018-09-27,MUFFINS,SNICKEDOODLE,5,60,65,34,19,0,12,0,24,24,0,0,0,0
2018-09-27,MUFFINS,frosted,0,12,12,9,0,0,3,0,0,0,0,0,0,0
2018-09-27,MUFFINS,Kahuna,16,0,16,16,0,0,0,0,0,0,0,0,0,0
2018-09-27,MUFFINS,Brownies,0,20,20,4,16,0,0,0,0,0,0,0,0,0
2018-09-27,MUFFINS,Pump Bar,0,20,20,20,0,0,0,0,0,0,0,0,0,0
2018-09-27,MUFFINS,Cashew Cr,0,0,0,0,0,0,0,0,0,0,0,0,0,0
2018-09-27,MUFFINS,Totals,56,702,758,577,92,44,45,0,109,109,34,0,0,0
2018-09-28,BREAD,H,33,18,51,21,0,0,30,0,0,0,0,0,0,0
2018-09-28,BREAD,FR,22,26,48,19,0,0,29,0,0,0,0,0,0,0
2018-09-28,BREAD,GW,0,12,12,8,0,0,4,0,0,0,0,0,0,0
2018-09-28,BREAD,DK,9,19,28,19,0,0,9,0,0,0,0,0,0,0
2018-09-28,BREAD,H5,18,0,18,10,0,0,8,0,0,0,0,0,0,0
2018-09-28,BREAD,CSRWL,12,12,24,13,0,5,6,0,4,4,2,0,0,2
2018-09-28,BREAD,Apple SWRL,5,12,17,10,0,1,6,0,4,4,2,0,0,2
2018-09-28,BREAD,ApB,10,0,10,7,0,3,0,2,0,2,2,0,0,0
2018-09-28,BREAD,CNE,0,26,26,14,0,0,12,0,4,4,1,0,0,3
2018-09-28,BREAD,CNR,0,8,8,4,0,0,4,0,0,0,0,0,0,0
2018-09-28,BREAD,CNW,0,10,10,7,2,0,1,0,0,0,0,0,0,0
2018-09-28,BREAD,CG,0,13,13,12,0,0,1,0,3,3,2,0,0,1
2018-09-28,BREAD,PESTO CG,0,3,3,0,0,0,3,0,0,0,0,0,0,0
2018-09-28,BREAD,VS,11,8,19,9,0,5,5,1,3,4,3,0,0,0
2018-09-28,BREAD,CH,5,0,5,5,0,0,0,3,0,3,3,0,0,0
2018-09-28,BREAD,SOURDOUGH,0,13,13,6,0,0,7,0,0,0,0,0,0,0
2018-09-28,BREAD,SOUR CC,2,5,7,4,0,0,3,0,0,0,0,0,0,0
2018-09-28,BREAD,SOUR CJ,2,4,6,5,0,0,1,0,0,0,0,0,0,0
2018-09-28,BREAD,SOUR RG,1,5,6,5,0,0,1,0,0,0,0,0,0,0
2018-09-28,BREAD,SOUR BORG,0,4,4,2,0,0,2,0,0,0,0,0,0,0
2018-09-28,BREAD,Car,0,0,0,0,0,0,0,0,0,0,0,0,0,0
2018-09-28,BREAD,IHF,0,0,0,0,0,0,0,0,0,0,0,0,0,0
2018-09-28,BREAD,GW BUNS,0,0,0,0,0,0,0,0,0,0,0,0,0,0
2018-09-28,BREAD,VS BUNS,0,0,0,0,0,0,0,0,0,0,0,0,0,0
2018-09-28,BREAD,H-RLS,4,6,10,3,2,3,2,0,0,0,0,0,0,0
2018-09-28,BREAD,FR-RLS,2,4,6,4,2,0,0,0,0,0,0,0,0,0
2018-09-28,BREAD,VS-RLS,2,5,7,3,4,0,0,0,0,0,0,0,0,0
2018-09-28,BREAD,BLUE STRU,3,4,7,3,0,1,3,0,0,0,0,0,0,0
2018-09-28,BREAD,Pump Choc,5,3,8,8,0,0,0,0,0,0,0,0,0,0
2018-09-28,BREAD,Apple Crunch,1,6,7,7,0,0,0,0,0,0,0,0,0,0
2018-09-28,BREAD,Pump Crumb,5,0,5,5,0,0,0,0,0,0,0,0,0,0
2018-09-28,ROLLS,Cinnamon,0,36,36,34,0,2,0,0,0,0,0,0,0,0
2018-09-28,ROLLS,Take-N-Bake,0,0,0,0,0,0,0,0,0,0,0,0,0,0
2018-09-28,ROLLS,Mini C-Roll,0,0,0,0,0,0,0,0,0,0,0,0,0,0
2018-09-28,SCONES,Blueberry,0,0,0,0,0,0,0,0,0,0,0,0,0,0
2018-09-28,SCONES,Rasp Cream,0,0,0,0,0,0,0,0,0,0,0,0,0,0
2018-09-28,SCONES,Cherry,0,16,16,4,0,12,0,0,3,3,3,0,0,0
2018-09-28,SCONES,Butt Almond,0,16,16,14,0,2,0,0,2,2,1,0,0,0
2018-09-28,SCONES,Cin Chip,0,0,0,0,0,0,0,0,0,0,0,0,0,0
2018-09-28,SCONES,pumpkin sp,0,14,14,13,0,1,0,0,2,2,2,0,0,0
2018-09-28,SCONES,Carm Apple,0,0,0,0,0,0,0,0,0,0,0,0,0,0
2018-09-28,SCONES,c Appl Choc,0,0,0,0,0,0,0,0,0,0,0,0,0,0
2018-09-28,FRUIT BARS,Mixed Berry,0,8,8,7,0,1,0,0,0,0,0,0,0,0
2018-09-28,FRUIT BARS,Cherry,0,12,12,10,0,2,0,0,0,0,0,0,0,0
2018-09-28,FRUIT BARS,Apple Cin,0,0,0,0,0,0,0,0,0,0,0,0,0,0
2018-09-28,FRUIT BARS,MIXED FRUIT,0,0,0,0,0,0,0,0,0,0,0,0,0,0
2018-09-28,MUFFINS,BLUE STRU,0,8,8,7,0,1,0,0,2,2,1,0,0,0
2018-09-28,MUFFINS,Pump Choc,0,8,8,8,0,0,0,0,2,2,1,0,0,0
2018-09-28,MUFFINS,Apple Crunch,0,8,8,4,0,4,0,0,2,2,0,0,0,0
2018-09-28,MUFFINS,Pump Crumb,0,6,6,5,0,1,0,0,2,2,1,0,0,0
2018-09-28,MUFFINS,Cookies,0,0,0,0,0,0,0,0,0,0,0,0,0,0
2018-09-28,MUFFINS,Bars,0,0,0,0,0,0,0,0,0,0,0,0,0,0
2018-09-28,MUFFINS,Oatmeal CC,17,6,23,23,0,0,0,0,124,124,0,0,0,0
2018-09-28,MUFFINS,Harv Raisin,6,18,24,7,0,6,11,0,0,0,0,0,0,0
2018-09-28,MUFFINS,Triple Choc,7,18,25,24,0,0,1,0,124,124,0,0,0,0
2018-09-28,MUFFINS,SNICKEDOODLE,12,12,24,23,0,0,1,0,124,124,0,0,0,0
2018-09-28,MUFFINS,frosted,3,24,27,18,0,0,9,0,0,0,0,0,0,0
2018-09-28,MUFFINS,Kahuna,0,0,0,0,0,0,0,0,0,0,0,0,0,0
2018-09-28,MUFFINS,Brownies,0,20,20,16,0,0,4,0,0,0,0,0,0,0
2018-09-28,MUFFINS,Pump Bar,0,20,20,18,0,0,2,0,0,0,0,0,0,0
2018-09-28,MUFFINS,Cashew Cr,0,0,0,0,0,0,0,0,0,0,0,0,0,0
2018-09-28,MUFFINS,Totals,0,250,295,235,0,32,28,0,387,387,9,0,0,0
2018-09-29,BREAD,H,30,0,30,19,0,11,0,0,0,0,0,0,0,0
2018-09-29,BREAD,FR,29,0,29,27,0,2,0,0,0,0,0,0,0,0
2018-09-29,BREAD,GW,4,0,4,4,0,0,0,0,0,0,0,0,0,0
2018-09-29,BREAD,DK,9,0,9,4,0,5,0,0,0,0,0,0,0,0
2018-09-29,BREAD,H5,8,0,8,8,0,0,0,0,0,0,0,0,0,0
2018-09-29,BREAD,CSRWL,6,5,11,11,0,0,0,2,0,2,2,0,0,0
2018-09-29,BREAD,Apple SWRL,6,3,9,8,0,1,0,2,0,2,2,0,0,0
2018-09-29,BREAD,ApB,0,0,0,-2,0,2,0,0,0,0,0,0,0,0
2018-09-29,BREAD,CNE,12,0,12,11,0,1,0,3,0,3,2,0,0,0
2018-09-29,BREAD,CNR,4,0,4,0,0,4,0,0,0,0,0,0,0,0
2018-09-29,BREAD,CNW,1,0,1,0,0,1,0,0,0,0,0,0,0,0
2018-09-29,BREAD,CG,1,0,1,1,0,0,0,1,0,1,1,0,0,0
2018-09-29,BREAD,PESTO CG,3,0,3,3,0,0,0,0,0,0,0,0,0,0
2018-09-29,BREAD,VS,5,0,5,5,0,0,0,0,0,0,0,0,0,0
2018-09-29,BREAD,CH,0,0,0,0,0,0,0,0,0,0,0,0,0,0
2018-09-29,BREAD,SOURDOUGH,7,0,7,2,0,5,0,0,0,0,0,0,0,0
2018-09-29,BREAD,SOUR CC,3,0,3,0,0,3,0,0,0,0,0,0,0,0
2018-09-29,BREAD,SOUR CJ,1,0,1,0,0,1,0,0,0,0,0,0,0,0
2018-09-29,BREAD,SOUR RG,1,0,1,0,0,1,0,0,0,0,0,0,0,0
2018-09-29,BREAD,SOUR BORG,2,0,2,0,0,2,0,0,0,0,0,0,0,0
2018-09-29,BREAD,Car,0,0,0,0,0,0,0,0,0,0,0,0,0,0
2018-09-29,BREAD,IHF,0,0,0,0,0,0,0,0,0,0,0,0,0,0
2018-09-29,BREAD,GW BUNS,0,0,0,0,0,0,0,0,0,0,0,0,0,0
2018-09-29,BREAD,VS BUNS,0,0,0,0,0,0,0,0,0,0,0,0,0,0
2018-09-29,BREAD,H-RLS,2,0,2,0,0,2,0,0,0,0,0,0,0,0
2018-09-29,BREAD,FR-RLS,0,0,0,-1,0,1,0,0,0,0,0,0,0,0
2018-09-29,BREAD,VS-RLS,0,0,0,0,0,0,0,0,0,0,0,0,0,0
2018-09-29,BREAD,BLUE STRU,3,1,4,2,0,2,0,0,0,0,0,0,0,0
2018-09-29,BREAD,Pump Choc,0,4,4,4,0,0,0,0,0,0,0,0,0,0
2018-09-29,BREAD,Apple Crunch,0,4,4,2,0,2,0,0,0,0,0,0,0,0
2018-09-29,BREAD,Pump Crumb,0,0,0,-1,0,1,0,0,0,0,0,0,0,0
2018-09-29,ROLLS,Cinnamon,0,120,120,120,0,0,0,0,0,0,0,0,0,0
2018-09-29,ROLLS,Take-N-Bake,0,0,0,0,0,0,0,0,0,0,0,0,0,0
2018-09-29,ROLLS,Mini C-Roll,0,0,0,0,0,0,0,0,0,0,0,0,0,0
2018-09-29,SCONES,Blueberry,0,73,73,73,0,0,0,0,6,6,6,0,0,0
2018-09-29,SCONES,Rasp Cream,0,0,0,0,0,0,0,0,0,0,0,0,0,0
2018-09-29,SCONES,Cherry,0,0,0,0,0,0,0,0,0,0,0,0,0,0
2018-09-29,SCONES,Butt Almond,0,25,25,25,0,0,0,0,4,4,3,0,0,0
2018-09-29,SCONES,Cin Chip,0,0,0,0,0,0,0,0,0,0,0,0,0,0
2018-09-29,SCONES,pumpkin sp,0,26,26,22,0,4,0,0,4,4,4,0,0,0
2018-09-29,SCONES,Carm Apple,0,0,0,0,0,0,0,0,0,0,0,0,0,0
2018-09-29,SCONES,c Appl Choc,0,0,0,0,0,0,0,0,0,0,0,0,0,0
2018-09-29,FRUIT BARS,Mixed Berry,0,12,12,12,0,0,0,0,0,0,0,0,0,0
2018-09-29,FRUIT BARS,Cherry,0,12,12,12,0,0,0,0,0,0,0,0,0,0
2018-09-29,FRUIT BARS,Apple Cin,0,8,8,8,0,0,0,0,0,0,0,0,0,0
2018-09-29,FRUIT BARS,MIXED FRUIT,0,8,8,8,0,0,0,0,0,0,0,0,0,0
2018-09-29,MUFFINS,BLUE STRU,0,14,14,14,0,0,0,0,3,3,3,0,0,0
2018-09-29,MUFFINS,Pump Choc,0,16,16,16,0,0,0,0,3,3,3,0,0,0
2018-09-29,MUFFINS,Morning Glory,0,8,8,6,0,2,0,0,2,2,2,0,0,0
2018-09-29,MUFFINS,Pump Crumb,0,10,10,9,0,1,0,0,3,3,3,0,0,0
2018-09-29,MUFFINS,Cookies,0,0,0,0,0,0,0,0,0,0,0,0,0,0
2018-09-29,MUFFINS,Bars,0,0,0,0,0,0,0,0,0,0,0,0,0,0
2018-09-29,MUFFINS,Oatmeal CC,0,12,12,12,0,0,0,0,0,0,0,0,0,0
2018-09-29,MUFFINS,Harv Raisin,11,0,11,8,0,3,0,0,0,0,0,0,0,0
2018-09-29,MUFFINS,Triple Choc,1,12,13,12,0,1,0,0,0,0,0,0,0,0
2018-09-29,MUFFINS,SNICKEDOODLE,1,12,13,4,0,9,0,0,0,0,0,0,0,0
2018-09-29,MUFFINS,frosted,9,0,9,8,0,1,0,0,0,0,0,0,0,0
2018-09-29,MUFFINS,Kahuna,0,0,0,0,0,0,0,0,0,0,0,0,0,0
2018-09-29,MUFFINS,Brownies,4,0,4,4,0,0,0,0,0,0,0,0,0,0
2018-09-29,MUFFINS,Pump Bar,2,20,22,22,0,0,0,0,0,0,0,0,0,0
2018-09-29,MUFFINS,Cashew Cr,0,0,0,0,0,0,0,0,0,0,0,0,0,0
2018-09-29,MUFFINS,Totals,28,388,416,395,0,21,0,0,25,25,24,0,0,0
2018-09-30,BREAD,H,0,0,0,0,0,0,0,0,0,0,0,0,0,0
2018-09-30,BREAD,FR,0,0,0,0,0,0,0,0,0,0,0,0,0,0
2018-09-30,BREAD,GW,0,0,0,0,0,0,0,0,0,0,0,0,0,0
2018-09-30,BREAD,DK,0,0,0,0,0,0,0,0,0,0,0,0,0,0
2018-09-30,BREAD,H5,0,0,0,0,0,0,0,0,0,0,0,0,0,0
2018-09-30,BREAD,CSRWL,0,0,0,0,0,0,0,0,0,0,0,0,0,0
2018-09-30,BREAD,Apple SWRL,0,0,0,0,0,0,0,0,0,0,0,0,0,0
2018-09-30,BREAD,ApB,0,0,0,0,0,0,0,0,0,0,0,0,0,0
2018-09-30,BREAD,CNE,0,0,0,0,0,0,0,0,0,0,0,0,0,0
2018-09-30,BREAD,CNR,0,0,0,0,0,0,0,0,0,0,0,0,0,0
2018-09-30,BREAD,CNW,0,0,0,0,0,0,0,0,0,0,0,0,0,0
2018-09-30,BREAD,CG,0,0,0,0,0,0,0,0,0,0,0,0,0,0
2018-09-30,BREAD,PESTO CG,0,0,0,0,0,0,0,0,0,0,0,0,0,0
2018-09-30,BREAD,VS,0,0,0,0,0,0,0,0,0,0,0,0,0,0
2018-09-30,BREAD,CH,0,0,0,0,0,0,0,0,0,0,0,0,0,0
2018-09-30,BREAD,SOURDOUGH,0,0,0,0,0,0,0,0,0,0,0,0,0,0
2018-09-30,BREAD,SOUR CC,0,0,0,0,0,0,0,0,0,0,0,0,0,0
2018-09-30,BREAD,SOUR CJ,0,0,0,0,0,0,0,0,0,0,0,0,0,0
2018-09-30,BREAD,SOUR RG,0,0,0,0,0,0,0,0,0,0,0,0,0,0
2018-09-30,BREAD,SOUR BORG,0,0,0,0,0,0,0,0,0,0,0,0,0,0
2018-09-30,BREAD,Car,0,0,0,0,0,0,0,0,0,0,0,0,0,0
2018-09-30,BREAD,IHF,0,0,0,0,0,0,0,0,0,0,0,0,0,0
2018-09-30,BREAD,GW BUNS,0,0,0,0,0,0,0,0,0,0,0,0,0,0
2018-09-30,BREAD,VS BUNS,0,0,0,0,0,0,0,0,0,0,0,0,0,0
2018-09-30,BREAD,H-RLS,0,0,0,0,0,0,0,0,0,0,0,0,0,0
2018-09-30,BREAD,FR-RLS,0,0,0,0,0,0,0,0,0,0,0,0,0,0
2018-09-30,BREAD,VS-RLS,0,0,0,0,0,0,0,0,0,0,0,0,0,0
2018-09-30,BREAD,BLUE STRU,0,0,0,0,0,0,0,0,0,0,0,0,0,0
2018-09-30,BREAD,CHOC CARM,0,0,0,0,0,0,0,0,0,0,0,0,0,0
2018-09-30,BREAD,Apple Crunch,0,0,0,0,0,0,0,0,0,0,0,0,0,0
2018-09-30,ROLLS,Cinnamon,0,0,0,0,0,0,0,0,0,0,0,0,0,0
2018-09-30,ROLLS,Take-N-Bake,0,0,0,0,0,0,0,0,0,0,0,0,0,0
2018-09-30,ROLLS,Mini C-Roll,0,0,0,0,0,0,0,0,0,0,0,0,0,0
2018-09-30,SCONES,Blueberry,0,0,0,0,0,0,0,0,0,0,0,0,0,0
2018-09-30,SCONES,Rasp Cream,0,0,0,0,0,0,0,0,0,0,0,0,0,0
2018-09-30,SCONES,Cherry,0,0,0,0,0,0,0,0,0,0,0,0,0,0
2018-09-30,SCONES,Butt Almond,0,0,0,0,0,0,0,0,0,0,0,0,0,0
2018-09-30,SCONES,Cin Chip,0,0,0,0,0,0,0,0,0,0,0,0,0,0
2018-09-30,SCONES,pumpkin sp,0,0,0,0,0,0,0,0,0,0,0,0,0,0
2018-09-30,SCONES,Carm Apple,0,0,0,0,0,0,0,0,0,0,0,0,0,0
2018-09-30,SCONES,c Appl Choc,0,0,0,0,0,0,0,0,0,0,0,0,0,0
2018-09-30,FRUIT BARS,Mixed Berry,0,0,0,0,0,0,0,0,0,0,0,0,0,0
2018-09-30,FRUIT BARS,Cherry,0,0,0,0,0,0,0,0,0,0,0,0,0,0
2018-09-30,FRUIT BARS,Apple Cin,0,0,0,0,0,0,0,0,0,0,0,0,0,0
2018-09-30,FRUIT BARS,MIXED FRUIT,0,0,0,0,0,0,0,0,0,0,0,0,0,0
2018-09-30,MUFFINS,BLUE STRU,0,0,0,0,0,0,0,0,0,0,0,0,0,0
2018-09-30,MUFFINS,CHOC CARM,0,0,0,0,0,0,0,0,0,0,0,0,0,0
2018-09-30,MUFFINS,Apple Crunch,0,0,0,0,0,0,0,0,0,0,0,0,0,0
2018-09-30,MUFFINS,Cookies,0,0,0,0,0,0,0,0,0,0,0,0,0,0
2018-09-30,MUFFINS,Bars,0,0,0,0,0,0,0,0,0,0,0,0,0,0
2018-09-30,MUFFINS,Oatmeal CC,0,0,0,0,0,0,0,0,0,0,0,0,0,0
2018-09-30,MUFFINS,Harv Raisin,0,0,0,0,0,0,0,0,0,0,0,0,0,0
2018-09-30,MUFFINS,Triple Choc,0,0,0,0,0,0,0,0,0,0,0,0,0,0
2018-09-30,MUFFINS,SNICKEDOODLE,0,0,0,0,0,0,0,0,0,0,0,0,0,0
2018-09-30,MUFFINS,frosted,0,0,0,0,0,0,0,0,0,0,0,0,0,0
2018-09-30,MUFFINS,Kahuna,0,0,0,0,0,0,0,0,0,0,0,0,0,0
2018-09-30,MUFFINS,Brownies,0,0,0,0,0,0,0,0,0,0,0,0,0,0
2018-09-30,MUFFINS,Pump Bar,0,0,0,0,0,0,0,0,0,0,0,0,0,0
2018-09-30,MUFFINS,Cashew Cr,0,0,0,0,0,0,0,0,0,0,0,0,0,0
2018-09-30,MUFFINS,Totals,0,0,0,0,0,0,0,0,0,0,0,0,0,0
2018-09-31,BREAD,H,0,0,0,0,0,0,0,0,0,0,0,0,0,0
2018-09-31,BREAD,FR,0,0,0,0,0,0,0,0,0,0,0,0,0,0
2018-09-31,BREAD,GW,0,0,0,0,0,0,0,0,0,0,0,0,0,0
2018-09-31,BREAD,DK,0,0,0,0,0,0,0,0,0,0,0,0,0,0
2018-09-31,BREAD,H5,0,0,0,0,0,0,0,0,0,0,0,0,0,0
2018-09-31,BREAD,CSRWL,0,0,0,0,0,0,0,0,0,0,0,0,0,0
2018-09-31,BREAD,Apple SWRL,0,0,0,0,0,0,0,0,0,0,0,0,0,0
2018-09-31,BREAD,ApB,0,0,0,0,0,0,0,0,0,0,0,0,0,0
2018-09-31,BREAD,CNE,0,0,0,0,0,0,0,0,0,0,0,0,0,0
2018-09-31,BREAD,CNR,0,0,0,0,0,0,0,0,0,0,0,0,0,0
2018-09-31,BREAD,CNW,0,0,0,0,0,0,0,0,0,0,0,0,0,0
2018-09-31,BREAD,CG,0,0,0,0,0,0,0,0,0,0,0,0,0,0
2018-09-31,BREAD,PESTO CG,0,0,0,0,0,0,0,0,0,0,0,0,0,0
2018-09-31,BREAD,VS,0,0,0,0,0,0,0,0,0,0,0,0,0,0
2018-09-31,BREAD,CH,0,0,0,0,0,0,0,0,0,0,0,0,0,0
2018-09-31,BREAD,SOURDOUGH,0,0,0,0,0,0,0,0,0,0,0,0,0,0
2018-09-31,BREAD,SOUR CC,0,0,0,0,0,0,0,0,0,0,0,0,0,0
2018-09-31,BREAD,SOUR CJ,0,0,0,0,0,0,0,0,0,0,0,0,0,0
2018-09-31,BREAD,SOUR RG,0,0,0,0,0,0,0,0,0,0,0,0,0,0
2018-09-31,BREAD,SOUR BORG,0,0,0,0,0,0,0,0,0,0,0,0,0,0
2018-09-31,BREAD,Car,0,0,0,0,0,0,0,0,0,0,0,0,0,0
2018-09-31,BREAD,IHF,0,0,0,0,0,0,0,0,0,0,0,0,0,0
2018-09-31,BREAD,GW BUNS,0,0,0,0,0,0,0,0,0,0,0,0,0,0
2018-09-31,BREAD,VS BUNS,0,0,0,0,0,0,0,0,0,0,0,0,0,0
2018-09-31,BREAD,H-RLS,0,0,0,0,0,0,0,0,0,0,0,0,0,0
2018-09-31,BREAD,FR-RLS,0,0,0,0,0,0,0,0,0,0,0,0,0,0
2018-09-31,BREAD,VS-RLS,0,0,0,0,0,0,0,0,0,0,0,0,0,0
2018-09-31,BREAD,BLUE STRU,0,0,0,0,0,0,0,0,0,0,0,0,0,0
2018-09-31,BREAD,CHOC CARM,0,0,0,0,0,0,0,0,0,0,0,0,0,0
2018-09-31,BREAD,Apple Crunch,0,0,0,0,0,0,0,0,0,0,0,0,0,0
2018-09-31,ROLLS,Cinnamon,0,0,0,0,0,0,0,0,0,0,0,0,0,0
2018-09-31,ROLLS,Take-N-Bake,0,0,0,0,0,0,0,0,0,0,0,0,0,0
2018-09-31,ROLLS,Mini C-Roll,0,0,0,0,0,0,0,0,0,0,0,0,0,0
2018-09-31,SCONES,Blueberry,0,0,0,0,0,0,0,0,0,0,0,0,0,0
2018-09-31,SCONES,Rasp Cream,0,0,0,0,0,0,0,0,0,0,0,0,0,0
2018-09-31,SCONES,Cherry,0,0,0,0,0,0,0,0,0,0,0,0,0,0
2018-09-31,SCONES,Butt Almond,0,0,0,0,0,0,0,0,0,0,0,0,0,0
2018-09-31,SCONES,Cin Chip,0,0,0,0,0,0,0,0,0,0,0,0,0,0
2018-09-31,SCONES,pumpkin sp,0,0,0,0,0,0,0,0,0,0,0,0,0,0
2018-09-31,SCONES,Carm Apple,0,0,0,0,0,0,0,0,0,0,0,0,0,0
2018-09-31,SCONES,c Appl Choc,0,0,0,0,0,0,0,0,0,0,0,0,0,0
2018-09-31,FRUIT BARS,Mixed Berry,0,0,0,0,0,0,0,0,0,0,0,0,0,0
2018-09-31,FRUIT BARS,Cherry,0,0,0,0,0,0,0,0,0,0,0,0,0,0
2018-09-31,FRUIT BARS,Apple Cin,0,0,0,0,0,0,0,0,0,0,0,0,0,0
2018-09-31,FRUIT BARS,MIXED FRUIT,0,0,0,0,0,0,0,0,0,0,0,0,0,0
2018-09-31,MUFFINS,BLUE STRU,0,0,0,0,0,0,0,0,0,0,0,0,0,0
2018-09-31,MUFFINS,CHOC CARM,0,0,0,0,0,0,0,0,0,0,0,0,0,0
2018-09-31,MUFFINS,Apple Crunch,0,0,0,0,0,0,0,0,0,0,0,0,0,0
2018-09-31,MUFFINS,Cookies,0,0,0,0,0,0,0,0,0,0,0,0,0,0
2018-09-31,MUFFINS,Bars,0,0,0,0,0,0,0,0,0,0,0,0,0,0
2018-09-31,MUFFINS,Oatmeal CC,0,0,0,0,0,0,0,0,0,0,0,0,0,0
2018-09-31,MUFFINS,Harv Raisin,0,0,0,0,0,0,0,0,0,0,0,0,0,0
2018-09-31,MUFFINS,Triple Choc,0,0,0,0,0,0,0,0,0,0,0,0,0,0
2018-09-31,MUFFINS,SNICKEDOODLE,0,0,0,0,0,0,0,0,0,0,0,0,0,0
2018-09-31,MUFFINS,frosted,0,0,0,0,0,0,0,0,0,0,0,0,0,0
2018-09-31,MUFFINS,Kahuna,0,0,0,0,0,0,0,0,0,0,0,0,0,0
2018-09-31,MUFFINS,Brownies,0,0,0,0,0,0,0,0,0,0,0,0,0,0
2018-09-31,MUFFINS,Pump Bar,0,0,0,0,0,0,0,0,0,0,0,0,0,0
2018-09-31,MUFFINS,Cashew Cr,0,0,0,0,0,0,0,0,0,0,0,0,0,0
2018-09-31,MUFFINS,Totals,0,0,0,0,0,0,0,0,0,0,0,0,0,0
