Date,Category,Product,START_OF_DAY_WHOLE,MADE_TODAY_WHOLE,AVAILABLE_TO_SELL_WHOLE,OUT_THE_DOOR_WHOLE,ORDERS_TODAY_WHOLE,REMOVED_AS_DAY_OLD_WHOLE,LEFT_WHOLE,START_OF_DAY_HALF,MADE_TODAY_HALF,AVAILABLE_TO_SELL_HALF,OUT_THE_DOOR_HALF,ORDERS_TODAY_HALF,REMOVED_AS_DAY_OLD_HALF,LEFT_HALF
2018-12-01,BREAD,H,12,0,12,10,0,2,0,0,0,0,0,0,0,0
2018-12-01,BREAD,FR,22,0,22,15,0,7,0,0,0,0,0,0,0,0
2018-12-01,BREAD,GW,6,11,17,7,0,10,0,0,0,0,0,0,0,0
2018-12-01,BREAD,DK,8,0,8,8,0,0,0,0,0,0,0,0,0,0
2018-12-01,BREAD,H5,9,0,9,9,0,0,0,0,0,0,0,0,0,0
2018-12-01,BREAD,CSRWL,3,8,11,8,0,3,0,2,3,5,3,0,0,0
2018-12-01,BREAD,Pump SWRL,4,0,4,0,0,4,0,2,0,2,0,0,0,0
2018-12-01,BREAD,MP SWRL,7,8,15,6,0,9,0,0,2,2,0,0,0,0
2018-12-01,BREAD,CNE,6,0,6,1,0,5,0,3,0,3,0,0,0,0
2018-12-01,BREAD,CNR,2,0,2,2,0,0,0,0,0,0,0,0,0,0
2018-12-01,BREAD,CNW,1,0,1,1,0,0,0,0,0,0,0,0,0,0
2018-12-01,BREAD,CH,0,0,0,0,0,0,0,0,0,0,0,0,0,0
2018-12-01,BREAD,CG,15,0,15,5,0,10,0,1,0,1,-1,0,0,0
2018-12-01,BREAD,vs,0,5,5,5,0,0,0,0,3,3,2,0,0,0
2018-12-01,BREAD,SO,5,0,5,3,0,2,0,2,0,2,0,0,0,0
2018-12-01,BREAD,CrO,0,15,15,8,0,7,0,0,3,3,3,0,0,0
2018-12-01,BREAD,SOURDOUGH,5,0,5,4,0,1,0,0,0,0,0,0,0,0
2018-12-01,BREAD,cc,1,0,1,0,0,1,0,0,0,0,0,0,0,0
2018-12-01,BREAD,cj,2,0,2,1,0,1,0,0,0,0,0,0,0,0
2018-12-01,BREAD,rg,1,0,1,0,0,1,0,0,0,0,0,0,0,0
2018-12-01,BREAD,borg,2,0,2,1,0,1,0,0,0,0,0,0,0,0
2018-12-01,BREAD,cb,0,10,10,10,0,0,0,0,5,5,3,0,0,0
2018-12-01,BREAD,AA,2,0,2,0,0,2,0,0,0,0,0,0,0,0
2018-12-01,BREAD,BUT-RLS,31,0,31,9,0,22,0,0,0,0,0,0,0,0
2018-12-01,BREAD,CRO-RLS,0,0,0,0,0,0,0,0,0,0,0,0,0,0
2018-12-01,BREAD,H-RLS,3,0,3,2,0,1,0,0,0,0,0,0,0,0
2018-12-01,BREAD,FR-RLS,0,0,0,0,0,0,0,0,0,0,0,0,0,0
2018-12-01,BREAD,VS-RLS,0,6,6,0,6,0,0,0,0,0,0,0,0,0
2018-12-01,BREAD,BLUE STRU,2,1,3,0,0,3,0,0,0,0,0,0,0,0
2018-12-01,BREAD,Pump CH,3,2,5,2,0,3,0,0,0,0,0,0,0,0
2018-12-01,BREAD,PUmp Cru,3,0,3,1,0,2,0,0,0,0,0,0,0,0
2018-12-01,BREAD,MEX CHOC,2,3,5,2,0,3,0,0,0,0,0,0,0,0
2018-12-01,ROLLS,Cinnamon,0,60,60,41,6,13,0,0,0,0,0,0,0,0
2018-12-01,ROLLS,Take-N-Bake,0,0,0,0,0,0,0,0,0,0,0,0,0,0
2018-12-01,ROLLS,Mini C-Roll,0,0,0,0,0,0,0,0,0,0,0,0,0,0
2018-12-01,SCONES,Blueberry,0,20,20,14,0,6,0,0,3,3,2,0,0,0
2018-12-01,SCONES,Rasp Cream,0,0,0,0,0,0,0,0,0,0,0,0,0,0
2018-12-01,SCONES,Cherry,0,0,0,0,0,0,0,0,0,0,0,0,0,0
2018-12-01,SCONES,Butt Almond,0,26,26,19,6,1,0,0,3,3,0,0,0,0
2018-12-01,SCONES,Turtle,0,0,0,0,0,0,0,0,0,0,0,0,0,0
2018-12-01,SCONES,Cin Chip,0,0,0,0,0,0,0,0,0,0,0,0,0,0
2018-12-01,SCONES,Cran Orange,0,12,12,9,0,3,0,0,0,0,0,0,0,0
2018-12-01,SCONES,Pump Spice,0,7,7,4,0,3,0,0,2,2,0,0,0,0
2018-12-01,FRUIT BARS,Mixed Berry,0,0,0,0,0,0,0,0,0,0,0,0,0,0
2018-12-01,FRUIT BARS,Cherry,0,0,0,0,0,0,0,0,0,0,0,0,0,0
2018-12-01,FRUIT BARS,Apple Cin,0,12,12,10,0,2,0,0,0,0,0,0,0,0
2018-12-01,FRUIT BARS,Cran-Apple,0,8,8,6,0,2,0,0,0,0,0,0,0,0
2018-12-01,MUFFINS,BLUE STRU,0,6,6,3,0,3,0,0,2,2,1,0,0,0
2018-12-01,MUFFINS,Pump Choc,0,8,8,6,0,2,0,0,2,2,0,0,0,0
2018-12-01,MUFFINS,Pump Crumb,0,6,6,6,0,0,0,0,2,2,0,0,0,0
2018-12-01,MUFFINS,Mex Choc,0,8,8,5,0,3,0,0,2,2,2,0,0,0
2018-12-01,MUFFINS,Cookies,0,0,0,0,0,0,0,0,0,0,0,0,0,0
2018-12-01,MUFFINS,Bars,0,0,0,0,0,0,0,0,0,0,0,0,0,0
2018-12-01,MUFFINS,Oatmeal CC,0,12,12,12,0,0,0,0,0,0,0,0,0,0
2018-12-01,MUFFINS,cran Choc,0,12,12,0,0,12,0,0,0,0,0,0,0,0
2018-12-01,MUFFINS,Triple Choc,0,12,12,7,0,5,0,0,0,0,0,0,0,0
2018-12-01,MUFFINS,SNICKEDOODLE,0,12,12,12,0,0,0,0,0,0,0,0,0,0
2018-12-01,MUFFINS,frosted,9,0,9,7,0,2,0,0,0,0,0,0,0,0
2018-12-01,MUFFINS,Kahuna,0,0,0,0,0,0,0,0,0,0,0,0,0,0
2018-12-01,MUFFINS,Brownies,3,10,13,3,0,10,0,0,0,0,0,0,0,0
2018-12-01,MUFFINS,Pump Bars,0,0,0,0,0,0,0,0,0,0,0,0,0,0
2018-12-01,MUFFINS,Pump OHHH,0,0,0,0,0,0,0,0,0,0,0,0,0,0
2018-12-01,MUFFINS,Bread Pudding,0,0,0,0,0,0,0,0,0,0,0,0,0,0
2018-12-01,MUFFINS,Totals,12,231,243,164,12,67,0,0,16,16,5,0,0,0
2018-12-02,BREAD,H,0,0,0,0,0,0,0,0,0,0,0,0,0,0
2018-12-02,BREAD,FR,0,0,0,0,0,0,0,0,0,0,0,0,0,0
2018-12-02,BREAD,GW,0,0,0,0,0,0,0,0,0,0,0,0,0,0
2018-12-02,BREAD,DK,0,0,0,0,0,0,0,0,0,0,0,0,0,0
2018-12-02,BREAD,H5,0,0,0,0,0,0,0,0,0,0,0,0,0,0
2018-12-02,BREAD,CSRWL,0,0,0,0,0,0,0,0,0,0,0,0,0,0
2018-12-02,BREAD,Pump SWRL,0,0,0,0,0,0,0,0,0,0,0,0,0,0
2018-12-02,BREAD,MP SWRL,0,0,0,0,0,0,0,0,0,0,0,0,0,0
2018-12-02,BREAD,CNE,0,0,0,0,0,0,0,0,0,0,0,0,0,0
2018-12-02,BREAD,CNR,0,0,0,0,0,0,0,0,0,0,0,0,0,0
2018-12-02,BREAD,CNW,0,0,0,0,0,0,0,0,0,0,0,0,0,0
2018-12-02,BREAD,CG,0,0,0,0,0,0,0,0,0,0,0,0,0,0
2018-12-02,BREAD,vs,0,0,0,0,0,0,0,0,0,0,0,0,0,0
2018-12-02,BREAD,SO,0,0,0,0,0,0,0,0,0,0,0,0,0,0
2018-12-02,BREAD,CrO,0,0,0,0,0,0,0,0,0,0,0,0,0,0
2018-12-02,BREAD,SOURDOUGH,0,0,0,0,0,0,0,0,0,0,0,0,0,0
2018-12-02,BREAD,cc,0,0,0,0,0,0,0,0,0,0,0,0,0,0
2018-12-02,BREAD,cj,0,0,0,0,0,0,0,0,0,0,0,0,0,0
2018-12-02,BREAD,rg,0,0,0,0,0,0,0,0,0,0,0,0,0,0
2018-12-02,BREAD,borg,0,0,0,0,0,0,0,0,0,0,0,0,0,0
2018-12-02,BREAD,CH,0,0,0,0,0,0,0,0,0,0,0,0,0,0
2018-12-02,BREAD,CB,0,0,0,0,0,0,0,0,0,0,0,0,0,0
2018-12-02,BREAD,AA,0,0,0,0,0,0,0,0,0,0,0,0,0,0
2018-12-02,BREAD,GW BUNS,0,0,0,0,0,0,0,0,0,0,0,0,0,0
2018-12-02,BREAD,BUT-RLS,0,0,0,0,0,0,0,0,0,0,0,0,0,0
2018-12-02,BREAD,CRO-RLS,0,0,0,0,0,0,0,0,0,0,0,0,0,0
2018-12-02,BREAD,H-RLS,0,0,0,0,0,0,0,0,0,0,0,0,0,0
2018-12-02,BREAD,FR-RLS,0,0,0,0,0,0,0,0,0,0,0,0,0,0
2018-12-02,BREAD,VS-RLS,0,0,0,0,0,0,0,0,0,0,0,0,0,0
2018-12-02,BREAD,BLUE STRU,0,0,0,0,0,0,0,0,0,0,0,0,0,0
2018-12-02,BREAD,Pump CH,0,0,0,0,0,0,0,0,0,0,0,0,0,0
2018-12-02,BREAD,PUmp Cru,0,0,0,0,0,0,0,0,0,0,0,0,0,0
2018-12-02,BREAD,MEX CHOC,0,0,0,0,0,0,0,0,0,0,0,0,0,0
2018-12-02,ROLLS,Cinnamon,0,0,0,0,0,0,0,0,0,0,0,0,0,0
2018-12-02,ROLLS,Take-N-Bake,0,0,0,0,0,0,0,0,0,0,0,0,0,0
2018-12-02,ROLLS,Mini C-Roll,0,0,0,0,0,0,0,0,0,0,0,0,0,0
2018-12-02,SCONES,Blueberry,0,0,0,0,0,0,0,0,0,0,0,0,0,0
2018-12-02,SCONES,Rasp Cream,0,0,0,0,0,0,0,0,0,0,0,0,0,0
2018-12-02,SCONES,Cherry,0,0,0,0,0,0,0,0,0,0,0,0,0,0
2018-12-02,SCONES,Butt Almond,0,0,0,0,0,0,0,0,0,0,0,0,0,0
2018-12-02,SCONES,Turtle,0,0,0,0,0,0,0,0,0,0,0,0,0,0
2018-12-02,SCONES,Cin Chip,0,0,0,0,0,0,0,0,0,0,0,0,0,0
2018-12-02,SCONES,Cran Orange,0,0,0,0,0,0,0,0,0,0,0,0,0,0
2018-12-02,FRUIT BARS,Mixed Berry,0,0,0,0,0,0,0,0,0,0,0,0,0,0
2018-12-02,FRUIT BARS,Cherry,0,0,0,0,0,0,0,0,0,0,0,0,0,0
2018-12-02,FRUIT BARS,Apple Cin,0,0,0,0,0,0,0,0,0,0,0,0,0,0
2018-12-02,FRUIT BARS,Cran-Apple,0,0,0,0,0,0,0,0,0,0,0,0,0,0
2018-12-02,MUFFINS,BLUE STRU,0,0,0,0,0,0,0,0,0,0,0,0,0,0
2018-12-02,MUFFINS,Pump Choc,0,0,0,0,0,0,0,0,0,0,0,0,0,0
2018-12-02,MUFFINS,Pump Crumb,0,0,0,0,0,0,0,0,0,0,0,0,0,0
2018-12-02,MUFFINS,Mex Choc,0,0,0,0,0,0,0,0,0,0,0,0,0,0
2018-12-02,MUFFINS,Cookies,0,0,0,0,0,0,0,0,0,0,0,0,0,0
2018-12-02,MUFFINS,Bars,0,0,0,0,0,0,0,0,0,0,0,0,0,0
2018-12-02,MUFFINS,Oatmeal CC,0,0,0,0,0,0,0,0,0,0,0,0,0,0
2018-12-02,MUFFINS,cran Choc,0,0,0,0,0,0,0,0,0,0,0,0,0,0
2018-12-02,MUFFINS,Triple Choc,0,0,0,0,0,0,0,0,0,0,0,0,0,0
2018-12-02,MUFFINS,SNICKEDOODLE,0,0,0,0,0,0,0,0,0,0,0,0,0,0
2018-12-02,MUFFINS,frosted,0,0,0,0,0,0,0,0,0,0,0,0,0,0
2018-12-02,MUFFINS,Kahuna,0,0,0,0,0,0,0,0,0,0,0,0,0,0
2018-12-02,MUFFINS,Brownies,0,0,0,0,0,0,0,0,0,0,0,0,0,0
2018-12-02,MUFFINS,Pump Bars,0,0,0,0,0,0,0,0,0,0,0,0,0,0
2018-12-02,MUFFINS,Pump OHHH,0,0,0,0,0,0,0,0,0,0,0,0,0,0
2018-12-02,MUFFINS,Bread Pudding,0,0,0,0,0,0,0,0,0,0,0,0,0,0
2018-12-02,MUFFINS,Totals,0,0,0,0,0,0,0,0,0,0,0,0,0,0
2018-12-03,BREAD,H,0,44,44,27,1,0,16,0,0,0,0,0,0,0
2018-12-03,BREAD,FR,0,38,38,28,1,0,9,0,0,0,0,0,0,0
2018-12-03,BREAD,GW,0,15,15,4,0,0,11,0,0,0,0,0,0,0
2018-12-03,BREAD,DK,0,22,22,10,1,0,11,0,0,0,0,0,0,0
2018-12-03,BREAD,H5,0,0,0,0,0,0,0,0,0,0,0,0,0,0
2018-12-03,BREAD,CSRWL,0,16,16,10,0,0,6,0,5,5,1,0,0,4
2018-12-03,BREAD,Pump SWRL,0,12,12,6,0,0,6,0,2,2,1,0,0,1
2018-12-03,BREAD,MP SWRL,0,12,12,4,0,0,8,0,2,2,0,0,0,2
2018-12-03,BREAD,CNE,0,17,17,6,0,0,11,0,3,3,1,0,0,2
2018-12-03,BREAD,CNR,0,4,4,2,0,0,2,0,0,0,0,0,0,0
2018-12-03,BREAD,CNW,0,4,4,4,0,0,0,0,0,0,0,0,0,0
2018-12-03,BREAD,CH,0,0,0,0,0,0,0,0,0,0,0,0,0,0
2018-12-03,BREAD,CG,0,12,12,6,0,0,6,0,3,3,3,0,0,0
2018-12-03,BREAD,vs,0,0,0,0,0,0,0,0,0,0,0,0,0,0
2018-12-03,BREAD,SO,0,8,8,5,0,0,3,0,4,4,0,0,0,4
2018-12-03,BREAD,CrO,0,0,0,0,0,0,0,0,0,0,0,0,0,0
2018-12-03,BREAD,SOURDOUGH,0,6,6,3,0,0,3,0,0,0,0,0,0,0
2018-12-03,BREAD,cc,0,4,4,1,0,0,3,0,0,0,0,0,0,0
2018-12-03,BREAD,cj,0,3,3,3,0,0,0,0,0,0,0,0,0,0
2018-12-03,BREAD,rg,0,3,3,3,0,0,0,0,0,0,0,0,0,0
2018-12-03,BREAD,borg,0,3,3,0,0,0,3,0,0,0,0,0,0,0
2018-12-03,BREAD,cb,0,0,0,0,0,0,0,0,0,0,0,0,0,0
2018-12-03,BREAD,AA,0,2,2,0,0,0,2,0,0,0,0,0,0,0
2018-12-03,BREAD,GW BUNS,0,0,0,0,0,0,0,0,0,0,0,0,0,0
2018-12-03,BREAD,BUT-RLS,0,22,22,8,10,0,4,0,0,0,0,0,0,0
2018-12-03,BREAD,CRO-RLS,0,0,0,0,0,0,0,0,0,0,0,0,0,0
2018-12-03,BREAD,H-RLS,0,12,12,2,10,0,0,0,0,0,0,0,0,0
2018-12-03,BREAD,FR-RLS,0,0,0,0,0,0,0,0,0,0,0,0,0,0
2018-12-03,BREAD,VS-RLS,0,0,0,0,0,0,0,0,0,0,0,0,0,0
2018-12-03,BREAD,BLUE STRU,0,4,4,1,0,0,3,0,0,0,0,0,0,0
2018-12-03,BREAD,Pump CH,0,6,6,2,0,0,4,0,0,0,0,0,0,0
2018-12-03,BREAD,PUmp Cru,0,4,4,0,0,0,4,0,0,0,0,0,0,0
2018-12-03,BREAD,MEX CHOC,0,6,6,0,0,0,6,0,0,0,0,0,0,0
2018-12-03,ROLLS,Cinnamon,0,24,24,13,0,11,0,0,0,0,0,0,0,0
2018-12-03,ROLLS,Take-N-Bake,0,0,0,0,0,0,0,0,0,0,0,0,0,0
2018-12-03,ROLLS,Mini C-Roll,0,72,72,24,48,0,0,0,0,0,0,0,0,0
2018-12-03,SCONES,Blueberry,0,0,0,0,0,0,0,0,0,0,0,0,0,0
2018-12-03,SCONES,Rasp Cream,0,19,19,6,0,13,0,0,2,2,2,0,0,0
2018-12-03,SCONES,Cherry,0,0,0,0,0,0,0,0,0,0,0,0,0,0
2018-12-03,SCONES,Butt Almond,0,0,0,0,0,0,0,0,0,0,0,0,0,0
2018-12-03,SCONES,Turtle,0,0,0,0,0,0,0,0,0,0,0,0,0,0
2018-12-03,SCONES,Cin Chip,0,15,15,10,0,5,0,0,2,2,0,0,0,0
2018-12-03,SCONES,Cran Orange,0,12,12,12,0,0,0,0,2,2,2,0,0,0
2018-12-03,FRUIT BARS,Mixed Berry,0,8,8,1,0,7,0,0,0,0,0,0,0,0
2018-12-03,FRUIT BARS,Cherry,0,12,12,7,0,5,0,0,0,0,0,0,0,0
2018-12-03,FRUIT BARS,Apple Cin,0,0,0,0,0,0,0,0,0,0,0,0,0,0
2018-12-03,FRUIT BARS,Cran-Apple,0,0,0,0,0,0,0,0,0,0,0,0,0,0
2018-12-03,MUFFINS,BLUE STRU,0,5,5,3,0,2,0,0,1,1,1,0,0,0
2018-12-03,MUFFINS,Pump Choc,0,7,7,1,0,6,0,0,1,1,1,0,0,0
2018-12-03,MUFFINS,Pump Crumb,0,5,5,5,0,0,0,0,1,1,0,0,0,0
2018-12-03,MUFFINS,Mex Choc,0,7,7,5,0,2,0,0,1,1,1,0,0,0
2018-12-03,MUFFINS,Cookies,0,0,0,0,0,0,0,0,0,0,0,0,0,0
2018-12-03,MUFFINS,Bars,0,0,0,0,0,0,0,0,0,0,0,0,0,0
2018-12-03,MUFFINS,Oatmeal CC,0,54,54,12,29,0,13,0,0,0,0,0,0,0
2018-12-03,MUFFINS,cran Choc,0,18,18,3,0,0,15,0,0,0,0,0,0,0
2018-12-03,MUFFINS,Triple Choc,0,54,54,10,28,0,16,0,0,0,0,0,0,0
2018-12-03,MUFFINS,SNICKEDOODLE,0,54,54,19,28,0,7,0,0,0,0,0,0,0
2018-12-03,MUFFINS,frosted,0,12,12,7,0,0,5,0,0,0,0,0,0,0
2018-12-03,MUFFINS,Kahuna,0,0,0,0,0,0,0,0,0,0,0,0,0,0
2018-12-03,MUFFINS,Brownies,0,0,0,0,0,0,0,0,0,0,0,0,0,0
2018-12-03,MUFFINS,Pump Bars,0,10,10,-9,0,0,19,0,0,0,0,0,0,0
2018-12-03,MUFFINS,Pump OHHH,0,0,0,-17,0,0,17,0,0,0,-2,0,0,2
2018-12-03,MUFFINS,Bread Pudding,0,0,0,-3,0,0,3,0,0,0,-1,0,0,1
2018-12-03,MUFFINS,Totals,0,388,388,109,133,51,95,0,10,10,4,0,0,3
2018-12-04,BREAD,H,16,22,38,23,5,0,10,0,0,0,0,0,0,0
2018-12-04,BREAD,FR,9,17,26,18,0,0,8,0,0,0,0,0,0,0
2018-12-04,BREAD,GW,11,4,15,6,0,6,3,0,0,0,0,0,0,0
2018-12-04,BREAD,DK,11,0,11,5,0,0,6,0,0,0,0,0,0,0
2018-12-04,BREAD,H5,0,16,16,8,0,0,8,0,0,0,0,0,0,0
2018-12-04,BREAD,CSRWL,6,13,19,9,6,0,4,4,2,6,6,0,0,0
2018-12-04,BREAD,Pump SWRL,6,0,6,2,0,4,0,1,0,1,1,0,0,0
2018-12-04,BREAD,MP SWRL,8,8,16,10,0,0,6,2,0,2,2,0,0,0
2018-12-04,BREAD,CNE,11,0,11,6,0,5,0,2,0,2,0,0,0,0
2018-12-04,BREAD,CNR,2,0,2,2,0,0,0,0,0,0,0,0,0,0
2018-12-04,BREAD,CNW,0,0,0,0,0,0,0,0,0,0,0,0,0,0
2018-12-04,BREAD,CH,0,5,5,2,0,0,3,0,2,2,1,0,0,1
2018-12-04,BREAD,CG,6,0,6,4,0,2,0,0,0,0,0,0,0,0
2018-12-04,BREAD,vs,0,10,10,6,0,0,4,0,4,4,0,0,0,4
2018-12-04,BREAD,SO,3,0,3,2,0,1,0,4,0,4,3,0,0,0
2018-12-04,BREAD,CrO,0,16,16,2,0,0,14,0,3,3,2,0,0,1
2018-12-04,BREAD,SOURDOUGH,3,0,3,3,0,0,0,0,0,0,0,0,0,0
2018-12-04,BREAD,cc,3,0,3,2,0,1,0,0,0,0,0,0,0,0
2018-12-04,BREAD,cj,0,0,0,0,0,0,0,0,0,0,0,0,0,0
2018-12-04,BREAD,rg,0,0,0,0,0,0,0,0,0,0,0,0,0,0
2018-12-04,BREAD,borg,3,0,3,2,0,1,0,0,0,0,0,0,0,0
2018-12-04,BREAD,cb,0,11,11,11,0,0,0,0,3,3,3,0,0,0
2018-12-04,BREAD,AA,2,0,2,0,0,2,0,0,0,0,0,0,0,0
2018-12-04,BREAD,Rye,0,12,12,0,0,0,12,0,0,0,0,0,0,0
2018-12-04,BREAD,GW BUNS,0,0,0,0,0,0,0,0,0,0,0,0,0,0
2018-12-04,BREAD,GF,0,62,62,62,0,0,0,0,0,0,0,0,0,0
2018-12-04,BREAD,BUT-RLS,4,0,4,1,0,3,0,0,0,0,0,0,0,0
2018-12-04,BREAD,CRO-RLS,0,0,0,0,0,0,0,0,0,0,0,0,0,0
2018-12-04,BREAD,H-RLS,0,3,3,0,0,0,3,0,0,0,0,0,0,0
2018-12-04,BREAD,FR-RLS,0,3,3,0,0,0,3,0,0,0,0,0,0,0
2018-12-04,BREAD,VS-RLS,0,4,4,2,0,0,2,0,0,0,0,0,0,0
2018-12-04,BREAD,BLUE STRU,3,2,5,3,0,0,2,0,0,0,0,0,0,0
2018-12-04,BREAD,Pump CH,4,9,13,2,6,3,2,0,0,0,0,0,0,0
2018-12-04,BREAD,PUmp Cru,4,1,5,1,0,3,1,0,0,0,0,0,0,0
2018-12-04,BREAD,MEX CHOC,6,1,7,2,0,4,1,0,0,0,0,0,0,0
2018-12-04,ROLLS,Cinnamon,0,120,120,26,90,4,0,0,0,0,0,0,0,0
2018-12-04,ROLLS,Take-N-Bake,0,0,0,0,0,0,0,0,0,0,0,0,0,0
2018-12-04,ROLLS,Mini C-Roll,0,0,0,0,0,0,0,0,0,0,0,0,0,0
2018-12-04,SCONES,Blueberry,0,18,18,18,0,0,0,0,6,6,2,0,0,0
2018-12-04,SCONES,Rasp Cream,0,0,0,0,0,0,0,0,0,0,0,0,0,0
2018-12-04,SCONES,Cherry,0,0,0,0,0,0,0,0,0,0,0,0,0,0
2018-12-04,SCONES,Butt Almond,0,0,0,0,0,0,0,0,0,0,0,0,0,0
2018-12-04,SCONES,Turtle,0,0,0,0,0,0,0,0,0,0,0,0,0,0
2018-12-04,SCONES,Cin Chip,0,14,14,4,0,10,0,0,6,6,1,0,0,0
2018-12-04,SCONES,Cran Orange,0,12,12,12,0,0,0,0,2,2,2,0,0,0
2018-12-04,FRUIT BARS,Mixed Berry,0,0,0,0,0,0,0,0,0,0,0,0,0,0
2018-12-04,FRUIT BARS,Cherry,0,0,0,0,0,0,0,0,0,0,0,0,0,0
2018-12-04,FRUIT BARS,Apple Cin,0,12,12,5,2,5,0,0,0,0,0,0,0,0
2018-12-04,FRUIT BARS,Cran-Apple,0,8,8,7,1,0,0,0,0,0,0,0,0,0
2018-12-04,MUFFINS,BLUE STRU,0,6,6,1,0,5,0,0,3,3,0,0,0,0
2018-12-04,MUFFINS,Pump Choc,0,8,8,2,0,6,0,0,1,1,0,0,0,0
2018-12-04,MUFFINS,Pump Crumb,0,6,6,2,0,4,0,0,3,3,0,0,0,0
2018-12-04,MUFFINS,Mex Choc,0,8,8,3,0,5,0,0,3,3,0,0,0,0
2018-12-04,MUFFINS,Cookies,0,0,0,0,0,0,0,0,0,0,0,0,0,0
2018-12-04,MUFFINS,Bars,0,0,0,0,0,0,0,0,0,0,0,0,0,0
2018-12-04,MUFFINS,Oatmeal CC,13,18,31,3,7,15,6,0,8,8,0,0,0,0
2018-12-04,MUFFINS,cran Choc,15,6,21,12,0,3,6,0,0,0,0,0,0,0
2018-12-04,MUFFINS,Triple Choc,16,12,28,14,7,6,1,0,8,8,0,0,0,0
2018-12-04,MUFFINS,SNICKEDOODLE,7,54,61,24,37,0,0,0,8,8,0,0,0,0
2018-12-04,MUFFINS,frosted,5,12,17,8,0,0,9,0,0,0,0,0,0,0
2018-12-04,MUFFINS,Kahuna,0,0,0,0,0,0,0,0,0,0,0,0,0,0
2018-12-04,MUFFINS,Brownies,0,10,10,2,0,0,8,0,0,0,0,0,0,0
2018-12-04,MUFFINS,Pump Bars,19,0,19,5,0,5,9,0,0,0,0,0,0,0
2018-12-04,MUFFINS,Pump OHHH,17,0,17,1,0,0,16,2,0,2,0,0,0,2
2018-12-04,MUFFINS,Bread Pudding,3,0,3,0,0,0,3,1,0,1,0,0,0,0
2018-12-04,MUFFINS,Totals,95,324,419,149,144,68,58,3,48,50,5,0,0,2
2018-12-05,BREAD,H,10,36,46,14,1,0,31,0,0,0,0,0,0,0
2018-12-05,BREAD,FR,8,25,33,5,0,0,28,0,0,0,0,0,0,0
2018-12-05,BREAD,GW,3,14,17,3,0,0,14,0,0,0,0,0,0,0
2018-12-05,BREAD,DK,6,22,28,15,0,0,13,0,0,0,0,0,0,0
2018-12-05,BREAD,H5,8,0,8,4,0,0,4,0,0,0,0,0,0,0
2018-12-05,BREAD,CSRWL,4,20,24,9,7,0,8,0,4,4,3,0,0,1
2018-12-05,BREAD,Pump SWRL,0,8,8,3,0,0,5,0,2,2,2,0,0,0
2018-12-05,BREAD,MP SWRL,6,8,14,5,0,1,8,0,2,2,2,0,0,0
2018-12-05,BREAD,CNE,0,34,34,10,21,0,3,0,3,3,1,0,0,2
2018-12-05,BREAD,CNR,0,6,6,4,0,0,2,0,0,0,0,0,0,0
2018-12-05,BREAD,CNW,0,6,6,3,0,0,3,0,0,0,0,0,0,0
2018-12-05,BREAD,CH,3,0,3,2,0,1,0,1,0,1,0,0,0,0
2018-12-05,BREAD,CG,0,11,11,-1,0,0,12,0,3,3,2,0,0,1
2018-12-05,BREAD,vs,4,0,4,2,0,2,0,4,0,4,0,0,0,0
2018-12-05,BREAD,SO,0,8,8,1,0,0,7,0,3,3,0,0,0,3
2018-12-05,BREAD,CrO,14,0,14,6,0,8,0,1,0,1,1,0,0,0
2018-12-05,BREAD,SOURDOUGH,0,7,7,0,0,0,7,0,0,0,0,0,0,0
2018-12-05,BREAD,cc,0,3,3,0,0,0,3,0,0,0,0,0,0,0
2018-12-05,BREAD,cj,0,3,3,3,0,0,0,0,0,0,0,0,0,0
2018-12-05,BREAD,rg,0,3,3,0,0,0,3,0,0,0,0,0,0,0
2018-12-05,BREAD,borg,0,3,3,0,0,0,3,0,0,0,0,0,0,0
2018-12-05,BREAD,cb,0,0,0,0,0,0,0,0,0,0,0,0,0,0
2018-12-05,BREAD,AA,0,2,2,2,0,0,0,0,0,0,0,0,0,0
2018-12-05,BREAD,GW BUNS,0,0,0,0,0,0,0,0,0,0,0,0,0,0
2018-12-05,BREAD,BUT-RLS,0,14,14,2,0,0,12,0,0,0,0,0,0,0
2018-12-05,BREAD,CRO-RLS,0,0,0,0,0,0,0,0,0,0,0,0,0,0
2018-12-05,BREAD,H-RLS,3,2,5,1,0,2,2,0,0,0,0,0,0,0
2018-12-05,BREAD,FR-RLS,3,0,3,0,0,3,0,0,0,0,0,0,0,0
2018-12-05,BREAD,VS-RLS,2,0,2,2,0,0,0,0,0,0,0,0,0,0
2018-12-05,BREAD,BLUE STRU,2,4,6,3,0,0,3,0,0,0,0,0,0,0
2018-12-05,BREAD,Pump CH,2,10,12,2,2,0,8,0,0,0,0,0,0,0
2018-12-05,BREAD,PUmp Cru,1,5,6,1,0,0,5,0,0,0,0,0,0,0
2018-12-05,BREAD,MEX CHOC,1,7,8,4,0,0,4,0,0,0,0,0,0,0
2018-12-05,ROLLS,Cinnamon,0,36,36,24,8,4,0,0,0,0,0,0,0,0
2018-12-05,ROLLS,Take-N-Bake,0,0,0,0,0,0,0,0,0,0,0,0,0,0
2018-12-05,ROLLS,Mini C-Roll,0,72,72,0,72,0,0,0,0,0,0,0,0,0
2018-12-05,SCONES,Blueberry,0,0,0,0,0,0,0,0,0,0,0,0,0,0
2018-12-05,SCONES,Rasp Cream,0,26,26,12,4,10,0,0,4,4,1,0,0,0
2018-12-05,SCONES,Cherry,0,0,0,0,0,0,0,0,0,0,0,0,0,0
2018-12-05,SCONES,Butt Almond,0,0,0,0,0,0,0,0,0,0,0,0,0,0
2018-12-05,SCONES,Turtle,0,17,17,16,0,1,0,0,3,3,1,0,0,0
2018-12-05,SCONES,Cin Chip,0,0,0,0,0,0,0,0,0,0,0,0,0,0
2018-12-05,SCONES,Cran Orange,0,14,14,14,0,0,0,0,3,3,1,0,0,0
2018-12-05,FRUIT BARS,Mixed Berry,0,8,8,3,1,4,0,0,0,0,0,0,0,0
2018-12-05,FRUIT BARS,Cherry,0,12,12,7,1,4,0,0,0,0,0,0,0,0
2018-12-05,FRUIT BARS,Apple Cin,0,0,0,0,0,0,0,0,0,0,0,0,0,0
2018-12-05,FRUIT BARS,Cran-Apple,0,0,0,0,0,0,0,0,0,0,0,0,0,0
2018-12-05,MUFFINS,BLUE STRU,0,7,7,3,0,4,0,0,2,2,0,0,0,0
2018-12-05,MUFFINS,Pump Choc,0,10,10,5,0,5,0,0,3,3,0,0,0,0
2018-12-05,MUFFINS,Pump Crumb,0,7,7,2,0,5,0,0,2,2,-1,0,0,0
2018-12-05,MUFFINS,Mex Choc,0,8,8,2,0,6,0,0,1,1,1,0,0,0
2018-12-05,MUFFINS,Cookies,0,0,0,0,0,0,0,0,0,0,0,0,0,0
2018-12-05,MUFFINS,Bars,0,0,0,0,0,0,0,0,0,0,0,0,0,0
2018-12-05,MUFFINS,Oatmeal CC,6,30,36,-2,14,9,15,0,0,0,0,0,0,0
2018-12-05,MUFFINS,cran Choc,6,12,18,18,0,0,0,0,0,0,0,0,0,0
2018-12-05,MUFFINS,Triple Choc,1,36,37,2,15,0,20,0,0,0,0,0,0,0
2018-12-05,MUFFINS,SNICKEDOODLE,0,36,36,21,15,0,0,0,0,0,0,0,0,0
2018-12-05,MUFFINS,frosted,9,7,16,16,0,0,0,0,0,0,0,0,0,0
2018-12-05,MUFFINS,Kahuna,0,0,0,0,0,0,0,0,0,0,0,0,0,0
2018-12-05,MUFFINS,Brownies,8,0,8,-2,0,10,0,0,0,0,0,0,0,0
2018-12-05,MUFFINS,Pump Bars,9,10,19,-5,0,14,10,0,0,0,0,0,0,0
2018-12-05,MUFFINS,Pump OHHH,16,0,16,13,0,0,3,2,0,2,0,0,0,2
2018-12-05,MUFFINS,Bread Pudding,3,0,3,1,0,0,2,1,0,1,0,0,0,0
2018-12-05,MUFFINS,Totals,58,348,406,150,130,76,50,3,18,20,3,0,0,2
2018-12-06,BREAD,H,31,19,50,16,1,0,33,0,0,0,0,0,0,0
2018-12-06,BREAD,FR,28,28,56,46,1,0,9,0,0,0,0,0,0,0
2018-12-06,BREAD,GW,14,3,17,4,0,10,3,0,0,0,0,0,0,0
2018-12-06,BREAD,DK,13,0,13,8,0,0,5,0,0,0,0,0,0,0
2018-12-06,BREAD,H5,4,26,30,8,0,0,22,0,0,0,0,0,0,0
2018-12-06,BREAD,CSRWL,8,16,24,13,0,0,11,1,3,4,4,0,0,0
2018-12-06,BREAD,Pump SWRL,5,0,5,3,0,2,0,0,0,0,0,0,0,0
2018-12-06,BREAD,MP SWRL,8,8,16,8,0,2,6,0,2,2,1,0,0,1
2018-12-06,BREAD,CNE,3,0,3,0,0,3,0,2,0,2,2,0,0,0
2018-12-06,BREAD,CNR,2,0,2,2,0,0,0,0,0,0,0,0,0,0
2018-12-06,BREAD,CNW,3,0,3,3,0,0,0,0,0,0,0,0,0,0
2018-12-06,BREAD,CH,0,6,6,5,0,0,1,0,3,3,1,0,0,2
2018-12-06,BREAD,CG,12,0,12,8,0,4,0,1,0,1,0,0,0,0
2018-12-06,BREAD,vs,0,12,12,2,0,0,10,0,3,3,1,0,0,2
2018-12-06,BREAD,SO,7,0,7,1,0,6,0,3,0,3,-1,0,0,0
2018-12-06,BREAD,CrO,0,18,18,3,0,0,15,0,3,3,0,0,0,3
2018-12-06,BREAD,SOURDOUGH,7,0,7,6,0,1,0,0,0,0,0,0,0,0
2018-12-06,BREAD,cc,3,0,3,2,0,1,0,0,0,0,0,0,0,0
2018-12-06,BREAD,cj,0,0,0,-1,0,1,0,0,0,0,0,0,0,0
2018-12-06,BREAD,rg,3,0,3,3,0,0,0,0,0,0,0,0,0,0
2018-12-06,BREAD,borg,3,0,3,1,0,2,0,0,0,0,0,0,0,0
2018-12-06,BREAD,cb,0,25,25,11,0,0,14,0,4,4,2,0,0,2
2018-12-06,BREAD,AA,0,0,0,0,0,0,0,0,0,0,0,0,0,0
2018-12-06,BREAD,IHF,0,28,28,18,0,0,10,0,0,0,0,0,0,0
2018-12-06,BREAD,GW BUNS,0,0,0,0,0,0,0,0,0,0,0,0,0,0
2018-12-06,BREAD,GF,0,28,28,28,0,0,0,0,0,0,0,0,0,0
2018-12-06,BREAD,BUT-RLS,12,0,12,1,0,11,0,0,0,0,0,0,0,0
2018-12-06,BREAD,CRO-RLS,0,0,0,0,0,0,0,0,0,0,0,0,0,0
2018-12-06,BREAD,H-RLS,2,2,4,1,0,0,3,0,0,0,0,0,0,0
2018-12-06,BREAD,FR-RLS,0,0,0,0,0,0,0,0,0,0,0,0,0,0
2018-12-06,BREAD,VS-RLS,0,4,4,2,0,0,2,0,0,0,0,0,0,0
2018-12-06,BREAD,BLUE STRU,3,3,6,5,0,0,1,0,0,0,0,0,0,0
2018-12-06,BREAD,Pump CH,8,4,12,0,2,8,2,0,0,0,0,0,0,0
2018-12-06,BREAD,PUmp Cru,5,3,8,2,2,3,1,0,0,0,0,0,0,0
2018-12-06,BREAD,MEX CHOC,4,6,10,1,2,4,3,0,0,0,0,0,0,0
2018-12-06,ROLLS,Cinnamon,0,168,168,26,142,0,0,0,0,0,0,0,0,0
2018-12-06,ROLLS,Take-N-Bake,0,0,0,0,0,0,0,0,0,0,0,0,0,0
2018-12-06,ROLLS,Mini C-Roll,0,72,72,0,72,0,0,0,0,0,0,0,0,0
2018-12-06,SCONES,Blueberry,0,19,19,10,0,9,0,0,2,2,2,0,0,0
2018-12-06,SCONES,Rasp Cream,0,0,0,0,0,0,0,0,0,0,0,0,0,0
2018-12-06,SCONES,Cherry,0,0,0,0,0,0,0,0,0,0,0,0,0,0
2018-12-06,SCONES,Butt Almond,0,0,0,0,0,0,0,0,0,0,0,0,0,0
2018-12-06,SCONES,Turtle,0,16,16,8,0,8,0,0,2,2,2,0,0,0
2018-12-06,SCONES,Cin Chip,0,0,0,0,0,0,0,0,0,0,0,0,0,0
2018-12-06,SCONES,Cran Orange,0,14,14,8,0,6,0,0,2,2,2,0,0,0
2018-12-06,FRUIT BARS,Mixed Berry,0,0,0,0,0,0,0,0,0,0,0,0,0,0
2018-12-06,FRUIT BARS,Cherry,0,0,0,0,0,0,0,0,0,0,0,0,0,0
2018-12-06,FRUIT BARS,Apple Cin,0,12,12,9,0,3,0,0,0,0,0,0,0,0
2018-12-06,FRUIT BARS,Cran-Apple,0,8,8,7,0,1,0,0,0,0,0,0,0,0
2018-12-06,MUFFINS,BLUE STRU,0,8,8,5,0,3,0,0,2,2,2,0,0,0
2018-12-06,MUFFINS,Pump Choc,0,8,8,8,0,0,0,0,2,2,2,0,0,0
2018-12-06,MUFFINS,Pump Crumb,0,6,6,3,0,3,0,0,1,1,1,0,0,0
2018-12-06,MUFFINS,Mex Choc,0,7,7,2,0,5,0,0,1,1,1,0,0,0
2018-12-06,MUFFINS,Cookies,0,0,0,0,0,0,0,0,0,0,0,0,0,0
2018-12-06,MUFFINS,Bars,0,0,0,0,0,0,0,0,0,0,0,0,0,0
2018-12-06,MUFFINS,Oatmeal CC,15,6,21,4,0,15,2,0,4,4,0,0,0,0
2018-12-06,MUFFINS,cran Choc,0,24,24,18,0,0,6,0,0,0,0,0,0,0
2018-12-06,MUFFINS,Triple Choc,20,0,20,11,0,6,3,0,4,4,0,0,0,0
2018-12-06,MUFFINS,SNICKEDOODLE,0,24,24,9,0,0,15,0,4,4,0,0,0,0
2018-12-06,MUFFINS,frosted,0,18,18,6,0,0,12,0,0,0,0,0,0,0
2018-12-06,MUFFINS,Kahuna,0,0,0,0,0,0,0,0,0,0,0,0,0,0
2018-12-06,MUFFINS,Brownies,0,20,20,10,0,0,10,0,0,0,0,0,0,0
2018-12-06,MUFFINS,Pump Bars,10,0,10,1,0,9,0,0,0,0,0,0,0,0
2018-12-06,MUFFINS,Pump OHHH,3,0,3,-2,0,0,5,2,0,2,2,0,0,0
2018-12-06,MUFFINS,Bread Pudding,2,0,2,1,0,0,1,0,0,0,0,0,0,0
2018-12-06,MUFFINS,Totals,50,430,480,144,214,68,54,2,24,26,14,0,0,0
2018-12-07,BREAD,H,33,22,55,21,1,0,33,0,0,0,0,0,0,0
2018-12-07,BREAD,FR,9,40,49,-25,34,0,40,0,0,0,0,0,0,0
2018-12-07,BREAD,GW,3,9,12,3,0,0,9,0,0,0,0,0,0,0
2018-12-07,BREAD,DK,5,20,25,8,0,0,17,0,0,0,0,0,0,0
2018-12-07,BREAD,H5,22,0,22,7,0,0,15,0,0,0,0,0,0,0
2018-12-07,BREAD,CSRWL,11,16,27,13,1,0,13,0,6,6,0,0,0,6
2018-12-07,BREAD,Pump SWRL,0,12,12,0,0,0,12,0,2,2,2,0,0,0
2018-12-07,BREAD,MP SWRL,6,8,14,2,0,3,9,1,2,3,-1,0,0,1
2018-12-07,BREAD,CNE,0,11,11,11,0,0,0,0,5,5,3,0,0,2
2018-12-07,BREAD,CNR,0,8,8,0,0,0,8,0,0,0,0,0,0,0
2018-12-07,BREAD,CNW,0,8,8,3,0,0,5,0,0,0,0,0,0,0
2018-12-07,BREAD,CH,1,0,1,1,0,0,0,2,0,2,2,0,0,0
2018-12-07,BREAD,CG,0,0,0,-7,0,0,7,0,0,0,0,0,0,0
2018-12-07,BREAD,vs,10,0,10,2,0,8,0,2,0,2,0,0,0,0
2018-12-07,BREAD,SO,0,7,7,1,0,0,6,0,2,2,1,0,0,1
2018-12-07,BREAD,CrO,15,0,15,7,0,8,0,3,0,3,2,0,0,0
2018-12-07,BREAD,SOURDOUGH,0,4,4,2,0,0,2,0,0,0,0,0,0,0
2018-12-07,BREAD,cc,0,3,3,0,0,0,3,0,0,0,0,0,0,0
2018-12-07,BREAD,cj,0,3,3,0,0,0,3,0,0,0,0,0,0,0
2018-12-07,BREAD,rg,0,3,3,0,0,0,3,0,0,0,0,0,0,0
2018-12-07,BREAD,borg,0,3,3,1,0,0,2,0,0,0,0,0,0,0
2018-12-07,BREAD,cb,14,0,14,6,0,8,0,2,0,2,0,0,0,0
2018-12-07,BREAD,AA,0,2,2,2,0,0,0,0,0,0,0,0,0,0
2018-12-07,BREAD,GW BUNS,0,0,0,0,0,0,0,0,0,0,0,0,0,0
2018-12-07,BREAD,BUT-RLS,0,19,19,6,0,0,13,0,0,0,0,0,0,0
2018-12-07,BREAD,CRO-RLS,0,0,0,0,0,0,0,0,0,0,0,0,0,0
2018-12-07,BREAD,H-RLS,3,3,6,0,0,3,3,0,0,0,0,0,0,0
2018-12-07,BREAD,FR-RLS,0,0,0,0,0,0,0,0,0,0,0,0,0,0
2018-12-07,BREAD,VS-RLS,2,0,2,2,0,0,0,0,0,0,0,0,0,0
2018-12-07,BREAD,BLUE STRU,1,5,6,-1,0,2,5,0,0,0,0,0,0,0
2018-12-07,BREAD,Pump CH,2,8,10,3,2,0,5,0,0,0,0,0,0,0
2018-12-07,BREAD,PUmp Cru,1,5,6,1,0,1,4,0,0,0,0,0,0,0
2018-12-07,BREAD,MEX CHOC,3,5,8,1,0,2,5,0,0,0,0,0,0,0
2018-12-07,ROLLS,Cinnamon,0,36,36,23,0,13,0,0,0,0,0,0,0,0
2018-12-07,ROLLS,Xmas Tree,0,2,2,0,0,0,2,0,0,0,0,0,0,0
2018-12-07,ROLLS,Mini C-Roll,0,0,0,0,0,0,0,0,0,0,0,0,0,0
2018-12-07,SCONES,Blueberry,0,0,0,0,0,0,0,0,0,0,0,0,0,0
2018-12-07,SCONES,Rasp Cream,0,0,0,0,0,0,0,0,0,0,0,0,0,0
2018-12-07,SCONES,Cherry,0,2,2,-8,0,10,0,0,4,4,1,0,0,0
2018-12-07,SCONES,Butt Almond,0,18,18,18,0,0,0,0,3,3,2,0,0,0
2018-12-07,SCONES,Turtle,0,0,0,0,0,0,0,0,0,0,0,0,0,0
2018-12-07,SCONES,Cin Chip,0,0,0,0,0,0,0,0,0,0,0,0,0,0
2018-12-07,SCONES,Cran Orange,0,12,12,8,0,4,0,0,4,4,0,0,0,0
2018-12-07,FRUIT BARS,Mixed Berry,0,8,8,7,1,0,0,0,0,0,0,0,0,0
2018-12-07,FRUIT BARS,Cherry,0,12,12,2,1,9,0,0,0,0,0,0,0,0
2018-12-07,FRUIT BARS,Apple Cin,0,0,0,0,0,0,0,0,0,0,0,0,0,0
2018-12-07,FRUIT BARS,Cran-Apple,0,0,0,0,0,0,0,0,0,0,0,0,0,0
2018-12-07,MUFFINS,BLUE STRU,0,6,6,3,0,3,0,0,2,2,0,0,0,0
2018-12-07,MUFFINS,Pump Choc,0,8,8,1,0,7,0,0,2,2,0,0,0,0
2018-12-07,MUFFINS,Pump Crumb,0,6,6,3,0,3,0,0,2,2,0,0,0,0
2018-12-07,MUFFINS,Mex Choc,0,8,8,1,0,7,0,0,2,2,0,0,0,0
2018-12-07,MUFFINS,Cookies,0,0,0,0,0,0,0,0,0,0,0,0,0,0
2018-12-07,MUFFINS,Bars,0,0,0,0,0,0,0,0,0,0,0,0,0,0
2018-12-07,MUFFINS,Oatmeal CC,2,30,32,2,9,6,15,0,0,0,0,0,0,0
2018-12-07,MUFFINS,cran Choc,6,12,18,10,0,0,8,0,0,0,0,0,0,0
2018-12-07,MUFFINS,Triple Choc,3,30,33,6,9,1,17,0,0,0,0,0,0,0
2018-12-07,MUFFINS,SNICKEDOODLE,15,24,39,7,15,6,11,0,0,0,0,0,0,0
2018-12-07,MUFFINS,Pie-SC,0,1,1,0,1,0,0,0,0,0,0,0,0,0
2018-12-07,MUFFINS,Pump,0,0,0,0,0,0,0,0,0,0,0,0,0,0
2018-12-07,MUFFINS,frosted,12,12,24,11,0,2,11,0,0,0,0,0,0,0
2018-12-07,MUFFINS,Pie-Pec,0,0,0,0,0,0,0,0,0,0,0,0,0,0
2018-12-07,MUFFINS,Apl,0,0,0,0,0,0,0,0,0,0,0,0,0,0
2018-12-07,MUFFINS,Brownies,10,10,20,10,0,0,10,0,0,0,0,0,0,0
2018-12-07,MUFFINS,Pump Bars,0,10,10,-2,0,2,10,0,0,0,0,0,0,0
2018-12-07,MUFFINS,Pump OHHH,5,0,5,3,0,0,2,0,0,0,0,0,0,0
2018-12-07,MUFFINS,Bread Pudding,1,0,1,0,0,0,1,0,0,0,0,0,0,0
2018-12-07,MUFFINS,Totals,54,247,301,105,36,73,87,0,19,19,3,0,0,0
2018-12-08,BREAD,H,33,0,33,19,0,14,0,0,0,0,0,0,0,0
2018-12-08,BREAD,FR,40,0,40,14,0,26,0,0,0,0,0,0,0,0
2018-12-08,BREAD,GW,9,0,9,5,0,4,0,0,0,0,0,0,0,0
2018-12-08,BREAD,DK,17,0,17,7,0,10,0,0,0,0,0,0,0,0
2018-12-08,BREAD,H5,15,0,15,5,0,10,0,0,0,0,0,0,0,0
2018-12-08,BREAD,CSRWL,13,21,34,18,16,0,0,6,0,6,3,0,0,0
2018-12-08,BREAD,Pump SWRL,12,0,12,8,0,4,0,0,2,2,1,0,0,0
2018-12-08,BREAD,MP SWRL,9,4,13,10,0,3,0,1,2,3,1,0,0,0
2018-12-08,BREAD,CNE,0,0,0,0,0,0,0,2,0,2,2,0,0,0
2018-12-08,BREAD,CNR,8,0,8,2,0,6,0,0,0,0,0,0,0,0
2018-12-08,BREAD,CNW,5,0,5,1,0,4,0,0,0,0,0,0,0,0
2018-12-08,BREAD,CH,0,0,0,0,0,0,0,0,0,0,0,0,0,0
2018-12-08,BREAD,CG,7,0,7,7,0,0,0,0,0,0,-2,0,0,0
2018-12-08,BREAD,vs,0,0,0,0,0,0,0,0,0,0,0,0,0,0
2018-12-08,BREAD,SO,6,0,6,4,0,2,0,1,0,1,0,0,0,0
2018-12-08,BREAD,CrO,0,7,7,7,0,0,0,0,3,3,3,0,0,0
2018-12-08,BREAD,SOURDOUGH,2,0,2,2,0,0,0,0,0,0,0,0,0,0
2018-12-08,BREAD,cc,3,0,3,1,0,2,0,0,0,0,0,0,0,0
2018-12-08,BREAD,cj,3,0,3,3,0,0,0,0,0,0,0,0,0,0
2018-12-08,BREAD,rg,3,0,3,3,0,0,0,0,0,0,0,0,0,0
2018-12-08,BREAD,borg,2,0,2,2,0,0,0,0,0,0,0,0,0,0
2018-12-08,BREAD,cb,0,11,11,11,0,0,0,0,4,4,4,0,0,0
2018-12-08,BREAD,AA,0,0,0,0,0,0,0,0,0,0,0,0,0,0
2018-12-08,BREAD,GW BUNS,0,0,0,0,0,0,0,0,0,0,0,0,0,0
2018-12-08,BREAD,BUT-RLS,13,0,13,8,0,5,0,0,0,0,0,0,0,0
2018-12-08,BREAD,CRO-RLS,0,0,0,0,0,0,0,0,0,0,0,0,0,0
2018-12-08,BREAD,H-RLS,3,0,3,3,0,0,0,0,0,0,0,0,0,0
2018-12-08,BREAD,FR-RLS,0,0,0,0,0,0,0,0,0,0,0,0,0,0
2018-12-08,BREAD,VS-RLS,0,0,0,0,0,0,0,0,0,0,0,0,0,0
2018-12-08,BREAD,BLUE STRU,5,0,5,1,0,4,0,0,0,0,0,0,0,0
2018-12-08,BREAD,Pump CH,5,0,5,1,0,4,0,0,0,0,0,0,0,0
2018-12-08,BREAD,PUmp Cru,4,0,4,0,0,4,0,0,0,0,0,0,0,0
2018-12-08,BREAD,MEX CHOC,5,0,5,1,0,4,0,0,0,0,0,0,0,0
2018-12-08,ROLLS,Cinnamon,0,48,48,32,0,16,0,0,0,0,0,0,0,0
2018-12-08,ROLLS,Take-N-Bake,2,0,2,2,0,0,0,0,0,0,0,0,0,0
2018-12-08,ROLLS,Mini C-Roll,0,0,0,0,0,0,0,0,0,0,0,0,0,0
2018-12-08,SCONES,Blueberry,0,18,18,13,0,5,0,0,3,3,2,0,0,0
2018-12-08,SCONES,Rasp Cream,0,0,0,0,0,0,0,0,0,0,0,0,0,0
2018-12-08,SCONES,Cherry,0,0,0,0,0,0,0,0,0,0,0,0,0,0
2018-12-08,SCONES,Butt Almond,0,20,20,15,0,5,0,0,3,3,0,0,0,0
2018-12-08,SCONES,Turtle,0,0,0,0,0,0,0,0,0,0,0,0,0,0
2018-12-08,SCONES,Cin Chip,0,0,0,0,0,0,0,0,0,0,0,0,0,0
2018-12-08,SCONES,Cran Orange,0,16,16,12,0,4,0,0,3,3,2,0,0,0
2018-12-08,FRUIT BARS,Mixed Berry,0,0,0,0,0,0,0,0,0,0,0,0,0,0
2018-12-08,FRUIT BARS,Cherry,0,0,0,0,0,0,0,0,0,0,0,0,0,0
2018-12-08,FRUIT BARS,Apple Cin,0,12,12,11,0,1,0,0,0,0,0,0,0,0
2018-12-08,FRUIT BARS,Cran-Apple,0,8,8,4,0,4,0,0,0,0,0,0,0,0
2018-12-08,MUFFINS,BLUE STRU,0,6,6,6,0,0,0,0,2,2,1,0,0,0
2018-12-08,MUFFINS,Pump Choc,0,6,6,6,0,0,0,0,2,2,1,0,0,0
2018-12-08,MUFFINS,Pump Crumb,0,8,8,6,0,2,0,0,2,2,0,0,0,0
2018-12-08,MUFFINS,Mex Choc,0,6,6,5,0,1,0,0,2,2,0,0,0,0
2018-12-08,MUFFINS,Cookies,0,0,0,0,0,0,0,0,0,0,0,0,0,0
2018-12-08,MUFFINS,Bars,0,0,0,0,0,0,0,0,0,0,0,0,0,0
2018-12-08,MUFFINS,Oatmeal CC,15,0,15,15,0,0,0,0,0,0,0,0,0,0
2018-12-08,MUFFINS,cran Choc,8,6,14,14,0,0,0,0,0,0,0,0,0,0
2018-12-08,MUFFINS,Triple Choc,17,0,17,16,0,1,0,0,0,0,0,0,0,0
2018-12-08,MUFFINS,SNICKEDOODLE,11,0,11,11,0,0,0,0,0,0,0,0,0,0
2018-12-08,MUFFINS,Pie-SC,0,0,0,-2,0,2,0,0,0,0,0,0,0,0
2018-12-08,MUFFINS,Pump,0,0,0,-2,0,2,0,0,0,0,0,0,0,0
2018-12-08,MUFFINS,frosted,11,0,11,11,0,0,0,0,0,0,0,0,0,0
2018-12-08,MUFFINS,Pie-Pec,0,0,0,-1,0,1,0,0,0,0,0,0,0,0
2018-12-08,MUFFINS,Apl,0,0,0,-1,0,1,0,0,0,0,0,0,0,0
2018-12-08,MUFFINS,Brownies,10,0,10,6,0,4,0,0,0,0,0,0,0,0
2018-12-08,MUFFINS,Pump Bars,10,0,10,7,0,3,0,0,0,0,0,0,0,0
2018-12-08,MUFFINS,Pump OHHH,2,0,2,2,0,0,0,0,0,0,0,0,0,0
2018-12-08,MUFFINS,Bread Pudding,1,0,1,1,0,0,0,0,0,0,0,0,0,0
2018-12-08,MUFFINS,Totals,87,154,241,192,0,49,0,0,17,17,3,0,0,0
2018-12-09,BREAD,H,0,0,0,0,0,0,0,0,0,0,0,0,0,0
2018-12-09,BREAD,FR,0,0,0,0,0,0,0,0,0,0,0,0,0,0
2018-12-09,BREAD,GW,0,0,0,0,0,0,0,0,0,0,0,0,0,0
2018-12-09,BREAD,DK,0,0,0,0,0,0,0,0,0,0,0,0,0,0
2018-12-09,BREAD,H5,0,0,0,0,0,0,0,0,0,0,0,0,0,0
2018-12-09,BREAD,CSRWL,0,0,0,0,0,0,0,0,0,0,0,0,0,0
2018-12-09,BREAD,Pump SWRL,0,0,0,0,0,0,0,0,0,0,0,0,0,0
2018-12-09,BREAD,MP SWRL,0,0,0,0,0,0,0,0,0,0,0,0,0,0
2018-12-09,BREAD,CNE,0,0,0,0,0,0,0,0,0,0,0,0,0,0
2018-12-09,BREAD,CNR,0,0,0,0,0,0,0,0,0,0,0,0,0,0
2018-12-09,BREAD,CNW,0,0,0,0,0,0,0,0,0,0,0,0,0,0
2018-12-09,BREAD,CG,0,0,0,0,0,0,0,0,0,0,0,0,0,0
2018-12-09,BREAD,vs,0,0,0,0,0,0,0,0,0,0,0,0,0,0
2018-12-09,BREAD,SO,0,0,0,0,0,0,0,0,0,0,0,0,0,0
2018-12-09,BREAD,CrO,0,0,0,0,0,0,0,0,0,0,0,0,0,0
2018-12-09,BREAD,SOURDOUGH,0,0,0,0,0,0,0,0,0,0,0,0,0,0
2018-12-09,BREAD,cc,0,0,0,0,0,0,0,0,0,0,0,0,0,0
2018-12-09,BREAD,cj,0,0,0,0,0,0,0,0,0,0,0,0,0,0
2018-12-09,BREAD,rg,0,0,0,0,0,0,0,0,0,0,0,0,0,0
2018-12-09,BREAD,borg,0,0,0,0,0,0,0,0,0,0,0,0,0,0
2018-12-09,BREAD,CH,0,0,0,0,0,0,0,0,0,0,0,0,0,0
2018-12-09,BREAD,CB,0,0,0,0,0,0,0,0,0,0,0,0,0,0
2018-12-09,BREAD,AA,0,0,0,0,0,0,0,0,0,0,0,0,0,0
2018-12-09,BREAD,GW BUNS,0,0,0,0,0,0,0,0,0,0,0,0,0,0
2018-12-09,BREAD,BUT-RLS,0,0,0,0,0,0,0,0,0,0,0,0,0,0
2018-12-09,BREAD,CRO-RLS,0,0,0,0,0,0,0,0,0,0,0,0,0,0
2018-12-09,BREAD,H-RLS,0,0,0,0,0,0,0,0,0,0,0,0,0,0
2018-12-09,BREAD,FR-RLS,0,0,0,0,0,0,0,0,0,0,0,0,0,0
2018-12-09,BREAD,VS-RLS,0,0,0,0,0,0,0,0,0,0,0,0,0,0
2018-12-09,BREAD,BLUE STRU,0,0,0,0,0,0,0,0,0,0,0,0,0,0
2018-12-09,BREAD,Pump CH,0,0,0,0,0,0,0,0,0,0,0,0,0,0
2018-12-09,BREAD,PUmp Cru,0,0,0,0,0,0,0,0,0,0,0,0,0,0
2018-12-09,BREAD,MEX CHOC,0,0,0,0,0,0,0,0,0,0,0,0,0,0
2018-12-09,ROLLS,Cinnamon,0,0,0,0,0,0,0,0,0,0,0,0,0,0
2018-12-09,ROLLS,Take-N-Bake,0,0,0,0,0,0,0,0,0,0,0,0,0,0
2018-12-09,ROLLS,Mini C-Roll,0,0,0,0,0,0,0,0,0,0,0,0,0,0
2018-12-09,SCONES,Blueberry,0,0,0,0,0,0,0,0,0,0,0,0,0,0
2018-12-09,SCONES,Rasp Cream,0,0,0,0,0,0,0,0,0,0,0,0,0,0
2018-12-09,SCONES,Cherry,0,0,0,0,0,0,0,0,0,0,0,0,0,0
2018-12-09,SCONES,Butt Almond,0,0,0,0,0,0,0,0,0,0,0,0,0,0
2018-12-09,SCONES,Turtle,0,0,0,0,0,0,0,0,0,0,0,0,0,0
2018-12-09,SCONES,Cin Chip,0,0,0,0,0,0,0,0,0,0,0,0,0,0
2018-12-09,SCONES,Cran Orange,0,0,0,0,0,0,0,0,0,0,0,0,0,0
2018-12-09,FRUIT BARS,Mixed Berry,0,0,0,0,0,0,0,0,0,0,0,0,0,0
2018-12-09,FRUIT BARS,Cherry,0,0,0,0,0,0,0,0,0,0,0,0,0,0
2018-12-09,FRUIT BARS,Apple Cin,0,0,0,0,0,0,0,0,0,0,0,0,0,0
2018-12-09,FRUIT BARS,Cran-Apple,0,0,0,0,0,0,0,0,0,0,0,0,0,0
2018-12-09,MUFFINS,BLUE STRU,0,0,0,0,0,0,0,0,0,0,0,0,0,0
2018-12-09,MUFFINS,Pump Choc,0,0,0,0,0,0,0,0,0,0,0,0,0,0
2018-12-09,MUFFINS,Pump Crumb,0,0,0,0,0,0,0,0,0,0,0,0,0,0
2018-12-09,MUFFINS,Mex Choc,0,0,0,0,0,0,0,0,0,0,0,0,0,0
2018-12-09,MUFFINS,Cookies,0,0,0,0,0,0,0,0,0,0,0,0,0,0
2018-12-09,MUFFINS,Bars,0,0,0,0,0,0,0,0,0,0,0,0,0,0
2018-12-09,MUFFINS,Oatmeal CC,0,0,0,0,0,0,0,0,0,0,0,0,0,0
2018-12-09,MUFFINS,cran Choc,0,0,0,0,0,0,0,0,0,0,0,0,0,0
2018-12-09,MUFFINS,Triple Choc,0,0,0,0,0,0,0,0,0,0,0,0,0,0
2018-12-09,MUFFINS,SNICKEDOODLE,0,0,0,0,0,0,0,0,0,0,0,0,0,0
2018-12-09,MUFFINS,frosted,0,0,0,0,0,0,0,0,0,0,0,0,0,0
2018-12-09,MUFFINS,Kahuna,0,0,0,0,0,0,0,0,0,0,0,0,0,0
2018-12-09,MUFFINS,Brownies,0,0,0,0,0,0,0,0,0,0,0,0,0,0
2018-12-09,MUFFINS,Pump Bars,0,0,0,0,0,0,0,0,0,0,0,0,0,0
2018-12-09,MUFFINS,Pump OHHH,0,0,0,0,0,0,0,0,0,0,0,0,0,0
2018-12-09,MUFFINS,Bread Pudding,0,0,0,0,0,0,0,0,0,0,0,0,0,0
2018-12-09,MUFFINS,Totals,0,0,0,0,0,0,0,0,0,0,0,0,0,0
2018-12-10,BREAD,H,0,36,36,17,0,0,19,0,0,0,0,0,0,0
2018-12-10,BREAD,FR,0,40,40,16,20,0,4,0,0,0,0,0,0,0
2018-12-10,BREAD,GW,0,14,14,10,0,0,4,0,0,0,0,0,0,0
2018-12-10,BREAD,DK,0,22,22,16,0,0,6,0,0,0,0,0,0,0
2018-12-10,BREAD,H5,0,0,0,0,0,0,0,0,0,0,0,0,0,0
2018-12-10,BREAD,CSRWL,0,20,20,12,1,0,7,0,6,6,1,0,0,5
2018-12-10,BREAD,Pump SWRL,0,12,12,2,0,0,10,0,2,2,1,0,0,1
2018-12-10,BREAD,MP SWRL,0,12,12,7,1,0,4,0,2,2,2,0,0,0
2018-12-10,BREAD,CNE,0,46,46,28,16,0,2,0,4,4,3,0,0,1
2018-12-10,BREAD,CNR,0,4,4,4,0,0,0,0,0,0,0,0,0,0
2018-12-10,BREAD,CNW,0,4,4,2,0,0,2,0,0,0,0,0,0,0
2018-12-10,BREAD,CH,0,0,0,0,0,0,0,0,0,0,0,0,0,0
2018-12-10,BREAD,CG,0,12,12,8,0,0,4,0,4,4,0,0,0,4
2018-12-10,BREAD,vs,0,0,0,0,0,0,0,0,0,0,0,0,0,0
2018-12-10,BREAD,SO,0,18,18,12,0,0,6,0,3,3,0,0,0,3
2018-12-10,BREAD,CrO,0,0,0,0,0,0,0,0,0,0,0,0,0,0
2018-12-10,BREAD,SOURDOUGH,0,7,7,7,0,0,0,0,0,0,0,0,0,0
2018-12-10,BREAD,cc,0,3,3,1,0,0,2,0,0,0,0,0,0,0
2018-12-10,BREAD,cj,0,3,3,1,0,0,2,0,0,0,0,0,0,0
2018-12-10,BREAD,rg,0,3,3,3,0,0,0,0,0,0,0,0,0,0
2018-12-10,BREAD,borg,0,3,3,1,0,0,2,0,0,0,0,0,0,0
2018-12-10,BREAD,cb,0,0,0,0,0,0,0,0,0,0,0,0,0,0
2018-12-10,BREAD,AA,0,2,2,1,0,0,1,0,0,0,0,0,0,0
2018-12-10,BREAD,GW BUNS,0,0,0,0,0,0,0,0,0,0,0,0,0,0
2018-12-10,BREAD,CNE tree,0,3,3,0,0,0,3,0,0,0,0,0,0,0
2018-12-10,BREAD,BUT-RLS,0,52,52,5,45,0,2,0,0,0,0,0,0,0
2018-12-10,BREAD,CRO-RLS,0,0,0,0,0,0,0,0,0,0,0,0,0,0
2018-12-10,BREAD,H-RLS,0,3,3,2,0,0,1,0,0,0,0,0,0,0
2018-12-10,BREAD,FR-RLS,0,0,0,0,0,0,0,0,0,0,0,0,0,0
2018-12-10,BREAD,VS-RLS,0,0,0,0,0,0,0,0,0,0,0,0,0,0
2018-12-10,BREAD,BLUE STRU,0,4,4,4,0,0,0,0,0,0,0,0,0,0
2018-12-10,BREAD,Pump CH,0,22,22,6,16,0,0,0,0,0,0,0,0,0
2018-12-10,BREAD,PUmp Cru,0,4,4,4,0,0,0,0,0,0,0,0,0,0
2018-12-10,BREAD,MEX CHOC,0,6,6,3,0,0,3,0,0,0,0,0,0,0
2018-12-10,ROLLS,Cinnamon,0,24,24,13,0,11,0,0,0,0,0,0,0,0
2018-12-10,ROLLS,Xmas tree,0,5,5,0,0,0,5,0,0,0,0,0,0,0
2018-12-10,ROLLS,Mini C-Roll,0,24,24,0,24,0,0,0,0,0,0,0,0,0
2018-12-10,SCONES,Blueberry,0,0,0,0,0,0,0,0,0,0,0,0,0,0
2018-12-10,SCONES,Rasp Cream,0,19,19,8,0,11,0,0,2,2,2,0,0,0
2018-12-10,SCONES,Cherry,0,0,0,0,0,0,0,0,0,0,0,0,0,0
2018-12-10,SCONES,Butt Almond,0,0,0,0,0,0,0,0,0,0,0,0,0,0
2018-12-10,SCONES,Turtle,0,0,0,0,0,0,0,0,0,0,0,0,0,0
2018-12-10,SCONES,Cin Chip,0,13,13,9,0,4,0,0,2,2,0,0,0,0
2018-12-10,SCONES,Cran Orange,0,12,12,12,0,0,0,0,2,2,2,0,0,0
2018-12-10,FRUIT BARS,Mixed Berry,0,8,8,4,0,4,0,0,0,0,0,0,0,0
2018-12-10,FRUIT BARS,Cherry,0,12,12,6,0,6,0,0,0,0,0,0,0,0
2018-12-10,FRUIT BARS,Apple Cin,0,0,0,0,0,0,0,0,0,0,0,0,0,0
2018-12-10,FRUIT BARS,Cran-Apple,0,0,0,0,0,0,0,0,0,0,0,0,0,0
2018-12-10,MUFFINS,BLUE STRU,0,5,5,5,0,0,0,0,1,1,1,0,0,0
2018-12-10,MUFFINS,Pump Choc,0,7,7,7,0,0,0,0,1,1,1,0,0,0
2018-12-10,MUFFINS,Pump Crumb,0,5,5,4,0,1,0,0,1,1,1,0,0,0
2018-12-10,MUFFINS,Mex Choc,0,7,7,3,0,4,0,0,1,1,0,0,0,0
2018-12-10,MUFFINS,Cookies,0,0,0,0,0,0,0,0,0,0,0,0,0,0
2018-12-10,MUFFINS,Bars,0,0,0,0,0,0,0,0,0,0,0,0,0,0
2018-12-10,MUFFINS,Oatmeal CC,0,42,42,11,25,0,6,0,0,0,0,0,0,0
2018-12-10,MUFFINS,cran Choc,0,30,30,10,14,0,6,0,0,0,0,0,0,0
2018-12-10,MUFFINS,Triple Choc,0,42,42,12,24,0,6,0,0,0,0,0,0,0
2018-12-10,MUFFINS,SNICKEDOODLE,0,42,42,16,24,0,2,0,0,0,0,0,0,0
2018-12-10,MUFFINS,frosted,0,18,18,4,0,0,14,0,0,0,0,0,0,0
2018-12-10,MUFFINS,Kahuna,0,0,0,0,0,0,0,0,0,0,0,0,0,0
2018-12-10,MUFFINS,Brownies,0,0,0,0,0,0,0,0,0,0,0,0,0,0
2018-12-10,MUFFINS,Pump Bars,0,10,10,-5,0,0,15,0,0,0,0,0,0,0
2018-12-10,MUFFINS,Pump OHHH,0,0,0,-2,0,0,2,0,0,0,0,0,0,0
2018-12-10,MUFFINS,Bread Pudding,0,0,0,-5,0,0,5,0,0,0,-3,0,0,3
2018-12-10,MUFFINS,Totals,0,325,325,112,111,41,61,0,10,10,4,0,0,3
2018-12-11,BREAD,H,19,21,40,33,0,0,7,0,0,0,0,0,0,0
2018-12-11,BREAD,FR,4,17,21,15,0,0,6,0,0,0,0,0,0,0
2018-12-11,BREAD,GW,4,3,7,1,0,4,2,0,0,0,0,0,0,0
2018-12-11,BREAD,DK,6,0,6,6,0,0,0,0,0,0,0,0,0,0
2018-12-11,BREAD,H5,0,18,18,14,0,0,4,0,0,0,0,0,0,0
2018-12-11,BREAD,CSRWL,7,24,31,1,14,8,8,5,0,5,4,0,0,0
2018-12-11,BREAD,Pump SWRL,10,0,10,10,0,0,0,1,0,1,1,0,0,0
2018-12-11,BREAD,MP SWRL,4,8,12,6,0,0,6,0,2,2,1,0,0,1
2018-12-11,BREAD,CNE,2,54,56,8,48,0,0,1,3,4,4,0,0,0
2018-12-11,BREAD,CNR,0,0,0,0,0,0,0,0,0,0,0,0,0,0
2018-12-11,BREAD,CNW,2,0,2,2,0,0,0,0,0,0,0,0,0,0
2018-12-11,BREAD,CH,0,6,6,2,0,0,4,0,3,3,1,0,0,2
2018-12-11,BREAD,CG,4,0,4,1,0,3,0,4,0,4,3,0,0,0
2018-12-11,BREAD,vs,0,9,9,2,0,0,7,0,3,3,0,0,0,3
2018-12-11,BREAD,SO,6,0,6,3,0,3,0,3,0,3,3,0,0,0
2018-12-11,BREAD,CrO,0,34,34,9,22,0,3,0,0,0,-1,0,0,1
2018-12-11,BREAD,SOURDOUGH,0,0,0,0,0,0,0,0,0,0,0,0,0,0
2018-12-11,BREAD,cc,2,0,2,1,0,1,0,0,0,0,0,0,0,0
2018-12-11,BREAD,cj,2,0,2,1,0,1,0,0,0,0,0,0,0,0
2018-12-11,BREAD,rg,0,0,0,0,0,0,0,0,0,0,0,0,0,0
2018-12-11,BREAD,borg,2,0,2,0,0,2,0,0,0,0,0,0,0,0
2018-12-11,BREAD,cb,0,15,15,6,1,0,8,0,20,20,4,0,0,2
2018-12-11,BREAD,AA,1,0,1,0,0,1,0,0,0,0,0,0,0,0
2018-12-11,BREAD,GF,0,72,72,71,1,0,0,0,0,0,0,0,0,0
2018-12-11,BREAD,CNE tree,3,0,3,0,0,3,0,0,0,0,0,0,0,0
2018-12-11,BREAD,BUT-RLS,2,0,2,2,0,0,0,0,0,0,0,0,0,0
2018-12-11,BREAD,CRO-RLS,0,0,0,0,0,0,0,0,0,0,0,0,0,0
2018-12-11,BREAD,H-RLS,1,7,8,3,4,0,1,0,0,0,0,0,0,0
2018-12-11,BREAD,FR-RLS,0,6,6,1,2,0,3,0,0,0,0,0,0,0
2018-12-11,BREAD,VS-RLS,0,6,6,2,2,0,2,0,0,0,0,0,0,0
2018-12-11,BREAD,BLUE STRU,0,9,9,2,2,0,5,0,0,0,0,0,0,0
2018-12-11,BREAD,Pump CH,0,81,81,2,72,0,7,0,0,0,0,0,0,0
2018-12-11,BREAD,PUmp Cru,0,7,7,3,0,0,4,0,0,0,0,0,0,0
2018-12-11,BREAD,MEX CHOC,3,7,10,2,1,1,6,0,0,0,0,0,0,0
2018-12-11,ROLLS,Cinnamon,0,60,60,21,25,14,0,0,0,0,0,0,0,0
2018-12-11,ROLLS,xmas tree,5,3,8,3,0,2,3,0,0,0,0,0,0,0
2018-12-11,ROLLS,Mini C-Roll,0,48,48,0,48,0,0,0,0,0,0,0,0,0
2018-12-11,SCONES,Blueberry,0,18,18,7,0,11,0,0,2,2,0,0,0,0
2018-12-11,SCONES,Rasp Cream,0,0,0,0,0,0,0,0,0,0,0,0,0,0
2018-12-11,SCONES,Cherry,0,0,0,0,0,0,0,0,0,0,0,0,0,0
2018-12-11,SCONES,Butt Almond,0,0,0,0,0,0,0,0,0,0,0,0,0,0
2018-12-11,SCONES,Turtle,0,0,0,0,0,0,0,0,0,0,0,0,0,0
2018-12-11,SCONES,Cin Chip,0,14,14,5,0,9,0,0,2,2,0,0,0,0
2018-12-11,SCONES,Cran Orange,0,12,12,3,0,9,0,0,2,2,0,0,0,0
2018-12-11,FRUIT BARS,Mixed Berry,0,0,0,0,0,0,0,0,0,0,0,0,0,0
2018-12-11,FRUIT BARS,Cherry,0,0,0,0,0,0,0,0,0,0,0,0,0,0
2018-12-11,FRUIT BARS,Apple Cin,0,12,12,5,0,7,0,0,0,0,0,0,0,0
2018-12-11,FRUIT BARS,Cran-Apple,0,8,8,3,0,5,0,0,0,0,0,0,0,0
2018-12-11,MUFFINS,BLUE STRU,0,6,6,3,0,3,0,0,1,1,1,0,0,0
2018-12-11,MUFFINS,Pump Choc,0,8,8,7,0,1,0,0,1,1,0,0,0,0
2018-12-11,MUFFINS,Pump Crumb,0,6,6,5,0,1,0,0,1,1,0,0,0,0
2018-12-11,MUFFINS,Mex Choc,0,8,8,2,0,6,0,0,1,1,0,0,0,0
2018-12-11,MUFFINS,Cookies,0,0,0,0,0,0,0,0,0,0,0,0,0,0
2018-12-11,MUFFINS,Bars,0,0,0,0,0,0,0,0,0,0,0,0,0,0
2018-12-11,MUFFINS,Oatmeal CC,6,42,48,21,27,0,0,0,0,0,0,0,0,0
2018-12-11,MUFFINS,cran Choc,6,84,90,13,71,0,6,0,0,0,0,0,0,0
2018-12-11,MUFFINS,Triple Choc,6,138,144,11,123,6,4,0,0,0,0,0,0,0
2018-12-11,MUFFINS,SNICKEDOODLE,2,96,98,13,75,1,9,0,0,0,0,0,0,0
2018-12-11,MUFFINS,frosted,14,6,20,2,0,12,6,0,0,0,0,0,0,0
2018-12-11,MUFFINS,Kahuna,0,0,0,0,0,0,0,0,0,0,0,0,0,0
2018-12-11,MUFFINS,Brownies,0,10,10,0,0,0,10,0,0,0,0,0,0,0
2018-12-11,MUFFINS,Pump Bars,15,10,25,14,0,11,0,0,0,0,0,0,0,0
2018-12-11,MUFFINS,Pump OHHH,2,0,2,0,0,0,2,0,0,0,0,0,0,0
2018-12-11,MUFFINS,Bread Pudding,5,0,5,1,0,0,4,3,0,3,-3,0,0,3
2018-12-11,MUFFINS,Totals,61,589,650,139,369,98,44,3,10,10,-2,0,0,3
2018-12-12,BREAD,H,7,36,43,17,2,0,24,0,0,0,0,0,0,0
2018-12-12,BREAD,FR,6,28,34,13,0,0,21,0,0,0,0,0,0,0
2018-12-12,BREAD,GW,2,11,13,2,0,0,11,0,0,0,0,0,0,0
2018-12-12,BREAD,DK,0,24,24,4,0,0,20,0,0,0,0,0,0,0
2018-12-12,BREAD,H5,4,0,4,1,0,0,3,0,0,0,0,0,0,0
2018-12-12,BREAD,CSRWL,8,16,24,12,3,0,9,0,6,6,1,0,0,5
2018-12-12,BREAD,Pump SWRL,0,12,12,2,0,0,10,0,2,2,0,0,0,2
2018-12-12,BREAD,MP SWRL,6,8,14,7,0,0,7,1,2,3,1,0,0,2
2018-12-12,BREAD,CNE,0,28,28,12,0,0,16,0,2,2,2,0,0,0
2018-12-12,BREAD,CNR,0,12,12,5,0,0,7,0,0,0,0,0,0,0
2018-12-12,BREAD,CNW,0,6,6,5,0,0,1,0,0,0,0,0,0,0
2018-12-12,BREAD,CH,4,0,4,2,0,2,0,2,0,2,0,0,0,0
2018-12-12,BREAD,CG,0,11,11,3,0,0,8,0,4,4,2,0,0,2
2018-12-12,BREAD,vs,7,0,7,3,0,4,0,3,0,3,1,0,0,0
2018-12-12,BREAD,SO,0,11,11,0,0,0,11,0,4,4,1,0,0,3
2018-12-12,BREAD,CrO,3,0,3,3,0,0,0,1,0,1,1,0,0,0
2018-12-12,BREAD,SOURDOUGH,0,5,5,2,0,0,3,0,0,0,0,0,0,0
2018-12-12,BREAD,cc,0,4,4,1,0,0,3,0,0,0,0,0,0,0
2018-12-12,BREAD,cj,0,3,3,0,0,0,3,0,0,0,0,0,0,0
2018-12-12,BREAD,rg,0,3,3,0,0,0,3,0,0,0,0,0,0,0
2018-12-12,BREAD,borg,0,4,4,1,0,0,3,0,0,0,0,0,0,0
2018-12-12,BREAD,cb,8,0,8,6,0,2,0,2,0,2,2,0,0,0
2018-12-12,BREAD,AA,0,0,0,0,0,0,0,0,0,0,0,0,0,0
2018-12-12,BREAD,GF,0,35,35,35,0,0,0,0,0,0,0,0,0,0
2018-12-12,BREAD,BUT-RLS,0,68,68,10,30,0,28,0,0,0,0,0,0,0
2018-12-12,BREAD,CRO-RLS,0,0,0,0,0,0,0,0,0,0,0,0,0,0
2018-12-12,BREAD,H-RLS,1,5,6,0,0,1,5,0,0,0,0,0,0,0
2018-12-12,BREAD,FR-RLS,3,0,3,1,0,2,0,0,0,0,0,0,0,0
2018-12-12,BREAD,VS-RLS,2,0,2,1,0,1,0,0,0,0,0,0,0,0
2018-12-12,BREAD,BLUE STRU,5,1,6,1,0,4,1,0,0,0,0,0,0,0
2018-12-12,BREAD,Pump CH,7,10,17,2,7,7,1,0,0,0,0,0,0,0
2018-12-12,BREAD,PUmp Cru,4,2,6,2,0,2,2,0,0,0,0,0,0,0
2018-12-12,BREAD,MEX CHOC,6,2,8,1,0,5,2,0,0,0,0,0,0,0
2018-12-12,ROLLS,Cinnamon,0,24,24,22,0,2,0,0,0,0,0,0,0,0
2018-12-12,ROLLS,Xmas Tree,0,8,8,-1,5,4,0,0,0,0,0,0,0,0
2018-12-12,ROLLS,Mini C-Roll,0,72,72,0,72,0,0,0,0,0,0,0,0,0
2018-12-12,SCONES,Blueberry,0,0,0,0,0,0,0,0,0,0,0,0,0,0
2018-12-12,SCONES,Rasp Cream,0,32,32,8,8,16,0,0,15,15,2,0,0,0
2018-12-12,SCONES,Cherry,0,0,0,0,0,0,0,0,0,0,0,0,0,0
2018-12-12,SCONES,Butt Almond,0,0,0,0,0,0,0,0,0,0,0,0,0,0
2018-12-12,SCONES,Turtle,0,24,24,12,8,4,0,0,12,12,2,0,0,0
2018-12-12,SCONES,Cin Chip,0,0,0,0,0,0,0,0,0,0,0,0,0,0
2018-12-12,SCONES,Cran Orange,0,24,24,6,10,8,0,0,11,11,2,0,0,0
2018-12-12,FRUIT BARS,Mixed Berry,0,8,8,2,5,1,0,0,0,0,0,0,0,0
2018-12-12,FRUIT BARS,Cherry,0,12,12,3,8,1,0,0,0,0,0,0,0,0
2018-12-12,FRUIT BARS,Apple Cin,0,12,12,4,8,0,0,0,0,0,0,0,0,0
2018-12-12,FRUIT BARS,Cran-Apple,0,8,8,1,5,2,0,0,0,0,0,0,0,0
2018-12-12,MUFFINS,BLUE STRU,0,11,11,4,4,3,0,0,15,15,2,0,0,0
2018-12-12,MUFFINS,Pump Choc,0,14,14,7,4,3,0,0,2,2,0,0,0,0
2018-12-12,MUFFINS,Pump Crumb,0,11,11,3,4,4,0,0,10,10,1,0,0,0
2018-12-12,MUFFINS,Mex Choc,0,12,12,4,4,4,0,0,11,11,0,0,0,0
2018-12-12,MUFFINS,Cookies,0,0,0,0,0,0,0,0,0,0,0,0,0,0
2018-12-12,MUFFINS,Bars,0,0,0,0,0,0,0,0,0,0,0,0,0,0
2018-12-12,MUFFINS,Oatmeal CC,0,24,24,9,2,0,13,0,0,0,0,0,0,0
2018-12-12,MUFFINS,cran Choc,6,12,18,11,2,0,5,0,0,0,0,0,0,0
2018-12-12,MUFFINS,Triple Choc,4,72,76,18,56,1,1,0,0,0,0,0,0,0
2018-12-12,MUFFINS,SNICKEDOODLE,9,66,75,20,54,1,0,0,0,0,0,0,0,0
2018-12-12,MUFFINS,frosted,6,6,12,5,0,2,5,0,0,0,0,0,0,0
2018-12-12,MUFFINS,Kahuna,0,0,0,0,0,0,0,0,0,0,0,0,0,0
2018-12-12,MUFFINS,Brownies,10,10,20,13,0,0,7,0,0,0,0,0,0,0
2018-12-12,MUFFINS,Pump Bars,0,10,10,1,0,0,9,0,0,0,0,0,0,0
2018-12-12,MUFFINS,Pump OHHH,2,0,2,-8,0,0,10,0,0,0,0,0,0,0
2018-12-12,MUFFINS,Bread Pudding,4,0,4,-2,0,0,6,3,0,3,-2,0,0,2
2018-12-12,MUFFINS,Totals,41,472,513,142,259,56,56,3,76,76,7,0,0,2
2018-12-13,BREAD,H,24,38,62,15,11,0,36,0,0,0,0,0,0,0
2018-12-13,BREAD,FR,21,49,70,51,0,0,19,0,0,0,0,0,0,0
2018-12-13,BREAD,GW,11,0,11,6,0,5,0,0,0,0,0,0,0,0
2018-12-13,BREAD,DK,20,0,20,9,0,0,11,0,0,0,0,0,0,0
2018-12-13,BREAD,H5,3,26,29,8,0,0,21,0,0,0,0,0,0,0
2018-12-13,BREAD,CSRWL,9,16,25,10,4,3,8,5,0,5,0,0,0,0
2018-12-13,BREAD,Pump SWRL,10,0,10,4,0,6,0,2,0,2,2,0,0,0
2018-12-13,BREAD,MP SWRL,7,8,15,5,0,6,4,2,0,2,0,0,0,0
2018-12-13,BREAD,CNE,16,0,16,7,0,9,0,0,0,0,0,0,0,0
2018-12-13,BREAD,CNR,7,0,7,1,0,6,0,0,0,0,0,0,0,0
2018-12-13,BREAD,CNW,1,0,1,1,0,0,0,0,0,0,0,0,0,0
2018-12-13,BREAD,CH,0,0,0,0,0,0,0,0,0,0,0,0,0,0
2018-12-13,BREAD,CG,8,0,8,1,0,7,0,2,0,2,2,0,0,0
2018-12-13,BREAD,vs,0,12,12,4,1,0,7,0,4,4,1,0,0,3
2018-12-13,BREAD,SO,11,0,11,4,0,7,0,3,0,3,0,0,0,0
2018-12-13,BREAD,CrO,0,23,23,23,0,0,0,0,3,3,3,0,0,0
2018-12-13,BREAD,SOURDOUGH,3,0,3,3,0,0,0,0,0,0,0,0,0,0
2018-12-13,BREAD,cc,3,0,3,-1,0,4,0,0,0,0,0,0,0,0
2018-12-13,BREAD,cj,3,0,3,0,0,3,0,0,0,0,0,0,0,0
2018-12-13,BREAD,rg,3,0,3,3,0,0,0,0,0,0,0,0,0,0
2018-12-13,BREAD,borg,3,0,3,1,0,2,0,0,0,0,0,0,0,0
2018-12-13,BREAD,cb,0,13,13,4,0,0,9,0,4,4,2,0,0,2
2018-12-13,BREAD,AA,0,0,0,0,0,0,0,0,0,0,0,0,0,0
2018-12-13,BREAD,IHF,0,24,24,1,0,0,23,0,0,0,0,0,0,0
2018-12-13,BREAD,BUT-RLS,28,0,28,2,0,26,0,0,0,0,0,0,0,0
2018-12-13,BREAD,CRO-RLS,0,0,0,0,0,0,0,0,0,0,0,0,0,0
2018-12-13,BREAD,H-RLS,5,0,5,4,0,1,0,0,0,0,0,0,0,0
2018-12-13,BREAD,FR-RLS,0,0,0,0,0,0,0,0,0,0,0,0,0,0
2018-12-13,BREAD,VS-RLS,0,6,6,2,4,0,0,0,0,0,0,0,0,0
2018-12-13,BREAD,BLUE STRU,1,3,4,1,0,0,3,0,0,0,0,0,0,0
2018-12-13,BREAD,Pump CH,1,8,9,1,4,0,4,0,0,0,0,0,0,0
2018-12-13,BREAD,PUmp Cru,2,2,4,2,0,0,2,0,0,0,0,0,0,0
2018-12-13,BREAD,MEX CHOC,2,2,4,2,0,0,2,0,0,0,0,0,0,0
2018-12-13,ROLLS,Cinnamon,0,36,36,25,6,5,0,0,0,0,0,0,0,0
2018-12-13,ROLLS,Xmas Tree,0,0,0,0,0,0,0,0,0,0,0,0,0,0
2018-12-13,ROLLS,Mini C-Roll,0,24,24,0,24,0,0,0,0,0,0,0,0,0
2018-12-13,SCONES,Blueberry,0,22,22,4,0,18,0,0,2,2,2,0,0,0
2018-12-13,SCONES,Rasp Cream,0,0,0,0,0,0,0,0,0,0,0,0,0,0
2018-12-13,SCONES,Cherry,0,0,0,0,0,0,0,0,0,0,0,0,0,0
2018-12-13,SCONES,Butt Almond,0,0,0,0,0,0,0,0,0,0,0,0,0,0
2018-12-13,SCONES,Turtle,0,14,14,-2,0,16,0,0,2,2,1,0,0,0
2018-12-13,SCONES,Cin Chip,0,0,0,0,0,0,0,0,0,0,0,0,0,0
2018-12-13,SCONES,Cran Orange,0,14,14,14,0,0,0,0,2,2,2,0,0,0
2018-12-13,FRUIT BARS,Mixed Berry,0,0,0,0,0,0,0,0,0,0,0,0,0,0
2018-12-13,FRUIT BARS,Cherry,0,0,0,0,0,0,0,0,0,0,0,0,0,0
2018-12-13,FRUIT BARS,Apple Cin,0,12,12,8,0,4,0,0,0,0,0,0,0,0
2018-12-13,FRUIT BARS,Cran-Apple,0,8,8,5,0,3,0,0,0,0,0,0,0,0
2018-12-13,MUFFINS,BLUE STRU,0,8,8,0,0,8,0,0,2,2,1,0,0,0
2018-12-13,MUFFINS,Pump Choc,0,8,8,3,0,5,0,0,2,2,1,0,0,0
2018-12-13,MUFFINS,Pump Crumb,0,6,6,3,0,3,0,0,1,1,0,0,0,0
2018-12-13,MUFFINS,Mex Choc,0,7,7,4,0,3,0,0,1,1,0,0,0,0
2018-12-13,MUFFINS,Cookies,0,0,0,0,0,0,0,0,0,0,0,0,0,0
2018-12-13,MUFFINS,Bars,0,0,0,0,0,0,0,0,0,0,0,0,0,0
2018-12-13,MUFFINS,Oatmeal CC,13,12,25,19,0,0,6,0,0,0,0,0,0,0
2018-12-13,MUFFINS,cran Choc,5,18,23,11,0,0,12,0,0,0,0,0,0,0
2018-12-13,MUFFINS,Triple Choc,1,24,25,25,0,0,0,0,0,0,0,0,0,0
2018-12-13,MUFFINS,SNICKEDOODLE,0,48,48,12,24,0,12,0,0,0,0,0,0,0
2018-12-13,MUFFINS,frosted,5,12,17,9,0,0,8,0,0,0,0,0,0,0
2018-12-13,MUFFINS,Kahuna,0,0,0,0,0,0,0,0,0,0,0,0,0,0
2018-12-13,MUFFINS,Brownies,7,10,17,17,0,0,0,0,0,0,0,0,0,0
2018-12-13,MUFFINS,Pump Bars,9,10,19,3,0,8,8,0,0,0,0,0,0,0
2018-12-13,MUFFINS,Pump OHHH,10,0,10,5,0,0,5,0,0,0,0,0,0,0
2018-12-13,MUFFINS,Bread Pudding,6,0,6,0,0,0,6,2,0,2,0,0,0,0
2018-12-13,MUFFINS,Totals,56,293,349,165,54,73,57,2,12,12,7,0,0,0
2018-12-14,BREAD,H,36,25,61,22,6,0,33,0,0,0,0,0,0,0
2018-12-14,BREAD,FR,19,22,41,16,3,0,22,0,0,0,0,0,0,0
2018-12-14,BREAD,GW,0,12,12,5,0,0,7,0,0,0,0,0,0,0
2018-12-14,BREAD,DK,11,20,31,17,2,0,12,0,0,0,0,0,0,0
2018-12-14,BREAD,H5,21,0,21,5,0,0,16,0,0,0,0,0,0,0
2018-12-14,BREAD,CSRWL,8,20,28,22,6,0,0,0,6,6,3,0,0,3
2018-12-14,BREAD,Pump SWRL,0,0,0,0,0,0,0,0,0,0,0,0,0,0
2018-12-14,BREAD,MP SWRL,4,12,16,9,0,0,7,0,3,3,2,0,0,1
2018-12-14,BREAD,CNE,0,23,23,12,0,0,11,0,3,3,2,0,0,1
2018-12-14,BREAD,CNR,0,6,6,2,0,0,4,0,0,0,0,0,0,0
2018-12-14,BREAD,CNW,0,6,6,3,0,0,3,0,0,0,0,0,0,0
2018-12-14,BREAD,CH,0,0,0,0,0,0,0,0,0,0,0,0,0,0
2018-12-14,BREAD,CG,0,15,15,8,0,0,7,0,4,4,1,0,0,3
2018-12-14,BREAD,vs,7,0,7,3,0,4,0,3,0,3,3,0,0,0
2018-12-14,BREAD,SO,0,6,6,2,0,0,4,0,4,4,4,0,0,0
2018-12-14,BREAD,CrO,0,0,0,0,0,0,0,0,0,0,0,0,0,0
2018-12-14,BREAD,SOURDOUGH,0,4,4,4,0,0,0,0,0,0,0,0,0,0
2018-12-14,BREAD,cc,0,3,3,0,0,0,3,0,0,0,0,0,0,0
2018-12-14,BREAD,cj,0,3,3,1,0,0,2,0,0,0,0,0,0,0
2018-12-14,BREAD,rg,0,3,3,3,0,0,0,0,0,0,0,0,0,0
2018-12-14,BREAD,borg,0,3,3,1,0,0,2,0,0,0,0,0,0,0
2018-12-14,BREAD,cb,9,0,9,9,0,0,0,2,0,2,2,0,0,0
2018-12-14,BREAD,CnC,0,7,7,0,7,0,0,0,0,0,0,0,0,0
2018-12-14,BREAD,CcW,0,1,1,0,1,0,0,0,0,0,0,0,0,0
2018-12-14,BREAD,AA,0,2,2,2,0,0,0,0,0,0,0,0,0,0
2018-12-14,BREAD,CAR,0,11,11,2,0,0,9,0,0,0,0,0,0,0
2018-12-14,BREAD,CG-Rolls,0,4,4,0,4,0,0,0,0,0,0,0,0,0
2018-12-14,BREAD,BUT-RLS,0,27,27,18,9,0,0,0,0,0,0,0,0,0
2018-12-14,BREAD,CRO-RLS,0,0,0,-3,3,0,0,0,0,0,0,0,0,0
2018-12-14,BREAD,H-RLS,0,8,8,4,4,0,0,0,0,0,0,0,0,0
2018-12-14,BREAD,FR-RLS,0,0,0,0,0,0,0,0,0,0,0,0,0,0
2018-12-14,BREAD,VS-RLS,0,0,0,0,0,0,0,0,0,0,0,0,0,0
2018-12-14,BREAD,BLUE STRU,3,2,5,4,0,0,1,0,0,0,0,0,0,0
2018-12-14,BREAD,Pump CH,4,8,12,5,7,0,0,0,0,0,0,0,0,0
2018-12-14,BREAD,PUmp Cru,2,2,4,1,0,1,2,0,0,0,0,0,0,0
2018-12-14,BREAD,MEX CHOC,2,2,4,1,0,1,2,0,0,0,0,0,0,0
2018-12-14,ROLLS,Cinnamon,0,36,36,35,0,1,0,0,0,0,0,0,0,0
2018-12-14,ROLLS,Xmas Tree,0,4,4,3,1,0,0,0,0,0,0,0,0,0
2018-12-14,ROLLS,Mini C-Roll,0,24,24,-24,24,24,0,0,0,0,0,0,0,0
2018-12-14,SCONES,Blueberry,0,0,0,0,0,0,0,0,0,0,0,0,0,0
2018-12-14,SCONES,Rasp Cream,0,0,0,0,0,0,0,0,0,0,0,0,0,0
2018-12-14,SCONES,Cherry,0,12,12,11,0,1,0,0,10,10,2,0,0,0
2018-12-14,SCONES,Butt Almond,0,18,18,18,0,0,0,0,10,10,0,0,0,0
2018-12-14,SCONES,Turtle,0,0,0,0,0,0,0,0,0,0,0,0,0,0
2018-12-14,SCONES,Cin Chip,0,0,0,0,0,0,0,0,0,0,0,0,0,0
2018-12-14,SCONES,Cran Orange,0,12,12,12,0,0,0,0,10,10,2,0,0,0
2018-12-14,FRUIT BARS,Mixed Berry,0,8,8,1,2,5,0,0,0,0,0,0,0,0
2018-12-14,FRUIT BARS,Cherry,0,12,12,1,2,9,0,0,0,0,0,0,0,0
2018-12-14,FRUIT BARS,Apple Cin,0,0,0,0,0,0,0,0,0,0,0,0,0,0
2018-12-14,FRUIT BARS,Cran-Apple,0,0,0,0,0,0,0,0,0,0,0,0,0,0
2018-12-14,MUFFINS,BLUE STRU,0,6,6,6,0,0,0,0,7,7,1,0,0,0
2018-12-14,MUFFINS,Pump Choc,0,8,8,3,0,5,0,0,7,7,-1,0,0,0
2018-12-14,MUFFINS,Pump Crumb,0,6,6,2,0,4,0,0,7,7,0,0,0,0
2018-12-14,MUFFINS,Mex Choc,0,8,8,3,0,5,0,0,7,7,0,0,0,0
2018-12-14,MUFFINS,Cookies,0,0,0,0,0,0,0,0,0,0,0,0,0,0
2018-12-14,MUFFINS,Bars,0,0,0,0,0,0,0,0,0,0,0,0,0,0
2018-12-14,MUFFINS,Oatmeal CC,6,24,30,21,9,0,0,0,4,4,0,0,0,0
2018-12-14,MUFFINS,cran Choc,12,12,24,13,0,0,11,0,4,4,0,0,0,0
2018-12-14,MUFFINS,Triple Choc,0,36,36,25,9,0,2,0,4,4,0,0,0,0
2018-12-14,MUFFINS,SNICKEDOODLE,12,54,66,22,44,0,0,0,4,4,0,0,0,0
2018-12-14,MUFFINS,Pie-SC,0,0,0,0,0,0,0,0,0,0,0,0,0,0
2018-12-14,MUFFINS,Pump,0,0,0,0,0,0,0,0,0,0,0,0,0,0
2018-12-14,MUFFINS,frosted,8,12,20,14,0,6,0,0,0,0,0,0,0,0
2018-12-14,MUFFINS,Sugar Cream,0,14,14,5,0,0,9,0,0,0,0,0,0,0
2018-12-14,MUFFINS,Brownies,0,10,10,-3,2,0,11,0,0,0,0,0,0,0
2018-12-14,MUFFINS,Pump Bars,8,10,18,-3,3,3,15,0,0,0,0,0,0,0
2018-12-14,MUFFINS,Pump OHHH,5,0,5,0,0,0,5,0,0,4,4,0,0,0
2018-12-14,MUFFINS,Bread Pudding,6,0,6,0,0,0,6,0,0,0,0,0,0,0
2018-12-14,MUFFINS,Totals,57,326,383,165,96,63,59,0,74,78,8,0,0,0
2018-12-15,BREAD,H,33,0,33,22,0,11,0,0,0,0,0,0,0,0
2018-12-15,BREAD,FR,22,0,22,12,0,10,0,0,0,0,0,0,0,0
2018-12-15,BREAD,GW,7,0,7,1,0,6,0,0,0,0,0,0,0,0
2018-12-15,BREAD,DK,12,0,12,12,0,0,0,0,0,0,0,0,0,0
2018-12-15,BREAD,H5,16,0,16,9,0,7,0,0,0,0,0,0,0,0
2018-12-15,BREAD,CSRWL,0,18,18,17,1,0,0,3,14,17,5,0,0,0
2018-12-15,BREAD,Pump SWRL,0,0,0,0,0,0,0,0,0,0,0,0,0,0
2018-12-15,BREAD,MP SWRL,7,12,19,10,1,8,0,1,2,3,3,0,0,0
2018-12-15,BREAD,CNE,11,0,11,10,0,1,0,1,0,1,1,0,0,0
2018-12-15,BREAD,CNR,4,0,4,4,0,0,0,0,0,0,0,0,0,0
2018-12-15,BREAD,CNW,3,0,3,3,0,0,0,0,0,0,0,0,0,0
2018-12-15,BREAD,CH,0,0,0,0,0,0,0,0,0,0,0,0,0,0
2018-12-15,BREAD,CG,7,0,7,7,0,0,0,3,0,3,3,0,0,0
2018-12-15,BREAD,vs,0,6,6,5,1,0,0,0,3,3,3,0,0,0
2018-12-15,BREAD,SO,4,0,4,3,0,1,0,0,0,0,0,0,0,0
2018-12-15,BREAD,CrO,0,12,12,11,1,0,0,0,43,43,3,0,0,0
2018-12-15,BREAD,SOURDOUGH,0,0,0,0,0,0,0,0,0,0,0,0,0,0
2018-12-15,BREAD,cc,3,0,3,3,0,0,0,0,0,0,0,0,0,0
2018-12-15,BREAD,cj,2,0,2,2,0,0,0,0,0,0,0,0,0,0
2018-12-15,BREAD,rg,0,0,0,0,0,0,0,0,0,0,0,0,0,0
2018-12-15,BREAD,borg,2,0,2,2,0,0,0,0,0,0,0,0,0,0
2018-12-15,BREAD,cb,0,23,23,22,0,1,0,0,6,6,4,0,0,0
2018-12-15,BREAD,SwL,0,20,20,4,16,0,0,0,0,0,0,0,0,0
2018-12-15,BREAD,AA,0,0,0,0,0,0,0,0,0,0,0,0,0,0
2018-12-15,BREAD,CAR,9,0,9,4,0,5,0,0,0,0,0,0,0,0
2018-12-15,BREAD,BUT-RLS,0,0,0,0,0,0,0,0,0,0,0,0,0,0
2018-12-15,BREAD,CRO-RLS,0,0,0,0,0,0,0,0,0,0,0,0,0,0
2018-12-15,BREAD,H-RLS,0,0,0,0,0,0,0,0,0,0,0,0,0,0
2018-12-15,BREAD,FR-RLS,0,0,0,0,0,0,0,0,0,0,0,0,0,0
2018-12-15,BREAD,VS-RLS,0,5,5,3,2,0,0,0,0,0,0,0,0,0
2018-12-15,BREAD,BLUE STRU,1,2,3,2,0,1,0,0,0,0,0,0,0,0
2018-12-15,BREAD,Pump CH,0,5,5,5,0,0,0,0,0,0,0,0,0,0
2018-12-15,BREAD,PUmp Cru,2,2,4,2,0,2,0,0,0,0,0,0,0,0
2018-12-15,BREAD,MEX CHOC,2,2,4,3,0,1,0,0,0,0,0,0,0,0
2018-12-15,ROLLS,Cinnamon,0,72,72,63,0,9,0,0,0,0,0,0,0,0
2018-12-15,ROLLS,Xmas Tree,0,0,0,0,0,0,0,0,0,0,0,0,0,0
2018-12-15,ROLLS,Mini C-Roll,0,0,0,0,0,0,0,0,0,0,0,0,0,0
2018-12-15,SCONES,Blueberry,0,20,20,13,0,7,0,0,3,3,2,0,0,0
2018-12-15,SCONES,Rasp Cream,0,0,0,0,0,0,0,0,0,0,0,0,0,0
2018-12-15,SCONES,Cherry,0,0,0,0,0,0,0,0,0,0,0,0,0,0
2018-12-15,SCONES,Butt Almond,0,26,26,17,0,9,0,0,3,3,1,0,0,0
2018-12-15,SCONES,Turtle,0,0,0,0,0,0,0,0,0,0,0,0,0,0
2018-12-15,SCONES,Cin Chip,0,0,0,0,0,0,0,0,0,0,0,0,0,0
2018-12-15,SCONES,Cran Orange,0,16,16,14,0,2,0,0,3,3,0,0,0,0
2018-12-15,FRUIT BARS,Mixed Berry,0,0,0,0,0,0,0,0,0,0,0,0,0,0
2018-12-15,FRUIT BARS,Cherry,0,0,0,0,0,0,0,0,0,0,0,0,0,0
2018-12-15,FRUIT BARS,Apple Cin,0,12,12,7,0,5,0,0,0,0,0,0,0,0
2018-12-15,FRUIT BARS,Cran-Apple,0,8,8,7,0,1,0,0,0,0,0,0,0,0
2018-12-15,MUFFINS,BLUE STRU,0,6,6,6,0,0,0,0,2,2,1,0,0,0
2018-12-15,MUFFINS,Pump Choc,0,8,8,4,0,4,0,0,2,2,2,0,0,0
2018-12-15,MUFFINS,Pump Crumb,0,6,6,1,0,5,0,0,2,2,0,0,0,0
2018-12-15,MUFFINS,Mex Choc,0,8,8,2,0,6,0,0,2,2,0,0,0,0
2018-12-15,MUFFINS,Cookies,0,0,0,0,0,0,0,0,0,0,0,0,0,0
2018-12-15,MUFFINS,Bars,0,0,0,0,0,0,0,0,0,0,0,0,0,0
2018-12-15,MUFFINS,Oatmeal CC,0,12,12,0,0,12,0,0,0,0,0,0,0,0
2018-12-15,MUFFINS,cran Choc,11,0,11,10,0,1,0,0,0,0,0,0,0,0
2018-12-15,MUFFINS,Triple Choc,2,12,14,4,0,10,0,0,0,0,0,0,0,0
2018-12-15,MUFFINS,SNICKEDOODLE,0,12,12,1,0,11,0,0,0,0,0,0,0,0
2018-12-15,MUFFINS,Pie-SC,0,0,0,-8,0,0,8,0,0,0,0,0,0,0
2018-12-15,MUFFINS,Pump,0,0,0,-2,0,2,0,0,0,0,0,0,0,0
2018-12-15,MUFFINS,frosted,0,8,8,-7,0,15,0,0,0,0,0,0,0,0
2018-12-15,MUFFINS,Pie-Pec,9,0,9,9,0,0,0,0,0,0,0,0,0,0
2018-12-15,MUFFINS,Apl,0,0,0,0,0,0,0,0,0,0,0,0,0,0
2018-12-15,MUFFINS,Brownies,11,0,11,6,0,5,0,0,0,0,0,0,0,0
2018-12-15,MUFFINS,Pump Bars,15,0,15,9,0,6,0,0,0,0,0,0,0,0
2018-12-15,MUFFINS,Pump OHHH,5,0,5,-3,0,0,8,0,0,0,0,0,0,0
2018-12-15,MUFFINS,Bread Pudding,6,0,6,1,0,0,5,0,0,0,0,0,0,0
2018-12-15,MUFFINS,Totals,59,226,285,156,0,108,21,0,17,17,4,0,0,0
2018-12-16,BREAD,H,0,0,0,0,0,0,0,0,0,0,0,0,0,0
2018-12-16,BREAD,FR,0,0,0,0,0,0,0,0,0,0,0,0,0,0
2018-12-16,BREAD,GW,0,0,0,0,0,0,0,0,0,0,0,0,0,0
2018-12-16,BREAD,DK,0,0,0,0,0,0,0,0,0,0,0,0,0,0
2018-12-16,BREAD,H5,0,0,0,0,0,0,0,0,0,0,0,0,0,0
2018-12-16,BREAD,CSRWL,0,0,0,0,0,0,0,0,0,0,0,0,0,0
2018-12-16,BREAD,Pump SWRL,0,0,0,0,0,0,0,0,0,0,0,0,0,0
2018-12-16,BREAD,MP SWRL,0,0,0,0,0,0,0,0,0,0,0,0,0,0
2018-12-16,BREAD,CNE,0,0,0,0,0,0,0,0,0,0,0,0,0,0
2018-12-16,BREAD,CNR,0,0,0,0,0,0,0,0,0,0,0,0,0,0
2018-12-16,BREAD,CNW,0,0,0,0,0,0,0,0,0,0,0,0,0,0
2018-12-16,BREAD,CG,0,0,0,0,0,0,0,0,0,0,0,0,0,0
2018-12-16,BREAD,vs,0,0,0,0,0,0,0,0,0,0,0,0,0,0
2018-12-16,BREAD,SO,0,0,0,0,0,0,0,0,0,0,0,0,0,0
2018-12-16,BREAD,CrO,0,0,0,0,0,0,0,0,0,0,0,0,0,0
2018-12-16,BREAD,SOURDOUGH,0,0,0,0,0,0,0,0,0,0,0,0,0,0
2018-12-16,BREAD,cc,0,0,0,0,0,0,0,0,0,0,0,0,0,0
2018-12-16,BREAD,cj,0,0,0,0,0,0,0,0,0,0,0,0,0,0
2018-12-16,BREAD,rg,0,0,0,0,0,0,0,0,0,0,0,0,0,0
2018-12-16,BREAD,borg,0,0,0,0,0,0,0,0,0,0,0,0,0,0
2018-12-16,BREAD,CH,0,0,0,0,0,0,0,0,0,0,0,0,0,0
2018-12-16,BREAD,CB,0,0,0,0,0,0,0,0,0,0,0,0,0,0
2018-12-16,BREAD,AA,0,0,0,0,0,0,0,0,0,0,0,0,0,0
2018-12-16,BREAD,GW BUNS,0,0,0,0,0,0,0,0,0,0,0,0,0,0
2018-12-16,BREAD,BUT-RLS,0,0,0,0,0,0,0,0,0,0,0,0,0,0
2018-12-16,BREAD,CRO-RLS,0,0,0,0,0,0,0,0,0,0,0,0,0,0
2018-12-16,BREAD,H-RLS,0,0,0,0,0,0,0,0,0,0,0,0,0,0
2018-12-16,BREAD,FR-RLS,0,0,0,0,0,0,0,0,0,0,0,0,0,0
2018-12-16,BREAD,VS-RLS,0,0,0,0,0,0,0,0,0,0,0,0,0,0
2018-12-16,BREAD,BLUE STRU,0,0,0,0,0,0,0,0,0,0,0,0,0,0
2018-12-16,BREAD,Pump CH,0,0,0,0,0,0,0,0,0,0,0,0,0,0
2018-12-16,BREAD,PUmp Cru,0,0,0,0,0,0,0,0,0,0,0,0,0,0
2018-12-16,BREAD,MEX CHOC,0,0,0,0,0,0,0,0,0,0,0,0,0,0
2018-12-16,ROLLS,Cinnamon,0,0,0,0,0,0,0,0,0,0,0,0,0,0
2018-12-16,ROLLS,Take-N-Bake,0,0,0,0,0,0,0,0,0,0,0,0,0,0
2018-12-16,ROLLS,Mini C-Roll,0,0,0,0,0,0,0,0,0,0,0,0,0,0
2018-12-16,SCONES,Blueberry,0,0,0,0,0,0,0,0,0,0,0,0,0,0
2018-12-16,SCONES,Rasp Cream,0,0,0,0,0,0,0,0,0,0,0,0,0,0
2018-12-16,SCONES,Cherry,0,0,0,0,0,0,0,0,0,0,0,0,0,0
2018-12-16,SCONES,Butt Almond,0,0,0,0,0,0,0,0,0,0,0,0,0,0
2018-12-16,SCONES,Turtle,0,0,0,0,0,0,0,0,0,0,0,0,0,0
2018-12-16,SCONES,Cin Chip,0,0,0,0,0,0,0,0,0,0,0,0,0,0
2018-12-16,SCONES,Cran Orange,0,0,0,0,0,0,0,0,0,0,0,0,0,0
2018-12-16,FRUIT BARS,Mixed Berry,0,0,0,0,0,0,0,0,0,0,0,0,0,0
2018-12-16,FRUIT BARS,Cherry,0,0,0,0,0,0,0,0,0,0,0,0,0,0
2018-12-16,FRUIT BARS,Apple Cin,0,0,0,0,0,0,0,0,0,0,0,0,0,0
2018-12-16,FRUIT BARS,Cran-Apple,0,0,0,0,0,0,0,0,0,0,0,0,0,0
2018-12-16,MUFFINS,BLUE STRU,0,0,0,0,0,0,0,0,0,0,0,0,0,0
2018-12-16,MUFFINS,Pump Choc,0,0,0,0,0,0,0,0,0,0,0,0,0,0
2018-12-16,MUFFINS,Pump Crumb,0,0,0,0,0,0,0,0,0,0,0,0,0,0
2018-12-16,MUFFINS,Mex Choc,0,0,0,0,0,0,0,0,0,0,0,0,0,0
2018-12-16,MUFFINS,Cookies,0,0,0,0,0,0,0,0,0,0,0,0,0,0
2018-12-16,MUFFINS,Bars,0,0,0,0,0,0,0,0,0,0,0,0,0,0
2018-12-16,MUFFINS,Oatmeal CC,0,0,0,0,0,0,0,0,0,0,0,0,0,0
2018-12-16,MUFFINS,cran Choc,0,0,0,0,0,0,0,0,0,0,0,0,0,0
2018-12-16,MUFFINS,Triple Choc,0,0,0,0,0,0,0,0,0,0,0,0,0,0
2018-12-16,MUFFINS,SNICKEDOODLE,0,0,0,0,0,0,0,0,0,0,0,0,0,0
2018-12-16,MUFFINS,frosted,0,0,0,0,0,0,0,0,0,0,0,0,0,0
2018-12-16,MUFFINS,Kahuna,0,0,0,0,0,0,0,0,0,0,0,0,0,0
2018-12-16,MUFFINS,Brownies,0,0,0,0,0,0,0,0,0,0,0,0,0,0
2018-12-16,MUFFINS,Pump Bars,0,0,0,0,0,0,0,0,0,0,0,0,0,0
2018-12-16,MUFFINS,Pump OHHH,8,0,8,8,0,0,0,0,0,0,0,0,0,0
2018-12-16,MUFFINS,Bread Pudding,5,0,5,5,0,0,0,0,0,0,0,0,0,0
2018-12-16,MUFFINS,Totals,21,0,21,21,0,0,0,0,0,0,0,0,0,0
2018-12-17,BREAD,H,0,44,44,29,13,0,2,0,0,0,0,0,0,0
2018-12-17,BREAD,FR,0,63,63,46,9,0,8,0,0,0,0,0,0,0
2018-12-17,BREAD,GW,0,9,9,4,4,0,1,0,0,0,0,0,0,0
2018-12-17,BREAD,DK,0,36,36,20,0,0,16,0,0,0,0,0,0,0
2018-12-17,BREAD,H5,0,0,0,0,0,0,0,0,0,0,0,0,0,0
2018-12-17,BREAD,CSRWL,0,60,60,27,17,0,16,0,6,6,5,0,0,1
2018-12-17,BREAD,Pump SWRL,0,8,8,3,1,0,4,0,2,2,0,0,0,2
2018-12-17,BREAD,MP SWRL,0,8,8,5,0,0,3,0,2,2,0,0,0,2
2018-12-17,BREAD,CNE,0,23,23,-6,29,0,0,0,74,74,4,0,0,0
2018-12-17,BREAD,CNR,0,6,6,2,0,0,4,0,0,0,0,0,0,0
2018-12-17,BREAD,CNW,0,6,6,0,0,0,6,0,0,0,0,0,0,0
2018-12-17,BREAD,CH,0,0,0,0,0,0,0,0,0,0,0,0,0,0
2018-12-17,BREAD,CG,0,11,11,5,1,0,5,0,3,3,3,0,0,0
2018-12-17,BREAD,vs,0,0,0,0,0,0,0,0,0,0,0,0,0,0
2018-12-17,BREAD,SO,0,9,9,1,0,0,8,0,4,4,1,0,0,3
2018-12-17,BREAD,CrO,0,18,18,10,0,0,8,0,3,3,1,0,0,2
2018-12-17,BREAD,SOURDOUGH,0,5,5,1,0,0,4,0,0,0,0,0,0,0
2018-12-17,BREAD,cc,0,3,3,2,0,0,1,0,0,0,0,0,0,0
2018-12-17,BREAD,cj,0,3,3,0,0,0,3,0,0,0,0,0,0,0
2018-12-17,BREAD,rg,0,3,3,2,0,0,1,0,0,0,0,0,0,0
2018-12-17,BREAD,borg,0,3,3,0,0,0,3,0,0,0,0,0,0,0
2018-12-17,BREAD,cb,0,0,0,0,0,0,0,0,0,0,0,0,0,0
2018-12-17,BREAD,AA,0,12,12,0,10,0,2,0,0,0,0,0,0,0
2018-12-17,BREAD,BUT-RLS,0,28,28,7,0,0,21,0,0,0,0,0,0,0
2018-12-17,BREAD,CRO-RLS,0,0,0,0,0,0,0,0,0,0,0,0,0,0
2018-12-17,BREAD,H-RLS,0,11,11,3,0,0,8,0,0,0,0,0,0,0
2018-12-17,BREAD,FR-RLS,0,0,0,0,0,0,0,0,0,0,0,0,0,0
2018-12-17,BREAD,VS-RLS,0,0,0,0,0,0,0,0,0,0,0,0,0,0
2018-12-17,BREAD,BLUE STRU,0,4,4,2,0,0,2,0,0,0,0,0,0,0
2018-12-17,BREAD,Pump CH,0,12,12,2,3,0,7,0,0,0,0,0,0,0
2018-12-17,BREAD,PUmp Cru,0,4,4,2,0,0,2,0,0,0,0,0,0,0
2018-12-17,BREAD,MEX CHOC,0,8,8,1,0,0,7,0,0,0,0,0,0,0
2018-12-17,ROLLS,Cinnamon,0,36,36,24,8,4,0,0,0,0,0,0,0,0
2018-12-17,ROLLS,Xmas Tree,0,6,6,1,1,4,0,0,0,0,0,0,0,0
2018-12-17,ROLLS,Mini C-Roll,0,96,96,0,96,0,0,0,0,0,0,0,0,0
2018-12-17,SCONES,Blueberry,0,0,0,0,0,0,0,0,0,0,0,0,0,0
2018-12-17,SCONES,Rasp Cream,0,14,14,11,0,3,0,0,2,2,2,0,0,0
2018-12-17,SCONES,Cherry,0,0,0,0,0,0,0,0,0,0,0,0,0,0
2018-12-17,SCONES,Butt Almond,0,0,0,0,0,0,0,0,0,0,0,0,0,0
2018-12-17,SCONES,Turtle,0,0,0,0,0,0,0,0,0,0,0,0,0,0
2018-12-17,SCONES,Cin Chip,0,12,12,6,0,6,0,0,2,2,0,0,0,0
2018-12-17,SCONES,Cran Orange,0,12,12,12,0,0,0,0,2,2,1,0,0,0
2018-12-17,FRUIT BARS,Mixed Berry,0,8,8,1,0,7,0,0,0,0,0,0,0,0
2018-12-17,FRUIT BARS,Cherry,0,12,12,1,0,11,0,0,0,0,0,0,0,0
2018-12-17,FRUIT BARS,Apple Cin,0,0,0,0,0,0,0,0,0,0,0,0,0,0
2018-12-17,FRUIT BARS,Cran-Apple,0,0,0,0,0,0,0,0,0,0,0,0,0,0
2018-12-17,MUFFINS,BLUE STRU,0,5,5,5,0,0,0,0,1,1,0,0,0,0
2018-12-17,MUFFINS,Pump Choc,0,9,9,7,0,2,0,0,1,1,1,0,0,0
2018-12-17,MUFFINS,Pump Crumb,0,5,5,5,0,0,0,0,1,1,0,0,0,0
2018-12-17,MUFFINS,Mex Choc,0,7,7,4,0,3,0,0,1,1,0,0,0,0
2018-12-17,MUFFINS,Cookies,0,0,0,0,0,0,0,0,0,0,0,0,0,0
2018-12-17,MUFFINS,Bars,0,0,0,0,0,0,0,0,0,0,0,0,0,0
2018-12-17,MUFFINS,Oatmeal CC,0,36,36,26,10,0,0,0,0,0,0,0,0,0
2018-12-17,MUFFINS,cran Choc,0,17,17,17,0,0,0,0,0,0,0,0,0,0
2018-12-17,MUFFINS,Triple Choc,0,84,84,25,58,0,1,0,0,0,0,0,0,0
2018-12-17,MUFFINS,SNICKEDOODLE,0,60,60,23,31,0,6,0,0,0,0,0,0,0
2018-12-17,MUFFINS,Pie-SC,0,0,0,-8,0,0,8,0,0,0,0,0,0,0
2018-12-17,MUFFINS,Pump,0,0,0,0,0,0,0,0,0,0,0,0,0,0
2018-12-17,MUFFINS,frosted,0,16,16,10,4,0,2,0,0,0,0,0,0,0
2018-12-17,MUFFINS,Pie-Pec,0,0,0,0,0,0,0,0,0,0,0,0,0,0
2018-12-17,MUFFINS,Apl,0,0,0,0,0,0,0,0,0,0,0,0,0,0
2018-12-17,MUFFINS,Brownies,0,10,10,-1,7,0,4,0,0,0,0,0,0,0
2018-12-17,MUFFINS,Pump Bars,0,10,10,1,0,0,9,0,0,0,0,0,0,0
2018-12-17,MUFFINS,Pump OHHH,0,0,0,-3,0,0,3,0,0,0,0,0,0,0
2018-12-17,MUFFINS,Bread Pudding,0,0,0,-5,0,0,5,0,0,0,0,0,0,0
2018-12-17,MUFFINS,Totals,0,455,455,162,215,40,38,0,10,10,4,0,0,0
2018-12-18,BREAD,H,2,38,40,24,0,0,16,0,0,0,0,0,0,0
2018-12-18,BREAD,FR,8,30,38,19,6,0,13,0,0,0,0,0,0,0
2018-12-18,BREAD,GW,1,2,3,2,0,0,1,0,0,0,0,0,0,0
2018-12-18,BREAD,DK,16,0,16,12,0,0,4,0,0,0,0,0,0,0
2018-12-18,BREAD,H5,0,21,21,7,0,0,14,0,0,0,0,0,0,0
2018-12-18,BREAD,CSRWL,16,42,58,22,9,0,27,1,12,13,1,0,0,10
2018-12-18,BREAD,Pump SWRL,4,0,4,3,0,1,0,2,0,2,0,0,0,0
2018-12-18,BREAD,MP SWRL,3,8,11,7,0,0,4,2,0,2,0,0,0,0
2018-12-18,BREAD,CNE,0,48,48,6,17,0,25,0,5,5,3,0,0,2
2018-12-18,BREAD,CNR,4,0,4,4,0,0,0,0,0,0,0,0,0,0
2018-12-18,BREAD,CNW,6,0,6,2,0,0,4,0,0,0,0,0,0,0
2018-12-18,BREAD,CH,0,5,5,1,2,0,2,0,2,2,1,0,0,1
2018-12-18,BREAD,CG,5,0,5,5,0,0,0,0,0,0,0,0,0,0
2018-12-18,BREAD,vs,0,17,17,-1,10,0,8,0,5,5,1,0,0,4
2018-12-18,BREAD,SO,8,0,8,8,0,0,0,3,0,3,0,0,0,0
2018-12-18,BREAD,CrO,8,24,32,5,4,3,20,2,4,6,2,0,0,4
2018-12-18,BREAD,SOURDOUGH,4,0,4,2,0,2,0,0,0,0,0,0,0,0
2018-12-18,BREAD,cc,1,0,1,0,0,1,0,0,0,0,0,0,0,0
2018-12-18,BREAD,cj,3,0,3,0,0,3,0,0,0,0,0,0,0,0
2018-12-18,BREAD,rg,1,0,1,1,0,0,0,0,0,0,0,0,0,0
2018-12-18,BREAD,borg,3,0,3,0,0,3,0,0,0,0,0,0,0,0
2018-12-18,BREAD,cb,0,30,30,16,7,0,7,0,18,18,8,0,0,8
2018-12-18,BREAD,AA,2,0,2,1,0,1,0,0,0,0,0,0,0,0
2018-12-18,BREAD,Gf,0,80,80,80,0,0,0,0,0,0,0,0,0,0
2018-12-18,BREAD,BUT-RLS,21,0,21,7,0,14,0,0,0,0,0,0,0,0
2018-12-18,BREAD,CRO-RLS,0,0,0,0,0,0,0,0,0,0,0,0,0,0
2018-12-18,BREAD,H-RLS,8,2,10,8,0,0,2,0,0,0,0,0,0,0
2018-12-18,BREAD,FR-RLS,0,0,0,0,0,0,0,0,0,0,0,0,0,0
2018-12-18,BREAD,VS-RLS,0,6,6,6,0,0,0,0,0,0,0,0,0,0
2018-12-18,BREAD,BLUE STRU,2,3,5,2,0,0,3,0,0,0,0,0,0,0
2018-12-18,BREAD,Pump CH,7,21,28,4,16,0,8,0,0,0,0,0,0,0
2018-12-18,BREAD,PUmp Cru,2,3,5,2,0,0,3,0,0,0,0,0,0,0
2018-12-18,BREAD,MEX CHOC,7,0,7,0,0,7,0,0,0,0,0,0,0,0
2018-12-18,ROLLS,Cinnamon,0,48,48,43,0,5,0,0,0,0,0,0,0,0
2018-12-18,ROLLS,Xmas Tree,0,0,0,-2,0,2,0,0,0,0,0,0,0,0
2018-12-18,ROLLS,Mini C-Roll,0,144,144,0,144,0,0,0,0,0,0,0,0,0
2018-12-18,SCONES,Blueberry,0,20,20,16,0,4,0,0,2,2,2,0,0,0
2018-12-18,SCONES,Rasp Cream,0,0,0,0,0,0,0,0,0,0,0,0,0,0
2018-12-18,SCONES,Cherry,0,0,0,0,0,0,0,0,0,0,0,0,0,0
2018-12-18,SCONES,Butt Almond,0,0,0,0,0,0,0,0,0,0,0,0,0,0
2018-12-18,SCONES,Turtle,0,0,0,0,0,0,0,0,0,0,0,0,0,0
2018-12-18,SCONES,Cin Chip,0,15,15,6,0,9,0,0,2,2,0,0,0,0
2018-12-18,SCONES,Cran Orange,0,12,12,12,0,0,0,0,2,2,2,0,0,0
2018-12-18,SCONES,CrO w. white choc,0,16,16,5,0,11,0,0,2,2,2,0,0,0
2018-12-18,FRUIT BARS,Mixed Berry,0,0,0,0,0,0,0,0,0,0,0,0,0,0
2018-12-18,FRUIT BARS,Cherry,0,0,0,0,0,0,0,0,0,0,0,0,0,0
2018-12-18,FRUIT BARS,Apple Cin,0,12,12,5,0,7,0,0,0,0,0,0,0,0
2018-12-18,FRUIT BARS,Cran-Apple,0,8,8,5,0,3,0,0,0,0,0,0,0,0
2018-12-18,MUFFINS,BLUE STRU,0,6,6,5,0,1,0,0,1,1,1,0,0,0
2018-12-18,MUFFINS,Pump Choc,0,8,8,2,0,6,0,0,1,1,0,0,0,0
2018-12-18,MUFFINS,Pump Crumb,0,6,6,2,0,4,0,0,1,1,1,0,0,0
2018-12-18,MUFFINS,Mex Choc,0,8,8,2,0,6,0,0,1,1,1,0,0,0
2018-12-18,MUFFINS,Cookies,0,0,0,0,0,0,0,0,0,0,0,0,0,0
2018-12-18,MUFFINS,Bars,0,0,0,0,0,0,0,0,0,0,0,0,0,0
2018-12-18,MUFFINS,Oatmeal CC,0,48,48,15,21,0,12,0,0,0,0,0,0,0
2018-12-18,MUFFINS,cran Choc,0,24,24,6,0,0,18,0,0,0,0,0,0,0
2018-12-18,MUFFINS,Triple Choc,1,68,69,40,20,0,9,0,0,0,0,0,0,0
2018-12-18,MUFFINS,SNICKEDOODLE,6,64,70,7,63,0,0,0,0,0,0,0,0,0
2018-12-18,MUFFINS,Pie-SC,8,0,8,0,0,0,8,0,0,0,0,0,0,0
2018-12-18,MUFFINS,Pump,0,0,0,0,0,0,0,0,0,0,0,0,0,0
2018-12-18,MUFFINS,frosted,2,18,20,13,0,0,7,0,0,0,0,0,0,0
2018-12-18,MUFFINS,Pie-Pec,0,0,0,0,0,0,0,0,0,0,0,0,0,0
2018-12-18,MUFFINS,Apl,0,0,0,0,0,0,0,0,0,0,0,0,0,0
2018-12-18,MUFFINS,Brownies,4,10,14,4,0,1,9,0,0,0,0,0,0,0
2018-12-18,MUFFINS,Pump Bars,9,10,19,10,0,4,5,0,0,0,0,0,0,0
2018-12-18,MUFFINS,Pump OHHH,3,0,3,-2,0,0,5,0,0,0,0,0,0,0
2018-12-18,MUFFINS,Bread Pudding,5,0,5,1,0,0,4,0,0,0,0,0,0,0
2018-12-18,MUFFINS,Totals,38,545,583,195,248,63,77,0,12,12,9,0,0,0
2018-12-19,BREAD,H,16,37,53,21,6,0,26,0,0,0,0,0,0,0
2018-12-19,BREAD,FR,13,26,39,13,8,0,18,0,0,0,0,0,0,0
2018-12-19,BREAD,GW,1,9,10,4,0,0,6,0,0,0,0,0,0,0
2018-12-19,BREAD,DK,4,29,33,12,0,0,21,0,0,0,0,0,0,0
2018-12-19,BREAD,H5,14,0,14,9,0,0,5,0,0,0,0,0,0,0
2018-12-19,BREAD,CSRWL,27,32,59,48,8,0,3,10,60,70,15,0,0,0
2018-12-19,BREAD,Pump SWRL,0,8,8,5,0,0,3,0,0,0,0,0,0,0
2018-12-19,BREAD,MP SWRL,4,8,12,12,0,0,0,0,2,2,2,0,0,0
2018-12-19,BREAD,CNE,25,25,50,32,8,0,10,2,2,4,4,0,0,0
2018-12-19,BREAD,CNR,0,8,8,3,0,0,5,0,0,0,0,0,0,0
2018-12-19,BREAD,CNW,4,8,12,6,4,0,2,0,0,0,0,0,0,0
2018-12-19,BREAD,CH,2,0,2,2,0,0,0,1,0,1,1,0,0,0
2018-12-19,BREAD,CG,0,11,11,3,0,0,8,0,3,3,3,0,0,0
2018-12-19,BREAD,vs,8,0,8,7,0,1,0,4,0,4,3,0,0,0
2018-12-19,BREAD,SO,0,7,7,7,0,0,0,0,0,0,0,0,0,0
2018-12-19,BREAD,CrO,20,0,20,10,0,10,0,4,0,4,4,0,0,0
2018-12-19,BREAD,SOURDOUGH,0,8,8,3,0,0,5,0,0,0,0,0,0,0
2018-12-19,BREAD,cc,0,3,3,1,0,0,2,0,0,0,0,0,0,0
2018-12-19,BREAD,cj,0,3,3,2,0,0,1,0,0,0,0,0,0,0
2018-12-19,BREAD,rg,0,3,3,0,0,0,3,0,0,0,0,0,0,0
2018-12-19,BREAD,borg,0,3,3,2,0,0,1,0,0,0,0,0,0,0
2018-12-19,BREAD,cb,7,0,7,7,0,0,0,8,0,8,8,0,0,0
2018-12-19,BREAD,AA,0,4,4,2,0,0,2,0,0,0,0,0,0,0
2018-12-19,BREAD,CneCran,0,4,4,0,4,0,0,0,0,0,0,0,0,0
2018-12-19,BREAD,BUT-RLS,0,29,29,16,0,0,13,0,0,0,0,0,0,0
2018-12-19,BREAD,CRO-RLS,0,0,0,0,0,0,0,0,0,0,0,0,0,0
2018-12-19,BREAD,H-RLS,2,4,6,0,0,1,5,0,0,0,0,0,0,0
2018-12-19,BREAD,FR-RLS,0,0,0,0,0,0,0,0,0,0,0,0,0,0
2018-12-19,BREAD,VS-RLS,0,0,0,0,0,0,0,0,0,0,0,0,0,0
2018-12-19,BREAD,BLUE STRU,3,3,6,2,0,0,4,0,0,0,0,0,0,0
2018-12-19,BREAD,Pump CH,8,14,22,8,6,3,5,0,0,0,0,0,0,0
2018-12-19,BREAD,PUmp Cru,3,3,6,2,0,1,3,0,0,0,0,0,0,0
2018-12-19,BREAD,MEX CHOC,0,10,10,0,0,0,10,0,0,0,0,0,0,0
2018-12-19,ROLLS,Cinnamon,0,36,36,36,0,0,0,0,0,0,0,0,0,0
2018-12-19,ROLLS,Xmas Tree,0,0,0,0,0,0,0,0,0,0,0,0,0,0
2018-12-19,ROLLS,Mini C-Roll,0,72,72,0,72,0,0,0,0,0,0,0,0,0
2018-12-19,SCONES,Blueberry,0,0,0,0,0,0,0,0,0,0,0,0,0,0
2018-12-19,SCONES,Rasp Cream,0,18,18,15,0,3,0,0,4,4,0,0,0,0
2018-12-19,SCONES,Cherry,0,0,0,0,0,0,0,0,0,0,0,0,0,0
2018-12-19,SCONES,Butt Almond,0,0,0,0,0,0,0,0,0,0,0,0,0,0
2018-12-19,SCONES,Turtle,0,14,14,13,0,1,0,0,4,4,0,0,0,0
2018-12-19,SCONES,Cin Chip,0,0,0,0,0,0,0,0,0,0,0,0,0,0
2018-12-19,SCONES,Cran Orange,0,14,14,10,4,0,0,0,2,2,1,0,0,0
2018-12-19,SCONES,CrO White choc,0,14,14,13,0,1,0,0,2,2,2,0,0,0
2018-12-19,FRUIT BARS,Mixed Berry,0,8,8,5,3,0,0,0,0,0,0,0,0,0
2018-12-19,FRUIT BARS,Cherry,0,12,12,6,6,0,0,0,0,0,0,0,0,0
2018-12-19,FRUIT BARS,Apple Cin,0,12,12,4,6,2,0,0,0,0,0,0,0,0
2018-12-19,FRUIT BARS,Cran-Apple,0,8,8,5,3,0,0,0,0,0,0,0,0,0
2018-12-19,MUFFINS,BLUE STRU,0,7,7,7,0,0,0,0,3,3,0,0,0,0
2018-12-19,MUFFINS,Pump Choc,0,10,10,10,0,0,0,0,2,2,0,0,0,0
2018-12-19,MUFFINS,Pump Crumb,0,7,7,6,0,1,0,0,1,1,0,0,0,0
2018-12-19,MUFFINS,Mex Choc,0,8,8,5,0,3,0,0,3,3,0,0,0,0
2018-12-19,MUFFINS,Cookies,0,0,0,0,0,0,0,0,0,0,0,0,0,0
2018-12-19,MUFFINS,Bars,0,0,0,0,0,0,0,0,0,0,0,0,0,0
2018-12-19,MUFFINS,Oatmeal CC,12,12,24,21,0,2,1,0,38,38,0,0,0,0
2018-12-19,MUFFINS,cran Choc,18,6,24,15,0,6,3,0,12,12,0,0,0,0
2018-12-19,MUFFINS,Triple Choc,9,12,21,16,0,4,1,0,36,36,0,0,0,0
2018-12-19,MUFFINS,SNICKEDOODLE,0,24,24,20,0,0,4,0,36,36,0,0,0,0
2018-12-19,MUFFINS,Pie-SC,8,0,8,-1,0,0,9,0,0,0,0,0,0,0
2018-12-19,MUFFINS,Pump,0,0,0,0,0,0,0,0,0,0,0,0,0,0
2018-12-19,MUFFINS,frosted,7,12,19,7,0,2,10,0,0,0,0,0,0,0
2018-12-19,MUFFINS,Pie-Pec,0,0,0,0,0,0,0,0,0,0,0,0,0,0
2018-12-19,MUFFINS,Apl,0,0,0,0,0,0,0,0,0,0,0,0,0,0
2018-12-19,MUFFINS,Brownies,9,20,29,9,9,4,7,0,0,0,0,0,0,0
2018-12-19,MUFFINS,Pump Bars,5,20,25,14,8,3,0,0,0,0,0,0,0,0
2018-12-19,MUFFINS,Pump OHHH,5,0,5,1,0,0,4,0,0,0,-1,0,0,1
2018-12-19,MUFFINS,Bread Pudding,4,0,4,0,0,0,4,0,0,0,0,0,0,0
2018-12-19,MUFFINS,Totals,77,346,423,237,111,32,43,0,143,143,2,0,0,1
2018-12-20,BREAD,H,26,22,48,19,9,0,20,0,0,0,0,0,0,0
2018-12-20,BREAD,FR,18,31,49,1,46,0,2,0,0,0,0,0,0,0
2018-12-20,BREAD,GW,6,0,6,5,0,1,0,0,0,0,0,0,0,0
2018-12-20,BREAD,DK,21,0,21,9,0,0,12,0,0,0,0,0,0,0
2018-12-20,BREAD,H5,5,26,31,5,0,0,26,0,0,0,0,0,0,0
2018-12-20,BREAD,CSRWL,3,72,75,34,7,0,34,0,30,30,7,0,0,8
2018-12-20,BREAD,Pump SWRL,3,0,3,3,0,0,0,0,0,0,0,0,0,0
2018-12-20,BREAD,MP SWRL,0,16,16,5,0,0,11,0,3,3,3,0,0,0
2018-12-20,BREAD,CNE,10,32,42,30,0,0,12,0,0,0,0,0,0,0
2018-12-20,BREAD,CNR,5,0,5,5,0,0,0,0,0,0,0,0,0,0
2018-12-20,BREAD,CNW,2,0,2,2,0,0,0,0,0,0,0,0,0,0
2018-12-20,BREAD,CH,0,0,0,0,0,0,0,0,0,0,0,0,0,0
2018-12-20,BREAD,CG,8,0,8,6,0,2,0,0,0,0,0,0,0,0
2018-12-20,BREAD,vs,0,14,14,5,0,0,9,0,12,12,3,0,0,0
2018-12-20,BREAD,SO,0,0,0,0,0,0,0,0,0,0,0,0,0,0
2018-12-20,BREAD,CrO,0,21,21,20,1,0,0,0,5,5,5,0,0,0
2018-12-20,BREAD,SOURDOUGH,5,0,5,5,0,0,0,0,0,0,0,0,0,0
2018-12-20,BREAD,cc,2,0,2,0,0,2,0,0,0,0,0,0,0,0
2018-12-20,BREAD,cj,1,0,1,1,0,0,0,0,0,0,0,0,0,0
2018-12-20,BREAD,rg,3,0,3,3,0,0,0,0,0,0,0,0,0,0
2018-12-20,BREAD,borg,1,0,1,0,0,1,0,0,0,0,0,0,0,0
2018-12-20,BREAD,cb,0,34,34,19,0,0,15,0,14,14,14,0,0,0
2018-12-20,BREAD,AA,2,0,2,2,0,0,0,0,0,0,0,0,0,0
2018-12-20,BREAD,BUT-RLS,13,0,13,6,0,7,0,0,0,0,0,0,0,0
2018-12-20,BREAD,CRO-RLS,0,0,0,0,0,0,0,0,0,0,0,0,0,0
2018-12-20,BREAD,H-RLS,5,6,11,5,0,0,6,0,0,0,0,0,0,0
2018-12-20,BREAD,FR-RLS,0,0,0,0,0,0,0,0,0,0,0,0,0,0
2018-12-20,BREAD,VS-RLS,0,2,2,0,0,0,2,0,0,0,0,0,0,0
2018-12-20,BREAD,BLUE STRU,4,6,10,1,4,2,3,0,0,0,0,0,0,0
2018-12-20,BREAD,Pump CH,5,27,32,7,18,2,5,0,0,0,0,0,0,0
2018-12-20,BREAD,PUmp Cru,3,3,6,3,0,1,2,0,0,0,0,0,0,0
2018-12-20,BREAD,MEX CHOC,10,0,10,4,0,6,0,0,0,0,0,0,0,0
2018-12-20,ROLLS,Cinnamon,0,84,84,78,6,0,0,0,0,0,0,0,0,0
2018-12-20,ROLLS,Xmas Tree,0,8,8,2,1,0,5,0,0,0,0,0,0,0
2018-12-20,ROLLS,Mini C-Roll,0,0,0,0,0,0,0,0,0,0,0,0,0,0
2018-12-20,SCONES,Blueberry,0,29,29,23,6,0,0,0,4,4,2,0,0,0
2018-12-20,SCONES,Rasp Cream,0,0,0,0,0,0,0,0,0,0,0,0,0,0
2018-12-20,SCONES,Cherry,0,0,0,0,0,0,0,0,0,0,0,0,0,0
2018-12-20,SCONES,Butt Almond,0,0,0,0,0,0,0,0,0,0,0,0,0,0
2018-12-20,SCONES,Turtle,0,29,29,18,6,5,0,0,2,2,1,0,0,0
2018-12-20,SCONES,Cin Chip,0,0,0,0,0,0,0,0,0,0,0,0,0,0
2018-12-20,SCONES,Cran Orange,0,20,20,14,6,0,0,0,3,3,2,0,0,0
2018-12-20,SCONES,CrO White Choc,0,3,3,-4,6,1,0,0,3,3,0,0,0,0
2018-12-20,FRUIT BARS,Mixed Berry,0,8,8,3,5,0,0,0,0,0,0,0,0,0
2018-12-20,FRUIT BARS,Cherry,0,12,12,3,9,0,0,0,0,0,0,0,0,0
2018-12-20,FRUIT BARS,Apple Cin,0,12,12,1,9,2,0,0,0,0,0,0,0,0
2018-12-20,FRUIT BARS,Cran-Apple,0,8,8,1,5,2,0,0,0,0,0,0,0,0
2018-12-20,MUFFINS,BLUE STRU,0,8,8,4,0,4,0,0,20,20,2,0,0,0
2018-12-20,MUFFINS,Pump Choc,0,20,20,14,6,0,0,0,22,22,1,0,0,0
2018-12-20,MUFFINS,Pump Crumb,0,18,18,5,6,7,0,0,22,22,1,0,0,0
2018-12-20,MUFFINS,Mex Choc,0,7,7,6,0,1,0,0,20,20,0,0,0,0
2018-12-20,MUFFINS,Cookies,0,0,0,0,0,0,0,0,0,0,0,0,0,0
2018-12-20,MUFFINS,Bars,0,0,0,0,0,0,0,0,0,0,0,0,0,0
2018-12-20,MUFFINS,Oatmeal CC,1,54,55,20,33,0,2,0,24,24,0,0,0,0
2018-12-20,MUFFINS,cran Choc,3,24,27,20,6,0,1,0,24,24,0,0,0,0
2018-12-20,MUFFINS,Triple Choc,1,53,54,27,27,0,0,0,24,24,0,0,0,0
2018-12-20,MUFFINS,SNICKEDOODLE,4,58,62,-20,75,0,7,0,24,24,0,0,0,0
2018-12-20,MUFFINS,Pie-SC,9,0,9,-3,3,0,9,0,0,0,0,0,0,0
2018-12-20,MUFFINS,Pump,0,0,0,0,0,0,0,0,0,0,0,0,0,0
2018-12-20,MUFFINS,frosted,10,25,35,10,25,0,0,0,0,0,0,0,0,0
2018-12-20,MUFFINS,Pie-Pec,0,0,0,-2,2,0,0,0,0,0,0,0,0,0
2018-12-20,MUFFINS,Apl,0,0,0,-1,1,0,0,0,0,0,0,0,0,0
2018-12-20,MUFFINS,Brownies,7,40,47,9,28,0,10,0,0,0,0,0,0,0
2018-12-20,MUFFINS,Pump Bars,0,40,40,11,29,0,0,0,0,0,0,0,0,0
2018-12-20,MUFFINS,Pump OHHH,4,0,4,-1,0,0,5,1,0,1,1,0,0,0
2018-12-20,MUFFINS,Bread Pudding,4,0,4,-5,0,0,9,0,0,0,-3,0,0,3
2018-12-20,MUFFINS,Totals,43,560,603,234,299,22,48,1,192,193,6,0,0,3
2018-12-21,BREAD,H,20,43,63,26,6,0,31,0,0,0,0,0,0,0
2018-12-21,BREAD,FR,2,39,41,17,4,0,20,0,0,0,0,0,0,0
2018-12-21,BREAD,GW,0,0,0,0,0,0,0,0,0,0,0,0,0,0
2018-12-21,BREAD,DK,12,22,34,18,7,0,9,0,0,0,0,0,0,0
2018-12-21,BREAD,H5,26,0,26,12,0,0,14,0,0,0,0,0,0,0
2018-12-21,BREAD,CSRWL,34,46,80,47,20,0,13,8,28,36,7,0,0,29
2018-12-21,BREAD,Pump SWRL,0,8,8,3,0,0,5,0,2,2,2,0,0,0
2018-12-21,BREAD,MP SWRL,11,4,15,6,2,6,1,0,2,2,1,0,0,0
2018-12-21,BREAD,CNE,12,39,51,30,14,0,7,0,5,5,2,0,0,3
2018-12-21,BREAD,CNR,0,8,8,5,3,0,0,0,0,0,0,0,0,0
2018-12-21,BREAD,CNW,0,6,6,5,0,0,1,0,0,0,0,0,0,0
2018-12-21,BREAD,CH,0,15,15,6,1,0,8,0,3,3,2,0,0,1
2018-12-21,BREAD,CG,0,42,42,17,14,0,11,0,4,4,3,0,0,1
2018-12-21,BREAD,vs,9,0,9,5,1,3,0,0,0,0,0,0,0,0
2018-12-21,BREAD,SO,0,6,6,2,4,0,0,0,3,3,3,0,0,0
2018-12-21,BREAD,CrO,0,0,0,0,0,0,0,0,0,0,0,0,0,0
2018-12-21,BREAD,SOURDOUGH,0,6,6,6,0,0,0,0,0,0,0,0,0,0
2018-12-21,BREAD,cc,0,4,4,2,0,0,2,0,0,0,0,0,0,0
2018-12-21,BREAD,cj,0,4,4,2,0,0,2,0,0,0,0,0,0,0
2018-12-21,BREAD,rg,0,4,4,4,0,0,0,0,0,0,0,0,0,0
2018-12-21,BREAD,borg,0,4,4,0,0,0,4,0,0,0,0,0,0,0
2018-12-21,BREAD,cb,15,0,15,12,2,1,0,0,0,0,0,0,0,0
2018-12-21,BREAD,AA,0,9,9,8,0,0,1,0,0,0,0,0,0,0
2018-12-21,BREAD,BUT-RLS,0,102,102,18,34,0,50,0,0,0,0,0,0,0
2018-12-21,BREAD,CRO-RLS,0,0,0,0,0,0,0,0,0,0,0,0,0,0
2018-12-21,BREAD,H-RLS,6,8,14,6,6,0,2,0,0,0,0,0,0,0
2018-12-21,BREAD,FR-RLS,0,0,0,0,0,0,0,0,0,0,0,0,0,0
2018-12-21,BREAD,VS-RLS,2,0,2,2,0,0,0,0,0,0,0,0,0,0
2018-12-21,BREAD,BLUE STRU,3,6,9,8,1,0,0,0,0,0,0,0,0,0
2018-12-21,BREAD,Pump CH,5,23,28,-1,8,0,21,0,0,0,0,0,0,0
2018-12-21,BREAD,PUmp Cru,2,11,13,3,5,0,5,0,0,0,0,0,0,0
2018-12-21,BREAD,MEX CHOC,0,13,13,3,5,0,5,0,0,0,0,0,0,0
2018-12-21,ROLLS,Cinnamon,0,84,84,56,28,0,0,0,0,0,0,0,0,0
2018-12-21,ROLLS,Xmas Tree,0,8,8,7,1,0,0,0,0,0,0,0,0,0
2018-12-21,ROLLS,Mini C-Roll,0,240,240,24,216,0,0,0,0,0,0,0,0,0
2018-12-21,SCONES,Blueberry,0,0,0,0,0,0,0,0,0,0,0,0,0,0
2018-12-21,SCONES,Rasp Cream,0,0,0,0,0,0,0,0,0,0,0,0,0,0
2018-12-21,SCONES,Cherry,0,31,31,17,0,14,0,0,16,16,1,0,0,0
2018-12-21,SCONES,Butt Almond,0,23,23,23,0,0,0,0,17,17,2,0,0,0
2018-12-21,SCONES,Turtle,0,0,0,0,0,0,0,0,0,0,0,0,0,0
2018-12-21,SCONES,Cin Chip,0,0,0,0,0,0,0,0,0,0,0,0,0,0
2018-12-21,SCONES,Cran Orange,0,14,14,14,0,0,0,0,14,14,2,0,0,0
2018-12-21,SCONES,CrO White Choc,0,16,16,16,0,0,0,0,15,15,2,0,0,0
2018-12-21,FRUIT BARS,Mixed Berry,0,8,8,0,5,3,0,0,0,0,0,0,0,0
2018-12-21,FRUIT BARS,Cherry,0,12,12,1,8,3,0,0,0,0,0,0,0,0
2018-12-21,FRUIT BARS,Apple Cin,0,12,12,4,6,2,0,0,0,0,0,0,0,0
2018-12-21,FRUIT BARS,Cran-Apple,0,8,8,-1,4,5,0,0,0,0,0,0,0,0
2018-12-21,MUFFINS,BLUE STRU,0,6,6,2,0,4,0,0,29,29,0,0,0,0
2018-12-21,MUFFINS,Pump Choc,0,8,8,8,0,0,0,0,27,27,1,0,0,0
2018-12-21,MUFFINS,Pump Crumb,0,6,6,2,0,4,0,0,3,3,0,0,0,0
2018-12-21,MUFFINS,Mex Choc,0,8,8,3,0,5,0,0,3,3,0,0,0,0
2018-12-21,MUFFINS,Cookies,0,0,0,0,0,0,0,0,0,0,0,0,0,0
2018-12-21,MUFFINS,Bars,0,0,0,0,0,0,0,0,0,0,0,0,0,0
2018-12-21,MUFFINS,Oatmeal CC,2,32,34,18,6,0,10,0,0,0,0,0,0,0
2018-12-21,MUFFINS,cran Choc,1,30,31,11,6,0,14,0,0,0,0,0,0,0
2018-12-21,MUFFINS,Triple Choc,0,36,36,18,6,0,12,0,0,0,0,0,0,0
2018-12-21,MUFFINS,SNICKEDOODLE,7,60,67,30,27,0,10,0,0,0,0,0,0,0
2018-12-21,MUFFINS,Pie-SC,9,0,9,1,0,0,8,0,0,0,0,0,0,0
2018-12-21,MUFFINS,Pump,0,0,0,0,0,0,0,0,0,0,0,0,0,0
2018-12-21,MUFFINS,frosted,0,30,30,19,0,0,11,0,0,0,0,0,0,0
2018-12-21,MUFFINS,Pie-Pec,0,0,0,0,0,0,0,0,0,0,0,0,0,0
2018-12-21,MUFFINS,Apl,0,0,0,-3,3,0,0,0,0,0,0,0,0,0
2018-12-21,MUFFINS,Brownies,10,20,30,26,4,0,0,0,0,0,0,0,0,0
2018-12-21,MUFFINS,Pump Bars,0,20,20,15,0,0,5,0,0,0,0,0,0,0
2018-12-21,MUFFINS,Pump OHHH,5,0,5,5,0,0,0,0,0,0,-1,0,0,1
2018-12-21,MUFFINS,Bread Pudding,9,0,9,1,0,0,8,3,0,3,-1,0,0,1
2018-12-21,MUFFINS,Totals,43,712,755,320,317,40,78,3,124,124,3,0,0,2
2018-12-22,BREAD,H,31,28,59,21,14,6,18,0,0,0,0,0,0,0
2018-12-22,BREAD,FR,20,46,66,27,5,1,33,0,0,0,0,0,0,0
2018-12-22,BREAD,GW,0,9,9,4,4,1,0,0,0,0,0,0,0,0
2018-12-22,BREAD,DK,9,27,36,16,0,0,20,0,0,0,0,0,0,0
2018-12-22,BREAD,H5,14,0,14,5,0,9,0,0,0,0,0,0,0,0
2018-12-22,BREAD,CSRWL,13,46,59,43,10,6,0,29,16,45,30,0,0,0
2018-12-22,BREAD,Pump SWRL,5,0,5,4,0,1,0,0,8,8,1,0,0,0
2018-12-22,BREAD,MP SWRL,1,8,9,6,0,3,0,0,2,2,0,0,0,0
2018-12-22,BREAD,CNE,7,28,35,27,0,8,0,3,5,8,7,0,0,0
2018-12-22,BREAD,CNR,0,0,0,0,0,0,0,0,0,0,0,0,0,0
2018-12-22,BREAD,CNW,1,0,1,1,0,0,0,0,0,0,0,0,0,0
2018-12-22,BREAD,CH,8,0,8,7,0,1,0,1,0,1,1,0,0,0
2018-12-22,BREAD,CG,11,0,11,11,0,0,0,1,0,1,1,0,0,0
2018-12-22,BREAD,vs,0,11,11,10,1,0,0,0,3,3,3,0,0,0
2018-12-22,BREAD,SO,0,12,12,11,0,0,1,0,4,4,2,0,0,2
2018-12-22,BREAD,CrO,0,21,21,16,2,3,0,0,5,5,2,0,0,0
2018-12-22,BREAD,SOURDOUGH,0,15,15,7,1,0,7,0,0,0,0,0,0,0
2018-12-22,BREAD,cc,2,0,2,2,0,0,0,0,0,0,0,0,0,0
2018-12-22,BREAD,cj,2,0,2,2,0,0,0,0,0,0,0,0,0,0
2018-12-22,BREAD,rg,0,2,2,2,0,0,0,0,0,0,0,0,0,0
2018-12-22,BREAD,borg,4,0,4,3,0,0,1,0,0,0,0,0,0,0
2018-12-22,BREAD,cb,0,23,23,13,10,0,0,0,10,10,7,0,0,0
2018-12-22,BREAD,AA,1,5,6,2,2,0,2,0,0,0,0,0,0,0
2018-12-22,BREAD,BUT-RLS,50,0,50,50,0,0,0,0,0,0,0,0,0,0
2018-12-22,BREAD,CRO-RLS,0,5,5,4,1,0,0,0,0,0,0,0,0,0
2018-12-22,BREAD,H-RLS,2,17,19,14,3,2,0,0,0,0,0,0,0,0
2018-12-22,BREAD,FR-RLS,0,2,2,0,2,0,0,0,0,0,0,0,0,0
2018-12-22,BREAD,VS-RLS,0,12,12,7,3,2,0,0,0,0,0,0,0,0
2018-12-22,BREAD,BLUE STRU,0,3,3,3,0,0,0,0,0,0,0,0,0,0
2018-12-22,BREAD,Pump CH,21,0,21,16,4,1,0,0,0,0,0,0,0,0
2018-12-22,BREAD,PUmp Cru,5,0,5,3,0,2,0,0,0,0,0,0,0,0
2018-12-22,BREAD,MEX CHOC,5,0,5,2,0,3,0,0,0,0,0,0,0,0
2018-12-22,ROLLS,Cinnamon,0,96,96,88,8,0,0,0,0,0,0,0,0,0
2018-12-22,ROLLS,Xmas Tree,0,0,0,-1,1,0,0,0,0,0,0,0,0,0
2018-12-22,ROLLS,Mini C-Roll,0,24,24,0,24,0,0,0,0,0,0,0,0,0
2018-12-22,SCONES,Blueberry,0,20,20,14,0,6,0,0,3,3,2,0,0,0
2018-12-22,SCONES,Rasp Cream,0,0,0,0,0,0,0,0,0,0,0,0,0,0
2018-12-22,SCONES,Cherry,0,0,0,0,0,0,0,0,0,0,0,0,0,0
2018-12-22,SCONES,Butt Almond,0,26,26,19,0,7,0,0,3,3,2,0,0,0
2018-12-22,SCONES,Turtle,0,0,0,0,0,0,0,0,0,0,0,0,0,0
2018-12-22,SCONES,Cin Chip,0,0,0,0,0,0,0,0,0,0,0,0,0,0
2018-12-22,SCONES,Cran Orange,0,16,16,-3,8,11,0,0,3,3,1,0,0,0
2018-12-22,SCONES,CrO White Choc,0,14,14,8,0,6,0,0,2,2,0,0,0,0
2018-12-22,FRUIT BARS,Mixed Berry,0,0,0,0,0,0,0,0,0,0,0,0,0,0
2018-12-22,FRUIT BARS,Cherry,0,0,0,0,0,0,0,0,0,0,0,0,0,0
2018-12-22,FRUIT BARS,Apple Cin,0,12,12,8,0,4,0,0,0,0,0,0,0,0
2018-12-22,FRUIT BARS,Cran-Apple,0,8,8,8,0,0,0,0,0,0,0,0,0,0
2018-12-22,MUFFINS,BLUE STRU,0,8,8,5,0,3,0,0,2,2,0,0,0,0
2018-12-22,MUFFINS,Pump Choc,0,12,12,11,0,1,0,0,2,2,0,0,0,0
2018-12-22,MUFFINS,Pump Crumb,0,8,8,5,0,3,0,0,2,2,0,0,0,0
2018-12-22,MUFFINS,Mex Choc,0,10,10,6,0,4,0,0,2,2,1,0,0,0
2018-12-22,MUFFINS,Cookies,0,0,0,0,0,0,0,0,0,0,0,0,0,0
2018-12-22,MUFFINS,Bars,0,0,0,0,0,0,0,0,0,0,0,0,0,0
2018-12-22,MUFFINS,Oatmeal CC,10,6,16,6,3,7,0,0,0,0,0,0,0,0
2018-12-22,MUFFINS,cran Choc,14,0,14,1,0,13,0,0,0,0,0,0,0,0
2018-12-22,MUFFINS,Triple Choc,12,0,12,11,0,1,0,0,0,0,0,0,0,0
2018-12-22,MUFFINS,SNICKEDOODLE,10,30,40,23,12,5,0,0,0,0,0,0,0,0
2018-12-22,MUFFINS,Pie-SC,8,0,8,8,0,0,0,0,0,0,0,0,0,0
2018-12-22,MUFFINS,Pump,0,0,0,0,0,0,0,0,0,0,0,0,0,0
2018-12-22,MUFFINS,frosted,11,6,17,9,0,8,0,0,0,0,0,0,0,0
2018-12-22,MUFFINS,Pie-Pec,0,0,0,0,0,0,0,0,0,0,0,0,0,0
2018-12-22,MUFFINS,Apl,0,0,0,0,0,0,0,0,0,0,0,0,0,0
2018-12-22,MUFFINS,Brownies,0,0,0,-14,0,14,0,0,0,0,0,0,0,0
2018-12-22,MUFFINS,Pump Bars,5,0,5,5,0,0,0,0,0,0,0,0,0,0
2018-12-22,MUFFINS,Pump OHHH,0,0,0,0,0,0,0,1,0,1,0,0,0,1
2018-12-22,MUFFINS,Bread Pudding,8,0,8,-1,0,0,9,1,0,1,-4,0,0,4
2018-12-22,MUFFINS,Totals,78,296,374,216,56,93,9,2,19,20,2,0,0,5
2018-12-23,BREAD,H,18,0,18,18,0,0,0,0,0,0,0,0,0,0
2018-12-23,BREAD,FR,33,0,33,33,0,0,0,0,0,0,0,0,0,0
2018-12-23,BREAD,GW,0,0,0,0,0,0,0,0,0,0,0,0,0,0
2018-12-23,BREAD,DK,20,0,20,20,0,0,0,0,0,0,0,0,0,0
2018-12-23,BREAD,H5,0,0,0,0,0,0,0,0,0,0,0,0,0,0
2018-12-23,BREAD,CSRWL,0,0,0,0,0,0,0,0,0,0,0,0,0,0
2018-12-23,BREAD,Pump SWRL,0,0,0,0,0,0,0,0,0,0,0,0,0,0
2018-12-23,BREAD,MP SWRL,0,0,0,0,0,0,0,0,0,0,0,0,0,0
2018-12-23,BREAD,CNE,0,0,0,0,0,0,0,0,0,0,0,0,0,0
2018-12-23,BREAD,CNR,0,0,0,0,0,0,0,0,0,0,0,0,0,0
2018-12-23,BREAD,CNW,0,0,0,0,0,0,0,0,0,0,0,0,0,0
2018-12-23,BREAD,CG,0,0,0,0,0,0,0,0,0,0,0,0,0,0
2018-12-23,BREAD,vs,0,0,0,0,0,0,0,0,0,0,0,0,0,0
2018-12-23,BREAD,SO,1,0,1,1,0,0,0,2,0,2,2,0,0,0
2018-12-23,BREAD,CrO,0,0,0,0,0,0,0,0,0,0,0,0,0,0
2018-12-23,BREAD,SOURDOUGH,7,0,7,7,0,0,0,0,0,0,0,0,0,0
2018-12-23,BREAD,cc,0,0,0,0,0,0,0,0,0,0,0,0,0,0
2018-12-23,BREAD,cj,0,0,0,0,0,0,0,0,0,0,0,0,0,0
2018-12-23,BREAD,rg,0,0,0,0,0,0,0,0,0,0,0,0,0,0
2018-12-23,BREAD,borg,1,0,1,1,0,0,0,0,0,0,0,0,0,0
2018-12-23,BREAD,CH,0,0,0,0,0,0,0,0,0,0,0,0,0,0
2018-12-23,BREAD,CB,0,0,0,0,0,0,0,0,0,0,0,0,0,0
2018-12-23,BREAD,AA,2,0,2,2,0,0,0,0,0,0,0,0,0,0
2018-12-23,BREAD,GW BUNS,0,0,0,0,0,0,0,0,0,0,0,0,0,0
2018-12-23,BREAD,BUT-RLS,0,0,0,0,0,0,0,0,0,0,0,0,0,0
2018-12-23,BREAD,CRO-RLS,0,0,0,0,0,0,0,0,0,0,0,0,0,0
2018-12-23,BREAD,H-RLS,0,0,0,0,0,0,0,0,0,0,0,0,0,0
2018-12-23,BREAD,FR-RLS,0,0,0,0,0,0,0,0,0,0,0,0,0,0
2018-12-23,BREAD,VS-RLS,0,0,0,0,0,0,0,0,0,0,0,0,0,0
2018-12-23,BREAD,BLUE STRU,0,0,0,0,0,0,0,0,0,0,0,0,0,0
2018-12-23,BREAD,Pump CH,0,0,0,0,0,0,0,0,0,0,0,0,0,0
2018-12-23,BREAD,PUmp Cru,0,0,0,0,0,0,0,0,0,0,0,0,0,0
2018-12-23,BREAD,MEX CHOC,0,0,0,0,0,0,0,0,0,0,0,0,0,0
2018-12-23,ROLLS,Cinnamon,0,0,0,0,0,0,0,0,0,0,0,0,0,0
2018-12-23,ROLLS,Take-N-Bake,0,0,0,0,0,0,0,0,0,0,0,0,0,0
2018-12-23,ROLLS,Mini C-Roll,0,0,0,0,0,0,0,0,0,0,0,0,0,0
2018-12-23,SCONES,Blueberry,0,0,0,0,0,0,0,0,0,0,0,0,0,0
2018-12-23,SCONES,Rasp Cream,0,0,0,0,0,0,0,0,0,0,0,0,0,0
2018-12-23,SCONES,Cherry,0,0,0,0,0,0,0,0,0,0,0,0,0,0
2018-12-23,SCONES,Butt Almond,0,0,0,0,0,0,0,0,0,0,0,0,0,0
2018-12-23,SCONES,Turtle,0,0,0,0,0,0,0,0,0,0,0,0,0,0
2018-12-23,SCONES,Cin Chip,0,0,0,0,0,0,0,0,0,0,0,0,0,0
2018-12-23,SCONES,Cran Orange,0,0,0,0,0,0,0,0,0,0,0,0,0,0
2018-12-23,FRUIT BARS,Mixed Berry,0,0,0,0,0,0,0,0,0,0,0,0,0,0
2018-12-23,FRUIT BARS,Cherry,0,0,0,0,0,0,0,0,0,0,0,0,0,0
2018-12-23,FRUIT BARS,Apple Cin,0,0,0,0,0,0,0,0,0,0,0,0,0,0
2018-12-23,FRUIT BARS,Cran-Apple,0,0,0,0,0,0,0,0,0,0,0,0,0,0
2018-12-23,MUFFINS,BLUE STRU,0,0,0,0,0,0,0,0,0,0,0,0,0,0
2018-12-23,MUFFINS,Pump Choc,0,0,0,0,0,0,0,0,0,0,0,0,0,0
2018-12-23,MUFFINS,Pump Crumb,0,0,0,0,0,0,0,0,0,0,0,0,0,0
2018-12-23,MUFFINS,Mex Choc,0,0,0,0,0,0,0,0,0,0,0,0,0,0
2018-12-23,MUFFINS,Cookies,0,0,0,0,0,0,0,0,0,0,0,0,0,0
2018-12-23,MUFFINS,Bars,0,0,0,0,0,0,0,0,0,0,0,0,0,0
2018-12-23,MUFFINS,Oatmeal CC,0,0,0,0,0,0,0,0,0,0,0,0,0,0
2018-12-23,MUFFINS,cran Choc,0,0,0,0,0,0,0,0,0,0,0,0,0,0
2018-12-23,MUFFINS,Triple Choc,0,0,0,0,0,0,0,0,0,0,0,0,0,0
2018-12-23,MUFFINS,SNICKEDOODLE,0,0,0,0,0,0,0,0,0,0,0,0,0,0
2018-12-23,MUFFINS,frosted,0,0,0,0,0,0,0,0,0,0,0,0,0,0
2018-12-23,MUFFINS,Kahuna,0,0,0,0,0,0,0,0,0,0,0,0,0,0
2018-12-23,MUFFINS,Brownies,0,0,0,0,0,0,0,0,0,0,0,0,0,0
2018-12-23,MUFFINS,Pump Bars,0,0,0,0,0,0,0,0,0,0,0,0,0,0
2018-12-23,MUFFINS,Pump OHHH,0,0,0,0,0,0,0,1,0,1,1,0,0,0
2018-12-23,MUFFINS,Bread Pudding,9,0,9,9,0,0,0,4,0,4,0,0,0,0
2018-12-23,MUFFINS,Totals,9,0,9,9,0,0,0,5,0,1,1,0,0,0
2018-12-24,BREAD,H,18,23,41,30,2,9,0,0,0,0,0,0,0,0
2018-12-24,BREAD,FR,33,0,33,32,0,1,0,0,0,0,0,0,0,0
2018-12-24,BREAD,GW,0,11,11,7,1,3,0,0,0,0,0,0,0,0
2018-12-24,BREAD,DK,20,0,20,18,0,2,0,0,0,0,0,0,0,0
2018-12-24,BREAD,H5,0,0,0,0,0,0,0,0,0,0,0,0,0,0
2018-12-24,BREAD,CSRWL,0,64,64,35,20,9,0,0,16,16,6,0,0,0
2018-12-24,BREAD,Pump SWRL,0,0,0,0,0,0,0,0,0,0,0,0,0,0
2018-12-24,BREAD,MP SWRL,0,24,24,8,10,6,0,0,3,3,2,0,0,0
2018-12-24,BREAD,CNE,0,34,34,12,22,0,0,0,3,3,3,0,0,0
2018-12-24,BREAD,CNR,0,0,0,0,0,0,0,0,0,0,0,0,0,0
2018-12-24,BREAD,CNW,0,0,0,0,0,0,0,0,0,0,0,0,0,0
2018-12-24,BREAD,CH,0,0,0,0,0,0,0,0,0,0,0,0,0,0
2018-12-24,BREAD,CG,0,0,0,0,0,0,0,0,0,0,0,0,0,0
2018-12-24,BREAD,vs,0,10,10,7,3,0,0,0,3,3,3,0,0,0
2018-12-24,BREAD,SO,1,0,1,-3,4,0,0,2,0,2,2,0,0,0
2018-12-24,BREAD,CrO,0,24,24,22,2,0,0,0,4,4,4,0,0,0
2018-12-24,BREAD,SOURDOUGH,7,0,7,7,0,0,0,0,0,0,0,0,0,0
2018-12-24,BREAD,cc,0,0,0,0,0,0,0,0,0,0,0,0,0,0
2018-12-24,BREAD,cj,0,0,0,0,0,0,0,0,0,0,0,0,0,0
2018-12-24,BREAD,rg,0,0,0,0,0,0,0,0,0,0,0,0,0,0
2018-12-24,BREAD,borg,1,0,1,1,0,0,0,0,0,0,0,0,0,0
2018-12-24,BREAD,cb,0,37,37,22,13,2,0,0,14,14,9,0,0,0
2018-12-24,BREAD,AA,2,0,2,2,0,0,0,0,0,0,0,0,0,0
2018-12-24,BREAD,CnE TREE,0,3,3,2,1,0,0,0,0,0,0,0,0,0
2018-12-24,BREAD,BUT-RLS,0,106,106,54,39,13,0,0,0,0,0,0,0,0
2018-12-24,BREAD,CRO-RLS,0,0,0,-2,2,0,0,0,0,0,0,0,0,0
2018-12-24,BREAD,H-RLS,0,29,29,17,10,2,0,0,0,0,0,0,0,0
2018-12-24,BREAD,FR-RLS,0,0,0,0,0,0,0,0,0,0,0,0,0,0
2018-12-24,BREAD,VS-RLS,0,18,18,8,10,0,0,0,0,0,0,0,0,0
2018-12-24,BREAD,BLUE STRU,0,6,6,6,0,0,0,0,0,0,0,0,0,0
2018-12-24,BREAD,Pump CH,0,24,24,18,6,0,0,0,0,0,0,0,0,0
2018-12-24,BREAD,PUmp Cru,0,6,6,6,0,0,0,0,0,0,0,0,0,0
2018-12-24,BREAD,MEX CHOC,0,8,8,5,0,3,0,0,0,0,0,0,0,0
2018-12-24,ROLLS,Cinnamon,0,180,180,110,70,0,0,0,0,0,0,0,0,0
2018-12-24,ROLLS,Xmas Tree,0,10,10,5,5,0,0,0,0,0,0,0,0,0
2018-12-24,ROLLS,Mini C-Roll,0,96,96,0,96,0,0,0,0,0,0,0,0,0
2018-12-24,SCONES,Blueberry,0,0,0,0,0,0,0,0,0,0,0,0,0,0
2018-12-24,SCONES,Rasp Cream,0,19,19,10,9,0,0,0,2,2,2,0,0,0
2018-12-24,SCONES,Butt Almond,0,0,0,0,0,0,0,0,0,0,0,0,0,0
2018-12-24,SCONES,Turtle,0,0,0,0,0,0,0,0,0,0,0,0,0,0
2018-12-24,SCONES,Cin Chip,0,12,12,11,1,0,0,0,2,2,1,0,0,0
2018-12-24,SCONES,Cran Orange,0,7,7,4,1,2,0,0,2,2,0,0,0,0
2018-12-24,SCONES,CrO White Choc,0,6,6,5,1,0,0,0,2,2,1,0,0,0
2018-12-24,FRUIT BARS,Mixed Berry,0,8,8,8,0,0,0,0,0,0,0,0,0,0
2018-12-24,FRUIT BARS,Cherry,0,12,12,12,0,0,0,0,0,0,0,0,0,0
2018-12-24,FRUIT BARS,Apple Cin,0,0,0,0,0,0,0,0,0,0,0,0,0,0
2018-12-24,FRUIT BARS,Cran-Apple,0,0,0,0,0,0,0,0,0,0,0,0,0,0
2018-12-24,MUFFINS,BLUE STRU,0,5,5,5,0,0,0,0,1,1,1,0,0,0
2018-12-24,MUFFINS,Pump Choc,0,7,7,6,0,1,0,0,1,1,1,0,0,0
2018-12-24,MUFFINS,Pump Crumb,0,5,5,3,0,2,0,0,1,1,0,0,0,0
2018-12-24,MUFFINS,Mex Choc,0,7,7,6,0,1,0,0,1,1,1,0,0,0
2018-12-24,MUFFINS,Cookies,0,0,0,0,0,0,0,0,0,0,0,0,0,0
2018-12-24,MUFFINS,Bars,0,0,0,0,0,0,0,0,0,0,0,0,0,0
2018-12-24,MUFFINS,Oatmeal CC,0,24,24,21,1,2,0,0,0,0,0,0,0,0
2018-12-24,MUFFINS,cran Choc,0,18,18,18,0,0,0,0,0,0,0,0,0,0
2018-12-24,MUFFINS,Triple Choc,0,24,24,21,3,0,0,0,0,0,0,0,0,0
2018-12-24,MUFFINS,SNICKEDOODLE,0,48,48,17,22,9,0,0,0,0,0,0,0,0
2018-12-24,MUFFINS,frosted,0,24,24,22,2,0,0,0,0,0,0,0,0,0
2018-12-24,MUFFINS,Pie-Sug Cream,0,16,16,9,7,0,0,0,0,0,0,0,0,0
2018-12-24,MUFFINS,Pie-Pec,0,11,11,2,5,4,0,0,0,0,0,0,0,0
2018-12-24,MUFFINS,Pump,0,10,10,4,6,0,0,0,0,0,0,0,0,0
2018-12-24,MUFFINS,Pie-Ap,0,3,3,1,2,0,0,0,0,0,0,0,0,0
2018-12-24,MUFFINS,ApC,0,2,2,2,0,0,0,0,0,0,0,0,0,0
2018-12-24,MUFFINS,Brownies,0,10,10,6,4,0,0,0,0,0,0,0,0,0
2018-12-24,MUFFINS,Pump Bars,0,10,10,9,0,1,0,0,0,0,0,0,0,0
2018-12-24,MUFFINS,Pump OHHH,0,0,0,-1,0,1,0,0,0,0,0,0,0,0
2018-12-24,MUFFINS,Bread Pudding,0,0,0,-7,0,0,7,0,0,0,-4,0,0,4
2018-12-24,MUFFINS,Totals,0,562,562,303,229,23,7,0,24,24,9,0,0,4
2018-12-26,BREAD,H,0,35,35,14,7,0,14,0,0,0,0,0,0,0
2018-12-26,BREAD,FR,0,48,48,11,31,0,6,0,0,0,0,0,0,0
2018-12-26,BREAD,GW,0,14,14,4,0,0,10,0,0,0,0,0,0,0
2018-12-26,BREAD,DK,0,24,24,12,0,0,12,0,0,0,0,0,0,0
2018-12-26,BREAD,H5,0,0,0,0,0,0,0,0,0,0,0,0,0,0
2018-12-26,BREAD,CSRWL,0,16,16,7,0,0,9,0,3,3,0,0,0,3
2018-12-26,BREAD,Pump SWRL,0,0,0,0,0,0,0,0,0,0,0,0,0,0
2018-12-26,BREAD,MP SWRL,0,8,8,0,0,0,8,0,2,2,0,0,0,2
2018-12-26,BREAD,CNE,0,21,21,9,0,0,12,0,4,4,2,0,0,2
2018-12-26,BREAD,CNR,0,6,6,1,3,0,2,0,0,0,0,0,0,0
2018-12-26,BREAD,CNW,0,4,4,0,0,0,4,0,0,0,0,0,0,0
2018-12-26,BREAD,CH,0,0,0,0,0,0,0,0,0,0,0,0,0,0
2018-12-26,BREAD,CG,0,11,11,1,0,0,10,0,4,4,1,0,0,3
2018-12-26,BREAD,vs,0,0,0,0,0,0,0,0,0,0,0,0,0,0
2018-12-26,BREAD,SO,0,12,12,4,0,0,8,0,3,3,0,0,0,3
2018-12-26,BREAD,CrO,0,0,0,0,0,0,0,0,0,0,0,0,0,0
2018-12-26,BREAD,SOURDOUGH,0,4,4,4,0,0,0,0,0,0,0,0,0,0
2018-12-26,BREAD,cc,0,4,4,1,0,0,3,0,0,0,0,0,0,0
2018-12-26,BREAD,cj,0,3,3,1,0,0,2,0,0,0,0,0,0,0
2018-12-26,BREAD,rg,0,4,4,2,0,0,2,0,0,0,0,0,0,0
2018-12-26,BREAD,borg,0,3,3,1,0,0,2,0,0,0,0,0,0,0
2018-12-26,BREAD,cb,0,0,0,0,0,0,0,0,0,0,0,0,0,0
2018-12-26,BREAD,AA,0,0,0,0,0,0,0,0,0,0,0,0,0,0
2018-12-26,BREAD,CAR,0,14,14,6,1,0,7,0,0,0,0,0,0,0
2018-12-26,BREAD,GF,0,65,65,65,0,0,0,0,0,0,0,0,0,0
2018-12-26,BREAD,BUT-RLS,0,0,0,0,0,0,0,0,0,0,0,0,0,0
2018-12-26,BREAD,CRO-RLS,0,0,0,0,0,0,0,0,0,0,0,0,0,0
2018-12-26,BREAD,H-RLS,0,3,3,2,0,0,1,0,0,0,0,0,0,0
2018-12-26,BREAD,FR-RLS,0,3,3,3,0,0,0,0,0,0,0,0,0,0
2018-12-26,BREAD,VS-RLS,0,0,0,0,0,0,0,0,0,0,0,0,0,0
2018-12-26,BREAD,BLUE STRU,0,6,6,0,0,0,6,0,0,0,0,0,0,0
2018-12-26,BREAD,Pump CH,0,10,10,2,0,0,8,0,0,0,0,0,0,0
2018-12-26,BREAD,PUmp Cru,0,6,6,1,0,0,5,0,0,0,0,0,0,0
2018-12-26,BREAD,MEX CHOC,0,8,8,0,0,0,8,0,0,0,0,0,0,0
2018-12-26,ROLLS,Cinnamon,0,24,24,24,0,0,0,0,0,0,0,0,0,0
2018-12-26,ROLLS,Xmas Tree,0,0,0,0,0,0,0,0,0,0,0,0,0,0
2018-12-26,ROLLS,Mini C-Roll,0,0,0,0,0,0,0,0,0,0,0,0,0,0
2018-12-26,SCONES,Blueberry,0,0,0,0,0,0,0,0,0,0,0,0,0,0
2018-12-26,SCONES,Rasp Cream,0,12,12,8,0,4,0,0,1,1,1,0,0,0
2018-12-26,SCONES,Cherry,0,0,0,0,0,0,0,0,0,0,0,0,0,0
2018-12-26,SCONES,Butt Almond,0,0,0,0,0,0,0,0,0,0,0,0,0,0
2018-12-26,SCONES,Turtle,0,10,10,10,0,0,0,0,1,1,1,0,0,0
2018-12-26,SCONES,Cin Chip,0,0,0,0,0,0,0,0,0,0,0,0,0,0
2018-12-26,SCONES,Cran Orange,0,0,0,0,0,0,0,0,0,0,0,0,0,0
2018-12-26,SCONES,CrO White choc,0,0,0,0,0,0,0,0,0,0,0,0,0,0
2018-12-26,FRUIT BARS,Mixed Berry,0,8,8,2,0,6,0,0,0,0,0,0,0,0
2018-12-26,FRUIT BARS,Cherry,0,12,12,3,0,9,0,0,0,0,0,0,0,0
2018-12-26,FRUIT BARS,Apple Cin,0,0,0,0,0,0,0,0,0,0,0,0,0,0
2018-12-26,FRUIT BARS,Cran-Apple,0,0,0,0,0,0,0,0,0,0,0,0,0,0
2018-12-26,MUFFINS,BLUE STRU,0,4,4,3,0,1,0,0,1,1,1,0,0,0
2018-12-26,MUFFINS,Pump Choc,0,6,6,1,0,5,0,0,1,1,1,0,0,0
2018-12-26,MUFFINS,Pump Crumb,0,4,4,4,0,0,0,0,1,1,1,0,0,0
2018-12-26,MUFFINS,Mex Choc,0,6,6,3,0,3,0,0,1,1,0,0,0,0
2018-12-26,MUFFINS,Cookies,0,0,0,0,0,0,0,0,0,0,0,0,0,0
2018-12-26,MUFFINS,Bars,0,0,0,0,0,0,0,0,0,0,0,0,0,0
2018-12-26,MUFFINS,Oatmeal CC,0,24,24,11,1,0,12,0,0,0,0,0,0,0
2018-12-26,MUFFINS,cran Choc,0,18,18,13,0,0,5,0,0,0,0,0,0,0
2018-12-26,MUFFINS,Triple Choc,0,24,24,11,1,0,12,0,0,0,0,0,0,0
2018-12-26,MUFFINS,SNICKEDOODLE,0,24,24,14,1,0,9,0,0,0,0,0,0,0
2018-12-26,MUFFINS,frosted,0,18,18,4,0,0,14,0,0,0,0,0,0,0
2018-12-26,MUFFINS,Kahuna,0,0,0,0,0,0,0,0,0,0,0,0,0,0
2018-12-26,MUFFINS,Brownies,0,0,0,0,0,0,0,0,0,0,0,0,0,0
2018-12-26,MUFFINS,Pump Bars,0,10,10,1,0,0,9,0,0,0,0,0,0,0
2018-12-26,MUFFINS,Pump OHHH,0,0,0,0,0,0,0,0,0,0,0,0,0,0
2018-12-26,MUFFINS,Bread Pudding,0,0,0,0,0,0,0,0,0,0,0,0,0,0
2018-12-26,MUFFINS,Totals,0,204,204,112,3,28,61,0,6,6,5,0,0,0
2018-12-27,BREAD,H,14,26,40,16,0,0,24,0,0,0,0,0,0,0
2018-12-27,BREAD,FR,6,46,52,11,35,0,6,0,0,0,0,0,0,0
2018-12-27,BREAD,GW,10,0,10,10,0,0,0,0,0,0,0,0,0,0
2018-12-27,BREAD,DK,12,0,12,6,0,0,6,0,0,0,0,0,0,0
2018-12-27,BREAD,H5,0,11,11,0,0,0,11,0,0,0,0,0,0,0
2018-12-27,BREAD,CSRWL,9,8,17,17,0,0,0,3,0,3,3,0,0,0
2018-12-27,BREAD,Pump SWRL,0,0,0,0,0,0,0,0,0,0,0,0,0,0
2018-12-27,BREAD,MP SWRL,8,0,8,8,0,0,0,2,0,2,2,0,0,0
2018-12-27,BREAD,CNE,12,0,12,12,0,0,0,2,0,2,2,0,0,0
2018-12-27,BREAD,CNR,2,0,2,2,0,0,0,0,0,0,0,0,0,0
2018-12-27,BREAD,CNW,4,0,4,4,0,0,0,0,0,0,0,0,0,0
2018-12-27,BREAD,CH,0,4,4,1,0,0,3,0,2,2,1,0,0,1
2018-12-27,BREAD,CG,10,0,10,10,0,0,0,3,0,3,3,0,0,0
2018-12-27,BREAD,vs,0,10,10,2,1,0,7,0,4,4,2,0,0,2
2018-12-27,BREAD,SO,8,0,8,8,0,0,0,3,0,3,3,0,0,0
2018-12-27,BREAD,CrO,0,16,16,4,0,0,12,0,3,3,2,0,0,1
2018-12-27,BREAD,SOURDOUGH,0,0,0,0,0,0,0,0,0,0,0,0,0,0
2018-12-27,BREAD,cc,3,0,3,3,0,0,0,0,0,0,0,0,0,0
2018-12-27,BREAD,cj,2,0,2,2,0,0,0,0,0,0,0,0,0,0
2018-12-27,BREAD,rg,2,0,2,2,0,0,0,0,0,0,0,0,0,0
2018-12-27,BREAD,borg,2,0,2,2,0,0,0,0,0,0,0,0,0,0
2018-12-27,BREAD,cb,0,12,12,4,0,0,8,0,4,4,1,0,0,3
2018-12-27,BREAD,AA,0,0,0,0,0,0,0,0,0,0,0,0,0,0
2018-12-27,BREAD,Car,7,0,7,1,0,0,6,0,0,0,0,0,0,0
2018-12-27,BREAD,BUT-RLS,0,0,0,0,0,0,0,0,0,0,0,0,0,0
2018-12-27,BREAD,CRO-RLS,0,0,0,0,0,0,0,0,0,0,0,0,0,0
2018-12-27,BREAD,H-RLS,1,6,7,2,5,0,0,0,0,0,0,0,0,0
2018-12-27,BREAD,FR-RLS,0,0,0,-1,1,0,0,0,0,0,0,0,0,0
2018-12-27,BREAD,VS-RLS,0,4,4,1,2,0,1,0,0,0,0,0,0,0
2018-12-27,BREAD,BLUE STRU,6,0,6,2,0,4,0,0,0,0,0,0,0,0
2018-12-27,BREAD,Pump CH,8,0,8,1,0,7,0,0,0,0,0,0,0,0
2018-12-27,BREAD,PUmp Cru,5,0,5,1,0,4,0,0,0,0,0,0,0,0
2018-12-27,BREAD,MEX CHOC,8,0,8,0,0,8,0,0,0,0,0,0,0,0
2018-12-27,ROLLS,Cinnamon,0,36,36,20,16,0,0,0,0,0,0,0,0,0
2018-12-27,ROLLS,Xmas Tree,0,0,0,0,0,0,0,0,0,0,0,0,0,0
2018-12-27,ROLLS,Mini C-Roll,0,0,0,0,0,0,0,0,0,0,0,0,0,0
2018-12-27,SCONES,Blueberry,0,22,22,16,4,2,0,0,2,2,1,0,0,0
2018-12-27,SCONES,Rasp Cream,0,0,0,0,0,0,0,0,0,0,0,0,0,0
2018-12-27,SCONES,Cherry,0,0,0,0,0,0,0,0,0,0,0,0,0,0
2018-12-27,SCONES,Butt Almond,0,0,0,0,0,0,0,0,0,0,0,0,0,0
2018-12-27,SCONES,Turtle,0,19,19,4,0,15,0,0,2,2,2,0,0,0
2018-12-27,SCONES,Cin Chip,0,0,0,0,0,0,0,0,0,0,0,0,0,0
2018-12-27,SCONES,Cran Orange,0,0,0,0,0,0,0,0,0,0,0,0,0,0
2018-12-27,SCONES,CrO White choc,0,0,0,0,0,0,0,0,0,0,0,0,0,0
2018-12-27,FRUIT BARS,Mixed Berry,0,0,0,0,0,0,0,0,0,0,0,0,0,0
2018-12-27,FRUIT BARS,Cherry,0,0,0,0,0,0,0,0,0,0,0,0,0,0
2018-12-27,FRUIT BARS,Apple Cin,0,12,12,5,0,7,0,0,0,0,0,0,0,0
2018-12-27,FRUIT BARS,Cran-Apple,0,8,8,6,0,2,0,0,0,0,0,0,0,0
2018-12-27,MUFFINS,BLUE STRU,0,5,5,4,0,1,0,0,1,1,0,0,0,0
2018-12-27,MUFFINS,Pump Choc,0,5,5,4,0,1,0,0,1,1,0,0,0,0
2018-12-27,MUFFINS,Pump Crumb,0,5,5,4,0,1,0,0,1,1,0,0,0,0
2018-12-27,MUFFINS,Mex Choc,0,5,5,4,0,1,0,0,1,1,0,0,0,0
2018-12-27,MUFFINS,Cookies,0,0,0,0,0,0,0,0,0,0,0,0,0,0
2018-12-27,MUFFINS,Bars,0,0,0,0,0,0,0,0,0,0,0,0,0,0
2018-12-27,MUFFINS,Oatmeal CC,12,6,18,5,2,7,4,0,0,0,0,0,0,0
2018-12-27,MUFFINS,cran Choc,5,12,17,0,2,3,12,0,0,0,0,0,0,0
2018-12-27,MUFFINS,Triple Choc,12,6,18,13,2,0,3,0,0,0,0,0,0,0
2018-12-27,MUFFINS,SNICKEDOODLE,9,12,21,9,2,1,9,0,0,0,0,0,0,0
2018-12-27,MUFFINS,frosted,14,0,14,5,0,9,0,0,0,0,0,0,0,0
2018-12-27,MUFFINS,Kahuna,0,0,0,0,0,0,0,0,0,0,0,0,0,0
2018-12-27,MUFFINS,Brownies,0,10,10,5,0,0,5,0,0,0,0,0,0,0
2018-12-27,MUFFINS,Pump Bars,9,0,9,8,0,1,0,0,0,0,0,0,0,0
2018-12-27,MUFFINS,Pump OHHH,0,0,0,0,0,0,0,0,0,0,0,0,0,0
2018-12-27,MUFFINS,Bread Pudding,0,0,0,0,0,0,0,0,0,0,0,0,0,0
2018-12-27,MUFFINS,Totals,61,163,224,112,28,51,33,0,8,8,3,0,0,0
2018-12-28,BREAD,H,24,23,47,13,0,0,34,0,0,0,0,0,0,0
2018-12-28,BREAD,FR,6,39,45,16,5,0,24,0,0,0,0,0,0,0
2018-12-28,BREAD,GW,0,25,25,22,0,0,3,0,0,0,0,0,0,0
2018-12-28,BREAD,DK,6,15,21,13,0,0,8,0,0,0,0,0,0,0
2018-12-28,BREAD,H5,11,0,11,5,0,0,6,0,0,0,0,0,0,0
2018-12-28,BREAD,CSRWL,0,23,23,10,1,0,12,0,3,3,0,0,0,3
2018-12-28,BREAD,Pump SWRL,0,0,0,0,0,0,0,0,0,0,0,0,0,0
2018-12-28,BREAD,MP SWRL,0,12,12,4,1,0,7,0,2,2,0,0,0,2
2018-12-28,BREAD,CNE,0,13,13,6,0,0,7,0,2,2,1,0,0,1
2018-12-28,BREAD,CNR,0,6,6,0,0,0,6,0,0,0,0,0,0,0
2018-12-28,BREAD,CNW,0,6,6,2,0,0,4,0,0,0,0,0,0,0
2018-12-28,BREAD,CH,3,0,3,2,0,1,0,1,0,1,1,0,0,0
2018-12-28,BREAD,CG,0,11,11,8,0,0,3,0,4,4,4,0,0,0
2018-12-28,BREAD,vs,7,0,7,7,0,0,0,2,0,2,2,0,0,0
2018-12-28,BREAD,SO,0,11,11,6,0,0,5,0,3,3,2,0,0,1
2018-12-28,BREAD,CrO,12,0,12,7,0,5,0,1,0,1,1,0,0,0
2018-12-28,BREAD,SOURDOUGH,0,9,9,8,0,0,1,0,0,0,0,0,0,0
2018-12-28,BREAD,cc,0,4,4,3,0,0,1,0,0,0,0,0,0,0
2018-12-28,BREAD,cj,0,3,3,3,0,0,0,0,0,0,0,0,0,0
2018-12-28,BREAD,rg,0,4,4,4,0,0,0,0,0,0,0,0,0,0
2018-12-28,BREAD,borg,0,0,0,0,0,0,0,0,0,0,0,0,0,0
2018-12-28,BREAD,cb,8,0,8,8,0,0,0,3,0,3,0,0,0,0
2018-12-28,BREAD,AA,0,0,0,0,0,0,0,0,0,0,0,0,0,0
2018-12-28,BREAD,BUT-RLS,0,18,18,14,2,0,2,0,0,0,0,0,0,0
2018-12-28,BREAD,CRO-RLS,0,0,0,0,0,0,0,0,0,0,0,0,0,0
2018-12-28,BREAD,H-RLS,0,4,4,4,0,0,0,0,0,0,0,0,0,0
2018-12-28,BREAD,FR-RLS,0,0,0,0,0,0,0,0,0,0,0,0,0,0
2018-12-28,BREAD,VS-RLS,1,0,1,1,0,0,0,0,0,0,0,0,0,0
2018-12-28,BREAD,BLUE STRU,0,4,4,4,0,0,0,0,0,0,0,0,0,0
2018-12-28,BREAD,Pump CH,0,4,4,3,0,0,1,0,0,0,0,0,0,0
2018-12-28,BREAD,PUmp Cru,0,4,4,1,0,0,3,0,0,0,0,0,0,0
2018-12-28,BREAD,MEX CHOC,0,4,4,1,0,0,3,0,0,0,0,0,0,0
2018-12-28,ROLLS,Cinnamon,0,48,48,40,0,8,0,0,0,0,0,0,0,0
2018-12-28,ROLLS,Xmas Tree,0,0,0,0,0,0,0,0,0,0,0,0,0,0
2018-12-28,ROLLS,Mini C-Roll,0,0,0,0,0,0,0,0,0,0,0,0,0,0
2018-12-28,SCONES,Blueberry,0,0,0,0,0,0,0,0,0,0,0,0,0,0
2018-12-28,SCONES,Rasp Cream,0,0,0,0,0,0,0,0,0,0,0,0,0,0
2018-12-28,SCONES,Cherry,0,13,13,5,0,8,0,0,1,1,1,0,0,0
2018-12-28,SCONES,Butt Almond,0,16,16,10,0,6,0,0,1,1,-1,0,0,0
2018-12-28,SCONES,Turtle,0,0,0,0,0,0,0,0,0,0,0,0,0,0
2018-12-28,SCONES,Cin Chip,0,0,0,0,0,0,0,0,0,0,0,0,0,0
2018-12-28,SCONES,Cran Orange,0,0,0,0,0,0,0,0,0,0,0,0,0,0
2018-12-28,SCONES,CrO White choc,0,0,0,0,0,0,0,0,0,0,0,0,0,0
2018-12-28,FRUIT BARS,Mixed Berry,0,8,8,2,0,6,0,0,0,0,0,0,0,0
2018-12-28,FRUIT BARS,Cherry,0,12,12,3,0,9,0,0,0,0,0,0,0,0
2018-12-28,FRUIT BARS,Apple Cin,0,0,0,0,0,0,0,0,0,0,0,0,0,0
2018-12-28,FRUIT BARS,Cran-Apple,0,0,0,0,0,0,0,0,0,0,0,0,0,0
2018-12-28,MUFFINS,BLUE STRU,0,4,4,4,0,0,0,0,1,1,0,0,0,0
2018-12-28,MUFFINS,Pump Choc,0,4,4,3,0,1,0,0,1,1,1,0,0,0
2018-12-28,MUFFINS,Pump Crumb,0,4,4,0,0,4,0,0,1,1,0,0,0,0
2018-12-28,MUFFINS,Mex Choc,0,4,4,2,0,2,0,0,1,1,0,0,0,0
2018-12-28,MUFFINS,Cookies,0,0,0,0,0,0,0,0,0,0,0,0,0,0
2018-12-28,MUFFINS,Bars,0,0,0,0,0,0,0,0,0,0,0,0,0,0
2018-12-28,MUFFINS,Oatmeal CC,4,12,16,5,0,3,8,0,0,0,0,0,0,0
2018-12-28,MUFFINS,cran Choc,12,6,18,12,0,6,0,0,0,0,0,0,0,0
2018-12-28,MUFFINS,Triple Choc,3,12,15,13,0,0,2,0,0,0,0,0,0,0
2018-12-28,MUFFINS,SNICKEDOODLE,9,11,20,4,0,6,10,0,0,0,0,0,0,0
2018-12-28,MUFFINS,frosted,0,12,12,7,0,0,5,0,0,0,0,0,0,0
2018-12-28,MUFFINS,Kahuna,0,0,0,0,0,0,0,0,0,0,0,0,0,0
2018-12-28,MUFFINS,Brownies,5,0,5,-6,0,0,11,0,0,0,0,0,0,0
2018-12-28,MUFFINS,Pump Bars,0,10,10,8,0,0,2,0,0,0,0,0,0,0
2018-12-28,MUFFINS,Pump OHHH,0,0,0,0,0,0,0,0,0,0,0,0,0,0
2018-12-28,MUFFINS,Bread Pudding,0,0,0,0,0,0,0,0,0,0,0,0,0,0
2018-12-28,MUFFINS,Totals,0,176,209,112,0,59,38,0,6,6,1,0,0,0
2018-12-29,BREAD,H,34,0,34,13,0,21,0,0,0,0,0,0,0,0
2018-12-29,BREAD,FR,24,0,24,13,0,11,0,0,0,0,0,0,0,0
2018-12-29,BREAD,GW,3,0,3,-2,1,4,0,0,0,0,0,0,0,0
2018-12-29,BREAD,DK,8,0,8,7,0,1,0,0,0,0,0,0,0,0
2018-12-29,BREAD,H5,6,0,6,2,0,4,0,0,0,0,0,0,0,0
2018-12-29,BREAD,CSRWL,12,5,17,15,1,1,0,3,0,3,1,0,0,0
2018-12-29,BREAD,Pump SWRL,0,0,0,0,0,0,0,0,0,0,0,0,0,0
2018-12-29,BREAD,MP SWRL,7,0,7,3,0,4,0,2,0,2,0,0,0,0
2018-12-29,BREAD,CNE,7,0,7,2,0,5,0,1,0,1,1,0,0,0
2018-12-29,BREAD,CNR,6,0,6,1,0,5,0,0,0,0,0,0,0,0
2018-12-29,BREAD,CNW,4,0,4,1,0,3,0,0,0,0,0,0,0,0
2018-12-29,BREAD,CH,0,0,0,0,0,0,0,0,0,0,0,0,0,0
2018-12-29,BREAD,CG,3,0,3,3,0,0,0,0,0,0,0,0,0,0
2018-12-29,BREAD,vs,0,5,5,0,0,5,0,0,3,3,1,0,0,0
2018-12-29,BREAD,SO,5,0,5,1,0,4,0,1,0,1,1,0,0,0
2018-12-29,BREAD,CrO,0,9,9,8,0,1,0,0,3,3,1,0,0,0
2018-12-29,BREAD,SOURDOUGH,1,0,1,1,0,0,0,0,0,0,0,0,0,0
2018-12-29,BREAD,cc,1,0,1,1,0,0,0,0,0,0,0,0,0,0
2018-12-29,BREAD,cj,0,0,0,0,0,0,0,0,0,0,0,0,0,0
2018-12-29,BREAD,rg,0,0,0,0,0,0,0,0,0,0,0,0,0,0
2018-12-29,BREAD,borg,0,0,0,0,0,0,0,0,0,0,0,0,0,0
2018-12-29,BREAD,cb,0,12,12,8,0,4,0,0,3,3,3,0,0,0
2018-12-29,BREAD,AA,0,0,0,0,0,0,0,0,0,0,0,0,0,0
2018-12-29,BREAD,BUT-RLS,2,0,2,2,0,0,0,0,0,0,0,0,0,0
2018-12-29,BREAD,CRO-RLS,0,0,0,0,0,0,0,0,0,0,0,0,0,0
2018-12-29,BREAD,H-RLS,0,0,0,0,0,0,0,0,0,0,0,0,0,0
2018-12-29,BREAD,FR-RLS,0,0,0,0,0,0,0,0,0,0,0,0,0,0
2018-12-29,BREAD,VS-RLS,0,6,6,1,4,1,0,0,0,0,0,0,0,0
2018-12-29,BREAD,BLUE STRU,0,3,3,1,0,2,0,0,0,0,0,0,0,0
2018-12-29,BREAD,Pump CH,1,2,3,1,0,2,0,0,0,0,0,0,0,0
2018-12-29,BREAD,PUmp Cru,3,0,3,3,0,0,0,0,0,0,0,0,0,0
2018-12-29,BREAD,MEX CHOC,3,0,3,0,0,3,0,0,0,0,0,0,0,0
2018-12-29,ROLLS,Cinnamon,0,48,48,46,0,2,0,0,0,0,0,0,0,0
2018-12-29,ROLLS,Xmas Tree,0,0,0,0,0,0,0,0,0,0,0,0,0,0
2018-12-29,ROLLS,Mini C-Roll,0,24,24,0,24,0,0,0,0,0,0,0,0,0
2018-12-29,SCONES,Blueberry,0,18,18,6,0,12,0,0,2,2,0,0,0,0
2018-12-29,SCONES,Rasp Cream,0,0,0,0,0,0,0,0,0,0,0,0,0,0
2018-12-29,SCONES,Cherry,0,0,0,0,0,0,0,0,0,0,0,0,0,0
2018-12-29,SCONES,Butt Almond,0,16,16,7,0,9,0,0,2,2,0,0,0,0
2018-12-29,SCONES,Turtle,0,0,0,0,0,0,0,0,0,0,0,0,0,0
2018-12-29,SCONES,Cin Chip,0,0,0,0,0,0,0,0,0,0,0,0,0,0
2018-12-29,SCONES,Cran Orange,0,0,0,0,0,0,0,0,0,0,0,0,0,0
2018-12-29,SCONES,CrO White choc,0,0,0,0,0,0,0,0,0,0,0,0,0,0
2018-12-29,FRUIT BARS,Mixed Berry,0,0,0,0,0,0,0,0,0,0,0,0,0,0
2018-12-29,FRUIT BARS,Cherry,0,0,0,0,0,0,0,0,0,0,0,0,0,0
2018-12-29,FRUIT BARS,Apple Cin,0,12,12,5,7,0,0,0,0,0,0,0,0,0
2018-12-29,FRUIT BARS,Cran-Apple,0,8,8,2,5,1,0,0,0,0,0,0,0,0
2018-12-29,MUFFINS,BLUE STRU,0,5,5,0,0,5,0,0,1,1,0,0,0,0
2018-12-29,MUFFINS,Pump Choc,0,6,6,1,0,5,0,0,1,1,0,0,0,0
2018-12-29,MUFFINS,Pump Crumb,0,5,5,4,0,1,0,0,1,1,1,0,0,0
2018-12-29,MUFFINS,Mex Choc,0,5,5,5,0,0,0,0,1,1,0,0,0,0
2018-12-29,MUFFINS,Cookies,0,0,0,0,0,0,0,0,0,0,0,0,0,0
2018-12-29,MUFFINS,Bars,0,0,0,0,0,0,0,0,0,0,0,0,0,0
2018-12-29,MUFFINS,Oatmeal CC,8,0,8,2,0,6,0,0,0,0,0,0,0,0
2018-12-29,MUFFINS,cran Choc,0,6,6,6,0,0,0,0,0,0,0,0,0,0
2018-12-29,MUFFINS,Triple Choc,2,6,8,7,0,1,0,0,0,0,0,0,0,0
2018-12-29,MUFFINS,SNICKEDOODLE,10,0,10,10,0,0,0,0,0,0,0,0,0,0
2018-12-29,MUFFINS,frosted,5,0,5,5,0,0,0,0,0,0,0,0,0,0
2018-12-29,MUFFINS,Kahuna,0,0,0,0,0,0,0,0,0,0,0,0,0,0
2018-12-29,MUFFINS,Brownies,11,0,11,2,0,9,0,0,0,0,0,0,0,0
2018-12-29,MUFFINS,Pump Bars,2,0,2,-3,0,5,0,0,0,0,0,0,0,0
2018-12-29,MUFFINS,Pump OHHH,0,0,0,0,0,0,0,0,0,0,0,0,0,0
2018-12-29,MUFFINS,Bread Pudding,0,0,0,0,0,0,0,0,0,0,0,0,0,0
2018-12-29,MUFFINS,Totals,38,159,197,105,36,56,0,0,8,8,1,0,0,0
2018-12-30,BREAD,H,0,0,0,0,0,0,0,0,0,0,0,0,0,0
2018-12-30,BREAD,FR,0,0,0,0,0,0,0,0,0,0,0,0,0,0
2018-12-30,BREAD,GW,0,0,0,0,0,0,0,0,0,0,0,0,0,0
2018-12-30,BREAD,DK,0,0,0,0,0,0,0,0,0,0,0,0,0,0
2018-12-30,BREAD,H5,0,0,0,0,0,0,0,0,0,0,0,0,0,0
2018-12-30,BREAD,CSRWL,0,0,0,0,0,0,0,0,0,0,0,0,0,0
2018-12-30,BREAD,Pump SWRL,0,0,0,0,0,0,0,0,0,0,0,0,0,0
2018-12-30,BREAD,MP SWRL,0,0,0,0,0,0,0,0,0,0,0,0,0,0
2018-12-30,BREAD,CNE,0,0,0,0,0,0,0,0,0,0,0,0,0,0
2018-12-30,BREAD,CNR,0,0,0,0,0,0,0,0,0,0,0,0,0,0
2018-12-30,BREAD,CNW,0,0,0,0,0,0,0,0,0,0,0,0,0,0
2018-12-30,BREAD,CG,0,0,0,0,0,0,0,0,0,0,0,0,0,0
2018-12-30,BREAD,vs,0,0,0,0,0,0,0,0,0,0,0,0,0,0
2018-12-30,BREAD,SO,0,0,0,0,0,0,0,0,0,0,0,0,0,0
2018-12-30,BREAD,CrO,0,0,0,0,0,0,0,0,0,0,0,0,0,0
2018-12-30,BREAD,SOURDOUGH,0,0,0,0,0,0,0,0,0,0,0,0,0,0
2018-12-30,BREAD,cc,0,0,0,0,0,0,0,0,0,0,0,0,0,0
2018-12-30,BREAD,cj,0,0,0,0,0,0,0,0,0,0,0,0,0,0
2018-12-30,BREAD,rg,0,0,0,0,0,0,0,0,0,0,0,0,0,0
2018-12-30,BREAD,borg,0,0,0,0,0,0,0,0,0,0,0,0,0,0
2018-12-30,BREAD,CH,0,0,0,0,0,0,0,0,0,0,0,0,0,0
2018-12-30,BREAD,CB,0,0,0,0,0,0,0,0,0,0,0,0,0,0
2018-12-30,BREAD,AA,0,0,0,0,0,0,0,0,0,0,0,0,0,0
2018-12-30,BREAD,GW BUNS,0,0,0,0,0,0,0,0,0,0,0,0,0,0
2018-12-30,BREAD,BUT-RLS,0,0,0,0,0,0,0,0,0,0,0,0,0,0
2018-12-30,BREAD,CRO-RLS,0,0,0,0,0,0,0,0,0,0,0,0,0,0
2018-12-30,BREAD,H-RLS,0,0,0,0,0,0,0,0,0,0,0,0,0,0
2018-12-30,BREAD,FR-RLS,0,0,0,0,0,0,0,0,0,0,0,0,0,0
2018-12-30,BREAD,VS-RLS,0,0,0,0,0,0,0,0,0,0,0,0,0,0
2018-12-30,BREAD,BLUE STRU,0,0,0,0,0,0,0,0,0,0,0,0,0,0
2018-12-30,BREAD,Pump CH,0,0,0,0,0,0,0,0,0,0,0,0,0,0
2018-12-30,BREAD,PUmp Cru,0,0,0,0,0,0,0,0,0,0,0,0,0,0
2018-12-30,BREAD,MEX CHOC,0,0,0,0,0,0,0,0,0,0,0,0,0,0
2018-12-30,ROLLS,Cinnamon,0,0,0,0,0,0,0,0,0,0,0,0,0,0
2018-12-30,ROLLS,Take-N-Bake,0,0,0,0,0,0,0,0,0,0,0,0,0,0
2018-12-30,ROLLS,Mini C-Roll,0,0,0,0,0,0,0,0,0,0,0,0,0,0
2018-12-30,SCONES,Blueberry,0,0,0,0,0,0,0,0,0,0,0,0,0,0
2018-12-30,SCONES,Rasp Cream,0,0,0,0,0,0,0,0,0,0,0,0,0,0
2018-12-30,SCONES,Cherry,0,0,0,0,0,0,0,0,0,0,0,0,0,0
2018-12-30,SCONES,Butt Almond,0,0,0,0,0,0,0,0,0,0,0,0,0,0
2018-12-30,SCONES,Turtle,0,0,0,0,0,0,0,0,0,0,0,0,0,0
2018-12-30,SCONES,Cin Chip,0,0,0,0,0,0,0,0,0,0,0,0,0,0
2018-12-30,SCONES,Cran Orange,0,0,0,0,0,0,0,0,0,0,0,0,0,0
2018-12-30,FRUIT BARS,Mixed Berry,0,0,0,0,0,0,0,0,0,0,0,0,0,0
2018-12-30,FRUIT BARS,Cherry,0,0,0,0,0,0,0,0,0,0,0,0,0,0
2018-12-30,FRUIT BARS,Apple Cin,0,0,0,0,0,0,0,0,0,0,0,0,0,0
2018-12-30,FRUIT BARS,Cran-Apple,0,0,0,0,0,0,0,0,0,0,0,0,0,0
2018-12-30,MUFFINS,BLUE STRU,0,0,0,0,0,0,0,0,0,0,0,0,0,0
2018-12-30,MUFFINS,Pump Choc,0,0,0,0,0,0,0,0,0,0,0,0,0,0
2018-12-30,MUFFINS,Pump Crumb,0,0,0,0,0,0,0,0,0,0,0,0,0,0
2018-12-30,MUFFINS,Mex Choc,0,0,0,0,0,0,0,0,0,0,0,0,0,0
2018-12-30,MUFFINS,Cookies,0,0,0,0,0,0,0,0,0,0,0,0,0,0
2018-12-30,MUFFINS,Bars,0,0,0,0,0,0,0,0,0,0,0,0,0,0
2018-12-30,MUFFINS,Oatmeal CC,0,0,0,0,0,0,0,0,0,0,0,0,0,0
2018-12-30,MUFFINS,cran Choc,0,0,0,0,0,0,0,0,0,0,0,0,0,0
2018-12-30,MUFFINS,Triple Choc,0,0,0,0,0,0,0,0,0,0,0,0,0,0
2018-12-30,MUFFINS,SNICKEDOODLE,0,0,0,0,0,0,0,0,0,0,0,0,0,0
2018-12-30,MUFFINS,frosted,0,0,0,0,0,0,0,0,0,0,0,0,0,0
2018-12-30,MUFFINS,Kahuna,0,0,0,0,0,0,0,0,0,0,0,0,0,0
2018-12-30,MUFFINS,Brownies,0,0,0,0,0,0,0,0,0,0,0,0,0,0
2018-12-30,MUFFINS,Pump Bars,0,0,0,0,0,0,0,0,0,0,0,0,0,0
2018-12-30,MUFFINS,Pump OHHH,0,0,0,0,0,0,0,0,0,0,0,0,0,0
2018-12-30,MUFFINS,Bread Pudding,0,0,0,0,0,0,0,0,0,0,0,0,0,0
2018-12-30,MUFFINS,Totals,0,0,0,0,0,0,0,0,0,0,0,0,0,0
2018-12-31,BREAD,H,0,0,0,0,0,0,0,0,0,0,0,0,0,0
2018-12-31,BREAD,FR,0,0,0,0,0,0,0,0,0,0,0,0,0,0
2018-12-31,BREAD,GW,0,0,0,0,0,0,0,0,0,0,0,0,0,0
2018-12-31,BREAD,DK,0,0,0,0,0,0,0,0,0,0,0,0,0,0
2018-12-31,BREAD,H5,0,0,0,0,0,0,0,0,0,0,0,0,0,0
2018-12-31,BREAD,CSRWL,0,0,0,0,0,0,0,0,0,0,0,0,0,0
2018-12-31,BREAD,Pump SWRL,0,0,0,0,0,0,0,0,0,0,0,0,0,0
2018-12-31,BREAD,MP SWRL,0,0,0,0,0,0,0,0,0,0,0,0,0,0
2018-12-31,BREAD,CNE,0,0,0,0,0,0,0,0,0,0,0,0,0,0
2018-12-31,BREAD,CNR,0,0,0,0,0,0,0,0,0,0,0,0,0,0
2018-12-31,BREAD,CNW,0,0,0,0,0,0,0,0,0,0,0,0,0,0
2018-12-31,BREAD,CG,0,0,0,0,0,0,0,0,0,0,0,0,0,0
2018-12-31,BREAD,vs,0,0,0,0,0,0,0,0,0,0,0,0,0,0
2018-12-31,BREAD,SO,0,0,0,0,0,0,0,0,0,0,0,0,0,0
2018-12-31,BREAD,CrO,0,0,0,0,0,0,0,0,0,0,0,0,0,0
2018-12-31,BREAD,SOURDOUGH,0,0,0,0,0,0,0,0,0,0,0,0,0,0
2018-12-31,BREAD,cc,0,0,0,0,0,0,0,0,0,0,0,0,0,0
2018-12-31,BREAD,cj,0,0,0,0,0,0,0,0,0,0,0,0,0,0
2018-12-31,BREAD,rg,0,0,0,0,0,0,0,0,0,0,0,0,0,0
2018-12-31,BREAD,borg,0,0,0,0,0,0,0,0,0,0,0,0,0,0
2018-12-31,BREAD,CH,0,0,0,0,0,0,0,0,0,0,0,0,0,0
2018-12-31,BREAD,CB,0,0,0,0,0,0,0,0,0,0,0,0,0,0
2018-12-31,BREAD,AA,0,0,0,0,0,0,0,0,0,0,0,0,0,0
2018-12-31,BREAD,GW BUNS,0,0,0,0,0,0,0,0,0,0,0,0,0,0
2018-12-31,BREAD,BUT-RLS,0,0,0,0,0,0,0,0,0,0,0,0,0,0
2018-12-31,BREAD,CRO-RLS,0,0,0,0,0,0,0,0,0,0,0,0,0,0
2018-12-31,BREAD,H-RLS,0,0,0,0,0,0,0,0,0,0,0,0,0,0
2018-12-31,BREAD,FR-RLS,0,0,0,0,0,0,0,0,0,0,0,0,0,0
2018-12-31,BREAD,VS-RLS,0,0,0,0,0,0,0,0,0,0,0,0,0,0
2018-12-31,BREAD,BLUE STRU,0,0,0,0,0,0,0,0,0,0,0,0,0,0
2018-12-31,BREAD,Pump CH,0,0,0,0,0,0,0,0,0,0,0,0,0,0
2018-12-31,BREAD,PUmp Cru,0,0,0,0,0,0,0,0,0,0,0,0,0,0
2018-12-31,BREAD,MEX CHOC,0,0,0,0,0,0,0,0,0,0,0,0,0,0
2018-12-31,ROLLS,Cinnamon,0,0,0,0,0,0,0,0,0,0,0,0,0,0
2018-12-31,ROLLS,Take-N-Bake,0,0,0,0,0,0,0,0,0,0,0,0,0,0
2018-12-31,ROLLS,Mini C-Roll,0,0,0,0,0,0,0,0,0,0,0,0,0,0
2018-12-31,SCONES,Blueberry,0,0,0,0,0,0,0,0,0,0,0,0,0,0
2018-12-31,SCONES,Rasp Cream,0,0,0,0,0,0,0,0,0,0,0,0,0,0
2018-12-31,SCONES,Cherry,0,0,0,0,0,0,0,0,0,0,0,0,0,0
2018-12-31,SCONES,Butt Almond,0,0,0,0,0,0,0,0,0,0,0,0,0,0
2018-12-31,SCONES,Turtle,0,0,0,0,0,0,0,0,0,0,0,0,0,0
2018-12-31,SCONES,Cin Chip,0,0,0,0,0,0,0,0,0,0,0,0,0,0
2018-12-31,SCONES,Cran Orange,0,0,0,0,0,0,0,0,0,0,0,0,0,0
2018-12-31,FRUIT BARS,Mixed Berry,0,0,0,0,0,0,0,0,0,0,0,0,0,0
2018-12-31,FRUIT BARS,Cherry,0,0,0,0,0,0,0,0,0,0,0,0,0,0
2018-12-31,FRUIT BARS,Apple Cin,0,0,0,0,0,0,0,0,0,0,0,0,0,0
2018-12-31,FRUIT BARS,Cran-Apple,0,0,0,0,0,0,0,0,0,0,0,0,0,0
2018-12-31,MUFFINS,BLUE STRU,0,0,0,0,0,0,0,0,0,0,0,0,0,0
2018-12-31,MUFFINS,Pump Choc,0,0,0,0,0,0,0,0,0,0,0,0,0,0
2018-12-31,MUFFINS,Pump Crumb,0,0,0,0,0,0,0,0,0,0,0,0,0,0
2018-12-31,MUFFINS,Mex Choc,0,0,0,0,0,0,0,0,0,0,0,0,0,0
2018-12-31,MUFFINS,Cookies,0,0,0,0,0,0,0,0,0,0,0,0,0,0
2018-12-31,MUFFINS,Bars,0,0,0,0,0,0,0,0,0,0,0,0,0,0
2018-12-31,MUFFINS,Oatmeal CC,0,0,0,0,0,0,0,0,0,0,0,0,0,0
2018-12-31,MUFFINS,cran Choc,0,0,0,0,0,0,0,0,0,0,0,0,0,0
2018-12-31,MUFFINS,Triple Choc,0,0,0,0,0,0,0,0,0,0,0,0,0,0
2018-12-31,MUFFINS,SNICKEDOODLE,0,0,0,0,0,0,0,0,0,0,0,0,0,0
2018-12-31,MUFFINS,frosted,0,0,0,0,0,0,0,0,0,0,0,0,0,0
2018-12-31,MUFFINS,Kahuna,0,0,0,0,0,0,0,0,0,0,0,0,0,0
2018-12-31,MUFFINS,Brownies,0,0,0,0,0,0,0,0,0,0,0,0,0,0
2018-12-31,MUFFINS,Pump Bars,0,0,0,0,0,0,0,0,0,0,0,0,0,0
2018-12-31,MUFFINS,Pump OHHH,0,0,0,0,0,0,0,0,0,0,0,0,0,0
2018-12-31,MUFFINS,Bread Pudding,0,0,0,0,0,0,0,0,0,0,0,0,0,0
2018-12-31,MUFFINS,Totals,0,0,0,0,0,0,0,0,0,0,0,0,0,0
