Date,Category,Product,START_OF_DAY_WHOLE,MADE_TODAY_WHOLE,AVAILABLE_TO_SELL_WHOLE,OUT_THE_DOOR_WHOLE,ORDERS_TODAY_WHOLE,REMOVED_AS_DAY_OLD_WHOLE,LEFT_WHOLE,START_OF_DAY_HALF,MADE_TODAY_HALF,AVAILABLE_TO_SELL_HALF,OUT_THE_DOOR_HALF,ORDERS_TODAY_HALF,REMOVED_AS_DAY_OLD_HALF,LEFT_HALF
2018-10-01,BREAD,H,0,36,36,32,0,0,4,0,0,0,0,0,0,0
2018-10-01,BREAD,FR,0,29,29,10,0,0,19,0,0,0,0,0,0,0
2018-10-01,BREAD,GW,0,16,16,5,0,0,11,0,0,0,0,0,0,0
2018-10-01,BREAD,DK,0,29,29,11,0,0,18,0,0,0,0,0,0,0
2018-10-01,BREAD,H5,0,0,0,0,0,0,0,0,0,0,0,0,0,0
2018-10-01,BREAD,CSRWL,0,16,16,15,0,0,1,0,3,3,0,0,0,3
2018-10-01,BREAD,pump SWRL,0,12,12,9,0,0,3,0,2,2,1,0,0,1
2018-10-01,BREAD,Son,0,0,0,0,0,0,0,0,0,0,0,0,0,0
2018-10-01,BREAD,CNE,0,11,11,5,0,0,6,0,3,3,0,0,0,3
2018-10-01,BREAD,CNR,0,9,9,6,0,0,3,0,0,0,0,0,0,0
2018-10-01,BREAD,CNW,0,4,4,3,0,0,1,0,0,0,0,0,0,0
2018-10-01,BREAD,CG,0,7,7,7,0,0,0,0,3,3,2,0,0,1
2018-10-01,BREAD,PESTO CG,0,3,3,0,0,0,3,0,0,0,0,0,0,0
2018-10-01,BREAD,VS,0,0,0,0,0,0,0,0,0,0,0,0,0,0
2018-10-01,BREAD,CH,0,0,0,0,0,0,0,0,0,0,0,0,0,0
2018-10-01,BREAD,SOURDOUGH,0,6,6,3,0,0,3,0,0,0,0,0,0,0
2018-10-01,BREAD,SOUR CC,0,3,3,0,0,0,3,0,0,0,0,0,0,0
2018-10-01,BREAD,SOUR CJ,0,1,1,1,0,0,0,0,0,0,0,0,0,0
2018-10-01,BREAD,SOUR RG,0,3,3,3,0,0,0,0,0,0,0,0,0,0
2018-10-01,BREAD,SOUR BORG,0,3,3,1,0,0,2,0,0,0,0,0,0,0
2018-10-01,BREAD,Car,0,14,14,14,0,0,0,0,0,0,0,0,0,0
2018-10-01,BREAD,IHF,0,0,0,0,0,0,0,0,0,0,0,0,0,0
2018-10-01,BREAD,GF,0,0,0,0,0,0,0,0,0,0,0,0,0,0
2018-10-01,BREAD,H-RLS,0,2,2,1,0,0,1,0,0,0,0,0,0,0
2018-10-01,BREAD,FR-RLS,0,4,4,3,0,0,1,0,0,0,0,0,0,0
2018-10-01,BREAD,VS-RLS,0,0,0,0,0,0,0,0,0,0,0,0,0,0
2018-10-01,BREAD,BLUE STRU,0,4,4,1,0,0,3,0,0,0,0,0,0,0
2018-10-01,BREAD,Pump Choc,0,4,4,2,0,0,2,0,0,0,0,0,0,0
2018-10-01,BREAD,Pump Crumb,0,4,4,2,0,0,2,0,0,0,0,0,0,0
2018-10-01,BREAD,Morn Glory,0,2,2,0,0,0,2,0,0,0,0,0,0,0
2018-10-01,ROLLS,Cinnamon,0,24,24,24,0,0,0,0,0,0,0,0,0,0
2018-10-01,ROLLS,Take-N-Bake,0,0,0,0,0,0,0,0,0,0,0,0,0,0
2018-10-01,ROLLS,Mini C-Roll,0,48,48,48,0,0,0,0,0,0,0,0,0,0
2018-10-01,SCONES,Blueberry,0,0,0,0,0,0,0,0,0,0,0,0,0,0
2018-10-01,SCONES,Rasp Cream,0,15,15,6,0,9,0,0,2,2,2,0,0,0
2018-10-01,SCONES,Cherry,0,0,0,0,0,0,0,0,0,0,0,0,0,0
2018-10-01,SCONES,Cin Chip,0,16,16,8,0,8,0,0,2,2,2,0,0,0
2018-10-01,SCONES,Turtle,0,0,0,0,0,0,0,0,0,0,0,0,0,0
2018-10-01,SCONES,butt almond,0,0,0,0,0,0,0,0,0,0,0,0,0,0
2018-10-01,SCONES,pump spice,0,12,12,4,0,8,0,0,2,2,2,0,0,0
2018-10-01,FRUIT BARS,Mixed Berry,0,8,8,2,0,6,0,0,0,0,0,0,0,0
2018-10-01,FRUIT BARS,Cherry,0,12,12,0,0,12,0,0,0,0,0,0,0,0
2018-10-01,FRUIT BARS,Apple Cin,0,0,0,0,0,0,0,0,0,0,0,0,0,0
2018-10-01,FRUIT BARS,MIXED FRUIT,0,0,0,0,0,0,0,0,0,0,0,0,0,0
2018-10-01,MUFFINS,BLUE STRU,0,6,6,4,0,2,0,0,1,1,0,0,0,0
2018-10-01,MUFFINS,pump choc,0,6,6,6,0,0,0,0,1,1,1,0,0,0
2018-10-01,MUFFINS,pump crumb,0,5,5,5,0,0,0,0,1,1,0,0,0,0
2018-10-01,MUFFINS,morn glory,0,5,5,0,0,5,0,0,1,1,1,0,0,0
2018-10-01,MUFFINS,Cookies,0,0,0,0,0,0,0,0,0,0,0,0,0,0
2018-10-01,MUFFINS,Bars,0,0,0,0,0,0,0,0,0,0,0,0,0,0
2018-10-01,MUFFINS,Oatmeal CC,0,30,30,22,8,0,0,0,0,0,0,0,0,0
2018-10-01,MUFFINS,Harvest Rais,0,18,18,2,0,0,16,0,0,0,0,0,0,0
2018-10-01,MUFFINS,Triple Choc,0,31,31,17,8,0,6,0,0,0,0,0,0,0
2018-10-01,MUFFINS,SNICKEDOODLE,0,30,30,6,8,0,16,0,0,0,0,0,0,0
2018-10-01,MUFFINS,frosted,0,12,12,7,0,0,5,0,0,0,0,0,0,0
2018-10-01,MUFFINS,Kahuna,0,0,0,0,0,0,0,0,0,0,0,0,0,0
2018-10-01,MUFFINS,Brownies,0,0,0,0,0,0,0,0,0,0,0,0,0,0
2018-10-01,MUFFINS,Pump Bar,0,20,20,17,0,0,3,0,0,0,0,0,0,0
2018-10-01,MUFFINS,Pump oh,2,0,2,2,0,0,0,4,0,4,3,0,0,1
2018-10-01,MUFFINS,Totals,2,298,300,180,24,50,46,4,10,14,11,0,0,1
2018-10-02,BREAD,H,4,34,38,24,1,0,13,0,0,0,0,0,0,0
2018-10-02,BREAD,FR,19,46,65,46,3,0,16,0,0,0,0,0,0,0
2018-10-02,BREAD,GW,11,3,14,3,0,8,3,0,0,0,0,0,0,0
2018-10-02,BREAD,DK,18,0,18,14,0,0,4,0,0,0,0,0,0,0
2018-10-02,BREAD,H5,0,17,17,11,0,0,6,0,0,0,0,0,0,0
2018-10-02,BREAD,CSRWL,1,16,17,9,0,0,8,3,1,4,2,0,0,1
2018-10-02,BREAD,pump SWRL,3,12,15,13,2,0,0,1,2,3,2,0,0,1
2018-10-02,BREAD,BRB,0,18,18,0,0,0,18,0,4,4,0,0,0,4
2018-10-02,BREAD,CNE,6,0,6,6,0,0,0,3,0,3,3,0,0,0
2018-10-02,BREAD,CNR,3,0,3,3,0,0,0,0,0,0,0,0,0,0
2018-10-02,BREAD,CNW,1,0,1,1,0,0,0,0,0,0,0,0,0,0
2018-10-02,BREAD,CG,0,0,0,0,0,0,0,1,0,1,1,0,0,0
2018-10-02,BREAD,PESTO CG,3,0,3,2,0,1,0,0,0,0,0,0,0,0
2018-10-02,BREAD,VS,0,14,14,3,0,0,11,0,4,4,0,0,0,4
2018-10-02,BREAD,CH,0,6,6,2,0,0,4,0,3,3,0,0,0,3
2018-10-02,BREAD,SOURDOUGH,3,0,3,3,0,0,0,0,0,0,0,0,0,0
2018-10-02,BREAD,SOUR CC,3,0,3,2,0,1,0,0,0,0,0,0,0,0
2018-10-02,BREAD,SOUR CJ,0,0,0,0,0,0,0,0,0,0,0,0,0,0
2018-10-02,BREAD,SOUR RG,0,0,0,0,0,0,0,0,0,0,0,0,0,0
2018-10-02,BREAD,SOUR BORG,2,0,2,2,0,0,0,0,0,0,0,0,0,0
2018-10-02,BREAD,Car,0,0,0,0,0,0,0,0,0,0,0,0,0,0
2018-10-02,BREAD,IHF,0,0,0,0,0,0,0,0,0,0,0,0,0,0
2018-10-02,BREAD,GF,0,66,66,66,0,0,0,0,0,0,0,0,0,0
2018-10-02,BREAD,H-RLS,1,3,4,1,0,0,3,0,0,0,0,0,0,0
2018-10-02,BREAD,FR-RLS,1,4,5,3,0,0,2,0,0,0,0,0,0,0
2018-10-02,BREAD,VS-RLS,0,0,0,-3,0,0,3,0,0,0,0,0,0,0
2018-10-02,BREAD,BLUE STRU,3,2,5,1,0,2,2,0,0,0,0,0,0,0
2018-10-02,BREAD,Pump Choc,2,3,5,5,0,0,0,0,0,0,0,0,0,0
2018-10-02,BREAD,Pump Crumb,2,3,5,1,0,1,3,0,0,0,0,0,0,0
2018-10-02,BREAD,Morn Glory,2,1,3,0,0,2,1,0,0,0,0,0,0,0
2018-10-02,ROLLS,Cinnamon,0,24,24,20,4,0,0,0,0,0,0,0,0,0
2018-10-02,ROLLS,Take-N-Bake,0,0,0,0,0,0,0,0,0,0,0,0,0,0
2018-10-02,ROLLS,Mini C-Roll,0,0,0,0,0,0,0,0,0,0,0,0,0,0
2018-10-02,SCONES,Blueberry,0,14,14,14,0,0,0,0,2,2,2,0,0,0
2018-10-02,SCONES,Rasp Cream,0,0,0,0,0,0,0,0,0,0,0,0,0,0
2018-10-02,SCONES,Cherry,0,0,0,0,0,0,0,0,0,0,0,0,0,0
2018-10-02,SCONES,Cin Chip,0,14,14,9,0,5,0,0,2,2,2,0,0,0
2018-10-02,SCONES,Turtle,0,0,0,0,0,0,0,0,0,0,0,0,0,0
2018-10-02,SCONES,butt almond,0,0,0,0,0,0,0,0,0,0,0,0,0,0
2018-10-02,SCONES,pump spice,0,12,12,12,0,0,0,0,2,2,0,0,0,0
2018-10-02,FRUIT BARS,Mixed Berry,0,0,0,0,0,0,0,0,0,0,0,0,0,0
2018-10-02,FRUIT BARS,Cherry,0,0,0,0,0,0,0,0,0,0,0,0,0,0
2018-10-02,FRUIT BARS,Apple Cin,0,12,12,8,0,4,0,0,0,0,0,0,0,0
2018-10-02,FRUIT BARS,MIXED FRUIT,0,8,8,7,0,1,0,0,0,0,0,0,0,0
2018-10-02,MUFFINS,BLUE STRU,0,6,6,6,0,0,0,0,2,2,0,0,0,0
2018-10-02,MUFFINS,pump choc,0,8,8,8,0,0,0,0,2,2,2,0,0,0
2018-10-02,MUFFINS,pump crumb,0,5,5,3,0,2,0,0,2,2,1,0,0,0
2018-10-02,MUFFINS,morn glory,0,5,5,5,0,0,0,0,2,2,1,0,0,0
2018-10-02,MUFFINS,Cookies,0,0,0,0,0,0,0,0,0,0,0,0,0,0
2018-10-02,MUFFINS,Bars,0,0,0,0,0,0,0,0,0,0,0,0,0,0
2018-10-02,MUFFINS,Oatmeal CC,0,18,18,10,1,0,7,0,0,0,0,0,0,0
2018-10-02,MUFFINS,Monster,0,18,18,3,0,0,15,0,0,0,0,0,0,0
2018-10-02,MUFFINS,Triple Choc,6,12,18,12,1,2,3,0,0,0,0,0,0,0
2018-10-02,MUFFINS,SNICKEDOODLE,16,0,16,6,0,10,0,0,0,0,0,0,0,0
2018-10-02,MUFFINS,harvest,16,0,16,3,0,13,0,0,0,0,0,0,0,0
2018-10-02,MUFFINS,frosted,5,6,11,6,0,1,4,0,0,0,0,0,0,0
2018-10-02,MUFFINS,Kahuna,0,0,0,0,0,0,0,0,0,0,0,0,0,0
2018-10-02,MUFFINS,Brownies,0,0,0,0,0,0,0,0,0,0,0,0,0,0
2018-10-02,MUFFINS,Pump Bar,3,20,23,20,0,0,3,0,0,0,0,0,0,0
2018-10-02,MUFFINS,Pump oh,0,0,0,0,0,0,0,1,0,1,0,0,0,0
2018-10-02,MUFFINS,Totals,46,182,228,152,6,38,32,1,14,15,8,0,0,0
2018-10-03,BREAD,H,13,47,60,53,2,0,5,0,0,0,0,0,0,0
2018-10-03,BREAD,FR,16,25,41,24,0,3,14,0,0,0,0,0,0,0
2018-10-03,BREAD,GW,3,14,17,14,0,0,3,0,0,0,0,0,0,0
2018-10-03,BREAD,DK,4,35,39,30,0,0,9,0,0,0,0,0,0,0
2018-10-03,BREAD,H5,6,0,6,6,0,0,0,0,0,0,0,0,0,0
2018-10-03,BREAD,CSRWL,8,12,20,18,1,1,0,1,3,4,4,0,0,0
2018-10-03,BREAD,pump SWRL,0,16,16,16,0,0,0,1,2,3,2,0,0,0
2018-10-03,BREAD,Brb,18,0,18,10,0,8,0,4,0,4,4,0,0,0
2018-10-03,BREAD,CNE,0,20,20,15,0,0,5,0,4,4,0,0,0,4
2018-10-03,BREAD,CNR,0,9,9,7,0,0,2,0,0,0,0,0,0,0
2018-10-03,BREAD,CNW,0,9,9,5,0,0,4,0,0,0,0,0,0,0
2018-10-03,BREAD,CG,0,12,12,4,0,0,8,0,4,4,3,0,0,1
2018-10-03,BREAD,PESTO CG,0,6,6,5,0,0,1,0,0,0,0,0,0,0
2018-10-03,BREAD,VS,11,0,11,6,0,5,0,4,0,4,3,0,0,0
2018-10-03,BREAD,CH,4,0,4,2,0,2,0,3,0,3,1,0,0,0
2018-10-03,BREAD,SOURDOUGH,0,13,13,7,0,0,6,0,0,0,0,0,0,0
2018-10-03,BREAD,SOUR CC,0,4,4,1,0,0,3,0,0,0,0,0,0,0
2018-10-03,BREAD,SOUR CJ,0,5,5,3,0,0,2,0,0,0,0,0,0,0
2018-10-03,BREAD,SOUR RG,0,6,6,4,0,0,2,0,0,0,0,0,0,0
2018-10-03,BREAD,SOUR BORG,0,4,4,1,0,0,3,0,0,0,0,0,0,0
2018-10-03,BREAD,Car,0,0,0,0,0,0,0,0,0,0,0,0,0,0
2018-10-03,BREAD,B,0,0,0,0,0,0,0,0,0,0,0,0,0,0
2018-10-03,BREAD,GF,0,0,0,0,0,0,0,0,0,0,0,0,0,0
2018-10-03,BREAD,H-RLS,3,4,7,6,0,0,1,0,0,0,0,0,0,0
2018-10-03,BREAD,FR-RLS,2,3,5,5,0,0,0,0,0,0,0,0,0,0
2018-10-03,BREAD,VS-RLS,3,0,3,2,0,1,0,0,0,0,0,0,0,0
2018-10-03,BREAD,BLUE STRU,2,5,7,1,0,2,4,0,0,0,0,0,0,0
2018-10-03,BREAD,Pump Choc,0,8,8,6,2,0,0,0,0,0,0,0,0,0
2018-10-03,BREAD,Pump Crumb,3,5,8,2,0,2,4,0,0,0,0,0,0,0
2018-10-03,BREAD,Morn Glory,1,4,5,1,0,1,3,0,0,0,0,0,0,0
2018-10-03,ROLLS,Cinnamon,0,60,60,50,0,10,0,0,0,0,0,0,0,0
2018-10-03,ROLLS,Take-N-Bake,0,0,0,0,0,0,0,0,0,0,0,0,0,0
2018-10-03,ROLLS,Mini C-Roll,0,0,0,0,0,0,0,0,0,0,0,0,0,0
2018-10-03,SCONES,Blueberry,0,0,0,0,0,0,0,0,0,0,0,0,0,0
2018-10-03,SCONES,Rasp Cream,0,29,29,25,4,0,0,0,3,3,1,0,0,0
2018-10-03,SCONES,Cherry,0,0,0,0,0,0,0,0,0,0,0,0,0,0
2018-10-03,SCONES,Cin Chip,0,0,0,0,0,0,0,0,0,0,0,0,0,0
2018-10-03,SCONES,Turtle,0,22,22,14,0,8,0,0,3,3,1,0,0,0
2018-10-03,SCONES,butt almond,0,0,0,0,0,0,0,0,0,0,0,0,0,0
2018-10-03,SCONES,pump spice,0,18,18,18,0,0,0,0,3,3,1,0,0,0
2018-10-03,FRUIT BARS,Mixed Berry,0,8,8,8,0,0,0,0,0,0,0,0,0,0
2018-10-03,FRUIT BARS,Cherry,0,12,12,4,1,7,0,0,0,0,0,0,0,0
2018-10-03,FRUIT BARS,Apple Cin,0,0,0,0,0,0,0,0,0,0,0,0,0,0
2018-10-03,FRUIT BARS,MIXED FRUIT,0,0,0,0,0,0,0,0,0,0,0,0,0,0
2018-10-03,MUFFINS,BLUE STRU,0,10,10,4,0,6,0,0,2,2,1,0,0,0
2018-10-03,MUFFINS,pump choc,0,13,13,6,0,7,0,0,2,2,0,0,0,0
2018-10-03,MUFFINS,pump crumb,0,9,9,1,0,8,0,0,2,2,1,0,0,0
2018-10-03,MUFFINS,morn glory,0,8,8,2,0,6,0,0,2,2,2,0,0,0
2018-10-03,MUFFINS,Cookies,0,0,0,0,0,0,0,0,0,0,0,0,0,0
2018-10-03,MUFFINS,Bars,0,0,0,0,0,0,0,0,0,0,0,0,0,0
2018-10-03,MUFFINS,Oatmeal CC,7,27,34,9,8,7,10,0,0,0,0,0,0,0
2018-10-03,MUFFINS,Monster,15,12,27,24,0,0,3,0,0,0,0,0,0,0
2018-10-03,MUFFINS,Triple Choc,3,42,45,11,14,0,20,0,0,0,0,0,0,0
2018-10-03,MUFFINS,SNICKEDOODLE,0,36,36,11,8,0,17,0,0,0,0,0,0,0
2018-10-03,MUFFINS,frosted,4,4,8,1,0,2,5,0,0,0,0,0,0,0
2018-10-03,MUFFINS,Kahuna,0,0,0,0,0,0,0,0,0,0,0,0,0,0
2018-10-03,MUFFINS,Brownies,0,20,20,10,0,0,10,0,0,0,0,0,0,0
2018-10-03,MUFFINS,Pump Bar,3,20,23,19,0,0,4,0,0,0,0,0,0,0
2018-10-03,MUFFINS,Pump oh,0,0,0,0,0,0,9,0,0,0,0,0,0,9
2018-10-03,MUFFINS,Totals,32,350,382,217,35,61,78,0,17,17,7,0,0,9
2018-10-04,BREAD,H,5,38,43,4,0,0,39,0,0,0,0,0,0,0
2018-10-04,BREAD,FR,14,50,64,7,35,0,22,0,0,0,0,0,0,0
2018-10-04,BREAD,GW,3,23,26,-4,0,6,24,0,0,0,0,0,0,0
2018-10-04,BREAD,DK,9,0,9,4,0,0,5,0,0,0,0,0,0,0
2018-10-04,BREAD,H5,0,26,26,3,6,0,17,0,0,0,0,0,0,0
2018-10-04,BREAD,CSRWL,0,16,16,7,0,0,9,0,3,3,0,0,0,3
2018-10-04,BREAD,pump SWRL,0,16,16,3,3,0,10,0,3,3,1,0,0,2
2018-10-04,BREAD,Son,0,15,15,12,0,0,3,0,3,3,1,0,0,2
2018-10-04,BREAD,CNE,5,0,5,2,0,3,0,4,0,4,4,0,0,0
2018-10-04,BREAD,CNR,2,0,2,1,0,1,0,0,0,0,0,0,0,0
2018-10-04,BREAD,CNW,4,0,4,1,0,3,0,0,0,0,0,0,0,0
2018-10-04,BREAD,CG,8,0,8,1,0,7,0,1,0,1,1,0,0,0
2018-10-04,BREAD,PESTO CG,1,0,1,1,0,0,0,0,0,0,0,0,0,0
2018-10-04,BREAD,VS,0,14,14,1,0,0,13,0,3,3,2,0,0,1
2018-10-04,BREAD,CH,0,6,6,0,0,0,6,0,2,2,0,0,0,2
2018-10-04,BREAD,SOURDOUGH,6,0,6,1,0,0,5,0,0,0,0,0,0,0
2018-10-04,BREAD,SOUR CC,3,0,3,0,0,0,3,0,0,0,0,0,0,0
2018-10-04,BREAD,SOUR CJ,2,0,2,1,0,0,1,0,0,0,0,0,0,0
2018-10-04,BREAD,SOUR RG,2,0,2,-1,0,0,3,0,0,0,0,0,0,0
2018-10-04,BREAD,SOUR BORG,3,0,3,0,0,0,3,0,0,0,0,0,0,0
2018-10-04,BREAD,Car,0,0,0,0,0,0,0,0,0,0,0,0,0,0
2018-10-04,BREAD,IHF,0,27,27,27,0,0,0,0,0,0,0,0,0,0
2018-10-04,BREAD,GF,0,0,0,0,0,0,0,0,0,0,0,0,0,0
2018-10-04,BREAD,H-RLS,1,4,5,-4,2,0,7,0,0,0,0,0,0,0
2018-10-04,BREAD,FR-RLS,0,4,4,-1,0,0,5,0,0,0,0,0,0,0
2018-10-04,BREAD,VS-RLS,0,4,4,2,0,0,2,0,0,0,0,0,0,0
2018-10-04,BREAD,BLUE STRU,4,4,8,4,0,2,2,0,0,0,0,0,0,0
2018-10-04,BREAD,Pump Choc,0,11,11,7,2,0,2,0,0,0,0,0,0,0
2018-10-04,BREAD,Pump Crumb,4,5,9,4,0,0,5,0,0,0,0,0,0,0
2018-10-04,BREAD,Morn Glory,3,2,5,1,0,3,1,0,0,0,0,0,0,0
2018-10-04,ROLLS,Cinnamon,0,252,252,240,0,12,0,0,0,0,0,0,0,0
2018-10-04,ROLLS,Take-N-Bake,0,0,0,0,0,0,0,0,0,0,0,0,0,0
2018-10-04,ROLLS,Mini C-Roll,0,0,0,0,0,0,0,0,0,0,0,0,0,0
2018-10-04,SCONES,Blueberry,0,42,42,34,0,8,0,0,6,6,4,0,0,0
2018-10-04,SCONES,Rasp Cream,0,0,0,0,0,0,0,0,0,0,0,0,0,0
2018-10-04,SCONES,Cherry,0,0,0,0,0,0,0,0,0,0,0,0,0,0
2018-10-04,SCONES,Cin Chip,0,0,0,0,0,0,0,0,0,0,0,0,0,0
2018-10-04,SCONES,Turtle,0,30,30,27,0,3,0,0,5,5,5,0,0,0
2018-10-04,SCONES,butt almond,0,0,0,0,0,0,0,0,0,0,0,0,0,0
2018-10-04,SCONES,pump spice,0,39,39,35,0,4,0,0,6,6,5,0,0,0
2018-10-04,FRUIT BARS,Mixed Berry,0,8,8,7,0,1,0,0,0,0,0,0,0,0
2018-10-04,FRUIT BARS,Cherry,0,12,12,5,0,7,0,0,0,0,0,0,0,0
2018-10-04,FRUIT BARS,Apple Cin,0,12,12,11,0,1,0,0,0,0,0,0,0,0
2018-10-04,FRUIT BARS,MIXED FRUIT,0,8,8,5,0,3,0,0,0,0,0,0,0,0
2018-10-04,MUFFINS,BLUE STRU,0,15,15,11,0,4,0,0,3,3,3,0,0,0
2018-10-04,MUFFINS,pump choc,0,18,18,18,0,0,0,0,3,3,2,0,0,0
2018-10-04,MUFFINS,pump crumb,0,14,14,7,0,7,0,0,3,3,3,0,0,0
2018-10-04,MUFFINS,morn glory,0,12,12,4,0,8,0,0,3,3,3,0,0,0
2018-10-04,MUFFINS,Cookies,0,0,0,0,0,0,0,0,0,0,0,0,0,0
2018-10-04,MUFFINS,Bars,0,0,0,0,0,0,0,0,0,0,0,0,0,0
2018-10-04,MUFFINS,Oatmeal CC,10,30,40,28,0,0,12,0,4,4,0,0,0,0
2018-10-04,MUFFINS,Monster,3,30,33,14,0,0,19,0,0,0,0,0,0,0
2018-10-04,MUFFINS,Triple Choc,20,18,38,29,0,0,9,0,4,4,0,0,0,0
2018-10-04,MUFFINS,SNICKEDOODLE,17,24,41,27,0,0,14,0,4,4,0,0,0,0
2018-10-04,MUFFINS,frosted,5,12,17,8,0,0,9,0,0,0,0,0,0,0
2018-10-04,MUFFINS,Kahuna,0,0,0,0,0,0,0,0,0,0,0,0,0,0
2018-10-04,MUFFINS,Brownies,10,20,30,26,0,0,4,0,0,0,0,0,0,0
2018-10-04,MUFFINS,Pump Bar,4,20,24,21,0,0,3,0,0,0,0,0,0,0
2018-10-04,MUFFINS,Pump oh,9,0,9,0,0,0,5,9,0,9,0,0,0,6
2018-10-04,MUFFINS,Totals,78,616,694,557,0,58,75,9,41,50,25,0,0,6
2018-10-05,BREAD,H,39,15,54,26,1,8,19,0,0,0,0,0,0,0
2018-10-05,BREAD,FR,22,23,45,22,0,0,23,0,0,0,0,0,0,0
2018-10-05,BREAD,GW,24,8,32,25,0,0,7,0,0,0,0,0,0,0
2018-10-05,BREAD,DK,5,20,25,19,0,0,6,0,0,0,0,0,0,0
2018-10-05,BREAD,H5,17,0,17,11,0,0,6,0,0,0,0,0,0,0
2018-10-05,BREAD,CSRWL,9,12,21,19,2,0,0,3,2,5,5,0,0,0
2018-10-05,BREAD,pump SWRL,10,12,22,18,0,1,3,2,2,4,3,0,0,0
2018-10-05,BREAD,Son,3,0,3,2,0,1,0,2,0,2,1,0,0,0
2018-10-05,BREAD,CNE,0,28,28,18,0,0,10,0,4,4,4,0,0,0
2018-10-05,BREAD,CNR,0,8,8,8,0,0,0,0,0,0,0,0,0,0
2018-10-05,BREAD,CNW,0,8,8,8,0,0,0,0,0,0,0,0,0,0
2018-10-05,BREAD,CG,0,12,12,7,0,0,5,0,4,4,4,0,0,0
2018-10-05,BREAD,PESTO CG,0,6,6,3,0,0,3,0,0,0,0,0,0,0
2018-10-05,BREAD,VS,13,10,23,11,0,4,8,1,3,4,3,0,0,0
2018-10-05,BREAD,CH,6,0,6,3,0,3,0,2,0,2,1,0,0,0
2018-10-05,BREAD,SOURDOUGH,5,12,17,16,0,0,1,0,0,0,0,0,0,0
2018-10-05,BREAD,SOUR CC,3,5,8,5,0,0,3,0,0,0,0,0,0,0
2018-10-05,BREAD,SOUR CJ,1,3,4,3,0,0,1,0,0,0,0,0,0,0
2018-10-05,BREAD,SOUR RG,3,5,8,6,0,0,2,0,0,0,0,0,0,0
2018-10-05,BREAD,SOUR BORG,3,5,8,8,0,0,0,0,0,0,0,0,0,0
2018-10-05,BREAD,Car,0,0,0,0,0,0,0,0,0,0,0,0,0,0
2018-10-05,BREAD,IHF,0,0,0,0,0,0,0,0,0,0,0,0,0,0
2018-10-05,BREAD,GF,0,0,0,0,0,0,0,0,0,0,0,0,0,0
2018-10-05,BREAD,H-RLS,7,0,7,7,0,0,0,0,0,0,0,0,0,0
2018-10-05,BREAD,FR-RLS,5,0,5,3,0,0,2,0,0,0,0,0,0,0
2018-10-05,BREAD,VS-RLS,2,0,2,2,0,0,0,0,0,0,0,0,0,0
2018-10-05,BREAD,BLUE STRU,2,7,9,4,1,0,4,0,0,0,0,0,0,0
2018-10-05,BREAD,Pump Choc,2,7,9,8,1,0,0,0,0,0,0,0,0,0
2018-10-05,BREAD,Pump Crumb,5,3,8,5,0,1,2,0,0,0,0,0,0,0
2018-10-05,BREAD,Morn Glory,1,5,6,5,0,0,1,0,0,0,0,0,0,0
2018-10-05,ROLLS,Cinnamon,0,72,72,19,36,17,0,0,0,0,0,0,0,0
2018-10-05,ROLLS,Take-N-Bake,0,0,0,0,0,0,0,0,0,0,0,0,0,0
2018-10-05,ROLLS,Mini C-Roll,0,120,120,0,120,0,0,0,0,0,0,0,0,0
2018-10-05,SCONES,Blueberry,0,0,0,0,0,0,0,0,0,0,0,0,0,0
2018-10-05,SCONES,Rasp Cream,0,0,0,0,0,0,0,0,0,0,0,0,0,0
2018-10-05,SCONES,Cherry,0,15,15,11,0,4,0,0,4,4,1,0,0,0
2018-10-05,SCONES,Cin Chip,0,16,16,16,0,0,0,0,2,2,2,0,0,0
2018-10-05,SCONES,Turtle,0,0,0,0,0,0,0,0,0,0,0,0,0,0
2018-10-05,SCONES,butt almond,0,15,15,15,0,0,0,0,4,4,2,0,0,0
2018-10-05,SCONES,pump spice,0,0,0,0,0,0,0,0,0,0,0,0,0,0
2018-10-05,FRUIT BARS,Mixed Berry,0,8,8,7,1,0,0,0,0,0,0,0,0,0
2018-10-05,FRUIT BARS,Cherry,0,12,12,11,1,0,0,0,0,0,0,0,0,0
2018-10-05,FRUIT BARS,Apple Cin,0,0,0,0,0,0,0,0,0,0,0,0,0,0
2018-10-05,FRUIT BARS,MIXED FRUIT,0,0,0,0,0,0,0,0,0,0,0,0,0,0
2018-10-05,MUFFINS,BLUE STRU,0,8,8,8,0,0,0,0,2,2,2,0,0,0
2018-10-05,MUFFINS,pump choc,0,8,8,8,0,0,0,0,4,4,1,0,0,0
2018-10-05,MUFFINS,pump crumb,0,8,8,3,0,5,0,0,3,3,0,0,0,0
2018-10-05,MUFFINS,morn glory,0,6,6,1,0,5,0,0,3,3,2,0,0,0
2018-10-05,MUFFINS,Cookies,0,0,0,0,0,0,0,0,0,0,0,0,0,0
2018-10-05,MUFFINS,Bars,0,0,0,0,0,0,0,0,0,0,0,0,0,0
2018-10-05,MUFFINS,Oatmeal CC,12,12,24,24,0,0,0,0,0,0,0,0,0,0
2018-10-05,MUFFINS,Monster,19,6,25,25,0,0,0,0,0,0,0,0,0,0
2018-10-05,MUFFINS,Triple Choc,9,24,33,27,6,0,0,0,0,0,0,0,0,0
2018-10-05,MUFFINS,SNICKEDOODLE,14,12,26,25,0,1,0,0,0,0,0,0,0,0
2018-10-05,MUFFINS,frosted,9,12,21,21,0,0,0,0,0,0,0,0,0,0
2018-10-05,MUFFINS,Kahuna,0,20,20,20,0,0,0,0,0,0,0,0,0,0
2018-10-05,MUFFINS,Brownies,4,0,4,4,0,0,0,0,0,0,0,0,0,0
2018-10-05,MUFFINS,Pump Bar,3,20,23,23,0,0,0,0,0,0,0,0,0,0
2018-10-05,MUFFINS,Pump oh,5,0,5,0,0,0,0,9,0,9,0,0,0,0
2018-10-05,MUFFINS,Totals,75,394,469,268,164,32,0,9,22,31,10,0,0,0
2018-10-06,BREAD,H,19,0,19,12,0,7,0,0,0,0,0,0,0,0
2018-10-06,BREAD,FR,23,0,23,16,0,7,0,0,0,0,0,0,0,0
2018-10-06,BREAD,GW,7,0,7,2,0,5,0,0,0,0,0,0,0,0
2018-10-06,BREAD,DK,6,0,6,6,0,0,0,0,0,0,0,0,0,0
2018-10-06,BREAD,H5,6,0,6,3,0,3,0,0,0,0,0,0,0,0
2018-10-06,BREAD,CSRWL,0,16,16,10,4,2,0,0,2,2,1,0,0,0
2018-10-06,BREAD,pump SWRL,3,10,13,13,0,0,0,0,2,2,1,0,0,0
2018-10-06,BREAD,Son,0,0,0,0,0,0,0,0,0,0,0,0,0,0
2018-10-06,BREAD,CNE,10,0,10,10,0,0,0,0,0,0,-1,0,0,0
2018-10-06,BREAD,CNR,0,0,0,0,0,0,0,0,0,0,0,0,0,0
2018-10-06,BREAD,CNW,0,0,0,-1,0,1,0,0,0,0,0,0,0,0
2018-10-06,BREAD,CG,5,0,5,5,0,0,0,0,0,0,0,0,0,0
2018-10-06,BREAD,PESTO CG,3,0,3,2,0,1,0,0,0,0,0,0,0,0
2018-10-06,BREAD,VS,8,0,8,5,0,3,0,0,0,0,-2,0,0,0
2018-10-06,BREAD,CH,0,0,0,0,0,0,0,0,0,0,0,0,0,0
2018-10-06,BREAD,SOURDOUGH,1,0,1,-2,0,3,0,0,0,0,0,0,0,0
2018-10-06,BREAD,SOUR CC,3,0,3,-1,0,4,0,0,0,0,0,0,0,0
2018-10-06,BREAD,SOUR CJ,1,0,1,0,0,1,0,0,0,0,0,0,0,0
2018-10-06,BREAD,SOUR RG,2,0,2,2,0,0,0,0,0,0,0,0,0,0
2018-10-06,BREAD,SOUR BORG,0,0,0,0,0,0,0,0,0,0,0,0,0,0
2018-10-06,BREAD,Car,0,0,0,0,0,0,0,0,0,0,0,0,0,0
2018-10-06,BREAD,IHF,0,0,0,0,0,0,0,0,0,0,0,0,0,0
2018-10-06,BREAD,GF,0,0,0,0,0,0,0,0,0,0,0,0,0,0
2018-10-06,BREAD,H-RLS,0,0,0,0,0,0,0,0,0,0,0,0,0,0
2018-10-06,BREAD,FR-RLS,2,27,29,2,27,0,0,0,0,0,0,0,0,0
2018-10-06,BREAD,VS-RLS,0,0,0,0,0,0,0,0,0,0,0,0,0,0
2018-10-06,BREAD,BLUE STRU,4,0,4,0,0,4,0,0,0,0,0,0,0,0
2018-10-06,BREAD,Pump Choc,0,4,4,3,1,0,0,0,0,0,0,0,0,0
2018-10-06,BREAD,Pump Crumb,2,1,3,0,0,3,0,0,0,0,0,0,0,0
2018-10-06,BREAD,Morn Glory,1,1,2,0,0,2,0,0,0,0,0,0,0,0
2018-10-06,ROLLS,Cinnamon,0,108,108,108,0,0,0,0,0,0,0,0,0,0
2018-10-06,ROLLS,Take-N-Bake,0,0,0,0,0,0,0,0,0,0,0,0,0,0
2018-10-06,ROLLS,Mini C-Roll,0,0,0,0,0,0,0,0,0,0,0,0,0,0
2018-10-06,SCONES,Blueberry,0,24,24,22,0,2,0,0,4,4,2,0,0,0
2018-10-06,SCONES,Rasp Cream,0,0,0,0,0,0,0,0,0,0,0,0,0,0
2018-10-06,SCONES,Cherry,0,0,0,0,0,0,0,0,0,0,0,0,0,0
2018-10-06,SCONES,Cin Chip,0,0,0,0,0,0,0,0,0,0,0,0,0,0
2018-10-06,SCONES,Turtle,0,0,0,0,0,0,0,0,0,0,0,0,0,0
2018-10-06,SCONES,butt almond,0,25,25,25,0,0,0,0,4,4,2,0,0,0
2018-10-06,SCONES,pump spice,0,20,20,16,0,4,0,0,4,4,2,0,0,0
2018-10-06,FRUIT BARS,Mixed Berry,0,12,12,8,0,4,0,0,0,0,0,0,0,0
2018-10-06,FRUIT BARS,Cherry,0,12,12,8,0,4,0,0,0,0,0,0,0,0
2018-10-06,FRUIT BARS,Apple Cin,0,8,8,6,0,2,0,0,0,0,0,0,0,0
2018-10-06,FRUIT BARS,MIXED FRUIT,0,8,8,5,0,3,0,0,0,0,0,0,0,0
2018-10-06,MUFFINS,BLUE STRU,0,14,14,7,0,7,0,0,3,3,1,0,0,0
2018-10-06,MUFFINS,pump choc,0,14,14,14,0,0,0,0,3,3,1,0,0,0
2018-10-06,MUFFINS,pump crumb,0,10,10,6,0,4,0,0,3,3,0,0,0,0
2018-10-06,MUFFINS,morn glory,0,6,6,5,0,1,0,0,3,3,0,0,0,0
2018-10-06,MUFFINS,Cookies,0,0,0,0,0,0,0,0,0,0,0,0,0,0
2018-10-06,MUFFINS,Bars,0,0,0,0,0,0,0,0,0,0,0,0,0,0
2018-10-06,MUFFINS,Oatmeal CC,0,12,12,4,4,4,0,0,0,0,0,0,0,0
2018-10-06,MUFFINS,Monster,0,8,8,7,0,1,0,0,0,0,0,0,0,0
2018-10-06,MUFFINS,Triple Choc,0,8,8,7,0,1,0,0,0,0,0,0,0,0
2018-10-06,MUFFINS,SNICKEDOODLE,0,8,8,5,0,3,0,0,0,0,0,0,0,0
2018-10-06,MUFFINS,frosted,0,6,6,-1,0,7,0,0,0,0,0,0,0,0
2018-10-06,MUFFINS,Kahuna,0,0,0,-3,0,3,0,0,0,0,0,0,0,0
2018-10-06,MUFFINS,Brownies,0,0,0,0,0,0,0,0,0,0,0,0,0,0
2018-10-06,MUFFINS,Pump Bar,0,0,0,-1,0,1,0,0,0,0,0,0,0,0
2018-10-06,MUFFINS,Pump oh,0,0,0,0,0,0,0,0,0,0,0,0,0,0
2018-10-06,MUFFINS,Totals,0,303,303,248,4,51,0,0,24,24,8,0,0,0
2018-10-07,BREAD,H,0,0,0,0,0,0,0,0,0,0,0,0,0,0
2018-10-07,BREAD,FR,0,0,0,0,0,0,0,0,0,0,0,0,0,0
2018-10-07,BREAD,GW,0,0,0,0,0,0,0,0,0,0,0,0,0,0
2018-10-07,BREAD,DK,0,0,0,0,0,0,0,0,0,0,0,0,0,0
2018-10-07,BREAD,H5,0,0,0,0,0,0,0,0,0,0,0,0,0,0
2018-10-07,BREAD,CSRWL,0,0,0,0,0,0,0,0,0,0,0,0,0,0
2018-10-07,BREAD,pump SWRL,0,0,0,0,0,0,0,0,0,0,0,0,0,0
2018-10-07,BREAD,Son,0,0,0,0,0,0,0,0,0,0,0,0,0,0
2018-10-07,BREAD,CNE,0,0,0,0,0,0,0,0,0,0,0,0,0,0
2018-10-07,BREAD,CNR,0,0,0,0,0,0,0,0,0,0,0,0,0,0
2018-10-07,BREAD,CNW,0,0,0,0,0,0,0,0,0,0,0,0,0,0
2018-10-07,BREAD,CG,0,0,0,0,0,0,0,0,0,0,0,0,0,0
2018-10-07,BREAD,PESTO CG,0,0,0,0,0,0,0,0,0,0,0,0,0,0
2018-10-07,BREAD,VS,0,0,0,0,0,0,0,0,0,0,0,0,0,0
2018-10-07,BREAD,CH,0,0,0,0,0,0,0,0,0,0,0,0,0,0
2018-10-07,BREAD,SOURDOUGH,0,0,0,0,0,0,0,0,0,0,0,0,0,0
2018-10-07,BREAD,SOUR CC,0,0,0,0,0,0,0,0,0,0,0,0,0,0
2018-10-07,BREAD,SOUR CJ,0,0,0,0,0,0,0,0,0,0,0,0,0,0
2018-10-07,BREAD,SOUR RG,0,0,0,0,0,0,0,0,0,0,0,0,0,0
2018-10-07,BREAD,SOUR BORG,0,0,0,0,0,0,0,0,0,0,0,0,0,0
2018-10-07,BREAD,Car,0,0,0,0,0,0,0,0,0,0,0,0,0,0
2018-10-07,BREAD,IHF,0,0,0,0,0,0,0,0,0,0,0,0,0,0
2018-10-07,BREAD,GF,0,0,0,0,0,0,0,0,0,0,0,0,0,0
2018-10-07,BREAD,H-RLS,0,0,0,0,0,0,0,0,0,0,0,0,0,0
2018-10-07,BREAD,FR-RLS,0,0,0,0,0,0,0,0,0,0,0,0,0,0
2018-10-07,BREAD,VS-RLS,0,0,0,0,0,0,0,0,0,0,0,0,0,0
2018-10-07,BREAD,BLUE STRU,0,0,0,0,0,0,0,0,0,0,0,0,0,0
2018-10-07,BREAD,Pump Choc,0,0,0,0,0,0,0,0,0,0,0,0,0,0
2018-10-07,BREAD,Pump Crumb,0,0,0,0,0,0,0,0,0,0,0,0,0,0
2018-10-07,BREAD,Morn Glory,0,0,0,0,0,0,0,0,0,0,0,0,0,0
2018-10-07,ROLLS,Cinnamon,0,0,0,0,0,0,0,0,0,0,0,0,0,0
2018-10-07,ROLLS,Take-N-Bake,0,0,0,0,0,0,0,0,0,0,0,0,0,0
2018-10-07,ROLLS,Mini C-Roll,0,0,0,0,0,0,0,0,0,0,0,0,0,0
2018-10-07,SCONES,Blueberry,0,0,0,0,0,0,0,0,0,0,0,0,0,0
2018-10-07,SCONES,Rasp Cream,0,0,0,0,0,0,0,0,0,0,0,0,0,0
2018-10-07,SCONES,Cherry,0,0,0,0,0,0,0,0,0,0,0,0,0,0
2018-10-07,SCONES,Cin Chip,0,0,0,0,0,0,0,0,0,0,0,0,0,0
2018-10-07,SCONES,Turtle,0,0,0,0,0,0,0,0,0,0,0,0,0,0
2018-10-07,SCONES,butt almond,0,0,0,0,0,0,0,0,0,0,0,0,0,0
2018-10-07,SCONES,pump spice,0,0,0,0,0,0,0,0,0,0,0,0,0,0
2018-10-07,FRUIT BARS,Mixed Berry,0,0,0,0,0,0,0,0,0,0,0,0,0,0
2018-10-07,FRUIT BARS,Cherry,0,0,0,0,0,0,0,0,0,0,0,0,0,0
2018-10-07,FRUIT BARS,Apple Cin,0,0,0,0,0,0,0,0,0,0,0,0,0,0
2018-10-07,FRUIT BARS,MIXED FRUIT,0,0,0,0,0,0,0,0,0,0,0,0,0,0
2018-10-07,MUFFINS,BLUE STRU,0,0,0,0,0,0,0,0,0,0,0,0,0,0
2018-10-07,MUFFINS,pump choc,0,0,0,0,0,0,0,0,0,0,0,0,0,0
2018-10-07,MUFFINS,pump crumb,0,0,0,0,0,0,0,0,0,0,0,0,0,0
2018-10-07,MUFFINS,morn glory,0,0,0,0,0,0,0,0,0,0,0,0,0,0
2018-10-07,MUFFINS,Cookies,0,0,0,0,0,0,0,0,0,0,0,0,0,0
2018-10-07,MUFFINS,Bars,0,0,0,0,0,0,0,0,0,0,0,0,0,0
2018-10-07,MUFFINS,Oatmeal CC,0,0,0,0,0,0,0,0,0,0,0,0,0,0
2018-10-07,MUFFINS,Monster,0,0,0,0,0,0,0,0,0,0,0,0,0,0
2018-10-07,MUFFINS,Triple Choc,0,0,0,0,0,0,0,0,0,0,0,0,0,0
2018-10-07,MUFFINS,SNICKEDOODLE,0,0,0,0,0,0,0,0,0,0,0,0,0,0
2018-10-07,MUFFINS,frosted,0,0,0,0,0,0,0,0,0,0,0,0,0,0
2018-10-07,MUFFINS,Kahuna,0,0,0,0,0,0,0,0,0,0,0,0,0,0
2018-10-07,MUFFINS,Brownies,0,0,0,0,0,0,0,0,0,0,0,0,0,0
2018-10-07,MUFFINS,Pump Bar,0,0,0,0,0,0,0,0,0,0,0,0,0,0
2018-10-07,MUFFINS,Pump oh,0,0,0,0,0,0,0,0,0,0,0,0,0,0
2018-10-07,MUFFINS,Totals,0,0,0,0,0,0,0,0,0,0,0,0,0,0
2018-10-08,BREAD,H,0,34,34,30,0,0,4,0,0,0,0,0,0,0
2018-10-08,BREAD,FR,0,31,31,14,0,0,17,0,0,0,0,0,0,0
2018-10-08,BREAD,GW,0,7,7,6,0,0,1,0,0,0,0,0,0,0
2018-10-08,BREAD,DK,0,30,30,30,0,0,0,0,0,0,0,0,0,0
2018-10-08,BREAD,H5,0,0,0,0,0,0,0,0,0,0,0,0,0,0
2018-10-08,BREAD,CSRWL,0,20,20,9,0,0,11,0,3,3,2,0,0,1
2018-10-08,BREAD,pump SWRL,0,16,16,7,0,0,9,0,3,3,2,0,0,1
2018-10-08,BREAD,Son,0,0,0,0,0,0,0,0,0,0,0,0,0,0
2018-10-08,BREAD,CNE,0,17,17,6,0,0,11,0,2,2,2,0,0,0
2018-10-08,BREAD,CNR,0,4,4,3,0,0,1,0,0,0,0,0,0,0
2018-10-08,BREAD,CNW,0,4,4,2,0,0,2,0,0,0,0,0,0,0
2018-10-08,BREAD,CG,0,7,7,6,0,0,1,0,3,3,0,0,0,3
2018-10-08,BREAD,PESTO CG,0,3,3,0,0,0,3,0,0,0,0,0,0,0
2018-10-08,BREAD,VS,0,0,0,0,0,0,0,0,0,0,0,0,0,0
2018-10-08,BREAD,CH,0,0,0,0,0,0,0,0,0,0,0,0,0,0
2018-10-08,BREAD,SOURDOUGH,0,7,7,6,0,0,1,0,0,0,0,0,0,0
2018-10-08,BREAD,SOUR CC,0,3,3,0,0,0,3,0,0,0,0,0,0,0
2018-10-08,BREAD,SOUR CJ,0,0,0,0,0,0,0,0,0,0,0,0,0,0
2018-10-08,BREAD,SOUR RG,0,3,3,1,0,0,2,0,0,0,0,0,0,0
2018-10-08,BREAD,SOUR BORG,0,3,3,0,0,0,3,0,0,0,0,0,0,0
2018-10-08,BREAD,Car,0,0,0,0,0,0,0,0,0,0,0,0,0,0
2018-10-08,BREAD,IHF,0,0,0,0,0,0,0,0,0,0,0,0,0,0
2018-10-08,BREAD,Spider,0,4,4,2,0,0,2,0,0,0,0,0,0,0
2018-10-08,BREAD,GF,0,0,0,0,0,0,0,0,0,0,0,0,0,0
2018-10-08,BREAD,H-RLS,0,3,3,3,0,0,0,0,0,0,0,0,0,0
2018-10-08,BREAD,FR-RLS,0,2,2,2,0,0,0,0,0,0,0,0,0,0
2018-10-08,BREAD,VS-RLS,0,0,0,0,0,0,0,0,0,0,0,0,0,0
2018-10-08,BREAD,BLUE STRU,0,4,4,0,0,0,4,0,0,0,0,0,0,0
2018-10-08,BREAD,Pump Choc,0,4,4,2,0,0,2,0,0,0,0,0,0,0
2018-10-08,BREAD,Pump Crumb,0,4,4,2,0,0,2,0,0,0,0,0,0,0
2018-10-08,BREAD,Morn Glory,0,2,2,0,0,0,2,0,0,0,0,0,0,0
2018-10-08,ROLLS,Cinnamon,0,24,24,24,0,0,0,0,0,0,0,0,0,0
2018-10-08,ROLLS,Take-N-Bake,0,0,0,0,0,0,0,0,0,0,0,0,0,0
2018-10-08,ROLLS,Mini C-Roll,0,0,0,0,0,0,0,0,0,0,0,0,0,0
2018-10-08,SCONES,Blueberry,0,0,0,0,0,0,0,0,0,0,0,0,0,0
2018-10-08,SCONES,Rasp Cream,0,12,12,10,0,2,0,0,2,2,1,0,0,0
2018-10-08,SCONES,Cherry,0,0,0,0,0,0,0,0,0,0,0,0,0,0
2018-10-08,SCONES,Cin Chip,0,11,11,10,0,1,0,0,2,2,1,0,0,0
2018-10-08,SCONES,Turtle,0,0,0,0,0,0,0,0,0,0,0,0,0,0
2018-10-08,SCONES,butt almond,0,0,0,0,0,0,0,0,0,0,0,0,0,0
2018-10-08,SCONES,pump spice,0,12,12,11,0,1,0,0,2,2,1,0,0,0
2018-10-08,FRUIT BARS,Mixed Berry,0,8,8,8,0,0,0,0,0,0,0,0,0,0
2018-10-08,FRUIT BARS,Cherry,0,12,12,4,0,8,0,0,0,0,0,0,0,0
2018-10-08,FRUIT BARS,Apple Cin,0,0,0,0,0,0,0,0,0,0,0,0,0,0
2018-10-08,FRUIT BARS,MIXED FRUIT,0,0,0,0,0,0,0,0,0,0,0,0,0,0
2018-10-08,MUFFINS,BLUE STRU,0,6,6,6,0,0,0,0,1,1,1,0,0,0
2018-10-08,MUFFINS,pump choc,0,6,6,6,0,0,0,0,1,1,1,0,0,0
2018-10-08,MUFFINS,pump crumb,0,5,5,3,0,2,0,0,1,1,1,0,0,0
2018-10-08,MUFFINS,morn glory,0,5,5,2,0,3,0,0,1,1,1,0,0,0
2018-10-08,MUFFINS,Cookies,0,0,0,0,0,0,0,0,0,0,0,0,0,0
2018-10-08,MUFFINS,Bars,0,0,0,0,0,0,0,0,0,0,0,0,0,0
2018-10-08,MUFFINS,Oatmeal CC,0,30,30,19,10,0,1,0,0,0,0,0,0,0
2018-10-08,MUFFINS,Monster,0,18,18,6,0,0,12,0,0,0,0,0,0,0
2018-10-08,MUFFINS,Triple Choc,0,30,30,11,9,0,10,0,0,0,0,0,0,0
2018-10-08,MUFFINS,SNICKEDOODLE,0,30,30,15,9,0,6,0,0,0,0,0,0,0
2018-10-08,MUFFINS,frosted,0,12,12,4,0,0,8,0,0,0,0,0,0,0
2018-10-08,MUFFINS,Kahuna,0,0,0,0,0,0,0,0,0,0,0,0,0,0
2018-10-08,MUFFINS,Brownies,0,0,0,0,0,0,0,0,0,0,0,0,0,0
2018-10-08,MUFFINS,Pump Bar,0,20,20,17,0,0,3,0,0,0,0,0,0,0
2018-10-08,MUFFINS,Pump oh,0,0,0,0,0,0,6,0,0,0,0,0,0,4
2018-10-08,MUFFINS,Totals,0,241,241,156,28,17,46,0,10,10,7,0,0,4
2018-10-09,BREAD,H,4,30,34,21,0,0,13,0,0,0,0,0,0,0
2018-10-09,BREAD,FR,17,35,52,15,28,0,9,0,0,0,0,0,0,0
2018-10-09,BREAD,GW,1,7,8,3,0,0,5,0,0,0,0,0,0,0
2018-10-09,BREAD,DK,0,16,16,12,0,0,4,0,0,0,0,0,0,0
2018-10-09,BREAD,H5,0,17,17,9,0,0,8,0,0,0,0,0,0,0
2018-10-09,BREAD,CSRWL,11,8,19,15,0,2,2,1,2,3,1,0,0,2
2018-10-09,BREAD,pump SWRL,9,8,17,17,0,0,0,1,2,3,1,0,0,1
2018-10-09,BREAD,Son,0,18,18,4,0,0,14,0,3,3,3,0,0,0
2018-10-09,BREAD,CNE,11,0,11,9,0,2,0,0,0,0,0,0,0,0
2018-10-09,BREAD,CNR,1,0,1,1,0,0,0,0,0,0,0,0,0,0
2018-10-09,BREAD,CNW,2,0,2,2,0,0,0,0,0,0,0,0,0,0
2018-10-09,BREAD,CG,1,0,1,1,0,0,0,3,0,3,3,0,0,0
2018-10-09,BREAD,PESTO CG,3,0,3,2,0,1,0,0,0,0,0,0,0,0
2018-10-09,BREAD,VS,0,12,12,-1,3,0,10,0,3,3,2,0,0,1
2018-10-09,BREAD,CH,0,6,6,3,0,0,3,0,2,2,0,0,0,2
2018-10-09,BREAD,SOURDOUGH,1,0,1,1,0,0,0,0,0,0,0,0,0,0
2018-10-09,BREAD,SOUR CC,3,0,3,1,0,2,0,0,0,0,0,0,0,0
2018-10-09,BREAD,SOUR CJ,0,0,0,0,0,0,0,0,0,0,0,0,0,0
2018-10-09,BREAD,SOUR RG,2,0,2,1,0,1,0,0,0,0,0,0,0,0
2018-10-09,BREAD,SOUR BORG,3,0,3,0,0,3,0,0,0,0,0,0,0,0
2018-10-09,BREAD,Car,0,0,0,0,0,0,0,0,0,0,0,0,0,0
2018-10-09,BREAD,IHF,0,0,0,0,0,0,0,0,0,0,0,0,0,0
2018-10-09,BREAD,Spider,2,3,5,2,0,1,2,0,0,0,0,0,0,0
2018-10-09,BREAD,GF,0,64,64,64,0,0,0,0,0,0,0,0,0,0
2018-10-09,BREAD,H-RLS,0,5,5,2,0,0,3,0,0,0,0,0,0,0
2018-10-09,BREAD,FR-RLS,0,2,2,0,0,0,2,0,0,0,0,0,0,0
2018-10-09,BREAD,VS-RLS,0,4,4,2,0,0,2,0,0,0,0,0,0,0
2018-10-09,BREAD,BLUE STRU,4,1,5,0,0,4,1,0,0,0,0,0,0,0
2018-10-09,BREAD,Pump Choc,2,3,5,3,0,0,2,0,0,0,0,0,0,0
2018-10-09,BREAD,Pump Crumb,2,3,5,0,0,2,3,0,0,0,0,0,0,0
2018-10-09,BREAD,Morn Glory,2,1,3,0,0,2,1,0,0,0,0,0,0,0
2018-10-09,ROLLS,Cinnamon,0,24,24,16,0,8,0,0,0,0,0,0,0,0
2018-10-09,ROLLS,Take-N-Bake,0,0,0,0,0,0,0,0,0,0,0,0,0,0
2018-10-09,ROLLS,Mini C-Roll,0,0,0,0,0,0,0,0,0,0,0,0,0,0
2018-10-09,SCONES,Blueberry,0,7,7,6,1,0,0,0,2,2,2,0,0,0
2018-10-09,SCONES,Rasp Cream,0,0,0,0,0,0,0,0,0,0,0,0,0,0
2018-10-09,SCONES,Cherry,0,0,0,0,0,0,0,0,0,0,0,0,0,0
2018-10-09,SCONES,Cin Chip,0,15,15,11,1,3,0,0,3,3,0,0,0,0
2018-10-09,SCONES,Turtle,0,0,0,0,0,0,0,0,0,0,0,0,0,0
2018-10-09,SCONES,butt almond,0,0,0,0,0,0,0,0,0,0,0,0,0,0
2018-10-09,SCONES,pump spice,0,12,12,10,1,1,0,0,2,2,2,0,0,0
2018-10-09,FRUIT BARS,Mixed Berry,0,0,0,0,0,0,0,0,0,0,0,0,0,0
2018-10-09,FRUIT BARS,Cherry,0,0,0,0,0,0,0,0,0,0,0,0,0,0
2018-10-09,FRUIT BARS,Apple Cin,0,12,12,9,2,1,0,0,0,0,0,0,0,0
2018-10-09,FRUIT BARS,MIXED FRUIT,0,8,8,7,1,0,0,0,0,0,0,0,0,0
2018-10-09,MUFFINS,BLUE STRU,0,8,8,4,0,4,0,0,2,2,-1,0,0,0
2018-10-09,MUFFINS,pump choc,0,10,10,7,0,3,0,0,2,2,-1,0,0,0
2018-10-09,MUFFINS,pump crumb,0,5,5,0,0,5,0,0,2,2,1,0,0,0
2018-10-09,MUFFINS,morn glory,0,7,7,5,0,2,0,0,2,2,0,0,0,0
2018-10-09,MUFFINS,Cookies,0,0,0,0,0,0,0,0,0,0,0,0,0,0
2018-10-09,MUFFINS,Bars,0,0,0,0,0,0,0,0,0,0,0,0,0,0
2018-10-09,MUFFINS,Oatmeal CC,1,48,49,19,30,0,0,0,0,0,0,0,0,0
2018-10-09,MUFFINS,Monster,12,6,18,11,0,6,1,0,0,0,0,0,0,0
2018-10-09,MUFFINS,Triple Choc,10,36,46,3,30,1,12,0,0,0,0,0,0,0
2018-10-09,MUFFINS,SNICKEDOODLE,6,42,48,5,30,3,10,0,0,0,0,0,0,0
2018-10-09,MUFFINS,frosted,8,6,14,9,0,2,3,0,0,0,0,0,0,0
2018-10-09,MUFFINS,Kahuna,0,0,0,0,0,0,0,0,0,0,0,0,0,0
2018-10-09,MUFFINS,Brownies,0,0,0,0,0,0,0,0,0,0,0,0,0,0
2018-10-09,MUFFINS,Pump Bar,3,20,23,17,0,0,6,0,0,0,0,0,0,0
2018-10-09,MUFFINS,Pump oh,6,0,6,0,0,0,0,4,0,4,0,0,0,0
2018-10-09,MUFFINS,Totals,46,266,312,139,96,39,32,4,15,19,3,0,0,0
2018-10-10,BREAD,H,13,57,70,49,1,0,20,0,0,0,0,0,0,0
2018-10-10,BREAD,FR,9,36,45,23,0,0,22,0,0,0,0,0,0,0
2018-10-10,BREAD,GW,5,13,18,10,0,3,5,0,0,0,0,0,0,0
2018-10-10,BREAD,DK,4,43,47,35,0,0,12,0,0,0,0,0,0,0
2018-10-10,BREAD,H5,8,28,36,36,0,0,0,0,0,0,0,0,0,0
2018-10-10,BREAD,CSRWL,2,24,26,11,8,0,7,2,2,4,4,0,0,0
2018-10-10,BREAD,pump SWRL,0,20,20,16,0,0,4,1,2,3,2,0,0,1
2018-10-10,BREAD,Son,14,0,14,10,0,4,0,0,0,0,0,0,0,0
2018-10-10,BREAD,CNE,0,25,25,12,0,0,13,0,4,4,3,0,0,1
2018-10-10,BREAD,CNR,0,10,10,5,0,0,5,0,0,0,0,0,0,0
2018-10-10,BREAD,CNW,0,10,10,7,0,0,3,0,0,0,0,0,0,0
2018-10-10,BREAD,CG,0,13,13,7,0,0,6,0,8,8,8,0,0,0
2018-10-10,BREAD,PESTO CG,0,8,8,6,0,0,2,0,0,0,0,0,0,0
2018-10-10,BREAD,VS,10,0,10,5,0,5,0,1,0,1,1,0,0,0
2018-10-10,BREAD,CH,3,0,3,3,0,0,0,2,0,2,2,0,0,0
2018-10-10,BREAD,SOURDOUGH,0,8,8,6,0,0,2,0,0,0,0,0,0,0
2018-10-10,BREAD,SOUR CC,0,5,5,2,0,0,3,0,0,0,0,0,0,0
2018-10-10,BREAD,SOUR CJ,0,3,3,2,0,0,1,0,0,0,0,0,0,0
2018-10-10,BREAD,SOUR RG,0,5,5,4,0,0,1,0,0,0,0,0,0,0
2018-10-10,BREAD,SOUR BORG,0,5,5,3,0,0,2,0,0,0,0,0,0,0
2018-10-10,BREAD,Car,0,0,0,0,0,0,0,0,0,0,0,0,0,0
2018-10-10,BREAD,IHF,0,0,0,0,0,0,0,0,0,0,0,0,0,0
2018-10-10,BREAD,Spiders,2,5,7,1,0,0,6,0,0,0,0,0,0,0
2018-10-10,BREAD,GF,0,0,0,0,0,0,0,0,0,0,0,0,0,0
2018-10-10,BREAD,H-RLS,3,4,7,5,0,0,2,0,0,0,0,0,0,0
2018-10-10,BREAD,FR-RLS,2,4,6,6,0,0,0,0,0,0,0,0,0,0
2018-10-10,BREAD,VS-RLS,2,0,2,2,0,0,0,0,0,0,0,0,0,0
2018-10-10,BREAD,BLUE STRU,1,7,8,1,1,0,6,0,0,0,0,0,0,0
2018-10-10,BREAD,Pump Choc,2,5,7,5,0,0,2,0,0,0,0,0,0,0
2018-10-10,BREAD,Pump Crumb,3,3,6,3,0,0,3,0,0,0,0,0,0,0
2018-10-10,BREAD,Morn Glory,1,3,4,0,0,1,3,0,0,0,0,0,0,0
2018-10-10,ROLLS,Cinnamon,0,48,48,27,0,21,0,0,0,0,0,0,0,0
2018-10-10,ROLLS,Take-N-Bake,0,0,0,0,0,0,0,0,0,0,0,0,0,0
2018-10-10,ROLLS,Mini C-Roll,0,0,0,0,0,0,0,0,0,0,0,0,0,0
2018-10-10,SCONES,Blueberry,0,0,0,0,0,0,0,0,0,0,0,0,0,0
2018-10-10,SCONES,Rasp Cream,0,24,24,0,4,20,0,0,3,3,2,0,0,0
2018-10-10,SCONES,Cherry,0,0,0,0,0,0,0,0,0,0,0,0,0,0
2018-10-10,SCONES,Cin Chip,0,0,0,0,0,0,0,0,0,0,0,0,0,0
2018-10-10,SCONES,Turtle,0,24,24,18,0,6,0,0,3,3,2,0,0,0
2018-10-10,SCONES,butt almond,0,0,0,0,0,0,0,0,0,0,0,0,0,0
2018-10-10,SCONES,pump spice,0,18,18,9,0,9,0,0,3,3,2,0,0,0
2018-10-10,FRUIT BARS,Mixed Berry,0,8,8,4,0,4,0,0,0,0,0,0,0,0
2018-10-10,FRUIT BARS,Cherry,0,12,12,7,0,5,0,0,0,0,0,0,0,0
2018-10-10,FRUIT BARS,Apple Cin,0,0,0,0,0,0,0,0,0,0,0,0,0,0
2018-10-10,FRUIT BARS,MIXED FRUIT,0,0,0,0,0,0,0,0,0,0,0,0,0,0
2018-10-10,MUFFINS,BLUE STRU,0,8,8,4,0,4,0,0,2,2,1,0,0,0
2018-10-10,MUFFINS,pump choc,0,8,8,8,0,0,0,0,2,2,1,0,0,0
2018-10-10,MUFFINS,pump crumb,0,7,7,1,0,6,0,0,2,2,1,0,0,0
2018-10-10,MUFFINS,morn glory,0,6,6,4,0,2,0,0,2,2,1,0,0,0
2018-10-10,MUFFINS,Cookies,0,0,0,0,0,0,0,0,0,0,0,0,0,0
2018-10-10,MUFFINS,Bars,0,0,0,0,0,0,0,0,0,0,0,0,0,0
2018-10-10,MUFFINS,Oatmeal CC,0,36,36,6,10,0,20,0,0,0,0,0,0,0
2018-10-10,MUFFINS,Monster,1,24,25,8,0,0,17,0,0,0,0,0,0,0
2018-10-10,MUFFINS,Triple Choc,12,18,30,10,4,2,14,0,0,0,0,0,0,0
2018-10-10,MUFFINS,SNICKEDOODLE,10,24,34,23,3,1,7,0,0,0,0,0,0,0
2018-10-10,MUFFINS,frosted,3,48,51,29,0,2,20,0,0,0,0,0,0,0
2018-10-10,MUFFINS,Kahuna,0,0,0,0,0,0,0,0,0,0,0,0,0,0
2018-10-10,MUFFINS,Brownies,0,20,20,12,0,0,8,0,0,0,0,0,0,0
2018-10-10,MUFFINS,Pump Bar,6,20,26,19,0,0,7,0,0,0,0,0,0,0
2018-10-10,MUFFINS,Pump oh,0,0,0,0,0,0,0,0,0,0,0,0,0,0
2018-10-10,MUFFINS,Totals,32,353,385,189,21,82,93,0,17,17,10,0,0,0
2018-10-11,BREAD,H,20,19,39,15,0,0,24,0,0,0,0,0,0,0
2018-10-11,BREAD,FR,22,36,58,1,30,0,27,0,0,0,0,0,0,0
2018-10-11,BREAD,GW,5,0,5,-2,0,7,0,0,0,0,0,0,0,0
2018-10-11,BREAD,DK,12,0,12,-9,0,0,21,0,0,0,0,0,0,0
2018-10-11,BREAD,H5,0,24,24,5,0,0,19,0,0,0,0,0,0,0
2018-10-11,BREAD,CSRWL,7,0,7,3,0,4,0,0,0,0,-1,0,0,1
2018-10-11,BREAD,pump SWRL,4,0,4,0,0,4,0,1,0,1,0,0,0,0
2018-10-11,BREAD,Son,0,14,14,2,0,0,12,0,3,3,2,0,0,1
2018-10-11,BREAD,CNE,13,0,13,8,0,5,0,1,0,1,1,0,0,0
2018-10-11,BREAD,CNR,5,0,5,-3,0,8,0,0,0,0,0,0,0,0
2018-10-11,BREAD,CNW,3,0,3,1,0,2,0,0,0,0,0,0,0,0
2018-10-11,BREAD,CG,6,0,6,4,0,2,0,0,0,0,0,0,0,0
2018-10-11,BREAD,PESTO CG,2,0,2,0,0,2,0,0,0,0,0,0,0,0
2018-10-11,BREAD,VS,0,12,12,7,0,0,5,0,3,3,1,0,0,2
2018-10-11,BREAD,CH,0,6,6,2,0,0,4,0,2,2,0,0,0,2
2018-10-11,BREAD,SOURDOUGH,2,0,2,1,0,1,0,0,0,0,0,0,0,0
2018-10-11,BREAD,SOUR CC,3,0,3,1,0,2,0,0,0,0,0,0,0,0
2018-10-11,BREAD,SOUR CJ,1,0,1,1,0,0,0,0,0,0,0,0,0,0
2018-10-11,BREAD,SOUR RG,1,0,1,-1,0,2,0,0,0,0,0,0,0,0
2018-10-11,BREAD,SOUR BORG,2,0,2,2,0,0,0,0,0,0,0,0,0,0
2018-10-11,BREAD,Car,0,0,0,0,0,0,0,0,0,0,0,0,0,0
2018-10-11,BREAD,IHF,0,0,0,0,0,0,0,0,0,0,0,0,0,0
2018-10-11,BREAD,Spiders,6,0,6,0,0,2,4,0,0,0,0,0,0,0
2018-10-11,BREAD,GF,0,26,26,22,0,4,0,0,0,0,0,0,0,0
2018-10-11,BREAD,H-RLS,2,0,2,2,0,0,0,0,0,0,0,0,0,0
2018-10-11,BREAD,FR-RLS,0,4,4,-1,0,2,3,0,0,0,0,0,0,0
2018-10-11,BREAD,VS-RLS,0,5,5,2,0,0,3,0,0,0,0,0,0,0
2018-10-11,BREAD,BLUE STRU,6,6,12,3,4,5,0,0,0,0,0,0,0,0
2018-10-11,BREAD,Pump Choc,2,7,9,5,0,0,4,0,0,0,0,0,0,0
2018-10-11,BREAD,Pump Crumb,3,6,9,7,0,0,2,0,0,0,0,0,0,0
2018-10-11,BREAD,Morn Glory,3,2,5,1,0,2,2,0,0,0,0,0,0,0
2018-10-11,ROLLS,Cinnamon,0,276,276,212,25,39,0,0,0,0,0,0,0,0
2018-10-11,ROLLS,Take-N-Bake,0,0,0,0,0,0,0,0,0,0,0,0,0,0
2018-10-11,ROLLS,Mini C-Roll,0,0,0,0,0,0,0,0,0,0,0,0,0,0
2018-10-11,SCONES,Blueberry,0,48,48,48,0,0,0,0,6,6,6,0,0,0
2018-10-11,SCONES,Rasp Cream,0,0,0,0,0,0,0,0,0,0,0,0,0,0
2018-10-11,SCONES,Cherry,0,0,0,0,0,0,0,0,0,0,0,0,0,0
2018-10-11,SCONES,Cin Chip,0,0,0,0,0,0,0,0,0,0,0,0,0,0
2018-10-11,SCONES,Turtle,0,36,36,26,0,10,0,0,7,7,4,0,0,0
2018-10-11,SCONES,butt almond,0,0,0,0,0,0,0,0,0,0,0,0,0,0
2018-10-11,SCONES,pump spice,0,39,39,32,0,7,0,0,8,8,4,0,0,0
2018-10-11,FRUIT BARS,Mixed Berry,0,8,8,2,1,5,0,0,0,0,0,0,0,0
2018-10-11,FRUIT BARS,Cherry,0,12,12,5,3,4,0,0,0,0,0,0,0,0
2018-10-11,FRUIT BARS,Apple Cin,0,12,12,6,3,3,0,0,0,0,0,0,0,0
2018-10-11,FRUIT BARS,MIXED FRUIT,0,8,8,6,1,1,0,0,0,0,0,0,0,0
2018-10-11,MUFFINS,BLUE STRU,0,18,18,13,0,5,0,0,3,3,3,0,0,0
2018-10-11,MUFFINS,pump choc,0,28,28,22,0,6,0,0,5,5,2,0,0,0
2018-10-11,MUFFINS,pump crumb,0,16,16,16,0,0,0,0,4,4,2,0,0,0
2018-10-11,MUFFINS,morn glory,0,10,10,6,0,4,0,0,4,4,1,0,0,0
2018-10-11,MUFFINS,Cookies,0,0,0,0,0,0,0,0,0,0,0,0,0,0
2018-10-11,MUFFINS,Bars,0,0,0,0,0,0,0,0,0,0,0,0,0,0
2018-10-11,MUFFINS,Oatmeal CC,20,36,56,28,14,12,2,0,10,10,0,0,0,0
2018-10-11,MUFFINS,Monster,17,18,35,25,0,3,7,0,0,0,0,0,0,0
2018-10-11,MUFFINS,Triple Choc,14,36,50,24,14,6,6,0,10,10,0,0,0,0
2018-10-11,MUFFINS,SNICKEDOODLE,7,48,55,19,12,2,22,0,8,8,0,0,0,0
2018-10-11,MUFFINS,frosted,20,0,20,6,0,14,0,0,0,0,0,0,0,0
2018-10-11,MUFFINS,Kahuna,0,20,20,11,0,9,0,0,0,0,0,0,0,0
2018-10-11,MUFFINS,Brownies,8,0,8,8,0,0,0,0,0,0,0,0,0,0
2018-10-11,MUFFINS,Pump Bar,7,20,27,27,0,0,0,0,0,0,0,0,0,0
2018-10-11,MUFFINS,Pump oh,0,0,0,0,0,0,0,0,0,0,0,0,0,0
2018-10-11,MUFFINS,Totals,93,689,782,542,73,130,37,0,65,65,22,0,0,0
2018-10-12,BREAD,H,24,29,53,35,0,0,18,0,0,0,0,0,0,0
2018-10-12,BREAD,FR,27,8,35,19,1,0,15,0,0,0,0,0,0,0
2018-10-12,BREAD,GW,0,18,18,1,13,0,4,0,0,0,0,0,0,0
2018-10-12,BREAD,DK,21,13,34,16,0,0,18,0,0,0,0,0,0,0
2018-10-12,BREAD,H5,19,0,19,12,0,0,7,0,0,0,0,0,0,0
2018-10-12,BREAD,CSRWL,0,0,0,0,0,0,0,1,0,1,-1,0,0,2
2018-10-12,BREAD,pump SWRL,0,0,0,-10,2,0,8,0,0,0,0,0,0,0
2018-10-12,BREAD,Son,12,0,12,11,0,1,0,1,0,1,1,0,0,0
2018-10-12,BREAD,CNE,0,27,27,20,3,0,4,0,4,4,3,0,0,1
2018-10-12,BREAD,CNR,0,8,8,7,0,0,1,0,0,0,0,0,0,0
2018-10-12,BREAD,CNW,0,8,8,4,0,0,4,0,0,0,0,0,0,0
2018-10-12,BREAD,CG,0,13,13,6,0,0,7,0,3,3,3,0,0,0
2018-10-12,BREAD,PESTO CG,0,6,6,5,0,0,1,0,0,0,0,0,0,0
2018-10-12,BREAD,VS,5,11,16,4,0,3,9,2,2,4,3,0,0,1
2018-10-12,BREAD,CH,4,0,4,0,0,4,0,2,0,2,2,0,0,0
2018-10-12,BREAD,SOURDOUGH,0,12,12,6,0,0,6,0,0,0,0,0,0,0
2018-10-12,BREAD,SOUR CC,0,5,5,3,0,0,2,0,0,0,0,0,0,0
2018-10-12,BREAD,SOUR CJ,0,3,3,2,0,0,1,0,0,0,0,0,0,0
2018-10-12,BREAD,SOUR RG,0,5,5,4,0,0,1,0,0,0,0,0,0,0
2018-10-12,BREAD,SOUR BORG,0,5,5,2,0,0,3,0,0,0,0,0,0,0
2018-10-12,BREAD,Car,0,0,0,0,0,0,0,0,0,0,0,0,0,0
2018-10-12,BREAD,IHF,0,0,0,0,0,0,0,0,0,0,0,0,0,0
2018-10-12,BREAD,Spiders,4,0,4,-3,0,0,7,0,0,0,0,0,0,0
2018-10-12,BREAD,GF,0,0,0,0,0,0,0,0,0,0,0,0,0,0
2018-10-12,BREAD,H-RLS,0,5,5,2,0,0,3,0,0,0,0,0,0,0
2018-10-12,BREAD,FR-RLS,3,6,9,4,5,0,0,0,0,0,0,0,0,0
2018-10-12,BREAD,VS-RLS,3,4,7,4,0,1,2,0,0,0,0,0,0,0
2018-10-12,BREAD,BLUE STRU,0,8,8,4,0,0,4,0,0,0,0,0,0,0
2018-10-12,BREAD,Pump Choc,4,4,8,7,0,0,1,0,0,0,0,0,0,0
2018-10-12,BREAD,Pump Crumb,2,6,8,8,0,0,0,0,0,0,0,0,0,0
2018-10-12,BREAD,Morn Glory,2,4,6,2,0,1,3,0,0,0,0,0,0,0
2018-10-12,ROLLS,Cinnamon,0,60,60,36,24,0,0,0,0,0,0,0,0,0
2018-10-12,ROLLS,Take-N-Bake,0,0,0,0,0,0,0,0,0,0,0,0,0,0
2018-10-12,ROLLS,Mini C-Roll,0,120,120,0,120,0,0,0,0,0,0,0,0,0
2018-10-12,SCONES,Blueberry,0,0,0,0,0,0,0,0,0,0,0,0,0,0
2018-10-12,SCONES,Rasp Cream,0,0,0,0,0,0,0,0,0,0,0,0,0,0
2018-10-12,SCONES,Cherry,0,18,18,10,0,8,0,0,3,3,3,0,0,0
2018-10-12,SCONES,Cin Chip,0,16,16,16,0,0,0,0,2,2,2,0,0,0
2018-10-12,SCONES,Turtle,0,16,16,16,0,0,0,0,3,3,3,0,0,0
2018-10-12,SCONES,butt almond,0,14,14,14,0,0,0,0,2,2,2,0,0,0
2018-10-12,SCONES,pump spice,0,0,0,0,0,0,0,0,0,0,0,0,0,0
2018-10-12,FRUIT BARS,Mixed Berry,0,8,8,4,0,4,0,0,0,0,0,0,0,0
2018-10-12,FRUIT BARS,Cherry,0,12,12,8,0,4,0,0,0,0,0,0,0,0
2018-10-12,FRUIT BARS,Apple Cin,0,0,0,0,0,0,0,0,0,0,0,0,0,0
2018-10-12,FRUIT BARS,MIXED FRUIT,0,0,0,0,0,0,0,0,0,0,0,0,0,0
2018-10-12,MUFFINS,BLUE STRU,0,8,8,6,0,2,0,0,10,10,0,0,0,0
2018-10-12,MUFFINS,pump choc,0,8,8,8,0,0,0,0,12,12,2,0,0,0
2018-10-12,MUFFINS,pump crumb,0,8,8,-2,0,10,0,0,14,14,0,0,0,0
2018-10-12,MUFFINS,morn glory,0,6,6,1,0,5,0,0,8,8,1,0,0,0
2018-10-12,MUFFINS,Cookies,0,0,0,0,0,0,0,0,0,0,0,0,0,0
2018-10-12,MUFFINS,Bars,0,0,0,0,0,0,0,0,0,0,0,0,0,0
2018-10-12,MUFFINS,Oatmeal CC,2,24,26,16,0,0,10,0,50,50,0,0,0,0
2018-10-12,MUFFINS,Monster,7,18,25,18,0,0,7,0,0,0,0,0,0,0
2018-10-12,MUFFINS,Triple Choc,6,36,42,21,18,0,3,0,50,50,0,0,0,0
2018-10-12,MUFFINS,SNICKEDOODLE,22,6,28,12,0,10,6,0,50,50,0,0,0,0
2018-10-12,MUFFINS,frosted,0,24,24,14,0,0,10,0,0,0,0,0,0,0
2018-10-12,MUFFINS,Kahuna,0,0,0,0,0,0,0,0,0,0,0,0,0,0
2018-10-12,MUFFINS,Brownies,0,20,20,1,0,0,19,0,0,0,0,0,0,0
2018-10-12,MUFFINS,Pump Bar,0,20,20,14,0,0,6,0,0,0,0,0,0,0
2018-10-12,MUFFINS,Pump oh,0,0,0,0,0,0,0,0,0,0,0,0,0,0
2018-10-12,MUFFINS,Totals,37,442,479,213,162,43,61,0,204,204,13,0,0,0
2018-10-13,BREAD,H,18,0,18,16,0,2,0,0,0,0,0,0,0,0
2018-10-13,BREAD,FR,15,0,15,13,0,2,0,0,0,0,0,0,0,0
2018-10-13,BREAD,GW,4,6,10,-17,24,3,0,0,0,0,0,0,0,0
2018-10-13,BREAD,DK,18,0,18,16,0,2,0,0,0,0,0,0,0,0
2018-10-13,BREAD,H5,7,0,7,-1,0,8,0,0,0,0,0,0,0,0
2018-10-13,BREAD,CSRWL,0,16,16,13,3,0,0,2,2,4,0,0,0,0
2018-10-13,BREAD,pump SWRL,8,4,12,12,0,0,0,0,2,2,2,0,0,0
2018-10-13,BREAD,Son,0,0,0,0,0,0,0,0,0,0,0,0,0,0
2018-10-13,BREAD,CNE,4,0,4,4,0,0,0,1,0,1,-1,0,0,0
2018-10-13,BREAD,CNR,1,0,1,-1,0,2,0,0,0,0,0,0,0,0
2018-10-13,BREAD,CNW,4,0,4,4,0,0,0,0,0,0,0,0,0,0
2018-10-13,BREAD,CG,7,0,7,1,0,6,0,0,0,0,0,0,0,0
2018-10-13,BREAD,PESTO CG,1,0,1,1,0,0,0,0,0,0,0,0,0,0
2018-10-13,BREAD,VS,9,0,9,6,0,3,0,1,0,1,1,0,0,0
2018-10-13,BREAD,CH,0,0,0,0,0,0,0,0,0,0,0,0,0,0
2018-10-13,BREAD,SOURDOUGH,6,0,6,1,0,5,0,0,0,0,0,0,0,0
2018-10-13,BREAD,SOUR CC,2,0,2,1,0,1,0,0,0,0,0,0,0,0
2018-10-13,BREAD,SOUR CJ,1,0,1,-1,0,2,0,0,0,0,0,0,0,0
2018-10-13,BREAD,SOUR RG,1,0,1,-2,0,3,0,0,0,0,0,0,0,0
2018-10-13,BREAD,SOUR BORG,3,0,3,1,0,2,0,0,0,0,0,0,0,0
2018-10-13,BREAD,Car,0,0,0,0,0,0,0,0,0,0,0,0,0,0
2018-10-13,BREAD,IHF,0,0,0,0,0,0,0,0,0,0,0,0,0,0
2018-10-13,BREAD,Spiders,7,0,7,3,0,4,0,0,0,0,0,0,0,0
2018-10-13,BREAD,GF,0,0,0,0,0,0,0,0,0,0,0,0,0,0
2018-10-13,BREAD,H-RLS,3,0,3,-1,0,4,0,0,0,0,0,0,0,0
2018-10-13,BREAD,FR-RLS,0,0,0,0,0,0,0,0,0,0,0,0,0,0
2018-10-13,BREAD,VS-RLS,2,0,2,1,0,1,0,0,0,0,0,0,0,0
2018-10-13,BREAD,BLUE STRU,4,0,4,-1,0,5,0,0,0,0,0,0,0,0
2018-10-13,BREAD,Pump Choc,1,6,7,4,3,0,0,0,0,0,0,0,0,0
2018-10-13,BREAD,Pump Crumb,0,3,3,1,0,2,0,0,0,0,0,0,0,0
2018-10-13,BREAD,Morn Glory,3,0,3,0,0,3,0,0,0,0,0,0,0,0
2018-10-13,ROLLS,Cinnamon,0,108,108,99,0,9,0,0,0,0,0,0,0,0
2018-10-13,ROLLS,Take-N-Bake,0,0,0,0,0,0,0,0,0,0,0,0,0,0
2018-10-13,ROLLS,Mini C-Roll,0,48,48,0,48,0,0,0,0,0,0,0,0,0
2018-10-13,SCONES,Blueberry,0,32,32,22,0,10,0,0,4,4,3,0,0,0
2018-10-13,SCONES,Rasp Cream,0,0,0,0,0,0,0,0,0,0,0,0,0,0
2018-10-13,SCONES,Cherry,0,0,0,0,0,0,0,0,0,0,0,0,0,0
2018-10-13,SCONES,Cin Chip,0,0,0,0,0,0,0,0,0,0,0,0,0,0
2018-10-13,SCONES,Turtle,0,0,0,0,0,0,0,0,0,0,0,0,0,0
2018-10-13,SCONES,butt almond,0,28,28,26,0,2,0,0,4,4,1,0,0,0
2018-10-13,SCONES,pump spice,0,20,20,18,0,2,0,0,4,4,4,0,0,0
2018-10-13,FRUIT BARS,Mixed Berry,0,12,12,7,0,5,0,0,0,0,0,0,0,0
2018-10-13,FRUIT BARS,Cherry,0,12,12,12,0,0,0,0,0,0,0,0,0,0
2018-10-13,FRUIT BARS,Apple Cin,0,8,8,4,0,4,0,0,0,0,0,0,0,0
2018-10-13,FRUIT BARS,MIXED FRUIT,0,8,8,7,0,1,0,0,0,0,0,0,0,0
2018-10-13,MUFFINS,BLUE STRU,0,14,14,12,1,1,0,0,3,3,0,0,0,0
2018-10-13,MUFFINS,pump choc,0,14,14,11,1,2,0,0,3,3,0,0,0,0
2018-10-13,MUFFINS,pump crumb,0,10,10,4,0,6,0,0,3,3,0,0,0,0
2018-10-13,MUFFINS,morn glory,0,6,6,3,1,2,0,0,3,3,0,0,0,0
2018-10-13,MUFFINS,Cookies,0,0,0,0,0,0,0,0,0,0,0,0,0,0
2018-10-13,MUFFINS,Bars,0,0,0,0,0,0,0,0,0,0,0,0,0,0
2018-10-13,MUFFINS,Oatmeal CC,10,0,10,0,0,10,0,0,0,0,0,0,0,0
2018-10-13,MUFFINS,Monster,7,6,13,7,0,6,0,0,0,0,0,0,0,0
2018-10-13,MUFFINS,Triple Choc,3,6,9,5,0,4,0,0,0,0,0,0,0,0
2018-10-13,MUFFINS,SNICKEDOODLE,6,6,12,12,0,0,0,0,0,0,0,0,0,0
2018-10-13,MUFFINS,frosted,10,0,10,3,0,7,0,0,0,0,0,0,0,0
2018-10-13,MUFFINS,Kahuna,0,0,0,0,0,0,0,0,0,0,0,0,0,0
2018-10-13,MUFFINS,Brownies,19,0,19,19,0,0,0,0,0,0,0,0,0,0
2018-10-13,MUFFINS,Pump Bar,6,20,26,22,0,4,0,0,0,0,0,0,0,0
2018-10-13,MUFFINS,Pump oh,0,0,0,0,0,0,0,0,0,0,0,0,0,0
2018-10-13,MUFFINS,Totals,61,358,419,293,51,75,0,0,24,24,8,0,0,0
2018-10-14,BREAD,H,0,0,0,0,0,0,0,0,0,0,0,0,0,0
2018-10-14,BREAD,FR,0,0,0,0,0,0,0,0,0,0,0,0,0,0
2018-10-14,BREAD,GW,0,0,0,0,0,0,0,0,0,0,0,0,0,0
2018-10-14,BREAD,DK,0,0,0,0,0,0,0,0,0,0,0,0,0,0
2018-10-14,BREAD,H5,0,0,0,0,0,0,0,0,0,0,0,0,0,0
2018-10-14,BREAD,CSRWL,0,0,0,0,0,0,0,0,0,0,0,0,0,0
2018-10-14,BREAD,pump SWRL,0,0,0,0,0,0,0,0,0,0,0,0,0,0
2018-10-14,BREAD,Son,0,0,0,0,0,0,0,0,0,0,0,0,0,0
2018-10-14,BREAD,CNE,0,0,0,0,0,0,0,0,0,0,0,0,0,0
2018-10-14,BREAD,CNR,0,0,0,0,0,0,0,0,0,0,0,0,0,0
2018-10-14,BREAD,CNW,0,0,0,0,0,0,0,0,0,0,0,0,0,0
2018-10-14,BREAD,CG,0,0,0,0,0,0,0,0,0,0,0,0,0,0
2018-10-14,BREAD,PESTO CG,0,0,0,0,0,0,0,0,0,0,0,0,0,0
2018-10-14,BREAD,VS,0,0,0,0,0,0,0,0,0,0,0,0,0,0
2018-10-14,BREAD,CH,0,0,0,0,0,0,0,0,0,0,0,0,0,0
2018-10-14,BREAD,SOURDOUGH,0,0,0,0,0,0,0,0,0,0,0,0,0,0
2018-10-14,BREAD,SOUR CC,0,0,0,0,0,0,0,0,0,0,0,0,0,0
2018-10-14,BREAD,SOUR CJ,0,0,0,0,0,0,0,0,0,0,0,0,0,0
2018-10-14,BREAD,SOUR RG,0,0,0,0,0,0,0,0,0,0,0,0,0,0
2018-10-14,BREAD,SOUR BORG,0,0,0,0,0,0,0,0,0,0,0,0,0,0
2018-10-14,BREAD,Car,0,0,0,0,0,0,0,0,0,0,0,0,0,0
2018-10-14,BREAD,IHF,0,0,0,0,0,0,0,0,0,0,0,0,0,0
2018-10-14,BREAD,GF,0,0,0,0,0,0,0,0,0,0,0,0,0,0
2018-10-14,BREAD,H-RLS,0,0,0,0,0,0,0,0,0,0,0,0,0,0
2018-10-14,BREAD,FR-RLS,0,0,0,0,0,0,0,0,0,0,0,0,0,0
2018-10-14,BREAD,VS-RLS,0,0,0,0,0,0,0,0,0,0,0,0,0,0
2018-10-14,BREAD,BLUE STRU,0,0,0,0,0,0,0,0,0,0,0,0,0,0
2018-10-14,BREAD,Pump Choc,0,0,0,0,0,0,0,0,0,0,0,0,0,0
2018-10-14,BREAD,Pump Crumb,0,0,0,0,0,0,0,0,0,0,0,0,0,0
2018-10-14,BREAD,Morn Glory,0,0,0,0,0,0,0,0,0,0,0,0,0,0
2018-10-14,ROLLS,Cinnamon,0,0,0,0,0,0,0,0,0,0,0,0,0,0
2018-10-14,ROLLS,Take-N-Bake,0,0,0,0,0,0,0,0,0,0,0,0,0,0
2018-10-14,ROLLS,Mini C-Roll,0,0,0,0,0,0,0,0,0,0,0,0,0,0
2018-10-14,SCONES,Blueberry,0,0,0,0,0,0,0,0,0,0,0,0,0,0
2018-10-14,SCONES,Rasp Cream,0,0,0,0,0,0,0,0,0,0,0,0,0,0
2018-10-14,SCONES,Cherry,0,0,0,0,0,0,0,0,0,0,0,0,0,0
2018-10-14,SCONES,Cin Chip,0,0,0,0,0,0,0,0,0,0,0,0,0,0
2018-10-14,SCONES,Turtle,0,0,0,0,0,0,0,0,0,0,0,0,0,0
2018-10-14,SCONES,butt almond,0,0,0,0,0,0,0,0,0,0,0,0,0,0
2018-10-14,SCONES,pump spice,0,0,0,0,0,0,0,0,0,0,0,0,0,0
2018-10-14,FRUIT BARS,Mixed Berry,0,0,0,0,0,0,0,0,0,0,0,0,0,0
2018-10-14,FRUIT BARS,Cherry,0,0,0,0,0,0,0,0,0,0,0,0,0,0
2018-10-14,FRUIT BARS,Apple Cin,0,0,0,0,0,0,0,0,0,0,0,0,0,0
2018-10-14,FRUIT BARS,MIXED FRUIT,0,0,0,0,0,0,0,0,0,0,0,0,0,0
2018-10-14,MUFFINS,BLUE STRU,0,0,0,0,0,0,0,0,0,0,0,0,0,0
2018-10-14,MUFFINS,pump choc,0,0,0,0,0,0,0,0,0,0,0,0,0,0
2018-10-14,MUFFINS,pump crumb,0,0,0,0,0,0,0,0,0,0,0,0,0,0
2018-10-14,MUFFINS,morn glory,0,0,0,0,0,0,0,0,0,0,0,0,0,0
2018-10-14,MUFFINS,Cookies,0,0,0,0,0,0,0,0,0,0,0,0,0,0
2018-10-14,MUFFINS,Bars,0,0,0,0,0,0,0,0,0,0,0,0,0,0
2018-10-14,MUFFINS,Oatmeal CC,0,0,0,0,0,0,0,0,0,0,0,0,0,0
2018-10-14,MUFFINS,Monster,0,0,0,0,0,0,0,0,0,0,0,0,0,0
2018-10-14,MUFFINS,Triple Choc,0,0,0,0,0,0,0,0,0,0,0,0,0,0
2018-10-14,MUFFINS,SNICKEDOODLE,0,0,0,0,0,0,0,0,0,0,0,0,0,0
2018-10-14,MUFFINS,frosted,0,0,0,0,0,0,0,0,0,0,0,0,0,0
2018-10-14,MUFFINS,Kahuna,0,0,0,0,0,0,0,0,0,0,0,0,0,0
2018-10-14,MUFFINS,Brownies,0,0,0,0,0,0,0,0,0,0,0,0,0,0
2018-10-14,MUFFINS,Pump Bar,0,0,0,0,0,0,0,0,0,0,0,0,0,0
2018-10-14,MUFFINS,Pump oh,0,0,0,0,0,0,0,0,0,0,0,0,0,0
2018-10-14,MUFFINS,Totals,0,0,0,0,0,0,0,0,0,0,0,0,0,0
2018-10-15,BREAD,H,0,35,35,16,0,0,19,0,0,0,0,0,0,0
2018-10-15,BREAD,FR,0,30,30,11,0,0,19,0,0,0,0,0,0,0
2018-10-15,BREAD,GW,0,13,13,4,0,0,9,0,0,0,0,0,0,0
2018-10-15,BREAD,DK,0,29,29,18,0,0,11,0,0,0,0,0,0,0
2018-10-15,BREAD,H5,0,0,0,0,0,0,0,0,0,0,0,0,0,0
2018-10-15,BREAD,CSRWL,0,20,20,6,1,0,13,0,3,3,1,0,0,2
2018-10-15,BREAD,pump SWRL,0,16,16,10,0,0,6,0,3,3,2,0,0,1
2018-10-15,BREAD,Son,0,0,0,0,0,0,0,0,0,0,0,0,0,0
2018-10-15,BREAD,CNE,0,16,16,4,0,0,12,0,2,2,1,0,0,1
2018-10-15,BREAD,CNR,0,4,4,-1,0,0,5,0,0,0,0,0,0,0
2018-10-15,BREAD,CNW,0,4,4,2,0,0,2,0,0,0,0,0,0,0
2018-10-15,BREAD,CG,0,7,7,7,0,0,0,0,2,2,2,0,0,0
2018-10-15,BREAD,PESTO CG,0,3,3,2,0,0,1,0,0,0,0,0,0,0
2018-10-15,BREAD,VS,0,0,0,0,0,0,0,0,0,0,0,0,0,0
2018-10-15,BREAD,CH,0,0,0,0,0,0,0,0,0,0,0,0,0,0
2018-10-15,BREAD,SOURDOUGH,0,7,7,7,0,0,0,0,0,0,0,0,0,0
2018-10-15,BREAD,SOUR CC,0,3,3,2,0,0,1,0,0,0,0,0,0,0
2018-10-15,BREAD,SOUR CJ,0,0,0,0,0,0,0,0,0,0,0,0,0,0
2018-10-15,BREAD,SOUR RG,0,3,3,1,0,0,2,0,0,0,0,0,0,0
2018-10-15,BREAD,SOUR BORG,0,3,3,0,0,0,3,0,0,0,0,0,0,0
2018-10-15,BREAD,Car,0,0,0,0,0,0,0,0,0,0,0,0,0,0
2018-10-15,BREAD,IHF,0,15,15,11,0,0,4,0,0,0,0,0,0,0
2018-10-15,BREAD,Spiders,0,3,3,2,0,0,1,0,0,0,0,0,0,0
2018-10-15,BREAD,GF,0,0,0,0,0,0,0,0,0,0,0,0,0,0
2018-10-15,BREAD,H-RLS,0,3,3,3,0,0,0,0,0,0,0,0,0,0
2018-10-15,BREAD,FR-RLS,0,3,3,2,0,0,1,0,0,0,0,0,0,0
2018-10-15,BREAD,VS-RLS,0,0,0,0,0,0,0,0,0,0,0,0,0,0
2018-10-15,BREAD,BLUE STRU,0,4,4,1,1,0,2,0,0,0,0,0,0,0
2018-10-15,BREAD,Pump Choc,0,4,4,3,0,0,1,0,0,0,0,0,0,0
2018-10-15,BREAD,Pump Crumb,0,4,4,1,0,0,3,0,0,0,0,0,0,0
2018-10-15,BREAD,Morn Glory,0,2,2,0,0,0,2,0,0,0,0,0,0,0
2018-10-15,ROLLS,Cinnamon,0,24,24,24,0,0,0,0,0,0,0,0,0,0
2018-10-15,ROLLS,Take-N-Bake,0,0,0,0,0,0,0,0,0,0,0,0,0,0
2018-10-15,ROLLS,Mini C-Roll,0,24,24,0,24,0,0,0,0,0,0,0,0,0
2018-10-15,SCONES,Blueberry,0,0,0,0,0,0,0,0,0,0,0,0,0,0
2018-10-15,SCONES,Rasp Cream,0,18,18,9,0,9,0,0,5,5,0,0,0,0
2018-10-15,SCONES,Cherry,0,0,0,0,0,0,0,0,0,0,0,0,0,0
2018-10-15,SCONES,Cin Chip,0,16,16,10,0,6,0,0,5,5,1,0,0,0
2018-10-15,SCONES,Turtle,0,0,0,0,0,0,0,0,0,0,0,0,0,0
2018-10-15,SCONES,butt almond,0,0,0,-6,0,6,0,0,0,0,0,0,0,0
2018-10-15,SCONES,pump spice,0,12,12,12,0,0,0,0,4,4,2,0,0,0
2018-10-15,FRUIT BARS,Mixed Berry,0,8,8,7,1,0,0,0,0,0,0,0,0,0
2018-10-15,FRUIT BARS,Cherry,0,12,12,10,2,0,0,0,0,0,0,0,0,0
2018-10-15,FRUIT BARS,Apple Cin,0,0,0,0,0,0,0,0,0,0,0,0,0,0
2018-10-15,FRUIT BARS,MIXED FRUIT,0,0,0,0,0,0,0,0,0,0,0,0,0,0
2018-10-15,MUFFINS,BLUE STRU,0,6,6,3,0,3,0,0,1,1,1,0,0,0
2018-10-15,MUFFINS,pump choc,0,6,6,5,0,1,0,0,3,3,1,0,0,0
2018-10-15,MUFFINS,pump crumb,0,5,5,2,0,3,0,0,3,3,0,0,0,0
2018-10-15,MUFFINS,morn glory,0,5,5,0,0,5,0,0,3,3,0,0,0,0
2018-10-15,MUFFINS,Cookies,0,0,0,0,0,0,0,0,0,0,0,0,0,0
2018-10-15,MUFFINS,Bars,0,0,0,0,0,0,0,0,0,0,0,0,0,0
2018-10-15,MUFFINS,Oatmeal CC,0,30,30,14,16,0,0,0,0,0,0,0,0,0
2018-10-15,MUFFINS,Monster,0,18,18,10,0,0,8,0,0,0,0,0,0,0
2018-10-15,MUFFINS,Triple Choc,0,31,31,13,17,0,1,0,0,0,0,0,0,0
2018-10-15,MUFFINS,SNICKEDOODLE,0,30,30,11,16,0,3,0,0,0,0,0,0,0
2018-10-15,MUFFINS,frosted,0,12,12,6,0,0,6,0,0,0,0,0,0,0
2018-10-15,MUFFINS,Kahuna,0,0,0,0,0,0,0,0,0,0,0,0,0,0
2018-10-15,MUFFINS,Brownies,0,0,0,0,0,0,0,0,0,0,0,0,0,0
2018-10-15,MUFFINS,Pump Bar,0,20,20,13,0,0,7,0,0,0,0,0,0,0
2018-10-15,MUFFINS,Pump oh,0,0,0,0,0,0,0,0,0,0,0,0,0,0
2018-10-15,MUFFINS,Totals,0,277,277,143,76,33,25,0,24,24,5,0,0,0
2018-10-16,BREAD,H,19,20,39,34,1,0,4,0,0,0,0,0,0,0
2018-10-16,BREAD,FR,19,10,29,9,4,0,16,0,0,0,0,0,0,0
2018-10-16,BREAD,GW,9,9,18,1,0,8,9,0,0,0,0,0,0,0
2018-10-16,BREAD,DK,11,0,11,11,0,0,0,0,0,0,0,0,0,0
2018-10-16,BREAD,H5,0,24,24,6,2,0,16,0,0,0,0,0,0,0
2018-10-16,BREAD,CSRWL,13,8,21,15,2,0,4,2,0,2,1,0,0,0
2018-10-16,BREAD,pump SWRL,6,12,18,15,0,0,3,1,2,3,2,0,0,1
2018-10-16,BREAD,Son,0,17,17,3,0,0,14,0,4,4,3,0,0,1
2018-10-16,BREAD,CNE,12,0,12,0,0,12,0,1,0,1,0,0,0,0
2018-10-16,BREAD,CNR,5,0,5,3,0,2,0,0,0,0,0,0,0,0
2018-10-16,BREAD,CNW,2,0,2,1,0,1,0,0,0,0,0,0,0,0
2018-10-16,BREAD,CG,0,0,0,0,0,0,0,0,0,0,0,0,0,0
2018-10-16,BREAD,PESTO CG,1,0,1,1,0,0,0,0,0,0,0,0,0,0
2018-10-16,BREAD,VS,0,16,16,3,0,0,13,0,3,3,2,0,0,1
2018-10-16,BREAD,CH,0,6,6,2,0,0,4,0,2,2,0,0,0,2
2018-10-16,BREAD,SOURDOUGH,0,0,0,0,0,0,0,0,0,0,0,0,0,0
2018-10-16,BREAD,SOUR CC,1,0,1,0,0,1,0,0,0,0,0,0,0,0
2018-10-16,BREAD,SOUR CJ,0,0,0,0,0,0,0,0,0,0,0,0,0,0
2018-10-16,BREAD,SOUR RG,2,0,2,1,0,1,0,0,0,0,0,0,0,0
2018-10-16,BREAD,SOUR BORG,3,0,3,0,0,3,0,0,0,0,0,0,0,0
2018-10-16,BREAD,Car,0,12,12,12,0,0,0,0,0,0,0,0,0,0
2018-10-16,BREAD,IHF,4,0,4,4,0,0,0,0,0,0,0,0,0,0
2018-10-16,BREAD,Spiders,1,0,1,-2,0,0,3,0,0,0,0,0,0,0
2018-10-16,BREAD,GF,0,25,25,25,0,0,0,0,0,0,0,0,0,0
2018-10-16,BREAD,H-RLS,0,2,2,2,0,0,0,0,0,0,0,0,0,0
2018-10-16,BREAD,FR-RLS,1,3,4,2,0,0,2,0,0,0,0,0,0,0
2018-10-16,BREAD,VS-RLS,0,5,5,1,0,0,4,0,0,0,0,0,0,0
2018-10-16,BREAD,BLUE STRU,2,4,6,0,1,2,3,0,0,0,0,0,0,0
2018-10-16,BREAD,Pump Choc,1,5,6,5,1,0,0,0,0,0,0,0,0,0
2018-10-16,BREAD,Pump Crumb,3,2,5,1,0,2,2,0,0,0,0,0,0,0
2018-10-16,BREAD,Morn Glory,2,1,3,1,0,1,1,0,0,0,0,0,0,0
2018-10-16,ROLLS,Cinnamon,0,24,24,23,0,1,0,0,0,0,0,0,0,0
2018-10-16,ROLLS,Take-N-Bake,0,0,0,0,0,0,0,0,0,0,0,0,0,0
2018-10-16,ROLLS,Mini C-Roll,0,0,0,0,0,0,0,0,0,0,0,0,0,0
2018-10-16,SCONES,Blueberry,0,14,14,13,0,1,0,0,2,2,2,0,0,0
2018-10-16,SCONES,Rasp Cream,0,0,0,0,0,0,0,0,0,0,0,0,0,0
2018-10-16,SCONES,Cherry,0,0,0,0,0,0,0,0,0,0,0,0,0,0
2018-10-16,SCONES,Cin Chip,0,15,15,9,0,6,0,0,7,7,2,0,0,0
2018-10-16,SCONES,Turtle,0,0,0,0,0,0,0,0,0,0,0,0,0,0
2018-10-16,SCONES,butt almond,0,0,0,0,0,0,0,0,0,0,0,0,0,0
2018-10-16,SCONES,pump spice,0,12,12,12,0,0,0,0,6,6,2,0,0,0
2018-10-16,FRUIT BARS,Mixed Berry,0,0,0,0,0,0,0,0,0,0,0,0,0,0
2018-10-16,FRUIT BARS,Cherry,0,0,0,0,0,0,0,0,0,0,0,0,0,0
2018-10-16,FRUIT BARS,Apple Cin,0,12,12,9,2,1,0,0,0,0,0,0,0,0
2018-10-16,FRUIT BARS,MIXED FRUIT,0,8,8,4,1,3,0,0,0,0,0,0,0,0
2018-10-16,MUFFINS,BLUE STRU,0,6,6,4,0,2,0,0,2,2,1,0,0,0
2018-10-16,MUFFINS,pump choc,0,8,8,8,0,0,0,0,4,4,2,0,0,0
2018-10-16,MUFFINS,pump crumb,0,5,5,5,0,0,0,0,4,4,1,0,0,0
2018-10-16,MUFFINS,morn glory,0,5,5,4,0,1,0,0,4,4,2,0,0,0
2018-10-16,MUFFINS,Cookies,0,0,0,0,0,0,0,0,0,0,0,0,0,0
2018-10-16,MUFFINS,Bars,0,0,0,0,0,0,0,0,0,0,0,0,0,0
2018-10-16,MUFFINS,Oatmeal CC,0,16,16,16,0,0,0,0,0,0,0,0,0,0
2018-10-16,MUFFINS,Monster,8,8,16,15,0,0,1,0,0,0,0,0,0,0
2018-10-16,MUFFINS,Triple Choc,1,24,25,10,6,0,9,0,0,0,0,0,0,0
2018-10-16,MUFFINS,SNICKEDOODLE,3,18,21,11,0,0,10,0,0,0,0,0,0,0
2018-10-16,MUFFINS,frosted,6,6,12,6,0,0,6,0,0,0,0,0,0,0
2018-10-16,MUFFINS,Kahuna,0,0,0,0,0,0,0,0,0,0,0,0,0,0
2018-10-16,MUFFINS,Brownies,0,0,0,0,0,0,0,0,0,0,0,0,0,0
2018-10-16,MUFFINS,Pump Bar,7,20,27,7,0,0,20,0,0,0,0,0,0,0
2018-10-16,MUFFINS,Pump oh,0,0,0,0,0,0,6,0,0,0,0,0,0,8
2018-10-16,MUFFINS,Totals,25,201,226,156,9,15,52,0,29,29,12,0,0,8
2018-10-17,BREAD,H,4,55,59,50,2,0,7,0,0,0,0,0,0,0
2018-10-17,BREAD,FR,16,22,38,22,0,1,15,0,0,0,0,0,0,0
2018-10-17,BREAD,GW,9,11,20,16,0,3,1,0,0,0,0,0,0,0
2018-10-17,BREAD,DK,0,44,44,22,0,0,22,0,0,0,0,0,0,0
2018-10-17,BREAD,H5,16,0,16,9,0,0,7,0,0,0,0,0,0,0
2018-10-17,BREAD,CSRWL,4,20,24,15,0,0,9,0,4,4,3,0,0,0
2018-10-17,BREAD,pump SWRL,3,20,23,13,0,0,10,1,4,5,3,0,0,2
2018-10-17,BREAD,Son,14,0,14,12,0,2,0,1,0,1,1,0,0,0
2018-10-17,BREAD,CNE,0,28,28,14,2,0,12,0,4,4,4,0,0,0
2018-10-17,BREAD,CNR,0,10,10,7,0,0,3,0,0,0,0,0,0,0
2018-10-17,BREAD,CNW,0,10,10,9,0,0,1,0,0,0,0,0,0,0
2018-10-17,BREAD,CG,0,12,12,9,0,0,3,0,4,4,2,0,0,2
2018-10-17,BREAD,PESTO CG,0,8,8,4,0,0,4,0,0,0,0,0,0,0
2018-10-17,BREAD,VS,13,0,13,6,0,7,0,1,0,1,1,0,0,0
2018-10-17,BREAD,CH,4,0,4,3,0,1,0,2,0,2,0,0,0,0
2018-10-17,BREAD,SOURDOUGH,0,14,14,10,0,0,4,0,0,0,0,0,0,0
2018-10-17,BREAD,SOUR CC,0,5,5,1,0,0,4,0,0,0,0,0,0,0
2018-10-17,BREAD,SOUR CJ,0,3,3,0,0,0,3,0,0,0,0,0,0,0
2018-10-17,BREAD,SOUR RG,0,5,5,3,0,0,2,0,0,0,0,0,0,0
2018-10-17,BREAD,SOUR BORG,0,5,5,0,0,0,5,0,0,0,0,0,0,0
2018-10-17,BREAD,Car,0,0,0,0,0,0,0,0,0,0,0,0,0,0
2018-10-17,BREAD,IHF,0,0,0,0,0,0,0,0,0,0,0,0,0,0
2018-10-17,BREAD,Spiders,3,4,7,5,0,0,2,0,0,0,0,0,0,0
2018-10-17,BREAD,GF,0,0,0,0,0,0,0,0,0,0,0,0,0,0
2018-10-17,BREAD,H-RLS,0,6,6,4,0,0,2,0,0,0,0,0,0,0
2018-10-17,BREAD,FR-RLS,2,0,2,2,0,0,0,0,0,0,0,0,0,0
2018-10-17,BREAD,VS-RLS,4,5,9,8,0,1,0,0,0,0,0,0,0,0
2018-10-17,BREAD,BLUE STRU,3,5,8,4,0,0,4,0,0,0,0,0,0,0
2018-10-17,BREAD,Pump Choc,0,7,7,2,1,0,4,0,0,0,0,0,0,0
2018-10-17,BREAD,Pump Crumb,2,5,7,2,0,0,5,0,0,0,0,0,0,0
2018-10-17,BREAD,Morn Glory,1,4,5,2,0,0,3,0,0,0,0,0,0,0
2018-10-17,ROLLS,Cinnamon,0,48,48,47,0,1,0,0,0,0,0,0,0,0
2018-10-17,ROLLS,Take-N-Bake,0,0,0,0,0,0,0,0,0,0,0,0,0,0
2018-10-17,ROLLS,Mini C-Roll,0,24,24,0,24,0,0,0,0,0,0,0,0,0
2018-10-17,SCONES,Blueberry,0,0,0,0,0,0,0,0,0,0,0,0,0,0
2018-10-17,SCONES,Rasp Cream,0,34,34,23,4,7,0,0,3,3,3,0,0,0
2018-10-17,SCONES,Cherry,0,0,0,0,0,0,0,0,0,0,0,0,0,0
2018-10-17,SCONES,Cin Chip,0,0,0,0,0,0,0,0,0,0,0,0,0,0
2018-10-17,SCONES,Turtle,0,22,22,22,0,0,0,0,3,3,2,0,0,0
2018-10-17,SCONES,butt almond,0,0,0,0,0,0,0,0,0,0,0,0,0,0
2018-10-17,SCONES,pump spice,0,14,14,13,0,1,0,0,3,3,3,0,0,0
2018-10-17,FRUIT BARS,Mixed Berry,0,8,8,3,0,5,0,0,0,0,0,0,0,0
2018-10-17,FRUIT BARS,Cherry,0,12,12,6,1,5,0,0,0,0,0,0,0,0
2018-10-17,FRUIT BARS,Apple Cin,0,0,0,0,0,0,0,0,0,0,0,0,0,0
2018-10-17,FRUIT BARS,MIXED FRUIT,0,0,0,0,0,0,0,0,0,0,0,0,0,0
2018-10-17,MUFFINS,BLUE STRU,0,9,9,5,0,4,0,0,2,2,2,0,0,0
2018-10-17,MUFFINS,pump choc,0,12,12,5,0,7,0,0,2,2,2,0,0,0
2018-10-17,MUFFINS,pump crumb,0,9,9,6,0,3,0,0,2,2,1,0,0,0
2018-10-17,MUFFINS,morn glory,0,8,8,6,0,2,0,0,2,2,2,0,0,0
2018-10-17,MUFFINS,Cookies,0,0,0,0,0,0,0,0,0,0,0,0,0,0
2018-10-17,MUFFINS,Bars,0,0,0,0,0,0,0,0,0,0,0,0,0,0
2018-10-17,MUFFINS,Oatmeal CC,0,60,60,27,28,0,5,0,0,0,0,0,0,0
2018-10-17,MUFFINS,Monster,1,30,31,31,0,0,0,0,0,0,0,0,0,0
2018-10-17,MUFFINS,Triple Choc,9,48,57,22,26,0,9,0,0,0,0,0,0,0
2018-10-17,MUFFINS,SNICKEDOODLE,10,48,58,25,26,6,1,0,0,0,0,0,0,0
2018-10-17,MUFFINS,frosted,6,42,48,46,1,0,1,0,0,0,0,0,0,0
2018-10-17,MUFFINS,Kahuna,0,0,0,0,0,0,0,0,0,0,0,0,0,0
2018-10-17,MUFFINS,Brownies,0,20,20,14,0,0,6,0,0,0,0,0,0,0
2018-10-17,MUFFINS,Pump Bar,20,0,20,19,0,1,0,0,0,0,0,0,0,0
2018-10-17,MUFFINS,Pump oh,6,0,6,0,0,0,0,8,0,8,0,0,0,0
2018-10-17,MUFFINS,Totals,52,448,500,320,110,42,22,8,17,25,15,0,0,0
2018-10-18,BREAD,H,7,34,41,6,0,0,35,0,0,0,0,0,0,0
2018-10-18,BREAD,FR,15,47,62,47,0,0,15,0,0,0,0,0,0,0
2018-10-18,BREAD,GW,1,5,6,-3,0,5,4,0,0,0,0,0,0,0
2018-10-18,BREAD,DK,22,0,22,9,0,0,13,0,0,0,0,0,0,0
2018-10-18,BREAD,H5,7,25,32,12,0,0,20,0,0,0,0,0,0,0
2018-10-18,BREAD,CSRWL,9,8,17,10,0,0,7,0,3,3,0,0,0,3
2018-10-18,BREAD,pump SWRL,10,8,18,3,0,9,6,2,2,4,2,0,0,2
2018-10-18,BREAD,Son,0,15,15,3,0,0,12,0,3,3,2,0,0,1
2018-10-18,BREAD,CNE,12,0,12,-2,0,14,0,0,0,0,-2,0,0,0
2018-10-18,BREAD,CNR,3,0,3,1,0,2,0,0,0,0,0,0,0,0
2018-10-18,BREAD,CNW,1,0,1,1,0,0,0,0,0,0,0,0,0,0
2018-10-18,BREAD,CG,3,0,3,0,0,3,0,2,0,2,2,0,0,0
2018-10-18,BREAD,PESTO CG,4,0,4,-2,0,6,0,0,0,0,0,0,0,0
2018-10-18,BREAD,VS,0,11,11,2,0,0,9,0,3,3,1,0,0,2
2018-10-18,BREAD,CH,0,6,6,2,0,0,4,0,2,2,1,0,0,1
2018-10-18,BREAD,SOURDOUGH,4,0,4,3,0,1,0,0,0,0,0,0,0,0
2018-10-18,BREAD,SOUR CC,4,0,4,1,0,3,0,0,0,0,0,0,0,0
2018-10-18,BREAD,SOUR CJ,3,0,3,1,0,2,0,0,0,0,0,0,0,0
2018-10-18,BREAD,SOUR RG,2,0,2,0,0,2,0,0,0,0,0,0,0,0
2018-10-18,BREAD,SOUR BORG,5,0,5,3,0,2,0,0,0,0,0,0,0,0
2018-10-18,BREAD,Car,0,0,0,0,0,0,0,0,0,0,0,0,0,0
2018-10-18,BREAD,IHF,0,0,0,0,0,0,0,0,0,0,0,0,0,0
2018-10-18,BREAD,Spiders,2,0,2,-2,0,0,4,0,0,0,0,0,0,0
2018-10-18,BREAD,GF,0,0,0,0,0,0,0,0,0,0,0,0,0,0
2018-10-18,BREAD,H-RLS,2,3,5,-2,0,0,7,0,0,0,0,0,0,0
2018-10-18,BREAD,FR-RLS,0,4,4,-2,0,0,6,0,0,0,0,0,0,0
2018-10-18,BREAD,VS-RLS,0,4,4,0,0,0,4,0,0,0,0,0,0,0
2018-10-18,BREAD,BLUE STRU,4,4,8,3,0,3,2,0,0,0,0,0,0,0
2018-10-18,BREAD,Pump Choc,4,9,13,8,0,1,4,0,0,0,0,0,0,0
2018-10-18,BREAD,Pump Crumb,5,5,10,9,0,0,1,0,0,0,0,0,0,0
2018-10-18,BREAD,Morn Glory,3,2,5,1,0,3,1,0,0,0,0,0,0,0
2018-10-18,ROLLS,Cinnamon,0,240,240,226,12,2,0,0,0,0,0,0,0,0
2018-10-18,ROLLS,Take-N-Bake,0,0,0,0,0,0,0,0,0,0,0,0,0,0
2018-10-18,ROLLS,Mini C-Roll,0,0,0,0,0,0,0,0,0,0,0,0,0,0
2018-10-18,SCONES,Blueberry,0,44,44,38,0,6,0,0,6,6,6,0,0,0
2018-10-18,SCONES,Rasp Cream,0,0,0,0,0,0,0,0,0,0,0,0,0,0
2018-10-18,SCONES,Cherry,0,0,0,0,0,0,0,0,0,0,0,0,0,0
2018-10-18,SCONES,Cin Chip,0,0,0,0,0,0,0,0,0,0,0,0,0,0
2018-10-18,SCONES,Turtle,0,34,34,23,0,11,0,0,6,6,5,0,0,0
2018-10-18,SCONES,butt almond,0,0,0,0,0,0,0,0,0,0,0,0,0,0
2018-10-18,SCONES,pump spice,0,42,42,36,0,6,0,0,6,6,3,0,0,0
2018-10-18,FRUIT BARS,Mixed Berry,0,8,8,1,0,7,0,0,0,0,0,0,0,0
2018-10-18,FRUIT BARS,Cherry,0,12,12,9,0,3,0,0,0,0,0,0,0,0
2018-10-18,FRUIT BARS,Apple Cin,0,12,12,6,0,6,0,0,0,0,0,0,0,0
2018-10-18,FRUIT BARS,MIXED FRUIT,0,8,8,6,0,2,0,0,0,0,0,0,0,0
2018-10-18,MUFFINS,BLUE STRU,0,15,15,6,0,9,0,0,4,4,2,0,0,0
2018-10-18,MUFFINS,pump choc,0,26,26,23,0,3,0,0,6,6,6,0,0,0
2018-10-18,MUFFINS,pump crumb,0,16,16,5,0,11,0,0,4,4,1,0,0,0
2018-10-18,MUFFINS,morn glory,0,10,10,3,0,7,0,0,2,2,1,0,0,0
2018-10-18,MUFFINS,Cookies,0,0,0,0,0,0,0,0,0,0,0,0,0,0
2018-10-18,MUFFINS,Bars,0,0,0,0,0,0,0,0,0,0,0,0,0,0
2018-10-18,MUFFINS,Oatmeal CC,5,51,56,23,14,0,19,0,0,0,0,0,0,0
2018-10-18,MUFFINS,Monster,0,36,36,18,0,0,18,0,0,0,0,0,0,0
2018-10-18,MUFFINS,Triple Choc,9,48,57,29,14,0,14,0,0,0,0,0,0,0
2018-10-18,MUFFINS,SNICKEDOODLE,1,46,47,22,10,0,15,0,0,0,0,0,0,0
2018-10-18,MUFFINS,frosted,1,24,25,16,0,0,9,0,0,0,0,0,0,0
2018-10-18,MUFFINS,Kahuna,0,20,20,10,8,0,2,0,0,0,0,0,0,0
2018-10-18,MUFFINS,Brownies,6,20,26,25,0,0,1,0,0,0,0,0,0,0
2018-10-18,MUFFINS,Pump Bar,0,20,20,2,0,0,18,0,0,0,0,0,0,0
2018-10-18,MUFFINS,Pump oh,0,0,0,0,0,0,0,0,0,0,0,0,0,0
2018-10-18,MUFFINS,Totals,22,732,754,527,58,73,96,0,34,34,24,0,0,0
2018-10-19,BREAD,H,35,21,56,25,8,0,23,0,0,0,0,0,0,0
2018-10-19,BREAD,FR,15,23,38,30,7,0,1,0,0,0,0,0,0,0
2018-10-19,BREAD,GW,4,13,17,5,0,2,10,0,0,0,0,0,0,0
2018-10-19,BREAD,DK,13,20,33,10,0,0,23,0,0,0,0,0,0,0
2018-10-19,BREAD,H5,20,0,20,4,0,0,16,0,0,0,0,0,0,0
2018-10-19,BREAD,CSRWL,7,20,27,12,5,0,10,3,2,5,1,0,0,1
2018-10-19,BREAD,pump SWRL,6,16,22,18,0,0,4,2,3,5,3,0,0,2
2018-10-19,BREAD,Son,12,0,12,8,0,4,0,1,0,1,1,0,0,0
2018-10-19,BREAD,CNE,0,30,30,14,0,0,16,0,4,4,4,0,0,0
2018-10-19,BREAD,CNR,0,8,8,5,0,0,3,0,0,0,0,0,0,0
2018-10-19,BREAD,CNW,0,8,8,5,0,0,3,0,0,0,0,0,0,0
2018-10-19,BREAD,CG,0,14,14,12,0,0,2,0,4,4,1,0,0,3
2018-10-19,BREAD,PESTO CG,0,6,6,4,0,0,2,0,0,0,0,0,0,0
2018-10-19,BREAD,VS,9,10,19,8,0,3,8,2,3,5,4,0,0,0
2018-10-19,BREAD,CH,4,0,4,3,0,1,0,1,0,1,1,0,0,0
2018-10-19,BREAD,SOURDOUGH,0,12,12,4,0,0,8,0,0,0,0,0,0,0
2018-10-19,BREAD,SOUR CC,0,5,5,2,0,0,3,0,0,0,0,0,0,0
2018-10-19,BREAD,SOUR CJ,0,3,3,2,0,0,1,0,0,0,0,0,0,0
2018-10-19,BREAD,SOUR RG,0,5,5,5,0,0,0,0,0,0,0,0,0,0
2018-10-19,BREAD,SOUR BORG,0,5,5,3,0,0,2,0,0,0,0,0,0,0
2018-10-19,BREAD,Car,0,0,0,0,0,0,0,0,0,0,0,0,0,0
2018-10-19,BREAD,IHF,0,0,0,0,0,0,0,0,0,0,0,0,0,0
2018-10-19,BREAD,Spiders,4,2,6,4,0,0,2,0,0,0,0,0,0,0
2018-10-19,BREAD,GF,0,0,0,0,0,0,0,0,0,0,0,0,0,0
2018-10-19,BREAD,H-RLS,7,2,9,6,0,3,0,0,0,0,0,0,0,0
2018-10-19,BREAD,FR-RLS,6,3,9,5,0,3,1,0,0,0,0,0,0,0
2018-10-19,BREAD,VS-RLS,4,4,8,4,0,2,2,0,0,0,0,0,0,0
2018-10-19,BREAD,BLUE STRU,2,12,14,5,5,0,4,0,0,0,0,0,0,0
2018-10-19,BREAD,Pump Choc,4,4,8,8,0,0,0,0,0,0,0,0,0,0
2018-10-19,BREAD,Pump Crumb,1,7,8,5,0,0,3,0,0,0,0,0,0,0
2018-10-19,BREAD,Morn Glory,1,5,6,0,5,1,0,0,0,0,0,0,0,0
2018-10-19,ROLLS,Cinnamon,0,72,72,35,36,1,0,0,0,0,0,0,0,0
2018-10-19,ROLLS,Take-N-Bake,0,0,0,0,0,0,0,0,0,0,0,0,0,0
2018-10-19,ROLLS,Mini C-Roll,0,168,168,0,168,0,0,0,0,0,0,0,0,0
2018-10-19,SCONES,Blueberry,0,0,0,0,0,0,0,0,0,0,0,0,0,0
2018-10-19,SCONES,Rasp Cream,0,0,0,0,0,0,0,0,0,0,0,0,0,0
2018-10-19,SCONES,Cherry,0,16,16,9,0,7,0,0,21,21,1,0,0,0
2018-10-19,SCONES,Cin Chip,0,16,16,6,0,10,0,0,20,20,1,0,0,0
2018-10-19,SCONES,Turtle,0,0,0,0,0,0,0,0,0,0,0,0,0,0
2018-10-19,SCONES,butt almond,0,14,14,12,0,2,0,0,16,16,1,0,0,0
2018-10-19,SCONES,pump spice,0,0,0,0,0,0,0,0,0,0,0,0,0,0
2018-10-19,FRUIT BARS,Mixed Berry,0,8,8,4,4,0,0,0,0,0,0,0,0,0
2018-10-19,FRUIT BARS,Cherry,0,12,12,6,6,0,0,0,0,0,0,0,0,0
2018-10-19,FRUIT BARS,Apple Cin,0,12,12,-3,6,9,0,0,0,0,0,0,0,0
2018-10-19,FRUIT BARS,MIXED FRUIT,0,8,8,-4,4,8,0,0,0,0,0,0,0,0
2018-10-19,MUFFINS,BLUE STRU,0,8,8,2,0,6,0,0,10,10,2,0,0,0
2018-10-19,MUFFINS,pump choc,0,8,8,5,0,3,0,0,20,20,2,0,0,0
2018-10-19,MUFFINS,pump crumb,0,8,8,-1,0,9,0,0,20,20,2,0,0,0
2018-10-19,MUFFINS,morn glory,0,6,6,6,0,0,0,0,8,8,1,0,0,0
2018-10-19,MUFFINS,Cookies,0,0,0,0,0,0,0,0,0,0,0,0,0,0
2018-10-19,MUFFINS,Bars,0,0,0,0,0,0,0,0,0,0,0,0,0,0
2018-10-19,MUFFINS,Oatmeal CC,19,6,25,19,0,6,0,0,0,0,0,0,0,0
2018-10-19,MUFFINS,Monster,18,6,24,14,0,3,7,0,0,0,0,0,0,0
2018-10-19,MUFFINS,Triple Choc,14,12,26,14,0,6,6,0,0,0,0,0,0,0
2018-10-19,MUFFINS,SNICKEDOODLE,15,12,27,15,0,12,0,0,0,0,0,0,0,0
2018-10-19,MUFFINS,frosted,9,18,27,19,0,0,8,0,0,0,0,0,0,0
2018-10-19,MUFFINS,Kahuna,2,0,2,1,0,1,0,0,0,0,0,0,0,0
2018-10-19,MUFFINS,Brownies,1,20,21,2,0,1,18,0,0,0,0,0,0,0
2018-10-19,MUFFINS,Pump Bar,18,0,18,7,0,11,0,0,0,0,0,0,0,0
2018-10-19,MUFFINS,Pump oh,0,0,0,0,0,0,0,0,0,0,0,0,0,0
2018-10-19,MUFFINS,Totals,96,430,526,168,224,95,39,0,115,115,10,0,0,0
2018-10-20,BREAD,H,23,0,23,19,0,4,0,0,0,0,0,0,0,0
2018-10-20,BREAD,FR,1,15,16,9,0,7,0,0,0,0,0,0,0,0
2018-10-20,BREAD,GW,10,0,10,2,0,8,0,0,0,0,0,0,0,0
2018-10-20,BREAD,DK,23,0,23,14,0,9,0,0,0,0,0,0,0,0
2018-10-20,BREAD,H5,16,0,16,5,0,11,0,0,0,0,0,0,0,0
2018-10-20,BREAD,CSRWL,10,8,18,16,0,2,0,1,2,3,0,0,0,0
2018-10-20,BREAD,pump SWRL,4,8,12,12,0,0,0,2,1,3,3,0,0,0
2018-10-20,BREAD,Son,0,0,0,0,0,0,0,0,0,0,0,0,0,0
2018-10-20,BREAD,CNE,16,0,16,12,0,4,0,0,0,0,0,0,0,0
2018-10-20,BREAD,CNR,3,0,3,3,0,0,0,0,0,0,0,0,0,0
2018-10-20,BREAD,CNW,3,0,3,3,0,0,0,0,0,0,0,0,0,0
2018-10-20,BREAD,CG,2,0,2,2,0,0,0,3,0,3,3,0,0,0
2018-10-20,BREAD,PESTO CG,2,0,2,2,0,0,0,0,0,0,0,0,0,0
2018-10-20,BREAD,VS,8,0,8,8,0,0,0,0,0,0,0,0,0,0
2018-10-20,BREAD,CH,0,0,0,0,0,0,0,0,0,0,0,0,0,0
2018-10-20,BREAD,SOURDOUGH,8,0,8,4,0,4,0,0,0,0,0,0,0,0
2018-10-20,BREAD,SOUR CC,3,0,3,2,0,1,0,0,0,0,0,0,0,0
2018-10-20,BREAD,SOUR CJ,1,0,1,-1,0,2,0,0,0,0,0,0,0,0
2018-10-20,BREAD,SOUR RG,0,0,0,-2,0,2,0,0,0,0,0,0,0,0
2018-10-20,BREAD,SOUR BORG,2,0,2,0,0,2,0,0,0,0,0,0,0,0
2018-10-20,BREAD,Car,0,0,0,0,0,0,0,0,0,0,0,0,0,0
2018-10-20,BREAD,IHF,0,0,0,0,0,0,0,0,0,0,0,0,0,0
2018-10-20,BREAD,Spiders,2,0,2,2,0,0,0,0,0,0,0,0,0,0
2018-10-20,BREAD,GF,0,0,0,0,0,0,0,0,0,0,0,0,0,0
2018-10-20,BREAD,H-RLS,0,0,0,0,0,0,0,0,0,0,0,0,0,0
2018-10-20,BREAD,FR-RLS,1,3,4,4,0,0,0,0,0,0,0,0,0,0
2018-10-20,BREAD,VS-RLS,2,0,2,2,0,0,0,0,0,0,0,0,0,0
2018-10-20,BREAD,BLUE STRU,4,0,4,1,0,3,0,0,0,0,0,0,0,0
2018-10-20,BREAD,Pump Choc,0,6,6,1,2,3,0,0,0,0,0,0,0,0
2018-10-20,BREAD,Pump Crumb,3,0,3,-2,0,5,0,0,0,0,0,0,0,0
2018-10-20,BREAD,Morn Glory,0,2,2,0,0,2,0,0,0,0,0,0,0,0
2018-10-20,ROLLS,Cinnamon,0,108,108,107,0,1,0,0,0,0,0,0,0,0
2018-10-20,ROLLS,Take-N-Bake,0,0,0,0,0,0,0,0,0,0,0,0,0,0
2018-10-20,ROLLS,Mini C-Roll,0,0,0,0,0,0,0,0,0,0,0,0,0,0
2018-10-20,SCONES,Blueberry,0,26,26,26,0,0,0,0,4,4,4,0,0,0
2018-10-20,SCONES,Rasp Cream,0,0,0,0,0,0,0,0,0,0,0,0,0,0
2018-10-20,SCONES,Cherry,0,0,0,0,0,0,0,0,0,0,0,0,0,0
2018-10-20,SCONES,Cin Chip,0,0,0,0,0,0,0,0,0,0,0,0,0,0
2018-10-20,SCONES,Turtle,0,0,0,0,0,0,0,0,0,0,0,0,0,0
2018-10-20,SCONES,butt almond,0,24,24,18,0,6,0,0,4,4,2,0,0,0
2018-10-20,SCONES,pump spice,0,20,20,19,0,1,0,0,4,4,3,0,0,0
2018-10-20,FRUIT BARS,Mixed Berry,0,12,12,7,0,5,0,0,0,0,0,0,0,0
2018-10-20,FRUIT BARS,Cherry,0,12,12,11,0,1,0,0,0,0,0,0,0,0
2018-10-20,FRUIT BARS,Apple Cin,0,8,8,5,0,3,0,0,0,0,0,0,0,0
2018-10-20,FRUIT BARS,MIXED FRUIT,0,8,8,7,0,1,0,0,0,0,0,0,0,0
2018-10-20,MUFFINS,BLUE STRU,0,14,14,9,0,5,0,0,3,3,1,0,0,0
2018-10-20,MUFFINS,pump choc,0,14,14,11,0,3,0,0,3,3,1,0,0,0
2018-10-20,MUFFINS,pump crumb,0,10,10,7,0,3,0,0,3,3,0,0,0,0
2018-10-20,MUFFINS,morn glory,0,6,6,4,0,2,0,0,3,3,1,0,0,0
2018-10-20,MUFFINS,Cookies,0,0,0,0,0,0,0,0,0,0,0,0,0,0
2018-10-20,MUFFINS,Bars,0,0,0,0,0,0,0,0,0,0,0,0,0,0
2018-10-20,MUFFINS,Oatmeal CC,0,12,12,10,0,2,0,0,0,0,0,0,0,0
2018-10-20,MUFFINS,Monster,7,6,13,12,0,1,0,0,0,0,0,0,0,0
2018-10-20,MUFFINS,Triple Choc,6,6,12,8,0,4,0,0,0,0,0,0,0,0
2018-10-20,MUFFINS,SNICKEDOODLE,0,12,12,5,0,7,0,0,0,0,0,0,0,0
2018-10-20,MUFFINS,frosted,8,0,8,4,0,4,0,0,0,0,0,0,0,0
2018-10-20,MUFFINS,Kahuna,0,0,0,0,0,0,0,0,0,0,0,0,0,0
2018-10-20,MUFFINS,Brownies,18,0,18,14,0,4,0,0,0,0,0,0,0,0
2018-10-20,MUFFINS,Pump Bar,0,0,0,0,0,0,0,0,0,0,0,0,0,0
2018-10-20,MUFFINS,Pump oh,0,0,0,0,0,0,0,0,0,0,0,0,0,0
2018-10-20,MUFFINS,Totals,39,298,337,284,0,53,0,0,24,24,12,0,0,0
2018-10-21,BREAD,H,0,0,0,0,0,0,0,0,0,0,0,0,0,0
2018-10-21,BREAD,FR,0,0,0,0,0,0,0,0,0,0,0,0,0,0
2018-10-21,BREAD,GW,0,0,0,0,0,0,0,0,0,0,0,0,0,0
2018-10-21,BREAD,DK,0,0,0,0,0,0,0,0,0,0,0,0,0,0
2018-10-21,BREAD,H5,0,0,0,0,0,0,0,0,0,0,0,0,0,0
2018-10-21,BREAD,CSRWL,0,0,0,0,0,0,0,0,0,0,0,0,0,0
2018-10-21,BREAD,pump SWRL,0,0,0,0,0,0,0,0,0,0,0,0,0,0
2018-10-21,BREAD,Son,0,0,0,0,0,0,0,0,0,0,0,0,0,0
2018-10-21,BREAD,CNE,0,0,0,0,0,0,0,0,0,0,0,0,0,0
2018-10-21,BREAD,CNR,0,0,0,0,0,0,0,0,0,0,0,0,0,0
2018-10-21,BREAD,CNW,0,0,0,0,0,0,0,0,0,0,0,0,0,0
2018-10-21,BREAD,CG,0,0,0,0,0,0,0,0,0,0,0,0,0,0
2018-10-21,BREAD,PESTO CG,0,0,0,0,0,0,0,0,0,0,0,0,0,0
2018-10-21,BREAD,VS,0,0,0,0,0,0,0,0,0,0,0,0,0,0
2018-10-21,BREAD,CH,0,0,0,0,0,0,0,0,0,0,0,0,0,0
2018-10-21,BREAD,SOURDOUGH,0,0,0,0,0,0,0,0,0,0,0,0,0,0
2018-10-21,BREAD,SOUR CC,0,0,0,0,0,0,0,0,0,0,0,0,0,0
2018-10-21,BREAD,SOUR CJ,0,0,0,0,0,0,0,0,0,0,0,0,0,0
2018-10-21,BREAD,SOUR RG,0,0,0,0,0,0,0,0,0,0,0,0,0,0
2018-10-21,BREAD,SOUR BORG,0,0,0,0,0,0,0,0,0,0,0,0,0,0
2018-10-21,BREAD,Car,0,0,0,0,0,0,0,0,0,0,0,0,0,0
2018-10-21,BREAD,IHF,0,0,0,0,0,0,0,0,0,0,0,0,0,0
2018-10-21,BREAD,GF,0,0,0,0,0,0,0,0,0,0,0,0,0,0
2018-10-21,BREAD,H-RLS,0,0,0,0,0,0,0,0,0,0,0,0,0,0
2018-10-21,BREAD,FR-RLS,0,0,0,0,0,0,0,0,0,0,0,0,0,0
2018-10-21,BREAD,VS-RLS,0,0,0,0,0,0,0,0,0,0,0,0,0,0
2018-10-21,BREAD,BLUE STRU,0,0,0,0,0,0,0,0,0,0,0,0,0,0
2018-10-21,BREAD,Pump Choc,0,0,0,0,0,0,0,0,0,0,0,0,0,0
2018-10-21,BREAD,Pump Crumb,0,0,0,0,0,0,0,0,0,0,0,0,0,0
2018-10-21,BREAD,Morn Glory,0,0,0,0,0,0,0,0,0,0,0,0,0,0
2018-10-21,ROLLS,Cinnamon,0,0,0,0,0,0,0,0,0,0,0,0,0,0
2018-10-21,ROLLS,Take-N-Bake,0,0,0,0,0,0,0,0,0,0,0,0,0,0
2018-10-21,ROLLS,Mini C-Roll,0,0,0,0,0,0,0,0,0,0,0,0,0,0
2018-10-21,SCONES,Blueberry,0,0,0,0,0,0,0,0,0,0,0,0,0,0
2018-10-21,SCONES,Rasp Cream,0,0,0,0,0,0,0,0,0,0,0,0,0,0
2018-10-21,SCONES,Cherry,0,0,0,0,0,0,0,0,0,0,0,0,0,0
2018-10-21,SCONES,Cin Chip,0,0,0,0,0,0,0,0,0,0,0,0,0,0
2018-10-21,SCONES,Turtle,0,0,0,0,0,0,0,0,0,0,0,0,0,0
2018-10-21,SCONES,butt almond,0,0,0,0,0,0,0,0,0,0,0,0,0,0
2018-10-21,SCONES,pump spice,0,0,0,0,0,0,0,0,0,0,0,0,0,0
2018-10-21,FRUIT BARS,Mixed Berry,0,0,0,0,0,0,0,0,0,0,0,0,0,0
2018-10-21,FRUIT BARS,Cherry,0,0,0,0,0,0,0,0,0,0,0,0,0,0
2018-10-21,FRUIT BARS,Apple Cin,0,0,0,0,0,0,0,0,0,0,0,0,0,0
2018-10-21,FRUIT BARS,MIXED FRUIT,0,0,0,0,0,0,0,0,0,0,0,0,0,0
2018-10-21,MUFFINS,BLUE STRU,0,0,0,0,0,0,0,0,0,0,0,0,0,0
2018-10-21,MUFFINS,pump choc,0,0,0,0,0,0,0,0,0,0,0,0,0,0
2018-10-21,MUFFINS,pump crumb,0,0,0,0,0,0,0,0,0,0,0,0,0,0
2018-10-21,MUFFINS,morn glory,0,0,0,0,0,0,0,0,0,0,0,0,0,0
2018-10-21,MUFFINS,Cookies,0,0,0,0,0,0,0,0,0,0,0,0,0,0
2018-10-21,MUFFINS,Bars,0,0,0,0,0,0,0,0,0,0,0,0,0,0
2018-10-21,MUFFINS,Oatmeal CC,0,0,0,0,0,0,0,0,0,0,0,0,0,0
2018-10-21,MUFFINS,Monster,0,0,0,0,0,0,0,0,0,0,0,0,0,0
2018-10-21,MUFFINS,Triple Choc,0,0,0,0,0,0,0,0,0,0,0,0,0,0
2018-10-21,MUFFINS,SNICKEDOODLE,0,0,0,0,0,0,0,0,0,0,0,0,0,0
2018-10-21,MUFFINS,frosted,0,0,0,0,0,0,0,0,0,0,0,0,0,0
2018-10-21,MUFFINS,Kahuna,0,0,0,0,0,0,0,0,0,0,0,0,0,0
2018-10-21,MUFFINS,Brownies,0,0,0,0,0,0,0,0,0,0,0,0,0,0
2018-10-21,MUFFINS,Pump Bar,0,0,0,0,0,0,0,0,0,0,0,0,0,0
2018-10-21,MUFFINS,Pump oh,0,0,0,0,0,0,0,0,0,0,0,0,0,0
2018-10-21,MUFFINS,Totals,0,0,0,0,0,0,0,0,0,0,0,0,0,0
2018-10-22,BREAD,H,0,33,33,22,0,0,11,0,0,0,0,0,0,0
2018-10-22,BREAD,FR,0,23,23,13,0,0,10,0,0,0,0,0,0,0
2018-10-22,BREAD,GW,0,6,6,3,0,0,3,0,0,0,0,0,0,0
2018-10-22,BREAD,DK,0,28,28,15,0,0,13,0,0,0,0,0,0,0
2018-10-22,BREAD,H5,0,0,0,0,0,0,0,0,0,0,0,0,0,0
2018-10-22,BREAD,CSRWL,0,20,20,9,0,0,11,0,3,3,2,0,0,1
2018-10-22,BREAD,pump SWRL,0,16,16,12,0,0,4,0,2,2,1,0,0,1
2018-10-22,BREAD,Son,0,0,0,0,0,0,0,0,0,0,0,0,0,0
2018-10-22,BREAD,CNE,0,14,14,4,0,0,10,0,2,2,2,0,0,0
2018-10-22,BREAD,CNR,0,4,4,4,0,0,0,0,0,0,0,0,0,0
2018-10-22,BREAD,CNW,0,4,4,4,0,0,0,0,0,0,0,0,0,0
2018-10-22,BREAD,CG,0,6,6,6,0,0,0,0,3,3,2,0,0,1
2018-10-22,BREAD,PESTO CG,0,3,3,2,0,0,1,0,0,0,0,0,0,0
2018-10-22,BREAD,VS,0,0,0,0,0,0,0,0,0,0,0,0,0,0
2018-10-22,BREAD,CH,0,0,0,0,0,0,0,0,0,0,0,0,0,0
2018-10-22,BREAD,SOURDOUGH,0,6,6,2,0,0,4,0,0,0,0,0,0,0
2018-10-22,BREAD,SOUR CC,0,3,3,1,0,0,2,0,0,0,0,0,0,0
2018-10-22,BREAD,SOUR CJ,0,0,0,0,0,0,0,0,0,0,0,0,0,0
2018-10-22,BREAD,SOUR RG,0,3,3,1,0,0,2,0,0,0,0,0,0,0
2018-10-22,BREAD,SOUR BORG,0,3,3,1,0,0,2,0,0,0,0,0,0,0
2018-10-22,BREAD,Car,0,0,0,0,0,0,0,0,0,0,0,0,0,0
2018-10-22,BREAD,IHF,0,0,0,0,0,0,0,0,0,0,0,0,0,0
2018-10-22,BREAD,Spiders,0,3,3,0,0,0,3,0,0,0,0,0,0,0
2018-10-22,BREAD,GF,0,0,0,0,0,0,0,0,0,0,0,0,0,0
2018-10-22,BREAD,H-RLS,0,4,4,1,0,0,3,0,0,0,0,0,0,0
2018-10-22,BREAD,FR-RLS,0,3,3,2,0,0,1,0,0,0,0,0,0,0
2018-10-22,BREAD,VS-RLS,0,0,0,0,0,0,0,0,0,0,0,0,0,0
2018-10-22,BREAD,BLUE STRU,0,4,4,0,0,0,4,0,0,0,0,0,0,0
2018-10-22,BREAD,Pump Choc,0,4,4,3,0,0,1,0,0,0,0,0,0,0
2018-10-22,BREAD,Pump Crumb,0,4,4,1,0,0,3,0,0,0,0,0,0,0
2018-10-22,BREAD,Morn Glory,0,2,2,0,0,0,2,0,0,0,0,0,0,0
2018-10-22,ROLLS,Cinnamon,0,24,24,19,0,5,0,0,0,0,0,0,0,0
2018-10-22,ROLLS,Take-N-Bake,0,0,0,0,0,0,0,0,0,0,0,0,0,0
2018-10-22,ROLLS,Mini C-Roll,0,0,0,0,0,0,0,0,0,0,0,0,0,0
2018-10-22,SCONES,Blueberry,0,0,0,0,0,0,0,0,0,0,0,0,0,0
2018-10-22,SCONES,Rasp Cream,0,15,15,7,0,8,0,0,2,2,2,0,0,0
2018-10-22,SCONES,Cherry,0,0,0,0,0,0,0,0,0,0,0,0,0,0
2018-10-22,SCONES,Cin Chip,0,12,12,4,0,8,0,0,2,2,0,0,0,0
2018-10-22,SCONES,Turtle,0,0,0,0,0,0,0,0,0,0,0,0,0,0
2018-10-22,SCONES,butt almond,0,16,16,3,12,1,0,0,0,0,0,0,0,0
2018-10-22,SCONES,pump spice,0,12,12,4,0,8,0,0,2,2,0,0,0,0
2018-10-22,FRUIT BARS,Mixed Berry,0,8,8,5,0,3,0,0,0,0,0,0,0,0
2018-10-22,FRUIT BARS,Cherry,0,12,12,4,0,8,0,0,0,0,0,0,0,0
2018-10-22,FRUIT BARS,Apple Cin,0,0,0,0,0,0,0,0,0,0,0,0,0,0
2018-10-22,FRUIT BARS,MIXED FRUIT,0,0,0,0,0,0,0,0,0,0,0,0,0,0
2018-10-22,MUFFINS,BLUE STRU,0,6,6,3,0,3,0,0,1,1,0,0,0,0
2018-10-22,MUFFINS,pump choc,0,6,6,5,0,1,0,0,1,1,0,0,0,0
2018-10-22,MUFFINS,pump crumb,0,5,5,2,0,3,0,0,1,1,1,0,0,0
2018-10-22,MUFFINS,morn glory,0,5,5,2,0,3,0,0,1,1,0,0,0,0
2018-10-22,MUFFINS,Cookies,0,0,0,0,0,0,0,0,0,0,0,0,0,0
2018-10-22,MUFFINS,Bars,0,0,0,0,0,0,0,0,0,0,0,0,0,0
2018-10-22,MUFFINS,Oatmeal CC,0,30,30,5,7,0,18,0,0,0,0,0,0,0
2018-10-22,MUFFINS,Monster,0,18,18,14,0,0,4,0,0,0,0,0,0,0
2018-10-22,MUFFINS,Triple Choc,0,31,31,4,7,0,20,0,0,0,0,0,0,0
2018-10-22,MUFFINS,SNICKEDOODLE,0,30,30,11,7,0,12,0,0,0,0,0,0,0
2018-10-22,MUFFINS,frosted,0,12,12,-2,0,0,14,0,0,0,0,0,0,0
2018-10-22,MUFFINS,Kahuna,0,0,0,0,0,0,0,0,0,0,0,0,0,0
2018-10-22,MUFFINS,Brownies,0,0,0,0,0,0,0,0,0,0,0,0,0,0
2018-10-22,MUFFINS,Pump Bar,0,10,10,6,0,0,4,0,0,0,0,0,0,0
2018-10-22,MUFFINS,Pump oh,0,0,0,0,0,0,6,0,0,0,0,0,0,6
2018-10-22,MUFFINS,Totals,0,252,252,96,33,51,78,0,10,10,3,0,0,6
2018-10-23,BREAD,H,11,26,37,24,2,0,11,0,0,0,0,0,0,0
2018-10-23,BREAD,FR,10,59,69,53,10,0,6,0,0,0,0,0,0,0
2018-10-23,BREAD,GW,3,8,11,2,0,1,8,0,0,0,0,0,0,0
2018-10-23,BREAD,DK,13,0,13,7,0,0,6,0,0,0,0,0,0,0
2018-10-23,BREAD,H5,0,23,23,8,0,0,15,0,0,0,0,0,0,0
2018-10-23,BREAD,CSRWL,11,8,19,16,1,0,2,1,2,3,0,0,0,2
2018-10-23,BREAD,pump SWRL,4,12,16,15,0,0,1,1,2,3,1,0,0,2
2018-10-23,BREAD,Son,0,18,18,3,0,0,15,0,3,3,2,0,0,1
2018-10-23,BREAD,CNE,10,0,10,10,0,0,0,0,0,0,0,0,0,0
2018-10-23,BREAD,CNR,0,0,0,0,0,0,0,0,0,0,0,0,0,0
2018-10-23,BREAD,CNW,0,0,0,0,0,0,0,0,0,0,0,0,0,0
2018-10-23,BREAD,CG,0,0,0,0,0,0,0,1,0,1,1,0,0,0
2018-10-23,BREAD,PESTO CG,1,0,1,1,0,0,0,0,0,0,0,0,0,0
2018-10-23,BREAD,VS,0,15,15,-3,3,0,15,0,3,3,2,0,0,1
2018-10-23,BREAD,CH,0,6,6,1,0,0,5,0,3,3,0,0,0,3
2018-10-23,BREAD,SOURDOUGH,4,0,4,2,0,2,0,0,0,0,0,0,0,0
2018-10-23,BREAD,SOUR CC,2,0,2,1,0,1,0,0,0,0,0,0,0,0
2018-10-23,BREAD,SOUR CJ,0,0,0,0,0,0,0,0,0,0,0,0,0,0
2018-10-23,BREAD,SOUR RG,2,0,2,1,0,1,0,0,0,0,0,0,0,0
2018-10-23,BREAD,SOUR BORG,2,0,2,0,0,2,0,0,0,0,0,0,0,0
2018-10-23,BREAD,Car,0,0,0,0,0,0,0,0,0,0,0,0,0,0
2018-10-23,BREAD,IHF,0,28,28,28,0,0,0,0,0,0,0,0,0,0
2018-10-23,BREAD,Spiders,3,2,5,0,0,0,5,0,0,0,0,0,0,0
2018-10-23,BREAD,GF,0,26,26,26,0,0,0,0,0,0,0,0,0,0
2018-10-23,BREAD,H-RLS,3,3,6,3,0,1,2,0,0,0,0,0,0,0
2018-10-23,BREAD,FR-RLS,1,0,1,-1,0,0,2,0,0,0,0,0,0,0
2018-10-23,BREAD,VS-RLS,0,4,4,4,0,0,0,0,0,0,0,0,0,0
2018-10-23,BREAD,BLUE STRU,4,1,5,0,0,4,1,0,0,0,0,0,0,0
2018-10-23,BREAD,Pump Choc,1,6,7,4,2,0,1,0,0,0,0,0,0,0
2018-10-23,BREAD,Pump Crumb,3,2,5,1,0,2,2,0,0,0,0,0,0,0
2018-10-23,BREAD,Morn Glory,2,1,3,1,0,1,1,0,0,0,0,0,0,0
2018-10-23,ROLLS,Cinnamon,0,24,24,24,0,0,0,0,0,0,0,0,0,0
2018-10-23,ROLLS,Take-N-Bake,0,0,0,0,0,0,0,0,0,0,0,0,0,0
2018-10-23,ROLLS,Mini C-Roll,0,0,0,0,0,0,0,0,0,0,0,0,0,0
2018-10-23,SCONES,Blueberry,0,16,16,14,0,2,0,0,5,5,2,0,0,0
2018-10-23,SCONES,Rasp Cream,0,0,0,0,0,0,0,0,0,0,0,0,0,0
2018-10-23,SCONES,Cherry,0,0,0,0,0,0,0,0,0,0,0,0,0,0
2018-10-23,SCONES,Cin Chip,0,12,12,2,0,10,0,0,5,5,0,0,0,0
2018-10-23,SCONES,Turtle,0,0,0,0,0,0,0,0,0,0,0,0,0,0
2018-10-23,SCONES,butt almond,0,0,0,0,0,0,0,0,0,0,0,0,0,0
2018-10-23,SCONES,pump spice,0,12,12,3,0,9,0,0,6,6,1,0,0,0
2018-10-23,FRUIT BARS,Mixed Berry,0,0,0,0,0,0,0,0,0,0,0,0,0,0
2018-10-23,FRUIT BARS,Cherry,0,0,0,0,0,0,0,0,0,0,0,0,0,0
2018-10-23,FRUIT BARS,Apple Cin,0,12,12,5,2,5,0,0,0,0,0,0,0,0
2018-10-23,FRUIT BARS,MIXED FRUIT,0,8,8,-2,2,8,0,0,0,0,0,0,0,0
2018-10-23,MUFFINS,BLUE STRU,0,6,6,5,0,1,0,0,6,6,1,0,0,0
2018-10-23,MUFFINS,pump choc,0,8,8,7,0,1,0,0,2,2,2,0,0,0
2018-10-23,MUFFINS,pump crumb,0,5,5,5,0,0,0,0,5,5,0,0,0,0
2018-10-23,MUFFINS,morn glory,0,5,5,5,0,0,0,0,5,5,2,0,0,0
2018-10-23,MUFFINS,Cookies,0,0,0,0,0,0,0,0,0,0,0,0,0,0
2018-10-23,MUFFINS,Bars,0,0,0,0,0,0,0,0,0,0,0,0,0,0
2018-10-23,MUFFINS,Oatmeal CC,18,12,30,15,9,6,0,0,8,8,0,0,0,0
2018-10-23,MUFFINS,Monster,4,12,16,5,0,5,6,0,0,0,0,0,0,0
2018-10-23,MUFFINS,Triple Choc,20,6,26,17,9,0,0,0,8,8,0,0,0,0
2018-10-23,MUFFINS,SNICKEDOODLE,12,18,30,9,9,12,0,0,8,8,0,0,0,0
2018-10-23,MUFFINS,frosted,14,0,14,9,0,5,0,0,0,0,0,0,0,0
2018-10-23,MUFFINS,Kahuna,0,0,0,0,0,0,0,0,0,0,0,0,0,0
2018-10-23,MUFFINS,Brownies,0,0,0,0,0,0,0,0,0,0,0,0,0,0
2018-10-23,MUFFINS,Pump Bar,4,20,24,12,0,12,0,0,0,0,0,0,0,0
2018-10-23,MUFFINS,Pump oh,6,0,6,0,0,0,6,6,0,6,0,0,0,6
2018-10-23,MUFFINS,Totals,78,176,254,135,31,76,12,6,58,64,8,0,0,6
2018-10-24,BREAD,H,11,53,64,25,1,0,38,0,0,0,0,0,0,0
2018-10-24,BREAD,FR,6,37,43,22,0,0,21,0,0,0,0,0,0,0
2018-10-24,BREAD,GW,8,18,26,10,0,7,9,0,0,0,0,0,0,0
2018-10-24,BREAD,DK,6,42,48,29,0,0,19,0,0,0,0,0,0,0
2018-10-24,BREAD,H5,15,0,15,10,0,0,5,0,0,0,0,0,0,0
2018-10-24,BREAD,CSRWL,2,0,2,-5,0,0,7,2,0,2,-1,0,0,1
2018-10-24,BREAD,pump SWRL,1,0,1,-8,0,0,9,2,0,2,-1,0,0,1
2018-10-24,BREAD,Son,15,0,15,13,0,2,0,1,0,1,1,0,0,0
2018-10-24,BREAD,CNE,0,26,26,18,0,0,8,0,4,4,3,0,0,1
2018-10-24,BREAD,CNR,0,10,10,7,0,0,3,0,0,0,0,0,0,0
2018-10-24,BREAD,CNW,0,10,10,-4,0,0,4,0,0,0,0,0,0,0
2018-10-24,BREAD,CG,0,13,13,7,0,0,6,0,8,8,7,0,0,1
2018-10-24,BREAD,PESTO CG,0,8,8,3,0,0,5,0,0,0,0,0,0,0
2018-10-24,BREAD,VS,15,0,15,10,0,5,0,1,0,1,1,0,0,0
2018-10-24,BREAD,CH,5,0,5,5,0,0,0,3,0,3,2,0,0,0
2018-10-24,BREAD,SOURDOUGH,0,12,12,7,0,0,5,0,0,0,0,0,0,0
2018-10-24,BREAD,SOUR CC,0,0,0,0,0,0,0,0,0,0,0,0,0,0
2018-10-24,BREAD,SOUR CJ,0,0,0,-2,0,0,2,0,0,0,0,0,0,0
2018-10-24,BREAD,SOUR RG,0,0,0,-1,0,0,1,0,0,0,0,0,0,0
2018-10-24,BREAD,SOUR BORG,0,0,0,-1,1,0,0,0,0,0,0,0,0,0
2018-10-24,BREAD,Car,0,14,14,0,0,0,14,0,0,0,0,0,0,0
2018-10-24,BREAD,IHF,0,0,0,0,0,0,0,0,0,0,0,0,0,0
2018-10-24,BREAD,Spiders,5,3,8,5,0,0,3,0,0,0,0,0,0,0
2018-10-24,BREAD,GF,0,0,0,0,0,0,0,0,0,0,0,0,0,0
2018-10-24,BREAD,H-RLS,2,5,7,4,0,2,1,0,0,0,0,0,0,0
2018-10-24,BREAD,FR-RLS,2,6,8,5,0,1,2,0,0,0,0,0,0,0
2018-10-24,BREAD,VS-RLS,0,0,0,0,0,0,0,0,0,0,0,0,0,0
2018-10-24,BREAD,BLUE STRU,1,6,7,3,0,0,4,0,0,0,0,0,0,0
2018-10-24,BREAD,Pump Choc,1,5,6,6,0,0,0,0,0,0,0,0,0,0
2018-10-24,BREAD,Pump Crumb,2,6,8,3,0,0,5,0,0,0,0,0,0,0
2018-10-24,BREAD,Morn Glory,1,4,5,1,0,0,4,0,0,0,0,0,0,0
2018-10-24,ROLLS,Cinnamon,0,60,60,59,0,1,0,0,0,0,0,0,0,0
2018-10-24,ROLLS,Take-N-Bake,0,0,0,0,0,0,0,0,0,0,0,0,0,0
2018-10-24,ROLLS,Mini C-Roll,0,0,0,0,0,0,0,0,0,0,0,0,0,0
2018-10-24,SCONES,Blueberry,0,0,0,0,0,0,0,0,0,0,0,0,0,0
2018-10-24,SCONES,Rasp Cream,0,31,31,27,4,0,0,0,5,5,3,0,0,0
2018-10-24,SCONES,Cherry,0,0,0,0,0,0,0,0,0,0,0,0,0,0
2018-10-24,SCONES,Cin Chip,0,0,0,0,0,0,0,0,0,0,0,0,0,0
2018-10-24,SCONES,Turtle,0,24,24,20,0,4,0,0,4,4,1,0,0,0
2018-10-24,SCONES,butt almond,0,0,0,0,0,0,0,0,0,0,0,0,0,0
2018-10-24,SCONES,pump spice,0,10,10,10,0,0,0,0,1,1,1,0,0,0
2018-10-24,FRUIT BARS,Mixed Berry,0,8,8,8,0,0,0,0,0,0,0,0,0,0
2018-10-24,FRUIT BARS,Cherry,0,12,12,12,0,0,0,0,0,0,0,0,0,0
2018-10-24,FRUIT BARS,Apple Cin,0,0,0,0,0,0,0,0,0,0,0,0,0,0
2018-10-24,FRUIT BARS,MIXED FRUIT,0,0,0,0,0,0,0,0,0,0,0,0,0,0
2018-10-24,MUFFINS,BLUE STRU,0,9,9,9,0,0,0,0,2,2,2,0,0,0
2018-10-24,MUFFINS,pump choc,0,11,11,8,0,3,0,0,2,2,0,0,0,0
2018-10-24,MUFFINS,pump crumb,0,9,9,4,0,5,0,0,2,2,2,0,0,0
2018-10-24,MUFFINS,morn glory,0,8,8,1,0,7,0,0,2,2,2,0,0,0
2018-10-24,MUFFINS,Cookies,0,0,0,0,0,0,0,0,0,0,0,0,0,0
2018-10-24,MUFFINS,Bars,0,0,0,0,0,0,0,0,0,0,0,0,0,0
2018-10-24,MUFFINS,Oatmeal CC,0,48,48,21,18,0,9,0,0,0,0,0,0,0
2018-10-24,MUFFINS,Monster,6,24,30,6,0,0,24,0,0,0,0,0,0,0
2018-10-24,MUFFINS,Triple Choc,0,78,78,16,47,0,15,0,0,0,0,0,0,0
2018-10-24,MUFFINS,SNICKEDOODLE,0,42,42,20,16,0,6,0,0,0,0,0,0,0
2018-10-24,MUFFINS,frosted,0,42,42,30,0,0,12,0,0,0,0,0,0,0
2018-10-24,MUFFINS,Kahuna,0,0,0,0,0,0,0,0,0,0,0,0,0,0
2018-10-24,MUFFINS,Brownies,0,20,20,18,0,0,2,0,0,0,0,0,0,0
2018-10-24,MUFFINS,Pump Bar,0,20,20,9,0,0,11,0,0,0,0,0,0,0
2018-10-24,MUFFINS,Pump oh,6,0,6,0,0,0,6,6,0,6,0,0,0,6
2018-10-24,MUFFINS,Totals,12,456,468,278,85,20,85,6,18,24,11,0,0,6
2018-10-25,BREAD,H,38,17,55,37,0,0,18,0,0,0,0,0,0,0
2018-10-25,BREAD,FR,21,37,58,-3,35,0,26,0,0,0,0,0,0,0
2018-10-25,BREAD,GW,9,0,9,3,0,6,0,0,0,0,0,0,0,0
2018-10-25,BREAD,DK,19,0,19,6,0,0,13,0,0,0,0,0,0,0
2018-10-25,BREAD,H5,5,24,29,9,0,0,20,0,0,0,0,0,0,0
2018-10-25,BREAD,CSRWL,7,8,15,7,0,4,4,1,2,3,0,0,0,2
2018-10-25,BREAD,pump SWRL,9,6,15,8,0,3,4,1,1,2,0,0,0,0
2018-10-25,BREAD,Son,0,12,12,5,0,0,7,0,4,4,1,0,0,3
2018-10-25,BREAD,CNE,8,0,8,8,0,0,0,1,0,1,1,0,0,0
2018-10-25,BREAD,CNR,3,0,3,1,0,2,0,0,0,0,0,0,0,0
2018-10-25,BREAD,CNW,4,0,4,1,0,3,0,0,0,0,0,0,0,0
2018-10-25,BREAD,CG,6,0,6,5,0,1,0,1,0,1,1,0,0,0
2018-10-25,BREAD,PESTO CG,5,0,5,2,0,3,0,0,0,0,0,0,0,0
2018-10-25,BREAD,VS,0,13,13,3,3,0,7,0,3,3,0,0,0,3
2018-10-25,BREAD,CH,0,6,6,3,0,0,3,0,2,2,1,0,0,1
2018-10-25,BREAD,SOURDOUGH,5,0,5,4,0,1,0,0,0,0,0,0,0,0
2018-10-25,BREAD,SOUR CC,0,0,0,-3,0,3,0,0,0,0,0,0,0,0
2018-10-25,BREAD,SOUR CJ,2,0,2,0,0,2,0,0,0,0,0,0,0,0
2018-10-25,BREAD,SOUR RG,1,0,1,1,0,0,0,0,0,0,0,0,0,0
2018-10-25,BREAD,SOUR BORG,0,0,0,-2,0,2,0,0,0,0,0,0,0,0
2018-10-25,BREAD,Car,14,0,14,14,0,0,0,0,0,0,0,0,0,0
2018-10-25,BREAD,IHF,0,0,0,0,0,0,0,0,0,0,0,0,0,0
2018-10-25,BREAD,Spiders,3,0,3,-4,0,4,3,0,0,0,0,0,0,0
2018-10-25,BREAD,GF,0,0,0,0,0,0,0,0,0,0,0,0,0,0
2018-10-25,BREAD,H-RLS,1,0,1,-1,0,2,0,0,0,0,0,0,0,0
2018-10-25,BREAD,FR-RLS,2,3,5,2,0,2,1,0,0,0,0,0,0,0
2018-10-25,BREAD,VS-RLS,0,0,0,-3,0,3,0,0,0,0,0,0,0,0
2018-10-25,BREAD,BLUE STRU,4,5,9,2,1,2,4,0,0,0,0,0,0,0
2018-10-25,BREAD,Pump Choc,0,15,15,6,3,0,6,0,0,0,0,0,0,0
2018-10-25,BREAD,Pump Crumb,5,5,10,1,1,4,4,0,0,0,0,0,0,0
2018-10-25,BREAD,Morn Glory,4,1,5,1,0,3,1,0,0,0,0,0,0,0
2018-10-25,ROLLS,Cinnamon,0,228,228,228,0,0,0,0,0,0,0,0,0,0
2018-10-25,ROLLS,Take-N-Bake,0,0,0,0,0,0,0,0,0,0,0,0,0,0
2018-10-25,ROLLS,Mini C-Roll,0,24,24,0,24,0,0,0,0,0,0,0,0,0
2018-10-25,SCONES,Blueberry,0,40,40,36,0,4,0,0,6,6,6,0,0,0
2018-10-25,SCONES,Rasp Cream,0,0,0,0,0,0,0,0,0,0,0,0,0,0
2018-10-25,SCONES,Cherry,0,0,0,0,0,0,0,0,0,0,0,0,0,0
2018-10-25,SCONES,Cin Chip,0,0,0,0,0,0,0,0,0,0,0,0,0,0
2018-10-25,SCONES,Turtle,0,36,36,23,0,13,0,0,6,6,5,0,0,0
2018-10-25,SCONES,butt almond,0,0,0,0,0,0,0,0,0,0,0,0,0,0
2018-10-25,SCONES,pump spice,0,39,39,38,0,1,0,0,6,6,6,0,0,0
2018-10-25,FRUIT BARS,Mixed Berry,0,8,8,7,1,0,0,0,0,0,0,0,0,0
2018-10-25,FRUIT BARS,Cherry,0,12,12,9,3,0,0,0,0,0,0,0,0,0
2018-10-25,FRUIT BARS,Apple Cin,0,12,12,5,5,2,0,0,0,0,0,0,0,0
2018-10-25,FRUIT BARS,MIXED FRUIT,0,8,8,5,2,1,0,0,0,0,0,0,0,0
2018-10-25,MUFFINS,BLUE STRU,0,13,13,7,0,6,0,0,4,4,3,0,0,0
2018-10-25,MUFFINS,pump choc,0,28,28,22,0,6,0,0,5,5,5,0,0,0
2018-10-25,MUFFINS,pump crumb,0,14,14,5,0,9,0,0,4,4,2,0,0,0
2018-10-25,MUFFINS,morn glory,0,9,9,3,0,6,0,0,2,2,1,0,0,0
2018-10-25,MUFFINS,Cookies,0,0,0,0,0,0,0,0,0,0,0,0,0,0
2018-10-25,MUFFINS,Bars,0,0,0,0,0,0,0,0,0,0,0,0,0,0
2018-10-25,MUFFINS,Oatmeal CC,9,48,57,28,20,0,9,0,12,12,0,0,0,0
2018-10-25,MUFFINS,Monster,24,12,36,14,0,22,0,0,0,0,0,0,0,0
2018-10-25,MUFFINS,Triple Choc,15,42,57,30,20,7,0,0,16,16,0,0,0,0
2018-10-25,MUFFINS,SNICKEDOODLE,6,48,54,25,19,6,4,0,6,6,0,0,0,0
2018-10-25,MUFFINS,frosted,12,6,18,9,0,2,7,0,0,0,0,0,0,0
2018-10-25,MUFFINS,Kahuna,0,20,20,11,4,5,0,0,0,0,0,0,0,0
2018-10-25,MUFFINS,Brownies,2,20,22,13,4,5,0,0,0,0,0,0,0,0
2018-10-25,MUFFINS,Pump Bar,11,20,31,27,4,0,0,0,0,0,0,0,0,0
2018-10-25,MUFFINS,Pump oh,6,0,6,0,0,0,0,6,0,6,0,0,0,0
2018-10-25,MUFFINS,Totals,85,687,772,545,106,95,20,6,67,73,28,0,0,0
2018-10-26,BREAD,H,18,25,43,32,1,0,10,0,0,0,0,0,0,0
2018-10-26,BREAD,FR,26,0,26,-10,21,0,15,0,0,0,0,0,0,0
2018-10-26,BREAD,GW,0,16,16,4,0,0,12,0,0,0,0,0,0,0
2018-10-26,BREAD,DK,13,14,27,15,0,0,12,0,0,0,0,0,0,0
2018-10-26,BREAD,H5,20,0,20,11,0,0,9,0,0,0,0,0,0,0
2018-10-26,BREAD,CSRWL,4,20,24,13,1,0,10,2,2,4,2,0,0,1
2018-10-26,BREAD,pump SWRL,4,16,20,11,0,0,9,0,2,2,1,0,0,1
2018-10-26,BREAD,Son,7,0,7,7,0,0,0,3,0,3,1,0,0,0
2018-10-26,BREAD,CNE,0,25,25,14,0,0,11,0,4,4,4,0,0,0
2018-10-26,BREAD,CNR,0,12,12,11,0,0,1,0,0,0,0,0,0,0
2018-10-26,BREAD,CNW,0,8,8,4,1,0,3,0,0,0,0,0,0,0
2018-10-26,BREAD,CG,0,13,13,9,0,0,4,0,4,4,4,0,0,0
2018-10-26,BREAD,PESTO CG,0,6,6,5,0,0,1,0,0,0,0,0,0,0
2018-10-26,BREAD,VS,7,10,17,7,0,3,7,3,2,5,2,0,0,1
2018-10-26,BREAD,CH,3,0,3,1,0,2,0,1,0,1,0,0,0,0
2018-10-26,BREAD,SOURDOUGH,0,12,12,9,0,0,3,0,0,0,0,0,0,0
2018-10-26,BREAD,SOUR CC,0,5,5,1,0,0,4,0,0,0,0,0,0,0
2018-10-26,BREAD,SOUR CJ,0,4,4,1,0,0,3,0,0,0,0,0,0,0
2018-10-26,BREAD,SOUR RG,0,4,4,2,0,0,2,0,0,0,0,0,0,0
2018-10-26,BREAD,SOUR BORG,0,5,5,3,0,0,2,0,0,0,0,0,0,0
2018-10-26,BREAD,Car,0,0,0,0,0,0,0,0,0,0,0,0,0,0
2018-10-26,BREAD,IHF,0,0,0,0,0,0,0,0,0,0,0,0,0,0
2018-10-26,BREAD,Spiders,3,3,6,1,0,2,3,0,0,0,0,0,0,0
2018-10-26,BREAD,GF,0,0,0,0,0,0,0,0,0,0,0,0,0,0
2018-10-26,BREAD,H-RLS,0,8,8,3,4,0,1,0,0,0,0,0,0,0
2018-10-26,BREAD,FR-RLS,1,6,7,0,4,0,3,0,0,0,0,0,0,0
2018-10-26,BREAD,VS-RLS,0,6,6,4,0,0,2,0,0,0,0,0,0,0
2018-10-26,BREAD,BLUE STRU,4,4,8,2,0,4,2,0,0,0,0,0,0,0
2018-10-26,BREAD,Pump Choc,6,9,15,5,7,3,0,0,0,0,0,0,0,0
2018-10-26,BREAD,Pump Crumb,4,5,9,6,1,1,1,0,0,0,0,0,0,0
2018-10-26,BREAD,Morn Glory,1,7,8,3,0,1,4,0,0,0,0,0,0,0
2018-10-26,ROLLS,Cinnamon,0,60,60,30,30,0,0,0,0,0,0,0,0,0
2018-10-26,ROLLS,Take-N-Bake,0,0,0,0,0,0,0,0,0,0,0,0,0,0
2018-10-26,ROLLS,Mini C-Roll,0,0,0,0,0,0,0,0,0,0,0,0,0,0
2018-10-26,SCONES,Blueberry,0,0,0,0,0,0,0,0,0,0,0,0,0,0
2018-10-26,SCONES,Rasp Cream,0,0,0,0,0,0,0,0,0,0,0,0,0,0
2018-10-26,SCONES,Cherry,0,16,16,8,0,8,0,0,8,8,2,0,0,0
2018-10-26,SCONES,Cin Chip,0,16,16,10,0,6,0,0,2,2,2,0,0,0
2018-10-26,SCONES,Turtle,0,0,0,0,0,0,0,0,0,0,0,0,0,0
2018-10-26,SCONES,butt almond,0,14,14,14,0,0,0,0,7,7,-1,0,0,0
2018-10-26,SCONES,pump spice,0,0,0,0,0,0,0,0,4,4,0,0,0,0
2018-10-26,FRUIT BARS,Mixed Berry,0,8,8,2,3,3,0,0,0,0,0,0,0,0
2018-10-26,FRUIT BARS,Cherry,0,12,12,1,5,6,0,0,0,0,0,0,0,0
2018-10-26,FRUIT BARS,Apple Cin,0,0,0,0,0,0,0,0,0,0,0,0,0,0
2018-10-26,FRUIT BARS,MIXED FRUIT,0,0,0,0,0,0,0,0,0,0,0,0,0,0
2018-10-26,MUFFINS,BLUE STRU,0,8,8,8,0,0,0,0,8,8,2,0,0,0
2018-10-26,MUFFINS,pump choc,0,8,8,8,0,0,0,0,2,2,2,0,0,0
2018-10-26,MUFFINS,pump crumb,0,8,8,2,0,6,0,0,7,7,0,0,0,0
2018-10-26,MUFFINS,morn glory,0,6,6,2,0,4,0,0,5,5,2,0,0,0
2018-10-26,MUFFINS,Cookies,0,0,0,0,0,0,0,0,0,0,0,0,0,0
2018-10-26,MUFFINS,Bars,0,0,0,0,0,0,0,0,0,0,0,0,0,0
2018-10-26,MUFFINS,Oatmeal CC,9,42,51,15,27,0,9,0,4,4,0,0,0,0
2018-10-26,MUFFINS,Monster,0,24,24,11,0,0,13,0,0,0,0,0,0,0
2018-10-26,MUFFINS,Triple Choc,0,48,48,19,22,0,7,0,4,4,0,0,0,0
2018-10-26,MUFFINS,SNICKEDOODLE,4,42,46,20,18,0,8,0,2,2,0,0,0,0
2018-10-26,MUFFINS,frosted,7,18,25,21,0,0,4,0,0,0,0,0,0,0
2018-10-26,MUFFINS,Kahuna,0,0,0,-5,0,5,0,0,0,0,0,0,0,0
2018-10-26,MUFFINS,Brownies,0,20,20,6,1,0,13,0,0,0,0,0,0,0
2018-10-26,MUFFINS,Pump Bar,0,20,20,3,2,0,15,0,0,0,0,0,0,0
2018-10-26,MUFFINS,Pump oh,0,0,0,0,0,0,0,0,0,0,0,0,0,0
2018-10-26,MUFFINS,Totals,20,370,390,175,108,38,69,0,53,53,9,0,0,0
2018-10-27,BREAD,H,10,0,10,10,0,0,0,0,0,0,0,0,0,0
2018-10-27,BREAD,FR,15,0,15,6,0,9,0,0,0,0,0,0,0,0
2018-10-27,BREAD,GW,12,10,22,0,0,22,0,0,0,0,0,0,0,0
2018-10-27,BREAD,DK,12,0,12,3,0,9,0,0,0,0,0,0,0,0
2018-10-27,BREAD,H5,9,0,9,-4,0,13,0,0,0,0,0,0,0,0
2018-10-27,BREAD,CSRWL,10,4,14,6,1,7,0,1,2,3,0,0,0,0
2018-10-27,BREAD,pump SWRL,9,4,13,5,0,8,0,1,2,3,0,0,0,0
2018-10-27,BREAD,Son,0,0,0,0,0,0,0,0,0,0,0,0,0,0
2018-10-27,BREAD,CNE,11,0,11,4,0,7,0,0,0,0,-1,0,0,0
2018-10-27,BREAD,CNR,1,0,1,1,0,0,0,0,0,0,0,0,0,0
2018-10-27,BREAD,CNW,3,0,3,0,0,3,0,0,0,0,0,0,0,0
2018-10-27,BREAD,CG,4,0,4,3,0,1,0,0,0,0,-1,0,0,0
2018-10-27,BREAD,PESTO CG,1,0,1,1,0,0,0,0,0,0,0,0,0,0
2018-10-27,BREAD,VS,7,0,7,7,0,0,0,1,0,1,-1,0,0,0
2018-10-27,BREAD,CH,0,0,0,0,0,0,0,0,0,0,0,0,0,0
2018-10-27,BREAD,SOURDOUGH,3,0,3,2,0,1,0,0,0,0,0,0,0,0
2018-10-27,BREAD,SOUR CC,4,0,4,2,0,2,0,0,0,0,0,0,0,0
2018-10-27,BREAD,SOUR CJ,3,0,3,2,0,1,0,0,0,0,0,0,0,0
2018-10-27,BREAD,SOUR RG,2,0,2,2,0,0,0,0,0,0,0,0,0,0
2018-10-27,BREAD,SOUR BORG,2,0,2,2,0,0,0,0,0,0,0,0,0,0
2018-10-27,BREAD,Car,0,0,0,0,0,0,0,0,0,0,0,0,0,0
2018-10-27,BREAD,IHF,0,0,0,0,0,0,0,0,0,0,0,0,0,0
2018-10-27,BREAD,Spiders,3,0,3,3,0,0,0,0,0,0,0,0,0,0
2018-10-27,BREAD,GF,0,0,0,0,0,0,0,0,0,0,0,0,0,0
2018-10-27,BREAD,H-RLS,1,0,1,-1,0,2,0,0,0,0,0,0,0,0
2018-10-27,BREAD,FR-RLS,3,0,3,1,0,2,0,0,0,0,0,0,0,0
2018-10-27,BREAD,VS-RLS,2,0,2,0,0,2,0,0,0,0,0,0,0,0
2018-10-27,BREAD,BLUE STRU,2,2,4,-2,0,6,0,0,0,0,0,0,0,0
2018-10-27,BREAD,Pump Choc,0,9,9,-1,4,6,0,0,0,0,0,0,0,0
2018-10-27,BREAD,Pump Crumb,1,2,3,1,0,2,0,0,0,0,0,0,0,0
2018-10-27,BREAD,Morn Glory,4,0,4,-1,0,5,0,0,0,0,0,0,0,0
2018-10-27,ROLLS,Cinnamon,0,108,108,44,24,40,0,0,0,0,0,0,0,0
2018-10-27,ROLLS,Take-N-Bake,0,0,0,0,0,0,0,0,0,0,0,0,0,0
2018-10-27,ROLLS,Mini C-Roll,0,192,192,0,192,0,0,0,0,0,0,0,0,0
2018-10-27,SCONES,Blueberry,0,30,30,23,0,7,0,0,9,9,1,0,0,0
2018-10-27,SCONES,Rasp Cream,0,0,0,0,0,0,0,0,0,0,0,0,0,0
2018-10-27,SCONES,Cherry,0,0,0,0,0,0,0,0,0,0,0,0,0,0
2018-10-27,SCONES,Cin Chip,0,0,0,0,0,0,0,0,0,0,0,0,0,0
2018-10-27,SCONES,Turtle,0,0,0,0,0,0,0,0,0,0,0,0,0,0
2018-10-27,SCONES,butt almond,0,24,24,15,0,9,0,0,9,9,2,0,0,0
2018-10-27,SCONES,pump spice,0,20,20,20,0,0,0,0,8,8,0,0,0,0
2018-10-27,FRUIT BARS,Mixed Berry,0,8,8,4,2,2,0,0,0,0,0,0,0,0
2018-10-27,FRUIT BARS,Cherry,0,12,12,10,2,0,0,0,0,0,0,0,0,0
2018-10-27,FRUIT BARS,Apple Cin,0,8,8,5,2,1,0,0,0,0,0,0,0,0
2018-10-27,FRUIT BARS,MIXED FRUIT,0,12,12,6,2,4,0,0,0,0,0,0,0,0
2018-10-27,MUFFINS,BLUE STRU,0,14,14,8,0,6,0,0,9,9,0,0,0,0
2018-10-27,MUFFINS,pump choc,0,14,14,9,0,5,0,0,3,3,0,0,0,0
2018-10-27,MUFFINS,pump crumb,0,10,10,6,0,4,0,0,8,8,2,0,0,0
2018-10-27,MUFFINS,morn glory,0,6,6,2,0,4,0,0,6,6,2,0,0,0
2018-10-27,MUFFINS,Cookies,0,0,0,0,0,0,0,0,0,0,0,0,0,0
2018-10-27,MUFFINS,Bars,0,0,0,0,0,0,0,0,0,0,0,0,0,0
2018-10-27,MUFFINS,Oatmeal CC,9,18,27,8,19,0,0,0,4,4,0,0,0,0
2018-10-27,MUFFINS,Monster,13,0,13,13,0,0,0,0,0,0,0,0,0,0
2018-10-27,MUFFINS,Triple Choc,7,24,31,12,18,1,0,0,2,2,0,0,0,0
2018-10-27,MUFFINS,SNICKEDOODLE,8,18,26,8,18,0,0,0,4,4,0,0,0,0
2018-10-27,MUFFINS,frosted,4,0,4,-6,0,10,0,0,0,0,0,0,0,0
2018-10-27,MUFFINS,Kahuna,0,0,0,0,0,0,0,0,0,0,0,0,0,0
2018-10-27,MUFFINS,Brownies,13,0,13,6,0,7,0,0,0,0,0,0,0,0
2018-10-27,MUFFINS,Pump Bar,15,0,15,6,0,9,0,0,0,0,0,0,0,0
2018-10-27,MUFFINS,Pump oh,0,0,0,0,0,0,0,0,0,0,0,0,0,0
2018-10-27,MUFFINS,Totals,69,518,587,199,279,109,0,0,62,62,7,0,0,0
2018-10-28,BREAD,H,0,0,0,0,0,0,0,0,0,0,0,0,0,0
2018-10-28,BREAD,FR,0,0,0,0,0,0,0,0,0,0,0,0,0,0
2018-10-28,BREAD,GW,0,0,0,0,0,0,0,0,0,0,0,0,0,0
2018-10-28,BREAD,DK,0,0,0,0,0,0,0,0,0,0,0,0,0,0
2018-10-28,BREAD,H5,0,0,0,0,0,0,0,0,0,0,0,0,0,0
2018-10-28,BREAD,CSRWL,0,0,0,0,0,0,0,0,0,0,0,0,0,0
2018-10-28,BREAD,pump SWRL,0,0,0,0,0,0,0,0,0,0,0,0,0,0
2018-10-28,BREAD,Son,0,0,0,0,0,0,0,0,0,0,0,0,0,0
2018-10-28,BREAD,CNE,0,0,0,0,0,0,0,0,0,0,0,0,0,0
2018-10-28,BREAD,CNR,0,0,0,0,0,0,0,0,0,0,0,0,0,0
2018-10-28,BREAD,CNW,0,0,0,0,0,0,0,0,0,0,0,0,0,0
2018-10-28,BREAD,CG,0,0,0,0,0,0,0,0,0,0,0,0,0,0
2018-10-28,BREAD,PESTO CG,0,0,0,0,0,0,0,0,0,0,0,0,0,0
2018-10-28,BREAD,VS,0,0,0,0,0,0,0,0,0,0,0,0,0,0
2018-10-28,BREAD,CH,0,0,0,0,0,0,0,0,0,0,0,0,0,0
2018-10-28,BREAD,SOURDOUGH,0,0,0,0,0,0,0,0,0,0,0,0,0,0
2018-10-28,BREAD,SOUR CC,0,0,0,0,0,0,0,0,0,0,0,0,0,0
2018-10-28,BREAD,SOUR CJ,0,0,0,0,0,0,0,0,0,0,0,0,0,0
2018-10-28,BREAD,SOUR RG,0,0,0,0,0,0,0,0,0,0,0,0,0,0
2018-10-28,BREAD,SOUR BORG,0,0,0,0,0,0,0,0,0,0,0,0,0,0
2018-10-28,BREAD,Car,0,0,0,0,0,0,0,0,0,0,0,0,0,0
2018-10-28,BREAD,IHF,0,0,0,0,0,0,0,0,0,0,0,0,0,0
2018-10-28,BREAD,GF,0,0,0,0,0,0,0,0,0,0,0,0,0,0
2018-10-28,BREAD,H-RLS,0,0,0,0,0,0,0,0,0,0,0,0,0,0
2018-10-28,BREAD,FR-RLS,0,0,0,0,0,0,0,0,0,0,0,0,0,0
2018-10-28,BREAD,VS-RLS,0,0,0,0,0,0,0,0,0,0,0,0,0,0
2018-10-28,BREAD,BLUE STRU,0,0,0,0,0,0,0,0,0,0,0,0,0,0
2018-10-28,BREAD,Pump Choc,0,0,0,0,0,0,0,0,0,0,0,0,0,0
2018-10-28,BREAD,Pump Crumb,0,0,0,0,0,0,0,0,0,0,0,0,0,0
2018-10-28,BREAD,Morn Glory,0,0,0,0,0,0,0,0,0,0,0,0,0,0
2018-10-28,ROLLS,Cinnamon,0,0,0,0,0,0,0,0,0,0,0,0,0,0
2018-10-28,ROLLS,Take-N-Bake,0,0,0,0,0,0,0,0,0,0,0,0,0,0
2018-10-28,ROLLS,Mini C-Roll,0,0,0,0,0,0,0,0,0,0,0,0,0,0
2018-10-28,SCONES,Blueberry,0,0,0,0,0,0,0,0,0,0,0,0,0,0
2018-10-28,SCONES,Rasp Cream,0,0,0,0,0,0,0,0,0,0,0,0,0,0
2018-10-28,SCONES,Cherry,0,0,0,0,0,0,0,0,0,0,0,0,0,0
2018-10-28,SCONES,Cin Chip,0,0,0,0,0,0,0,0,0,0,0,0,0,0
2018-10-28,SCONES,Turtle,0,0,0,0,0,0,0,0,0,0,0,0,0,0
2018-10-28,SCONES,butt almond,0,0,0,0,0,0,0,0,0,0,0,0,0,0
2018-10-28,SCONES,pump spice,0,0,0,0,0,0,0,0,0,0,0,0,0,0
2018-10-28,FRUIT BARS,Mixed Berry,0,0,0,0,0,0,0,0,0,0,0,0,0,0
2018-10-28,FRUIT BARS,Cherry,0,0,0,0,0,0,0,0,0,0,0,0,0,0
2018-10-28,FRUIT BARS,Apple Cin,0,0,0,0,0,0,0,0,0,0,0,0,0,0
2018-10-28,FRUIT BARS,MIXED FRUIT,0,0,0,0,0,0,0,0,0,0,0,0,0,0
2018-10-28,MUFFINS,BLUE STRU,0,0,0,0,0,0,0,0,0,0,0,0,0,0
2018-10-28,MUFFINS,pump choc,0,0,0,0,0,0,0,0,0,0,0,0,0,0
2018-10-28,MUFFINS,pump crumb,0,0,0,0,0,0,0,0,0,0,0,0,0,0
2018-10-28,MUFFINS,morn glory,0,0,0,0,0,0,0,0,0,0,0,0,0,0
2018-10-28,MUFFINS,Cookies,0,0,0,0,0,0,0,0,0,0,0,0,0,0
2018-10-28,MUFFINS,Bars,0,0,0,0,0,0,0,0,0,0,0,0,0,0
2018-10-28,MUFFINS,Oatmeal CC,0,0,0,0,0,0,0,0,0,0,0,0,0,0
2018-10-28,MUFFINS,Monster,0,0,0,0,0,0,0,0,0,0,0,0,0,0
2018-10-28,MUFFINS,Triple Choc,0,0,0,0,0,0,0,0,0,0,0,0,0,0
2018-10-28,MUFFINS,SNICKEDOODLE,0,0,0,0,0,0,0,0,0,0,0,0,0,0
2018-10-28,MUFFINS,frosted,0,0,0,0,0,0,0,0,0,0,0,0,0,0
2018-10-28,MUFFINS,Kahuna,0,0,0,0,0,0,0,0,0,0,0,0,0,0
2018-10-28,MUFFINS,Brownies,0,0,0,0,0,0,0,0,0,0,0,0,0,0
2018-10-28,MUFFINS,Pump Bar,0,0,0,0,0,0,0,0,0,0,0,0,0,0
2018-10-28,MUFFINS,Pump oh,0,0,0,0,0,0,0,0,0,0,0,0,0,0
2018-10-28,MUFFINS,Totals,0,0,0,0,0,0,0,0,0,0,0,0,0,0
2018-10-29,BREAD,H,0,31,31,10,0,0,21,0,0,0,0,0,0,0
2018-10-29,BREAD,FR,0,49,49,41,0,0,8,0,0,0,0,0,0,0
2018-10-29,BREAD,GW,0,8,8,2,0,0,6,0,0,0,0,0,0,0
2018-10-29,BREAD,DK,0,28,28,17,0,0,11,0,0,0,0,0,0,0
2018-10-29,BREAD,H5,0,0,0,0,0,0,0,0,0,0,0,0,0,0
2018-10-29,BREAD,CSRWL,0,20,20,12,0,0,8,0,3,3,1,0,0,2
2018-10-29,BREAD,pump SWRL,0,16,16,6,0,0,10,0,3,3,3,0,0,0
2018-10-29,BREAD,Son,0,0,0,0,0,0,0,0,0,0,0,0,0,0
2018-10-29,BREAD,CNE,0,18,18,6,0,0,12,0,3,3,0,0,0,3
2018-10-29,BREAD,CNR,0,4,4,1,0,0,3,0,0,0,0,0,0,0
2018-10-29,BREAD,CNW,0,4,4,4,0,0,0,0,0,0,0,0,0,0
2018-10-29,BREAD,CG,0,8,8,6,0,0,2,0,2,2,0,0,0,2
2018-10-29,BREAD,PESTO CG,0,3,3,3,0,0,0,0,0,0,0,0,0,0
2018-10-29,BREAD,VS,0,0,0,0,0,0,0,0,0,0,0,0,0,0
2018-10-29,BREAD,CH,0,0,0,0,0,0,0,0,0,0,0,0,0,0
2018-10-29,BREAD,SOURDOUGH,0,9,9,6,0,0,3,0,0,0,0,0,0,0
2018-10-29,BREAD,SOUR CC,0,3,3,0,0,0,3,0,0,0,0,0,0,0
2018-10-29,BREAD,SOUR CJ,0,0,0,0,0,0,0,0,0,0,0,0,0,0
2018-10-29,BREAD,SOUR RG,0,3,3,0,0,0,3,0,0,0,0,0,0,0
2018-10-29,BREAD,SOUR BORG,0,3,3,0,0,0,3,0,0,0,0,0,0,0
2018-10-29,BREAD,Car,0,0,0,0,0,0,0,0,0,0,0,0,0,0
2018-10-29,BREAD,IHF,0,0,0,0,0,0,0,0,0,0,0,0,0,0
2018-10-29,BREAD,Spiders,0,8,8,3,3,0,2,0,0,0,0,0,0,0
2018-10-29,BREAD,GF,0,0,0,0,0,0,0,0,0,0,0,0,0,0
2018-10-29,BREAD,H-RLS,0,3,3,2,0,0,1,0,0,0,0,0,0,0
2018-10-29,BREAD,FR-RLS,0,3,3,1,0,0,2,0,0,0,0,0,0,0
2018-10-29,BREAD,VS-RLS,0,0,0,0,0,0,0,0,0,0,0,0,0,0
2018-10-29,BREAD,BLUE STRU,0,4,4,0,0,0,4,0,0,0,0,0,0,0
2018-10-29,BREAD,Pump Choc,0,4,4,4,0,0,0,0,0,0,0,0,0,0
2018-10-29,BREAD,Pump Crumb,0,4,4,1,0,0,3,0,0,0,0,0,0,0
2018-10-29,BREAD,Morn Glory,0,2,2,0,0,0,2,0,0,0,0,0,0,0
2018-10-29,ROLLS,Cinnamon,0,24,24,15,0,9,0,0,0,0,0,0,0,0
2018-10-29,ROLLS,Take-N-Bake,0,0,0,0,0,0,0,0,0,0,0,0,0,0
2018-10-29,ROLLS,Mini C-Roll,0,0,0,0,0,0,0,0,0,0,0,0,0,0
2018-10-29,SCONES,Blueberry,0,0,0,0,0,0,0,0,0,0,0,0,0,0
2018-10-29,SCONES,Rasp Cream,0,18,18,3,0,15,0,0,2,2,2,0,0,0
2018-10-29,SCONES,Cherry,0,0,0,0,0,0,0,0,0,0,0,0,0,0
2018-10-29,SCONES,Cin Chip,0,16,16,4,0,12,0,0,2,2,1,0,0,0
2018-10-29,SCONES,Turtle,0,0,0,0,0,0,0,0,0,0,0,0,0,0
2018-10-29,SCONES,butt almond,0,0,0,0,0,0,0,0,0,0,0,0,0,0
2018-10-29,SCONES,pump spice,0,12,12,8,0,4,0,0,2,2,0,0,0,0
2018-10-29,FRUIT BARS,Mixed Berry,0,8,8,-1,0,9,0,0,0,0,0,0,0,0
2018-10-29,FRUIT BARS,Cherry,0,12,12,10,0,2,0,0,0,0,0,0,0,0
2018-10-29,FRUIT BARS,Apple Cin,0,0,0,0,0,0,0,0,0,0,0,0,0,0
2018-10-29,FRUIT BARS,MIXED FRUIT,0,0,0,0,0,0,0,0,0,0,0,0,0,0
2018-10-29,MUFFINS,BLUE STRU,0,6,6,4,0,2,0,0,1,1,1,0,0,0
2018-10-29,MUFFINS,pump choc,0,6,6,6,0,0,0,0,1,1,1,0,0,0
2018-10-29,MUFFINS,pump crumb,0,5,5,3,0,2,0,0,1,1,0,0,0,0
2018-10-29,MUFFINS,morn glory,0,5,5,1,0,4,0,0,1,1,0,0,0,0
2018-10-29,MUFFINS,Cookies,0,0,0,0,0,0,0,0,0,0,0,0,0,0
2018-10-29,MUFFINS,Bars,0,0,0,0,0,0,0,0,0,0,0,0,0,0
2018-10-29,MUFFINS,Oatmeal CC,0,30,30,18,8,0,4,0,0,0,0,0,0,0
2018-10-29,MUFFINS,Monster,0,18,18,18,0,0,0,0,0,0,0,0,0,0
2018-10-29,MUFFINS,Triple Choc,0,30,30,22,8,0,0,0,0,0,0,0,0,0
2018-10-29,MUFFINS,SNICKEDOODLE,0,30,30,12,14,0,4,0,0,0,0,0,0,0
2018-10-29,MUFFINS,frosted,0,72,72,1,52,0,19,0,0,0,0,0,0,0
2018-10-29,MUFFINS,Kahuna,0,0,0,0,0,0,0,0,0,0,0,0,0,0
2018-10-29,MUFFINS,Brownies,0,0,0,0,0,0,0,0,0,0,0,0,0,0
2018-10-29,MUFFINS,Pump Bar,0,20,20,19,0,0,1,0,0,0,0,0,0,0
2018-10-29,MUFFINS,Pump oh,0,0,0,0,0,0,2,0,0,0,0,0,0,2
2018-10-29,MUFFINS,Totals,0,312,312,143,82,59,30,0,10,10,5,0,0,2
2018-10-30,BREAD,H,21,22,43,13,0,0,30,0,0,0,0,0,0,0
2018-10-30,BREAD,FR,8,23,31,9,8,0,14,0,0,0,0,0,0,0
2018-10-30,BREAD,GW,6,8,14,4,0,0,10,0,0,0,0,0,0,0
2018-10-30,BREAD,DK,11,0,11,10,0,0,1,0,0,0,0,0,0,0
2018-10-30,BREAD,H5,0,17,17,6,0,0,11,0,0,0,0,0,0,0
2018-10-30,BREAD,CSRWL,8,8,16,5,0,5,6,2,2,4,1,0,0,2
2018-10-30,BREAD,pump SWRL,10,12,22,11,0,1,10,0,2,2,1,0,0,1
2018-10-30,BREAD,Son,0,12,12,12,0,0,0,0,4,4,0,0,0,4
2018-10-30,BREAD,CNE,12,0,12,10,0,2,0,3,0,3,0,0,0,0
2018-10-30,BREAD,CNR,3,0,3,0,0,3,0,0,0,0,0,0,0,0
2018-10-30,BREAD,CNW,0,0,0,0,0,0,0,0,0,0,0,0,0,0
2018-10-30,BREAD,CG,2,0,2,2,0,0,0,2,0,2,2,0,0,0
2018-10-30,BREAD,PESTO CG,0,0,0,0,0,0,0,0,0,0,0,0,0,0
2018-10-30,BREAD,VS,0,11,11,3,3,0,5,0,3,3,2,0,0,1
2018-10-30,BREAD,CH,0,6,6,4,0,0,2,0,3,3,1,0,0,2
2018-10-30,BREAD,SOURDOUGH,3,0,3,1,0,2,0,0,0,0,0,0,0,0
2018-10-30,BREAD,SOUR CC,3,0,3,0,0,3,0,0,0,0,0,0,0,0
2018-10-30,BREAD,SOUR CJ,0,0,0,0,0,0,0,0,0,0,0,0,0,0
2018-10-30,BREAD,SOUR RG,3,0,3,0,0,3,0,0,0,0,0,0,0,0
2018-10-30,BREAD,SOUR BORG,3,0,3,0,0,3,0,0,0,0,0,0,0,0
2018-10-30,BREAD,Car,0,0,0,0,0,0,0,0,0,0,0,0,0,0
2018-10-30,BREAD,IHF,0,0,0,0,0,0,0,0,0,0,0,0,0,0
2018-10-30,BREAD,Spiders,2,6,8,3,2,0,3,0,0,0,0,0,0,0
2018-10-30,BREAD,GF,0,63,63,63,0,0,0,0,0,0,0,0,0,0
2018-10-30,BREAD,H-RLS,1,3,4,1,0,0,3,0,0,0,0,0,0,0
2018-10-30,BREAD,FR-RLS,2,3,5,0,0,2,3,0,0,0,0,0,0,0
2018-10-30,BREAD,VS-RLS,0,3,3,1,0,0,2,0,0,0,0,0,0,0
2018-10-30,BREAD,BLUE STRU,4,2,6,4,1,0,1,0,0,0,0,0,0,0
2018-10-30,BREAD,Pump Choc,0,8,8,1,3,0,4,0,0,0,0,0,0,0
2018-10-30,BREAD,Pump Crumb,3,2,5,2,0,2,1,0,0,0,0,0,0,0
2018-10-30,BREAD,Morn Glory,2,1,3,0,0,2,1,0,0,0,0,0,0,0
2018-10-30,ROLLS,Cinnamon,0,24,24,23,0,1,0,0,0,0,0,0,0,0
2018-10-30,ROLLS,Take-N-Bake,0,0,0,0,0,0,0,0,0,0,0,0,0,0
2018-10-30,ROLLS,Mini C-Roll,0,0,0,0,0,0,0,0,0,0,0,0,0,0
2018-10-30,SCONES,Blueberry,0,15,15,10,0,5,0,0,2,2,0,0,0,0
2018-10-30,SCONES,Rasp Cream,0,0,0,0,0,0,0,0,0,0,0,0,0,0
2018-10-30,SCONES,Cherry,0,0,0,0,0,0,0,0,0,0,0,0,0,0
2018-10-30,SCONES,Cin Chip,0,14,14,9,0,5,0,0,2,2,0,0,0,0
2018-10-30,SCONES,Turtle,0,0,0,0,0,0,0,0,0,0,0,0,0,0
2018-10-30,SCONES,butt almond,0,0,0,0,0,0,0,0,0,0,0,0,0,0
2018-10-30,SCONES,pump spice,0,12,12,3,0,9,0,0,2,2,0,0,0,0
2018-10-30,FRUIT BARS,Mixed Berry,0,0,0,0,0,0,0,0,0,0,0,0,0,0
2018-10-30,FRUIT BARS,Cherry,0,0,0,0,0,0,0,0,0,0,0,0,0,0
2018-10-30,FRUIT BARS,Apple Cin,0,12,12,2,6,4,0,0,0,0,0,0,0,0
2018-10-30,FRUIT BARS,MIXED FRUIT,0,8,8,0,5,3,0,0,0,0,0,0,0,0
2018-10-30,MUFFINS,BLUE STRU,0,6,6,5,0,1,0,0,2,2,0,0,0,0
2018-10-30,MUFFINS,pump choc,0,8,8,7,0,1,0,0,2,2,2,0,0,0
2018-10-30,MUFFINS,pump crumb,0,5,5,2,0,3,0,0,2,2,0,0,0,0
2018-10-30,MUFFINS,morn glory,0,5,5,2,0,3,0,0,2,2,1,0,0,0
2018-10-30,MUFFINS,Cookies,0,0,0,0,0,0,0,0,0,0,0,0,0,0
2018-10-30,MUFFINS,Bars,0,0,0,0,0,0,0,0,0,0,0,0,0,0
2018-10-30,MUFFINS,Oatmeal CC,4,12,16,10,0,0,6,0,18,18,0,0,0,0
2018-10-30,MUFFINS,Monster,0,18,18,10,0,0,8,0,0,0,0,0,0,0
2018-10-30,MUFFINS,Triple Choc,0,18,18,16,0,0,2,0,18,18,0,0,0,0
2018-10-30,MUFFINS,SNICKEDOODLE,4,16,20,18,0,0,2,0,16,16,0,0,0,0
2018-10-30,MUFFINS,frosted,19,0,19,19,0,0,0,0,0,0,0,0,0,0
2018-10-30,MUFFINS,Kahuna,0,0,0,0,0,0,0,0,0,0,0,0,0,0
2018-10-30,MUFFINS,Brownies,0,0,0,-6,6,0,0,0,0,0,0,0,0,0
2018-10-30,MUFFINS,Pump Bar,1,20,21,-7,7,3,18,0,0,0,0,0,0,0
2018-10-30,MUFFINS,Pump oh,2,0,2,0,0,0,0,2,0,2,0,0,0,0
2018-10-30,MUFFINS,Totals,30,193,223,123,24,38,36,2,66,68,3,0,0,0
2018-10-31,BREAD,H,30,8,38,35,0,0,3,0,0,0,0,0,0,0
2018-10-31,BREAD,FR,14,14,28,11,0,0,17,0,0,0,0,0,0,0
2018-10-31,BREAD,GW,10,4,14,13,0,1,0,0,0,0,0,0,0,0
2018-10-31,BREAD,DK,1,21,22,6,0,0,16,0,0,0,0,0,0,0
2018-10-31,BREAD,H5,11,0,11,11,0,0,0,0,0,0,0,0,0,0
2018-10-31,BREAD,CSRWL,6,8,14,14,0,0,0,2,3,5,5,0,0,0
2018-10-31,BREAD,pump SWRL,10,4,14,14,0,0,0,1,2,3,1,0,0,2
2018-10-31,BREAD,Son,0,0,0,0,0,0,0,4,0,4,4,0,0,0
2018-10-31,BREAD,CNE,0,13,13,9,0,0,4,0,3,3,0,0,0,3
2018-10-31,BREAD,CNR,0,6,6,2,0,0,4,0,0,0,0,0,0,0
2018-10-31,BREAD,CNW,0,8,8,5,0,0,3,0,0,0,0,0,0,0
2018-10-31,BREAD,CG,0,12,12,7,0,0,5,0,4,4,0,0,0,4
2018-10-31,BREAD,PESTO CG,0,8,8,2,0,0,6,0,0,0,0,0,0,0
2018-10-31,BREAD,VS,5,0,5,5,0,0,0,1,0,1,0,0,0,0
2018-10-31,BREAD,CH,2,0,2,2,0,0,0,2,0,2,0,0,0,0
2018-10-31,BREAD,SOURDOUGH,0,8,8,0,0,0,8,0,0,0,0,0,0,0
2018-10-31,BREAD,SOUR CC,0,3,3,1,0,0,2,0,0,0,0,0,0,0
2018-10-31,BREAD,SOUR CJ,0,2,2,0,0,0,2,0,0,0,0,0,0,0
2018-10-31,BREAD,SOUR RG,0,3,3,0,0,0,3,0,0,0,0,0,0,0
2018-10-31,BREAD,SOUR BORG,0,3,3,1,0,0,2,0,0,0,0,0,0,0
2018-10-31,BREAD,Car,0,0,0,0,0,0,0,0,0,0,0,0,0,0
2018-10-31,BREAD,IHF,0,0,0,0,0,0,0,0,0,0,0,0,0,0
2018-10-31,BREAD,Spiders,3,9,12,4,0,5,3,0,0,0,0,0,0,0
2018-10-31,BREAD,GF,0,0,0,0,0,0,0,0,0,0,0,0,0,0
2018-10-31,BREAD,H-RLS,3,2,5,0,0,3,2,0,0,0,0,0,0,0
2018-10-31,BREAD,FR-RLS,3,0,3,2,0,1,0,0,0,0,0,0,0,0
2018-10-31,BREAD,VS-RLS,2,0,2,2,0,0,0,0,0,0,0,0,0,0
2018-10-31,BREAD,BLUE STRU,1,4,5,2,0,0,3,0,0,0,0,0,0,0
2018-10-31,BREAD,Pump Choc,4,2,6,4,0,0,2,0,0,0,0,0,0,0
2018-10-31,BREAD,Pump Crumb,1,3,4,1,0,0,3,0,0,0,0,0,0,0
2018-10-31,BREAD,Morn Glory,1,2,3,0,0,1,2,0,0,0,0,0,0,0
2018-10-31,ROLLS,Cinnamon,0,24,24,19,0,5,0,0,0,0,0,0,0,0
2018-10-31,ROLLS,Take-N-Bake,0,0,0,0,0,0,0,0,0,0,0,0,0,0
2018-10-31,ROLLS,Mini C-Roll,0,24,24,0,24,0,0,0,0,0,0,0,0,0
2018-10-31,SCONES,Blueberry,0,0,0,0,0,0,0,0,0,0,0,0,0,0
2018-10-31,SCONES,Rasp Cream,0,17,17,7,4,6,0,0,2,2,0,0,0,0
2018-10-31,SCONES,Cherry,0,0,0,0,0,0,0,0,0,0,0,0,0,0
2018-10-31,SCONES,Cin Chip,0,0,0,0,0,0,0,0,0,0,0,0,0,0
2018-10-31,SCONES,Turtle,0,16,16,14,0,2,0,0,2,2,1,0,0,0
2018-10-31,SCONES,butt almond,0,0,0,0,0,0,0,0,0,0,0,0,0,0
2018-10-31,SCONES,pump spice,0,12,12,3,0,9,0,0,2,2,0,0,0,0
2018-10-31,FRUIT BARS,Mixed Berry,0,8,8,4,0,4,0,0,0,0,0,0,0,0
2018-10-31,FRUIT BARS,Cherry,0,12,12,8,0,4,0,0,0,0,0,0,0,0
2018-10-31,FRUIT BARS,Apple Cin,0,0,0,0,0,0,0,0,0,0,0,0,0,0
2018-10-31,FRUIT BARS,MIXED FRUIT,0,0,0,0,0,0,0,0,0,0,0,0,0,0
2018-10-31,MUFFINS,BLUE STRU,0,8,8,4,0,4,0,0,1,1,0,0,0,0
2018-10-31,MUFFINS,pump choc,0,10,10,4,0,6,0,0,1,1,0,0,0,0
2018-10-31,MUFFINS,pump crumb,0,6,6,2,0,4,0,0,1,1,1,0,0,0
2018-10-31,MUFFINS,morn glory,0,4,4,4,0,0,0,0,1,1,1,0,0,0
2018-10-31,MUFFINS,Cookies,0,0,0,0,0,0,0,0,0,0,0,0,0,0
2018-10-31,MUFFINS,Bars,0,0,0,0,0,0,0,0,0,0,0,0,0,0
2018-10-31,MUFFINS,Oatmeal CC,6,12,18,12,0,0,6,0,0,0,0,0,0,0
2018-10-31,MUFFINS,Monster,8,12,20,20,0,0,0,0,0,0,0,0,0,0
2018-10-31,MUFFINS,Triple Choc,2,18,20,13,0,0,7,0,0,0,0,0,0,0
2018-10-31,MUFFINS,SNICKEDOODLE,2,18,20,14,0,0,6,0,0,0,0,0,0,0
2018-10-31,MUFFINS,frosted,0,24,24,24,0,0,0,0,0,0,0,0,0,0
2018-10-31,MUFFINS,Kahuna,0,0,0,0,0,0,0,0,0,0,0,0,0,0
2018-10-31,MUFFINS,Brownies,0,20,20,12,0,0,8,0,0,0,0,0,0,0
2018-10-31,MUFFINS,Pump Bar,18,0,18,2,0,16,0,0,0,0,0,0,0,0
2018-10-31,MUFFINS,Pump oh,0,0,0,0,0,0,0,0,0,0,0,0,0,0
2018-10-31,MUFFINS,Totals,36,245,281,166,28,60,27,0,10,10,3,0,0,0
