Date,Category,Product,START_OF_DAY_WHOLE,MADE_TODAY_WHOLE,AVAILABLE_TO_SELL_WHOLE,OUT_THE_DOOR_WHOLE,ORDERS_TODAY_WHOLE,REMOVED_AS_DAY_OLD_WHOLE,LEFT_WHOLE,START_OF_DAY_HALF,MADE_TODAY_HALF,AVAILABLE_TO_SELL_HALF,OUT_THE_DOOR_HALF,ORDERS_TODAY_HALF,REMOVED_AS_DAY_OLD_HALF,LEFT_HALF
2018-11-01,BREAD,H,3,37,40,8,12,0,20,0,0,0,0,0,0,0
2018-11-01,BREAD,FR,17,50,67,25,12,0,30,0,0,0,0,0,0,0
2018-11-01,BREAD,GW,0,9,9,5,0,0,4,0,0,0,0,0,0,0
2018-11-01,BREAD,DK,16,0,16,16,0,0,0,0,0,0,0,0,0,0
2018-11-01,BREAD,H5,0,20,20,2,0,0,18,0,0,0,0,0,0,0
2018-11-01,BREAD,CSRWL,0,20,20,19,0,0,1,0,4,4,3,0,0,1
2018-11-01,BREAD,Pump SWRL,0,16,16,9,0,0,7,2,2,4,3,0,0,1
2018-11-01,BREAD,SO,0,12,12,10,0,0,2,0,4,4,1,0,0,3
2018-11-01,BREAD,CNE,4,0,4,4,0,0,0,3,0,3,3,0,0,0
2018-11-01,BREAD,CNR,4,0,4,4,0,0,0,0,0,0,0,0,0,0
2018-11-01,BREAD,CNW,3,0,3,3,0,0,0,0,0,0,0,0,0,0
2018-11-01,BREAD,CG,5,0,5,5,0,0,0,4,0,4,4,0,0,0
2018-11-01,BREAD,PESTO CG,6,0,6,6,0,0,0,0,0,0,0,0,0,0
2018-11-01,BREAD,VS,0,13,13,0,0,0,13,0,3,3,1,0,0,2
2018-11-01,BREAD,CH,0,8,8,7,0,0,1,0,3,3,2,0,0,1
2018-11-01,BREAD,SOURDOUGH,8,0,8,8,0,0,0,0,0,0,0,0,0,0
2018-11-01,BREAD,SOUR CC,2,0,2,2,0,0,0,0,0,0,0,0,0,0
2018-11-01,BREAD,SOUR CJ,2,0,2,2,0,0,0,0,0,0,0,0,0,0
2018-11-01,BREAD,SOUR RG,3,0,3,3,0,0,0,0,0,0,0,0,0,0
2018-11-01,BREAD,SOUR BORG,2,0,2,2,0,0,0,0,0,0,0,0,0,0
2018-11-01,BREAD,Car,0,0,0,0,0,0,0,0,0,0,0,0,0,0
2018-11-01,BREAD,IHF,0,0,0,0,0,0,0,0,0,0,0,0,0,0
2018-11-01,BREAD,aa,0,3,3,-3,0,3,3,0,0,0,0,0,0,0
2018-11-01,BREAD,spider,0,0,0,-8,0,4,4,0,0,0,0,0,0,0
2018-11-01,BREAD,BUT-RLS,0,0,0,0,0,0,0,0,0,0,0,0,0,0
2018-11-01,BREAD,CRO-RLS,0,0,0,0,0,0,0,0,0,0,0,0,0,0
2018-11-01,BREAD,H-RLS,2,3,5,1,0,1,3,0,0,0,0,0,0,0
2018-11-01,BREAD,FR-RLS,0,4,4,1,0,0,3,0,0,0,0,0,0,0
2018-11-01,BREAD,VS-RLS,0,3,3,0,0,0,3,0,0,0,0,0,0,0
2018-11-01,BREAD,BLUE STRU,3,2,5,2,0,1,2,0,0,0,0,0,0,0
2018-11-01,BREAD,Pump CH,2,6,8,5,2,0,1,0,0,0,0,0,0,0
2018-11-01,BREAD,PUmp Cru,3,3,6,0,0,3,3,0,0,0,0,0,0,0
2018-11-01,BREAD,Morn Glory,2,3,5,-1,1,2,3,0,0,0,0,0,0,0
2018-11-01,ROLLS,Cinnamon,0,24,24,21,0,3,0,0,0,0,0,0,0,0
2018-11-01,ROLLS,Take-N-Bake,0,2,2,0,2,0,0,0,0,0,0,0,0,0
2018-11-01,ROLLS,Mini C-Roll,0,24,24,24,0,0,0,0,0,0,0,0,0,0
2018-11-01,SCONES,Blueberry,0,18,18,10,0,8,0,0,2,2,1,0,0,0
2018-11-01,SCONES,Rasp Cream,0,0,0,0,0,0,0,0,0,0,0,0,0,0
2018-11-01,SCONES,Cherry,0,0,0,0,0,0,0,0,0,0,0,0,0,0
2018-11-01,SCONES,Butt Almond,0,0,0,0,0,0,0,0,0,0,0,0,0,0
2018-11-01,SCONES,Turtle,0,14,14,10,0,4,0,0,2,2,1,0,0,0
2018-11-01,SCONES,Cin Chip,0,0,0,0,0,0,0,0,0,0,0,0,0,0
2018-11-01,SCONES,Pump Spice,0,14,14,11,0,3,0,0,2,2,2,0,0,0
2018-11-01,FRUIT BARS,Mixed Berry,0,0,0,0,0,0,0,0,0,0,0,0,0,0
2018-11-01,FRUIT BARS,Cherry,0,0,0,0,0,0,0,0,0,0,0,0,0,0
2018-11-01,FRUIT BARS,Apple Cin,0,12,12,0,7,5,0,0,0,0,0,0,0,0
2018-11-01,FRUIT BARS,MIXED FRUIT,0,8,8,-1,4,5,0,0,0,0,0,0,0,0
2018-11-01,MUFFINS,BLUE STRU,0,8,8,6,0,2,0,0,2,2,2,0,0,0
2018-11-01,MUFFINS,Pump Choc,0,8,8,6,0,2,0,0,2,2,2,0,0,0
2018-11-01,MUFFINS,Pump Crumb,0,8,8,1,0,7,0,0,2,2,2,0,0,0
2018-11-01,MUFFINS,Morning Gl,0,5,5,5,0,0,0,0,1,1,1,0,0,0
2018-11-01,MUFFINS,Cookies,0,0,0,0,0,0,0,0,0,0,0,0,0,0
2018-11-01,MUFFINS,Bars,0,0,0,0,0,0,0,0,0,0,0,0,0,0
2018-11-01,MUFFINS,Oatmeal CC,6,30,36,16,15,0,5,0,12,12,0,0,0,0
2018-11-01,MUFFINS,Monster,0,18,18,18,0,0,0,0,0,0,0,0,0,0
2018-11-01,MUFFINS,Triple Choc,7,30,37,17,15,0,5,0,12,12,0,0,0,0
2018-11-01,MUFFINS,SNICKEDOODLE,6,30,36,22,11,1,2,0,12,12,0,0,0,0
2018-11-01,MUFFINS,frosted,0,18,18,13,0,0,5,0,0,0,0,0,0,0
2018-11-01,MUFFINS,Kahuna,0,0,0,0,0,0,0,0,0,0,0,0,0,0
2018-11-01,MUFFINS,Brownies,8,10,18,7,7,0,4,0,0,0,0,0,0,0
2018-11-01,MUFFINS,Pump Bars,0,10,10,2,4,0,4,0,0,0,0,0,0,0
2018-11-01,MUFFINS,Pump OHHH,0,0,0,0,0,0,0,0,0,0,0,0,0,0
2018-11-01,MUFFINS,Bread Pudding,0,0,0,0,0,0,0,0,0,0,0,0,0,0
2018-11-01,MUFFINS,Totals,27,291,318,188,65,40,25,0,49,49,11,0,0,0
2018-11-02,BREAD,H,20,31,51,23,2,0,26,0,0,0,0,0,0,0
2018-11-02,BREAD,FR,30,11,41,29,2,0,10,0,0,0,0,0,0,0
2018-11-02,BREAD,GW,4,7,11,3,0,0,8,0,0,0,0,0,0,0
2018-11-02,BREAD,DK,0,26,26,14,0,0,12,0,0,0,0,0,0,0
2018-11-02,BREAD,H5,18,0,18,5,0,0,13,0,0,0,0,0,0,0
2018-11-02,BREAD,CSRWL,1,24,25,8,0,0,17,1,10,11,2,0,0,1
2018-11-02,BREAD,Pump SWRL,7,12,19,7,0,0,12,1,3,4,1,0,0,3
2018-11-02,BREAD,SO,2,0,2,2,0,0,0,3,0,3,3,0,0,0
2018-11-02,BREAD,CNE,0,14,14,12,0,0,2,0,4,4,0,0,0,4
2018-11-02,BREAD,CNR,0,10,10,8,0,0,2,0,0,0,0,0,0,0
2018-11-02,BREAD,CNW,0,6,6,2,4,0,0,0,0,0,0,0,0,0
2018-11-02,BREAD,CG,0,14,14,8,0,0,6,0,3,3,2,0,0,1
2018-11-02,BREAD,PESTO CG,0,6,6,3,0,0,3,0,0,0,0,0,0,0
2018-11-02,BREAD,VS,13,7,20,13,0,0,7,2,2,4,2,0,0,2
2018-11-02,BREAD,CrO,0,0,0,0,0,0,0,0,0,0,0,0,0,0
2018-11-02,BREAD,CH,1,0,1,1,0,0,0,1,0,1,1,0,0,0
2018-11-02,BREAD,SOURDOUGH,0,12,12,7,0,0,5,0,0,0,0,0,0,0
2018-11-02,BREAD,SOUR CC,0,4,4,0,0,0,4,0,0,0,0,0,0,0
2018-11-02,BREAD,SOUR CJ,0,4,4,0,0,0,4,0,0,0,0,0,0,0
2018-11-02,BREAD,SOUR RG,0,4,4,1,0,0,3,0,0,0,0,0,0,0
2018-11-02,BREAD,SOUR BORG,0,4,4,0,0,0,4,0,0,0,0,0,0,0
2018-11-02,BREAD,TURKEY,4,0,4,3,0,0,1,0,0,0,0,0,0,0
2018-11-02,BREAD,BUT-RLS,0,18,18,6,0,0,12,0,0,0,0,0,0,0
2018-11-02,BREAD,CRO-RLS,0,0,0,0,0,0,0,0,0,0,0,0,0,0
2018-11-02,BREAD,H-RLS,3,2,5,1,0,2,2,0,0,0,0,0,0,0
2018-11-02,BREAD,FR-RLS,3,0,3,1,0,2,0,0,0,0,0,0,0,0
2018-11-02,BREAD,VS-RLS,3,4,7,3,0,0,4,0,0,0,0,0,0,0
2018-11-02,BREAD,BLUE STRU,2,7,9,5,3,0,1,0,0,0,0,0,0,0
2018-11-02,BREAD,Pump CH,1,11,12,4,4,0,4,0,0,0,0,0,0,0
2018-11-02,BREAD,PUmp Cru,3,5,8,3,2,0,3,0,0,0,0,0,0,0
2018-11-02,BREAD,Morn Glory,3,1,4,0,0,3,1,0,0,0,0,0,0,0
2018-11-02,ROLLS,Cinnamon,0,36,36,36,0,0,0,0,0,0,0,0,0,0
2018-11-02,ROLLS,Take-N-Bake,0,0,0,0,0,0,0,0,0,0,0,0,0,0
2018-11-02,ROLLS,Mini C-Roll,0,24,24,-24,24,24,0,0,0,0,0,0,0,0
2018-11-02,SCONES,Blueberry,0,0,0,0,0,0,0,0,0,0,0,0,0,0
2018-11-02,SCONES,Rasp Cream,0,0,0,0,0,0,0,0,0,0,0,0,0,0
2018-11-02,SCONES,Cherry,0,16,16,14,0,2,0,0,2,2,2,0,0,0
2018-11-02,SCONES,Butt Almond,0,19,19,19,0,0,0,0,2,2,2,0,0,0
2018-11-02,SCONES,Turtle,0,0,0,0,0,0,0,0,0,0,0,0,0,0
2018-11-02,SCONES,Cin Chip,0,0,0,0,0,0,0,0,0,0,0,0,0,0
2018-11-02,SCONES,Pump Spice,0,12,12,11,0,1,0,0,2,2,2,0,0,0
2018-11-02,FRUIT BARS,Mixed Berry,0,8,8,4,4,0,0,0,0,0,0,0,0,0
2018-11-02,FRUIT BARS,Cherry,0,12,12,6,6,0,0,0,0,0,0,0,0,0
2018-11-02,FRUIT BARS,Apple Cin,0,12,12,5,7,0,0,0,0,0,0,0,0,0
2018-11-02,FRUIT BARS,MIXED FRUIT,0,8,8,3,4,1,0,0,0,0,0,0,0,0
2018-11-02,MUFFINS,BLUE STRU,0,8,8,8,0,0,0,0,2,2,2,0,0,0
2018-11-02,MUFFINS,Pump Choc,0,8,8,8,0,0,0,0,2,2,2,0,0,0
2018-11-02,MUFFINS,Pump Crumb,0,8,8,1,0,7,0,0,2,2,1,0,0,0
2018-11-02,MUFFINS,Morning Glory,0,6,6,1,0,5,0,0,1,1,1,0,0,0
2018-11-02,MUFFINS,Cookies,0,0,0,0,0,0,0,0,0,0,0,0,0,0
2018-11-02,MUFFINS,Bars,0,0,0,0,0,0,0,0,0,0,0,0,0,0
2018-11-02,MUFFINS,Oatmeal CC,5,24,29,22,5,0,2,0,28,28,0,0,0,0
2018-11-02,MUFFINS,Turtle,0,24,24,-1,4,0,21,0,26,26,0,0,0,0
2018-11-02,MUFFINS,Triple Choc,5,24,29,16,5,0,8,0,28,28,0,0,0,0
2018-11-02,MUFFINS,SNICKEDOODLE,2,24,26,16,5,0,5,0,28,28,0,0,0,0
2018-11-02,MUFFINS,Monster,0,45,45,45,0,0,0,0,0,0,0,0,0,0
2018-11-02,MUFFINS,frosted,5,12,17,9,0,0,8,0,0,0,0,0,0,0
2018-11-02,MUFFINS,Kahuna,0,0,0,0,0,0,0,0,0,0,0,0,0,0
2018-11-02,MUFFINS,Brownies,4,20,24,7,12,0,5,0,0,0,0,0,0,0
2018-11-02,MUFFINS,Pump Bars,4,20,24,11,12,0,1,0,0,0,0,0,0,0
2018-11-02,MUFFINS,Pump OHHH,0,0,0,-7,0,0,7,0,0,0,-2,0,0,2
2018-11-02,MUFFINS,Bread Pudding,0,0,0,-3,0,0,3,0,0,0,-2,0,0,2
2018-11-02,MUFFINS,Totals,25,370,395,207,88,40,60,0,123,123,8,0,0,4
2018-11-03,BREAD,H,26,0,26,24,0,2,0,0,0,0,0,0,0,0
2018-11-03,BREAD,FR,10,0,10,10,0,0,0,0,0,0,0,0,0,0
2018-11-03,BREAD,GW,8,7,15,4,0,11,0,0,0,0,0,0,0,0
2018-11-03,BREAD,DK,12,0,12,12,0,0,0,0,0,0,0,0,0,0
2018-11-03,BREAD,H5,13,0,13,6,0,7,0,0,0,0,0,0,0,0
2018-11-03,BREAD,CSRWL,17,4,21,14,5,2,0,1,3,4,2,0,0,0
2018-11-03,BREAD,Pump SWRL,12,4,16,8,0,8,0,3,0,3,1,0,0,0
2018-11-03,BREAD,SO,0,0,0,0,0,0,0,0,0,0,0,0,0,0
2018-11-03,BREAD,CNE,2,0,2,2,0,0,0,4,0,4,3,0,0,0
2018-11-03,BREAD,CNR,2,0,2,2,0,0,0,0,0,0,0,0,0,0
2018-11-03,BREAD,CNW,0,0,0,0,0,0,0,0,0,0,0,0,0,0
2018-11-03,BREAD,CG,6,0,6,5,0,1,0,1,0,1,0,0,0,0
2018-11-03,BREAD,PESTO CG,3,0,3,2,0,1,0,0,0,0,0,0,0,0
2018-11-03,BREAD,VS,7,0,7,5,0,2,0,2,0,2,0,0,0,0
2018-11-03,BREAD,CrO,0,0,0,0,0,0,0,0,0,0,0,0,0,0
2018-11-03,BREAD,CH,0,0,0,0,0,0,0,0,0,0,0,0,0,0
2018-11-03,BREAD,SOURDOUGH,5,0,5,4,0,1,0,0,0,0,0,0,0,0
2018-11-03,BREAD,SOUR CC,4,0,4,0,0,4,0,0,0,0,0,0,0,0
2018-11-03,BREAD,cj,4,0,4,1,0,3,0,0,0,0,0,0,0,0
2018-11-03,BREAD,Sour RG,3,0,3,2,0,1,0,0,0,0,0,0,0,0
2018-11-03,BREAD,BO,4,0,4,1,0,3,0,0,0,0,0,0,0,0
2018-11-03,BREAD,CB,0,10,10,10,0,0,0,0,4,4,4,0,0,0
2018-11-03,BREAD,STUF,0,34,34,34,0,0,0,0,0,0,0,0,0,0
2018-11-03,BREAD,TURKEY,1,0,1,0,0,1,0,0,0,0,0,0,0,0
2018-11-03,BREAD,BUT-RLS,12,0,12,7,0,5,0,0,0,0,0,0,0,0
2018-11-03,BREAD,CRO-RLS,0,0,0,0,0,0,0,0,0,0,0,0,0,0
2018-11-03,BREAD,H-RLS,2,0,2,2,0,0,0,0,0,0,0,0,0,0
2018-11-03,BREAD,FR-RLS,0,0,0,0,0,0,0,0,0,0,0,0,0,0
2018-11-03,BREAD,VS-RLS,4,0,4,3,0,1,0,0,0,0,0,0,0,0
2018-11-03,BREAD,BLUE STRU,1,3,4,0,0,4,0,0,0,0,0,0,0,0
2018-11-03,BREAD,Pump CH,4,2,6,5,0,1,0,0,0,0,0,0,0,0
2018-11-03,BREAD,PUmp Cru,3,6,9,4,5,0,0,0,0,0,0,0,0,0
2018-11-03,BREAD,MEX CHOC,1,8,9,2,5,2,0,0,0,0,0,0,0,0
2018-11-03,ROLLS,Cinnamon,0,60,60,54,0,6,0,0,0,0,0,0,0,0
2018-11-03,ROLLS,Take-N-Bake,0,0,0,0,0,0,0,0,0,0,0,0,0,0
2018-11-03,ROLLS,Mini C-Roll,0,96,96,0,96,0,0,0,0,0,0,0,0,0
2018-11-03,SCONES,Blueberry,0,23,23,22,0,1,0,0,20,20,2,0,0,0
2018-11-03,SCONES,Rasp Cream,0,0,0,0,0,0,0,0,0,0,0,0,0,0
2018-11-03,SCONES,Cherry,0,0,0,0,0,0,0,0,0,0,0,0,0,0
2018-11-03,SCONES,Butt Almond,0,19,19,19,0,0,0,0,20,20,1,0,0,0
2018-11-03,SCONES,Turtle,0,0,0,0,0,0,0,0,0,0,0,0,0,0
2018-11-03,SCONES,Cin Chip,0,0,0,0,0,0,0,0,0,0,0,0,0,0
2018-11-03,SCONES,Pump Spice,0,14,14,9,0,5,0,0,16,16,2,0,0,0
2018-11-03,FRUIT BARS,Mixed Berry,0,8,8,4,4,0,0,0,0,0,0,0,0,0
2018-11-03,FRUIT BARS,Cherry,0,12,12,6,6,0,0,0,0,0,0,0,0,0
2018-11-03,FRUIT BARS,Apple Cin,0,12,12,4,6,2,0,0,0,0,0,0,0,0
2018-11-03,FRUIT BARS,MIXED FRUIT,0,8,8,4,4,0,0,0,0,0,0,0,0,0
2018-11-03,MUFFINS,BLUE STRU,0,8,8,8,0,0,0,0,27,27,1,0,0,0
2018-11-03,MUFFINS,Pump Choc,0,10,10,10,0,0,0,0,27,27,2,0,0,0
2018-11-03,MUFFINS,Pump Crumb,0,6,6,4,0,2,0,0,2,2,1,0,0,0
2018-11-03,MUFFINS,Mex Choc,0,8,8,5,0,3,0,0,2,2,1,0,0,0
2018-11-03,MUFFINS,Cookies,0,0,0,0,0,0,0,0,0,0,0,0,0,0
2018-11-03,MUFFINS,Bars,0,0,0,0,0,0,0,0,0,0,0,0,0,0
2018-11-03,MUFFINS,Oatmeal CC,2,12,14,7,5,2,0,0,0,0,0,0,0,0
2018-11-03,MUFFINS,Turtle,21,0,21,6,4,11,0,0,0,0,0,0,0,0
2018-11-03,MUFFINS,Triple Choc,8,6,14,8,5,1,0,0,0,0,0,0,0,0
2018-11-03,MUFFINS,SNICKEDOODLE,5,12,17,7,4,6,0,0,0,0,0,0,0,0
2018-11-03,MUFFINS,frosted,8,0,8,5,0,3,0,0,0,0,0,0,0,0
2018-11-03,MUFFINS,Kahuna,0,0,0,0,0,0,0,0,0,0,0,0,0,0
2018-11-03,MUFFINS,Brownies,5,0,5,5,0,0,0,0,0,0,0,0,0,0
2018-11-03,MUFFINS,Pump Bars,1,0,1,-3,0,4,0,0,0,0,0,0,0,0
2018-11-03,MUFFINS,Pump OHHH,7,0,7,0,0,0,7,2,0,2,0,0,0,2
2018-11-03,MUFFINS,Bread Pudding,3,0,3,0,0,0,3,2,0,2,0,0,0,2
2018-11-03,MUFFINS,Totals,60,314,374,184,134,46,10,4,114,118,10,0,0,4
2018-11-04,BREAD,H,0,0,0,0,0,0,0,0,0,0,0,0,0,0
2018-11-04,BREAD,FR,0,0,0,0,0,0,0,0,0,0,0,0,0,0
2018-11-04,BREAD,GW,0,0,0,0,0,0,0,0,0,0,0,0,0,0
2018-11-04,BREAD,DK,0,0,0,0,0,0,0,0,0,0,0,0,0,0
2018-11-04,BREAD,H5,0,0,0,0,0,0,0,0,0,0,0,0,0,0
2018-11-04,BREAD,CSRWL,0,0,0,0,0,0,0,0,0,0,0,0,0,0
2018-11-04,BREAD,Pump SWRL,0,0,0,0,0,0,0,0,0,0,0,0,0,0
2018-11-04,BREAD,SO,0,0,0,0,0,0,0,0,0,0,0,0,0,0
2018-11-04,BREAD,CNE,0,0,0,0,0,0,0,0,0,0,0,0,0,0
2018-11-04,BREAD,CNR,0,0,0,0,0,0,0,0,0,0,0,0,0,0
2018-11-04,BREAD,CNW,0,0,0,0,0,0,0,0,0,0,0,0,0,0
2018-11-04,BREAD,CG,0,0,0,0,0,0,0,0,0,0,0,0,0,0
2018-11-04,BREAD,PESTO CG,0,0,0,0,0,0,0,0,0,0,0,0,0,0
2018-11-04,BREAD,VS,0,0,0,0,0,0,0,0,0,0,0,0,0,0
2018-11-04,BREAD,CH,0,0,0,0,0,0,0,0,0,0,0,0,0,0
2018-11-04,BREAD,SOURDOUGH,0,0,0,0,0,0,0,0,0,0,0,0,0,0
2018-11-04,BREAD,SOUR CC,0,0,0,0,0,0,0,0,0,0,0,0,0,0
2018-11-04,BREAD,SOUR CJ,0,0,0,0,0,0,0,0,0,0,0,0,0,0
2018-11-04,BREAD,SOUR RG,0,0,0,0,0,0,0,0,0,0,0,0,0,0
2018-11-04,BREAD,SOUR BORG,0,0,0,0,0,0,0,0,0,0,0,0,0,0
2018-11-04,BREAD,Car,0,0,0,0,0,0,0,0,0,0,0,0,0,0
2018-11-04,BREAD,IHF,0,0,0,0,0,0,0,0,0,0,0,0,0,0
2018-11-04,BREAD,GW BUNS,0,0,0,0,0,0,0,0,0,0,0,0,0,0
2018-11-04,BREAD,TURKEY,0,0,0,0,0,0,0,0,0,0,0,0,0,0
2018-11-04,BREAD,BUT-RLS,0,0,0,0,0,0,0,0,0,0,0,0,0,0
2018-11-04,BREAD,CRO-RLS,0,0,0,0,0,0,0,0,0,0,0,0,0,0
2018-11-04,BREAD,H-RLS,0,0,0,0,0,0,0,0,0,0,0,0,0,0
2018-11-04,BREAD,FR-RLS,0,0,0,0,0,0,0,0,0,0,0,0,0,0
2018-11-04,BREAD,VS-RLS,0,0,0,0,0,0,0,0,0,0,0,0,0,0
2018-11-04,BREAD,BLUE STRU,0,0,0,0,0,0,0,0,0,0,0,0,0,0
2018-11-04,BREAD,Pump CH,0,0,0,0,0,0,0,0,0,0,0,0,0,0
2018-11-04,BREAD,PUmp Cru,0,0,0,0,0,0,0,0,0,0,0,0,0,0
2018-11-04,BREAD,MEX CHOC,0,0,0,0,0,0,0,0,0,0,0,0,0,0
2018-11-04,ROLLS,Cinnamon,0,0,0,0,0,0,0,0,0,0,0,0,0,0
2018-11-04,ROLLS,Take-N-Bake,0,0,0,0,0,0,0,0,0,0,0,0,0,0
2018-11-04,ROLLS,Mini C-Roll,0,0,0,0,0,0,0,0,0,0,0,0,0,0
2018-11-04,SCONES,Blueberry,0,0,0,0,0,0,0,0,0,0,0,0,0,0
2018-11-04,SCONES,Rasp Cream,0,0,0,0,0,0,0,0,0,0,0,0,0,0
2018-11-04,SCONES,Cherry,0,0,0,0,0,0,0,0,0,0,0,0,0,0
2018-11-04,SCONES,Butt Almond,0,0,0,0,0,0,0,0,0,0,0,0,0,0
2018-11-04,SCONES,Turtle,0,0,0,0,0,0,0,0,0,0,0,0,0,0
2018-11-04,SCONES,Cin Chip,0,0,0,0,0,0,0,0,0,0,0,0,0,0
2018-11-04,SCONES,Pump Spice,0,0,0,0,0,0,0,0,0,0,0,0,0,0
2018-11-04,FRUIT BARS,Mixed Berry,0,0,0,0,0,0,0,0,0,0,0,0,0,0
2018-11-04,FRUIT BARS,Cherry,0,0,0,0,0,0,0,0,0,0,0,0,0,0
2018-11-04,FRUIT BARS,Apple Cin,0,0,0,0,0,0,0,0,0,0,0,0,0,0
2018-11-04,FRUIT BARS,MIXED FRUIT,0,0,0,0,0,0,0,0,0,0,0,0,0,0
2018-11-04,MUFFINS,BLUE STRU,0,0,0,0,0,0,0,0,0,0,0,0,0,0
2018-11-04,MUFFINS,Pump Choc,0,0,0,0,0,0,0,0,0,0,0,0,0,0
2018-11-04,MUFFINS,Pump Crumb,0,0,0,0,0,0,0,0,0,0,0,0,0,0
2018-11-04,MUFFINS,Mex Choc,0,0,0,0,0,0,0,0,0,0,0,0,0,0
2018-11-04,MUFFINS,Cookies,0,0,0,0,0,0,0,0,0,0,0,0,0,0
2018-11-04,MUFFINS,Bars,0,0,0,0,0,0,0,0,0,0,0,0,0,0
2018-11-04,MUFFINS,Oatmeal CC,0,0,0,0,0,0,0,0,0,0,0,0,0,0
2018-11-04,MUFFINS,Turtle,0,0,0,0,0,0,0,0,0,0,0,0,0,0
2018-11-04,MUFFINS,Triple Choc,0,0,0,0,0,0,0,0,0,0,0,0,0,0
2018-11-04,MUFFINS,SNICKEDOODLE,0,0,0,0,0,0,0,0,0,0,0,0,0,0
2018-11-04,MUFFINS,frosted,0,0,0,0,0,0,0,0,0,0,0,0,0,0
2018-11-04,MUFFINS,Kahuna,0,0,0,0,0,0,0,0,0,0,0,0,0,0
2018-11-04,MUFFINS,Brownies,0,0,0,0,0,0,0,0,0,0,0,0,0,0
2018-11-04,MUFFINS,Pump Bars,0,0,0,0,0,0,0,0,0,0,0,0,0,0
2018-11-04,MUFFINS,Pump OHHH,7,0,7,7,0,0,0,2,0,2,2,0,0,0
2018-11-04,MUFFINS,Bread Pudding,3,0,3,3,0,0,0,2,0,2,0,0,0,0
2018-11-04,MUFFINS,Totals,10,0,10,10,0,0,0,4,0,2,2,0,0,0
2018-11-05,BREAD,H,0,34,34,19,0,0,15,0,0,0,0,0,0,0
2018-11-05,BREAD,FR,0,50,50,39,0,0,11,0,0,0,0,0,0,0
2018-11-05,BREAD,GW,0,7,7,4,0,0,3,0,0,0,0,0,0,0
2018-11-05,BREAD,DK,0,29,29,14,0,0,15,0,0,0,0,0,0,0
2018-11-05,BREAD,H5,0,0,0,0,0,0,0,0,0,0,0,0,0,0
2018-11-05,BREAD,CSRWL,0,20,20,14,0,0,6,0,3,3,1,0,0,2
2018-11-05,BREAD,Pump SWRL,0,16,16,12,0,0,4,0,3,3,1,0,0,2
2018-11-05,BREAD,SO,0,0,0,0,0,0,0,0,0,0,0,0,0,0
2018-11-05,BREAD,CNE,0,15,15,6,0,0,9,0,3,3,0,0,0,3
2018-11-05,BREAD,CNR,0,4,4,0,0,0,4,0,0,0,0,0,0,0
2018-11-05,BREAD,CNW,0,4,4,3,0,0,1,0,0,0,0,0,0,0
2018-11-05,BREAD,CG,0,9,9,5,0,0,4,0,2,2,1,0,0,1
2018-11-05,BREAD,PESTO CG,0,3,3,1,0,0,2,0,0,0,0,0,0,0
2018-11-05,BREAD,VS,0,0,0,0,0,0,0,0,0,0,0,0,0,0
2018-11-05,BREAD,CrO,0,0,0,0,0,0,0,0,0,0,0,0,0,0
2018-11-05,BREAD,CH,0,0,0,0,0,0,0,0,0,0,0,0,0,0
2018-11-05,BREAD,SOURDOUGH,0,10,10,5,0,0,5,0,0,0,0,0,0,0
2018-11-05,BREAD,SOUR CC,0,3,3,0,0,0,3,0,0,0,0,0,0,0
2018-11-05,BREAD,cj,0,2,2,0,0,0,2,0,0,0,0,0,0,0
2018-11-05,BREAD,Sour RG,0,3,3,1,0,0,2,0,0,0,0,0,0,0
2018-11-05,BREAD,BO,0,3,3,1,0,0,2,0,0,0,0,0,0,0
2018-11-05,BREAD,CB,0,0,0,0,0,0,0,0,0,0,0,0,0,0
2018-11-05,BREAD,STUF,0,0,0,0,0,0,0,0,0,0,0,0,0,0
2018-11-05,BREAD,IHF,0,12,12,12,0,0,0,0,0,0,0,0,0,0
2018-11-05,BREAD,TURKEY,0,3,3,1,0,0,2,0,0,0,0,0,0,0
2018-11-05,BREAD,BUT-RLS,0,0,0,0,0,0,0,0,0,0,0,0,0,0
2018-11-05,BREAD,CRO-RLS,0,0,0,0,0,0,0,0,0,0,0,0,0,0
2018-11-05,BREAD,H-RLS,0,3,3,1,0,0,2,0,0,0,0,0,0,0
2018-11-05,BREAD,FR-RLS,0,2,2,1,0,0,1,0,0,0,0,0,0,0
2018-11-05,BREAD,VS-RLS,0,0,0,0,0,0,0,0,0,0,0,0,0,0
2018-11-05,BREAD,BLUE STRU,0,4,4,3,0,0,1,0,0,0,0,0,0,0
2018-11-05,BREAD,Pump CH,0,7,7,6,1,0,0,0,0,0,0,0,0,0
2018-11-05,BREAD,PUmp Cru,0,3,3,0,0,0,3,0,0,0,0,0,0,0
2018-11-05,BREAD,MEX CHOC,0,7,7,3,0,0,4,0,0,0,0,0,0,0
2018-11-05,ROLLS,Cinnamon,0,24,24,24,0,0,0,0,0,0,0,0,0,0
2018-11-05,ROLLS,Take-N-Bake,0,0,0,0,0,0,0,0,0,0,0,0,0,0
2018-11-05,ROLLS,Mini C-Roll,0,0,0,0,0,0,0,0,0,0,0,0,0,0
2018-11-05,SCONES,Blueberry,0,0,0,0,0,0,0,0,0,0,0,0,0,0
2018-11-05,SCONES,Rasp Cream,0,16,16,15,0,1,0,0,2,2,2,0,0,0
2018-11-05,SCONES,Cherry,0,0,0,0,0,0,0,0,0,0,0,0,0,0
2018-11-05,SCONES,Butt Almond,0,0,0,0,0,0,0,0,0,0,0,0,0,0
2018-11-05,SCONES,Turtle,0,0,0,0,0,0,0,0,0,0,0,0,0,0
2018-11-05,SCONES,Cin Chip,0,9,9,9,0,0,0,0,2,2,2,0,0,0
2018-11-05,SCONES,Pump Spice,0,10,10,8,0,2,0,0,2,2,2,0,0,0
2018-11-05,FRUIT BARS,Mixed Berry,0,8,8,0,2,6,0,0,0,0,0,0,0,0
2018-11-05,FRUIT BARS,Cherry,0,12,12,7,2,3,0,0,0,0,0,0,0,0
2018-11-05,FRUIT BARS,Apple Cin,0,0,0,0,0,0,0,0,0,0,0,0,0,0
2018-11-05,FRUIT BARS,MIXED FRUIT,0,0,0,0,0,0,0,0,0,0,0,0,0,0
2018-11-05,MUFFINS,BLUE STRU,0,5,5,4,0,1,0,0,1,1,1,0,0,0
2018-11-05,MUFFINS,Pump Choc,0,7,7,5,0,2,0,0,1,1,0,0,0,0
2018-11-05,MUFFINS,Pump Crumb,0,5,5,4,0,1,0,0,1,1,0,0,0,0
2018-11-05,MUFFINS,Mex Choc,0,7,7,5,0,2,0,0,1,1,1,0,0,0
2018-11-05,MUFFINS,Cookies,0,0,0,0,0,0,0,0,0,0,0,0,0,0
2018-11-05,MUFFINS,Bars,0,0,0,0,0,0,0,0,0,0,0,0,0,0
2018-11-05,MUFFINS,Oatmeal CC,0,24,24,9,6,0,9,0,6,6,0,0,0,0
2018-11-05,MUFFINS,Turtle,0,18,18,6,0,0,12,0,0,0,0,0,0,0
2018-11-05,MUFFINS,Triple Choc,0,24,24,15,6,0,3,0,6,6,0,0,0,0
2018-11-05,MUFFINS,SNICKEDOODLE,0,24,24,7,5,0,12,0,4,4,0,0,0,0
2018-11-05,MUFFINS,frosted,0,12,12,2,0,0,10,0,0,0,0,0,0,0
2018-11-05,MUFFINS,Kahuna,0,0,0,0,0,0,0,0,0,0,0,0,0,0
2018-11-05,MUFFINS,Brownies,0,0,0,0,0,0,0,0,0,0,0,0,0,0
2018-11-05,MUFFINS,Pump Bars,0,20,20,9,5,0,6,0,0,0,0,0,0,0
2018-11-05,MUFFINS,Pump OHHH,0,0,0,0,0,0,0,2,0,2,2,0,0,0
2018-11-05,MUFFINS,Bread Pudding,0,0,0,0,0,0,0,2,0,2,2,0,0,0
2018-11-05,MUFFINS,Totals,0,225,225,129,26,18,52,4,26,30,12,0,0,0
2018-11-06,BREAD,H,15,0,15,5,10,0,0,0,0,0,0,0,0,0
2018-11-06,BREAD,FR,11,11,22,16,0,0,6,0,0,0,0,0,0,0
2018-11-06,BREAD,GW,3,6,9,6,0,0,3,0,0,0,0,0,0,0
2018-11-06,BREAD,DK,15,0,15,11,0,0,4,0,0,0,0,0,0,0
2018-11-06,BREAD,H5,0,17,17,8,0,0,9,0,0,0,0,0,0,0
2018-11-06,BREAD,CSRWL,6,12,18,7,0,1,10,2,2,4,2,0,0,2
2018-11-06,BREAD,Pump SWRL,4,12,16,5,0,1,10,2,2,4,2,0,0,2
2018-11-06,BREAD,SO,0,10,10,4,0,0,6,0,3,3,0,0,0,3
2018-11-06,BREAD,CNE,9,0,9,4,0,5,0,3,0,3,1,0,0,0
2018-11-06,BREAD,CNR,4,0,4,1,0,3,0,0,0,0,0,0,0,0
2018-11-06,BREAD,CNW,1,0,1,1,0,0,0,0,0,0,0,0,0,0
2018-11-06,BREAD,CG,4,0,4,1,0,3,0,1,0,1,0,0,0,0
2018-11-06,BREAD,PESTO CG,2,0,2,1,0,1,0,0,0,0,0,0,0,0
2018-11-06,BREAD,VS,0,13,13,7,0,0,6,0,3,3,0,0,0,3
2018-11-06,BREAD,CrO,0,13,13,9,0,0,4,0,3,3,1,0,0,2
2018-11-06,BREAD,CH,0,5,5,2,0,0,3,0,3,3,1,0,0,2
2018-11-06,BREAD,SOURDOUGH,5,0,5,3,0,2,0,0,0,0,0,0,0,0
2018-11-06,BREAD,SOUR CC,3,0,3,1,0,2,0,0,0,0,0,0,0,0
2018-11-06,BREAD,cj,2,0,2,0,0,2,0,0,0,0,0,0,0,0
2018-11-06,BREAD,Sour RG,2,0,2,0,0,2,0,0,0,0,0,0,0,0
2018-11-06,BREAD,BO,2,0,2,0,0,2,0,0,0,0,0,0,0,0
2018-11-06,BREAD,CB,0,0,0,0,0,0,0,0,0,0,0,0,0,0
2018-11-06,BREAD,STUF,0,0,0,0,0,0,0,0,0,0,0,0,0,0
2018-11-06,BREAD,Gf,0,65,65,65,0,0,0,0,0,0,0,0,0,0
2018-11-06,BREAD,TURKEY,2,3,5,3,0,0,2,0,0,0,0,0,0,0
2018-11-06,BREAD,BUT-RLS,0,0,0,0,0,0,0,0,0,0,0,0,0,0
2018-11-06,BREAD,CRO-RLS,0,0,0,0,0,0,0,0,0,0,0,0,0,0
2018-11-06,BREAD,H-RLS,2,3,5,5,0,0,0,0,0,0,0,0,0,0
2018-11-06,BREAD,FR-RLS,1,3,4,0,0,1,3,0,0,0,0,0,0,0
2018-11-06,BREAD,VS-RLS,0,3,3,0,0,0,3,0,0,0,0,0,0,0
2018-11-06,BREAD,BLUE STRU,1,4,5,1,0,0,4,0,0,0,0,0,0,0
2018-11-06,BREAD,Pump CH,0,7,7,4,0,0,3,0,0,0,0,0,0,0
2018-11-06,BREAD,PUmp Cru,3,1,4,3,0,0,1,0,0,0,0,0,0,0
2018-11-06,BREAD,MEX CHOC,4,3,7,0,0,4,3,0,0,0,0,0,0,0
2018-11-06,ROLLS,Cinnamon,0,24,24,21,0,3,0,0,0,0,0,0,0,0
2018-11-06,ROLLS,Take-N-Bake,0,0,0,0,0,0,0,0,0,0,0,0,0,0
2018-11-06,ROLLS,Mini C-Roll,0,0,0,0,0,0,0,0,0,0,0,0,0,0
2018-11-06,SCONES,Blueberry,0,10,10,10,0,0,0,0,2,2,0,0,0,0
2018-11-06,SCONES,Rasp Cream,0,0,0,0,0,0,0,0,0,0,0,0,0,0
2018-11-06,SCONES,Cherry,0,0,0,0,0,0,0,0,0,0,0,0,0,0
2018-11-06,SCONES,Butt Almond,0,0,0,0,0,0,0,0,0,0,0,0,0,0
2018-11-06,SCONES,Turtle,0,0,0,0,0,0,0,0,0,0,0,0,0,0
2018-11-06,SCONES,Cin Chip,0,10,10,5,0,5,0,0,2,2,0,0,0,0
2018-11-06,SCONES,Pump Spice,0,8,8,8,0,0,0,0,2,2,0,0,0,0
2018-11-06,FRUIT BARS,Mixed Berry,0,0,0,0,0,0,0,0,0,0,0,0,0,0
2018-11-06,FRUIT BARS,Cherry,0,0,0,0,0,0,0,0,0,0,0,0,0,0
2018-11-06,FRUIT BARS,Apple Cin,0,12,12,5,0,7,0,0,0,0,0,0,0,0
2018-11-06,FRUIT BARS,MIXED FRUIT,0,8,8,4,0,4,0,0,0,0,0,0,0,0
2018-11-06,MUFFINS,BLUE STRU,0,6,6,2,0,4,0,0,2,2,2,0,0,0
2018-11-06,MUFFINS,Pump Choc,0,8,8,8,0,0,0,0,2,2,2,0,0,0
2018-11-06,MUFFINS,Pump Crumb,0,6,6,4,0,2,0,0,2,2,1,0,0,0
2018-11-06,MUFFINS,Mex Choc,0,8,8,2,0,6,0,0,2,2,2,0,0,0
2018-11-06,MUFFINS,Cookies,0,0,0,0,0,0,0,0,0,0,0,0,0,0
2018-11-06,MUFFINS,Bars,0,0,0,0,0,0,0,0,0,0,0,0,0,0
2018-11-06,MUFFINS,Oatmeal CC,9,27,36,16,9,0,11,0,0,0,0,0,0,0
2018-11-06,MUFFINS,Turtle,12,12,24,14,4,6,0,0,0,0,0,0,0,0
2018-11-06,MUFFINS,Triple Choc,3,24,27,7,9,1,10,0,0,0,0,0,0,0
2018-11-06,MUFFINS,SNICKEDOODLE,12,18,30,8,9,1,12,0,0,0,0,0,0,0
2018-11-06,MUFFINS,frosted,10,6,16,12,0,4,0,0,0,0,0,0,0,0
2018-11-06,MUFFINS,Kahuna,0,0,0,0,0,0,0,0,0,0,0,0,0,0
2018-11-06,MUFFINS,Brownies,0,20,20,3,0,0,17,0,0,0,0,0,0,0
2018-11-06,MUFFINS,Pump Bars,6,0,6,6,0,0,0,0,0,0,0,0,0,0
2018-11-06,MUFFINS,Pump OHHH,0,0,0,-5,0,0,5,0,0,0,-1,0,0,1
2018-11-06,MUFFINS,Bread Pudding,0,0,0,0,0,0,0,0,0,0,0,0,0,0
2018-11-06,MUFFINS,Totals,52,207,259,130,31,43,55,0,14,14,6,0,0,1
2018-11-07,BREAD,H,0,43,43,31,2,0,10,0,0,0,0,0,0,0
2018-11-07,BREAD,FR,6,23,29,9,0,0,20,0,0,0,0,0,0,0
2018-11-07,BREAD,GW,3,11,14,1,0,0,13,0,0,0,0,0,0,0
2018-11-07,BREAD,DK,4,20,24,15,0,0,9,0,0,0,0,0,0,0
2018-11-07,BREAD,H5,9,0,9,4,0,0,5,0,0,0,0,0,0,0
2018-11-07,BREAD,CSRWL,10,8,18,13,0,3,2,2,2,4,1,0,0,2
2018-11-07,BREAD,Pump SWRL,10,4,14,9,0,3,2,2,0,2,0,0,0,0
2018-11-07,BREAD,SO,6,0,6,3,0,3,0,3,0,3,0,0,0,0
2018-11-07,BREAD,CNE,0,13,13,10,3,0,0,0,3,3,2,0,0,1
2018-11-07,BREAD,CNR,0,4,4,3,0,0,1,0,0,0,0,0,0,0
2018-11-07,BREAD,CNW,0,4,4,2,0,0,2,0,0,0,0,0,0,0
2018-11-07,BREAD,CG,0,13,13,2,0,0,11,0,3,3,1,0,0,2
2018-11-07,BREAD,PESTO CG,0,6,6,2,0,0,4,0,0,0,0,0,0,0
2018-11-07,BREAD,VS,6,0,6,2,0,4,0,3,0,3,3,0,0,0
2018-11-07,BREAD,CrO,4,0,4,1,0,3,0,2,0,2,1,0,0,0
2018-11-07,BREAD,CH,3,0,3,1,0,2,0,2,0,2,2,0,0,0
2018-11-07,BREAD,SOURDOUGH,0,7,7,3,1,0,3,0,0,0,0,0,0,0
2018-11-07,BREAD,SOUR CC,0,2,2,2,0,0,0,0,0,0,0,0,0,0
2018-11-07,BREAD,cj,0,2,2,0,0,0,2,0,0,0,0,0,0,0
2018-11-07,BREAD,Sour RG,0,2,2,2,0,0,0,0,0,0,0,0,0,0
2018-11-07,BREAD,BO,0,3,3,1,0,0,2,0,0,0,0,0,0,0
2018-11-07,BREAD,CB,0,0,0,0,0,0,0,0,0,0,0,0,0,0
2018-11-07,BREAD,STUF,0,0,0,0,0,0,0,0,0,0,0,0,0,0
2018-11-07,BREAD,TURKEY,2,0,2,-3,0,0,5,0,0,0,0,0,0,0
2018-11-07,BREAD,BUT-RLS,0,0,0,0,0,0,0,0,0,0,0,0,0,0
2018-11-07,BREAD,CRO-RLS,0,0,0,0,0,0,0,0,0,0,0,0,0,0
2018-11-07,BREAD,H-RLS,0,3,3,2,1,0,0,0,0,0,0,0,0,0
2018-11-07,BREAD,FR-RLS,3,2,5,0,1,3,1,0,0,0,0,0,0,0
2018-11-07,BREAD,VS-RLS,3,0,3,2,0,1,0,0,0,0,0,0,0,0
2018-11-07,BREAD,BLUE STRU,4,1,5,2,0,2,1,0,0,0,0,0,0,0
2018-11-07,BREAD,Pump CH,3,4,7,-1,0,4,4,0,0,0,0,0,0,0
2018-11-07,BREAD,PUmp Cru,1,4,5,0,0,1,4,0,0,0,0,0,0,0
2018-11-07,BREAD,MEX CHOC,3,3,6,1,0,2,3,0,0,0,0,0,0,0
2018-11-07,ROLLS,Cinnamon,0,24,24,16,0,8,0,0,0,0,0,0,0,0
2018-11-07,ROLLS,Take-N-Bake,0,0,0,0,0,0,0,0,0,0,0,0,0,0
2018-11-07,ROLLS,Mini C-Roll,0,24,24,0,24,0,0,0,0,0,0,0,0,0
2018-11-07,SCONES,Blueberry,0,0,0,0,0,0,0,0,0,0,0,0,0,0
2018-11-07,SCONES,Rasp Cream,0,19,19,13,4,2,0,0,3,3,3,0,0,0
2018-11-07,SCONES,Cherry,0,0,0,0,0,0,0,0,0,0,0,0,0,0
2018-11-07,SCONES,Butt Almond,0,0,0,0,0,0,0,0,0,0,0,0,0,0
2018-11-07,SCONES,Turtle,0,14,14,14,0,0,0,0,2,2,2,0,0,0
2018-11-07,SCONES,Cin Chip,0,0,0,0,0,0,0,0,0,0,0,0,0,0
2018-11-07,SCONES,Pump Spice,0,14,14,9,0,5,0,0,3,3,3,0,0,0
2018-11-07,FRUIT BARS,Mixed Berry,0,8,8,2,0,6,0,0,0,0,0,0,0,0
2018-11-07,FRUIT BARS,Cherry,0,12,12,5,0,7,0,0,0,0,0,0,0,0
2018-11-07,FRUIT BARS,Apple Cin,0,0,0,0,0,0,0,0,0,0,0,0,0,0
2018-11-07,FRUIT BARS,MIXED FRUIT,0,0,0,0,0,0,0,0,0,0,0,0,0,0
2018-11-07,MUFFINS,BLUE STRU,0,6,6,5,0,1,0,0,2,2,1,0,0,0
2018-11-07,MUFFINS,Pump Choc,0,10,10,3,0,7,0,0,2,2,2,0,0,0
2018-11-07,MUFFINS,Pump Crumb,0,6,6,0,0,6,0,0,2,2,0,0,0,0
2018-11-07,MUFFINS,Mex Choc,0,8,8,5,0,3,0,0,2,2,1,0,0,0
2018-11-07,MUFFINS,Cookies,0,0,0,0,0,0,0,0,0,0,0,0,0,0
2018-11-07,MUFFINS,Bars,0,0,0,0,0,0,0,0,0,0,0,0,0,0
2018-11-07,MUFFINS,Oatmeal CC,11,12,23,4,0,8,11,0,4,4,0,0,0,0
2018-11-07,MUFFINS,Turtle,0,12,12,11,0,0,1,0,0,0,0,0,0,0
2018-11-07,MUFFINS,Triple Choc,10,12,22,8,0,6,8,0,4,4,0,0,0,0
2018-11-07,MUFFINS,SNICKEDOODLE,12,6,18,17,0,0,1,0,4,4,0,0,0,0
2018-11-07,MUFFINS,frosted,0,18,18,18,0,0,0,0,0,0,0,0,0,0
2018-11-07,MUFFINS,Kahuna,0,0,0,-4,0,0,4,0,0,0,0,0,0,0
2018-11-07,MUFFINS,Brownies,17,0,17,9,0,8,0,0,0,0,0,0,0,0
2018-11-07,MUFFINS,Pump Bars,0,10,10,5,0,5,0,0,0,0,0,0,0,0
2018-11-07,MUFFINS,Pump OHHH,5,0,5,0,0,0,5,1,0,1,1,0,0,0
2018-11-07,MUFFINS,Bread Pudding,0,0,0,0,0,0,0,0,0,0,0,0,0,0
2018-11-07,MUFFINS,Totals,55,215,270,140,28,72,30,1,28,29,13,0,0,0
2018-11-08,BREAD,H,10,36,46,21,0,0,25,0,0,0,0,0,0,0
2018-11-08,BREAD,FR,20,35,55,41,0,0,14,0,0,0,0,0,0,0
2018-11-08,BREAD,GW,13,0,13,2,0,9,2,0,0,0,0,0,0,0
2018-11-08,BREAD,DK,9,0,9,9,0,0,0,0,0,0,0,0,0,0
2018-11-08,BREAD,H5,5,18,23,12,0,0,11,0,0,0,0,0,0,0
2018-11-08,BREAD,CSRWL,2,20,22,13,5,0,4,2,2,4,3,0,0,1
2018-11-08,BREAD,Pump SWRL,2,9,11,9,0,0,2,0,0,0,0,0,0,0
2018-11-08,BREAD,SO,0,0,0,0,0,0,0,0,0,0,0,0,0,0
2018-11-08,BREAD,CNE,0,0,0,0,0,0,0,1,0,1,1,0,0,0
2018-11-08,BREAD,CNR,1,0,1,1,0,0,0,0,0,0,0,0,0,0
2018-11-08,BREAD,CNW,2,0,2,2,0,0,0,0,0,0,0,0,0,0
2018-11-08,BREAD,CG,11,0,11,6,0,5,0,2,0,2,1,0,0,0
2018-11-08,BREAD,PESTO CG,4,0,4,2,0,2,0,0,0,0,0,0,0,0
2018-11-08,BREAD,VS,0,12,12,3,0,0,9,0,3,3,2,0,0,1
2018-11-08,BREAD,CrO,0,16,16,4,0,0,12,0,4,4,0,0,0,4
2018-11-08,BREAD,CH,0,6,6,3,0,0,3,0,2,2,1,0,0,1
2018-11-08,BREAD,SOURDOUGH,3,0,3,3,0,0,0,0,0,0,0,0,0,0
2018-11-08,BREAD,SOUR CC,0,0,0,0,0,0,0,0,0,0,0,0,0,0
2018-11-08,BREAD,cj,2,0,2,2,0,0,0,0,0,0,0,0,0,0
2018-11-08,BREAD,Sour RG,0,0,0,-1,0,1,0,0,0,0,0,0,0,0
2018-11-08,BREAD,BO,2,0,2,2,0,0,0,0,0,0,0,0,0,0
2018-11-08,BREAD,CB,0,11,11,11,0,0,0,0,6,6,5,0,0,1
2018-11-08,BREAD,STUF,0,0,0,-8,0,0,8,0,0,0,0,0,0,0
2018-11-08,BREAD,TURKEY,5,0,5,2,0,1,2,0,0,0,0,0,0,0
2018-11-08,BREAD,BUT-RLS,0,0,0,0,0,0,0,0,0,0,0,0,0,0
2018-11-08,BREAD,CRO-RLS,0,0,0,0,0,0,0,0,0,0,0,0,0,0
2018-11-08,BREAD,H-RLS,0,4,4,4,0,0,0,0,0,0,0,0,0,0
2018-11-08,BREAD,FR-RLS,1,4,5,-13,18,0,0,0,0,0,0,0,0,0
2018-11-08,BREAD,VS-RLS,0,4,4,4,0,0,0,0,0,0,0,0,0,0
2018-11-08,BREAD,BLUE STRU,1,12,13,3,8,1,1,0,0,0,0,0,0,0
2018-11-08,BREAD,Pump CH,4,2,6,2,0,2,2,0,0,0,0,0,0,0
2018-11-08,BREAD,PUmp Cru,4,2,6,1,0,3,2,0,0,0,0,0,0,0
2018-11-08,BREAD,MEX CHOC,3,3,6,2,0,3,1,0,0,0,0,0,0,0
2018-11-08,ROLLS,Cinnamon,0,192,192,32,160,0,0,0,0,0,0,0,0,0
2018-11-08,ROLLS,Take-N-Bake,0,0,0,0,0,0,0,0,0,0,0,0,0,0
2018-11-08,ROLLS,Mini C-Roll,0,0,0,0,0,0,0,0,0,0,0,0,0,0
2018-11-08,SCONES,Blueberry,0,31,31,26,0,5,0,0,18,18,2,0,0,0
2018-11-08,SCONES,Rasp Cream,0,0,0,0,0,0,0,0,0,0,0,0,0,0
2018-11-08,SCONES,Cherry,0,0,0,0,0,0,0,0,0,0,0,0,0,0
2018-11-08,SCONES,Butt Almond,0,0,0,0,0,0,0,0,0,0,0,0,0,0
2018-11-08,SCONES,Turtle,0,15,15,15,0,0,0,0,18,18,2,0,0,0
2018-11-08,SCONES,Cin Chip,0,0,0,0,0,0,0,0,0,0,0,0,0,0
2018-11-08,SCONES,Pump Spice,0,14,14,10,0,4,0,0,16,16,2,0,0,0
2018-11-08,FRUIT BARS,Mixed Berry,0,8,8,2,4,2,0,0,0,0,0,0,0,0
2018-11-08,FRUIT BARS,Cherry,0,12,12,5,5,2,0,0,0,0,0,0,0,0
2018-11-08,FRUIT BARS,Apple Cin,0,12,12,4,6,2,0,0,0,0,0,0,0,0
2018-11-08,FRUIT BARS,MIXED FRUIT,0,8,8,3,4,1,0,0,0,0,0,0,0,0
2018-11-08,FRUIT BARS,Morning Glory,0,8,8,4,0,4,0,0,42,42,2,0,0,0
2018-11-08,FRUIT BARS,BLUE STRU,0,8,8,3,0,5,0,0,22,22,2,0,0,0
2018-11-08,FRUIT BARS,Pump Choc,0,8,8,5,0,3,0,0,2,2,2,0,0,0
2018-11-08,FRUIT BARS,Pump Crumb,0,6,6,4,0,2,0,0,41,41,1,0,0,0
2018-11-08,FRUIT BARS,Mex Choc,0,7,7,1,0,6,0,0,1,1,1,0,0,0
2018-11-08,FRUIT BARS,Cookies,0,0,0,0,0,0,0,0,0,0,0,0,0,0
2018-11-08,FRUIT BARS,Bars,0,0,0,0,0,0,0,0,0,0,0,0,0,0
2018-11-08,FRUIT BARS,Oatmeal CC,11,36,47,7,24,0,16,0,4,4,0,0,0,0
2018-11-08,FRUIT BARS,Turtle,1,24,25,8,0,0,17,0,0,0,0,0,0,0
2018-11-08,FRUIT BARS,Triple Choc,8,36,44,7,24,0,13,0,4,4,0,0,0,0
2018-11-08,FRUIT BARS,SNICKEDOODLE,1,48,49,-5,24,0,30,0,4,4,0,0,0,0
2018-11-08,FRUIT BARS,frosted,0,18,18,1,0,0,17,0,0,0,0,0,0,0
2018-11-08,FRUIT BARS,Kahuna,4,0,4,4,0,0,0,0,0,0,0,0,0,0
2018-11-08,FRUIT BARS,Brownies,0,0,0,0,0,0,0,0,0,0,0,0,0,0
2018-11-08,FRUIT BARS,Pump Bars,0,20,20,18,0,0,2,0,0,0,0,0,0,0
2018-11-08,FRUIT BARS,Pump OHHH,5,0,5,1,0,0,4,0,0,0,0,0,0,0
2018-11-08,FRUIT BARS,Bread Pudding,0,0,0,0,0,0,0,0,0,0,0,0,0,0
2018-11-08,FRUIT BARS,Totals,30,511,541,155,251,36,99,0,172,172,14,0,0,0
2018-11-09,BREAD,H,25,49,74,28,16,0,30,0,0,0,0,0,0,0
2018-11-09,BREAD,FR,14,29,43,20,0,0,23,0,0,0,0,0,0,0
2018-11-09,BREAD,GW,2,13,15,3,0,0,12,0,0,0,0,0,0,0
2018-11-09,BREAD,DK,0,20,20,11,0,0,9,0,0,0,0,0,0,0
2018-11-09,BREAD,H5,11,0,11,2,0,0,9,0,0,0,0,0,0,0
2018-11-09,BREAD,CSRWL,4,20,24,14,1,0,9,1,7,8,3,0,0,0
2018-11-09,BREAD,Pump SWRL,2,16,18,4,0,0,14,0,3,3,0,0,0,3
2018-11-09,BREAD,SO,0,0,0,0,0,0,0,0,0,0,0,0,0,0
2018-11-09,BREAD,CNE,0,16,16,7,0,0,9,0,6,6,1,0,0,3
2018-11-09,BREAD,CNR,0,6,6,3,0,0,3,0,0,0,0,0,0,0
2018-11-09,BREAD,CNW,0,6,6,6,0,0,0,0,0,0,0,0,0,0
2018-11-09,BREAD,CG,0,12,12,4,0,0,8,0,4,4,4,0,0,0
2018-11-09,BREAD,PESTO CG,0,6,6,0,0,0,6,0,0,0,0,0,0,0
2018-11-09,BREAD,VS,9,0,9,4,0,5,0,1,0,1,1,0,0,0
2018-11-09,BREAD,CrO,12,0,12,6,0,6,0,4,0,4,3,0,0,0
2018-11-09,BREAD,CH,3,0,3,1,0,2,0,1,0,1,0,0,0,0
2018-11-09,BREAD,SOURDOUGH,0,9,9,2,0,0,7,0,0,0,0,0,0,0
2018-11-09,BREAD,SOUR CC,0,3,3,0,0,0,3,0,0,0,0,0,0,0
2018-11-09,BREAD,cj,0,3,3,1,0,0,2,0,0,0,0,0,0,0
2018-11-09,BREAD,Sour RG,0,3,3,1,0,0,2,0,0,0,0,0,0,0
2018-11-09,BREAD,BO,0,3,3,2,0,0,1,0,0,0,0,0,0,0
2018-11-09,BREAD,CB,0,0,0,0,0,0,0,1,0,1,1,0,0,0
2018-11-09,BREAD,STUF,8,33,41,34,0,0,7,0,0,0,0,0,0,0
2018-11-09,BREAD,TURKEY,2,6,8,2,0,0,6,0,0,0,0,0,0,0
2018-11-09,BREAD,BUT-RLS,0,27,27,10,0,0,17,0,0,0,0,0,0,0
2018-11-09,BREAD,CRO-RLS,0,0,0,0,0,0,0,0,0,0,0,0,0,0
2018-11-09,BREAD,H-RLS,0,6,6,2,0,0,4,0,0,0,0,0,0,0
2018-11-09,BREAD,FR-RLS,0,0,0,0,0,0,0,0,0,0,0,0,0,0
2018-11-09,BREAD,VS-RLS,0,0,0,0,0,0,0,0,0,0,0,0,0,0
2018-11-09,BREAD,BLUE STRU,1,5,6,1,0,0,5,0,0,0,0,0,0,0
2018-11-09,BREAD,Pump CH,2,7,9,2,1,0,6,0,0,0,0,0,0,0
2018-11-09,BREAD,PUmp Cru,2,4,6,2,0,1,3,0,0,0,0,0,0,0
2018-11-09,BREAD,MEX CHOC,1,5,6,-1,0,2,5,0,0,0,0,0,0,0
2018-11-09,ROLLS,Cinnamon,0,36,36,24,12,0,0,0,0,0,0,0,0,0
2018-11-09,ROLLS,Take-N-Bake,0,0,0,0,0,0,0,0,0,0,0,0,0,0
2018-11-09,ROLLS,Mini C-Roll,0,48,48,0,48,0,0,0,0,0,0,0,0,0
2018-11-09,SCONES,Blueberry,0,0,0,0,0,0,0,0,0,0,0,0,0,0
2018-11-09,SCONES,Rasp Cream,0,0,0,0,0,0,0,0,0,0,0,0,0,0
2018-11-09,SCONES,Cherry,0,18,18,18,0,0,0,0,6,6,1,0,0,0
2018-11-09,SCONES,Butt Almond,0,18,18,16,0,2,0,0,5,5,2,0,0,0
2018-11-09,SCONES,Turtle,0,0,0,0,0,0,0,0,0,0,0,0,0,0
2018-11-09,SCONES,Cin Chip,0,0,0,0,0,0,0,0,0,0,0,0,0,0
2018-11-09,SCONES,Pump Spice,0,12,12,8,0,4,0,0,4,4,-1,0,0,0
2018-11-09,FRUIT BARS,Mixed Berry,0,8,8,4,1,3,0,0,0,0,0,0,0,0
2018-11-09,FRUIT BARS,Cherry,0,12,12,3,2,7,0,0,0,0,0,0,0,0
2018-11-09,FRUIT BARS,Apple Cin,0,0,0,0,0,0,0,0,0,0,0,0,0,0
2018-11-09,FRUIT BARS,MIXED FRUIT,0,0,0,0,0,0,0,0,0,0,0,0,0,0
2018-11-09,MUFFINS,BLUE STRU,0,8,8,7,0,1,0,0,4,4,2,0,0,0
2018-11-09,MUFFINS,Pump Choc,0,8,8,2,0,6,0,0,2,2,1,0,0,0
2018-11-09,MUFFINS,Pump Crumb,0,8,8,2,0,6,0,0,4,4,2,0,0,0
2018-11-09,MUFFINS,Mexican Choc,0,6,6,6,0,0,0,0,4,4,0,0,0,0
2018-11-09,MUFFINS,Cookies,0,0,0,0,0,0,0,0,0,0,0,0,0,0
2018-11-09,MUFFINS,Bars,0,0,0,0,0,0,0,0,0,0,0,0,0,0
2018-11-09,MUFFINS,Oatmeal CC,16,24,40,14,15,9,2,0,4,4,0,0,0,0
2018-11-09,MUFFINS,Turtle,17,6,23,12,0,2,9,0,0,0,0,0,0,0
2018-11-09,MUFFINS,Triple Choc,13,12,25,11,3,0,11,0,4,4,0,0,0,0
2018-11-09,MUFFINS,SNICKEDOODLE,30,0,30,3,2,7,18,0,4,4,0,0,0,0
2018-11-09,MUFFINS,frosted,17,0,17,7,0,10,0,0,0,0,0,0,0,0
2018-11-09,MUFFINS,Kahuna,0,0,0,0,0,0,0,0,0,0,0,0,0,0
2018-11-09,MUFFINS,Brownies,0,0,0,-4,0,4,0,0,0,0,0,0,0,0
2018-11-09,MUFFINS,Pump Bars,2,10,12,11,0,0,1,0,0,0,0,0,0,0
2018-11-09,MUFFINS,Pump OHHH,4,0,4,2,0,0,2,0,0,0,0,0,0,0
2018-11-09,MUFFINS,Bread Pudding,0,0,0,0,0,0,0,0,0,0,0,0,0,0
2018-11-09,MUFFINS,Totals,99,234,333,146,83,61,43,0,41,41,7,0,0,0
2018-11-10,BREAD,H,30,0,30,27,0,3,0,0,0,0,0,0,0,0
2018-11-10,BREAD,FR,23,0,23,17,0,6,0,0,0,0,0,0,0,0
2018-11-10,BREAD,GW,12,3,15,5,0,10,0,0,0,0,0,0,0,0
2018-11-10,BREAD,DK,9,0,9,9,0,0,0,0,0,0,0,0,0,0
2018-11-10,BREAD,H5,9,0,9,2,0,7,0,0,0,0,0,0,0,0
2018-11-10,BREAD,CSRWL,9,8,17,17,0,0,0,0,3,3,3,0,0,0
2018-11-10,BREAD,Pump SWRL,14,4,18,7,0,11,0,3,0,3,2,0,0,0
2018-11-10,BREAD,SO,0,9,9,3,0,6,0,0,3,3,2,0,0,0
2018-11-10,BREAD,CNE,9,0,9,8,0,1,0,3,0,3,1,0,0,0
2018-11-10,BREAD,CNR,3,0,3,3,0,0,0,0,0,0,0,0,0,0
2018-11-10,BREAD,CNW,0,0,0,0,0,0,0,0,0,0,0,0,0,0
2018-11-10,BREAD,CG,8,0,8,7,0,1,0,0,0,0,-1,0,0,0
2018-11-10,BREAD,PESTO CG,6,0,6,1,0,5,0,0,0,0,0,0,0,0
2018-11-10,BREAD,VS,0,55,55,9,38,8,0,0,31,31,1,0,0,0
2018-11-10,BREAD,CrO,0,0,0,0,0,0,0,0,0,0,0,0,0,0
2018-11-10,BREAD,CH,0,0,0,0,0,0,0,0,0,0,0,0,0,0
2018-11-10,BREAD,SOURDOUGH,7,0,7,1,0,6,0,0,0,0,0,0,0,0
2018-11-10,BREAD,SOUR CC,3,0,3,0,0,3,0,0,0,0,0,0,0,0
2018-11-10,BREAD,cj,2,0,2,2,0,0,0,0,0,0,0,0,0,0
2018-11-10,BREAD,Sour RG,2,0,2,1,0,1,0,0,0,0,0,0,0,0
2018-11-10,BREAD,BO,1,0,1,0,0,1,0,0,0,0,0,0,0,0
2018-11-10,BREAD,CB,0,22,22,18,0,4,0,0,7,7,2,0,0,0
2018-11-10,BREAD,STUF,7,0,7,2,0,5,0,0,0,0,0,0,0,0
2018-11-10,BREAD,TURKEY,6,0,6,4,0,2,0,0,0,0,0,0,0,0
2018-11-10,BREAD,BUT-RLS,17,0,17,17,0,0,0,0,0,0,0,0,0,0
2018-11-10,BREAD,CRO-RLS,0,0,0,0,0,0,0,0,0,0,0,0,0,0
2018-11-10,BREAD,H-RLS,4,0,4,2,0,2,0,0,0,0,0,0,0,0
2018-11-10,BREAD,FR-RLS,0,0,0,0,0,0,0,0,0,0,0,0,0,0
2018-11-10,BREAD,VS-RLS,0,7,7,2,0,5,0,0,0,0,0,0,0,0
2018-11-10,BREAD,BLUE STRU,5,0,5,0,0,5,0,0,0,0,0,0,0,0
2018-11-10,BREAD,Pump CH,6,2,8,4,0,4,0,0,0,0,0,0,0,0
2018-11-10,BREAD,PUmp Cru,3,1,4,4,0,0,0,0,0,0,0,0,0,0
2018-11-10,BREAD,MEX CHOC,5,0,5,2,0,3,0,0,0,0,0,0,0,0
2018-11-10,ROLLS,Cinnamon,0,60,60,58,0,2,0,0,0,0,0,0,0,0
2018-11-10,ROLLS,Take-N-Bake,0,0,0,0,0,0,0,0,0,0,0,0,0,0
2018-11-10,ROLLS,Mini C-Roll,0,0,0,0,0,0,0,0,0,0,0,0,0,0
2018-11-10,SCONES,Blueberry,0,19,19,14,0,5,0,0,15,15,3,0,0,0
2018-11-10,SCONES,Rasp Cream,0,0,0,0,0,0,0,0,0,0,0,0,0,0
2018-11-10,SCONES,Cherry,0,0,0,0,0,0,0,0,0,0,0,0,0,0
2018-11-10,SCONES,Butt Almond,0,24,24,23,0,1,0,0,15,15,3,0,0,0
2018-11-10,SCONES,Turtle,0,0,0,0,0,0,0,0,0,0,0,0,0,0
2018-11-10,SCONES,Cin Chip,0,0,0,0,0,0,0,0,0,0,0,0,0,0
2018-11-10,SCONES,Pump Spice,0,14,14,12,0,2,0,0,14,14,1,0,0,0
2018-11-10,FRUIT BARS,Mixed Berry,0,0,0,0,0,0,0,0,0,0,0,0,0,0
2018-11-10,FRUIT BARS,Cherry,0,0,0,0,0,0,0,0,0,0,0,0,0,0
2018-11-10,FRUIT BARS,Apple Cin,0,12,12,8,0,4,0,0,0,0,0,0,0,0
2018-11-10,FRUIT BARS,MIXED FRUIT,0,8,8,2,0,6,0,0,0,0,0,0,0,0
2018-11-10,MUFFINS,BLUE STRU,0,8,8,6,0,2,0,0,2,2,1,0,0,0
2018-11-10,MUFFINS,Pump Choc,0,10,10,8,0,2,0,0,2,2,0,0,0,0
2018-11-10,MUFFINS,Pump Crumb,0,6,6,4,0,2,0,0,2,2,0,0,0,0
2018-11-10,MUFFINS,Mex Choc,0,8,8,1,0,7,0,0,2,2,0,0,0,0
2018-11-10,MUFFINS,Cookies,0,0,0,0,0,0,0,0,0,0,0,0,0,0
2018-11-10,MUFFINS,Bars,0,0,0,0,0,0,0,0,0,0,0,0,0,0
2018-11-10,MUFFINS,Oatmeal CC,2,42,44,11,33,0,0,0,0,0,0,0,0,0
2018-11-10,MUFFINS,Turtle,9,0,9,1,0,8,0,0,0,0,0,0,0,0
2018-11-10,MUFFINS,Triple Choc,11,36,47,10,33,4,0,0,0,0,0,0,0,0
2018-11-10,MUFFINS,SNICKEDOODLE,18,24,42,0,31,11,0,0,0,0,0,0,0,0
2018-11-10,MUFFINS,frosted,0,6,6,2,0,4,0,0,0,0,0,0,0,0
2018-11-10,MUFFINS,Kahuna,0,0,0,0,0,0,0,0,0,0,0,0,0,0
2018-11-10,MUFFINS,Brownies,0,10,10,6,0,4,0,0,0,0,0,0,0,0
2018-11-10,MUFFINS,Pump Bars,1,10,11,8,0,3,0,0,0,0,0,0,0,0
2018-11-10,MUFFINS,Pump OHHH,2,9,11,1,0,0,10,0,6,6,1,0,0,5
2018-11-10,MUFFINS,Bread Pudding,0,0,0,0,0,0,0,0,0,0,0,0,0,0
2018-11-10,MUFFINS,Totals,43,306,349,175,97,67,10,0,58,58,9,0,0,5
2018-11-11,BREAD,H,0,0,0,0,0,0,0,0,0,0,0,0,0,0
2018-11-11,BREAD,FR,0,0,0,0,0,0,0,0,0,0,0,0,0,0
2018-11-11,BREAD,GW,0,0,0,0,0,0,0,0,0,0,0,0,0,0
2018-11-11,BREAD,DK,0,0,0,0,0,0,0,0,0,0,0,0,0,0
2018-11-11,BREAD,H5,0,0,0,0,0,0,0,0,0,0,0,0,0,0
2018-11-11,BREAD,CSRWL,0,0,0,0,0,0,0,0,0,0,0,0,0,0
2018-11-11,BREAD,Pump SWRL,0,0,0,0,0,0,0,0,0,0,0,0,0,0
2018-11-11,BREAD,SO,0,0,0,0,0,0,0,0,0,0,0,0,0,0
2018-11-11,BREAD,CNE,0,0,0,0,0,0,0,0,0,0,0,0,0,0
2018-11-11,BREAD,CNR,0,0,0,0,0,0,0,0,0,0,0,0,0,0
2018-11-11,BREAD,CNW,0,0,0,0,0,0,0,0,0,0,0,0,0,0
2018-11-11,BREAD,CG,0,0,0,0,0,0,0,0,0,0,0,0,0,0
2018-11-11,BREAD,PESTO CG,0,0,0,0,0,0,0,0,0,0,0,0,0,0
2018-11-11,BREAD,VS,0,0,0,0,0,0,0,0,0,0,0,0,0,0
2018-11-11,BREAD,CH,0,0,0,0,0,0,0,0,0,0,0,0,0,0
2018-11-11,BREAD,SOURDOUGH,0,0,0,0,0,0,0,0,0,0,0,0,0,0
2018-11-11,BREAD,SOUR CC,0,0,0,0,0,0,0,0,0,0,0,0,0,0
2018-11-11,BREAD,SOUR CJ,0,0,0,0,0,0,0,0,0,0,0,0,0,0
2018-11-11,BREAD,SOUR RG,0,0,0,0,0,0,0,0,0,0,0,0,0,0
2018-11-11,BREAD,SOUR BORG,0,0,0,0,0,0,0,0,0,0,0,0,0,0
2018-11-11,BREAD,Car,0,0,0,0,0,0,0,0,0,0,0,0,0,0
2018-11-11,BREAD,IHF,0,0,0,0,0,0,0,0,0,0,0,0,0,0
2018-11-11,BREAD,GW BUNS,0,0,0,0,0,0,0,0,0,0,0,0,0,0
2018-11-11,BREAD,TURKEY,0,0,0,0,0,0,0,0,0,0,0,0,0,0
2018-11-11,BREAD,BUT-RLS,0,0,0,0,0,0,0,0,0,0,0,0,0,0
2018-11-11,BREAD,CRO-RLS,0,0,0,0,0,0,0,0,0,0,0,0,0,0
2018-11-11,BREAD,H-RLS,0,0,0,0,0,0,0,0,0,0,0,0,0,0
2018-11-11,BREAD,FR-RLS,0,0,0,0,0,0,0,0,0,0,0,0,0,0
2018-11-11,BREAD,VS-RLS,0,0,0,0,0,0,0,0,0,0,0,0,0,0
2018-11-11,BREAD,BLUE STRU,0,0,0,0,0,0,0,0,0,0,0,0,0,0
2018-11-11,BREAD,Pump CH,0,0,0,0,0,0,0,0,0,0,0,0,0,0
2018-11-11,BREAD,PUmp Cru,0,0,0,0,0,0,0,0,0,0,0,0,0,0
2018-11-11,BREAD,MEX CHOC,0,0,0,0,0,0,0,0,0,0,0,0,0,0
2018-11-11,ROLLS,Cinnamon,0,0,0,0,0,0,0,0,0,0,0,0,0,0
2018-11-11,ROLLS,Take-N-Bake,0,0,0,0,0,0,0,0,0,0,0,0,0,0
2018-11-11,ROLLS,Mini C-Roll,0,0,0,0,0,0,0,0,0,0,0,0,0,0
2018-11-11,SCONES,Blueberry,0,0,0,0,0,0,0,0,0,0,0,0,0,0
2018-11-11,SCONES,Rasp Cream,0,0,0,0,0,0,0,0,0,0,0,0,0,0
2018-11-11,SCONES,Cherry,0,0,0,0,0,0,0,0,0,0,0,0,0,0
2018-11-11,SCONES,Butt Almond,0,0,0,0,0,0,0,0,0,0,0,0,0,0
2018-11-11,SCONES,Turtle,0,0,0,0,0,0,0,0,0,0,0,0,0,0
2018-11-11,SCONES,Cin Chip,0,0,0,0,0,0,0,0,0,0,0,0,0,0
2018-11-11,SCONES,Pump Spice,0,0,0,0,0,0,0,0,0,0,0,0,0,0
2018-11-11,FRUIT BARS,Mixed Berry,0,0,0,0,0,0,0,0,0,0,0,0,0,0
2018-11-11,FRUIT BARS,Cherry,0,0,0,0,0,0,0,0,0,0,0,0,0,0
2018-11-11,FRUIT BARS,Apple Cin,0,0,0,0,0,0,0,0,0,0,0,0,0,0
2018-11-11,FRUIT BARS,MIXED FRUIT,0,0,0,0,0,0,0,0,0,0,0,0,0,0
2018-11-11,MUFFINS,BLUE STRU,0,0,0,0,0,0,0,0,0,0,0,0,0,0
2018-11-11,MUFFINS,Pump Choc,0,0,0,0,0,0,0,0,0,0,0,0,0,0
2018-11-11,MUFFINS,Pump Crumb,0,0,0,0,0,0,0,0,0,0,0,0,0,0
2018-11-11,MUFFINS,Mex Choc,0,0,0,0,0,0,0,0,0,0,0,0,0,0
2018-11-11,MUFFINS,Cookies,0,0,0,0,0,0,0,0,0,0,0,0,0,0
2018-11-11,MUFFINS,Bars,0,0,0,0,0,0,0,0,0,0,0,0,0,0
2018-11-11,MUFFINS,Oatmeal CC,0,0,0,0,0,0,0,0,0,0,0,0,0,0
2018-11-11,MUFFINS,Turtle,0,0,0,0,0,0,0,0,0,0,0,0,0,0
2018-11-11,MUFFINS,Triple Choc,0,0,0,0,0,0,0,0,0,0,0,0,0,0
2018-11-11,MUFFINS,SNICKEDOODLE,0,0,0,0,0,0,0,0,0,0,0,0,0,0
2018-11-11,MUFFINS,frosted,0,0,0,0,0,0,0,0,0,0,0,0,0,0
2018-11-11,MUFFINS,Kahuna,0,0,0,0,0,0,0,0,0,0,0,0,0,0
2018-11-11,MUFFINS,Brownies,0,0,0,0,0,0,0,0,0,0,0,0,0,0
2018-11-11,MUFFINS,Pump Bars,0,0,0,0,0,0,0,0,0,0,0,0,0,0
2018-11-11,MUFFINS,Pump OHHH,10,0,10,10,0,0,0,5,0,5,5,0,0,0
2018-11-11,MUFFINS,Bread Pudding,0,0,0,0,0,0,0,0,0,0,0,0,0,0
2018-11-11,MUFFINS,Totals,10,0,10,10,0,0,0,5,0,5,5,0,0,0
2018-11-12,BREAD,H,0,34,34,19,0,0,15,0,0,0,0,0,0,0
2018-11-12,BREAD,FR,0,59,59,42,0,0,17,0,0,0,0,0,0,0
2018-11-12,BREAD,GW,0,9,9,1,0,0,8,0,0,0,0,0,0,0
2018-11-12,BREAD,DK,0,29,29,11,0,0,18,0,0,0,0,0,0,0
2018-11-12,BREAD,H5,0,0,0,0,0,0,0,0,0,0,0,0,0,0
2018-11-12,BREAD,CSRWL,0,16,16,6,1,0,9,0,3,3,2,0,0,1
2018-11-12,BREAD,Pump SWRL,0,16,16,6,0,0,10,0,2,2,2,0,0,0
2018-11-12,BREAD,SO,0,0,0,0,0,0,0,0,0,0,0,0,0,0
2018-11-12,BREAD,CNE,0,15,15,8,0,0,7,0,4,4,1,0,0,3
2018-11-12,BREAD,CNR,0,4,4,1,0,0,3,0,0,0,0,0,0,0
2018-11-12,BREAD,CNW,0,4,4,3,0,0,1,0,0,0,0,0,0,0
2018-11-12,BREAD,CG,0,7,7,6,0,0,1,0,3,3,3,0,0,0
2018-11-12,BREAD,PESTO CG,0,3,3,1,0,0,2,0,0,0,0,0,0,0
2018-11-12,BREAD,VS,0,0,0,0,0,0,0,0,0,0,0,0,0,0
2018-11-12,BREAD,CrO,0,0,0,0,0,0,0,0,0,0,0,0,0,0
2018-11-12,BREAD,CH,0,0,0,0,0,0,0,0,0,0,0,0,0,0
2018-11-12,BREAD,SOURDOUGH,0,6,6,3,0,0,3,0,0,0,0,0,0,0
2018-11-12,BREAD,SOUR CC,0,3,3,0,0,0,3,0,0,0,0,0,0,0
2018-11-12,BREAD,cj,0,3,3,2,0,0,1,0,0,0,0,0,0,0
2018-11-12,BREAD,Sour RG,0,3,3,1,0,0,2,0,0,0,0,0,0,0
2018-11-12,BREAD,BO,0,3,3,1,0,0,2,0,0,0,0,0,0,0
2018-11-12,BREAD,CB,0,0,0,0,0,0,0,0,0,0,0,0,0,0
2018-11-12,BREAD,STUF,0,0,0,0,0,0,0,0,0,0,0,0,0,0
2018-11-12,BREAD,TURKEY,0,3,3,0,0,0,3,0,0,0,0,0,0,0
2018-11-12,BREAD,BUT-RLS,0,0,0,0,0,0,0,0,0,0,0,0,0,0
2018-11-12,BREAD,CRO-RLS,0,0,0,0,0,0,0,0,0,0,0,0,0,0
2018-11-12,BREAD,H-RLS,0,3,3,2,0,0,1,0,0,0,0,0,0,0
2018-11-12,BREAD,FR-RLS,0,4,4,1,0,0,3,0,0,0,0,0,0,0
2018-11-12,BREAD,VS-RLS,0,0,0,0,0,0,0,0,0,0,0,0,0,0
2018-11-12,BREAD,BLUE STRU,0,4,4,3,0,0,1,0,0,0,0,0,0,0
2018-11-12,BREAD,Pump CH,0,8,8,2,2,0,4,0,0,0,0,0,0,0
2018-11-12,BREAD,PUmp Cru,0,3,3,0,0,0,3,0,0,0,0,0,0,0
2018-11-12,BREAD,MEX CHOC,0,5,5,4,0,0,1,0,0,0,0,0,0,0
2018-11-12,ROLLS,Cinnamon,0,24,24,24,0,0,0,0,0,0,0,0,0,0
2018-11-12,ROLLS,Take-N-Bake,0,0,0,0,0,0,0,0,0,0,0,0,0,0
2018-11-12,ROLLS,Mini C-Roll,0,0,0,0,0,0,0,0,0,0,0,0,0,0
2018-11-12,SCONES,Blueberry,0,0,0,0,0,0,0,0,0,0,0,0,0,0
2018-11-12,SCONES,Rasp Cream,0,12,12,9,0,3,0,0,6,6,0,0,0,0
2018-11-12,SCONES,Cherry,0,0,0,0,0,0,0,0,0,0,0,0,0,0
2018-11-12,SCONES,Butt Almond,0,0,0,0,0,0,0,0,0,0,0,0,0,0
2018-11-12,SCONES,Turtle,0,0,0,0,0,0,0,0,0,0,0,0,0,0
2018-11-12,SCONES,Cin Chip,0,9,9,4,0,5,0,0,5,5,0,0,0,0
2018-11-12,SCONES,Pump Spice,0,5,5,5,0,0,0,0,5,5,2,0,0,0
2018-11-12,FRUIT BARS,Mixed Berry,0,8,8,3,3,2,0,0,0,0,0,0,0,0
2018-11-12,FRUIT BARS,Cherry,0,12,12,6,5,1,0,0,0,0,0,0,0,0
2018-11-12,FRUIT BARS,Apple Cin,0,0,0,0,0,0,0,0,0,0,0,0,0,0
2018-11-12,FRUIT BARS,MIXED FRUIT,0,0,0,0,0,0,0,0,0,0,0,0,0,0
2018-11-12,MUFFINS,BLUE STRU,0,5,5,4,0,1,0,0,4,4,1,0,0,0
2018-11-12,MUFFINS,Pump Choc,0,7,7,5,0,2,0,0,1,1,1,0,0,0
2018-11-12,MUFFINS,Pump Crumb,0,5,5,1,0,4,0,0,3,3,1,0,0,0
2018-11-12,MUFFINS,Mex Choc,0,7,7,3,0,4,0,0,4,4,0,0,0,0
2018-11-12,MUFFINS,Cookies,0,0,0,0,0,0,0,0,0,0,0,0,0,0
2018-11-12,MUFFINS,Bars,0,0,0,0,0,0,0,0,0,0,0,0,0,0
2018-11-12,MUFFINS,Oatmeal CC,0,34,34,6,25,0,3,0,4,4,0,0,0,0
2018-11-12,MUFFINS,Turtle,0,18,18,12,0,0,6,0,0,0,0,0,0,0
2018-11-12,MUFFINS,Triple Choc,0,57,57,26,25,0,6,0,6,6,0,0,0,0
2018-11-12,MUFFINS,SNICKEDOODLE,0,37,37,12,25,0,0,0,6,6,0,0,0,0
2018-11-12,MUFFINS,frosted,0,12,12,9,0,0,3,0,0,0,0,0,0,0
2018-11-12,MUFFINS,Kahuna,0,0,0,0,0,0,0,0,0,0,0,0,0,0
2018-11-12,MUFFINS,Brownies,0,0,0,0,0,0,0,0,0,0,0,0,0,0
2018-11-12,MUFFINS,Pump Bars,0,20,20,15,5,0,0,0,0,0,0,0,0,0
2018-11-12,MUFFINS,Pump OHHH,10,0,10,8,0,0,2,5,0,5,-1,0,0,6
2018-11-12,MUFFINS,Bread Pudding,0,0,0,0,0,0,0,0,0,0,0,0,0,0
2018-11-12,MUFFINS,Totals,10,272,282,152,88,22,20,5,44,49,4,0,0,6
2018-11-13,BREAD,H,15,22,37,25,0,0,12,0,0,0,0,0,0,0
2018-11-13,BREAD,FR,17,18,35,11,8,1,15,0,0,0,0,0,0,0
2018-11-13,BREAD,GW,8,4,12,7,0,3,2,0,0,0,0,0,0,0
2018-11-13,BREAD,DK,18,0,18,9,0,0,9,0,0,0,0,0,0,0
2018-11-13,BREAD,H5,0,17,17,7,0,0,10,0,0,0,0,0,0,0
2018-11-13,BREAD,CSRWL,9,8,17,11,1,0,5,1,3,4,2,0,0,2
2018-11-13,BREAD,Pump SWRL,10,8,18,8,1,4,5,0,2,2,2,0,0,0
2018-11-13,BREAD,SO,0,8,8,4,3,0,1,0,2,2,1,0,0,1
2018-11-13,BREAD,CNE,7,0,7,6,0,1,0,3,0,3,3,0,0,0
2018-11-13,BREAD,CNR,3,0,3,3,0,0,0,0,0,0,0,0,0,0
2018-11-13,BREAD,CNW,1,0,1,1,0,0,0,0,0,0,0,0,0,0
2018-11-13,BREAD,CG,1,0,1,1,0,0,0,0,0,0,0,0,0,0
2018-11-13,BREAD,PESTO CG,2,0,2,2,0,0,0,0,0,0,0,0,0,0
2018-11-13,BREAD,VS,0,38,38,34,4,0,0,0,35,35,32,0,0,3
2018-11-13,BREAD,CrO,0,16,16,6,3,0,7,0,3,3,1,0,0,2
2018-11-13,BREAD,CH,0,7,7,5,0,0,2,0,2,2,0,0,0,2
2018-11-13,BREAD,SOURDOUGH,3,0,3,1,0,2,0,0,0,0,0,0,0,0
2018-11-13,BREAD,SOUR CC,3,0,3,0,0,3,0,0,0,0,0,0,0,0
2018-11-13,BREAD,cj,1,0,1,0,0,1,0,0,0,0,0,0,0,0
2018-11-13,BREAD,Sour RG,2,0,2,1,0,1,0,0,0,0,0,0,0,0
2018-11-13,BREAD,BO,2,0,2,0,0,2,0,0,0,0,0,0,0,0
2018-11-13,BREAD,CB,0,0,0,0,0,0,0,0,0,0,0,0,0,0
2018-11-13,BREAD,STUF,0,0,0,0,0,0,0,0,0,0,0,0,0,0
2018-11-13,BREAD,GF,0,78,78,78,0,0,0,0,0,0,0,0,0,0
2018-11-13,BREAD,TURKEY,3,0,3,1,0,0,2,0,0,0,0,0,0,0
2018-11-13,BREAD,BUT-RLS,0,0,0,0,0,0,0,0,0,0,0,0,0,0
2018-11-13,BREAD,CRO-RLS,0,0,0,0,0,0,0,0,0,0,0,0,0,0
2018-11-13,BREAD,H-RLS,1,3,4,4,0,0,0,0,0,0,0,0,0,0
2018-11-13,BREAD,FR-RLS,3,0,3,3,0,0,0,0,0,0,0,0,0,0
2018-11-13,BREAD,VS-RLS,0,4,4,4,0,0,0,0,0,0,0,0,0,0
2018-11-13,BREAD,BLUE STRU,1,4,5,1,0,0,4,0,0,0,0,0,0,0
2018-11-13,BREAD,Pump CH,4,3,7,5,0,0,2,0,0,0,0,0,0,0
2018-11-13,BREAD,PUmp Cru,3,3,6,2,2,2,0,0,0,0,0,0,0,0
2018-11-13,BREAD,MEX CHOC,1,8,9,3,2,0,4,0,0,0,0,0,0,0
2018-11-13,ROLLS,Cinnamon,0,24,24,17,0,7,0,0,0,0,0,0,0,0
2018-11-13,ROLLS,Take-N-Bake,0,0,0,0,0,0,0,0,0,0,0,0,0,0
2018-11-13,ROLLS,Mini C-Roll,0,72,72,24,48,0,0,0,0,0,0,0,0,0
2018-11-13,SCONES,Blueberry,0,9,9,9,0,0,0,0,13,13,6,0,0,0
2018-11-13,SCONES,Rasp Cream,0,0,0,0,0,0,0,0,0,0,0,0,0,0
2018-11-13,SCONES,Cherry,0,0,0,0,0,0,0,0,0,0,0,0,0,0
2018-11-13,SCONES,Butt Almond,0,0,0,0,0,0,0,0,0,0,0,0,0,0
2018-11-13,SCONES,Turtle,0,0,0,0,0,0,0,0,0,0,0,0,0,0
2018-11-13,SCONES,Cin Chip,0,9,9,9,0,0,0,0,13,13,6,0,0,0
2018-11-13,SCONES,Pump Spice,0,0,0,0,0,0,0,0,0,0,-7,0,0,0
2018-11-13,FRUIT BARS,Mixed Berry,0,0,0,0,0,0,0,0,0,0,0,0,0,0
2018-11-13,FRUIT BARS,Cherry,0,0,0,0,0,0,0,0,0,0,0,0,0,0
2018-11-13,FRUIT BARS,Apple Cin,0,12,12,4,5,3,0,0,0,0,0,0,0,0
2018-11-13,FRUIT BARS,MIXED FRUIT,0,8,8,2,3,3,0,0,0,0,0,0,0,0
2018-11-13,MUFFINS,BLUE STRU,0,6,6,4,0,2,0,0,12,12,1,0,0,0
2018-11-13,MUFFINS,Pump Choc,0,8,8,8,0,0,0,0,12,12,2,0,0,0
2018-11-13,MUFFINS,Pump Crumb,0,6,6,2,0,4,0,0,2,2,2,0,0,0
2018-11-13,MUFFINS,Mex Choc,0,8,8,4,0,4,0,0,2,2,2,0,0,0
2018-11-13,MUFFINS,Cookies,0,0,0,0,0,0,0,0,0,0,0,0,0,0
2018-11-13,MUFFINS,Bars,0,0,0,0,0,0,0,0,0,0,0,0,0,0
2018-11-13,MUFFINS,Oatmeal CC,3,30,33,-5,12,6,20,0,0,0,0,0,0,0
2018-11-13,MUFFINS,Turtle,6,12,18,13,0,0,5,0,0,0,0,0,0,0
2018-11-13,MUFFINS,Triple Choc,6,24,30,14,11,0,5,0,0,0,0,0,0,0
2018-11-13,MUFFINS,SNICKEDOODLE,0,30,30,6,11,0,13,0,0,0,0,0,0,0
2018-11-13,MUFFINS,frosted,3,12,15,10,0,0,5,0,0,0,0,0,0,0
2018-11-13,MUFFINS,Kahuna,0,0,0,0,0,0,0,0,0,0,0,0,0,0
2018-11-13,MUFFINS,Brownies,0,10,10,-7,0,0,17,0,0,0,0,0,0,0
2018-11-13,MUFFINS,Pump Bars,0,10,10,-2,0,0,12,0,0,0,0,0,0,0
2018-11-13,MUFFINS,Pump OHHH,2,0,2,2,0,0,0,6,0,6,6,0,0,0
2018-11-13,MUFFINS,Bread Pudding,0,0,0,0,0,0,0,0,0,0,0,0,0,0
2018-11-13,MUFFINS,Totals,20,290,310,114,90,29,77,6,54,60,18,0,0,0
2018-11-14,BREAD,H,12,26,38,17,0,0,21,0,0,0,0,0,0,0
2018-11-14,BREAD,FR,15,13,28,17,0,0,11,0,0,0,0,0,0,0
2018-11-14,BREAD,GW,2,14,16,2,0,0,14,0,0,0,0,0,0,0
2018-11-14,BREAD,DK,9,21,30,8,0,0,22,0,0,0,0,0,0,0
2018-11-14,BREAD,H5,10,0,10,10,0,0,0,0,0,0,0,0,0,0
2018-11-14,BREAD,CSRWL,5,12,17,12,4,0,1,2,0,2,2,0,0,0
2018-11-14,BREAD,Pump SWRL,5,12,17,9,0,0,8,0,3,3,2,0,0,1
2018-11-14,BREAD,SO,1,0,1,1,0,0,0,1,0,1,1,0,0,0
2018-11-14,BREAD,CNE,0,17,17,13,0,0,4,0,2,2,2,0,0,0
2018-11-14,BREAD,CNR,0,4,4,4,0,0,0,0,0,0,0,0,0,0
2018-11-14,BREAD,CNW,0,4,4,4,0,0,0,0,0,0,0,0,0,0
2018-11-14,BREAD,CG,0,12,12,3,0,0,9,0,3,3,0,0,0,3
2018-11-14,BREAD,PESTO CG,0,6,6,1,0,0,5,0,0,0,0,0,0,0
2018-11-14,BREAD,VS,0,18,18,12,0,0,6,3,12,15,14,0,0,1
2018-11-14,BREAD,CrO,7,0,7,5,0,2,0,2,0,2,2,0,0,0
2018-11-14,BREAD,CH,2,0,2,1,0,1,0,2,0,2,0,0,0,0
2018-11-14,BREAD,SOURDOUGH,0,6,6,3,0,0,3,0,0,0,0,0,0,0
2018-11-14,BREAD,SOUR CC,0,3,3,0,0,0,3,0,0,0,0,0,0,0
2018-11-14,BREAD,cj,0,3,3,1,0,0,2,0,0,0,0,0,0,0
2018-11-14,BREAD,Sour RG,0,3,3,0,0,0,3,0,0,0,0,0,0,0
2018-11-14,BREAD,BO,0,3,3,2,0,0,1,0,0,0,0,0,0,0
2018-11-14,BREAD,CB,0,0,0,0,0,0,0,0,0,0,0,0,0,0
2018-11-14,BREAD,IHF,0,28,28,28,0,0,0,0,0,0,0,0,0,0
2018-11-14,BREAD,STUF,0,0,0,0,0,0,0,0,0,0,0,0,0,0
2018-11-14,BREAD,TURKEY,2,0,2,-2,0,0,4,0,0,0,0,0,0,0
2018-11-14,BREAD,BUT-RLS,0,0,0,0,0,0,0,0,0,0,0,0,0,0
2018-11-14,BREAD,CRO-RLS,0,0,0,0,0,0,0,0,0,0,0,0,0,0
2018-11-14,BREAD,H-RLS,0,3,3,3,0,0,0,0,0,0,0,0,0,0
2018-11-14,BREAD,FR-RLS,0,4,4,4,0,0,0,0,0,0,0,0,0,0
2018-11-14,BREAD,VS-RLS,0,4,4,4,0,0,0,0,0,0,0,0,0,0
2018-11-14,BREAD,BLUE STRU,4,3,7,5,1,0,1,0,0,0,0,0,0,0
2018-11-14,BREAD,Pump CH,2,4,6,3,1,0,2,0,0,0,0,0,0,0
2018-11-14,BREAD,PUmp Cru,0,3,3,-1,4,0,0,0,0,0,0,0,0,0
2018-11-14,BREAD,MEX CHOC,4,3,7,2,4,1,0,0,0,0,0,0,0,0
2018-11-14,ROLLS,Cinnamon,0,24,24,24,0,0,0,0,0,0,0,0,0,0
2018-11-14,ROLLS,Take-N-Bake,0,0,0,0,0,0,0,0,0,0,0,0,0,0
2018-11-14,ROLLS,Mini C-Roll,0,24,24,0,24,0,0,0,0,0,0,0,0,0
2018-11-14,SCONES,Blueberry,0,0,0,0,0,0,0,0,0,0,0,0,0,0
2018-11-14,SCONES,Rasp Cream,0,18,18,14,4,0,0,0,17,17,1,0,0,0
2018-11-14,SCONES,Cherry,0,0,0,0,0,0,0,0,0,0,0,0,0,0
2018-11-14,SCONES,Butt Almond,0,0,0,0,0,0,0,0,0,0,0,0,0,0
2018-11-14,SCONES,Turtle,0,14,14,14,0,0,0,0,15,15,1,0,0,0
2018-11-14,SCONES,Cin Chip,0,0,0,0,0,0,0,0,0,0,0,0,0,0
2018-11-14,SCONES,Pump Spice,0,12,12,11,0,1,0,0,14,14,2,0,0,0
2018-11-14,FRUIT BARS,Mixed Berry,0,8,8,4,4,0,0,0,0,0,0,0,0,0
2018-11-14,FRUIT BARS,Cherry,0,12,12,2,7,3,0,0,0,0,0,0,0,0
2018-11-14,FRUIT BARS,Apple Cin,0,12,12,4,8,0,0,0,0,0,0,0,0,0
2018-11-14,FRUIT BARS,MIXED FRUIT,0,8,8,2,4,2,0,0,0,0,0,0,0,0
2018-11-14,MUFFINS,BLUE STRU,0,6,6,6,0,0,0,0,22,22,0,0,0,0
2018-11-14,MUFFINS,Pump Choc,0,10,10,8,0,2,0,0,34,34,1,0,0,0
2018-11-14,MUFFINS,Pump Crumb,0,6,6,4,0,2,0,0,14,14,0,0,0,0
2018-11-14,MUFFINS,Mex Choc,0,8,8,4,0,4,0,0,14,14,0,0,0,0
2018-11-14,MUFFINS,Cookies,0,0,0,0,0,0,0,0,0,0,0,0,0,0
2018-11-14,MUFFINS,Bars,0,0,0,0,0,0,0,0,0,0,0,0,0,0
2018-11-14,MUFFINS,Oatmeal CC,20,12,32,5,10,6,11,0,6,0,-6,0,0,0
2018-11-14,MUFFINS,Turtle,5,12,17,11,0,1,5,0,0,6,6,0,0,0
2018-11-14,MUFFINS,Triple Choc,5,24,29,16,10,1,2,0,6,0,-6,0,0,0
2018-11-14,MUFFINS,SNICKEDOODLE,13,18,31,5,10,6,10,0,8,6,-2,0,0,0
2018-11-14,MUFFINS,frosted,5,12,17,9,0,3,5,0,0,0,0,0,0,0
2018-11-14,MUFFINS,Kahuna,0,0,0,0,0,0,0,0,0,0,0,0,0,0
2018-11-14,MUFFINS,Brownies,17,10,27,19,3,0,5,0,0,0,0,0,0,0
2018-11-14,MUFFINS,Pump Bars,12,10,22,18,4,0,0,0,0,0,0,0,0,0
2018-11-14,MUFFINS,Pump OHHH,0,0,0,0,0,0,0,0,0,8,8,0,0,0
2018-11-14,MUFFINS,Bread Pudding,0,0,0,0,0,0,0,0,0,0,0,0,0,0
2018-11-14,MUFFINS,Totals,77,260,337,180,88,31,38,0,150,150,5,0,0,0
2018-11-15,BREAD,H,21,18,39,18,0,0,21,0,0,0,0,0,0,0
2018-11-15,BREAD,FR,11,49,60,12,35,0,13,0,0,0,0,0,0,0
2018-11-15,BREAD,GW,14,1,15,4,0,11,0,0,0,0,0,0,0,0
2018-11-15,BREAD,DK,22,0,22,3,0,0,19,0,0,0,0,0,0,0
2018-11-15,BREAD,H5,0,19,19,4,0,0,15,0,0,0,0,0,0,0
2018-11-15,BREAD,CSRWL,1,24,25,15,2,0,8,0,4,4,1,0,0,3
2018-11-15,BREAD,Pump SWRL,8,12,20,11,0,0,9,1,2,3,0,0,0,2
2018-11-15,BREAD,SO,0,0,0,0,0,0,0,0,0,0,0,0,0,0
2018-11-15,BREAD,CNE,4,0,4,3,0,1,0,0,0,0,0,0,0,0
2018-11-15,BREAD,CNR,0,0,0,0,0,0,0,0,0,0,0,0,0,0
2018-11-15,BREAD,CNW,0,0,0,0,0,0,0,0,0,0,0,0,0,0
2018-11-15,BREAD,CG,9,0,9,2,0,7,0,3,0,3,2,0,0,0
2018-11-15,BREAD,PESTO CG,5,0,5,1,0,4,0,0,0,0,0,0,0,0
2018-11-15,BREAD,VS,6,36,42,9,20,5,8,1,13,14,1,0,0,3
2018-11-15,BREAD,CrO,0,23,23,6,1,0,16,0,4,4,2,0,0,2
2018-11-15,BREAD,CH,0,5,5,4,1,0,0,0,2,2,2,0,0,0
2018-11-15,BREAD,SOURDOUGH,3,0,3,1,0,2,0,0,0,0,0,0,0,0
2018-11-15,BREAD,SOUR CC,3,0,3,0,0,3,0,0,0,0,0,0,0,0
2018-11-15,BREAD,cj,2,0,2,1,0,1,0,0,0,0,0,0,0,0
2018-11-15,BREAD,Sour RG,3,0,3,2,0,1,0,0,0,0,0,0,0,0
2018-11-15,BREAD,BO,1,0,1,1,0,0,0,0,0,0,0,0,0,0
2018-11-15,BREAD,CB,0,25,25,9,0,0,16,0,7,7,4,0,0,3
2018-11-15,BREAD,STUF,0,0,0,0,0,0,0,0,0,0,0,0,0,0
2018-11-15,BREAD,TURKEY,4,0,4,-3,0,3,4,0,0,0,0,0,0,0
2018-11-15,BREAD,BUT-RLS,0,0,0,0,0,0,0,0,0,0,0,0,0,0
2018-11-15,BREAD,CRO-RLS,0,0,0,0,0,0,0,0,0,0,0,0,0,0
2018-11-15,BREAD,H-RLS,0,7,7,0,0,0,7,0,0,0,0,0,0,0
2018-11-15,BREAD,FR-RLS,0,7,7,4,0,0,3,0,0,0,0,0,0,0
2018-11-15,BREAD,VS-RLS,0,12,12,4,3,2,3,0,0,0,0,0,0,0
2018-11-15,BREAD,BLUE STRU,1,4,5,2,0,0,3,0,0,0,0,0,0,0
2018-11-15,BREAD,Pump CH,2,8,10,4,4,0,2,0,0,0,0,0,0,0
2018-11-15,BREAD,PUmp Cru,0,8,8,2,2,0,4,0,0,0,0,0,0,0
2018-11-15,BREAD,MEX CHOC,0,8,8,1,2,0,5,0,0,0,0,0,0,0
2018-11-15,ROLLS,Cinnamon,0,36,36,26,4,6,0,0,0,0,0,0,0,0
2018-11-15,ROLLS,Take-N-Bake,0,0,0,0,0,0,0,0,0,0,0,0,0,0
2018-11-15,ROLLS,Mini C-Roll,0,24,24,0,24,0,0,0,0,0,0,0,0,0
2018-11-15,SCONES,Blueberry,0,17,17,0,0,17,0,0,8,8,2,0,0,0
2018-11-15,SCONES,Rasp Cream,0,0,0,0,0,0,0,0,0,0,0,0,0,0
2018-11-15,SCONES,Cherry,0,0,0,0,0,0,0,0,0,0,0,0,0,0
2018-11-15,SCONES,Butt Almond,0,0,0,0,0,0,0,0,0,0,0,0,0,0
2018-11-15,SCONES,Turtle,0,18,18,7,0,11,0,0,8,8,2,0,0,0
2018-11-15,SCONES,Cin Chip,0,0,0,0,0,0,0,0,0,0,0,0,0,0
2018-11-15,SCONES,Pump Spice,0,14,14,8,0,6,0,0,6,6,1,0,0,0
2018-11-15,FRUIT BARS,Mixed Berry,0,0,0,0,0,0,0,0,0,0,0,0,0,0
2018-11-15,FRUIT BARS,Cherry,0,0,0,0,0,0,0,0,0,0,0,0,0,0
2018-11-15,FRUIT BARS,Apple Cin,0,12,12,5,4,3,0,0,0,0,0,0,0,0
2018-11-15,FRUIT BARS,MIXED FRUIT,0,8,8,4,2,2,0,0,0,0,0,0,0,0
2018-11-15,MUFFINS,BLUE STRU,0,8,8,4,0,4,0,0,6,6,2,0,0,0
2018-11-15,MUFFINS,Pump Choc,0,8,8,5,0,3,0,0,2,2,2,0,0,0
2018-11-15,MUFFINS,Pump Crumb,0,6,6,0,0,6,0,0,5,5,-2,0,0,0
2018-11-15,MUFFINS,Mex Choc,0,7,7,1,0,6,0,0,5,5,1,0,0,0
2018-11-15,MUFFINS,Cookies,0,0,0,0,0,0,0,0,0,0,0,0,0,0
2018-11-15,MUFFINS,Bars,0,0,0,0,0,0,0,0,0,0,0,0,0,0
2018-11-15,MUFFINS,Oatmeal CC,11,12,23,15,3,2,3,0,12,12,0,0,0,0
2018-11-15,MUFFINS,Turtle,5,18,23,2,0,4,17,0,0,0,0,0,0,0
2018-11-15,MUFFINS,Triple Choc,2,24,26,10,3,0,13,0,12,12,0,0,0,0
2018-11-15,MUFFINS,SNICKEDOODLE,10,12,22,16,3,3,0,0,12,12,0,0,0,0
2018-11-15,MUFFINS,frosted,5,12,17,4,0,3,10,0,0,0,0,0,0,0
2018-11-15,MUFFINS,Kahuna,0,0,0,0,0,0,0,0,0,0,0,0,0,0
2018-11-15,MUFFINS,Brownies,5,0,5,-1,0,6,0,0,0,0,0,0,0,0
2018-11-15,MUFFINS,Pump Bars,0,20,20,7,0,0,13,0,0,0,0,0,0,0
2018-11-15,MUFFINS,Pump OHHH,0,0,0,0,0,0,0,0,0,0,0,0,0,0
2018-11-15,MUFFINS,Bread Pudding,0,0,0,0,0,0,0,0,0,0,0,0,0,0
2018-11-15,MUFFINS,Totals,38,256,294,113,43,82,56,0,76,76,8,0,0,0
2018-11-16,BREAD,H,21,24,45,21,4,0,20,0,0,0,0,0,0,0
2018-11-16,BREAD,FR,13,26,39,10,1,0,28,0,0,0,0,0,0,0
2018-11-16,BREAD,GW,0,7,7,1,0,0,6,0,0,0,0,0,0,0
2018-11-16,BREAD,DK,19,0,19,19,0,0,0,0,0,0,0,0,0,0
2018-11-16,BREAD,H5,15,0,15,5,0,0,10,0,0,0,0,0,0,0
2018-11-16,BREAD,CSRWL,8,16,24,12,0,0,12,3,0,3,0,0,0,0
2018-11-16,BREAD,Pump SWRL,9,8,17,6,0,3,8,2,0,2,0,0,0,0
2018-11-16,BREAD,SO,0,0,0,0,0,0,0,0,0,0,0,0,0,0
2018-11-16,BREAD,CNE,0,0,0,-5,1,0,4,0,0,0,-2,0,0,2
2018-11-16,BREAD,CNR,0,6,6,4,0,0,2,0,0,0,0,0,0,0
2018-11-16,BREAD,CNW,0,6,6,5,1,0,0,0,0,0,0,0,0,0
2018-11-16,BREAD,CG,0,22,22,3,0,0,19,0,6,6,0,0,0,6
2018-11-16,BREAD,PESTO CG,0,6,6,5,0,0,1,0,0,0,0,0,0,0
2018-11-16,BREAD,VS,8,31,39,6,24,2,7,3,12,15,0,0,0,2
2018-11-16,BREAD,CrO,16,0,16,7,0,9,0,2,0,2,1,0,0,0
2018-11-16,BREAD,CH,0,0,0,0,0,0,0,0,0,0,-1,0,0,0
2018-11-16,BREAD,SOURDOUGH,0,4,4,4,0,0,0,0,0,0,0,0,0,0
2018-11-16,BREAD,SOUR CC,0,3,3,1,0,0,2,0,0,0,0,0,0,0
2018-11-16,BREAD,cj,0,2,2,2,0,0,0,0,0,0,0,0,0,0
2018-11-16,BREAD,Sour RG,0,3,3,1,0,0,2,0,0,0,0,0,0,0
2018-11-16,BREAD,BO,0,3,3,1,0,0,2,0,0,0,0,0,0,0
2018-11-16,BREAD,CB,16,0,16,8,0,8,0,3,0,3,1,0,0,0
2018-11-16,BREAD,STUF,0,33,33,7,1,0,25,0,0,0,0,0,0,0
2018-11-16,BREAD,GF,0,51,51,51,0,0,0,0,0,0,0,0,0,0
2018-11-16,BREAD,TURKEY,4,6,10,1,0,4,5,0,0,0,0,0,0,0
2018-11-16,BREAD,BUT-RLS,0,37,37,8,14,0,15,0,0,0,0,0,0,0
2018-11-16,BREAD,CRO-RLS,0,0,0,0,0,0,0,0,0,0,0,0,0,0
2018-11-16,BREAD,H-RLS,7,0,7,-10,8,5,4,0,0,0,0,0,0,0
2018-11-16,BREAD,FR-RLS,3,0,3,3,0,0,0,0,0,0,0,0,0,0
2018-11-16,BREAD,VS-RLS,3,10,13,3,5,0,5,0,0,0,0,0,0,0
2018-11-16,BREAD,BLUE STRU,3,3,6,0,0,3,3,0,0,0,0,0,0,0
2018-11-16,BREAD,Pump CH,2,15,17,2,9,0,6,0,0,0,0,0,0,0
2018-11-16,BREAD,PUmp Cru,4,10,14,1,8,3,2,0,0,0,0,0,0,0
2018-11-16,BREAD,MEX CHOC,5,1,6,2,0,3,1,0,0,0,0,0,0,0
2018-11-16,ROLLS,Cinnamon,0,36,36,18,0,18,0,0,0,0,0,0,0,0
2018-11-16,ROLLS,Take-N-Bake,0,0,0,0,0,0,0,0,0,0,0,0,0,0
2018-11-16,ROLLS,Mini C-Roll,0,24,24,0,24,0,0,0,0,0,0,0,0,0
2018-11-16,SCONES,Blueberry,0,0,0,0,0,0,0,0,0,0,0,0,0,0
2018-11-16,SCONES,Rasp Cream,0,0,0,0,0,0,0,0,0,0,0,0,0,0
2018-11-16,SCONES,Cherry,0,15,15,7,0,8,0,0,2,2,2,0,0,0
2018-11-16,SCONES,Butt Almond,0,16,16,11,4,1,0,0,2,2,2,0,0,0
2018-11-16,SCONES,Turtle,0,0,0,0,0,0,0,0,0,0,0,0,0,0
2018-11-16,SCONES,Cin Chip,0,0,0,0,0,0,0,0,0,0,0,0,0,0
2018-11-16,SCONES,Pump Spice,0,12,12,5,0,7,0,0,2,2,2,0,0,0
2018-11-16,FRUIT BARS,Mixed Berry,0,8,8,0,0,8,0,0,0,0,0,0,0,0
2018-11-16,FRUIT BARS,Cherry,0,12,12,3,0,9,0,0,0,0,0,0,0,0
2018-11-16,FRUIT BARS,Apple Cin,0,0,0,0,0,0,0,0,0,0,0,0,0,0
2018-11-16,FRUIT BARS,MIXED FRUIT,0,0,0,0,0,0,0,0,0,0,0,0,0,0
2018-11-16,MUFFINS,BLUE STRU,0,10,10,5,3,2,0,0,2,2,2,0,0,0
2018-11-16,MUFFINS,Pump Choc,0,11,11,4,3,4,0,0,2,2,2,0,0,0
2018-11-16,MUFFINS,Pump Crumb,0,9,9,2,3,4,0,0,2,2,2,0,0,0
2018-11-16,MUFFINS,Mexican Choc,0,9,9,2,3,4,0,0,2,2,2,0,0,0
2018-11-16,MUFFINS,Cookies,0,0,0,0,0,0,0,0,0,0,0,0,0,0
2018-11-16,MUFFINS,Bars,0,0,0,0,0,0,0,0,0,0,0,0,0,0
2018-11-16,MUFFINS,Oatmeal CC,3,36,39,5,18,0,16,0,0,0,0,0,0,0
2018-11-16,MUFFINS,Turtle,17,6,23,14,0,9,0,0,0,0,0,0,0,0
2018-11-16,MUFFINS,Triple Choc,13,24,37,20,15,0,2,0,0,0,0,0,0,0
2018-11-16,MUFFINS,SNICKEDOODLE,0,36,36,10,13,0,13,0,0,0,0,0,0,0
2018-11-16,MUFFINS,frosted,10,6,16,9,0,3,4,0,0,0,0,0,0,0
2018-11-16,MUFFINS,Kahuna,0,0,0,0,0,0,0,0,0,0,0,0,0,0
2018-11-16,MUFFINS,Brownies,0,0,0,0,0,0,0,0,0,0,0,0,0,0
2018-11-16,MUFFINS,Pump Bars,13,10,23,-3,0,6,20,0,0,0,0,0,0,0
2018-11-16,MUFFINS,Pump OHHH,0,0,0,-6,0,0,6,0,0,0,-1,0,0,1
2018-11-16,MUFFINS,Bread Pudding,0,0,0,0,0,0,0,0,0,0,0,0,0,0
2018-11-16,MUFFINS,Totals,56,280,336,106,86,83,61,0,14,14,13,0,0,1
2018-11-17,BREAD,H,20,0,20,20,0,0,0,0,0,0,0,0,0,0
2018-11-17,BREAD,FR,28,0,28,17,0,11,0,0,0,0,0,0,0,0
2018-11-17,BREAD,GW,6,0,6,5,0,1,0,0,0,0,0,0,0,0
2018-11-17,BREAD,DK,0,0,0,0,0,0,0,0,0,0,0,0,0,0
2018-11-17,BREAD,H5,10,0,10,10,0,0,0,0,0,0,0,0,0,0
2018-11-17,BREAD,CSRWL,12,9,21,14,0,7,0,0,3,3,3,0,0,0
2018-11-17,BREAD,Pump SWRL,8,8,16,9,1,6,0,0,1,1,1,0,0,0
2018-11-17,BREAD,SO,0,9,9,7,2,0,0,0,4,4,4,0,0,0
2018-11-17,BREAD,CNE,4,0,4,3,0,1,0,2,0,2,0,0,0,0
2018-11-17,BREAD,CNR,2,0,2,2,0,0,0,0,0,0,0,0,0,0
2018-11-17,BREAD,CNW,0,0,0,0,0,0,0,0,0,0,0,0,0,0
2018-11-17,BREAD,CG,19,0,19,5,0,14,0,6,0,6,1,0,0,0
2018-11-17,BREAD,PESTO CG,1,0,1,1,0,0,0,0,0,0,0,0,0,0
2018-11-17,BREAD,VS,7,0,7,7,0,0,0,2,0,2,2,0,0,0
2018-11-17,BREAD,CrO,0,0,0,0,0,0,0,0,0,0,0,0,0,0
2018-11-17,BREAD,CH,0,0,0,0,0,0,0,0,0,0,0,0,0,0
2018-11-17,BREAD,SOURDOUGH,0,0,0,0,0,0,0,0,0,0,0,0,0,0
2018-11-17,BREAD,SOUR CC,2,0,2,1,0,1,0,0,0,0,0,0,0,0
2018-11-17,BREAD,cj,0,0,0,0,0,0,0,0,0,0,0,0,0,0
2018-11-17,BREAD,Sour RG,2,0,2,2,0,0,0,0,0,0,0,0,0,0
2018-11-17,BREAD,BO,2,0,2,2,0,0,0,0,0,0,0,0,0,0
2018-11-17,BREAD,CB,0,23,23,12,1,10,0,0,7,7,6,0,0,0
2018-11-17,BREAD,STUF,25,0,25,21,0,4,0,0,0,0,0,0,0,0
2018-11-17,BREAD,TURKEY,5,0,5,0,0,5,0,0,0,0,0,0,0,0
2018-11-17,BREAD,BUT-RLS,15,0,15,13,0,2,0,0,0,0,0,0,0,0
2018-11-17,BREAD,CRO-RLS,0,0,0,0,0,0,0,0,0,0,0,0,0,0
2018-11-17,BREAD,H-RLS,4,0,4,4,0,0,0,0,0,0,0,0,0,0
2018-11-17,BREAD,FR-RLS,0,0,0,0,0,0,0,0,0,0,0,0,0,0
2018-11-17,BREAD,VS-RLS,5,0,5,5,0,0,0,0,0,0,0,0,0,0
2018-11-17,BREAD,BLUE STRU,3,1,4,3,0,1,0,0,0,0,0,0,0,0
2018-11-17,BREAD,Pump CH,6,0,6,2,1,3,0,0,0,0,0,0,0,0
2018-11-17,BREAD,PUmp Cru,2,2,4,3,0,1,0,0,0,0,0,0,0,0
2018-11-17,BREAD,MEX CHOC,1,4,5,1,1,3,0,0,0,0,0,0,0,0
2018-11-17,ROLLS,Cinnamon,0,60,60,52,0,8,0,0,0,0,0,0,0,0
2018-11-17,ROLLS,Take-N-Bake,0,0,0,0,0,0,0,0,0,0,0,0,0,0
2018-11-17,ROLLS,Mini C-Roll,0,0,0,0,0,0,0,0,0,0,0,0,0,0
2018-11-17,SCONES,Blueberry,0,22,22,22,0,0,0,0,2,2,2,0,0,0
2018-11-17,SCONES,Rasp Cream,0,0,0,0,0,0,0,0,0,0,0,0,0,0
2018-11-17,SCONES,Cherry,0,0,0,0,0,0,0,0,0,0,0,0,0,0
2018-11-17,SCONES,Butt Almond,0,17,17,16,0,1,0,0,2,2,2,0,0,0
2018-11-17,SCONES,Turtle,0,0,0,0,0,0,0,0,0,0,0,0,0,0
2018-11-17,SCONES,Cin Chip,0,0,0,0,0,0,0,0,0,0,0,0,0,0
2018-11-17,SCONES,Pump Spice,0,14,14,8,6,0,0,0,2,2,1,0,0,0
2018-11-17,FRUIT BARS,Mixed Berry,0,0,0,0,0,0,0,0,0,0,0,0,0,0
2018-11-17,FRUIT BARS,Cherry,0,0,0,0,0,0,0,0,0,0,0,0,0,0
2018-11-17,FRUIT BARS,Apple Cin,0,12,12,8,0,4,0,0,0,0,0,0,0,0
2018-11-17,FRUIT BARS,MIXED FRUIT,0,8,8,8,0,0,0,0,0,0,0,0,0,0
2018-11-17,MUFFINS,BLUE STRU,0,8,8,8,0,0,0,0,2,2,2,0,0,0
2018-11-17,MUFFINS,Pump Choc,0,10,10,10,0,0,0,0,2,2,2,0,0,0
2018-11-17,MUFFINS,Pump Crumb,0,6,6,4,0,2,0,0,2,2,1,0,0,0
2018-11-17,MUFFINS,Mex Choc,0,8,8,6,0,2,0,0,2,2,1,0,0,0
2018-11-17,MUFFINS,Cookies,0,0,0,0,0,0,0,0,0,0,0,0,0,0
2018-11-17,MUFFINS,Bars,0,0,0,0,0,0,0,0,0,0,0,0,0,0
2018-11-17,MUFFINS,Oatmeal CC,16,0,16,8,4,4,0,0,0,0,0,0,0,0
2018-11-17,MUFFINS,Turtle,0,12,12,8,0,4,0,0,0,0,0,0,0,0
2018-11-17,MUFFINS,Triple Choc,2,18,20,6,7,7,0,0,0,0,0,0,0,0
2018-11-17,MUFFINS,SNICKEDOODLE,13,0,13,12,1,0,0,0,0,0,0,0,0,0
2018-11-17,MUFFINS,frosted,4,6,10,7,0,3,0,0,0,0,0,0,0,0
2018-11-17,MUFFINS,Kahuna,0,0,0,0,0,0,0,0,0,0,0,0,0,0
2018-11-17,MUFFINS,Brownies,0,0,0,0,0,0,0,0,0,0,0,0,0,0
2018-11-17,MUFFINS,Pump Bars,20,0,20,10,0,10,0,0,0,0,0,0,0,0
2018-11-17,MUFFINS,Pump OHHH,6,0,6,-16,0,0,22,1,0,1,-9,0,0,10
2018-11-17,MUFFINS,Bread Pudding,0,0,0,0,0,0,0,0,0,0,0,0,0,0
2018-11-17,MUFFINS,Totals,61,201,262,177,18,45,22,1,14,15,2,0,0,10
2018-11-18,BREAD,H,0,0,0,0,0,0,0,0,0,0,0,0,0,0
2018-11-18,BREAD,FR,0,0,0,0,0,0,0,0,0,0,0,0,0,0
2018-11-18,BREAD,GW,0,0,0,0,0,0,0,0,0,0,0,0,0,0
2018-11-18,BREAD,DK,0,0,0,0,0,0,0,0,0,0,0,0,0,0
2018-11-18,BREAD,H5,0,0,0,0,0,0,0,0,0,0,0,0,0,0
2018-11-18,BREAD,CSRWL,0,0,0,0,0,0,0,0,0,0,0,0,0,0
2018-11-18,BREAD,Pump SWRL,0,0,0,0,0,0,0,0,0,0,0,0,0,0
2018-11-18,BREAD,SO,0,0,0,0,0,0,0,0,0,0,0,0,0,0
2018-11-18,BREAD,CNE,0,0,0,0,0,0,0,0,0,0,0,0,0,0
2018-11-18,BREAD,CNR,0,0,0,0,0,0,0,0,0,0,0,0,0,0
2018-11-18,BREAD,CNW,0,0,0,0,0,0,0,0,0,0,0,0,0,0
2018-11-18,BREAD,CG,0,0,0,0,0,0,0,0,0,0,0,0,0,0
2018-11-18,BREAD,PESTO CG,0,0,0,0,0,0,0,0,0,0,0,0,0,0
2018-11-18,BREAD,VS,0,0,0,0,0,0,0,0,0,0,0,0,0,0
2018-11-18,BREAD,CH,0,0,0,0,0,0,0,0,0,0,0,0,0,0
2018-11-18,BREAD,SOURDOUGH,0,0,0,0,0,0,0,0,0,0,0,0,0,0
2018-11-18,BREAD,SOUR CC,0,0,0,0,0,0,0,0,0,0,0,0,0,0
2018-11-18,BREAD,SOUR CJ,0,0,0,0,0,0,0,0,0,0,0,0,0,0
2018-11-18,BREAD,SOUR RG,0,0,0,0,0,0,0,0,0,0,0,0,0,0
2018-11-18,BREAD,SOUR BORG,0,0,0,0,0,0,0,0,0,0,0,0,0,0
2018-11-18,BREAD,Car,0,0,0,0,0,0,0,0,0,0,0,0,0,0
2018-11-18,BREAD,IHF,0,0,0,0,0,0,0,0,0,0,0,0,0,0
2018-11-18,BREAD,GW BUNS,0,0,0,0,0,0,0,0,0,0,0,0,0,0
2018-11-18,BREAD,TURKEY,0,0,0,0,0,0,0,0,0,0,0,0,0,0
2018-11-18,BREAD,BUT-RLS,0,0,0,0,0,0,0,0,0,0,0,0,0,0
2018-11-18,BREAD,CRO-RLS,0,0,0,0,0,0,0,0,0,0,0,0,0,0
2018-11-18,BREAD,H-RLS,0,0,0,0,0,0,0,0,0,0,0,0,0,0
2018-11-18,BREAD,FR-RLS,0,0,0,0,0,0,0,0,0,0,0,0,0,0
2018-11-18,BREAD,VS-RLS,0,0,0,0,0,0,0,0,0,0,0,0,0,0
2018-11-18,BREAD,BLUE STRU,0,0,0,0,0,0,0,0,0,0,0,0,0,0
2018-11-18,BREAD,Pump CH,0,0,0,0,0,0,0,0,0,0,0,0,0,0
2018-11-18,BREAD,PUmp Cru,0,0,0,0,0,0,0,0,0,0,0,0,0,0
2018-11-18,BREAD,MEX CHOC,0,0,0,0,0,0,0,0,0,0,0,0,0,0
2018-11-18,ROLLS,Cinnamon,0,0,0,0,0,0,0,0,0,0,0,0,0,0
2018-11-18,ROLLS,Take-N-Bake,0,0,0,0,0,0,0,0,0,0,0,0,0,0
2018-11-18,ROLLS,Mini C-Roll,0,0,0,0,0,0,0,0,0,0,0,0,0,0
2018-11-18,SCONES,Blueberry,0,0,0,0,0,0,0,0,0,0,0,0,0,0
2018-11-18,SCONES,Rasp Cream,0,0,0,0,0,0,0,0,0,0,0,0,0,0
2018-11-18,SCONES,Cherry,0,0,0,0,0,0,0,0,0,0,0,0,0,0
2018-11-18,SCONES,Butt Almond,0,0,0,0,0,0,0,0,0,0,0,0,0,0
2018-11-18,SCONES,Turtle,0,0,0,0,0,0,0,0,0,0,0,0,0,0
2018-11-18,SCONES,Cin Chip,0,0,0,0,0,0,0,0,0,0,0,0,0,0
2018-11-18,SCONES,Pump Spice,0,0,0,0,0,0,0,0,0,0,0,0,0,0
2018-11-18,FRUIT BARS,Mixed Berry,0,0,0,0,0,0,0,0,0,0,0,0,0,0
2018-11-18,FRUIT BARS,Cherry,0,0,0,0,0,0,0,0,0,0,0,0,0,0
2018-11-18,FRUIT BARS,Apple Cin,0,0,0,0,0,0,0,0,0,0,0,0,0,0
2018-11-18,FRUIT BARS,MIXED FRUIT,0,0,0,0,0,0,0,0,0,0,0,0,0,0
2018-11-18,MUFFINS,BLUE STRU,0,0,0,0,0,0,0,0,0,0,0,0,0,0
2018-11-18,MUFFINS,Pump Choc,0,0,0,0,0,0,0,0,0,0,0,0,0,0
2018-11-18,MUFFINS,Pump Crumb,0,0,0,0,0,0,0,0,0,0,0,0,0,0
2018-11-18,MUFFINS,Mex Choc,0,0,0,0,0,0,0,0,0,0,0,0,0,0
2018-11-18,MUFFINS,Cookies,0,0,0,0,0,0,0,0,0,0,0,0,0,0
2018-11-18,MUFFINS,Bars,0,0,0,0,0,0,0,0,0,0,0,0,0,0
2018-11-18,MUFFINS,Oatmeal CC,0,0,0,0,0,0,0,0,0,0,0,0,0,0
2018-11-18,MUFFINS,Turtle,0,0,0,0,0,0,0,0,0,0,0,0,0,0
2018-11-18,MUFFINS,Triple Choc,0,0,0,0,0,0,0,0,0,0,0,0,0,0
2018-11-18,MUFFINS,SNICKEDOODLE,0,0,0,0,0,0,0,0,0,0,0,0,0,0
2018-11-18,MUFFINS,frosted,0,0,0,0,0,0,0,0,0,0,0,0,0,0
2018-11-18,MUFFINS,Kahuna,0,0,0,0,0,0,0,0,0,0,0,0,0,0
2018-11-18,MUFFINS,Brownies,0,0,0,0,0,0,0,0,0,0,0,0,0,0
2018-11-18,MUFFINS,Pump Bars,0,0,0,0,0,0,0,0,0,0,0,0,0,0
2018-11-18,MUFFINS,Pump OHHH,22,0,22,22,0,0,0,10,0,10,10,0,0,0
2018-11-18,MUFFINS,Bread Pudding,0,0,0,0,0,0,0,0,0,0,0,0,0,0
2018-11-18,MUFFINS,Totals,22,0,22,22,0,0,0,10,0,10,10,0,0,0
2018-11-19,BREAD,H,0,32,32,23,3,0,6,0,0,0,0,0,0,0
2018-11-19,BREAD,FR,0,70,70,13,42,0,15,0,0,0,0,0,0,0
2018-11-19,BREAD,GW,0,8,8,7,0,0,1,0,0,0,0,0,0,0
2018-11-19,BREAD,DK,0,44,44,18,3,0,23,0,0,0,0,0,0,0
2018-11-19,BREAD,H5,0,0,0,0,0,0,0,0,0,0,0,0,0,0
2018-11-19,BREAD,CSRWL,0,24,24,18,2,0,4,0,3,3,1,0,0,2
2018-11-19,BREAD,Pump SWRL,0,16,16,5,0,0,11,0,3,3,1,0,0,2
2018-11-19,BREAD,SO,0,0,0,0,0,0,0,0,0,0,0,0,0,0
2018-11-19,BREAD,CNE,0,29,29,14,2,0,13,0,4,4,2,0,0,2
2018-11-19,BREAD,CNR,0,8,8,1,4,0,3,0,0,0,0,0,0,0
2018-11-19,BREAD,CNW,0,8,8,1,3,0,4,0,0,0,0,0,0,0
2018-11-19,BREAD,CG,0,0,0,0,0,0,0,0,0,0,0,0,0,0
2018-11-19,BREAD,PESTO CG,0,0,0,0,0,0,0,0,0,0,0,0,0,0
2018-11-19,BREAD,VS,0,28,28,5,1,0,22,0,4,4,4,0,0,0
2018-11-19,BREAD,CrO,0,19,19,10,0,0,9,0,4,4,0,0,0,4
2018-11-19,BREAD,CH,0,0,0,0,0,0,0,0,0,0,0,0,0,0
2018-11-19,BREAD,SOURDOUGH,0,0,0,0,0,0,0,0,0,0,0,0,0,0
2018-11-19,BREAD,SOUR CC,0,0,0,0,0,0,0,0,0,0,0,0,0,0
2018-11-19,BREAD,cj,0,0,0,0,0,0,0,0,0,0,0,0,0,0
2018-11-19,BREAD,Sour RG,0,0,0,0,0,0,0,0,0,0,0,0,0,0
2018-11-19,BREAD,BO,0,0,0,0,0,0,0,0,0,0,0,0,0,0
2018-11-19,BREAD,CB,0,23,23,7,0,0,16,0,6,6,2,0,0,4
2018-11-19,BREAD,STUF,0,0,0,0,0,0,0,0,0,0,0,0,0,0
2018-11-19,BREAD,GF,0,63,63,63,0,0,0,0,0,0,0,0,0,0
2018-11-19,BREAD,TURKEY,0,12,12,5,2,0,5,0,0,0,0,0,0,0
2018-11-19,BREAD,BUT-RLS,0,42,42,30,8,0,4,0,0,0,0,0,0,0
2018-11-19,BREAD,CRO-RLS,0,30,30,2,0,0,28,0,0,0,0,0,0,0
2018-11-19,BREAD,H-RLS,0,24,24,7,2,0,15,0,0,0,0,0,0,0
2018-11-19,BREAD,FR-RLS,0,2,2,0,2,0,0,0,0,0,0,0,0,0
2018-11-19,BREAD,VS-RLS,0,24,24,17,0,0,7,0,0,0,0,0,0,0
2018-11-19,BREAD,BLUE STRU,0,6,6,2,0,0,4,0,0,0,0,0,0,0
2018-11-19,BREAD,Pump CH,0,8,8,1,0,0,7,0,0,0,0,0,0,0
2018-11-19,BREAD,PUmp Cru,0,4,4,2,0,0,2,0,0,0,0,0,0,0
2018-11-19,BREAD,MEX CHOC,0,8,8,2,1,0,5,0,0,0,0,0,0,0
2018-11-19,ROLLS,Cinnamon,0,36,36,36,0,0,0,0,0,0,0,0,0,0
2018-11-19,ROLLS,Take-N-Bake,0,0,0,0,0,0,0,0,0,0,0,0,0,0
2018-11-19,ROLLS,Mini C-Roll,0,24,24,0,0,24,0,0,0,0,0,0,0,0
2018-11-19,SCONES,Blueberry,0,0,0,0,0,0,0,0,0,0,0,0,0,0
2018-11-19,SCONES,Rasp Cream,0,17,17,15,0,2,0,0,2,2,2,0,0,0
2018-11-19,SCONES,Cherry,0,0,0,0,0,0,0,0,0,0,0,0,0,0
2018-11-19,SCONES,Butt Almond,0,0,0,0,0,0,0,0,0,0,0,0,0,0
2018-11-19,SCONES,Turtle,0,0,0,0,0,0,0,0,0,0,0,0,0,0
2018-11-19,SCONES,Cin Chip,0,13,13,5,0,8,0,0,10,10,0,0,0,0
2018-11-19,SCONES,Pump Spice,0,12,12,8,0,4,0,0,2,2,-1,0,0,0
2018-11-19,FRUIT BARS,Mixed Berry,0,8,8,3,0,5,0,0,0,0,0,0,0,0
2018-11-19,FRUIT BARS,Cherry,0,12,12,8,0,4,0,0,0,0,0,0,0,0
2018-11-19,FRUIT BARS,Apple Cin,0,0,0,0,0,0,0,0,0,0,0,0,0,0
2018-11-19,FRUIT BARS,MIXED FRUIT,0,0,0,0,0,0,0,0,0,0,0,0,0,0
2018-11-19,MUFFINS,BLUE STRU,0,5,5,3,0,2,0,0,1,1,0,0,0,0
2018-11-19,MUFFINS,Pump Choc,0,7,7,7,0,0,0,0,1,1,1,0,0,0
2018-11-19,MUFFINS,Pump Crumb,0,5,5,3,0,2,0,0,1,1,0,0,0,0
2018-11-19,MUFFINS,Mex Choc,0,7,7,2,0,5,0,0,1,1,0,0,0,0
2018-11-19,MUFFINS,Cookies,0,0,0,0,0,0,0,0,0,0,0,0,0,0
2018-11-19,MUFFINS,Bars,0,0,0,0,0,0,0,0,0,0,0,0,0,0
2018-11-19,MUFFINS,Oatmeal CC,0,36,36,10,11,0,15,0,0,0,0,0,0,0
2018-11-19,MUFFINS,Turtle,0,24,24,1,3,0,20,0,0,0,0,0,0,0
2018-11-19,MUFFINS,Triple Choc,0,36,36,9,10,0,17,0,0,0,0,0,0,0
2018-11-19,MUFFINS,SNICKEDOODLE,0,36,36,5,11,0,20,0,0,0,0,0,0,0
2018-11-19,MUFFINS,frosted,0,10,10,8,0,0,2,0,0,0,0,0,0,0
2018-11-19,MUFFINS,Kahuna,0,0,0,0,0,0,0,0,0,0,0,0,0,0
2018-11-19,MUFFINS,Brownies,0,0,0,0,0,0,0,0,0,0,0,0,0,0
2018-11-19,MUFFINS,Pump Bars,0,10,10,3,0,0,7,0,0,0,0,0,0,0
2018-11-19,MUFFINS,Pump OHHH,22,0,22,22,0,0,0,10,0,10,10,0,0,0
2018-11-19,MUFFINS,Bread Pudding,0,0,0,0,0,0,0,0,0,0,0,0,0,0
2018-11-19,MUFFINS,Totals,22,298,320,148,35,56,81,10,18,28,12,0,0,0
2018-11-20,BREAD,H,6,63,69,20,1,0,48,0,0,0,0,0,0,0
2018-11-20,BREAD,FR,15,109,124,36,45,0,43,0,0,0,0,0,0,0
2018-11-20,BREAD,GW,1,7,8,8,0,0,0,0,0,0,0,0,0,0
2018-11-20,BREAD,DK,23,28,51,27,0,0,24,0,0,0,0,0,0,0
2018-11-20,BREAD,H5,0,0,0,0,0,0,0,0,0,0,0,0,0,0
2018-11-20,BREAD,CSRWL,4,36,40,33,5,0,2,2,4,6,3,0,0,3
2018-11-20,BREAD,Pump SWRL,11,12,23,22,0,0,1,2,2,4,4,0,0,0
2018-11-20,BREAD,SO,0,0,0,0,0,0,0,0,0,0,0,0,0,0
2018-11-20,BREAD,CNE,13,43,56,24,0,0,32,2,4,6,4,0,0,2
2018-11-20,BREAD,CNR,3,0,3,3,0,0,0,0,0,0,0,0,0,0
2018-11-20,BREAD,CNW,4,0,4,4,0,0,0,0,0,0,0,0,0,0
2018-11-20,BREAD,CG,0,0,0,0,0,0,0,0,0,0,0,0,0,0
2018-11-20,BREAD,PESTO CG,0,0,0,0,0,0,0,0,0,0,0,0,0,0
2018-11-20,BREAD,VS,22,22,44,16,0,7,21,0,7,7,1,0,0,6
2018-11-20,BREAD,CrO,9,20,29,25,0,0,4,4,4,8,7,0,0,1
2018-11-20,BREAD,CH,0,0,0,0,0,0,0,0,0,0,0,0,0,0
2018-11-20,BREAD,SOURDOUGH,0,0,0,0,0,0,0,0,0,0,0,0,0,0
2018-11-20,BREAD,SOUR CC,0,0,0,0,0,0,0,0,0,0,0,0,0,0
2018-11-20,BREAD,cj,0,0,0,0,0,0,0,0,0,0,0,0,0,0
2018-11-20,BREAD,Sour RG,0,0,0,0,0,0,0,0,0,0,0,0,0,0
2018-11-20,BREAD,BO,0,0,0,0,0,0,0,0,0,0,0,0,0,0
2018-11-20,BREAD,CB,16,41,57,20,0,4,33,4,7,11,8,0,0,3
2018-11-20,BREAD,STUF,0,81,81,27,0,0,54,0,0,0,0,0,0,0
2018-11-20,BREAD,TURKEY,5,36,41,31,0,0,10,0,0,0,0,0,0,0
2018-11-20,BREAD,BUT-RLS,4,174,178,114,0,0,64,0,0,0,0,0,0,0
2018-11-20,BREAD,CRO-RLS,28,66,94,65,0,0,29,0,0,0,0,0,0,0
2018-11-20,BREAD,H-RLS,15,78,93,28,0,0,65,0,0,0,0,0,0,0
2018-11-20,BREAD,FR-RLS,0,0,0,0,0,0,0,0,0,0,0,0,0,0
2018-11-20,BREAD,VS-RLS,7,48,55,35,0,0,20,0,0,0,0,0,0,0
2018-11-20,BREAD,BLUE STRU,4,1,5,2,0,2,1,0,0,0,0,0,0,0
2018-11-20,BREAD,Pump CH,7,1,8,6,1,1,0,0,0,0,0,0,0,0
2018-11-20,BREAD,PUmp Cru,2,7,9,1,5,2,1,0,0,0,0,0,0,0
2018-11-20,BREAD,MEX CHOC,5,7,12,1,5,5,1,0,0,0,0,0,0,0
2018-11-20,ROLLS,Cinnamon,0,36,36,36,0,0,0,0,0,0,0,0,0,0
2018-11-20,ROLLS,Take-N-Bake,0,0,0,0,0,0,0,0,0,0,0,0,0,0
2018-11-20,ROLLS,Mini C-Roll,0,144,144,0,144,0,0,0,0,0,0,0,0,0
2018-11-20,SCONES,Blueberry,0,16,16,12,0,4,0,0,22,22,0,0,0,0
2018-11-20,SCONES,Rasp Cream,0,0,0,0,0,0,0,0,0,0,0,0,0,0
2018-11-20,SCONES,Cherry,0,0,0,0,0,0,0,0,0,0,0,0,0,0
2018-11-20,SCONES,Butt Almond,0,0,0,0,0,0,0,0,0,0,0,0,0,0
2018-11-20,SCONES,Turtle,0,0,0,0,0,0,0,0,0,0,0,0,0,0
2018-11-20,SCONES,Cin Chip,0,15,15,11,0,4,0,0,17,17,0,0,0,0
2018-11-20,SCONES,Pump Spice,0,8,8,8,0,0,0,0,17,17,2,0,0,0
2018-11-20,FRUIT BARS,Mixed Berry,0,8,8,4,4,0,0,0,0,0,0,0,0,0
2018-11-20,FRUIT BARS,Cherry,0,12,12,6,6,0,0,0,0,0,0,0,0,0
2018-11-20,FRUIT BARS,Apple Cin,0,12,12,6,6,0,0,0,0,0,0,0,0,0
2018-11-20,FRUIT BARS,MIXED FRUIT,0,8,8,4,4,0,0,0,0,0,0,0,0,0
2018-11-20,MUFFINS,BLUE STRU,0,6,6,6,0,0,0,0,27,27,2,0,0,0
2018-11-20,MUFFINS,Pump Choc,0,8,8,8,0,0,0,0,27,27,1,0,0,0
2018-11-20,MUFFINS,Pump Crumb,0,6,6,2,0,4,0,0,2,2,0,0,0,0
2018-11-20,MUFFINS,Mex Choc,0,8,8,8,0,0,0,0,2,2,2,0,0,0
2018-11-20,MUFFINS,Cookies,0,0,0,0,0,0,0,0,0,0,0,0,0,0
2018-11-20,MUFFINS,Bars,0,0,0,0,0,0,0,0,0,0,0,0,0,0
2018-11-20,MUFFINS,Oatmeal CC,15,12,27,19,1,0,7,0,0,0,0,0,0,0
2018-11-20,MUFFINS,Turtle,20,12,32,30,0,0,2,0,0,0,0,0,0,0
2018-11-20,MUFFINS,Triple Choc,17,12,29,28,1,0,0,0,0,0,0,0,0,0
2018-11-20,MUFFINS,SNICKEDOODLE,20,12,32,31,1,0,0,0,0,0,0,0,0,0
2018-11-20,MUFFINS,frosted,2,12,14,8,0,0,6,0,0,0,0,0,0,0
2018-11-20,MUFFINS,Kahuna,0,0,0,0,0,0,0,0,0,0,0,0,0,0
2018-11-20,MUFFINS,Brownies,0,20,20,10,0,0,10,0,0,0,0,0,0,0
2018-11-20,MUFFINS,Pump Bars,7,0,7,-2,0,2,7,0,0,0,0,0,0,0
2018-11-20,MUFFINS,Pump OHHH,0,0,0,-12,0,0,12,0,0,0,0,0,0,0
2018-11-20,MUFFINS,Bread Pudding,0,0,0,0,0,0,0,0,0,0,0,0,0,0
2018-11-20,MUFFINS,Totals,81,367,448,223,167,14,44,0,114,114,7,0,0,0
2018-11-21,BREAD,H,48,13,61,50,0,11,0,0,0,0,0,0,0,0
2018-11-21,BREAD,FR,43,0,43,31,0,12,0,0,0,0,0,0,0,0
2018-11-21,BREAD,GW,0,8,8,6,0,2,0,0,0,0,0,0,0,0
2018-11-21,BREAD,DK,24,0,24,22,0,2,0,0,0,0,0,0,0,0
2018-11-21,BREAD,H5,0,0,0,0,0,0,0,0,0,0,0,0,0,0
2018-11-21,BREAD,CSRWL,2,52,54,44,6,4,0,3,4,7,0,0,0,0
2018-11-21,BREAD,Pump SWRL,1,32,33,20,4,9,0,0,8,8,-3,0,0,0
2018-11-21,BREAD,SO,0,0,0,0,0,0,0,0,0,0,0,0,0,0
2018-11-21,BREAD,CNE,32,0,32,19,0,13,0,2,0,2,-2,0,0,0
2018-11-21,BREAD,CNR,0,0,0,0,0,0,0,0,0,0,0,0,0,0
2018-11-21,BREAD,CNW,0,0,0,0,0,0,0,0,0,0,0,0,0,0
2018-11-21,BREAD,CG,0,0,0,0,0,0,0,0,0,0,0,0,0,0
2018-11-21,BREAD,PESTO CG,0,0,0,0,0,0,0,0,0,0,0,0,0,0
2018-11-21,BREAD,VS,21,27,48,22,0,26,0,6,3,9,2,0,0,0
2018-11-21,BREAD,CrO,4,25,29,19,0,10,0,1,4,5,0,0,0,0
2018-11-21,BREAD,CH,0,0,0,0,0,0,0,0,0,0,0,0,0,0
2018-11-21,BREAD,SOURDOUGH,0,0,0,0,0,0,0,0,0,0,0,0,0,0
2018-11-21,BREAD,SOUR CC,0,0,0,0,0,0,0,0,0,0,0,0,0,0
2018-11-21,BREAD,cj,0,0,0,0,0,0,0,0,0,0,0,0,0,0
2018-11-21,BREAD,Sour RG,0,0,0,0,0,0,0,0,0,0,0,0,0,0
2018-11-21,BREAD,BO,0,0,0,0,0,0,0,0,0,0,0,0,0,0
2018-11-21,BREAD,CB,33,0,33,24,0,9,0,3,0,3,3,0,0,0
2018-11-21,BREAD,STUF,54,0,54,17,0,37,0,0,0,0,0,0,0,0
2018-11-21,BREAD,TURKEY,10,18,28,22,0,6,0,0,0,0,0,0,0,0
2018-11-21,BREAD,BUT-RLS,64,234,298,285,0,13,0,0,0,0,0,0,0,0
2018-11-21,BREAD,CRO-RLS,29,18,47,15,0,32,0,0,0,0,0,0,0,0
2018-11-21,BREAD,H-RLS,65,60,125,96,0,29,0,0,0,0,0,0,0,0
2018-11-21,BREAD,FR-RLS,0,0,0,0,0,0,0,0,0,0,0,0,0,0
2018-11-21,BREAD,VS-RLS,20,60,80,70,0,10,0,0,0,0,0,0,0,0
2018-11-21,BREAD,BLUE STRU,1,5,6,5,0,1,0,0,0,0,0,0,0,0
2018-11-21,BREAD,Pump CH,0,17,17,16,1,0,0,0,0,0,0,0,0,0
2018-11-21,BREAD,PUmp Cru,1,6,7,1,0,6,0,0,0,0,0,0,0,0
2018-11-21,BREAD,MEX CHOC,1,2,3,2,0,1,0,0,0,0,0,0,0,0
2018-11-21,ROLLS,Cinnamon,0,168,168,131,0,37,0,0,0,0,0,0,0,0
2018-11-21,ROLLS,Take-N-Bake,0,0,0,0,0,0,0,0,0,0,0,0,0,0
2018-11-21,ROLLS,Mini C-Roll,0,24,24,24,0,0,0,0,0,0,0,0,0,0
2018-11-21,SCONES,Blueberry,0,0,0,0,0,0,0,0,0,0,0,0,0,0
2018-11-21,SCONES,Rasp Cream,0,35,35,28,4,3,0,0,4,4,4,0,0,0
2018-11-21,SCONES,Cherry,0,0,0,0,0,0,0,0,0,0,0,0,0,0
2018-11-21,SCONES,Butt Almond,0,0,0,0,0,0,0,0,0,0,0,0,0,0
2018-11-21,SCONES,Turtle,0,33,33,20,0,13,0,0,4,4,4,0,0,0
2018-11-21,SCONES,Cin Chip,0,0,0,0,0,0,0,0,0,0,0,0,0,0
2018-11-21,SCONES,Pump Spice,0,19,19,16,0,3,0,0,4,4,4,0,0,0
2018-11-21,FRUIT BARS,Mixed Berry,0,8,8,2,4,2,0,0,0,0,0,0,0,0
2018-11-21,FRUIT BARS,Cherry,0,12,12,8,4,0,0,0,0,0,0,0,0,0
2018-11-21,FRUIT BARS,Apple Cin,0,12,12,12,0,0,0,0,0,0,0,0,0,0
2018-11-21,FRUIT BARS,MIXED FRUIT,0,8,8,8,0,0,0,0,0,0,0,0,0,0
2018-11-21,MUFFINS,BLUE STRU,0,14,14,10,0,4,0,0,2,2,2,0,0,0
2018-11-21,MUFFINS,Pump Choc,0,18,18,7,0,11,0,0,2,2,2,0,0,0
2018-11-21,MUFFINS,Pump Crumb,0,16,16,3,2,11,0,0,2,2,2,0,0,0
2018-11-21,MUFFINS,Mex Choc,0,8,8,1,0,7,0,0,2,2,2,0,0,0
2018-11-21,MUFFINS,Cookies,0,0,0,0,0,0,0,0,0,0,0,0,0,0
2018-11-21,MUFFINS,Bars,0,0,0,0,0,0,0,0,0,0,0,0,0,0
2018-11-21,MUFFINS,Oatmeal CC,7,18,25,25,0,0,0,0,0,0,0,0,0,0
2018-11-21,MUFFINS,Turtle,2,18,20,-4,0,24,0,0,0,0,0,0,0,0
2018-11-21,MUFFINS,Triple Choc,0,24,24,16,0,8,0,0,0,0,0,0,0,0
2018-11-21,MUFFINS,SNICKEDOODLE,0,24,24,11,0,13,0,0,0,0,0,0,0,0
2018-11-21,MUFFINS,frosted,6,12,18,9,0,9,0,0,0,0,0,0,0,0
2018-11-21,MUFFINS,Kahuna,0,0,0,0,0,0,0,0,0,0,0,0,0,0
2018-11-21,MUFFINS,Brownies,10,0,10,5,0,5,0,0,0,0,0,0,0,0
2018-11-21,MUFFINS,Pump Bars,7,20,27,-1,0,28,0,0,0,0,0,0,0,0
2018-11-21,MUFFINS,Pump OHHH,12,0,12,11,0,1,0,0,0,0,-1,0,0,0
2018-11-21,MUFFINS,Bread Pudding,0,0,0,0,0,0,0,0,0,0,0,0,0,0
2018-11-21,MUFFINS,Totals,44,491,535,342,14,179,0,0,20,20,19,0,0,0
2018-11-22,BREAD,H,0,0,0,0,0,0,0,0,0,0,0,0,0,0
2018-11-22,BREAD,FR,0,0,0,0,0,0,0,0,0,0,0,0,0,0
2018-11-22,BREAD,GW,0,0,0,0,0,0,0,0,0,0,0,0,0,0
2018-11-22,BREAD,DK,0,0,0,0,0,0,0,0,0,0,0,0,0,0
2018-11-22,BREAD,H5,0,0,0,0,0,0,0,0,0,0,0,0,0,0
2018-11-22,BREAD,CSRWL,0,0,0,0,0,0,0,0,0,0,0,0,0,0
2018-11-22,BREAD,Pump SWRL,0,0,0,0,0,0,0,0,0,0,0,0,0,0
2018-11-22,BREAD,SO,0,0,0,0,0,0,0,0,0,0,0,0,0,0
2018-11-22,BREAD,CNE,0,0,0,0,0,0,0,0,0,0,0,0,0,0
2018-11-22,BREAD,CNR,0,0,0,0,0,0,0,0,0,0,0,0,0,0
2018-11-22,BREAD,CNW,0,0,0,0,0,0,0,0,0,0,0,0,0,0
2018-11-22,BREAD,CG,0,0,0,0,0,0,0,0,0,0,0,0,0,0
2018-11-22,BREAD,PESTO CG,0,0,0,0,0,0,0,0,0,0,0,0,0,0
2018-11-22,BREAD,VS,0,0,0,0,0,0,0,0,0,0,0,0,0,0
2018-11-22,BREAD,CH,0,0,0,0,0,0,0,0,0,0,0,0,0,0
2018-11-22,BREAD,SOURDOUGH,0,0,0,0,0,0,0,0,0,0,0,0,0,0
2018-11-22,BREAD,SOUR CC,0,0,0,0,0,0,0,0,0,0,0,0,0,0
2018-11-22,BREAD,SOUR CJ,0,0,0,0,0,0,0,0,0,0,0,0,0,0
2018-11-22,BREAD,SOUR RG,0,0,0,0,0,0,0,0,0,0,0,0,0,0
2018-11-22,BREAD,SOUR BORG,0,0,0,0,0,0,0,0,0,0,0,0,0,0
2018-11-22,BREAD,Car,0,0,0,0,0,0,0,0,0,0,0,0,0,0
2018-11-22,BREAD,IHF,0,0,0,0,0,0,0,0,0,0,0,0,0,0
2018-11-22,BREAD,GW BUNS,0,0,0,0,0,0,0,0,0,0,0,0,0,0
2018-11-22,BREAD,TURKEY,0,0,0,0,0,0,0,0,0,0,0,0,0,0
2018-11-22,BREAD,BUT-RLS,0,0,0,0,0,0,0,0,0,0,0,0,0,0
2018-11-22,BREAD,CRO-RLS,0,0,0,0,0,0,0,0,0,0,0,0,0,0
2018-11-22,BREAD,H-RLS,0,0,0,0,0,0,0,0,0,0,0,0,0,0
2018-11-22,BREAD,FR-RLS,0,0,0,0,0,0,0,0,0,0,0,0,0,0
2018-11-22,BREAD,VS-RLS,0,0,0,0,0,0,0,0,0,0,0,0,0,0
2018-11-22,BREAD,BLUE STRU,0,0,0,0,0,0,0,0,0,0,0,0,0,0
2018-11-22,BREAD,Pump CH,0,0,0,0,0,0,0,0,0,0,0,0,0,0
2018-11-22,BREAD,PUmp Cru,0,0,0,0,0,0,0,0,0,0,0,0,0,0
2018-11-22,BREAD,MEX CHOC,0,0,0,0,0,0,0,0,0,0,0,0,0,0
2018-11-22,ROLLS,Cinnamon,0,0,0,0,0,0,0,0,0,0,0,0,0,0
2018-11-22,ROLLS,Take-N-Bake,0,0,0,0,0,0,0,0,0,0,0,0,0,0
2018-11-22,ROLLS,Mini C-Roll,0,0,0,0,0,0,0,0,0,0,0,0,0,0
2018-11-22,SCONES,Blueberry,0,0,0,0,0,0,0,0,0,0,0,0,0,0
2018-11-22,SCONES,Rasp Cream,0,0,0,0,0,0,0,0,0,0,0,0,0,0
2018-11-22,SCONES,Cherry,0,0,0,0,0,0,0,0,0,0,0,0,0,0
2018-11-22,SCONES,Butt Almond,0,0,0,0,0,0,0,0,0,0,0,0,0,0
2018-11-22,SCONES,Turtle,0,0,0,0,0,0,0,0,0,0,0,0,0,0
2018-11-22,SCONES,Cin Chip,0,0,0,0,0,0,0,0,0,0,0,0,0,0
2018-11-22,SCONES,Pump Spice,0,0,0,0,0,0,0,0,0,0,0,0,0,0
2018-11-22,FRUIT BARS,Mixed Berry,0,0,0,0,0,0,0,0,0,0,0,0,0,0
2018-11-22,FRUIT BARS,Cherry,0,0,0,0,0,0,0,0,0,0,0,0,0,0
2018-11-22,FRUIT BARS,Apple Cin,0,0,0,0,0,0,0,0,0,0,0,0,0,0
2018-11-22,FRUIT BARS,MIXED FRUIT,0,0,0,0,0,0,0,0,0,0,0,0,0,0
2018-11-22,MUFFINS,BLUE STRU,0,0,0,0,0,0,0,0,0,0,0,0,0,0
2018-11-22,MUFFINS,Pump Choc,0,0,0,0,0,0,0,0,0,0,0,0,0,0
2018-11-22,MUFFINS,Pump Crumb,0,0,0,0,0,0,0,0,0,0,0,0,0,0
2018-11-22,MUFFINS,Mex Choc,0,0,0,0,0,0,0,0,0,0,0,0,0,0
2018-11-22,MUFFINS,Cookies,0,0,0,0,0,0,0,0,0,0,0,0,0,0
2018-11-22,MUFFINS,Bars,0,0,0,0,0,0,0,0,0,0,0,0,0,0
2018-11-22,MUFFINS,Oatmeal CC,0,0,0,0,0,0,0,0,0,0,0,0,0,0
2018-11-22,MUFFINS,Turtle,0,0,0,0,0,0,0,0,0,0,0,0,0,0
2018-11-22,MUFFINS,Triple Choc,0,0,0,0,0,0,0,0,0,0,0,0,0,0
2018-11-22,MUFFINS,SNICKEDOODLE,0,0,0,0,0,0,0,0,0,0,0,0,0,0
2018-11-22,MUFFINS,frosted,0,0,0,0,0,0,0,0,0,0,0,0,0,0
2018-11-22,MUFFINS,Kahuna,0,0,0,0,0,0,0,0,0,0,0,0,0,0
2018-11-22,MUFFINS,Brownies,0,0,0,0,0,0,0,0,0,0,0,0,0,0
2018-11-22,MUFFINS,Pump Bars,0,0,0,0,0,0,0,0,0,0,0,0,0,0
2018-11-22,MUFFINS,Pump OHHH,0,0,0,0,0,0,0,0,0,0,0,0,0,0
2018-11-22,MUFFINS,Bread Pudding,0,0,0,0,0,0,0,0,0,0,0,0,0,0
2018-11-22,MUFFINS,Totals,0,0,0,0,0,0,0,0,0,0,0,0,0,0
2018-11-23,BREAD,H,0,0,0,0,0,0,0,0,0,0,0,0,0,0
2018-11-23,BREAD,FR,0,0,0,0,0,0,0,0,0,0,0,0,0,0
2018-11-23,BREAD,GW,0,0,0,0,0,0,0,0,0,0,0,0,0,0
2018-11-23,BREAD,DK,0,0,0,0,0,0,0,0,0,0,0,0,0,0
2018-11-23,BREAD,H5,0,0,0,0,0,0,0,0,0,0,0,0,0,0
2018-11-23,BREAD,CSRWL,0,0,0,0,0,0,0,0,0,0,0,0,0,0
2018-11-23,BREAD,Pump SWRL,0,0,0,0,0,0,0,0,0,0,0,0,0,0
2018-11-23,BREAD,SO,0,0,0,0,0,0,0,0,0,0,0,0,0,0
2018-11-23,BREAD,CNE,0,0,0,0,0,0,0,0,0,0,0,0,0,0
2018-11-23,BREAD,CNR,0,0,0,0,0,0,0,0,0,0,0,0,0,0
2018-11-23,BREAD,CNW,0,0,0,0,0,0,0,0,0,0,0,0,0,0
2018-11-23,BREAD,CG,0,0,0,0,0,0,0,0,0,0,0,0,0,0
2018-11-23,BREAD,PESTO CG,0,0,0,0,0,0,0,0,0,0,0,0,0,0
2018-11-23,BREAD,VS,0,0,0,0,0,0,0,0,0,0,0,0,0,0
2018-11-23,BREAD,CH,0,0,0,0,0,0,0,0,0,0,0,0,0,0
2018-11-23,BREAD,SOURDOUGH,0,0,0,0,0,0,0,0,0,0,0,0,0,0
2018-11-23,BREAD,SOUR CC,0,0,0,0,0,0,0,0,0,0,0,0,0,0
2018-11-23,BREAD,SOUR CJ,0,0,0,0,0,0,0,0,0,0,0,0,0,0
2018-11-23,BREAD,SOUR RG,0,0,0,0,0,0,0,0,0,0,0,0,0,0
2018-11-23,BREAD,SOUR BORG,0,0,0,0,0,0,0,0,0,0,0,0,0,0
2018-11-23,BREAD,Car,0,0,0,0,0,0,0,0,0,0,0,0,0,0
2018-11-23,BREAD,IHF,0,0,0,0,0,0,0,0,0,0,0,0,0,0
2018-11-23,BREAD,GW BUNS,0,0,0,0,0,0,0,0,0,0,0,0,0,0
2018-11-23,BREAD,TURKEY,0,0,0,0,0,0,0,0,0,0,0,0,0,0
2018-11-23,BREAD,BUT-RLS,0,0,0,0,0,0,0,0,0,0,0,0,0,0
2018-11-23,BREAD,CRO-RLS,0,0,0,0,0,0,0,0,0,0,0,0,0,0
2018-11-23,BREAD,H-RLS,0,0,0,0,0,0,0,0,0,0,0,0,0,0
2018-11-23,BREAD,FR-RLS,0,0,0,0,0,0,0,0,0,0,0,0,0,0
2018-11-23,BREAD,VS-RLS,0,0,0,0,0,0,0,0,0,0,0,0,0,0
2018-11-23,BREAD,BLUE STRU,0,0,0,0,0,0,0,0,0,0,0,0,0,0
2018-11-23,BREAD,Pump CH,0,0,0,0,0,0,0,0,0,0,0,0,0,0
2018-11-23,BREAD,PUmp Cru,0,0,0,0,0,0,0,0,0,0,0,0,0,0
2018-11-23,BREAD,MEX CHOC,0,0,0,0,0,0,0,0,0,0,0,0,0,0
2018-11-23,ROLLS,Cinnamon,0,0,0,0,0,0,0,0,0,0,0,0,0,0
2018-11-23,ROLLS,Take-N-Bake,0,0,0,0,0,0,0,0,0,0,0,0,0,0
2018-11-23,ROLLS,Mini C-Roll,0,0,0,0,0,0,0,0,0,0,0,0,0,0
2018-11-23,SCONES,Blueberry,0,0,0,0,0,0,0,0,0,0,0,0,0,0
2018-11-23,SCONES,Rasp Cream,0,0,0,0,0,0,0,0,0,0,0,0,0,0
2018-11-23,SCONES,Cherry,0,0,0,0,0,0,0,0,0,0,0,0,0,0
2018-11-23,SCONES,Butt Almond,0,0,0,0,0,0,0,0,0,0,0,0,0,0
2018-11-23,SCONES,Turtle,0,0,0,0,0,0,0,0,0,0,0,0,0,0
2018-11-23,SCONES,Cin Chip,0,0,0,0,0,0,0,0,0,0,0,0,0,0
2018-11-23,SCONES,Pump Spice,0,0,0,0,0,0,0,0,0,0,0,0,0,0
2018-11-23,FRUIT BARS,Mixed Berry,0,0,0,0,0,0,0,0,0,0,0,0,0,0
2018-11-23,FRUIT BARS,Cherry,0,0,0,0,0,0,0,0,0,0,0,0,0,0
2018-11-23,FRUIT BARS,Apple Cin,0,0,0,0,0,0,0,0,0,0,0,0,0,0
2018-11-23,FRUIT BARS,MIXED FRUIT,0,0,0,0,0,0,0,0,0,0,0,0,0,0
2018-11-23,MUFFINS,BLUE STRU,0,0,0,0,0,0,0,0,0,0,0,0,0,0
2018-11-23,MUFFINS,Pump Choc,0,0,0,0,0,0,0,0,0,0,0,0,0,0
2018-11-23,MUFFINS,Pump Crumb,0,0,0,0,0,0,0,0,0,0,0,0,0,0
2018-11-23,MUFFINS,Mex Choc,0,0,0,0,0,0,0,0,0,0,0,0,0,0
2018-11-23,MUFFINS,Cookies,0,0,0,0,0,0,0,0,0,0,0,0,0,0
2018-11-23,MUFFINS,Bars,0,0,0,0,0,0,0,0,0,0,0,0,0,0
2018-11-23,MUFFINS,Oatmeal CC,0,0,0,0,0,0,0,0,0,0,0,0,0,0
2018-11-23,MUFFINS,Turtle,0,0,0,0,0,0,0,0,0,0,0,0,0,0
2018-11-23,MUFFINS,Triple Choc,0,0,0,0,0,0,0,0,0,0,0,0,0,0
2018-11-23,MUFFINS,SNICKEDOODLE,0,0,0,0,0,0,0,0,0,0,0,0,0,0
2018-11-23,MUFFINS,frosted,0,0,0,0,0,0,0,0,0,0,0,0,0,0
2018-11-23,MUFFINS,Kahuna,0,0,0,0,0,0,0,0,0,0,0,0,0,0
2018-11-23,MUFFINS,Brownies,0,0,0,0,0,0,0,0,0,0,0,0,0,0
2018-11-23,MUFFINS,Pump Bars,0,0,0,0,0,0,0,0,0,0,0,0,0,0
2018-11-23,MUFFINS,Pump OHHH,0,0,0,0,0,0,0,0,0,0,0,0,0,0
2018-11-23,MUFFINS,Bread Pudding,0,0,0,0,0,0,0,0,0,0,0,0,0,0
2018-11-23,MUFFINS,Totals,0,0,0,0,0,0,0,0,0,0,0,0,0,0
2018-11-24,BREAD,H,0,0,0,0,0,0,0,0,0,0,0,0,0,0
2018-11-24,BREAD,FR,0,0,0,0,0,0,0,0,0,0,0,0,0,0
2018-11-24,BREAD,GW,0,0,0,0,0,0,0,0,0,0,0,0,0,0
2018-11-24,BREAD,DK,0,0,0,0,0,0,0,0,0,0,0,0,0,0
2018-11-24,BREAD,H5,0,0,0,0,0,0,0,0,0,0,0,0,0,0
2018-11-24,BREAD,CSRWL,0,0,0,0,0,0,0,0,0,0,0,0,0,0
2018-11-24,BREAD,Pump SWRL,0,0,0,0,0,0,0,0,0,0,0,0,0,0
2018-11-24,BREAD,SO,0,0,0,0,0,0,0,0,0,0,0,0,0,0
2018-11-24,BREAD,CNE,0,0,0,0,0,0,0,0,0,0,0,0,0,0
2018-11-24,BREAD,CNR,0,0,0,0,0,0,0,0,0,0,0,0,0,0
2018-11-24,BREAD,CNW,0,0,0,0,0,0,0,0,0,0,0,0,0,0
2018-11-24,BREAD,CG,0,0,0,0,0,0,0,0,0,0,0,0,0,0
2018-11-24,BREAD,PESTO CG,0,0,0,0,0,0,0,0,0,0,0,0,0,0
2018-11-24,BREAD,VS,0,0,0,0,0,0,0,0,0,0,0,0,0,0
2018-11-24,BREAD,CH,0,0,0,0,0,0,0,0,0,0,0,0,0,0
2018-11-24,BREAD,SOURDOUGH,0,0,0,0,0,0,0,0,0,0,0,0,0,0
2018-11-24,BREAD,SOUR CC,0,0,0,0,0,0,0,0,0,0,0,0,0,0
2018-11-24,BREAD,SOUR CJ,0,0,0,0,0,0,0,0,0,0,0,0,0,0
2018-11-24,BREAD,SOUR RG,0,0,0,0,0,0,0,0,0,0,0,0,0,0
2018-11-24,BREAD,SOUR BORG,0,0,0,0,0,0,0,0,0,0,0,0,0,0
2018-11-24,BREAD,Car,0,0,0,0,0,0,0,0,0,0,0,0,0,0
2018-11-24,BREAD,IHF,0,0,0,0,0,0,0,0,0,0,0,0,0,0
2018-11-24,BREAD,GW BUNS,0,0,0,0,0,0,0,0,0,0,0,0,0,0
2018-11-24,BREAD,TURKEY,0,0,0,0,0,0,0,0,0,0,0,0,0,0
2018-11-24,BREAD,BUT-RLS,0,0,0,0,0,0,0,0,0,0,0,0,0,0
2018-11-24,BREAD,CRO-RLS,0,0,0,0,0,0,0,0,0,0,0,0,0,0
2018-11-24,BREAD,H-RLS,0,0,0,0,0,0,0,0,0,0,0,0,0,0
2018-11-24,BREAD,FR-RLS,0,0,0,0,0,0,0,0,0,0,0,0,0,0
2018-11-24,BREAD,VS-RLS,0,0,0,0,0,0,0,0,0,0,0,0,0,0
2018-11-24,BREAD,BLUE STRU,0,0,0,0,0,0,0,0,0,0,0,0,0,0
2018-11-24,BREAD,Pump CH,0,0,0,0,0,0,0,0,0,0,0,0,0,0
2018-11-24,BREAD,PUmp Cru,0,0,0,0,0,0,0,0,0,0,0,0,0,0
2018-11-24,BREAD,MEX CHOC,0,0,0,0,0,0,0,0,0,0,0,0,0,0
2018-11-24,ROLLS,Cinnamon,0,0,0,0,0,0,0,0,0,0,0,0,0,0
2018-11-24,ROLLS,Take-N-Bake,0,0,0,0,0,0,0,0,0,0,0,0,0,0
2018-11-24,ROLLS,Mini C-Roll,0,0,0,0,0,0,0,0,0,0,0,0,0,0
2018-11-24,SCONES,Blueberry,0,0,0,0,0,0,0,0,0,0,0,0,0,0
2018-11-24,SCONES,Rasp Cream,0,0,0,0,0,0,0,0,0,0,0,0,0,0
2018-11-24,SCONES,Cherry,0,0,0,0,0,0,0,0,0,0,0,0,0,0
2018-11-24,SCONES,Butt Almond,0,0,0,0,0,0,0,0,0,0,0,0,0,0
2018-11-24,SCONES,Turtle,0,0,0,0,0,0,0,0,0,0,0,0,0,0
2018-11-24,SCONES,Cin Chip,0,0,0,0,0,0,0,0,0,0,0,0,0,0
2018-11-24,SCONES,Pump Spice,0,0,0,0,0,0,0,0,0,0,0,0,0,0
2018-11-24,FRUIT BARS,Mixed Berry,0,0,0,0,0,0,0,0,0,0,0,0,0,0
2018-11-24,FRUIT BARS,Cherry,0,0,0,0,0,0,0,0,0,0,0,0,0,0
2018-11-24,FRUIT BARS,Apple Cin,0,0,0,0,0,0,0,0,0,0,0,0,0,0
2018-11-24,FRUIT BARS,MIXED FRUIT,0,0,0,0,0,0,0,0,0,0,0,0,0,0
2018-11-24,MUFFINS,BLUE STRU,0,0,0,0,0,0,0,0,0,0,0,0,0,0
2018-11-24,MUFFINS,Pump Choc,0,0,0,0,0,0,0,0,0,0,0,0,0,0
2018-11-24,MUFFINS,Pump Crumb,0,0,0,0,0,0,0,0,0,0,0,0,0,0
2018-11-24,MUFFINS,Mex Choc,0,0,0,0,0,0,0,0,0,0,0,0,0,0
2018-11-24,MUFFINS,Cookies,0,0,0,0,0,0,0,0,0,0,0,0,0,0
2018-11-24,MUFFINS,Bars,0,0,0,0,0,0,0,0,0,0,0,0,0,0
2018-11-24,MUFFINS,Oatmeal CC,0,0,0,0,0,0,0,0,0,0,0,0,0,0
2018-11-24,MUFFINS,Turtle,0,0,0,0,0,0,0,0,0,0,0,0,0,0
2018-11-24,MUFFINS,Triple Choc,0,0,0,0,0,0,0,0,0,0,0,0,0,0
2018-11-24,MUFFINS,SNICKEDOODLE,0,0,0,0,0,0,0,0,0,0,0,0,0,0
2018-11-24,MUFFINS,frosted,0,0,0,0,0,0,0,0,0,0,0,0,0,0
2018-11-24,MUFFINS,Kahuna,0,0,0,0,0,0,0,0,0,0,0,0,0,0
2018-11-24,MUFFINS,Brownies,0,0,0,0,0,0,0,0,0,0,0,0,0,0
2018-11-24,MUFFINS,Pump Bars,0,0,0,0,0,0,0,0,0,0,0,0,0,0
2018-11-24,MUFFINS,Pump OHHH,0,0,0,0,0,0,0,0,0,0,0,0,0,0
2018-11-24,MUFFINS,Bread Pudding,0,0,0,0,0,0,0,0,0,0,0,0,0,0
2018-11-24,MUFFINS,Totals,0,0,0,0,0,0,0,0,0,0,0,0,0,0
2018-11-25,BREAD,H,0,0,0,0,0,0,0,0,0,0,0,0,0,0
2018-11-25,BREAD,FR,0,0,0,0,0,0,0,0,0,0,0,0,0,0
2018-11-25,BREAD,GW,0,0,0,0,0,0,0,0,0,0,0,0,0,0
2018-11-25,BREAD,DK,0,0,0,0,0,0,0,0,0,0,0,0,0,0
2018-11-25,BREAD,H5,0,0,0,0,0,0,0,0,0,0,0,0,0,0
2018-11-25,BREAD,CSRWL,0,0,0,0,0,0,0,0,0,0,0,0,0,0
2018-11-25,BREAD,Pump SWRL,0,0,0,0,0,0,0,0,0,0,0,0,0,0
2018-11-25,BREAD,SO,0,0,0,0,0,0,0,0,0,0,0,0,0,0
2018-11-25,BREAD,CNE,0,0,0,0,0,0,0,0,0,0,0,0,0,0
2018-11-25,BREAD,CNR,0,0,0,0,0,0,0,0,0,0,0,0,0,0
2018-11-25,BREAD,CNW,0,0,0,0,0,0,0,0,0,0,0,0,0,0
2018-11-25,BREAD,CG,0,0,0,0,0,0,0,0,0,0,0,0,0,0
2018-11-25,BREAD,PESTO CG,0,0,0,0,0,0,0,0,0,0,0,0,0,0
2018-11-25,BREAD,VS,0,0,0,0,0,0,0,0,0,0,0,0,0,0
2018-11-25,BREAD,CH,0,0,0,0,0,0,0,0,0,0,0,0,0,0
2018-11-25,BREAD,SOURDOUGH,0,0,0,0,0,0,0,0,0,0,0,0,0,0
2018-11-25,BREAD,SOUR CC,0,0,0,0,0,0,0,0,0,0,0,0,0,0
2018-11-25,BREAD,SOUR CJ,0,0,0,0,0,0,0,0,0,0,0,0,0,0
2018-11-25,BREAD,SOUR RG,0,0,0,0,0,0,0,0,0,0,0,0,0,0
2018-11-25,BREAD,SOUR BORG,0,0,0,0,0,0,0,0,0,0,0,0,0,0
2018-11-25,BREAD,Car,0,0,0,0,0,0,0,0,0,0,0,0,0,0
2018-11-25,BREAD,IHF,0,0,0,0,0,0,0,0,0,0,0,0,0,0
2018-11-25,BREAD,GW BUNS,0,0,0,0,0,0,0,0,0,0,0,0,0,0
2018-11-25,BREAD,TURKEY,0,0,0,0,0,0,0,0,0,0,0,0,0,0
2018-11-25,BREAD,BUT-RLS,0,0,0,0,0,0,0,0,0,0,0,0,0,0
2018-11-25,BREAD,CRO-RLS,0,0,0,0,0,0,0,0,0,0,0,0,0,0
2018-11-25,BREAD,H-RLS,0,0,0,0,0,0,0,0,0,0,0,0,0,0
2018-11-25,BREAD,FR-RLS,0,0,0,0,0,0,0,0,0,0,0,0,0,0
2018-11-25,BREAD,VS-RLS,0,0,0,0,0,0,0,0,0,0,0,0,0,0
2018-11-25,BREAD,BLUE STRU,0,0,0,0,0,0,0,0,0,0,0,0,0,0
2018-11-25,BREAD,Pump CH,0,0,0,0,0,0,0,0,0,0,0,0,0,0
2018-11-25,BREAD,PUmp Cru,0,0,0,0,0,0,0,0,0,0,0,0,0,0
2018-11-25,BREAD,MEX CHOC,0,0,0,0,0,0,0,0,0,0,0,0,0,0
2018-11-25,ROLLS,Cinnamon,0,0,0,0,0,0,0,0,0,0,0,0,0,0
2018-11-25,ROLLS,Take-N-Bake,0,0,0,0,0,0,0,0,0,0,0,0,0,0
2018-11-25,ROLLS,Mini C-Roll,0,0,0,0,0,0,0,0,0,0,0,0,0,0
2018-11-25,SCONES,Blueberry,0,0,0,0,0,0,0,0,0,0,0,0,0,0
2018-11-25,SCONES,Rasp Cream,0,0,0,0,0,0,0,0,0,0,0,0,0,0
2018-11-25,SCONES,Cherry,0,0,0,0,0,0,0,0,0,0,0,0,0,0
2018-11-25,SCONES,Butt Almond,0,0,0,0,0,0,0,0,0,0,0,0,0,0
2018-11-25,SCONES,Turtle,0,0,0,0,0,0,0,0,0,0,0,0,0,0
2018-11-25,SCONES,Cin Chip,0,0,0,0,0,0,0,0,0,0,0,0,0,0
2018-11-25,SCONES,Pump Spice,0,0,0,0,0,0,0,0,0,0,0,0,0,0
2018-11-25,FRUIT BARS,Mixed Berry,0,0,0,0,0,0,0,0,0,0,0,0,0,0
2018-11-25,FRUIT BARS,Cherry,0,0,0,0,0,0,0,0,0,0,0,0,0,0
2018-11-25,FRUIT BARS,Apple Cin,0,0,0,0,0,0,0,0,0,0,0,0,0,0
2018-11-25,FRUIT BARS,MIXED FRUIT,0,0,0,0,0,0,0,0,0,0,0,0,0,0
2018-11-25,MUFFINS,BLUE STRU,0,0,0,0,0,0,0,0,0,0,0,0,0,0
2018-11-25,MUFFINS,Pump Choc,0,0,0,0,0,0,0,0,0,0,0,0,0,0
2018-11-25,MUFFINS,Pump Crumb,0,0,0,0,0,0,0,0,0,0,0,0,0,0
2018-11-25,MUFFINS,Mex Choc,0,0,0,0,0,0,0,0,0,0,0,0,0,0
2018-11-25,MUFFINS,Cookies,0,0,0,0,0,0,0,0,0,0,0,0,0,0
2018-11-25,MUFFINS,Bars,0,0,0,0,0,0,0,0,0,0,0,0,0,0
2018-11-25,MUFFINS,Oatmeal CC,0,0,0,0,0,0,0,0,0,0,0,0,0,0
2018-11-25,MUFFINS,Turtle,0,0,0,0,0,0,0,0,0,0,0,0,0,0
2018-11-25,MUFFINS,Triple Choc,0,0,0,0,0,0,0,0,0,0,0,0,0,0
2018-11-25,MUFFINS,SNICKEDOODLE,0,0,0,0,0,0,0,0,0,0,0,0,0,0
2018-11-25,MUFFINS,frosted,0,0,0,0,0,0,0,0,0,0,0,0,0,0
2018-11-25,MUFFINS,Kahuna,0,0,0,0,0,0,0,0,0,0,0,0,0,0
2018-11-25,MUFFINS,Brownies,0,0,0,0,0,0,0,0,0,0,0,0,0,0
2018-11-25,MUFFINS,Pump Bars,0,0,0,0,0,0,0,0,0,0,0,0,0,0
2018-11-25,MUFFINS,Pump OHHH,0,0,0,0,0,0,0,0,0,0,0,0,0,0
2018-11-25,MUFFINS,Bread Pudding,0,0,0,0,0,0,0,0,0,0,0,0,0,0
2018-11-25,MUFFINS,Totals,0,0,0,0,0,0,0,0,0,0,0,0,0,0
2018-11-26,BREAD,H,0,29,29,18,0,0,11,0,0,0,0,0,0,0
2018-11-26,BREAD,FR,0,35,35,31,0,0,4,0,0,0,0,0,0,0
2018-11-26,BREAD,GW,0,5,5,5,0,0,0,0,0,0,0,0,0,0
2018-11-26,BREAD,DK,0,20,20,9,0,0,11,0,0,0,0,0,0,0
2018-11-26,BREAD,H5,0,0,0,0,0,0,0,0,0,0,0,0,0,0
2018-11-26,BREAD,CSRWL,0,16,16,3,0,0,13,0,2,2,0,0,0,2
2018-11-26,BREAD,Pump SWRL,0,12,12,-3,0,0,15,0,2,2,0,0,0,2
2018-11-26,BREAD,SO,0,9,9,3,0,0,6,0,4,4,1,0,0,3
2018-11-26,BREAD,CNE,0,29,29,11,0,0,18,0,4,4,4,0,0,0
2018-11-26,BREAD,CNR,0,6,6,1,0,0,5,0,0,0,0,0,0,0
2018-11-26,BREAD,CNW,0,6,6,1,0,0,5,0,0,0,0,0,0,0
2018-11-26,BREAD,CG,0,8,8,6,0,0,2,0,4,4,4,0,0,0
2018-11-26,BREAD,PESTO CG,0,0,0,0,0,0,0,0,0,0,0,0,0,0
2018-11-26,BREAD,VS,0,0,0,0,0,0,0,0,0,0,0,0,0,0
2018-11-26,BREAD,CrO,0,0,0,0,0,0,0,0,0,0,0,0,0,0
2018-11-26,BREAD,CH,0,0,0,0,0,0,0,0,0,0,0,0,0,0
2018-11-26,BREAD,SOURDOUGH,0,6,6,6,0,0,0,0,0,0,0,0,0,0
2018-11-26,BREAD,SOUR CC,0,2,2,1,0,0,1,0,0,0,0,0,0,0
2018-11-26,BREAD,cj,0,2,2,0,0,0,2,0,0,0,0,0,0,0
2018-11-26,BREAD,Sour RG,0,3,3,1,0,0,2,0,0,0,0,0,0,0
2018-11-26,BREAD,BO,0,2,2,0,0,0,2,0,0,0,0,0,0,0
2018-11-26,BREAD,CB,0,0,0,0,0,0,0,0,0,0,0,0,0,0
2018-11-26,BREAD,STUF,0,0,0,0,0,0,0,0,0,0,0,0,0,0
2018-11-26,BREAD,CR,0,0,0,-8,0,0,8,0,0,0,0,0,0,0
2018-11-26,BREAD,TURKEY,0,0,0,0,0,0,0,0,0,0,0,0,0,0
2018-11-26,BREAD,BUT-RLS,0,0,0,0,0,0,0,0,0,0,0,0,0,0
2018-11-26,BREAD,CRO-RLS,0,0,0,0,0,0,0,0,0,0,0,0,0,0
2018-11-26,BREAD,H-RLS,0,2,2,2,0,0,0,0,0,0,0,0,0,0
2018-11-26,BREAD,FR-RLS,0,2,2,2,0,0,0,0,0,0,0,0,0,0
2018-11-26,BREAD,VS-RLS,0,0,0,0,0,0,0,0,0,0,0,0,0,0
2018-11-26,BREAD,BLUE STRU,0,3,3,2,0,0,1,0,0,0,0,0,0,0
2018-11-26,BREAD,Pump CH,0,4,4,2,1,0,1,0,0,0,0,0,0,0
2018-11-26,BREAD,PUmp Cru,0,3,3,2,0,0,1,0,0,0,0,0,0,0
2018-11-26,BREAD,MEX CHOC,0,4,4,2,0,0,2,0,0,0,0,0,0,0
2018-11-26,ROLLS,Cinnamon,0,24,24,20,0,4,0,0,0,0,0,0,0,0
2018-11-26,ROLLS,Take-N-Bake,0,0,0,0,0,0,0,0,0,0,0,0,0,0
2018-11-26,ROLLS,Mini C-Roll,0,0,0,0,0,0,0,0,0,0,0,0,0,0
2018-11-26,SCONES,Blueberry,0,0,0,0,0,0,0,0,0,0,0,0,0,0
2018-11-26,SCONES,Rasp Cream,0,13,13,13,0,0,0,0,4,4,2,0,0,0
2018-11-26,SCONES,Cherry,0,0,0,0,0,0,0,0,0,0,0,0,0,0
2018-11-26,SCONES,Butt Almond,0,0,0,0,0,0,0,0,0,0,0,0,0,0
2018-11-26,SCONES,Turtle,0,0,0,0,0,0,0,0,0,0,0,0,0,0
2018-11-26,SCONES,Cin Chip,0,13,13,13,0,0,0,0,3,3,1,0,0,0
2018-11-26,SCONES,Pump Spice,0,10,10,7,0,3,0,0,3,3,0,0,0,0
2018-11-26,FRUIT BARS,Mixed Berry,0,8,8,3,1,4,0,0,0,0,0,0,0,0
2018-11-26,FRUIT BARS,Cherry,0,12,12,3,1,8,0,0,0,0,0,0,0,0
2018-11-26,FRUIT BARS,Apple Cin,0,0,0,0,0,0,0,0,0,0,0,0,0,0
2018-11-26,FRUIT BARS,MIXED FRUIT,0,0,0,0,0,0,0,0,0,0,0,0,0,0
2018-11-26,MUFFINS,BLUE STRU,0,6,6,4,0,2,0,0,3,3,1,0,0,0
2018-11-26,MUFFINS,Pump Choc,0,7,7,4,0,3,0,0,1,1,1,0,0,0
2018-11-26,MUFFINS,Pump Crumb,0,6,6,4,0,2,0,0,2,2,0,0,0,0
2018-11-26,MUFFINS,Mex Choc,0,7,7,1,0,6,0,0,2,2,1,0,0,0
2018-11-26,MUFFINS,Cookies,0,0,0,0,0,0,0,0,0,0,0,0,0,0
2018-11-26,MUFFINS,Bars,0,0,0,0,0,0,0,0,0,0,0,0,0,0
2018-11-26,MUFFINS,Oatmeal CC,0,36,36,6,20,0,10,0,0,0,0,0,0,0
2018-11-26,MUFFINS,Turtle,0,12,12,6,0,0,6,0,0,0,0,0,0,0
2018-11-26,MUFFINS,Triple Choc,0,36,36,3,20,0,13,0,0,0,0,0,0,0
2018-11-26,MUFFINS,SNICKEDOODLE,0,36,36,13,20,0,3,0,0,0,0,0,0,0
2018-11-26,MUFFINS,frosted,0,12,12,12,0,0,0,0,0,0,0,0,0,0
2018-11-26,MUFFINS,Kahuna,0,0,0,0,0,0,0,0,0,0,0,0,0,0
2018-11-26,MUFFINS,Brownies,0,0,0,0,0,0,0,0,0,0,0,0,0,0
2018-11-26,MUFFINS,Pump Bars,0,10,10,3,0,0,7,0,0,0,0,0,0,0
2018-11-26,MUFFINS,Pump OHHH,0,20,20,0,0,0,20,0,8,8,4,0,0,4
2018-11-26,MUFFINS,Bread Pudding,0,0,0,0,0,0,0,0,0,0,0,0,0,0
2018-11-26,MUFFINS,Totals,0,268,268,115,62,32,59,0,26,26,10,0,0,4
2018-11-27,BREAD,H,11,39,50,21,14,0,15,0,0,0,0,0,0,0
2018-11-27,BREAD,FR,4,26,30,11,4,0,15,0,0,0,0,0,0,0
2018-11-27,BREAD,GW,0,10,10,3,0,0,7,0,0,0,0,0,0,0
2018-11-27,BREAD,DK,11,0,11,7,0,0,4,0,0,0,0,0,0,0
2018-11-27,BREAD,H5,0,20,20,11,0,0,9,0,0,0,0,0,0,0
2018-11-27,BREAD,CSRWL,13,20,33,14,14,3,2,2,0,2,2,0,0,0
2018-11-27,BREAD,Pump SWRL,15,0,15,5,0,10,0,2,0,2,2,0,0,0
2018-11-27,BREAD,MP Swirl,0,12,12,8,0,0,4,0,2,2,0,0,0,2
2018-11-27,BREAD,SO,6,0,6,3,0,3,0,3,0,3,1,0,0,0
2018-11-27,BREAD,CNE,18,0,18,11,0,7,0,0,0,0,0,0,0,0
2018-11-27,BREAD,CNR,5,0,5,1,0,4,0,0,0,0,0,0,0,0
2018-11-27,BREAD,CNW,5,0,5,2,0,3,0,0,0,0,0,0,0,0
2018-11-27,BREAD,CG,2,0,2,2,0,0,0,0,0,0,0,0,0,0
2018-11-27,BREAD,PESTO CG,0,0,0,0,0,0,0,0,0,0,0,0,0,0
2018-11-27,BREAD,VS,0,12,12,3,3,0,6,0,4,4,1,0,0,3
2018-11-27,BREAD,CrO,0,17,17,15,0,0,2,0,3,3,1,0,0,2
2018-11-27,BREAD,CH,0,7,7,3,0,0,4,0,2,2,1,0,0,1
2018-11-27,BREAD,SOURDOUGH,0,0,0,0,0,0,0,0,0,0,0,0,0,0
2018-11-27,BREAD,SOUR CC,1,0,1,1,0,0,0,0,0,0,0,0,0,0
2018-11-27,BREAD,cj,2,0,2,2,0,0,0,0,0,0,0,0,0,0
2018-11-27,BREAD,Sour RG,2,0,2,2,0,0,0,0,0,0,0,0,0,0
2018-11-27,BREAD,BO,2,0,2,2,0,0,0,0,0,0,0,0,0,0
2018-11-27,BREAD,CB,0,21,21,6,0,0,15,0,3,3,3,0,0,0
2018-11-27,BREAD,STUF,0,0,0,0,0,0,0,0,0,0,0,0,0,0
2018-11-27,BREAD,GF,8,78,86,86,0,0,0,0,0,0,0,0,0,0
2018-11-27,BREAD,TURKEY,0,0,0,0,0,0,0,0,0,0,0,0,0,0
2018-11-27,BREAD,BUT-RLS,0,0,0,0,0,0,0,0,0,0,0,0,0,0
2018-11-27,BREAD,CRO-RLS,0,0,0,0,0,0,0,0,0,0,0,0,0,0
2018-11-27,BREAD,H-RLS,0,2,2,2,0,0,0,0,0,0,0,0,0,0
2018-11-27,BREAD,FR-RLS,0,3,3,3,0,0,0,0,0,0,0,0,0,0
2018-11-27,BREAD,VS-RLS,0,4,4,1,0,0,3,0,0,0,0,0,0,0
2018-11-27,BREAD,BLUE STRU,1,4,5,2,0,0,3,0,0,0,0,0,0,0
2018-11-27,BREAD,Pump CH,1,6,7,2,0,1,4,0,0,0,0,0,0,0
2018-11-27,BREAD,PUmp Cru,1,3,4,0,0,1,3,0,0,0,0,0,0,0
2018-11-27,BREAD,MEX CHOC,2,5,7,1,0,1,5,0,0,0,0,0,0,0
2018-11-27,ROLLS,Cinnamon,0,24,24,15,0,9,0,0,0,0,0,0,0,0
2018-11-27,ROLLS,Take-N-Bake,0,0,0,0,0,0,0,0,0,0,0,0,0,0
2018-11-27,ROLLS,Mini C-Roll,0,0,0,0,0,0,0,0,0,0,0,0,0,0
2018-11-27,SCONES,Blueberry,0,12,12,10,0,2,0,0,2,2,2,0,0,0
2018-11-27,SCONES,Rasp Cream,0,0,0,0,0,0,0,0,0,0,0,0,0,0
2018-11-27,SCONES,Cherry,0,0,0,0,0,0,0,0,0,0,0,0,0,0
2018-11-27,SCONES,Butt Almond,0,0,0,0,0,0,0,0,0,0,0,0,0,0
2018-11-27,SCONES,Turtle,0,0,0,0,0,0,0,0,0,0,0,0,0,0
2018-11-27,SCONES,Cin Chip,0,10,10,10,0,0,0,0,2,2,2,0,0,0
2018-11-27,SCONES,Pump Spice,0,8,8,4,0,4,0,0,2,2,2,0,0,0
2018-11-27,FRUIT BARS,Mixed Berry,0,0,0,0,0,0,0,0,0,0,0,0,0,0
2018-11-27,FRUIT BARS,Cherry,0,0,0,0,0,0,0,0,0,0,0,0,0,0
2018-11-27,FRUIT BARS,Apple Cin,0,12,12,2,0,10,0,0,0,0,0,0,0,0
2018-11-27,FRUIT BARS,MIXED FRUIT,0,8,8,0,0,8,0,0,0,0,0,0,0,0
2018-11-27,MUFFINS,BLUE STRU,0,6,6,2,0,4,0,0,26,26,2,0,0,0
2018-11-27,MUFFINS,Pump Choc,0,8,8,8,0,0,0,0,14,14,1,0,0,0
2018-11-27,MUFFINS,Pump Crumb,0,6,6,1,0,5,0,0,14,14,1,0,0,0
2018-11-27,MUFFINS,Mex Choc,0,8,8,1,0,7,0,0,2,2,0,0,0,0
2018-11-27,MUFFINS,Cookies,0,0,0,0,0,0,0,0,0,0,0,0,0,0
2018-11-27,MUFFINS,Bars,0,0,0,0,0,0,0,0,0,0,0,0,0,0
2018-11-27,MUFFINS,Oatmeal CC,10,12,22,18,4,0,0,0,0,0,0,0,0,0
2018-11-27,MUFFINS,Turtle,6,12,18,14,0,0,4,0,0,0,0,0,0,0
2018-11-27,MUFFINS,Triple Choc,13,12,25,16,4,0,5,0,0,0,0,0,0,0
2018-11-27,MUFFINS,SNICKEDOODLE,3,106,109,19,88,0,2,0,0,0,0,0,0,0
2018-11-27,MUFFINS,frosted,0,16,16,5,0,0,11,0,0,0,0,0,0,0
2018-11-27,MUFFINS,Kahuna,0,0,0,0,0,0,0,0,0,0,0,0,0,0
2018-11-27,MUFFINS,Brownies,0,10,10,-8,0,2,16,0,0,0,0,0,0,0
2018-11-27,MUFFINS,Pump Bars,7,10,17,4,0,3,10,0,0,0,0,0,0,0
2018-11-27,MUFFINS,Pump OHHH,20,0,20,0,0,0,20,4,0,4,0,0,0,4
2018-11-27,MUFFINS,Bread Pudding,0,0,0,-6,0,0,6,0,0,0,-1,0,0,1
2018-11-27,MUFFINS,Totals,59,280,339,115,96,54,74,4,62,66,9,0,0,5
2018-11-28,BREAD,H,15,22,37,19,0,0,18,0,0,0,0,0,0,0
2018-11-28,BREAD,FR,15,15,30,17,0,0,13,0,0,0,0,0,0,0
2018-11-28,BREAD,GW,7,0,7,5,0,2,0,0,0,0,0,0,0,0
2018-11-28,BREAD,DK,4,20,24,21,0,0,3,0,0,0,0,0,0,0
2018-11-28,BREAD,H5,9,0,9,7,0,0,2,0,0,0,0,0,0,0
2018-11-28,BREAD,CSRWL,2,16,18,13,0,0,5,0,3,3,0,0,0,3
2018-11-28,BREAD,Pump SWRL,0,10,10,4,0,0,6,0,2,2,0,0,0,2
2018-11-28,BREAD,MP Swirl,4,8,12,6,0,0,6,2,0,2,0,0,0,0
2018-11-28,BREAD,SO,0,6,6,4,0,0,2,0,3,3,2,0,0,1
2018-11-28,BREAD,CNE,0,14,14,7,0,0,7,0,3,3,0,0,0,3
2018-11-28,BREAD,CNR,0,4,4,4,0,0,0,0,0,0,0,0,0,0
2018-11-28,BREAD,CNW,0,4,4,4,0,0,0,0,0,0,0,0,0,0
2018-11-28,BREAD,CG,0,14,14,2,0,0,12,0,4,4,1,0,0,3
2018-11-28,BREAD,PESTO CG,0,4,4,1,0,0,3,0,0,0,0,0,0,0
2018-11-28,BREAD,VS,6,0,6,1,0,5,0,3,0,3,0,0,0,0
2018-11-28,BREAD,CrO,2,0,2,2,0,0,0,2,0,2,2,0,0,0
2018-11-28,BREAD,CH,4,0,4,0,0,4,0,1,0,1,0,0,0,0
2018-11-28,BREAD,SOURDOUGH,0,6,6,4,0,0,2,0,0,0,0,0,0,0
2018-11-28,BREAD,SOUR CC,0,3,3,1,0,0,2,0,0,0,0,0,0,0
2018-11-28,BREAD,cj,0,2,2,0,0,0,2,0,0,0,0,0,0,0
2018-11-28,BREAD,Sour RG,0,3,3,0,0,0,3,0,0,0,0,0,0,0
2018-11-28,BREAD,BO,0,2,2,0,0,0,2,0,0,0,0,0,0,0
2018-11-28,BREAD,CB,15,0,15,7,0,8,0,0,0,0,0,0,0,0
2018-11-28,BREAD,STUF,0,0,0,0,0,0,0,0,0,0,0,0,0,0
2018-11-28,BREAD,IHF,0,27,27,27,0,0,0,0,0,0,0,0,0,0
2018-11-28,BREAD,TURKEY,0,0,0,0,0,0,0,0,0,0,0,0,0,0
2018-11-28,BREAD,BUT-RLS,0,0,0,0,0,0,0,0,0,0,0,0,0,0
2018-11-28,BREAD,CRO-RLS,0,0,0,0,0,0,0,0,0,0,0,0,0,0
2018-11-28,BREAD,H-RLS,0,3,3,1,0,0,2,0,0,0,0,0,0,0
2018-11-28,BREAD,FR-RLS,0,2,2,1,0,0,1,0,0,0,0,0,0,0
2018-11-28,BREAD,VS-RLS,3,0,3,2,0,1,0,0,0,0,0,0,0,0
2018-11-28,BREAD,BLUE STRU,3,2,5,3,0,0,2,0,0,0,0,0,0,0
2018-11-28,BREAD,Pump CH,4,3,7,3,0,1,3,0,0,0,0,0,0,0
2018-11-28,BREAD,PUmp Cru,3,2,5,0,0,3,2,0,0,0,0,0,0,0
2018-11-28,BREAD,MEX CHOC,5,2,7,3,0,1,3,0,0,0,0,0,0,0
2018-11-28,ROLLS,Cinnamon,0,24,24,20,0,4,0,0,0,0,0,0,0,0
2018-11-28,ROLLS,Take-N-Bake,0,0,0,0,0,0,0,0,0,0,0,0,0,0
2018-11-28,ROLLS,Mini C-Roll,0,0,0,0,0,0,0,0,0,0,0,0,0,0
2018-11-28,SCONES,Blueberry,0,0,0,0,0,0,0,0,0,0,0,0,0,0
2018-11-28,SCONES,Rasp Cream,0,20,20,8,4,8,0,0,2,2,1,0,0,0
2018-11-28,SCONES,Cherry,0,0,0,0,0,0,0,0,0,0,0,0,0,0
2018-11-28,SCONES,Butt Almond,0,0,0,0,0,0,0,0,0,0,0,0,0,0
2018-11-28,SCONES,Turtle,0,14,14,11,0,3,0,0,2,2,0,0,0,0
2018-11-28,SCONES,Cin Chip,0,0,0,0,0,0,0,0,0,0,0,0,0,0
2018-11-28,SCONES,Pump Spice,0,12,12,5,0,7,0,0,2,2,1,0,0,0
2018-11-28,FRUIT BARS,Mixed Berry,0,8,8,6,0,2,0,0,0,0,0,0,0,0
2018-11-28,FRUIT BARS,Cherry,0,12,12,6,0,6,0,0,0,0,0,0,0,0
2018-11-28,FRUIT BARS,Apple Cin,0,0,0,0,0,0,0,0,0,0,0,0,0,0
2018-11-28,FRUIT BARS,MIXED FRUIT,0,0,0,0,0,0,0,0,0,0,0,0,0,0
2018-11-28,MUFFINS,BLUE STRU,0,6,6,6,0,0,0,0,2,2,1,0,0,0
2018-11-28,MUFFINS,Pump Choc,0,10,10,2,0,8,0,0,2,2,2,0,0,0
2018-11-28,MUFFINS,Pump Crumb,0,6,6,0,0,6,0,0,2,2,0,0,0,0
2018-11-28,MUFFINS,Mex Choc,0,8,8,0,0,8,0,0,2,2,1,0,0,0
2018-11-28,MUFFINS,Cookies,0,0,0,0,0,0,0,0,0,0,0,0,0,0
2018-11-28,MUFFINS,Bars,0,0,0,0,0,0,0,0,0,0,0,0,0,0
2018-11-28,MUFFINS,Oatmeal CC,0,24,24,13,6,0,5,0,0,0,0,0,0,0
2018-11-28,MUFFINS,Turtle,4,12,16,5,0,0,11,0,0,0,0,0,0,0
2018-11-28,MUFFINS,Triple Choc,5,18,23,5,5,1,12,0,0,0,0,0,0,0
2018-11-28,MUFFINS,SNICKEDOODLE,2,24,26,14,6,0,6,0,0,0,0,0,0,0
2018-11-28,MUFFINS,frosted,11,6,17,10,0,0,7,0,0,0,0,0,0,0
2018-11-28,MUFFINS,Kahuna,0,0,0,0,0,0,0,0,0,0,0,0,0,0
2018-11-28,MUFFINS,Brownies,16,0,16,2,0,4,10,0,0,0,0,0,0,0
2018-11-28,MUFFINS,Pump Bars,10,10,20,-4,0,0,24,0,0,0,0,0,0,0
2018-11-28,MUFFINS,Pump OHHH,20,0,20,20,0,0,0,4,0,4,4,0,0,0
2018-11-28,MUFFINS,Bread Pudding,6,0,6,6,0,0,0,1,0,1,1,0,0,0
2018-11-28,MUFFINS,Totals,0,214,288,135,21,57,75,0,14,19,11,0,0,0
2018-11-29,BREAD,H,18,24,42,22,0,0,20,0,0,0,0,0,0,0
2018-11-29,BREAD,FR,13,49,62,11,32,0,19,0,0,0,0,0,0,0
2018-11-29,BREAD,GW,0,7,7,3,0,0,4,0,0,0,0,0,0,0
2018-11-29,BREAD,DK,3,0,3,3,0,0,0,0,0,0,0,0,0,0
2018-11-29,BREAD,H5,2,32,34,11,10,0,13,0,0,0,0,0,0,0
2018-11-29,BREAD,CSRWL,5,12,17,14,0,0,3,3,0,3,0,0,0,0
2018-11-29,BREAD,Pump SWRL,6,0,6,4,0,2,0,2,0,2,2,0,0,0
2018-11-29,BREAD,MP Swirl,6,8,14,11,0,0,3,0,2,2,0,0,0,2
2018-11-29,BREAD,SO,2,0,2,2,0,0,0,1,0,1,1,0,0,0
2018-11-29,BREAD,CNE,7,0,7,4,0,3,0,3,0,3,1,0,0,0
2018-11-29,BREAD,CNR,0,0,0,0,0,0,0,0,0,0,0,0,0,0
2018-11-29,BREAD,CNW,0,0,0,0,0,0,0,0,0,0,0,0,0,0
2018-11-29,BREAD,CG,12,0,12,10,0,2,0,3,0,3,1,0,0,0
2018-11-29,BREAD,PESTO CG,3,0,3,1,0,2,0,0,0,0,0,0,0,0
2018-11-29,BREAD,VS,0,12,12,0,0,0,12,0,4,4,2,0,0,2
2018-11-29,BREAD,CrO,0,20,20,10,3,0,7,0,4,4,2,0,0,2
2018-11-29,BREAD,CH,0,5,5,2,0,0,3,0,3,3,1,0,0,2
2018-11-29,BREAD,SOURDOUGH,2,0,2,2,0,0,0,0,0,0,0,0,0,0
2018-11-29,BREAD,SOUR CC,2,0,2,1,0,1,0,0,0,0,0,0,0,0
2018-11-29,BREAD,cj,2,0,2,2,0,0,0,0,0,0,0,0,0,0
2018-11-29,BREAD,Sour RG,3,0,3,1,0,2,0,0,0,0,0,0,0,0
2018-11-29,BREAD,BO,2,0,2,2,0,0,0,0,0,0,0,0,0,0
2018-11-29,BREAD,CB,0,25,25,7,0,0,18,0,5,5,2,0,0,3
2018-11-29,BREAD,STUF,0,0,0,0,0,0,0,0,0,0,0,0,0,0
2018-11-29,BREAD,TURKEY,0,0,0,0,0,0,0,0,0,0,0,0,0,0
2018-11-29,BREAD,BUT-RLS,0,0,0,0,0,0,0,0,0,0,0,0,0,0
2018-11-29,BREAD,CRO-RLS,0,0,0,0,0,0,0,0,0,0,0,0,0,0
2018-11-29,BREAD,H-RLS,2,3,5,2,0,0,3,0,0,0,0,0,0,0
2018-11-29,BREAD,FR-RLS,1,3,4,3,0,0,1,0,0,0,0,0,0,0
2018-11-29,BREAD,VS-RLS,0,4,4,0,0,0,4,0,0,0,0,0,0,0
2018-11-29,BREAD,BLUE STRU,2,4,6,5,0,0,1,0,0,0,0,0,0,0
2018-11-29,BREAD,Pump CH,3,6,9,1,1,3,4,0,0,0,0,0,0,0
2018-11-29,BREAD,PUmp Cru,2,4,6,0,0,1,5,0,0,0,0,0,0,0
2018-11-29,BREAD,MEX CHOC,3,5,8,1,0,1,6,0,0,0,0,0,0,0
2018-11-29,ROLLS,Cinnamon,0,24,24,24,0,0,0,0,0,0,0,0,0,0
2018-11-29,ROLLS,Take-N-Bake,0,0,0,0,0,0,0,0,0,0,0,0,0,0
2018-11-29,ROLLS,Mini C-Roll,0,0,0,0,0,0,0,0,0,0,0,0,0,0
2018-11-29,SCONES,Blueberry,0,22,22,17,4,1,0,0,2,2,2,0,0,0
2018-11-29,SCONES,Rasp Cream,0,0,0,0,0,0,0,0,0,0,0,0,0,0
2018-11-29,SCONES,Cherry,0,0,0,0,0,0,0,0,0,0,0,0,0,0
2018-11-29,SCONES,Butt Almond,0,0,0,0,0,0,0,0,0,0,0,0,0,0
2018-11-29,SCONES,Turtle,0,14,14,11,0,3,0,0,2,2,2,0,0,0
2018-11-29,SCONES,Cin Chip,0,0,0,0,0,0,0,0,0,0,0,0,0,0
2018-11-29,SCONES,Pump Spice,0,14,14,3,0,11,0,0,2,2,2,0,0,0
2018-11-29,FRUIT BARS,Mixed Berry,0,0,0,0,0,0,0,0,0,0,0,0,0,0
2018-11-29,FRUIT BARS,Cherry,0,0,0,0,0,0,0,0,0,0,0,0,0,0
2018-11-29,FRUIT BARS,Apple Cin,0,12,12,3,2,7,0,0,0,0,0,0,0,0
2018-11-29,FRUIT BARS,MIXED FRUIT,0,8,8,5,2,1,0,0,0,0,0,0,0,0
2018-11-29,MUFFINS,BLUE STRU,0,8,8,7,0,1,0,0,2,2,2,0,0,0
2018-11-29,MUFFINS,Pump Choc,0,8,8,7,0,1,0,0,2,2,2,0,0,0
2018-11-29,MUFFINS,Pump Crumb,0,6,6,5,0,1,0,0,1,1,1,0,0,0
2018-11-29,MUFFINS,Mex Choc,0,7,7,7,0,0,0,0,1,1,1,0,0,0
2018-11-29,MUFFINS,Cookies,0,0,0,0,0,0,0,0,0,0,0,0,0,0
2018-11-29,MUFFINS,Bars,0,0,0,0,0,0,0,0,0,0,0,0,0,0
2018-11-29,MUFFINS,Oatmeal CC,5,18,23,15,0,1,7,0,6,6,0,0,0,0
2018-11-29,MUFFINS,Choc Cran,11,12,23,13,0,4,6,0,0,0,0,0,0,0
2018-11-29,MUFFINS,Triple Choc,12,12,24,8,0,10,6,0,4,4,0,0,0,0
2018-11-29,MUFFINS,SNICKEDOODLE,6,18,24,18,0,0,6,0,6,6,0,0,0,0
2018-11-29,MUFFINS,frosted,7,6,13,9,0,1,3,0,0,0,0,0,0,0
2018-11-29,MUFFINS,Kahuna,0,0,0,0,0,0,0,0,0,0,0,0,0,0
2018-11-29,MUFFINS,Brownies,10,0,10,9,0,1,0,0,0,0,0,0,0,0
2018-11-29,MUFFINS,Pump Bars,24,0,24,13,0,1,10,0,0,0,0,0,0,0
2018-11-29,MUFFINS,Pump OHHH,0,0,0,-4,0,0,4,0,0,0,-3,0,0,3
2018-11-29,MUFFINS,Bread Pudding,0,0,0,0,0,0,0,0,0,0,0,0,0,0
2018-11-29,MUFFINS,Totals,75,189,264,166,8,48,42,0,28,28,9,0,0,3
2018-11-30,BREAD,H,20,40,60,36,12,0,12,0,0,0,0,0,0,0
2018-11-30,BREAD,FR,19,30,49,18,9,0,22,0,0,0,0,0,0,0
2018-11-30,BREAD,GW,4,6,10,4,0,0,6,0,0,0,0,0,0,0
2018-11-30,BREAD,DK,0,26,26,18,0,0,8,0,0,0,0,0,0,0
2018-11-30,BREAD,H5,13,0,13,4,0,0,9,0,0,0,0,0,0,0
2018-11-30,BREAD,CSRWL,3,16,19,15,1,0,3,0,3,3,1,0,0,2
2018-11-30,BREAD,Pump SWRL,0,12,12,8,0,0,4,0,2,2,0,0,0,2
2018-11-30,BREAD,MP Swirl,3,12,15,5,1,2,7,2,0,2,0,0,0,0
2018-11-30,BREAD,SO,0,5,5,0,0,0,5,0,3,3,1,0,0,2
2018-11-30,BREAD,CNE,0,15,15,9,0,0,6,0,5,5,2,0,0,3
2018-11-30,BREAD,CNR,0,6,6,4,0,0,2,0,0,0,0,0,0,0
2018-11-30,BREAD,CNW,0,6,6,5,0,0,1,0,0,0,0,0,0,0
2018-11-30,BREAD,CG,0,19,19,4,0,0,15,0,3,3,2,0,0,1
2018-11-30,BREAD,PESTO CG,0,0,0,0,0,0,0,0,0,0,0,0,0,0
2018-11-30,BREAD,VS,12,0,12,4,0,8,0,2,0,2,1,0,0,0
2018-11-30,BREAD,CrO,7,0,7,3,0,4,0,2,0,2,1,0,0,0
2018-11-30,BREAD,CH,3,0,3,1,0,2,0,2,0,2,1,0,0,0
2018-11-30,BREAD,SOURDOUGH,0,7,7,2,0,0,5,0,0,0,0,0,0,0
2018-11-30,BREAD,SOUR CC,0,3,3,2,0,0,1,0,0,0,0,0,0,0
2018-11-30,BREAD,cj,0,2,2,0,0,0,2,0,0,0,0,0,0,0
2018-11-30,BREAD,Sour RG,0,3,3,2,0,0,1,0,0,0,0,0,0,0
2018-11-30,BREAD,BO,0,2,2,0,0,0,2,0,0,0,0,0,0,0
2018-11-30,BREAD,CB,18,0,18,8,0,10,0,3,0,3,3,0,0,0
2018-11-30,BREAD,STUF,0,0,0,0,0,0,0,0,0,0,0,0,0,0
2018-11-30,BREAD,AA,0,4,4,0,2,0,2,0,0,0,0,0,0,0
2018-11-30,BREAD,TURKEY,0,0,0,0,0,0,0,0,0,0,0,0,0,0
2018-11-30,BREAD,BUT-RLS,0,0,0,0,0,0,31,0,0,0,0,0,0,0
2018-11-30,BREAD,CRO-RLS,0,0,0,0,0,0,0,0,0,0,0,0,0,0
2018-11-30,BREAD,H-RLS,3,14,17,2,11,1,3,0,0,0,0,0,0,0
2018-11-30,BREAD,FR-RLS,1,10,11,2,9,0,0,0,0,0,0,0,0,0
2018-11-30,BREAD,VS-RLS,4,0,4,4,0,0,0,0,0,0,0,0,0,0
2018-11-30,BREAD,BLUE STRU,1,5,6,4,0,0,2,0,0,0,0,0,0,0
2018-11-30,BREAD,Pump CH,4,5,9,3,1,2,3,0,0,0,0,0,0,0
2018-11-30,BREAD,PUmp Cru,5,0,5,2,0,0,3,0,0,0,0,0,0,0
2018-11-30,BREAD,MEX CHOC,6,2,8,2,0,4,2,0,0,0,0,0,0,0
2018-11-30,ROLLS,Cinnamon,0,48,48,38,10,0,0,0,0,0,0,0,0,0
2018-11-30,ROLLS,Take-N-Bake,0,0,0,0,0,0,0,0,0,0,0,0,0,0
2018-11-30,ROLLS,Mini C-Roll,0,24,24,0,24,0,0,0,0,0,0,0,0,0
2018-11-30,SCONES,Blueberry,0,0,0,0,0,0,0,0,0,0,0,0,0,0
2018-11-30,SCONES,Rasp Cream,0,0,0,0,0,0,0,0,0,0,0,0,0,0
2018-11-30,SCONES,Cherry,0,15,15,13,0,2,0,0,3,3,-1,0,0,0
2018-11-30,SCONES,Butt Almond,0,21,21,15,0,6,0,0,2,2,-1,0,0,0
2018-11-30,SCONES,Turtle,0,0,0,0,0,0,0,0,0,0,0,0,0,0
2018-11-30,SCONES,Cin Chip,0,0,0,0,0,0,0,0,0,0,0,0,0,0
2018-11-30,SCONES,Pump Spice,0,12,12,10,0,2,0,0,2,2,-2,0,0,0
2018-11-30,FRUIT BARS,Mixed Berry,0,8,8,7,1,0,0,0,0,0,0,0,0,0
2018-11-30,FRUIT BARS,Cherry,0,12,12,9,2,1,0,0,0,0,0,0,0,0
2018-11-30,FRUIT BARS,Apple Cin,0,0,0,0,0,0,0,0,0,0,0,0,0,0
2018-11-30,FRUIT BARS,MIXED FRUIT,0,0,0,0,0,0,0,0,0,0,0,0,0,0
2018-11-30,MUFFINS,BLUE STRU,0,8,8,8,0,0,0,0,2,2,0,0,0,0
2018-11-30,MUFFINS,Pump Choc,0,8,8,8,0,0,0,0,2,2,2,0,0,0
2018-11-30,MUFFINS,Pump Crumb,0,8,8,5,0,3,0,0,2,2,0,0,0,0
2018-11-30,MUFFINS,Mexican Choc,0,6,6,6,0,0,0,0,2,2,0,0,0,0
2018-11-30,MUFFINS,Cookies,0,0,0,0,0,0,0,0,0,0,0,0,0,0
2018-11-30,MUFFINS,Bars,0,0,0,0,0,0,0,0,0,0,0,0,0,0
2018-11-30,MUFFINS,Oatmeal CC,7,36,43,25,18,0,0,0,0,0,0,0,0,0
2018-11-30,MUFFINS,Choc Cran,6,18,24,24,0,0,0,0,0,0,0,0,0,0
2018-11-30,MUFFINS,Triple Choc,6,36,42,24,18,0,0,0,0,0,0,0,0,0
2018-11-30,MUFFINS,SNICKEDOODLE,6,36,42,24,18,0,0,0,0,0,0,0,0,0
2018-11-30,MUFFINS,frosted,3,18,21,12,0,0,9,0,0,0,0,0,0,0
2018-11-30,MUFFINS,Kahuna,0,0,0,0,0,0,0,0,0,0,0,0,0,0
2018-11-30,MUFFINS,Brownies,0,10,10,7,0,0,3,0,0,0,0,0,0,0
2018-11-30,MUFFINS,Pump Bars,10,0,10,10,0,0,0,0,0,0,0,0,0,0
2018-11-30,MUFFINS,Pump OHHH,4,0,4,4,0,0,0,3,0,3,3,0,0,0
2018-11-30,MUFFINS,Bread Pudding,0,0,0,0,0,0,0,0,0,0,0,0,0,0
2018-11-30,MUFFINS,Totals,42,324,366,249,91,14,12,3,15,18,1,0,0,0
2018-11-31,BREAD,H,12,0,12,12,0,0,0,0,0,0,0,0,0,0
2018-11-31,BREAD,FR,22,0,22,22,0,0,0,0,0,0,0,0,0,0
2018-11-31,BREAD,GW,6,0,6,6,0,0,0,0,0,0,0,0,0,0
2018-11-31,BREAD,DK,8,0,8,8,0,0,0,0,0,0,0,0,0,0
2018-11-31,BREAD,H5,9,0,9,9,0,0,0,0,0,0,0,0,0,0
2018-11-31,BREAD,CSRWL,3,0,3,3,0,0,0,2,0,2,2,0,0,0
2018-11-31,BREAD,Pump SWRL,4,0,4,4,0,0,0,2,0,2,2,0,0,0
2018-11-31,BREAD,SO,5,0,5,5,0,0,0,2,0,2,2,0,0,0
2018-11-31,BREAD,CNE,6,0,6,6,0,0,0,3,0,3,3,0,0,0
2018-11-31,BREAD,CNR,2,0,2,2,0,0,0,0,0,0,0,0,0,0
2018-11-31,BREAD,CNW,1,0,1,1,0,0,0,0,0,0,0,0,0,0
2018-11-31,BREAD,CG,15,0,15,15,0,0,0,1,0,1,1,0,0,0
2018-11-31,BREAD,PESTO CG,0,0,0,0,0,0,0,0,0,0,0,0,0,0
2018-11-31,BREAD,VS,0,0,0,0,0,0,0,0,0,0,0,0,0,0
2018-11-31,BREAD,CH,0,0,0,0,0,0,0,0,0,0,0,0,0,0
2018-11-31,BREAD,SOURDOUGH,5,0,5,5,0,0,0,0,0,0,0,0,0,0
2018-11-31,BREAD,SOUR CC,1,0,1,1,0,0,0,0,0,0,0,0,0,0
2018-11-31,BREAD,SOUR CJ,1,0,1,1,0,0,0,0,0,0,0,0,0,0
2018-11-31,BREAD,SOUR RG,0,0,0,0,0,0,0,0,0,0,0,0,0,0
2018-11-31,BREAD,SOUR BORG,7,0,7,7,0,0,0,0,0,0,0,0,0,0
2018-11-31,BREAD,Car,0,0,0,0,0,0,0,0,0,0,0,0,0,0
2018-11-31,BREAD,IHF,2,0,2,2,0,0,0,0,0,0,0,0,0,0
2018-11-31,BREAD,GW BUNS,0,0,0,0,0,0,0,0,0,0,0,0,0,0
2018-11-31,BREAD,TURKEY,0,0,0,0,0,0,0,0,0,0,0,0,0,0
2018-11-31,BREAD,BUT-RLS,31,0,31,31,0,0,0,0,0,0,0,0,0,0
2018-11-31,BREAD,CRO-RLS,0,0,0,0,0,0,0,0,0,0,0,0,0,0
2018-11-31,BREAD,H-RLS,3,0,3,3,0,0,0,0,0,0,0,0,0,0
2018-11-31,BREAD,FR-RLS,0,0,0,0,0,0,0,0,0,0,0,0,0,0
2018-11-31,BREAD,VS-RLS,0,0,0,0,0,0,0,0,0,0,0,0,0,0
2018-11-31,BREAD,BLUE STRU,2,0,2,2,0,0,0,0,0,0,0,0,0,0
2018-11-31,BREAD,Pump CH,3,0,3,3,0,0,0,0,0,0,0,0,0,0
2018-11-31,BREAD,PUmp Cru,3,0,3,3,0,0,0,0,0,0,0,0,0,0
2018-11-31,BREAD,MEX CHOC,2,0,2,2,0,0,0,0,0,0,0,0,0,0
2018-11-31,ROLLS,Cinnamon,0,0,0,0,0,0,0,0,0,0,0,0,0,0
2018-11-31,ROLLS,Take-N-Bake,0,0,0,0,0,0,0,0,0,0,0,0,0,0
2018-11-31,ROLLS,Mini C-Roll,0,0,0,0,0,0,0,0,0,0,0,0,0,0
2018-11-31,SCONES,Blueberry,0,0,0,0,0,0,0,0,0,0,0,0,0,0
2018-11-31,SCONES,Rasp Cream,0,0,0,0,0,0,0,0,0,0,0,0,0,0
2018-11-31,SCONES,Cherry,0,0,0,0,0,0,0,0,0,0,0,0,0,0
2018-11-31,SCONES,Butt Almond,0,0,0,0,0,0,0,0,0,0,0,0,0,0
2018-11-31,SCONES,Turtle,0,0,0,0,0,0,0,0,0,0,0,0,0,0
2018-11-31,SCONES,Cin Chip,0,0,0,0,0,0,0,0,0,0,0,0,0,0
2018-11-31,SCONES,Pump Spice,0,0,0,0,0,0,0,0,0,0,0,0,0,0
2018-11-31,FRUIT BARS,Mixed Berry,0,0,0,0,0,0,0,0,0,0,0,0,0,0
2018-11-31,FRUIT BARS,Cherry,0,0,0,0,0,0,0,0,0,0,0,0,0,0
2018-11-31,FRUIT BARS,Apple Cin,0,0,0,0,0,0,0,0,0,0,0,0,0,0
2018-11-31,FRUIT BARS,MIXED FRUIT,0,0,0,0,0,0,0,0,0,0,0,0,0,0
2018-11-31,MUFFINS,BLUE STRU,0,0,0,0,0,0,0,0,0,0,0,0,0,0
2018-11-31,MUFFINS,Pump Choc,0,0,0,0,0,0,0,0,0,0,0,0,0,0
2018-11-31,MUFFINS,Pump Crumb,0,0,0,0,0,0,0,0,0,0,0,0,0,0
2018-11-31,MUFFINS,Mex Choc,0,0,0,0,0,0,0,0,0,0,0,0,0,0
2018-11-31,MUFFINS,Cookies,0,0,0,0,0,0,0,0,0,0,0,0,0,0
2018-11-31,MUFFINS,Bars,0,0,0,0,0,0,0,0,0,0,0,0,0,0
2018-11-31,MUFFINS,Oatmeal CC,0,0,0,0,0,0,0,0,0,0,0,0,0,0
2018-11-31,MUFFINS,Turtle,0,0,0,0,0,0,0,0,0,0,0,0,0,0
2018-11-31,MUFFINS,Triple Choc,0,0,0,0,0,0,0,0,0,0,0,0,0,0
2018-11-31,MUFFINS,SNICKEDOODLE,0,0,0,0,0,0,0,0,0,0,0,0,0,0
2018-11-31,MUFFINS,frosted,9,0,9,9,0,0,0,0,0,0,0,0,0,0
2018-11-31,MUFFINS,Kahuna,0,0,0,0,0,0,0,0,0,0,0,0,0,0
2018-11-31,MUFFINS,Brownies,3,0,3,3,0,0,0,0,0,0,0,0,0,0
2018-11-31,MUFFINS,Pump Bars,0,0,0,0,0,0,0,0,0,0,0,0,0,0
2018-11-31,MUFFINS,Pump OHHH,0,0,0,0,0,0,0,0,0,0,0,0,0,0
2018-11-31,MUFFINS,Bread Pudding,0,0,0,0,0,0,0,0,0,0,0,0,0,0
2018-11-31,MUFFINS,Totals,12,0,12,12,0,0,0,0,0,0,0,0,0,0
