Date,Category,Product,START_OF_DAY_WHOLE,MADE_TODAY_WHOLE,AVAILABLE_TO_SELL_WHOLE,OUT_THE_DOOR_WHOLE,ORDERS_TODAY_WHOLE,REMOVED_AS_DAY_OLD_WHOLE,LEFT_WHOLE,START_OF_DAY_HALF,MADE_TODAY_HALF,AVAILABLE_TO_SELL_HALF,OUT_THE_DOOR_HALF,ORDERS_TODAY_HALF,REMOVED_AS_DAY_OLD_HALF,LEFT_HALF
2018-08-01,BREAD,H,29,31,60,31,18,0,11,0,0,0,0,0,0,0
2018-08-01,BREAD,FR,16,24,40,21,0,0,19,0,0,0,0,0,0,0
2018-08-01,BREAD,GW,10,5,15,12,0,1,2,0,0,0,0,0,0,0
2018-08-01,BREAD,DK,5,40,45,36,0,0,9,0,0,0,0,0,0,0
2018-08-01,BREAD,H5,15,0,15,1,0,0,14,0,0,0,0,0,0,0
2018-08-01,BREAD,CSRWL,2,24,26,15,5,0,6,0,4,4,3,0,0,1
2018-08-01,BREAD,VA SWRL,0,0,0,0,0,0,0,0,0,0,0,0,0,0
2018-08-01,BREAD,BFB,0,0,0,0,0,0,0,0,0,0,0,0,0,0
2018-08-01,BREAD,CNE,0,23,23,20,1,0,2,0,4,4,3,0,0,1
2018-08-01,BREAD,CNR,0,10,10,9,0,0,1,0,0,0,0,0,0,0
2018-08-01,BREAD,CNW,0,10,10,8,0,0,2,0,0,0,0,0,0,0
2018-08-01,BREAD,CG,0,15,15,13,0,0,2,0,3,3,1,0,0,2
2018-08-01,BREAD,PESTO CG,0,6,6,5,0,0,1,0,0,0,0,0,0,0
2018-08-01,BREAD,VS,6,0,6,6,0,0,0,3,0,3,3,0,0,0
2018-08-01,BREAD,CH,0,0,0,0,0,0,0,0,0,0,0,0,0,0
2018-08-01,BREAD,SOURDOUGH,0,8,8,8,0,0,0,0,0,0,0,0,0,0
2018-08-01,BREAD,SOUR CC,0,5,5,5,0,0,0,0,0,0,0,0,0,0
2018-08-01,BREAD,SOUR CJ,0,3,3,3,0,0,0,0,0,0,0,0,0,0
2018-08-01,BREAD,SOUR RG,0,5,5,4,0,0,1,0,0,0,0,0,0,0
2018-08-01,BREAD,SOUR BORG,0,3,3,1,0,0,2,0,0,0,0,0,0,0
2018-08-01,BREAD,Car,0,0,0,-20,0,20,0,0,0,0,0,0,0,0
2018-08-01,BREAD,IHF,0,0,0,0,0,0,0,0,0,0,0,0,0,0
2018-08-01,BREAD,GW BUNS,3,2,5,0,0,2,3,0,0,0,0,0,0,0
2018-08-01,BREAD,VS BUNS,3,0,3,1,0,2,0,0,0,0,0,0,0,0
2018-08-01,BREAD,H-RLS,3,4,7,5,0,0,2,0,0,0,0,0,0,0
2018-08-01,BREAD,FR-RLS,3,4,7,5,0,0,2,0,0,0,0,0,0,0
2018-08-01,BREAD,VS-RLS,4,0,4,2,0,2,0,0,0,0,0,0,0,0
2018-08-01,BREAD,BLUE STRU,2,15,17,6,10,0,1,0,0,0,0,0,0,0
2018-08-01,BREAD,CHOC CARM,2,7,9,5,2,0,2,0,0,0,0,0,0,0
2018-08-01,BREAD,BAN CRUMB,0,3,3,0,0,2,1,0,0,0,0,0,0,0
2018-08-01,BREAD,BAN WALN,4,0,4,1,0,0,3,0,0,0,0,0,0,0
2018-08-01,BREAD,BAN CHOC,0,3,3,3,0,0,0,0,0,0,0,0,0,0
2018-08-01,ROLLS,Cinnamon,0,84,84,84,0,0,0,0,0,0,0,0,0,0
2018-08-01,ROLLS,Take-N-Bake,0,0,0,0,0,0,0,0,0,0,0,0,0,0
2018-08-01,ROLLS,Mini C-Roll,0,0,0,0,0,0,0,0,0,0,0,0,0,0
2018-08-01,SCONES,Blueberry,0,0,0,0,0,0,0,0,0,0,0,0,0,0
2018-08-01,SCONES,Rasp Cream,0,32,32,23,0,9,0,0,4,4,4,0,0,0
2018-08-01,SCONES,Cherry,0,0,0,0,0,0,0,0,0,0,0,0,0,0
2018-08-01,SCONES,Butt Almond,0,0,0,0,0,0,0,0,0,0,0,0,0,0
2018-08-01,SCONES,Turtle,0,24,24,16,0,8,0,0,4,4,4,0,0,0
2018-08-01,SCONES,Cin Chip,0,0,0,0,0,0,0,0,0,0,0,0,0,0
2018-08-01,FRUIT BARS,Mixed Berry,0,12,12,4,6,2,0,0,0,0,0,0,0,0
2018-08-01,FRUIT BARS,Cherry,0,20,20,4,12,4,0,0,0,0,0,0,0,0
2018-08-01,FRUIT BARS,Apple Cin,0,20,20,9,11,0,0,0,0,0,0,0,0,0
2018-08-01,FRUIT BARS,MIXED FRUIT,0,8,8,4,4,0,0,0,0,0,0,0,0,0
2018-08-01,MUFFINS,BLUE STRU,0,9,9,7,0,2,0,0,2,2,2,0,0,0
2018-08-01,MUFFINS,CHOC CARM,0,8,8,6,0,2,0,0,11,11,2,0,0,0
2018-08-01,MUFFINS,BAN CRUMB,0,6,6,4,0,2,0,0,8,8,1,0,0,0
2018-08-01,MUFFINS,BAN WALNUT,0,6,6,2,0,4,0,0,8,8,1,0,0,0
2018-08-01,MUFFINS,BAN CHOC,0,6,6,4,0,2,0,0,2,2,1,0,0,0
2018-08-01,MUFFINS,Cookies,0,0,0,0,0,0,0,0,0,0,0,0,0,0
2018-08-01,MUFFINS,Bars,0,0,0,0,0,0,0,0,0,0,0,0,0,0
2018-08-01,MUFFINS,Oatmeal CC,8,30,38,15,11,6,6,0,24,24,0,0,0,0
2018-08-01,MUFFINS,Peanut Butter,0,18,18,4,0,0,14,0,24,24,0,0,0,0
2018-08-01,MUFFINS,Triple Choc,6,30,36,23,7,0,6,0,24,24,0,0,0,0
2018-08-01,MUFFINS,SNICKEDOODLE,0,30,30,15,8,0,7,0,24,24,0,0,0,0
2018-08-01,MUFFINS,PB Chocolate,0,24,24,13,0,0,11,0,0,0,0,0,0,0
2018-08-01,MUFFINS,frosted,0,30,30,19,0,0,11,0,0,0,0,0,0,0
2018-08-01,MUFFINS,Kahuna,9,20,29,9,20,0,0,0,0,0,0,0,0,0
2018-08-01,MUFFINS,Brownies,0,20,20,7,13,0,0,0,0,0,0,0,0,0
2018-08-01,MUFFINS,Totals,23,437,460,272,92,41,55,0,135,135,15,0,0,0
2018-08-02,BREAD,H,11,36,47,16,0,0,31,0,0,0,0,0,0,0
2018-08-02,BREAD,FR,19,16,35,-14,30,0,19,0,0,0,0,0,0,0
2018-08-02,BREAD,GW,2,6,8,-2,0,2,8,0,0,0,0,0,0,0
2018-08-02,BREAD,DK,9,0,9,-11,0,0,20,0,0,0,0,0,0,0
2018-08-02,BREAD,H5,14,19,33,16,0,0,17,0,0,0,0,0,0,0
2018-08-02,BREAD,CSRWL,6,20,26,23,1,0,2,1,3,4,2,0,0,2
2018-08-02,BREAD,VA SWRL,0,0,0,0,0,0,0,0,0,0,0,0,0,0
2018-08-02,BREAD,BFB,0,15,15,5,0,0,10,0,3,3,0,0,0,3
2018-08-02,BREAD,CNE,2,0,2,1,0,1,0,1,0,1,1,0,0,0
2018-08-02,BREAD,CNR,1,0,1,0,0,1,0,0,0,0,0,0,0,0
2018-08-02,BREAD,CNW,2,0,2,1,0,1,0,0,0,0,0,0,0,0
2018-08-02,BREAD,CG,2,0,2,0,0,2,0,2,0,2,0,0,0,0
2018-08-02,BREAD,PESTO CG,1,0,1,0,0,1,0,0,0,0,0,0,0,0
2018-08-02,BREAD,VS,0,9,9,2,0,0,7,0,4,4,2,0,0,2
2018-08-02,BREAD,CH,0,0,0,0,0,0,0,0,0,0,0,0,0,0
2018-08-02,BREAD,SOURDOUGH,0,0,0,0,0,0,0,0,0,0,0,0,0,0
2018-08-02,BREAD,SOUR CC,0,0,0,0,0,0,0,0,0,0,0,0,0,0
2018-08-02,BREAD,SOUR CJ,0,0,0,0,0,0,0,0,0,0,0,0,0,0
2018-08-02,BREAD,SOUR RG,1,0,1,0,0,1,0,0,0,0,0,0,0,0
2018-08-02,BREAD,SOUR BORG,2,0,2,0,0,2,0,0,0,0,0,0,0,0
2018-08-02,BREAD,Car,0,0,0,0,0,0,0,0,0,0,0,0,0,0
2018-08-02,BREAD,IHF,0,0,0,0,0,0,0,0,0,0,0,0,0,0
2018-08-02,BREAD,GW BUNS,3,0,3,2,0,1,0,0,0,0,0,0,0,0
2018-08-02,BREAD,VS BUNS,0,3,3,0,0,0,3,0,0,0,0,0,0,0
2018-08-02,BREAD,H-RLS,2,0,2,-2,0,4,0,0,0,0,0,0,0,0
2018-08-02,BREAD,FR-RLS,2,0,2,0,0,2,0,0,0,0,0,0,0,0
2018-08-02,BREAD,VS-RLS,0,0,0,-4,0,0,4,0,0,0,0,0,0,0
2018-08-02,BREAD,BLUE STRU,1,8,9,4,1,0,4,0,0,0,0,0,0,0
2018-08-02,BREAD,CHOC CARM,2,6,8,1,0,1,6,0,0,0,0,0,0,0
2018-08-02,BREAD,BAN CRUMB,1,3,4,0,0,1,3,0,0,0,0,0,0,0
2018-08-02,BREAD,BAN WALN,3,1,4,-3,0,3,4,0,0,0,0,0,0,0
2018-08-02,BREAD,BAN CHOC,0,4,4,3,0,0,1,0,0,0,0,0,0,0
2018-08-02,ROLLS,Cinnamon,0,108,108,96,12,0,0,0,0,0,0,0,0,0
2018-08-02,ROLLS,Take-N-Bake,0,0,0,0,0,0,0,0,0,0,0,0,0,0
2018-08-02,ROLLS,Mini C-Roll,0,0,0,0,0,0,0,0,0,0,0,0,0,0
2018-08-02,SCONES,Blueberry,0,38,38,38,0,0,0,0,8,8,4,0,0,0
2018-08-02,SCONES,Rasp Cream,0,0,0,0,0,0,0,0,0,0,0,0,0,0
2018-08-02,SCONES,Cherry,0,0,0,0,0,0,0,0,0,0,0,0,0,0
2018-08-02,SCONES,Butt Almond,0,0,0,0,0,0,0,0,0,0,0,0,0,0
2018-08-02,SCONES,Turtle,0,22,22,21,0,1,0,0,8,8,4,0,0,0
2018-08-02,SCONES,Cin Chip,0,0,0,0,0,0,0,0,0,0,0,0,0,0
2018-08-02,FRUIT BARS,Mixed Berry,0,8,8,6,1,1,0,0,0,0,0,0,0,0
2018-08-02,FRUIT BARS,Cherry,0,12,12,11,1,0,0,0,0,0,0,0,0,0
2018-08-02,FRUIT BARS,Apple Cin,0,12,12,11,1,0,0,0,0,0,0,0,0,0
2018-08-02,FRUIT BARS,MIXED FRUIT,0,8,8,5,0,3,0,0,0,0,0,0,0,0
2018-08-02,MUFFINS,BLUE STRU,0,13,13,8,0,5,0,0,4,4,2,0,0,0
2018-08-02,MUFFINS,CHOC CARM,0,13,13,5,0,8,0,0,6,6,4,0,0,0
2018-08-02,MUFFINS,BAN CRUMB,0,5,5,3,0,2,0,0,4,4,1,0,0,0
2018-08-02,MUFFINS,BAN WALNUT,0,5,5,3,0,2,0,0,4,4,1,0,0,0
2018-08-02,MUFFINS,BAN CHOC,0,5,5,5,0,0,0,0,2,2,1,0,0,0
2018-08-02,MUFFINS,Cookies,0,0,0,0,0,0,0,0,0,0,0,0,0,0
2018-08-02,MUFFINS,Bars,0,0,0,0,0,0,0,0,0,0,0,0,0,0
2018-08-02,MUFFINS,Oatmeal CC,6,36,42,22,8,6,6,0,0,0,0,0,0,0
2018-08-02,MUFFINS,SALTED CARM,14,6,20,17,0,0,3,0,0,0,0,0,0,0
2018-08-02,MUFFINS,Triple Choc,6,34,40,32,8,0,0,0,0,0,0,0,0,0
2018-08-02,MUFFINS,SNICKEDOODLE,7,34,41,33,8,0,0,0,0,0,0,0,0,0
2018-08-02,MUFFINS,frosted,11,6,17,7,0,5,5,0,0,0,0,0,0,0
2018-08-02,MUFFINS,Kahuna,0,20,20,17,0,0,3,0,0,0,0,0,0,0
2018-08-02,MUFFINS,Brownies,0,36,36,33,0,0,3,0,0,0,0,0,0,0
2018-08-02,MUFFINS,Totals,55,433,488,396,39,33,20,0,36,36,17,0,0,0
2018-08-03,BREAD,H,31,26,57,43,2,0,12,0,0,0,0,0,0,0
2018-08-03,BREAD,FR,19,14,33,20,1,0,12,0,0,0,0,0,0,0
2018-08-03,BREAD,GW,8,14,22,8,2,7,5,0,0,0,0,0,0,0
2018-08-03,BREAD,DK,20,15,35,29,0,0,6,0,0,0,0,0,0,0
2018-08-03,BREAD,H5,17,0,17,13,0,0,4,0,0,0,0,0,0,0
2018-08-03,BREAD,CSRWL,2,29,31,28,1,0,2,2,4,6,1,0,0,3
2018-08-03,BREAD,VA SWRL,0,0,0,0,0,0,0,0,0,0,0,0,0,0
2018-08-03,BREAD,BFB,10,0,10,7,0,3,0,3,0,3,1,0,0,0
2018-08-03,BREAD,CNE,0,18,18,14,0,0,4,0,3,3,1,0,0,2
2018-08-03,BREAD,CNR,0,6,6,5,0,0,1,0,0,0,0,0,0,0
2018-08-03,BREAD,CNW,0,6,6,5,0,0,1,0,0,0,0,0,0,0
2018-08-03,BREAD,CG,0,17,17,13,0,0,4,0,4,4,2,0,0,2
2018-08-03,BREAD,PESTO CG,0,0,0,0,0,0,0,0,0,0,0,0,0,0
2018-08-03,BREAD,VS,7,9,16,7,0,4,5,2,3,5,1,0,0,3
2018-08-03,BREAD,CH,0,0,0,0,0,0,0,0,0,0,0,0,0,0
2018-08-03,BREAD,SOURDOUGH,0,10,10,3,0,0,7,0,0,0,0,0,0,0
2018-08-03,BREAD,SOUR CC,0,5,5,2,1,0,2,0,0,0,0,0,0,0
2018-08-03,BREAD,SOUR CJ,0,4,4,3,1,0,0,0,0,0,0,0,0,0
2018-08-03,BREAD,SOUR RG,0,5,5,3,0,0,2,0,0,0,0,0,0,0
2018-08-03,BREAD,SOUR BORG,0,3,3,2,0,0,1,0,0,0,0,0,0,0
2018-08-03,BREAD,Car,0,0,0,0,0,0,0,0,0,0,0,0,0,0
2018-08-03,BREAD,IHF,0,0,0,0,0,0,0,0,0,0,0,0,0,0
2018-08-03,BREAD,GW BUNS,0,4,4,1,0,0,3,0,0,0,0,0,0,0
2018-08-03,BREAD,VS BUNS,3,0,3,-2,0,3,2,0,0,0,0,0,0,0
2018-08-03,BREAD,H-RLS,0,3,3,3,0,0,0,0,0,0,0,0,0,0
2018-08-03,BREAD,FR-RLS,0,0,0,-1,0,0,1,0,0,0,0,0,0,0
2018-08-03,BREAD,VS-RLS,4,3,7,2,0,4,1,0,0,0,0,0,0,0
2018-08-03,BREAD,BLUE STRU,4,4,8,5,1,0,2,0,0,0,0,0,0,0
2018-08-03,BREAD,CHOC CARM,6,1,7,4,0,3,0,0,0,0,0,0,0,0
2018-08-03,BREAD,BAN CRUMB,3,2,5,2,0,2,1,0,0,0,0,0,0,0
2018-08-03,BREAD,BAN WALN,4,1,5,1,0,3,1,0,0,0,0,0,0,0
2018-08-03,BREAD,BAN CHOC,1,4,5,1,0,0,4,0,0,0,0,0,0,0
2018-08-03,ROLLS,Cinnamon,0,36,36,35,0,1,0,0,0,0,0,0,0,0
2018-08-03,ROLLS,Take-N-Bake,0,0,0,0,0,0,0,0,0,0,0,0,0,0
2018-08-03,ROLLS,Mini C-Roll,0,0,0,0,0,0,0,0,0,0,0,0,0,0
2018-08-03,SCONES,Blueberry,0,0,0,0,0,0,0,0,0,0,0,0,0,0
2018-08-03,SCONES,Rasp Cream,0,0,0,0,0,0,0,0,0,0,0,0,0,0
2018-08-03,SCONES,Cherry,0,28,28,19,0,9,0,0,6,6,2,0,0,0
2018-08-03,SCONES,Butt Almond,0,12,12,12,0,0,0,0,6,6,2,0,0,0
2018-08-03,SCONES,Turtle,0,0,0,0,0,0,0,0,0,0,0,0,0,0
2018-08-03,SCONES,Cin Chip,0,0,0,0,0,0,0,0,0,0,0,0,0,0
2018-08-03,FRUIT BARS,Mixed Berry,0,8,8,5,1,2,0,0,0,0,0,0,0,0
2018-08-03,FRUIT BARS,Cherry,0,12,12,7,2,3,0,0,0,0,0,0,0,0
2018-08-03,FRUIT BARS,Apple Cin,0,0,0,0,0,0,0,0,0,0,0,0,0,0
2018-08-03,FRUIT BARS,MIXED FRUIT,0,0,0,0,0,0,0,0,0,0,0,0,0,0
2018-08-03,MUFFINS,BLUE STRU,0,8,8,8,0,0,0,0,2,2,2,0,0,0
2018-08-03,MUFFINS,CHOC CARM,0,8,8,7,0,1,0,0,4,4,2,0,0,0
2018-08-03,MUFFINS,BAN CRUMB,0,5,5,4,0,1,0,0,1,1,1,0,0,0
2018-08-03,MUFFINS,BAN WALNUT,0,5,5,5,0,0,0,0,3,3,1,0,0,0
2018-08-03,MUFFINS,BAN CHOC,0,5,5,3,0,2,0,0,3,3,1,0,0,0
2018-08-03,MUFFINS,Cookies,0,0,0,0,0,0,0,0,0,0,0,0,0,0
2018-08-03,MUFFINS,Bars,0,0,0,0,0,0,0,0,0,0,0,0,0,0
2018-08-03,MUFFINS,Oatmeal CC,6,18,24,18,0,0,6,0,0,0,0,0,0,0
2018-08-03,MUFFINS,SALTED CARM,3,12,15,6,0,0,9,0,0,0,0,0,0,0
2018-08-03,MUFFINS,Triple Choc,0,24,24,18,0,0,6,0,0,0,0,0,0,0
2018-08-03,MUFFINS,SNICKEDOODLE,0,24,24,18,0,0,6,0,0,0,0,0,0,0
2018-08-03,MUFFINS,frosted,5,24,29,20,0,3,6,0,0,0,0,0,0,0
2018-08-03,MUFFINS,Kahuna,3,0,3,3,0,0,0,0,0,0,0,0,0,0
2018-08-03,MUFFINS,Brownies,3,0,3,3,0,0,0,0,0,0,0,0,0,0
2018-08-03,MUFFINS,Totals,20,229,249,191,3,22,33,0,25,25,11,0,0,0
2018-08-04,BREAD,H,12,17,29,29,0,0,0,0,0,0,0,0,0,0
2018-08-04,BREAD,FR,12,0,12,12,0,0,0,0,0,0,0,0,0,0
2018-08-04,BREAD,GW,5,0,5,2,0,3,0,0,0,0,0,0,0,0
2018-08-04,BREAD,DK,6,0,6,2,0,4,0,0,0,0,0,0,0,0
2018-08-04,BREAD,H5,4,0,4,0,0,4,0,0,0,0,0,0,0,0
2018-08-04,BREAD,CSRWL,2,17,19,5,0,14,0,3,0,3,1,0,0,0
2018-08-04,BREAD,VA SWRL,0,0,0,0,0,0,0,0,0,0,0,0,0,0
2018-08-04,BREAD,BFB,0,0,0,-2,0,2,0,0,0,0,0,0,0,0
2018-08-04,BREAD,CNE,4,0,4,3,0,1,0,2,0,2,0,0,0,0
2018-08-04,BREAD,CNR,1,0,1,1,0,0,0,0,0,0,0,0,0,0
2018-08-04,BREAD,CNW,1,0,1,1,0,0,0,0,0,0,0,0,0,0
2018-08-04,BREAD,CG,4,0,4,2,0,2,0,2,0,2,2,0,0,0
2018-08-04,BREAD,PESTO CG,0,0,0,0,0,0,0,0,0,0,0,0,0,0
2018-08-04,BREAD,VS,5,7,12,5,0,7,0,3,2,5,2,0,0,0
2018-08-04,BREAD,CH,0,0,0,0,0,0,0,0,0,0,0,0,0,0
2018-08-04,BREAD,SOURDOUGH,7,0,7,5,0,2,0,0,0,0,0,0,0,0
2018-08-04,BREAD,SOUR CC,2,0,2,-2,0,4,0,0,0,0,0,0,0,0
2018-08-04,BREAD,SOUR CJ,0,0,0,0,0,0,0,0,0,0,0,0,0,0
2018-08-04,BREAD,SOUR RG,2,0,2,-1,0,3,0,0,0,0,0,0,0,0
2018-08-04,BREAD,SOUR BORG,1,0,1,0,0,1,0,0,0,0,0,0,0,0
2018-08-04,BREAD,Car,0,0,0,0,0,0,0,0,0,0,0,0,0,0
2018-08-04,BREAD,IHF,0,0,0,0,0,0,0,0,0,0,0,0,0,0
2018-08-04,BREAD,GW BUNS,3,0,3,-1,0,4,0,0,0,0,0,0,0,0
2018-08-04,BREAD,VS BUNS,2,0,2,1,0,1,0,0,0,0,0,0,0,0
2018-08-04,BREAD,H-RLS,0,0,0,0,0,0,0,0,0,0,0,0,0,0
2018-08-04,BREAD,FR-RLS,1,0,1,0,0,1,0,0,0,0,0,0,0,0
2018-08-04,BREAD,VS-RLS,1,0,1,0,0,1,0,0,0,0,0,0,0,0
2018-08-04,BREAD,BLUE STRU,2,2,4,0,0,4,0,0,0,0,0,0,0,0
2018-08-04,BREAD,CHOC CARM,0,0,0,0,0,0,0,0,0,0,0,0,0,0
2018-08-04,BREAD,BAN CRUMB,1,0,1,-1,0,2,0,0,0,0,0,0,0,0
2018-08-04,BREAD,BAN WALN,1,0,1,-1,0,2,0,0,0,0,0,0,0,0
2018-08-04,BREAD,BAN CHOC,4,0,4,2,0,2,0,0,0,0,0,0,0,0
2018-08-04,ROLLS,Cinnamon,0,120,120,95,2,23,0,0,0,0,0,0,0,0
2018-08-04,ROLLS,Take-N-Bake,0,0,0,0,0,0,0,0,0,0,0,0,0,0
2018-08-04,ROLLS,Mini C-Roll,0,0,0,0,0,0,0,0,0,0,0,0,0,0
2018-08-04,SCONES,Blueberry,0,60,60,42,0,18,0,0,5,5,4,0,0,0
2018-08-04,SCONES,Rasp Cream,0,0,0,0,0,0,0,0,0,0,0,0,0,0
2018-08-04,SCONES,Cherry,0,0,0,0,0,0,0,0,0,0,0,0,0,0
2018-08-04,SCONES,Butt Almond,0,35,35,30,0,5,0,0,4,4,2,0,0,0
2018-08-04,SCONES,Turtle,0,0,0,0,0,0,0,0,0,0,0,0,0,0
2018-08-04,SCONES,Cin Chip,0,0,0,0,0,0,0,0,0,0,0,0,0,0
2018-08-04,FRUIT BARS,Mixed Berry,0,8,8,5,0,3,0,0,0,0,0,0,0,0
2018-08-04,FRUIT BARS,Cherry,0,12,12,8,0,4,0,0,0,0,0,0,0,0
2018-08-04,FRUIT BARS,Apple Cin,0,12,12,9,0,3,0,0,0,0,0,0,0,0
2018-08-04,FRUIT BARS,MIXED FRUIT,0,8,8,6,0,2,0,0,0,0,0,0,0,0
2018-08-04,MUFFINS,BLUE STRU,0,12,12,10,0,2,0,0,3,3,3,0,0,0
2018-08-04,MUFFINS,CHOC CARM,0,12,12,11,0,1,0,0,3,3,1,0,0,0
2018-08-04,MUFFINS,BAN CRUMB,0,6,6,3,0,3,0,0,2,2,0,0,0,0
2018-08-04,MUFFINS,BAN WALNUT,0,6,6,2,0,4,0,0,2,2,1,0,0,0
2018-08-04,MUFFINS,BAN CHOC,0,6,6,6,0,0,0,0,2,2,2,0,0,0
2018-08-04,MUFFINS,Cookies,0,0,0,0,0,0,0,0,0,0,0,0,0,0
2018-08-04,MUFFINS,Bars,0,0,0,0,0,0,0,0,0,0,0,0,0,0
2018-08-04,MUFFINS,Oatmeal CC,6,6,12,-1,0,13,0,0,0,0,0,0,0,0
2018-08-04,MUFFINS,SALTED CARM,9,0,9,5,0,4,0,0,0,0,0,0,0,0
2018-08-04,MUFFINS,Triple Choc,6,12,18,2,10,6,0,0,0,0,0,0,0,0
2018-08-04,MUFFINS,SNICKEDOODLE,6,6,12,10,0,2,0,0,0,0,0,0,0,0
2018-08-04,MUFFINS,frosted,6,0,6,-4,0,10,0,0,0,0,0,0,0,0
2018-08-04,MUFFINS,Kahuna,0,20,20,11,0,9,0,0,0,0,0,0,0,0
2018-08-04,MUFFINS,Brownies,0,20,20,20,0,0,0,0,0,0,0,0,0,0
2018-08-04,MUFFINS,Totals,33,361,394,270,12,112,0,0,21,21,13,0,0,0
2018-08-05,BREAD,H,0,0,0,0,0,0,0,0,0,0,0,0,0,0
2018-08-05,BREAD,FR,0,0,0,0,0,0,0,0,0,0,0,0,0,0
2018-08-05,BREAD,GW,0,0,0,0,0,0,0,0,0,0,0,0,0,0
2018-08-05,BREAD,DK,0,0,0,0,0,0,0,0,0,0,0,0,0,0
2018-08-05,BREAD,H5,0,0,0,0,0,0,0,0,0,0,0,0,0,0
2018-08-05,BREAD,CSRWL,0,0,0,0,0,0,0,0,0,0,0,0,0,0
2018-08-05,BREAD,VA SWRL,0,0,0,0,0,0,0,0,0,0,0,0,0,0
2018-08-05,BREAD,BFB,0,0,0,0,0,0,0,0,0,0,0,0,0,0
2018-08-05,BREAD,CNE,0,0,0,0,0,0,0,0,0,0,0,0,0,0
2018-08-05,BREAD,CNR,0,0,0,0,0,0,0,0,0,0,0,0,0,0
2018-08-05,BREAD,CNW,0,0,0,0,0,0,0,0,0,0,0,0,0,0
2018-08-05,BREAD,CG,0,0,0,0,0,0,0,0,0,0,0,0,0,0
2018-08-05,BREAD,PESTO CG,0,0,0,0,0,0,0,0,0,0,0,0,0,0
2018-08-05,BREAD,VS,0,0,0,0,0,0,0,0,0,0,0,0,0,0
2018-08-05,BREAD,CH,0,0,0,0,0,0,0,0,0,0,0,0,0,0
2018-08-05,BREAD,SOURDOUGH,0,0,0,0,0,0,0,0,0,0,0,0,0,0
2018-08-05,BREAD,SOUR CC,0,0,0,0,0,0,0,0,0,0,0,0,0,0
2018-08-05,BREAD,SOUR CJ,0,0,0,0,0,0,0,0,0,0,0,0,0,0
2018-08-05,BREAD,SOUR RG,0,0,0,0,0,0,0,0,0,0,0,0,0,0
2018-08-05,BREAD,SOUR BORG,0,0,0,0,0,0,0,0,0,0,0,0,0,0
2018-08-05,BREAD,Car,0,0,0,0,0,0,0,0,0,0,0,0,0,0
2018-08-05,BREAD,IHF,0,0,0,0,0,0,0,0,0,0,0,0,0,0
2018-08-05,BREAD,GW BUNS,0,0,0,0,0,0,0,0,0,0,0,0,0,0
2018-08-05,BREAD,VS BUNS,0,0,0,0,0,0,0,0,0,0,0,0,0,0
2018-08-05,BREAD,H-RLS,0,0,0,0,0,0,0,0,0,0,0,0,0,0
2018-08-05,BREAD,FR-RLS,0,0,0,0,0,0,0,0,0,0,0,0,0,0
2018-08-05,BREAD,VS-RLS,0,0,0,0,0,0,0,0,0,0,0,0,0,0
2018-08-05,BREAD,BLUE STRU,0,0,0,0,0,0,0,0,0,0,0,0,0,0
2018-08-05,BREAD,CHOC CARM,0,0,0,0,0,0,0,0,0,0,0,0,0,0
2018-08-05,BREAD,BAN CRUMB,0,0,0,0,0,0,0,0,0,0,0,0,0,0
2018-08-05,BREAD,BAN WALN,0,0,0,0,0,0,0,0,0,0,0,0,0,0
2018-08-05,BREAD,BAN CHOC,0,0,0,0,0,0,0,0,0,0,0,0,0,0
2018-08-05,ROLLS,Cinnamon,0,0,0,0,0,0,0,0,0,0,0,0,0,0
2018-08-05,ROLLS,Take-N-Bake,0,0,0,0,0,0,0,0,0,0,0,0,0,0
2018-08-05,ROLLS,Mini C-Roll,0,0,0,0,0,0,0,0,0,0,0,0,0,0
2018-08-05,SCONES,Blueberry,0,0,0,0,0,0,0,0,0,0,0,0,0,0
2018-08-05,SCONES,Rasp Cream,0,0,0,0,0,0,0,0,0,0,0,0,0,0
2018-08-05,SCONES,Cherry,0,0,0,0,0,0,0,0,0,0,0,0,0,0
2018-08-05,SCONES,Butt Almond,0,0,0,0,0,0,0,0,0,0,0,0,0,0
2018-08-05,SCONES,Turtle,0,0,0,0,0,0,0,0,0,0,0,0,0,0
2018-08-05,SCONES,Cin Chip,0,0,0,0,0,0,0,0,0,0,0,0,0,0
2018-08-05,FRUIT BARS,Mixed Berry,0,0,0,0,0,0,0,0,0,0,0,0,0,0
2018-08-05,FRUIT BARS,Cherry,0,0,0,0,0,0,0,0,0,0,0,0,0,0
2018-08-05,FRUIT BARS,Apple Cin,0,0,0,0,0,0,0,0,0,0,0,0,0,0
2018-08-05,FRUIT BARS,MIXED FRUIT,0,0,0,0,0,0,0,0,0,0,0,0,0,0
2018-08-05,MUFFINS,BLUE STRU,0,0,0,0,0,0,0,0,0,0,0,0,0,0
2018-08-05,MUFFINS,CHOC CARM,0,0,0,0,0,0,0,0,0,0,0,0,0,0
2018-08-05,MUFFINS,BAN CRUMB,0,0,0,0,0,0,0,0,0,0,0,0,0,0
2018-08-05,MUFFINS,BAN WALNUT,0,0,0,0,0,0,0,0,0,0,0,0,0,0
2018-08-05,MUFFINS,BAN CHOC,0,0,0,0,0,0,0,0,0,0,0,0,0,0
2018-08-05,MUFFINS,Cookies,0,0,0,0,0,0,0,0,0,0,0,0,0,0
2018-08-05,MUFFINS,Bars,0,0,0,0,0,0,0,0,0,0,0,0,0,0
2018-08-05,MUFFINS,Oatmeal CC,0,0,0,0,0,0,0,0,0,0,0,0,0,0
2018-08-05,MUFFINS,SALTED CARM,0,0,0,0,0,0,0,0,0,0,0,0,0,0
2018-08-05,MUFFINS,Triple Choc,0,0,0,0,0,0,0,0,0,0,0,0,0,0
2018-08-05,MUFFINS,SNICKEDOODLE,0,0,0,0,0,0,0,0,0,0,0,0,0,0
2018-08-05,MUFFINS,frosted,0,0,0,0,0,0,0,0,0,0,0,0,0,0
2018-08-05,MUFFINS,Kahuna,0,0,0,0,0,0,0,0,0,0,0,0,0,0
2018-08-05,MUFFINS,Brownies,0,0,0,0,0,0,0,0,0,0,0,0,0,0
2018-08-05,MUFFINS,Totals,0,0,0,0,0,0,0,0,0,0,0,0,0,0
2018-08-06,BREAD,H,0,45,45,15,12,0,18,0,0,0,0,0,0,0
2018-08-06,BREAD,FR,0,32,32,10,0,0,22,0,0,0,0,0,0,0
2018-08-06,BREAD,GW,0,8,8,4,0,0,4,0,0,0,0,0,0,0
2018-08-06,BREAD,DK,0,28,28,12,0,0,16,0,0,0,0,0,0,0
2018-08-06,BREAD,H5,0,0,0,0,0,0,0,0,0,0,0,0,0,0
2018-08-06,BREAD,CSRWL,0,20,20,15,1,0,4,0,4,4,2,0,0,2
2018-08-06,BREAD,VA SWRL,0,0,0,0,0,0,0,0,0,0,0,0,0,0
2018-08-06,BREAD,BFB,0,0,0,0,0,0,0,0,0,0,0,0,0,0
2018-08-06,BREAD,CNE,0,11,11,5,0,0,6,0,3,3,3,0,0,0
2018-08-06,BREAD,CNR,0,4,4,2,0,0,2,0,0,0,0,0,0,0
2018-08-06,BREAD,CNW,0,4,4,2,0,0,2,0,0,0,0,0,0,0
2018-08-06,BREAD,CG,0,8,8,6,0,0,2,0,2,2,1,0,0,1
2018-08-06,BREAD,PESTO CG,0,3,3,3,0,0,0,0,0,0,0,0,0,0
2018-08-06,BREAD,VS,0,0,0,0,0,0,0,0,0,0,0,0,0,0
2018-08-06,BREAD,CH,0,0,0,0,0,0,0,0,0,0,0,0,0,0
2018-08-06,BREAD,SOURDOUGH,0,6,6,4,0,0,2,0,0,0,0,0,0,0
2018-08-06,BREAD,SOUR CC,0,3,3,0,0,0,3,0,0,0,0,0,0,0
2018-08-06,BREAD,SOUR CJ,0,0,0,0,0,0,0,0,0,0,0,0,0,0
2018-08-06,BREAD,SOUR RG,0,3,3,1,0,0,2,0,0,0,0,0,0,0
2018-08-06,BREAD,SOUR BORG,0,3,3,0,0,0,3,0,0,0,0,0,0,0
2018-08-06,BREAD,Car,0,0,0,0,0,0,0,0,0,0,0,0,0,0
2018-08-06,BREAD,IHF,0,0,0,0,0,0,0,0,0,0,0,0,0,0
2018-08-06,BREAD,GW BUNS,0,0,0,0,0,0,0,0,0,0,0,0,0,0
2018-08-06,BREAD,VS BUNS,0,0,0,0,0,0,0,0,0,0,0,0,0,0
2018-08-06,BREAD,H-RLS,0,3,3,0,0,0,3,0,0,0,0,0,0,0
2018-08-06,BREAD,FR-RLS,0,2,2,1,0,0,1,0,0,0,0,0,0,0
2018-08-06,BREAD,VS-RLS,0,0,0,0,0,0,0,0,0,0,0,0,0,0
2018-08-06,BREAD,BLUE STRU,0,4,4,0,0,0,4,0,0,0,0,0,0,0
2018-08-06,BREAD,CHOC CARM,0,5,5,0,1,0,4,0,0,0,0,0,0,0
2018-08-06,BREAD,BAN CRUMB,0,2,2,2,0,0,0,0,0,0,0,0,0,0
2018-08-06,BREAD,BAN WALN,0,2,2,1,0,0,1,0,0,0,0,0,0,0
2018-08-06,BREAD,BAN CHOC,0,2,2,1,0,0,1,0,0,0,0,0,0,0
2018-08-06,ROLLS,Cinnamon,0,24,24,24,0,0,0,0,0,0,0,0,0,0
2018-08-06,ROLLS,Take-N-Bake,0,0,0,0,0,0,0,0,0,0,0,0,0,0
2018-08-06,ROLLS,Mini C-Roll,0,72,72,24,48,0,0,0,0,0,0,0,0,0
2018-08-06,SCONES,Blueberry,0,0,0,0,0,0,0,0,0,0,0,0,0,0
2018-08-06,SCONES,Rasp Cream,0,19,19,19,0,0,0,0,2,2,2,0,0,0
2018-08-06,SCONES,Cherry,0,0,0,0,0,0,0,0,0,0,0,0,0,0
2018-08-06,SCONES,Butt Almond,0,0,0,0,0,0,0,0,0,0,0,0,0,0
2018-08-06,SCONES,Turtle,0,0,0,0,0,0,0,0,0,0,0,0,0,0
2018-08-06,SCONES,Cin Chip,0,12,12,12,0,0,0,0,2,2,2,0,0,0
2018-08-06,FRUIT BARS,Mixed Berry,0,8,8,6,0,2,0,0,0,0,0,0,0,0
2018-08-06,FRUIT BARS,Cherry,0,12,12,9,0,3,0,0,0,0,0,0,0,0
2018-08-06,FRUIT BARS,Apple Cin,0,0,0,0,0,0,0,0,0,0,0,0,0,0
2018-08-06,FRUIT BARS,MIXED FRUIT,0,0,0,0,0,0,0,0,0,0,0,0,0,0
2018-08-06,MUFFINS,BLUE STRU,0,8,8,6,0,2,0,0,1,1,1,0,0,0
2018-08-06,MUFFINS,CHOC CARM,0,8,8,5,0,3,0,0,1,1,0,0,0,0
2018-08-06,MUFFINS,BAN CRUMB,0,4,4,0,0,4,0,0,1,1,0,0,0,0
2018-08-06,MUFFINS,BAN WALNUT,0,4,4,3,0,1,0,0,1,1,1,0,0,0
2018-08-06,MUFFINS,BAN CHOC,0,4,4,2,0,2,0,0,1,1,1,0,0,0
2018-08-06,MUFFINS,Cookies,0,0,0,0,0,0,0,0,0,0,0,0,0,0
2018-08-06,MUFFINS,Bars,0,0,0,0,0,0,0,0,0,0,0,0,0,0
2018-08-06,MUFFINS,Oatmeal CC,0,48,48,22,26,0,0,0,0,0,0,0,0,0
2018-08-06,MUFFINS,SALTED CARM,0,42,42,13,26,0,3,0,0,0,0,0,0,0
2018-08-06,MUFFINS,Triple Choc,0,48,48,20,26,0,2,0,0,0,0,0,0,0
2018-08-06,MUFFINS,SNICKEDOODLE,0,42,42,16,26,0,0,0,0,0,0,0,0,0
2018-08-06,MUFFINS,frosted,0,12,12,3,0,0,9,0,0,0,0,0,0,0
2018-08-06,MUFFINS,Kahuna,0,0,0,0,0,0,0,0,0,0,0,0,0,0
2018-08-06,MUFFINS,Brownies,0,0,0,0,0,0,0,0,0,0,0,0,0,0
2018-08-06,MUFFINS,Totals,0,367,367,184,152,17,14,0,9,9,7,0,0,0
2018-08-07,BREAD,H,18,31,49,19,11,0,19,0,0,0,0,0,0,0
2018-08-07,BREAD,FR,22,14,36,0,27,0,9,0,0,0,0,0,0,0
2018-08-07,BREAD,GW,4,2,6,1,0,3,2,0,0,0,0,0,0,0
2018-08-07,BREAD,DK,16,0,16,5,0,0,11,0,0,0,0,0,0,0
2018-08-07,BREAD,H5,0,18,18,5,1,0,12,0,0,0,0,0,0,0
2018-08-07,BREAD,CSRWL,4,16,20,17,0,0,3,2,2,4,2,0,0,2
2018-08-07,BREAD,VA SWRL,0,0,0,0,0,0,0,0,0,0,0,0,0,0
2018-08-07,BREAD,BFB,0,21,21,5,0,0,16,0,5,5,3,0,0,2
2018-08-07,BREAD,CNE,6,0,6,6,0,0,0,0,0,0,0,0,0,0
2018-08-07,BREAD,CNR,2,0,2,2,0,0,0,0,0,0,0,0,0,0
2018-08-07,BREAD,CNW,2,0,2,2,0,0,0,0,0,0,0,0,0,0
2018-08-07,BREAD,CG,2,0,2,2,0,0,0,1,0,1,1,0,0,0
2018-08-07,BREAD,PESTO CG,0,0,0,0,0,0,0,0,0,0,0,0,0,0
2018-08-07,BREAD,VS,0,4,4,-2,3,0,3,0,3,3,2,0,0,1
2018-08-07,BREAD,CH,0,8,8,7,0,0,1,0,0,0,-1,0,0,1
2018-08-07,BREAD,SOURDOUGH,2,0,2,2,0,0,0,0,0,0,0,0,0,0
2018-08-07,BREAD,SOUR CC,3,0,3,0,0,3,0,0,0,0,0,0,0,0
2018-08-07,BREAD,SOUR CJ,0,0,0,0,0,0,0,0,0,0,0,0,0,0
2018-08-07,BREAD,SOUR RG,2,0,2,2,0,0,0,0,0,0,0,0,0,0
2018-08-07,BREAD,SOUR BORG,3,0,3,0,0,3,0,0,0,0,0,0,0,0
2018-08-07,BREAD,Car,0,0,0,0,0,0,0,0,0,0,0,0,0,0
2018-08-07,BREAD,IHF,0,0,0,0,0,0,0,0,0,0,0,0,0,0
2018-08-07,BREAD,GW BUNS,0,0,0,-2,0,0,2,0,0,0,0,0,0,0
2018-08-07,BREAD,VS BUNS,0,0,0,-2,0,0,2,0,0,0,0,0,0,0
2018-08-07,BREAD,gf,0,25,25,0,0,25,0,0,0,0,0,0,0,0
2018-08-07,BREAD,H-RLS,3,0,3,1,0,2,0,0,0,0,0,0,0,0
2018-08-07,BREAD,FR-RLS,1,2,3,0,0,1,2,0,0,0,0,0,0,0
2018-08-07,BREAD,VS-RLS,0,5,5,3,0,0,2,0,0,0,0,0,0,0
2018-08-07,BREAD,BLUE STRU,4,0,4,2,0,2,0,0,0,0,0,0,0,0
2018-08-07,BREAD,CHOC CARM,4,0,4,2,0,2,0,0,0,0,0,0,0,0
2018-08-07,BREAD,BAN CRUMB,0,2,2,0,0,0,2,0,0,0,0,0,0,0
2018-08-07,BREAD,BAN WALN,1,1,2,0,0,1,1,0,0,0,0,0,0,0
2018-08-07,BREAD,BAN CHOC,1,1,2,0,0,1,1,0,0,0,0,0,0,0
2018-08-07,ROLLS,Cinnamon,0,24,24,20,0,4,0,0,0,0,0,0,0,0
2018-08-07,ROLLS,Take-N-Bake,0,0,0,0,0,0,0,0,0,0,0,0,0,0
2018-08-07,ROLLS,Mini C-Roll,0,0,0,0,0,0,0,0,0,0,0,0,0,0
2018-08-07,SCONES,Blueberry,0,22,22,9,4,9,0,0,2,2,1,0,0,0
2018-08-07,SCONES,Rasp Cream,0,0,0,0,0,0,0,0,0,0,0,0,0,0
2018-08-07,SCONES,Cherry,0,0,0,0,0,0,0,0,0,0,0,0,0,0
2018-08-07,SCONES,Butt Almond,0,0,0,0,0,0,0,0,0,0,0,0,0,0
2018-08-07,SCONES,Turtle,0,0,0,0,0,0,0,0,0,0,0,0,0,0
2018-08-07,SCONES,Cin Chip,0,9,9,9,0,0,0,0,2,2,1,0,0,0
2018-08-07,FRUIT BARS,Mixed Berry,0,0,0,0,0,0,0,0,0,0,0,0,0,0
2018-08-07,FRUIT BARS,Cherry,0,0,0,0,0,0,0,0,0,0,0,0,0,0
2018-08-07,FRUIT BARS,Apple Cin,0,12,12,2,0,10,0,0,0,0,0,0,0,0
2018-08-07,FRUIT BARS,MIXED FRUIT,0,8,8,2,0,6,0,0,0,0,0,0,0,0
2018-08-07,MUFFINS,BLUE STRU,0,6,6,6,0,0,0,0,2,2,1,0,0,0
2018-08-07,MUFFINS,CHOC CARM,0,6,6,5,0,1,0,0,2,2,2,0,0,0
2018-08-07,MUFFINS,BAN CRUMB,0,4,4,2,0,2,0,0,1,1,1,0,0,0
2018-08-07,MUFFINS,BAN WALNUT,0,4,4,1,0,3,0,0,1,1,1,0,0,0
2018-08-07,MUFFINS,BAN CHOC,0,4,4,3,0,1,0,0,1,1,1,0,0,0
2018-08-07,MUFFINS,Cookies,0,0,0,0,0,0,0,0,0,0,0,0,0,0
2018-08-07,MUFFINS,Bars,0,0,0,0,0,0,0,0,0,0,0,0,0,0
2018-08-07,MUFFINS,Oatmeal CC,0,42,42,17,18,0,7,0,0,0,0,0,0,0
2018-08-07,MUFFINS,SALTED CARM,3,24,27,10,17,0,0,0,0,0,0,0,0,0
2018-08-07,MUFFINS,Triple Choc,2,30,32,5,18,0,9,0,0,0,0,0,0,0
2018-08-07,MUFFINS,SNICKEDOODLE,0,36,36,13,17,0,6,0,0,0,0,0,0,0
2018-08-07,MUFFINS,frosted,9,0,9,7,0,2,0,0,0,0,0,0,0,0
2018-08-07,MUFFINS,Kahuna,0,0,0,0,0,0,0,0,0,0,0,0,0,0
2018-08-07,MUFFINS,Brownies,0,20,20,13,0,0,7,0,0,0,0,0,0,0
2018-08-07,MUFFINS,Totals,14,251,265,124,74,38,29,0,11,11,8,0,0,0
2018-08-08,BREAD,H,19,35,54,41,1,0,12,0,0,0,0,0,0,0
2018-08-08,BREAD,FR,9,30,39,28,0,0,11,0,0,0,0,0,0,0
2018-08-08,BREAD,GW,2,14,16,10,0,0,6,0,0,0,0,0,0,0
2018-08-08,BREAD,DK,11,36,47,31,0,0,16,0,0,0,0,0,0,0
2018-08-08,BREAD,H5,12,0,12,12,0,0,0,0,0,0,0,0,0,0
2018-08-08,BREAD,CSRWL,3,0,3,-4,1,0,6,2,0,2,1,0,0,1
2018-08-08,BREAD,VA SWRL,0,0,0,0,0,0,0,0,0,0,0,0,0,0
2018-08-08,BREAD,BFB,16,0,16,7,0,9,0,2,0,2,0,0,0,0
2018-08-08,BREAD,CNE,0,24,24,17,0,0,7,0,4,4,2,0,0,2
2018-08-08,BREAD,CNR,0,10,10,10,0,0,0,0,0,0,0,0,0,0
2018-08-08,BREAD,CNW,0,10,10,7,0,0,3,0,0,0,0,0,0,0
2018-08-08,BREAD,CG,0,12,12,9,0,0,3,0,3,3,3,0,0,0
2018-08-08,BREAD,PESTO CG,0,6,6,5,0,0,1,0,0,0,0,0,0,0
2018-08-08,BREAD,VS,3,0,3,3,0,0,0,1,0,1,1,0,0,0
2018-08-08,BREAD,CH,1,0,1,1,0,0,0,1,0,1,1,0,0,0
2018-08-08,BREAD,SOURDOUGH,0,10,10,8,0,0,2,0,0,0,0,0,0,0
2018-08-08,BREAD,SOUR CC,0,5,5,3,0,0,2,0,0,0,0,0,0,0
2018-08-08,BREAD,SOUR CJ,0,4,4,4,0,0,0,0,0,0,0,0,0,0
2018-08-08,BREAD,SOUR RG,0,5,5,3,0,0,2,0,0,0,0,0,0,0
2018-08-08,BREAD,SOUR BORG,0,5,5,3,0,0,2,0,0,0,0,0,0,0
2018-08-08,BREAD,Car,0,0,0,0,0,0,0,0,0,0,0,0,0,0
2018-08-08,BREAD,IHF,0,0,0,0,0,0,0,0,0,0,0,0,0,0
2018-08-08,BREAD,GW BUNS,2,3,5,3,0,0,2,0,0,0,0,0,0,0
2018-08-08,BREAD,VS BUNS,2,0,2,0,0,2,0,0,0,0,0,0,0,0
2018-08-08,BREAD,H-RLS,0,4,4,2,0,2,0,0,0,0,0,0,0,0
2018-08-08,BREAD,FR-RLS,2,3,5,3,0,1,1,0,0,0,0,0,0,0
2018-08-08,BREAD,VS-RLS,2,0,2,2,0,0,0,0,0,0,0,0,0,0
2018-08-08,BREAD,BLUE STRU,0,8,8,7,1,0,0,0,0,0,0,0,0,0
2018-08-08,BREAD,CHOC CARM,0,7,7,3,0,0,4,0,0,0,0,0,0,0
2018-08-08,BREAD,BAN CRUMB,2,2,4,1,0,1,2,0,0,0,0,0,0,0
2018-08-08,BREAD,BAN WALN,1,2,3,1,0,0,2,0,0,0,0,0,0,0
2018-08-08,BREAD,BAN CHOC,1,2,3,1,0,0,2,0,0,0,0,0,0,0
2018-08-08,ROLLS,Cinnamon,0,84,84,79,0,5,0,0,0,0,0,0,0,0
2018-08-08,ROLLS,Take-N-Bake,0,0,0,0,0,0,0,0,0,0,0,0,0,0
2018-08-08,ROLLS,Mini C-Roll,0,0,0,0,0,0,0,0,0,0,0,0,0,0
2018-08-08,SCONES,Blueberry,0,0,0,0,0,0,0,0,0,0,0,0,0,0
2018-08-08,SCONES,Rasp Cream,0,30,30,26,4,0,0,0,8,8,3,0,0,0
2018-08-08,SCONES,Cherry,0,0,0,0,0,0,0,0,0,0,0,0,0,0
2018-08-08,SCONES,Butt Almond,0,0,0,0,0,0,0,0,0,0,0,0,0,0
2018-08-08,SCONES,Turtle,0,20,20,19,0,1,0,0,8,8,2,0,0,0
2018-08-08,SCONES,Cin Chip,0,0,0,0,0,0,0,0,0,0,0,0,0,0
2018-08-08,FRUIT BARS,Mixed Berry,0,8,8,5,3,0,0,0,0,0,0,0,0,0
2018-08-08,FRUIT BARS,Cherry,0,12,12,7,4,1,0,0,0,0,0,0,0,0
2018-08-08,FRUIT BARS,Apple Cin,0,0,0,0,0,0,0,0,0,0,0,0,0,0
2018-08-08,FRUIT BARS,MIXED FRUIT,0,0,0,0,0,0,0,0,0,0,0,0,0,0
2018-08-08,MUFFINS,BLUE STRU,0,9,9,4,0,5,0,0,4,4,1,0,0,0
2018-08-08,MUFFINS,CHOC CARM,0,8,8,2,0,6,0,0,4,4,-1,0,0,0
2018-08-08,MUFFINS,BAN CRUMB,0,6,6,1,0,5,0,0,4,4,-2,0,0,0
2018-08-08,MUFFINS,BAN WALNUT,0,6,6,3,0,3,0,0,2,2,2,0,0,0
2018-08-08,MUFFINS,BAN CHOC,0,6,6,2,0,4,0,0,2,2,1,0,0,0
2018-08-08,MUFFINS,Cookies,0,0,0,0,0,0,0,0,0,0,0,0,0,0
2018-08-08,MUFFINS,Bars,0,0,0,0,0,0,0,0,0,0,0,0,0,0
2018-08-08,MUFFINS,Oatmeal CC,7,42,49,14,24,0,11,0,0,0,0,0,0,0
2018-08-08,MUFFINS,SALTED CARM,0,36,36,22,12,0,2,0,0,0,0,0,0,0
2018-08-08,MUFFINS,Triple Choc,9,30,39,23,12,0,4,0,0,0,0,0,0,0
2018-08-08,MUFFINS,SNICKEDOODLE,6,42,48,22,24,0,2,0,0,0,0,0,0,0
2018-08-08,MUFFINS,butterscotch,0,0,0,-13,0,0,13,0,0,0,0,0,0,0
2018-08-08,MUFFINS,frosted,0,30,30,25,0,0,5,0,0,0,0,0,0,0
2018-08-08,MUFFINS,Kahuna,0,20,20,9,0,0,11,0,0,0,0,0,0,0
2018-08-08,MUFFINS,Brownies,7,20,27,3,20,0,4,0,0,0,0,0,0,0
2018-08-08,MUFFINS,Totals,29,409,438,253,103,30,52,0,32,32,6,0,0,0
2018-08-09,BREAD,H,12,48,60,16,24,0,20,0,0,0,0,0,0,0
2018-08-09,BREAD,FR,11,19,30,-19,35,0,14,0,0,0,0,0,0,0
2018-08-09,BREAD,GW,6,6,12,1,0,5,6,0,0,0,0,0,0,0
2018-08-09,BREAD,DK,16,0,16,4,0,0,12,0,0,0,0,0,0,0
2018-08-09,BREAD,H5,0,19,19,10,0,0,9,0,0,0,0,0,0,0
2018-08-09,BREAD,CSRWL,6,16,22,14,0,2,6,1,3,4,-1,0,0,3
2018-08-09,BREAD,VA SWRL,0,0,0,0,0,0,0,0,0,0,0,0,0,0
2018-08-09,BREAD,BFB,0,14,14,5,0,0,9,0,2,2,-2,0,0,4
2018-08-09,BREAD,CNE,7,0,7,4,0,3,0,2,0,2,2,0,0,0
2018-08-09,BREAD,CNR,0,0,0,0,0,0,0,0,0,0,0,0,0,0
2018-08-09,BREAD,CNW,3,0,3,0,0,3,0,0,0,0,0,0,0,0
2018-08-09,BREAD,CG,3,0,3,1,0,2,0,0,0,0,0,0,0,0
2018-08-09,BREAD,PESTO CG,1,0,1,0,0,1,0,0,0,0,0,0,0,0
2018-08-09,BREAD,VS,0,11,11,0,0,0,11,0,3,3,1,0,0,2
2018-08-09,BREAD,CH,0,14,14,2,0,0,12,0,0,0,0,0,0,0
2018-08-09,BREAD,SOURDOUGH,2,0,2,0,0,2,0,0,0,0,0,0,0,0
2018-08-09,BREAD,SOUR CC,2,0,2,-1,0,3,0,0,0,0,0,0,0,0
2018-08-09,BREAD,SOUR CJ,0,0,0,-1,0,1,0,0,0,0,0,0,0,0
2018-08-09,BREAD,SOUR RG,2,0,2,-1,0,3,0,0,0,0,0,0,0,0
2018-08-09,BREAD,SOUR BORG,2,0,2,-2,0,4,0,0,0,0,0,0,0,0
2018-08-09,BREAD,Car,0,0,0,0,0,0,0,0,0,0,0,0,0,0
2018-08-09,BREAD,IHF,0,0,0,0,0,0,0,0,0,0,0,0,0,0
2018-08-09,BREAD,GW BUNS,2,0,2,0,0,2,0,0,0,0,0,0,0,0
2018-08-09,BREAD,VS BUNS,0,3,3,0,0,0,3,0,0,0,0,0,0,0
2018-08-09,BREAD,H-RLS,0,4,4,-1,0,0,5,0,0,0,0,0,0,0
2018-08-09,BREAD,FR-RLS,1,0,1,-5,0,0,6,0,0,0,0,0,0,0
2018-08-09,BREAD,VS-RLS,0,3,3,2,0,0,1,0,0,0,0,0,0,0
2018-08-09,BREAD,BLUE STRU,0,8,8,2,0,2,4,0,0,0,0,0,0,0
2018-08-09,BREAD,CHOC CARM,4,5,9,-2,0,6,5,0,0,0,0,0,0,0
2018-08-09,BREAD,BAN CRUMB,2,3,5,0,0,1,4,0,0,0,0,0,0,0
2018-08-09,BREAD,BAN WALN,2,3,5,0,0,1,4,0,0,0,0,0,0,0
2018-08-09,BREAD,BAN CHOC,2,2,4,-1,0,2,3,0,0,0,0,0,0,0
2018-08-09,ROLLS,Cinnamon,0,84,84,71,0,13,0,0,0,0,0,0,0,0
2018-08-09,ROLLS,Take-N-Bake,0,0,0,0,0,0,0,0,0,0,0,0,0,0
2018-08-09,ROLLS,Mini C-Roll,0,0,0,0,0,0,0,0,0,0,0,0,0,0
2018-08-09,SCONES,Blueberry,0,55,55,27,0,28,0,0,4,4,2,0,0,0
2018-08-09,SCONES,Rasp Cream,0,0,0,0,0,0,0,0,0,0,0,0,0,0
2018-08-09,SCONES,Cherry,0,0,0,0,0,0,0,0,0,0,0,0,0,0
2018-08-09,SCONES,Butt Almond,0,0,0,0,0,0,0,0,0,0,0,0,0,0
2018-08-09,SCONES,Turtle,0,19,19,18,0,1,0,0,4,4,2,0,0,0
2018-08-09,SCONES,Cin Chip,0,0,0,0,0,0,0,0,0,0,0,0,0,0
2018-08-09,FRUIT BARS,Mixed Berry,0,0,0,0,0,0,0,0,0,0,0,0,0,0
2018-08-09,FRUIT BARS,Cherry,0,0,0,0,0,0,0,0,0,0,0,0,0,0
2018-08-09,FRUIT BARS,Apple Cin,0,12,12,7,0,5,0,0,0,0,0,0,0,0
2018-08-09,FRUIT BARS,MIXED FRUIT,0,8,8,6,0,2,0,0,0,0,0,0,0,0
2018-08-09,MUFFINS,BLUE STRU,0,11,11,5,0,6,0,0,4,4,3,0,0,0
2018-08-09,MUFFINS,CHOC CARM,0,11,11,9,0,2,0,0,4,4,2,0,0,0
2018-08-09,MUFFINS,BAN CRUMB,0,6,6,1,0,5,0,0,2,2,1,0,0,0
2018-08-09,MUFFINS,BAN WALNUT,0,6,6,2,0,4,0,0,2,2,1,0,0,0
2018-08-09,MUFFINS,BAN CHOC,0,6,6,3,0,3,0,0,2,2,2,0,0,0
2018-08-09,MUFFINS,Cookies,0,0,0,0,0,0,0,0,0,0,0,0,0,0
2018-08-09,MUFFINS,Bars,0,0,0,0,0,0,0,0,0,0,0,0,0,0
2018-08-09,MUFFINS,Oatmeal CC,11,50,61,42,14,0,5,0,8,8,4,0,0,0
2018-08-09,MUFFINS,SALTED CARM,2,0,2,-5,4,0,3,0,10,10,6,0,0,0
2018-08-09,MUFFINS,Triple Choc,4,30,34,34,0,0,0,0,6,6,0,0,0,0
2018-08-09,MUFFINS,SNICKEDOODLE,2,24,26,15,4,0,7,0,4,4,0,0,0,0
2018-08-09,MUFFINS,butterscotch,13,0,13,4,0,7,2,0,0,0,0,0,0,0
2018-08-09,MUFFINS,frosted,5,8,13,4,0,0,9,0,0,0,0,0,0,0
2018-08-09,MUFFINS,Kahuna,11,0,11,11,0,0,0,0,0,0,0,0,0,0
2018-08-09,MUFFINS,Brownies,4,20,24,19,0,0,5,0,0,0,0,0,0,0
2018-08-09,MUFFINS,Totals,52,350,402,273,22,76,31,0,50,50,23,0,0,0
2018-08-10,BREAD,H,20,46,66,23,0,0,43,0,0,0,0,0,0,0
2018-08-10,BREAD,FR,14,22,36,22,0,0,14,0,0,0,0,0,0,0
2018-08-10,BREAD,GW,6,20,26,7,0,5,14,0,0,0,0,0,0,0
2018-08-10,BREAD,DK,12,22,34,25,0,0,9,0,0,0,0,0,0,0
2018-08-10,BREAD,H5,9,0,9,8,0,0,1,0,0,0,0,0,0,0
2018-08-10,BREAD,CSRWL,6,20,26,26,0,0,0,3,2,5,5,0,0,0
2018-08-10,BREAD,VA SWRL,0,0,0,0,0,0,0,0,0,0,0,0,0,0
2018-08-10,BREAD,BFB,9,0,9,9,0,0,0,4,0,4,1,0,0,0
2018-08-10,BREAD,CNE,0,15,15,15,0,0,0,0,4,4,3,0,0,1
2018-08-10,BREAD,CNR,0,7,7,3,0,0,4,0,0,0,0,0,0,0
2018-08-10,BREAD,CNW,0,7,7,7,0,0,0,0,0,0,0,0,0,0
2018-08-10,BREAD,CG,0,13,13,6,0,0,7,0,3,3,1,0,0,2
2018-08-10,BREAD,PESTO CG,0,6,6,4,0,0,2,0,0,0,0,0,0,0
2018-08-10,BREAD,VS,11,10,21,11,0,3,7,2,3,5,2,0,0,2
2018-08-10,BREAD,CH,12,0,12,9,0,3,0,0,0,0,0,0,0,0
2018-08-10,BREAD,SOURDOUGH,0,14,14,11,0,0,3,0,0,0,0,0,0,0
2018-08-10,BREAD,SOUR CC,0,0,0,0,0,0,0,0,0,0,0,0,0,0
2018-08-10,BREAD,SOUR CJ,0,4,4,3,0,0,1,0,0,0,0,0,0,0
2018-08-10,BREAD,SOUR RG,0,5,5,3,0,0,2,0,0,0,0,0,0,0
2018-08-10,BREAD,SOUR BORG,0,5,5,3,0,0,2,0,0,0,0,0,0,0
2018-08-10,BREAD,Car,0,0,0,0,0,0,0,0,0,0,0,0,0,0
2018-08-10,BREAD,IHF,0,0,0,0,0,0,0,0,0,0,0,0,0,0
2018-08-10,BREAD,GW BUNS,0,4,4,2,0,0,2,0,0,0,0,0,0,0
2018-08-10,BREAD,VS BUNS,3,0,3,1,0,2,0,0,0,0,0,0,0,0
2018-08-10,BREAD,H-RLS,5,4,9,5,0,0,4,0,0,0,0,0,0,0
2018-08-10,BREAD,FR-RLS,6,0,6,0,0,0,6,0,0,0,0,0,0,0
2018-08-10,BREAD,VS-RLS,1,4,5,3,0,0,2,0,0,0,0,0,0,0
2018-08-10,BREAD,BLUE STRU,4,2,6,4,0,2,0,0,0,0,0,0,0,0
2018-08-10,BREAD,CHOC CARM,5,2,7,3,0,4,0,0,0,0,0,0,0,0
2018-08-10,BREAD,BAN CRUMB,4,2,6,1,0,4,1,0,0,0,0,0,0,0
2018-08-10,BREAD,BAN WALN,4,2,6,2,0,3,1,0,0,0,0,0,0,0
2018-08-10,BREAD,BAN CHOC,3,2,5,1,0,3,1,0,0,0,0,0,0,0
2018-08-10,ROLLS,Cinnamon,0,36,36,36,0,0,0,0,0,0,0,0,0,0
2018-08-10,ROLLS,Take-N-Bake,0,0,0,0,0,0,0,0,0,0,0,0,0,0
2018-08-10,ROLLS,Mini C-Roll,0,0,0,0,0,0,0,0,0,0,0,0,0,0
2018-08-10,SCONES,Blueberry,0,0,0,0,0,0,0,0,0,0,0,0,0,0
2018-08-10,SCONES,Rasp Cream,0,0,0,0,0,0,0,0,0,0,0,0,0,0
2018-08-10,SCONES,Cherry,0,17,17,17,0,0,0,0,2,2,-1,0,0,0
2018-08-10,SCONES,Butt Almond,0,16,16,9,0,7,0,0,2,2,2,0,0,0
2018-08-10,SCONES,Turtle,0,0,0,0,0,0,0,0,0,0,0,0,0,0
2018-08-10,SCONES,Cin Chip,0,0,0,0,0,0,0,0,0,0,0,0,0,0
2018-08-10,FRUIT BARS,Mixed Berry,0,8,8,5,0,3,0,0,0,0,0,0,0,0
2018-08-10,FRUIT BARS,Cherry,0,12,12,9,0,3,0,0,0,0,0,0,0,0
2018-08-10,FRUIT BARS,Mixed Berry,0,10,10,0,10,0,0,0,0,0,0,0,0,0
2018-08-10,FRUIT BARS,Cherry,0,10,10,0,10,0,0,0,0,0,0,0,0,0
2018-08-10,MUFFINS,BLUE STRU,0,8,8,8,0,0,0,0,2,2,2,0,0,0
2018-08-10,MUFFINS,CHOC CARM,0,8,8,8,0,0,0,0,2,2,2,0,0,0
2018-08-10,MUFFINS,BAN CRUMB,0,5,5,3,0,2,0,0,1,1,1,0,0,0
2018-08-10,MUFFINS,BAN WALNUT,0,5,5,3,0,2,0,0,1,1,1,0,0,0
2018-08-10,MUFFINS,BAN CHOC,0,5,5,5,0,0,0,0,1,1,1,0,0,0
2018-08-10,MUFFINS,Cookies,0,0,0,0,0,0,0,0,0,0,0,0,0,0
2018-08-10,MUFFINS,Bars,0,0,0,0,0,0,0,0,0,0,0,0,0,0
2018-08-10,MUFFINS,Oatmeal CC,5,30,35,11,7,2,15,0,0,0,0,0,0,0
2018-08-10,MUFFINS,SALTED CARM,3,48,51,10,34,1,6,0,0,0,0,0,0,0
2018-08-10,MUFFINS,Triple Choc,0,54,54,21,31,0,2,0,0,0,0,0,0,0
2018-08-10,MUFFINS,SNICKEDOODLE,7,60,67,28,39,0,0,0,0,0,0,0,0,0
2018-08-10,MUFFINS,frosted,9,18,27,12,0,9,6,0,0,0,0,0,0,0
2018-08-10,MUFFINS,Kahuna,0,20,20,20,0,0,0,0,0,0,0,0,0,0
2018-08-10,MUFFINS,Brownies,5,20,25,25,0,0,0,0,0,0,0,0,0,0
2018-08-10,MUFFINS,Totals,31,414,445,256,131,29,29,0,11,11,8,0,0,0
2018-08-12,BREAD,H,0,0,0,0,0,0,0,0,0,0,0,0,0,0
2018-08-12,BREAD,FR,0,0,0,0,0,0,0,0,0,0,0,0,0,0
2018-08-12,BREAD,GW,0,0,0,0,0,0,0,0,0,0,0,0,0,0
2018-08-12,BREAD,DK,0,0,0,0,0,0,0,0,0,0,0,0,0,0
2018-08-12,BREAD,H5,0,0,0,0,0,0,0,0,0,0,0,0,0,0
2018-08-12,BREAD,CSRWL,0,0,0,0,0,0,0,0,0,0,0,0,0,0
2018-08-12,BREAD,VA SWRL,0,0,0,0,0,0,0,0,0,0,0,0,0,0
2018-08-12,BREAD,BFB,0,0,0,0,0,0,0,0,0,0,0,0,0,0
2018-08-12,BREAD,CNE,0,0,0,0,0,0,0,0,0,0,0,0,0,0
2018-08-12,BREAD,CNR,0,0,0,0,0,0,0,0,0,0,0,0,0,0
2018-08-12,BREAD,CNW,0,0,0,0,0,0,0,0,0,0,0,0,0,0
2018-08-12,BREAD,CG,0,0,0,0,0,0,0,0,0,0,0,0,0,0
2018-08-12,BREAD,PESTO CG,0,0,0,0,0,0,0,0,0,0,0,0,0,0
2018-08-12,BREAD,VS,0,0,0,0,0,0,0,0,0,0,0,0,0,0
2018-08-12,BREAD,CH,0,0,0,0,0,0,0,0,0,0,0,0,0,0
2018-08-12,BREAD,SOURDOUGH,0,0,0,0,0,0,0,0,0,0,0,0,0,0
2018-08-12,BREAD,SOUR CC,0,0,0,0,0,0,0,0,0,0,0,0,0,0
2018-08-12,BREAD,SOUR CJ,0,0,0,0,0,0,0,0,0,0,0,0,0,0
2018-08-12,BREAD,SOUR RG,0,0,0,0,0,0,0,0,0,0,0,0,0,0
2018-08-12,BREAD,SOUR BORG,0,0,0,0,0,0,0,0,0,0,0,0,0,0
2018-08-12,BREAD,Car,0,0,0,0,0,0,0,0,0,0,0,0,0,0
2018-08-12,BREAD,IHF,0,0,0,0,0,0,0,0,0,0,0,0,0,0
2018-08-12,BREAD,GW BUNS,0,0,0,0,0,0,0,0,0,0,0,0,0,0
2018-08-12,BREAD,VS BUNS,0,0,0,0,0,0,0,0,0,0,0,0,0,0
2018-08-12,BREAD,H-RLS,0,0,0,0,0,0,0,0,0,0,0,0,0,0
2018-08-12,BREAD,FR-RLS,0,0,0,0,0,0,0,0,0,0,0,0,0,0
2018-08-12,BREAD,VS-RLS,0,0,0,0,0,0,0,0,0,0,0,0,0,0
2018-08-12,BREAD,BLUE STRU,0,0,0,0,0,0,0,0,0,0,0,0,0,0
2018-08-12,BREAD,CHOC CARM,0,0,0,0,0,0,0,0,0,0,0,0,0,0
2018-08-12,BREAD,BAN CRUMB,0,0,0,0,0,0,0,0,0,0,0,0,0,0
2018-08-12,BREAD,BAN WALN,0,0,0,0,0,0,0,0,0,0,0,0,0,0
2018-08-12,BREAD,BAN CHOC,0,0,0,0,0,0,0,0,0,0,0,0,0,0
2018-08-12,ROLLS,Cinnamon,0,0,0,0,0,0,0,0,0,0,0,0,0,0
2018-08-12,ROLLS,Take-N-Bake,0,0,0,0,0,0,0,0,0,0,0,0,0,0
2018-08-12,ROLLS,Mini C-Roll,0,0,0,0,0,0,0,0,0,0,0,0,0,0
2018-08-12,SCONES,Blueberry,0,0,0,0,0,0,0,0,0,0,0,0,0,0
2018-08-12,SCONES,Rasp Cream,0,0,0,0,0,0,0,0,0,0,0,0,0,0
2018-08-12,SCONES,Cherry,0,0,0,0,0,0,0,0,0,0,0,0,0,0
2018-08-12,SCONES,Butt Almond,0,0,0,0,0,0,0,0,0,0,0,0,0,0
2018-08-12,SCONES,Turtle,0,0,0,0,0,0,0,0,0,0,0,0,0,0
2018-08-12,SCONES,Cin Chip,0,0,0,0,0,0,0,0,0,0,0,0,0,0
2018-08-12,FRUIT BARS,Mixed Berry,0,0,0,0,0,0,0,0,0,0,0,0,0,0
2018-08-12,FRUIT BARS,Cherry,0,0,0,0,0,0,0,0,0,0,0,0,0,0
2018-08-12,FRUIT BARS,Apple Cin,0,0,0,0,0,0,0,0,0,0,0,0,0,0
2018-08-12,FRUIT BARS,MIXED FRUIT,0,0,0,0,0,0,0,0,0,0,0,0,0,0
2018-08-12,MUFFINS,BLUE STRU,0,0,0,0,0,0,0,0,0,0,0,0,0,0
2018-08-12,MUFFINS,CHOC CARM,0,0,0,0,0,0,0,0,0,0,0,0,0,0
2018-08-12,MUFFINS,BAN CRUMB,0,0,0,0,0,0,0,0,0,0,0,0,0,0
2018-08-12,MUFFINS,BAN WALNUT,0,0,0,0,0,0,0,0,0,0,0,0,0,0
2018-08-12,MUFFINS,BAN CHOC,0,0,0,0,0,0,0,0,0,0,0,0,0,0
2018-08-12,MUFFINS,Cookies,0,0,0,0,0,0,0,0,0,0,0,0,0,0
2018-08-12,MUFFINS,Bars,0,0,0,0,0,0,0,0,0,0,0,0,0,0
2018-08-12,MUFFINS,Oatmeal CC,0,0,0,0,0,0,0,0,0,0,0,0,0,0
2018-08-12,MUFFINS,SALTED CARM,0,0,0,0,0,0,0,0,0,0,0,0,0,0
2018-08-12,MUFFINS,Triple Choc,0,0,0,0,0,0,0,0,0,0,0,0,0,0
2018-08-12,MUFFINS,SNICKEDOODLE,0,0,0,0,0,0,0,0,0,0,0,0,0,0
2018-08-12,MUFFINS,frosted,0,0,0,0,0,0,0,0,0,0,0,0,0,0
2018-08-12,MUFFINS,Kahuna,0,0,0,0,0,0,0,0,0,0,0,0,0,0
2018-08-12,MUFFINS,Brownies,0,0,0,0,0,0,0,0,0,0,0,0,0,0
2018-08-12,MUFFINS,Totals,0,0,0,0,0,0,0,0,0,0,0,0,0,0
2018-08-11,BREAD,H,43,0,43,32,0,11,0,0,0,0,0,0,0,0
2018-08-11,BREAD,FR,14,0,14,7,0,7,0,0,0,0,0,0,0,0
2018-08-11,BREAD,GW,14,2,16,3,0,13,0,0,0,0,0,0,0,0
2018-08-11,BREAD,DK,9,0,9,9,0,0,0,0,0,0,0,0,0,0
2018-08-11,BREAD,H5,1,0,1,1,0,0,0,0,0,0,0,0,0,0
2018-08-11,BREAD,CSRWL,0,20,20,20,0,0,0,0,0,0,0,0,0,0
2018-08-11,BREAD,VA SWRL,0,0,0,0,0,0,0,0,0,0,0,0,0,0
2018-08-11,BREAD,BFB,0,0,0,0,0,0,0,0,0,0,0,0,0,0
2018-08-11,BREAD,CNE,0,0,0,0,0,0,0,1,0,1,1,0,0,0
2018-08-11,BREAD,CNR,4,0,4,4,0,0,0,0,0,0,0,0,0,0
2018-08-11,BREAD,CNW,0,0,0,0,0,0,0,0,0,0,0,0,0,0
2018-08-11,BREAD,CG,7,0,7,3,0,4,0,2,0,2,1,0,0,0
2018-08-11,BREAD,PESTO CG,2,0,2,1,0,1,0,0,0,0,0,0,0,0
2018-08-11,BREAD,VS,7,0,7,2,0,5,0,2,0,2,2,0,0,0
2018-08-11,BREAD,CH,0,0,0,0,0,0,0,0,0,0,0,0,0,0
2018-08-11,BREAD,SOURDOUGH,3,0,3,3,0,0,0,0,0,0,0,0,0,0
2018-08-11,BREAD,SOUR CC,0,0,0,0,0,0,0,0,0,0,0,0,0,0
2018-08-11,BREAD,SOUR CJ,1,0,1,-1,0,2,0,0,0,0,0,0,0,0
2018-08-11,BREAD,SOUR RG,2,0,2,0,0,2,0,0,0,0,0,0,0,0
2018-08-11,BREAD,SOUR BORG,2,0,2,1,0,1,0,0,0,0,0,0,0,0
2018-08-11,BREAD,Car,0,0,0,0,0,0,0,0,0,0,0,0,0,0
2018-08-11,BREAD,IHF,0,0,0,0,0,0,0,0,0,0,0,0,0,0
2018-08-11,BREAD,GW BUNS,2,0,2,-1,0,3,0,0,0,0,0,0,0,0
2018-08-11,BREAD,VS BUNS,0,0,0,-1,0,1,0,0,0,0,0,0,0,0
2018-08-11,BREAD,H-RLS,4,0,4,-1,0,5,0,0,0,0,0,0,0,0
2018-08-11,BREAD,FR-RLS,6,0,6,0,0,6,0,0,0,0,0,0,0,0
2018-08-11,BREAD,VS-RLS,2,0,2,-1,0,3,0,0,0,0,0,0,0,0
2018-08-11,BREAD,BLUE STRU,0,4,4,2,0,2,0,0,0,0,0,0,0,0
2018-08-11,BREAD,CHOC CARM,0,4,4,2,0,2,0,0,0,0,0,0,0,0
2018-08-11,BREAD,BAN CRUMB,1,1,2,0,0,2,0,0,0,0,0,0,0,0
2018-08-11,BREAD,BAN WALN,1,1,2,0,0,2,0,0,0,0,0,0,0,0
2018-08-11,BREAD,BAN CHOC,1,1,2,1,0,1,0,0,0,0,0,0,0,0
2018-08-11,ROLLS,Cinnamon,0,120,120,117,3,0,0,0,0,0,0,0,0,0
2018-08-11,ROLLS,Take-N-Bake,0,0,0,0,0,0,0,0,0,0,0,0,0,0
2018-08-11,ROLLS,Mini C-Roll,0,0,0,0,0,0,0,0,0,0,0,0,0,0
2018-08-11,SCONES,Blueberry,0,48,48,38,10,0,0,0,5,5,5,0,0,0
2018-08-11,SCONES,Rasp Cream,0,0,0,0,0,0,0,0,0,0,0,0,0,0
2018-08-11,SCONES,Cherry,0,0,0,0,0,0,0,0,0,0,0,0,0,0
2018-08-11,SCONES,Butt Almond,0,48,48,46,2,0,0,0,6,6,4,0,0,0
2018-08-11,SCONES,Turtle,0,0,0,0,0,0,0,0,0,0,0,0,0,0
2018-08-11,SCONES,Cin Chip,0,0,0,0,0,0,0,0,0,0,0,0,0,0
2018-08-11,FRUIT BARS,Mixed Berry,0,8,8,8,0,0,0,0,0,0,0,0,0,0
2018-08-11,FRUIT BARS,Cherry,0,12,12,9,3,0,0,0,0,0,0,0,0,0
2018-08-11,FRUIT BARS,Apple Cin,0,12,12,8,4,0,0,0,0,0,0,0,0,0
2018-08-11,FRUIT BARS,MIXED FRUIT,0,8,8,8,0,0,0,0,0,0,0,0,0,0
2018-08-11,MUFFINS,BLUE STRU,0,12,12,12,0,0,0,0,3,3,2,0,0,0
2018-08-11,MUFFINS,CHOC CARM,0,12,12,6,6,0,0,0,3,3,1,0,0,0
2018-08-11,MUFFINS,BAN CRUMB,0,7,7,5,2,0,0,0,2,2,2,0,0,0
2018-08-11,MUFFINS,BAN WALNUT,0,7,7,5,2,0,0,0,2,2,0,0,0,0
2018-08-11,MUFFINS,BAN CHOC,0,7,7,7,0,0,0,0,2,2,1,0,0,0
2018-08-11,MUFFINS,Cookies,0,0,0,0,0,0,0,0,0,0,0,0,0,0
2018-08-11,MUFFINS,Bars,0,0,0,0,0,0,0,0,0,0,0,0,0,0
2018-08-11,MUFFINS,Oatmeal CC,15,0,15,11,4,0,0,0,0,0,0,0,0,0
2018-08-11,MUFFINS,SALTED CARM,6,0,6,6,0,0,0,0,0,0,0,0,0,0
2018-08-11,MUFFINS,Triple Choc,2,18,20,12,8,0,0,0,0,0,0,0,0,0
2018-08-11,MUFFINS,SNICKEDOODLE,0,18,18,16,2,0,0,0,0,0,0,0,0,0
2018-08-11,MUFFINS,frosted,6,0,6,2,4,0,0,0,0,0,0,0,0,0
2018-08-11,MUFFINS,Kahuna,0,0,0,-2,2,0,0,0,0,0,0,0,0,0
2018-08-11,MUFFINS,Brownies,0,0,0,0,0,0,0,0,0,0,0,0,0,0
2018-08-11,MUFFINS,Totals,29,337,366,314,52,0,0,0,23,23,15,0,0,0
2018-08-13,BREAD,H,0,44,44,29,3,0,12,0,0,0,0,0,0,0
2018-08-13,BREAD,FR,0,30,30,12,0,0,18,0,0,0,0,0,0,0
2018-08-13,BREAD,GW,0,7,7,2,0,0,5,0,0,0,0,0,0,0
2018-08-13,BREAD,DK,0,30,30,12,0,0,18,0,0,0,0,0,0,0
2018-08-13,BREAD,H5,0,0,0,0,0,0,0,0,0,0,0,0,0,0
2018-08-13,BREAD,CSRWL,0,20,20,20,0,0,0,0,4,4,4,0,0,0
2018-08-13,BREAD,VA SWRL,0,0,0,0,0,0,0,0,0,0,0,0,0,0
2018-08-13,BREAD,BFB,0,0,0,0,0,0,0,0,0,0,0,0,0,0
2018-08-13,BREAD,CNE,0,13,13,9,0,0,4,0,2,2,1,0,0,1
2018-08-13,BREAD,CNR,0,4,4,1,0,0,3,0,0,0,0,0,0,0
2018-08-13,BREAD,CNW,0,6,6,2,0,0,4,0,0,0,0,0,0,0
2018-08-13,BREAD,CG,0,7,7,4,0,0,3,0,3,3,0,0,0,3
2018-08-13,BREAD,PESTO CG,0,3,3,3,0,0,0,0,0,0,0,0,0,0
2018-08-13,BREAD,VS,0,0,0,0,0,0,0,0,0,0,0,0,0,0
2018-08-13,BREAD,CH,0,0,0,0,0,0,0,0,0,0,0,0,0,0
2018-08-13,BREAD,SOURDOUGH,0,6,6,5,0,0,1,0,0,0,0,0,0,0
2018-08-13,BREAD,SOUR CC,0,0,0,0,0,0,0,0,0,0,0,0,0,0
2018-08-13,BREAD,SOUR CJ,0,0,0,0,0,0,0,0,0,0,0,0,0,0
2018-08-13,BREAD,SOUR RG,0,5,5,4,0,0,1,0,0,0,0,0,0,0
2018-08-13,BREAD,SOUR BORG,0,4,4,2,0,0,2,0,0,0,0,0,0,0
2018-08-13,BREAD,Car,0,0,0,0,0,0,0,0,0,0,0,0,0,0
2018-08-13,BREAD,IHF,0,34,34,34,0,0,0,0,0,0,0,0,0,0
2018-08-13,BREAD,GW BUNS,0,0,0,0,0,0,0,0,0,0,0,0,0,0
2018-08-13,BREAD,VS BUNS,0,0,0,0,0,0,0,0,0,0,0,0,0,0
2018-08-13,BREAD,H-RLS,0,2,2,2,0,0,0,0,0,0,0,0,0,0
2018-08-13,BREAD,FR-RLS,0,2,2,1,0,0,1,0,0,0,0,0,0,0
2018-08-13,BREAD,VS-RLS,0,0,0,0,0,0,0,0,0,0,0,0,0,0
2018-08-13,BREAD,BLUE STRU,0,5,5,3,0,0,2,0,0,0,0,0,0,0
2018-08-13,BREAD,CHOC CARM,0,5,5,2,0,0,3,0,0,0,0,0,0,0
2018-08-13,BREAD,BAN CRUMB,0,3,3,0,0,0,3,0,0,0,0,0,0,0
2018-08-13,BREAD,BAN WALN,0,3,3,0,0,0,3,0,0,0,0,0,0,0
2018-08-13,BREAD,BAN CHOC,0,3,3,1,0,0,2,0,0,0,0,0,0,0
2018-08-13,ROLLS,Cinnamon,0,24,24,24,0,0,0,0,0,0,0,0,0,0
2018-08-13,ROLLS,Take-N-Bake,0,0,0,0,0,0,0,0,0,0,0,0,0,0
2018-08-13,ROLLS,Mini C-Roll,0,0,0,0,0,0,0,0,0,0,0,0,0,0
2018-08-13,SCONES,Blueberry,0,0,0,0,0,0,0,0,0,0,0,0,0,0
2018-08-13,SCONES,Rasp Cream,0,22,22,17,0,5,0,0,2,2,2,0,0,0
2018-08-13,SCONES,Cherry,0,0,0,0,0,0,0,0,0,0,0,0,0,0
2018-08-13,SCONES,Butt Almond,0,0,0,0,0,0,0,0,0,0,0,0,0,0
2018-08-13,SCONES,Turtle,0,0,0,0,0,0,0,0,0,0,0,0,0,0
2018-08-13,SCONES,Cin Chip,0,12,12,12,0,0,0,0,2,2,2,0,0,0
2018-08-13,FRUIT BARS,Mixed Berry,0,8,8,6,0,2,0,0,0,0,0,0,0,0
2018-08-13,FRUIT BARS,Cherry,0,12,12,8,0,4,0,0,0,0,0,0,0,0
2018-08-13,FRUIT BARS,Apple Cin,0,0,0,0,0,0,0,0,0,0,0,0,0,0
2018-08-13,FRUIT BARS,MIXED FRUIT,0,0,0,0,0,0,0,0,0,0,0,0,0,0
2018-08-13,MUFFINS,BLUE STRU,0,8,8,5,0,3,0,0,1,1,1,0,0,0
2018-08-13,MUFFINS,CHOC CARM,0,8,8,7,0,1,0,0,1,1,1,0,0,0
2018-08-13,MUFFINS,BAN CRUMB,0,4,4,3,0,1,0,0,1,1,0,0,0,0
2018-08-13,MUFFINS,BAN WALNUT,0,4,4,1,0,3,0,0,1,1,0,0,0,0
2018-08-13,MUFFINS,BAN CHOC,0,4,4,4,0,0,0,0,1,1,0,0,0,0
2018-08-13,MUFFINS,Cookies,0,0,0,0,0,0,0,0,0,0,0,0,0,0
2018-08-13,MUFFINS,Bars,0,0,0,0,0,0,0,0,0,0,0,0,0,0
2018-08-13,MUFFINS,Oatmeal CC,0,36,36,5,19,0,12,0,5,5,0,0,0,0
2018-08-13,MUFFINS,SALTED CARM,0,36,36,11,19,0,6,0,5,5,0,0,0,0
2018-08-13,MUFFINS,Triple Choc,0,36,36,14,19,0,3,0,5,5,0,0,0,0
2018-08-13,MUFFINS,SNICKEDOODLE,0,36,36,14,19,0,3,0,2,2,0,0,0,0
2018-08-13,MUFFINS,frosted,0,12,12,11,0,0,1,0,0,0,0,0,0,0
2018-08-13,MUFFINS,Kahuna,0,0,0,0,0,0,0,0,0,0,0,0,0,0
2018-08-13,MUFFINS,Brownies,0,0,0,0,0,0,0,0,0,0,0,0,0,0
2018-08-13,MUFFINS,Totals,0,262,262,142,76,19,25,0,26,26,6,0,0,0
2018-08-14,BREAD,H,12,56,68,61,0,0,7,0,0,0,0,0,0,0
2018-08-14,BREAD,FR,18,18,36,-2,37,1,0,0,0,0,0,0,0,0
2018-08-14,BREAD,GW,5,0,5,4,0,1,0,0,0,0,0,0,0,0
2018-08-14,BREAD,DK,18,0,18,7,0,0,11,0,0,0,0,0,0,0
2018-08-14,BREAD,H5,0,17,17,6,1,0,10,0,0,0,0,0,0,0
2018-08-14,BREAD,CSRWL,0,24,24,15,1,0,8,0,4,4,1,0,0,3
2018-08-14,BREAD,VA SWRL,0,0,0,0,0,0,0,0,0,0,0,0,0,0
2018-08-14,BREAD,BFB,0,19,19,5,1,0,13,0,4,4,0,0,0,4
2018-08-14,BREAD,CNE,4,0,4,2,0,2,0,1,0,1,1,0,0,0
2018-08-14,BREAD,CNR,3,0,3,3,0,0,0,0,0,0,0,0,0,0
2018-08-14,BREAD,CNW,4,0,4,3,0,1,0,0,0,0,0,0,0,0
2018-08-14,BREAD,CG,3,0,3,2,0,1,0,3,0,3,1,0,0,0
2018-08-14,BREAD,PESTO CG,0,0,0,0,0,0,0,0,0,0,0,0,0,0
2018-08-14,BREAD,VS,0,3,3,-2,3,0,2,0,4,4,0,0,0,4
2018-08-14,BREAD,CH,0,6,6,3,0,0,3,0,0,0,0,0,0,0
2018-08-14,BREAD,SOURDOUGH,1,0,1,1,0,0,0,0,0,0,0,0,0,0
2018-08-14,BREAD,SOUR CC,0,0,0,0,0,0,0,0,0,0,0,0,0,0
2018-08-14,BREAD,SOUR CJ,0,0,0,0,0,0,0,0,0,0,0,0,0,0
2018-08-14,BREAD,SOUR RG,1,0,1,0,0,1,0,0,0,0,0,0,0,0
2018-08-14,BREAD,SOUR BORG,2,0,2,2,0,0,0,0,0,0,0,0,0,0
2018-08-14,BREAD,Car,0,0,0,0,0,0,0,0,0,0,0,0,0,0
2018-08-14,BREAD,IHF,0,0,0,0,0,0,0,0,0,0,0,0,0,0
2018-08-14,BREAD,GW BUNS,0,0,0,-1,0,0,1,0,0,0,0,0,0,0
2018-08-14,BREAD,VS BUNS,0,3,3,1,1,0,1,0,0,0,0,0,0,0
2018-08-14,BREAD,H-RLS,0,4,4,0,0,0,4,0,0,0,0,0,0,0
2018-08-14,BREAD,FR-RLS,1,4,5,0,0,1,4,0,0,0,0,0,0,0
2018-08-14,BREAD,VS-RLS,0,5,5,3,0,0,2,0,0,0,0,0,0,0
2018-08-14,BREAD,BLUE STRU,2,4,6,1,1,2,2,0,0,0,0,0,0,0
2018-08-14,BREAD,CHOC CARM,3,2,5,0,0,3,2,0,0,0,0,0,0,0
2018-08-14,BREAD,BAN CRUMB,3,0,3,0,0,3,0,0,0,0,0,0,0,0
2018-08-14,BREAD,BAN WALN,3,0,3,1,0,2,0,0,0,0,0,0,0,0
2018-08-14,BREAD,BAN CHOC,2,2,4,-1,1,2,2,0,0,0,0,0,0,0
2018-08-14,ROLLS,Cinnamon,0,24,24,23,0,1,0,0,0,0,0,0,0,0
2018-08-14,ROLLS,Take-N-Bake,0,0,0,0,0,0,0,0,0,0,0,0,0,0
2018-08-14,ROLLS,Mini C-Roll,0,24,24,0,24,0,0,0,0,0,0,0,0,0
2018-08-14,SCONES,Blueberry,0,21,21,18,0,3,0,0,7,7,1,0,0,0
2018-08-14,SCONES,Rasp Cream,0,0,0,0,0,0,0,0,0,0,0,0,0,0
2018-08-14,SCONES,Cherry,0,0,0,0,0,0,0,0,0,0,0,0,0,0
2018-08-14,SCONES,Butt Almond,0,0,0,0,0,0,0,0,0,0,0,0,0,0
2018-08-14,SCONES,Turtle,0,0,0,0,0,0,0,0,0,0,0,0,0,0
2018-08-14,SCONES,Cin Chip,0,8,8,5,2,1,0,0,7,7,-1,0,0,0
2018-08-14,FRUIT BARS,Mixed Berry,0,0,0,0,0,0,0,0,0,0,0,0,0,0
2018-08-14,FRUIT BARS,Cherry,0,0,0,0,0,0,0,0,0,0,0,0,0,0
2018-08-14,FRUIT BARS,Apple Cin,0,12,12,10,2,0,0,0,0,0,0,0,0,0
2018-08-14,FRUIT BARS,MIXED FRUIT,0,8,8,6,2,0,0,0,0,0,0,0,0,0
2018-08-14,MUFFINS,BLUE STRU,0,7,7,5,0,2,0,0,2,2,1,0,0,0
2018-08-14,MUFFINS,CHOC CARM,0,7,7,6,0,1,0,0,6,6,1,0,0,0
2018-08-14,MUFFINS,BAN CRUMB,0,4,4,1,0,3,0,0,4,4,1,0,0,0
2018-08-14,MUFFINS,BAN WALNUT,0,4,4,3,0,1,0,0,1,1,-2,0,0,0
2018-08-14,MUFFINS,BAN CHOC,0,4,4,4,0,0,0,0,1,1,0,0,0,0
2018-08-14,MUFFINS,Cookies,0,0,0,0,0,0,0,0,0,0,0,0,0,0
2018-08-14,MUFFINS,Bars,0,0,0,0,0,0,0,0,0,0,0,0,0,0
2018-08-14,MUFFINS,Oatmeal CC,12,37,49,6,27,7,9,0,6,0,-14,0,0,0
2018-08-14,MUFFINS,SALTED CARM,6,24,30,-4,27,7,0,0,6,6,0,0,0,0
2018-08-14,MUFFINS,Triple Choc,3,42,45,18,27,0,0,0,6,6,0,0,0,0
2018-08-14,MUFFINS,SNICKEDOODLE,3,43,46,14,26,0,6,0,6,6,0,0,0,0
2018-08-14,MUFFINS,frosted,1,12,13,11,0,0,2,0,0,0,0,0,0,0
2018-08-14,MUFFINS,Kahuna,0,20,20,15,0,0,5,0,0,0,0,0,0,0
2018-08-14,MUFFINS,Brownies,0,0,0,0,0,0,0,0,0,0,0,0,0,0
2018-08-14,MUFFINS,Totals,25,313,338,153,137,26,22,0,52,52,-7,0,0,0
2018-08-15,BREAD,H,7,73,80,65,1,0,14,0,0,0,0,0,0,0
2018-08-15,BREAD,FR,0,36,36,20,0,0,16,0,0,0,0,0,0,0
2018-08-15,BREAD,GW,0,17,17,12,0,0,5,0,0,0,0,0,0,0
2018-08-15,BREAD,DK,11,23,34,21,2,0,11,0,0,0,0,0,0,0
2018-08-15,BREAD,H5,10,0,10,7,0,0,3,0,0,0,0,0,0,0
2018-08-15,BREAD,CSRWL,8,20,28,20,0,0,8,3,2,5,5,0,0,0
2018-08-15,BREAD,VA SWRL,0,0,0,0,0,0,0,0,0,0,0,0,0,0
2018-08-15,BREAD,BFB,13,0,13,9,0,4,0,4,0,4,4,0,0,0
2018-08-15,BREAD,CNE,0,17,17,11,0,0,6,0,3,3,2,0,0,1
2018-08-15,BREAD,CNR,0,7,7,6,0,0,1,0,0,0,0,0,0,0
2018-08-15,BREAD,CNW,0,7,7,5,0,0,2,0,0,0,0,0,0,0
2018-08-15,BREAD,CG,0,14,14,13,0,0,1,0,3,3,3,0,0,0
2018-08-15,BREAD,PESTO CG,0,6,6,5,0,0,1,0,0,0,0,0,0,0
2018-08-15,BREAD,VS,2,0,2,1,0,0,1,4,0,4,3,0,0,1
2018-08-15,BREAD,CH,3,0,3,3,0,0,0,0,0,0,0,0,0,0
2018-08-15,BREAD,SOURDOUGH,0,10,10,3,0,0,7,0,0,0,0,0,0,0
2018-08-15,BREAD,SOUR CC,0,5,5,0,0,0,5,0,0,0,0,0,0,0
2018-08-15,BREAD,SOUR CJ,0,4,4,3,0,0,1,0,0,0,0,0,0,0
2018-08-15,BREAD,SOUR RG,0,5,5,3,0,0,2,0,0,0,0,0,0,0
2018-08-15,BREAD,SOUR BORG,0,5,5,1,0,0,4,0,0,0,0,0,0,0
2018-08-15,BREAD,Car,0,0,0,0,0,0,0,0,0,0,0,0,0,0
2018-08-15,BREAD,IHF,0,0,0,0,0,0,0,0,0,0,0,0,0,0
2018-08-15,BREAD,GW BUNS,1,0,1,-2,0,0,3,0,0,0,0,0,0,0
2018-08-15,BREAD,VS BUNS,1,0,1,1,0,0,0,0,0,0,0,0,0,0
2018-08-15,BREAD,H-RLS,4,2,6,4,0,0,2,0,0,0,0,0,0,0
2018-08-15,BREAD,FR-RLS,4,2,6,5,0,0,1,0,0,0,0,0,0,0
2018-08-15,BREAD,VS-RLS,2,0,2,1,0,0,1,0,0,0,0,0,0,0
2018-08-15,BREAD,BLUE STRU,2,4,6,5,0,0,1,0,0,0,0,0,0,0
2018-08-15,BREAD,CHOC CARM,2,4,6,3,0,0,3,0,0,0,0,0,0,0
2018-08-15,BREAD,BAN CRUMB,0,3,3,2,0,0,1,0,0,0,0,0,0,0
2018-08-15,BREAD,BAN WALN,0,3,3,3,0,0,0,0,0,0,0,0,0,0
2018-08-15,BREAD,BAN CHOC,2,1,3,2,0,0,1,0,0,0,0,0,0,0
2018-08-15,ROLLS,Cinnamon,0,48,48,47,0,1,0,0,0,0,0,0,0,0
2018-08-15,ROLLS,Take-N-Bake,0,0,0,0,0,0,0,0,0,0,0,0,0,0
2018-08-15,ROLLS,Mini C-Roll,0,0,0,0,0,0,0,0,0,0,0,0,0,0
2018-08-15,SCONES,Blueberry,0,0,0,-11,0,11,0,0,0,0,0,0,0,0
2018-08-15,SCONES,Rasp Cream,0,32,32,28,4,0,0,0,3,3,1,0,0,0
2018-08-15,SCONES,Cherry,0,0,0,0,0,0,0,0,0,0,0,0,0,0
2018-08-15,SCONES,Butt Almond,0,0,0,0,0,0,0,0,0,0,0,0,0,0
2018-08-15,SCONES,Turtle,0,21,21,21,0,0,0,0,3,3,3,0,0,0
2018-08-15,SCONES,Cin Chip,0,0,0,0,0,0,0,0,0,0,0,0,0,0
2018-08-15,FRUIT BARS,Mixed Berry,0,8,8,5,0,3,0,0,0,0,0,0,0,0
2018-08-15,FRUIT BARS,Cherry,0,12,12,10,0,2,0,0,0,0,0,0,0,0
2018-08-15,FRUIT BARS,Apple Cin,0,0,0,0,0,0,0,0,0,0,0,0,0,0
2018-08-15,FRUIT BARS,MIXED FRUIT,0,0,0,0,0,0,0,0,0,0,0,0,0,0
2018-08-15,MUFFINS,BLUE STRU,0,9,9,9,0,0,0,0,2,2,1,0,0,0
2018-08-15,MUFFINS,CHOC CARM,0,8,8,4,0,4,0,0,2,2,0,0,0,0
2018-08-15,MUFFINS,BAN CRUMB,0,6,6,3,0,3,0,0,2,2,0,0,0,0
2018-08-15,MUFFINS,BAN WALNUT,0,6,6,4,0,2,0,0,2,2,0,0,0,0
2018-08-15,MUFFINS,BAN CHOC,0,6,6,3,0,3,0,0,2,2,1,0,0,0
2018-08-15,MUFFINS,Cookies,0,0,0,0,0,0,0,0,0,0,0,0,0,0
2018-08-15,MUFFINS,Bars,0,0,0,0,0,0,0,0,0,0,0,0,0,0
2018-08-15,MUFFINS,Oatmeal CC,9,187,196,6,171,0,19,0,0,0,0,0,0,0
2018-08-15,MUFFINS,SALTED CARM,0,147,147,23,121,0,3,0,0,0,0,0,0,0
2018-08-15,MUFFINS,Triple Choc,0,193,193,11,166,0,16,0,0,0,0,0,0,0
2018-08-15,MUFFINS,SNICKEDOODLE,6,183,189,23,162,0,4,0,0,0,0,0,0,0
2018-08-15,MUFFINS,frosted,2,28,30,30,0,0,0,0,0,0,0,0,0,0
2018-08-15,MUFFINS,Kahuna,5,20,25,5,20,0,0,0,0,0,0,0,0,0
2018-08-15,MUFFINS,Brownies,0,20,20,11,0,0,9,0,0,0,0,0,0,0
2018-08-15,MUFFINS,Totals,22,934,956,232,644,29,51,0,16,16,6,0,0,0
2018-08-16,BREAD,H,14,37,51,15,9,0,27,0,0,0,0,0,0,0
2018-08-16,BREAD,FR,16,0,16,-47,35,0,28,0,0,0,0,0,0,0
2018-08-16,BREAD,GW,5,2,7,0,0,6,1,0,0,0,0,0,0,0
2018-08-16,BREAD,DK,11,0,11,3,0,0,8,0,0,0,0,0,0,0
2018-08-16,BREAD,H5,3,26,29,7,0,0,22,0,0,0,0,0,0,0
2018-08-16,BREAD,CSRWL,8,12,20,12,0,2,6,0,3,3,-1,0,0,4
2018-08-16,BREAD,VA SWRL,0,0,0,0,0,0,0,0,0,0,0,0,0,0
2018-08-16,BREAD,BFB,0,13,13,3,4,0,6,0,3,3,0,0,0,3
2018-08-16,BREAD,CNE,6,0,6,4,0,2,0,1,0,1,0,0,0,0
2018-08-16,BREAD,CNR,1,0,1,0,0,1,0,0,0,0,0,0,0,0
2018-08-16,BREAD,CNW,2,0,2,0,0,2,0,0,0,0,0,0,0,0
2018-08-16,BREAD,CG,1,0,1,-2,0,3,0,0,0,0,-2,0,0,0
2018-08-16,BREAD,PESTO CG,1,0,1,-1,0,2,0,0,0,0,0,0,0,0
2018-08-16,BREAD,VS,1,9,10,7,0,0,3,1,3,4,1,0,0,3
2018-08-16,BREAD,CH,0,14,14,6,0,0,8,0,0,0,0,0,0,0
2018-08-16,BREAD,SOURDOUGH,7,0,7,1,0,6,0,0,0,0,0,0,0,0
2018-08-16,BREAD,SOUR CC,5,0,5,-1,0,6,0,0,0,0,0,0,0,0
2018-08-16,BREAD,SOUR CJ,1,0,1,0,0,1,0,0,0,0,0,0,0,0
2018-08-16,BREAD,SOUR RG,2,0,2,0,0,2,0,0,0,0,0,0,0,0
2018-08-16,BREAD,SOUR BORG,4,0,4,-1,0,5,0,0,0,0,0,0,0,0
2018-08-16,BREAD,Car,0,0,0,0,0,0,0,0,0,0,0,0,0,0
2018-08-16,BREAD,IHF,0,0,0,0,0,0,0,0,0,0,0,0,0,0
2018-08-16,BREAD,GW BUNS,3,0,3,0,0,3,0,0,0,0,0,0,0,0
2018-08-16,BREAD,VS BUNS,0,0,0,-2,0,0,2,0,0,0,0,0,0,0
2018-08-16,BREAD,H-RLS,2,4,6,0,0,0,6,0,0,0,0,0,0,0
2018-08-16,BREAD,FR-RLS,1,3,4,-2,0,0,6,0,0,0,0,0,0,0
2018-08-16,BREAD,VS-RLS,1,0,1,-2,0,0,3,0,0,0,0,0,0,0
2018-08-16,BREAD,BLUE STRU,1,12,13,1,6,0,6,0,0,0,0,0,0,0
2018-08-16,BREAD,CHOC CARM,3,5,8,0,1,2,5,0,0,0,0,0,0,0
2018-08-16,BREAD,BAN CRUMB,1,2,3,2,0,1,0,0,0,0,0,0,0,0
2018-08-16,BREAD,BAN WALN,0,3,3,0,0,1,2,0,0,0,0,0,0,0
2018-08-16,BREAD,BAN CHOC,1,2,3,2,0,0,1,0,0,0,0,0,0,0
2018-08-16,ROLLS,Cinnamon,0,72,72,72,0,0,0,0,0,0,0,0,0,0
2018-08-16,ROLLS,Take-N-Bake,0,0,0,0,0,0,0,0,0,0,0,0,0,0
2018-08-16,ROLLS,Mini C-Roll,0,0,0,0,0,0,0,0,0,0,0,0,0,0
2018-08-16,SCONES,Blueberry,0,32,32,29,0,3,0,0,4,4,4,0,0,0
2018-08-16,SCONES,Rasp Cream,0,0,0,0,0,0,0,0,0,0,0,0,0,0
2018-08-16,SCONES,Cherry,0,0,0,0,0,0,0,0,0,0,0,0,0,0
2018-08-16,SCONES,Butt Almond,0,0,0,0,0,0,0,0,0,0,0,0,0,0
2018-08-16,SCONES,Turtle,0,19,19,13,0,6,0,0,4,4,3,0,0,0
2018-08-16,SCONES,Cin Chip,0,0,0,0,0,0,0,0,0,0,0,0,0,0
2018-08-16,FRUIT BARS,Mixed Berry,0,12,12,10,1,1,0,0,0,0,0,0,0,0
2018-08-16,FRUIT BARS,Cherry,0,8,8,7,0,1,0,0,0,0,0,0,0,0
2018-08-16,FRUIT BARS,Apple Cin,0,12,12,7,1,4,0,0,0,0,0,0,0,0
2018-08-16,FRUIT BARS,MIXED FRUIT,0,8,8,6,0,2,0,0,0,0,0,0,0,0
2018-08-16,MUFFINS,BLUE STRU,0,11,11,11,0,0,0,0,4,4,3,0,0,0
2018-08-16,MUFFINS,CHOC CARM,0,11,11,7,0,4,0,0,4,4,2,0,0,0
2018-08-16,MUFFINS,BAN CRUMB,0,7,7,-1,0,8,0,0,2,2,1,0,0,0
2018-08-16,MUFFINS,BAN WALNUT,0,7,7,2,0,5,0,0,2,2,2,0,0,0
2018-08-16,MUFFINS,BAN CHOC,0,7,7,5,0,2,0,0,2,2,1,0,0,0
2018-08-16,MUFFINS,Cookies,0,0,0,0,0,0,0,0,0,0,0,0,0,0
2018-08-16,MUFFINS,Bars,0,0,0,0,0,0,0,0,0,0,0,0,0,0
2018-08-16,MUFFINS,Oatmeal CC,19,18,37,13,5,10,9,0,10,10,0,0,0,0
2018-08-16,MUFFINS,SALTED CARM,3,30,33,13,4,0,16,0,8,8,0,0,0,0
2018-08-16,MUFFINS,Triple Choc,16,24,40,27,5,7,1,0,8,8,0,0,0,0
2018-08-16,MUFFINS,SNICKEDOODLE,4,36,40,33,5,0,2,0,10,10,0,0,0,0
2018-08-16,MUFFINS,frosted,0,24,24,-6,8,0,22,0,0,0,0,0,0,0
2018-08-16,MUFFINS,Kahuna,0,20,20,13,0,0,7,0,0,0,0,0,0,0
2018-08-16,MUFFINS,Brownies,9,20,29,21,0,0,8,0,0,0,0,0,0,0
2018-08-16,MUFFINS,Totals,51,378,429,282,29,53,65,0,58,58,16,0,0,0
2018-08-17,BREAD,H,27,36,63,29,5,0,29,0,0,0,0,0,0,0
2018-08-17,BREAD,FR,28,17,45,22,13,1,9,0,0,0,0,0,0,0
2018-08-17,BREAD,GW,1,30,31,8,16,1,6,0,0,0,0,0,0,0
2018-08-17,BREAD,DK,8,22,30,22,2,0,6,0,0,0,0,0,0,0
2018-08-17,BREAD,H5,22,0,22,8,0,0,14,0,0,0,0,0,0,0
2018-08-17,BREAD,CSRWL,6,16,22,22,0,0,0,4,2,6,2,0,0,0
2018-08-17,BREAD,VA SWRL,0,0,0,0,0,0,0,0,0,0,0,0,0,0
2018-08-17,BREAD,BFB,6,0,6,4,0,2,0,3,0,3,0,0,0,0
2018-08-17,BREAD,CNE,0,19,19,14,0,0,5,0,0,0,0,0,0,0
2018-08-17,BREAD,CNR,0,13,13,5,6,0,2,0,0,0,0,0,0,0
2018-08-17,BREAD,CNW,0,7,7,7,0,0,0,0,0,0,0,0,0,0
2018-08-17,BREAD,CG,0,12,12,8,0,0,4,0,4,4,2,0,0,2
2018-08-17,BREAD,PESTO CG,0,6,6,4,0,0,2,0,0,0,0,0,0,0
2018-08-17,BREAD,VS,3,10,13,7,0,1,5,3,2,5,4,0,0,1
2018-08-17,BREAD,CH,8,0,8,5,0,3,0,0,0,0,0,0,0,0
2018-08-17,BREAD,SOURDOUGH,0,10,10,9,0,0,1,0,0,0,0,0,0,0
2018-08-17,BREAD,SOUR CC,0,5,5,2,0,0,3,0,0,0,0,0,0,0
2018-08-17,BREAD,SOUR CJ,0,4,4,2,0,0,2,0,0,0,0,0,0,0
2018-08-17,BREAD,SOUR RG,0,5,5,5,0,0,0,0,0,0,0,0,0,0
2018-08-17,BREAD,SOUR BORG,0,5,5,3,0,0,2,0,0,0,0,0,0,0
2018-08-17,BREAD,Car,0,0,0,0,0,0,0,0,0,0,0,0,0,0
2018-08-17,BREAD,IHF,0,0,0,0,0,0,0,0,0,0,0,0,0,0
2018-08-17,BREAD,GW BUNS,0,4,4,1,0,0,3,0,0,0,0,0,0,0
2018-08-17,BREAD,VS BUNS,0,3,3,0,0,0,3,0,0,0,0,0,0,0
2018-08-17,BREAD,H-RLS,6,2,8,4,0,2,2,0,0,0,0,0,0,0
2018-08-17,BREAD,FR-RLS,6,3,9,5,0,1,3,0,0,0,0,0,0,0
2018-08-17,BREAD,VS-RLS,3,4,7,5,2,0,0,0,0,0,0,0,0,0
2018-08-17,BREAD,BLUE STRU,6,4,10,4,3,3,0,0,0,0,0,0,0,0
2018-08-17,BREAD,CHOC CARM,5,2,7,3,0,4,0,0,0,0,0,0,0,0
2018-08-17,BREAD,BAN CRUMB,0,5,5,4,0,1,0,0,0,0,0,0,0,0
2018-08-17,BREAD,BAN WALN,2,3,5,2,0,3,0,0,0,0,0,0,0,0
2018-08-17,BREAD,BAN CHOC,1,4,5,1,0,2,2,0,0,0,0,0,0,0
2018-08-17,ROLLS,Cinnamon,0,36,36,24,0,12,0,0,0,0,0,0,0,0
2018-08-17,ROLLS,Take-N-Bake,0,0,0,0,0,0,0,0,0,0,0,0,0,0
2018-08-17,ROLLS,Mini C-Roll,0,0,0,0,0,0,0,0,0,0,0,0,0,0
2018-08-17,SCONES,Blueberry,0,0,0,0,0,0,0,0,0,0,0,0,0,0
2018-08-17,SCONES,Rasp Cream,0,0,0,0,0,0,0,0,0,0,0,0,0,0
2018-08-17,SCONES,Cherry,0,26,26,9,0,17,0,0,4,4,2,0,0,0
2018-08-17,SCONES,Butt Almond,0,15,15,15,0,0,0,0,4,4,2,0,0,0
2018-08-17,SCONES,Turtle,0,0,0,0,0,0,0,0,0,0,0,0,0,0
2018-08-17,SCONES,Cin Chip,0,0,0,0,0,0,0,0,0,0,0,0,0,0
2018-08-17,FRUIT BARS,Mixed Berry,0,8,8,7,0,1,0,0,0,0,0,0,0,0
2018-08-17,FRUIT BARS,Cherry,0,12,12,6,0,6,0,0,0,0,0,0,0,0
2018-08-17,FRUIT BARS,Apple Cin,0,0,0,0,0,0,0,0,0,0,0,0,0,0
2018-08-17,FRUIT BARS,MIXED FRUIT,0,0,0,0,0,0,0,0,0,0,0,0,0,0
2018-08-17,MUFFINS,BLUE STRU,0,8,8,7,0,1,0,0,2,2,2,0,0,0
2018-08-17,MUFFINS,CHOC CARM,0,8,8,8,0,0,0,0,4,4,2,0,0,0
2018-08-17,MUFFINS,BAN CRUMB,0,5,5,1,0,4,0,0,2,2,0,0,0,0
2018-08-17,MUFFINS,BAN WALNUT,0,5,5,1,0,4,0,0,2,2,1,0,0,0
2018-08-17,MUFFINS,BAN CHOC,0,5,5,3,0,2,0,0,1,1,1,0,0,0
2018-08-17,MUFFINS,Cookies,0,0,0,0,0,0,0,0,0,0,0,0,0,0
2018-08-17,MUFFINS,Bars,0,0,0,0,0,0,0,0,0,0,0,0,0,0
2018-08-17,MUFFINS,Oatmeal CC,9,18,27,19,0,1,7,0,53,53,-1,0,0,1
2018-08-17,MUFFINS,SALTED CARM,16,0,16,16,0,0,0,0,0,0,0,0,0,0
2018-08-17,MUFFINS,Triple Choc,1,24,25,19,0,0,6,0,53,53,-1,0,0,1
2018-08-17,MUFFINS,SNICKEDOODLE,2,24,26,21,0,0,5,0,53,53,-1,0,0,1
2018-08-17,MUFFINS,frosted,22,20,42,32,0,10,0,0,0,0,0,0,0,0
2018-08-17,MUFFINS,Kahuna,7,20,27,14,0,0,13,0,0,0,0,0,0,0
2018-08-17,MUFFINS,Brownies,8,0,8,8,0,0,0,0,0,0,0,0,0,0
2018-08-17,MUFFINS,Totals,65,234,299,210,0,58,31,0,178,178,7,0,0,3
2018-08-18,BREAD,H,29,0,29,14,0,15,0,0,0,0,0,0,0,0
2018-08-18,BREAD,FR,9,0,9,7,0,2,0,0,0,0,0,0,0,0
2018-08-18,BREAD,GW,6,0,6,0,0,6,0,0,0,0,0,0,0,0
2018-08-18,BREAD,DK,6,0,6,5,0,1,0,0,0,0,0,0,0,0
2018-08-18,BREAD,H5,14,0,14,-1,0,15,0,0,0,0,0,0,0,0
2018-08-18,BREAD,CSRWL,0,0,0,0,0,0,0,0,0,0,0,0,0,0
2018-08-18,BREAD,VA SWRL,0,0,0,0,0,0,0,0,0,0,0,0,0,0
2018-08-18,BREAD,BFB,0,0,0,0,0,0,0,0,0,0,0,0,0,0
2018-08-18,BREAD,CNE,5,0,5,5,0,0,0,0,0,0,0,0,0,0
2018-08-18,BREAD,CNR,2,0,2,2,0,0,0,0,0,0,0,0,0,0
2018-08-18,BREAD,CNW,0,0,0,0,0,0,0,0,0,0,0,0,0,0
2018-08-18,BREAD,CG,4,0,4,1,0,3,0,2,0,2,0,0,0,0
2018-08-18,BREAD,PESTO CG,2,0,2,1,0,1,0,0,0,0,0,0,0,0
2018-08-18,BREAD,VS,5,0,5,2,0,3,0,1,0,1,0,0,0,0
2018-08-18,BREAD,CH,0,0,0,0,0,0,0,0,0,0,0,0,0,0
2018-08-18,BREAD,SOURDOUGH,1,0,1,0,0,1,0,0,0,0,0,0,0,0
2018-08-18,BREAD,SOUR CC,3,0,3,0,0,3,0,0,0,0,0,0,0,0
2018-08-18,BREAD,SOUR CJ,2,0,2,0,0,2,0,0,0,0,0,0,0,0
2018-08-18,BREAD,SOUR RG,0,0,0,-2,0,2,0,0,0,0,0,0,0,0
2018-08-18,BREAD,SOUR BORG,2,0,2,1,0,1,0,0,0,0,0,0,0,0
2018-08-18,BREAD,Car,0,0,0,0,0,0,0,0,0,0,0,0,0,0
2018-08-18,BREAD,IHF,0,0,0,0,0,0,0,0,0,0,0,0,0,0
2018-08-18,BREAD,GW BUNS,3,0,3,0,0,3,0,0,0,0,0,0,0,0
2018-08-18,BREAD,VS BUNS,3,0,3,0,0,3,0,0,0,0,0,0,0,0
2018-08-18,BREAD,H-RLS,2,0,2,1,0,1,0,0,0,0,0,0,0,0
2018-08-18,BREAD,FR-RLS,3,0,3,2,0,1,0,0,0,0,0,0,0,0
2018-08-18,BREAD,VS-RLS,0,0,0,-1,0,1,0,0,0,0,0,0,0,0
2018-08-18,BREAD,BLUE STRU,0,4,4,4,0,0,0,0,0,0,0,0,0,0
2018-08-18,BREAD,CHOC CARM,0,4,4,1,0,3,0,0,0,0,0,0,0,0
2018-08-18,BREAD,BAN CRUMB,0,3,3,1,1,1,0,0,0,0,0,0,0,0
2018-08-18,BREAD,BAN WALN,0,2,2,2,0,0,0,0,0,0,0,0,0,0
2018-08-18,BREAD,BAN CHOC,2,0,2,1,0,1,0,0,0,0,0,0,0,0
2018-08-18,ROLLS,Cinnamon,0,132,132,123,0,9,0,0,0,0,0,0,0,0
2018-08-18,ROLLS,Take-N-Bake,0,0,0,0,0,0,0,0,0,0,0,0,0,0
2018-08-18,ROLLS,Mini C-Roll,0,24,24,0,24,0,0,0,0,0,0,0,0,0
2018-08-18,SCONES,Blueberry,0,42,42,38,4,0,0,0,5,5,5,0,0,0
2018-08-18,SCONES,Rasp Cream,0,0,0,0,0,0,0,0,0,0,0,0,0,0
2018-08-18,SCONES,Cherry,0,0,0,0,0,0,0,0,0,0,0,0,0,0
2018-08-18,SCONES,Butt Almond,0,36,36,32,0,4,0,0,6,6,2,0,0,0
2018-08-18,SCONES,Turtle,0,0,0,0,0,0,0,0,0,0,0,0,0,0
2018-08-18,SCONES,Cin Chip,0,0,0,0,0,0,0,0,0,0,0,0,0,0
2018-08-18,FRUIT BARS,Mixed Berry,0,8,8,6,1,1,0,0,0,0,0,0,0,0
2018-08-18,FRUIT BARS,Cherry,0,12,12,8,1,3,0,0,0,0,0,0,0,0
2018-08-18,FRUIT BARS,Apple Cin,0,12,12,11,0,1,0,0,0,0,0,0,0,0
2018-08-18,FRUIT BARS,MIXED FRUIT,0,8,8,7,1,0,0,0,0,0,0,0,0,0
2018-08-18,MUFFINS,BLUE STRU,0,12,12,10,0,2,0,0,8,8,0,0,0,0
2018-08-18,MUFFINS,CHOC CARM,0,12,12,8,0,4,0,0,3,3,0,0,0,0
2018-08-18,MUFFINS,BAN CRUMB,0,6,6,3,0,3,0,0,2,2,1,0,0,0
2018-08-18,MUFFINS,BAN WALNUT,0,6,6,3,0,3,0,0,4,4,0,0,0,0
2018-08-18,MUFFINS,BAN CHOC,0,6,6,5,0,1,0,0,4,4,1,0,0,0
2018-08-18,MUFFINS,Cookies,0,0,0,0,0,0,0,0,0,0,0,0,0,0
2018-08-18,MUFFINS,Bars,0,0,0,0,0,0,0,0,0,0,0,0,0,0
2018-08-18,MUFFINS,Oatmeal CC,7,6,13,-4,0,17,0,1,6,7,0,0,0,0
2018-08-18,MUFFINS,SALTED CARM,0,6,6,3,0,3,0,0,4,4,0,0,0,0
2018-08-18,MUFFINS,Triple Choc,6,6,12,10,0,2,0,1,8,9,0,0,0,0
2018-08-18,MUFFINS,SNICKEDOODLE,5,6,11,6,0,5,0,1,4,5,0,0,0,0
2018-08-18,MUFFINS,frosted,0,6,6,-1,0,7,0,0,0,0,0,0,0,0
2018-08-18,MUFFINS,Kahuna,13,0,13,8,3,2,0,0,0,0,0,0,0,0
2018-08-18,MUFFINS,Brownies,0,0,0,-3,3,0,0,0,0,0,0,0,0,0
2018-08-18,MUFFINS,Totals,31,346,377,273,37,67,0,3,54,57,9,0,0,0
2018-08-19,BREAD,H,0,0,0,0,0,0,0,0,0,0,0,0,0,0
2018-08-19,BREAD,FR,0,0,0,0,0,0,0,0,0,0,0,0,0,0
2018-08-19,BREAD,GW,0,0,0,0,0,0,0,0,0,0,0,0,0,0
2018-08-19,BREAD,DK,0,0,0,0,0,0,0,0,0,0,0,0,0,0
2018-08-19,BREAD,H5,0,0,0,0,0,0,0,0,0,0,0,0,0,0
2018-08-19,BREAD,CSRWL,0,0,0,0,0,0,0,0,0,0,0,0,0,0
2018-08-19,BREAD,VA SWRL,0,0,0,0,0,0,0,0,0,0,0,0,0,0
2018-08-19,BREAD,BFB,0,0,0,0,0,0,0,0,0,0,0,0,0,0
2018-08-19,BREAD,CNE,0,0,0,0,0,0,0,0,0,0,0,0,0,0
2018-08-19,BREAD,CNR,0,0,0,0,0,0,0,0,0,0,0,0,0,0
2018-08-19,BREAD,CNW,0,0,0,0,0,0,0,0,0,0,0,0,0,0
2018-08-19,BREAD,CG,0,0,0,0,0,0,0,0,0,0,0,0,0,0
2018-08-19,BREAD,PESTO CG,0,0,0,0,0,0,0,0,0,0,0,0,0,0
2018-08-19,BREAD,VS,0,0,0,0,0,0,0,0,0,0,0,0,0,0
2018-08-19,BREAD,CH,0,0,0,0,0,0,0,0,0,0,0,0,0,0
2018-08-19,BREAD,SOURDOUGH,0,0,0,0,0,0,0,0,0,0,0,0,0,0
2018-08-19,BREAD,SOUR CC,0,0,0,0,0,0,0,0,0,0,0,0,0,0
2018-08-19,BREAD,SOUR CJ,0,0,0,0,0,0,0,0,0,0,0,0,0,0
2018-08-19,BREAD,SOUR RG,0,0,0,0,0,0,0,0,0,0,0,0,0,0
2018-08-19,BREAD,SOUR BORG,0,0,0,0,0,0,0,0,0,0,0,0,0,0
2018-08-19,BREAD,Car,0,0,0,0,0,0,0,0,0,0,0,0,0,0
2018-08-19,BREAD,IHF,0,0,0,0,0,0,0,0,0,0,0,0,0,0
2018-08-19,BREAD,GW BUNS,0,0,0,0,0,0,0,0,0,0,0,0,0,0
2018-08-19,BREAD,VS BUNS,0,0,0,0,0,0,0,0,0,0,0,0,0,0
2018-08-19,BREAD,H-RLS,0,0,0,0,0,0,0,0,0,0,0,0,0,0
2018-08-19,BREAD,FR-RLS,0,0,0,0,0,0,0,0,0,0,0,0,0,0
2018-08-19,BREAD,VS-RLS,0,0,0,0,0,0,0,0,0,0,0,0,0,0
2018-08-19,BREAD,BLUE STRU,0,0,0,0,0,0,0,0,0,0,0,0,0,0
2018-08-19,BREAD,CHOC CARM,0,0,0,0,0,0,0,0,0,0,0,0,0,0
2018-08-19,BREAD,BAN CRUMB,0,0,0,0,0,0,0,0,0,0,0,0,0,0
2018-08-19,BREAD,BAN WALN,0,0,0,0,0,0,0,0,0,0,0,0,0,0
2018-08-19,BREAD,BAN CHOC,0,0,0,0,0,0,0,0,0,0,0,0,0,0
2018-08-19,ROLLS,Cinnamon,0,0,0,0,0,0,0,0,0,0,0,0,0,0
2018-08-19,ROLLS,Take-N-Bake,0,0,0,0,0,0,0,0,0,0,0,0,0,0
2018-08-19,ROLLS,Mini C-Roll,0,0,0,0,0,0,0,0,0,0,0,0,0,0
2018-08-19,SCONES,Blueberry,0,0,0,0,0,0,0,0,0,0,0,0,0,0
2018-08-19,SCONES,Rasp Cream,0,0,0,0,0,0,0,0,0,0,0,0,0,0
2018-08-19,SCONES,Cherry,0,0,0,0,0,0,0,0,0,0,0,0,0,0
2018-08-19,SCONES,Butt Almond,0,0,0,0,0,0,0,0,0,0,0,0,0,0
2018-08-19,SCONES,Turtle,0,0,0,0,0,0,0,0,0,0,0,0,0,0
2018-08-19,SCONES,Cin Chip,0,0,0,0,0,0,0,0,0,0,0,0,0,0
2018-08-19,FRUIT BARS,Mixed Berry,0,0,0,0,0,0,0,0,0,0,0,0,0,0
2018-08-19,FRUIT BARS,Cherry,0,0,0,0,0,0,0,0,0,0,0,0,0,0
2018-08-19,FRUIT BARS,Apple Cin,0,0,0,0,0,0,0,0,0,0,0,0,0,0
2018-08-19,FRUIT BARS,MIXED FRUIT,0,0,0,0,0,0,0,0,0,0,0,0,0,0
2018-08-19,MUFFINS,BLUE STRU,0,0,0,0,0,0,0,0,0,0,0,0,0,0
2018-08-19,MUFFINS,CHOC CARM,0,0,0,0,0,0,0,0,0,0,0,0,0,0
2018-08-19,MUFFINS,BAN CRUMB,0,0,0,0,0,0,0,0,0,0,0,0,0,0
2018-08-19,MUFFINS,BAN WALNUT,0,0,0,0,0,0,0,0,0,0,0,0,0,0
2018-08-19,MUFFINS,BAN CHOC,0,0,0,0,0,0,0,0,0,0,0,0,0,0
2018-08-19,MUFFINS,Cookies,0,0,0,0,0,0,0,0,0,0,0,0,0,0
2018-08-19,MUFFINS,Bars,0,0,0,0,0,0,0,0,0,0,0,0,0,0
2018-08-19,MUFFINS,Oatmeal CC,0,0,0,0,0,0,0,0,0,0,0,0,0,0
2018-08-19,MUFFINS,SALTED CARM,0,0,0,0,0,0,0,0,0,0,0,0,0,0
2018-08-19,MUFFINS,Triple Choc,0,0,0,0,0,0,0,0,0,0,0,0,0,0
2018-08-19,MUFFINS,SNICKEDOODLE,0,0,0,0,0,0,0,0,0,0,0,0,0,0
2018-08-19,MUFFINS,frosted,0,0,0,0,0,0,0,0,0,0,0,0,0,0
2018-08-19,MUFFINS,Kahuna,0,0,0,0,0,0,0,0,0,0,0,0,0,0
2018-08-19,MUFFINS,Brownies,0,0,0,0,0,0,0,0,0,0,0,0,0,0
2018-08-19,MUFFINS,Totals,0,0,0,0,0,0,0,0,0,0,0,0,0,0
2018-08-20,BREAD,H,0,36,36,28,0,0,8,0,0,0,0,0,0,0
2018-08-20,BREAD,FR,0,27,27,7,0,0,20,0,0,0,0,0,0,0
2018-08-20,BREAD,GW,0,11,11,5,0,0,6,0,0,0,0,0,0,0
2018-08-20,BREAD,DK,0,26,26,5,0,0,21,0,0,0,0,0,0,0
2018-08-20,BREAD,H5,0,0,0,0,0,0,0,0,0,0,0,0,0,0
2018-08-20,BREAD,CSRWL,0,24,24,12,0,0,12,0,4,4,2,0,0,2
2018-08-20,BREAD,VA SWRL,0,0,0,0,0,0,0,0,0,0,0,0,0,0
2018-08-20,BREAD,BFB,0,0,0,0,0,0,0,0,0,0,0,0,0,0
2018-08-20,BREAD,CNE,0,15,15,7,0,0,8,0,2,2,0,0,0,2
2018-08-20,BREAD,CNR,0,4,4,0,0,0,4,0,0,0,0,0,0,0
2018-08-20,BREAD,CNW,0,4,4,2,0,0,2,0,0,0,0,0,0,0
2018-08-20,BREAD,CG,0,7,7,6,0,0,1,0,2,2,1,0,0,1
2018-08-20,BREAD,PESTO CG,0,3,3,0,0,0,3,0,0,0,0,0,0,0
2018-08-20,BREAD,VS,0,0,0,0,0,0,0,0,0,0,0,0,0,0
2018-08-20,BREAD,CH,0,0,0,0,0,0,0,0,0,0,0,0,0,0
2018-08-20,BREAD,SOURDOUGH,0,6,6,6,0,0,0,0,0,0,0,0,0,0
2018-08-20,BREAD,SOUR CC,0,4,4,1,0,0,3,0,0,0,0,0,0,0
2018-08-20,BREAD,SOUR CJ,0,0,0,0,0,0,0,0,0,0,0,0,0,0
2018-08-20,BREAD,SOUR RG,0,3,3,0,0,0,3,0,0,0,0,0,0,0
2018-08-20,BREAD,SOUR BORG,0,3,3,0,0,0,3,0,0,0,0,0,0,0
2018-08-20,BREAD,Car,0,0,0,0,0,0,0,0,0,0,0,0,0,0
2018-08-20,BREAD,IHF,0,32,32,4,0,0,28,0,0,0,0,0,0,0
2018-08-20,BREAD,GW BUNS,0,0,0,0,0,0,0,0,0,0,0,0,0,0
2018-08-20,BREAD,VS BUNS,0,0,0,0,0,0,0,0,0,0,0,0,0,0
2018-08-20,BREAD,H-RLS,0,2,2,2,0,0,0,0,0,0,0,0,0,0
2018-08-20,BREAD,FR-RLS,0,2,2,1,0,0,1,0,0,0,0,0,0,0
2018-08-20,BREAD,VS-RLS,0,0,0,0,0,0,0,0,0,0,0,0,0,0
2018-08-20,BREAD,BLUE STRU,0,5,5,4,0,0,1,0,0,0,0,0,0,0
2018-08-20,BREAD,CHOC CARM,0,5,5,0,0,0,5,0,0,0,0,0,0,0
2018-08-20,BREAD,BAN CRUMB,0,3,3,0,0,0,3,0,0,0,0,0,0,0
2018-08-20,BREAD,BAN WALN,0,3,3,1,0,0,2,0,0,0,0,0,0,0
2018-08-20,BREAD,BAN CHOC,0,3,3,1,0,0,2,0,0,0,0,0,0,0
2018-08-20,ROLLS,Cinnamon,0,24,24,22,0,2,0,0,0,0,0,0,0,0
2018-08-20,ROLLS,Take-N-Bake,0,0,0,0,0,0,0,0,0,0,0,0,0,0
2018-08-20,ROLLS,Mini C-Roll,0,24,24,-24,24,24,0,0,0,0,0,0,0,0
2018-08-20,SCONES,Blueberry,0,0,0,0,0,0,0,0,0,0,0,0,0,0
2018-08-20,SCONES,Rasp Cream,0,19,19,17,0,2,0,0,2,2,2,0,0,0
2018-08-20,SCONES,Cherry,0,0,0,0,0,0,0,0,0,0,0,0,0,0
2018-08-20,SCONES,Butt Almond,0,0,0,0,0,0,0,0,0,0,0,0,0,0
2018-08-20,SCONES,Turtle,0,0,0,0,0,0,0,0,0,0,0,0,0,0
2018-08-20,SCONES,Cin Chip,0,12,12,12,0,0,0,0,2,2,2,0,0,0
2018-08-20,FRUIT BARS,Mixed Berry,0,8,8,6,0,2,0,0,0,0,0,0,0,0
2018-08-20,FRUIT BARS,Cherry,0,12,12,7,0,5,0,0,0,0,0,0,0,0
2018-08-20,FRUIT BARS,Apple Cin,0,0,0,0,0,0,0,0,0,0,0,0,0,0
2018-08-20,FRUIT BARS,MIXED FRUIT,0,0,0,0,0,0,0,0,0,0,0,0,0,0
2018-08-20,MUFFINS,BLUE STRU,0,8,8,2,0,6,0,0,1,1,1,0,0,0
2018-08-20,MUFFINS,CHOC CARM,0,8,8,7,0,1,0,0,1,1,0,0,0,0
2018-08-20,MUFFINS,BAN CRUMB,0,4,4,0,0,4,0,0,1,1,0,0,0,0
2018-08-20,MUFFINS,BAN WALNUT,0,4,4,1,0,3,0,0,1,1,0,0,0,0
2018-08-20,MUFFINS,BAN CHOC,0,4,4,0,0,4,0,0,1,1,1,0,0,0
2018-08-20,MUFFINS,Cookies,0,0,0,0,0,0,0,0,0,0,0,0,0,0
2018-08-20,MUFFINS,Bars,0,0,0,0,0,0,0,0,0,0,0,0,0,0
2018-08-20,MUFFINS,Oatmeal CC,0,34,34,16,16,0,2,0,0,0,0,0,0,0
2018-08-20,MUFFINS,SALTED CARM,0,36,36,2,15,0,19,0,0,0,0,0,0,0
2018-08-20,MUFFINS,Triple Choc,0,36,36,3,16,0,17,0,0,0,0,0,0,0
2018-08-20,MUFFINS,SNICKEDOODLE,0,36,36,14,16,0,6,0,0,0,0,0,0,0
2018-08-20,MUFFINS,frosted,0,12,12,4,0,0,8,0,0,0,0,0,0,0
2018-08-20,MUFFINS,Kahuna,0,0,0,0,0,0,0,0,0,0,0,0,0,0
2018-08-20,MUFFINS,Brownies,0,0,0,0,0,0,0,0,0,0,0,0,0,0
2018-08-20,MUFFINS,Totals,0,281,281,89,87,53,52,0,9,9,6,0,0,0
2018-08-21,BREAD,H,8,29,37,13,0,0,24,0,0,0,0,0,0,0
2018-08-21,BREAD,FR,20,24,44,-19,38,0,25,0,0,0,0,0,0,0
2018-08-21,BREAD,GW,6,0,6,0,0,0,6,0,0,0,0,0,0,0
2018-08-21,BREAD,DK,21,0,21,12,0,0,9,0,0,0,0,0,0,0
2018-08-21,BREAD,H5,0,17,17,12,0,0,5,0,0,0,0,0,0,0
2018-08-21,BREAD,CSRWL,12,12,24,13,2,1,8,2,2,4,1,0,0,2
2018-08-21,BREAD,VA SWRL,0,0,0,0,0,0,0,0,0,0,0,0,0,0
2018-08-21,BREAD,BFB,0,19,19,4,0,0,15,0,5,5,1,0,0,4
2018-08-21,BREAD,CNE,8,0,8,-3,0,8,3,2,0,2,0,0,0,0
2018-08-21,BREAD,CNR,4,0,4,3,0,1,0,0,0,0,0,0,0,0
2018-08-21,BREAD,CNW,2,0,2,2,0,0,0,0,0,0,0,0,0,0
2018-08-21,BREAD,CG,1,0,1,1,0,0,0,1,0,1,1,0,0,0
2018-08-21,BREAD,PESTO CG,3,0,3,3,0,0,0,0,0,0,0,0,0,0
2018-08-21,BREAD,VS,0,9,9,3,0,0,6,0,3,3,1,0,0,2
2018-08-21,BREAD,CH,0,7,7,3,0,0,4,0,0,0,0,0,0,0
2018-08-21,BREAD,SOURDOUGH,0,0,0,0,0,0,0,0,0,0,0,0,0,0
2018-08-21,BREAD,SOUR CC,3,0,3,2,0,1,0,0,0,0,0,0,0,0
2018-08-21,BREAD,SOUR CJ,0,0,0,0,0,0,0,0,0,0,0,0,0,0
2018-08-21,BREAD,SOUR RG,3,0,3,3,0,0,0,0,0,0,0,0,0,0
2018-08-21,BREAD,SOUR BORG,3,0,3,0,0,3,0,0,0,0,0,0,0,0
2018-08-21,BREAD,Car,0,0,0,-1,1,0,0,0,0,0,0,0,0,0
2018-08-21,BREAD,IHF,28,0,28,28,0,0,0,0,0,0,0,0,0,0
2018-08-21,BREAD,GW BUNS,0,0,0,-1,0,0,1,0,0,0,0,0,0,0
2018-08-21,BREAD,VS BUNS,0,3,3,0,0,0,3,0,0,0,0,0,0,0
2018-08-21,BREAD,H-RLS,0,3,3,1,0,0,2,0,0,0,0,0,0,0
2018-08-21,BREAD,FR-RLS,1,2,3,2,0,0,1,0,0,0,0,0,0,0
2018-08-21,BREAD,VS-RLS,0,4,4,0,0,0,4,0,0,0,0,0,0,0
2018-08-21,BREAD,BLUE STRU,1,7,8,-1,3,0,6,0,0,0,0,0,0,0
2018-08-21,BREAD,CHOC CARM,5,5,10,2,0,5,3,0,0,0,0,0,0,0
2018-08-21,BREAD,BAN CRUMB,3,3,6,0,0,3,3,0,0,0,0,0,0,0
2018-08-21,BREAD,BAN WALN,2,2,4,2,0,2,0,0,0,0,0,0,0,0
2018-08-21,BREAD,BAN CHOC,2,2,4,1,0,1,2,0,0,0,0,0,0,0
2018-08-21,ROLLS,Cinnamon,0,24,24,24,0,0,0,0,0,0,0,0,0,0
2018-08-21,ROLLS,Take-N-Bake,0,0,0,0,0,0,0,0,0,0,0,0,0,0
2018-08-21,ROLLS,Mini C-Roll,0,0,0,0,0,0,0,0,0,0,0,0,0,0
2018-08-21,SCONES,Blueberry,0,21,21,10,0,11,0,0,12,12,12,0,0,0
2018-08-21,SCONES,Rasp Cream,0,0,0,0,0,0,0,0,0,0,0,0,0,0
2018-08-21,SCONES,Cherry,0,0,0,0,0,0,0,0,0,0,0,0,0,0
2018-08-21,SCONES,Butt Almond,0,0,0,0,0,0,0,0,0,0,0,0,0,0
2018-08-21,SCONES,Turtle,0,0,0,0,0,0,0,0,0,0,0,0,0,0
2018-08-21,SCONES,Cin Chip,0,11,11,8,0,3,0,0,12,12,11,0,0,0
2018-08-21,FRUIT BARS,Mixed Berry,0,0,0,0,0,0,0,0,0,0,0,0,0,0
2018-08-21,FRUIT BARS,Cherry,0,0,0,0,0,0,0,0,0,0,0,0,0,0
2018-08-21,FRUIT BARS,Apple Cin,0,12,12,7,3,2,0,0,0,0,0,0,0,0
2018-08-21,FRUIT BARS,MIXED FRUIT,0,8,8,4,4,0,0,0,0,0,0,0,0,0
2018-08-21,MUFFINS,BLUE STRU,0,7,7,6,0,1,0,0,2,2,2,0,0,0
2018-08-21,MUFFINS,CHOC CARM,0,7,7,6,0,1,0,0,8,8,1,0,0,0
2018-08-21,MUFFINS,BAN CRUMB,0,4,4,1,0,3,0,0,5,5,0,0,0,0
2018-08-21,MUFFINS,BAN WALNUT,0,4,4,3,0,1,0,0,4,4,0,0,0,0
2018-08-21,MUFFINS,BAN CHOC,0,4,4,3,0,1,0,0,4,4,1,0,0,0
2018-08-21,MUFFINS,Cookies,0,0,0,0,0,0,0,0,0,0,0,0,0,0
2018-08-21,MUFFINS,Bars,0,0,0,0,0,0,0,0,0,0,0,0,0,0
2018-08-21,MUFFINS,Oatmeal CC,2,30,32,9,14,3,6,0,0,0,0,0,0,0
2018-08-21,MUFFINS,SALTED CARM,19,0,19,8,10,1,0,0,0,0,0,0,0,0
2018-08-21,MUFFINS,Triple Choc,17,18,35,14,15,6,0,0,0,0,0,0,0,0
2018-08-21,MUFFINS,SNICKEDOODLE,6,30,36,14,15,1,6,0,0,0,0,0,0,0
2018-08-21,MUFFINS,frosted,8,6,14,8,0,1,5,0,0,0,0,0,0,0
2018-08-21,MUFFINS,Kahuna,0,0,0,0,0,0,0,0,0,0,0,0,0,0
2018-08-21,MUFFINS,Brownies,0,20,20,6,0,0,14,0,0,0,0,0,0,0
2018-08-21,MUFFINS,Totals,52,218,270,143,61,35,31,0,47,47,27,0,0,0
2018-08-22,BREAD,H,24,36,60,30,1,0,29,0,0,0,0,0,0,0
2018-08-22,BREAD,FR,25,24,49,29,0,5,15,0,0,0,0,0,0,0
2018-08-22,BREAD,GW,6,14,20,12,0,0,8,0,0,0,0,0,0,0
2018-08-22,BREAD,DK,9,43,52,26,0,0,26,0,0,0,0,0,0,0
2018-08-22,BREAD,H5,5,0,5,2,0,0,3,0,0,0,0,0,0,0
2018-08-22,BREAD,CSRWL,8,20,28,20,0,1,7,2,2,4,2,0,0,1
2018-08-22,BREAD,VA SWRL,0,0,0,0,0,0,0,0,0,0,0,0,0,0
2018-08-22,BREAD,BFB,15,0,15,5,0,10,0,4,0,4,1,0,0,0
2018-08-22,BREAD,CNE,3,25,28,22,0,0,6,0,5,5,4,0,0,1
2018-08-22,BREAD,CNR,0,10,10,4,0,0,6,0,0,0,0,0,0,0
2018-08-22,BREAD,CNW,0,10,10,7,0,0,3,0,0,0,0,0,0,0
2018-08-22,BREAD,CG,0,11,11,6,0,0,5,0,3,3,3,0,0,0
2018-08-22,BREAD,PESTO CG,0,7,7,5,0,0,2,0,0,0,0,0,0,0
2018-08-22,BREAD,VS,6,0,6,4,0,2,0,2,0,2,1,0,0,0
2018-08-22,BREAD,CH,4,0,4,2,0,2,0,0,0,0,0,0,0,0
2018-08-22,BREAD,SOURDOUGH,0,11,11,10,0,0,1,0,0,0,0,0,0,0
2018-08-22,BREAD,SOUR CC,0,5,5,3,0,0,2,0,0,0,0,0,0,0
2018-08-22,BREAD,SOUR CJ,0,5,5,3,0,0,2,0,0,0,0,0,0,0
2018-08-22,BREAD,SOUR RG,0,7,7,2,0,0,5,0,0,0,0,0,0,0
2018-08-22,BREAD,SOUR BORG,0,2,2,2,0,0,0,0,0,0,0,0,0,0
2018-08-22,BREAD,Car,0,0,0,0,0,0,0,0,0,0,0,0,0,0
2018-08-22,BREAD,IHF,0,0,0,0,0,0,0,0,0,0,0,0,0,0
2018-08-22,BREAD,GW BUNS,1,4,5,1,0,0,4,0,0,0,0,0,0,0
2018-08-22,BREAD,VS BUNS,3,0,3,3,0,0,0,0,0,0,0,0,0,0
2018-08-22,BREAD,H-RLS,2,5,7,4,0,0,3,0,0,0,0,0,0,0
2018-08-22,BREAD,FR-RLS,1,6,7,4,0,0,3,0,0,0,0,0,0,0
2018-08-22,BREAD,VS-RLS,4,0,4,3,0,1,0,0,0,0,0,0,0,0
2018-08-22,BREAD,BLUE STRU,6,2,8,5,0,3,0,0,0,0,0,0,0,0
2018-08-22,BREAD,CHOC CARM,3,5,8,5,0,0,3,0,0,0,0,0,0,0
2018-08-22,BREAD,BAN CRUMB,3,1,4,3,0,1,0,0,0,0,0,0,0,0
2018-08-22,BREAD,BAN WALN,0,4,4,2,0,1,1,0,0,0,0,0,0,0
2018-08-22,BREAD,BAN CHOC,2,2,4,1,0,1,2,0,0,0,0,0,0,0
2018-08-22,ROLLS,Cinnamon,0,84,84,76,0,8,0,0,0,0,0,0,0,0
2018-08-22,ROLLS,Take-N-Bake,0,0,0,0,0,0,0,0,0,0,0,0,0,0
2018-08-22,ROLLS,Mini C-Roll,0,24,24,0,24,0,0,0,0,0,0,0,0,0
2018-08-22,SCONES,Blueberry,0,0,0,-1,0,1,0,0,0,0,-1,0,0,0
2018-08-22,SCONES,Rasp Cream,0,43,43,29,4,10,0,0,4,4,4,0,0,0
2018-08-22,SCONES,Cherry,0,0,0,0,0,0,0,0,0,0,0,0,0,0
2018-08-22,SCONES,Butt Almond,0,0,0,0,0,0,0,0,0,0,0,0,0,0
2018-08-22,SCONES,Turtle,0,28,28,23,0,5,0,0,4,4,2,0,0,0
2018-08-22,SCONES,Cin Chip,0,0,0,0,0,0,0,0,0,0,0,0,0,0
2018-08-22,FRUIT BARS,Mixed Berry,0,8,8,7,0,1,0,0,0,0,0,0,0,0
2018-08-22,FRUIT BARS,Cherry,0,12,12,11,1,0,0,0,0,0,0,0,0,0
2018-08-22,FRUIT BARS,Apple Cin,0,0,0,0,0,0,0,0,0,0,0,0,0,0
2018-08-22,FRUIT BARS,MIXED FRUIT,0,0,0,0,0,0,0,0,0,0,0,0,0,0
2018-08-22,MUFFINS,BLUE STRU,0,12,12,4,0,8,0,0,3,3,2,0,0,0
2018-08-22,MUFFINS,CHOC CARM,0,12,12,2,0,10,0,0,3,3,2,0,0,0
2018-08-22,MUFFINS,BAN CRUMB,0,7,7,1,0,6,0,0,2,2,0,0,0,0
2018-08-22,MUFFINS,BAN WALNUT,0,7,7,3,0,4,0,0,3,3,2,0,0,0
2018-08-22,MUFFINS,BAN CHOC,0,7,7,3,0,4,0,0,2,2,2,0,0,0
2018-08-22,MUFFINS,Cookies,0,0,0,0,0,0,0,0,0,0,0,0,0,0
2018-08-22,MUFFINS,Bars,0,0,0,0,0,0,0,0,0,0,0,0,0,0
2018-08-22,MUFFINS,Oatmeal CC,6,30,36,13,3,0,20,0,0,0,0,0,0,0
2018-08-22,MUFFINS,SALTED CARM,0,30,30,11,3,0,16,0,0,0,0,0,0,0
2018-08-22,MUFFINS,Triple Choc,0,36,36,17,3,0,16,0,0,0,0,0,0,0
2018-08-22,MUFFINS,SNICKEDOODLE,6,24,30,14,0,6,10,0,0,0,0,0,0,0
2018-08-22,MUFFINS,frosted,5,34,39,28,0,3,8,0,0,0,0,0,0,0
2018-08-22,MUFFINS,Kahuna,0,20,20,12,0,0,8,0,0,0,0,0,0,0
2018-08-22,MUFFINS,Brownies,14,0,14,11,0,3,0,0,0,0,0,0,0,0
2018-08-22,MUFFINS,Totals,31,418,449,264,38,69,78,0,21,21,13,0,0,0
2018-08-23,BREAD,H,29,19,48,26,4,0,18,0,0,0,0,0,0,0
2018-08-23,BREAD,FR,15,40,55,46,3,0,6,0,0,0,0,0,0,0
2018-08-23,BREAD,GW,8,1,9,1,0,8,0,0,0,0,0,0,0,0
2018-08-23,BREAD,DK,26,0,26,7,0,0,19,0,0,0,0,0,0,0
2018-08-23,BREAD,H5,3,26,29,7,0,0,22,0,0,0,0,0,0,0
2018-08-23,BREAD,CSRWL,7,12,19,12,0,0,7,1,4,5,4,0,0,0
2018-08-23,BREAD,VA SWRL,0,0,0,0,0,0,0,0,0,0,0,0,0,0
2018-08-23,BREAD,BFB,0,20,20,5,0,0,15,0,3,3,0,0,0,3
2018-08-23,BREAD,CNE,6,0,6,4,0,2,0,1,0,1,1,0,0,0
2018-08-23,BREAD,CNR,6,0,6,3,0,3,0,0,0,0,0,0,0,0
2018-08-23,BREAD,CNW,3,0,3,1,0,2,0,0,0,0,0,0,0,0
2018-08-23,BREAD,CG,5,0,5,1,0,4,0,0,0,0,-1,0,0,0
2018-08-23,BREAD,PESTO CG,2,0,2,-1,0,3,0,0,0,0,0,0,0,0
2018-08-23,BREAD,VS,0,10,10,1,0,0,9,0,3,3,2,0,0,1
2018-08-23,BREAD,CH,0,0,0,-12,0,0,12,0,0,0,-3,0,0,3
2018-08-23,BREAD,SOURDOUGH,1,0,1,1,0,0,0,0,0,0,0,0,0,0
2018-08-23,BREAD,SOUR CC,2,0,2,-1,0,3,0,0,0,0,0,0,0,0
2018-08-23,BREAD,SOUR CJ,2,0,2,1,0,1,0,0,0,0,0,0,0,0
2018-08-23,BREAD,SOUR RG,5,0,5,2,0,3,0,0,0,0,0,0,0,0
2018-08-23,BREAD,SOUR BORG,0,0,0,0,0,0,0,0,0,0,0,0,0,0
2018-08-23,BREAD,Car,0,0,0,0,0,0,0,0,0,0,0,0,0,0
2018-08-23,BREAD,IHF,0,0,0,0,0,0,0,0,0,0,0,0,0,0
2018-08-23,BREAD,GW BUNS,4,0,4,0,0,4,0,0,0,0,0,0,0,0
2018-08-23,BREAD,VS BUNS,0,3,3,0,0,0,3,0,0,0,0,0,0,0
2018-08-23,BREAD,H-RLS,3,0,3,1,0,0,2,0,0,0,0,0,0,0
2018-08-23,BREAD,FR-RLS,3,0,3,1,0,0,2,0,0,0,0,0,0,0
2018-08-23,BREAD,VS-RLS,0,3,3,2,0,0,1,0,0,0,0,0,0,0
2018-08-23,BREAD,BLUE STRU,0,7,7,3,0,0,4,0,0,0,0,0,0,0
2018-08-23,BREAD,CHOC CARM,3,4,7,0,0,3,4,0,0,0,0,0,0,0
2018-08-23,BREAD,BAN CRUMB,0,3,3,-1,0,1,3,0,0,0,0,0,0,0
2018-08-23,BREAD,BAN WALN,1,2,3,0,0,1,2,0,0,0,0,0,0,0
2018-08-23,BREAD,BAN CHOC,2,1,3,-2,0,3,2,0,0,0,0,0,0,0
2018-08-23,ROLLS,Cinnamon,0,192,192,190,0,2,0,0,0,0,0,0,0,0
2018-08-23,ROLLS,Take-N-Bake,0,0,0,0,0,0,0,0,0,0,0,0,0,0
2018-08-23,ROLLS,Mini C-Roll,0,24,24,0,24,0,0,0,0,0,0,0,0,0
2018-08-23,SCONES,Blueberry,0,44,44,38,0,6,0,0,4,4,3,0,0,0
2018-08-23,SCONES,Rasp Cream,0,0,0,0,0,0,0,0,0,0,0,0,0,0
2018-08-23,SCONES,Cherry,0,0,0,0,0,0,0,0,0,0,0,0,0,0
2018-08-23,SCONES,Butt Almond,0,0,0,0,0,0,0,0,0,0,0,0,0,0
2018-08-23,SCONES,Turtle,0,30,30,29,0,1,0,0,4,4,4,0,0,0
2018-08-23,SCONES,Cin Chip,0,0,0,0,0,0,0,0,0,0,0,0,0,0
2018-08-23,FRUIT BARS,Mixed Berry,0,8,8,5,2,1,0,0,0,0,0,0,0,0
2018-08-23,FRUIT BARS,Cherry,0,12,12,10,0,2,0,0,0,0,0,0,0,0
2018-08-23,FRUIT BARS,Apple Cin,0,12,12,6,3,3,0,0,0,0,0,0,0,0
2018-08-23,FRUIT BARS,MIXED FRUIT,0,8,8,5,2,1,0,0,0,0,0,0,0,0
2018-08-23,MUFFINS,BLUE STRU,0,18,18,16,0,2,0,0,5,5,5,0,0,0
2018-08-23,MUFFINS,CHOC CARM,0,18,18,8,1,9,0,0,5,5,3,0,0,0
2018-08-23,MUFFINS,BAN CRUMB,0,11,11,10,0,1,0,0,3,3,0,0,0,0
2018-08-23,MUFFINS,BAN WALNUT,0,11,11,8,0,3,0,0,3,3,1,0,0,0
2018-08-23,MUFFINS,BAN CHOC,0,11,11,10,0,1,0,0,3,3,2,0,0,0
2018-08-23,MUFFINS,Cookies,0,0,0,0,0,0,0,0,0,0,0,0,0,0
2018-08-23,MUFFINS,Bars,0,0,0,0,0,0,0,0,0,0,0,0,0,0
2018-08-23,MUFFINS,Oatmeal CC,20,24,44,24,3,10,7,0,0,0,0,0,0,0
2018-08-23,MUFFINS,SALTED CARM,16,18,34,20,0,13,1,0,0,0,0,0,0,0
2018-08-23,MUFFINS,Triple Choc,16,24,40,25,0,9,6,0,0,0,0,0,0,0
2018-08-23,MUFFINS,SNICKEDOODLE,10,30,40,31,0,4,5,0,0,0,0,0,0,0
2018-08-23,MUFFINS,frosted,8,6,14,4,0,4,6,0,0,0,0,0,0,0
2018-08-23,MUFFINS,Kahuna,8,20,28,16,0,0,12,0,0,0,0,0,0,0
2018-08-23,MUFFINS,Brownies,0,20,20,12,0,0,8,0,0,0,0,0,0,0
2018-08-23,MUFFINS,Totals,78,541,619,467,35,72,45,0,27,27,18,0,0,0
2018-08-24,BREAD,H,18,33,51,24,0,0,27,0,0,0,0,0,0,0
2018-08-24,BREAD,FR,6,16,22,16,1,0,5,0,0,0,0,0,0,0
2018-08-24,BREAD,GW,0,20,20,8,0,0,12,0,0,0,0,0,0,0
2018-08-24,BREAD,DK,19,19,38,28,0,0,10,0,0,0,0,0,0,0
2018-08-24,BREAD,H5,22,0,22,13,0,0,9,0,0,0,0,0,0,0
2018-08-24,BREAD,CSRWL,7,0,7,2,0,0,5,0,0,0,-6,0,0,3
2018-08-24,BREAD,VA SWRL,0,0,0,0,0,0,0,0,0,0,0,0,0,0
2018-08-24,BREAD,BFB,15,0,15,9,0,6,0,3,0,3,0,0,0,0
2018-08-24,BREAD,CNE,0,19,19,12,0,0,7,0,5,5,2,0,0,3
2018-08-24,BREAD,CNR,0,11,11,11,0,0,0,0,0,0,0,0,0,0
2018-08-24,BREAD,CNW,0,8,8,-2,0,0,2,0,0,0,0,0,0,0
2018-08-24,BREAD,CG,0,13,13,10,0,0,3,0,3,3,2,0,0,1
2018-08-24,BREAD,PESTO CG,0,6,6,5,0,0,1,0,0,0,0,0,0,0
2018-08-24,BREAD,VS,9,9,18,7,0,3,8,1,3,4,0,0,0,2
2018-08-24,BREAD,CH,12,0,12,5,0,7,0,3,0,3,0,0,0,0
2018-08-24,BREAD,SOURDOUGH,0,10,10,6,0,0,4,0,0,0,0,0,0,0
2018-08-24,BREAD,SOUR CC,0,5,5,2,0,0,3,0,0,0,0,0,0,0
2018-08-24,BREAD,SOUR CJ,0,3,3,2,0,0,1,0,0,0,0,0,0,0
2018-08-24,BREAD,SOUR RG,0,5,5,3,0,0,2,0,0,0,0,0,0,0
2018-08-24,BREAD,SOUR BORG,0,5,5,3,0,0,2,0,0,0,0,0,0,0
2018-08-24,BREAD,Car,0,0,0,0,0,0,0,0,0,0,0,0,0,0
2018-08-24,BREAD,IHF,0,0,0,0,0,0,0,0,0,0,0,0,0,0
2018-08-24,BREAD,GW BUNS,0,4,4,2,0,0,2,0,0,0,0,0,0,0
2018-08-24,BREAD,VS BUNS,3,2,5,1,0,3,1,0,0,0,0,0,0,0
2018-08-24,BREAD,H-RLS,2,4,6,4,0,0,2,0,0,0,0,0,0,0
2018-08-24,BREAD,FR-RLS,2,49,51,5,45,0,1,0,0,0,0,0,0,0
2018-08-24,BREAD,VS-RLS,1,0,1,1,0,0,0,0,0,0,0,0,0,0
2018-08-24,BREAD,BLUE STRU,4,3,7,7,0,0,0,0,0,0,0,0,0,0
2018-08-24,BREAD,CHOC CARM,4,3,7,6,0,0,1,0,0,0,0,0,0,0
2018-08-24,BREAD,BAN CRUMB,3,2,5,5,0,0,0,0,0,0,0,0,0,0
2018-08-24,BREAD,BAN WALN,2,2,4,4,0,0,0,0,0,0,0,0,0,0
2018-08-24,BREAD,BAN CHOC,2,3,5,5,0,0,0,0,0,0,0,0,0,0
2018-08-24,ROLLS,Cinnamon,0,46,46,36,10,0,0,0,0,0,0,0,0,0
2018-08-24,ROLLS,Take-N-Bake,0,0,0,0,0,0,0,0,0,0,0,0,0,0
2018-08-24,ROLLS,Mini C-Roll,0,0,0,0,0,0,0,0,0,0,0,0,0,0
2018-08-24,SCONES,Blueberry,0,0,0,0,0,0,0,0,0,0,0,0,0,0
2018-08-24,SCONES,Rasp Cream,0,0,0,0,0,0,0,0,0,0,0,0,0,0
2018-08-24,SCONES,Cherry,0,24,24,16,0,8,0,0,2,2,2,0,0,0
2018-08-24,SCONES,Butt Almond,0,19,19,19,0,0,0,0,2,2,2,0,0,0
2018-08-24,SCONES,Turtle,0,0,0,0,0,0,0,0,0,0,0,0,0,0
2018-08-24,SCONES,Cin Chip,0,0,0,0,0,0,0,0,0,0,0,0,0,0
2018-08-24,FRUIT BARS,Mixed Berry,0,8,8,7,0,1,0,0,0,0,0,0,0,0
2018-08-24,FRUIT BARS,Cherry,0,12,12,11,0,1,0,0,0,0,0,0,0,0
2018-08-24,FRUIT BARS,Apple Cin,0,0,0,0,0,0,0,0,0,0,0,0,0,0
2018-08-24,FRUIT BARS,MIXED FRUIT,0,0,0,0,0,0,0,0,0,0,0,0,0,0
2018-08-24,MUFFINS,BLUE STRU,0,8,8,8,0,0,0,0,2,2,2,0,0,0
2018-08-24,MUFFINS,CHOC CARM,0,8,8,8,0,0,0,0,2,2,2,0,0,0
2018-08-24,MUFFINS,BAN CRUMB,0,5,5,5,0,0,0,0,1,1,1,0,0,0
2018-08-24,MUFFINS,BAN WALNUT,0,5,5,5,0,0,0,0,1,1,1,0,0,0
2018-08-24,MUFFINS,BAN CHOC,0,5,5,5,0,0,0,0,1,1,1,0,0,0
2018-08-24,MUFFINS,Cookies,0,0,0,0,0,0,0,0,0,0,0,0,0,0
2018-08-24,MUFFINS,Bars,0,0,0,0,0,0,0,0,0,0,0,0,0,0
2018-08-24,MUFFINS,Oatmeal CC,7,24,31,15,0,0,16,0,0,0,0,0,0,0
2018-08-24,MUFFINS,SALTED CARM,1,24,25,10,0,0,15,0,0,0,0,0,0,0
2018-08-24,MUFFINS,Triple Choc,6,24,30,24,0,0,6,0,0,0,0,0,0,0
2018-08-24,MUFFINS,SNICKEDOODLE,5,24,29,20,0,0,9,0,0,0,0,0,0,0
2018-08-24,MUFFINS,frosted,6,18,24,24,0,0,0,0,0,0,0,0,0,0
2018-08-24,MUFFINS,Kahuna,12,0,12,12,0,0,0,0,0,0,0,0,0,0
2018-08-24,MUFFINS,Brownies,8,20,28,16,0,0,12,0,0,0,0,0,0,0
2018-08-24,MUFFINS,Totals,45,274,319,241,10,10,58,0,11,11,11,0,0,0
2018-08-25,BREAD,H,27,0,27,18,0,9,0,0,0,0,0,0,0,0
2018-08-25,BREAD,FR,5,17,22,18,0,4,0,0,0,0,0,0,0,0
2018-08-25,BREAD,GW,12,6,18,4,0,14,0,0,0,0,0,0,0,0
2018-08-25,BREAD,DK,10,0,10,6,0,4,0,0,0,0,0,0,0,0
2018-08-25,BREAD,H5,9,0,9,-3,0,12,0,0,0,0,0,0,0,0
2018-08-25,BREAD,CSRWL,5,12,17,10,0,7,0,3,0,3,1,0,0,0
2018-08-25,BREAD,VA SWRL,0,0,0,0,0,0,0,0,0,0,0,0,0,0
2018-08-25,BREAD,BFB,0,0,0,-1,0,1,0,0,0,0,0,0,0,0
2018-08-25,BREAD,CNE,7,0,7,7,0,0,0,3,0,3,3,0,0,0
2018-08-25,BREAD,CNR,0,0,0,0,0,0,0,0,0,0,0,0,0,0
2018-08-25,BREAD,CNW,2,0,2,2,0,0,0,0,0,0,0,0,0,0
2018-08-25,BREAD,CG,3,0,3,-1,0,4,0,1,0,1,1,0,0,0
2018-08-25,BREAD,PESTO CG,1,0,1,-2,0,3,0,0,0,0,0,0,0,0
2018-08-25,BREAD,VS,8,0,8,5,0,3,0,2,0,2,1,0,0,0
2018-08-25,BREAD,CH,0,0,0,0,0,0,0,0,0,0,0,0,0,0
2018-08-25,BREAD,SOURDOUGH,4,0,4,4,0,0,0,0,0,0,0,0,0,0
2018-08-25,BREAD,SOUR CC,3,0,3,0,0,3,0,0,0,0,0,0,0,0
2018-08-25,BREAD,SOUR CJ,1,0,1,1,0,0,0,0,0,0,0,0,0,0
2018-08-25,BREAD,SOUR RG,2,0,2,0,0,2,0,0,0,0,0,0,0,0
2018-08-25,BREAD,SOUR BORG,2,0,2,-1,0,3,0,0,0,0,0,0,0,0
2018-08-25,BREAD,Car,0,0,0,0,0,0,0,0,0,0,0,0,0,0
2018-08-25,BREAD,IHF,0,0,0,0,0,0,0,0,0,0,0,0,0,0
2018-08-25,BREAD,GW BUNS,2,0,2,-2,0,4,0,0,0,0,0,0,0,0
2018-08-25,BREAD,VS BUNS,1,0,1,1,0,0,0,0,0,0,0,0,0,0
2018-08-25,BREAD,H-RLS,2,0,2,-1,0,3,0,0,0,0,0,0,0,0
2018-08-25,BREAD,FR-RLS,1,0,1,1,0,0,0,0,0,0,0,0,0,0
2018-08-25,BREAD,VS-RLS,0,0,0,0,0,0,0,0,0,0,0,0,0,0
2018-08-25,BREAD,BLUE STRU,0,6,6,-1,2,5,0,0,0,0,0,0,0,0
2018-08-25,BREAD,CHOC CARM,1,3,4,-2,0,6,0,0,0,0,0,0,0,0
2018-08-25,BREAD,Apple Cr,0,6,6,0,2,4,0,0,0,0,0,0,0,0
2018-08-25,BREAD,BAN WALN,0,0,0,0,0,0,0,0,0,0,0,0,0,0
2018-08-25,BREAD,BAN CHOC,0,0,0,0,0,0,0,0,0,0,0,0,0,0
2018-08-25,ROLLS,Cinnamon,0,120,120,88,0,32,0,0,0,0,0,0,0,0
2018-08-25,ROLLS,Take-N-Bake,0,0,0,0,0,0,0,0,0,0,0,0,0,0
2018-08-25,ROLLS,Mini C-Roll,0,24,24,0,24,0,0,0,0,0,0,0,0,0
2018-08-25,SCONES,Blueberry,0,38,38,35,0,3,0,0,5,5,2,0,0,0
2018-08-25,SCONES,Rasp Cream,0,0,0,0,0,0,0,0,0,0,0,0,0,0
2018-08-25,SCONES,Cherry,0,0,0,0,0,0,0,0,0,0,0,0,0,0
2018-08-25,SCONES,Butt Almond,0,36,36,25,0,11,0,0,4,4,1,0,0,0
2018-08-25,SCONES,Turtle,0,0,0,0,0,0,0,0,0,0,0,0,0,0
2018-08-25,SCONES,Cin Chip,0,0,0,0,0,0,0,0,0,0,0,0,0,0
2018-08-25,FRUIT BARS,Mixed Berry,0,8,8,4,0,4,0,0,0,0,0,0,0,0
2018-08-25,FRUIT BARS,Cherry,0,12,12,5,0,7,0,0,0,0,0,0,0,0
2018-08-25,FRUIT BARS,Apple Cin,0,12,12,10,0,2,0,0,0,0,0,0,0,0
2018-08-25,FRUIT BARS,MIXED FRUIT,0,8,8,5,0,3,0,0,0,0,0,0,0,0
2018-08-25,MUFFINS,BLUE STRU,0,12,12,11,0,1,0,0,3,3,3,0,0,0
2018-08-25,MUFFINS,CHOC CARM,0,12,12,12,0,0,0,0,3,3,3,0,0,0
2018-08-25,MUFFINS,Apple Crunch,0,12,12,8,0,4,0,0,3,3,2,0,0,0
2018-08-25,MUFFINS,BAN WALNUT,0,0,0,0,0,0,0,0,0,0,0,0,0,0
2018-08-25,MUFFINS,BAN CHOC,0,0,0,0,0,0,0,0,0,0,0,0,0,0
2018-08-25,MUFFINS,Cookies,0,0,0,0,0,0,0,0,0,0,0,0,0,0
2018-08-25,MUFFINS,Bars,0,0,0,0,0,0,0,0,0,0,0,0,0,0
2018-08-25,MUFFINS,Oatmeal CC,16,0,16,6,0,10,0,0,0,0,0,0,0,0
2018-08-25,MUFFINS,SALTED CARM,15,0,15,-12,0,27,0,0,0,0,0,0,0,0
2018-08-25,MUFFINS,Triple Choc,6,6,12,-2,0,14,0,0,0,0,0,0,0,0
2018-08-25,MUFFINS,SNICKEDOODLE,9,0,9,1,0,8,0,0,0,0,0,0,0,0
2018-08-25,MUFFINS,frosted,0,6,6,-5,0,11,0,0,0,0,0,0,0,0
2018-08-25,MUFFINS,Kahuna,0,0,0,0,0,0,0,0,0,0,0,0,0,0
2018-08-25,MUFFINS,Brownies,12,0,12,10,0,2,0,0,0,0,0,0,0,0
2018-08-25,MUFFINS,Totals,58,306,364,201,24,139,0,0,18,18,11,0,0,0
2018-08-26,BREAD,H,0,0,0,0,0,0,0,0,0,0,0,0,0,0
2018-08-26,BREAD,FR,0,0,0,0,0,0,0,0,0,0,0,0,0,0
2018-08-26,BREAD,GW,0,0,0,0,0,0,0,0,0,0,0,0,0,0
2018-08-26,BREAD,DK,0,0,0,0,0,0,0,0,0,0,0,0,0,0
2018-08-26,BREAD,H5,0,0,0,0,0,0,0,0,0,0,0,0,0,0
2018-08-26,BREAD,CSRWL,0,0,0,0,0,0,0,0,0,0,0,0,0,0
2018-08-26,BREAD,VA SWRL,0,0,0,0,0,0,0,0,0,0,0,0,0,0
2018-08-26,BREAD,BFB,0,0,0,0,0,0,0,0,0,0,0,0,0,0
2018-08-26,BREAD,CNE,0,0,0,0,0,0,0,0,0,0,0,0,0,0
2018-08-26,BREAD,CNR,0,0,0,0,0,0,0,0,0,0,0,0,0,0
2018-08-26,BREAD,CNW,0,0,0,0,0,0,0,0,0,0,0,0,0,0
2018-08-26,BREAD,CG,0,0,0,0,0,0,0,0,0,0,0,0,0,0
2018-08-26,BREAD,PESTO CG,0,0,0,0,0,0,0,0,0,0,0,0,0,0
2018-08-26,BREAD,VS,0,0,0,0,0,0,0,0,0,0,0,0,0,0
2018-08-26,BREAD,CH,0,0,0,0,0,0,0,0,0,0,0,0,0,0
2018-08-26,BREAD,SOURDOUGH,0,0,0,0,0,0,0,0,0,0,0,0,0,0
2018-08-26,BREAD,SOUR CC,0,0,0,0,0,0,0,0,0,0,0,0,0,0
2018-08-26,BREAD,SOUR CJ,0,0,0,0,0,0,0,0,0,0,0,0,0,0
2018-08-26,BREAD,SOUR RG,0,0,0,0,0,0,0,0,0,0,0,0,0,0
2018-08-26,BREAD,SOUR BORG,0,0,0,0,0,0,0,0,0,0,0,0,0,0
2018-08-26,BREAD,Car,0,0,0,0,0,0,0,0,0,0,0,0,0,0
2018-08-26,BREAD,IHF,0,0,0,0,0,0,0,0,0,0,0,0,0,0
2018-08-26,BREAD,GW BUNS,0,0,0,0,0,0,0,0,0,0,0,0,0,0
2018-08-26,BREAD,VS BUNS,0,0,0,0,0,0,0,0,0,0,0,0,0,0
2018-08-26,BREAD,H-RLS,0,0,0,0,0,0,0,0,0,0,0,0,0,0
2018-08-26,BREAD,FR-RLS,0,0,0,0,0,0,0,0,0,0,0,0,0,0
2018-08-26,BREAD,VS-RLS,0,0,0,0,0,0,0,0,0,0,0,0,0,0
2018-08-26,BREAD,BLUE STRU,0,0,0,0,0,0,0,0,0,0,0,0,0,0
2018-08-26,BREAD,CHOC CARM,0,0,0,0,0,0,0,0,0,0,0,0,0,0
2018-08-26,BREAD,BAN CRUMB,0,0,0,0,0,0,0,0,0,0,0,0,0,0
2018-08-26,BREAD,BAN WALN,0,0,0,0,0,0,0,0,0,0,0,0,0,0
2018-08-26,BREAD,BAN CHOC,0,0,0,0,0,0,0,0,0,0,0,0,0,0
2018-08-26,ROLLS,Cinnamon,0,0,0,0,0,0,0,0,0,0,0,0,0,0
2018-08-26,ROLLS,Take-N-Bake,0,0,0,0,0,0,0,0,0,0,0,0,0,0
2018-08-26,ROLLS,Mini C-Roll,0,0,0,0,0,0,0,0,0,0,0,0,0,0
2018-08-26,SCONES,Blueberry,0,0,0,0,0,0,0,0,0,0,0,0,0,0
2018-08-26,SCONES,Rasp Cream,0,0,0,0,0,0,0,0,0,0,0,0,0,0
2018-08-26,SCONES,Cherry,0,0,0,0,0,0,0,0,0,0,0,0,0,0
2018-08-26,SCONES,Butt Almond,0,0,0,0,0,0,0,0,0,0,0,0,0,0
2018-08-26,SCONES,Turtle,0,0,0,0,0,0,0,0,0,0,0,0,0,0
2018-08-26,SCONES,Cin Chip,0,0,0,0,0,0,0,0,0,0,0,0,0,0
2018-08-26,FRUIT BARS,Mixed Berry,0,0,0,0,0,0,0,0,0,0,0,0,0,0
2018-08-26,FRUIT BARS,Cherry,0,0,0,0,0,0,0,0,0,0,0,0,0,0
2018-08-26,FRUIT BARS,Apple Cin,0,0,0,0,0,0,0,0,0,0,0,0,0,0
2018-08-26,FRUIT BARS,MIXED FRUIT,0,0,0,0,0,0,0,0,0,0,0,0,0,0
2018-08-26,MUFFINS,BLUE STRU,0,0,0,0,0,0,0,0,0,0,0,0,0,0
2018-08-26,MUFFINS,CHOC CARM,0,0,0,0,0,0,0,0,0,0,0,0,0,0
2018-08-26,MUFFINS,BAN CRUMB,0,0,0,0,0,0,0,0,0,0,0,0,0,0
2018-08-26,MUFFINS,BAN WALNUT,0,0,0,0,0,0,0,0,0,0,0,0,0,0
2018-08-26,MUFFINS,BAN CHOC,0,0,0,0,0,0,0,0,0,0,0,0,0,0
2018-08-26,MUFFINS,Cookies,0,0,0,0,0,0,0,0,0,0,0,0,0,0
2018-08-26,MUFFINS,Bars,0,0,0,0,0,0,0,0,0,0,0,0,0,0
2018-08-26,MUFFINS,Oatmeal CC,0,0,0,0,0,0,0,0,0,0,0,0,0,0
2018-08-26,MUFFINS,SALTED CARM,0,0,0,0,0,0,0,0,0,0,0,0,0,0
2018-08-26,MUFFINS,Triple Choc,0,0,0,0,0,0,0,0,0,0,0,0,0,0
2018-08-26,MUFFINS,SNICKEDOODLE,0,0,0,0,0,0,0,0,0,0,0,0,0,0
2018-08-26,MUFFINS,frosted,0,0,0,0,0,0,0,0,0,0,0,0,0,0
2018-08-26,MUFFINS,Kahuna,0,0,0,0,0,0,0,0,0,0,0,0,0,0
2018-08-26,MUFFINS,Brownies,0,0,0,0,0,0,0,0,0,0,0,0,0,0
2018-08-26,MUFFINS,Totals,0,0,0,0,0,0,0,0,0,0,0,0,0,0
2018-08-27,BREAD,H,0,38,38,22,0,0,16,0,0,0,0,0,0,0
2018-08-27,BREAD,FR,0,32,32,9,0,0,23,0,0,0,0,0,0,0
2018-08-27,BREAD,GW,0,12,12,6,0,0,6,0,0,0,0,0,0,0
2018-08-27,BREAD,DK,0,30,30,12,0,0,18,0,0,0,0,0,0,0
2018-08-27,BREAD,H5,0,0,0,0,0,0,0,0,0,0,0,0,0,0
2018-08-27,BREAD,CSRWL,0,16,16,9,0,0,7,0,3,3,0,0,0,3
2018-08-27,BREAD,Ap Swrl,0,12,12,11,0,0,1,0,2,2,0,0,0,2
2018-08-27,BREAD,BFB,0,0,0,0,0,0,0,0,0,0,0,0,0,0
2018-08-27,BREAD,CNE,0,13,13,5,0,0,8,0,4,4,2,0,0,2
2018-08-27,BREAD,CNR,0,4,4,1,0,0,3,0,0,0,0,0,0,0
2018-08-27,BREAD,CNW,0,6,6,1,2,0,3,0,0,0,0,0,0,0
2018-08-27,BREAD,CG,0,0,0,-5,0,0,5,0,0,0,-3,0,0,3
2018-08-27,BREAD,PESTO CG,0,0,0,-2,0,0,2,0,0,0,0,0,0,0
2018-08-27,BREAD,VS,0,0,0,0,0,0,0,0,0,0,0,0,0,0
2018-08-27,BREAD,CH,0,0,0,0,0,0,0,0,0,0,0,0,0,0
2018-08-27,BREAD,SOURDOUGH,0,6,6,2,0,0,4,0,0,0,0,0,0,0
2018-08-27,BREAD,SOUR CC,0,4,4,2,0,0,2,0,0,0,0,0,0,0
2018-08-27,BREAD,SOUR CJ,0,0,0,0,0,0,0,0,0,0,0,0,0,0
2018-08-27,BREAD,SOUR RG,0,3,3,3,0,0,0,0,0,0,0,0,0,0
2018-08-27,BREAD,SOUR BORG,0,3,3,0,0,0,3,0,0,0,0,0,0,0
2018-08-27,BREAD,Car,0,0,0,0,0,0,0,0,0,0,0,0,0,0
2018-08-27,BREAD,IHF,0,0,0,0,0,0,0,0,0,0,0,0,0,0
2018-08-27,BREAD,GW BUNS,0,0,0,0,0,0,0,0,0,0,0,0,0,0
2018-08-27,BREAD,VS BUNS,0,0,0,0,0,0,0,0,0,0,0,0,0,0
2018-08-27,BREAD,H-RLS,0,3,3,2,0,0,1,0,0,0,0,0,0,0
2018-08-27,BREAD,FR-RLS,0,3,3,1,0,0,2,0,0,0,0,0,0,0
2018-08-27,BREAD,VS-RLS,0,0,0,0,0,0,0,0,0,0,0,0,0,0
2018-08-27,BREAD,BLUE STRU,0,5,5,1,0,0,4,0,0,0,0,0,0,0
2018-08-27,BREAD,CHOC CARM,0,5,5,1,0,0,4,0,0,0,0,0,0,0
2018-08-27,BREAD,Apple Crunch,0,5,5,1,0,0,4,0,0,0,0,0,0,0
2018-08-27,ROLLS,Cinnamon,0,24,24,24,0,0,0,0,0,0,0,0,0,0
2018-08-27,ROLLS,Take-N-Bake,0,0,0,0,0,0,0,0,0,0,0,0,0,0
2018-08-27,ROLLS,Mini C-Roll,0,0,0,0,0,0,0,0,0,0,0,0,0,0
2018-08-27,SCONES,Blueberry,0,0,0,0,0,0,0,0,0,0,0,0,0,0
2018-08-27,SCONES,Rasp Cream,0,18,18,11,0,7,0,0,2,2,2,0,0,0
2018-08-27,SCONES,Cherry,0,0,0,0,0,0,0,0,0,0,0,0,0,0
2018-08-27,SCONES,Butt Almond,0,0,0,0,0,0,0,0,0,0,0,0,0,0
2018-08-27,SCONES,Turtle,0,0,0,0,0,0,0,0,0,0,0,0,0,0
2018-08-27,SCONES,Cin Chip,0,14,14,9,0,5,0,0,2,2,2,0,0,0
2018-08-27,FRUIT BARS,Mixed Berry,0,8,8,8,0,0,0,0,0,0,0,0,0,0
2018-08-27,FRUIT BARS,Cherry,0,12,12,4,0,8,0,0,0,0,0,0,0,0
2018-08-27,FRUIT BARS,Apple Cin,0,0,0,-2,0,2,0,0,0,0,0,0,0,0
2018-08-27,FRUIT BARS,MIXED FRUIT,0,0,0,0,0,0,0,0,0,0,0,0,0,0
2018-08-27,MUFFINS,BLUE STRU,0,7,7,4,0,3,0,0,1,1,1,0,0,0
2018-08-27,MUFFINS,CHOC CARM,0,7,7,2,0,5,0,0,1,1,1,0,0,0
2018-08-27,MUFFINS,Apple Crunch,0,7,7,0,0,7,0,0,1,1,0,0,0,0
2018-08-27,MUFFINS,Cookies,0,0,0,0,0,0,0,0,0,0,0,0,0,0
2018-08-27,MUFFINS,Bars,0,0,0,0,0,0,0,0,0,0,0,0,0,0
2018-08-27,MUFFINS,Oatmeal CC,0,30,30,17,13,0,0,0,0,0,0,0,0,0
2018-08-27,MUFFINS,SALTED CARM,0,30,30,2,13,0,15,0,0,0,0,0,0,0
2018-08-27,MUFFINS,Triple Choc,0,30,30,13,13,0,4,0,0,0,0,0,0,0
2018-08-27,MUFFINS,SNICKEDOODLE,0,30,30,7,13,0,10,0,0,0,0,0,0,0
2018-08-27,MUFFINS,frosted,0,12,12,8,0,0,4,0,0,0,0,0,0,0
2018-08-27,MUFFINS,Kahuna,0,20,20,12,8,0,0,0,0,0,0,0,0,0
2018-08-27,MUFFINS,Brownies,0,0,0,0,0,0,0,0,0,0,0,0,0,0
2018-08-27,MUFFINS,Totals,0,249,249,119,60,37,33,0,7,7,6,0,0,0
2018-08-28,BREAD,H,16,16,32,28,0,0,4,0,0,0,0,0,0,0
2018-08-28,BREAD,FR,23,14,37,-13,37,0,13,0,0,0,0,0,0,0
2018-08-28,BREAD,GW,6,0,6,5,0,1,0,0,0,0,0,0,0,0
2018-08-28,BREAD,DK,18,0,18,10,0,0,8,0,0,0,0,0,0,0
2018-08-28,BREAD,H5,0,17,17,13,1,0,3,0,0,0,0,0,0,0
2018-08-28,BREAD,CSRWL,7,12,19,10,0,3,6,3,0,3,1,0,0,0
2018-08-28,BREAD,Ap Swrl,1,16,17,12,0,0,5,2,0,2,0,0,0,2
2018-08-28,BREAD,BFB,0,21,21,5,0,0,16,0,0,0,-3,0,0,3
2018-08-28,BREAD,CNE,8,0,8,4,0,4,0,2,0,2,2,0,0,0
2018-08-28,BREAD,CNR,3,0,3,1,0,2,0,0,0,0,0,0,0,0
2018-08-28,BREAD,CNW,3,0,3,2,0,1,0,0,0,0,0,0,0,0
2018-08-28,BREAD,CG,5,0,5,2,0,3,0,3,0,3,1,0,0,0
2018-08-28,BREAD,PESTO CG,2,0,2,1,0,1,0,0,0,0,0,0,0,0
2018-08-28,BREAD,VS,0,4,4,1,3,0,0,0,5,5,2,0,0,3
2018-08-28,BREAD,CH,0,7,7,3,0,0,4,0,0,0,0,0,0,0
2018-08-28,BREAD,SOURDOUGH,4,0,4,1,0,3,0,0,0,0,0,0,0,0
2018-08-28,BREAD,SOUR CC,2,0,2,0,0,2,0,0,0,0,0,0,0,0
2018-08-28,BREAD,SOUR CJ,0,0,0,0,0,0,0,0,0,0,0,0,0,0
2018-08-28,BREAD,SOUR RG,0,0,0,0,0,0,0,0,0,0,0,0,0,0
2018-08-28,BREAD,SOUR BORG,3,0,3,2,0,1,0,0,0,0,0,0,0,0
2018-08-28,BREAD,Car,0,0,0,0,0,0,0,0,0,0,0,0,0,0
2018-08-28,BREAD,IHF,0,0,0,0,0,0,0,0,0,0,0,0,0,0
2018-08-28,BREAD,GW BUNS,0,1,1,0,0,0,1,0,0,0,0,0,0,0
2018-08-28,BREAD,VS BUNS,0,2,2,0,0,0,2,0,0,0,0,0,0,0
2018-08-28,BREAD,GF,0,33,33,33,0,0,0,0,0,0,0,0,0,0
2018-08-28,BREAD,H-RLS,1,0,1,1,0,0,0,0,0,0,0,0,0,0
2018-08-28,BREAD,FR-RLS,2,3,5,3,0,0,2,0,0,0,0,0,0,0
2018-08-28,BREAD,VS-RLS,0,4,4,1,0,0,3,0,0,0,0,0,0,0
2018-08-28,BREAD,BLUE STRU,4,2,6,0,1,4,1,0,0,0,0,0,0,0
2018-08-28,BREAD,CHOC CARM,4,1,5,2,0,2,1,0,0,0,0,0,0,0
2018-08-28,BREAD,Apple Crunch,4,1,5,2,0,2,1,0,0,0,0,0,0,0
2018-08-28,ROLLS,Cinnamon,0,24,24,8,0,16,0,0,0,0,0,0,0,0
2018-08-28,ROLLS,Take-N-Bake,0,0,0,0,0,0,0,0,0,0,0,0,0,0
2018-08-28,ROLLS,Mini C-Roll,0,0,0,0,0,0,0,0,0,0,0,0,0,0
2018-08-28,SCONES,Blueberry,0,21,21,11,0,10,0,0,2,2,2,0,0,0
2018-08-28,SCONES,Rasp Cream,0,0,0,0,0,0,0,0,0,0,0,0,0,0
2018-08-28,SCONES,Cherry,0,0,0,0,0,0,0,0,0,0,0,0,0,0
2018-08-28,SCONES,Butt Almond,0,0,0,0,0,0,0,0,0,0,0,0,0,0
2018-08-28,SCONES,Turtle,0,0,0,0,0,0,0,0,0,0,0,0,0,0
2018-08-28,SCONES,Cin Chip,0,9,9,6,0,3,0,0,2,2,2,0,0,0
2018-08-28,FRUIT BARS,Mixed Berry,0,0,0,0,0,0,0,0,0,0,0,0,0,0
2018-08-28,FRUIT BARS,Cherry,0,0,0,0,0,0,0,0,0,0,0,0,0,0
2018-08-28,FRUIT BARS,Apple Cin,0,12,12,3,1,8,0,0,0,0,0,0,0,0
2018-08-28,FRUIT BARS,MIXED FRUIT,0,8,8,1,1,6,0,0,0,0,0,0,0,0
2018-08-28,MUFFINS,BLUE STRU,0,7,7,6,0,1,0,0,2,2,2,0,0,0
2018-08-28,MUFFINS,CHOC CARM,0,7,7,2,0,5,0,0,2,2,2,0,0,0
2018-08-28,MUFFINS,Apple Crunch,0,7,7,5,0,2,0,0,2,2,2,0,0,0
2018-08-28,MUFFINS,Cookies,0,0,0,0,0,0,0,0,0,0,0,0,0,0
2018-08-28,MUFFINS,Bars,0,0,0,0,0,0,0,0,0,0,0,0,0,0
2018-08-28,MUFFINS,Oatmeal CC,0,30,30,14,9,0,7,0,6,6,0,0,0,0
2018-08-28,MUFFINS,SALTED CARM,15,6,21,11,9,1,0,0,0,0,0,0,0,0
2018-08-28,MUFFINS,Triple Choc,4,24,28,7,9,2,10,0,6,6,0,0,0,0
2018-08-28,MUFFINS,SNICKEDOODLE,10,18,28,12,7,1,8,0,4,4,0,0,0,0
2018-08-28,MUFFINS,frosted,4,6,10,6,0,0,4,0,0,0,0,0,0,0
2018-08-28,MUFFINS,Kahuna,0,0,0,-1,1,0,0,0,0,0,0,0,0,0
2018-08-28,MUFFINS,Brownies,0,20,20,6,2,0,12,0,0,0,0,0,0,0
2018-08-28,MUFFINS,Totals,0,199,232,97,39,55,41,0,26,26,10,0,0,0
2018-08-29,BREAD,H,4,58,62,47,1,0,14,0,0,0,0,0,0,0
2018-08-29,BREAD,FR,13,48,61,25,0,3,33,0,0,0,0,0,0,0
2018-08-29,BREAD,GW,0,16,16,14,0,0,2,0,0,0,0,0,0,0
2018-08-29,BREAD,DK,8,44,52,25,0,0,27,0,0,0,0,0,0,0
2018-08-29,BREAD,H5,3,0,3,2,0,0,1,0,0,0,0,0,0,0
2018-08-29,BREAD,CSRWL,6,0,6,-2,0,5,3,0,0,0,-2,0,0,2
2018-08-29,BREAD,Ap Swrl,5,0,5,-10,0,4,11,2,0,2,2,0,0,0
2018-08-29,BREAD,BFB,16,0,16,5,0,11,0,3,0,3,0,0,0,0
2018-08-29,BREAD,CNE,0,25,25,16,0,0,9,0,4,4,3,0,0,1
2018-08-29,BREAD,CNR,0,0,0,-2,0,0,2,0,0,0,0,0,0,0
2018-08-29,BREAD,CNW,0,0,0,-3,0,0,3,0,0,0,0,0,0,0
2018-08-29,BREAD,CG,0,12,12,8,0,0,4,0,4,4,1,0,0,3
2018-08-29,BREAD,PESTO CG,0,8,8,5,0,0,3,0,0,0,0,0,0,0
2018-08-29,BREAD,VS,0,0,0,0,0,0,0,3,0,3,3,0,0,0
2018-08-29,BREAD,CH,4,0,4,1,0,3,0,0,0,0,0,0,0,0
2018-08-29,BREAD,SOURDOUGH,0,14,14,9,0,0,5,0,0,0,0,0,0,0
2018-08-29,BREAD,SOUR CC,0,3,3,0,0,0,3,0,0,0,0,0,0,0
2018-08-29,BREAD,SOUR CJ,0,5,5,2,0,0,3,0,0,0,0,0,0,0
2018-08-29,BREAD,SOUR RG,0,5,5,0,0,0,5,0,0,0,0,0,0,0
2018-08-29,BREAD,SOUR BORG,0,5,5,2,0,0,3,0,0,0,0,0,0,0
2018-08-29,BREAD,Car,0,0,0,0,0,0,0,0,0,0,0,0,0,0
2018-08-29,BREAD,IHF,0,0,0,0,0,0,0,0,0,0,0,0,0,0
2018-08-29,BREAD,GW BUNS,1,0,1,-1,0,0,2,0,0,0,0,0,0,0
2018-08-29,BREAD,VS BUNS,2,4,6,4,0,2,0,0,0,0,0,0,0,0
2018-08-29,BREAD,H-RLS,0,5,5,2,0,0,3,0,0,0,0,0,0,0
2018-08-29,BREAD,FR-RLS,2,5,7,5,0,0,2,0,0,0,0,0,0,0
2018-08-29,BREAD,VS-RLS,3,0,3,3,0,0,0,0,0,0,0,0,0,0
2018-08-29,BREAD,BLUE STRU,1,6,7,4,0,0,3,0,0,0,0,0,0,0
2018-08-29,BREAD,CHOC CARM,1,6,7,2,0,0,5,0,0,0,0,0,0,0
2018-08-29,BREAD,Apple Crunch,1,6,7,0,0,1,6,0,0,0,0,0,0,0
2018-08-29,ROLLS,Cinnamon,0,96,96,69,6,21,0,0,0,0,0,0,0,0
2018-08-29,ROLLS,Take-N-Bake,0,0,0,0,0,0,0,0,0,0,0,0,0,0
2018-08-29,ROLLS,Mini C-Roll,0,24,24,0,24,0,0,0,0,0,0,0,0,0
2018-08-29,SCONES,Blueberry,0,0,0,0,0,0,0,0,0,0,0,0,0,0
2018-08-29,SCONES,Rasp Cream,0,41,41,33,4,4,0,0,4,4,4,0,0,0
2018-08-29,SCONES,Cherry,0,0,0,0,0,0,0,0,0,0,0,0,0,0
2018-08-29,SCONES,Butt Almond,0,0,0,0,0,0,0,0,0,0,0,0,0,0
2018-08-29,SCONES,Turtle,0,25,25,20,0,5,0,0,4,4,3,0,0,0
2018-08-29,SCONES,Cin Chip,0,0,0,0,0,0,0,0,0,0,0,0,0,0
2018-08-29,FRUIT BARS,Mixed Berry,0,8,8,3,0,5,0,0,0,0,0,0,0,0
2018-08-29,FRUIT BARS,Cherry,0,12,12,8,1,3,0,0,0,0,0,0,0,0
2018-08-29,FRUIT BARS,Apple Cin,0,0,0,0,0,0,0,0,0,0,0,0,0,0
2018-08-29,FRUIT BARS,MIXED FRUIT,0,0,0,0,0,0,0,0,0,0,0,0,0,0
2018-08-29,MUFFINS,BLUE STRU,0,11,11,10,0,1,0,0,2,2,2,0,0,0
2018-08-29,MUFFINS,CHOC CARM,0,11,11,11,0,0,0,0,2,2,2,0,0,0
2018-08-29,MUFFINS,Apple Crunch,0,11,11,7,0,4,0,0,2,2,2,0,0,0
2018-08-29,MUFFINS,Cookies,0,0,0,0,0,0,0,0,0,0,0,0,0,0
2018-08-29,MUFFINS,Bars,0,0,0,0,0,0,0,0,0,0,0,0,0,0
2018-08-29,MUFFINS,Oatmeal CC,7,24,31,11,2,7,11,0,0,0,0,0,0,0
2018-08-29,MUFFINS,SALTED CARM,0,24,24,9,2,0,13,0,0,0,0,0,0,0
2018-08-29,MUFFINS,Triple Choc,10,24,34,19,2,3,10,0,0,0,0,0,0,0
2018-08-29,MUFFINS,SNICKEDOODLE,8,24,32,18,2,1,11,0,0,0,0,0,0,0
2018-08-29,MUFFINS,frosted,4,36,40,33,0,1,6,0,0,0,0,0,0,0
2018-08-29,MUFFINS,Kahuna,0,20,20,7,0,0,13,0,0,0,0,0,0,0
2018-08-29,MUFFINS,Brownies,12,0,12,5,0,7,0,0,0,0,0,0,0,0
2018-08-29,MUFFINS,Totals,41,391,432,263,43,62,64,0,14,14,13,0,0,0
2018-08-30,BREAD,H,14,24,38,16,0,0,22,0,0,0,0,0,0,0
2018-08-30,BREAD,FR,33,6,39,-10,20,0,29,0,0,0,0,0,0,0
2018-08-30,BREAD,GW,2,5,7,0,0,0,7,0,0,0,0,0,0,0
2018-08-30,BREAD,DK,27,0,27,-2,0,0,29,0,0,0,0,0,0,0
2018-08-30,BREAD,H5,1,26,27,7,0,0,20,0,0,0,0,0,0,0
2018-08-30,BREAD,CSRWL,3,14,17,2,0,4,11,2,2,4,2,0,0,2
2018-08-30,BREAD,Ap Swrl,11,4,15,8,0,4,3,0,3,3,1,0,0,2
2018-08-30,BREAD,BFB,0,14,14,1,0,0,13,0,3,3,1,0,0,2
2018-08-30,BREAD,CNE,9,0,9,9,0,0,0,1,0,1,0,0,0,0
2018-08-30,BREAD,CNR,2,0,2,1,0,1,0,0,0,0,0,0,0,0
2018-08-30,BREAD,CNW,3,0,3,2,0,1,0,0,0,0,0,0,0,0
2018-08-30,BREAD,CG,4,0,4,2,0,2,0,3,0,3,0,0,0,0
2018-08-30,BREAD,PESTO CG,3,0,3,1,0,2,0,0,0,0,0,0,0,0
2018-08-30,BREAD,VS,0,9,9,4,0,0,5,0,4,4,2,0,0,2
2018-08-30,BREAD,CH,0,0,0,-13,0,0,13,0,0,0,0,0,0,0
2018-08-30,BREAD,SOURDOUGH,5,0,5,2,0,3,0,0,0,0,0,0,0,0
2018-08-30,BREAD,SOUR CC,3,0,3,1,0,2,0,0,0,0,0,0,0,0
2018-08-30,BREAD,SOUR CJ,3,0,3,1,0,2,0,0,0,0,0,0,0,0
2018-08-30,BREAD,SOUR RG,5,0,5,1,0,4,0,0,0,0,0,0,0,0
2018-08-30,BREAD,SOUR BORG,3,0,3,0,0,3,0,0,0,0,0,0,0,0
2018-08-30,BREAD,Car,0,0,0,0,0,0,0,0,0,0,0,0,0,0
2018-08-30,BREAD,IHF,0,0,0,0,0,0,0,0,0,0,0,0,0,0
2018-08-30,BREAD,GW BUNS,2,0,2,2,0,0,0,0,0,0,0,0,0,0
2018-08-30,BREAD,VS BUNS,0,3,3,0,0,0,3,0,0,0,0,0,0,0
2018-08-30,BREAD,H-RLS,3,4,7,2,0,0,5,0,0,0,0,0,0,0
2018-08-30,BREAD,FR-RLS,2,2,4,1,0,0,3,0,0,0,0,0,0,0
2018-08-30,BREAD,VS-RLS,0,3,3,0,0,0,3,0,0,0,0,0,0,0
2018-08-30,BREAD,BLUE STRU,3,6,9,4,1,0,4,0,0,0,0,0,0,0
2018-08-30,BREAD,CHOC CARM,5,3,8,6,0,0,2,0,0,0,0,0,0,0
2018-08-30,BREAD,Apple Crunch,6,2,8,7,0,1,0,0,0,0,0,0,0,0
2018-08-30,ROLLS,Cinnamon,0,228,228,217,1,10,0,0,0,0,0,0,0,0
2018-08-30,ROLLS,Take-N-Bake,0,0,0,0,0,0,0,0,0,0,0,0,0,0
2018-08-30,ROLLS,Mini C-Roll,0,0,0,-24,0,24,0,0,0,0,0,0,0,0
2018-08-30,SCONES,Blueberry,0,42,42,41,0,1,0,0,5,5,5,0,0,0
2018-08-30,SCONES,Rasp Cream,0,0,0,0,0,0,0,0,0,0,0,0,0,0
2018-08-30,SCONES,Cherry,0,0,0,0,0,0,0,0,0,0,0,0,0,0
2018-08-30,SCONES,Butt Almond,0,0,0,0,0,0,0,0,0,0,0,0,0,0
2018-08-30,SCONES,Turtle,0,36,36,32,0,4,0,0,5,5,5,0,0,0
2018-08-30,SCONES,Cin Chip,0,0,0,0,0,0,0,0,0,0,0,0,0,0
2018-08-30,FRUIT BARS,Mixed Berry,0,8,8,8,0,0,0,0,0,0,0,0,0,0
2018-08-30,FRUIT BARS,Cherry,0,12,12,10,1,1,0,0,0,0,0,0,0,0
2018-08-30,FRUIT BARS,Apple Cin,0,12,12,8,1,3,0,0,0,0,0,0,0,0
2018-08-30,FRUIT BARS,MIXED FRUIT,0,8,8,8,0,0,0,0,0,0,0,0,0,0
2018-08-30,MUFFINS,BLUE STRU,0,20,20,14,0,6,0,0,5,5,4,0,0,0
2018-08-30,MUFFINS,CHOC CARM,0,18,18,11,0,7,0,0,5,5,4,0,0,0
2018-08-30,MUFFINS,Apple Crunch,0,20,20,7,0,13,0,0,5,5,5,0,0,0
2018-08-30,MUFFINS,Cookies,0,0,0,0,0,0,0,0,0,0,0,0,0,0
2018-08-30,MUFFINS,Bars,0,0,0,0,0,0,0,0,0,0,0,0,0,0
2018-08-30,MUFFINS,Oatmeal CC,11,48,59,42,16,0,1,0,0,0,-3,0,0,0
2018-08-30,MUFFINS,SALTED CARM,13,36,49,28,16,2,3,0,0,0,0,0,0,0
2018-08-30,MUFFINS,Triple Choc,10,48,58,42,16,0,0,0,0,0,0,0,0,0
2018-08-30,MUFFINS,SNICKEDOODLE,11,42,53,29,15,6,3,0,0,0,-2,0,0,0
2018-08-30,MUFFINS,frosted,6,12,18,9,0,0,9,0,0,0,0,0,0,0
2018-08-30,MUFFINS,Kahuna,13,0,13,13,0,0,0,0,0,0,0,0,0,0
2018-08-30,MUFFINS,Brownies,0,20,20,14,2,0,4,0,0,0,0,0,0,0
2018-08-30,MUFFINS,Totals,64,610,674,509,68,77,20,0,25,25,18,0,0,0
2018-08-31,BREAD,H,22,29,51,36,2,0,13,0,0,0,0,0,0,0
2018-08-31,BREAD,FR,29,37,66,38,22,0,6,0,0,0,0,0,0,0
2018-08-31,BREAD,GW,7,8,15,-1,13,0,3,0,0,0,0,0,0,0
2018-08-31,BREAD,DK,29,19,48,34,0,14,0,0,0,0,0,0,0,0
2018-08-31,BREAD,H5,20,0,20,9,0,0,11,0,0,0,0,0,0,0
2018-08-31,BREAD,CSRWL,11,16,27,23,0,0,4,2,2,4,2,0,0,1
2018-08-31,BREAD,Ap Swrl,3,12,15,10,0,0,5,2,2,4,2,0,0,1
2018-08-31,BREAD,BFB,13,0,13,8,0,5,0,2,0,2,2,0,0,0
2018-08-31,BREAD,CNE,0,22,22,11,0,0,11,0,3,3,2,0,0,1
2018-08-31,BREAD,CNR,0,8,8,6,0,0,2,0,0,0,0,0,0,0
2018-08-31,BREAD,CNW,0,10,10,8,0,0,2,0,0,0,0,0,0,0
2018-08-31,BREAD,CG,0,12,12,6,0,0,6,0,3,3,1,0,0,2
2018-08-31,BREAD,PESTO CG,0,6,6,4,0,0,2,0,0,0,0,0,0,0
2018-08-31,BREAD,VS,5,0,5,0,0,0,5,2,0,2,-3,0,0,4
2018-08-31,BREAD,CH,13,0,13,3,0,10,0,0,0,0,0,0,0,0
2018-08-31,BREAD,SOURDOUGH,0,10,10,6,0,0,4,0,0,0,0,0,0,0
2018-08-31,BREAD,SOUR CC,0,5,5,2,0,0,3,0,0,0,0,0,0,0
2018-08-31,BREAD,SOUR CJ,0,3,3,3,0,0,0,0,0,0,0,0,0,0
2018-08-31,BREAD,SOUR RG,0,5,5,4,0,0,1,0,0,0,0,0,0,0
2018-08-31,BREAD,SOUR BORG,0,5,5,1,0,0,4,0,0,0,0,0,0,0
2018-08-31,BREAD,Car,0,0,0,0,0,0,0,0,0,0,0,0,0,0
2018-08-31,BREAD,IHF,0,0,0,0,0,0,0,0,0,0,0,0,0,0
2018-08-31,BREAD,GW BUNS,0,0,0,-2,0,0,2,0,0,0,0,0,0,0
2018-08-31,BREAD,VS BUNS,3,0,3,3,0,0,0,0,0,0,0,0,0,0
2018-08-31,BREAD,H-RLS,5,0,5,4,0,0,1,0,0,0,0,0,0,0
2018-08-31,BREAD,FR-RLS,3,30,33,2,27,0,4,0,0,0,0,0,0,0
2018-08-31,BREAD,VS-RLS,3,0,3,-2,0,2,3,0,0,0,0,0,0,0
2018-08-31,BREAD,BLUE STRU,4,3,7,7,0,0,0,0,0,0,0,0,0,0
2018-08-31,BREAD,CHOC CARM,2,5,7,7,0,0,0,0,0,0,0,0,0,0
2018-08-31,BREAD,Apple Crunch,0,7,7,2,0,0,5,0,0,0,0,0,0,0
2018-08-31,ROLLS,Cinnamon,0,36,36,36,0,0,0,0,0,0,0,0,0,0
2018-08-31,ROLLS,Take-N-Bake,0,0,0,0,0,0,0,0,0,0,0,0,0,0
2018-08-31,ROLLS,Mini C-Roll,0,0,0,0,0,0,0,0,0,0,0,0,0,0
2018-08-31,SCONES,Blueberry,0,0,0,0,0,0,0,0,0,0,0,0,0,0
2018-08-31,SCONES,Rasp Cream,0,0,0,0,0,0,0,0,0,0,0,0,0,0
2018-08-31,SCONES,Cherry,0,20,20,10,0,10,0,0,2,2,1,0,0,0
2018-08-31,SCONES,Butt Almond,0,17,17,17,0,0,0,0,3,3,3,0,0,0
2018-08-31,SCONES,Turtle,0,0,0,0,0,0,0,0,0,0,0,0,0,0
2018-08-31,SCONES,Cin Chip,0,0,0,0,0,0,0,0,0,0,0,0,0,0
2018-08-31,FRUIT BARS,Mixed Berry,0,8,8,1,0,7,0,0,0,0,0,0,0,0
2018-08-31,FRUIT BARS,Cherry,0,12,12,2,0,10,0,0,0,0,0,0,0,0
2018-08-31,FRUIT BARS,Apple Cin,0,0,0,0,0,0,0,0,0,0,0,0,0,0
2018-08-31,FRUIT BARS,MIXED FRUIT,0,0,0,0,0,0,0,0,0,0,0,0,0,0
2018-08-31,MUFFINS,BLUE STRU,0,8,8,5,0,3,0,0,2,2,1,0,0,0
2018-08-31,MUFFINS,CHOC CARM,0,8,8,5,0,3,0,0,2,2,0,0,0,0
2018-08-31,MUFFINS,Apple Crunch,0,8,8,3,0,5,0,0,2,2,0,0,0,0
2018-08-31,MUFFINS,Cookies,0,0,0,0,0,0,0,0,0,0,0,0,0,0
2018-08-31,MUFFINS,Bars,0,0,0,0,0,0,0,0,0,0,0,0,0,0
2018-08-31,MUFFINS,Oatmeal CC,1,24,25,18,2,0,5,0,38,38,0,0,0,0
2018-08-31,MUFFINS,SALTED CARM,3,12,15,11,2,0,2,0,37,37,0,0,0,0
2018-08-31,MUFFINS,Triple Choc,0,24,24,16,0,0,8,0,37,37,0,0,0,0
2018-08-31,MUFFINS,SNICKEDOODLE,3,24,27,19,2,0,6,0,37,37,0,0,0,0
2018-08-31,MUFFINS,frosted,9,12,21,17,0,4,0,0,0,0,0,0,0,0
2018-08-31,MUFFINS,Kahuna,0,20,20,7,0,0,13,0,0,0,0,0,0,0
2018-08-31,MUFFINS,Brownies,4,20,24,0,0,4,20,0,0,0,0,0,0,0
2018-08-31,MUFFINS,Totals,20,253,273,167,6,46,54,0,160,160,5,0,0,0
