Date,Category,Product,START_OF_DAY_WHOLE,MADE_TODAY_WHOLE,AVAILABLE_TO_SELL_WHOLE,OUT_THE_DOOR_WHOLE,ORDERS_TODAY_WHOLE,REMOVED_AS_DAY_OLD_WHOLE,LEFT_WHOLE,START_OF_DAY_HALF,MADE_TODAY_HALF,AVAILABLE_TO_SELL_HALF,OUT_THE_DOOR_HALF,ORDERS_TODAY_HALF,REMOVED_AS_DAY_OLD_HALF,LEFT_HALF
2019-12-01,BREAD,H,0.0,0.0,0.0,0.0,0,0,0.0,0,0,0,0,0,0,0
2019-12-01,BREAD,FR,0.0,0.0,0.0,0.0,0,0,0.0,0,0,0,0,0,0,0
2019-12-01,BREAD,GW,0.0,0.0,0.0,0.0,0,0,0.0,0,0,0,0,0,0,0
2019-12-01,BREAD,DK,0.0,0.0,0.0,0.0,0,0,0.0,0,0,0,0,0,0,0
2019-12-01,BREAD,H5|Cran,0.0,0.0,0.0,0.0,0,0,0.0,0,0,0,0,0,0,0
2019-12-01,BREAD,CSRWL,0.0,0.0,0.0,0.0,0,0,0.0,0,0,0,0,0,0,0
2019-12-01,BREAD,PUMP PIE SW,0.0,0.0,0.0,0.0,0,0,0.0,0,0,0,0,0,0,0
2019-12-01,BREAD,CB,0.0,0.0,0.0,0.0,0,0,0.0,0,0,0,0,0,0,0
2019-12-01,BREAD,CNE,0.0,0.0,0.0,0.0,0,0,0.0,0,0,0,0,0,0,0
2019-12-01,BREAD,CNR,0.0,0.0,0.0,0.0,0,0,0.0,0,0,0,0,0,0,0
2019-12-01,BREAD,CNW,0.0,0.0,0.0,0.0,0,0,0.0,0,0,0,0,0,0,0
2019-12-01,BREAD,CG,0.0,0.0,0.0,0.0,0,0,0.0,0,0,0,0,0,0,0
2019-12-01,BREAD,Pesto CG,0.0,0.0,0.0,0.0,0,0,0.0,0,0,0,0,0,0,0
2019-12-01,BREAD,CrO,0.0,0.0,0.0,0.0,0,0,0.0,0,0,0,0,0,0,0
2019-12-01,BREAD,VS,0.0,0.0,0.0,0.0,0,0,0.0,0,0,0,0,0,0,0
2019-12-01,BREAD,STUF,0.0,0.0,0.0,0.0,0,0,0.0,0,0,0,0,0,0,0
2019-12-01,BREAD,SOURDOUGH,0.0,0.0,0.0,0.0,0,0,0.0,0,0,0,0,0,0,0
2019-12-01,BREAD,SOUR JC,0.0,0.0,0.0,0.0,0,0,0.0,0,0,0,0,0,0,0
2019-12-01,BREAD,Sour RG,0.0,0.0,0.0,0.0,0,0,0.0,0,0,0,0,0,0,0
2019-12-01,BREAD,WC,0.0,0.0,0.0,0.0,0,0,0.0,0,0,0,0,0,0,0
2019-12-01,BREAD,Car,0.0,0.0,0.0,0.0,0,0,0.0,0,0,0,0,0,0,0
2019-12-01,BREAD,IHF,0.0,0.0,0.0,0.0,0,0,0.0,0,0,0,0,0,0,0
2019-12-01,BREAD,CB PB,0.0,0.0,0.0,0.0,0,0,0.0,0,0,0,0,0,0,0
2019-12-01,BREAD,TURKEYS,0.0,0.0,0.0,0.0,0,0,0.0,0,0,0,0,0,0,0
2019-12-01,BREAD,CrO Rls,0.0,0.0,0.0,0.0,0,0,0.0,0,0,0,0,0,0,0
2019-12-01,BREAD,BUT Rls,0.0,0.0,0.0,0.0,0,0,0.0,0,0,0,0,0,0,0
2019-12-01,BREAD,H-RLS,0.0,0.0,0.0,0.0,0,0,0.0,0,0,0,0,0,0,0
2019-12-01,BREAD,FR-RLS,0.0,0.0,0.0,0.0,0,0,0.0,0,0,0,0,0,0,0
2019-12-01,BREAD,VS-RLS,0.0,0.0,0.0,0.0,0,0,0.0,0,0,0,0,0,0,0
2019-12-01,BREAD,blue,0.0,0.0,0.0,0.0,0,0,0.0,0,0,0,0,0,0,0
2019-12-01,BREAD,Mex Choc,0.0,0.0,0.0,0.0,0,0,0.0,0,0,0,0,0,0,0
2019-12-01,BREAD,Pump CC,0.0,0.0,0.0,0.0,0,0,0.0,0,0,0,0,0,0,0
2019-12-01,ROLLS,Cinnamon,0.0,0.0,0.0,0.0,0,0,0.0,0,0,0,0,0,0,0
2019-12-01,ROLLS,Pump C-R,0.0,0.0,0.0,0.0,0,0,0.0,0,0,0,0,0,0,0
2019-12-01,ROLLS,Take-n-bake,0.0,0.0,0.0,0.0,0,0,0.0,0,0,0,0,0,0,0
2019-12-01,ROLLS,Mini C-Roll,0.0,0.0,0.0,0.0,0,0,0.0,0,0,0,0,0,0,0
2019-12-01,SCONES,Blueberry,0.0,0.0,0.0,0.0,0,0,0.0,0,0,0,0,0,0,0
2019-12-01,SCONES,Rasp Cream,0.0,0.0,0.0,0.0,0,0,0.0,0,0,0,0,0,0,0
2019-12-01,SCONES,Cherry,0.0,0.0,0.0,0.0,0,0,0.0,0,0,0,0,0,0,0
2019-12-01,SCONES,Butt Almond,0.0,0.0,0.0,0.0,0,0,0.0,0,0,0,0,0,0,0
2019-12-01,SCONES,Turtle,0.0,0.0,0.0,0.0,0,0,0.0,0,0,0,0,0,0,0
2019-12-01,SCONES,pb choc,0.0,0.0,0.0,0.0,0,0,0.0,0,0,0,0,0,0,0
2019-12-01,SCONES,Pump Spice,0.0,0.0,0.0,0.0,0,0,0.0,0,0,0,0,0,0,0
2019-12-01,FRUIT BARS,Mixed Berry,0.0,0.0,0.0,0.0,0,0,0.0,0,0,0,0,0,0,0
2019-12-01,FRUIT BARS,Cherry,0.0,0.0,0.0,0.0,0,0,0.0,0,0,0,0,0,0,0
2019-12-01,FRUIT BARS,Apple Cin,0.0,0.0,0.0,0.0,0,0,0.0,0,0,0,0,0,0,0
2019-12-01,FRUIT BARS,MIXED FRUIT,0.0,0.0,0.0,0.0,0,0,0.0,0,0,0,0,0,0,0
2019-12-01,MUFFINS,Blueberry,0.0,0.0,0.0,0.0,0,0,0.0,0,0,0,0,0,0,0
2019-12-01,MUFFINS,Mex Choc,0.0,0.0,0.0,0.0,0,0,0.0,0,0,0,0,0,0,0
2019-12-01,MUFFINS,Pump CC,0.0,0.0,0.0,0.0,0,0,0.0,0,0,0,0,0,0,0
2019-12-01,MUFFINS,Cookies,0.0,0.0,0.0,0.0,0,0,0.0,0,0,0,0,0,0,0
2019-12-01,MUFFINS,Bars,0.0,0.0,0.0,0.0,0,0,0.0,0,0,0,0,0,0,0
2019-12-01,MUFFINS,Pies,,,,,0,0,,0,0,0,0,0,0,0
2019-12-01,MUFFINS,oatmeal choc,0.0,0.0,0.0,0.0,0,0,0.0,0,0,0,0,0,0,0
2019-12-01,MUFFINS,triple choc,0.0,0.0,0.0,0.0,0,0,0.0,0,0,0,0,0,0,0
2019-12-01,MUFFINS,snickerdoodle,0.0,0.0,0.0,0.0,0,0,0.0,0,0,0,0,0,0,0
2019-12-01,MUFFINS,Ginger,0.0,0.0,0.0,0.0,0,0,0.0,0,0,0,0,0,0,0
2019-12-01,MUFFINS,frosted sugar,0.0,0.0,0.0,0.0,0,0,0.0,0,0,0,0,0,0,0
2019-12-01,MUFFINS,Pumpkin Bars,0.0,0.0,0.0,0.0,0,0,0.0,0,0,0,0,0,0,0
2019-12-01,MUFFINS,Pump Pie,0.0,0.0,0.0,0.0,0,0,0.0,0,0,0,0,0,0,0
2019-12-01,MUFFINS,Sugar Pie,0.0,0.0,0.0,0.0,0,0,0.0,0,0,0,0,0,0,0
2019-12-01,MUFFINS,Pecan Pie,0.0,0.0,0.0,0.0,0,0,0.0,0,0,0,0,0,0,0
2019-12-01,MUFFINS,AP,0.0,0.0,0.0,0.0,0,0,0.0,0,0,0,0,0,0,0
2019-12-01,MUFFINS,Cr-Ap Pie,0.0,0.0,0.0,0.0,0,0,0.0,0,0,0,0,0,0,0
2019-12-01,MUFFINS,PUMP OHHH,0.0,0.0,0.0,0.0,0,0,0.0,0,0,0,0,0,0,0
2019-12-01,MUFFINS,Bread Pudding,0.0,0.0,0.0,0.0,0,0,0.0,0,0,0,0,0,0,0
2019-12-01,MUFFINS,Totals,0.0,0.0,0.0,0.0,0,0,0.0,0,0,0,0,0,0,0
2019-12-02,BREAD,H,0.0,43.0,43.0,33.0,0,0,10.0,0,0,0,0,0,0,0
2019-12-02,BREAD,FR,0.0,51.0,51.0,16.0,20,0,15.0,0,0,0,0,0,0,0
2019-12-02,BREAD,GW,0.0,7.0,7.0,3.0,0,0,4.0,0,0,0,0,0,0,0
2019-12-02,BREAD,DK,0.0,21.0,21.0,10.0,0,0,11.0,0,0,0,0,0,0,0
2019-12-02,BREAD,H5|Cran,0.0,0.0,0.0,0.0,0,0,0.0,0,0,0,0,0,0,0
2019-12-02,BREAD,CSRWL,0.0,17.0,17.0,7.0,0,0,10.0,0,3,3,3,0,0,0
2019-12-02,BREAD,Map pec SW,0.0,12.0,12.0,5.0,0,0,7.0,0,2,2,2,0,0,0
2019-12-02,BREAD,CB,0.0,0.0,0.0,0.0,0,0,0.0,0,0,0,0,0,0,0
2019-12-02,BREAD,CNE,0.0,20.0,20.0,1.0,12,0,7.0,0,1,1,0,0,0,1
2019-12-02,BREAD,CNR,0.0,9.0,9.0,7.0,0,0,2.0,0,0,0,0,0,0,0
2019-12-02,BREAD,CNW,0.0,3.0,3.0,3.0,0,0,0.0,0,0,0,0,0,0,0
2019-12-02,BREAD,CG,0.0,5.0,5.0,1.0,1,0,3.0,0,2,2,1,0,0,1
2019-12-02,BREAD,Pesto CG,0.0,3.0,3.0,1.0,0,0,2.0,0,0,0,0,0,0,0
2019-12-02,BREAD,CrO,0.0,0.0,0.0,0.0,0,0,0.0,0,0,0,0,0,0,0
2019-12-02,BREAD,VS,0.0,0.0,0.0,0.0,0,0,0.0,0,0,0,0,0,0,0
2019-12-02,BREAD,TS,0.0,9.0,9.0,8.0,0,0,1.0,0,2,2,2,0,0,0
2019-12-02,BREAD,Angel Am,0.0,3.0,3.0,0.0,0,0,3.0,0,0,0,0,0,0,0
2019-12-02,BREAD,SOURDOUGH,0.0,20.0,20.0,0.0,15,0,5.0,0,0,0,0,0,0,0
2019-12-02,BREAD,Sour RG,0.0,5.0,5.0,3.0,1,0,1.0,0,0,0,0,0,0,0
2019-12-02,BREAD,SOUR Cheese,0.0,3.0,3.0,3.0,0,0,0.0,0,0,0,0,0,0,0
2019-12-02,BREAD,Car,0.0,0.0,0.0,0.0,0,0,0.0,0,0,0,0,0,0,0
2019-12-02,BREAD,IHF,0.0,0.0,0.0,0.0,0,0,0.0,0,0,0,0,0,0,0
2019-12-02,BREAD,CrO Rls,0.0,0.0,0.0,0.0,0,0,0.0,0,0,0,0,0,0,0
2019-12-02,BREAD,BUT Rls,0.0,0.0,0.0,0.0,0,0,0.0,0,0,0,0,0,0,0
2019-12-02,BREAD,H-RLS,0.0,3.0,3.0,0.0,0,0,3.0,0,0,0,0,0,0,0
2019-12-02,BREAD,FR-RLS,0.0,4.0,4.0,1.0,0,0,3.0,0,0,0,0,0,0,0
2019-12-02,BREAD,VS-RLS,0.0,0.0,0.0,0.0,0,0,0.0,0,0,0,0,0,0,0
2019-12-02,BREAD,Blue Stru,0.0,4.0,4.0,0.0,0,0,4.0,0,0,0,0,0,0,0
2019-12-02,BREAD,Mex Choc,0.0,4.0,4.0,0.0,0,0,4.0,0,0,0,0,0,0,0
2019-12-02,BREAD,Pump CC,0.0,6.0,6.0,5.0,0,0,1.0,0,0,0,0,0,0,0
2019-12-02,BREAD,GINGEr,0.0,4.0,4.0,1.0,0,0,3.0,0,0,0,0,0,0,0
2019-12-02,ROLLS,Cinnamon,0.0,72.0,72.0,24.0,48,0,0.0,0,0,0,0,0,0,0
2019-12-02,ROLLS,Pecan C-R,0.0,12.0,12.0,6.0,0,6,0.0,0,0,0,0,0,0,0
2019-12-02,ROLLS,Take-n-bake,0.0,0.0,0.0,0.0,0,0,0.0,0,0,0,0,0,0,0
2019-12-02,ROLLS,Mini C-Roll,0.0,48.0,48.0,0.0,48,0,0.0,0,0,0,0,0,0,0
2019-12-02,SCONES,Blueberry,0.0,0.0,0.0,0.0,0,0,0.0,0,0,0,0,0,0,0
2019-12-02,SCONES,Rasp Cream,0.0,13.0,13.0,13.0,0,0,0.0,0,0,0,0,0,0,0
2019-12-02,SCONES,Cherry,0.0,0.0,0.0,0.0,0,0,0.0,0,0,0,0,0,0,0
2019-12-02,SCONES,Butt Almond,0.0,0.0,0.0,0.0,0,0,0.0,0,0,0,0,0,0,0
2019-12-02,SCONES,Turtle,0.0,0.0,0.0,0.0,0,0,0.0,0,0,0,0,0,0,0
2019-12-02,SCONES,CIN CHIP,0.0,11.0,11.0,11.0,0,0,0.0,0,0,0,0,0,0,0
2019-12-02,SCONES,CrO,0.0,0.0,0.0,0.0,0,0,0.0,0,0,0,0,0,0,0
2019-12-02,FRUIT BARS,Mixed Berry,0.0,8.0,8.0,3.0,0,5,0.0,0,0,0,0,0,0,0
2019-12-02,FRUIT BARS,Cherry,0.0,12.0,12.0,4.0,0,8,0.0,0,0,0,0,0,0,0
2019-12-02,FRUIT BARS,Apple Cin,0.0,0.0,0.0,0.0,0,0,0.0,0,0,0,0,0,0,0
2019-12-02,FRUIT BARS,Cran White,0.0,0.0,0.0,0.0,0,0,0.0,0,0,0,0,0,0,0
2019-12-02,MUFFINS,Blue Stru,0.0,4.0,4.0,2.0,0,2,0.0,0,0,0,0,0,0,0
2019-12-02,MUFFINS,Mex Choc,0.0,4.0,4.0,2.0,0,2,0.0,0,0,0,0,0,0,0
2019-12-02,MUFFINS,Ginger,0.0,5.0,5.0,1.0,0,4,0.0,0,0,0,0,0,0,0
2019-12-02,MUFFINS,Pump CC,0.0,6.0,6.0,5.0,0,1,0.0,0,0,0,0,0,0,0
2019-12-02,MUFFINS,Cookies,0.0,0.0,0.0,0.0,0,0,0.0,0,0,0,0,0,0,0
2019-12-02,MUFFINS,Bars,0.0,0.0,0.0,0.0,0,0,0.0,0,0,0,0,0,0,0
2019-12-02,MUFFINS,Pies,,,,,0,0,,0,0,0,0,0,0,0
2019-12-02,MUFFINS,OCC,0.0,30.0,30.0,11.0,12,0,7.0,0,0,0,0,0,0,0
2019-12-02,MUFFINS,triple choc,0.0,30.0,30.0,8.0,11,0,11.0,0,0,0,0,0,0,0
2019-12-02,MUFFINS,st nicker,0.0,30.0,30.0,10.0,12,0,8.0,0,0,0,0,0,0,0
2019-12-02,MUFFINS,Ginger,0.0,18.0,18.0,7.0,0,0,11.0,0,0,0,0,0,0,0
2019-12-02,MUFFINS,frosted sugar,0.0,18.0,18.0,9.0,0,0,9.0,0,0,0,0,0,0,0
2019-12-02,MUFFINS,Pumpkin Bars,0.0,6.0,6.0,1.0,0,0,5.0,0,0,0,0,0,0,0
2019-12-02,MUFFINS,w cran ch,0.0,0.0,0.0,-2.0,0,0,2.0,0,0,0,0,0,0,0
2019-12-02,MUFFINS,AP,0.0,0.0,0.0,0.0,0,0,0.0,0,0,0,0,0,0,0
2019-12-02,MUFFINS,Cr-Ap Pie,0.0,0.0,0.0,0.0,0,0,0.0,0,0,0,0,0,0,0
2019-12-02,MUFFINS,PUMP OHHH,0.0,0.0,0.0,0.0,0,0,0.0,0,0,0,0,0,0,0
2019-12-02,MUFFINS,Bread Pudding,0.0,0.0,0.0,0.0,0,0,0.0,0,0,0,0,0,0,0
2019-12-02,MUFFINS,Totals,0.0,327.0,327.0,115.0,131,28,53.0,0,0,0,0,0,0,0
2019-12-03,BREAD,H,10.0,32.0,42.0,11.0,4,0,27.0,0,0,0,0,0,0,0
2019-12-03,BREAD,FR,15.0,12.0,27.0,17.0,0,0,10.0,0,0,0,0,0,0,0
2019-12-03,BREAD,GW,4.0,9.0,13.0,5.0,0,0,8.0,0,0,0,0,0,0,0
2019-12-03,BREAD,DK,11.0,0.0,11.0,11.0,0,0,0.0,0,0,0,0,0,0,0
2019-12-03,BREAD,H5|Cran,0.0,12.0,12.0,12.0,0,0,0.0,0,7,7,7,0,0,0
2019-12-03,BREAD,CSRWL,10.0,25.0,35.0,6.0,19,4,6.0,0,3,3,-2,0,0,5
2019-12-03,BREAD,MAP PEC,7.0,4.0,11.0,8.0,0,0,3.0,0,2,2,1,0,0,1
2019-12-03,BREAD,CB,0.0,13.0,13.0,4.0,0,0,9.0,0,6,6,0,0,0,6
2019-12-03,BREAD,CnE,7.0,0.0,7.0,7.0,0,0,0.0,1,0,1,1,0,0,0
2019-12-03,BREAD,CnR,2.0,0.0,2.0,0.0,0,2,0.0,0,0,0,0,0,0,0
2019-12-03,BREAD,CnW,0.0,0.0,0.0,0.0,0,0,0.0,0,0,0,0,0,0,0
2019-12-03,BREAD,CG,3.0,0.0,3.0,3.0,0,0,0.0,1,0,1,1,0,0,0
2019-12-03,BREAD,Pesto CG,2.0,0.0,2.0,2.0,0,0,0.0,0,0,0,0,0,0,0
2019-12-03,BREAD,CrO,0.0,8.0,8.0,6.0,0,0,2.0,0,3,3,1,0,0,2
2019-12-03,BREAD,VS,0.0,8.0,8.0,3.0,0,0,5.0,0,3,3,1,0,0,2
2019-12-03,BREAD,TS,1.0,0.0,1.0,1.0,0,0,0.0,0,0,0,0,0,0,0
2019-12-03,BREAD,Angels,3.0,0.0,3.0,0.0,0,3,0.0,0,0,0,0,0,0,0
2019-12-03,BREAD,Sour,5.0,0.0,5.0,2.0,0,3,0.0,0,0,0,0,0,0,0
2019-12-03,BREAD,Sour RG,1.0,0.0,1.0,1.0,0,0,0.0,0,0,0,0,0,0,0
2019-12-03,BREAD,SourCheese,0.0,0.0,0.0,0.0,0,0,0.0,0,0,0,0,0,0,0
2019-12-03,BREAD,CAR,0.0,18.0,18.0,1.0,0,0,17.0,0,0,0,0,0,0,0
2019-12-03,BREAD,IHF,0.0,0.0,0.0,0.0,0,0,0.0,0,0,0,0,0,0,0
2019-12-03,BREAD,CrO Rls,0.0,0.0,0.0,0.0,0,0,0.0,0,0,0,0,0,0,0
2019-12-03,BREAD,BUT Rls,0.0,0.0,0.0,0.0,0,0,0.0,0,0,0,0,0,0,0
2019-12-03,BREAD,H-RLS,3.0,0.0,3.0,0.0,0,3,0.0,0,0,0,0,0,0,0
2019-12-03,BREAD,FR-RLS,3.0,0.0,3.0,0.0,0,3,0.0,0,0,0,0,0,0,0
2019-12-03,BREAD,VS-RLS,0.0,4.0,4.0,4.0,0,0,0.0,0,0,0,0,0,0,0
2019-12-03,BREAD,Blue Stru,4.0,0.0,4.0,2.0,0,2,0.0,0,0,0,0,0,0,0
2019-12-03,BREAD,Mex Choc,4.0,2.0,6.0,2.0,0,4,0.0,0,0,0,0,0,0,0
2019-12-03,BREAD,Pump CC,1.0,13.0,14.0,4.0,6,0,4.0,0,0,0,0,0,0,0
2019-12-03,BREAD,ginger,3.0,0.0,3.0,0.0,0,3,0.0,0,0,0,0,0,0,0
2019-12-03,ROLLS,Cinnamon,0.0,24.0,24.0,24.0,0,0,0.0,0,0,0,0,0,0,0
2019-12-03,ROLLS,Pecan C-R,0.0,12.0,12.0,4.0,0,8,0.0,0,0,0,0,0,0,0
2019-12-03,ROLLS,Take-n-bake,0.0,0.0,0.0,0.0,0,0,0.0,0,0,0,0,0,0,0
2019-12-03,ROLLS,Mini C-Roll,0.0,0.0,0.0,0.0,0,0,0.0,0,0,0,0,0,0,0
2019-12-03,SCONES,Blueberry,0.0,12.0,12.0,7.0,0,5,0.0,0,0,0,0,0,0,0
2019-12-03,SCONES,Rasp Cream,0.0,0.0,0.0,0.0,0,0,0.0,0,0,0,0,0,0,0
2019-12-03,SCONES,Cherry,0.0,0.0,0.0,0.0,0,0,0.0,0,0,0,0,0,0,0
2019-12-03,SCONES,Butt Almond,0.0,0.0,0.0,0.0,0,0,0.0,0,0,0,0,0,0,0
2019-12-03,SCONES,Turtle,0.0,0.0,0.0,0.0,0,0,0.0,0,0,0,0,0,0,0
2019-12-03,SCONES,CIN CHIP,0.0,11.0,11.0,7.0,0,4,0.0,0,0,0,0,0,0,0
2019-12-03,SCONES,CrO,0.0,8.0,8.0,8.0,0,0,0.0,0,0,0,0,0,0,0
2019-12-03,SCONES,CrO W.Choc,0.0,8.0,8.0,8.0,0,0,0.0,0,0,0,0,0,0,0
2019-12-03,FRUIT BARS,Mixed Berry,0.0,0.0,0.0,0.0,0,0,0.0,0,0,0,0,0,0,0
2019-12-03,FRUIT BARS,Cherry,0.0,0.0,0.0,0.0,0,0,0.0,0,0,0,0,0,0,0
2019-12-03,FRUIT BARS,Apple Cin,0.0,12.0,12.0,6.0,2,4,0.0,0,0,0,0,0,0,0
2019-12-03,FRUIT BARS,Cran White,0.0,8.0,8.0,3.0,2,3,0.0,0,0,0,0,0,0,0
2019-12-03,MUFFINS,Blue Stru,0.0,6.0,6.0,5.0,0,1,0.0,0,0,0,0,0,0,0
2019-12-03,MUFFINS,Mex Choc,0.0,8.0,8.0,1.0,0,7,0.0,0,0,0,0,0,0,0
2019-12-03,MUFFINS,Pump CC,0.0,10.0,10.0,9.0,0,1,0.0,0,0,0,0,0,0,0
2019-12-03,MUFFINS,Cookies,0.0,0.0,0.0,0.0,0,0,0.0,0,0,0,0,0,0,0
2019-12-03,MUFFINS,Bars,0.0,0.0,0.0,0.0,0,0,0.0,0,0,0,0,0,0,0
2019-12-03,MUFFINS,Pies,,,,,0,0,,0,0,0,0,0,0,0
2019-12-03,MUFFINS,White Choc Cran,0.0,32.0,32.0,14.0,16,0,2.0,0,0,0,0,0,0,0
2019-12-03,MUFFINS,triple choc,11.0,32.0,43.0,15.0,16,1,11.0,0,0,0,0,0,0,0
2019-12-03,MUFFINS,st nicker,8.0,78.0,86.0,21.0,59,0,6.0,0,70,70,70,0,0,0
2019-12-03,MUFFINS,Ginger,11.0,54.0,65.0,10.0,48,1,6.0,0,0,0,0,0,0,0
2019-12-03,MUFFINS,frosted sugar,9.0,9.0,18.0,6.0,0,2,10.0,0,0,0,0,0,0,0
2019-12-03,MUFFINS,Pumpkin Bars,5.0,3.0,8.0,5.0,0,0,3.0,0,0,0,0,0,0,0
2019-12-03,MUFFINS,oat choc,0.0,0.0,0.0,-12.0,0,1,11.0,0,0,0,0,0,0,0
2019-12-03,MUFFINS,AP,0.0,0.0,0.0,0.0,0,0,0.0,0,0,0,0,0,0,0
2019-12-03,MUFFINS,Cr-Ap Pie,0.0,0.0,0.0,0.0,0,0,0.0,0,0,0,0,0,0,0
2019-12-03,MUFFINS,PUMP OHHH,0.0,0.0,0.0,0.0,0,0,0.0,0,0,0,0,0,0,0
2019-12-03,MUFFINS,Bread Pudding,0.0,0.0,0.0,0.0,0,0,0.0,0,0,0,0,0,0,0
2019-12-03,MUFFINS,Totals,46.0,327.0,373.0,143.0,143,38,49.0,0,70,70,70,0,0,0
2019-12-04,BREAD,H,27.0,24.0,51.0,19.0,11,0,21.0,0,0,0,0,0,0,0
2019-12-04,BREAD,FR,10.0,12.0,22.0,19.0,0,0,3.0,0,0,0,0,0,0,0
2019-12-04,BREAD,GW,8.0,5.0,13.0,5.0,0,4,4.0,0,0,0,0,0,0,0
2019-12-04,BREAD,DK,0.0,22.0,22.0,11.0,0,0,11.0,0,0,0,0,0,0,0
2019-12-04,BREAD,H5|Cran,0.0,0.0,0.0,0.0,0,0,0.0,0,0,0,0,0,0,0
2019-12-04,BREAD,CSRWL,6.0,12.0,18.0,12.0,1,0,5.0,5,0,5,5,0,0,0
2019-12-04,BREAD,MAP PEC,3.0,14.0,17.0,13.0,0,0,4.0,1,4,5,0,0,0,4
2019-12-04,BREAD,CB,9.0,0.0,9.0,4.0,0,5,0.0,6,0,6,1,0,0,0
2019-12-04,BREAD,CnE,0.0,13.0,13.0,5.0,0,0,8.0,0,3,3,1,0,0,2
2019-12-04,BREAD,CnR,0.0,4.0,4.0,2.0,0,0,2.0,0,0,0,0,0,0,0
2019-12-04,BREAD,CnW,0.0,4.0,4.0,4.0,0,0,0.0,0,0,0,0,0,0,0
2019-12-04,BREAD,CG,0.0,7.0,7.0,2.0,0,0,5.0,0,2,2,1,0,0,1
2019-12-04,BREAD,Pesto CG,0.0,3.0,3.0,1.0,0,0,2.0,0,0,0,0,0,0,0
2019-12-04,BREAD,CrO,2.0,0.0,2.0,2.0,0,0,0.0,2,0,2,2,0,0,0
2019-12-04,BREAD,VS,5.0,0.0,5.0,5.0,0,0,0.0,2,0,2,2,0,0,0
2019-12-04,BREAD,TS,0.0,12.0,12.0,5.0,0,0,7.0,0,2,2,2,0,0,0
2019-12-04,BREAD,Angels,0.0,0.0,0.0,0.0,0,0,0.0,0,0,0,0,0,0,0
2019-12-04,BREAD,Sour,0.0,10.0,10.0,3.0,0,0,7.0,0,0,0,0,0,0,0
2019-12-04,BREAD,Sour RG,0.0,4.0,4.0,3.0,0,0,1.0,0,0,0,0,0,0,0
2019-12-04,BREAD,SourCheese,0.0,4.0,4.0,1.0,0,0,3.0,0,0,0,0,0,0,0
2019-12-04,BREAD,CAR,17.0,0.0,17.0,17.0,0,0,0.0,0,0,0,0,0,0,0
2019-12-04,BREAD,IHF,0.0,18.0,18.0,3.0,0,0,15.0,0,0,0,0,0,0,0
2019-12-04,BREAD,CrO Rls,0.0,0.0,0.0,0.0,0,0,0.0,0,0,0,0,0,0,0
2019-12-04,BREAD,BUT Rls,0.0,0.0,0.0,0.0,0,0,0.0,0,0,0,0,0,0,0
2019-12-04,BREAD,H-RLS,0.0,6.0,6.0,3.0,0,0,3.0,0,0,0,0,0,0,0
2019-12-04,BREAD,FR-RLS,0.0,5.0,5.0,3.0,0,0,2.0,0,0,0,0,0,0,0
2019-12-04,BREAD,VS-RLS,0.0,0.0,0.0,0.0,0,0,0.0,0,0,0,0,0,0,0
2019-12-04,BREAD,Blue Stru,0.0,6.0,6.0,5.0,0,0,1.0,0,0,0,0,0,0,0
2019-12-04,BREAD,Mex Choc,0.0,6.0,6.0,0.0,0,0,6.0,0,0,0,0,0,0,0
2019-12-04,BREAD,Pump CC,4.0,9.0,13.0,7.0,1,0,5.0,0,0,0,0,0,0,0
2019-12-04,ROLLS,Cinnamon,0.0,36.0,36.0,36.0,0,0,0.0,0,0,0,0,0,0,0
2019-12-04,ROLLS,Pecan C-R,0.0,12.0,12.0,11.0,0,1,0.0,0,0,0,0,0,0,0
2019-12-04,ROLLS,Take-n-bake,0.0,0.0,0.0,0.0,0,0,0.0,0,0,0,0,0,0,0
2019-12-04,ROLLS,Mini C-Roll,0.0,0.0,0.0,0.0,0,0,0.0,0,0,0,0,0,0,0
2019-12-04,SCONES,Blueberry,0.0,0.0,0.0,0.0,0,0,0.0,0,0,0,0,0,0,0
2019-12-04,SCONES,Rasp Cream,0.0,16.0,16.0,9.0,4,3,0.0,0,2,2,0,0,0,0
2019-12-04,SCONES,Cherry,0.0,0.0,0.0,0.0,0,0,0.0,0,0,0,0,0,0,0
2019-12-04,SCONES,Butt Almond,0.0,0.0,0.0,0.0,0,0,0.0,0,0,0,0,0,0,0
2019-12-04,SCONES,Turtle,0.0,13.0,13.0,11.0,0,2,0.0,0,2,2,0,0,0,0
2019-12-04,SCONES,CIN CHIP,0.0,0.0,0.0,0.0,0,0,0.0,0,0,0,0,0,0,0
2019-12-04,SCONES,CrO,0.0,8.0,8.0,3.0,0,5,0.0,0,2,2,0,0,0,0
2019-12-04,SCONES,CrO W.Choc,0.0,12.0,12.0,12.0,0,0,0.0,0,2,2,0,0,0,0
2019-12-04,FRUIT BARS,Mixed Berry,0.0,8.0,8.0,6.0,1,1,0.0,0,0,0,0,0,0,0
2019-12-04,FRUIT BARS,Cherry,0.0,12.0,12.0,8.0,2,2,0.0,0,0,0,0,0,0,0
2019-12-04,FRUIT BARS,Apple Cin,0.0,0.0,0.0,0.0,0,0,0.0,0,0,0,0,0,0,0
2019-12-04,FRUIT BARS,Cran White,0.0,0.0,0.0,0.0,0,0,0.0,0,0,0,0,0,0,0
2019-12-04,MUFFINS,Blue Stru,0.0,6.0,6.0,3.0,0,3,0.0,0,3,3,0,0,0,0
2019-12-04,MUFFINS,Mex Choc,0.0,8.0,8.0,3.0,0,5,0.0,0,3,3,0,0,0,0
2019-12-04,MUFFINS,Pump CC,0.0,10.0,10.0,4.0,0,6,0.0,0,0,0,0,0,0,0
2019-12-04,MUFFINS,Cookies,0.0,0.0,0.0,0.0,0,0,0.0,0,0,0,0,0,0,0
2019-12-04,MUFFINS,Bars,0.0,0.0,0.0,0.0,0,0,0.0,0,0,0,0,0,0,0
2019-12-04,MUFFINS,Pies,,,,,0,0,,0,0,0,0,0,0,0
2019-12-04,MUFFINS,White Choc Cran,0.0,24.0,24.0,1.0,0,0,23.0,0,0,0,0,0,0,0
2019-12-04,MUFFINS,triple choc,11.0,12.0,23.0,18.0,0,0,5.0,0,0,0,0,0,0,0
2019-12-04,MUFFINS,st nicker,6.0,18.0,24.0,22.0,0,0,2.0,0,0,0,0,0,0,0
2019-12-04,MUFFINS,Ginger,6.0,18.0,24.0,9.0,0,0,15.0,0,0,0,0,0,0,0
2019-12-04,MUFFINS,frosted sugar,10.0,12.0,22.0,10.0,0,1,11.0,0,0,0,0,0,0,0
2019-12-04,MUFFINS,Pumpkin Bars,3.0,7.0,10.0,3.0,0,1,6.0,0,0,0,0,0,0,0
2019-12-04,MUFFINS,Oat choc,0.0,0.0,0.0,-4.0,0,0,4.0,0,0,0,0,0,0,0
2019-12-04,MUFFINS,AP,0.0,0.0,0.0,0.0,0,0,0.0,0,0,0,0,0,0,0
2019-12-04,MUFFINS,Cr-Ap Pie,0.0,0.0,0.0,0.0,0,0,0.0,0,0,0,0,0,0,0
2019-12-04,MUFFINS,PUMP OHHH,0.0,0.0,0.0,0.0,0,0,0.0,0,0,0,0,0,0,0
2019-12-04,MUFFINS,Bread Pudding,0.0,0.0,0.0,0.0,0,0,0.0,0,0,0,0,0,0,0
2019-12-04,MUFFINS,Totals,47.0,232.0,279.0,176.0,7,30,66.0,0,14,14,0,0,0,0
2019-12-05,BREAD,H,21.0,41.0,62.0,12.0,15,4,31.0,0,0,0,0,0,0,0
2019-12-05,BREAD,FR,3.0,67.0,70.0,2.0,45,0,23.0,0,0,0,0,0,0,0
2019-12-05,BREAD,GW,4.0,7.0,11.0,6.0,0,0,5.0,0,0,0,0,0,0,0
2019-12-05,BREAD,DK,11.0,0.0,11.0,10.0,0,0,1.0,0,0,0,0,0,0,0
2019-12-05,BREAD,H5|Cran,0.0,12.0,12.0,1.0,0,0,11.0,0,6,6,3,0,0,3
2019-12-05,BREAD,CSRWL,5.0,16.0,21.0,17.0,2,0,2.0,0,6,6,0,0,0,6
2019-12-05,BREAD,MAP PEC,4.0,12.0,16.0,6.0,0,0,10.0,4,0,4,1,0,0,0
2019-12-05,BREAD,CB,0.0,14.0,14.0,8.0,0,0,6.0,0,3,3,3,0,0,0
2019-12-05,BREAD,CnE,8.0,0.0,8.0,4.0,0,3,1.0,2,0,2,1,0,0,1
2019-12-05,BREAD,CnR,2.0,0.0,2.0,2.0,0,0,0.0,0,0,0,0,0,0,0
2019-12-05,BREAD,CnW,0.0,0.0,0.0,0.0,0,0,0.0,0,0,0,0,0,0,0
2019-12-05,BREAD,CG,5.0,0.0,5.0,4.0,0,1,0.0,0,0,0,0,0,0,0
2019-12-05,BREAD,Pesto CG,2.0,0.0,2.0,2.0,0,0,0.0,0,0,0,0,0,0,0
2019-12-05,BREAD,CrO,0.0,16.0,16.0,15.0,0,0,1.0,0,4,4,3,0,0,1
2019-12-05,BREAD,VS,0.0,14.0,14.0,3.0,3,0,8.0,0,2,2,0,0,0,2
2019-12-05,BREAD,TS,7.0,0.0,7.0,5.0,0,2,0.0,0,0,0,0,0,0,0
2019-12-05,BREAD,Angels,0.0,0.0,0.0,0.0,0,0,0.0,0,0,0,0,0,0,0
2019-12-05,BREAD,Sour,0.0,0.0,0.0,0.0,0,0,0.0,0,0,0,0,0,0,0
2019-12-05,BREAD,Sour RG,7.0,0.0,7.0,3.0,0,4,0.0,0,0,0,0,0,0,0
2019-12-05,BREAD,SourCheese,1.0,0.0,1.0,-1.0,0,2,0.0,0,0,0,0,0,0,0
2019-12-05,BREAD,rg sour,3.0,0.0,3.0,2.0,0,1,0.0,0,0,0,0,0,0,0
2019-12-05,BREAD,IHF,0.0,0.0,0.0,0.0,0,0,0.0,0,0,0,0,0,0,0
2019-12-05,BREAD,CrO Rls,0.0,0.0,0.0,0.0,0,0,0.0,0,0,0,0,0,0,0
2019-12-05,BREAD,BUT Rls,0.0,0.0,0.0,-55.0,45,0,10.0,0,0,0,0,0,0,0
2019-12-05,BREAD,H-RLS,3.0,0.0,3.0,2.0,0,1,0.0,0,0,0,0,0,0,0
2019-12-05,BREAD,FR-RLS,2.0,0.0,2.0,2.0,0,0,0.0,0,0,0,0,0,0,0
2019-12-05,BREAD,VS-RLS,0.0,3.0,3.0,2.0,0,0,1.0,0,0,0,0,0,0,0
2019-12-05,BREAD,Blue Stru,1.0,7.0,8.0,1.0,2,0,5.0,0,0,0,0,0,0,0
2019-12-05,BREAD,Mex Choc,6.0,2.0,8.0,2.0,0,4,2.0,0,0,0,0,0,0,0
2019-12-05,BREAD,Pump CC,5.0,7.0,12.0,3.0,0,2,7.0,0,0,0,0,0,0,0
2019-12-05,ROLLS,Cinnamon,0.0,216.0,216.0,30.0,186,0,0.0,0,0,0,0,0,0,0
2019-12-05,ROLLS,Pecan C-R,0.0,12.0,12.0,12.0,0,0,0.0,0,0,0,0,0,0,0
2019-12-05,ROLLS,Take-n-bake,0.0,0.0,0.0,0.0,0,0,0.0,0,0,0,0,0,0,0
2019-12-05,ROLLS,Mini C-Roll,0.0,120.0,120.0,0.0,120,0,0.0,0,0,0,0,0,0,0
2019-12-05,SCONES,Blueberry,0.0,11.0,11.0,8.0,0,3,0.0,0,0,0,0,0,0,0
2019-12-05,SCONES,Rasp Cream,0.0,0.0,0.0,0.0,0,0,0.0,0,0,0,0,0,0,0
2019-12-05,SCONES,Cherry,0.0,0.0,0.0,0.0,0,0,0.0,0,0,0,0,0,0,0
2019-12-05,SCONES,Butt Almond,0.0,0.0,0.0,0.0,0,0,0.0,0,0,0,0,0,0,0
2019-12-05,SCONES,Turtle,0.0,11.0,11.0,3.0,0,8,0.0,0,0,0,0,0,0,0
2019-12-05,SCONES,CIN CHIP,0.0,0.0,0.0,0.0,0,0,0.0,0,0,0,0,0,0,0
2019-12-05,SCONES,CrO,0.0,8.0,8.0,6.0,0,2,0.0,0,0,0,0,0,0,0
2019-12-05,SCONES,CrO W.Choc,0.0,8.0,8.0,4.0,0,4,0.0,0,0,0,0,0,0,0
2019-12-05,FRUIT BARS,Mixed Berry,0.0,0.0,0.0,0.0,0,0,0.0,0,0,0,0,0,0,0
2019-12-05,FRUIT BARS,Cherry,0.0,0.0,0.0,0.0,0,0,0.0,0,0,0,0,0,0,0
2019-12-05,FRUIT BARS,Apple Cin,0.0,12.0,12.0,12.0,0,0,0.0,0,0,0,0,0,0,0
2019-12-05,FRUIT BARS,Cran White,0.0,8.0,8.0,3.0,0,5,0.0,0,0,0,0,0,0,0
2019-12-05,MUFFINS,Blue Stru,0.0,6.0,6.0,3.0,0,3,0.0,0,0,0,0,0,0,0
2019-12-05,MUFFINS,Mex Choc,0.0,8.0,8.0,2.0,0,6,0.0,0,0,0,0,0,0,0
2019-12-05,MUFFINS,Pump CC,0.0,10.0,10.0,7.0,0,3,0.0,0,0,0,0,0,0,0
2019-12-05,MUFFINS,Cookies,0.0,0.0,0.0,0.0,0,0,0.0,0,0,0,0,0,0,0
2019-12-05,MUFFINS,Bars,0.0,0.0,0.0,0.0,0,0,0.0,0,0,0,0,0,0,0
2019-12-05,MUFFINS,Pies,,,,,0,0,,0,0,0,0,0,0,0
2019-12-05,MUFFINS,White Choc Cran,23.0,12.0,35.0,4.0,10,20,1.0,0,24,24,0,0,0,0
2019-12-05,MUFFINS,triple choc,5.0,48.0,53.0,13.0,33,1,6.0,0,24,24,0,0,0,0
2019-12-05,MUFFINS,st nicker,2.0,30.0,32.0,16.0,10,0,6.0,0,24,24,0,0,0,0
2019-12-05,MUFFINS,Ginger,15.0,0.0,15.0,4.0,0,11,0.0,0,24,24,0,0,0,0
2019-12-05,MUFFINS,frosted sugar,11.0,18.0,29.0,11.0,0,5,13.0,0,0,0,0,0,0,0
2019-12-05,MUFFINS,Pumpkin Bars,6.0,4.0,10.0,8.0,0,2,0.0,0,0,0,0,0,0,0
2019-12-05,MUFFINS,AP,0.0,0.0,0.0,0.0,0,0,0.0,0,0,0,0,0,0,0
2019-12-05,MUFFINS,Cr-Ap Pie,0.0,0.0,0.0,0.0,0,0,0.0,0,0,0,0,0,0,0
2019-12-05,MUFFINS,PUMP OHHH,0.0,0.0,0.0,0.0,0,0,0.0,0,0,0,0,0,0,0
2019-12-05,MUFFINS,Bread Pudding,0.0,0.0,0.0,0.0,0,0,0.0,0,0,0,0,0,0,0
2019-12-05,MUFFINS,Totals,66.0,542.0,608.0,150.0,359,73,26.0,0,96,96,0,0,0,0
2019-12-06,BREAD,H,31.0,23.0,54.0,19.0,0,0,35.0,0,0,0,0,0,0,0
2019-12-06,BREAD,FR,23.0,26.0,49.0,20.0,1,0,28.0,0,0,0,0,0,0,0
2019-12-06,BREAD,GW,5.0,10.0,15.0,2.0,0,5,8.0,0,0,0,0,0,0,0
2019-12-06,BREAD,DK,1.0,21.0,22.0,11.0,1,0,10.0,0,0,0,0,0,0,0
2019-12-06,BREAD,H5|Cran,11.0,0.0,11.0,6.0,0,0,5.0,3,0,3,0,0,0,3
2019-12-06,BREAD,CSRWL,2.0,20.0,22.0,13.0,0,0,9.0,6,0,6,5,0,0,0
2019-12-06,BREAD,MAP PEC,10.0,8.0,18.0,8.0,0,4,6.0,0,3,3,3,0,0,0
2019-12-06,BREAD,CB,6.0,0.0,6.0,4.0,0,2,0.0,0,0,0,0,0,0,0
2019-12-06,BREAD,CnE,1.0,22.0,23.0,6.0,0,0,17.0,1,2,3,2,0,0,1
2019-12-06,BREAD,CnR,0.0,4.0,4.0,2.0,0,0,2.0,0,0,0,0,0,0,0
2019-12-06,BREAD,CnW,0.0,7.0,7.0,1.0,3,0,3.0,0,0,0,0,0,0,0
2019-12-06,BREAD,CG,0.0,10.0,10.0,5.0,0,0,5.0,0,2,2,2,0,0,0
2019-12-06,BREAD,Pesto CG,0.0,3.0,3.0,2.0,0,0,1.0,0,0,0,0,0,0,0
2019-12-06,BREAD,CrO,1.0,0.0,1.0,1.0,0,0,0.0,1,0,1,1,0,0,0
2019-12-06,BREAD,VS,8.0,0.0,8.0,3.0,0,5,0.0,2,0,2,2,0,0,0
2019-12-06,BREAD,TS,0.0,15.0,15.0,6.0,0,0,9.0,0,3,3,3,0,0,0
2019-12-06,BREAD,Angels,0.0,3.0,3.0,2.0,0,0,1.0,0,0,0,0,0,0,0
2019-12-06,BREAD,Sour,0.0,12.0,12.0,0.0,0,0,12.0,0,0,0,0,0,0,0
2019-12-06,BREAD,Sour RG,0.0,4.0,4.0,0.0,0,0,4.0,0,0,0,0,0,0,0
2019-12-06,BREAD,SourCheese,0.0,3.0,3.0,1.0,0,0,2.0,0,0,0,0,0,0,0
2019-12-06,BREAD,CAR,0.0,0.0,0.0,0.0,0,0,0.0,0,0,0,0,0,0,0
2019-12-06,BREAD,IHF,4.0,0.0,4.0,4.0,0,0,0.0,0,0,0,0,0,0,0
2019-12-06,BREAD,CrO Rls,0.0,0.0,0.0,0.0,0,0,0.0,0,0,0,0,0,0,0
2019-12-06,BREAD,BUT Rls,10.0,0.0,10.0,6.0,0,4,0.0,0,0,0,0,0,0,0
2019-12-06,BREAD,H-RLS,0.0,5.0,5.0,3.0,0,0,2.0,0,0,0,0,0,0,0
2019-12-06,BREAD,FR-RLS,0.0,3.0,3.0,0.0,0,0,3.0,0,0,0,0,0,0,0
2019-12-06,BREAD,VS-RLS,1.0,0.0,1.0,1.0,0,0,0.0,0,0,0,0,0,0,0
2019-12-06,BREAD,Blue Stru,5.0,1.0,6.0,2.0,0,3,1.0,0,0,0,0,0,0,0
2019-12-06,BREAD,Mex Choc,2.0,6.0,8.0,1.0,0,1,6.0,0,0,0,0,0,0,0
2019-12-06,BREAD,Pump CC,7.0,5.0,12.0,4.0,0,2,6.0,0,0,0,0,0,0,0
2019-12-06,ROLLS,Cinnamon,0.0,36.0,36.0,31.0,0,5,0.0,0,0,0,0,0,0,0
2019-12-06,ROLLS,Pecan C-R,0.0,24.0,24.0,22.0,0,2,0.0,0,0,0,0,0,0,0
2019-12-06,ROLLS,Take-n-bake,0.0,0.0,0.0,0.0,0,0,0.0,0,0,0,0,0,0,0
2019-12-06,ROLLS,Mini C-Roll,0.0,0.0,0.0,0.0,0,0,0.0,0,0,0,0,0,0,0
2019-12-06,SCONES,Blueberry,0.0,0.0,0.0,0.0,0,0,0.0,0,0,0,0,0,0,0
2019-12-06,SCONES,Rasp Cream,0.0,0.0,0.0,0.0,0,0,0.0,0,0,0,0,0,0,0
2019-12-06,SCONES,Cherry,0.0,19.0,19.0,15.0,4,0,0.0,0,0,0,0,0,0,0
2019-12-06,SCONES,Butt Almond,0.0,14.0,14.0,14.0,0,0,0.0,0,0,0,0,0,0,0
2019-12-06,SCONES,Turtle,0.0,0.0,0.0,0.0,0,0,0.0,0,0,0,0,0,0,0
2019-12-06,SCONES,CIN CHIP,0.0,0.0,0.0,0.0,0,0,0.0,0,0,0,0,0,0,0
2019-12-06,SCONES,CrO,0.0,10.0,10.0,10.0,0,0,0.0,0,0,0,0,0,0,0
2019-12-06,SCONES,CrO W.Choc,0.0,10.0,10.0,10.0,0,0,0.0,0,0,0,0,0,0,0
2019-12-06,FRUIT BARS,Mixed Berry,0.0,8.0,8.0,5.0,0,3,0.0,0,0,0,0,0,0,0
2019-12-06,FRUIT BARS,Cherry,0.0,12.0,12.0,9.0,0,3,0.0,0,0,0,0,0,0,0
2019-12-06,FRUIT BARS,Apple Cin,0.0,0.0,0.0,0.0,0,0,0.0,0,0,0,0,0,0,0
2019-12-06,FRUIT BARS,Cran White,0.0,0.0,0.0,0.0,0,0,0.0,0,0,0,0,0,0,0
2019-12-06,MUFFINS,Blue Stru,0.0,6.0,6.0,6.0,0,0,0.0,0,0,0,0,0,0,0
2019-12-06,MUFFINS,Mex Choc,0.0,8.0,8.0,4.0,0,4,0.0,0,0,0,0,0,0,0
2019-12-06,MUFFINS,Pump CC,0.0,12.0,12.0,2.0,0,10,0.0,0,0,0,0,0,0,0
2019-12-06,MUFFINS,Cookies,0.0,0.0,0.0,0.0,0,0,0.0,0,0,0,0,0,0,0
2019-12-06,MUFFINS,Bars,0.0,0.0,0.0,0.0,0,0,0.0,0,0,0,0,0,0,0
2019-12-06,MUFFINS,Pies,,,,,0,0,,0,0,0,0,0,0,0
2019-12-06,MUFFINS,White Choc Cran,1.0,42.0,43.0,14.0,21,1,7.0,0,12,12,0,0,0,0
2019-12-06,MUFFINS,triple choc,6.0,42.0,48.0,23.0,22,0,3.0,0,12,12,0,0,0,0
2019-12-06,MUFFINS,st nicker,6.0,42.0,48.0,9.0,21,0,18.0,0,12,12,0,0,0,0
2019-12-06,MUFFINS,Ginger,0.0,18.0,18.0,12.0,0,0,6.0,0,0,0,0,0,0,0
2019-12-06,MUFFINS,frosted sugar,13.0,0.0,13.0,10.0,0,1,2.0,0,0,0,0,0,0,0
2019-12-06,MUFFINS,Pumpkin Bars,0.0,0.0,0.0,0.0,0,0,0.0,0,0,0,0,0,0,0
2019-12-06,MUFFINS,AP,0.0,0.0,0.0,0.0,0,0,0.0,0,0,0,0,0,0,0
2019-12-06,MUFFINS,Cr-Ap Pie,0.0,0.0,0.0,0.0,0,0,0.0,0,0,0,0,0,0,0
2019-12-06,MUFFINS,PUMP OHHH,0.0,0.0,0.0,0.0,0,0,0.0,0,0,0,0,0,0,0
2019-12-06,MUFFINS,Bread Pudding,0.0,0.0,0.0,0.0,0,0,0.0,0,0,0,0,0,0,0
2019-12-06,MUFFINS,Totals,26.0,303.0,329.0,196.0,68,29,36.0,0,36,36,0,0,0,0
2019-12-07,BREAD,H,35.0,0.0,35.0,17.0,0,18,0.0,0,0,0,0,0,0,0
2019-12-07,BREAD,FR,28.0,0.0,28.0,13.0,0,15,0.0,0,0,0,0,0,0,0
2019-12-07,BREAD,GW,8.0,4.0,12.0,6.0,0,6,0.0,0,0,0,0,0,0,0
2019-12-07,BREAD,DK,10.0,0.0,10.0,8.0,0,2,0.0,0,0,0,0,0,0,0
2019-12-07,BREAD,H5|Cran,5.0,0.0,5.0,2.0,0,3,0.0,3,0,3,1,0,0,0
2019-12-07,BREAD,CSRWL,9.0,9.0,18.0,17.0,1,0,0.0,0,3,3,3,0,0,0
2019-12-07,BREAD,MAP PEC,6.0,8.0,14.0,6.0,0,8,0.0,0,2,2,2,0,0,0
2019-12-07,BREAD,CB,0.0,6.0,6.0,6.0,0,0,0.0,0,3,3,3,0,0,0
2019-12-07,BREAD,CnE,17.0,0.0,17.0,17.0,0,0,0.0,1,0,1,1,0,0,0
2019-12-07,BREAD,CnR,2.0,0.0,2.0,2.0,0,0,0.0,0,0,0,0,0,0,0
2019-12-07,BREAD,CnW,3.0,0.0,3.0,3.0,0,0,0.0,0,0,0,0,0,0,0
2019-12-07,BREAD,CG,5.0,0.0,5.0,4.0,0,1,0.0,0,0,0,0,0,0,0
2019-12-07,BREAD,Pesto CG,1.0,0.0,1.0,1.0,0,0,0.0,0,0,0,0,0,0,0
2019-12-07,BREAD,CrO,0.0,8.0,8.0,8.0,0,0,0.0,0,1,1,1,0,0,0
2019-12-07,BREAD,VS,0.0,6.0,6.0,4.0,0,2,0.0,0,3,3,1,0,0,0
2019-12-07,BREAD,TS,9.0,0.0,9.0,7.0,0,2,0.0,0,0,0,0,0,0,0
2019-12-07,BREAD,Angels,1.0,0.0,1.0,1.0,0,0,0.0,0,0,0,0,0,0,0
2019-12-07,BREAD,Sour,12.0,0.0,12.0,6.0,0,6,0.0,0,0,0,0,0,0,0
2019-12-07,BREAD,Sour RG,4.0,0.0,4.0,4.0,0,0,0.0,0,0,0,0,0,0,0
2019-12-07,BREAD,SourCheese,2.0,0.0,2.0,2.0,0,0,0.0,0,0,0,0,0,0,0
2019-12-07,BREAD,CAR,0.0,0.0,0.0,0.0,0,0,0.0,0,0,0,0,0,0,0
2019-12-07,BREAD,IHF,0.0,0.0,0.0,0.0,0,0,0.0,0,0,0,0,0,0,0
2019-12-07,BREAD,CrO Rls,0.0,0.0,0.0,0.0,0,0,0.0,0,0,0,0,0,0,0
2019-12-07,BREAD,BUT Rls,0.0,0.0,0.0,0.0,0,0,0.0,0,0,0,0,0,0,0
2019-12-07,BREAD,H-RLS,2.0,0.0,2.0,1.0,0,1,0.0,0,0,0,0,0,0,0
2019-12-07,BREAD,FR-RLS,3.0,0.0,3.0,3.0,0,0,0.0,0,0,0,0,0,0,0
2019-12-07,BREAD,VS-RLS,0.0,6.0,6.0,0.0,3,3,0.0,0,0,0,0,0,0,0
2019-12-07,BREAD,Blue Stru,1.0,3.0,4.0,3.0,0,1,0.0,0,0,0,0,0,0,0
2019-12-07,BREAD,Mex Choc,6.0,0.0,6.0,4.0,0,2,0.0,0,0,0,0,0,0,0
2019-12-07,BREAD,Pump CC,6.0,4.0,10.0,5.0,2,3,0.0,0,0,0,0,0,0,0
2019-12-07,ROLLS,Cinnamon,0.0,48.0,48.0,48.0,0,0,0.0,0,0,0,0,0,0,0
2019-12-07,ROLLS,Pecan C-R,0.0,24.0,24.0,20.0,0,4,0.0,0,0,0,0,0,0,0
2019-12-07,ROLLS,Take-n-bake,0.0,0.0,0.0,0.0,0,0,0.0,0,0,0,0,0,0,0
2019-12-07,ROLLS,Mini C-Roll,0.0,24.0,24.0,0.0,24,0,0.0,0,0,0,0,0,0,0
2019-12-07,SCONES,Blueberry,0.0,18.0,18.0,13.0,0,5,0.0,0,2,2,0,0,0,0
2019-12-07,SCONES,Rasp Cream,0.0,0.0,0.0,0.0,0,0,0.0,0,0,0,0,0,0,0
2019-12-07,SCONES,Cherry,0.0,0.0,0.0,0.0,0,0,0.0,0,0,0,0,0,0,0
2019-12-07,SCONES,Butt Almond,0.0,13.0,13.0,13.0,0,0,0.0,0,2,2,0,0,0,0
2019-12-07,SCONES,Turtle,0.0,0.0,0.0,0.0,0,0,0.0,0,0,0,0,0,0,0
2019-12-07,SCONES,CIN CHIP,0.0,0.0,0.0,0.0,0,0,0.0,0,0,0,0,0,0,0
2019-12-07,SCONES,Cro,0.0,10.0,10.0,5.0,0,5,0.0,0,2,2,0,0,0,0
2019-12-07,SCONES,CrO W.Choc,0.0,10.0,10.0,10.0,0,0,0.0,0,2,2,0,0,0,0
2019-12-07,FRUIT BARS,Mixed Berry,0.0,0.0,0.0,0.0,0,0,0.0,0,0,0,0,0,0,0
2019-12-07,FRUIT BARS,Cherry,0.0,0.0,0.0,0.0,0,0,0.0,0,0,0,0,0,0,0
2019-12-07,FRUIT BARS,Apple Cin,0.0,12.0,12.0,8.0,3,1,0.0,0,0,0,0,0,0,0
2019-12-07,FRUIT BARS,Cran White,0.0,8.0,8.0,6.0,2,0,0.0,0,0,0,0,0,0,0
2019-12-07,MUFFINS,Mex Choc,0.0,6.0,6.0,5.0,0,1,0.0,0,3,3,0,0,0,0
2019-12-07,MUFFINS,Blue Stru,0.0,6.0,6.0,5.0,0,1,0.0,0,3,3,0,0,0,0
2019-12-07,MUFFINS,Pump CC,0.0,8.0,8.0,7.0,0,1,0.0,0,0,0,0,0,0,0
2019-12-07,MUFFINS,Cookies,0.0,0.0,0.0,0.0,0,0,0.0,0,0,0,0,0,0,0
2019-12-07,MUFFINS,Bars,0.0,0.0,0.0,0.0,0,0,0.0,0,0,0,0,0,0,0
2019-12-07,MUFFINS,Pies,,,,,0,0,,0,0,0,0,0,0,0
2019-12-07,MUFFINS,White Choc Cran,7.0,6.0,13.0,13.0,0,0,0.0,0,4,4,0,0,0,0
2019-12-07,MUFFINS,triple choc,3.0,12.0,15.0,15.0,0,0,0.0,0,2,2,0,0,0,0
2019-12-07,MUFFINS,st nicker,18.0,0.0,18.0,18.0,0,0,0.0,0,4,4,0,0,0,0
2019-12-07,MUFFINS,Ginger,6.0,0.0,6.0,6.0,0,0,0.0,0,0,0,0,0,0,0
2019-12-07,MUFFINS,frosted sugar,2.0,6.0,8.0,8.0,0,0,0.0,0,0,0,0,0,0,0
2019-12-07,MUFFINS,Pumpkin Bars,0.0,8.0,8.0,8.0,0,0,0.0,0,0,0,0,0,0,0
2019-12-07,MUFFINS,AP,0.0,0.0,0.0,0.0,0,0,0.0,0,0,0,0,0,0,0
2019-12-07,MUFFINS,Cr-Ap Pie,0.0,0.0,0.0,0.0,0,0,0.0,0,0,0,0,0,0,0
2019-12-07,MUFFINS,PUMP OHHH,0.0,0.0,0.0,0.0,0,0,0.0,0,0,0,0,0,0,0
2019-12-07,MUFFINS,Bread Pudding,0.0,0.0,0.0,0.0,0,0,0.0,0,0,0,0,0,0,0
2019-12-07,MUFFINS,Totals,36.0,219.0,255.0,208.0,29,18,0.0,0,24,24,0,0,0,0
2019-12-08,BREAD,H,0.0,0.0,0.0,0.0,0,0,0.0,0,0,0,0,0,0,0
2019-12-08,BREAD,FR,0.0,0.0,0.0,0.0,0,0,0.0,0,0,0,0,0,0,0
2019-12-08,BREAD,GW,0.0,0.0,0.0,0.0,0,0,0.0,0,0,0,0,0,0,0
2019-12-08,BREAD,DK,0.0,0.0,0.0,0.0,0,0,0.0,0,0,0,0,0,0,0
2019-12-08,BREAD,H5|Cran,0.0,0.0,0.0,0.0,0,0,0.0,0,0,0,0,0,0,0
2019-12-08,BREAD,CSRWL,0.0,0.0,0.0,0.0,0,0,0.0,0,0,0,0,0,0,0
2019-12-08,BREAD,PUMP PIE SW,0.0,0.0,0.0,0.0,0,0,0.0,0,0,0,0,0,0,0
2019-12-08,BREAD,CB,0.0,0.0,0.0,0.0,0,0,0.0,0,0,0,0,0,0,0
2019-12-08,BREAD,CPBB,0.0,0.0,0.0,0.0,0,0,0.0,0,0,0,0,0,0,0
2019-12-08,BREAD,CNE,0.0,0.0,0.0,0.0,0,0,0.0,0,0,0,0,0,0,0
2019-12-08,BREAD,CNR,0.0,0.0,0.0,0.0,0,0,0.0,0,0,0,0,0,0,0
2019-12-08,BREAD,CNW,0.0,0.0,0.0,0.0,0,0,0.0,0,0,0,0,0,0,0
2019-12-08,BREAD,CG,0.0,0.0,0.0,0.0,0,0,0.0,0,0,0,0,0,0,0
2019-12-08,BREAD,Pesto CG,0.0,0.0,0.0,0.0,0,0,0.0,0,0,0,0,0,0,0
2019-12-08,BREAD,CrO,0.0,0.0,0.0,0.0,0,0,0.0,0,0,0,0,0,0,0
2019-12-08,BREAD,VS,0.0,0.0,0.0,0.0,0,0,0.0,0,0,0,0,0,0,0
2019-12-08,BREAD,STUF,0.0,0.0,0.0,0.0,0,0,0.0,0,0,0,0,0,0,0
2019-12-08,BREAD,SOURDOUGH,0.0,0.0,0.0,0.0,0,0,0.0,0,0,0,0,0,0,0
2019-12-08,BREAD,SOUR JC,0.0,0.0,0.0,0.0,0,0,0.0,0,0,0,0,0,0,0
2019-12-08,BREAD,Sour RG,0.0,0.0,0.0,0.0,0,0,0.0,0,0,0,0,0,0,0
2019-12-08,BREAD,WC,0.0,0.0,0.0,0.0,0,0,0.0,0,0,0,0,0,0,0
2019-12-08,BREAD,Car,0.0,0.0,0.0,0.0,0,0,0.0,0,0,0,0,0,0,0
2019-12-08,BREAD,IHF,0.0,0.0,0.0,0.0,0,0,0.0,0,0,0,0,0,0,0
2019-12-08,BREAD,TURKEYS,0.0,0.0,0.0,0.0,0,0,0.0,0,0,0,0,0,0,0
2019-12-08,BREAD,CrO Rls,0.0,0.0,0.0,0.0,0,0,0.0,0,0,0,0,0,0,0
2019-12-08,BREAD,BUT Rls,0.0,0.0,0.0,0.0,0,0,0.0,0,0,0,0,0,0,0
2019-12-08,BREAD,H-RLS,0.0,0.0,0.0,0.0,0,0,0.0,0,0,0,0,0,0,0
2019-12-08,BREAD,FR-RLS,0.0,0.0,0.0,0.0,0,0,0.0,0,0,0,0,0,0,0
2019-12-08,BREAD,VS-RLS,0.0,0.0,0.0,0.0,0,0,0.0,0,0,0,0,0,0,0
2019-12-08,BREAD,Gingerbread,0.0,0.0,0.0,0.0,0,0,0.0,0,0,0,0,0,0,0
2019-12-08,BREAD,Mex Choc,0.0,0.0,0.0,0.0,0,0,0.0,0,0,0,0,0,0,0
2019-12-08,BREAD,Pump CC,0.0,0.0,0.0,0.0,0,0,0.0,0,0,0,0,0,0,0
2019-12-08,BREAD,Blu Stru,0.0,0.0,0.0,0.0,0,0,0.0,0,0,0,0,0,0,0
2019-12-08,ROLLS,Cinnamon,0.0,0.0,0.0,0.0,0,0,0.0,0,0,0,0,0,0,0
2019-12-08,ROLLS,Pump C-R,0.0,0.0,0.0,0.0,0,0,0.0,0,0,0,0,0,0,0
2019-12-08,ROLLS,Take-n-bake,0.0,0.0,0.0,0.0,0,0,0.0,0,0,0,0,0,0,0
2019-12-08,ROLLS,Mini C-Roll,0.0,0.0,0.0,0.0,0,0,0.0,0,0,0,0,0,0,0
2019-12-08,SCONES,Blueberry,0.0,0.0,0.0,0.0,0,0,0.0,0,0,0,0,0,0,0
2019-12-08,SCONES,Rasp Cream,0.0,0.0,0.0,0.0,0,0,0.0,0,0,0,0,0,0,0
2019-12-08,SCONES,Cherry,0.0,0.0,0.0,0.0,0,0,0.0,0,0,0,0,0,0,0
2019-12-08,SCONES,Butt Almond,0.0,0.0,0.0,0.0,0,0,0.0,0,0,0,0,0,0,0
2019-12-08,SCONES,Turtle,0.0,0.0,0.0,0.0,0,0,0.0,0,0,0,0,0,0,0
2019-12-08,SCONES,pb choc,0.0,0.0,0.0,0.0,0,0,0.0,0,0,0,0,0,0,0
2019-12-08,SCONES,Pump Spice,0.0,0.0,0.0,0.0,0,0,0.0,0,0,0,0,0,0,0
2019-12-08,FRUIT BARS,Mixed Berry,0.0,0.0,0.0,0.0,0,0,0.0,0,0,0,0,0,0,0
2019-12-08,FRUIT BARS,Cherry,0.0,0.0,0.0,0.0,0,0,0.0,0,0,0,0,0,0,0
2019-12-08,FRUIT BARS,Apple Cin,0.0,0.0,0.0,0.0,0,0,0.0,0,0,0,0,0,0,0
2019-12-08,FRUIT BARS,MIXED FRUIT,0.0,0.0,0.0,0.0,0,0,0.0,0,0,0,0,0,0,0
2019-12-08,MUFFINS,Gingerbread,0.0,0.0,0.0,0.0,0,0,0.0,0,0,0,0,0,0,0
2019-12-08,MUFFINS,Mex Choc,0.0,0.0,0.0,0.0,0,0,0.0,0,0,0,0,0,0,0
2019-12-08,MUFFINS,Pump CC,0.0,0.0,0.0,0.0,0,0,0.0,0,0,0,0,0,0,0
2019-12-08,MUFFINS,Cookies,0.0,0.0,0.0,0.0,0,0,0.0,0,0,0,0,0,0,0
2019-12-08,MUFFINS,Bars,0.0,0.0,0.0,0.0,0,0,0.0,0,0,0,0,0,0,0
2019-12-08,MUFFINS,Pies,,,,,0,0,,0,0,0,0,0,0,0
2019-12-08,MUFFINS,oatmeal choc,0.0,0.0,0.0,0.0,0,0,0.0,0,0,0,0,0,0,0
2019-12-08,MUFFINS,triple choc,0.0,0.0,0.0,0.0,0,0,0.0,0,0,0,0,0,0,0
2019-12-08,MUFFINS,snickerdoodle,0.0,0.0,0.0,0.0,0,0,0.0,0,0,0,0,0,0,0
2019-12-08,MUFFINS,Ginger,0.0,0.0,0.0,0.0,0,0,0.0,0,0,0,0,0,0,0
2019-12-08,MUFFINS,frosted sugar,0.0,0.0,0.0,0.0,0,0,0.0,0,0,0,0,0,0,0
2019-12-08,MUFFINS,Pumpkin Bars,0.0,0.0,0.0,0.0,0,0,0.0,0,0,0,0,0,0,0
2019-12-08,MUFFINS,Pump Pie,0.0,0.0,0.0,0.0,0,0,0.0,0,0,0,0,0,0,0
2019-12-08,MUFFINS,Sugar Pie,0.0,0.0,0.0,0.0,0,0,0.0,0,0,0,0,0,0,0
2019-12-08,MUFFINS,Pecan Pie,0.0,0.0,0.0,0.0,0,0,0.0,0,0,0,0,0,0,0
2019-12-08,MUFFINS,AP,0.0,0.0,0.0,0.0,0,0,0.0,0,0,0,0,0,0,0
2019-12-08,MUFFINS,Cr-Ap Pie,0.0,0.0,0.0,0.0,0,0,0.0,0,0,0,0,0,0,0
2019-12-08,MUFFINS,PUMP OHHH,0.0,0.0,0.0,0.0,0,0,0.0,0,0,0,0,0,0,0
2019-12-08,MUFFINS,Bread Pudding,0.0,0.0,0.0,0.0,0,0,0.0,0,0,0,0,0,0,0
2019-12-08,MUFFINS,Totals,0.0,0.0,0.0,0.0,0,0,0.0,0,0,0,0,0,0,0
2019-12-09,BREAD,H,0.0,47.0,47.0,13.0,2,0,32.0,0,0,0,0,0,0,0
2019-12-09,BREAD,FR,0.0,51.0,51.0,13.0,20,0,18.0,0,0,0,0,0,0,0
2019-12-09,BREAD,GW,0.0,11.0,11.0,3.0,0,0,8.0,0,0,0,0,0,0,0
2019-12-09,BREAD,DK,0.0,21.0,21.0,15.0,0,0,6.0,0,0,0,0,0,0,0
2019-12-09,BREAD,H5|Cran,0.0,0.0,0.0,0.0,0,0,0.0,0,0,0,0,0,0,0
2019-12-09,BREAD,CSRWL,0.0,24.0,24.0,12.0,3,0,9.0,0,6,6,1,0,0,5
2019-12-09,BREAD,MAP PEC,0.0,17.0,17.0,2.0,0,0,15.0,0,2,2,2,0,0,0
2019-12-09,BREAD,CB,0.0,0.0,0.0,0.0,0,0,0.0,0,0,0,0,0,0,0
2019-12-09,BREAD,CnE,0.0,37.0,37.0,8.0,21,0,8.0,0,3,3,1,0,0,2
2019-12-09,BREAD,CnR,0.0,8.0,8.0,1.0,5,0,2.0,0,0,0,0,0,0,0
2019-12-09,BREAD,CnW,0.0,4.0,4.0,4.0,0,0,0.0,0,0,0,0,0,0,0
2019-12-09,BREAD,CG,0.0,3.0,3.0,3.0,0,0,0.0,0,2,2,1,0,0,1
2019-12-09,BREAD,Pesto CG,0.0,3.0,3.0,3.0,0,0,0.0,0,0,0,0,0,0,0
2019-12-09,BREAD,CrO,0.0,0.0,0.0,0.0,0,0,0.0,0,0,0,0,0,0,0
2019-12-09,BREAD,VS,0.0,0.0,0.0,0.0,0,0,0.0,0,0,0,0,0,0,0
2019-12-09,BREAD,TS,0.0,9.0,9.0,4.0,0,0,5.0,0,3,3,1,0,0,2
2019-12-09,BREAD,Angels,0.0,3.0,3.0,2.0,0,0,1.0,0,0,0,0,0,0,0
2019-12-09,BREAD,Sour,0.0,19.0,19.0,7.0,0,0,12.0,0,0,0,0,0,0,0
2019-12-09,BREAD,Sour RG,0.0,4.0,4.0,0.0,0,0,4.0,0,0,0,0,0,0,0
2019-12-09,BREAD,SourCheese,0.0,4.0,4.0,2.0,0,0,2.0,0,0,0,0,0,0,0
2019-12-09,BREAD,CAR,0.0,0.0,0.0,0.0,0,0,0.0,0,0,0,0,0,0,0
2019-12-09,BREAD,IHF,0.0,0.0,0.0,0.0,0,0,0.0,0,0,0,0,0,0,0
2019-12-09,BREAD,CH,0.0,2.0,2.0,0.0,2,0,0.0,0,0,0,0,0,0,0
2019-12-09,BREAD,CrO Rls,0.0,0.0,0.0,0.0,0,0,0.0,0,0,0,0,0,0,0
2019-12-09,BREAD,BUT Rls,0.0,0.0,0.0,0.0,0,0,0.0,0,0,0,0,0,0,0
2019-12-09,BREAD,H-RLS,0.0,4.0,4.0,4.0,0,0,0.0,0,0,0,0,0,0,0
2019-12-09,BREAD,FR-RLS,0.0,5.0,5.0,3.0,2,0,0.0,0,0,0,0,0,0,0
2019-12-09,BREAD,VS-RLS,0.0,0.0,0.0,0.0,0,0,0.0,0,0,0,0,0,0,0
2019-12-09,BREAD,Blue Stru,0.0,5.0,5.0,1.0,1,0,3.0,0,0,0,0,0,0,0
2019-12-09,BREAD,Mex Choc,0.0,4.0,4.0,1.0,0,0,3.0,0,0,0,0,0,0,0
2019-12-09,BREAD,Pump CC,0.0,12.0,12.0,4.0,4,0,4.0,0,0,0,0,0,0,0
2019-12-09,ROLLS,Cinnamon,0.0,24.0,24.0,24.0,0,0,0.0,0,0,0,0,0,0,0
2019-12-09,ROLLS,Pecan C-R,0.0,12.0,12.0,7.0,0,5,0.0,0,0,0,0,0,0,0
2019-12-09,ROLLS,Take-n-bake,0.0,0.0,0.0,0.0,0,0,0.0,0,0,0,0,0,0,0
2019-12-09,ROLLS,Mini C-Roll,0.0,0.0,0.0,0.0,0,0,0.0,0,0,0,0,0,0,0
2019-12-09,SCONES,Blueberry,0.0,0.0,0.0,0.0,0,0,0.0,0,0,0,0,0,0,0
2019-12-09,SCONES,MIXED FRUIT,0.0,11.0,11.0,11.0,0,0,0.0,0,3,3,0,0,0,0
2019-12-09,SCONES,Cherry,0.0,0.0,0.0,0.0,0,0,0.0,0,0,0,0,0,0,0
2019-12-09,SCONES,Butt Almond,0.0,0.0,0.0,0.0,0,0,0.0,0,0,0,0,0,0,0
2019-12-09,SCONES,Turtle,0.0,0.0,0.0,0.0,0,0,0.0,0,0,0,0,0,0,0
2019-12-09,SCONES,CIN CHIP,0.0,10.0,10.0,7.0,0,3,0.0,0,3,3,0,0,0,0
2019-12-09,SCONES,CrO,0.0,5.0,5.0,2.0,0,3,0.0,0,2,2,0,0,0,0
2019-12-09,SCONES,CrO W.Choc,0.0,7.0,0.0,-2.0,0,2,0.0,0,2,0,-2,0,0,0
2019-12-09,FRUIT BARS,Mixed Berry,0.0,8.0,12.0,9.0,2,1,0.0,0,0,0,0,0,0,0
2019-12-09,FRUIT BARS,Cherry,0.0,12.0,0.0,-2.0,2,0,0.0,0,0,0,0,0,0,0
2019-12-09,FRUIT BARS,Apple Cin,0.0,0.0,0.0,0.0,0,0,0.0,0,0,0,0,0,0,0
2019-12-09,FRUIT BARS,Cran White,0.0,0.0,0.0,0.0,0,0,0.0,0,0,0,0,0,0,0
2019-12-09,MUFFINS,Blue Stru,0.0,4.0,4.0,3.0,0,1,0.0,0,5,5,0,0,0,0
2019-12-09,MUFFINS,Mex Choc,0.0,5.0,5.0,2.0,0,3,0.0,0,5,5,0,0,0,0
2019-12-09,MUFFINS,Pump CC,0.0,6.0,6.0,6.0,0,0,0.0,0,0,0,0,0,0,0
2019-12-09,MUFFINS,Cookies,0.0,0.0,0.0,0.0,0,0,0.0,0,0,0,0,0,0,0
2019-12-09,MUFFINS,Bars,0.0,0.0,0.0,0.0,0,0,0.0,0,0,0,0,0,0,0
2019-12-09,MUFFINS,Pies,,,,,0,0,,0,0,0,0,0,0,0
2019-12-09,MUFFINS,White Choc Cran,0.0,24.0,24.0,-6.0,18,0,12.0,0,16,16,0,0,0,0
2019-12-09,MUFFINS,triple choc,0.0,60.0,60.0,31.0,18,0,11.0,0,14,14,0,0,0,0
2019-12-09,MUFFINS,st nicker,0.0,42.0,42.0,0.0,19,21,2.0,0,16,16,0,0,0,0
2019-12-09,MUFFINS,Ginger,0.0,18.0,18.0,10.0,0,0,8.0,0,14,14,0,0,0,0
2019-12-09,MUFFINS,frosted sugar,0.0,30.0,30.0,23.0,0,0,7.0,0,0,0,0,0,0,0
2019-12-09,MUFFINS,Pumpkin Bars,0.0,8.0,8.0,8.0,0,0,0.0,0,0,0,0,0,0,0
2019-12-09,MUFFINS,Brownies,0.0,8.0,8.0,7.0,0,0,1.0,0,0,0,0,0,0,0
2019-12-09,MUFFINS,AP,0.0,0.0,0.0,0.0,0,0,0.0,0,0,0,0,0,0,0
2019-12-09,MUFFINS,Cr-Ap Pie,0.0,0.0,0.0,0.0,0,0,0.0,0,0,0,0,0,0,0
2019-12-09,MUFFINS,PUMP OHHH,0.0,0.0,0.0,0.0,0,0,0.0,0,0,0,0,0,0,0
2019-12-09,MUFFINS,Bread Pudding,0.0,0.0,0.0,0.0,0,0,0.0,0,0,0,0,0,0,0
2019-12-09,MUFFINS,Totals,0.0,294.0,279.0,140.0,59,39,41.0,0,80,78,-2,0,0,0
2019-12-10,BREAD,H,32.0,18.0,50.0,21.0,0,0,29.0,0,0,0,0,0,0,0
2019-12-10,BREAD,FR,18.0,16.0,34.0,17.0,0,0,17.0,0,0,0,0,0,0,0
2019-12-10,BREAD,GW,8.0,5.0,13.0,3.0,0,6,4.0,0,0,0,0,0,0,0
2019-12-10,BREAD,DK,6.0,0.0,6.0,4.0,0,0,2.0,0,0,0,0,0,0,0
2019-12-10,BREAD,H5|Cran,0.0,13.0,13.0,4.0,0,0,9.0,0,7,7,4,0,0,3
2019-12-10,BREAD,CSRWL,9.0,12.0,21.0,9.0,0,0,12.0,5,4,9,6,0,0,3
2019-12-10,BREAD,MAP PEC,15.0,4.0,19.0,18.0,0,0,1.0,0,3,3,0,0,0,3
2019-12-10,BREAD,CB,0.0,21.0,21.0,17.0,0,0,4.0,0,4,4,3,0,0,0
2019-12-10,BREAD,CnE,8.0,48.0,56.0,11.0,38,0,7.0,2,0,2,0,0,0,0
2019-12-10,BREAD,CnR,2.0,0.0,2.0,2.0,0,0,0.0,0,0,0,0,0,0,0
2019-12-10,BREAD,CnW,0.0,0.0,0.0,0.0,0,0,0.0,0,0,0,0,0,0,0
2019-12-10,BREAD,CG,0.0,0.0,0.0,0.0,0,0,0.0,0,0,0,0,0,0,0
2019-12-10,BREAD,Pesto CG,0.0,0.0,0.0,0.0,0,0,0.0,0,0,0,0,0,0,0
2019-12-10,BREAD,CrO,0.0,23.0,23.0,11.0,7,0,5.0,0,4,4,4,0,0,0
2019-12-10,BREAD,VS,0.0,7.0,7.0,5.0,0,0,2.0,0,3,3,0,0,0,3
2019-12-10,BREAD,TS,5.0,0.0,5.0,2.0,0,3,0.0,2,0,2,1,0,0,0
2019-12-10,BREAD,Angels,1.0,0.0,1.0,1.0,0,0,0.0,0,0,0,0,0,0,0
2019-12-10,BREAD,Sour,12.0,0.0,12.0,7.0,0,5,0.0,0,0,0,0,0,0,0
2019-12-10,BREAD,Sour RG,4.0,0.0,4.0,3.0,0,1,0.0,0,0,0,0,0,0,0
2019-12-10,BREAD,SourCheese,2.0,0.0,2.0,2.0,0,0,0.0,0,0,0,0,0,0,0
2019-12-10,BREAD,CAR,0.0,0.0,0.0,0.0,0,0,0.0,0,0,0,0,0,0,0
2019-12-10,BREAD,IHF,0.0,0.0,0.0,0.0,0,0,0.0,0,0,0,0,0,0,0
2019-12-10,BREAD,CrO Rls,0.0,0.0,0.0,0.0,0,0,0.0,0,0,0,0,0,0,0
2019-12-10,BREAD,BUT Rls,0.0,0.0,0.0,0.0,0,0,0.0,0,0,0,0,0,0,0
2019-12-10,BREAD,H-RLS,0.0,7.0,7.0,1.0,2,0,4.0,0,0,0,0,0,0,0
2019-12-10,BREAD,FR-RLS,0.0,3.0,3.0,0.0,0,0,3.0,0,0,0,0,0,0,0
2019-12-10,BREAD,VS-RLS,0.0,5.0,5.0,0.0,0,0,5.0,0,0,0,0,0,0,0
2019-12-10,BREAD,Blue Stru,3.0,1.0,4.0,3.0,0,1,0.0,0,0,0,0,0,0,0
2019-12-10,BREAD,Mex Choc,3.0,3.0,6.0,-1.0,0,4,3.0,0,0,0,0,0,0,0
2019-12-10,BREAD,Pump CC,4.0,4.0,8.0,2.0,0,3,3.0,0,0,0,0,0,0,0
2019-12-10,ROLLS,Cinnamon,0.0,36.0,36.0,22.0,0,14,0.0,0,0,0,0,0,0,0
2019-12-10,ROLLS,Pecan C-R,0.0,12.0,12.0,8.0,0,4,0.0,0,0,0,0,0,0,0
2019-12-10,ROLLS,Take-n-bake,0.0,0.0,0.0,0.0,0,0,0.0,0,0,0,0,0,0,0
2019-12-10,ROLLS,Mini C-Roll,0.0,0.0,0.0,0.0,0,0,0.0,0,0,0,0,0,0,0
2019-12-10,SCONES,Blueberry,0.0,11.0,11.0,7.0,0,4,0.0,0,0,0,0,0,0,0
2019-12-10,SCONES,Rasp Cream,0.0,0.0,0.0,0.0,0,0,0.0,0,0,0,0,0,0,0
2019-12-10,SCONES,Cherry,0.0,0.0,0.0,0.0,0,0,0.0,0,0,0,0,0,0,0
2019-12-10,SCONES,Butt Almond,0.0,0.0,0.0,0.0,0,0,0.0,0,0,0,0,0,0,0
2019-12-10,SCONES,Turtle,0.0,0.0,0.0,0.0,0,0,0.0,0,0,0,0,0,0,0
2019-12-10,SCONES,CIN CHIP,0.0,11.0,11.0,11.0,0,0,0.0,0,0,0,0,0,0,0
2019-12-10,SCONES,CrO,0.0,8.0,8.0,8.0,0,0,0.0,0,0,0,0,0,0,0
2019-12-10,SCONES,CrO W.Choc,0.0,8.0,8.0,8.0,0,0,0.0,0,0,0,0,0,0,0
2019-12-10,FRUIT BARS,Mixed Berry,0.0,0.0,0.0,0.0,0,0,0.0,0,0,0,0,0,0,0
2019-12-10,FRUIT BARS,Cherry,0.0,0.0,0.0,0.0,0,0,0.0,0,0,0,0,0,0,0
2019-12-10,FRUIT BARS,Apple Cin,0.0,12.0,12.0,5.0,0,7,0.0,0,0,0,0,0,0,0
2019-12-10,FRUIT BARS,Cran White,0.0,8.0,8.0,6.0,0,2,0.0,0,0,0,0,0,0,0
2019-12-10,MUFFINS,Blue Stru,0.0,6.0,6.0,5.0,0,1,0.0,0,0,0,0,0,0,0
2019-12-10,MUFFINS,Mex Choc,0.0,8.0,8.0,2.0,0,6,0.0,0,0,0,0,0,0,0
2019-12-10,MUFFINS,Pump CC,0.0,10.0,10.0,6.0,0,4,0.0,0,0,0,0,0,0,0
2019-12-10,MUFFINS,Cookies,0.0,0.0,0.0,0.0,0,0,0.0,0,0,0,0,0,0,0
2019-12-10,MUFFINS,Bars,0.0,0.0,0.0,0.0,0,0,0.0,0,0,0,0,0,0,0
2019-12-10,MUFFINS,Pies,,,,,0,0,,0,0,0,0,0,0,0
2019-12-10,MUFFINS,White Choc Cran,0.0,24.0,24.0,9.0,3,0,12.0,0,0,0,0,0,0,0
2019-12-10,MUFFINS,triple choc,11.0,16.0,27.0,18.0,3,1,5.0,0,0,0,0,0,0,0
2019-12-10,MUFFINS,st nicker,2.0,24.0,26.0,10.0,4,0,12.0,0,0,0,0,0,0,0
2019-12-10,MUFFINS,Ginger,8.0,12.0,20.0,3.0,0,6,11.0,0,0,0,0,0,0,0
2019-12-10,MUFFINS,frosted sugar,7.0,12.0,19.0,5.0,0,2,12.0,0,0,0,0,0,0,0
2019-12-10,MUFFINS,Pumpkin Bars,0.0,0.0,0.0,0.0,0,0,0.0,0,0,0,0,0,0,0
2019-12-10,MUFFINS,Brownies,1.0,7.0,8.0,8.0,0,0,0.0,0,0,0,0,0,0,0
2019-12-10,MUFFINS,AP,0.0,0.0,0.0,0.0,0,0,0.0,0,0,0,0,0,0,0
2019-12-10,MUFFINS,Cr-Ap Pie,0.0,0.0,0.0,0.0,0,0,0.0,0,0,0,0,0,0,0
2019-12-10,MUFFINS,PUMP OHHH,0.0,0.0,0.0,0.0,0,0,0.0,0,0,0,0,0,0,0
2019-12-10,MUFFINS,Bread Pudding,0.0,0.0,0.0,0.0,0,0,0.0,0,0,0,0,0,0,0
2019-12-10,MUFFINS,Totals,29.0,225.0,254.0,141.0,10,51,52.0,0,0,0,0,0,0,0
2019-12-11,BREAD,H,29.0,17.0,46.0,8.0,6,15,17.0,0,0,0,0,0,0,0
2019-12-11,BREAD,FR,17.0,12.0,29.0,13.0,0,0,16.0,0,0,0,0,0,0,0
2019-12-11,BREAD,GW,4.0,9.0,13.0,1.0,0,4,8.0,0,0,0,0,0,0,0
2019-12-11,BREAD,DK,2.0,3.0,5.0,-16.0,1,0,20.0,0,0,0,0,0,0,0
2019-12-11,BREAD,H5|Cran,9.0,0.0,9.0,2.0,0,0,7.0,3,0,3,1,0,0,2
2019-12-11,BREAD,CSRWL,12.0,16.0,28.0,10.0,6,0,12.0,3,6,9,3,0,0,6
2019-12-11,BREAD,MAP PEC,1.0,12.0,13.0,5.0,0,1,7.0,3,0,3,3,0,0,0
2019-12-11,BREAD,CB,4.0,0.0,4.0,-7.0,0,11,0.0,0,0,0,0,0,0,0
2019-12-11,BREAD,CnE,7.0,24.0,31.0,4.0,25,0,2.0,0,3,3,3,0,0,0
2019-12-11,BREAD,CnR,0.0,6.0,6.0,2.0,0,0,4.0,0,0,0,0,0,0,0
2019-12-11,BREAD,CnW,0.0,8.0,8.0,6.0,2,0,0.0,0,0,0,0,0,0,0
2019-12-11,BREAD,CG,0.0,7.0,7.0,5.0,0,0,2.0,0,2,2,1,0,0,1
2019-12-11,BREAD,Pesto CG,0.0,3.0,3.0,2.0,0,0,1.0,0,0,0,0,0,0,0
2019-12-11,BREAD,CrO,5.0,0.0,5.0,5.0,0,0,0.0,0,0,0,0,0,0,0
2019-12-11,BREAD,VS,2.0,0.0,2.0,2.0,0,0,0.0,3,0,3,1,0,0,0
2019-12-11,BREAD,TS,0.0,9.0,9.0,3.0,1,0,5.0,0,2,2,2,0,0,0
2019-12-11,BREAD,Angels,0.0,3.0,3.0,0.0,0,0,3.0,0,0,0,0,0,0,0
2019-12-11,BREAD,Sour,0.0,10.0,10.0,4.0,0,0,6.0,0,0,0,0,0,0,0
2019-12-11,BREAD,Sour RG,0.0,4.0,4.0,2.0,0,0,2.0,0,0,0,0,0,0,0
2019-12-11,BREAD,SourCheese,0.0,4.0,4.0,0.0,0,0,4.0,0,0,0,0,0,0,0
2019-12-11,BREAD,CAR,0.0,0.0,0.0,0.0,0,0,0.0,0,0,0,0,0,0,0
2019-12-11,BREAD,IHF,0.0,0.0,0.0,0.0,0,0,0.0,0,0,0,0,0,0,0
2019-12-11,BREAD,CrO Rls,0.0,0.0,0.0,0.0,0,0,0.0,0,0,0,0,0,0,0
2019-12-11,BREAD,BUT Rls,0.0,26.0,26.0,6.0,18,0,2.0,0,0,0,0,0,0,0
2019-12-11,BREAD,H-RLS,4.0,6.0,10.0,4.0,0,0,6.0,0,0,0,0,0,0,0
2019-12-11,BREAD,FR-RLS,3.0,6.0,9.0,3.0,6,0,0.0,0,0,0,0,0,0,0
2019-12-11,BREAD,VS-RLS,5.0,0.0,5.0,5.0,0,0,0.0,0,0,0,0,0,0,0
2019-12-11,BREAD,Blue Stru,0.0,6.0,6.0,1.0,0,0,5.0,0,0,0,0,0,0,0
2019-12-11,BREAD,Mex Choc,3.0,3.0,6.0,1.0,0,2,3.0,0,0,0,0,0,0,0
2019-12-11,BREAD,Pump CC,3.0,55.0,58.0,1.0,46,2,9.0,0,0,0,0,0,0,0
2019-12-11,ROLLS,Cinnamon,0.0,24.0,24.0,20.0,0,4,0.0,0,0,0,0,0,0,0
2019-12-11,ROLLS,Pecan C-R,0.0,12.0,12.0,6.0,0,6,0.0,0,0,0,0,0,0,0
2019-12-11,ROLLS,Take-n-bake,0.0,0.0,0.0,0.0,0,0,0.0,0,0,0,0,0,0,0
2019-12-11,ROLLS,Mini C-Roll,0.0,24.0,24.0,0.0,24,0,0.0,0,0,0,0,0,0,0
2019-12-11,SCONES,Blueberry,0.0,0.0,0.0,0.0,0,0,0.0,0,0,0,0,0,0,0
2019-12-11,SCONES,Rasp Cream,0.0,19.0,19.0,15.0,4,0,0.0,0,0,0,0,0,0,0
2019-12-11,SCONES,Cherry,0.0,0.0,0.0,0.0,0,0,0.0,0,0,0,0,0,0,0
2019-12-11,SCONES,Butt Almond,0.0,0.0,0.0,0.0,0,0,0.0,0,0,0,0,0,0,0
2019-12-11,SCONES,Turtle,0.0,13.0,13.0,13.0,0,0,0.0,0,0,0,0,0,0,0
2019-12-11,SCONES,CIN CHIP,0.0,0.0,0.0,0.0,0,0,0.0,0,0,0,0,0,0,0
2019-12-11,SCONES,CrO,0.0,8.0,8.0,8.0,0,0,0.0,0,0,0,0,0,0,0
2019-12-11,SCONES,CrO W.Choc,0.0,8.0,8.0,6.0,0,2,0.0,0,0,0,0,0,0,0
2019-12-11,FRUIT BARS,Mixed Berry,0.0,8.0,8.0,3.0,0,5,0.0,0,0,0,0,0,0,0
2019-12-11,FRUIT BARS,Cherry,0.0,12.0,12.0,5.0,0,7,0.0,0,0,0,0,0,0,0
2019-12-11,FRUIT BARS,Apple Cin,0.0,0.0,0.0,0.0,0,0,0.0,0,0,0,0,0,0,0
2019-12-11,FRUIT BARS,Cran White,0.0,0.0,0.0,0.0,0,0,0.0,0,0,0,0,0,0,0
2019-12-11,MUFFINS,Blue Stru,0.0,4.0,4.0,2.0,0,2,0.0,0,0,0,0,0,0,0
2019-12-11,MUFFINS,Mex Choc,0.0,6.0,6.0,1.0,0,5,0.0,0,0,0,0,0,0,0
2019-12-11,MUFFINS,Pump CC,0.0,8.0,8.0,4.0,0,4,0.0,0,0,0,0,0,0,0
2019-12-11,MUFFINS,Cookies,0.0,0.0,0.0,0.0,0,0,0.0,0,0,0,0,0,0,0
2019-12-11,MUFFINS,Bars,0.0,0.0,0.0,0.0,0,0,0.0,0,0,0,0,0,0,0
2019-12-11,MUFFINS,Pies,,,,,0,0,,0,0,0,0,0,0,0
2019-12-11,MUFFINS,White Choc Cran,12.0,24.0,36.0,12.0,12,12,0.0,0,0,0,0,0,0,0
2019-12-11,MUFFINS,triple choc,5.0,30.0,35.0,22.0,12,1,0.0,0,0,0,0,0,0,0
2019-12-11,MUFFINS,st nicker,12.0,144.0,156.0,16.0,134,6,0.0,0,0,0,0,0,0,0
2019-12-11,MUFFINS,Ginger,11.0,12.0,23.0,14.0,0,9,0.0,0,0,0,0,0,0,0
2019-12-11,MUFFINS,frosted sugar,12.0,12.0,24.0,23.0,0,1,0.0,0,0,0,0,0,0,0
2019-12-11,MUFFINS,Pumpkin Bars,0.0,10.0,10.0,10.0,0,0,0.0,0,0,0,0,0,0,0
2019-12-11,MUFFINS,Brownies,0.0,10.0,10.0,6.0,0,4,0.0,0,0,0,0,0,0,0
2019-12-11,MUFFINS,AP,0.0,0.0,0.0,0.0,0,0,0.0,0,0,0,0,0,0,0
2019-12-11,MUFFINS,Cr-Ap Pie,0.0,0.0,0.0,0.0,0,0,0.0,0,0,0,0,0,0,0
2019-12-11,MUFFINS,PUMP OHHH,0.0,0.0,0.0,0.0,0,0,0.0,0,0,0,0,0,0,0
2019-12-11,MUFFINS,Bread Pudding,0.0,0.0,0.0,0.0,0,0,0.0,0,0,0,0,0,0,0
2019-12-11,MUFFINS,Totals,52.0,388.0,440.0,186.0,186,68,0.0,0,0,0,0,0,0,0
2019-12-12,BREAD,H,17.0,0.0,17.0,15.0,0,0,2.0,0,0,0,0,0,0,0
2019-12-12,BREAD,FR,16.0,0.0,16.0,-30.0,40,0,6.0,0,0,0,0,0,0,0
2019-12-12,BREAD,GW,8.0,0.0,8.0,8.0,0,0,0.0,0,0,0,0,0,0,0
2019-12-12,BREAD,DK,20.0,0.0,20.0,9.0,0,0,11.0,0,0,0,0,0,0,0
2019-12-12,BREAD,H5|Cran,7.0,11.0,18.0,5.0,0,0,13.0,2,6,8,1,0,0,7
2019-12-12,BREAD,CSRWL,12.0,12.0,24.0,15.0,0,0,9.0,6,0,6,2,0,0,0
2019-12-12,BREAD,MAP PEC,7.0,12.0,19.0,5.0,0,2,12.0,0,0,0,0,0,0,0
2019-12-12,BREAD,CB,0.0,12.0,12.0,6.0,0,0,6.0,0,4,4,4,0,0,0
2019-12-12,BREAD,CnE,2.0,59.0,61.0,17.0,41,0,3.0,0,0,0,0,0,0,0
2019-12-12,BREAD,CnR,4.0,0.0,4.0,4.0,0,0,0.0,0,0,0,0,0,0,0
2019-12-12,BREAD,CnW,0.0,0.0,0.0,0.0,0,0,0.0,0,0,0,0,0,0,0
2019-12-12,BREAD,CG,2.0,0.0,2.0,2.0,0,0,0.0,1,0,1,1,0,0,0
2019-12-12,BREAD,Pesto CG,1.0,0.0,1.0,1.0,0,0,0.0,0,0,0,0,0,0,0
2019-12-12,BREAD,CrO,0.0,31.0,31.0,6.0,17,0,8.0,0,3,3,3,0,0,0
2019-12-12,BREAD,VS,0.0,17.0,17.0,2.0,0,0,15.0,0,2,2,1,0,0,1
2019-12-12,BREAD,TS,5.0,0.0,5.0,5.0,0,0,0.0,0,0,0,0,0,0,0
2019-12-12,BREAD,Angels,3.0,0.0,3.0,1.0,0,2,0.0,0,0,0,0,0,0,0
2019-12-12,BREAD,Sour,6.0,0.0,6.0,6.0,0,0,0.0,0,0,0,0,0,0,0
2019-12-12,BREAD,Sour RG,2.0,0.0,2.0,2.0,0,0,0.0,0,0,0,0,0,0,0
2019-12-12,BREAD,SourCheese,4.0,0.0,4.0,4.0,0,0,0.0,0,0,0,0,0,0,0
2019-12-12,BREAD,CAR,0.0,0.0,0.0,0.0,0,0,0.0,0,0,0,0,0,0,0
2019-12-12,BREAD,IHF,0.0,0.0,0.0,0.0,0,0,0.0,0,0,0,0,0,0,0
2019-12-12,BREAD,CrO Rls,0.0,0.0,0.0,0.0,0,0,0.0,0,0,0,0,0,0,0
2019-12-12,BREAD,BUT Rls,2.0,0.0,2.0,2.0,0,0,0.0,0,0,0,0,0,0,0
2019-12-12,BREAD,H-RLS,6.0,0.0,6.0,-3.0,9,0,0.0,0,0,0,0,0,0,0
2019-12-12,BREAD,FR-RLS,0.0,0.0,0.0,-12.0,12,0,0.0,0,0,0,0,0,0,0
2019-12-12,BREAD,VS-RLS,0.0,6.0,6.0,-7.0,12,0,1.0,0,0,0,0,0,0,0
2019-12-12,BREAD,Blue Stru,5.0,1.0,6.0,5.0,0,0,1.0,0,0,0,0,0,0,0
2019-12-12,BREAD,Mex Choc,3.0,5.0,8.0,6.0,0,0,2.0,0,0,0,0,0,0,0
2019-12-12,BREAD,Pump CC,9.0,66.0,75.0,4.0,71,0,0.0,0,0,0,0,0,0,0
2019-12-12,ROLLS,Cinnamon,0.0,36.0,36.0,36.0,0,0,0.0,0,0,0,0,0,0,0
2019-12-12,ROLLS,Pecan C-R,0.0,12.0,12.0,11.0,0,1,0.0,0,0,0,0,0,0,0
2019-12-12,ROLLS,C-R TREE,0.0,0.0,0.0,-1.0,1,0,0.0,0,0,0,0,0,0,0
2019-12-12,ROLLS,Mini C-Roll,0.0,96.0,96.0,-32.0,48,80,0.0,0,0,0,0,0,0,0
2019-12-12,SCONES,Blueberry,0.0,11.0,11.0,8.0,0,3,0.0,0,0,0,0,0,0,0
2019-12-12,SCONES,Rasp Cream,0.0,0.0,0.0,0.0,0,0,0.0,0,0,0,0,0,0,0
2019-12-12,SCONES,Cherry,0.0,0.0,0.0,0.0,0,0,0.0,0,0,0,0,0,0,0
2019-12-12,SCONES,Butt Almond,0.0,0.0,0.0,0.0,0,0,0.0,0,0,0,0,0,0,0
2019-12-12,SCONES,Turtle,0.0,10.0,10.0,4.0,0,6,0.0,0,0,0,0,0,0,0
2019-12-12,SCONES,CIN CHIP,0.0,0.0,0.0,0.0,0,0,0.0,0,0,0,0,0,0,0
2019-12-12,SCONES,CrO,0.0,8.0,8.0,3.0,0,5,0.0,0,0,0,0,0,0,0
2019-12-12,SCONES,CrO W.Choc,0.0,8.0,8.0,1.0,0,7,0.0,0,0,0,0,0,0,0
2019-12-12,FRUIT BARS,Mixed Berry,0.0,0.0,0.0,0.0,0,0,0.0,0,0,0,0,0,0,0
2019-12-12,FRUIT BARS,Cherry,0.0,0.0,0.0,0.0,0,0,0.0,0,0,0,0,0,0,0
2019-12-12,FRUIT BARS,Apple Cin,0.0,12.0,12.0,10.0,0,2,0.0,0,0,0,0,0,0,0
2019-12-12,FRUIT BARS,Cran White,0.0,8.0,8.0,2.0,0,6,0.0,0,0,0,0,0,0,0
2019-12-12,MUFFINS,Blue Stru,0.0,4.0,4.0,-1.0,0,5,0.0,0,0,0,0,0,0,0
2019-12-12,MUFFINS,Mex Choc,0.0,6.0,6.0,1.0,0,5,0.0,0,0,0,0,0,0,0
2019-12-12,MUFFINS,Pump CC,0.0,8.0,8.0,0.0,0,8,0.0,0,0,0,0,0,0,0
2019-12-12,MUFFINS,Cookies,0.0,0.0,0.0,0.0,0,0,0.0,0,0,0,0,0,0,0
2019-12-12,MUFFINS,Bars,0.0,0.0,0.0,0.0,0,0,0.0,0,0,0,0,0,0,0
2019-12-12,MUFFINS,Pies,,,,,0,0,,0,0,0,0,0,0,0
2019-12-12,MUFFINS,White Choc Cran,0.0,42.0,42.0,10.0,10,0,22.0,0,0,0,0,0,0,0
2019-12-12,MUFFINS,triple choc,0.0,42.0,42.0,7.0,10,0,25.0,0,0,0,0,0,0,0
2019-12-12,MUFFINS,st nicker,0.0,246.0,246.0,-36.0,259,0,23.0,0,0,0,0,0,0,0
2019-12-12,MUFFINS,Ginger,0.0,30.0,30.0,-2.0,0,0,32.0,0,0,0,0,0,0,0
2019-12-12,MUFFINS,frosted sugar,0.0,24.0,24.0,-1.0,0,0,25.0,0,0,0,0,0,0,0
2019-12-12,MUFFINS,Pumpkin Bars,0.0,10.0,10.0,0.0,0,0,10.0,0,0,0,0,0,0,0
2019-12-12,MUFFINS,Brownies,0.0,0.0,0.0,-1.0,0,0,1.0,0,0,0,0,0,0,0
2019-12-12,MUFFINS,AP,0.0,0.0,0.0,0.0,0,0,0.0,0,0,0,0,0,0,0
2019-12-12,MUFFINS,Cr-Ap Pie,0.0,0.0,0.0,0.0,0,0,0.0,0,0,0,0,0,0,0
2019-12-12,MUFFINS,PUMP OHHH,0.0,0.0,0.0,0.0,0,0,0.0,0,0,0,0,0,0,0
2019-12-12,MUFFINS,Bread Pudding,0.0,0.0,0.0,0.0,0,0,0.0,0,0,0,0,0,0,0
2019-12-12,MUFFINS,Totals,0.0,613.0,613.0,19.0,328,128,138.0,0,0,0,0,0,0,0
2019-12-13,BREAD,H,2.0,47.0,49.0,28.0,3,0,18.0,0,0,0,0,0,0,0
2019-12-13,BREAD,FR,6.0,66.0,72.0,16.0,41,0,15.0,0,0,0,0,0,0,0
2019-12-13,BREAD,GW,0.0,5.0,5.0,4.0,0,0,1.0,0,0,0,0,0,0,0
2019-12-13,BREAD,DK,11.0,21.0,32.0,13.0,0,0,19.0,0,0,0,0,0,0,0
2019-12-13,BREAD,H5|Cran,13.0,0.0,13.0,4.0,0,0,9.0,7,0,7,2,0,0,5
2019-12-13,BREAD,CSRWL,9.0,32.0,41.0,17.0,17,0,7.0,0,6,6,2,0,0,4
2019-12-13,BREAD,MAP PEC,12.0,8.0,20.0,6.0,4,0,10.0,0,3,3,0,0,0,3
2019-12-13,BREAD,CB,6.0,0.0,6.0,6.0,0,0,0.0,0,0,0,-1,0,0,1
2019-12-13,BREAD,CnE,3.0,28.0,31.0,12.0,2,0,17.0,0,3,3,1,0,0,2
2019-12-13,BREAD,CnR,0.0,4.0,4.0,4.0,0,0,0.0,0,0,0,0,0,0,0
2019-12-13,BREAD,CnW,0.0,6.0,6.0,4.0,2,0,0.0,0,0,0,0,0,0,0
2019-12-13,BREAD,CG,0.0,7.0,7.0,6.0,0,0,1.0,0,3,3,3,0,0,0
2019-12-13,BREAD,Pesto CG,0.0,4.0,4.0,1.0,0,0,3.0,0,0,0,0,0,0,0
2019-12-13,BREAD,CrO,8.0,0.0,8.0,8.0,0,0,0.0,0,0,0,0,0,0,0
2019-12-13,BREAD,VS,15.0,0.0,15.0,9.0,0,6,0.0,1,0,1,0,0,0,0
2019-12-13,BREAD,TS,0.0,16.0,16.0,8.0,0,0,8.0,0,3,3,1,0,0,2
2019-12-13,BREAD,Angels,0.0,5.0,5.0,3.0,0,0,2.0,0,0,0,0,0,0,0
2019-12-13,BREAD,Sour,0.0,7.0,7.0,4.0,0,0,3.0,0,0,0,0,0,0,0
2019-12-13,BREAD,Sour RG,0.0,4.0,4.0,3.0,0,0,1.0,0,0,0,0,0,0,0
2019-12-13,BREAD,SourCheese,0.0,3.0,3.0,3.0,0,0,0.0,0,0,0,0,0,0,0
2019-12-13,BREAD,CAR,0.0,0.0,0.0,0.0,0,0,0.0,0,0,0,0,0,0,0
2019-12-13,BREAD,IHF,0.0,0.0,0.0,0.0,0,0,0.0,0,0,0,0,0,0,0
2019-12-13,BREAD,SOUR JC,0.0,0.0,0.0,-1.0,1,0,0.0,0,0,0,0,0,0,0
2019-12-13,BREAD,CrO Rls,0.0,0.0,0.0,0.0,0,0,0.0,0,0,0,0,0,0,0
2019-12-13,BREAD,BUT Rls,0.0,21.0,21.0,11.0,0,0,10.0,0,0,0,0,0,0,0
2019-12-13,BREAD,H-RLS,0.0,12.0,12.0,10.0,0,0,2.0,0,0,0,0,0,0,0
2019-12-13,BREAD,FR-RLS,0.0,3.0,3.0,0.0,3,0,0.0,0,0,0,0,0,0,0
2019-12-13,BREAD,VS-RLS,1.0,0.0,1.0,1.0,0,0,0.0,0,0,0,0,0,0,0
2019-12-13,BREAD,Blue Stru,1.0,8.0,9.0,5.0,1,0,3.0,0,0,0,0,0,0,0
2019-12-13,BREAD,Mex Choc,2.0,6.0,8.0,1.0,0,1,6.0,0,0,0,0,0,0,0
2019-12-13,BREAD,Pump CC,0.0,16.0,16.0,10.0,4,0,2.0,0,0,0,0,0,0,0
2019-12-13,ROLLS,Cinnamon,0.0,36.0,36.0,36.0,0,0,0.0,0,0,0,0,0,0,0
2019-12-13,ROLLS,Pecan C-R,0.0,24.0,24.0,23.0,0,1,0.0,0,0,0,0,0,0,0
2019-12-13,ROLLS,C-R TREE,0.0,0.0,0.0,-4.0,1,0,3.0,0,0,0,0,0,0,0
2019-12-13,ROLLS,Mini C-Roll,0.0,0.0,0.0,0.0,0,0,0.0,0,0,0,0,0,0,0
2019-12-13,SCONES,Blueberry,0.0,0.0,0.0,0.0,0,0,0.0,0,0,0,0,0,0,0
2019-12-13,SCONES,Rasp Cream,0.0,0.0,0.0,0.0,0,0,0.0,0,0,0,0,0,0,0
2019-12-13,SCONES,Cherry,0.0,17.0,17.0,8.0,4,5,0.0,0,3,3,1,0,0,0
2019-12-13,SCONES,Butt Almond,0.0,12.0,12.0,4.0,0,8,0.0,0,3,3,1,0,0,0
2019-12-13,SCONES,Turtle,0.0,0.0,0.0,0.0,0,0,0.0,0,0,0,0,0,0,0
2019-12-13,SCONES,CIN CHIP,0.0,0.0,0.0,0.0,0,0,0.0,0,0,0,0,0,0,0
2019-12-13,SCONES,CrO,0.0,10.0,10.0,10.0,0,0,0.0,0,2,2,0,0,0,0
2019-12-13,SCONES,CrO W.Choc,0.0,10.0,10.0,10.0,0,0,0.0,0,2,2,0,0,0,0
2019-12-13,FRUIT BARS,Mixed Berry,0.0,8.0,8.0,3.0,4,1,0.0,0,0,0,0,0,0,0
2019-12-13,FRUIT BARS,Cherry,0.0,12.0,12.0,3.0,6,3,0.0,0,0,0,0,0,0,0
2019-12-13,FRUIT BARS,Apple Cin,0.0,0.0,0.0,0.0,0,0,0.0,0,0,0,0,0,0,0
2019-12-13,FRUIT BARS,Cran White,0.0,0.0,0.0,0.0,0,0,0.0,0,0,0,0,0,0,0
2019-12-13,MUFFINS,Blue Stru,0.0,6.0,6.0,5.0,0,1,0.0,0,4,4,0,0,0,0
2019-12-13,MUFFINS,Mex Choc,0.0,8.0,8.0,5.0,0,3,0.0,0,4,4,0,0,0,0
2019-12-13,MUFFINS,Pump CC,0.0,12.0,12.0,5.0,0,7,0.0,0,0,0,0,0,0,0
2019-12-13,MUFFINS,Cookies,0.0,0.0,0.0,0.0,0,0,0.0,0,0,0,0,0,0,0
2019-12-13,MUFFINS,Bars,0.0,0.0,0.0,0.0,0,0,0.0,0,0,0,0,0,0,0
2019-12-13,MUFFINS,Pies,,,,,0,0,,0,0,0,0,0,0,0
2019-12-13,MUFFINS,White Choc Cran,22.0,6.0,28.0,13.0,1,12,2.0,0,14,14,0,0,0,0
2019-12-13,MUFFINS,triple choc,25.0,0.0,25.0,16.0,1,8,0.0,0,14,14,0,0,0,0
2019-12-13,MUFFINS,st nicker,23.0,6.0,29.0,18.0,2,5,4.0,0,14,14,0,0,0,0
2019-12-13,MUFFINS,Ginger,32.0,0.0,32.0,16.0,0,16,0.0,0,12,12,0,0,0,0
2019-12-13,MUFFINS,frosted sugar,25.0,0.0,25.0,6.0,0,0,19.0,0,0,0,0,0,0,0
2019-12-13,MUFFINS,Pumpkin Bars,10.0,9.0,19.0,5.0,9,0,5.0,0,0,0,0,0,0,0
2019-12-13,MUFFINS,Brownies,1.0,18.0,19.0,10.0,9,0,0.0,0,0,0,0,0,0,0
2019-12-13,MUFFINS,KAHUNA-DISPOSABLE,0.0,20.0,20.0,20.0,0,0,0.0,0,0,0,0,0,0,0
2019-12-13,MUFFINS,AP,0.0,0.0,0.0,0.0,0,0,0.0,0,0,0,0,0,0,0
2019-12-13,MUFFINS,Cr-Ap Pie,0.0,0.0,0.0,0.0,0,0,0.0,0,0,0,0,0,0,0
2019-12-13,MUFFINS,PUMP OHHH,0.0,0.0,0.0,0.0,0,0,0.0,0,0,0,0,0,0,0
2019-12-13,MUFFINS,Bread Pudding,0.0,0.0,0.0,0.0,0,0,0.0,0,0,0,0,0,0,0
2019-12-13,MUFFINS,Totals,138.0,214.0,352.0,212.0,37,70,33.0,0,72,72,2,0,0,0
2019-12-14,BREAD,H,18.0,0.0,18.0,15.0,0,3,0.0,0,0,0,0,0,0,0
2019-12-14,BREAD,FR,15.0,0.0,15.0,15.0,0,0,0.0,0,0,0,0,0,0,0
2019-12-14,BREAD,GW,1.0,9.0,10.0,7.0,0,3,0.0,0,0,0,0,0,0,0
2019-12-14,BREAD,DK,19.0,0.0,19.0,19.0,0,0,0.0,0,0,0,0,0,0,0
2019-12-14,BREAD,H5|Cran,9.0,0.0,9.0,3.0,0,6,0.0,5,0,5,2,0,0,0
2019-12-14,BREAD,CSRWL,7.0,12.0,19.0,14.0,3,2,0.0,4,0,4,4,0,0,0
2019-12-14,BREAD,MAP PEC,10.0,4.0,14.0,7.0,0,7,0.0,3,0,3,1,0,0,0
2019-12-14,BREAD,CB,0.0,5.0,5.0,5.0,0,0,0.0,1,3,4,4,0,0,0
2019-12-14,BREAD,CnE,17.0,0.0,17.0,17.0,0,0,0.0,2,0,2,0,0,0,0
2019-12-14,BREAD,CnR,0.0,0.0,0.0,0.0,0,0,0.0,0,0,0,0,0,0,0
2019-12-14,BREAD,CnW,0.0,0.0,0.0,0.0,0,0,0.0,0,0,0,0,0,0,0
2019-12-14,BREAD,CG,1.0,0.0,1.0,1.0,0,0,0.0,0,0,0,0,0,0,0
2019-12-14,BREAD,Pesto CG,3.0,0.0,3.0,3.0,0,0,0.0,0,0,0,0,0,0,0
2019-12-14,BREAD,CrO,0.0,16.0,16.0,13.0,1,2,0.0,0,2,2,2,0,0,0
2019-12-14,BREAD,VS,0.0,6.0,6.0,3.0,1,2,0.0,0,3,3,1,0,0,0
2019-12-14,BREAD,TS,8.0,0.0,8.0,4.0,0,4,0.0,2,0,2,0,0,0,0
2019-12-14,BREAD,Angels,2.0,0.0,2.0,1.0,0,1,0.0,0,0,0,0,0,0,0
2019-12-14,BREAD,Sour,3.0,0.0,3.0,2.0,0,1,0.0,0,0,0,0,0,0,0
2019-12-14,BREAD,Sour RG,1.0,0.0,1.0,1.0,0,0,0.0,0,0,0,0,0,0,0
2019-12-14,BREAD,SourCheese,0.0,0.0,0.0,0.0,0,0,0.0,0,0,0,0,0,0,0
2019-12-14,BREAD,CAR,0.0,0.0,0.0,0.0,0,0,0.0,0,0,0,0,0,0,0
2019-12-14,BREAD,IHF,0.0,0.0,0.0,0.0,0,0,0.0,0,0,0,0,0,0,0
2019-12-14,BREAD,CrO Rls,0.0,0.0,0.0,0.0,0,0,0.0,0,0,0,0,0,0,0
2019-12-14,BREAD,BUT Rls,10.0,0.0,10.0,10.0,0,0,0.0,0,0,0,0,0,0,0
2019-12-14,BREAD,H-RLS,2.0,0.0,2.0,0.0,0,2,0.0,0,0,0,0,0,0,0
2019-12-14,BREAD,FR-RLS,0.0,0.0,0.0,-6.0,0,6,0.0,0,0,0,0,0,0,0
2019-12-14,BREAD,VS-RLS,0.0,4.0,4.0,2.0,0,2,0.0,0,0,0,0,0,0,0
2019-12-14,BREAD,Blue Stru,3.0,1.0,4.0,3.0,0,1,0.0,0,0,0,0,0,0,0
2019-12-14,BREAD,Mex Choc,6.0,0.0,6.0,2.0,0,4,0.0,0,0,0,0,0,0,0
2019-12-14,BREAD,Pump CC,2.0,6.0,8.0,5.0,0,3,0.0,0,0,0,0,0,0,0
2019-12-14,ROLLS,Cinnamon,0.0,48.0,48.0,48.0,0,0,0.0,0,0,0,0,0,0,0
2019-12-14,ROLLS,Pecan C-R,0.0,24.0,24.0,15.0,0,9,0.0,0,0,0,0,0,0,0
2019-12-14,ROLLS,C-R TREE,0.0,0.0,0.0,-3.0,0,3,0.0,0,0,0,0,0,0,0
2019-12-14,ROLLS,Mini C-Roll,0.0,0.0,0.0,0.0,0,0,0.0,0,0,0,0,0,0,0
2019-12-14,SCONES,Blueberry,0.0,15.0,15.0,13.0,0,2,0.0,0,0,0,0,0,0,0
2019-12-14,SCONES,Rasp Cream,0.0,0.0,0.0,0.0,0,0,0.0,0,0,0,0,0,0,0
2019-12-14,SCONES,Cherry,0.0,0.0,0.0,0.0,0,0,0.0,0,0,0,0,0,0,0
2019-12-14,SCONES,Butt Almond,0.0,15.0,15.0,13.0,0,2,0.0,0,0,0,0,0,0,0
2019-12-14,SCONES,Turtle,0.0,0.0,0.0,0.0,0,0,0.0,0,0,0,0,0,0,0
2019-12-14,SCONES,CIN CHIP,0.0,0.0,0.0,0.0,0,0,0.0,0,0,0,0,0,0,0
2019-12-14,SCONES,CrO,0.0,5.0,5.0,3.0,0,2,0.0,0,0,0,0,0,0,0
2019-12-14,SCONES,CrO W.Choc,0.0,8.0,8.0,8.0,0,0,0.0,0,0,0,0,0,0,0
2019-12-14,FRUIT BARS,Mixed Berry,0.0,0.0,0.0,0.0,0,0,0.0,0,0,0,0,0,0,0
2019-12-14,FRUIT BARS,Cherry,0.0,0.0,0.0,0.0,0,0,0.0,0,0,0,0,0,0,0
2019-12-14,FRUIT BARS,Apple Cin,0.0,12.0,12.0,8.0,0,4,0.0,0,0,0,0,0,0,0
2019-12-14,FRUIT BARS,Cran White,0.0,8.0,8.0,5.0,0,3,0.0,0,0,0,0,0,0,0
2019-12-14,MUFFINS,Blue Stru,0.0,6.0,6.0,6.0,0,0,0.0,0,0,0,0,0,0,0
2019-12-14,MUFFINS,Mex Choc,0.0,6.0,6.0,5.0,0,1,0.0,0,0,0,0,0,0,0
2019-12-14,MUFFINS,Pump CC,0.0,8.0,8.0,8.0,0,0,0.0,0,0,0,0,0,0,0
2019-12-14,MUFFINS,Cookies,0.0,0.0,0.0,0.0,0,0,0.0,0,0,0,0,0,0,0
2019-12-14,MUFFINS,Bars,0.0,0.0,0.0,0.0,0,0,0.0,0,0,0,0,0,0,0
2019-12-14,MUFFINS,Pies,,,,,0,0,,0,0,0,0,0,0,0
2019-12-14,MUFFINS,White Choc Cran,2.0,12.0,14.0,2.0,12,0,0.0,0,0,0,0,0,0,0
2019-12-14,MUFFINS,triple choc,0.0,12.0,12.0,11.0,1,0,0.0,0,0,0,0,0,0,0
2019-12-14,MUFFINS,st nicker,4.0,24.0,28.0,13.0,12,3,0.0,0,0,0,0,0,0,0
2019-12-14,MUFFINS,Ginger,0.0,6.0,6.0,3.0,0,3,0.0,0,0,0,0,0,0,0
2019-12-14,MUFFINS,frosted sugar,19.0,0.0,19.0,10.0,0,9,0.0,0,0,0,0,0,0,0
2019-12-14,MUFFINS,Pumpkin Bars,5.0,3.0,8.0,3.0,0,5,0.0,0,0,0,0,0,0,0
2019-12-14,MUFFINS,Brownies,0.0,0.0,0.0,0.0,0,0,0.0,0,0,0,0,0,0,0
2019-12-14,MUFFINS,AP,0.0,0.0,0.0,0.0,0,0,0.0,0,0,0,0,0,0,0
2019-12-14,MUFFINS,Cr-Ap Pie,0.0,0.0,0.0,0.0,0,0,0.0,0,0,0,0,0,0,0
2019-12-14,MUFFINS,PUMP OHHH,0.0,0.0,0.0,0.0,0,0,0.0,0,0,0,0,0,0,0
2019-12-14,MUFFINS,Bread Pudding,0.0,0.0,0.0,0.0,0,0,0.0,0,0,0,0,0,0,0
2019-12-14,MUFFINS,Totals,30.0,212.0,242.0,171.0,25,46,0.0,0,0,0,0,0,0,0
2019-12-15,BREAD,H,0.0,0.0,0.0,0.0,0,0,0.0,0,0,0,0,0,0,0
2019-12-15,BREAD,FR,0.0,0.0,0.0,0.0,0,0,0.0,0,0,0,0,0,0,0
2019-12-15,BREAD,GW,0.0,0.0,0.0,0.0,0,0,0.0,0,0,0,0,0,0,0
2019-12-15,BREAD,DK,0.0,0.0,0.0,0.0,0,0,0.0,0,0,0,0,0,0,0
2019-12-15,BREAD,H5|Cran,0.0,0.0,0.0,0.0,0,0,0.0,0,0,0,0,0,0,0
2019-12-15,BREAD,CSRWL,0.0,0.0,0.0,0.0,0,0,0.0,0,0,0,0,0,0,0
2019-12-15,BREAD,PUMP PIE SW,0.0,0.0,0.0,0.0,0,0,0.0,0,0,0,0,0,0,0
2019-12-15,BREAD,CB,0.0,0.0,0.0,0.0,0,0,0.0,0,0,0,0,0,0,0
2019-12-15,BREAD,CPBB,0.0,0.0,0.0,0.0,0,0,0.0,0,0,0,0,0,0,0
2019-12-15,BREAD,CNE,0.0,0.0,0.0,0.0,0,0,0.0,0,0,0,0,0,0,0
2019-12-15,BREAD,CNR,0.0,0.0,0.0,0.0,0,0,0.0,0,0,0,0,0,0,0
2019-12-15,BREAD,CNW,0.0,0.0,0.0,0.0,0,0,0.0,0,0,0,0,0,0,0
2019-12-15,BREAD,CG,0.0,0.0,0.0,0.0,0,0,0.0,0,0,0,0,0,0,0
2019-12-15,BREAD,Pesto CG,0.0,0.0,0.0,0.0,0,0,0.0,0,0,0,0,0,0,0
2019-12-15,BREAD,CrO,0.0,0.0,0.0,0.0,0,0,0.0,0,0,0,0,0,0,0
2019-12-15,BREAD,VS,0.0,0.0,0.0,0.0,0,0,0.0,0,0,0,0,0,0,0
2019-12-15,BREAD,STUF,0.0,0.0,0.0,0.0,0,0,0.0,0,0,0,0,0,0,0
2019-12-15,BREAD,SOURDOUGH,0.0,0.0,0.0,0.0,0,0,0.0,0,0,0,0,0,0,0
2019-12-15,BREAD,SOUR JC,0.0,0.0,0.0,0.0,0,0,0.0,0,0,0,0,0,0,0
2019-12-15,BREAD,Sour RG,0.0,0.0,0.0,0.0,0,0,0.0,0,0,0,0,0,0,0
2019-12-15,BREAD,WC,0.0,0.0,0.0,0.0,0,0,0.0,0,0,0,0,0,0,0
2019-12-15,BREAD,Car,0.0,0.0,0.0,0.0,0,0,0.0,0,0,0,0,0,0,0
2019-12-15,BREAD,IHF,0.0,0.0,0.0,0.0,0,0,0.0,0,0,0,0,0,0,0
2019-12-15,BREAD,TURKEYS,0.0,0.0,0.0,0.0,0,0,0.0,0,0,0,0,0,0,0
2019-12-15,BREAD,CrO Rls,0.0,0.0,0.0,0.0,0,0,0.0,0,0,0,0,0,0,0
2019-12-15,BREAD,BUT Rls,0.0,0.0,0.0,0.0,0,0,0.0,0,0,0,0,0,0,0
2019-12-15,BREAD,H-RLS,0.0,0.0,0.0,0.0,0,0,0.0,0,0,0,0,0,0,0
2019-12-15,BREAD,FR-RLS,0.0,0.0,0.0,0.0,0,0,0.0,0,0,0,0,0,0,0
2019-12-15,BREAD,VS-RLS,0.0,0.0,0.0,0.0,0,0,0.0,0,0,0,0,0,0,0
2019-12-15,BREAD,Gingerbread,0.0,0.0,0.0,0.0,0,0,0.0,0,0,0,0,0,0,0
2019-12-15,BREAD,Mex Choc,0.0,0.0,0.0,0.0,0,0,0.0,0,0,0,0,0,0,0
2019-12-15,BREAD,Pump CC,0.0,0.0,0.0,0.0,0,0,0.0,0,0,0,0,0,0,0
2019-12-15,ROLLS,Cinnamon,0.0,0.0,0.0,0.0,0,0,0.0,0,0,0,0,0,0,0
2019-12-15,ROLLS,Pump C-R,0.0,0.0,0.0,0.0,0,0,0.0,0,0,0,0,0,0,0
2019-12-15,ROLLS,Take-n-bake,0.0,0.0,0.0,0.0,0,0,0.0,0,0,0,0,0,0,0
2019-12-15,ROLLS,Mini C-Roll,0.0,0.0,0.0,0.0,0,0,0.0,0,0,0,0,0,0,0
2019-12-15,SCONES,Blueberry,0.0,0.0,0.0,0.0,0,0,0.0,0,0,0,0,0,0,0
2019-12-15,SCONES,Rasp Cream,0.0,0.0,0.0,0.0,0,0,0.0,0,0,0,0,0,0,0
2019-12-15,SCONES,Cherry,0.0,0.0,0.0,0.0,0,0,0.0,0,0,0,0,0,0,0
2019-12-15,SCONES,Butt Almond,0.0,0.0,0.0,0.0,0,0,0.0,0,0,0,0,0,0,0
2019-12-15,SCONES,Turtle,0.0,0.0,0.0,0.0,0,0,0.0,0,0,0,0,0,0,0
2019-12-15,SCONES,pb choc,0.0,0.0,0.0,0.0,0,0,0.0,0,0,0,0,0,0,0
2019-12-15,SCONES,Pump Spice,0.0,0.0,0.0,0.0,0,0,0.0,0,0,0,0,0,0,0
2019-12-15,FRUIT BARS,Mixed Berry,0.0,0.0,0.0,0.0,0,0,0.0,0,0,0,0,0,0,0
2019-12-15,FRUIT BARS,Cherry,0.0,0.0,0.0,0.0,0,0,0.0,0,0,0,0,0,0,0
2019-12-15,FRUIT BARS,Apple Cin,0.0,0.0,0.0,0.0,0,0,0.0,0,0,0,0,0,0,0
2019-12-15,FRUIT BARS,MIXED FRUIT,0.0,0.0,0.0,0.0,0,0,0.0,0,0,0,0,0,0,0
2019-12-15,MUFFINS,Gingerbread,0.0,0.0,0.0,0.0,0,0,0.0,0,0,0,0,0,0,0
2019-12-15,MUFFINS,Mex Choc,0.0,0.0,0.0,0.0,0,0,0.0,0,0,0,0,0,0,0
2019-12-15,MUFFINS,Pump CC,0.0,0.0,0.0,0.0,0,0,0.0,0,0,0,0,0,0,0
2019-12-15,MUFFINS,Cookies,0.0,0.0,0.0,0.0,0,0,0.0,0,0,0,0,0,0,0
2019-12-15,MUFFINS,Bars,0.0,0.0,0.0,0.0,0,0,0.0,0,0,0,0,0,0,0
2019-12-15,MUFFINS,Pies,,,,,0,0,,0,0,0,0,0,0,0
2019-12-15,MUFFINS,oatmeal choc,0.0,0.0,0.0,0.0,0,0,0.0,0,0,0,0,0,0,0
2019-12-15,MUFFINS,triple choc,0.0,0.0,0.0,0.0,0,0,0.0,0,0,0,0,0,0,0
2019-12-15,MUFFINS,snickerdoodle,0.0,0.0,0.0,0.0,0,0,0.0,0,0,0,0,0,0,0
2019-12-15,MUFFINS,Ginger,0.0,0.0,0.0,0.0,0,0,0.0,0,0,0,0,0,0,0
2019-12-15,MUFFINS,frosted sugar,0.0,0.0,0.0,0.0,0,0,0.0,0,0,0,0,0,0,0
2019-12-15,MUFFINS,Pumpkin Bars,0.0,0.0,0.0,0.0,0,0,0.0,0,0,0,0,0,0,0
2019-12-15,MUFFINS,Pump Pie,0.0,0.0,0.0,0.0,0,0,0.0,0,0,0,0,0,0,0
2019-12-15,MUFFINS,Sugar Pie,0.0,0.0,0.0,0.0,0,0,0.0,0,0,0,0,0,0,0
2019-12-15,MUFFINS,Pecan Pie,0.0,0.0,0.0,0.0,0,0,0.0,0,0,0,0,0,0,0
2019-12-15,MUFFINS,AP,0.0,0.0,0.0,0.0,0,0,0.0,0,0,0,0,0,0,0
2019-12-15,MUFFINS,Cr-Ap Pie,0.0,0.0,0.0,0.0,0,0,0.0,0,0,0,0,0,0,0
2019-12-15,MUFFINS,PUMP OHHH,0.0,0.0,0.0,0.0,0,0,0.0,0,0,0,0,0,0,0
2019-12-15,MUFFINS,Bread Pudding,0.0,0.0,0.0,0.0,0,0,0.0,0,0,0,0,0,0,0
2019-12-15,MUFFINS,Totals,0.0,0.0,0.0,0.0,0,0,0.0,0,0,0,0,0,0,0
2019-12-16,BREAD,H,0.0,36.0,36.0,14.0,5,0,17.0,0,0,0,0,0,0,0
2019-12-16,BREAD,FR,0.0,26.0,26.0,14.0,2,0,10.0,0,0,0,0,0,0,0
2019-12-16,BREAD,GW,0.0,13.0,13.0,11.0,2,0,0.0,0,0,0,0,0,0,0
2019-12-16,BREAD,DK,0.0,22.0,22.0,18.0,0,0,4.0,0,0,0,0,0,0,0
2019-12-16,BREAD,H5|Cran,0.0,0.0,0.0,0.0,0,0,0.0,0,0,0,0,0,0,0
2019-12-16,BREAD,CSRWL,0.0,24.0,24.0,20.0,2,0,2.0,0,8,8,3,0,0,5
2019-12-16,BREAD,MAP PEC,0.0,16.0,16.0,8.0,0,0,8.0,0,2,2,1,0,0,1
2019-12-16,BREAD,CB,0.0,0.0,0.0,0.0,0,0,0.0,0,0,0,0,0,0,0
2019-12-16,BREAD,CnE,0.0,42.0,42.0,20.0,22,0,0.0,0,9,9,9,0,0,0
2019-12-16,BREAD,CnR,0.0,4.0,4.0,1.0,0,0,3.0,0,0,0,0,0,0,0
2019-12-16,BREAD,CnW,0.0,7.0,7.0,3.0,0,0,4.0,0,0,0,0,0,0,0
2019-12-16,BREAD,CG,0.0,8.0,8.0,5.0,0,0,3.0,0,7,7,7,0,0,0
2019-12-16,BREAD,Pesto CG,0.0,3.0,3.0,3.0,0,0,0.0,0,0,0,0,0,0,0
2019-12-16,BREAD,CrO,0.0,0.0,0.0,0.0,0,0,0.0,0,0,0,0,0,0,0
2019-12-16,BREAD,VS,0.0,0.0,0.0,0.0,0,0,0.0,0,0,0,0,0,0,0
2019-12-16,BREAD,TS,0.0,13.0,13.0,6.0,5,0,2.0,0,5,5,5,0,0,0
2019-12-16,BREAD,Angels,0.0,4.0,4.0,1.0,0,0,3.0,0,0,0,0,0,0,0
2019-12-16,BREAD,Sour,0.0,18.0,18.0,5.0,0,0,13.0,0,0,0,0,0,0,0
2019-12-16,BREAD,Sour RG,0.0,5.0,5.0,2.0,0,0,3.0,0,0,0,0,0,0,0
2019-12-16,BREAD,SourCheese,0.0,3.0,3.0,3.0,0,0,0.0,0,0,0,0,0,0,0
2019-12-16,BREAD,CAR,0.0,0.0,0.0,0.0,0,0,0.0,0,0,0,0,0,0,0
2019-12-16,BREAD,IHF,0.0,25.0,25.0,25.0,0,0,0.0,0,0,0,0,0,0,0
2019-12-16,BREAD,CrO Rls,0.0,0.0,0.0,0.0,0,0,0.0,0,0,0,0,0,0,0
2019-12-16,BREAD,BUT Rls,0.0,0.0,0.0,0.0,0,0,0.0,0,0,0,0,0,0,0
2019-12-16,BREAD,H-RLS,0.0,5.0,5.0,1.0,0,0,4.0,0,0,0,0,0,0,0
2019-12-16,BREAD,FR-RLS,0.0,5.0,5.0,3.0,0,0,2.0,0,0,0,0,0,0,0
2019-12-16,BREAD,VS-RLS,0.0,0.0,0.0,0.0,0,0,0.0,0,0,0,0,0,0,0
2019-12-16,BREAD,Blue Stru,0.0,4.0,4.0,1.0,0,0,3.0,0,0,0,0,0,0,0
2019-12-16,BREAD,Mex Choc,0.0,4.0,4.0,4.0,0,0,0.0,0,0,0,0,0,0,0
2019-12-16,BREAD,Pump CC,0.0,31.0,31.0,3.0,19,0,9.0,0,0,0,0,0,0,0
2019-12-16,ROLLS,Cinnamon,0.0,72.0,72.0,30.0,40,2,0.0,0,0,0,0,0,0,0
2019-12-16,ROLLS,Pecan C-R,0.0,12.0,12.0,3.0,0,9,0.0,0,0,0,0,0,0,0
2019-12-16,ROLLS,C-R TREE,0.0,0.0,0.0,-2.0,0,0,2.0,0,0,0,0,0,0,0
2019-12-16,ROLLS,Mini C-Roll,0.0,0.0,0.0,-3.0,0,0,3.0,0,0,0,0,0,0,0
2019-12-16,SCONES,Blueberry,0.0,0.0,0.0,0.0,0,0,0.0,0,0,0,0,0,0,0
2019-12-16,SCONES,Rasp Cream,0.0,16.0,16.0,7.0,0,9,0.0,0,5,5,0,0,0,0
2019-12-16,SCONES,Cherry,0.0,0.0,0.0,0.0,0,0,0.0,0,0,0,0,0,0,0
2019-12-16,SCONES,Butt Almond,0.0,0.0,0.0,0.0,0,0,0.0,0,0,0,0,0,0,0
2019-12-16,SCONES,Turtle,0.0,0.0,0.0,0.0,0,0,0.0,0,0,0,0,0,0,0
2019-12-16,SCONES,CIN CHIP,0.0,10.0,10.0,8.0,0,2,0.0,0,6,6,1,0,0,0
2019-12-16,SCONES,CrO,0.0,6.0,6.0,5.0,0,1,0.0,0,0,0,0,0,0,0
2019-12-16,SCONES,CrO W.Choc,0.0,6.0,0.0,-1.0,0,1,0.0,0,0,0,0,0,0,0
2019-12-16,FRUIT BARS,Mixed Berry,0.0,8.0,12.0,8.0,2,2,0.0,0,0,0,0,0,0,0
2019-12-16,FRUIT BARS,Cherry,0.0,12.0,0.0,-4.0,2,2,0.0,0,0,0,0,0,0,0
2019-12-16,FRUIT BARS,Apple Cin,0.0,0.0,0.0,0.0,0,0,0.0,0,0,0,0,0,0,0
2019-12-16,FRUIT BARS,Cran White,0.0,0.0,0.0,0.0,0,0,0.0,0,0,0,0,0,0,0
2019-12-16,MUFFINS,Blue Stru,0.0,4.0,4.0,1.0,0,3,0.0,0,5,5,0,0,0,0
2019-12-16,MUFFINS,Mex Choc,0.0,5.0,5.0,-1.0,0,6,0.0,0,5,5,0,0,0,0
2019-12-16,MUFFINS,Pump CC,0.0,6.0,6.0,5.0,0,1,0.0,0,0,0,0,0,0,0
2019-12-16,MUFFINS,Cookies,0.0,0.0,0.0,0.0,0,0,0.0,0,0,0,0,0,0,0
2019-12-16,MUFFINS,Bars,0.0,0.0,0.0,0.0,0,0,0.0,0,0,0,0,0,0,0
2019-12-16,MUFFINS,Pies,,,,,0,0,,0,0,0,0,0,0,0
2019-12-16,MUFFINS,White Choc Cran,0.0,42.0,42.0,-5.0,16,0,31.0,0,0,0,0,0,0,0
2019-12-16,MUFFINS,triple choc,0.0,42.0,42.0,13.0,21,0,8.0,0,0,0,0,0,0,0
2019-12-16,MUFFINS,st nicker,0.0,114.0,114.0,8.0,78,0,28.0,0,0,0,0,0,0,0
2019-12-16,MUFFINS,Ginger,0.0,20.0,20.0,0.0,0,0,20.0,0,0,0,0,0,0,0
2019-12-16,MUFFINS,frosted sugar,0.0,30.0,30.0,10.0,0,0,20.0,0,0,0,0,0,0,0
2019-12-16,MUFFINS,Pumpkin Bars,0.0,8.0,8.0,5.0,0,0,3.0,0,0,0,0,0,0,0
2019-12-16,MUFFINS,Brownies,0.0,8.0,8.0,8.0,0,0,0.0,0,0,0,0,0,0,0
2019-12-16,MUFFINS,AP,0.0,0.0,0.0,0.0,0,0,0.0,0,0,0,0,0,0,0
2019-12-16,MUFFINS,Cr-Ap Pie,0.0,0.0,0.0,0.0,0,0,0.0,0,0,0,0,0,0,0
2019-12-16,MUFFINS,PUMP OHHH,0.0,0.0,0.0,0.0,0,0,0.0,0,0,0,0,0,0,0
2019-12-16,MUFFINS,Bread Pudding,0.0,0.0,0.0,0.0,0,0,0.0,0,0,0,0,0,0,0
2019-12-16,MUFFINS,Totals,0.0,421.0,407.0,95.0,159,38,115.0,0,21,21,1,0,0,0
2019-12-17,BREAD,H,17.0,34.0,51.0,17.0,2,0,32.0,0,0,0,0,0,0,0
2019-12-17,BREAD,FR,10.0,15.0,25.0,12.0,0,0,13.0,0,0,0,0,0,0,0
2019-12-17,BREAD,GW,0.0,8.0,8.0,2.0,0,0,6.0,0,0,0,0,0,0,0
2019-12-17,BREAD,DK,4.0,0.0,4.0,-2.0,0,0,6.0,0,0,0,0,0,0,0
2019-12-17,BREAD,H5|Cran,0.0,13.0,13.0,7.0,0,0,6.0,0,7,7,2,0,0,5
2019-12-17,BREAD,CSRWL,2.0,24.0,26.0,20.0,4,0,2.0,5,18,23,5,0,0,0
2019-12-17,BREAD,MAP PEC,8.0,4.0,12.0,6.0,0,3,3.0,1,6,7,1,0,0,2
2019-12-17,BREAD,CB,0.0,25.0,25.0,8.0,3,0,14.0,0,6,6,6,0,0,0
2019-12-17,BREAD,CnE,3.0,86.0,89.0,18.0,65,0,6.0,0,0,0,0,0,0,0
2019-12-17,BREAD,CnR,4.0,0.0,4.0,1.0,0,3,0.0,0,0,0,0,0,0,0
2019-12-17,BREAD,CnW,3.0,0.0,3.0,1.0,0,2,0.0,0,0,0,0,0,0,0
2019-12-17,BREAD,CG,0.0,0.0,0.0,0.0,0,0,0.0,0,0,0,0,0,0,0
2019-12-17,BREAD,Pesto CG,0.0,0.0,0.0,0.0,0,0,0.0,0,0,0,0,0,0,0
2019-12-17,BREAD,CrO,0.0,30.0,30.0,9.0,5,0,16.0,0,4,4,3,0,0,1
2019-12-17,BREAD,VS,0.0,13.0,13.0,7.0,6,0,0.0,0,3,3,1,0,0,2
2019-12-17,BREAD,TS,2.0,0.0,2.0,1.0,0,1,0.0,0,0,0,0,0,0,0
2019-12-17,BREAD,Angels,3.0,0.0,3.0,1.0,0,2,0.0,0,0,0,0,0,0,0
2019-12-17,BREAD,Sour,13.0,0.0,13.0,7.0,0,6,0.0,0,0,0,0,0,0,0
2019-12-17,BREAD,Sour RG,3.0,0.0,3.0,3.0,0,0,0.0,0,0,0,0,0,0,0
2019-12-17,BREAD,SourCheese,0.0,0.0,0.0,0.0,0,0,0.0,0,0,0,0,0,0,0
2019-12-17,BREAD,CAR,0.0,0.0,0.0,0.0,0,0,0.0,0,0,0,0,0,0,0
2019-12-17,BREAD,IHF,0.0,0.0,0.0,0.0,0,0,0.0,0,0,0,0,0,0,0
2019-12-17,BREAD,CrO Rls,0.0,4.0,4.0,2.0,2,0,0.0,0,0,0,0,0,0,0
2019-12-17,BREAD,BUT Rls,0.0,0.0,0.0,0.0,0,0,0.0,0,0,0,0,0,0,0
2019-12-17,BREAD,H-RLS,4.0,0.0,4.0,1.0,0,3,0.0,0,0,0,0,0,0,0
2019-12-17,BREAD,FR-RLS,2.0,3.0,5.0,5.0,0,0,0.0,0,0,0,0,0,0,0
2019-12-17,BREAD,VS-RLS,0.0,3.0,3.0,3.0,0,0,0.0,0,0,0,0,0,0,0
2019-12-17,BREAD,Blue Stru,3.0,9.0,12.0,6.0,0,0,6.0,0,0,0,0,0,0,0
2019-12-17,BREAD,Mex Choc,0.0,8.0,8.0,2.0,0,1,5.0,0,0,0,0,0,0,0
2019-12-17,BREAD,Pump CC,9.0,41.0,50.0,10.0,26,0,14.0,0,0,0,0,0,0,0
2019-12-17,ROLLS,Cinnamon,0.0,36.0,36.0,29.0,6,1,0.0,0,0,0,0,0,0,0
2019-12-17,ROLLS,Pecan C-R,0.0,12.0,12.0,5.0,0,7,0.0,0,0,0,0,0,0,0
2019-12-17,ROLLS,C-R TREE,2.0,0.0,0.0,-5.0,0,2,3.0,0,0,0,0,0,0,0
2019-12-17,ROLLS,Mini C-Roll,0.0,0.0,0.0,0.0,0,0,0.0,0,0,0,0,0,0,0
2019-12-17,SCONES,Blueberry,0.0,14.0,14.0,10.0,0,4,0.0,0,2,2,0,0,0,0
2019-12-17,SCONES,Rasp Cream,0.0,0.0,0.0,0.0,0,0,0.0,0,0,0,0,0,0,0
2019-12-17,SCONES,Cherry,0.0,0.0,0.0,0.0,0,0,0.0,0,0,0,0,0,0,0
2019-12-17,SCONES,Butt Almond,0.0,0.0,0.0,0.0,0,0,0.0,0,0,0,0,0,0,0
2019-12-17,SCONES,Turtle,0.0,0.0,0.0,0.0,0,0,0.0,0,0,0,0,0,0,0
2019-12-17,SCONES,CIN CHIP,0.0,8.0,8.0,8.0,0,0,0.0,0,2,2,0,0,0,0
2019-12-17,SCONES,CrO,0.0,8.0,8.0,5.0,0,3,0.0,0,2,2,0,0,0,0
2019-12-17,SCONES,CrO W.Choc,0.0,8.0,8.0,7.0,0,1,0.0,0,0,0,0,0,0,0
2019-12-17,FRUIT BARS,Mixed Berry,0.0,0.0,0.0,0.0,0,0,0.0,0,0,0,0,0,0,0
2019-12-17,FRUIT BARS,Cherry,0.0,0.0,0.0,0.0,0,0,0.0,0,0,0,0,0,0,0
2019-12-17,FRUIT BARS,Apple Cin,0.0,12.0,12.0,6.0,2,4,0.0,0,0,0,0,0,0,0
2019-12-17,FRUIT BARS,Cran White,0.0,8.0,8.0,2.0,1,5,0.0,0,0,0,0,0,0,0
2019-12-17,MUFFINS,Blue Stru,0.0,6.0,6.0,1.0,0,5,0.0,0,3,3,0,0,0,0
2019-12-17,MUFFINS,Mex Choc,0.0,8.0,8.0,3.0,0,5,0.0,0,3,3,0,0,0,0
2019-12-17,MUFFINS,Pump CC,0.0,10.0,10.0,2.0,0,8,0.0,0,0,0,0,0,0,0
2019-12-17,MUFFINS,Cookies,0.0,0.0,0.0,0.0,0,0,0.0,0,0,0,0,0,0,0
2019-12-17,MUFFINS,Bars,0.0,0.0,0.0,0.0,0,0,0.0,0,0,0,0,0,0,0
2019-12-17,MUFFINS,Pies,,,,,0,0,,0,0,0,0,0,0,0
2019-12-17,MUFFINS,White Choc Cran,31.0,30.0,61.0,15.0,4,25,17.0,0,0,0,0,0,0,0
2019-12-17,MUFFINS,triple choc,8.0,18.0,26.0,8.0,4,4,10.0,0,0,0,0,0,0,0
2019-12-17,MUFFINS,st nicker,28.0,84.0,112.0,1.0,88,0,23.0,0,50,50,0,0,0,0
2019-12-17,MUFFINS,Ginger,20.0,6.0,26.0,2.0,0,18,6.0,0,0,0,0,0,0,0
2019-12-17,MUFFINS,frosted sugar,20.0,6.0,26.0,9.0,0,0,17.0,0,0,0,0,0,0,0
2019-12-17,MUFFINS,Pumpkin Bars,3.0,5.0,8.0,6.0,0,1,1.0,0,0,0,0,0,0,0
2019-12-17,MUFFINS,Brownies,0.0,8.0,8.0,8.0,0,0,0.0,0,0,0,0,0,0,0
2019-12-17,MUFFINS,AP,0.0,0.0,0.0,0.0,0,0,0.0,0,0,0,0,0,0,0
2019-12-17,MUFFINS,Cr-Ap Pie,0.0,0.0,0.0,0.0,0,0,0.0,0,0,0,0,0,0,0
2019-12-17,MUFFINS,PUMP OHHH,0.0,0.0,0.0,0.0,0,0,0.0,0,0,0,0,0,0,0
2019-12-17,MUFFINS,Bread Pudding,0.0,0.0,0.0,0.0,0,0,0.0,0,0,0,0,0,0,0
2019-12-17,MUFFINS,Totals,112.0,287.0,397.0,122.0,105,93,77.0,0,62,62,0,0,0,0
2019-12-18,BREAD,H,32.0,44.0,76.0,12.0,49,0,15.0,0,0,0,0,0,0,0
2019-12-18,BREAD,FR,13.0,24.0,37.0,33.0,0,0,4.0,0,0,0,0,0,0,0
2019-12-18,BREAD,GW,6.0,14.0,20.0,1.0,14,5,0.0,0,0,0,0,0,0,0
2019-12-18,BREAD,DK,6.0,22.0,28.0,13.0,0,0,15.0,0,0,0,0,0,0,0
2019-12-18,BREAD,H5|Cran,6.0,0.0,6.0,-1.0,0,0,7.0,5,0,5,3,0,0,2
2019-12-18,BREAD,CSRWL,2.0,64.0,66.0,15.0,18,0,33.0,0,16,16,16,0,0,0
2019-12-18,BREAD,MAP PEC,3.0,12.0,15.0,3.0,2,0,10.0,2,3,5,5,0,0,0
2019-12-18,BREAD,CB,14.0,0.0,14.0,13.0,0,1,0.0,0,0,0,0,0,0,0
2019-12-18,BREAD,CnE,6.0,81.0,87.0,38.0,10,0,39.0,0,7,7,7,0,0,0
2019-12-18,BREAD,CnR,0.0,8.0,8.0,4.0,0,0,4.0,0,0,0,0,0,0,0
2019-12-18,BREAD,CnW,0.0,8.0,8.0,0.0,1,0,7.0,0,0,0,0,0,0,0
2019-12-18,BREAD,CG,0.0,10.0,10.0,7.0,0,0,3.0,0,3,3,3,0,0,0
2019-12-18,BREAD,Pesto CG,0.0,4.0,4.0,4.0,0,0,0.0,0,0,0,0,0,0,0
2019-12-18,BREAD,CrO,16.0,0.0,16.0,10.0,0,6,0.0,1,0,1,1,0,0,0
2019-12-18,BREAD,VS,0.0,0.0,0.0,-2.0,0,2,0.0,2,0,2,2,0,0,0
2019-12-18,BREAD,TS,0.0,16.0,16.0,3.0,0,0,13.0,0,2,2,2,0,0,0
2019-12-18,BREAD,Angels,0.0,4.0,4.0,4.0,0,0,0.0,0,0,0,0,0,0,0
2019-12-18,BREAD,Sour,0.0,9.0,9.0,6.0,2,0,1.0,0,0,0,0,0,0,0
2019-12-18,BREAD,Sour RG,0.0,4.0,4.0,4.0,0,0,0.0,0,0,0,0,0,0,0
2019-12-18,BREAD,SourCheese,0.0,4.0,4.0,4.0,0,0,0.0,0,0,0,0,0,0,0
2019-12-18,BREAD,CAR,0.0,14.0,14.0,14.0,0,0,0.0,0,0,0,0,0,0,0
2019-12-18,BREAD,IHF,0.0,0.0,0.0,0.0,0,0,0.0,0,0,0,0,0,0,0
2019-12-18,BREAD,CnE Tree,0.0,0.0,0.0,0.0,0,0,0.0,0,0,0,0,0,0,0
2019-12-18,BREAD,CrO Rls,0.0,0.0,0.0,0.0,0,0,0.0,0,0,0,0,0,0,0
2019-12-18,BREAD,BUT Rls,0.0,0.0,0.0,0.0,0,0,0.0,0,0,0,0,0,0,0
2019-12-18,BREAD,H-RLS,0.0,5.0,5.0,3.0,0,0,2.0,0,0,0,0,0,0,0
2019-12-18,BREAD,FR-RLS,0.0,6.0,6.0,1.0,0,0,5.0,0,0,0,0,0,0,0
2019-12-18,BREAD,VS-RLS,0.0,0.0,0.0,0.0,0,0,0.0,0,0,0,0,0,0,0
2019-12-18,BREAD,Blue Stru,6.0,0.0,6.0,6.0,0,0,0.0,0,0,0,0,0,0,0
2019-12-18,BREAD,Mex Choc,5.0,1.0,6.0,1.0,0,4,1.0,0,0,0,0,0,0,0
2019-12-18,BREAD,Pump CC,14.0,10.0,24.0,9.0,7,4,4.0,0,0,0,0,0,0,0
2019-12-18,ROLLS,Cinnamon,0.0,48.0,48.0,40.0,0,8,0.0,0,0,0,0,0,0,0
2019-12-18,ROLLS,Pecan C-R,0.0,12.0,12.0,4.0,0,8,0.0,0,0,0,0,0,0,0
2019-12-18,ROLLS,C-R TREE,3.0,0.0,0.0,0.0,0,0,0.0,0,0,0,0,0,0,0
2019-12-18,ROLLS,Mini C-Roll,0.0,24.0,24.0,0.0,24,0,0.0,0,0,0,0,0,0,0
2019-12-18,SCONES,Blueberry,0.0,0.0,0.0,0.0,0,0,0.0,0,0,0,0,0,0,0
2019-12-18,SCONES,Rasp Cream,0.0,19.0,19.0,15.0,4,0,0.0,0,0,0,0,0,0,0
2019-12-18,SCONES,Cherry,0.0,0.0,0.0,0.0,0,0,0.0,0,0,0,0,0,0,0
2019-12-18,SCONES,Butt Almond,0.0,0.0,0.0,0.0,0,0,0.0,0,0,0,0,0,0,0
2019-12-18,SCONES,Turtle,0.0,15.0,15.0,9.0,0,6,0.0,0,0,0,0,0,0,0
2019-12-18,SCONES,CIN CHIP,0.0,0.0,0.0,0.0,0,0,0.0,0,0,0,0,0,0,0
2019-12-18,SCONES,CrO,0.0,1.0,1.0,1.0,0,0,0.0,0,0,0,0,0,0,0
2019-12-18,SCONES,CrO W.Choc,0.0,14.0,14.0,14.0,0,0,0.0,0,0,0,0,0,0,0
2019-12-18,FRUIT BARS,Mixed Berry,0.0,8.0,8.0,6.0,2,0,0.0,0,0,0,0,0,0,0
2019-12-18,FRUIT BARS,Cherry,0.0,12.0,12.0,8.0,2,2,0.0,0,0,0,0,0,0,0
2019-12-18,FRUIT BARS,Apple Cin,0.0,0.0,0.0,0.0,0,0,0.0,0,0,0,0,0,0,0
2019-12-18,FRUIT BARS,Cran White,0.0,0.0,0.0,0.0,0,0,0.0,0,0,0,0,0,0,0
2019-12-18,MUFFINS,Blue Stru,0.0,6.0,6.0,0.0,0,6,0.0,0,0,0,0,0,0,0
2019-12-18,MUFFINS,Mex Choc,0.0,8.0,8.0,1.0,0,7,0.0,0,0,0,0,0,0,0
2019-12-18,MUFFINS,Pump CC,0.0,10.0,10.0,2.0,0,8,0.0,0,0,0,0,0,0,0
2019-12-18,MUFFINS,Cookies,0.0,0.0,0.0,0.0,0,0,0.0,0,0,0,0,0,0,0
2019-12-18,MUFFINS,Bars,0.0,0.0,0.0,0.0,0,0,0.0,0,0,0,0,0,0,0
2019-12-18,MUFFINS,Pies,,,,,0,0,,0,0,0,0,0,0,0
2019-12-18,MUFFINS,White Choc Cran,17.0,12.0,29.0,13.0,15,1,0.0,0,12,12,0,0,0,0
2019-12-18,MUFFINS,triple choc,10.0,30.0,40.0,24.0,16,0,0.0,0,10,10,0,0,0,0
2019-12-18,MUFFINS,st nicker,23.0,18.0,41.0,14.0,15,12,0.0,0,12,12,0,0,0,0
2019-12-18,MUFFINS,Ginger,6.0,18.0,24.0,14.0,0,4,6.0,0,0,0,0,0,0,0
2019-12-18,MUFFINS,frosted sugar,17.0,0.0,17.0,7.0,0,9,1.0,0,0,0,0,0,0,0
2019-12-18,MUFFINS,Pumpkin Bars,1.0,12.0,13.0,10.0,3,0,0.0,0,0,0,0,0,0,0
2019-12-18,MUFFINS,Brownies,0.0,12.0,12.0,6.0,2,0,4.0,0,0,0,0,0,0,0
2019-12-18,MUFFINS,AP,0.0,0.0,0.0,0.0,0,0,0.0,0,0,0,0,0,0,0
2019-12-18,MUFFINS,Cr-Ap Pie,0.0,0.0,0.0,0.0,0,0,0.0,0,0,0,0,0,0,0
2019-12-18,MUFFINS,PUMP OHHH,0.0,0.0,0.0,0.0,0,0,0.0,0,0,0,0,0,0,0
2019-12-18,MUFFINS,Bread Pudding,0.0,0.0,0.0,0.0,0,0,0.0,0,0,0,0,0,0,0
2019-12-18,MUFFINS,Totals,77.0,279.0,353.0,188.0,83,71,11.0,0,34,34,0,0,0,0
2019-12-19,BREAD,H,15.0,34.0,49.0,23.0,6,0,20.0,0,0,0,0,0,0,0
2019-12-19,BREAD,FR,4.0,0.0,4.0,-59.0,59,0,4.0,0,0,0,0,0,0,0
2019-12-19,BREAD,GW,0.0,4.0,4.0,4.0,0,0,0.0,0,0,0,0,0,0,0
2019-12-19,BREAD,DK,15.0,0.0,15.0,12.0,0,0,3.0,0,0,0,0,0,0,0
2019-12-19,BREAD,H5|Cran,7.0,14.0,21.0,6.0,0,0,15.0,2,7,9,6,0,0,3
2019-12-19,BREAD,CSRWL,33.0,48.0,81.0,36.0,23,1,21.0,0,24,24,5,0,0,19
2019-12-19,BREAD,MAP PEC,10.0,8.0,18.0,9.0,0,3,6.0,0,4,4,4,0,0,0
2019-12-19,BREAD,CB,0.0,40.0,40.0,25.0,0,0,15.0,0,8,8,8,0,0,0
2019-12-19,BREAD,CnE,39.0,37.0,76.0,17.0,7,25,27.0,0,6,6,3,0,0,3
2019-12-19,BREAD,CnR,4.0,0.0,4.0,4.0,0,0,0.0,0,0,0,0,0,0,0
2019-12-19,BREAD,CnW,7.0,0.0,7.0,5.0,0,0,2.0,0,0,0,0,0,0,0
2019-12-19,BREAD,CG,3.0,0.0,3.0,3.0,0,0,0.0,0,0,0,0,0,0,0
2019-12-19,BREAD,Pesto CG,0.0,0.0,0.0,0.0,0,0,0.0,0,0,0,0,0,0,0
2019-12-19,BREAD,CrO,0.0,28.0,28.0,13.0,0,0,15.0,0,4,4,3,0,0,0
2019-12-19,BREAD,VS,0.0,11.0,11.0,9.0,0,0,2.0,0,4,4,4,0,0,0
2019-12-19,BREAD,TS,13.0,0.0,13.0,5.0,0,8,0.0,0,0,0,0,0,0,0
2019-12-19,BREAD,Angels,0.0,0.0,0.0,0.0,0,0,0.0,0,0,0,0,0,0,0
2019-12-19,BREAD,Sour,1.0,0.0,1.0,1.0,0,0,0.0,0,0,0,0,0,0,0
2019-12-19,BREAD,Sour RG,0.0,0.0,0.0,0.0,0,0,0.0,0,0,0,0,0,0,0
2019-12-19,BREAD,SourCheese,0.0,0.0,0.0,0.0,0,0,0.0,0,0,0,0,0,0,0
2019-12-19,BREAD,CAR,0.0,0.0,0.0,0.0,0,0,0.0,0,0,0,0,0,0,0
2019-12-19,BREAD,IHF,0.0,0.0,0.0,0.0,0,0,0.0,0,0,0,0,0,0,0
2019-12-19,BREAD,CnE Tree,0.0,3.0,3.0,3.0,0,0,0.0,0,0,0,0,0,0,0
2019-12-19,BREAD,CrO Rls,0.0,6.0,6.0,3.0,2,0,1.0,0,0,0,0,0,0,0
2019-12-19,BREAD,BUT Rls,0.0,0.0,0.0,0.0,0,0,0.0,0,0,0,0,0,0,0
2019-12-19,BREAD,H-RLS,2.0,6.0,8.0,7.0,0,0,1.0,0,0,0,0,0,0,0
2019-12-19,BREAD,FR-RLS,5.0,4.0,9.0,8.0,0,0,1.0,0,0,0,0,0,0,0
2019-12-19,BREAD,VS-RLS,0.0,4.0,4.0,1.0,2,0,1.0,0,0,0,0,0,0,0
2019-12-19,BREAD,Blue Stru,0.0,6.0,6.0,1.0,0,0,5.0,0,0,0,0,0,0,0
2019-12-19,BREAD,Mex Choc,1.0,7.0,8.0,3.0,0,0,5.0,0,0,0,0,0,0,0
2019-12-19,BREAD,Pump CC,4.0,22.0,26.0,6.0,8,0,12.0,0,0,0,0,0,0,0
2019-12-19,ROLLS,Cinnamon,0.0,60.0,60.0,35.0,0,25,0.0,0,0,0,0,0,0,0
2019-12-19,ROLLS,Pecan C-R,0.0,12.0,12.0,12.0,0,0,0.0,0,0,0,0,0,0,0
2019-12-19,ROLLS,C-R TREE,0.0,6.0,6.0,6.0,0,0,0.0,0,0,0,0,0,0,0
2019-12-19,ROLLS,Mini C-Roll,0.0,0.0,0.0,0.0,0,0,0.0,0,0,0,0,0,0,0
2019-12-19,SCONES,Blueberry,0.0,19.0,19.0,18.0,0,1,0.0,0,4,4,0,0,0,0
2019-12-19,SCONES,Rasp Cream,0.0,0.0,0.0,0.0,0,0,0.0,0,0,0,0,0,0,0
2019-12-19,SCONES,Cherry,0.0,0.0,0.0,0.0,0,0,0.0,0,0,0,0,0,0,0
2019-12-19,SCONES,Butt Almond,0.0,0.0,0.0,0.0,0,0,0.0,0,0,0,0,0,0,0
2019-12-19,SCONES,Turtle,0.0,14.0,14.0,11.0,0,3,0.0,0,2,2,0,0,0,0
2019-12-19,SCONES,CIN CHIP,0.0,0.0,0.0,0.0,0,0,0.0,0,0,0,0,0,0,0
2019-12-19,SCONES,CrO,0.0,8.0,8.0,7.0,0,1,0.0,0,0,0,0,0,0,0
2019-12-19,SCONES,CrO W.Choc,0.0,8.0,8.0,8.0,0,0,0.0,0,2,2,0,0,0,0
2019-12-19,FRUIT BARS,Mixed Berry,0.0,0.0,0.0,0.0,0,0,0.0,0,0,0,0,0,0,0
2019-12-19,FRUIT BARS,Cherry,0.0,0.0,0.0,0.0,0,0,0.0,0,0,0,0,0,0,0
2019-12-19,FRUIT BARS,Apple Cin,0.0,12.0,12.0,8.0,2,2,0.0,0,0,0,0,0,0,0
2019-12-19,FRUIT BARS,Cran White,0.0,8.0,8.0,4.0,2,2,0.0,0,0,0,0,0,0,0
2019-12-19,MUFFINS,Blue Stru,0.0,6.0,6.0,6.0,0,0,0.0,0,4,4,0,0,0,0
2019-12-19,MUFFINS,Mex Choc,0.0,8.0,8.0,5.0,0,3,0.0,0,4,4,0,0,0,0
2019-12-19,MUFFINS,Pump CC,0.0,10.0,10.0,7.0,0,3,0.0,0,0,0,0,0,0,0
2019-12-19,MUFFINS,Cookies,0.0,0.0,0.0,0.0,0,0,0.0,0,0,0,0,0,0,0
2019-12-19,MUFFINS,Bars,0.0,0.0,0.0,0.0,0,0,0.0,0,0,0,0,0,0,0
2019-12-19,MUFFINS,Pies,,,,,0,0,,0,0,0,0,0,0,0
2019-12-19,MUFFINS,White Choc Cran,0.0,36.0,36.0,9.0,12,0,15.0,0,0,0,0,0,0,0
2019-12-19,MUFFINS,triple choc,0.0,36.0,36.0,24.0,12,0,0.0,0,0,0,0,0,0,0
2019-12-19,MUFFINS,st nicker,0.0,36.0,36.0,10.0,12,0,14.0,0,0,0,0,0,0,0
2019-12-19,MUFFINS,Ginger,6.0,12.0,18.0,12.0,0,0,6.0,0,0,0,0,0,0,0
2019-12-19,MUFFINS,frosted sugar,1.0,48.0,49.0,6.0,12,0,31.0,0,0,0,0,0,0,0
2019-12-19,MUFFINS,Pumpkin Bars,0.0,10.0,10.0,10.0,0,0,0.0,0,0,0,0,0,0,0
2019-12-19,MUFFINS,Brownies,4.0,0.0,4.0,-4.0,0,0,8.0,0,0,0,0,0,0,0
2019-12-19,MUFFINS,AP,0.0,0.0,0.0,0.0,0,0,0.0,0,0,0,0,0,0,0
2019-12-19,MUFFINS,Cr-Ap Pie,0.0,0.0,0.0,0.0,0,0,0.0,0,0,0,0,0,0,0
2019-12-19,MUFFINS,PUMP OHHH,0.0,0.0,0.0,0.0,0,0,0.0,0,0,0,0,0,0,0
2019-12-19,MUFFINS,Bread Pudding,0.0,0.0,0.0,0.0,0,0,0.0,0,0,0,0,0,0,0
2019-12-19,MUFFINS,Totals,11.0,349.0,360.0,194.0,52,40,74.0,0,16,16,0,0,0,0
2019-12-20,BREAD,H,20.0,48.0,68.0,22.0,10,0,36.0,0,0,0,0,0,0,0
2019-12-20,BREAD,FR,4.0,26.0,30.0,7.0,7,0,16.0,0,0,0,0,0,0,0
2019-12-20,BREAD,GW,0.0,14.0,14.0,8.0,0,0,6.0,0,0,0,0,0,0,0
2019-12-20,BREAD,DK,3.0,22.0,25.0,18.0,3,0,4.0,0,0,0,0,0,0,0
2019-12-20,BREAD,H5|Cran,15.0,0.0,15.0,11.0,0,0,4.0,3,0,3,1,0,0,2
2019-12-20,BREAD,CSRWL,21.0,46.0,67.0,27.0,7,0,33.0,19,0,19,8,0,0,0
2019-12-20,BREAD,MAP PEC,6.0,45.0,51.0,46.0,1,0,4.0,0,3,3,1,0,0,2
2019-12-20,BREAD,CB,15.0,0.0,15.0,14.0,0,1,0.0,0,0,0,0,0,0,0
2019-12-20,BREAD,CnE,27.0,34.0,61.0,39.0,5,8,9.0,3,4,7,1,0,0,3
2019-12-20,BREAD,CnR,0.0,4.0,4.0,2.0,0,0,2.0,0,0,0,0,0,0,0
2019-12-20,BREAD,CnW,2.0,6.0,8.0,4.0,1,0,3.0,0,0,0,0,0,0,0
2019-12-20,BREAD,CG,0.0,19.0,19.0,11.0,5,0,3.0,0,3,3,2,0,0,1
2019-12-20,BREAD,Pesto CG,0.0,3.0,3.0,2.0,0,0,1.0,0,0,0,0,0,0,0
2019-12-20,BREAD,CrO,15.0,0.0,15.0,15.0,0,0,0.0,0,0,0,-10,0,0,0
2019-12-20,BREAD,VS,2.0,0.0,2.0,2.0,0,0,0.0,0,0,0,0,0,0,0
2019-12-20,BREAD,TS,0.0,8.0,8.0,4.0,0,0,4.0,0,4,4,1,0,0,3
2019-12-20,BREAD,Angels,0.0,9.0,9.0,2.0,1,0,6.0,0,0,0,0,0,0,0
2019-12-20,BREAD,Sour,0.0,11.0,11.0,4.0,0,0,7.0,0,0,0,0,0,0,0
2019-12-20,BREAD,Sour RG,0.0,3.0,3.0,1.0,1,0,1.0,0,0,0,0,0,0,0
2019-12-20,BREAD,SourCheese,0.0,4.0,4.0,2.0,2,0,0.0,0,0,0,0,0,0,0
2019-12-20,BREAD,TREES,0.0,0.0,0.0,0.0,0,0,0.0,0,0,0,0,0,0,0
2019-12-20,BREAD,FR |  H,0.0,2.0,2.0,0.0,2,0,0.0,0,3,3,0,0,0,3
2019-12-20,BREAD,CnE | CrO,0.0,6.0,6.0,2.0,1,0,3.0,0,0,0,0,0,0,0
2019-12-20,BREAD,BUT | VS,0.0,8.0,8.0,2.0,2,0,4.0,0,0,0,0,0,0,0
2019-12-20,BREAD,CrO Rls,1.0,0.0,1.0,1.0,0,0,0.0,0,0,0,0,0,0,0
2019-12-20,BREAD,BUT Rls,0.0,36.0,36.0,3.0,12,0,21.0,0,0,0,0,0,0,0
2019-12-20,BREAD,H-RLS,1.0,17.0,18.0,7.0,1,0,10.0,0,0,0,0,0,0,0
2019-12-20,BREAD,FR-RLS,1.0,6.0,7.0,1.0,6,0,0.0,0,0,0,0,0,0,0
2019-12-20,BREAD,VS-RLS,1.0,0.0,1.0,1.0,0,0,0.0,0,0,0,0,0,0,0
2019-12-20,BREAD,Blue Stru,5.0,7.0,12.0,5.0,6,0,1.0,0,0,0,0,0,0,0
2019-12-20,BREAD,Mex Choc,5.0,8.0,13.0,7.0,5,0,1.0,0,0,0,0,0,0,0
2019-12-20,BREAD,Pump CC,12.0,4.0,16.0,8.0,0,5,3.0,0,0,0,0,0,0,0
2019-12-20,ROLLS,Cinnamon,0.0,36.0,36.0,36.0,0,0,0.0,0,0,0,0,0,0,0
2019-12-20,ROLLS,Pecan C-R,0.0,24.0,24.0,24.0,0,0,0.0,0,0,0,0,0,0,0
2019-12-20,ROLLS,C-R TREE,0.0,9.0,9.0,7.0,2,0,0.0,0,0,0,0,0,0,0
2019-12-20,ROLLS,Mini C-Roll,0.0,240.0,240.0,24.0,216,0,0.0,0,0,0,0,0,0,0
2019-12-20,SCONES,Blueberry,0.0,0.0,0.0,0.0,0,0,0.0,0,0,0,0,0,0,0
2019-12-20,SCONES,Rasp Cream,0.0,0.0,0.0,0.0,0,0,0.0,0,0,0,0,0,0,0
2019-12-20,SCONES,Cherry,0.0,17.0,17.0,13.0,4,0,0.0,0,15,15,2,0,0,0
2019-12-20,SCONES,Butt Almond,0.0,9.0,9.0,5.0,4,0,0.0,0,15,15,2,0,0,0
2019-12-20,SCONES,Turtle,0.0,0.0,0.0,0.0,0,0,0.0,0,0,0,0,0,0,0
2019-12-20,SCONES,CIN CHIP,0.0,0.0,0.0,0.0,0,0,0.0,0,0,0,0,0,0,0
2019-12-20,SCONES,CrO,0.0,0.0,0.0,0.0,0,0,0.0,0,14,14,2,0,0,0
2019-12-20,SCONES,CrO W.Choc,0.0,8.0,8.0,8.0,0,0,0.0,0,14,14,2,0,0,0
2019-12-20,FRUIT BARS,Mixed Berry,0.0,8.0,8.0,2.0,4,2,0.0,0,0,0,0,0,0,0
2019-12-20,FRUIT BARS,Cherry,0.0,12.0,12.0,6.0,6,0,0.0,0,0,0,0,0,0,0
2019-12-20,FRUIT BARS,Apple Cin,0.0,12.0,12.0,4.0,6,2,0.0,0,0,0,0,0,0,0
2019-12-20,FRUIT BARS,Cran White,0.0,8.0,8.0,3.0,4,1,0.0,0,0,0,0,0,0,0
2019-12-20,MUFFINS,Blue Stru,0.0,6.0,6.0,4.0,0,2,0.0,0,0,0,0,0,0,0
2019-12-20,MUFFINS,Mex Choc,0.0,8.0,8.0,1.0,0,7,0.0,0,0,0,0,0,0,0
2019-12-20,MUFFINS,Pump CC,0.0,12.0,12.0,3.0,0,9,0.0,0,50,50,0,0,0,0
2019-12-20,MUFFINS,Cookies,0.0,0.0,0.0,0.0,0,0,0.0,0,0,0,0,0,0,0
2019-12-20,MUFFINS,Bars,0.0,0.0,0.0,0.0,0,0,0.0,0,0,0,0,0,0,0
2019-12-20,MUFFINS,Pies,,,,,0,0,,0,0,0,0,0,0,0
2019-12-20,MUFFINS,White Choc Cran,15.0,18.0,33.0,20.0,7,0,6.0,0,0,0,0,0,0,0
2019-12-20,MUFFINS,triple choc,0.0,30.0,30.0,23.0,7,0,0.0,0,0,0,0,0,0,0
2019-12-20,MUFFINS,st nicker,14.0,42.0,56.0,23.0,32,0,1.0,0,0,0,0,0,0,0
2019-12-20,MUFFINS,Ginger,6.0,12.0,18.0,17.0,0,0,1.0,0,0,0,0,0,0,0
2019-12-20,MUFFINS,frosted sugar,31.0,0.0,31.0,6.0,4,0,21.0,0,0,0,0,0,0,0
2019-12-20,MUFFINS,Pumpkin Bars,0.0,16.0,16.0,12.0,4,0,0.0,0,0,0,0,0,0,0
2019-12-20,MUFFINS,Brownies,8.0,4.0,12.0,12.0,0,0,0.0,0,0,0,0,0,0,0
2019-12-20,MUFFINS,Pump,0.0,7.0,7.0,7.0,0,0,0.0,0,0,0,0,0,0,0
2019-12-20,MUFFINS,Pecan,0.0,7.0,7.0,7.0,0,0,0.0,0,0,0,0,0,0,0
2019-12-20,MUFFINS,AP,0.0,3.0,3.0,3.0,0,0,0.0,0,0,0,0,0,0,0
2019-12-20,MUFFINS,Cr-Ap Pie,0.0,3.0,3.0,2.0,1,0,0.0,0,0,0,0,0,0,0
2019-12-20,MUFFINS,PUMP OHHH,0.0,0.0,0.0,0.0,0,0,0.0,0,0,0,0,0,0,0
2019-12-20,MUFFINS,Sugar Cream,0.0,4.0,4.0,4.0,0,0,0.0,0,0,0,0,0,0,0
2019-12-20,MUFFINS,Totals,74.0,545.0,619.0,267.0,300,23,29.0,0,118,118,17,0,0,0
2019-12-21,BREAD,H,36.0,0.0,36.0,28.0,0,8,0.0,0,0,0,0,0,0,0
2019-12-21,BREAD,FR,16.0,0.0,16.0,16.0,0,0,0.0,0,0,0,0,0,0,0
2019-12-21,BREAD,GW,6.0,0.0,6.0,-1.0,0,7,0.0,0,0,0,0,0,0,0
2019-12-21,BREAD,DK,4.0,0.0,4.0,4.0,0,0,0.0,0,0,0,0,0,0,0
2019-12-21,BREAD,H5|Cran,4.0,0.0,4.0,4.0,0,0,0.0,2,0,2,2,0,0,0
2019-12-21,BREAD,CSRWL,33.0,17.0,50.0,34.0,2,14,0.0,0,8,8,3,0,0,0
2019-12-21,BREAD,MAP PEC,4.0,8.0,12.0,7.0,1,4,0.0,2,0,2,1,0,0,0
2019-12-21,BREAD,CB,0.0,14.0,14.0,8.0,5,1,0.0,0,5,5,4,0,0,0
2019-12-21,BREAD,CnE,9.0,0.0,9.0,9.0,0,0,0.0,3,0,3,3,0,0,0
2019-12-21,BREAD,CnR,2.0,0.0,2.0,2.0,0,0,0.0,0,0,0,0,0,0,0
2019-12-21,BREAD,CnW,3.0,0.0,3.0,1.0,0,2,0.0,0,0,0,0,0,0,0
2019-12-21,BREAD,CG,3.0,0.0,3.0,3.0,0,0,0.0,1,0,1,1,0,0,0
2019-12-21,BREAD,Pesto CG,1.0,0.0,1.0,1.0,0,0,0.0,0,0,0,0,0,0,0
2019-12-21,BREAD,CrO,0.0,21.0,21.0,21.0,0,0,0.0,0,4,4,-4,0,0,0
2019-12-21,BREAD,VS,0.0,12.0,12.0,10.0,2,0,0.0,0,3,3,3,0,0,0
2019-12-21,BREAD,TS,4.0,0.0,4.0,3.0,0,1,0.0,3,0,3,3,0,0,0
2019-12-21,BREAD,Angels,6.0,0.0,6.0,6.0,0,0,0.0,0,0,0,0,0,0,0
2019-12-21,BREAD,Sour,7.0,0.0,7.0,4.0,0,3,0.0,0,0,0,0,0,0,0
2019-12-21,BREAD,Sour RG,1.0,0.0,1.0,1.0,0,0,0.0,0,0,0,0,0,0,0
2019-12-21,BREAD,SourCheese,0.0,0.0,0.0,0.0,0,0,0.0,0,0,0,0,0,0,0
2019-12-21,BREAD,TREES,0.0,0.0,0.0,0.0,0,0,0.0,0,0,0,0,0,0,0
2019-12-21,BREAD,FR |  H,0.0,0.0,0.0,0.0,0,0,0.0,3,0,3,1,0,0,0
2019-12-21,BREAD,CnE | CrO,3.0,0.0,3.0,2.0,0,1,0.0,0,2,2,1,0,0,0
2019-12-21,BREAD,BUT | VS,4.0,0.0,4.0,1.0,0,3,0.0,0,2,2,0,0,0,0
2019-12-21,BREAD,CrO Rls,0.0,6.0,6.0,0.0,1,5,0.0,0,0,0,0,0,0,0
2019-12-21,BREAD,BUT Rls,21.0,0.0,21.0,13.0,0,8,0.0,0,0,0,0,0,0,0
2019-12-21,BREAD,H-RLS,10.0,0.0,10.0,5.0,0,5,0.0,0,0,0,0,0,0,0
2019-12-21,BREAD,FR-RLS,0.0,0.0,0.0,0.0,0,0,0.0,0,0,0,0,0,0,0
2019-12-21,BREAD,VS-RLS,0.0,7.0,7.0,2.0,5,0,0.0,0,0,0,0,0,0,0
2019-12-21,BREAD,Blue Stru,1.0,4.0,5.0,4.0,1,0,0.0,0,0,0,0,0,0,0
2019-12-21,BREAD,Mex Choc,1.0,3.0,4.0,1.0,0,3,0.0,0,0,0,0,0,0,0
2019-12-21,BREAD,Pump CC,3.0,5.0,8.0,4.0,0,4,0.0,0,0,0,0,0,0,0
2019-12-21,ROLLS,Cinnamon,0.0,72.0,72.0,56.0,0,16,0.0,0,0,0,0,0,0,0
2019-12-21,ROLLS,Pecan C-R,0.0,24.0,24.0,16.0,0,8,0.0,0,0,0,0,0,0,0
2019-12-21,ROLLS,C-R TREE,0.0,9.0,9.0,7.0,2,0,0.0,0,0,0,0,0,0,0
2019-12-21,ROLLS,Mini C-Roll,0.0,72.0,72.0,0.0,72,0,0.0,0,0,0,0,0,0,0
2019-12-21,SCONES,Blueberry,0.0,17.0,17.0,14.0,0,3,0.0,0,0,0,0,0,0,0
2019-12-21,SCONES,Rasp Cream,0.0,0.0,0.0,0.0,0,0,0.0,0,0,0,0,0,0,0
2019-12-21,SCONES,Cherry,0.0,0.0,0.0,0.0,0,0,0.0,0,0,0,0,0,0,0
2019-12-21,SCONES,Butt Almond,0.0,16.0,16.0,12.0,4,0,0.0,0,0,0,0,0,0,0
2019-12-21,SCONES,Turtle,0.0,0.0,0.0,0.0,0,0,0.0,0,0,0,0,0,0,0
2019-12-21,SCONES,CIN CHIP,0.0,0.0,0.0,0.0,0,0,0.0,0,0,0,0,0,0,0
2019-12-21,SCONES,CrO,0.0,18.0,18.0,7.0,8,3,0.0,0,0,0,0,0,0,0
2019-12-21,SCONES,CrO W.Choc,0.0,10.0,10.0,8.0,0,2,0.0,0,0,0,0,0,0,0
2019-12-21,FRUIT BARS,Mixed Berry,0.0,0.0,0.0,0.0,0,0,0.0,0,0,0,0,0,0,0
2019-12-21,FRUIT BARS,Cherry,0.0,0.0,0.0,0.0,0,0,0.0,0,0,0,0,0,0,0
2019-12-21,FRUIT BARS,Apple Cin,0.0,12.0,12.0,9.0,0,3,0.0,0,0,0,0,0,0,0
2019-12-21,FRUIT BARS,Cran White,0.0,8.0,8.0,5.0,0,3,0.0,0,0,0,0,0,0,0
2019-12-21,MUFFINS,Blue Stru,0.0,6.0,6.0,6.0,0,0,0.0,0,0,0,0,0,0,0
2019-12-21,MUFFINS,Mex Choc,0.0,6.0,6.0,0.0,0,6,0.0,0,0,0,0,0,0,0
2019-12-21,MUFFINS,Pump CC,0.0,8.0,8.0,3.0,0,5,0.0,0,0,0,0,0,0,0
2019-12-21,MUFFINS,Cookies,0.0,0.0,0.0,0.0,0,0,0.0,0,0,0,0,0,0,0
2019-12-21,MUFFINS,Bars,0.0,0.0,0.0,0.0,0,0,0.0,0,0,0,0,0,0,0
2019-12-21,MUFFINS,Pies,,,,,0,0,,0,0,0,0,0,0,0
2019-12-21,MUFFINS,White Choc Cran,6.0,6.0,12.0,12.0,0,0,0.0,0,0,0,0,0,0,0
2019-12-21,MUFFINS,triple choc,0.0,12.0,12.0,6.0,0,6,0.0,0,0,0,0,0,0,0
2019-12-21,MUFFINS,st nicker,1.0,24.0,25.0,20.0,0,5,0.0,0,0,0,0,0,0,0
2019-12-21,MUFFINS,Ginger,1.0,6.0,7.0,1.0,0,6,0.0,0,0,0,0,0,0,0
2019-12-21,MUFFINS,frosted sugar,21.0,31.0,52.0,3.0,0,17,32.0,0,0,0,0,0,0,0
2019-12-21,MUFFINS,Pumpkin Bars,0.0,12.0,12.0,5.0,4,3,0.0,0,0,0,0,0,0,0
2019-12-21,MUFFINS,Brownies,0.0,8.0,8.0,4.0,0,4,0.0,0,0,0,0,0,0,0
2019-12-21,MUFFINS,Pump,0.0,0.0,0.0,0.0,0,0,0.0,0,0,0,0,0,0,0
2019-12-21,MUFFINS,Pecan,0.0,0.0,0.0,0.0,0,0,0.0,0,0,0,0,0,0,0
2019-12-21,MUFFINS,AP,0.0,0.0,0.0,0.0,0,0,0.0,0,0,0,0,0,0,0
2019-12-21,MUFFINS,Cr-Ap Pie,0.0,0.0,0.0,0.0,0,0,0.0,0,0,0,0,0,0,0
2019-12-21,MUFFINS,PUMP OHHH,0.0,0.0,0.0,0.0,0,0,0.0,0,0,0,0,0,0,0
2019-12-21,MUFFINS,Sugar Cream,3.0,0.0,3.0,3.0,0,0,0.0,2,0,2,0,0,0,0
2019-12-21,MUFFINS,Totals,32.0,377.0,409.0,197.0,90,90,32.0,2,0,0,0,0,0,0
2019-12-22,BREAD,H,0.0,0.0,0.0,0.0,0,0,0.0,0,0,0,0,0,0,0
2019-12-22,BREAD,FR,0.0,0.0,0.0,0.0,0,0,0.0,0,0,0,0,0,0,0
2019-12-22,BREAD,GW,0.0,0.0,0.0,0.0,0,0,0.0,0,0,0,0,0,0,0
2019-12-22,BREAD,DK,0.0,0.0,0.0,0.0,0,0,0.0,0,0,0,0,0,0,0
2019-12-22,BREAD,H5|Cran,0.0,0.0,0.0,0.0,0,0,0.0,0,0,0,0,0,0,0
2019-12-22,BREAD,CSRWL,0.0,0.0,0.0,0.0,0,0,0.0,0,0,0,0,0,0,0
2019-12-22,BREAD,PUMP PIE SW,0.0,0.0,0.0,0.0,0,0,0.0,0,0,0,0,0,0,0
2019-12-22,BREAD,CB,0.0,0.0,0.0,0.0,0,0,0.0,0,0,0,0,0,0,0
2019-12-22,BREAD,CPBB,0.0,0.0,0.0,0.0,0,0,0.0,0,0,0,0,0,0,0
2019-12-22,BREAD,CNE,0.0,0.0,0.0,0.0,0,0,0.0,0,0,0,0,0,0,0
2019-12-22,BREAD,CNR,0.0,0.0,0.0,0.0,0,0,0.0,0,0,0,0,0,0,0
2019-12-22,BREAD,CNW,0.0,0.0,0.0,0.0,0,0,0.0,0,0,0,0,0,0,0
2019-12-22,BREAD,CG,0.0,0.0,0.0,0.0,0,0,0.0,0,0,0,0,0,0,0
2019-12-22,BREAD,Pesto CG,0.0,0.0,0.0,0.0,0,0,0.0,0,0,0,0,0,0,0
2019-12-22,BREAD,CrO,0.0,0.0,0.0,0.0,0,0,0.0,0,0,0,0,0,0,0
2019-12-22,BREAD,VS,0.0,0.0,0.0,0.0,0,0,0.0,0,0,0,0,0,0,0
2019-12-22,BREAD,STUF,0.0,0.0,0.0,0.0,0,0,0.0,0,0,0,0,0,0,0
2019-12-22,BREAD,SOURDOUGH,0.0,0.0,0.0,0.0,0,0,0.0,0,0,0,0,0,0,0
2019-12-22,BREAD,SOUR JC,0.0,0.0,0.0,0.0,0,0,0.0,0,0,0,0,0,0,0
2019-12-22,BREAD,Sour RG,0.0,0.0,0.0,0.0,0,0,0.0,0,0,0,0,0,0,0
2019-12-22,BREAD,WC,0.0,0.0,0.0,0.0,0,0,0.0,0,0,0,0,0,0,0
2019-12-22,BREAD,Car,0.0,0.0,0.0,0.0,0,0,0.0,0,0,0,0,0,0,0
2019-12-22,BREAD,IHF,0.0,0.0,0.0,0.0,0,0,0.0,0,0,0,0,0,0,0
2019-12-22,BREAD,TURKEYS,0.0,0.0,0.0,0.0,0,0,0.0,0,0,0,0,0,0,0
2019-12-22,BREAD,CrO Rls,0.0,0.0,0.0,0.0,0,0,0.0,0,0,0,0,0,0,0
2019-12-22,BREAD,BUT Rls,0.0,0.0,0.0,0.0,0,0,0.0,0,0,0,0,0,0,0
2019-12-22,BREAD,H-RLS,0.0,0.0,0.0,0.0,0,0,0.0,0,0,0,0,0,0,0
2019-12-22,BREAD,FR-RLS,0.0,0.0,0.0,0.0,0,0,0.0,0,0,0,0,0,0,0
2019-12-22,BREAD,VS-RLS,0.0,0.0,0.0,0.0,0,0,0.0,0,0,0,0,0,0,0
2019-12-22,BREAD,Gingerbread,0.0,0.0,0.0,0.0,0,0,0.0,0,0,0,0,0,0,0
2019-12-22,BREAD,Mex Choc,0.0,0.0,0.0,0.0,0,0,0.0,0,0,0,0,0,0,0
2019-12-22,BREAD,Pump CC,0.0,0.0,0.0,0.0,0,0,0.0,0,0,0,0,0,0,0
2019-12-22,ROLLS,Cinnamon,0.0,0.0,0.0,0.0,0,0,0.0,0,0,0,0,0,0,0
2019-12-22,ROLLS,Pump C-R,0.0,0.0,0.0,0.0,0,0,0.0,0,0,0,0,0,0,0
2019-12-22,ROLLS,Take-n-bake,0.0,0.0,0.0,0.0,0,0,0.0,0,0,0,0,0,0,0
2019-12-22,ROLLS,Mini C-Roll,0.0,0.0,0.0,0.0,0,0,0.0,0,0,0,0,0,0,0
2019-12-22,SCONES,Blueberry,0.0,0.0,0.0,0.0,0,0,0.0,0,0,0,0,0,0,0
2019-12-22,SCONES,Rasp Cream,0.0,0.0,0.0,0.0,0,0,0.0,0,0,0,0,0,0,0
2019-12-22,SCONES,Cherry,0.0,0.0,0.0,0.0,0,0,0.0,0,0,0,0,0,0,0
2019-12-22,SCONES,Butt Almond,0.0,0.0,0.0,0.0,0,0,0.0,0,0,0,0,0,0,0
2019-12-22,SCONES,Turtle,0.0,0.0,0.0,0.0,0,0,0.0,0,0,0,0,0,0,0
2019-12-22,SCONES,pb choc,0.0,0.0,0.0,0.0,0,0,0.0,0,0,0,0,0,0,0
2019-12-22,SCONES,Pump Spice,0.0,0.0,0.0,0.0,0,0,0.0,0,0,0,0,0,0,0
2019-12-22,FRUIT BARS,Mixed Berry,0.0,0.0,0.0,0.0,0,0,0.0,0,0,0,0,0,0,0
2019-12-22,FRUIT BARS,Cherry,0.0,0.0,0.0,0.0,0,0,0.0,0,0,0,0,0,0,0
2019-12-22,FRUIT BARS,Apple Cin,0.0,0.0,0.0,0.0,0,0,0.0,0,0,0,0,0,0,0
2019-12-22,FRUIT BARS,MIXED FRUIT,0.0,0.0,0.0,0.0,0,0,0.0,0,0,0,0,0,0,0
2019-12-22,MUFFINS,Gingerbread,0.0,0.0,0.0,0.0,0,0,0.0,0,0,0,0,0,0,0
2019-12-22,MUFFINS,Mex Choc,0.0,0.0,0.0,0.0,0,0,0.0,0,0,0,0,0,0,0
2019-12-22,MUFFINS,Pump CC,0.0,0.0,0.0,0.0,0,0,0.0,0,0,0,0,0,0,0
2019-12-22,MUFFINS,Cookies,0.0,0.0,0.0,0.0,0,0,0.0,0,0,0,0,0,0,0
2019-12-22,MUFFINS,Bars,0.0,0.0,0.0,0.0,0,0,0.0,0,0,0,0,0,0,0
2019-12-22,MUFFINS,Pies,,,,,0,0,,0,0,0,0,0,0,0
2019-12-22,MUFFINS,oatmeal choc,0.0,0.0,0.0,0.0,0,0,0.0,0,0,0,0,0,0,0
2019-12-22,MUFFINS,triple choc,0.0,0.0,0.0,0.0,0,0,0.0,0,0,0,0,0,0,0
2019-12-22,MUFFINS,snickerdoodle,0.0,0.0,0.0,0.0,0,0,0.0,0,0,0,0,0,0,0
2019-12-22,MUFFINS,Ginger,0.0,0.0,0.0,0.0,0,0,0.0,0,0,0,0,0,0,0
2019-12-22,MUFFINS,frosted sugar,32.0,0.0,32.0,32.0,0,0,0.0,0,0,0,0,0,0,0
2019-12-22,MUFFINS,Pumpkin Bars,0.0,0.0,0.0,0.0,0,0,0.0,0,0,0,0,0,0,0
2019-12-22,MUFFINS,Pump Pie,0.0,0.0,0.0,0.0,0,0,0.0,0,0,0,0,0,0,0
2019-12-22,MUFFINS,Sugar Pie,0.0,0.0,0.0,0.0,0,0,0.0,0,0,0,0,0,0,0
2019-12-22,MUFFINS,Pecan Pie,0.0,0.0,0.0,0.0,0,0,0.0,0,0,0,0,0,0,0
2019-12-22,MUFFINS,AP,0.0,0.0,0.0,0.0,0,0,0.0,0,0,0,0,0,0,0
2019-12-22,MUFFINS,Cr-Ap Pie,0.0,0.0,0.0,0.0,0,0,0.0,0,0,0,0,0,0,0
2019-12-22,MUFFINS,PUMP OHHH,0.0,0.0,0.0,0.0,0,0,0.0,0,0,0,0,0,0,0
2019-12-22,MUFFINS,Bread Pudding,0.0,0.0,0.0,0.0,0,0,0.0,0,0,0,0,0,0,0
2019-12-22,MUFFINS,Totals,32.0,0.0,32.0,32.0,0,0,0.0,0,0,0,0,0,0,0
2019-12-23,BREAD,H,0.0,62.0,62.0,43.0,15,0,4.0,0,0,0,0,0,0,0
2019-12-23,BREAD,FR,0.0,56.0,56.0,35.0,21,0,0.0,0,0,0,0,0,0,0
2019-12-23,BREAD,GW,0.0,11.0,11.0,11.0,0,0,0.0,0,0,0,0,0,0,0
2019-12-23,BREAD,DK,0.0,31.0,31.0,29.0,2,0,0.0,0,0,0,0,0,0,0
2019-12-23,BREAD,H5|Cran,0.0,0.0,0.0,0.0,0,0,0.0,0,0,0,0,0,0,0
2019-12-23,BREAD,CSRWL,0.0,60.0,60.0,55.0,5,0,0.0,0,52,52,21,0,0,13
2019-12-23,BREAD,MAP PEC,0.0,22.0,22.0,10.0,1,0,11.0,0,4,4,3,0,0,0
2019-12-23,BREAD,CB,0.0,42.0,42.0,36.0,0,0,6.0,0,8,8,5,0,0,1
2019-12-23,BREAD,CnE,0.0,79.0,79.0,44.0,29,0,6.0,0,3,3,3,0,0,0
2019-12-23,BREAD,CnR,0.0,2.0,2.0,0.0,2,0,0.0,0,0,0,0,0,0,0
2019-12-23,BREAD,CnW,0.0,1.0,1.0,0.0,1,0,0.0,0,0,0,0,0,0,0
2019-12-23,BREAD,CG,0.0,0.0,0.0,0.0,0,0,0.0,0,0,0,0,0,0,0
2019-12-23,BREAD,Pesto CG,0.0,0.0,0.0,0.0,0,0,0.0,0,0,0,0,0,0,0
2019-12-23,BREAD,CrO,0.0,47.0,47.0,26.0,1,0,20.0,0,6,6,6,0,0,0
2019-12-23,BREAD,VS,0.0,17.0,17.0,13.0,4,0,0.0,0,8,8,8,0,0,0
2019-12-23,BREAD,TS,0.0,10.0,10.0,6.0,0,0,4.0,0,2,2,1,0,0,0
2019-12-23,BREAD,Angels,0.0,9.0,9.0,8.0,1,0,0.0,0,0,0,0,0,0,0
2019-12-23,BREAD,Sour,0.0,0.0,0.0,0.0,0,0,0.0,0,0,0,0,0,0,0
2019-12-23,BREAD,Sour RG,0.0,0.0,0.0,0.0,0,0,0.0,0,0,0,0,0,0,0
2019-12-23,BREAD,SourCheese,0.0,0.0,0.0,0.0,0,0,0.0,0,0,0,0,0,0,0
2019-12-23,BREAD,TREES,0.0,0.0,0.0,0.0,0,0,0.0,0,0,0,0,0,0,0
2019-12-23,BREAD,FR |  H,0.0,0.0,0.0,0.0,0,0,0.0,0,3,3,3,0,0,0
2019-12-23,BREAD,CnE | CrO,0.0,5.0,5.0,4.0,1,0,0.0,0,0,0,0,0,0,0
2019-12-23,BREAD,BUT | VS,0.0,5.0,5.0,1.0,4,0,0.0,0,3,3,2,0,0,0
2019-12-23,BREAD,CrO Rls,0.0,0.0,0.0,0.0,0,0,0.0,0,0,0,0,0,0,0
2019-12-23,BREAD,BUT Rls,0.0,78.0,78.0,63.0,15,0,0.0,0,0,0,0,0,0,0
2019-12-23,BREAD,H-RLS,0.0,24.0,24.0,14.0,8,0,2.0,0,0,0,0,0,0,0
2019-12-23,BREAD,FR-RLS,0.0,0.0,0.0,0.0,0,0,0.0,0,0,0,0,0,0,0
2019-12-23,BREAD,VS-RLS,0.0,18.0,18.0,14.0,4,0,0.0,0,0,0,0,0,0,0
2019-12-23,BREAD,Blue Stru,0.0,14.0,14.0,14.0,0,0,0.0,0,0,0,0,0,0,0
2019-12-23,BREAD,Mex Choc,0.0,14.0,14.0,11.0,2,0,1.0,0,0,0,0,0,0,0
2019-12-23,BREAD,Pump CC,0.0,31.0,31.0,13.0,11,0,7.0,0,0,0,0,0,0,0
2019-12-23,ROLLS,Cinnamon,0.0,168.0,168.0,98.0,70,0,0.0,0,0,0,0,0,0,0
2019-12-23,ROLLS,Pecan C-R,0.0,24.0,24.0,24.0,0,0,0.0,0,0,0,0,0,0,0
2019-12-23,ROLLS,C-R TREE,0.0,9.0,9.0,8.0,1,0,0.0,0,0,0,0,0,0,0
2019-12-23,ROLLS,Mini C-Roll,0.0,72.0,72.0,24.0,48,0,0.0,0,0,0,0,0,0,0
2019-12-23,SCONES,Blueberry,0.0,0.0,0.0,0.0,0,0,0.0,0,0,0,0,0,0,0
2019-12-23,SCONES,Rasp Cream,0.0,16.0,16.0,9.0,7,0,0.0,0,0,0,0,0,0,0
2019-12-23,SCONES,Cherry,0.0,0.0,0.0,0.0,0,0,0.0,0,0,0,0,0,0,0
2019-12-23,SCONES,Butt Almond,0.0,0.0,0.0,0.0,0,0,0.0,0,0,0,0,0,0,0
2019-12-23,SCONES,Turtle,0.0,0.0,0.0,0.0,0,0,0.0,0,0,0,0,0,0,0
2019-12-23,SCONES,CIN CHIP,0.0,15.0,15.0,14.0,1,0,0.0,0,0,0,0,0,0,0
2019-12-23,SCONES,CrO,0.0,6.0,6.0,5.0,1,0,0.0,0,0,0,0,0,0,0
2019-12-23,SCONES,CrO W.Choc,0.0,6.0,6.0,5.0,1,0,0.0,0,0,0,0,0,0,0
2019-12-23,FRUIT BARS,Mixed Berry,0.0,8.0,8.0,6.0,2,0,0.0,0,0,0,0,0,0,0
2019-12-23,FRUIT BARS,Cherry,0.0,12.0,12.0,10.0,2,0,0.0,0,0,0,0,0,0,0
2019-12-23,FRUIT BARS,Apple Cin,0.0,0.0,0.0,0.0,0,0,0.0,0,0,0,0,0,0,0
2019-12-23,FRUIT BARS,Cran White,0.0,0.0,0.0,0.0,0,0,0.0,0,0,0,0,0,0,0
2019-12-23,MUFFINS,Blue Stru,0.0,14.0,14.0,8.0,4,2,0.0,0,0,0,0,0,0,0
2019-12-23,MUFFINS,Mex Choc,0.0,14.0,14.0,6.0,4,4,0.0,0,0,0,0,0,0,0
2019-12-23,MUFFINS,Pump CC,0.0,12.0,12.0,6.0,4,2,0.0,0,0,0,0,0,0,0
2019-12-23,MUFFINS,Cookies,0.0,0.0,0.0,0.0,0,0,0.0,0,0,0,0,0,0,0
2019-12-23,MUFFINS,Bars,0.0,0.0,0.0,0.0,0,0,0.0,0,0,0,0,0,0,0
2019-12-23,MUFFINS,Pies,,,,,0,0,,0,0,0,0,0,0,0
2019-12-23,MUFFINS,White Choc Cran,0.0,42.0,42.0,16.0,19,0,7.0,0,4,4,0,0,0,0
2019-12-23,MUFFINS,triple choc,0.0,42.0,42.0,22.0,19,0,1.0,0,4,4,0,0,0,0
2019-12-23,MUFFINS,st nicker,0.0,72.0,72.0,27.0,30,0,15.0,0,4,4,0,0,0,0
2019-12-23,MUFFINS,Ginger,0.0,18.0,18.0,16.0,1,0,1.0,0,0,0,0,0,0,0
2019-12-23,MUFFINS,frosted sugar,32.0,0.0,32.0,28.0,4,0,0.0,0,0,0,0,0,0,0
2019-12-23,MUFFINS,Pumpkin Bars,0.0,8.0,8.0,1.0,0,0,7.0,0,0,0,0,0,0,0
2019-12-23,MUFFINS,Brownies,0.0,8.0,8.0,8.0,0,0,0.0,0,0,0,0,0,0,0
2019-12-23,MUFFINS,Pump,0.0,6.0,6.0,3.0,2,0,1.0,0,0,0,0,0,0,0
2019-12-23,MUFFINS,Pecan,0.0,12.0,12.0,7.0,5,0,0.0,0,0,0,0,0,0,0
2019-12-23,MUFFINS,AP,0.0,6.0,6.0,5.0,1,0,0.0,0,0,0,0,0,0,0
2019-12-23,MUFFINS,Cr-Ap Pie,0.0,3.0,3.0,2.0,1,0,0.0,0,0,0,0,0,0,0
2019-12-23,MUFFINS,PUMP OHHH,0.0,0.0,0.0,0.0,0,0,0.0,0,0,0,0,0,0,0
2019-12-23,MUFFINS,Sugar Cream,0.0,5.0,5.0,5.0,0,0,0.0,0,0,0,0,0,0,0
2019-12-23,MUFFINS,Totals,32.0,583.0,615.0,354.0,221,8,32.0,0,27,27,9,0,0,0
2019-12-24,BREAD,H,4.0,32.0,36.0,11.0,3,22,0.0,0,0,0,0,0,0,0
2019-12-24,BREAD,FR,0.0,22.0,22.0,18.0,3,1,0.0,0,0,0,0,0,0,0
2019-12-24,BREAD,GW,0.0,10.0,10.0,9.0,1,0,0.0,0,0,0,0,0,0,0
2019-12-24,BREAD,DK,0.0,14.0,14.0,6.0,0,8,0.0,0,0,0,0,0,0,0
2019-12-24,BREAD,H5|Cran,0.0,0.0,0.0,-8.0,0,8,0.0,0,0,0,0,0,0,0
2019-12-24,BREAD,CSRWL,0.0,60.0,60.0,36.0,24,0,0.0,13,0,13,13,0,0,0
2019-12-24,BREAD,MAP PEC,11.0,4.0,15.0,13.0,2,0,0.0,0,3,3,2,0,0,0
2019-12-24,BREAD,CB,6.0,27.0,33.0,12.0,8,13,0.0,1,7,8,8,0,0,0
2019-12-24,BREAD,CnE,0.0,40.0,40.0,30.0,10,0,0.0,0,3,3,3,0,0,0
2019-12-24,BREAD,CnR,0.0,0.0,0.0,0.0,0,0,0.0,0,0,0,0,0,0,0
2019-12-24,BREAD,CnW,0.0,0.0,0.0,0.0,0,0,0.0,0,0,0,0,0,0,0
2019-12-24,BREAD,CG,0.0,0.0,0.0,0.0,0,0,0.0,0,0,0,0,0,0,0
2019-12-24,BREAD,Pesto CG,0.0,0.0,0.0,0.0,0,0,0.0,0,0,0,0,0,0,0
2019-12-24,BREAD,CrO,20.0,19.0,39.0,25.0,9,5,0.0,0,3,3,3,0,0,0
2019-12-24,BREAD,VS,0.0,17.0,17.0,8.0,9,0,0.0,0,5,5,4,0,0,0
2019-12-24,BREAD,TS,4.0,0.0,4.0,2.0,0,2,0.0,0,0,0,0,0,0,0
2019-12-24,BREAD,Angels,0.0,0.0,0.0,0.0,0,0,0.0,0,0,0,0,0,0,0
2019-12-24,BREAD,Sour,0.0,0.0,0.0,0.0,0,0,0.0,0,0,0,0,0,0,0
2019-12-24,BREAD,Sour RG,0.0,0.0,0.0,0.0,0,0,0.0,0,0,0,0,0,0,0
2019-12-24,BREAD,SourCheese,0.0,0.0,0.0,0.0,0,0,0.0,0,0,0,0,0,0,0
2019-12-24,BREAD,TREES,0.0,0.0,0.0,0.0,0,0,0.0,0,0,0,0,0,0,0
2019-12-24,BREAD,FR |  H,0.0,2.0,2.0,2.0,0,0,0.0,0,4,4,4,0,0,0
2019-12-24,BREAD,CnE | CrO,0.0,9.0,9.0,8.0,0,1,0.0,0,0,0,0,0,0,0
2019-12-24,BREAD,BUT | VS,0.0,8.0,8.0,4.0,3,1,0.0,0,4,4,2,0,0,0
2019-12-24,BREAD,CrO Rls,0.0,0.0,0.0,0.0,0,0,0.0,0,0,0,0,0,0,0
2019-12-24,BREAD,BUT Rls,0.0,59.0,59.0,28.0,22,9,0.0,0,0,0,0,0,0,0
2019-12-24,BREAD,H-RLS,2.0,12.0,14.0,0.0,12,2,0.0,0,0,0,0,0,0,0
2019-12-24,BREAD,FR-RLS,0.0,0.0,0.0,0.0,0,0,0.0,0,0,0,0,0,0,0
2019-12-24,BREAD,VS-RLS,0.0,0.0,0.0,-3.0,3,0,0.0,0,0,0,0,0,0,0
2019-12-24,BREAD,Blue Stru,0.0,8.0,8.0,8.0,0,0,0.0,0,0,0,0,0,0,0
2019-12-24,BREAD,Mex Choc,1.0,8.0,9.0,2.0,0,7,0.0,0,0,0,0,0,0,0
2019-12-24,BREAD,Pump CC,7.0,10.0,17.0,9.0,0,8,0.0,0,0,0,0,0,0,0
2019-12-24,ROLLS,Cinnamon,0.0,240.0,240.0,121.0,119,0,0.0,0,0,0,0,0,0,0
2019-12-24,ROLLS,Pecan C-R,0.0,24.0,24.0,19.0,4,1,0.0,0,0,0,0,0,0,0
2019-12-24,ROLLS,C-R TREE,0.0,9.0,9.0,7.0,2,0,0.0,0,0,0,0,0,0,0
2019-12-24,ROLLS,Mini C-Roll,0.0,144.0,144.0,24.0,120,0,0.0,0,0,0,0,0,0,0
2019-12-24,SCONES,Blueberry,0.0,19.0,19.0,11.0,4,4,0.0,0,0,0,0,0,0,0
2019-12-24,SCONES,Rasp Cream,0.0,0.0,0.0,0.0,0,0,0.0,0,0,0,0,0,0,0
2019-12-24,SCONES,Cherry,0.0,0.0,0.0,0.0,0,0,0.0,0,0,0,0,0,0,0
2019-12-24,SCONES,p.but choc,0.0,0.0,0.0,-8.0,0,8,0.0,0,0,0,0,0,0,0
2019-12-24,SCONES,Turtle,0.0,0.0,0.0,0.0,0,0,0.0,0,0,0,0,0,0,0
2019-12-24,SCONES,CIN CHIP,0.0,14.0,14.0,11.0,0,3,0.0,0,0,0,0,0,0,0
2019-12-24,SCONES,CrO,0.0,12.0,12.0,12.0,0,0,0.0,0,0,0,0,0,0,0
2019-12-24,SCONES,CrO W.Choc,0.0,12.0,12.0,4.0,0,8,0.0,0,0,0,0,0,0,0
2019-12-24,FRUIT BARS,Mixed Berry,0.0,10.0,10.0,0.0,10,0,0.0,0,0,0,0,0,0,0
2019-12-24,FRUIT BARS,Cherry,0.0,10.0,10.0,0.0,10,0,0.0,0,0,0,0,0,0,0
2019-12-24,FRUIT BARS,Apple Cin,0.0,12.0,12.0,12.0,0,0,0.0,0,0,0,0,0,0,0
2019-12-24,FRUIT BARS,Cran White,0.0,8.0,8.0,7.0,0,1,0.0,0,0,0,0,0,0,0
2019-12-24,MUFFINS,Blue Stru,0.0,6.0,6.0,4.0,0,2,0.0,0,0,0,0,0,0,0
2019-12-24,MUFFINS,Mex Choc,0.0,8.0,8.0,2.0,0,6,0.0,0,0,0,0,0,0,0
2019-12-24,MUFFINS,Pump CC,0.0,10.0,10.0,9.0,0,1,0.0,0,0,0,0,0,0,0
2019-12-24,MUFFINS,Cookies,0.0,0.0,0.0,0.0,0,0,0.0,0,0,0,0,0,0,0
2019-12-24,MUFFINS,Bars,0.0,0.0,0.0,0.0,0,0,0.0,0,0,0,0,0,0,0
2019-12-24,MUFFINS,Pies,,,,,0,0,,0,0,0,0,0,0,0
2019-12-24,MUFFINS,White Choc Cran,7.0,18.0,25.0,5.0,1,19,0.0,0,0,0,0,0,0,0
2019-12-24,MUFFINS,triple choc,1.0,18.0,19.0,18.0,1,0,0.0,0,12,12,0,0,0,0
2019-12-24,MUFFINS,st nicker,15.0,12.0,27.0,24.0,1,2,0.0,0,12,12,0,0,0,0
2019-12-24,MUFFINS,Ginger,1.0,18.0,19.0,13.0,0,6,0.0,0,0,0,0,0,0,0
2019-12-24,MUFFINS,frosted sugar,0.0,0.0,0.0,-12.0,12,0,0.0,0,0,0,0,0,0,0
2019-12-24,MUFFINS,Pumpkin Bars,7.0,0.0,7.0,-3.0,0,10,0.0,0,0,0,0,0,0,0
2019-12-24,MUFFINS,Brownies,0.0,10.0,10.0,10.0,0,0,0.0,0,0,0,0,0,0,0
2019-12-24,MUFFINS,Pump,1.0,0.0,1.0,-1.0,0,2,0.0,0,0,0,0,0,0,0
2019-12-24,MUFFINS,Pecan,0.0,0.0,0.0,-6.0,3,3,0.0,0,0,0,0,0,0,0
2019-12-24,MUFFINS,AP,0.0,0.0,0.0,-1.0,1,0,0.0,0,0,0,0,0,0,0
2019-12-24,MUFFINS,Cr-Ap Pie,0.0,0.0,0.0,-1.0,1,0,0.0,0,0,0,0,0,0,0
2019-12-24,MUFFINS,PUMP OHHH,0.0,0.0,0.0,0.0,0,0,0.0,0,0,0,0,0,0,0
2019-12-24,MUFFINS,Sugar Cream,0.0,0.0,0.0,0.0,0,0,0.0,0,0,0,0,0,0,0
2019-12-24,MUFFINS,Totals,32.0,614.0,646.0,288.0,285,73,0.0,0,24,24,-7,0,0,0
2019-12-25,BREAD,H,0.0,0.0,0.0,0.0,0,0,0.0,0,0,0,0,0,0,0
2019-12-25,BREAD,FR,0.0,0.0,0.0,0.0,0,0,0.0,0,0,0,0,0,0,0
2019-12-25,BREAD,GW,0.0,0.0,0.0,0.0,0,0,0.0,0,0,0,0,0,0,0
2019-12-25,BREAD,DK,0.0,0.0,0.0,0.0,0,0,0.0,0,0,0,0,0,0,0
2019-12-25,BREAD,H5|Cran,0.0,0.0,0.0,0.0,0,0,0.0,0,0,0,0,0,0,0
2019-12-25,BREAD,CSRWL,0.0,0.0,0.0,0.0,0,0,0.0,0,0,0,0,0,0,0
2019-12-25,BREAD,PUMP PIE SW,0.0,0.0,0.0,0.0,0,0,0.0,0,0,0,0,0,0,0
2019-12-25,BREAD,CB,0.0,0.0,0.0,0.0,0,0,0.0,0,0,0,0,0,0,0
2019-12-25,BREAD,CPBB,0.0,0.0,0.0,0.0,0,0,0.0,0,0,0,0,0,0,0
2019-12-25,BREAD,CNE,0.0,0.0,0.0,0.0,0,0,0.0,0,0,0,0,0,0,0
2019-12-25,BREAD,CNR,0.0,0.0,0.0,0.0,0,0,0.0,0,0,0,0,0,0,0
2019-12-25,BREAD,CNW,0.0,0.0,0.0,0.0,0,0,0.0,0,0,0,0,0,0,0
2019-12-25,BREAD,CG,0.0,0.0,0.0,0.0,0,0,0.0,0,0,0,0,0,0,0
2019-12-25,BREAD,Pesto CG,0.0,0.0,0.0,0.0,0,0,0.0,0,0,0,0,0,0,0
2019-12-25,BREAD,CrO,0.0,0.0,0.0,0.0,0,0,0.0,0,0,0,0,0,0,0
2019-12-25,BREAD,VS,0.0,0.0,0.0,0.0,0,0,0.0,0,0,0,0,0,0,0
2019-12-25,BREAD,STUF,0.0,0.0,0.0,0.0,0,0,0.0,0,0,0,0,0,0,0
2019-12-25,BREAD,SOURDOUGH,0.0,0.0,0.0,0.0,0,0,0.0,0,0,0,0,0,0,0
2019-12-25,BREAD,SOUR JC,0.0,0.0,0.0,0.0,0,0,0.0,0,0,0,0,0,0,0
2019-12-25,BREAD,Sour RG,0.0,0.0,0.0,0.0,0,0,0.0,0,0,0,0,0,0,0
2019-12-25,BREAD,WC,0.0,0.0,0.0,0.0,0,0,0.0,0,0,0,0,0,0,0
2019-12-25,BREAD,Car,0.0,0.0,0.0,0.0,0,0,0.0,0,0,0,0,0,0,0
2019-12-25,BREAD,IHF,0.0,0.0,0.0,0.0,0,0,0.0,0,0,0,0,0,0,0
2019-12-25,BREAD,TURKEYS,0.0,0.0,0.0,0.0,0,0,0.0,0,0,0,0,0,0,0
2019-12-25,BREAD,CrO Rls,0.0,0.0,0.0,0.0,0,0,0.0,0,0,0,0,0,0,0
2019-12-25,BREAD,BUT Rls,0.0,0.0,0.0,0.0,0,0,0.0,0,0,0,0,0,0,0
2019-12-25,BREAD,H-RLS,0.0,0.0,0.0,0.0,0,0,0.0,0,0,0,0,0,0,0
2019-12-25,BREAD,FR-RLS,0.0,0.0,0.0,0.0,0,0,0.0,0,0,0,0,0,0,0
2019-12-25,BREAD,VS-RLS,0.0,0.0,0.0,0.0,0,0,0.0,0,0,0,0,0,0,0
2019-12-25,BREAD,Gingerbread,0.0,0.0,0.0,0.0,0,0,0.0,0,0,0,0,0,0,0
2019-12-25,BREAD,Mex Choc,0.0,0.0,0.0,0.0,0,0,0.0,0,0,0,0,0,0,0
2019-12-25,BREAD,Pump CC,0.0,0.0,0.0,0.0,0,0,0.0,0,0,0,0,0,0,0
2019-12-25,ROLLS,Cinnamon,0.0,0.0,0.0,0.0,0,0,0.0,0,0,0,0,0,0,0
2019-12-25,ROLLS,Pump C-R,0.0,0.0,0.0,0.0,0,0,0.0,0,0,0,0,0,0,0
2019-12-25,ROLLS,Take-n-bake,0.0,0.0,0.0,0.0,0,0,0.0,0,0,0,0,0,0,0
2019-12-25,ROLLS,Mini C-Roll,0.0,0.0,0.0,0.0,0,0,0.0,0,0,0,0,0,0,0
2019-12-25,SCONES,Blueberry,0.0,0.0,0.0,0.0,0,0,0.0,0,0,0,0,0,0,0
2019-12-25,SCONES,Rasp Cream,0.0,0.0,0.0,0.0,0,0,0.0,0,0,0,0,0,0,0
2019-12-25,SCONES,Cherry,0.0,0.0,0.0,0.0,0,0,0.0,0,0,0,0,0,0,0
2019-12-25,SCONES,Butt Almond,0.0,0.0,0.0,0.0,0,0,0.0,0,0,0,0,0,0,0
2019-12-25,SCONES,Turtle,0.0,0.0,0.0,0.0,0,0,0.0,0,0,0,0,0,0,0
2019-12-25,SCONES,pb choc,0.0,0.0,0.0,0.0,0,0,0.0,0,0,0,0,0,0,0
2019-12-25,SCONES,Pump Spice,0.0,0.0,0.0,0.0,0,0,0.0,0,0,0,0,0,0,0
2019-12-25,FRUIT BARS,Mixed Berry,0.0,0.0,0.0,0.0,0,0,0.0,0,0,0,0,0,0,0
2019-12-25,FRUIT BARS,Cherry,0.0,0.0,0.0,0.0,0,0,0.0,0,0,0,0,0,0,0
2019-12-25,FRUIT BARS,Apple Cin,0.0,0.0,0.0,0.0,0,0,0.0,0,0,0,0,0,0,0
2019-12-25,FRUIT BARS,MIXED FRUIT,0.0,0.0,0.0,0.0,0,0,0.0,0,0,0,0,0,0,0
2019-12-25,MUFFINS,Gingerbread,0.0,0.0,0.0,0.0,0,0,0.0,0,0,0,0,0,0,0
2019-12-25,MUFFINS,Mex Choc,0.0,0.0,0.0,0.0,0,0,0.0,0,0,0,0,0,0,0
2019-12-25,MUFFINS,Pump CC,0.0,0.0,0.0,0.0,0,0,0.0,0,0,0,0,0,0,0
2019-12-25,MUFFINS,Cookies,0.0,0.0,0.0,0.0,0,0,0.0,0,0,0,0,0,0,0
2019-12-25,MUFFINS,Bars,0.0,0.0,0.0,0.0,0,0,0.0,0,0,0,0,0,0,0
2019-12-25,MUFFINS,Pies,,,,,0,0,,0,0,0,0,0,0,0
2019-12-25,MUFFINS,oatmeal choc,0.0,0.0,0.0,0.0,0,0,0.0,0,0,0,0,0,0,0
2019-12-25,MUFFINS,triple choc,0.0,0.0,0.0,0.0,0,0,0.0,0,0,0,0,0,0,0
2019-12-25,MUFFINS,snickerdoodle,0.0,0.0,0.0,0.0,0,0,0.0,0,0,0,0,0,0,0
2019-12-25,MUFFINS,Ginger,0.0,0.0,0.0,0.0,0,0,0.0,0,0,0,0,0,0,0
2019-12-25,MUFFINS,frosted sugar,0.0,0.0,0.0,0.0,0,0,0.0,0,0,0,0,0,0,0
2019-12-25,MUFFINS,Pumpkin Bars,0.0,0.0,0.0,0.0,0,0,0.0,0,0,0,0,0,0,0
2019-12-25,MUFFINS,Pump Pie,0.0,0.0,0.0,0.0,0,0,0.0,0,0,0,0,0,0,0
2019-12-25,MUFFINS,Sugar Pie,0.0,0.0,0.0,0.0,0,0,0.0,0,0,0,0,0,0,0
2019-12-25,MUFFINS,Pecan Pie,0.0,0.0,0.0,0.0,0,0,0.0,0,0,0,0,0,0,0
2019-12-25,MUFFINS,AP,0.0,0.0,0.0,0.0,0,0,0.0,0,0,0,0,0,0,0
2019-12-25,MUFFINS,Cr-Ap Pie,0.0,0.0,0.0,0.0,0,0,0.0,0,0,0,0,0,0,0
2019-12-25,MUFFINS,PUMP OHHH,0.0,0.0,0.0,0.0,0,0,0.0,0,0,0,0,0,0,0
2019-12-25,MUFFINS,Bread Pudding,0.0,0.0,0.0,0.0,0,0,0.0,0,0,0,0,0,0,0
2019-12-25,MUFFINS,Totals,0.0,0.0,0.0,0.0,0,0,0.0,0,0,0,0,0,0,0
2019-12-26,BREAD,H,0.0,36.0,36.0,14.0,0,0,22.0,0,0,0,0,0,0,0
2019-12-26,BREAD,FR,0.0,63.0,63.0,9.0,45,0,9.0,0,0,0,0,0,0,0
2019-12-26,BREAD,GW,0.0,7.0,7.0,6.0,0,0,1.0,0,0,0,0,0,0,0
2019-12-26,BREAD,DK,0.0,0.0,0.0,0.0,0,0,0.0,0,0,0,0,0,0,0
2019-12-26,BREAD,H5|Cran,0.0,13.0,13.0,4.0,0,0,9.0,0,6,6,4,0,0,2
2019-12-26,BREAD,CSRWL,0.0,16.0,16.0,13.0,0,0,3.0,0,3,3,1,0,0,2
2019-12-26,BREAD,MAP PEC,0.0,8.0,8.0,-4.0,0,0,12.0,0,2,2,0,0,0,2
2019-12-26,BREAD,CB,0.0,17.0,17.0,4.0,0,0,13.0,0,3,3,1,0,0,2
2019-12-26,BREAD,CnE,0.0,0.0,0.0,0.0,0,0,0.0,0,0,0,0,0,0,0
2019-12-26,BREAD,CnR,0.0,0.0,0.0,0.0,0,0,0.0,0,0,0,0,0,0,0
2019-12-26,BREAD,CnW,0.0,0.0,0.0,0.0,0,0,0.0,0,0,0,0,0,0,0
2019-12-26,BREAD,CG,0.0,0.0,0.0,0.0,0,0,0.0,0,0,0,0,0,0,0
2019-12-26,BREAD,Pesto CG,0.0,0.0,0.0,0.0,0,0,0.0,0,0,0,0,0,0,0
2019-12-26,BREAD,CrO,0.0,16.0,16.0,4.0,0,0,12.0,0,4,4,1,0,0,3
2019-12-26,BREAD,VS,0.0,10.0,10.0,2.0,1,0,7.0,0,2,2,0,0,0,2
2019-12-26,BREAD,TS,0.0,0.0,0.0,0.0,0,0,0.0,0,0,0,0,0,0,0
2019-12-26,BREAD,Angels,0.0,0.0,0.0,0.0,0,0,0.0,0,0,0,0,0,0,0
2019-12-26,BREAD,Sour,0.0,0.0,0.0,0.0,0,0,0.0,0,0,0,0,0,0,0
2019-12-26,BREAD,Sour RG,0.0,0.0,0.0,0.0,0,0,0.0,0,0,0,0,0,0,0
2019-12-26,BREAD,SourCheese,0.0,0.0,0.0,0.0,0,0,0.0,0,0,0,0,0,0,0
2019-12-26,BREAD,CAR,0.0,0.0,0.0,0.0,0,0,0.0,0,0,0,0,0,0,0
2019-12-26,BREAD,IHF,0.0,0.0,0.0,0.0,0,0,0.0,0,0,0,0,0,0,0
2019-12-26,BREAD,CnE Tree,0.0,0.0,0.0,0.0,0,0,0.0,0,0,0,0,0,0,0
2019-12-26,BREAD,fr rls,0.0,4.0,4.0,3.0,0,0,1.0,0,0,0,0,0,0,0
2019-12-26,BREAD,CrO Rls,0.0,0.0,0.0,0.0,0,0,0.0,0,0,0,0,0,0,0
2019-12-26,BREAD,BUT Rls,0.0,0.0,0.0,0.0,0,0,0.0,0,0,0,0,0,0,0
2019-12-26,BREAD,H-RLS,0.0,4.0,4.0,2.0,0,0,2.0,0,0,0,0,0,0,0
2019-12-26,BREAD,H-BUT Rls,0.0,0.0,0.0,0.0,0,0,0.0,0,0,0,0,0,0,0
2019-12-26,BREAD,VS-RLS,0.0,4.0,4.0,2.0,0,0,2.0,0,0,0,0,0,0,0
2019-12-26,BREAD,Blue Stru,0.0,4.0,4.0,2.0,0,0,2.0,0,0,0,0,0,0,0
2019-12-26,BREAD,Mex Choc,0.0,4.0,4.0,1.0,0,0,3.0,0,0,0,0,0,0,0
2019-12-26,BREAD,Pump CC,0.0,6.0,6.0,1.0,0,0,5.0,0,0,0,0,0,0,0
2019-12-26,ROLLS,Cinnamon,0.0,24.0,24.0,20.0,0,4,0.0,0,0,0,0,0,0,0
2019-12-26,ROLLS,Pecan C-R,0.0,0.0,0.0,0.0,0,0,0.0,0,0,0,0,0,0,0
2019-12-26,ROLLS,Take-n-bake,0.0,0.0,0.0,0.0,0,0,0.0,0,0,0,0,0,0,0
2019-12-26,ROLLS,Mini C-Roll,0.0,0.0,0.0,0.0,0,0,0.0,0,0,0,0,0,0,0
2019-12-26,SCONES,Blueberry,0.0,12.0,12.0,7.0,0,5,0.0,0,0,0,0,0,0,0
2019-12-26,SCONES,Rasp Cream,0.0,0.0,0.0,0.0,0,0,0.0,0,0,0,0,0,0,0
2019-12-26,SCONES,Cherry,0.0,0.0,0.0,0.0,0,0,0.0,0,0,0,0,0,0,0
2019-12-26,SCONES,Butt Almond,0.0,0.0,0.0,0.0,0,0,0.0,0,0,0,0,0,0,0
2019-12-26,SCONES,Turtle,0.0,11.0,11.0,3.0,0,8,0.0,0,0,0,0,0,0,0
2019-12-26,SCONES,CIN CHIP,0.0,0.0,0.0,0.0,0,0,0.0,0,0,0,0,0,0,0
2019-12-26,SCONES,CrO,0.0,0.0,0.0,0.0,0,0,0.0,0,0,0,0,0,0,0
2019-12-26,SCONES,CrO W.Choc,0.0,7.0,7.0,3.0,0,4,0.0,0,0,0,0,0,0,0
2019-12-26,FRUIT BARS,Mixed Berry,0.0,0.0,0.0,0.0,0,0,0.0,0,0,0,0,0,0,0
2019-12-26,FRUIT BARS,Cherry,0.0,0.0,0.0,0.0,0,0,0.0,0,0,0,0,0,0,0
2019-12-26,FRUIT BARS,Apple Cin,0.0,12.0,12.0,3.0,0,9,0.0,0,0,0,0,0,0,0
2019-12-26,FRUIT BARS,Cran White,0.0,8.0,8.0,2.0,0,6,0.0,0,0,0,0,0,0,0
2019-12-26,MUFFINS,Blue Stru,0.0,4.0,4.0,4.0,0,0,0.0,0,0,0,0,0,0,0
2019-12-26,MUFFINS,Mex Choc,0.0,4.0,4.0,1.0,0,3,0.0,0,0,0,0,0,0,0
2019-12-26,MUFFINS,Pump CC,0.0,6.0,6.0,2.0,0,4,0.0,0,0,0,0,0,0,0
2019-12-26,MUFFINS,Cookies,0.0,0.0,0.0,0.0,0,0,0.0,0,0,0,0,0,0,0
2019-12-26,MUFFINS,Bars,0.0,0.0,0.0,0.0,0,0,0.0,0,0,0,0,0,0,0
2019-12-26,MUFFINS,Pies,,,,,0,0,,0,0,0,0,0,0,0
2019-12-26,MUFFINS,White Choc Cran,0.0,18.0,18.0,7.0,0,0,11.0,0,0,0,0,0,0,0
2019-12-26,MUFFINS,triple choc,0.0,18.0,18.0,7.0,0,0,11.0,0,0,0,0,0,0,0
2019-12-26,MUFFINS,st nicker,0.0,18.0,18.0,0.0,0,0,18.0,0,0,0,0,0,0,0
2019-12-26,MUFFINS,Ginger,0.0,12.0,12.0,2.0,0,0,10.0,0,0,0,0,0,0,0
2019-12-26,MUFFINS,frosted sugar,0.0,24.0,24.0,4.0,0,0,20.0,0,0,0,0,0,0,0
2019-12-26,MUFFINS,Pumpkin Bars,0.0,6.0,6.0,6.0,0,0,0.0,0,0,0,0,0,0,0
2019-12-26,MUFFINS,Brownies,0.0,0.0,0.0,0.0,0,0,0.0,0,0,0,0,0,0,0
2019-12-26,MUFFINS,AP,0.0,0.0,0.0,0.0,0,0,0.0,0,0,0,0,0,0,0
2019-12-26,MUFFINS,Cr-Ap Pie,0.0,0.0,0.0,0.0,0,0,0.0,0,0,0,0,0,0,0
2019-12-26,MUFFINS,PUMP OHHH,0.0,0.0,0.0,0.0,0,0,0.0,0,0,0,0,0,0,0
2019-12-26,MUFFINS,Bread Pudding,0.0,0.0,0.0,0.0,0,0,0.0,0,0,0,0,0,0,0
2019-12-26,MUFFINS,Totals,0.0,184.0,184.0,71.0,0,43,70.0,0,0,0,0,0,0,0
2019-12-27,BREAD,H,22.0,22.0,44.0,15.0,0,0,29.0,0,0,0,0,0,0,0
2019-12-27,BREAD,FR,9.0,22.0,31.0,9.0,1,0,21.0,0,0,0,0,0,0,0
2019-12-27,BREAD,GW,1.0,14.0,15.0,4.0,0,0,11.0,0,0,0,0,0,0,0
2019-12-27,BREAD,DK,0.0,22.0,22.0,6.0,0,0,16.0,0,0,0,0,0,0,0
2019-12-27,BREAD,H5|Cran,9.0,0.0,9.0,5.0,0,0,4.0,2,0,2,0,0,0,2
2019-12-27,BREAD,CSRWL,3.0,12.0,15.0,15.0,0,0,0.0,2,0,2,2,0,0,0
2019-12-27,BREAD,MAP PEC,12.0,0.0,12.0,3.0,0,9,0.0,2,0,2,1,0,0,0
2019-12-27,BREAD,CB,13.0,0.0,13.0,6.0,0,7,0.0,2,0,2,2,0,0,0
2019-12-27,BREAD,CnE,0.0,17.0,17.0,14.0,0,0,3.0,0,2,2,0,0,0,2
2019-12-27,BREAD,CnR,0.0,6.0,6.0,2.0,2,0,2.0,0,0,0,0,0,0,0
2019-12-27,BREAD,CnW,0.0,4.0,4.0,3.0,0,0,1.0,0,0,0,0,0,0,0
2019-12-27,BREAD,CG,0.0,5.0,5.0,5.0,0,0,0.0,0,4,4,1,0,0,3
2019-12-27,BREAD,Pesto CG,0.0,3.0,3.0,2.0,0,0,1.0,0,0,0,0,0,0,0
2019-12-27,BREAD,CrO,12.0,0.0,12.0,7.0,0,5,0.0,3,0,3,1,0,0,0
2019-12-27,BREAD,VS,7.0,0.0,7.0,4.0,0,3,0.0,2,0,2,1,0,0,0
2019-12-27,BREAD,TS,0.0,12.0,12.0,2.0,0,0,10.0,0,3,3,2,0,0,1
2019-12-27,BREAD,Angels,0.0,2.0,2.0,2.0,0,0,0.0,0,0,0,0,0,0,0
2019-12-27,BREAD,Sour,0.0,7.0,7.0,3.0,0,0,4.0,0,0,0,0,0,0,0
2019-12-27,BREAD,Sour RG,0.0,3.0,3.0,0.0,0,0,3.0,0,0,0,0,0,0,0
2019-12-27,BREAD,SourCheese,0.0,3.0,3.0,2.0,0,0,1.0,0,0,0,0,0,0,0
2019-12-27,BREAD,CAR,0.0,0.0,0.0,0.0,0,0,0.0,0,0,0,0,0,0,0
2019-12-27,BREAD,IHF,0.0,0.0,0.0,0.0,0,0,0.0,0,0,0,0,0,0,0
2019-12-27,BREAD,CnE Tree,0.0,0.0,0.0,0.0,0,0,0.0,0,0,0,0,0,0,0
2019-12-27,BREAD,CrO Rls,0.0,0.0,0.0,0.0,0,0,0.0,0,0,0,0,0,0,0
2019-12-27,BREAD,BUT Rls,0.0,20.0,20.0,0.0,0,0,20.0,0,0,0,0,0,0,0
2019-12-27,BREAD,H-RLS,2.0,6.0,8.0,2.0,0,0,6.0,0,0,0,0,0,0,0
2019-12-27,BREAD,FR-RLS,0.0,6.0,6.0,-1.0,6,0,1.0,0,0,0,0,0,0,0
2019-12-27,BREAD,VS-RLS,2.0,0.0,2.0,1.0,0,1,0.0,0,0,0,0,0,0,0
2019-12-27,BREAD,Blue Stru,2.0,3.0,5.0,5.0,0,0,0.0,0,0,0,0,0,0,0
2019-12-27,BREAD,Mex Choc,3.0,2.0,5.0,2.0,0,3,0.0,0,0,0,0,0,0,0
2019-12-27,BREAD,Pump CC,5.0,3.0,8.0,3.0,1,4,0.0,0,0,0,0,0,0,0
2019-12-27,ROLLS,Cinnamon,0.0,36.0,36.0,36.0,0,0,0.0,0,0,0,0,0,0,0
2019-12-27,ROLLS,Pecan C-R,0.0,0.0,0.0,0.0,0,0,0.0,0,0,0,0,0,0,0
2019-12-27,ROLLS,Take-n-bake,0.0,0.0,0.0,0.0,0,0,0.0,0,0,0,0,0,0,0
2019-12-27,ROLLS,Mini C-Roll,0.0,0.0,0.0,0.0,0,0,0.0,0,0,0,0,0,0,0
2019-12-27,SCONES,Blueberry,0.0,0.0,0.0,0.0,0,0,0.0,0,0,0,0,0,0,0
2019-12-27,SCONES,Rasp Cream,0.0,0.0,0.0,0.0,0,0,0.0,0,0,0,0,0,0,0
2019-12-27,SCONES,Cherry,0.0,14.0,14.0,10.0,4,0,0.0,0,0,0,0,0,0,0
2019-12-27,SCONES,Butt Almond,0.0,11.0,11.0,11.0,0,0,0.0,0,0,0,0,0,0,0
2019-12-27,SCONES,Turtle,0.0,0.0,0.0,0.0,0,0,0.0,0,0,0,0,0,0,0
2019-12-27,SCONES,CIN CHIP,0.0,0.0,0.0,0.0,0,0,0.0,0,0,0,0,0,0,0
2019-12-27,SCONES,CrO,0.0,0.0,0.0,0.0,0,0,0.0,0,0,0,0,0,0,0
2019-12-27,SCONES,CrO W.Choc,0.0,0.0,0.0,0.0,0,0,0.0,0,0,0,0,0,0,0
2019-12-27,FRUIT BARS,Mixed Berry,0.0,8.0,8.0,5.0,2,1,0.0,0,0,0,0,0,0,0
2019-12-27,FRUIT BARS,Cherry,0.0,12.0,12.0,6.0,2,4,0.0,0,0,0,0,0,0,0
2019-12-27,FRUIT BARS,Apple Cin,0.0,0.0,0.0,0.0,0,0,0.0,0,0,0,0,0,0,0
2019-12-27,FRUIT BARS,Cran White,0.0,0.0,0.0,0.0,0,0,0.0,0,0,0,0,0,0,0
2019-12-27,MUFFINS,Blue Stru,0.0,4.0,4.0,3.0,0,1,0.0,0,0,0,0,0,0,0
2019-12-27,MUFFINS,Mex Choc,0.0,4.0,4.0,2.0,0,2,0.0,0,0,0,0,0,0,0
2019-12-27,MUFFINS,Pump CC,0.0,6.0,6.0,3.0,0,3,0.0,0,0,0,0,0,0,0
2019-12-27,MUFFINS,Cookies,0.0,0.0,0.0,0.0,0,0,0.0,0,0,0,0,0,0,0
2019-12-27,MUFFINS,Bars,0.0,0.0,0.0,0.0,0,0,0.0,0,0,0,0,0,0,0
2019-12-27,MUFFINS,Pies,,,,,0,0,,0,0,0,0,0,0,0
2019-12-27,MUFFINS,White Choc Cran,11.0,12.0,23.0,9.0,0,2,12.0,0,4,4,0,0,0,0
2019-12-27,MUFFINS,triple choc,11.0,12.0,23.0,18.0,0,0,5.0,0,4,4,0,0,0,0
2019-12-27,MUFFINS,st nicker,18.0,6.0,24.0,13.0,0,6,5.0,0,4,4,0,0,0,0
2019-12-27,MUFFINS,Ginger,10.0,6.0,16.0,8.0,0,8,0.0,0,4,4,0,0,0,0
2019-12-27,MUFFINS,frosted sugar,20.0,0.0,20.0,1.0,0,0,19.0,0,0,0,0,0,0,0
2019-12-27,MUFFINS,Pumpkin Bars,0.0,13.0,13.0,8.0,5,0,0.0,0,0,0,0,0,0,0
2019-12-27,MUFFINS,Brownies,0.0,0.0,0.0,0.0,0,0,0.0,0,0,0,0,0,0,0
2019-12-27,MUFFINS,AP,0.0,0.0,0.0,0.0,0,0,0.0,0,0,0,0,0,0,0
2019-12-27,MUFFINS,Cr-Ap Pie,0.0,0.0,0.0,0.0,0,0,0.0,0,0,0,0,0,0,0
2019-12-27,MUFFINS,PUMP OHHH,0.0,0.0,0.0,0.0,0,0,0.0,0,0,0,0,0,0,0
2019-12-27,MUFFINS,Bread Pudding,0.0,0.0,0.0,0.0,0,0,0.0,0,0,0,0,0,0,0
2019-12-27,MUFFINS,Totals,70.0,144.0,214.0,133.0,13,27,41.0,0,16,16,0,0,0,0
2019-12-28,BREAD,H,29.0,0.0,29.0,6.0,0,23,0.0,0,0,0,0,0,0,0
2019-12-28,BREAD,FR,21.0,0.0,21.0,13.0,0,8,0.0,0,0,0,0,0,0,0
2019-12-28,BREAD,GW,11.0,7.0,18.0,3.0,0,15,0.0,0,0,0,0,0,0,0
2019-12-28,BREAD,DK,16.0,0.0,16.0,7.0,0,9,0.0,0,0,0,0,0,0,0
2019-12-28,BREAD,H5|Cran,4.0,0.0,4.0,0.0,0,4,0.0,2,0,2,1,0,0,0
2019-12-28,BREAD,CSRWL,0.0,20.0,20.0,4.0,6,10,0.0,0,2,2,2,0,0,0
2019-12-28,BREAD,MAP PEC,0.0,0.0,0.0,0.0,0,0,0.0,0,0,0,0,0,0,0
2019-12-28,BREAD,CB,0.0,14.0,14.0,7.0,0,7,0.0,0,3,3,3,0,0,0
2019-12-28,BREAD,CnE,2.0,0.0,2.0,0.0,0,2,0.0,0,0,0,-1,0,0,0
2019-12-28,BREAD,CnR,1.0,0.0,1.0,0.0,0,1,0.0,0,0,0,0,0,0,0
2019-12-28,BREAD,CnW,0.0,0.0,0.0,-2.0,0,2,0.0,0,0,0,0,0,0,0
2019-12-28,BREAD,CG,1.0,0.0,1.0,0.0,0,1,0.0,0,0,0,0,0,0,0
2019-12-28,BREAD,Pesto CG,0.0,0.0,0.0,0.0,0,0,0.0,0,0,0,0,0,0,0
2019-12-28,BREAD,CrO,10.0,0.0,10.0,10.0,0,0,0.0,1,0,1,1,0,0,0
2019-12-28,BREAD,VS,0.0,0.0,0.0,0.0,0,0,0.0,0,0,0,0,0,0,0
2019-12-28,BREAD,TS,4.0,0.0,4.0,-5.0,0,9,0.0,0,0,0,-1,0,0,0
2019-12-28,BREAD,Angels,3.0,0.0,3.0,3.0,0,0,0.0,0,0,0,0,0,0,0
2019-12-28,BREAD,Sour,1.0,0.0,1.0,1.0,0,0,0.0,0,0,0,0,0,0,0
2019-12-28,BREAD,Sour RG,0.0,0.0,0.0,0.0,0,0,0.0,0,0,0,0,0,0,0
2019-12-28,BREAD,SourCheese,0.0,0.0,0.0,-1.0,0,1,0.0,0,0,0,0,0,0,0
2019-12-28,BREAD,CAR,0.0,16.0,16.0,16.0,0,0,0.0,0,0,0,0,0,0,0
2019-12-28,BREAD,IHF,0.0,0.0,0.0,0.0,0,0,0.0,0,0,0,0,0,0,0
2019-12-28,BREAD,CnE Tree,3.0,0.0,3.0,3.0,0,0,0.0,0,0,0,0,0,0,0
2019-12-28,BREAD,CrO Rls,0.0,0.0,0.0,0.0,0,0,0.0,0,0,0,0,0,0,0
2019-12-28,BREAD,BUT Rls,20.0,0.0,20.0,11.0,0,9,0.0,0,0,0,0,0,0,0
2019-12-28,BREAD,H-RLS,6.0,0.0,6.0,1.0,0,5,0.0,0,0,0,0,0,0,0
2019-12-28,BREAD,FR-RLS,1.0,0.0,1.0,0.0,0,1,0.0,0,0,0,0,0,0,0
2019-12-28,BREAD,VS-RLS,0.0,0.0,0.0,0.0,0,0,0.0,0,0,0,0,0,0,0
2019-12-28,BREAD,Blue Stru,0.0,3.0,3.0,2.0,0,1,0.0,0,0,0,0,0,0,0
2019-12-28,BREAD,Mex Choc,0.0,0.0,0.0,-3.0,0,3,0.0,0,0,0,0,0,0,0
2019-12-28,BREAD,Pump CC,0.0,3.0,3.0,2.0,0,1,0.0,0,0,0,0,0,0,0
2019-12-28,ROLLS,Cinnamon,0.0,48.0,48.0,37.0,0,11,0.0,0,0,0,0,0,0,0
2019-12-28,ROLLS,Pecan C-R,0.0,0.0,0.0,0.0,0,0,0.0,0,0,0,0,0,0,0
2019-12-28,ROLLS,Take-n-bake,0.0,0.0,0.0,0.0,0,0,0.0,0,0,0,0,0,0,0
2019-12-28,ROLLS,Mini C-Roll,0.0,24.0,24.0,0.0,24,0,0.0,0,0,0,0,0,0,0
2019-12-28,SCONES,Blueberry,0.0,14.0,14.0,11.0,0,3,0.0,0,0,0,0,0,0,0
2019-12-28,SCONES,Rasp Cream,0.0,0.0,0.0,0.0,0,0,0.0,0,0,0,0,0,0,0
2019-12-28,SCONES,Cherry,0.0,0.0,0.0,0.0,0,0,0.0,0,0,0,0,0,0,0
2019-12-28,SCONES,Butt Almond,0.0,8.0,8.0,4.0,0,4,0.0,0,0,0,0,0,0,0
2019-12-28,SCONES,Turtle,0.0,0.0,0.0,0.0,0,0,0.0,0,0,0,0,0,0,0
2019-12-28,SCONES,CIN CHIP,0.0,0.0,0.0,0.0,0,0,0.0,0,0,0,0,0,0,0
2019-12-28,SCONES,CrO,0.0,0.0,0.0,0.0,0,0,0.0,0,0,0,0,0,0,0
2019-12-28,SCONES,CrO W.Choc,0.0,0.0,0.0,0.0,0,0,0.0,0,0,0,0,0,0,0
2019-12-28,FRUIT BARS,Mixed Berry,0.0,0.0,0.0,0.0,0,0,0.0,0,0,0,0,0,0,0
2019-12-28,FRUIT BARS,Cherry,0.0,0.0,0.0,0.0,0,0,0.0,0,0,0,0,0,0,0
2019-12-28,FRUIT BARS,Apple Cin,0.0,12.0,12.0,5.0,0,7,0.0,0,0,0,0,0,0,0
2019-12-28,FRUIT BARS,Cran White,0.0,8.0,8.0,6.0,0,2,0.0,0,0,0,0,0,0,0
2019-12-28,MUFFINS,Blue Stru,0.0,4.0,4.0,2.0,0,2,0.0,0,0,0,0,0,0,0
2019-12-28,MUFFINS,Mex Choc,0.0,4.0,4.0,0.0,0,4,0.0,0,0,0,0,0,0,0
2019-12-28,MUFFINS,Pump CC,0.0,6.0,6.0,2.0,0,4,0.0,0,0,0,0,0,0,0
2019-12-28,MUFFINS,Cookies,0.0,0.0,0.0,0.0,0,0,0.0,0,0,0,0,0,0,0
2019-12-28,MUFFINS,Bars,0.0,0.0,0.0,0.0,0,0,0.0,0,0,0,0,0,0,0
2019-12-28,MUFFINS,Pies,,,,,0,0,,0,0,0,0,0,0,0
2019-12-28,MUFFINS,White Choc Cran,0.0,12.0,12.0,-1.0,0,13,0.0,0,0,0,0,0,0,0
2019-12-28,MUFFINS,triple choc,12.0,0.0,12.0,9.0,0,3,0.0,0,0,0,0,0,0,0
2019-12-28,MUFFINS,st nicker,5.0,6.0,11.0,7.0,0,4,0.0,0,0,0,0,0,0,0
2019-12-28,MUFFINS,Ginger,5.0,6.0,11.0,3.0,0,8,0.0,0,0,0,0,0,0,0
2019-12-28,MUFFINS,frosted sugar,0.0,0.0,0.0,-16.0,0,16,0.0,0,0,0,0,0,0,0
2019-12-28,MUFFINS,Pumpkin Bars,0.0,6.0,6.0,-3.0,0,9,0.0,0,0,0,0,0,0,0
2019-12-28,MUFFINS,Brownies,0.0,0.0,0.0,0.0,0,0,0.0,0,0,0,0,0,0,0
2019-12-28,MUFFINS,AP,0.0,0.0,0.0,0.0,0,0,0.0,0,0,0,0,0,0,0
2019-12-28,MUFFINS,Cr-Ap Pie,0.0,0.0,0.0,0.0,0,0,0.0,0,0,0,0,0,0,0
2019-12-28,MUFFINS,PUMP OHHH,0.0,0.0,0.0,0.0,0,0,0.0,0,0,0,0,0,0,0
2019-12-28,MUFFINS,Bread Pudding,0.0,0.0,0.0,0.0,0,0,0.0,0,0,0,0,0,0,0
2019-12-28,MUFFINS,Totals,0.0,158.0,180.0,66.0,24,90,0.0,0,0,0,0,0,0,0
2019-12-29,BREAD,H,0.0,0.0,0.0,0.0,0,0,0.0,0,0,0,0,0,0,0
2019-12-29,BREAD,FR,0.0,0.0,0.0,0.0,0,0,0.0,0,0,0,0,0,0,0
2019-12-29,BREAD,GW,0.0,0.0,0.0,0.0,0,0,0.0,0,0,0,0,0,0,0
2019-12-29,BREAD,DK,0.0,0.0,0.0,0.0,0,0,0.0,0,0,0,0,0,0,0
2019-12-29,BREAD,H5|Cran,0.0,0.0,0.0,0.0,0,0,0.0,0,0,0,0,0,0,0
2019-12-29,BREAD,CSRWL,0.0,0.0,0.0,0.0,0,0,0.0,0,0,0,0,0,0,0
2019-12-29,BREAD,PUMP PIE SW,0.0,0.0,0.0,0.0,0,0,0.0,0,0,0,0,0,0,0
2019-12-29,BREAD,CB,0.0,0.0,0.0,0.0,0,0,0.0,0,0,0,0,0,0,0
2019-12-29,BREAD,CNE,0.0,0.0,0.0,0.0,0,0,0.0,0,0,0,0,0,0,0
2019-12-29,BREAD,CNR,0.0,0.0,0.0,0.0,0,0,0.0,0,0,0,0,0,0,0
2019-12-29,BREAD,CNW,0.0,0.0,0.0,0.0,0,0,0.0,0,0,0,0,0,0,0
2019-12-29,BREAD,CG,0.0,0.0,0.0,0.0,0,0,0.0,0,0,0,0,0,0,0
2019-12-29,BREAD,Pesto CG,0.0,0.0,0.0,0.0,0,0,0.0,0,0,0,0,0,0,0
2019-12-29,BREAD,CrO,0.0,0.0,0.0,0.0,0,0,0.0,0,0,0,0,0,0,0
2019-12-29,BREAD,VS,0.0,0.0,0.0,0.0,0,0,0.0,0,0,0,0,0,0,0
2019-12-29,BREAD,STUF,0.0,0.0,0.0,0.0,0,0,0.0,0,0,0,0,0,0,0
2019-12-29,BREAD,SOURDOUGH,0.0,0.0,0.0,0.0,0,0,0.0,0,0,0,0,0,0,0
2019-12-29,BREAD,SOUR JC,0.0,0.0,0.0,0.0,0,0,0.0,0,0,0,0,0,0,0
2019-12-29,BREAD,Sour RG,0.0,0.0,0.0,0.0,0,0,0.0,0,0,0,0,0,0,0
2019-12-29,BREAD,WC,0.0,0.0,0.0,0.0,0,0,0.0,0,0,0,0,0,0,0
2019-12-29,BREAD,Car,0.0,0.0,0.0,0.0,0,0,0.0,0,0,0,0,0,0,0
2019-12-29,BREAD,IHF,0.0,0.0,0.0,0.0,0,0,0.0,0,0,0,0,0,0,0
2019-12-29,BREAD,TURKEYS,0.0,0.0,0.0,0.0,0,0,0.0,0,0,0,0,0,0,0
2019-12-29,BREAD,CrO Rls,0.0,0.0,0.0,0.0,0,0,0.0,0,0,0,0,0,0,0
2019-12-29,BREAD,BUT Rls,0.0,0.0,0.0,0.0,0,0,0.0,0,0,0,0,0,0,0
2019-12-29,BREAD,H-RLS,0.0,0.0,0.0,0.0,0,0,0.0,0,0,0,0,0,0,0
2019-12-29,BREAD,FR-RLS,0.0,0.0,0.0,0.0,0,0,0.0,0,0,0,0,0,0,0
2019-12-29,BREAD,VS-RLS,0.0,0.0,0.0,0.0,0,0,0.0,0,0,0,0,0,0,0
2019-12-29,BREAD,Gingerbread,0.0,0.0,0.0,0.0,0,0,0.0,0,0,0,0,0,0,0
2019-12-29,BREAD,Mex Choc,0.0,0.0,0.0,0.0,0,0,0.0,0,0,0,0,0,0,0
2019-12-29,BREAD,Pump CC,0.0,0.0,0.0,0.0,0,0,0.0,0,0,0,0,0,0,0
2019-12-29,ROLLS,Cinnamon,0.0,0.0,0.0,0.0,0,0,0.0,0,0,0,0,0,0,0
2019-12-29,ROLLS,Pump C-R,0.0,0.0,0.0,0.0,0,0,0.0,0,0,0,0,0,0,0
2019-12-29,ROLLS,Take-n-bake,0.0,0.0,0.0,0.0,0,0,0.0,0,0,0,0,0,0,0
2019-12-29,ROLLS,Mini C-Roll,0.0,0.0,0.0,0.0,0,0,0.0,0,0,0,0,0,0,0
2019-12-29,SCONES,Blueberry,0.0,0.0,0.0,0.0,0,0,0.0,0,0,0,0,0,0,0
2019-12-29,SCONES,Rasp Cream,0.0,0.0,0.0,0.0,0,0,0.0,0,0,0,0,0,0,0
2019-12-29,SCONES,Cherry,0.0,0.0,0.0,0.0,0,0,0.0,0,0,0,0,0,0,0
2019-12-29,SCONES,Butt Almond,0.0,0.0,0.0,0.0,0,0,0.0,0,0,0,0,0,0,0
2019-12-29,SCONES,Turtle,0.0,0.0,0.0,0.0,0,0,0.0,0,0,0,0,0,0,0
2019-12-29,SCONES,pb choc,0.0,0.0,0.0,0.0,0,0,0.0,0,0,0,0,0,0,0
2019-12-29,SCONES,Pump Spice,0.0,0.0,0.0,0.0,0,0,0.0,0,0,0,0,0,0,0
2019-12-29,FRUIT BARS,Mixed Berry,0.0,0.0,0.0,0.0,0,0,0.0,0,0,0,0,0,0,0
2019-12-29,FRUIT BARS,Cherry,0.0,0.0,0.0,0.0,0,0,0.0,0,0,0,0,0,0,0
2019-12-29,FRUIT BARS,Apple Cin,0.0,0.0,0.0,0.0,0,0,0.0,0,0,0,0,0,0,0
2019-12-29,FRUIT BARS,MIXED FRUIT,0.0,0.0,0.0,0.0,0,0,0.0,0,0,0,0,0,0,0
2019-12-29,MUFFINS,Gingerbread,0.0,0.0,0.0,0.0,0,0,0.0,0,0,0,0,0,0,0
2019-12-29,MUFFINS,Mex Choc,0.0,0.0,0.0,0.0,0,0,0.0,0,0,0,0,0,0,0
2019-12-29,MUFFINS,Pump CC,0.0,0.0,0.0,0.0,0,0,0.0,0,0,0,0,0,0,0
2019-12-29,MUFFINS,Cookies,0.0,0.0,0.0,0.0,0,0,0.0,0,0,0,0,0,0,0
2019-12-29,MUFFINS,Bars,0.0,0.0,0.0,0.0,0,0,0.0,0,0,0,0,0,0,0
2019-12-29,MUFFINS,Pies,,,,,0,0,,0,0,0,0,0,0,0
2019-12-29,MUFFINS,oatmeal choc,0.0,0.0,0.0,0.0,0,0,0.0,0,0,0,0,0,0,0
2019-12-29,MUFFINS,triple choc,0.0,0.0,0.0,0.0,0,0,0.0,0,0,0,0,0,0,0
2019-12-29,MUFFINS,snickerdoodle,0.0,0.0,0.0,0.0,0,0,0.0,0,0,0,0,0,0,0
2019-12-29,MUFFINS,Ginger,0.0,0.0,0.0,0.0,0,0,0.0,0,0,0,0,0,0,0
2019-12-29,MUFFINS,frosted sugar,0.0,0.0,0.0,0.0,0,0,0.0,0,0,0,0,0,0,0
2019-12-29,MUFFINS,Pumpkin Bars,0.0,0.0,0.0,0.0,0,0,0.0,0,0,0,0,0,0,0
2019-12-29,MUFFINS,Pump Pie,0.0,0.0,0.0,0.0,0,0,0.0,0,0,0,0,0,0,0
2019-12-29,MUFFINS,Sugar Pie,0.0,0.0,0.0,0.0,0,0,0.0,0,0,0,0,0,0,0
2019-12-29,MUFFINS,Pecan Pie,0.0,0.0,0.0,0.0,0,0,0.0,0,0,0,0,0,0,0
2019-12-29,MUFFINS,AP,0.0,0.0,0.0,0.0,0,0,0.0,0,0,0,0,0,0,0
2019-12-29,MUFFINS,Cr-Ap Pie,0.0,0.0,0.0,0.0,0,0,0.0,0,0,0,0,0,0,0
2019-12-29,MUFFINS,PUMP OHHH,0.0,0.0,0.0,0.0,0,0,0.0,0,0,0,0,0,0,0
2019-12-29,MUFFINS,Bread Pudding,0.0,0.0,0.0,0.0,0,0,0.0,0,0,0,0,0,0,0
2019-12-29,MUFFINS,Totals,0.0,0.0,0.0,0.0,0,0,0.0,0,0,0,0,0,0,0
2019-12-30,BREAD,H,0.0,38.0,38.0,15.0,0,0,23.0,0,0,0,0,0,0,0
2019-12-30,BREAD,FR,0.0,53.0,53.0,10.0,20,0,23.0,0,0,0,0,0,0,0
2019-12-30,BREAD,GW,0.0,13.0,13.0,7.0,0,0,6.0,0,0,0,0,0,0,0
2019-12-30,BREAD,DK,0.0,22.0,22.0,8.0,0,0,14.0,0,0,0,0,0,0,0
2019-12-30,BREAD,H5|Cran,0.0,8.0,8.0,1.0,0,0,7.0,0,6,6,4,0,0,2
2019-12-30,BREAD,CSRWL,0.0,12.0,12.0,7.0,0,0,5.0,0,3,3,3,0,0,0
2019-12-30,BREAD,MAP PEC,0.0,0.0,0.0,0.0,0,0,0.0,0,0,0,0,0,0,0
2019-12-30,BREAD,CB,0.0,0.0,0.0,0.0,0,0,0.0,0,0,0,0,0,0,0
2019-12-30,BREAD,CnE,0.0,25.0,25.0,13.0,12,0,0.0,0,3,3,2,0,0,1
2019-12-30,BREAD,CnR,0.0,4.0,4.0,4.0,0,0,0.0,0,0,0,0,0,0,0
2019-12-30,BREAD,CnW,0.0,4.0,4.0,2.0,0,0,2.0,0,0,0,0,0,0,0
2019-12-30,BREAD,cg,0.0,4.0,4.0,4.0,0,0,0.0,0,0,0,0,0,0,0
2019-12-30,BREAD,Pesto CG,0.0,5.0,5.0,4.0,0,0,1.0,0,0,0,0,0,0,0
2019-12-30,BREAD,CrO,0.0,0.0,0.0,0.0,0,0,0.0,0,0,0,0,0,0,0
2019-12-30,BREAD,VS,0.0,10.0,10.0,6.0,0,0,4.0,0,2,2,2,0,0,0
2019-12-30,BREAD,TS,0.0,16.0,16.0,2.0,0,0,14.0,0,2,2,2,0,0,0
2019-12-30,BREAD,Angels,0.0,0.0,0.0,0.0,0,0,0.0,0,0,0,0,0,0,0
2019-12-30,BREAD,Sour,0.0,12.0,12.0,3.0,0,0,9.0,0,0,0,0,0,0,0
2019-12-30,BREAD,Sour RG,0.0,3.0,3.0,2.0,0,0,1.0,0,0,0,0,0,0,0
2019-12-30,BREAD,SourCheese,0.0,3.0,3.0,1.0,0,0,2.0,0,0,0,0,0,0,0
2019-12-30,BREAD,CAR,0.0,0.0,0.0,0.0,0,0,0.0,0,0,0,0,0,0,0
2019-12-30,BREAD,IHF,0.0,0.0,0.0,0.0,0,0,0.0,0,0,0,0,0,0,0
2019-12-30,BREAD,CnE Tree,0.0,0.0,0.0,0.0,0,0,0.0,0,0,0,0,0,0,0
2019-12-30,BREAD,CrO Rls,0.0,0.0,0.0,0.0,0,0,0.0,0,0,0,0,0,0,0
2019-12-30,BREAD,BUT Rls,0.0,0.0,0.0,0.0,0,0,0.0,0,0,0,0,0,0,0
2019-12-30,BREAD,H-RLS,0.0,4.0,4.0,0.0,0,0,4.0,0,0,0,0,0,0,0
2019-12-30,BREAD,FR-RLS,0.0,4.0,4.0,2.0,0,0,2.0,0,0,0,0,0,0,0
2019-12-30,BREAD,VS-RLS,0.0,4.0,4.0,2.0,0,0,2.0,0,0,0,0,0,0,0
2019-12-30,BREAD,Blue Stru,0.0,3.0,3.0,3.0,0,0,0.0,0,0,0,0,0,0,0
2019-12-30,BREAD,Mex Choc,0.0,3.0,3.0,1.0,0,0,2.0,0,0,0,0,0,0,0
2019-12-30,BREAD,Pump CC,0.0,5.0,5.0,4.0,0,0,1.0,0,0,0,0,0,0,0
2019-12-30,ROLLS,Cinnamon,0.0,24.0,24.0,24.0,0,0,0.0,0,0,0,0,0,0,0
2019-12-30,ROLLS,Pecan C-R,0.0,0.0,0.0,0.0,0,0,0.0,0,0,0,0,0,0,0
2019-12-30,ROLLS,Take-n-bake,0.0,0.0,0.0,0.0,0,0,0.0,0,0,0,0,0,0,0
2019-12-30,ROLLS,Mini C-Roll,0.0,0.0,0.0,0.0,0,0,0.0,0,0,0,0,0,0,0
2019-12-30,SCONES,Blueberry,0.0,0.0,0.0,0.0,0,0,0.0,0,0,0,0,0,0,0
2019-12-30,SCONES,Rasp Cream,0.0,12.0,12.0,12.0,0,0,0.0,0,0,0,0,0,0,0
2019-12-30,SCONES,Cherry,0.0,0.0,0.0,0.0,0,0,0.0,0,0,0,0,0,0,0
2019-12-30,SCONES,Butt Almond,0.0,0.0,0.0,0.0,0,0,0.0,0,0,0,0,0,0,0
2019-12-30,SCONES,Turtle,0.0,0.0,0.0,0.0,0,0,0.0,0,0,0,0,0,0,0
2019-12-30,SCONES,CIN CHIP,0.0,10.0,10.0,10.0,0,0,0.0,0,0,0,0,0,0,0
2019-12-30,SCONES,CrO,0.0,0.0,0.0,0.0,0,0,0.0,0,0,0,0,0,0,0
2019-12-30,SCONES,CrO W.Choc,0.0,0.0,0.0,0.0,0,0,0.0,0,0,0,0,0,0,0
2019-12-30,FRUIT BARS,Mixed Berry,0.0,8.0,12.0,7.0,0,5,0.0,0,0,0,0,0,0,0
2019-12-30,FRUIT BARS,Cherry,0.0,12.0,0.0,-6.0,0,6,0.0,0,0,0,0,0,0,0
2019-12-30,FRUIT BARS,Apple Cin,0.0,0.0,0.0,0.0,0,0,0.0,0,0,0,0,0,0,0
2019-12-30,FRUIT BARS,Cran White,0.0,0.0,0.0,0.0,0,0,0.0,0,0,0,0,0,0,0
2019-12-30,MUFFINS,Blue Stru,0.0,4.0,4.0,4.0,0,0,0.0,0,0,0,0,0,0,0
2019-12-30,MUFFINS,Mex Choc,0.0,5.0,5.0,0.0,0,5,0.0,0,0,0,0,0,0,0
2019-12-30,MUFFINS,Pump CC,0.0,7.0,7.0,3.0,0,4,0.0,0,0,0,0,0,0,0
2019-12-30,MUFFINS,Cookies,0.0,0.0,0.0,0.0,0,0,0.0,0,0,0,0,0,0,0
2019-12-30,MUFFINS,Bars,0.0,0.0,0.0,0.0,0,0,0.0,0,0,0,0,0,0,0
2019-12-30,MUFFINS,Pies,,,,,0,0,,0,0,0,0,0,0,0
2019-12-30,MUFFINS,Oat Choc Chip,0.0,24.0,24.0,0.0,0,0,24.0,0,0,0,0,0,0,0
2019-12-30,MUFFINS,triple choc,0.0,24.0,24.0,4.0,0,0,20.0,0,0,0,0,0,0,0
2019-12-30,MUFFINS,st nicker,0.0,87.0,87.0,18.0,60,0,9.0,0,0,0,0,0,0,0
2019-12-30,MUFFINS,Ginger,0.0,18.0,18.0,-4.0,0,0,22.0,0,0,0,0,0,0,0
2019-12-30,MUFFINS,frosted sugar,0.0,18.0,18.0,4.0,0,0,14.0,0,0,0,0,0,0,0
2019-12-30,MUFFINS,Pumpkin Bars,0.0,6.0,6.0,6.0,0,0,0.0,0,0,0,0,0,0,0
2019-12-30,MUFFINS,Brownies,0.0,0.0,0.0,0.0,0,0,0.0,0,0,0,0,0,0,0
2019-12-30,MUFFINS,AP,0.0,0.0,0.0,0.0,0,0,0.0,0,0,0,0,0,0,0
2019-12-30,MUFFINS,Cr-Ap Pie,0.0,0.0,0.0,0.0,0,0,0.0,0,0,0,0,0,0,0
2019-12-30,MUFFINS,PUMP OHHH,0.0,0.0,0.0,0.0,0,0,0.0,0,0,0,0,0,0,0
2019-12-30,MUFFINS,Bread Pudding,0.0,0.0,0.0,0.0,0,0,0.0,0,0,0,0,0,0,0
2019-12-30,MUFFINS,Totals,0.0,259.0,251.0,82.0,60,20,89.0,0,0,0,0,0,0,0
2019-12-31,BREAD,H,23.0,0.0,23.0,9.0,8,6,0.0,0,0,0,0,0,0,0
2019-12-31,BREAD,FR,23.0,0.0,23.0,12.0,0,11,0.0,0,0,0,0,0,0,0
2019-12-31,BREAD,GW,6.0,0.0,6.0,3.0,0,3,0.0,0,0,0,0,0,0,0
2019-12-31,BREAD,DK,14.0,0.0,14.0,11.0,0,3,0.0,0,0,0,0,0,0,0
2019-12-31,BREAD,H5|Cran,7.0,0.0,7.0,1.0,0,6,0.0,2,0,2,2,0,0,0
2019-12-31,BREAD,CSRWL,5.0,12.0,17.0,17.0,0,0,0.0,0,2,2,2,0,0,0
2019-12-31,BREAD,MAP PEC,0.0,0.0,0.0,0.0,0,0,0.0,0,0,0,0,0,0,0
2019-12-31,BREAD,CB,0.0,8.0,8.0,5.0,0,3,0.0,0,4,4,2,0,0,0
2019-12-31,BREAD,CnE,0.0,0.0,0.0,0.0,0,0,0.0,1,0,1,1,0,0,0
2019-12-31,BREAD,CnR,0.0,0.0,0.0,0.0,0,0,0.0,0,0,0,0,0,0,0
2019-12-31,BREAD,CnW,2.0,0.0,2.0,2.0,0,0,0.0,0,0,0,0,0,0,0
2019-12-31,BREAD,CG,0.0,0.0,0.0,0.0,0,0,0.0,0,0,0,0,0,0,0
2019-12-31,BREAD,Pesto CG,1.0,0.0,1.0,1.0,0,0,0.0,0,0,0,0,0,0,0
2019-12-31,BREAD,CrO,0.0,0.0,0.0,-6.0,0,6,0.0,0,0,0,-1,0,0,0
2019-12-31,BREAD,VS,4.0,0.0,4.0,4.0,0,0,0.0,0,0,0,0,0,0,0
2019-12-31,BREAD,TS,14.0,0.0,14.0,7.0,0,7,0.0,0,0,0,0,0,0,0
2019-12-31,BREAD,Angels,0.0,0.0,0.0,0.0,0,0,0.0,0,0,0,0,0,0,0
2019-12-31,BREAD,Sour,9.0,0.0,9.0,9.0,0,0,0.0,0,0,0,0,0,0,0
2019-12-31,BREAD,Sour RG,1.0,0.0,1.0,1.0,0,0,0.0,0,0,0,0,0,0,0
2019-12-31,BREAD,SourCheese,2.0,0.0,2.0,2.0,0,0,0.0,0,0,0,0,0,0,0
2019-12-31,BREAD,CAR,0.0,0.0,0.0,0.0,0,0,0.0,0,0,0,0,0,0,0
2019-12-31,BREAD,IHF,0.0,0.0,0.0,0.0,0,0,0.0,0,0,0,0,0,0,0
2019-12-31,BREAD,CnE Tree,0.0,0.0,0.0,0.0,0,0,0.0,0,0,0,0,0,0,0
2019-12-31,BREAD,CrO Rls,0.0,0.0,0.0,0.0,0,0,0.0,0,0,0,0,0,0,0
2019-12-31,BREAD,BUT Rls,0.0,0.0,0.0,0.0,0,0,0.0,0,0,0,0,0,0,0
2019-12-31,BREAD,H-RLS,4.0,0.0,4.0,1.0,0,3,0.0,0,0,0,0,0,0,0
2019-12-31,BREAD,FR-RLS,2.0,0.0,2.0,2.0,0,0,0.0,0,0,0,0,0,0,0
2019-12-31,BREAD,VS-RLS,2.0,0.0,2.0,2.0,0,0,0.0,0,0,0,0,0,0,0
2019-12-31,BREAD,Blue Stru,0.0,2.0,2.0,2.0,0,0,0.0,0,0,0,0,0,0,0
2019-12-31,BREAD,Mex Choc,2.0,1.0,3.0,1.0,0,2,0.0,0,0,0,0,0,0,0
2019-12-31,BREAD,Pump CC,1.0,0.0,1.0,1.0,0,0,0.0,0,0,0,0,0,0,0
2019-12-31,BREAD,Choc Carm,0.0,4.0,4.0,4.0,0,0,0.0,0,0,0,0,0,0,0
2019-12-31,ROLLS,Cinnamon,0.0,36.0,36.0,24.0,12,0,0.0,0,0,0,0,0,0,0
2019-12-31,ROLLS,Pecan C-R,0.0,0.0,0.0,0.0,0,0,0.0,0,0,0,0,0,0,0
2019-12-31,ROLLS,Take-n-bake,0.0,0.0,0.0,0.0,0,0,0.0,0,0,0,0,0,0,0
2019-12-31,ROLLS,Mini C-Roll,0.0,0.0,0.0,0.0,0,0,0.0,0,0,0,0,0,0,0
2019-12-31,SCONES,Blueberry,0.0,11.0,11.0,11.0,0,0,0.0,0,0,0,0,0,0,0
2019-12-31,SCONES,Rasp Cream,0.0,0.0,0.0,0.0,0,0,0.0,0,0,0,0,0,0,0
2019-12-31,SCONES,Cherry,0.0,0.0,0.0,0.0,0,0,0.0,0,0,0,0,0,0,0
2019-12-31,SCONES,Butt Almond,0.0,0.0,0.0,0.0,0,0,0.0,0,0,0,0,0,0,0
2019-12-31,SCONES,Turtle,0.0,0.0,0.0,0.0,0,0,0.0,0,0,0,0,0,0,0
2019-12-31,SCONES,CIN CHIP,0.0,11.0,11.0,11.0,0,0,0.0,0,0,0,0,0,0,0
2019-12-31,SCONES,CrO,0.0,0.0,0.0,0.0,0,0,0.0,0,0,0,0,0,0,0
2019-12-31,SCONES,CrO W.Choc,0.0,0.0,0.0,0.0,0,0,0.0,0,0,0,0,0,0,0
2019-12-31,FRUIT BARS,Mixed Berry,0.0,0.0,0.0,0.0,0,0,0.0,0,0,0,0,0,0,0
2019-12-31,FRUIT BARS,Cherry,0.0,0.0,0.0,0.0,0,0,0.0,0,0,0,0,0,0,0
2019-12-31,FRUIT BARS,Apple Cin,0.0,12.0,12.0,7.0,0,5,0.0,0,0,0,0,0,0,0
2019-12-31,FRUIT BARS,Cran White,0.0,8.0,8.0,5.0,0,3,0.0,0,0,0,0,0,0,0
2019-12-31,MUFFINS,Blue Stru,0.0,4.0,4.0,4.0,0,0,0.0,0,0,0,0,0,0,0
2019-12-31,MUFFINS,Mex Choc,0.0,6.0,6.0,4.0,0,2,0.0,0,0,0,0,0,0,0
2019-12-31,MUFFINS,Choc Carm,0.0,6.0,6.0,4.0,0,2,0.0,0,0,0,0,0,0,0
2019-12-31,MUFFINS,Cookies,0.0,0.0,0.0,0.0,0,0,0.0,0,0,0,0,0,0,0
2019-12-31,MUFFINS,Bars,0.0,0.0,0.0,0.0,0,0,0.0,0,0,0,0,0,0,0
2019-12-31,MUFFINS,Pies,,,,,0,0,,0,0,0,0,0,0,0
2019-12-31,MUFFINS,Oat Choc Chip,24.0,12.0,36.0,9.0,0,27,0.0,0,0,0,0,0,0,0
2019-12-31,MUFFINS,triple choc,20.0,0.0,20.0,7.0,0,13,0.0,0,0,0,0,0,0,0
2019-12-31,MUFFINS,st nicker,9.0,0.0,9.0,7.0,0,2,0.0,0,0,0,0,0,0,0
2019-12-31,MUFFINS,Ginger,22.0,12.0,34.0,13.0,0,21,0.0,0,0,0,0,0,0,0
2019-12-31,MUFFINS,frosted sugar,14.0,0.0,14.0,9.0,0,5,0.0,0,0,0,0,0,0,0
2019-12-31,MUFFINS,Pumpkin Bars,0.0,6.0,6.0,6.0,0,0,0.0,0,0,0,0,0,0,0
2019-12-31,MUFFINS,Brownies,0.0,0.0,0.0,0.0,0,0,0.0,0,0,0,0,0,0,0
2019-12-31,MUFFINS,AP,0.0,0.0,0.0,0.0,0,0,0.0,0,0,0,0,0,0,0
2019-12-31,MUFFINS,Cr-Ap Pie,0.0,0.0,0.0,0.0,0,0,0.0,0,0,0,0,0,0,0
2019-12-31,MUFFINS,PUMP OHHH,0.0,0.0,0.0,0.0,0,0,0.0,0,0,0,0,0,0,0
2019-12-31,MUFFINS,Bread Pudding,0.0,0.0,0.0,0.0,0,0,0.0,0,0,0,0,0,0,0
2019-12-31,MUFFINS,Totals,89.0,124.0,213.0,121.0,12,80,0.0,0,0,0,0,0,0,0
