Date,Category,Product,START_OF_DAY_WHOLE,MADE_TODAY_WHOLE,AVAILABLE_TO_SELL_WHOLE,OUT_THE_DOOR_WHOLE,ORDERS_TODAY_WHOLE,REMOVED_AS_DAY_OLD_WHOLE,LEFT_WHOLE,START_OF_DAY_HALF,MADE_TODAY_HALF,AVAILABLE_TO_SELL_HALF,OUT_THE_DOOR_HALF,ORDERS_TODAY_HALF,REMOVED_AS_DAY_OLD_HALF,LEFT_HALF
2021-11-01,BREAD,H,0,36,36,21,4,0,11,0,0,0,0,0,0,0
2021-11-01,BREAD,FR,0,55,55,17,24,0,14,0,0,0,0,0,0,0
2021-11-01,BREAD,GW,0,11,11,3,1,0,7,0,0,0,0,0,0,0
2021-11-01,BREAD,DK,0,23,23,4,0,0,19,0,0,0,0,0,0,0
2021-11-01,BREAD,H5,0,0,0,0,0,0,0,0,0,0,0,0,0,0
2021-11-01,BREAD,CSWRL,0,17,17,11,0,0,6,0,3,3,3,0,0,0
2021-11-01,BREAD,Pump Swrl,0,12,12,9,0,0,3,0,3,3,2,0,0,1
2021-11-01,BREAD,CnE,0,13,13,11,1,0,1,0,2,2,1,0,0,1
2021-11-01,BREAD,CnR,0,6,6,1,0,0,5,0,0,0,0,0,0,0
2021-11-01,BREAD,RW,0,6,6,4,0,0,2,0,0,0,0,0,0,0
2021-11-01,BREAD,CB,0,0,0,0,0,0,0,0,0,0,0,0,0,0
2021-11-01,BREAD,CrO,0,0,0,0,0,0,0,0,0,0,0,0,0,0
2021-11-01,BREAD,CG,0,9,9,6,0,0,3,0,3,3,3,0,0,0
2021-11-01,BREAD,Pest,0,5,5,4,1,0,0,0,0,0,0,0,0,0
2021-11-01,BREAD,Jal,0,4,4,3,0,0,1,0,0,0,0,0,0,0
2021-11-01,BREAD,VS,0,0,0,0,0,0,0,0,0,0,0,0,0,0
2021-11-01,BREAD,SOUR,0,38,38,33,5,0,0,0,0,0,0,0,0,0
2021-11-01,BREAD,CAR,9,0,9,1,0,0,8,0,0,0,0,0,0,0
2021-11-01,BREAD,IHF,5,0,5,2,0,0,3,0,0,0,0,0,0,0
2021-11-01,BREAD,Turkeys,0,2,2,0,0,0,2,0,0,0,0,0,0,0
2021-11-01,BREAD,BUT-Rls,0,0,0,0,0,0,0,0,0,0,0,0,0,0
2021-11-01,BREAD,CrO-RLS,0,0,0,0,0,0,0,0,0,0,0,0,0,0
2021-11-01,BREAD,H-RLS,0,3,3,3,0,0,0,0,0,0,0,0,0,0
2021-11-01,BREAD,FR-RLS,0,3,3,3,0,0,0,0,0,0,0,0,0,0
2021-11-01,BREAD,VS-RLS,0,0,0,0,0,0,0,0,0,0,0,0,0,0
2021-11-01,BREAD,Blue Stru,0,3,3,3,0,0,0,0,0,0,0,0,0,0
2021-11-01,BREAD,Choc Carm,0,3,3,3,0,0,0,0,0,0,0,0,0,0
2021-11-01,BREAD,Pump Crb,0,3,3,3,0,0,0,0,0,0,0,0,0,0
2021-11-01,BREAD,Pump CC,0,6,6,6,0,0,0,0,0,0,0,0,0,0
2021-11-01,ROLLS,C-Rolls,0,24,24,22,0,2,0,0,0,0,0,0,0,0
2021-11-01,ROLLS,Pump C-Roll,0,12,12,2,0,10,0,0,0,0,0,0,0,0
2021-11-01,ROLLS,Mini C-Roll,0,0,0,0,0,0,0,0,0,0,0,0,0,0
2021-11-01,SCONES,Blueberry,0,0,0,0,0,0,0,0,0,0,0,0,0,0
2021-11-01,SCONES,Rasp Cream,0,13,13,8,0,5,0,0,0,0,0,0,0,0
2021-11-01,SCONES,Cherry,0,0,0,0,0,0,0,0,0,0,0,0,0,0
2021-11-01,SCONES,Butt Almond,0,0,0,0,0,0,0,0,0,0,0,0,0,0
2021-11-01,SCONES,Turtle,0,0,0,0,0,0,0,0,0,0,0,0,0,0
2021-11-01,SCONES,Cin Chip,0,11,11,6,0,5,0,0,0,0,0,0,0,0
2021-11-01,SCONES,Pump Spice,0,8,8,7,0,1,0,0,0,0,0,0,0,0
2021-11-01,SCONES,FRUIT BAR,0,0,0,0,0,0,0,0,0,0,0,0,0,0
2021-11-01,SCONES,mixed berry,0,10,10,4,0,6,0,0,0,0,0,0,0,0
2021-11-01,SCONES,cherry,0,10,10,3,0,7,0,0,0,0,0,0,0,0
2021-11-01,SCONES,apple cin,0,0,0,0,0,0,0,0,0,0,0,0,0,0
2021-11-01,SCONES,App Cran,0,0,0,0,0,0,0,0,0,0,0,0,0,0
2021-11-01,MUFFINS,Blue Streusel,0,5,5,3,0,2,0,0,0,0,0,0,0,0
2021-11-01,MUFFINS,choc carm,0,4,4,3,0,1,0,0,0,0,0,0,0,0
2021-11-01,MUFFINS,Pump Cr,0,4,4,1,0,3,0,0,0,0,0,0,0,0
2021-11-01,MUFFINS,Pump CC,0,6,6,6,0,0,0,0,0,0,0,0,0,0
2021-11-01,COOKIES/BARS,oat cc,0,30,30,21,0,0,9,0,0,0,0,0,0,0
2021-11-01,COOKIES/BARS,triple cc,0,30,30,23,0,0,7,0,0,0,0,0,0,0
2021-11-01,COOKIES/BARS,snicker,0,30,30,16,0,0,14,0,0,0,0,0,0,0
2021-11-01,COOKIES/BARS,frosted,0,18,18,2,0,0,16,0,0,0,0,0,0,0
2021-11-01,COOKIES/BARS,brownie,20,0,20,1,0,0,19,0,0,0,0,0,0,0
2021-11-01,COOKIES/BARS,Pump Bar,0,20,20,20,0,0,0,0,0,0,0,0,0,0
2021-11-01,COOKIES/BARS,Pump PIE,0,0,0,0,0,0,0,0,0,0,0,0,0,0
2021-11-01,COOKIES/BARS,Ap | Ap Cran,0,0,0,0,0,0,0,0,0,0,0,0,0,0
2021-11-01,COOKIES/BARS,Pecan | Sug,0,0,0,0,0,0,0,0,0,0,0,0,0,0
2021-11-01,COOKIES/BARS,Pump OH,3,0,3,1,0,0,2,5,0,5,0,0,0,5
2021-11-01,COOKIES/BARS,Bread Pudding,3,0,3,0,0,0,3,3,0,3,0,0,0,3
2021-11-01,COOKIES/BARS,Totals,26,235,261,149,0,42,70,8,0,8,0,0,0,8
2021-11-02,BREAD,H,11,30,41,6,2,0,33,0,0,0,0,0,0,0
2021-11-02,BREAD,FR,14,14,28,20,0,0,8,0,0,0,0,0,0,0
2021-11-02,BREAD,GW,7,2,9,6,0,3,0,0,0,0,0,0,0,0
2021-11-02,BREAD,DK,19,0,19,4,0,0,15,0,0,0,0,0,0,0
2021-11-02,BREAD,H5,0,20,20,7,0,0,13,0,0,0,0,0,0,0
2021-11-02,BREAD,CSWRL,6,8,14,7,0,0,7,0,4,4,1,0,0,3
2021-11-02,BREAD,Pump Swrl,3,6,9,8,0,0,1,1,2,3,0,0,0,2
2021-11-02,BREAD,CnE,1,16,17,14,0,0,3,1,4,5,1,0,0,4
2021-11-02,BREAD,CnR,5,0,5,3,0,2,0,0,0,0,0,0,0,0
2021-11-02,BREAD,RW,2,0,2,2,0,0,0,0,0,0,0,0,0,0
2021-11-02,BREAD,CB,0,7,7,5,0,0,2,0,8,8,1,0,0,7
2021-11-02,BREAD,CrO,0,16,16,7,0,0,9,0,4,4,1,0,0,3
2021-11-02,BREAD,CG,3,0,3,2,0,1,0,0,0,0,0,0,0,0
2021-11-02,BREAD,Pest,0,0,0,0,0,0,0,0,0,0,0,0,0,0
2021-11-02,BREAD,Jal,1,0,1,0,0,1,0,0,0,0,0,0,0,0
2021-11-02,BREAD,VS,0,12,12,2,0,0,10,0,4,4,1,0,0,3
2021-11-02,BREAD,SOUR,0,21,21,11,0,0,10,0,0,0,0,0,0,0
2021-11-02,BREAD,CAR,8,0,8,5,0,0,3,0,0,0,0,0,0,0
2021-11-02,BREAD,IHF,3,0,3,3,0,0,0,0,0,0,0,0,0,0
2021-11-02,BREAD,Turkeys,2,0,2,0,0,2,0,0,0,0,0,0,0,0
2021-11-02,BREAD,BUT-Rls,0,0,0,0,0,0,0,0,0,0,0,0,0,0
2021-11-02,BREAD,CrO-RLS,0,0,0,0,0,0,0,0,0,0,0,0,0,0
2021-11-02,BREAD,H-RLS,0,5,5,2,0,0,3,0,0,0,0,0,0,0
2021-11-02,BREAD,FR-RLS,0,6,6,2,3,0,1,0,0,0,0,0,0,0
2021-11-02,BREAD,VS-RLS,0,6,6,6,0,0,0,0,0,0,0,0,0,0
2021-11-02,BREAD,Blue Stru,0,3,3,1,0,0,2,0,0,0,0,0,0,0
2021-11-02,BREAD,Choc Carm,0,3,3,0,0,0,3,0,0,0,0,0,0,0
2021-11-02,BREAD,Pump Crb,0,1,1,-2,0,0,3,0,0,0,0,0,0,0
2021-11-02,BREAD,Pump CC,0,6,6,3,0,0,3,0,0,0,0,0,0,0
2021-11-02,ROLLS,C-Rolls,0,24,24,20,0,4,0,0,0,0,0,0,0,0
2021-11-02,ROLLS,Pump C-Roll,0,12,12,8,0,4,0,0,0,0,0,0,0,0
2021-11-02,ROLLS,Mini C-Roll,0,0,0,0,0,0,0,0,0,0,0,0,0,0
2021-11-02,SCONES,Blueberry,0,11,11,11,0,0,0,0,0,0,0,0,0,0
2021-11-02,SCONES,Rasp Cream,0,0,0,0,0,0,0,0,0,0,0,0,0,0
2021-11-02,SCONES,Cherry,0,0,0,0,0,0,0,0,0,0,0,0,0,0
2021-11-02,SCONES,Butt Almond,0,0,0,0,0,0,0,0,0,0,0,0,0,0
2021-11-02,SCONES,Turtle,0,0,0,0,0,0,0,0,0,0,0,0,0,0
2021-11-02,SCONES,Cin Chip,0,11,11,6,0,5,0,0,0,0,0,0,0,0
2021-11-02,SCONES,Pump Spice,0,8,8,5,0,3,0,0,0,0,0,0,0,0
2021-11-02,SCONES,FRUIT BAR,0,0,0,0,0,0,0,0,0,0,0,0,0,0
2021-11-02,SCONES,mixed berry,0,0,0,0,0,0,0,0,0,0,0,0,0,0
2021-11-02,SCONES,cherry,0,0,0,0,0,0,0,0,0,0,0,0,0,0
2021-11-02,SCONES,apple cin,0,10,10,3,4,3,0,0,0,0,0,0,0,0
2021-11-02,SCONES,Peach Cin,0,10,10,5,4,1,0,0,0,0,0,0,0,0
2021-11-02,MUFFINS,Blue Streusel,0,4,4,3,0,1,0,0,0,0,0,0,0,0
2021-11-02,MUFFINS,choc carm,0,4,4,4,0,0,0,0,0,0,0,0,0,0
2021-11-02,MUFFINS,Pump Cr,0,4,4,2,0,2,0,0,0,0,0,0,0,0
2021-11-02,MUFFINS,Pump CC,0,6,6,5,0,1,0,0,0,0,0,0,0,0
2021-11-02,COOKIES/BARS,oat cc,9,18,27,19,2,3,3,0,0,0,0,0,0,0
2021-11-02,COOKIES/BARS,triple cc,7,24,31,16,2,3,10,0,0,0,0,0,0,0
2021-11-02,COOKIES/BARS,snicker,14,12,26,11,1,3,11,0,0,0,0,0,0,0
2021-11-02,COOKIES/BARS,frosted,16,0,16,4,0,0,12,0,0,0,0,0,0,0
2021-11-02,COOKIES/BARS,brownie,19,0,19,7,0,0,12,0,0,0,0,0,0,0
2021-11-02,COOKIES/BARS,Pump Bar,0,20,20,20,0,0,0,0,0,0,0,0,0,0
2021-11-02,COOKIES/BARS,Pump PIE,0,0,0,0,0,0,0,0,0,0,0,0,0,0
2021-11-02,COOKIES/BARS,Ap | Ap Cran,0,0,0,0,0,0,0,0,0,0,0,0,0,0
2021-11-02,COOKIES/BARS,Pecan | Sug,0,0,0,0,0,0,0,0,0,0,0,0,0,0
2021-11-02,COOKIES/BARS,Pump OH,2,0,2,0,0,0,2,5,0,5,0,0,0,5
2021-11-02,COOKIES/BARS,Bread Pudding,3,0,3,0,0,0,3,3,0,3,0,0,0,3
2021-11-02,COOKIES/BARS,Totals,70,178,248,149,13,33,53,8,0,8,0,0,0,8
2021-11-03,BREAD,H,33,12,45,27,0,0,18,0,0,0,0,0,0,0
2021-11-03,BREAD,FR,8,12,20,18,0,1,1,0,0,0,0,0,0,0
2021-11-03,BREAD,GW,0,9,9,1,0,0,8,0,0,0,0,0,0,0
2021-11-03,BREAD,DK,15,15,30,13,0,4,13,0,0,0,0,0,0,0
2021-11-03,BREAD,H5,13,0,13,8,0,0,5,0,0,0,0,0,0,0
2021-11-03,BREAD,CSWRL,7,8,15,11,0,0,4,3,0,3,1,0,0,2
2021-11-03,BREAD,Pump Swrl,1,12,13,4,0,0,9,2,0,2,2,0,0,0
2021-11-03,BREAD,CnE,3,14,17,6,0,0,11,4,1,5,3,0,0,2
2021-11-03,BREAD,CnR,0,6,6,3,0,0,3,0,0,0,0,0,0,0
2021-11-03,BREAD,RW,0,6,6,3,0,0,3,0,0,0,0,0,0,0
2021-11-03,BREAD,CB,2,0,2,1,0,1,0,7,0,7,3,0,0,0
2021-11-03,BREAD,CrO,9,0,9,9,0,0,0,3,0,3,2,0,0,0
2021-11-03,BREAD,CG,0,9,9,2,0,0,7,0,4,4,2,0,0,2
2021-11-03,BREAD,Pest,0,5,5,4,0,0,1,0,0,0,0,0,0,0
2021-11-03,BREAD,Jal,0,4,4,3,0,0,1,0,0,0,0,0,0,0
2021-11-03,BREAD,VS,10,0,10,6,0,4,0,3,0,3,3,0,0,0
2021-11-03,BREAD,SOUR,10,18,28,21,0,2,5,0,0,0,0,0,0,0
2021-11-03,BREAD,JCB,0,19,19,0,17,0,2,0,0,0,0,0,0,0
2021-11-03,BREAD,CAR,3,0,3,3,0,0,0,0,0,0,0,0,0,0
2021-11-03,BREAD,IHF,0,0,0,0,0,0,0,0,0,0,0,0,0,0
2021-11-03,BREAD,Turkeys,0,3,3,3,0,0,0,0,0,0,0,0,0,0
2021-11-03,BREAD,BUT-Rls,0,0,0,0,0,0,0,0,0,0,0,0,0,0
2021-11-03,BREAD,CrO-RLS,0,0,0,0,0,0,0,0,0,0,0,0,0,0
2021-11-03,BREAD,H-RLS,3,0,3,1,0,2,0,0,0,0,0,0,0,0
2021-11-03,BREAD,FR-RLS,1,3,4,1,0,0,3,0,0,0,0,0,0,0
2021-11-03,BREAD,VS-RLS,0,0,0,0,0,0,0,0,0,0,0,0,0,0
2021-11-03,BREAD,Blue Stru,2,1,3,0,0,2,1,0,0,0,0,0,0,0
2021-11-03,BREAD,Choc Carm,3,1,4,3,0,1,0,0,0,0,0,0,0,0
2021-11-03,BREAD,Pump Crb,3,0,3,1,0,2,0,0,0,0,0,0,0,0
2021-11-03,BREAD,Pump CC,3,4,7,2,1,1,3,0,0,0,0,0,0,0
2021-11-03,ROLLS,C-Rolls,0,24,24,24,0,0,0,0,0,0,0,0,0,0
2021-11-03,ROLLS,Pump C-Roll,0,12,12,12,0,0,0,0,0,0,0,0,0,0
2021-11-03,ROLLS,Mini C-Roll,0,0,0,0,0,0,0,0,0,0,0,0,0,0
2021-11-03,SCONES,Blueberry,0,0,0,0,0,0,0,0,0,0,0,0,0,0
2021-11-03,SCONES,Rasp Cream,0,10,10,6,4,0,0,0,2,2,0,0,0,0
2021-11-03,SCONES,Cherry,0,0,0,0,0,0,0,0,0,0,0,0,0,0
2021-11-03,SCONES,Butt Almond,0,0,0,0,0,0,0,0,0,0,0,0,0,0
2021-11-03,SCONES,Turtle,0,12,12,11,0,1,0,0,2,2,0,0,0,0
2021-11-03,SCONES,Cin Chip,0,0,0,0,0,0,0,0,0,0,0,0,0,0
2021-11-03,SCONES,Pump Spice,0,8,8,4,0,4,0,0,0,0,0,0,0,0
2021-11-03,SCONES,FRUIT BAR,0,0,0,0,0,0,0,0,0,0,0,0,0,0
2021-11-03,SCONES,mixed berry,0,10,10,9,1,0,0,0,0,0,0,0,0,0
2021-11-03,SCONES,cherry,0,10,10,5,1,4,0,0,0,0,0,0,0,0
2021-11-03,SCONES,apple cin,0,0,0,0,0,0,0,0,0,0,0,0,0,0
2021-11-03,SCONES,App Cran,0,0,0,0,0,0,0,0,0,0,0,0,0,0
2021-11-03,MUFFINS,Blue Streusel,0,4,4,4,0,0,0,0,2,2,0,0,0,0
2021-11-03,MUFFINS,choc carm,0,4,4,2,0,2,0,0,2,2,0,0,0,0
2021-11-03,MUFFINS,Pump Cr,0,4,4,2,0,2,0,0,0,0,0,0,0,0
2021-11-03,MUFFINS,Pump CC,0,6,6,6,0,0,0,0,0,0,0,0,0,0
2021-11-03,COOKIES/BARS,oat cc,3,24,27,15,0,0,12,0,0,0,0,0,0,0
2021-11-03,COOKIES/BARS,triple cc,10,18,28,20,0,0,8,0,0,0,0,0,0,0
2021-11-03,COOKIES/BARS,snicker,11,18,29,18,0,0,11,0,0,0,0,0,0,0
2021-11-03,COOKIES/BARS,frosted,12,0,12,9,0,3,0,0,0,0,0,0,0,0
2021-11-03,COOKIES/BARS,brownie,12,0,12,3,0,0,9,0,0,0,0,0,0,0
2021-11-03,COOKIES/BARS,Pump Bar,0,20,20,20,0,0,0,0,0,0,0,0,0,0
2021-11-03,COOKIES/BARS,Pump PIE,0,0,0,0,0,0,0,0,0,0,0,0,0,0
2021-11-03,COOKIES/BARS,Ap | Ap Cran,0,0,0,0,0,0,0,0,0,0,0,0,0,0
2021-11-03,COOKIES/BARS,Pecan | Sug,0,0,0,0,0,0,0,0,0,0,0,0,0,0
2021-11-03,COOKIES/BARS,Pump OH,2,0,2,1,0,0,1,5,0,5,0,0,0,5
2021-11-03,COOKIES/BARS,Bread Pudding,3,0,3,0,0,0,3,3,0,3,0,0,0,3
2021-11-03,COOKIES/BARS,Totals,53,184,237,171,6,16,44,8,8,16,0,0,0,8
2021-11-04,BREAD,H,18,16,34,1,0,2,31,0,0,0,0,0,0,0
2021-11-04,BREAD,FR,1,54,55,9,24,0,22,0,0,0,0,0,0,0
2021-11-04,BREAD,GW,8,6,14,3,0,5,6,0,0,0,0,0,0,0
2021-11-04,BREAD,DK,13,0,13,8,0,0,5,0,0,0,0,0,0,0
2021-11-04,BREAD,H5,5,12,17,6,0,0,11,0,0,0,0,0,0,0
2021-11-04,BREAD,CSWRL,4,12,16,12,0,0,4,2,4,6,-1,0,0,7
2021-11-04,BREAD,Pump Swrl,9,4,13,9,0,4,0,0,2,2,1,0,0,1
2021-11-04,BREAD,CnE,11,0,11,6,0,5,0,2,0,2,1,0,0,0
2021-11-04,BREAD,CnR,3,0,3,1,0,2,0,0,0,0,0,0,0,0
2021-11-04,BREAD,RW,3,0,3,3,0,0,0,0,0,0,0,0,0,0
2021-11-04,BREAD,CB,0,12,12,3,0,0,9,0,9,9,3,0,0,6
2021-11-04,BREAD,CrO,0,17,17,8,0,0,9,0,5,5,3,0,0,2
2021-11-04,BREAD,CG,7,0,7,4,0,0,3,2,0,2,2,0,0,0
2021-11-04,BREAD,Pest,1,0,1,1,0,0,0,0,0,0,0,0,0,0
2021-11-04,BREAD,Jal,1,0,1,1,0,0,0,0,0,0,0,0,0,0
2021-11-04,BREAD,VS,0,13,13,2,0,0,11,0,3,3,3,0,0,0
2021-11-04,BREAD,SOUR,5,0,5,2,0,3,0,0,0,0,0,0,0,0
2021-11-04,BREAD,CAR,0,0,0,0,0,0,0,0,0,0,0,0,0,0
2021-11-04,BREAD,IHF,0,35,35,34,0,0,1,0,0,0,0,0,0,0
2021-11-04,BREAD,Turkeys,0,3,3,0,0,0,3,0,0,0,0,0,0,0
2021-11-04,BREAD,BUT-Rls,0,0,0,0,0,0,0,0,0,0,0,0,0,0
2021-11-04,BREAD,CrO-RLS,0,0,0,0,0,0,0,0,0,0,0,0,0,0
2021-11-04,BREAD,H-RLS,0,3,3,0,0,0,3,0,0,0,0,0,0,0
2021-11-04,BREAD,FR-RLS,3,0,3,2,0,1,0,0,0,0,0,0,0,0
2021-11-04,BREAD,VS-RLS,0,6,6,1,0,0,5,0,0,0,0,0,0,0
2021-11-04,BREAD,Blue Stru,1,2,3,0,0,1,2,0,0,0,0,0,0,0
2021-11-04,BREAD,Choc Carm,0,3,3,1,0,0,2,0,0,0,0,0,0,0
2021-11-04,BREAD,Pump Crb,0,3,3,1,0,0,2,0,0,0,0,0,0,0
2021-11-04,BREAD,Pump CC,3,3,6,2,0,1,3,0,0,0,0,0,0,0
2021-11-04,ROLLS,C-Rolls,0,24,24,23,0,1,0,0,0,0,0,0,0,0
2021-11-04,ROLLS,Pump C-Roll,0,12,12,6,0,6,0,0,0,0,0,0,0,0
2021-11-04,ROLLS,Mini C-Roll,0,0,0,0,0,0,0,0,0,0,0,0,0,0
2021-11-04,SCONES,Blueberry,0,11,11,1,0,10,0,0,0,0,0,0,0,0
2021-11-04,SCONES,Rasp Cream,0,0,0,0,0,0,0,0,0,0,0,0,0,0
2021-11-04,SCONES,Cherry,0,0,0,0,0,0,0,0,0,0,0,0,0,0
2021-11-04,SCONES,Butt Almond,0,0,0,0,0,0,0,0,0,0,0,0,0,0
2021-11-04,SCONES,Turtle,0,11,11,8,0,3,0,0,0,0,0,0,0,0
2021-11-04,SCONES,Cin Chip,0,0,0,0,0,0,0,0,0,0,0,0,0,0
2021-11-04,SCONES,Pump Spice,0,8,8,5,0,3,0,0,0,0,0,0,0,0
2021-11-04,SCONES,FRUIT BAR,0,0,0,0,0,0,0,0,0,0,0,0,0,0
2021-11-04,SCONES,mixed berry,0,0,0,0,0,0,0,0,0,0,0,0,0,0
2021-11-04,SCONES,cherry,0,0,0,0,0,0,0,0,0,0,0,0,0,0
2021-11-04,SCONES,apple cin,0,10,10,10,0,0,0,0,0,0,0,0,0,0
2021-11-04,SCONES,Peach Cin,0,10,10,8,0,2,0,0,0,0,0,0,0,0
2021-11-04,MUFFINS,Blue Streusel,0,4,4,1,0,3,0,0,0,0,0,0,0,0
2021-11-04,MUFFINS,choc carm,0,4,4,3,0,1,0,0,0,0,0,0,0,0
2021-11-04,MUFFINS,Pump Cr,0,4,4,2,0,2,0,0,0,0,0,0,0,0
2021-11-04,MUFFINS,Pump CC,0,6,6,6,0,0,0,0,0,0,0,0,0,0
2021-11-04,COOKIES/BARS,oat cc,12,18,30,16,0,0,14,0,0,0,0,0,0,0
2021-11-04,COOKIES/BARS,triple cc,8,18,26,9,0,6,11,0,0,0,0,0,0,0
2021-11-04,COOKIES/BARS,snicker,11,18,29,9,0,6,14,0,0,0,0,0,0,0
2021-11-04,COOKIES/BARS,frosted,0,18,18,4,0,0,14,0,0,0,0,0,0,0
2021-11-04,COOKIES/BARS,brownie,9,20,29,4,0,1,24,0,0,0,0,0,0,0
2021-11-04,COOKIES/BARS,Pump Bar,0,20,20,4,0,0,16,0,0,0,0,0,0,0
2021-11-04,COOKIES/BARS,Pump PIE,0,0,0,0,0,0,0,0,0,0,0,0,0,0
2021-11-04,COOKIES/BARS,Ap | Ap Cran,0,0,0,0,0,0,0,0,0,0,0,0,0,0
2021-11-04,COOKIES/BARS,Pecan | Sug,0,0,0,0,0,0,0,0,0,0,0,0,0,0
2021-11-04,COOKIES/BARS,Pump OH,1,0,1,1,0,0,0,5,0,5,3,0,0,2
2021-11-04,COOKIES/BARS,Bread Pudding,3,0,3,0,0,0,3,3,0,3,1,0,0,2
2021-11-04,COOKIES/BARS,Totals,44,216,260,120,0,44,96,8,0,8,4,0,0,4
2021-11-05,BREAD,H,31,17,48,23,6,10,9,0,0,0,0,0,0,0
2021-11-05,BREAD,FR,22,14,36,14,1,0,21,0,0,0,0,0,0,0
2021-11-05,BREAD,GW,6,6,12,6,0,0,6,0,0,0,0,0,0,0
2021-11-05,BREAD,DK,5,22,27,11,0,0,16,0,0,0,0,0,0,0
2021-11-05,BREAD,H5,11,0,11,11,0,0,0,0,0,0,0,0,0,0
2021-11-05,BREAD,CSWRL,4,16,20,15,2,0,3,7,1,8,8,0,0,0
2021-11-05,BREAD,Pump Swrl,0,12,12,7,0,0,5,1,4,5,2,0,0,3
2021-11-05,BREAD,CnE,0,12,12,5,0,0,7,0,3,3,1,0,0,2
2021-11-05,BREAD,CnR,0,6,6,1,1,0,4,0,0,0,0,0,0,0
2021-11-05,BREAD,RW,0,0,0,0,0,0,0,0,0,0,0,0,0,0
2021-11-05,BREAD,CB,9,0,9,1,0,0,8,6,0,6,6,0,0,0
2021-11-05,BREAD,CrO,9,0,9,4,0,0,5,2,0,2,2,0,0,0
2021-11-05,BREAD,CG,3,10,13,4,0,0,9,0,4,4,1,0,0,3
2021-11-05,BREAD,Pest,0,7,7,1,0,0,6,0,0,0,0,0,0,0
2021-11-05,BREAD,Jal,0,7,7,1,0,0,6,0,0,0,0,0,0,0
2021-11-05,BREAD,VS,11,0,11,1,0,0,10,0,0,0,0,0,0,0
2021-11-05,BREAD,SOUR,0,22,22,9,0,0,13,0,0,0,0,0,0,0
2021-11-05,BREAD,stuff,0,18,18,5,2,0,11,0,0,0,0,0,0,0
2021-11-05,BREAD,CAR,0,18,18,1,0,0,17,0,0,0,0,0,0,0
2021-11-05,BREAD,IHF,1,0,1,-11,0,0,12,0,0,0,0,0,0,0
2021-11-05,BREAD,Turkeys,3,2,5,3,0,0,2,0,0,0,0,0,0,0
2021-11-05,BREAD,BUT-Rls,0,24,24,7,0,0,17,0,0,0,0,0,0,0
2021-11-05,BREAD,CrO-RLS,0,6,6,6,0,0,0,0,0,0,0,0,0,0
2021-11-05,BREAD,H-RLS,3,15,18,3,11,0,4,0,0,0,0,0,0,0
2021-11-05,BREAD,FR-RLS,0,13,13,2,9,0,2,0,0,0,0,0,0,0
2021-11-05,BREAD,VS-RLS,5,0,5,5,0,0,0,0,0,0,0,0,0,0
2021-11-05,BREAD,Blue Stru,2,3,5,2,0,0,3,0,0,0,0,0,0,0
2021-11-05,BREAD,Choc Carm,2,3,5,2,0,0,3,0,0,0,0,0,0,0
2021-11-05,BREAD,Pump Crb,2,3,5,2,0,0,3,0,0,0,0,0,0,0
2021-11-05,BREAD,Pump CC,3,7,10,8,2,0,0,0,0,0,0,0,0,0
2021-11-05,ROLLS,C-Rolls,0,48,48,48,0,0,0,0,0,0,0,0,0,0
2021-11-05,ROLLS,Pump C-Roll,0,12,12,12,0,0,0,0,0,0,0,0,0,0
2021-11-05,ROLLS,Mini C-Roll,0,0,0,0,0,0,0,0,0,0,0,0,0,0
2021-11-05,SCONES,Blueberry,0,0,0,0,0,0,0,0,0,0,0,0,0,0
2021-11-05,SCONES,Rasp Cream,0,0,0,0,0,0,0,0,0,0,0,0,0,0
2021-11-05,SCONES,Cherry,0,18,18,18,0,0,0,0,3,3,0,0,0,0
2021-11-05,SCONES,Butt Almond,0,15,15,15,0,0,0,0,3,3,0,0,0,0
2021-11-05,SCONES,Turtle,0,0,0,0,0,0,0,0,0,0,0,0,0,0
2021-11-05,SCONES,Cin Chip,0,0,0,0,0,0,0,0,0,0,0,0,0,0
2021-11-05,SCONES,Pump Spice,0,10,10,10,0,0,0,0,2,2,0,0,0,0
2021-11-05,SCONES,FRUIT BAR,0,0,0,0,0,0,0,0,0,0,0,0,0,0
2021-11-05,SCONES,mixed berry,0,10,10,8,2,0,0,0,0,0,0,0,0,0
2021-11-05,SCONES,cherry,0,10,10,5,1,4,0,0,0,0,0,0,0,0
2021-11-05,SCONES,apple cin,0,0,0,0,0,0,0,0,0,0,0,0,0,0
2021-11-05,SCONES,App Cran,0,0,0,0,0,0,0,0,0,0,0,0,0,0
2021-11-05,MUFFINS,Blue Streusel,0,5,5,5,0,0,0,0,2,2,0,0,0,0
2021-11-05,MUFFINS,choc carm,0,5,5,5,0,0,0,0,2,2,0,0,0,0
2021-11-05,MUFFINS,Pump Cr,0,5,5,3,0,2,0,0,2,2,0,0,0,0
2021-11-05,MUFFINS,Pump CC,0,8,8,4,0,4,0,0,0,0,0,0,0,0
2021-11-05,COOKIES/BARS,oat cc,14,18,32,31,1,0,0,0,0,0,0,0,0,0
2021-11-05,COOKIES/BARS,triple cc,11,24,35,30,1,0,4,0,0,0,0,0,0,0
2021-11-05,COOKIES/BARS,snicker,14,18,32,25,1,6,0,0,0,0,0,0,0,0
2021-11-05,COOKIES/BARS,frosted,14,0,14,5,0,0,9,0,0,0,0,0,0,0
2021-11-05,COOKIES/BARS,brownie,24,0,24,2,0,2,20,0,0,0,0,0,0,0
2021-11-05,COOKIES/BARS,Pump Bar,16,20,36,21,12,0,3,0,0,0,0,0,0,0
2021-11-05,COOKIES/BARS,Pump PIE,0,7,7,3,1,0,3,0,0,0,0,0,0,0
2021-11-05,COOKIES/BARS,Ap | Ap Cran,0,5,5,3,0,0,2,0,5,5,1,0,0,4
2021-11-05,COOKIES/BARS,Pecan | Sug,0,8,8,4,0,0,4,0,10,10,2,0,0,8
2021-11-05,COOKIES/BARS,Pump OH,0,0,0,0,0,0,0,2,0,2,-1,0,0,3
2021-11-05,COOKIES/BARS,Bread Pudding,3,0,3,1,0,0,2,2,0,2,0,0,0,2
2021-11-05,COOKIES/BARS,Totals,96,246,342,258,19,18,47,4,29,33,2,0,0,17
2021-11-06,BREAD,H,9,0,9,9,0,0,0,0,0,0,0,0,0,0
2021-11-06,BREAD,FR,21,0,21,10,0,11,0,0,0,0,0,0,0,0
2021-11-06,BREAD,GW,6,2,8,5,0,3,0,0,0,0,0,0,0,0
2021-11-06,BREAD,DK,16,0,16,8,0,8,0,0,0,0,0,0,0,0
2021-11-06,BREAD,H5,0,0,0,-3,0,3,0,0,0,0,0,0,0,0
2021-11-06,BREAD,CSWRL,3,12,15,14,1,0,0,0,3,3,1,0,0,0
2021-11-06,BREAD,Pump Swrl,5,4,9,9,0,0,0,3,0,3,2,0,0,0
2021-11-06,BREAD,CnE,7,0,7,7,0,0,0,2,0,2,2,0,0,0
2021-11-06,BREAD,CnR,4,0,4,4,0,0,0,0,0,0,0,0,0,0
2021-11-06,BREAD,RW,0,0,0,0,0,0,0,0,0,0,0,0,0,0
2021-11-06,BREAD,CB,8,0,8,5,0,3,0,0,0,0,0,0,0,0
2021-11-06,BREAD,CrO,5,0,5,2,0,3,0,0,0,0,0,0,0,0
2021-11-06,BREAD,CG,9,0,9,5,0,4,0,3,0,3,3,0,0,0
2021-11-06,BREAD,Pest,6,0,6,4,0,2,0,0,0,0,0,0,0,0
2021-11-06,BREAD,Jal,6,0,6,6,0,0,0,0,0,0,0,0,0,0
2021-11-06,BREAD,VS,10,0,10,10,0,0,0,0,0,0,0,0,0,0
2021-11-06,BREAD,SOUR,13,0,13,13,0,0,0,0,0,0,0,0,0,0
2021-11-06,BREAD,CAR,17,0,17,7,0,0,10,0,0,0,0,0,0,0
2021-11-06,BREAD,IHF,12,0,12,7,0,0,5,0,0,0,0,0,0,0
2021-11-06,BREAD,Turkeys,2,0,2,0,0,2,0,0,0,0,0,0,0,0
2021-11-06,BREAD,BUT-Rls,17,0,17,6,0,11,0,0,0,0,0,0,0,0
2021-11-06,BREAD,CrO-RLS,0,0,0,0,0,0,0,0,0,0,0,0,0,0
2021-11-06,BREAD,H-RLS,4,0,4,2,0,2,0,0,0,0,0,0,0,0
2021-11-06,BREAD,FR-RLS,2,0,2,1,0,1,0,0,0,0,0,0,0,0
2021-11-06,BREAD,VS-RLS,0,0,0,0,0,0,0,0,0,0,0,0,0,0
2021-11-06,BREAD,Blue Stru,3,3,6,1,0,5,0,0,0,0,0,0,0,0
2021-11-06,BREAD,Choc Carm,3,3,6,0,0,6,0,0,0,0,0,0,0,0
2021-11-06,BREAD,Pump Crb,3,3,6,3,0,3,0,0,0,0,0,0,0,0
2021-11-06,BREAD,Pump CC,5,5,10,7,1,2,0,0,0,0,0,0,0,0
2021-11-06,ROLLS,C-Rolls,0,60,60,52,8,0,0,0,0,0,0,0,0,0
2021-11-06,ROLLS,Pump C-Roll,0,24,24,17,0,7,0,0,0,0,0,0,0,0
2021-11-06,ROLLS,Mini C-Roll,0,48,48,0,48,0,0,0,0,0,0,0,0,0
2021-11-06,SCONES,Blueberry,0,21,21,7,6,8,0,0,3,3,0,0,0,0
2021-11-06,SCONES,Rasp Cream,0,0,0,0,0,0,0,0,0,0,0,0,0,0
2021-11-06,SCONES,Cherry,0,0,0,0,0,0,0,0,0,0,0,0,0,0
2021-11-06,SCONES,Butt Almond,0,21,21,15,6,0,0,0,27,27,0,0,0,0
2021-11-06,SCONES,Turtle,0,0,0,0,0,0,0,0,0,0,0,0,0,0
2021-11-06,SCONES,Cin Chip,0,0,0,0,0,0,0,0,0,0,0,0,0,0
2021-11-06,SCONES,Pump Spice,0,8,8,4,0,4,0,0,2,2,0,0,0,0
2021-11-06,SCONES,FRUIT BAR,0,0,0,0,0,0,0,0,0,0,0,0,0,0
2021-11-06,SCONES,mixed berry,0,0,0,0,0,0,0,0,0,0,0,0,0,0
2021-11-06,SCONES,cherry,0,0,0,0,0,0,0,0,0,0,0,0,0,0
2021-11-06,SCONES,apple cin,0,10,10,9,1,0,0,0,0,0,0,0,0,0
2021-11-06,SCONES,Peach Cin,0,10,10,7,2,1,0,0,0,0,0,0,0,0
2021-11-06,MUFFINS,Blue Streusel,0,5,5,5,0,0,0,0,0,0,-3,0,0,0
2021-11-06,MUFFINS,choc carm,0,3,3,3,0,0,0,0,0,0,-3,0,0,0
2021-11-06,MUFFINS,Pump Cr,0,3,3,2,0,1,0,0,0,0,0,0,0,0
2021-11-06,MUFFINS,Pump CC,0,20,20,5,12,3,0,0,0,0,0,0,0,0
2021-11-06,COOKIES/BARS,oat cc,0,24,24,24,0,0,0,0,0,0,0,0,0,0
2021-11-06,COOKIES/BARS,triple cc,4,14,18,15,0,3,0,0,0,0,0,0,0,0
2021-11-06,COOKIES/BARS,snicker,0,24,24,15,0,9,0,0,0,0,0,0,0,0
2021-11-06,COOKIES/BARS,frosted,9,0,9,2,0,7,0,0,0,0,0,0,0,0
2021-11-06,COOKIES/BARS,brownie,20,0,20,4,0,4,12,0,0,0,0,0,0,0
2021-11-06,COOKIES/BARS,Pump Bar,3,20,23,10,0,1,12,0,0,0,0,0,0,0
2021-11-06,COOKIES/BARS,Pump PIE,3,0,3,1,0,0,2,0,0,0,0,0,0,0
2021-11-06,COOKIES/BARS,Ap | Ap Cran,2,0,2,2,0,0,0,4,0,4,3,0,0,0
2021-11-06,COOKIES/BARS,Pecan | Sug,4,0,4,1,0,0,3,8,0,8,0,0,0,7
2021-11-06,COOKIES/BARS,Pump OH,0,0,0,0,0,0,0,3,0,3,3,0,0,0
2021-11-06,COOKIES/BARS,Bread Pudding,2,0,2,2,0,0,0,2,0,2,2,0,0,0
2021-11-06,COOKIES/BARS,Totals,47,315,362,202,83,48,29,17,32,49,2,0,0,7
2021-11-07,BREAD,H,0,0,0,0,0,0,0,0,0,0,0,0,0,0
2021-11-07,BREAD,FR,0,0,0,0,0,0,0,0,0,0,0,0,0,0
2021-11-07,BREAD,GW,0,0,0,0,0,0,0,0,0,0,0,0,0,0
2021-11-07,BREAD,DK,0,0,0,0,0,0,0,0,0,0,0,0,0,0
2021-11-07,BREAD,H5,0,0,0,0,0,0,0,0,0,0,0,0,0,0
2021-11-07,BREAD,CSWRL,0,0,0,0,0,0,0,0,0,0,0,0,0,0
2021-11-07,BREAD,Pump Swrl,0,0,0,0,0,0,0,0,0,0,0,0,0,0
2021-11-07,BREAD,CnE,0,0,0,0,0,0,0,0,0,0,0,0,0,0
2021-11-07,BREAD,CnR,0,0,0,0,0,0,0,0,0,0,0,0,0,0
2021-11-07,BREAD,RW,0,0,0,0,0,0,0,0,0,0,0,0,0,0
2021-11-07,BREAD,CB,0,0,0,0,0,0,0,0,0,0,0,0,0,0
2021-11-07,BREAD,CrO,0,0,0,0,0,0,0,0,0,0,0,0,0,0
2021-11-07,BREAD,CG,0,0,0,0,0,0,0,0,0,0,0,0,0,0
2021-11-07,BREAD,Pest,0,0,0,0,0,0,0,0,0,0,0,0,0,0
2021-11-07,BREAD,Jal,0,0,0,0,0,0,0,0,0,0,0,0,0,0
2021-11-07,BREAD,VS,0,0,0,0,0,0,0,0,0,0,0,0,0,0
2021-11-07,BREAD,SOUR,0,0,0,0,0,0,0,0,0,0,0,0,0,0
2021-11-07,BREAD,CAR,10,0,10,0,0,0,10,0,0,0,0,0,0,0
2021-11-07,BREAD,IHF,5,0,5,0,0,0,5,0,0,0,0,0,0,0
2021-11-07,BREAD,Turkeys,0,0,0,0,0,0,0,0,0,0,0,0,0,0
2021-11-07,BREAD,BUT-Rls,0,0,0,0,0,0,0,0,0,0,0,0,0,0
2021-11-07,BREAD,CrO-RLS,0,0,0,0,0,0,0,0,0,0,0,0,0,0
2021-11-07,BREAD,H-RLS,0,0,0,0,0,0,0,0,0,0,0,0,0,0
2021-11-07,BREAD,FR-RLS,0,0,0,0,0,0,0,0,0,0,0,0,0,0
2021-11-07,BREAD,VS-RLS,0,0,0,0,0,0,0,0,0,0,0,0,0,0
2021-11-07,BREAD,Blue Stru,0,0,0,0,0,0,0,0,0,0,0,0,0,0
2021-11-07,BREAD,Choc Carm,0,0,0,0,0,0,0,0,0,0,0,0,0,0
2021-11-07,BREAD,Pump Crb,0,0,0,0,0,0,0,0,0,0,0,0,0,0
2021-11-07,BREAD,Pump CC,0,0,0,0,0,0,0,0,0,0,0,0,0,0
2021-11-07,ROLLS,C-Rolls,0,0,0,0,0,0,0,0,0,0,0,0,0,0
2021-11-07,ROLLS,Pump C-Roll,0,0,0,0,0,0,0,0,0,0,0,0,0,0
2021-11-07,ROLLS,Mini C-Roll,0,0,0,0,0,0,0,0,0,0,0,0,0,0
2021-11-07,SCONES,Blueberry,0,0,0,0,0,0,0,0,0,0,0,0,0,0
2021-11-07,SCONES,Rasp Cream,0,0,0,0,0,0,0,0,0,0,0,0,0,0
2021-11-07,SCONES,Cherry,0,0,0,0,0,0,0,0,0,0,0,0,0,0
2021-11-07,SCONES,Butt Almond,0,0,0,0,0,0,0,0,0,0,0,0,0,0
2021-11-07,SCONES,Turtle,0,0,0,0,0,0,0,0,0,0,0,0,0,0
2021-11-07,SCONES,Cin Chip,0,0,0,0,0,0,0,0,0,0,0,0,0,0
2021-11-07,SCONES,Pump Spice,0,0,0,0,0,0,0,0,0,0,0,0,0,0
2021-11-07,SCONES,FRUIT BAR,0,0,0,0,0,0,0,0,0,0,0,0,0,0
2021-11-07,SCONES,mixed berry,0,0,0,0,0,0,0,0,0,0,0,0,0,0
2021-11-07,SCONES,cherry,0,0,0,0,0,0,0,0,0,0,0,0,0,0
2021-11-07,SCONES,apple cin,0,0,0,0,0,0,0,0,0,0,0,0,0,0
2021-11-07,SCONES,App Cran,0,0,0,0,0,0,0,0,0,0,0,0,0,0
2021-11-07,MUFFINS,Blue Streusel,0,0,0,0,0,0,0,0,0,0,0,0,0,0
2021-11-07,MUFFINS,choc carm,0,0,0,0,0,0,0,0,0,0,0,0,0,0
2021-11-07,MUFFINS,Pump Cr,0,0,0,0,0,0,0,0,0,0,0,0,0,0
2021-11-07,MUFFINS,Pump CC,0,0,0,0,0,0,0,0,0,0,0,0,0,0
2021-11-07,COOKIES/BARS,oat cc,0,0,0,0,0,0,0,0,0,0,0,0,0,0
2021-11-07,COOKIES/BARS,triple cc,0,0,0,0,0,0,0,0,0,0,0,0,0,0
2021-11-07,COOKIES/BARS,snicker,0,0,0,0,0,0,0,0,0,0,0,0,0,0
2021-11-07,COOKIES/BARS,frosted,0,0,0,0,0,0,0,0,0,0,0,0,0,0
2021-11-07,COOKIES/BARS,brownie,12,0,12,0,0,0,12,0,0,0,0,0,0,0
2021-11-07,COOKIES/BARS,Pump Bar,12,0,12,0,0,0,12,0,0,0,0,0,0,0
2021-11-07,COOKIES/BARS,Pump PIE,2,0,2,0,0,0,2,0,0,0,0,0,0,0
2021-11-07,COOKIES/BARS,Ap | Ap Cran,0,0,0,0,0,0,0,0,0,0,0,0,0,0
2021-11-07,COOKIES/BARS,Pecan | Sug,3,0,3,0,0,0,3,7,0,7,0,0,0,7
2021-11-07,COOKIES/BARS,Pump OH,0,0,0,0,0,0,0,0,0,0,0,0,0,0
2021-11-07,COOKIES/BARS,Bread Pudding,0,0,0,0,0,0,0,0,0,0,0,0,0,0
2021-11-07,COOKIES/BARS,Totals,29,0,29,0,0,0,29,7,0,7,0,0,0,7
2021-11-08,BREAD,H,0,35,35,29,1,0,5,0,0,0,0,0,0,0
2021-11-08,BREAD,FR,0,51,51,20,30,0,1,0,0,0,0,0,0,0
2021-11-08,BREAD,GW,0,10,10,8,1,0,1,0,0,0,0,0,0,0
2021-11-08,BREAD,DK,0,22,22,9,0,0,13,0,0,0,0,0,0,0
2021-11-08,BREAD,H5,0,0,0,0,0,0,0,0,0,0,0,0,0,0
2021-11-08,BREAD,CSWRL,0,16,16,14,1,0,1,0,3,3,3,0,0,0
2021-11-08,BREAD,Pump Swrl,0,12,12,9,1,0,2,0,3,3,0,0,0,3
2021-11-08,BREAD,CnE,0,12,12,9,2,0,1,0,0,0,0,0,0,0
2021-11-08,BREAD,CnR,0,6,6,3,0,0,3,0,0,0,0,0,0,0
2021-11-08,BREAD,RW,0,6,6,1,0,0,5,0,0,0,0,0,0,0
2021-11-08,BREAD,CB,0,0,0,0,0,0,0,0,0,0,0,0,0,0
2021-11-08,BREAD,CrO,0,0,0,0,0,0,0,0,0,0,0,0,0,0
2021-11-08,BREAD,CG,0,10,10,4,0,0,6,0,2,2,1,0,0,1
2021-11-08,BREAD,Pest,0,5,5,4,1,0,0,0,0,0,0,0,0,0
2021-11-08,BREAD,Jal,0,4,4,4,0,0,0,0,0,0,0,0,0,0
2021-11-08,BREAD,VS,0,0,0,0,0,0,0,0,0,0,0,0,0,0
2021-11-08,BREAD,SOUR,0,43,43,7,29,0,7,0,0,0,0,0,0,0
2021-11-08,BREAD,CAR,10,0,10,0,0,0,10,0,0,0,0,0,0,0
2021-11-08,BREAD,IHF,5,0,5,0,0,0,5,0,0,0,0,0,0,0
2021-11-08,BREAD,Turkeys,0,2,2,1,0,0,1,0,0,0,0,0,0,0
2021-11-08,BREAD,BUT-Rls,0,0,0,0,0,0,0,0,0,0,0,0,0,0
2021-11-08,BREAD,CrO-RLS,0,0,0,0,0,0,0,0,0,0,0,0,0,0
2021-11-08,BREAD,H-RLS,0,3,3,0,0,0,3,0,0,0,0,0,0,0
2021-11-08,BREAD,FR-RLS,0,4,4,4,0,0,0,0,0,0,0,0,0,0
2021-11-08,BREAD,VS-RLS,0,0,0,0,0,0,0,0,0,0,0,0,0,0
2021-11-08,BREAD,Blue Stru,0,3,3,2,0,0,1,0,0,0,0,0,0,0
2021-11-08,BREAD,Choc Carm,0,3,3,0,0,0,3,0,0,0,0,0,0,0
2021-11-08,BREAD,Pump Crb,0,3,3,2,0,0,1,0,0,0,0,0,0,0
2021-11-08,BREAD,Pump CC,0,10,10,1,4,0,5,0,0,0,0,0,0,0
2021-11-08,ROLLS,C-Rolls,0,24,24,24,0,0,0,0,0,0,0,0,0,0
2021-11-08,ROLLS,Pump C-Roll,0,12,12,12,0,0,0,0,0,0,0,0,0,0
2021-11-08,ROLLS,Mini C-Roll,0,0,0,0,0,0,0,0,0,0,0,0,0,0
2021-11-08,SCONES,Blueberry,0,0,0,0,0,0,0,0,0,0,0,0,0,0
2021-11-08,SCONES,Rasp Cream,0,16,16,13,0,3,0,0,8,8,0,0,0,0
2021-11-08,SCONES,Cherry,0,0,0,0,0,0,0,0,0,0,0,0,0,0
2021-11-08,SCONES,Butt Almond,0,0,0,0,0,0,0,0,0,0,0,0,0,0
2021-11-08,SCONES,Turtle,0,0,0,0,0,0,0,0,0,0,0,0,0,0
2021-11-08,SCONES,Cin Chip,0,12,12,11,0,1,0,0,9,9,1,0,0,0
2021-11-08,SCONES,Pump Spice,0,8,8,8,0,0,0,0,4,4,0,0,0,0
2021-11-08,SCONES,FRUIT BAR,0,0,0,0,0,0,0,0,0,0,0,0,0,0
2021-11-08,SCONES,mixed berry,0,20,20,8,10,2,0,0,0,0,0,0,0,0
2021-11-08,SCONES,cherry,0,20,20,10,10,0,0,0,0,0,0,0,0,0
2021-11-08,SCONES,apple cin,0,0,0,-2,0,2,0,0,0,0,0,0,0,0
2021-11-08,SCONES,App Cran,0,0,0,0,0,0,0,0,0,0,0,0,0,0
2021-11-08,MUFFINS,Blue Streusel,0,4,4,4,0,0,0,0,8,8,0,0,0,0
2021-11-08,MUFFINS,choc carm,0,4,4,4,0,0,0,0,6,6,0,0,0,0
2021-11-08,MUFFINS,Pump Cr,0,4,4,4,0,0,0,0,6,6,0,0,0,0
2021-11-08,MUFFINS,Pump CC,0,6,6,6,0,0,0,0,0,0,0,0,0,0
2021-11-08,COOKIES/BARS,oat cc,0,30,30,22,0,0,8,0,27,27,11,0,0,0
2021-11-08,COOKIES/BARS,triple cc,0,30,30,12,0,0,18,0,27,27,11,0,0,0
2021-11-08,COOKIES/BARS,snicker,0,30,30,8,0,0,22,0,26,26,10,0,0,0
2021-11-08,COOKIES/BARS,frosted,0,18,18,7,0,0,11,0,0,0,0,0,0,0
2021-11-08,COOKIES/BARS,brownie,12,20,32,3,7,0,22,0,0,0,0,0,0,0
2021-11-08,COOKIES/BARS,Pump Bar,12,20,32,15,8,0,9,0,0,0,0,0,0,0
2021-11-08,COOKIES/BARS,Pump PIE,2,0,2,2,0,0,0,0,0,0,0,0,0,0
2021-11-08,COOKIES/BARS,Ap | Ap Cran,0,0,0,0,0,0,0,0,0,0,0,0,0,0
2021-11-08,COOKIES/BARS,Pecan | Sug,3,0,3,3,0,0,0,7,0,7,7,0,0,0
2021-11-08,COOKIES/BARS,Pump OH,0,0,0,-6,0,0,6,0,0,0,-7,0,0,7
2021-11-08,COOKIES/BARS,Bread Pudding,0,0,0,0,0,0,0,0,0,0,0,0,0,0
2021-11-08,COOKIES/BARS,Totals,29,278,307,168,35,8,96,7,121,128,33,0,0,7
2021-11-09,BREAD,H,5,35,40,26,0,0,14,0,0,0,0,0,0,0
2021-11-09,BREAD,FR,1,26,27,18,0,0,9,0,0,0,0,0,0,0
2021-11-09,BREAD,GW,1,12,13,4,0,0,9,0,0,0,0,0,0,0
2021-11-09,BREAD,DK,13,19,32,24,0,0,8,0,0,0,0,0,0,0
2021-11-09,BREAD,H5,0,0,0,-15,1,0,14,0,0,0,0,0,0,0
2021-11-09,BREAD,CSWRL,1,16,17,11,2,0,4,0,4,4,1,0,0,3
2021-11-09,BREAD,Pump Swrl,2,8,10,10,0,0,0,3,1,4,4,0,0,0
2021-11-09,BREAD,CnE,1,17,18,10,0,0,8,0,4,4,0,0,0,4
2021-11-09,BREAD,CnR,3,0,3,3,0,0,0,0,0,0,0,0,0,0
2021-11-09,BREAD,RW,5,0,5,4,0,1,0,0,0,0,0,0,0,0
2021-11-09,BREAD,CB,0,7,7,1,0,0,6,0,6,6,1,0,0,5
2021-11-09,BREAD,CrO,0,17,17,12,0,0,5,0,8,8,4,0,0,4
2021-11-09,BREAD,CG,6,0,6,2,0,4,0,1,0,1,1,0,0,0
2021-11-09,BREAD,Pest,0,0,0,0,0,0,0,0,0,0,0,0,0,0
2021-11-09,BREAD,Jal,0,0,0,0,0,0,0,0,0,0,0,0,0,0
2021-11-09,BREAD,VS,0,14,14,3,0,0,11,0,3,3,2,0,0,1
2021-11-09,BREAD,SOUR,7,0,7,7,0,0,0,0,0,0,0,0,0,0
2021-11-09,BREAD,CAR,10,0,10,-5,0,0,15,0,0,0,0,0,0,0
2021-11-09,BREAD,IHF,5,0,5,2,0,0,3,0,0,0,0,0,0,0
2021-11-09,BREAD,Turkeys,1,2,3,0,0,1,2,0,0,0,0,0,0,0
2021-11-09,BREAD,BUT-Rls,0,0,0,0,0,0,0,0,0,0,0,0,0,0
2021-11-09,BREAD,CrO-RLS,0,0,0,0,0,0,0,0,0,0,0,0,0,0
2021-11-09,BREAD,H-RLS,3,3,6,1,0,2,3,0,0,0,0,0,0,0
2021-11-09,BREAD,FR-RLS,0,4,4,4,0,0,0,0,0,0,0,0,0,0
2021-11-09,BREAD,VS-RLS,0,6,6,5,0,0,1,0,0,0,0,0,0,0
2021-11-09,BREAD,Blue Stru,1,2,3,1,0,0,2,0,0,0,0,0,0,0
2021-11-09,BREAD,Choc Carm,3,2,5,1,2,2,0,0,0,0,0,0,0,0
2021-11-09,BREAD,Pump Crb,1,4,5,2,2,0,1,0,0,0,0,0,0,0
2021-11-09,BREAD,Pump CC,5,1,6,3,0,1,2,0,0,0,0,0,0,0
2021-11-09,ROLLS,C-Rolls,0,36,36,36,0,0,0,0,0,0,0,0,0,0
2021-11-09,ROLLS,Pump C-Roll,0,12,12,12,0,0,0,0,0,0,0,0,0,0
2021-11-09,ROLLS,Mini C-Roll,0,0,0,0,0,0,0,0,0,0,0,0,0,0
2021-11-09,SCONES,Blueberry,0,11,11,11,0,0,0,0,6,6,0,0,0,0
2021-11-09,SCONES,Rasp Cream,0,0,0,0,0,0,0,0,0,0,0,0,0,0
2021-11-09,SCONES,Cherry,0,0,0,0,0,0,0,0,0,0,0,0,0,0
2021-11-09,SCONES,Butt Almond,0,0,0,0,0,0,0,0,0,0,0,0,0,0
2021-11-09,SCONES,Turtle,0,0,0,0,0,0,0,0,0,0,0,0,0,0
2021-11-09,SCONES,Cin Chip,0,11,11,7,0,4,0,0,6,6,0,0,0,0
2021-11-09,SCONES,Pump Spice,0,8,8,8,0,0,0,0,8,8,0,0,0,0
2021-11-09,SCONES,FRUIT BAR,0,0,0,0,0,0,0,0,0,0,0,0,0,0
2021-11-09,SCONES,mixed berry,0,0,0,0,0,0,0,0,0,0,0,0,0,0
2021-11-09,SCONES,cherry,0,0,0,0,0,0,0,0,0,0,0,0,0,0
2021-11-09,SCONES,apple cin,0,10,10,6,4,0,0,0,0,0,0,0,0,0
2021-11-09,SCONES,App Cran,0,10,10,6,4,0,0,0,0,0,0,0,0,0
2021-11-09,MUFFINS,Blue Streusel,0,4,4,4,0,0,0,0,10,10,0,0,0,0
2021-11-09,MUFFINS,choc carm,0,4,4,3,0,1,0,0,0,0,0,0,0,0
2021-11-09,MUFFINS,Pump Cr,0,4,4,2,0,2,0,0,0,0,0,0,0,0
2021-11-09,MUFFINS,Pump CC,0,6,6,6,0,0,0,0,10,10,0,0,0,0
2021-11-09,COOKIES/BARS,oat cc,8,30,38,15,13,0,10,0,4,4,0,0,0,0
2021-11-09,COOKIES/BARS,triple cc,18,24,42,21,12,6,3,0,4,4,0,0,0,0
2021-11-09,COOKIES/BARS,snicker,22,18,40,25,11,0,4,0,4,4,0,0,0,0
2021-11-09,COOKIES/BARS,frosted,11,0,11,3,0,0,8,0,0,0,0,0,0,0
2021-11-09,COOKIES/BARS,brownie,22,0,22,6,0,0,16,0,0,0,0,0,0,0
2021-11-09,COOKIES/BARS,Pump Bar,9,20,29,10,0,0,19,0,0,0,0,0,0,0
2021-11-09,COOKIES/BARS,Pump PIE,0,0,0,0,0,0,0,0,0,0,0,0,0,0
2021-11-09,COOKIES/BARS,Ap | Ap Cran,7,0,7,7,0,0,0,0,0,0,0,0,0,0
2021-11-09,COOKIES/BARS,Pecan | Sug,0,0,0,0,0,0,0,0,0,0,0,0,0,0
2021-11-09,COOKIES/BARS,Pump OH,0,0,0,-4,0,0,4,7,0,7,1,0,0,6
2021-11-09,COOKIES/BARS,Bread Pudding,0,0,0,0,0,0,0,0,0,0,0,0,0,0
2021-11-09,COOKIES/BARS,Totals,97,208,305,184,44,13,64,7,52,59,1,0,0,6
2021-11-10,BREAD,H,14,25,39,11,0,0,28,0,0,0,0,0,0,0
2021-11-10,BREAD,FR,9,19,28,15,0,0,13,0,0,0,0,0,0,0
2021-11-10,BREAD,GW,9,0,9,4,0,5,0,0,0,0,0,0,0,0
2021-11-10,BREAD,DK,8,16,24,10,0,0,14,0,0,0,0,0,0,0
2021-11-10,BREAD,H5,14,0,14,3,0,0,11,0,0,0,0,0,0,0
2021-11-10,BREAD,CSWRL,4,12,16,5,0,1,10,3,3,6,2,0,0,3
2021-11-10,BREAD,Pump Swrl,0,8,8,5,0,0,3,0,2,2,2,0,0,0
2021-11-10,BREAD,CnE,8,13,21,10,0,0,11,4,0,4,4,0,0,0
2021-11-10,BREAD,CnR,0,6,6,4,0,0,2,0,0,0,0,0,0,0
2021-11-10,BREAD,RW,0,6,6,5,0,0,1,0,0,0,0,0,0,0
2021-11-10,BREAD,CB,6,0,6,3,0,3,0,5,0,5,2,0,0,0
2021-11-10,BREAD,CrO,5,0,5,4,0,1,0,4,0,4,4,0,0,0
2021-11-10,BREAD,CG,0,8,8,4,0,0,4,0,4,4,4,0,0,0
2021-11-10,BREAD,Pest,0,5,5,0,0,0,5,0,0,0,0,0,0,0
2021-11-10,BREAD,Jal,0,4,4,2,0,0,2,0,0,0,0,0,0,0
2021-11-10,BREAD,VS,11,0,11,1,0,0,10,1,0,1,0,0,0,0
2021-11-10,BREAD,SOUR,0,27,27,7,0,0,20,0,0,0,0,0,0,0
2021-11-10,BREAD,CAR,15,0,15,5,0,0,10,0,0,0,0,0,0,0
2021-11-10,BREAD,IHF,3,17,20,4,0,0,16,0,0,0,0,0,0,0
2021-11-10,BREAD,Turkeys,2,0,2,0,0,2,0,0,0,0,0,0,0,0
2021-11-10,BREAD,BUT-Rls,0,0,0,0,0,0,0,0,0,0,0,0,0,0
2021-11-10,BREAD,CrO-RLS,0,0,0,0,0,0,0,0,0,0,0,0,0,0
2021-11-10,BREAD,H-RLS,3,3,6,1,0,2,3,0,0,0,0,0,0,0
2021-11-10,BREAD,FR-RLS,0,4,4,2,0,0,2,0,0,0,0,0,0,0
2021-11-10,BREAD,VS-RLS,1,0,1,1,0,0,0,0,0,0,0,0,0,0
2021-11-10,BREAD,Blue Stru,2,4,6,5,0,0,1,0,0,0,0,0,0,0
2021-11-10,BREAD,Choc Carm,0,3,3,1,0,0,2,0,0,0,0,0,0,0
2021-11-10,BREAD,Pump Crb,1,2,3,1,0,0,2,0,0,0,0,0,0,0
2021-11-10,BREAD,Pump CC,2,4,6,3,0,0,3,0,0,0,0,0,0,0
2021-11-10,ROLLS,C-Rolls,0,36,36,36,0,0,0,0,0,0,0,0,0,0
2021-11-10,ROLLS,Pump C-Roll,0,12,12,11,0,1,0,0,0,0,0,0,0,0
2021-11-10,ROLLS,Mini C-Roll,0,0,0,0,0,0,0,0,0,0,0,0,0,0
2021-11-10,SCONES,Blueberry,0,0,0,0,0,0,0,0,0,0,0,0,0,0
2021-11-10,SCONES,Rasp Cream,0,12,12,8,4,0,0,0,0,0,0,0,0,0
2021-11-10,SCONES,Cherry,0,0,0,0,0,0,0,0,0,0,0,0,0,0
2021-11-10,SCONES,Butt Almond,0,0,0,0,0,0,0,0,0,0,0,0,0,0
2021-11-10,SCONES,Turtle,0,11,11,11,0,0,0,0,0,0,0,0,0,0
2021-11-10,SCONES,Cin Chip,0,0,0,0,0,0,0,0,0,0,0,0,0,0
2021-11-10,SCONES,Pump Spice,0,8,8,5,0,3,0,0,0,0,0,0,0,0
2021-11-10,SCONES,FRUIT BAR,0,0,0,0,0,0,0,0,0,0,0,0,0,0
2021-11-10,SCONES,mixed berry,0,10,10,9,0,1,0,0,0,0,0,0,0,0
2021-11-10,SCONES,cherry,0,10,10,7,0,3,0,0,0,0,0,0,0,0
2021-11-10,SCONES,apple cin,0,0,0,0,0,0,0,0,0,0,0,0,0,0
2021-11-10,SCONES,App Cran,0,0,0,0,0,0,0,0,0,0,0,0,0,0
2021-11-10,MUFFINS,Blue Streusel,0,4,4,4,0,0,0,0,0,0,0,0,0,0
2021-11-10,MUFFINS,choc carm,0,4,4,4,0,0,0,0,0,0,0,0,0,0
2021-11-10,MUFFINS,Pump Cr,0,4,4,4,0,0,0,0,0,0,0,0,0,0
2021-11-10,MUFFINS,Pump CC,0,6,6,6,0,0,0,0,0,0,0,0,0,0
2021-11-10,COOKIES/BARS,oat cc,10,28,38,14,12,2,10,0,0,0,0,0,0,0
2021-11-10,COOKIES/BARS,triple cc,3,42,45,24,15,0,6,0,0,0,0,0,0,0
2021-11-10,COOKIES/BARS,snicker,4,36,40,24,12,0,4,0,0,0,0,0,0,0
2021-11-10,COOKIES/BARS,frosted,8,6,14,8,0,0,6,0,0,0,0,0,0,0
2021-11-10,COOKIES/BARS,brownie,16,0,16,9,0,1,6,0,0,0,0,0,0,0
2021-11-10,COOKIES/BARS,Pump Bar,19,0,19,19,0,0,0,0,0,0,0,0,0,0
2021-11-10,COOKIES/BARS,Pump PIE,0,0,0,0,0,0,0,0,0,0,0,0,0,0
2021-11-10,COOKIES/BARS,Ap | Ap Cran,0,0,0,0,0,0,0,0,0,0,0,0,0,0
2021-11-10,COOKIES/BARS,Pecan | Sug,0,0,0,0,0,0,0,0,0,0,0,0,0,0
2021-11-10,COOKIES/BARS,Pump OH,4,0,4,1,0,0,3,6,0,6,1,0,0,5
2021-11-10,COOKIES/BARS,Bread Pudding,0,0,0,0,0,0,0,0,0,0,-3,0,0,3
2021-11-10,COOKIES/BARS,Totals,64,229,293,204,43,11,35,6,0,6,-2,0,0,8
2021-11-11,BREAD,H,28,16,44,18,6,1,19,0,0,0,0,0,0,0
2021-11-11,BREAD,FR,13,55,68,9,38,0,21,0,0,0,0,0,0,0
2021-11-11,BREAD,GW,0,9,9,6,0,0,3,0,0,0,0,0,0,0
2021-11-11,BREAD,DK,14,0,14,13,0,0,1,0,0,0,0,0,0,0
2021-11-11,BREAD,H5,11,13,24,9,0,2,13,0,0,0,0,0,0,0
2021-11-11,BREAD,CSWRL,10,8,18,12,0,1,5,3,0,3,1,0,0,0
2021-11-11,BREAD,Pump Swrl,3,8,11,6,0,0,5,0,3,3,3,0,0,0
2021-11-11,BREAD,CnE,11,0,11,7,2,2,0,0,0,0,0,0,0,0
2021-11-11,BREAD,CnR,2,0,2,1,0,1,0,0,0,0,0,0,0,0
2021-11-11,BREAD,RW,1,0,1,1,0,0,0,0,0,0,0,0,0,0
2021-11-11,BREAD,CB,0,14,14,4,0,0,10,0,7,7,3,0,0,4
2021-11-11,BREAD,CrO,0,17,17,4,2,0,11,0,6,6,4,0,0,2
2021-11-11,BREAD,stuf,0,19,19,2,0,0,17,0,0,0,0,0,0,0
2021-11-11,BREAD,CG,4,0,4,0,0,4,0,0,0,0,0,0,0,0
2021-11-11,BREAD,Pest,5,0,5,2,0,3,0,0,0,0,0,0,0,0
2021-11-11,BREAD,Jal,2,0,2,1,0,1,0,0,0,0,0,0,0,0
2021-11-11,BREAD,VS,10,12,22,3,0,7,12,0,3,3,3,0,0,0
2021-11-11,BREAD,SOUR,20,0,20,5,0,15,0,0,0,0,0,0,0,0
2021-11-11,BREAD,CAR,10,0,10,10,0,0,0,0,0,0,0,0,0,0
2021-11-11,BREAD,IHF,16,0,16,15,0,1,0,0,0,0,0,0,0,0
2021-11-11,BREAD,Turkeys,0,3,3,0,0,0,3,0,0,0,0,0,0,0
2021-11-11,BREAD,BUT-Rls,0,0,0,0,0,0,0,0,0,0,0,0,0,0
2021-11-11,BREAD,CrO-RLS,0,0,0,0,0,0,0,0,0,0,0,0,0,0
2021-11-11,BREAD,H-RLS,3,2,5,4,0,0,1,0,0,0,0,0,0,0
2021-11-11,BREAD,FR-RLS,2,3,5,2,0,1,2,0,0,0,0,0,0,0
2021-11-11,BREAD,VS-RLS,0,9,9,2,3,0,4,0,0,0,0,0,0,0
2021-11-11,BREAD,Blue Stru,1,2,3,2,0,0,1,0,0,0,0,0,0,0
2021-11-11,BREAD,Choc Carm,2,1,3,1,0,1,1,0,0,0,0,0,0,0
2021-11-11,BREAD,Pump Crb,2,1,3,1,0,1,1,0,0,0,0,0,0,0
2021-11-11,BREAD,Pump CC,3,3,6,6,0,0,0,0,0,0,0,0,0,0
2021-11-11,ROLLS,C-Rolls,0,36,36,29,0,7,0,0,0,0,0,0,0,0
2021-11-11,ROLLS,Pump C-Roll,0,12,12,8,0,4,0,0,0,0,0,0,0,0
2021-11-11,ROLLS,Mini C-Roll,0,0,0,0,0,0,0,0,0,0,0,0,0,0
2021-11-11,SCONES,Blueberry,0,11,11,11,0,0,0,0,0,0,0,0,0,0
2021-11-11,SCONES,Rasp Cream,0,0,0,0,0,0,0,0,0,0,0,0,0,0
2021-11-11,SCONES,Cherry,0,0,0,0,0,0,0,0,0,0,0,0,0,0
2021-11-11,SCONES,Butt Almond,0,0,0,0,0,0,0,0,0,0,0,0,0,0
2021-11-11,SCONES,Turtle,0,11,11,7,0,4,0,0,0,0,0,0,0,0
2021-11-11,SCONES,Cin Chip,0,0,0,0,0,0,0,0,0,0,0,0,0,0
2021-11-11,SCONES,Pump Spice,0,8,8,0,0,8,0,0,0,0,0,0,0,0
2021-11-11,SCONES,FRUIT BAR,0,0,0,0,0,0,0,0,0,0,0,0,0,0
2021-11-11,SCONES,mixed berry,0,0,0,0,0,0,0,0,0,0,0,0,0,0
2021-11-11,SCONES,cherry,0,0,0,0,0,0,0,0,0,0,0,0,0,0
2021-11-11,SCONES,apple cin,0,10,10,10,0,0,0,0,0,0,0,0,0,0
2021-11-11,SCONES,App Cran,0,10,10,9,0,1,0,0,0,0,0,0,0,0
2021-11-11,MUFFINS,Blue Streusel,0,4,4,4,0,0,0,0,0,0,0,0,0,0
2021-11-11,MUFFINS,choc carm,0,4,4,2,0,2,0,0,0,0,0,0,0,0
2021-11-11,MUFFINS,Pump Cr,0,4,4,2,0,2,0,0,0,0,0,0,0,0
2021-11-11,MUFFINS,Pump CC,0,6,6,5,0,1,0,0,0,0,0,0,0,0
2021-11-11,COOKIES/BARS,oat cc,10,24,34,28,4,0,2,0,4,4,0,0,0,0
2021-11-11,COOKIES/BARS,triple cc,6,30,36,29,7,0,0,0,4,4,0,0,0,0
2021-11-11,COOKIES/BARS,snicker,4,30,34,15,4,0,15,0,4,4,0,0,0,0
2021-11-11,COOKIES/BARS,frosted,6,12,18,8,0,0,10,0,0,0,0,0,0,0
2021-11-11,COOKIES/BARS,brownie,6,20,26,6,0,0,20,0,0,0,0,0,0,0
2021-11-11,COOKIES/BARS,Pump Bar,0,40,40,24,0,0,16,0,0,0,0,0,0,0
2021-11-11,COOKIES/BARS,Pump PIE,0,0,0,0,0,0,0,0,0,0,0,0,0,0
2021-11-11,COOKIES/BARS,Ap | Ap Cran,0,0,0,0,0,0,0,0,0,0,0,0,0,0
2021-11-11,COOKIES/BARS,Pecan | Sug,0,0,0,0,0,0,0,0,0,0,0,0,0,0
2021-11-11,COOKIES/BARS,Pump OH,3,0,3,-4,0,0,7,5,0,5,5,0,0,0
2021-11-11,COOKIES/BARS,Bread Pudding,0,0,0,0,0,0,0,3,0,3,3,0,0,0
2021-11-11,COOKIES/BARS,Totals,35,272,307,193,15,29,70,8,12,20,8,0,0,0
2021-11-12,BREAD,H,19,29,48,24,9,0,15,0,0,0,0,0,0,0
2021-11-12,BREAD,FR,21,25,46,16,0,2,28,0,0,0,0,0,0,0
2021-11-12,BREAD,GW,3,4,7,1,0,4,2,0,0,0,0,0,0,0
2021-11-12,BREAD,DK,1,23,24,10,0,0,14,0,0,0,0,0,0,0
2021-11-12,BREAD,H5,13,0,13,5,0,0,8,0,0,0,0,0,0,0
2021-11-12,BREAD,CSWRL,5,16,21,12,0,0,9,0,4,4,4,0,0,0
2021-11-12,BREAD,Pump Swrl,5,12,17,9,0,0,8,0,3,3,3,0,0,0
2021-11-12,BREAD,CnE,0,12,12,7,2,0,3,0,3,3,3,0,0,0
2021-11-12,BREAD,CnR,0,12,12,5,7,0,0,0,0,0,0,0,0,0
2021-11-12,BREAD,RW,0,5,5,5,0,0,0,0,0,0,0,0,0,0
2021-11-12,BREAD,CB,10,0,10,3,0,0,7,4,0,4,1,0,0,3
2021-11-12,BREAD,CrO,11,0,11,7,0,0,4,2,0,2,2,0,0,0
2021-11-12,BREAD,STUF,17,0,17,17,0,0,0,0,0,0,0,0,0,0
2021-11-12,BREAD,CG,0,9,9,3,0,0,6,0,5,5,0,0,0,5
2021-11-12,BREAD,Pest,0,7,7,3,0,0,4,0,0,0,0,0,0,0
2021-11-12,BREAD,Jal,0,7,7,5,0,0,2,0,0,0,0,0,0,0
2021-11-12,BREAD,VS,12,0,12,9,0,0,3,0,0,0,0,0,0,0
2021-11-12,BREAD,SOUR,0,25,25,11,0,0,14,0,0,0,0,0,0,0
2021-11-12,BREAD,JCB,0,19,19,2,17,0,0,0,0,0,0,0,0,0
2021-11-12,BREAD,CAR,0,0,0,-11,0,0,11,0,0,0,0,0,0,0
2021-11-12,BREAD,IHF,0,0,0,-12,0,0,12,0,0,0,0,0,0,0
2021-11-12,BREAD,Turkeys,3,3,6,3,0,0,3,0,0,0,0,0,0,0
2021-11-12,BREAD,BUT-Rls,0,18,18,7,8,0,3,0,2,2,1,0,0,1
2021-11-12,BREAD,CrO-RLS,0,0,0,0,0,0,0,0,0,0,0,0,0,0
2021-11-12,BREAD,H-RLS,1,6,7,7,0,0,0,0,0,0,0,0,0,0
2021-11-12,BREAD,FR-RLS,2,0,2,2,0,0,0,0,0,0,0,0,0,0
2021-11-12,BREAD,VS-RLS,4,0,4,4,0,0,0,0,0,0,0,0,0,0
2021-11-12,BREAD,Blue Stru,1,4,5,3,0,0,2,0,0,0,0,0,0,0
2021-11-12,BREAD,Choc Carm,1,4,5,2,0,0,3,0,0,0,0,0,0,0
2021-11-12,BREAD,Pump Crb,1,4,5,2,0,0,3,0,0,0,0,0,0,0
2021-11-12,BREAD,Pump CC,0,8,8,3,0,0,5,0,0,0,0,0,0,0
2021-11-12,ROLLS,C-Rolls,0,48,48,44,2,2,0,0,0,0,0,0,0,0
2021-11-12,ROLLS,Pump C-Roll,0,24,24,14,0,10,0,0,0,0,0,0,0,0
2021-11-12,ROLLS,Mini C-Roll,0,0,0,0,0,0,0,0,0,0,0,0,0,0
2021-11-12,SCONES,Blueberry,0,0,0,0,0,0,0,0,0,0,0,0,0,0
2021-11-12,SCONES,Rasp Cream,0,0,0,0,0,0,0,0,0,0,0,0,0,0
2021-11-12,SCONES,Cherry,0,18,18,7,0,11,0,0,0,0,0,0,0,0
2021-11-12,SCONES,Butt Almond,0,12,12,5,0,7,0,0,0,0,0,0,0,0
2021-11-12,SCONES,Turtle,0,0,0,0,0,0,0,0,0,0,0,0,0,0
2021-11-12,SCONES,Cin Chip,0,0,0,0,0,0,0,0,0,0,0,0,0,0
2021-11-12,SCONES,Pump Spice,0,10,10,4,0,6,0,0,0,0,0,0,0,0
2021-11-12,SCONES,FRUIT BAR,0,0,0,0,0,0,0,0,0,0,0,0,0,0
2021-11-12,SCONES,mixed berry,0,10,10,6,0,4,0,0,0,0,0,0,0,0
2021-11-12,SCONES,cherry,0,10,10,3,0,7,0,0,0,0,0,0,0,0
2021-11-12,SCONES,apple cin,0,0,0,0,0,0,0,0,0,0,0,0,0,0
2021-11-12,SCONES,App Cran,0,0,0,0,0,0,0,0,0,0,0,0,0,0
2021-11-12,MUFFINS,Blue Streusel,0,5,5,5,0,0,0,0,0,0,0,0,0,0
2021-11-12,MUFFINS,choc carm,0,5,5,5,0,0,0,0,0,0,0,0,0,0
2021-11-12,MUFFINS,Pump Cr,0,5,5,5,0,0,0,0,0,0,0,0,0,0
2021-11-12,MUFFINS,Pump CC,0,8,8,8,0,0,0,0,0,0,0,0,0,0
2021-11-12,COOKIES/BARS,oat cc,2,48,50,14,17,0,19,0,8,8,0,0,0,0
2021-11-12,COOKIES/BARS,triple cc,0,48,48,24,17,0,7,0,8,8,0,0,0,0
2021-11-12,COOKIES/BARS,snicker,15,36,51,12,18,6,15,0,8,8,0,0,0,0
2021-11-12,COOKIES/BARS,frosted,10,6,16,10,0,0,6,0,0,0,0,0,0,0
2021-11-12,COOKIES/BARS,brownie,20,0,20,9,0,0,11,0,0,0,0,0,0,0
2021-11-12,COOKIES/BARS,Pump Bar,16,40,56,36,16,0,4,0,0,0,0,0,0,0
2021-11-12,COOKIES/BARS,Pump PIE,0,7,7,2,0,0,5,0,0,0,0,0,0,0
2021-11-12,COOKIES/BARS,Ap | Ap Cran,0,5,5,1,0,0,4,0,5,5,2,0,0,3
2021-11-12,COOKIES/BARS,Pecan | Sug,0,5,5,3,0,0,2,0,0,0,0,0,0,0
2021-11-12,COOKIES/BARS,Pump OH,7,0,7,6,0,0,1,0,0,0,-5,0,0,5
2021-11-12,COOKIES/BARS,Bread Pudding,0,0,0,0,0,0,0,0,0,0,-1,0,0,1
2021-11-12,COOKIES/BARS,Totals,70,350,420,223,70,53,74,0,29,29,-4,0,0,9
2021-11-13,BREAD,H,15,0,15,15,0,0,0,0,0,0,0,0,0,0
2021-11-13,BREAD,FR,28,0,28,15,0,13,0,0,0,0,0,0,0,0
2021-11-13,BREAD,GW,2,4,6,3,0,3,0,0,0,0,0,0,0,0
2021-11-13,BREAD,DK,14,0,14,7,0,7,0,0,0,0,0,0,0,0
2021-11-13,BREAD,H5,8,0,8,3,0,5,0,0,0,0,0,0,0,0
2021-11-13,BREAD,CSWRL,9,8,17,16,1,0,0,0,3,3,3,0,0,0
2021-11-13,BREAD,Pump Swrl,8,4,12,10,0,2,0,0,0,0,0,0,0,0
2021-11-13,BREAD,CnE,3,0,3,3,0,0,0,0,0,0,0,0,0,0
2021-11-13,BREAD,CnR,0,0,0,0,0,0,0,0,0,0,0,0,0,0
2021-11-13,BREAD,RW,0,0,0,0,0,0,0,0,0,0,0,0,0,0
2021-11-13,BREAD,CB,7,0,7,6,0,1,0,3,0,3,2,0,0,0
2021-11-13,BREAD,CrO,4,0,4,4,0,0,0,0,0,0,0,0,0,0
2021-11-13,BREAD,STUF,0,0,0,-12,0,12,0,0,0,0,0,0,0,0
2021-11-13,BREAD,CG,6,0,6,6,0,0,0,5,0,5,5,0,0,0
2021-11-13,BREAD,Pest,4,0,4,4,0,0,0,0,0,0,0,0,0,0
2021-11-13,BREAD,Jal,2,0,2,1,0,1,0,0,0,0,0,0,0,0
2021-11-13,BREAD,VS,3,0,3,3,0,0,0,0,36,36,0,0,0,0
2021-11-13,BREAD,SOUR,14,0,14,14,0,0,0,0,0,0,0,0,0,0
2021-11-13,BREAD,JCB,0,0,0,0,0,0,0,0,0,0,0,0,0,0
2021-11-13,BREAD,CAR,11,0,11,11,0,0,0,0,0,0,0,0,0,0
2021-11-13,BREAD,IHF,12,0,12,12,0,0,0,0,0,0,0,0,0,0
2021-11-13,BREAD,Turkeys,3,0,3,0,0,3,0,0,0,0,0,0,0,0
2021-11-13,BREAD,BUT-Rls,3,0,3,3,0,0,0,1,0,1,1,0,0,0
2021-11-13,BREAD,CrO-RLS,0,0,0,0,0,0,0,0,0,0,0,0,0,0
2021-11-13,BREAD,H-RLS,0,0,0,-3,0,3,0,0,0,0,0,0,0,0
2021-11-13,BREAD,FR-RLS,0,0,0,0,0,0,0,0,0,0,0,0,0,0
2021-11-13,BREAD,VS-RLS,0,0,0,0,0,0,0,0,0,0,0,0,0,0
2021-11-13,BREAD,Blue Stru,2,1,3,3,0,0,0,0,0,0,0,0,0,0
2021-11-13,BREAD,Choc Carm,3,0,3,2,0,1,0,0,0,0,0,0,0,0
2021-11-13,BREAD,Pump Crb,3,0,3,3,0,0,0,0,0,0,0,0,0,0
2021-11-13,BREAD,Pump CC,5,0,5,4,1,0,0,0,0,0,0,0,0,0
2021-11-13,ROLLS,C-Rolls,0,48,48,46,0,2,0,0,0,0,0,0,0,0
2021-11-13,ROLLS,Pump C-Roll,0,24,24,16,0,8,0,0,0,0,0,0,0,0
2021-11-13,ROLLS,Mini C-Roll,0,0,0,0,0,0,0,0,0,0,0,0,0,0
2021-11-13,SCONES,Blueberry,0,11,11,9,0,2,0,0,3,3,0,0,0,0
2021-11-13,SCONES,Rasp Cream,0,0,0,0,0,0,0,0,0,0,0,0,0,0
2021-11-13,SCONES,Cherry,0,0,0,0,0,0,0,0,0,0,0,0,0,0
2021-11-13,SCONES,Butt Almond,0,11,11,8,0,3,0,0,3,3,0,0,0,0
2021-11-13,SCONES,Turtle,0,0,0,0,0,0,0,0,0,0,0,0,0,0
2021-11-13,SCONES,Cin Chip,0,0,0,0,0,0,0,0,0,0,0,0,0,0
2021-11-13,SCONES,Pump Spice,0,8,8,8,0,0,0,0,2,2,0,0,0,0
2021-11-13,SCONES,FRUIT BAR,0,0,0,0,0,0,0,0,0,0,0,0,0,0
2021-11-13,SCONES,mixed berry,0,0,0,0,0,0,0,0,0,0,0,0,0,0
2021-11-13,SCONES,cherry,0,0,0,0,0,0,0,0,0,0,0,0,0,0
2021-11-13,SCONES,apple cin,0,10,10,9,1,0,0,0,0,0,0,0,0,0
2021-11-13,SCONES,App Cran,0,10,10,8,2,0,0,0,0,0,0,0,0,0
2021-11-13,MUFFINS,Blue Streusel,0,5,5,3,0,2,0,0,3,3,0,0,0,0
2021-11-13,MUFFINS,choc carm,0,3,3,3,0,0,0,0,3,3,0,0,0,0
2021-11-13,MUFFINS,Pump Cr,0,3,3,2,0,1,0,0,0,0,0,0,0,0
2021-11-13,MUFFINS,Pump CC,0,8,8,8,0,0,0,0,0,0,0,0,0,0
2021-11-13,COOKIES/BARS,oat cc,19,0,19,17,0,2,0,0,0,0,0,0,0,0
2021-11-13,COOKIES/BARS,triple cc,7,6,13,13,0,0,0,0,0,0,0,0,0,0
2021-11-13,COOKIES/BARS,snicker,15,0,15,6,0,9,0,0,0,0,0,0,0,0
2021-11-13,COOKIES/BARS,frosted,6,6,12,7,0,5,0,0,0,0,0,0,0,0
2021-11-13,COOKIES/BARS,brownie,11,0,11,7,0,4,0,0,0,0,0,0,0,0
2021-11-13,COOKIES/BARS,Pump Bar,4,20,24,20,0,4,0,0,0,0,0,0,0,0
2021-11-13,COOKIES/BARS,Pump PIE,5,0,5,2,0,0,3,0,0,0,0,0,0,0
2021-11-13,COOKIES/BARS,Ap | Ap Cran,4,0,4,0,0,0,4,3,0,3,1,0,0,2
2021-11-13,COOKIES/BARS,Pecan | Sug,2,0,2,1,0,0,1,0,0,0,0,0,0,0
2021-11-13,COOKIES/BARS,Pump OH,1,0,1,1,0,0,0,5,0,5,5,0,0,0
2021-11-13,COOKIES/BARS,Bread Pudding,0,0,0,0,0,0,0,1,0,1,1,0,0,0
2021-11-13,COOKIES/BARS,Totals,74,173,247,194,3,42,8,9,14,23,7,0,0,2
2021-11-14,BREAD,H,0,0,0,0,0,0,0,0,0,0,0,0,0,0
2021-11-14,BREAD,FR,0,0,0,0,0,0,0,0,0,0,0,0,0,0
2021-11-14,BREAD,GW,0,0,0,0,0,0,0,0,0,0,0,0,0,0
2021-11-14,BREAD,DK,0,0,0,0,0,0,0,0,0,0,0,0,0,0
2021-11-14,BREAD,H5,0,0,0,0,0,0,0,0,0,0,0,0,0,0
2021-11-14,BREAD,CSWRL,0,0,0,0,0,0,0,0,0,0,0,0,0,0
2021-11-14,BREAD,Pump Swrl,0,0,0,0,0,0,0,0,0,0,0,0,0,0
2021-11-14,BREAD,CnE,0,0,0,0,0,0,0,0,0,0,0,0,0,0
2021-11-14,BREAD,CnR,0,0,0,0,0,0,0,0,0,0,0,0,0,0
2021-11-14,BREAD,RW,0,0,0,0,0,0,0,0,0,0,0,0,0,0
2021-11-14,BREAD,CB,0,0,0,0,0,0,0,0,0,0,0,0,0,0
2021-11-14,BREAD,CrO,0,0,0,0,0,0,0,0,0,0,0,0,0,0
2021-11-14,BREAD,CG,0,0,0,0,0,0,0,0,0,0,0,0,0,0
2021-11-14,BREAD,Pest,0,0,0,0,0,0,0,0,0,0,0,0,0,0
2021-11-14,BREAD,Jal,0,0,0,0,0,0,0,0,0,0,0,0,0,0
2021-11-14,BREAD,VS,0,0,0,0,0,0,0,0,0,0,0,0,0,0
2021-11-14,BREAD,SOUR,0,0,0,0,0,0,0,0,0,0,0,0,0,0
2021-11-14,BREAD,CAR,0,0,0,0,0,0,0,0,0,0,0,0,0,0
2021-11-14,BREAD,IHF,0,0,0,0,0,0,0,0,0,0,0,0,0,0
2021-11-14,BREAD,Turkeys,0,0,0,0,0,0,0,0,0,0,0,0,0,0
2021-11-14,BREAD,BUT-Rls,0,0,0,0,0,0,0,0,0,0,0,0,0,0
2021-11-14,BREAD,CrO-RLS,0,0,0,0,0,0,0,0,0,0,0,0,0,0
2021-11-14,BREAD,H-RLS,0,0,0,0,0,0,0,0,0,0,0,0,0,0
2021-11-14,BREAD,FR-RLS,0,0,0,0,0,0,0,0,0,0,0,0,0,0
2021-11-14,BREAD,VS-RLS,0,0,0,0,0,0,0,0,0,0,0,0,0,0
2021-11-14,BREAD,Blue Stru,0,0,0,0,0,0,0,0,0,0,0,0,0,0
2021-11-14,BREAD,Choc Carm,0,0,0,0,0,0,0,0,0,0,0,0,0,0
2021-11-14,BREAD,Pump Crb,0,0,0,0,0,0,0,0,0,0,0,0,0,0
2021-11-14,BREAD,Pump CC,0,0,0,0,0,0,0,0,0,0,0,0,0,0
2021-11-14,ROLLS,C-Rolls,0,0,0,0,0,0,0,0,0,0,0,0,0,0
2021-11-14,ROLLS,Pump C-Roll,0,0,0,0,0,0,0,0,0,0,0,0,0,0
2021-11-14,ROLLS,Mini C-Roll,0,0,0,0,0,0,0,0,0,0,0,0,0,0
2021-11-14,SCONES,Blueberry,0,0,0,0,0,0,0,0,0,0,0,0,0,0
2021-11-14,SCONES,Rasp Cream,0,0,0,0,0,0,0,0,0,0,0,0,0,0
2021-11-14,SCONES,Cherry,0,0,0,0,0,0,0,0,0,0,0,0,0,0
2021-11-14,SCONES,Butt Almond,0,0,0,0,0,0,0,0,0,0,0,0,0,0
2021-11-14,SCONES,Turtle,0,0,0,0,0,0,0,0,0,0,0,0,0,0
2021-11-14,SCONES,Cin Chip,0,0,0,0,0,0,0,0,0,0,0,0,0,0
2021-11-14,SCONES,Pump Spice,0,0,0,0,0,0,0,0,0,0,0,0,0,0
2021-11-14,SCONES,FRUIT BAR,0,0,0,0,0,0,0,0,0,0,0,0,0,0
2021-11-14,SCONES,mixed berry,0,0,0,0,0,0,0,0,0,0,0,0,0,0
2021-11-14,SCONES,cherry,0,0,0,0,0,0,0,0,0,0,0,0,0,0
2021-11-14,SCONES,apple cin,0,0,0,0,0,0,0,0,0,0,0,0,0,0
2021-11-14,SCONES,App Cran,0,0,0,0,0,0,0,0,0,0,0,0,0,0
2021-11-14,MUFFINS,Blue Streusel,0,0,0,0,0,0,0,0,0,0,0,0,0,0
2021-11-14,MUFFINS,choc carm,0,0,0,0,0,0,0,0,0,0,0,0,0,0
2021-11-14,MUFFINS,Pump Cr,0,0,0,0,0,0,0,0,0,0,0,0,0,0
2021-11-14,MUFFINS,Pump CC,0,0,0,0,0,0,0,0,0,0,0,0,0,0
2021-11-14,COOKIES/BARS,oat cc,0,0,0,0,0,0,0,0,0,0,0,0,0,0
2021-11-14,COOKIES/BARS,triple cc,0,0,0,0,0,0,0,0,0,0,0,0,0,0
2021-11-14,COOKIES/BARS,snicker,0,0,0,0,0,0,0,0,0,0,0,0,0,0
2021-11-14,COOKIES/BARS,frosted,0,0,0,0,0,0,0,0,0,0,0,0,0,0
2021-11-14,COOKIES/BARS,brownie,0,0,0,0,0,0,0,0,0,0,0,0,0,0
2021-11-14,COOKIES/BARS,Pump Bar,0,0,0,0,0,0,0,0,0,0,0,0,0,0
2021-11-14,COOKIES/BARS,Pump PIE,3,0,3,0,0,0,3,0,0,0,0,0,0,0
2021-11-14,COOKIES/BARS,Ap | Ap Cran,4,0,4,0,0,0,4,2,0,2,0,0,0,2
2021-11-14,COOKIES/BARS,Pecan | Sug,1,0,1,0,0,0,1,0,0,0,0,0,0,0
2021-11-14,COOKIES/BARS,Pump OH,0,0,0,0,0,0,0,0,0,0,0,0,0,0
2021-11-14,COOKIES/BARS,Bread Pudding,0,0,0,0,0,0,0,0,0,0,0,0,0,0
2021-11-14,COOKIES/BARS,Totals,8,0,8,0,0,0,8,2,0,2,0,0,0,2
2021-11-15,BREAD,H,0,35,35,22,1,0,12,0,0,0,0,0,0,0
2021-11-15,BREAD,FR,0,53,53,18,24,0,11,0,0,0,0,0,0,0
2021-11-15,BREAD,GW,0,11,11,10,1,0,0,0,0,0,0,0,0,0
2021-11-15,BREAD,DK,0,20,20,7,4,0,9,0,0,0,0,0,0,0
2021-11-15,BREAD,H5,0,0,0,0,0,0,0,0,0,0,0,0,0,0
2021-11-15,BREAD,CSWRL,0,16,16,9,0,0,7,0,3,3,2,0,0,1
2021-11-15,BREAD,Pump Swrl,0,12,12,7,0,0,5,0,3,3,3,0,0,0
2021-11-15,BREAD,CnE,0,20,20,9,1,0,10,0,2,2,1,0,0,1
2021-11-15,BREAD,CnR,0,6,6,1,0,0,5,0,0,0,0,0,0,0
2021-11-15,BREAD,RW,0,6,6,4,0,0,2,0,0,0,0,0,0,0
2021-11-15,BREAD,CB,0,0,0,0,0,0,0,0,0,0,0,0,0,0
2021-11-15,BREAD,CrO,0,0,0,0,0,0,0,0,0,0,0,0,0,0
2021-11-15,BREAD,CG,0,8,8,2,0,0,6,0,2,2,2,0,0,0
2021-11-15,BREAD,Pest,0,5,5,4,1,0,0,0,0,0,0,0,0,0
2021-11-15,BREAD,Jal,0,4,4,4,0,0,0,0,0,0,0,0,0,0
2021-11-15,BREAD,VS,0,0,0,0,0,0,0,0,0,0,0,0,0,0
2021-11-15,BREAD,SOUR,0,40,40,40,0,0,0,0,0,0,0,0,0,0
2021-11-15,BREAD,CAR,0,5,5,5,0,0,0,0,0,0,0,0,0,0
2021-11-15,BREAD,IHF,0,9,9,9,0,0,0,0,0,0,0,0,0,0
2021-11-15,BREAD,Turkeys,0,2,2,0,0,0,2,0,0,0,0,0,0,0
2021-11-15,BREAD,BUT-Rls,0,0,0,0,0,0,0,0,0,0,0,0,0,0
2021-11-15,BREAD,CrO-RLS,0,0,0,0,0,0,0,0,0,0,0,0,0,0
2021-11-15,BREAD,H-RLS,0,3,3,3,0,0,0,0,0,0,0,0,0,0
2021-11-15,BREAD,FR-RLS,0,3,3,3,0,0,0,0,0,0,0,0,0,0
2021-11-15,BREAD,VS-RLS,0,0,0,0,0,0,0,0,0,0,0,0,0,0
2021-11-15,BREAD,Blue Stru,0,3,3,2,0,0,1,0,0,0,0,0,0,0
2021-11-15,BREAD,Choc Carm,0,3,3,1,0,0,2,0,0,0,0,0,0,0
2021-11-15,BREAD,Pump Crb,0,3,3,1,0,0,2,0,0,0,0,0,0,0
2021-11-15,BREAD,Pump CC,0,6,6,1,0,0,5,0,0,0,0,0,0,0
2021-11-15,ROLLS,C-Rolls,0,24,24,24,0,0,0,0,0,0,0,0,0,0
2021-11-15,ROLLS,Pump C-Roll,0,12,12,8,0,4,0,0,0,0,0,0,0,0
2021-11-15,ROLLS,Mini C-Roll,0,0,0,0,0,0,0,0,0,0,0,0,0,0
2021-11-15,SCONES,Blueberry,0,0,0,0,0,0,0,0,0,0,0,0,0,0
2021-11-15,SCONES,Rasp Cream,0,12,12,12,0,0,0,0,0,0,0,0,0,0
2021-11-15,SCONES,Cherry,0,0,0,0,0,0,0,0,0,0,0,0,0,0
2021-11-15,SCONES,Butt Almond,0,0,0,0,0,0,0,0,0,0,0,0,0,0
2021-11-15,SCONES,Turtle,0,0,0,0,0,0,0,0,0,0,0,0,0,0
2021-11-15,SCONES,Cin Chip,0,11,11,11,0,0,0,0,0,0,0,0,0,0
2021-11-15,SCONES,Pump Spice,0,8,8,8,0,0,0,0,0,0,0,0,0,0
2021-11-15,SCONES,FRUIT BAR,0,0,0,0,0,0,0,0,0,0,0,0,0,0
2021-11-15,SCONES,mixed berry,0,10,10,6,0,4,0,0,0,0,0,0,0,0
2021-11-15,SCONES,cherry,0,10,10,2,0,8,0,0,0,0,0,0,0,0
2021-11-15,SCONES,apple cin,0,0,0,0,0,0,0,0,0,0,0,0,0,0
2021-11-15,SCONES,App Cran,0,0,0,0,0,0,0,0,0,0,0,0,0,0
2021-11-15,MUFFINS,Blue Streusel,0,4,4,4,0,0,0,0,0,0,0,0,0,0
2021-11-15,MUFFINS,choc carm,0,4,4,4,0,0,0,0,0,0,0,0,0,0
2021-11-15,MUFFINS,Pump Cr,0,4,4,4,0,0,0,0,0,0,0,0,0,0
2021-11-15,MUFFINS,Pump CC,0,6,6,6,0,0,0,0,0,0,0,0,0,0
2021-11-15,COOKIES/BARS,oat cc,0,54,54,31,15,0,8,0,0,0,0,0,0,0
2021-11-15,COOKIES/BARS,triple cc,0,42,42,17,15,0,10,0,0,0,0,0,0,0
2021-11-15,COOKIES/BARS,snicker,0,42,42,18,15,0,9,0,0,0,0,0,0,0
2021-11-15,COOKIES/BARS,frosted,0,18,18,1,0,0,17,0,0,0,0,0,0,0
2021-11-15,COOKIES/BARS,brownie,0,20,20,12,0,0,8,0,0,0,0,0,0,0
2021-11-15,COOKIES/BARS,Pump Bar,0,40,40,14,0,0,26,0,0,0,0,0,0,0
2021-11-15,COOKIES/BARS,Pump PIE,3,0,3,3,0,0,0,0,0,0,0,0,0,0
2021-11-15,COOKIES/BARS,Ap | Ap Cran,4,0,4,4,0,0,0,2,0,2,2,0,0,0
2021-11-15,COOKIES/BARS,Pecan | Sug,1,0,1,1,0,0,0,0,0,0,0,0,0,0
2021-11-15,COOKIES/BARS,Pump OH,0,1,1,1,0,0,0,0,4,4,4,0,0,0
2021-11-15,COOKIES/BARS,Bread Pudding,0,0,0,0,0,0,0,0,0,0,0,0,0,0
2021-11-15,COOKIES/BARS,Totals,8,322,330,191,45,16,78,2,4,6,6,0,0,0
2021-11-16,BREAD,H,12,44,56,14,20,0,22,0,0,0,0,0,0,0
2021-11-16,BREAD,FR,11,7,18,6,0,0,12,0,0,0,0,0,0,0
2021-11-16,BREAD,GW,0,5,5,3,0,0,2,0,0,0,0,0,0,0
2021-11-16,BREAD,DK,9,0,9,7,0,0,2,0,0,0,0,0,0,0
2021-11-16,BREAD,H5,0,18,18,4,1,0,13,0,0,0,0,0,0,0
2021-11-16,BREAD,CSWRL,7,8,15,15,0,0,0,1,4,5,5,0,0,0
2021-11-16,BREAD,Pump Swrl,5,8,13,13,0,0,0,0,3,3,3,0,0,0
2021-11-16,BREAD,CnE,10,1,11,11,0,0,0,1,28,29,3,0,0,1
2021-11-16,BREAD,CnR,5,0,5,5,0,0,0,0,0,0,0,0,0,0
2021-11-16,BREAD,RW,2,0,2,2,0,0,0,0,0,0,0,0,0,0
2021-11-16,BREAD,CB,0,12,12,7,0,0,5,0,31,31,6,0,0,0
2021-11-16,BREAD,CrO,0,18,18,7,0,0,11,0,24,24,-1,0,0,0
2021-11-16,BREAD,CG,6,0,6,6,0,0,0,0,0,0,0,0,0,0
2021-11-16,BREAD,Pest,0,0,0,0,0,0,0,0,0,0,0,0,0,0
2021-11-16,BREAD,Jal,0,0,0,0,0,0,0,0,0,0,0,0,0,0
2021-11-16,BREAD,VS,0,0,0,0,0,0,0,0,84,84,4,0,0,0
2021-11-16,BREAD,SOUR,0,13,13,5,0,0,8,0,0,0,0,0,0,0
2021-11-16,BREAD,CAR,0,0,0,-3,0,0,3,0,0,0,0,0,0,0
2021-11-16,BREAD,IHF,0,0,0,-10,0,0,10,0,0,0,0,0,0,0
2021-11-16,BREAD,Turkeys,2,0,2,0,0,2,0,0,0,0,0,0,0,0
2021-11-16,BREAD,BUT-Rls,0,0,0,0,0,0,0,0,0,0,0,0,0,0
2021-11-16,BREAD,CrO-RLS,0,4,4,0,2,0,2,0,0,0,0,0,0,0
2021-11-16,BREAD,H-RLS,0,8,8,2,5,0,1,0,0,0,0,0,0,0
2021-11-16,BREAD,FR-RLS,0,12,12,4,8,0,0,0,0,0,0,0,0,0
2021-11-16,BREAD,VS-RLS,0,0,0,0,0,0,0,0,0,0,0,0,0,0
2021-11-16,BREAD,Blue Stru,1,2,3,2,0,0,1,0,0,0,0,0,0,0
2021-11-16,BREAD,Choc Carm,2,2,4,1,0,1,2,0,0,0,0,0,0,0
2021-11-16,BREAD,Pump Crb,2,1,3,3,0,0,0,0,0,0,0,0,0,0
2021-11-16,BREAD,Pump CC,5,2,7,5,1,1,0,0,0,0,0,0,0,0
2021-11-16,ROLLS,C-Rolls,0,36,36,25,0,11,0,0,0,0,0,0,0,0
2021-11-16,ROLLS,Pump C-Roll,0,12,12,12,0,0,0,0,0,0,0,0,0,0
2021-11-16,ROLLS,Mini C-Roll,0,0,0,0,0,0,0,0,0,0,0,0,0,0
2021-11-16,SCONES,Blueberry,0,17,17,11,6,0,0,0,0,0,0,0,0,0
2021-11-16,SCONES,Rasp Cream,0,0,0,0,0,0,0,0,0,0,0,0,0,0
2021-11-16,SCONES,Cherry,0,0,0,0,0,0,0,0,0,0,0,0,0,0
2021-11-16,SCONES,Butt Almond,0,0,0,0,0,0,0,0,0,0,0,0,0,0
2021-11-16,SCONES,Turtle,0,0,0,0,0,0,0,0,0,0,0,0,0,0
2021-11-16,SCONES,Cin Chip,0,18,18,8,0,10,0,0,0,0,0,0,0,0
2021-11-16,SCONES,Pump Spice,0,8,8,6,0,2,0,0,0,0,0,0,0,0
2021-11-16,SCONES,FRUIT BAR,0,0,0,0,0,0,0,0,0,0,0,0,0,0
2021-11-16,SCONES,mixed berry,0,0,0,0,0,0,0,0,0,0,0,0,0,0
2021-11-16,SCONES,cherry,0,0,0,0,0,0,0,0,0,0,0,0,0,0
2021-11-16,SCONES,apple cin,0,10,10,5,1,4,0,0,0,0,0,0,0,0
2021-11-16,SCONES,App Cran,0,10,10,3,1,6,0,0,0,0,0,0,0,0
2021-11-16,MUFFINS,Blue Streusel,0,4,4,2,0,2,0,0,0,0,0,0,0,0
2021-11-16,MUFFINS,choc carm,0,4,4,2,0,2,0,0,0,0,0,0,0,0
2021-11-16,MUFFINS,Pump Cr,0,4,4,4,0,0,0,0,0,0,0,0,0,0
2021-11-16,MUFFINS,Pump CC,0,6,6,6,0,0,0,0,0,0,0,0,0,0
2021-11-16,COOKIES/BARS,oat cc,8,96,104,16,64,0,24,0,8,8,0,0,0,0
2021-11-16,COOKIES/BARS,triple cc,10,84,94,19,63,0,12,0,18,18,10,0,0,0
2021-11-16,COOKIES/BARS,snicker,9,84,93,18,63,0,12,0,37,37,31,0,0,0
2021-11-16,COOKIES/BARS,frosted,17,0,17,13,0,0,4,0,0,0,0,0,0,0
2021-11-16,COOKIES/BARS,brownie,8,20,28,12,1,0,15,0,0,0,0,0,0,0
2021-11-16,COOKIES/BARS,Pump Bar,26,20,46,19,2,0,25,0,0,0,0,0,0,0
2021-11-16,COOKIES/BARS,Pump PIE,0,0,0,0,0,0,0,0,0,0,0,0,0,0
2021-11-16,COOKIES/BARS,Ap | Ap Cran,0,0,0,0,0,0,0,0,0,0,0,0,0,0
2021-11-16,COOKIES/BARS,Pecan | Sug,0,0,0,0,0,0,0,0,0,0,0,0,0,0
2021-11-16,COOKIES/BARS,Pump OH,0,0,0,0,0,0,0,0,0,0,-2,0,0,2
2021-11-16,COOKIES/BARS,Bread Pudding,0,0,0,0,0,0,0,0,0,0,0,0,0,0
2021-11-16,COOKIES/BARS,Totals,78,433,511,181,201,37,92,0,63,63,39,0,0,2
2021-11-17,BREAD,H,22,15,37,15,0,0,22,0,0,0,0,0,0,0
2021-11-17,BREAD,FR,12,21,33,12,2,10,9,0,0,0,0,0,0,0
2021-11-17,BREAD,GW,2,9,11,3,0,0,8,0,0,0,0,0,0,0
2021-11-17,BREAD,DK,2,21,23,9,0,0,14,0,0,0,0,0,0,0
2021-11-17,BREAD,H5,13,0,13,4,0,0,9,0,0,0,0,0,0,0
2021-11-17,BREAD,CSWRL,0,11,11,2,1,0,8,0,4,4,3,0,0,1
2021-11-17,BREAD,Pump Swrl,0,12,12,9,0,0,3,0,3,3,3,0,0,0
2021-11-17,BREAD,CnE,0,0,0,-9,0,0,9,1,0,1,-5,0,0,6
2021-11-17,BREAD,CnR,0,0,0,-3,0,0,3,0,0,0,0,0,0,0
2021-11-17,BREAD,RW,0,0,0,-1,0,0,1,0,0,0,0,0,0,0
2021-11-17,BREAD,CB,5,0,5,2,0,3,0,0,0,0,0,0,0,0
2021-11-17,BREAD,CrO,11,0,11,3,0,8,0,0,0,0,0,0,0,0
2021-11-17,BREAD,CG,0,10,10,2,0,0,8,0,4,4,4,0,0,0
2021-11-17,BREAD,Pest,0,5,5,2,0,0,3,0,0,0,0,0,0,0
2021-11-17,BREAD,Jal,0,4,4,3,0,0,1,0,0,0,0,0,0,0
2021-11-17,BREAD,VS,0,0,0,0,0,0,0,0,0,0,0,0,0,0
2021-11-17,BREAD,SOUR,8,0,8,-12,3,0,17,0,0,0,0,0,0,0
2021-11-17,BREAD,CAR,3,0,3,-2,0,0,5,0,0,0,0,0,0,0
2021-11-17,BREAD,IHF,10,0,10,3,0,0,7,0,0,0,0,0,0,0
2021-11-17,BREAD,Turkeys,0,3,3,2,0,0,1,0,0,0,0,0,0,0
2021-11-17,BREAD,BUT-Rls,0,40,40,5,18,0,17,0,0,0,0,0,0,0
2021-11-17,BREAD,CrO-RLS,2,0,2,2,0,0,0,0,0,0,0,0,0,0
2021-11-17,BREAD,H-RLS,1,4,5,2,0,0,3,0,0,0,0,0,0,0
2021-11-17,BREAD,FR-RLS,0,0,0,0,0,0,0,0,0,0,0,0,0,0
2021-11-17,BREAD,VS-RLS,0,0,0,0,0,0,0,0,0,0,0,0,0,0
2021-11-17,BREAD,Blue Stru,1,2,3,0,0,1,2,0,0,0,0,0,0,0
2021-11-17,BREAD,Choc Carm,2,2,4,0,1,2,1,0,0,0,0,0,0,0
2021-11-17,BREAD,Pump Crb,0,4,4,0,1,0,3,0,0,0,0,0,0,0
2021-11-17,BREAD,Pump CC,0,6,6,2,0,0,4,0,0,0,0,0,0,0
2021-11-17,ROLLS,C-Rolls,0,24,24,5,0,19,0,0,0,0,0,0,0,0
2021-11-17,ROLLS,Pump C-Roll,0,12,12,7,0,5,0,0,0,0,0,0,0,0
2021-11-17,ROLLS,Mini C-Roll,0,0,0,0,0,0,0,0,0,0,0,0,0,0
2021-11-17,SCONES,Blueberry,0,0,0,0,0,0,0,0,0,0,0,0,0,0
2021-11-17,SCONES,Rasp Cream,0,15,15,15,0,0,0,0,3,3,0,0,0,0
2021-11-17,SCONES,Cherry,0,0,0,0,0,0,0,0,0,0,0,0,0,0
2021-11-17,SCONES,Butt Almond,0,0,0,0,0,0,0,0,0,0,0,0,0,0
2021-11-17,SCONES,Turtle,0,15,15,13,0,2,0,0,3,3,0,0,0,0
2021-11-17,SCONES,Cin Chip,0,0,0,0,0,0,0,0,0,0,0,0,0,0
2021-11-17,SCONES,Pump Spice,0,12,12,6,4,2,0,0,4,4,0,0,0,0
2021-11-17,SCONES,FRUIT BAR,0,0,0,0,0,0,0,0,0,0,0,0,0,0
2021-11-17,SCONES,mixed berry,0,10,10,6,2,2,0,0,0,0,0,0,0,0
2021-11-17,SCONES,cherry,0,10,10,7,2,1,0,0,0,0,0,0,0,0
2021-11-17,SCONES,apple cin,0,0,0,0,0,0,0,0,0,0,0,0,0,0
2021-11-17,SCONES,App Cran,0,0,0,0,0,0,0,0,0,0,0,0,0,0
2021-11-17,MUFFINS,Blue Streusel,0,4,4,4,0,0,0,0,5,5,0,0,0,0
2021-11-17,MUFFINS,choc carm,0,4,4,1,0,3,0,0,0,0,0,0,0,0
2021-11-17,MUFFINS,Pump Cr,0,4,4,4,0,0,0,0,0,0,0,0,0,0
2021-11-17,MUFFINS,Pump CC,0,6,6,5,0,1,0,0,5,5,0,0,0,0
2021-11-17,COOKIES/BARS,oat cc,24,6,30,26,4,0,0,0,0,0,0,0,0,0
2021-11-17,COOKIES/BARS,triple cc,12,18,30,26,4,0,0,0,0,0,0,0,0,0
2021-11-17,COOKIES/BARS,snicker,12,18,30,17,5,6,2,0,0,0,0,0,0,0
2021-11-17,COOKIES/BARS,frosted,4,12,16,5,0,0,11,0,0,0,0,0,0,0
2021-11-17,COOKIES/BARS,brownie,15,0,15,7,0,0,8,0,0,0,0,0,0,0
2021-11-17,COOKIES/BARS,Pump Bar,25,20,45,13,0,0,32,0,0,0,0,0,0,0
2021-11-17,COOKIES/BARS,Pump PIE,0,0,0,0,0,0,0,0,0,0,0,0,0,0
2021-11-17,COOKIES/BARS,Ap | Ap Cran,0,0,0,0,0,0,0,0,0,0,0,0,0,0
2021-11-17,COOKIES/BARS,Pecan | Sug,0,0,0,0,0,0,0,0,0,0,0,0,0,0
2021-11-17,COOKIES/BARS,Pump OH,0,0,0,0,0,0,0,2,0,2,0,0,0,2
2021-11-17,COOKIES/BARS,Bread Pudding,0,0,0,-5,0,0,5,0,0,0,-3,0,0,3
2021-11-17,COOKIES/BARS,Totals,92,190,282,162,21,41,58,2,20,22,-3,0,0,5
2021-11-18,BREAD,H,22,17,39,16,0,0,23,0,0,0,0,0,0,0
2021-11-18,BREAD,FR,9,56,65,15,32,0,18,0,0,0,0,0,0,0
2021-11-18,BREAD,GW,8,7,15,3,0,5,7,0,0,0,0,0,0,0
2021-11-18,BREAD,DK,14,0,14,6,0,0,8,0,0,0,0,0,0,0
2021-11-18,BREAD,H5,9,14,23,12,0,1,10,0,0,0,0,0,0,0
2021-11-18,BREAD,CSWRL,8,8,16,10,0,0,6,1,3,4,4,0,0,0
2021-11-18,BREAD,Pump Swrl,3,8,11,6,0,0,5,0,3,3,1,0,0,2
2021-11-18,BREAD,CnE,9,0,9,5,1,3,0,6,0,6,2,0,0,0
2021-11-18,BREAD,CnR,3,0,3,1,0,2,0,0,0,0,0,0,0,0
2021-11-18,BREAD,RW,1,0,1,0,0,1,0,0,0,0,0,0,0,0
2021-11-18,BREAD,CB,0,14,14,6,0,0,8,0,6,6,2,0,0,4
2021-11-18,BREAD,CrO,0,13,13,4,0,0,9,0,5,5,3,0,0,2
2021-11-18,BREAD,CG,8,0,8,3,0,5,0,0,0,0,0,0,0,0
2021-11-18,BREAD,Pest,3,0,3,2,0,1,0,0,0,0,0,0,0,0
2021-11-18,BREAD,Jal,1,0,1,1,0,0,0,0,0,0,0,0,0,0
2021-11-18,BREAD,VS,0,5,5,2,0,3,0,0,48,48,3,0,0,0
2021-11-18,BREAD,SOUR,17,0,17,9,0,0,8,0,0,0,0,0,0,0
2021-11-18,BREAD,stuf,0,9,9,2,0,0,7,0,0,0,0,0,0,0
2021-11-18,BREAD,CAR,5,0,5,1,0,0,4,0,0,0,0,0,0,0
2021-11-18,BREAD,IHF,7,0,7,2,0,0,5,0,0,0,0,0,0,0
2021-11-18,BREAD,Turkeys,1,3,4,1,0,0,3,0,0,0,0,0,0,0
2021-11-18,BREAD,BUT-Rls,17,0,17,4,0,0,13,0,0,0,0,0,0,0
2021-11-18,BREAD,CrO-RLS,0,6,6,1,0,0,5,0,0,0,0,0,0,0
2021-11-18,BREAD,H-RLS,3,0,3,3,0,0,0,0,0,0,0,0,0,0
2021-11-18,BREAD,FR-RLS,0,0,0,0,0,0,0,0,0,0,0,0,0,0
2021-11-18,BREAD,VS-RLS,0,8,8,5,0,0,3,0,0,0,0,0,0,0
2021-11-18,BREAD,Blue Stru,2,1,3,0,0,2,1,0,0,0,0,0,0,0
2021-11-18,BREAD,Choc Carm,1,2,3,2,0,0,1,0,0,0,0,0,0,0
2021-11-18,BREAD,Pump Crb,3,0,3,1,0,2,0,0,0,0,0,0,0,0
2021-11-18,BREAD,Pump CC,4,2,6,5,0,0,1,0,0,0,0,0,0,0
2021-11-18,ROLLS,C-Rolls,0,36,36,28,8,0,0,0,0,0,0,0,0,0
2021-11-18,ROLLS,Pump C-Roll,0,12,12,8,0,4,0,0,0,0,0,0,0,0
2021-11-18,ROLLS,Mini C-Roll,0,24,24,0,24,0,0,0,0,0,0,0,0,0
2021-11-18,SCONES,Blueberry,0,11,11,11,0,0,0,0,0,0,0,0,0,0
2021-11-18,SCONES,Rasp Cream,0,0,0,0,0,0,0,0,0,0,0,0,0,0
2021-11-18,SCONES,Cherry,0,0,0,0,0,0,0,0,0,0,0,0,0,0
2021-11-18,SCONES,Butt Almond,0,0,0,0,0,0,0,0,0,0,0,0,0,0
2021-11-18,SCONES,Turtle,0,11,11,11,0,0,0,0,0,0,0,0,0,0
2021-11-18,SCONES,Cin Chip,0,0,0,0,0,0,0,0,0,0,0,0,0,0
2021-11-18,SCONES,Pump Spice,0,8,8,7,0,1,0,0,0,0,0,0,0,0
2021-11-18,SCONES,FRUIT BAR,0,0,0,0,0,0,0,0,0,0,0,0,0,0
2021-11-18,SCONES,mixed berry,0,0,0,0,0,0,0,0,0,0,0,0,0,0
2021-11-18,SCONES,cherry,0,0,0,0,0,0,0,0,0,0,0,0,0,0
2021-11-18,SCONES,apple cin,0,10,10,8,0,2,0,0,0,0,0,0,0,0
2021-11-18,SCONES,App Cran,0,10,10,6,0,4,0,0,0,0,0,0,0,0
2021-11-18,MUFFINS,Blue Streusel,0,4,4,4,0,0,0,0,0,0,0,0,0,0
2021-11-18,MUFFINS,choc carm,0,4,4,4,0,0,0,0,0,0,0,0,0,0
2021-11-18,MUFFINS,Pump Cr,0,4,4,1,0,3,0,0,0,0,0,0,0,0
2021-11-18,MUFFINS,Pump CC,0,6,6,6,0,0,0,0,0,0,0,0,0,0
2021-11-18,COOKIES/BARS,oat cc,0,36,36,15,7,0,14,0,0,0,0,0,0,0
2021-11-18,COOKIES/BARS,triple cc,0,36,36,21,7,0,8,0,0,0,0,0,0,0
2021-11-18,COOKIES/BARS,snicker,2,30,32,9,4,0,19,0,0,0,0,0,0,0
2021-11-18,COOKIES/BARS,frosted,11,12,23,-1,0,0,24,0,0,0,0,0,0,0
2021-11-18,COOKIES/BARS,brownie,8,20,28,6,0,2,20,0,0,0,0,0,0,0
2021-11-18,COOKIES/BARS,Pump Bar,32,0,32,13,0,0,19,0,0,0,0,0,0,0
2021-11-18,COOKIES/BARS,Pump PIE,0,0,0,0,0,0,0,0,0,0,0,0,0,0
2021-11-18,COOKIES/BARS,Ap | Ap Cran,0,0,0,0,0,0,0,0,0,0,0,0,0,0
2021-11-18,COOKIES/BARS,Pecan | Sug,0,0,0,0,0,0,0,0,0,0,0,0,0,0
2021-11-18,COOKIES/BARS,Pump OH,0,0,0,-6,0,0,6,2,0,2,-6,0,0,8
2021-11-18,COOKIES/BARS,Bread Pudding,5,0,5,1,0,0,4,3,0,3,-1,0,0,4
2021-11-18,COOKIES/BARS,Totals,58,274,332,152,50,16,114,5,0,5,-7,0,0,12
2021-11-19,BREAD,H,23,44,67,24,5,0,38,0,0,0,0,0,0,0
2021-11-19,BREAD,FR,18,35,53,16,4,0,33,0,0,0,0,0,0,0
2021-11-19,BREAD,GW,7,6,13,6,0,0,7,0,0,0,0,0,0,0
2021-11-19,BREAD,DK,8,22,30,11,2,0,17,0,0,0,0,0,0,0
2021-11-19,BREAD,H5,10,0,10,2,0,0,8,0,0,0,0,0,0,0
2021-11-19,BREAD,CSWRL,6,20,26,14,3,0,9,0,6,6,5,0,0,0
2021-11-19,BREAD,Pump Swrl,5,16,21,7,4,0,10,2,2,4,3,0,0,1
2021-11-19,BREAD,CnE,0,21,21,7,3,0,11,0,4,4,3,0,0,1
2021-11-19,BREAD,CnR,0,8,8,1,0,0,7,0,0,0,0,0,0,0
2021-11-19,BREAD,RW,0,10,10,6,4,0,0,0,0,0,0,0,0,0
2021-11-19,BREAD,CB,8,0,8,4,0,0,4,4,0,4,4,0,0,0
2021-11-19,BREAD,CrO,9,0,9,3,0,0,6,2,0,2,2,0,0,0
2021-11-19,BREAD,CG,0,10,10,3,1,0,6,0,4,4,4,0,0,0
2021-11-19,BREAD,Pest,0,7,7,6,0,0,1,0,0,0,0,0,0,0
2021-11-19,BREAD,Jal,0,7,7,4,0,0,3,0,0,0,0,0,0,0
2021-11-19,BREAD,VS,0,0,0,0,0,0,0,0,0,0,0,0,0,0
2021-11-19,BREAD,SOUR,8,20,28,11,2,0,15,0,0,0,0,0,0,0
2021-11-19,BREAD,STUF,7,0,7,4,0,0,3,0,0,0,0,0,0,0
2021-11-19,BREAD,CAR,4,0,4,2,0,0,2,0,0,0,0,0,0,0
2021-11-19,BREAD,IHF,5,16,21,1,0,0,20,0,0,0,0,0,0,0
2021-11-19,BREAD,Turkeys,3,6,9,3,2,0,4,0,0,0,0,0,0,0
2021-11-19,BREAD,BUT-Rls,13,37,50,22,15,0,13,0,0,0,0,0,0,0
2021-11-19,BREAD,CrO-RLS,5,0,5,3,0,0,2,0,0,0,0,0,0,0
2021-11-19,BREAD,H-RLS,0,9,9,8,1,0,0,0,0,0,0,0,0,0
2021-11-19,BREAD,FR-RLS,0,18,18,9,9,0,0,0,0,0,0,0,0,0
2021-11-19,BREAD,VS-RLS,3,0,3,3,0,0,0,0,0,0,0,0,0,0
2021-11-19,BREAD,Blue Stru,1,4,5,4,0,0,1,0,0,0,0,0,0,0
2021-11-19,BREAD,Choc Carm,1,4,5,1,0,0,4,0,0,0,0,0,0,0
2021-11-19,BREAD,Pump Crb,1,4,5,1,0,0,4,0,0,0,0,0,0,0
2021-11-19,BREAD,Pump CC,0,13,14,1,5,0,8,0,0,0,0,0,0,0
2021-11-19,ROLLS,C-Rolls,0,60,60,48,6,6,0,0,0,0,0,0,0,0
2021-11-19,ROLLS,Pump C-Roll,0,24,24,14,8,2,0,0,0,0,0,0,0,0
2021-11-19,ROLLS,Mini C-Roll,0,48,48,0,48,0,0,0,0,0,0,0,0,0
2021-11-19,SCONES,Blueberry,0,0,0,0,0,0,0,0,0,0,0,0,0,0
2021-11-19,SCONES,Rasp Cream,0,0,0,0,0,0,0,0,0,0,0,0,0,0
2021-11-19,SCONES,Cherry,0,18,18,12,0,6,0,0,0,0,0,0,0,0
2021-11-19,SCONES,Butt Almond,0,15,15,15,0,0,0,0,0,0,0,0,0,0
2021-11-19,SCONES,Turtle,0,0,0,0,0,0,0,0,0,0,0,0,0,0
2021-11-19,SCONES,Cin Chip,0,0,0,0,0,0,0,0,0,0,0,0,0,0
2021-11-19,SCONES,Pump Spice,0,10,10,8,0,2,0,0,0,0,0,0,0,0
2021-11-19,SCONES,FRUIT BAR,0,0,0,0,0,0,0,0,0,0,0,0,0,0
2021-11-19,SCONES,mixed berry,0,10,10,8,0,2,0,0,0,0,0,0,0,0
2021-11-19,SCONES,cherry,0,10,10,9,0,1,0,0,0,0,0,0,0,0
2021-11-19,SCONES,apple cin,0,0,0,0,0,0,0,0,0,0,0,0,0,0
2021-11-19,SCONES,App Cran,0,0,0,0,0,0,0,0,0,0,0,0,0,0
2021-11-19,MUFFINS,Blue Streusel,0,5,5,5,0,0,0,0,0,0,0,0,0,0
2021-11-19,MUFFINS,choc carm,0,5,5,5,0,0,0,0,0,0,0,0,0,0
2021-11-19,MUFFINS,Pump Cr,0,11,11,5,6,0,0,0,0,0,0,0,0,0
2021-11-19,MUFFINS,Pump CC,0,14,14,8,6,0,0,0,0,0,0,0,0,0
2021-11-19,COOKIES/BARS,oat cc,14,24,38,17,5,0,16,0,0,0,0,0,0,0
2021-11-19,COOKIES/BARS,triple cc,8,42,50,11,16,0,23,0,0,0,0,0,0,0
2021-11-19,COOKIES/BARS,snicker,19,24,43,28,10,0,5,0,0,0,0,0,0,0
2021-11-19,COOKIES/BARS,frosted,24,0,24,6,0,0,18,0,0,0,0,0,0,0
2021-11-19,COOKIES/BARS,brownie,20,0,20,0,4,0,16,0,0,0,0,0,0,0
2021-11-19,COOKIES/BARS,Pump Bar,19,20,39,13,8,0,18,0,0,0,0,0,0,0
2021-11-19,COOKIES/BARS,Pump PIE,0,7,7,5,1,0,1,0,0,0,0,0,0,0
2021-11-19,COOKIES/BARS,Ap | Ap Cran,0,5,5,5,0,0,0,0,5,5,2,0,0,3
2021-11-19,COOKIES/BARS,Pecan | Sug,0,6,6,5,0,0,1,0,0,0,0,0,0,0
2021-11-19,COOKIES/BARS,Pump OH,6,0,6,1,0,0,5,8,0,8,1,0,0,7
2021-11-19,COOKIES/BARS,Bread Pudding,4,0,4,0,0,0,4,4,0,4,1,0,0,3
2021-11-19,COOKIES/BARS,Totals,114,358,472,228,118,19,107,12,5,17,4,0,0,13
2021-11-20,BREAD,H,38,0,38,18,0,20,0,0,0,0,0,0,0,0
2021-11-20,BREAD,FR,33,0,33,21,0,12,0,0,0,0,0,0,0,0
2021-11-20,BREAD,GW,7,2,9,6,0,3,0,0,0,0,0,0,0,0
2021-11-20,BREAD,DK,17,0,17,14,0,3,0,0,0,0,0,0,0,0
2021-11-20,BREAD,H5,8,0,8,2,0,6,0,0,0,0,0,0,0,0
2021-11-20,BREAD,CSWRL,9,8,17,16,1,0,0,0,3,3,2,0,0,0
2021-11-20,BREAD,Pump Swrl,10,0,10,10,0,0,0,1,0,1,1,0,0,0
2021-11-20,BREAD,CnE,11,0,11,11,0,0,0,1,0,1,1,0,0,0
2021-11-20,BREAD,CnR,7,0,7,7,0,0,0,0,0,0,0,0,0,0
2021-11-20,BREAD,RW,0,0,0,0,0,0,0,0,0,0,0,0,0,0
2021-11-20,BREAD,CB,4,0,4,4,0,0,0,0,0,0,0,0,0,0
2021-11-20,BREAD,CrO,6,0,6,6,0,0,0,0,0,0,0,0,0,0
2021-11-20,BREAD,CG,6,0,6,6,0,0,0,0,0,0,0,0,0,0
2021-11-20,BREAD,Pest,1,0,1,1,0,0,0,0,0,0,0,0,0,0
2021-11-20,BREAD,Jal,3,0,3,3,0,0,0,0,0,0,0,0,0,0
2021-11-20,BREAD,VS,0,0,0,0,0,0,0,0,0,0,0,0,0,0
2021-11-20,BREAD,SOUR,15,0,15,15,0,0,0,0,0,0,0,0,0,0
2021-11-20,BREAD,STUF,3,0,3,3,0,0,0,0,0,0,0,0,0,0
2021-11-20,BREAD,CAR,2,0,2,2,0,0,0,0,0,0,0,0,0,0
2021-11-20,BREAD,IHF,20,0,20,20,0,0,0,0,0,0,0,0,0,0
2021-11-20,BREAD,Turkeys,4,0,4,4,0,0,0,0,0,0,0,0,0,0
2021-11-20,BREAD,BUT-Rls,13,0,13,13,0,0,0,0,0,0,0,0,0,0
2021-11-20,BREAD,CrO-RLS,2,0,2,2,0,0,0,0,0,0,0,0,0,0
2021-11-20,BREAD,H-RLS,0,0,0,0,0,0,0,0,0,0,0,0,0,0
2021-11-20,BREAD,FR-RLS,0,0,0,0,0,0,0,0,0,0,0,0,0,0
2021-11-20,BREAD,VS-RLS,0,0,0,0,0,0,0,0,0,0,0,0,0,0
2021-11-20,BREAD,Blue Stru,1,2,3,3,0,0,0,0,0,0,0,0,0,0
2021-11-20,BREAD,Choc Carm,4,0,4,2,0,2,0,0,0,0,0,0,0,0
2021-11-20,BREAD,Pump Crb,4,0,4,1,0,3,0,0,0,0,0,0,0,0
2021-11-20,BREAD,Pump CC,8,0,8,3,1,4,0,0,0,0,0,0,0,0
2021-11-20,ROLLS,C-Rolls,0,48,48,47,0,1,0,0,0,0,0,0,0,0
2021-11-20,ROLLS,Pump C-Roll,0,24,24,23,0,1,0,0,0,0,0,0,0,0
2021-11-20,ROLLS,Mini C-Roll,0,24,24,0,24,0,0,0,0,0,0,0,0,0
2021-11-20,SCONES,Blueberry,0,11,11,11,0,0,0,0,3,3,3,0,0,0
2021-11-20,SCONES,Rasp Cream,0,0,0,0,0,0,0,0,0,0,0,0,0,0
2021-11-20,SCONES,Cherry,0,0,0,0,0,0,0,0,0,0,0,0,0,0
2021-11-20,SCONES,Butt Almond,0,11,11,11,0,0,0,0,3,3,0,0,0,0
2021-11-20,SCONES,Turtle,0,0,0,0,0,0,0,0,0,0,0,0,0,0
2021-11-20,SCONES,Cin Chip,0,0,0,0,0,0,0,0,0,0,0,0,0,0
2021-11-20,SCONES,Pump Spice,0,8,8,8,0,0,0,0,2,2,0,0,0,0
2021-11-20,SCONES,FRUIT BAR,0,0,0,0,0,0,0,0,0,0,0,0,0,0
2021-11-20,SCONES,mixed berry,0,0,0,0,0,0,0,0,0,0,0,0,0,0
2021-11-20,SCONES,cherry,0,10,10,9,1,0,0,0,0,0,0,0,0,0
2021-11-20,SCONES,apple cin,0,10,10,7,2,1,0,0,0,0,0,0,0,0
2021-11-20,SCONES,App Cran,0,0,0,0,0,0,0,0,0,0,0,0,0,0
2021-11-20,MUFFINS,Blue Streusel,0,5,5,5,0,0,0,0,2,2,0,0,0,0
2021-11-20,MUFFINS,choc carm,0,3,3,3,0,0,0,0,3,3,0,0,0,0
2021-11-20,MUFFINS,Pump Cr,0,3,3,3,0,0,0,0,0,0,0,0,0,0
2021-11-20,MUFFINS,Pump CC,0,8,8,5,0,3,0,0,0,0,0,0,0,0
2021-11-20,COOKIES/BARS,oat cc,16,0,16,12,3,1,0,0,0,0,0,0,0,0
2021-11-20,COOKIES/BARS,triple cc,23,24,47,17,28,2,0,0,0,0,0,0,0,0
2021-11-20,COOKIES/BARS,snicker,5,12,17,14,2,1,0,0,0,0,0,0,0,0
2021-11-20,COOKIES/BARS,frosted,18,0,18,13,0,5,0,0,0,0,0,0,0,0
2021-11-20,COOKIES/BARS,brownie,16,0,16,6,0,10,0,0,0,0,0,0,0,0
2021-11-20,COOKIES/BARS,Pump Bar,18,0,18,13,0,5,0,0,0,0,0,0,0,0
2021-11-20,COOKIES/BARS,Pump PIE,1,5,6,0,0,2,4,0,0,0,0,0,0,0
2021-11-20,COOKIES/BARS,Ap | Ap Cran,0,0,0,0,0,0,0,3,0,3,3,0,0,0
2021-11-20,COOKIES/BARS,Pecan | Sug,1,4,5,5,0,0,0,0,0,0,0,0,0,0
2021-11-20,COOKIES/BARS,Pump OH,5,0,5,-20,0,0,25,7,0,7,-2,0,0,9
2021-11-20,COOKIES/BARS,Bread Pudding,4,0,4,0,0,0,4,3,0,3,0,0,0,3
2021-11-20,COOKIES/BARS,Bread Pudding,0,0,0,0,0,0,0,0,0,0,0,0,0,0
2021-11-20,COOKIES/BARS,Totals,0,0,0,0,0,0,0,0,0,0,0,0,0,0
2021-11-21,BREAD,H,0,0,0,0,0,0,0,0,0,0,0,0,0,0
2021-11-21,BREAD,FR,0,0,0,0,0,0,0,0,0,0,0,0,0,0
2021-11-21,BREAD,GW,0,0,0,0,0,0,0,0,0,0,0,0,0,0
2021-11-21,BREAD,DK,0,0,0,0,0,0,0,0,0,0,0,0,0,0
2021-11-21,BREAD,H5,0,0,0,0,0,0,0,0,0,0,0,0,0,0
2021-11-21,BREAD,CSWRL,0,0,0,0,0,0,0,0,0,0,0,0,0,0
2021-11-21,BREAD,Pump Swrl,0,0,0,0,0,0,0,0,0,0,0,0,0,0
2021-11-21,BREAD,CnE,0,0,0,0,0,0,0,0,0,0,0,0,0,0
2021-11-21,BREAD,CnR,0,0,0,0,0,0,0,0,0,0,0,0,0,0
2021-11-21,BREAD,RW,0,0,0,0,0,0,0,0,0,0,0,0,0,0
2021-11-21,BREAD,CB,0,0,0,0,0,0,0,0,0,0,0,0,0,0
2021-11-21,BREAD,CrO,0,0,0,0,0,0,0,0,0,0,0,0,0,0
2021-11-21,BREAD,CG,0,0,0,0,0,0,0,0,0,0,0,0,0,0
2021-11-21,BREAD,Pest,0,0,0,0,0,0,0,0,0,0,0,0,0,0
2021-11-21,BREAD,Jal,0,0,0,0,0,0,0,0,0,0,0,0,0,0
2021-11-21,BREAD,VS,0,0,0,0,0,0,0,0,0,0,0,0,0,0
2021-11-21,BREAD,SOUR,0,0,0,0,0,0,0,0,0,0,0,0,0,0
2021-11-21,BREAD,STUF,0,0,0,0,0,0,0,0,0,0,0,0,0,0
2021-11-21,BREAD,CAR,0,0,0,0,0,0,0,0,0,0,0,0,0,0
2021-11-21,BREAD,IHF,0,0,0,0,0,0,0,0,0,0,0,0,0,0
2021-11-21,BREAD,Turkeys,0,0,0,0,0,0,0,0,0,0,0,0,0,0
2021-11-21,BREAD,BUT-Rls,0,0,0,0,0,0,0,0,0,0,0,0,0,0
2021-11-21,BREAD,CrO-RLS,0,0,0,0,0,0,0,0,0,0,0,0,0,0
2021-11-21,BREAD,H-RLS,0,0,0,0,0,0,0,0,0,0,0,0,0,0
2021-11-21,BREAD,FR-RLS,0,0,0,0,0,0,0,0,0,0,0,0,0,0
2021-11-21,BREAD,VS-RLS,0,0,0,0,0,0,0,0,0,0,0,0,0,0
2021-11-21,BREAD,Blue Stru,0,0,0,0,0,0,0,0,0,0,0,0,0,0
2021-11-21,BREAD,Choc Carm,0,0,0,0,0,0,0,0,0,0,0,0,0,0
2021-11-21,BREAD,Pump Crb,0,0,0,0,0,0,0,0,0,0,0,0,0,0
2021-11-21,BREAD,Pump CC,0,0,0,0,0,0,0,0,0,0,0,0,0,0
2021-11-21,ROLLS,C-Rolls,0,0,0,0,0,0,0,0,0,0,0,0,0,0
2021-11-21,ROLLS,Pump C-Roll,0,0,0,0,0,0,0,0,0,0,0,0,0,0
2021-11-21,ROLLS,Mini C-Roll,0,0,0,0,0,0,0,0,0,0,0,0,0,0
2021-11-21,SCONES,Blueberry,0,0,0,0,0,0,0,0,0,0,0,0,0,0
2021-11-21,SCONES,Rasp Cream,0,0,0,0,0,0,0,0,0,0,0,0,0,0
2021-11-21,SCONES,Cherry,0,0,0,0,0,0,0,0,0,0,0,0,0,0
2021-11-21,SCONES,Butt Almond,0,0,0,0,0,0,0,0,0,0,0,0,0,0
2021-11-21,SCONES,Turtle,0,0,0,0,0,0,0,0,0,0,0,0,0,0
2021-11-21,SCONES,Cin Chip,0,0,0,0,0,0,0,0,0,0,0,0,0,0
2021-11-21,SCONES,Pump Spice,0,0,0,0,0,0,0,0,0,0,0,0,0,0
2021-11-21,SCONES,FRUIT BAR,0,0,0,0,0,0,0,0,0,0,0,0,0,0
2021-11-21,SCONES,mixed berry,0,0,0,0,0,0,0,0,0,0,0,0,0,0
2021-11-21,SCONES,cherry,0,0,0,0,0,0,0,0,0,0,0,0,0,0
2021-11-21,SCONES,apple cin,0,0,0,0,0,0,0,0,0,0,0,0,0,0
2021-11-21,SCONES,App Cran,0,0,0,0,0,0,0,0,0,0,0,0,0,0
2021-11-21,MUFFINS,Blue Streusel,0,0,0,0,0,0,0,0,0,0,0,0,0,0
2021-11-21,MUFFINS,choc carm,0,0,0,0,0,0,0,0,0,0,0,0,0,0
2021-11-21,MUFFINS,Pump Cr,0,0,0,0,0,0,0,0,0,0,0,0,0,0
2021-11-21,MUFFINS,Pump CC,0,0,0,0,0,0,0,0,0,0,0,0,0,0
2021-11-21,COOKIES/BARS,oat cc,0,0,0,0,0,0,0,0,0,0,0,0,0,0
2021-11-21,COOKIES/BARS,triple cc,0,0,0,0,0,0,0,0,0,0,0,0,0,0
2021-11-21,COOKIES/BARS,snicker,0,0,0,0,0,0,0,0,0,0,0,0,0,0
2021-11-21,COOKIES/BARS,frosted,0,0,0,0,0,0,0,0,0,0,0,0,0,0
2021-11-21,COOKIES/BARS,brownie,0,0,0,0,0,0,0,0,0,0,0,0,0,0
2021-11-21,COOKIES/BARS,Pump Bar,0,0,0,0,0,0,0,0,0,0,0,0,0,0
2021-11-21,COOKIES/BARS,Pump PIE,4,0,4,0,0,0,4,0,0,0,0,0,0,0
2021-11-21,COOKIES/BARS,Ap | Ap Cran,0,0,0,0,0,0,0,0,0,0,0,0,0,0
2021-11-21,COOKIES/BARS,Pecan | Sug,0,0,0,0,0,0,0,0,0,0,0,0,0,0
2021-11-21,COOKIES/BARS,Pump OH,25,0,25,0,0,0,25,9,0,9,0,0,0,9
2021-11-21,COOKIES/BARS,Bread Pudding,4,0,4,0,0,0,4,3,0,3,0,0,0,3
2021-11-21,COOKIES/BARS,Totals,33,0,33,0,0,0,33,12,0,12,0,0,0,12
2021-11-22,BREAD,H,0,25,25,1,2,0,22,0,0,0,0,0,0,0
2021-11-22,BREAD,FR,0,76,76,39,35,0,2,0,0,0,0,0,0,0
2021-11-22,BREAD,GW,0,8,8,5,1,0,2,0,0,0,0,0,0,0
2021-11-22,BREAD,DK,0,58,58,12,2,0,44,0,0,0,0,0,0,0
2021-11-22,BREAD,H5,0,0,0,0,0,0,0,0,0,0,0,0,0,0
2021-11-22,BREAD,CSWRL,0,24,24,18,1,0,5,0,5,5,2,0,0,3
2021-11-22,BREAD,Pump Swrl,0,20,20,12,1,0,7,0,4,4,1,0,0,0
2021-11-22,BREAD,CnE,0,32,32,15,3,0,14,0,4,4,0,0,0,3
2021-11-22,BREAD,CnR,0,0,0,0,0,0,0,0,0,0,0,0,0,0
2021-11-22,BREAD,RW,0,0,0,0,0,0,0,0,0,0,0,0,0,0
2021-11-22,BREAD,CB,0,13,13,8,1,0,4,0,5,5,5,0,0,0
2021-11-22,BREAD,CrO,0,0,0,0,0,0,0,0,0,0,0,0,0,0
2021-11-22,BREAD,CG,0,19,19,8,0,0,11,0,8,8,1,0,0,7
2021-11-22,BREAD,Pest,0,3,3,3,0,0,0,0,0,0,0,0,0,0
2021-11-22,BREAD,Jal,0,0,0,0,0,0,0,0,0,0,0,0,0,0
2021-11-22,BREAD,VS,0,0,0,0,0,0,0,0,0,0,0,0,0,0
2021-11-22,BREAD,SOUR,0,41,41,10,30,0,1,0,0,0,0,0,0,0
2021-11-22,BREAD,STUF,0,0,0,-2,2,0,0,0,0,0,0,0,0,0
2021-11-22,BREAD,CAR,0,0,0,0,0,0,0,0,0,0,0,0,0,0
2021-11-22,BREAD,IHF,0,0,0,0,0,0,0,0,0,0,0,0,0,0
2021-11-22,BREAD,CinPAP,0,4,4,0,0,0,4,0,0,0,0,0,0,0
2021-11-22,BREAD,Turkeys,0,21,21,9,4,0,8,0,0,0,0,0,0,0
2021-11-22,BREAD,BUT-Rls,0,71,71,45,12,0,14,0,0,0,0,0,0,0
2021-11-22,BREAD,CrO-RLS,0,0,0,0,0,0,0,0,0,0,0,0,0,0
2021-11-22,BREAD,H-RLS,0,24,24,15,9,0,0,0,0,0,0,0,0,0
2021-11-22,BREAD,FR-RLS,0,0,0,0,0,0,0,0,0,0,0,0,0,0
2021-11-22,BREAD,VS-RLS,0,0,0,0,0,0,0,0,0,0,0,0,0,0
2021-11-22,BREAD,Blue Stru,0,5,5,3,1,0,1,0,0,0,0,0,0,0
2021-11-22,BREAD,Choc Carm,0,6,6,5,0,0,1,0,0,0,0,0,0,0
2021-11-22,BREAD,Pump Crb,0,6,6,4,0,0,2,0,0,0,0,0,0,0
2021-11-22,BREAD,Pump CC,0,10,10,7,0,0,3,0,0,0,0,0,0,0
2021-11-22,ROLLS,C-Rolls,0,48,48,46,0,2,0,0,0,0,0,0,0,0
2021-11-22,ROLLS,Pump C-Roll,0,24,24,5,0,19,0,0,0,0,0,0,0,0
2021-11-22,ROLLS,Mini C-Roll,0,0,0,0,0,0,0,0,0,0,0,0,0,0
2021-11-22,SCONES,Blueberry,0,0,0,0,0,0,0,0,0,0,0,0,0,0
2021-11-22,SCONES,Rasp Cream,0,18,18,15,0,3,0,0,0,0,0,0,0,0
2021-11-22,SCONES,Cherry,0,0,0,0,0,0,0,0,0,0,0,0,0,0
2021-11-22,SCONES,Butt Almond,0,0,0,0,0,0,0,0,0,0,0,0,0,0
2021-11-22,SCONES,Turtle,0,0,0,0,0,0,0,0,0,0,0,0,0,0
2021-11-22,SCONES,Cin Chip,0,17,17,17,0,0,0,0,0,0,0,0,0,0
2021-11-22,SCONES,Pump Spice,0,14,14,5,0,9,0,0,0,0,0,0,0,0
2021-11-22,SCONES,FRUIT BAR,0,0,0,0,0,0,0,0,0,0,0,0,0,0
2021-11-22,SCONES,mixed berry,0,10,10,9,0,1,0,0,0,0,0,0,0,0
2021-11-22,SCONES,cherry,0,10,10,9,0,1,0,0,0,0,0,0,0,0
2021-11-22,SCONES,apple cin,0,0,0,0,0,0,0,0,0,0,0,0,0,0
2021-11-22,SCONES,App Cran,0,0,0,0,0,0,0,0,0,0,0,0,0,0
2021-11-22,MUFFINS,Blue Streusel,0,4,4,3,0,1,0,0,0,0,0,0,0,0
2021-11-22,MUFFINS,choc carm,0,4,4,4,0,0,0,0,0,0,0,0,0,0
2021-11-22,MUFFINS,Pump Cr,0,4,4,2,0,2,0,0,0,0,0,0,0,0
2021-11-22,MUFFINS,Pump CC,0,6,6,3,0,3,0,0,0,0,0,0,0,0
2021-11-22,COOKIES/BARS,oat cc,0,30,30,29,0,0,1,0,0,0,0,0,0,0
2021-11-22,COOKIES/BARS,triple cc,0,30,30,14,0,0,16,0,0,0,0,0,0,0
2021-11-22,COOKIES/BARS,snicker,0,30,30,26,0,0,4,0,0,0,0,0,0,0
2021-11-22,COOKIES/BARS,frosted,0,24,24,5,0,0,19,0,0,0,0,0,0,0
2021-11-22,COOKIES/BARS,brownie,0,40,40,2,0,0,38,0,0,0,0,0,0,0
2021-11-22,COOKIES/BARS,Pump Bar,0,60,60,32,0,0,28,0,0,0,0,0,0,0
2021-11-22,COOKIES/BARS,Pump PIE,4,65,69,-40,61,0,48,0,0,0,0,0,0,0
2021-11-22,COOKIES/BARS,Ap | Ap Cran,0,110,110,-2,112,0,0,0,7,7,5,0,0,2
2021-11-22,COOKIES/BARS,Pecan | Sug,0,10,10,-10,0,0,20,0,28,28,2,0,0,26
2021-11-22,COOKIES/BARS,Pump OH,25,0,25,11,0,0,14,9,0,9,3,0,0,6
2021-11-22,COOKIES/BARS,Bread Pudding,4,0,4,0,0,0,4,3,0,3,0,0,0,3
2021-11-22,COOKIES/BARS,Totals,33,558,591,178,173,48,192,12,35,47,10,0,0,37
2021-11-23,BREAD,H,22,10,32,32,0,0,0,0,0,0,0,0,0,0
2021-11-23,BREAD,FR,2,61,63,24,20,0,19,0,0,0,0,0,0,0
2021-11-23,BREAD,GW,2,1,3,3,0,0,0,0,0,0,0,0,0,0
2021-11-23,BREAD,DK,44,0,44,22,0,0,22,0,0,0,0,0,0,0
2021-11-23,BREAD,H5,0,0,0,0,0,0,0,0,0,0,0,0,0,0
2021-11-23,BREAD,CSWRL,5,40,45,20,9,0,16,3,4,7,6,0,0,0
2021-11-23,BREAD,Pump Swrl,7,16,23,11,1,0,11,0,4,4,2,0,0,2
2021-11-23,BREAD,CnE,14,35,49,30,0,0,19,3,13,16,14,0,0,2
2021-11-23,BREAD,CnR,0,0,0,0,0,0,0,0,0,0,0,0,0,0
2021-11-23,BREAD,RW,0,0,0,0,0,0,0,0,0,0,0,0,0,0
2021-11-23,BREAD,CB,4,28,32,21,0,0,11,0,16,16,9,0,0,7
2021-11-23,BREAD,CrO,0,43,43,30,0,0,13,0,0,0,0,0,0,0
2021-11-23,BREAD,CG,11,0,11,8,0,0,3,7,0,7,7,0,0,0
2021-11-23,BREAD,Pest,0,0,0,0,0,0,0,0,0,0,0,0,0,0
2021-11-23,BREAD,Jal,0,0,0,0,0,0,0,0,0,0,0,0,0,0
2021-11-23,BREAD,VS,0,21,21,21,0,0,0,0,8,8,6,0,0,2
2021-11-23,BREAD,SOUR,1,23,24,8,0,0,16,0,0,0,0,0,0,0
2021-11-23,BREAD,STUF,0,46,46,35,0,0,11,0,6,6,2,0,0,4
2021-11-23,BREAD,CAR,0,0,0,0,0,0,0,0,0,0,0,0,0,0
2021-11-23,BREAD,IHF,0,0,0,-10,0,0,10,0,0,0,0,0,0,0
2021-11-23,BREAD,CinPAP,4,6,10,6,0,0,4,0,0,0,0,0,0,0
2021-11-23,BREAD,Turkeys,8,30,38,30,0,0,8,0,0,0,0,0,0,0
2021-11-23,BREAD,BUT-Rls,14,186,200,155,0,0,45,0,0,0,0,0,0,0
2021-11-23,BREAD,CrO-RLS,0,48,48,14,0,0,34,0,0,0,0,0,0,0
2021-11-23,BREAD,H-RLS,0,54,54,37,0,0,17,0,0,0,0,0,0,0
2021-11-23,BREAD,FR-RLS,0,0,0,0,0,0,0,0,0,0,0,0,0,0
2021-11-23,BREAD,VS-RLS,0,72,72,66,0,0,6,0,0,0,0,0,0,0
2021-11-23,BREAD,Blue Stru,1,4,5,4,0,0,1,0,0,0,0,0,0,0
2021-11-23,BREAD,Choc Carm,1,4,5,2,0,0,3,0,0,0,0,0,0,0
2021-11-23,BREAD,Pump Crb,2,10,12,6,6,0,0,0,0,0,0,0,0,0
2021-11-23,BREAD,Pump CC,3,14,17,7,7,0,3,0,0,0,0,0,0,0
2021-11-23,ROLLS,C-Rolls,0,72,72,60,12,0,0,0,0,0,0,0,0,0
2021-11-23,ROLLS,Pump C-Roll,0,24,24,20,4,0,0,0,0,0,0,0,0,0
2021-11-23,ROLLS,Mini C-Roll,0,96,96,0,96,0,0,0,0,0,0,0,0,0
2021-11-23,SCONES,Blueberry,0,22,22,16,0,6,0,0,22,22,0,0,0,0
2021-11-23,SCONES,Rasp Cream,0,0,0,0,0,0,0,0,0,0,0,0,0,0
2021-11-23,SCONES,Cherry,0,0,0,0,0,0,0,0,0,0,0,0,0,0
2021-11-23,SCONES,Butt Almond,0,0,0,0,0,0,0,0,0,0,0,0,0,0
2021-11-23,SCONES,Turtle,0,0,0,0,0,0,0,0,0,0,0,0,0,0
2021-11-23,SCONES,Cin Chip,0,22,22,16,0,6,0,0,22,22,0,0,0,0
2021-11-23,SCONES,Pump Spice,0,14,14,14,0,0,0,0,20,20,0,0,0,0
2021-11-23,SCONES,FRUIT BAR,0,0,0,0,0,0,0,0,0,0,0,0,0,0
2021-11-23,SCONES,mixed berry,0,20,20,9,9,2,0,0,0,0,0,0,0,0
2021-11-23,SCONES,cherry,0,20,20,8,9,3,0,0,0,0,0,0,0,0
2021-11-23,SCONES,apple cin,0,10,10,6,4,0,0,0,0,0,0,0,0,0
2021-11-23,SCONES,App Cran,0,10,10,5,4,1,0,0,0,0,0,0,0,0
2021-11-23,MUFFINS,Blue Streusel,0,8,8,4,0,4,0,0,32,32,0,0,0,0
2021-11-23,MUFFINS,choc carm,0,4,4,4,0,0,0,0,32,32,0,0,0,0
2021-11-23,MUFFINS,Pump Cr,0,6,6,6,0,0,0,0,0,0,0,0,0,0
2021-11-23,MUFFINS,Pump CC,0,12,12,4,0,8,0,0,0,0,0,0,0,0
2021-11-23,COOKIES/BARS,oat cc,1,36,37,27,6,0,4,0,0,0,0,0,0,0
2021-11-23,COOKIES/BARS,triple cc,16,24,40,34,6,0,0,0,0,0,0,0,0,0
2021-11-23,COOKIES/BARS,snicker,4,30,34,28,0,0,6,0,0,0,0,0,0,0
2021-11-23,COOKIES/BARS,frosted,19,6,25,13,0,0,12,0,0,0,0,0,0,0
2021-11-23,COOKIES/BARS,brownie,38,0,38,1,4,5,28,0,0,0,0,0,0,0
2021-11-23,COOKIES/BARS,Pump Bar,28,20,48,16,4,0,28,0,0,0,0,0,0,0
2021-11-23,COOKIES/BARS,Pump PIE,48,71,119,71,0,0,48,0,0,0,0,0,0,0
2021-11-23,COOKIES/BARS,Ap | Ap Cran,0,40,40,29,0,0,11,2,23,25,23,0,0,2
2021-11-23,COOKIES/BARS,Pecan | Sug,20,42,62,55,0,0,7,26,0,26,26,0,0,0
2021-11-23,COOKIES/BARS,Pump OH,14,0,14,-6,0,0,20,6,0,6,0,0,0,6
2021-11-23,COOKIES/BARS,Bread Pudding,4,0,4,1,0,0,3,3,0,3,2,0,0,1
2021-11-23,COOKIES/BARS,Totals,192,609,801,441,158,35,167,37,151,188,51,0,0,9
2021-11-24,BREAD,H,0,59,59,15,4,40,0,0,0,0,0,0,0,0
2021-11-24,BREAD,FR,19,26,45,34,0,11,0,0,0,0,0,0,0,0
2021-11-24,BREAD,GW,0,2,2,2,0,0,0,0,0,0,0,0,0,0
2021-11-24,BREAD,DK,22,0,22,17,0,5,0,0,0,0,0,0,0,0
2021-11-24,BREAD,H5,0,0,0,0,0,0,0,0,0,0,0,0,0,0
2021-11-24,BREAD,CSWRL,16,44,60,39,7,14,0,0,6,6,4,0,0,0
2021-11-24,BREAD,Pump Swrl,11,20,31,18,6,7,0,2,2,4,3,0,0,0
2021-11-24,BREAD,CnE,19,0,19,18,0,1,0,2,0,2,2,0,0,0
2021-11-24,BREAD,CnR,0,0,0,0,0,0,0,0,0,0,0,0,0,0
2021-11-24,BREAD,RW,0,0,0,0,0,0,0,0,0,0,0,0,0,0
2021-11-24,BREAD,CB,11,0,11,11,0,0,0,7,0,7,7,0,0,0
2021-11-24,BREAD,CrO,13,3,16,16,0,0,0,0,0,0,0,0,0,0
2021-11-24,BREAD,JCB,0,13,13,-1,14,0,0,0,0,0,0,0,0,0
2021-11-24,BREAD,CG,3,0,3,3,0,0,0,0,0,0,0,0,0,0
2021-11-24,BREAD,Pest,0,0,0,0,0,0,0,0,0,0,0,0,0,0
2021-11-24,BREAD,Jal,0,0,0,0,0,0,0,0,0,0,0,0,0,0
2021-11-24,BREAD,VS,0,21,21,12,0,9,0,2,5,7,7,0,0,0
2021-11-24,BREAD,SOUR,16,0,16,16,0,0,0,0,0,0,0,0,0,0
2021-11-24,BREAD,STUF,11,0,11,4,0,7,0,4,0,4,1,0,0,0
2021-11-24,BREAD,CAR,0,0,0,0,0,0,0,0,0,0,0,0,0,0
2021-11-24,BREAD,IHF,10,0,10,10,0,0,0,0,0,0,0,0,0,0
2021-11-24,BREAD,CinPAP,4,0,4,4,0,0,0,0,0,0,0,0,0,0
2021-11-24,BREAD,Turkeys,8,39,47,47,0,0,0,0,0,0,0,0,0,0
2021-11-24,BREAD,BUT-Rls,45,81,126,112,0,14,0,0,0,0,0,0,0,0
2021-11-24,BREAD,CrO-RLS,34,10,44,20,24,0,0,0,0,0,0,0,0,0
2021-11-24,BREAD,H-RLS,17,36,53,42,0,11,0,0,0,0,0,0,0,0
2021-11-24,BREAD,FR-RLS,0,0,0,0,0,0,0,0,0,0,0,0,0,0
2021-11-24,BREAD,VS-RLS,6,36,42,40,0,2,0,0,0,0,0,0,0,0
2021-11-24,BREAD,Blue Stru,1,4,5,4,1,0,0,0,0,0,0,0,0,0
2021-11-24,BREAD,Choc Carm,3,1,4,2,0,2,0,0,0,0,0,0,0,0
2021-11-24,BREAD,Pump Crb,0,9,9,8,1,0,0,0,0,0,0,0,0,0
2021-11-24,BREAD,Pump CC,3,15,18,9,6,3,0,0,0,0,0,0,0,0
2021-11-24,ROLLS,C-Rolls,0,216,216,139,52,25,0,0,0,0,0,0,0,0
2021-11-24,ROLLS,Pump C-Roll,0,60,60,42,4,14,0,0,0,0,0,0,0,0
2021-11-24,ROLLS,Mini C-Roll,0,24,24,0,24,0,0,0,0,0,0,0,0,0
2021-11-24,SCONES,Blueberry,0,0,0,0,0,0,0,0,0,0,0,0,0,0
2021-11-24,SCONES,Rasp Cream,0,31,31,24,3,4,0,0,0,0,0,0,0,0
2021-11-24,SCONES,Cherry,0,0,0,0,0,0,0,0,0,0,0,0,0,0
2021-11-24,SCONES,Butt Almond,0,0,0,-17,0,17,0,0,0,0,0,0,0,0
2021-11-24,SCONES,Turtle,0,27,27,27,0,0,0,0,0,0,0,0,0,0
2021-11-24,SCONES,Cin Chip,0,0,0,0,0,0,0,0,0,0,0,0,0,0
2021-11-24,SCONES,Pump Spice,0,24,24,9,9,6,0,0,0,0,0,0,0,0
2021-11-24,SCONES,FRUIT BAR,0,0,0,0,0,0,0,0,0,0,0,0,0,0
2021-11-24,SCONES,mixed berry,0,20,20,12,8,0,0,0,0,0,0,0,0,0
2021-11-24,SCONES,cherry,0,20,20,17,0,3,0,0,0,0,0,0,0,0
2021-11-24,SCONES,apple cin,0,0,0,0,0,0,0,0,0,0,0,0,0,0
2021-11-24,SCONES,App Cran,0,0,0,-1,1,0,0,0,0,0,0,0,0,0
2021-11-24,MUFFINS,Blue Streusel,0,5,5,5,0,0,0,0,0,0,0,0,0,0
2021-11-24,MUFFINS,choc carm,0,5,5,5,0,0,0,0,0,0,0,0,0,0
2021-11-24,MUFFINS,Pump Cr,0,10,10,4,2,4,0,0,0,0,0,0,0,0
2021-11-24,MUFFINS,Pump CC,0,16,16,14,2,0,0,0,0,0,0,0,0,0
2021-11-24,COOKIES/BARS,oat cc,4,48,52,22,30,0,0,0,0,0,0,0,0,0
2021-11-24,COOKIES/BARS,triple cc,0,42,42,25,17,0,0,0,0,0,0,0,0,0
2021-11-24,COOKIES/BARS,snicker,6,36,42,25,17,0,0,0,0,0,0,0,0,0
2021-11-24,COOKIES/BARS,frosted,12,0,12,6,0,6,0,0,0,0,0,0,0,0
2021-11-24,COOKIES/BARS,brownie,28,0,28,12,0,0,16,0,0,0,0,0,0,0
2021-11-24,COOKIES/BARS,Pump Bar,28,0,28,23,2,3,0,0,0,0,0,0,0,0
2021-11-24,COOKIES/BARS,Pump PIE,48,0,48,40,0,8,0,0,0,0,0,0,0,0
2021-11-24,COOKIES/BARS,Ap | Ap Cran,11,0,11,11,0,0,0,2,7,9,8,0,0,0
2021-11-24,COOKIES/BARS,Pecan | Sug,7,6,13,12,0,1,0,0,0,0,-2,0,0,0
2021-11-24,COOKIES/BARS,Pump OH,20,0,20,19,0,0,1,6,0,6,6,0,0,0
2021-11-24,COOKIES/BARS,Bread Pudding,3,0,3,3,0,0,0,1,0,1,1,0,0,0
2021-11-24,COOKIES/BARS,Totals,167,590,757,478,171,91,17,9,7,16,13,0,0,0
2021-11-25,BREAD,H,0,0,0,0,0,0,0,0,0,0,0,0,0,0
2021-11-25,BREAD,FR,0,0,0,0,0,0,0,0,0,0,0,0,0,0
2021-11-25,BREAD,GW,0,0,0,0,0,0,0,0,0,0,0,0,0,0
2021-11-25,BREAD,DK,0,0,0,0,0,0,0,0,0,0,0,0,0,0
2021-11-25,BREAD,H5,0,0,0,0,0,0,0,0,0,0,0,0,0,0
2021-11-25,BREAD,CSWRL,0,0,0,0,0,0,0,0,0,0,0,0,0,0
2021-11-25,BREAD,Pump Swrl,0,0,0,0,0,0,0,0,0,0,0,0,0,0
2021-11-25,BREAD,CnE,0,0,0,0,0,0,0,0,0,0,0,0,0,0
2021-11-25,BREAD,CnR,0,0,0,0,0,0,0,0,0,0,0,0,0,0
2021-11-25,BREAD,RW,0,0,0,0,0,0,0,0,0,0,0,0,0,0
2021-11-25,BREAD,CB,0,0,0,0,0,0,0,0,0,0,0,0,0,0
2021-11-25,BREAD,CrO,0,0,0,0,0,0,0,0,0,0,0,0,0,0
2021-11-25,BREAD,CG,0,0,0,0,0,0,0,0,0,0,0,0,0,0
2021-11-25,BREAD,Pest,0,0,0,0,0,0,0,0,0,0,0,0,0,0
2021-11-25,BREAD,Jal,0,0,0,0,0,0,0,0,0,0,0,0,0,0
2021-11-25,BREAD,VS,0,0,0,0,0,0,0,0,0,0,0,0,0,0
2021-11-25,BREAD,SOUR,0,0,0,0,0,0,0,0,0,0,0,0,0,0
2021-11-25,BREAD,STUF,0,0,0,0,0,0,0,0,0,0,0,0,0,0
2021-11-25,BREAD,CAR,0,0,0,0,0,0,0,0,0,0,0,0,0,0
2021-11-25,BREAD,IHF,0,0,0,0,0,0,0,0,0,0,0,0,0,0
2021-11-25,BREAD,Turkeys,0,0,0,0,0,0,0,0,0,0,0,0,0,0
2021-11-25,BREAD,BUT-Rls,0,0,0,0,0,0,0,0,0,0,0,0,0,0
2021-11-25,BREAD,CrO-RLS,0,0,0,0,0,0,0,0,0,0,0,0,0,0
2021-11-25,BREAD,H-RLS,0,0,0,0,0,0,0,0,0,0,0,0,0,0
2021-11-25,BREAD,FR-RLS,0,0,0,0,0,0,0,0,0,0,0,0,0,0
2021-11-25,BREAD,VS-RLS,0,0,0,0,0,0,0,0,0,0,0,0,0,0
2021-11-25,BREAD,Blue Stru,0,0,0,0,0,0,0,0,0,0,0,0,0,0
2021-11-25,BREAD,Choc Carm,0,0,0,0,0,0,0,0,0,0,0,0,0,0
2021-11-25,BREAD,Pump Crb,0,0,0,0,0,0,0,0,0,0,0,0,0,0
2021-11-25,BREAD,Pump CC,0,0,0,0,0,0,0,0,0,0,0,0,0,0
2021-11-25,ROLLS,C-Rolls,0,0,0,0,0,0,0,0,0,0,0,0,0,0
2021-11-25,ROLLS,Pump C-Roll,0,0,0,0,0,0,0,0,0,0,0,0,0,0
2021-11-25,ROLLS,Mini C-Roll,0,0,0,0,0,0,0,0,0,0,0,0,0,0
2021-11-25,SCONES,Blueberry,0,0,0,0,0,0,0,0,0,0,0,0,0,0
2021-11-25,SCONES,Rasp Cream,0,0,0,0,0,0,0,0,0,0,0,0,0,0
2021-11-25,SCONES,Cherry,0,0,0,0,0,0,0,0,0,0,0,0,0,0
2021-11-25,SCONES,Butt Almond,0,0,0,0,0,0,0,0,0,0,0,0,0,0
2021-11-25,SCONES,Turtle,0,0,0,0,0,0,0,0,0,0,0,0,0,0
2021-11-25,SCONES,Cin Chip,0,0,0,0,0,0,0,0,0,0,0,0,0,0
2021-11-25,SCONES,Pump Spice,0,0,0,0,0,0,0,0,0,0,0,0,0,0
2021-11-25,SCONES,FRUIT BAR,0,0,0,0,0,0,0,0,0,0,0,0,0,0
2021-11-25,SCONES,mixed berry,0,0,0,0,0,0,0,0,0,0,0,0,0,0
2021-11-25,SCONES,cherry,0,0,0,0,0,0,0,0,0,0,0,0,0,0
2021-11-25,SCONES,apple cin,0,0,0,0,0,0,0,0,0,0,0,0,0,0
2021-11-25,SCONES,App Cran,0,0,0,0,0,0,0,0,0,0,0,0,0,0
2021-11-25,MUFFINS,Blue Streusel,0,0,0,0,0,0,0,0,0,0,0,0,0,0
2021-11-25,MUFFINS,choc carm,0,0,0,0,0,0,0,0,0,0,0,0,0,0
2021-11-25,MUFFINS,Pump Cr,0,0,0,0,0,0,0,0,0,0,0,0,0,0
2021-11-25,MUFFINS,Pump CC,0,0,0,0,0,0,0,0,0,0,0,0,0,0
2021-11-25,COOKIES/BARS,oat cc,0,0,0,0,0,0,0,0,0,0,0,0,0,0
2021-11-25,COOKIES/BARS,triple cc,0,0,0,0,0,0,0,0,0,0,0,0,0,0
2021-11-25,COOKIES/BARS,snicker,0,0,0,0,0,0,0,0,0,0,0,0,0,0
2021-11-25,COOKIES/BARS,frosted,0,0,0,0,0,0,0,0,0,0,0,0,0,0
2021-11-25,COOKIES/BARS,brownie,16,0,16,0,0,0,16,0,0,0,0,0,0,0
2021-11-25,COOKIES/BARS,Pump Bar,0,0,0,0,0,0,0,0,0,0,0,0,0,0
2021-11-25,COOKIES/BARS,Pump PIE,0,0,0,0,0,0,0,0,0,0,0,0,0,0
2021-11-25,COOKIES/BARS,Ap | Ap Cran,0,0,0,0,0,0,0,0,0,0,0,0,0,0
2021-11-25,COOKIES/BARS,Pecan | Sug,0,0,0,0,0,0,0,0,0,0,0,0,0,0
2021-11-25,COOKIES/BARS,Pump OH,1,0,1,0,0,0,1,0,0,0,0,0,0,0
2021-11-25,COOKIES/BARS,Bread Pudding,0,0,0,0,0,0,0,0,0,0,0,0,0,0
2021-11-25,COOKIES/BARS,Totals,17,0,17,0,0,0,17,0,0,0,0,0,0,0
2021-11-26,BREAD,H,0,0,0,0,0,0,0,0,0,0,0,0,0,0
2021-11-26,BREAD,FR,0,0,0,0,0,0,0,0,0,0,0,0,0,0
2021-11-26,BREAD,GW,0,0,0,0,0,0,0,0,0,0,0,0,0,0
2021-11-26,BREAD,DK,0,0,0,0,0,0,0,0,0,0,0,0,0,0
2021-11-26,BREAD,H5,0,0,0,0,0,0,0,0,0,0,0,0,0,0
2021-11-26,BREAD,CSWRL,0,0,0,0,0,0,0,0,0,0,0,0,0,0
2021-11-26,BREAD,Pump Swrl,0,0,0,0,0,0,0,0,0,0,0,0,0,0
2021-11-26,BREAD,CnE,0,0,0,0,0,0,0,0,0,0,0,0,0,0
2021-11-26,BREAD,CnR,0,0,0,0,0,0,0,0,0,0,0,0,0,0
2021-11-26,BREAD,RW,0,0,0,0,0,0,0,0,0,0,0,0,0,0
2021-11-26,BREAD,CB,0,0,0,0,0,0,0,0,0,0,0,0,0,0
2021-11-26,BREAD,CrO,0,0,0,0,0,0,0,0,0,0,0,0,0,0
2021-11-26,BREAD,CG,0,0,0,0,0,0,0,0,0,0,0,0,0,0
2021-11-26,BREAD,Pest,0,0,0,0,0,0,0,0,0,0,0,0,0,0
2021-11-26,BREAD,Jal,0,0,0,0,0,0,0,0,0,0,0,0,0,0
2021-11-26,BREAD,VS,0,0,0,0,0,0,0,0,0,0,0,0,0,0
2021-11-26,BREAD,SOUR,0,0,0,0,0,0,0,0,0,0,0,0,0,0
2021-11-26,BREAD,STUF,0,0,0,0,0,0,0,0,0,0,0,0,0,0
2021-11-26,BREAD,CAR,0,0,0,0,0,0,0,0,0,0,0,0,0,0
2021-11-26,BREAD,IHF,0,0,0,0,0,0,0,0,0,0,0,0,0,0
2021-11-26,BREAD,Turkeys,0,0,0,0,0,0,0,0,0,0,0,0,0,0
2021-11-26,BREAD,BUT-Rls,0,0,0,0,0,0,0,0,0,0,0,0,0,0
2021-11-26,BREAD,CrO-RLS,0,0,0,0,0,0,0,0,0,0,0,0,0,0
2021-11-26,BREAD,H-RLS,0,0,0,0,0,0,0,0,0,0,0,0,0,0
2021-11-26,BREAD,FR-RLS,0,0,0,0,0,0,0,0,0,0,0,0,0,0
2021-11-26,BREAD,VS-RLS,0,0,0,0,0,0,0,0,0,0,0,0,0,0
2021-11-26,BREAD,Blue Stru,0,0,0,0,0,0,0,0,0,0,0,0,0,0
2021-11-26,BREAD,Choc Carm,0,0,0,0,0,0,0,0,0,0,0,0,0,0
2021-11-26,BREAD,Pump Crb,0,0,0,0,0,0,0,0,0,0,0,0,0,0
2021-11-26,BREAD,Pump CC,0,0,0,0,0,0,0,0,0,0,0,0,0,0
2021-11-26,ROLLS,C-Rolls,0,0,0,0,0,0,0,0,0,0,0,0,0,0
2021-11-26,ROLLS,Pump C-Roll,0,0,0,0,0,0,0,0,0,0,0,0,0,0
2021-11-26,ROLLS,Mini C-Roll,0,0,0,0,0,0,0,0,0,0,0,0,0,0
2021-11-26,SCONES,Blueberry,0,0,0,0,0,0,0,0,0,0,0,0,0,0
2021-11-26,SCONES,Rasp Cream,0,0,0,0,0,0,0,0,0,0,0,0,0,0
2021-11-26,SCONES,Cherry,0,0,0,0,0,0,0,0,0,0,0,0,0,0
2021-11-26,SCONES,Butt Almond,0,0,0,0,0,0,0,0,0,0,0,0,0,0
2021-11-26,SCONES,Turtle,0,0,0,0,0,0,0,0,0,0,0,0,0,0
2021-11-26,SCONES,Cin Chip,0,0,0,0,0,0,0,0,0,0,0,0,0,0
2021-11-26,SCONES,Pump Spice,0,0,0,0,0,0,0,0,0,0,0,0,0,0
2021-11-26,SCONES,FRUIT BAR,0,0,0,0,0,0,0,0,0,0,0,0,0,0
2021-11-26,SCONES,mixed berry,0,0,0,0,0,0,0,0,0,0,0,0,0,0
2021-11-26,SCONES,cherry,0,0,0,0,0,0,0,0,0,0,0,0,0,0
2021-11-26,SCONES,apple cin,0,0,0,0,0,0,0,0,0,0,0,0,0,0
2021-11-26,SCONES,App Cran,0,0,0,0,0,0,0,0,0,0,0,0,0,0
2021-11-26,MUFFINS,Blue Streusel,0,0,0,0,0,0,0,0,0,0,0,0,0,0
2021-11-26,MUFFINS,choc carm,0,0,0,0,0,0,0,0,0,0,0,0,0,0
2021-11-26,MUFFINS,Pump Cr,0,0,0,0,0,0,0,0,0,0,0,0,0,0
2021-11-26,MUFFINS,Pump CC,0,0,0,0,0,0,0,0,0,0,0,0,0,0
2021-11-26,COOKIES/BARS,oat cc,0,0,0,0,0,0,0,0,0,0,0,0,0,0
2021-11-26,COOKIES/BARS,triple cc,0,0,0,0,0,0,0,0,0,0,0,0,0,0
2021-11-26,COOKIES/BARS,snicker,0,0,0,0,0,0,0,0,0,0,0,0,0,0
2021-11-26,COOKIES/BARS,frosted,0,0,0,0,0,0,0,0,0,0,0,0,0,0
2021-11-26,COOKIES/BARS,brownie,16,0,16,0,0,0,16,0,0,0,0,0,0,0
2021-11-26,COOKIES/BARS,Pump Bar,0,0,0,0,0,0,0,0,0,0,0,0,0,0
2021-11-26,COOKIES/BARS,Pump PIE,0,0,0,0,0,0,0,0,0,0,0,0,0,0
2021-11-26,COOKIES/BARS,Ap | Ap Cran,0,0,0,0,0,0,0,0,0,0,0,0,0,0
2021-11-26,COOKIES/BARS,Pecan | Sug,0,0,0,0,0,0,0,0,0,0,0,0,0,0
2021-11-26,COOKIES/BARS,Pump OH,1,0,1,0,0,0,1,0,0,0,0,0,0,0
2021-11-26,COOKIES/BARS,Bread Pudding,0,0,0,0,0,0,0,0,0,0,0,0,0,0
2021-11-26,COOKIES/BARS,Totals,17,0,17,0,0,0,17,0,0,0,0,0,0,0
2021-11-27,BREAD,H,0,0,0,0,0,0,0,0,0,0,0,0,0,0
2021-11-27,BREAD,FR,0,0,0,0,0,0,0,0,0,0,0,0,0,0
2021-11-27,BREAD,GW,0,0,0,0,0,0,0,0,0,0,0,0,0,0
2021-11-27,BREAD,DK,0,0,0,0,0,0,0,0,0,0,0,0,0,0
2021-11-27,BREAD,H5,0,0,0,0,0,0,0,0,0,0,0,0,0,0
2021-11-27,BREAD,CSWRL,0,0,0,0,0,0,0,0,0,0,0,0,0,0
2021-11-27,BREAD,Pump Swrl,0,0,0,0,0,0,0,0,0,0,0,0,0,0
2021-11-27,BREAD,CnE,0,0,0,0,0,0,0,0,0,0,0,0,0,0
2021-11-27,BREAD,CnR,0,0,0,0,0,0,0,0,0,0,0,0,0,0
2021-11-27,BREAD,RW,0,0,0,0,0,0,0,0,0,0,0,0,0,0
2021-11-27,BREAD,CB,0,0,0,0,0,0,0,0,0,0,0,0,0,0
2021-11-27,BREAD,CrO,0,0,0,0,0,0,0,0,0,0,0,0,0,0
2021-11-27,BREAD,CG,0,0,0,0,0,0,0,0,0,0,0,0,0,0
2021-11-27,BREAD,Pest,0,0,0,0,0,0,0,0,0,0,0,0,0,0
2021-11-27,BREAD,Jal,0,0,0,0,0,0,0,0,0,0,0,0,0,0
2021-11-27,BREAD,VS,0,0,0,0,0,0,0,0,0,0,0,0,0,0
2021-11-27,BREAD,SOUR,0,0,0,0,0,0,0,0,0,0,0,0,0,0
2021-11-27,BREAD,CAR,0,0,0,0,0,0,0,0,0,0,0,0,0,0
2021-11-27,BREAD,IHF,0,0,0,0,0,0,0,0,0,0,0,0,0,0
2021-11-27,BREAD,Turkeys,0,0,0,0,0,0,0,0,0,0,0,0,0,0
2021-11-27,BREAD,BUT-Rls,0,0,0,0,0,0,0,0,0,0,0,0,0,0
2021-11-27,BREAD,CrO-RLS,0,0,0,0,0,0,0,0,0,0,0,0,0,0
2021-11-27,BREAD,H-RLS,0,0,0,0,0,0,0,0,0,0,0,0,0,0
2021-11-27,BREAD,FR-RLS,0,0,0,0,0,0,0,0,0,0,0,0,0,0
2021-11-27,BREAD,VS-RLS,0,0,0,0,0,0,0,0,0,0,0,0,0,0
2021-11-27,BREAD,Blue Stru,0,0,0,0,0,0,0,0,0,0,0,0,0,0
2021-11-27,BREAD,Choc Carm,0,0,0,0,0,0,0,0,0,0,0,0,0,0
2021-11-27,BREAD,Pump Crb,0,0,0,0,0,0,0,0,0,0,0,0,0,0
2021-11-27,BREAD,Pump CC,0,0,0,0,0,0,0,0,0,0,0,0,0,0
2021-11-27,ROLLS,C-Rolls,0,0,0,0,0,0,0,0,0,0,0,0,0,0
2021-11-27,ROLLS,Pump C-Roll,0,0,0,0,0,0,0,0,0,0,0,0,0,0
2021-11-27,ROLLS,Mini C-Roll,0,0,0,0,0,0,0,0,0,0,0,0,0,0
2021-11-27,SCONES,Blueberry,0,0,0,0,0,0,0,0,0,0,0,0,0,0
2021-11-27,SCONES,Rasp Cream,0,0,0,0,0,0,0,0,0,0,0,0,0,0
2021-11-27,SCONES,Cherry,0,0,0,0,0,0,0,0,0,0,0,0,0,0
2021-11-27,SCONES,Butt Almond,0,0,0,0,0,0,0,0,0,0,0,0,0,0
2021-11-27,SCONES,Turtle,0,0,0,0,0,0,0,0,0,0,0,0,0,0
2021-11-27,SCONES,Cin Chip,0,0,0,0,0,0,0,0,0,0,0,0,0,0
2021-11-27,SCONES,Pump Spice,0,0,0,0,0,0,0,0,0,0,0,0,0,0
2021-11-27,SCONES,FRUIT BAR,0,0,0,0,0,0,0,0,0,0,0,0,0,0
2021-11-27,SCONES,mixed berry,0,0,0,0,0,0,0,0,0,0,0,0,0,0
2021-11-27,SCONES,cherry,0,0,0,0,0,0,0,0,0,0,0,0,0,0
2021-11-27,SCONES,apple cin,0,0,0,0,0,0,0,0,0,0,0,0,0,0
2021-11-27,SCONES,App Cran,0,0,0,0,0,0,0,0,0,0,0,0,0,0
2021-11-27,MUFFINS,Blue Streusel,0,0,0,0,0,0,0,0,0,0,0,0,0,0
2021-11-27,MUFFINS,choc carm,0,0,0,0,0,0,0,0,0,0,0,0,0,0
2021-11-27,MUFFINS,Pump Cr,0,0,0,0,0,0,0,0,0,0,0,0,0,0
2021-11-27,MUFFINS,Pump CC,0,0,0,0,0,0,0,0,0,0,0,0,0,0
2021-11-27,COOKIES/BARS,oat cc,0,0,0,0,0,0,0,0,0,0,0,0,0,0
2021-11-27,COOKIES/BARS,triple cc,0,0,0,0,0,0,0,0,0,0,0,0,0,0
2021-11-27,COOKIES/BARS,snicker,0,0,0,0,0,0,0,0,0,0,0,0,0,0
2021-11-27,COOKIES/BARS,frosted,0,0,0,0,0,0,0,0,0,0,0,0,0,0
2021-11-27,COOKIES/BARS,brownie,16,0,16,0,0,0,16,0,0,0,0,0,0,0
2021-11-27,COOKIES/BARS,Pump Bar,0,0,0,0,0,0,0,0,0,0,0,0,0,0
2021-11-27,COOKIES/BARS,Pump PIE,0,0,0,0,0,0,0,0,0,0,0,0,0,0
2021-11-27,COOKIES/BARS,Ap | Ap Cran,0,0,0,0,0,0,0,0,0,0,0,0,0,0
2021-11-27,COOKIES/BARS,Pecan | Sug,0,0,0,0,0,0,0,0,0,0,0,0,0,0
2021-11-27,COOKIES/BARS,Pump OH,1,0,1,0,0,0,1,0,0,0,0,0,0,0
2021-11-27,COOKIES/BARS,Bread Pudding,0,0,0,0,0,0,0,0,0,0,0,0,0,0
2021-11-27,COOKIES/BARS,Totals,17,0,17,0,0,0,17,0,0,0,0,0,0,0
2021-11-28,BREAD,H,0,0,0,0,0,0,0,0,0,0,0,0,0,0
2021-11-28,BREAD,FR,0,0,0,0,0,0,0,0,0,0,0,0,0,0
2021-11-28,BREAD,GW,0,0,0,0,0,0,0,0,0,0,0,0,0,0
2021-11-28,BREAD,DK,0,0,0,0,0,0,0,0,0,0,0,0,0,0
2021-11-28,BREAD,H5,0,0,0,0,0,0,0,0,0,0,0,0,0,0
2021-11-28,BREAD,CSWRL,0,0,0,0,0,0,0,0,0,0,0,0,0,0
2021-11-28,BREAD,Pump Swrl,0,0,0,0,0,0,0,0,0,0,0,0,0,0
2021-11-28,BREAD,CnE,0,0,0,0,0,0,0,0,0,0,0,0,0,0
2021-11-28,BREAD,CnR,0,0,0,0,0,0,0,0,0,0,0,0,0,0
2021-11-28,BREAD,RW,0,0,0,0,0,0,0,0,0,0,0,0,0,0
2021-11-28,BREAD,CB,0,0,0,0,0,0,0,0,0,0,0,0,0,0
2021-11-28,BREAD,CrO,0,0,0,0,0,0,0,0,0,0,0,0,0,0
2021-11-28,BREAD,CG,0,0,0,0,0,0,0,0,0,0,0,0,0,0
2021-11-28,BREAD,Pest,0,0,0,0,0,0,0,0,0,0,0,0,0,0
2021-11-28,BREAD,Jal,0,0,0,0,0,0,0,0,0,0,0,0,0,0
2021-11-28,BREAD,VS,0,0,0,0,0,0,0,0,0,0,0,0,0,0
2021-11-28,BREAD,SOUR,0,0,0,0,0,0,0,0,0,0,0,0,0,0
2021-11-28,BREAD,CAR,0,0,0,0,0,0,0,0,0,0,0,0,0,0
2021-11-28,BREAD,IHF,0,0,0,0,0,0,0,0,0,0,0,0,0,0
2021-11-28,BREAD,Turkeys,0,0,0,0,0,0,0,0,0,0,0,0,0,0
2021-11-28,BREAD,BUT-Rls,0,0,0,0,0,0,0,0,0,0,0,0,0,0
2021-11-28,BREAD,CrO-RLS,0,0,0,0,0,0,0,0,0,0,0,0,0,0
2021-11-28,BREAD,H-RLS,0,0,0,0,0,0,0,0,0,0,0,0,0,0
2021-11-28,BREAD,FR-RLS,0,0,0,0,0,0,0,0,0,0,0,0,0,0
2021-11-28,BREAD,VS-RLS,0,0,0,0,0,0,0,0,0,0,0,0,0,0
2021-11-28,BREAD,Blue Stru,0,0,0,0,0,0,0,0,0,0,0,0,0,0
2021-11-28,BREAD,Choc Carm,0,0,0,0,0,0,0,0,0,0,0,0,0,0
2021-11-28,BREAD,Pump Crb,0,0,0,0,0,0,0,0,0,0,0,0,0,0
2021-11-28,BREAD,Pump CC,0,0,0,0,0,0,0,0,0,0,0,0,0,0
2021-11-28,ROLLS,C-Rolls,0,0,0,0,0,0,0,0,0,0,0,0,0,0
2021-11-28,ROLLS,Pump C-Roll,0,0,0,0,0,0,0,0,0,0,0,0,0,0
2021-11-28,ROLLS,Mini C-Roll,0,0,0,0,0,0,0,0,0,0,0,0,0,0
2021-11-28,SCONES,Blueberry,0,0,0,0,0,0,0,0,0,0,0,0,0,0
2021-11-28,SCONES,Rasp Cream,0,0,0,0,0,0,0,0,0,0,0,0,0,0
2021-11-28,SCONES,Cherry,0,0,0,0,0,0,0,0,0,0,0,0,0,0
2021-11-28,SCONES,Butt Almond,0,0,0,0,0,0,0,0,0,0,0,0,0,0
2021-11-28,SCONES,Turtle,0,0,0,0,0,0,0,0,0,0,0,0,0,0
2021-11-28,SCONES,Cin Chip,0,0,0,0,0,0,0,0,0,0,0,0,0,0
2021-11-28,SCONES,Pump Spice,0,0,0,0,0,0,0,0,0,0,0,0,0,0
2021-11-28,SCONES,FRUIT BAR,0,0,0,0,0,0,0,0,0,0,0,0,0,0
2021-11-28,SCONES,mixed berry,0,0,0,0,0,0,0,0,0,0,0,0,0,0
2021-11-28,SCONES,cherry,0,0,0,0,0,0,0,0,0,0,0,0,0,0
2021-11-28,SCONES,apple cin,0,0,0,0,0,0,0,0,0,0,0,0,0,0
2021-11-28,SCONES,App Cran,0,0,0,0,0,0,0,0,0,0,0,0,0,0
2021-11-28,MUFFINS,Blue Streusel,0,0,0,0,0,0,0,0,0,0,0,0,0,0
2021-11-28,MUFFINS,choc carm,0,0,0,0,0,0,0,0,0,0,0,0,0,0
2021-11-28,MUFFINS,Pump Cr,0,0,0,0,0,0,0,0,0,0,0,0,0,0
2021-11-28,MUFFINS,Pump CC,0,0,0,0,0,0,0,0,0,0,0,0,0,0
2021-11-28,COOKIES/BARS,oat cc,0,0,0,0,0,0,0,0,0,0,0,0,0,0
2021-11-28,COOKIES/BARS,triple cc,0,0,0,0,0,0,0,0,0,0,0,0,0,0
2021-11-28,COOKIES/BARS,snicker,0,0,0,0,0,0,0,0,0,0,0,0,0,0
2021-11-28,COOKIES/BARS,frosted,0,0,0,0,0,0,0,0,0,0,0,0,0,0
2021-11-28,COOKIES/BARS,brownie,16,0,16,0,0,0,16,0,0,0,0,0,0,0
2021-11-28,COOKIES/BARS,Pump Bar,0,0,0,0,0,0,0,0,0,0,0,0,0,0
2021-11-28,COOKIES/BARS,Pump PIE,0,0,0,0,0,0,0,0,0,0,0,0,0,0
2021-11-28,COOKIES/BARS,Ap | Ap Cran,0,0,0,0,0,0,0,0,0,0,0,0,0,0
2021-11-28,COOKIES/BARS,Pecan | Sug,0,0,0,0,0,0,0,0,0,0,0,0,0,0
2021-11-28,COOKIES/BARS,Pump OH,1,0,1,0,0,0,1,0,0,0,0,0,0,0
2021-11-28,COOKIES/BARS,Bread Pudding,0,0,0,0,0,0,0,0,0,0,0,0,0,0
2021-11-28,COOKIES/BARS,Totals,17,0,17,0,0,0,17,0,0,0,0,0,0,0
2021-11-29,BREAD,H,0,36,36,28,1,0,7,0,0,0,0,0,0,0
2021-11-29,BREAD,FR,0,38,38,14,24,0,0,0,0,0,0,0,0,0
2021-11-29,BREAD,GW,0,9,9,3,1,0,5,0,0,0,0,0,0,0
2021-11-29,BREAD,DK,0,21,21,9,0,0,12,0,0,0,0,0,0,0
2021-11-29,BREAD,H5,0,0,0,0,0,0,0,0,0,0,0,0,0,0
2021-11-29,BREAD,CSWRL,0,16,16,13,0,0,3,0,3,3,1,0,0,2
2021-11-29,BREAD,Pump Swrl,0,12,12,6,0,0,6,0,3,3,0,0,0,3
2021-11-29,BREAD,CnE,0,10,10,9,1,0,0,0,18,18,18,0,0,0
2021-11-29,BREAD,CnR,0,6,6,6,0,0,0,0,0,0,0,0,0,0
2021-11-29,BREAD,RW,0,6,6,1,0,0,5,0,0,0,0,0,0,0
2021-11-29,BREAD,CB,0,0,0,0,0,0,0,0,0,0,0,0,0,0
2021-11-29,BREAD,CrO,0,0,0,0,0,0,0,0,0,0,0,0,0,0
2021-11-29,BREAD,CG,0,9,9,3,0,0,6,0,4,4,4,0,0,0
2021-11-29,BREAD,Pest,0,4,4,3,1,0,0,0,0,0,0,0,0,0
2021-11-29,BREAD,Jal,0,4,4,4,0,0,0,0,0,0,0,0,0,0
2021-11-29,BREAD,VS,0,0,0,0,0,0,0,0,0,0,0,0,0,0
2021-11-29,BREAD,SOUR,0,35,35,30,5,0,0,0,0,0,0,0,0,0
2021-11-29,BREAD,CAR,0,0,0,-14,0,0,14,0,0,0,0,0,0,0
2021-11-29,BREAD,IHF,0,0,0,-10,0,0,10,0,0,0,0,0,0,0
2021-11-29,BREAD,Turkeys,0,0,0,0,0,0,0,0,0,0,0,0,0,0
2021-11-29,BREAD,BUT-Rls,0,0,0,0,0,0,0,0,0,0,0,0,0,0
2021-11-29,BREAD,CrO-RLS,0,0,0,0,0,0,0,0,0,0,0,0,0,0
2021-11-29,BREAD,H-RLS,0,4,4,0,0,0,4,0,0,0,0,0,0,0
2021-11-29,BREAD,FR-RLS,0,3,3,1,0,0,2,0,0,0,0,0,0,0
2021-11-29,BREAD,VS-RLS,0,0,0,0,0,0,0,0,0,0,0,0,0,0
2021-11-29,BREAD,Blue Stru,0,3,3,3,0,0,0,0,0,0,0,0,0,0
2021-11-29,BREAD,Choc Carm,0,3,3,1,0,0,2,0,0,0,0,0,0,0
2021-11-29,BREAD,Pump Crb,0,3,3,2,0,0,1,0,0,0,0,0,0,0
2021-11-29,BREAD,Pump CC,0,0,0,-4,0,0,4,0,0,0,0,0,0,0
2021-11-29,ROLLS,C-Rolls,0,24,24,14,0,10,0,0,0,0,0,0,0,0
2021-11-29,ROLLS,Pump C-Roll,0,12,12,4,0,8,0,0,0,0,0,0,0,0
2021-11-29,ROLLS,Mini C-Roll,0,0,0,0,0,0,0,0,0,0,0,0,0,0
2021-11-29,SCONES,Blueberry,0,0,0,0,0,0,0,0,0,0,0,0,0,0
2021-11-29,SCONES,Rasp Cream,0,11,11,11,0,0,0,0,0,0,0,0,0,0
2021-11-29,SCONES,Cherry,0,0,0,0,0,0,0,0,0,0,0,0,0,0
2021-11-29,SCONES,Butt Almond,0,0,0,0,0,0,0,0,0,0,0,0,0,0
2021-11-29,SCONES,Turtle,0,0,0,0,0,0,0,0,0,0,0,0,0,0
2021-11-29,SCONES,Cin Chip,0,11,11,11,0,0,0,0,0,0,0,0,0,0
2021-11-29,SCONES,Pump Spice,0,8,8,2,0,6,0,0,0,0,0,0,0,0
2021-11-29,SCONES,FRUIT BAR,0,0,0,0,0,0,0,0,0,0,0,0,0,0
2021-11-29,SCONES,mixed berry,0,10,10,5,0,5,0,0,0,0,0,0,0,0
2021-11-29,SCONES,cherry,0,10,10,9,0,1,0,0,0,0,0,0,0,0
2021-11-29,SCONES,apple cin,0,0,0,0,0,0,0,0,0,0,0,0,0,0
2021-11-29,SCONES,App Cran,0,0,0,0,0,0,0,0,0,0,0,0,0,0
2021-11-29,MUFFINS,Blue Streusel,0,4,4,4,0,0,0,0,0,0,0,0,0,0
2021-11-29,MUFFINS,choc carm,0,4,4,4,0,0,0,0,0,0,0,0,0,0
2021-11-29,MUFFINS,Pump Cr,0,4,4,2,0,2,0,0,0,0,0,0,0,0
2021-11-29,MUFFINS,Pump CC,0,6,6,6,0,0,0,0,0,0,0,0,0,0
2021-11-29,COOKIES/BARS,oat cc,0,30,30,30,0,0,0,0,0,0,0,0,0,0
2021-11-29,COOKIES/BARS,triple cc,0,30,30,20,0,5,5,0,0,0,0,0,0,0
2021-11-29,COOKIES/BARS,snicker,0,30,30,14,0,8,8,0,0,0,0,0,0,0
2021-11-29,COOKIES/BARS,frosted,0,18,18,-4,0,11,11,0,0,0,0,0,0,0
2021-11-29,COOKIES/BARS,brownie,16,0,16,-6,0,11,11,0,0,0,0,0,0,0
2021-11-29,COOKIES/BARS,Pump Bar,0,20,20,-6,0,13,13,0,0,0,0,0,0,0
2021-11-29,COOKIES/BARS,Pump PIE,0,0,0,0,0,0,0,0,0,0,0,0,0,0
2021-11-29,COOKIES/BARS,Ap | Ap Cran,0,0,0,0,0,0,0,0,0,0,0,0,0,0
2021-11-29,COOKIES/BARS,Pecan | Sug,0,0,0,0,0,0,0,0,0,0,0,0,0,0
2021-11-29,COOKIES/BARS,Pump OH,1,0,1,1,0,0,0,0,0,0,0,0,0,0
2021-11-29,COOKIES/BARS,Bread Pudding,0,0,0,0,0,0,0,0,0,0,0,0,0,0
2021-11-29,COOKIES/BARS,Totals,17,232,249,121,0,80,48,0,0,0,0,0,0,0
2021-11-30,BREAD,H,7,0,7,7,0,0,0,0,0,0,0,0,0,0
2021-11-30,BREAD,FR,0,0,0,0,0,0,0,0,0,0,0,0,0,0
2021-11-30,BREAD,GW,5,0,5,5,0,0,0,0,0,0,0,0,0,0
2021-11-30,BREAD,DK,12,0,12,12,0,0,0,0,0,0,0,0,0,0
2021-11-30,BREAD,H5,0,0,0,0,0,0,0,0,0,0,0,0,0,0
2021-11-30,BREAD,CSWRL,3,0,3,3,0,0,0,2,0,2,2,0,0,0
2021-11-30,BREAD,Pump Swrl,6,0,6,6,0,0,0,3,0,3,3,0,0,0
2021-11-30,BREAD,CnE,0,0,0,0,0,0,0,0,0,0,0,0,0,0
2021-11-30,BREAD,CnR,0,0,0,0,0,0,0,0,0,0,0,0,0,0
2021-11-30,BREAD,RW,5,0,5,5,0,0,0,0,0,0,0,0,0,0
2021-11-30,BREAD,CB,0,0,0,0,0,0,0,0,0,0,0,0,0,0
2021-11-30,BREAD,CrO,0,0,0,0,0,0,0,0,0,0,0,0,0,0
2021-11-30,BREAD,CG,6,0,6,6,0,0,0,0,0,0,0,0,0,0
2021-11-30,BREAD,Pest,0,0,0,0,0,0,0,0,0,0,0,0,0,0
2021-11-30,BREAD,Jal,0,0,0,0,0,0,0,0,0,0,0,0,0,0
2021-11-30,BREAD,VS,0,0,0,0,0,0,0,0,0,0,0,0,0,0
2021-11-30,BREAD,SOUR,0,0,0,-6,6,0,0,0,0,0,0,0,0,0
2021-11-30,BREAD,CAR,14,0,14,14,0,0,0,0,0,0,0,0,0,0
2021-11-30,BREAD,IHF,10,0,10,10,0,0,0,0,0,0,0,0,0,0
2021-11-30,BREAD,BUT-Rls,0,0,0,0,0,0,0,0,0,0,0,0,0,0
2021-11-30,BREAD,CrO-RLS,0,0,0,0,0,0,0,0,0,0,0,0,0,0
2021-11-30,BREAD,H-RLS,4,0,4,4,0,0,0,0,0,0,0,0,0,0
2021-11-30,BREAD,FR-RLS,2,0,2,2,0,0,0,0,0,0,0,0,0,0
2021-11-30,BREAD,VS-RLS,0,0,0,0,0,0,0,0,0,0,0,0,0,0
2021-11-30,BREAD,Blue Stru,0,3,3,3,0,0,0,0,0,0,0,0,0,0
2021-11-30,BREAD,Choc Carm,2,1,3,3,0,0,0,0,0,0,0,0,0,0
2021-11-30,BREAD,Pump Crb,1,2,3,3,0,0,0,0,0,0,0,0,0,0
2021-11-30,BREAD,Pump CC,4,2,6,6,0,0,0,0,0,0,0,0,0,0
2021-11-30,ROLLS,C-Rolls,0,24,24,24,0,0,0,0,0,0,0,0,0,0
2021-11-30,ROLLS,Pump C-Roll,0,12,12,12,0,0,0,0,0,0,0,0,0,0
2021-11-30,ROLLS,Mini C-Roll,0,0,0,0,0,0,0,0,0,0,0,0,0,0
2021-11-30,SCONES,Blueberry,0,11,11,11,0,0,0,0,0,0,0,0,0,0
2021-11-30,SCONES,Rasp Cream,0,0,0,0,0,0,0,0,0,0,0,0,0,0
2021-11-30,SCONES,Cherry,0,0,0,0,0,0,0,0,0,0,0,0,0,0
2021-11-30,SCONES,Butt Almond,0,0,0,0,0,0,0,0,0,0,0,0,0,0
2021-11-30,SCONES,Turtle,0,0,0,0,0,0,0,0,0,0,0,0,0,0
2021-11-30,SCONES,Cin Chip,0,11,11,11,0,0,0,0,0,0,0,0,0,0
2021-11-30,SCONES,Pump Spice,0,8,8,8,0,0,0,0,0,0,0,0,0,0
2021-11-30,SCONES,FRUIT BAR,0,0,0,0,0,0,0,0,0,0,0,0,0,0
2021-11-30,SCONES,mixed berry,0,0,0,0,0,0,0,0,0,0,0,0,0,0
2021-11-30,SCONES,cherry,0,0,0,0,0,0,0,0,0,0,0,0,0,0
2021-11-30,SCONES,apple cin,0,10,10,10,0,0,0,0,0,0,0,0,0,0
2021-11-30,SCONES,App Cran,0,10,10,10,0,0,0,0,0,0,0,0,0,0
2021-11-30,MUFFINS,Blue Streusel,0,4,4,4,0,0,0,0,0,0,0,0,0,0
2021-11-30,MUFFINS,choc carm,0,4,4,4,0,0,0,0,0,0,0,0,0,0
2021-11-30,MUFFINS,Pump Cr,0,4,4,4,0,0,0,0,0,0,0,0,0,0
2021-11-30,MUFFINS,Pump CC,0,6,6,6,0,0,0,0,0,0,0,0,0,0
2021-11-30,COOKIES/BARS,oat cc,0,42,42,27,15,0,0,0,54,54,0,0,0,0
2021-11-30,COOKIES/BARS,triple cc,5,36,41,26,15,0,0,0,54,54,0,0,0,0
2021-11-30,COOKIES/BARS,snicker,8,78,86,29,57,0,0,0,52,52,0,0,0,0
2021-11-30,COOKIES/BARS,frosted,11,0,11,11,0,0,0,0,0,0,0,0,0,0
2021-11-30,COOKIES/BARS,brownie,11,40,51,23,28,0,0,0,0,0,0,0,0,0
2021-11-30,COOKIES/BARS,Pump Bar,13,20,33,33,0,0,0,0,0,0,0,0,0,0
2021-11-30,COOKIES/BARS,Pump PIE,0,0,0,0,0,0,0,0,0,0,0,0,0,0
2021-11-30,COOKIES/BARS,Ap | Ap Cran,0,0,0,0,0,0,0,0,0,0,0,0,0,0
2021-11-30,COOKIES/BARS,Pecan | Sug,0,0,0,0,0,0,0,0,0,0,0,0,0,0
2021-11-30,COOKIES/BARS,Pump OH,0,0,0,0,0,0,0,0,0,0,0,0,0,0
2021-11-30,COOKIES/BARS,Bread Pudding,0,0,0,0,0,0,0,0,0,0,0,0,0,0
2021-11-30,COOKIES/BARS,Totals,48,320,368,253,115,0,0,0,160,160,0,0,0,0
2021-11-31,BREAD,H,0,0,0,0,0,0,0,0,0,0,0,0,0,0
2021-11-31,BREAD,FR,0,0,0,0,0,0,0,0,0,0,0,0,0,0
2021-11-31,BREAD,GW,0,0,0,0,0,0,0,0,0,0,0,0,0,0
2021-11-31,BREAD,DK,0,0,0,0,0,0,0,0,0,0,0,0,0,0
2021-11-31,BREAD,H5,0,0,0,0,0,0,0,0,0,0,0,0,0,0
2021-11-31,BREAD,CSWRL,0,0,0,0,0,0,0,0,0,0,0,0,0,0
2021-11-31,BREAD,Pump Swrl,0,0,0,0,0,0,0,0,0,0,0,0,0,0
2021-11-31,BREAD,CnE,0,0,0,0,0,0,0,0,0,0,0,0,0,0
2021-11-31,BREAD,CnR,0,0,0,0,0,0,0,0,0,0,0,0,0,0
2021-11-31,BREAD,RW,0,0,0,0,0,0,0,0,0,0,0,0,0,0
2021-11-31,BREAD,CB,0,0,0,0,0,0,0,0,0,0,0,0,0,0
2021-11-31,BREAD,CrO,0,0,0,0,0,0,0,0,0,0,0,0,0,0
2021-11-31,BREAD,CG,0,0,0,0,0,0,0,0,0,0,0,0,0,0
2021-11-31,BREAD,Pest,0,0,0,0,0,0,0,0,0,0,0,0,0,0
2021-11-31,BREAD,Jal,0,0,0,0,0,0,0,0,0,0,0,0,0,0
2021-11-31,BREAD,VS,0,0,0,0,0,0,0,0,0,0,0,0,0,0
2021-11-31,BREAD,SOUR,0,0,0,0,0,0,0,0,0,0,0,0,0,0
2021-11-31,BREAD,CAR,0,0,0,0,0,0,0,0,0,0,0,0,0,0
2021-11-31,BREAD,IHF,0,0,0,0,0,0,0,0,0,0,0,0,0,0
2021-11-31,BREAD,Turkeys,0,0,0,0,0,0,0,0,0,0,0,0,0,0
2021-11-31,BREAD,BUT-Rls,0,0,0,0,0,0,0,0,0,0,0,0,0,0
2021-11-31,BREAD,CrO-RLS,0,0,0,0,0,0,0,0,0,0,0,0,0,0
2021-11-31,BREAD,H-RLS,0,0,0,0,0,0,0,0,0,0,0,0,0,0
2021-11-31,BREAD,FR-RLS,0,0,0,0,0,0,0,0,0,0,0,0,0,0
2021-11-31,BREAD,VS-RLS,0,0,0,0,0,0,0,0,0,0,0,0,0,0
2021-11-31,BREAD,Blue Stru,0,0,0,0,0,0,0,0,0,0,0,0,0,0
2021-11-31,BREAD,Choc Carm,0,0,0,0,0,0,0,0,0,0,0,0,0,0
2021-11-31,BREAD,Pump Crb,0,0,0,0,0,0,0,0,0,0,0,0,0,0
2021-11-31,BREAD,Pump CC,0,0,0,0,0,0,0,0,0,0,0,0,0,0
2021-11-31,ROLLS,C-Rolls,0,24,24,24,0,0,0,0,0,0,0,0,0,0
2021-11-31,ROLLS,Pump C-Roll,0,12,12,12,0,0,0,0,0,0,0,0,0,0
2021-11-31,ROLLS,Mini C-Roll,0,0,0,0,0,0,0,0,0,0,0,0,0,0
2021-11-31,SCONES,Blueberry,0,0,0,0,0,0,0,0,0,0,0,0,0,0
2021-11-31,SCONES,Rasp Cream,0,11,11,11,0,0,0,0,0,0,0,0,0,0
2021-11-31,SCONES,Cherry,0,0,0,0,0,0,0,0,0,0,0,0,0,0
2021-11-31,SCONES,Butt Almond,0,0,0,0,0,0,0,0,0,0,0,0,0,0
2021-11-31,SCONES,Turtle,0,11,11,11,0,0,0,0,0,0,0,0,0,0
2021-11-31,SCONES,Cin Chip,0,0,0,0,0,0,0,0,0,0,0,0,0,0
2021-11-31,SCONES,Pump Spice,0,8,8,8,0,0,0,0,0,0,0,0,0,0
2021-11-31,SCONES,FRUIT BAR,0,0,0,0,0,0,0,0,0,0,0,0,0,0
2021-11-31,SCONES,mixed berry,0,10,10,10,0,0,0,0,0,0,0,0,0,0
2021-11-31,SCONES,cherry,0,10,10,10,0,0,0,0,0,0,0,0,0,0
2021-11-31,SCONES,apple cin,0,0,0,0,0,0,0,0,0,0,0,0,0,0
2021-11-31,SCONES,App Cran,0,0,0,0,0,0,0,0,0,0,0,0,0,0
2021-11-31,MUFFINS,Blue Streusel,0,4,4,4,0,0,0,0,0,0,0,0,0,0
2021-11-31,MUFFINS,choc carm,0,4,4,4,0,0,0,0,0,0,0,0,0,0
2021-11-31,MUFFINS,Pump Cr,0,4,4,4,0,0,0,0,0,0,0,0,0,0
2021-11-31,MUFFINS,Pump CC,0,6,6,6,0,0,0,0,0,0,0,0,0,0
2021-11-31,COOKIES/BARS,oat cc,0,0,0,0,0,0,0,0,0,0,0,0,0,0
2021-11-31,COOKIES/BARS,triple cc,0,0,0,0,0,0,0,0,0,0,0,0,0,0
2021-11-31,COOKIES/BARS,snicker,0,0,0,0,0,0,0,0,0,0,0,0,0,0
2021-11-31,COOKIES/BARS,frosted,0,0,0,0,0,0,0,0,0,0,0,0,0,0
2021-11-31,COOKIES/BARS,brownie,0,0,0,0,0,0,0,0,0,0,0,0,0,0
2021-11-31,COOKIES/BARS,Pump Bar,0,0,0,0,0,0,0,0,0,0,0,0,0,0
2021-11-31,COOKIES/BARS,Pump PIE,0,0,0,0,0,0,0,0,0,0,0,0,0,0
2021-11-31,COOKIES/BARS,Ap | Ap Cran,0,0,0,0,0,0,0,0,0,0,0,0,0,0
2021-11-31,COOKIES/BARS,Pecan | Sug,0,0,0,0,0,0,0,0,0,0,0,0,0,0
2021-11-31,COOKIES/BARS,Pump OH,0,0,0,0,0,0,0,0,0,0,0,0,0,0
2021-11-31,COOKIES/BARS,Bread Pudding,0,0,0,0,0,0,0,0,0,0,0,0,0,0
2021-11-31,COOKIES/BARS,Totals,0,104,104,104,0,0,0,0,0,0,0,0,0,0
