Date,Category,Product,START_OF_DAY_WHOLE,MADE_TODAY_WHOLE,AVAILABLE_TO_SELL_WHOLE,OUT_THE_DOOR_WHOLE,ORDERS_TODAY_WHOLE,REMOVED_AS_DAY_OLD_WHOLE,LEFT_WHOLE,START_OF_DAY_HALF,MADE_TODAY_HALF,AVAILABLE_TO_SELL_HALF,OUT_THE_DOOR_HALF,ORDERS_TODAY_HALF,REMOVED_AS_DAY_OLD_HALF,LEFT_HALF
2021-03-01,BREAD,H,0,36,36,6,2,0,28,0,0,0,0,0,0,0
2021-03-01,BREAD,FR,0,26,26,15,0,0,11,0,0,0,0,0,0,0
2021-03-01,BREAD,GW,0,9,9,9,0,0,0,0,0,0,0,0,0,0
2021-03-01,BREAD,DK,0,21,21,9,0,0,12,0,0,0,0,0,0,0
2021-03-01,BREAD,H5|Cran,0,0,0,0,0,0,0,0,0,0,0,0,0,0
2021-03-01,BREAD,CSWRL,0,12,12,11,0,0,1,0,3,3,3,0,0,0
2021-03-01,BREAD,VA Swrl,0,12,12,11,0,0,1,0,2,2,2,0,0,0
2021-03-01,BREAD,ISB,0,0,0,0,0,0,0,0,0,0,0,0,0,0
2021-03-01,BREAD,G & S,0,0,0,0,0,0,0,0,0,0,0,0,0,0
2021-03-01,BREAD,CnE,0,16,16,9,0,0,7,0,3,3,3,0,0,0
2021-03-01,BREAD,CnR,0,4,4,4,0,0,0,0,0,0,0,0,0,0
2021-03-01,BREAD,CnW,0,4,4,4,0,0,0,0,0,0,0,0,0,0
2021-03-01,BREAD,CG,0,6,6,4,0,0,2,0,2,2,2,0,0,0
2021-03-01,BREAD,Pesto CG,0,3,3,3,0,0,0,0,0,0,0,0,0,0
2021-03-01,BREAD,VS,0,0,0,-1,1,0,0,0,0,0,0,0,0,0
2021-03-01,BREAD,SOUR,0,20,20,14,0,0,6,0,0,0,0,0,0,0
2021-03-01,BREAD,RG SOUR,0,6,6,3,0,0,3,0,0,0,0,0,0,0
2021-03-01,BREAD,CAR,0,0,0,0,0,0,0,0,0,0,0,0,0,0
2021-03-01,BREAD,IHF,0,0,0,0,0,0,0,0,0,0,0,0,0,0
2021-03-01,BREAD,HCB,0,0,0,0,0,0,0,0,0,0,0,0,0,0
2021-03-01,BREAD,BUT Rls,0,0,0,0,0,0,0,0,0,0,0,0,0,0
2021-03-01,BREAD,PASTEL,0,0,0,0,0,0,0,0,0,0,0,0,0,0
2021-03-01,BREAD,H-RLS,0,2,2,0,0,0,2,0,0,0,0,0,0,0
2021-03-01,BREAD,FR-RLS,0,3,3,3,0,0,0,0,0,0,0,0,0,0
2021-03-01,BREAD,VS-RLS,0,0,0,0,0,0,0,0,0,0,0,0,0,0
2021-03-01,BREAD,Straw Short,0,3,3,1,0,0,2,0,0,0,0,0,0,0
2021-03-01,BREAD,Choc Carm,0,3,3,0,0,0,3,0,0,0,0,0,0,0
2021-03-01,BREAD,Lemon Blue,0,2,2,1,0,0,1,0,0,0,0,0,0,0
2021-03-01,BREAD,Lemon Pop,0,2,2,1,0,0,1,0,0,0,0,0,0,0
2021-03-01,ROLLS,Cinnamon,0,24,24,24,0,0,0,0,0,0,0,0,0,0
2021-03-01,ROLLS,Mini C-Roll,0,0,0,0,0,0,0,0,0,0,0,0,0,0
2021-03-01,SCONES,Blueberry,0,0,0,0,0,0,0,0,0,0,0,0,0,0
2021-03-01,SCONES,Rasp Cream,0,11,11,10,0,1,0,0,0,0,0,0,0,0
2021-03-01,SCONES,Cherry,0,0,0,0,0,0,0,0,0,0,0,0,0,0
2021-03-01,SCONES,Butt Almond,0,0,0,0,0,0,0,0,0,0,0,0,0,0
2021-03-01,SCONES,Turtle,0,0,0,0,0,0,0,0,0,0,0,0,0,0
2021-03-01,SCONES,Cin Chip,0,11,11,11,0,0,0,0,0,0,0,0,0,0
2021-03-01,SCONES,BLARNEY,0,8,8,8,0,0,0,0,0,0,0,0,0,0
2021-03-01,FRUIT BARS,mixed berry,0,10,10,10,0,0,0,0,0,0,0,0,0,0
2021-03-01,FRUIT BARS,cherry,0,10,10,9,0,1,0,0,0,0,0,0,0,0
2021-03-01,FRUIT BARS,apple cin,0,0,0,0,0,0,0,0,0,0,0,0,0,0
2021-03-01,FRUIT BARS,rasp-blue-peach,0,0,0,0,0,0,0,0,0,0,0,0,0,0
2021-03-01,MUFFINS,Red Velvet,0,3,3,2,0,1,0,0,0,0,0,0,0,0
2021-03-01,MUFFINS,choc carm,0,3,3,3,0,0,0,0,0,0,0,0,0,0
2021-03-01,MUFFINS,lemon blue,0,2,2,2,0,0,0,0,0,0,0,0,0,0
2021-03-01,MUFFINS,lemon popp,0,2,2,2,0,0,0,0,0,0,0,0,0,0
2021-03-01,MUFFINS,Cookies,0,0,0,0,0,0,0,0,0,0,0,0,0,0
2021-03-01,MUFFINS,Bars,0,0,0,0,0,0,0,0,0,0,0,0,0,0
2021-03-01,MUFFINS,oat cc,0,18,18,17,1,0,0,0,0,0,0,0,0,0
2021-03-01,MUFFINS,triple cc,0,18,18,16,2,0,0,0,0,0,0,0,0,0
2021-03-01,MUFFINS,snicker,0,18,18,12,1,0,5,0,0,0,0,0,0,0
2021-03-01,MUFFINS,P. Butter,0,12,12,12,0,0,0,0,0,0,0,0,0,0
2021-03-01,MUFFINS,PB Choc,0,12,12,12,0,0,0,0,0,0,0,0,0,0
2021-03-01,MUFFINS,frosted,0,12,12,9,0,0,3,0,0,0,0,0,0,0
2021-03-01,MUFFINS,brownie,0,8,8,5,0,0,3,0,0,0,0,0,0,0
2021-03-01,MUFFINS,lemon bar,0,8,8,4,0,0,4,0,0,0,0,0,0,0
2021-03-01,MUFFINS,ohhh,0,0,0,0,0,0,0,0,0,0,0,0,0,0
2021-03-01,MUFFINS,Bread Pudding,3,0,3,3,0,0,0,3,0,3,3,0,0,0
2021-03-01,MUFFINS,Totals,3,190,193,171,4,3,15,3,0,3,3,0,0,0
2021-03-02,BREAD,H,28,13,41,19,0,0,22,0,0,0,0,0,0,0
2021-03-02,BREAD,FR,11,14,25,15,0,0,10,0,0,0,0,0,0,0
2021-03-02,BREAD,GW,0,4,4,2,0,0,2,0,0,0,0,0,0,0
2021-03-02,BREAD,DK,12,0,12,6,0,0,6,0,0,0,0,0,0,0
2021-03-02,BREAD,H5|Cran,0,11,11,4,0,0,7,0,8,8,5,0,0,3
2021-03-02,BREAD,CSWRL,1,12,13,13,0,0,0,0,3,3,3,0,0,0
2021-03-02,BREAD,VA Swrl,1,12,13,9,0,0,4,0,3,3,3,0,0,0
2021-03-02,BREAD,ISB,0,11,11,8,0,0,3,0,3,3,1,0,0,2
2021-03-02,BREAD,G & S,0,0,0,0,0,0,0,0,0,0,0,0,0,0
2021-03-02,BREAD,CnE,7,0,7,4,0,3,0,0,0,0,0,0,0,0
2021-03-02,BREAD,CnR,0,0,0,0,0,0,0,0,0,0,0,0,0,0
2021-03-02,BREAD,CnW,0,0,0,0,0,0,0,0,0,0,0,0,0,0
2021-03-02,BREAD,CG,2,0,2,2,0,0,0,0,0,0,0,0,0,0
2021-03-02,BREAD,Pesto CG,0,0,0,0,0,0,0,0,0,0,0,0,0,0
2021-03-02,BREAD,VS,0,4,4,0,0,0,4,0,3,3,2,0,0,1
2021-03-02,BREAD,SOUR,6,0,6,6,0,0,0,0,0,0,0,0,0,0
2021-03-02,BREAD,RG SOUR,3,0,3,3,0,0,0,0,0,0,0,0,0,0
2021-03-02,BREAD,CAR,0,24,24,18,6,0,0,0,0,0,0,0,0,0
2021-03-02,BREAD,IHF,0,0,0,0,0,0,0,0,0,0,0,0,0,0
2021-03-02,BREAD,HCB,0,0,0,0,0,0,0,0,0,0,0,0,0,0
2021-03-02,BREAD,BUT Rls,0,0,0,0,0,0,0,0,0,0,0,0,0,0
2021-03-02,BREAD,PASTEL,0,0,0,0,0,0,0,0,0,0,0,0,0,0
2021-03-02,BREAD,H-RLS,2,2,4,2,0,0,2,0,0,0,0,0,0,0
2021-03-02,BREAD,FR-RLS,0,3,3,0,0,0,3,0,0,0,0,0,0,0
2021-03-02,BREAD,VS-RLS,0,3,3,0,0,0,3,0,0,0,0,0,0,0
2021-03-02,BREAD,Red Velvet,2,5,7,2,0,0,5,0,0,0,0,0,0,0
2021-03-02,BREAD,Choc Carm,3,1,4,2,0,1,1,0,0,0,0,0,0,0
2021-03-02,BREAD,Lemon Blue,1,2,3,1,0,1,1,0,0,0,0,0,0,0
2021-03-02,BREAD,Lemon Pop,1,2,3,1,0,1,1,0,0,0,0,0,0,0
2021-03-02,ROLLS,Cinnamon,0,36,36,36,0,0,0,0,0,0,0,0,0,0
2021-03-02,ROLLS,Mini C-Roll,0,0,0,0,0,0,0,0,0,0,0,0,0,0
2021-03-02,SCONES,Blueberry,0,12,12,12,0,0,0,0,0,0,0,0,0,0
2021-03-02,SCONES,Rasp Cream,0,0,0,0,0,0,0,0,0,0,0,0,0,0
2021-03-02,SCONES,Cherry,0,0,0,0,0,0,0,0,0,0,0,0,0,0
2021-03-02,SCONES,Butt Almond,0,0,0,0,0,0,0,0,0,0,0,0,0,0
2021-03-02,SCONES,Turtle,0,0,0,0,0,0,0,0,0,0,0,0,0,0
2021-03-02,SCONES,Cin Chip,0,10,10,10,0,0,0,0,0,0,0,0,0,0
2021-03-02,SCONES,BLARNEY,0,8,8,8,0,0,0,0,0,0,0,0,0,0
2021-03-02,FRUIT BARS,mixed berry,0,0,0,0,0,0,0,0,0,0,0,0,0,0
2021-03-02,FRUIT BARS,cherry,0,0,0,0,0,0,0,0,0,0,0,0,0,0
2021-03-02,FRUIT BARS,apple cin,0,5,5,3,0,2,0,0,0,0,0,0,0,0
2021-03-02,FRUIT BARS,rasp-blue-peach,0,5,5,3,0,2,0,0,0,0,0,0,0,0
2021-03-02,MUFFINS,Red Velvet,0,6,6,5,0,1,0,0,0,0,0,0,0,0
2021-03-02,MUFFINS,choc carm,0,4,4,2,0,2,0,0,0,0,0,0,0,0
2021-03-02,MUFFINS,lemon blue,0,3,3,3,0,0,0,0,0,0,0,0,0,0
2021-03-02,MUFFINS,lemon popp,0,3,3,3,0,0,0,0,0,0,0,0,0,0
2021-03-02,MUFFINS,Cookies,0,0,0,0,0,0,0,0,0,0,0,0,0,0
2021-03-02,MUFFINS,Bars,0,0,0,0,0,0,0,0,0,0,0,0,0,0
2021-03-02,MUFFINS,oat cc,0,18,18,11,0,0,7,0,0,0,0,0,0,0
2021-03-02,MUFFINS,triple cc,0,18,18,14,0,0,4,0,0,0,0,0,0,0
2021-03-02,MUFFINS,snicker,5,14,19,11,2,0,6,0,0,0,0,0,0,0
2021-03-02,MUFFINS,P Butter,0,6,6,6,0,0,0,0,0,0,0,0,0,0
2021-03-02,MUFFINS,PB Choc,0,6,6,6,0,0,0,0,0,0,0,0,0,0
2021-03-02,MUFFINS,frosted,3,12,15,6,0,0,9,0,0,0,0,0,0,0
2021-03-02,MUFFINS,brownie,3,7,10,10,0,0,0,0,0,0,0,0,0,0
2021-03-02,MUFFINS,lemon bar,4,5,9,8,0,0,1,0,0,0,0,0,0,0
2021-03-02,MUFFINS,ohhh,0,0,0,0,0,0,0,0,0,0,0,0,0,0
2021-03-02,MUFFINS,Bread Pudding,0,0,0,-3,0,0,3,0,0,0,-2,0,0,2
2021-03-02,MUFFINS,Totals,15,178,193,154,2,7,30,0,0,0,-2,0,0,2
2021-03-03,BREAD,H,22,20,42,16,0,1,25,0,0,0,0,0,0,0
2021-03-03,BREAD,FR,10,21,31,19,0,0,12,0,0,0,0,0,0,0
2021-03-03,BREAD,GW,2,3,5,3,0,0,2,0,0,0,0,0,0,0
2021-03-03,BREAD,DK,6,21,27,6,2,0,19,0,0,0,0,0,0,0
2021-03-03,BREAD,H5|Cran,7,0,7,4,0,0,3,3,0,3,2,0,0,1
2021-03-03,BREAD,CSWRL,0,16,16,15,0,0,1,0,4,4,0,0,0,4
2021-03-03,BREAD,VA Swrl,4,8,12,6,1,3,2,0,3,3,1,0,0,2
2021-03-03,BREAD,ISB,3,0,3,3,0,0,0,2,0,2,2,0,0,0
2021-03-03,BREAD,G & S,0,12,12,5,0,0,7,0,4,4,2,0,0,2
2021-03-03,BREAD,CnE,0,12,12,5,0,0,7,0,2,2,2,0,0,0
2021-03-03,BREAD,CnR,0,7,7,3,0,0,4,0,0,0,0,0,0,0
2021-03-03,BREAD,CnW,0,6,6,3,0,0,3,0,0,0,0,0,0,0
2021-03-03,BREAD,CG,0,0,0,0,0,0,0,0,0,0,0,0,0,0
2021-03-03,BREAD,Pesto CG,0,0,0,0,0,0,0,0,0,0,0,0,0,0
2021-03-03,BREAD,VS,4,0,4,4,0,0,0,1,0,1,1,0,0,0
2021-03-03,BREAD,SOUR,0,19,19,5,5,0,9,0,0,0,0,0,0,0
2021-03-03,BREAD,RG SOUR,0,6,6,2,0,0,4,0,0,0,0,0,0,0
2021-03-03,BREAD,CAR,0,0,0,0,0,0,0,0,0,0,0,0,0,0
2021-03-03,BREAD,IHF,0,0,0,0,0,0,0,0,0,0,0,0,0,0
2021-03-03,BREAD,HCB,0,0,0,0,0,0,0,0,0,0,0,0,0,0
2021-03-03,BREAD,BUT Rls,0,0,0,0,0,0,0,0,0,0,0,0,0,0
2021-03-03,BREAD,PASTEL,0,0,0,0,0,0,0,0,0,0,0,0,0,0
2021-03-03,BREAD,H-RLS,2,0,2,0,0,2,0,0,0,0,0,0,0,0
2021-03-03,BREAD,FR-RLS,3,0,3,3,0,0,0,0,0,0,0,0,0,0
2021-03-03,BREAD,VS-RLS,3,0,3,1,0,2,0,0,0,0,0,0,0,0
2021-03-03,BREAD,Straw Short,0,5,5,2,0,0,3,0,0,0,0,0,0,0
2021-03-03,BREAD,Choc Carm,1,3,4,0,0,1,3,0,0,0,0,0,0,0
2021-03-03,BREAD,Lemon Blue,1,2,3,2,0,0,1,0,0,0,0,0,0,0
2021-03-03,BREAD,Lemon Pop,0,3,3,1,0,0,2,0,0,0,0,0,0,0
2021-03-03,BREAD,Red Velvet,5,0,5,0,0,5,0,0,0,0,0,0,0,0
2021-03-03,ROLLS,Cinnamon,0,36,36,35,0,1,0,0,0,0,0,0,0,0
2021-03-03,ROLLS,Mini C-Roll,0,0,0,0,0,0,0,0,0,0,0,0,0,0
2021-03-03,SCONES,Blueberry,0,0,0,0,0,0,0,0,0,0,0,0,0,0
2021-03-03,SCONES,Rasp Cream,0,13,13,8,5,0,0,0,0,0,0,0,0,0
2021-03-03,SCONES,Cherry,0,0,0,0,0,0,0,0,0,0,0,0,0,0
2021-03-03,SCONES,Butt Almond,0,0,0,0,0,0,0,0,0,0,0,0,0,0
2021-03-03,SCONES,Turtle,0,10,10,4,0,6,0,0,0,0,0,0,0,0
2021-03-03,SCONES,Cin Chip,0,0,0,0,0,0,0,0,0,0,0,0,0,0
2021-03-03,SCONES,BLARNEY,0,10,10,7,0,3,0,0,0,0,0,0,0,0
2021-03-03,FRUIT BARS,mixed berry,0,5,5,3,0,2,0,0,0,0,0,0,0,0
2021-03-03,FRUIT BARS,cherry,0,5,5,3,0,2,0,0,0,0,0,0,0,0
2021-03-03,FRUIT BARS,apple cin,0,0,0,0,0,0,0,0,0,0,0,0,0,0
2021-03-03,FRUIT BARS,rasp-blue-peach,0,0,0,0,0,0,0,0,0,0,0,0,0,0
2021-03-03,MUFFINS,straw short,0,4,4,4,0,0,0,0,0,0,0,0,0,0
2021-03-03,MUFFINS,choc carm,0,4,4,4,0,0,0,0,0,0,0,0,0,0
2021-03-03,MUFFINS,lemon blue,0,3,3,3,0,0,0,0,0,0,0,0,0,0
2021-03-03,MUFFINS,lemon popp,0,3,3,3,0,0,0,0,0,0,0,0,0,0
2021-03-03,MUFFINS,Cookies,0,0,0,0,0,0,0,0,0,0,0,0,0,0
2021-03-03,MUFFINS,Bars,0,0,0,0,0,0,0,0,0,0,0,0,0,0
2021-03-03,MUFFINS,oat cc,7,18,25,23,2,0,0,0,0,0,0,0,0,0
2021-03-03,MUFFINS,triple cc,4,24,28,14,5,0,9,0,0,0,0,0,0,0
2021-03-03,MUFFINS,snicker,6,24,30,17,5,6,2,0,0,0,0,0,0,0
2021-03-03,MUFFINS,frosted,9,6,15,9,0,0,6,0,0,0,0,0,0,0
2021-03-03,MUFFINS,brownie,0,8,8,4,0,0,4,0,0,0,0,0,0,0
2021-03-03,MUFFINS,lemon bar,1,8,9,5,0,0,4,0,0,0,0,0,0,0
2021-03-03,MUFFINS,ohhh,0,0,0,-4,0,0,4,0,0,0,-2,0,0,2
2021-03-03,MUFFINS,Bread Pudding,3,0,3,0,0,0,3,2,0,2,0,0,0,2
2021-03-03,MUFFINS,Totals,30,181,211,142,17,20,32,2,0,2,-2,0,0,4
2021-03-04,BREAD,H,25,14,39,11,0,0,28,0,0,0,0,0,0,0
2021-03-04,BREAD,FR,12,41,53,7,32,0,14,0,0,0,0,0,0,0
2021-03-04,BREAD,GW,2,3,5,5,0,0,0,0,0,0,0,0,0,0
2021-03-04,BREAD,DK,19,0,19,6,0,0,13,0,0,0,0,0,0,0
2021-03-04,BREAD,H5|Cran,3,18,21,6,0,0,15,1,8,9,1,0,0,8
2021-03-04,BREAD,CSWRL,1,16,17,13,0,0,4,4,4,8,7,0,0,1
2021-03-04,BREAD,VA Swrl,2,12,14,2,0,2,10,2,0,2,0,0,0,2
2021-03-04,BREAD,ISB,0,11,11,7,0,0,4,0,4,4,1,0,0,3
2021-03-04,BREAD,G & S,7,0,7,5,0,2,0,2,0,2,2,0,0,0
2021-03-04,BREAD,CnE,7,0,7,7,0,0,0,0,0,0,0,0,0,0
2021-03-04,BREAD,CnR,4,0,4,4,0,0,0,0,0,0,0,0,0,0
2021-03-04,BREAD,CnW,3,0,3,3,0,0,0,0,0,0,0,0,0,0
2021-03-04,BREAD,CG,0,0,0,0,0,0,0,0,0,0,0,0,0,0
2021-03-04,BREAD,Pesto CG,0,0,0,0,0,0,0,0,0,0,0,0,0,0
2021-03-04,BREAD,VS,0,14,14,8,1,0,5,0,3,3,2,0,0,1
2021-03-04,BREAD,SOUR,9,0,9,5,0,4,0,0,0,0,0,0,0,0
2021-03-04,BREAD,RG SOUR,4,0,4,4,0,0,0,0,0,0,0,0,0,0
2021-03-04,BREAD,CAR,0,0,0,0,0,0,0,0,0,0,0,0,0,0
2021-03-04,BREAD,IHF,0,0,0,0,0,0,0,0,0,0,0,0,0,0
2021-03-04,BREAD,HCB,0,0,0,0,0,0,0,0,0,0,0,0,0,0
2021-03-04,BREAD,BUT Rls,0,0,0,0,0,0,0,0,0,0,0,0,0,0
2021-03-04,BREAD,PASTEL,0,0,0,0,0,0,0,0,0,0,0,0,0,0
2021-03-04,BREAD,H-RLS,0,2,2,1,0,0,1,0,0,0,0,0,0,0
2021-03-04,BREAD,FR-RLS,0,6,6,4,0,0,2,0,0,0,0,0,0,0
2021-03-04,BREAD,VS-RLS,0,4,4,3,0,0,1,0,0,0,0,0,0,0
2021-03-04,BREAD,Straw Short,3,1,4,4,0,0,0,0,0,0,0,0,0,0
2021-03-04,BREAD,Choc Carm,3,1,4,1,0,3,0,0,0,0,0,0,0,0
2021-03-04,BREAD,Lemon Blue,1,2,3,3,0,0,0,0,0,0,0,0,0,0
2021-03-04,BREAD,Lemon Pop,2,1,3,3,0,0,0,0,0,0,0,0,0,0
2021-03-04,ROLLS,Cinnamon,0,36,36,31,0,5,0,0,0,0,0,0,0,0
2021-03-04,ROLLS,Mini C-Roll,0,0,0,0,0,0,0,0,0,0,0,0,0,0
2021-03-04,SCONES,Blueberry,0,11,11,11,0,0,0,0,0,0,0,0,0,0
2021-03-04,SCONES,Rasp Cream,0,0,0,0,0,0,0,0,0,0,0,0,0,0
2021-03-04,SCONES,Cherry,0,0,0,0,0,0,0,0,0,0,0,0,0,0
2021-03-04,SCONES,Butt Almond,0,0,0,0,0,0,0,0,0,0,0,0,0,0
2021-03-04,SCONES,Turtle,0,11,11,11,0,0,0,0,0,0,0,0,0,0
2021-03-04,SCONES,Cin Chip,0,0,0,0,0,0,0,0,0,0,0,0,0,0
2021-03-04,SCONES,BLARNEY,0,8,8,8,0,0,0,0,0,0,0,0,0,0
2021-03-04,FRUIT BARS,mixed berry,0,0,0,0,0,0,0,0,0,0,0,0,0,0
2021-03-04,FRUIT BARS,cherry,0,0,0,0,0,0,0,0,0,0,0,0,0,0
2021-03-04,FRUIT BARS,apple cin,0,5,5,4,0,1,0,0,0,0,0,0,0,0
2021-03-04,FRUIT BARS,rasp-blue-peach,0,5,5,5,0,0,0,0,0,0,0,0,0,0
2021-03-04,MUFFINS,straw short,0,4,4,3,0,1,0,0,0,0,0,0,0,0
2021-03-04,MUFFINS,choc carm,0,4,4,1,0,3,0,0,0,0,0,0,0,0
2021-03-04,MUFFINS,lemon blue,0,3,3,3,0,0,0,0,0,0,0,0,0,0
2021-03-04,MUFFINS,lemon popp,0,3,3,0,0,3,0,0,0,0,0,0,0,0
2021-03-04,MUFFINS,Cookies,0,0,0,0,0,0,0,0,0,0,0,0,0,0
2021-03-04,MUFFINS,Bars,0,0,0,0,0,0,0,0,0,0,0,0,0,0
2021-03-04,MUFFINS,oat cc,0,24,24,24,0,0,0,0,0,0,0,0,0,0
2021-03-04,MUFFINS,triple cc,9,33,42,42,0,0,0,0,0,0,0,0,0,0
2021-03-04,MUFFINS,snicker,2,24,26,24,0,0,2,0,0,0,0,0,0,0
2021-03-04,MUFFINS,frosted,6,18,24,10,0,0,14,0,0,0,0,0,0,0
2021-03-04,MUFFINS,brownie,4,4,8,6,0,0,2,0,0,0,0,0,0,0
2021-03-04,MUFFINS,lemon bar,4,6,10,5,0,0,5,0,0,0,0,0,0,0
2021-03-04,MUFFINS,ohhh,4,0,4,4,0,0,0,2,0,2,2,0,0,0
2021-03-04,MUFFINS,Bread Pudding,3,0,3,3,0,0,0,2,0,2,2,0,0,0
2021-03-04,MUFFINS,Totals,32,199,231,195,0,13,23,4,0,4,4,0,0,0
2021-03-05,BREAD,H,28,24,52,19,0,7,26,0,0,0,0,0,0,0
2021-03-05,BREAD,FR,14,37,51,19,0,0,32,0,0,0,0,0,0,0
2021-03-05,BREAD,GW,0,10,10,3,1,0,6,0,0,0,0,0,0,0
2021-03-05,BREAD,DK,13,15,28,9,0,1,18,0,0,0,0,0,0,0
2021-03-05,BREAD,H5|Cran,15,0,15,2,0,0,13,8,0,8,2,0,0,6
2021-03-05,BREAD,CSWRL,4,12,16,12,0,0,4,1,3,4,3,0,0,1
2021-03-05,BREAD,VA Swrl,10,8,18,11,0,0,7,2,0,2,2,0,0,0
2021-03-05,BREAD,ISB,4,0,4,4,0,0,0,3,0,3,3,0,0,0
2021-03-05,BREAD,G & S,0,18,18,7,0,0,11,0,4,4,4,0,0,0
2021-03-05,BREAD,CnE,0,33,33,18,9,0,6,0,4,4,4,0,0,0
2021-03-05,BREAD,CnR,0,6,6,3,0,0,3,0,0,0,0,0,0,0
2021-03-05,BREAD,CnW,0,6,6,5,0,0,1,0,0,0,0,0,0,0
2021-03-05,BREAD,CG,0,6,6,5,0,0,1,0,3,3,3,0,0,0
2021-03-05,BREAD,Pesto CG,0,6,6,0,0,0,6,0,0,0,0,0,0,0
2021-03-05,BREAD,VS,5,0,5,5,0,0,0,1,0,1,1,0,0,0
2021-03-05,BREAD,SOUR,0,15,15,8,0,0,7,0,0,0,0,0,0,0
2021-03-05,BREAD,RG SOUR,0,6,6,0,0,0,6,0,0,0,0,0,0,0
2021-03-05,BREAD,CAR,0,0,0,0,0,0,0,0,0,0,0,0,0,0
2021-03-05,BREAD,IHF,0,0,0,0,0,0,0,0,0,0,0,0,0,0
2021-03-05,BREAD,HCB,0,0,0,0,0,0,0,0,0,0,0,0,0,0
2021-03-05,BREAD,BUT Rls,0,0,0,0,0,0,0,0,0,0,0,0,0,0
2021-03-05,BREAD,PASTEL,0,0,0,0,0,0,0,0,0,0,0,0,0,0
2021-03-05,BREAD,H-RLS,1,5,6,1,0,1,4,0,0,0,0,0,0,0
2021-03-05,BREAD,FR-RLS,2,5,7,3,0,0,4,0,0,0,0,0,0,0
2021-03-05,BREAD,VS-RLS,1,0,1,1,0,0,0,0,0,0,0,0,0,0
2021-03-05,BREAD,Straw Short,0,6,6,1,0,0,5,0,0,0,0,0,0,0
2021-03-05,BREAD,Choc Carm,0,6,6,1,0,0,5,0,0,0,0,0,0,0
2021-03-05,BREAD,Lemon Blue,0,4,4,3,0,0,1,0,0,0,0,0,0,0
2021-03-05,BREAD,Lemon Pop,0,4,4,0,0,0,4,0,0,0,0,0,0,0
2021-03-05,ROLLS,Cinnamon,0,72,72,66,5,1,0,0,0,0,0,0,0,0
2021-03-05,ROLLS,Mini C-Roll,0,0,0,0,0,0,0,0,0,0,0,0,0,0
2021-03-05,SCONES,Blueberry,0,0,0,0,0,0,0,0,0,0,0,0,0,0
2021-03-05,SCONES,Rasp Cream,0,0,0,0,0,0,0,0,0,0,0,0,0,0
2021-03-05,SCONES,Cherry,0,22,22,13,6,3,0,0,0,0,0,0,0,0
2021-03-05,SCONES,Butt Almond,0,22,22,16,6,0,0,0,0,0,0,0,0,0
2021-03-05,SCONES,Turtle,0,0,0,0,0,0,0,0,0,0,0,0,0,0
2021-03-05,SCONES,Cin Chip,0,0,0,0,0,0,0,0,0,0,0,0,0,0
2021-03-05,SCONES,BLARNEY,0,10,10,10,0,0,0,0,0,0,0,0,0,0
2021-03-05,FRUIT BARS,mixed berry,0,10,10,8,0,2,0,0,0,0,0,0,0,0
2021-03-05,FRUIT BARS,cherry,0,10,10,6,0,4,0,0,0,0,0,0,0,0
2021-03-05,FRUIT BARS,apple cin,0,0,0,0,0,0,0,0,0,0,0,0,0,0
2021-03-05,FRUIT BARS,rasp-blue-peach,0,0,0,0,0,0,0,0,0,0,0,0,0,0
2021-03-05,MUFFINS,straw short,0,7,7,3,0,4,0,0,0,0,0,0,0,0
2021-03-05,MUFFINS,choc carm,0,7,7,7,0,0,0,0,0,0,0,0,0,0
2021-03-05,MUFFINS,lemon blue,0,8,8,5,0,3,0,0,0,0,0,0,0,0
2021-03-05,MUFFINS,lemon popp,0,8,8,6,0,2,0,0,0,0,0,0,0,0
2021-03-05,MUFFINS,Cookies,0,0,0,0,0,0,0,0,0,0,0,0,0,0
2021-03-05,MUFFINS,Bars,0,0,0,0,0,0,0,0,0,0,0,0,0,0
2021-03-05,MUFFINS,oat cc,0,30,30,17,6,0,7,0,0,0,0,0,0,0
2021-03-05,MUFFINS,triple cc,0,24,24,18,0,0,6,0,0,0,0,0,0,0
2021-03-05,MUFFINS,snicker,2,24,26,24,0,0,2,0,0,0,0,0,0,0
2021-03-05,MUFFINS,frosted,14,0,14,9,0,0,5,0,0,0,0,0,0,0
2021-03-05,MUFFINS,brownie,2,6,8,4,0,0,4,0,0,0,0,0,0,0
2021-03-05,MUFFINS,lemon bar,5,7,12,6,0,0,6,0,0,0,0,0,0,0
2021-03-05,MUFFINS,ohhh,0,0,0,-4,0,0,4,0,0,0,0,0,0,0
2021-03-05,MUFFINS,Bread Pudding,0,0,0,-3,0,0,3,0,0,0,0,0,0,0
2021-03-05,MUFFINS,Totals,23,267,290,211,23,19,37,0,0,0,0,0,0,0
2021-03-06,BREAD,H,26,0,26,10,0,16,0,0,0,0,0,0,0,0
2021-03-06,BREAD,FR,32,0,32,14,0,18,0,0,0,0,0,0,0,0
2021-03-06,BREAD,GW,6,2,8,6,0,2,0,0,0,0,0,0,0,0
2021-03-06,BREAD,DK,18,0,18,14,0,4,0,0,0,0,0,0,0,0
2021-03-06,BREAD,H5|Cran,13,0,13,5,0,8,0,6,0,6,2,0,0,0
2021-03-06,BREAD,CSWRL,4,12,16,16,0,0,0,1,2,3,3,0,0,0
2021-03-06,BREAD,VA Swrl,7,4,11,9,0,2,0,0,3,3,3,0,0,0
2021-03-06,BREAD,ISB,0,12,12,12,0,0,0,0,2,2,2,0,0,0
2021-03-06,BREAD,G & S,11,0,11,6,0,5,0,0,0,0,0,0,0,0
2021-03-06,BREAD,CnE,6,0,6,6,0,0,0,0,0,0,0,0,0,0
2021-03-06,BREAD,CnR,3,0,3,3,0,0,0,0,0,0,0,0,0,0
2021-03-06,BREAD,CnW,1,0,1,1,0,0,0,0,0,0,0,0,0,0
2021-03-06,BREAD,CG,1,0,1,1,0,0,0,0,0,0,0,0,0,0
2021-03-06,BREAD,Pesto CG,6,0,6,5,0,1,0,0,0,0,0,0,0,0
2021-03-06,BREAD,VS,0,0,0,0,0,0,0,0,0,0,0,0,0,0
2021-03-06,BREAD,SOUR,7,0,7,4,0,3,0,0,0,0,0,0,0,0
2021-03-06,BREAD,RG SOUR,6,0,6,5,0,1,0,0,0,0,0,0,0,0
2021-03-06,BREAD,CAR,0,0,0,0,0,0,0,0,0,0,0,0,0,0
2021-03-06,BREAD,IHF,0,0,0,0,0,0,0,0,0,0,0,0,0,0
2021-03-06,BREAD,HCB,0,0,0,0,0,0,0,0,0,0,0,0,0,0
2021-03-06,BREAD,BUT Rls,0,0,0,0,0,0,0,0,0,0,0,0,0,0
2021-03-06,BREAD,PASTEL,0,0,0,0,0,0,0,0,0,0,0,0,0,0
2021-03-06,BREAD,H-RLS,4,0,4,0,0,4,0,0,0,0,0,0,0,0
2021-03-06,BREAD,FR-RLS,4,0,4,2,0,2,0,0,0,0,0,0,0,0
2021-03-06,BREAD,VS-RLS,0,0,0,0,0,0,0,0,0,0,0,0,0,0
2021-03-06,BREAD,Straw Short,5,0,5,4,0,1,0,0,0,0,0,0,0,0
2021-03-06,BREAD,Choc Carm,5,0,5,4,0,1,0,0,0,0,0,0,0,0
2021-03-06,BREAD,Lemon Blue,1,1,2,1,0,1,0,0,0,0,0,0,0,0
2021-03-06,BREAD,Lemon Pop,1,1,2,0,0,2,0,0,0,0,0,0,0,0
2021-03-06,ROLLS,Cinnamon,0,96,96,84,7,5,0,0,0,0,0,0,0,0
2021-03-06,ROLLS,Mini C-Roll,0,0,0,0,0,0,0,0,0,0,0,0,0,0
2021-03-06,SCONES,Blueberry,0,19,19,16,3,0,0,0,0,0,0,0,0,0
2021-03-06,SCONES,Rasp Cream,0,0,0,0,0,0,0,0,0,0,0,0,0,0
2021-03-06,SCONES,Cherry,0,0,0,0,0,0,0,0,0,0,0,0,0,0
2021-03-06,SCONES,Butt Almond,0,15,15,12,3,0,0,0,0,0,0,0,0,0
2021-03-06,SCONES,Turtle,0,0,0,0,0,0,0,0,0,0,0,0,0,0
2021-03-06,SCONES,Cin Chip,0,0,0,0,0,0,0,0,0,0,0,0,0,0
2021-03-06,SCONES,BLARNEY,0,10,10,10,0,0,0,0,0,0,0,0,0,0
2021-03-06,FRUIT BARS,mixed berry,0,0,0,0,0,0,0,0,0,0,0,0,0,0
2021-03-06,FRUIT BARS,cherry,0,0,0,0,0,0,0,0,0,0,0,0,0,0
2021-03-06,FRUIT BARS,apple cin,0,10,10,8,0,2,0,0,0,0,0,0,0,0
2021-03-06,FRUIT BARS,rasp-blue-peach,0,10,10,9,0,1,0,0,0,0,0,0,0,0
2021-03-06,MUFFINS,straw short,0,6,6,2,0,4,0,0,0,0,0,0,0,0
2021-03-06,MUFFINS,choc carm,0,6,6,1,0,5,0,0,0,0,0,0,0,0
2021-03-06,MUFFINS,lemon blue,0,7,7,3,3,1,0,0,0,0,0,0,0,0
2021-03-06,MUFFINS,lemon popp,0,7,7,4,3,0,0,0,0,0,0,0,0,0
2021-03-06,MUFFINS,Cookies,0,0,0,0,0,0,0,0,0,0,0,0,0,0
2021-03-06,MUFFINS,Bars,0,0,0,0,0,0,0,0,0,0,0,0,0,0
2021-03-06,MUFFINS,oat cc,7,12,19,11,0,8,0,0,0,0,0,0,0,0
2021-03-06,MUFFINS,triple cc,6,12,18,16,0,2,0,0,0,0,0,0,0,0
2021-03-06,MUFFINS,snicker,2,18,20,4,0,16,0,0,0,0,0,0,0,0
2021-03-06,MUFFINS,"13"" TCC",0,1,1,0,1,0,0,0,0,0,0,0,0,0
2021-03-06,MUFFINS,(7 cookies),0,0,0,0,0,0,0,0,0,0,0,0,0,0
2021-03-06,MUFFINS,frosted,5,6,11,1,0,4,6,0,0,0,0,0,0,0
2021-03-06,MUFFINS,brownie,4,4,8,8,0,0,0,0,0,0,0,0,0,0
2021-03-06,MUFFINS,lemon bar,6,2,8,8,0,0,0,0,0,0,0,0,0,0
2021-03-06,MUFFINS,ohhh,4,0,4,0,0,0,4,0,0,0,-1,0,0,1
2021-03-06,MUFFINS,Bread Pudding,3,0,3,2,0,0,1,0,0,0,0,0,0,0
2021-03-06,MUFFINS,Totals,37,241,278,199,20,48,11,0,0,0,-1,0,0,1
2021-03-07,BREAD,H,0,0,0,0,0,0,0,0,0,0,0,0,0,0
2021-03-07,BREAD,FR,0,0,0,0,0,0,0,0,0,0,0,0,0,0
2021-03-07,BREAD,GW,0,0,0,0,0,0,0,0,0,0,0,0,0,0
2021-03-07,BREAD,DK,0,0,0,0,0,0,0,0,0,0,0,0,0,0
2021-03-07,BREAD,H5|Cran,0,0,0,0,0,0,0,0,0,0,0,0,0,0
2021-03-07,BREAD,CSWRL,0,0,0,0,0,0,0,0,0,0,0,0,0,0
2021-03-07,BREAD,VA Swrl,0,0,0,0,0,0,0,0,0,0,0,0,0,0
2021-03-07,BREAD,ISB,0,0,0,0,0,0,0,0,0,0,0,0,0,0
2021-03-07,BREAD,G & S,0,0,0,0,0,0,0,0,0,0,0,0,0,0
2021-03-07,BREAD,CnE,0,0,0,0,0,0,0,0,0,0,0,0,0,0
2021-03-07,BREAD,CnR,0,0,0,0,0,0,0,0,0,0,0,0,0,0
2021-03-07,BREAD,CnW,0,0,0,0,0,0,0,0,0,0,0,0,0,0
2021-03-07,BREAD,CG,0,0,0,0,0,0,0,0,0,0,0,0,0,0
2021-03-07,BREAD,Pesto CG,0,0,0,0,0,0,0,0,0,0,0,0,0,0
2021-03-07,BREAD,VS,0,0,0,0,0,0,0,0,0,0,0,0,0,0
2021-03-07,BREAD,SOUR,0,0,0,0,0,0,0,0,0,0,0,0,0,0
2021-03-07,BREAD,RG SOUR,0,0,0,0,0,0,0,0,0,0,0,0,0,0
2021-03-07,BREAD,CAR,0,0,0,0,0,0,0,0,0,0,0,0,0,0
2021-03-07,BREAD,IHF,0,0,0,0,0,0,0,0,0,0,0,0,0,0
2021-03-07,BREAD,HCB,0,0,0,0,0,0,0,0,0,0,0,0,0,0
2021-03-07,BREAD,BUT Rls,0,0,0,0,0,0,0,0,0,0,0,0,0,0
2021-03-07,BREAD,PASTEL,0,0,0,0,0,0,0,0,0,0,0,0,0,0
2021-03-07,BREAD,H-RLS,0,0,0,0,0,0,0,0,0,0,0,0,0,0
2021-03-07,BREAD,FR-RLS,0,0,0,0,0,0,0,0,0,0,0,0,0,0
2021-03-07,BREAD,VS-RLS,0,0,0,0,0,0,0,0,0,0,0,0,0,0
2021-03-07,BREAD,Straw Short,0,0,0,0,0,0,0,0,0,0,0,0,0,0
2021-03-07,BREAD,Choc Carm,0,0,0,0,0,0,0,0,0,0,0,0,0,0
2021-03-07,BREAD,Lemon Blue,0,0,0,0,0,0,0,0,0,0,0,0,0,0
2021-03-07,BREAD,Lemon Pop,0,0,0,0,0,0,0,0,0,0,0,0,0,0
2021-03-07,ROLLS,C-r Heart,0,0,0,0,0,0,0,0,0,0,0,0,0,0
2021-03-07,ROLLS,Mini C-Roll,0,0,0,0,0,0,0,0,0,0,0,0,0,0
2021-03-07,SCONES,Blueberry,0,0,0,0,0,0,0,0,0,0,0,0,0,0
2021-03-07,SCONES,Rasp Cream,0,0,0,0,0,0,0,0,0,0,0,0,0,0
2021-03-07,SCONES,Cherry,0,0,0,0,0,0,0,0,0,0,0,0,0,0
2021-03-07,SCONES,Butt Almond,0,0,0,0,0,0,0,0,0,0,0,0,0,0
2021-03-07,SCONES,Turtle,0,0,0,0,0,0,0,0,0,0,0,0,0,0
2021-03-07,SCONES,BLARNEY,0,0,0,0,0,0,0,0,0,0,0,0,0,0
2021-03-07,SCONES,mixed berry,0,0,0,0,0,0,0,0,0,0,0,0,0,0
2021-03-07,SCONES,cherry,0,0,0,0,0,0,0,0,0,0,0,0,0,0
2021-03-07,SCONES,apple cin,0,0,0,0,0,0,0,0,0,0,0,0,0,0
2021-03-07,SCONES,rasp-blue-peach,0,0,0,0,0,0,0,0,0,0,0,0,0,0
2021-03-07,SCONES,Rasp-peach,0,0,0,0,0,0,0,0,0,0,0,0,0,0
2021-03-07,SCONES,blue,0,0,0,0,0,0,0,0,0,0,0,0,0,0
2021-03-07,SCONES,straw short,0,0,0,0,0,0,0,0,0,0,0,0,0,0
2021-03-07,SCONES,choc carm,0,0,0,0,0,0,0,0,0,0,0,0,0,0
2021-03-07,SCONES,lemon blue,0,0,0,0,0,0,0,0,0,0,0,0,0,0
2021-03-07,SCONES,lemon popp,0,0,0,0,0,0,0,0,0,0,0,0,0,0
2021-03-07,SCONES,oat cc,0,0,0,0,0,0,0,0,0,0,0,0,0,0
2021-03-07,SCONES,triple cc,0,0,0,0,0,0,0,0,0,0,0,0,0,0
2021-03-07,SCONES,snicker,0,0,0,0,0,0,0,0,0,0,0,0,0,0
2021-03-07,SCONES,frosted,0,0,0,0,0,0,0,0,0,0,0,0,0,0
2021-03-07,SCONES,brownie,6,0,6,6,0,0,0,0,0,0,0,0,0,0
2021-03-07,SCONES,lemon bar,0,0,0,0,0,0,0,0,0,0,0,0,0,0
2021-03-07,SCONES,ohhh,0,0,0,0,0,0,0,0,0,0,0,0,0,0
2021-03-07,SCONES,Pump OHH,4,0,4,4,0,0,0,1,0,1,1,0,0,0
2021-03-07,SCONES,Bread Pudding,1,0,1,1,0,0,0,0,0,0,0,0,0,0
2021-03-07,SCONES,Totals,11,0,11,11,0,0,0,1,0,1,1,0,0,0
2021-03-08,BREAD,H,0,35,35,16,0,0,19,0,0,0,0,0,0,0
2021-03-08,BREAD,FR,0,50,50,15,24,0,11,0,0,0,0,0,0,0
2021-03-08,BREAD,GW,0,13,13,6,0,0,7,0,0,0,0,0,0,0
2021-03-08,BREAD,DK,0,21,21,10,0,0,11,0,0,0,0,0,0,0
2021-03-08,BREAD,H5|Cran,0,0,0,0,0,0,0,0,0,0,0,0,0,0
2021-03-08,BREAD,CSWRL,0,16,16,5,0,0,11,0,3,3,2,0,0,1
2021-03-08,BREAD,VA Swrl,0,12,12,9,0,0,3,0,2,2,2,0,0,0
2021-03-08,BREAD,ISB,0,0,0,0,0,0,0,0,0,0,0,0,0,0
2021-03-08,BREAD,G & S,0,0,0,0,0,0,0,0,0,0,0,0,0,0
2021-03-08,BREAD,CnE,0,16,16,7,0,0,9,0,3,3,1,0,0,2
2021-03-08,BREAD,CnR,0,4,4,0,0,0,4,0,0,0,0,0,0,0
2021-03-08,BREAD,CnW,0,4,4,3,0,0,1,0,0,0,0,0,0,0
2021-03-08,BREAD,CG,0,5,5,5,0,0,0,0,3,3,3,0,0,0
2021-03-08,BREAD,Pesto CG,0,3,3,3,0,0,0,0,0,0,0,0,0,0
2021-03-08,BREAD,VS,0,0,0,0,0,0,0,0,0,0,0,0,0,0
2021-03-08,BREAD,SOUR,0,20,20,6,4,0,10,0,0,0,0,0,0,0
2021-03-08,BREAD,RG SOUR,0,6,6,1,0,0,5,0,0,0,0,0,0,0
2021-03-08,BREAD,BUNNY,0,3,3,-1,3,0,1,0,0,0,0,0,0,0
2021-03-08,BREAD,CAR,0,0,0,0,0,0,0,0,0,0,0,0,0,0
2021-03-08,BREAD,IHF,0,0,0,0,0,0,0,0,0,0,0,0,0,0
2021-03-08,BREAD,HCB,0,0,0,0,0,0,0,0,0,0,0,0,0,0
2021-03-08,BREAD,BUT Rls,0,0,0,0,0,0,0,0,0,0,0,0,0,0
2021-03-08,BREAD,PASTEL,0,0,0,0,0,0,0,0,0,0,0,0,0,0
2021-03-08,BREAD,H-RLS,0,3,3,2,0,0,1,0,0,0,0,0,0,0
2021-03-08,BREAD,FR-RLS,0,3,3,1,0,0,2,0,0,0,0,0,0,0
2021-03-08,BREAD,VS-RLS,0,0,0,0,0,0,0,0,0,0,0,0,0,0
2021-03-08,BREAD,Straw Short,0,3,3,1,0,0,2,0,0,0,0,0,0,0
2021-03-08,BREAD,Choc Carm,0,3,3,1,0,0,2,0,0,0,0,0,0,0
2021-03-08,BREAD,Lemon Blue,0,2,2,2,0,0,0,0,0,0,0,0,0,0
2021-03-08,BREAD,Lemon Pop,0,2,2,1,0,0,1,0,0,0,0,0,0,0
2021-03-08,ROLLS,Cinnamon,0,24,24,23,1,0,0,0,0,0,0,0,0,0
2021-03-08,ROLLS,Mini C-Roll,0,0,0,0,0,0,0,0,0,0,0,0,0,0
2021-03-08,SCONES,Blueberry,0,0,0,0,0,0,0,0,0,0,0,0,0,0
2021-03-08,SCONES,Rasp Cream,0,22,22,10,12,0,0,0,0,0,0,0,0,0
2021-03-08,SCONES,Cherry,0,0,0,0,0,0,0,0,0,0,0,0,0,0
2021-03-08,SCONES,Butt Almond,0,0,0,0,0,0,0,0,0,0,0,0,0,0
2021-03-08,SCONES,Turtle,0,0,0,0,0,0,0,0,0,0,0,0,0,0
2021-03-08,SCONES,Cin Chip,0,22,22,10,12,0,0,0,0,0,0,0,0,0
2021-03-08,SCONES,BLARNEY,0,8,8,8,0,0,0,0,0,0,0,0,0,0
2021-03-08,FRUIT BARS,mixed berry,0,10,10,4,6,0,0,0,0,0,0,0,0,0
2021-03-08,FRUIT BARS,cherry,0,10,10,4,6,0,0,0,0,0,0,0,0,0
2021-03-08,FRUIT BARS,apple cin,0,5,5,1,2,2,0,0,0,0,0,0,0,0
2021-03-08,FRUIT BARS,rasp-blue-peach,0,5,5,0,2,3,0,0,0,0,0,0,0,0
2021-03-08,MUFFINS,straw short,0,11,11,4,7,0,0,0,0,0,0,0,0,0
2021-03-08,MUFFINS,choc carm,0,11,11,4,7,0,0,0,0,0,0,0,0,0
2021-03-08,MUFFINS,lemon blue,0,10,10,3,7,0,0,0,0,0,0,0,0,0
2021-03-08,MUFFINS,lemon popp,0,10,10,3,7,0,0,0,0,0,0,0,0,0
2021-03-08,MUFFINS,Cookies,0,0,0,0,0,0,0,0,0,0,0,0,0,0
2021-03-08,MUFFINS,Bars,0,0,0,0,0,0,0,0,0,0,0,0,0,0
2021-03-08,MUFFINS,oat cc,0,18,18,18,0,0,0,0,0,0,0,0,0,0
2021-03-08,MUFFINS,triple cc,0,18,18,11,0,0,7,0,0,0,0,0,0,0
2021-03-08,MUFFINS,snicker,0,18,18,18,0,0,0,0,0,0,0,0,0,0
2021-03-08,MUFFINS,frosted,0,18,18,0,0,3,15,0,0,0,0,0,0,0
2021-03-08,MUFFINS,brownie,0,8,8,1,0,0,7,0,0,0,0,0,0,0
2021-03-08,MUFFINS,lemon bar,0,8,8,4,0,0,4,0,0,0,0,0,0,0
2021-03-08,MUFFINS,ohhh,0,0,0,0,0,0,0,0,0,0,0,0,0,0
2021-03-08,MUFFINS,Bread Pudding,4,0,4,4,0,0,0,1,0,1,1,0,0,0
2021-03-08,MUFFINS,Totals,4,236,240,130,69,8,33,1,0,1,1,0,0,0
2021-03-09,BREAD,H,19,18,37,22,0,0,15,0,0,0,0,0,0,0
2021-03-09,BREAD,FR,11,18,29,12,0,0,17,0,0,0,0,0,0,0
2021-03-09,BREAD,GW,7,3,10,10,0,0,0,0,0,0,0,0,0,0
2021-03-09,BREAD,DK,11,0,11,10,0,0,1,0,0,0,0,0,0,0
2021-03-09,BREAD,H5|Cran,0,11,11,11,0,0,0,0,8,8,3,0,0,5
2021-03-09,BREAD,CSWRL,11,4,15,14,0,0,1,1,2,3,1,0,0,2
2021-03-09,BREAD,VA Swrl,3,8,11,4,0,0,7,0,3,3,3,0,0,0
2021-03-09,BREAD,ISB,0,9,9,6,0,0,3,0,4,4,4,0,0,0
2021-03-09,BREAD,G & S,0,0,0,0,0,0,0,0,0,0,0,0,0,0
2021-03-09,BREAD,CnE,9,0,9,9,0,0,0,2,0,2,2,0,0,0
2021-03-09,BREAD,CnR,4,0,4,4,0,0,0,0,0,0,0,0,0,0
2021-03-09,BREAD,CnW,1,0,1,1,0,0,0,0,0,0,0,0,0,0
2021-03-09,BREAD,CG,0,0,0,0,0,0,0,0,0,0,0,0,0,0
2021-03-09,BREAD,Pesto CG,0,0,0,0,0,0,0,0,0,0,0,0,0,0
2021-03-09,BREAD,VS,0,8,8,2,2,0,4,0,2,2,0,0,0,2
2021-03-09,BREAD,SOUR,10,13,23,11,12,0,0,0,0,0,0,0,0,0
2021-03-09,BREAD,RG SOUR,5,0,5,5,0,0,0,0,0,0,0,0,0,0
2021-03-09,BREAD,CAR,0,0,0,0,0,0,0,0,0,0,0,0,0,0
2021-03-09,BREAD,IHF,0,0,0,0,0,0,0,0,0,0,0,0,0,0
2021-03-09,BREAD,HCB,0,0,0,0,0,0,0,0,0,0,0,0,0,0
2021-03-09,BREAD,BUT Rls,0,0,0,0,0,0,0,0,0,0,0,0,0,0
2021-03-09,BREAD,PASTEL,0,0,0,0,0,0,0,0,0,0,0,0,0,0
2021-03-09,BREAD,H-Rls,1,2,3,1,0,0,2,0,0,0,0,0,0,0
2021-03-09,BREAD,FR-RLS,2,2,4,2,0,0,2,0,0,0,0,0,0,0
2021-03-09,BREAD,VS-RLS,0,3,3,3,0,0,0,0,0,0,0,0,0,0
2021-03-09,BREAD,Straw Short,2,2,4,0,0,2,2,0,0,0,0,0,0,0
2021-03-09,BREAD,Choc Carm,2,2,4,2,0,0,2,0,0,0,0,0,0,0
2021-03-09,BREAD,Lemon Blue,0,3,3,3,0,0,0,0,0,0,0,0,0,0
2021-03-09,BREAD,Lemon Pop,1,2,3,3,0,0,0,0,0,0,0,0,0,0
2021-03-09,ROLLS,Cinnamon,0,36,36,36,0,0,0,0,0,0,0,0,0,0
2021-03-09,ROLLS,Mini C-Roll,0,0,0,0,0,0,0,0,0,0,0,0,0,0
2021-03-09,SCONES,Blueberry,0,22,22,20,2,0,0,0,0,0,0,0,0,0
2021-03-09,SCONES,Rasp Cream,0,0,0,0,0,0,0,0,0,0,0,0,0,0
2021-03-09,SCONES,Cherry,0,0,0,0,0,0,0,0,0,0,0,0,0,0
2021-03-09,SCONES,Butt Almond,0,14,14,14,0,0,0,0,0,0,0,0,0,0
2021-03-09,SCONES,Turtle,0,0,0,0,0,0,0,0,0,0,0,0,0,0
2021-03-09,SCONES,Cin Chip,0,22,22,13,8,1,0,0,0,0,0,0,0,0
2021-03-09,SCONES,BLARNEY,0,8,8,8,0,0,0,0,0,0,0,0,0,0
2021-03-09,FRUIT BARS,mixed berry,0,0,0,0,0,0,0,0,0,0,0,0,0,0
2021-03-09,FRUIT BARS,cherry,0,0,0,0,0,0,0,0,0,0,0,0,0,0
2021-03-09,FRUIT BARS,apple cin,0,12,12,6,6,0,0,0,0,0,0,0,0,0
2021-03-09,FRUIT BARS,rasp-blue-peach,0,8,8,6,2,0,0,0,0,0,0,0,0,0
2021-03-09,MUFFINS,straw short,0,4,4,4,0,0,0,0,0,0,0,0,0,0
2021-03-09,MUFFINS,choc carm,0,4,4,4,0,0,0,0,0,0,0,0,0,0
2021-03-09,MUFFINS,lemon blue,0,3,3,3,0,0,0,0,0,0,0,0,0,0
2021-03-09,MUFFINS,lemon popp,0,3,3,2,0,1,0,0,0,0,0,0,0,0
2021-03-09,MUFFINS,Cookies,0,0,0,0,0,0,0,0,0,0,0,0,0,0
2021-03-09,MUFFINS,Bars,0,0,0,0,0,0,0,0,0,0,0,0,0,0
2021-03-09,MUFFINS,oat cc,0,24,24,16,2,0,6,0,0,0,0,0,0,0
2021-03-09,MUFFINS,triple cc,7,12,19,12,1,6,0,0,0,0,0,0,0,0
2021-03-09,MUFFINS,snicker,0,24,24,17,1,0,6,0,0,0,0,0,0,0
2021-03-09,MUFFINS,frosted,15,0,15,8,0,0,7,0,0,0,0,0,0,0
2021-03-09,MUFFINS,brownie,7,0,7,1,0,0,6,0,0,0,0,0,0,0
2021-03-09,MUFFINS,lemon bar,4,2,6,2,0,4,0,0,0,0,0,0,0,0
2021-03-09,MUFFINS,ohhh,0,0,0,0,0,0,0,0,0,0,0,0,0,0
2021-03-09,MUFFINS,Bread Pudding,0,0,0,0,0,0,0,0,0,0,0,0,0,0
2021-03-09,MUFFINS,Totals,33,198,231,172,22,12,25,0,0,0,0,0,0,0
2021-03-10,BREAD,H,15,25,40,13,2,0,25,0,0,0,0,0,0,0
2021-03-10,BREAD,FR,17,12,29,20,0,0,9,0,0,0,0,0,0,0
2021-03-10,BREAD,GW,0,12,12,2,0,0,10,0,0,0,0,0,0,0
2021-03-10,BREAD,DK,1,20,21,9,2,0,10,0,0,0,0,0,0,0
2021-03-10,BREAD,H5|Cran,0,0,0,-2,0,0,2,5,0,5,5,0,0,0
2021-03-10,BREAD,CSWRL,1,16,17,14,0,0,3,2,0,2,2,0,0,0
2021-03-10,BREAD,VA Swrl,7,8,15,8,0,1,6,0,3,3,3,0,0,0
2021-03-10,BREAD,ISB,3,0,3,3,0,0,0,0,0,0,0,0,0,0
2021-03-10,BREAD,G & S,0,11,11,10,1,0,0,0,4,4,4,0,0,0
2021-03-10,BREAD,CnE,0,9,9,7,2,0,0,0,2,2,1,0,0,1
2021-03-10,BREAD,CnR,0,6,6,3,0,0,3,0,0,0,0,0,0,0
2021-03-10,BREAD,CnW,0,6,6,0,0,0,6,0,0,0,0,0,0,0
2021-03-10,BREAD,CG,0,0,0,0,0,0,0,0,0,0,0,0,0,0
2021-03-10,BREAD,Pesto CG,0,0,0,0,0,0,0,0,0,0,0,0,0,0
2021-03-10,BREAD,VS,4,0,4,4,0,0,0,2,0,2,2,0,0,0
2021-03-10,BREAD,SOUR,0,23,23,6,0,0,17,0,0,0,0,0,0,0
2021-03-10,BREAD,RG SOUR,0,6,6,5,0,0,1,0,0,0,0,0,0,0
2021-03-10,BREAD,CAR,0,0,0,0,0,0,0,0,0,0,0,0,0,0
2021-03-10,BREAD,IHF,0,0,0,0,0,0,0,0,0,0,0,0,0,0
2021-03-10,BREAD,HCB,0,0,0,0,0,0,0,0,0,0,0,0,0,0
2021-03-10,BREAD,BUT Rls,0,0,0,0,0,0,0,0,0,0,0,0,0,0
2021-03-10,BREAD,PASTEL,0,0,0,0,0,0,0,0,0,0,0,0,0,0
2021-03-10,BREAD,H-RLS,2,0,2,1,0,1,0,0,0,0,0,0,0,0
2021-03-10,BREAD,FR-RLS,2,0,2,2,0,0,0,0,0,0,0,0,0,0
2021-03-10,BREAD,VS-RLS,0,0,0,0,0,0,0,0,0,0,0,0,0,0
2021-03-10,BREAD,Straw Short,2,2,4,2,0,2,0,0,0,0,0,0,0,0
2021-03-10,BREAD,Choc Carm,2,2,4,3,0,0,1,0,0,0,0,0,0,0
2021-03-10,BREAD,Lemon Blue,0,3,3,0,0,0,3,0,0,0,0,0,0,0
2021-03-10,BREAD,Lemon Pop,0,3,3,2,0,0,1,0,0,0,0,0,0,0
2021-03-10,ROLLS,Cinnamon,0,36,36,36,0,0,0,0,0,0,0,0,0,0
2021-03-10,ROLLS,Mini C-Roll,0,0,0,0,0,0,0,0,0,0,0,0,0,0
2021-03-10,SCONES,Blueberry,0,0,0,0,0,0,0,0,0,0,0,0,0,0
2021-03-10,SCONES,Rasp Cream,0,23,23,19,4,0,0,0,0,0,0,0,0,0
2021-03-10,SCONES,Cherry,0,0,0,0,0,0,0,0,0,0,0,0,0,0
2021-03-10,SCONES,Butt Almond,0,0,0,0,0,0,0,0,0,0,0,0,0,0
2021-03-10,SCONES,Turtle,0,8,8,8,0,0,0,0,0,0,0,0,0,0
2021-03-10,SCONES,Cin Chip,0,0,0,0,0,0,0,0,0,0,0,0,0,0
2021-03-10,SCONES,BLARNEY,0,34,34,10,24,0,0,0,0,0,0,0,0,0
2021-03-10,FRUIT BARS,mixed berry,0,5,5,5,0,0,0,0,0,0,0,0,0,0
2021-03-10,FRUIT BARS,cherry,0,5,5,5,0,0,0,0,0,0,0,0,0,0
2021-03-10,FRUIT BARS,apple cin,0,0,0,0,0,0,0,0,0,0,0,0,0,0
2021-03-10,FRUIT BARS,rasp-blue-peach,0,0,0,0,0,0,0,0,0,0,0,0,0,0
2021-03-10,MUFFINS,straw short,0,4,4,4,0,0,0,0,0,0,0,0,0,0
2021-03-10,MUFFINS,choc carm,0,4,4,4,0,0,0,0,0,0,0,0,0,0
2021-03-10,MUFFINS,lemon blue,0,3,3,3,0,0,0,0,0,0,0,0,0,0
2021-03-10,MUFFINS,lemon popp,0,3,3,3,0,0,0,0,0,0,0,0,0,0
2021-03-10,COOKIES/BARS,oat cc,6,30,36,26,10,0,0,0,0,0,0,0,0,0
2021-03-10,COOKIES/BARS,triple cc,0,36,36,14,12,0,10,0,0,0,0,0,0,0
2021-03-10,COOKIES/BARS,snicker,6,30,36,24,12,0,0,0,0,0,0,0,0,0
2021-03-10,COOKIES/BARS,frosted,7,6,13,13,0,0,0,0,0,0,0,0,0,0
2021-03-10,COOKIES/BARS,brownie,6,2,8,5,0,2,1,0,0,0,0,0,0,0
2021-03-10,COOKIES/BARS,lemon bar,0,8,8,4,0,0,4,0,0,0,0,0,0,0
2021-03-10,COOKIES/BARS,ohhh,0,0,0,-4,0,0,4,0,0,0,0,0,0,0
2021-03-10,COOKIES/BARS,Bread Pudding,0,0,0,-6,0,0,6,0,0,0,-6,0,0,6
2021-03-10,COOKIES/BARS,Totals,25,237,262,173,62,2,25,0,0,0,-6,0,0,6
2021-03-11,BREAD,H,25,12,37,13,0,0,24,0,0,0,0,0,0,0
2021-03-11,BREAD,FR,9,38,47,18,24,0,5,0,0,0,0,0,0,0
2021-03-11,BREAD,GW,10,3,13,3,0,8,2,0,0,0,0,0,0,0
2021-03-11,BREAD,DK,10,0,10,10,0,0,0,0,0,0,0,0,0,0
2021-03-11,BREAD,H5|Cran,2,19,21,11,2,0,8,0,8,8,3,0,0,5
2021-03-11,BREAD,CSWRL,3,12,15,12,0,0,3,0,4,4,2,0,0,2
2021-03-11,BREAD,VA Swrl,6,8,14,8,0,0,6,0,3,3,1,0,0,2
2021-03-11,BREAD,ISB,0,13,13,12,1,0,0,0,5,5,5,0,0,0
2021-03-11,BREAD,G & S,0,0,0,0,0,0,0,0,0,0,0,0,0,0
2021-03-11,BREAD,CnE,0,0,0,0,0,0,0,1,0,1,1,0,0,0
2021-03-11,BREAD,CnR,3,0,3,3,0,0,0,0,0,0,0,0,0,0
2021-03-11,BREAD,CnW,6,0,6,4,0,2,0,0,0,0,0,0,0,0
2021-03-11,BREAD,CG,0,0,0,0,0,0,0,0,0,0,0,0,0,0
2021-03-11,BREAD,Pesto CG,0,0,0,0,0,0,0,0,0,0,0,0,0,0
2021-03-11,BREAD,VS,0,14,14,7,0,0,7,0,3,3,2,0,0,1
2021-03-11,BREAD,SOUR,17,0,17,13,0,4,0,0,0,0,0,0,0,0
2021-03-11,BREAD,RG SOUR,1,0,1,1,0,0,0,0,0,0,0,0,0,0
2021-03-11,BREAD,CAR,0,19,19,19,0,0,0,0,0,0,0,0,0,0
2021-03-11,BREAD,IHF,0,0,0,0,0,0,0,0,0,0,0,0,0,0
2021-03-11,BREAD,HCB,0,0,0,0,0,0,0,0,0,0,0,0,0,0
2021-03-11,BREAD,BUT Rls,0,0,0,0,0,0,0,0,0,0,0,0,0,0
2021-03-11,BREAD,PASTEL,0,0,0,0,0,0,0,0,0,0,0,0,0,0
2021-03-11,BREAD,H-RLS,0,4,4,1,0,0,3,0,0,0,0,0,0,0
2021-03-11,BREAD,FR-RLS,0,3,3,2,0,0,1,0,0,0,0,0,0,0
2021-03-11,BREAD,VS-RLS,0,4,4,4,0,0,0,0,0,0,0,0,0,0
2021-03-11,BREAD,Straw Short,0,4,4,4,0,0,0,0,0,0,0,0,0,0
2021-03-11,BREAD,Choc Carm,1,3,4,0,0,1,3,0,0,0,0,0,0,0
2021-03-11,BREAD,Lemon Blue,3,0,3,3,0,0,0,0,0,0,0,0,0,0
2021-03-11,BREAD,Lemon Pop,1,2,3,0,0,1,2,0,0,0,0,0,0,0
2021-03-11,ROLLS,Cinnamon,0,48,48,47,0,1,0,0,0,0,0,0,0,0
2021-03-11,ROLLS,Mini C-Roll,0,0,0,0,0,0,0,0,0,0,0,0,0,0
2021-03-11,SCONES,Blueberry,0,11,11,11,0,0,0,0,0,0,0,0,0,0
2021-03-11,SCONES,Rasp Cream,0,0,0,0,0,0,0,0,0,0,0,0,0,0
2021-03-11,SCONES,Cherry,0,0,0,0,0,0,0,0,0,0,0,0,0,0
2021-03-11,SCONES,Butt Almond,0,0,0,0,0,0,0,0,0,0,0,0,0,0
2021-03-11,SCONES,Turtle,0,11,11,11,0,0,0,0,0,0,0,0,0,0
2021-03-11,SCONES,Cin Chip,0,0,0,0,0,0,0,0,0,0,0,0,0,0
2021-03-11,SCONES,BLARNEY,0,8,8,8,0,0,0,0,0,0,0,0,0,0
2021-03-11,FRUIT BARS,mixed berry,0,0,0,0,0,0,0,0,0,0,0,0,0,0
2021-03-11,FRUIT BARS,cherry,0,0,0,0,0,0,0,0,0,0,0,0,0,0
2021-03-11,FRUIT BARS,apple cin,0,5,5,5,0,0,0,0,0,0,0,0,0,0
2021-03-11,FRUIT BARS,rasp-blue-peach,0,5,5,5,0,0,0,0,0,0,0,0,0,0
2021-03-11,MUFFINS,straw short,0,4,4,4,0,0,0,0,0,0,0,0,0,0
2021-03-11,MUFFINS,choc carm,0,4,4,4,0,0,0,0,0,0,0,0,0,0
2021-03-11,MUFFINS,lemon blue,0,3,3,1,0,2,0,0,0,0,0,0,0,0
2021-03-11,MUFFINS,lemon popp,0,3,3,1,0,2,0,0,0,0,0,0,0,0
2021-03-11,COOKIES/BARS,oat cc,0,30,30,25,5,0,0,0,0,0,0,0,0,0
2021-03-11,COOKIES/BARS,triple cc,10,18,28,11,5,6,6,0,0,0,0,0,0,0
2021-03-11,COOKIES/BARS,snicker,3,24,27,22,5,0,0,0,0,0,0,0,0,0
2021-03-11,COOKIES/BARS,frosted,0,24,24,12,0,0,12,0,0,0,0,0,0,0
2021-03-11,COOKIES/BARS,brownie,1,12,13,2,5,1,5,0,0,0,0,0,0,0
2021-03-11,COOKIES/BARS,lemon bar,4,11,15,6,5,0,4,0,0,0,0,0,0,0
2021-03-11,COOKIES/BARS,ohhh,4,0,4,4,0,0,0,0,0,0,0,0,0,0
2021-03-11,COOKIES/BARS,Bread Pudding,6,0,6,6,0,0,0,6,0,6,6,0,0,0
2021-03-11,COOKIES/BARS,Totals,33,221,254,190,25,12,27,6,0,6,6,0,0,0
2021-03-12,BREAD,H,24,24,48,21,6,3,18,0,0,0,0,0,0,0
2021-03-12,BREAD,FR,5,38,43,19,0,0,24,0,0,0,0,0,0,0
2021-03-12,BREAD,GW,2,8,10,1,0,2,7,0,0,0,0,0,0,0
2021-03-12,BREAD,DK,0,22,22,5,3,0,14,0,0,0,0,0,0,0
2021-03-12,BREAD,H5|Cran,8,0,8,2,0,0,6,5,0,5,5,0,0,0
2021-03-12,BREAD,CSWRL,3,16,19,17,0,0,2,2,2,4,4,0,0,0
2021-03-12,BREAD,VA Swrl,6,8,14,10,0,0,4,2,0,2,2,0,0,0
2021-03-12,BREAD,ISB,0,0,0,0,0,0,0,0,0,0,0,0,0,0
2021-03-12,BREAD,G & S,0,19,19,7,0,0,12,0,4,4,4,0,0,0
2021-03-12,BREAD,CnE,0,34,34,12,2,0,20,0,4,4,0,0,0,4
2021-03-12,BREAD,CnR,0,14,14,4,7,0,3,0,0,0,0,0,0,0
2021-03-12,BREAD,CnW,0,6,6,5,1,0,0,0,0,0,0,0,0,0
2021-03-12,BREAD,CG,0,7,7,2,0,0,5,0,3,3,3,0,0,0
2021-03-12,BREAD,Pesto CG,0,6,6,1,1,0,4,0,0,0,0,0,0,0
2021-03-12,BREAD,VS,7,0,7,7,0,0,0,1,0,1,1,0,0,0
2021-03-12,BREAD,SOUR,0,0,0,-2,0,0,2,0,0,0,0,0,0,0
2021-03-12,BREAD,RG SOUR,0,0,0,-3,0,0,3,0,0,0,0,0,0,0
2021-03-12,BREAD,CAR,0,0,0,0,0,0,0,0,0,0,0,0,0,0
2021-03-12,BREAD,IHF,0,0,0,0,0,0,0,0,0,0,0,0,0,0
2021-03-12,BREAD,HCB,0,0,0,0,0,0,0,0,0,0,0,0,0,0
2021-03-12,BREAD,BUT Rls,0,0,0,0,0,0,0,0,0,0,0,0,0,0
2021-03-12,BREAD,PASTEL,0,0,0,0,0,0,0,0,0,0,0,0,0,0
2021-03-12,BREAD,H-RLS,3,5,8,1,0,2,5,0,0,0,0,0,0,0
2021-03-12,BREAD,FR-RLS,1,5,6,1,0,0,5,0,0,0,0,0,0,0
2021-03-12,BREAD,VS-RLS,0,0,0,0,0,0,0,0,0,0,0,0,0,0
2021-03-12,BREAD,Straw Short,0,6,6,2,0,0,4,0,0,0,0,0,0,0
2021-03-12,BREAD,Choc Carm,3,3,6,2,0,1,3,0,0,0,0,0,0,0
2021-03-12,BREAD,Lemon Blue,0,4,4,3,0,0,1,0,0,0,0,0,0,0
2021-03-12,BREAD,Lemon Pop,2,2,4,1,0,1,2,0,0,0,0,0,0,0
2021-03-12,ROLLS,Cinnamon,0,108,108,97,0,11,0,0,0,0,0,0,0,0
2021-03-12,ROLLS,Mini C-Roll,0,0,0,0,0,0,0,0,0,0,0,0,0,0
2021-03-12,SCONES,Blueberry,0,0,0,0,0,0,0,0,0,0,0,0,0,0
2021-03-12,SCONES,Rasp Cream,0,0,0,0,0,0,0,0,0,0,0,0,0,0
2021-03-12,SCONES,Cherry,0,24,24,21,0,3,0,0,0,0,0,0,0,0
2021-03-12,SCONES,Butt Almond,0,20,20,10,6,4,0,0,0,0,0,0,0,0
2021-03-12,SCONES,Turtle,0,0,0,0,0,0,0,0,0,0,0,0,0,0
2021-03-12,SCONES,Cin Chip,0,0,0,0,0,0,0,0,0,0,0,0,0,0
2021-03-12,SCONES,BLARNEY,0,10,10,10,0,0,0,0,0,0,0,0,0,0
2021-03-12,FRUIT BARS,mixed berry,0,10,10,7,0,3,0,0,0,0,0,0,0,0
2021-03-12,FRUIT BARS,cherry,0,10,10,9,0,1,0,0,0,0,0,0,0,0
2021-03-12,FRUIT BARS,apple cin,0,0,0,0,0,0,0,0,0,0,0,0,0,0
2021-03-12,FRUIT BARS,rasp-blue-peach,0,0,0,0,0,0,0,0,0,0,0,0,0,0
2021-03-12,MUFFINS,straw short,0,7,7,7,0,0,0,0,0,0,0,0,0,0
2021-03-12,MUFFINS,choc carm,0,7,7,6,0,1,0,0,0,0,0,0,0,0
2021-03-12,MUFFINS,lemon blue,0,5,5,5,0,0,0,0,0,0,0,0,0,0
2021-03-12,MUFFINS,lemon popp,0,5,5,3,0,2,0,0,0,0,0,0,0,0
2021-03-12,COOKIES/BARS,oat cc,0,42,42,28,5,0,9,0,0,0,0,0,0,0
2021-03-12,COOKIES/BARS,triple cc,6,24,30,12,5,0,13,0,0,0,0,0,0,0
2021-03-12,COOKIES/BARS,snicker,0,30,30,26,4,0,0,0,0,0,0,0,0,0
2021-03-12,COOKIES/BARS,frosted,12,12,24,13,6,0,5,0,0,0,0,0,0,0
2021-03-12,COOKIES/BARS,brownie,5,3,8,4,0,4,0,0,0,0,0,0,0,0
2021-03-12,COOKIES/BARS,lemon bar,4,11,15,13,0,0,2,0,0,0,0,0,0,0
2021-03-12,COOKIES/BARS,ohhh,0,0,0,-3,0,0,3,0,0,0,0,0,0,0
2021-03-12,COOKIES/BARS,Bread Pudding,0,0,0,-4,0,0,4,0,0,0,-5,0,0,5
2021-03-12,COOKIES/BARS,Totals,27,328,355,264,26,29,36,0,0,0,-5,0,0,5
2021-03-13,BREAD,H,18,0,18,18,0,0,0,0,0,0,0,0,0,0
2021-03-13,BREAD,FR,24,0,24,16,0,8,0,0,0,0,0,0,0,0
2021-03-13,BREAD,GW,7,0,7,1,0,6,0,0,0,0,0,0,0,0
2021-03-13,BREAD,DK,14,0,14,8,0,6,0,0,0,0,0,0,0,0
2021-03-13,BREAD,H5|Cran,6,0,6,6,0,0,0,0,0,0,0,0,0,0
2021-03-13,BREAD,CSWRL,2,11,13,12,1,0,0,0,2,2,2,0,0,0
2021-03-13,BREAD,VA Swrl,4,3,7,7,0,0,0,0,3,3,3,0,0,0
2021-03-13,BREAD,ISB,0,13,13,6,7,0,0,0,5,5,5,0,0,0
2021-03-13,BREAD,G & S,12,0,12,12,0,0,0,0,0,0,0,0,0,0
2021-03-13,BREAD,CnE,20,0,20,16,0,4,0,4,0,4,4,0,0,0
2021-03-13,BREAD,CnR,3,0,3,2,0,1,0,0,0,0,0,0,0,0
2021-03-13,BREAD,CnW,0,0,0,0,0,0,0,0,0,0,0,0,0,0
2021-03-13,BREAD,CG,5,0,5,5,0,0,0,0,0,0,0,0,0,0
2021-03-13,BREAD,Pesto CG,4,0,4,4,0,0,0,0,0,0,0,0,0,0
2021-03-13,BREAD,VS,0,0,0,0,0,0,0,0,0,0,0,0,0,0
2021-03-13,BREAD,SOUR,2,0,2,2,0,0,0,0,0,0,0,0,0,0
2021-03-13,BREAD,RG SOUR,3,0,3,3,0,0,0,0,0,0,0,0,0,0
2021-03-13,BREAD,CAR,0,0,0,0,0,0,0,0,0,0,0,0,0,0
2021-03-13,BREAD,IHF,0,0,0,0,0,0,0,0,0,0,0,0,0,0
2021-03-13,BREAD,HCB,0,0,0,0,0,0,0,0,0,0,0,0,0,0
2021-03-13,BREAD,BUT Rls,0,0,0,0,0,0,0,0,0,0,0,0,0,0
2021-03-13,BREAD,PASTEL,0,0,0,0,0,0,0,0,0,0,0,0,0,0
2021-03-13,BREAD,H-RLS,5,0,5,0,0,5,0,0,0,0,0,0,0,0
2021-03-13,BREAD,FR-RLS,5,0,5,1,0,4,0,0,0,0,0,0,0,0
2021-03-13,BREAD,VS-RLS,0,0,0,0,0,0,0,0,0,0,0,0,0,0
2021-03-13,BREAD,Straw Short,4,0,4,2,0,2,0,0,0,0,0,0,0,0
2021-03-13,BREAD,Choc Carm,3,0,3,0,0,3,0,0,0,0,0,0,0,0
2021-03-13,BREAD,Lemon Blue,1,1,2,2,0,0,0,0,0,0,0,0,0,0
2021-03-13,BREAD,Lemon Pop,2,0,2,0,0,2,0,0,0,0,0,0,0,0
2021-03-13,ROLLS,Cinnamon,0,96,96,75,14,7,0,0,0,0,0,0,0,0
2021-03-13,ROLLS,Mini C-Roll,0,48,48,0,48,0,0,0,0,0,0,0,0,0
2021-03-13,SCONES,Blueberry,0,26,26,10,4,12,0,0,0,0,0,0,0,0
2021-03-13,SCONES,Rasp Cream,0,0,0,0,0,0,0,0,0,0,0,0,0,0
2021-03-13,SCONES,Cherry,0,0,0,0,0,0,0,0,0,0,0,0,0,0
2021-03-13,SCONES,Butt Almond,0,19,19,15,4,0,0,0,0,0,0,0,0,0
2021-03-13,SCONES,Turtle,0,0,0,0,0,0,0,0,0,0,0,0,0,0
2021-03-13,SCONES,Cin Chip,0,0,0,0,0,0,0,0,0,0,0,0,0,0
2021-03-13,SCONES,BLARNEY,0,12,12,12,0,0,0,0,0,0,0,0,0,0
2021-03-13,FRUIT BARS,mixed berry,0,10,10,6,2,2,0,0,0,0,0,0,0,0
2021-03-13,FRUIT BARS,cherry,0,10,10,6,2,2,0,0,0,0,0,0,0,0
2021-03-13,FRUIT BARS,apple cin,0,10,10,4,2,4,0,0,0,0,0,0,0,0
2021-03-13,FRUIT BARS,rasp-blue-peach,0,10,10,2,2,6,0,0,0,0,0,0,0,0
2021-03-13,MUFFINS,straw short,0,6,6,5,0,1,0,0,0,0,0,0,0,0
2021-03-13,MUFFINS,choc carm,0,10,10,3,4,3,0,0,0,0,0,0,0,0
2021-03-13,MUFFINS,lemon blue,0,8,8,4,4,0,0,0,0,0,0,0,0,0
2021-03-13,MUFFINS,lemon popp,0,8,8,3,4,1,0,0,0,0,0,0,0,0
2021-03-13,COOKIES/BARS,oat cc,9,24,33,10,13,10,0,0,0,0,0,0,0,0
2021-03-13,COOKIES/BARS,triple cc,13,6,19,10,3,6,0,0,0,0,0,0,0,0
2021-03-13,COOKIES/BARS,snicker,0,30,30,14,10,6,0,0,0,0,0,0,0,0
2021-03-13,COOKIES/BARS,frosted,5,6,11,5,0,0,6,0,0,0,0,0,0,0
2021-03-13,COOKIES/BARS,brownie,0,8,8,6,0,2,0,0,0,0,0,0,0,0
2021-03-13,COOKIES/BARS,lemon bar,2,6,8,5,0,3,0,0,0,0,0,0,0,0
2021-03-13,COOKIES/BARS,ohhh,3,0,3,3,0,0,0,0,0,0,0,0,0,0
2021-03-13,COOKIES/BARS,Bread Pudding,4,0,4,4,0,0,0,5,0,5,5,0,0,0
2021-03-13,COOKIES/BARS,Totals,36,353,389,202,116,65,6,5,0,5,5,0,0,0
2021-03-14,BREAD,H,0,0,0,0,0,0,0,0,0,0,0,0,0,0
2021-03-14,BREAD,FR,0,0,0,0,0,0,0,0,0,0,0,0,0,0
2021-03-14,BREAD,GW,0,0,0,0,0,0,0,0,0,0,0,0,0,0
2021-03-14,BREAD,DK,0,0,0,0,0,0,0,0,0,0,0,0,0,0
2021-03-14,BREAD,H5|Cran,0,0,0,0,0,0,0,0,0,0,0,0,0,0
2021-03-14,BREAD,CSWRL,0,0,0,0,0,0,0,0,0,0,0,0,0,0
2021-03-14,BREAD,VA Swrl,0,0,0,0,0,0,0,0,0,0,0,0,0,0
2021-03-14,BREAD,ISB,0,0,0,0,0,0,0,0,0,0,0,0,0,0
2021-03-14,BREAD,G & S,0,0,0,0,0,0,0,0,0,0,0,0,0,0
2021-03-14,BREAD,CnE,0,0,0,0,0,0,0,0,0,0,0,0,0,0
2021-03-14,BREAD,CnR,0,0,0,0,0,0,0,0,0,0,0,0,0,0
2021-03-14,BREAD,CnW,0,0,0,0,0,0,0,0,0,0,0,0,0,0
2021-03-14,BREAD,CG,0,0,0,0,0,0,0,0,0,0,0,0,0,0
2021-03-14,BREAD,Pesto CG,0,0,0,0,0,0,0,0,0,0,0,0,0,0
2021-03-14,BREAD,VS,0,0,0,0,0,0,0,0,0,0,0,0,0,0
2021-03-14,BREAD,SOUR,0,0,0,0,0,0,0,0,0,0,0,0,0,0
2021-03-14,BREAD,RG SOUR,0,0,0,0,0,0,0,0,0,0,0,0,0,0
2021-03-14,BREAD,CAR,0,0,0,0,0,0,0,0,0,0,0,0,0,0
2021-03-14,BREAD,IHF,0,0,0,0,0,0,0,0,0,0,0,0,0,0
2021-03-14,BREAD,HCB,0,0,0,0,0,0,0,0,0,0,0,0,0,0
2021-03-14,BREAD,BUT Rls,0,0,0,0,0,0,0,0,0,0,0,0,0,0
2021-03-14,BREAD,PASTEL,0,0,0,0,0,0,0,0,0,0,0,0,0,0
2021-03-14,BREAD,H-RLS,0,0,0,0,0,0,0,0,0,0,0,0,0,0
2021-03-14,BREAD,FR-RLS,0,0,0,0,0,0,0,0,0,0,0,0,0,0
2021-03-14,BREAD,VS-RLS,0,0,0,0,0,0,0,0,0,0,0,0,0,0
2021-03-14,BREAD,Straw Short,0,0,0,0,0,0,0,0,0,0,0,0,0,0
2021-03-14,BREAD,Choc Carm,0,0,0,0,0,0,0,0,0,0,0,0,0,0
2021-03-14,BREAD,Lemon Blue,0,0,0,0,0,0,0,0,0,0,0,0,0,0
2021-03-14,BREAD,Lemon Pop,0,0,0,0,0,0,0,0,0,0,0,0,0,0
2021-03-14,ROLLS,C-r Heart,0,0,0,0,0,0,0,0,0,0,0,0,0,0
2021-03-14,ROLLS,Mini C-Roll,0,0,0,0,0,0,0,0,0,0,0,0,0,0
2021-03-14,SCONES,Blueberry,0,0,0,0,0,0,0,0,0,0,0,0,0,0
2021-03-14,SCONES,Rasp Cream,0,0,0,0,0,0,0,0,0,0,0,0,0,0
2021-03-14,SCONES,Cherry,0,0,0,0,0,0,0,0,0,0,0,0,0,0
2021-03-14,SCONES,Butt Almond,0,0,0,0,0,0,0,0,0,0,0,0,0,0
2021-03-14,SCONES,Turtle,0,0,0,0,0,0,0,0,0,0,0,0,0,0
2021-03-14,SCONES,BLARNEY,0,0,0,0,0,0,0,0,0,0,0,0,0,0
2021-03-14,SCONES,mixed berry,0,0,0,0,0,0,0,0,0,0,0,0,0,0
2021-03-14,SCONES,cherry,0,0,0,0,0,0,0,0,0,0,0,0,0,0
2021-03-14,SCONES,apple cin,0,0,0,0,0,0,0,0,0,0,0,0,0,0
2021-03-14,SCONES,rasp-blue-peach,0,0,0,0,0,0,0,0,0,0,0,0,0,0
2021-03-14,SCONES,Rasp-peach,0,0,0,0,0,0,0,0,0,0,0,0,0,0
2021-03-14,SCONES,blue,0,0,0,0,0,0,0,0,0,0,0,0,0,0
2021-03-14,SCONES,straw short,0,0,0,0,0,0,0,0,0,0,0,0,0,0
2021-03-14,SCONES,choc carm,0,0,0,0,0,0,0,0,0,0,0,0,0,0
2021-03-14,SCONES,lemon blue,0,0,0,0,0,0,0,0,0,0,0,0,0,0
2021-03-14,SCONES,lemon popp,0,0,0,0,0,0,0,0,0,0,0,0,0,0
2021-03-14,SCONES,oat cc,0,0,0,0,0,0,0,0,0,0,0,0,0,0
2021-03-14,SCONES,triple cc,0,0,0,0,0,0,0,0,0,0,0,0,0,0
2021-03-14,SCONES,snicker,0,0,0,0,0,0,0,0,0,0,0,0,0,0
2021-03-14,SCONES,frosted,0,0,0,0,0,0,0,0,0,0,0,0,0,0
2021-03-14,SCONES,brownie,6,0,6,6,0,0,0,0,0,0,0,0,0,0
2021-03-14,SCONES,lemon bar,0,0,0,0,0,0,0,0,0,0,0,0,0,0
2021-03-14,SCONES,ohhh,0,0,0,0,0,0,0,0,0,0,0,0,0,0
2021-03-14,SCONES,Bread Pudding,0,0,0,0,0,0,0,0,0,0,0,0,0,0
2021-03-14,SCONES,Totals,6,0,6,6,0,0,0,0,0,0,0,0,0,0
2021-03-15,BREAD,H,0,36,36,7,0,0,29,0,0,0,0,0,0,0
2021-03-15,BREAD,FR,0,50,50,11,24,0,15,0,0,0,0,0,0,0
2021-03-15,BREAD,GW,0,12,12,8,0,0,4,0,0,0,0,0,0,0
2021-03-15,BREAD,DK,0,20,20,8,1,0,11,0,0,0,0,0,0,0
2021-03-15,BREAD,H5|Cran,0,0,0,0,0,0,0,0,0,0,0,0,0,0
2021-03-15,BREAD,CSWRL,0,16,16,11,0,0,5,0,3,3,1,0,0,2
2021-03-15,BREAD,VA Swrl,0,12,12,5,0,0,7,0,3,3,1,0,0,2
2021-03-15,BREAD,ISB,0,0,0,0,0,0,0,0,0,0,0,0,0,0
2021-03-15,BREAD,G & S,0,0,0,0,0,0,0,0,0,0,0,0,0,0
2021-03-15,BREAD,CnE,0,17,17,5,0,0,12,0,3,3,2,0,0,1
2021-03-15,BREAD,CnR,0,4,4,3,0,0,1,0,0,0,0,0,0,0
2021-03-15,BREAD,CnW,0,4,4,4,0,0,0,0,0,0,0,0,0,0
2021-03-15,BREAD,CG,0,6,6,5,1,0,0,0,2,2,2,0,0,0
2021-03-15,BREAD,Pesto CG,0,3,3,3,0,0,0,0,0,0,0,0,0,0
2021-03-15,BREAD,VS,0,0,0,0,0,0,0,0,0,0,0,0,0,0
2021-03-15,BREAD,SOUR,0,18,18,4,6,0,8,0,0,0,0,0,0,0
2021-03-15,BREAD,RG SOUR,0,6,6,2,0,0,4,0,0,0,0,0,0,0
2021-03-15,BREAD,BUNNY,0,3,3,2,1,0,0,0,0,0,0,0,0,0
2021-03-15,BREAD,CAR,0,0,0,0,0,0,0,0,0,0,0,0,0,0
2021-03-15,BREAD,IHF,0,0,0,0,0,0,0,0,0,0,0,0,0,0
2021-03-15,BREAD,HCB,0,0,0,0,0,0,0,0,0,0,0,0,0,0
2021-03-15,BREAD,BUT Rls,0,0,0,0,0,0,0,0,0,0,0,0,0,0
2021-03-15,BREAD,PASTEL,0,0,0,0,0,0,0,0,0,0,0,0,0,0
2021-03-15,BREAD,H-RLS,0,2,2,0,0,0,2,0,0,0,0,0,0,0
2021-03-15,BREAD,FR-RLS,0,4,4,2,0,0,2,0,0,0,0,0,0,0
2021-03-15,BREAD,VS-RLS,0,0,0,0,0,0,0,0,0,0,0,0,0,0
2021-03-15,BREAD,Straw Short,0,3,3,1,0,0,2,0,0,0,0,0,0,0
2021-03-15,BREAD,Choc Carm,0,3,3,1,0,0,2,0,0,0,0,0,0,0
2021-03-15,BREAD,Lemon Blue,0,2,2,2,0,0,0,0,0,0,0,0,0,0
2021-03-15,BREAD,Lemon Pop,0,2,2,0,0,0,2,0,0,0,0,0,0,0
2021-03-15,ROLLS,C-r Heart,0,0,0,0,0,0,0,0,0,0,0,0,0,0
2021-03-15,ROLLS,Mini C-Roll,0,0,0,0,0,0,0,0,0,0,0,0,0,0
2021-03-15,SCONES,Blueberry,0,0,0,0,0,0,0,0,0,0,0,0,0,0
2021-03-15,SCONES,Rasp Cream,0,11,11,8,1,2,0,0,0,0,0,0,0,0
2021-03-15,SCONES,Cherry,0,0,0,0,0,0,0,0,0,0,0,0,0,0
2021-03-15,SCONES,Butt Almond,0,0,0,0,0,0,0,0,0,0,0,0,0,0
2021-03-15,SCONES,Turtle,0,0,0,0,0,0,0,0,0,0,0,0,0,0
2021-03-15,SCONES,Cin Chip,0,11,11,7,0,4,0,0,0,0,0,0,0,0
2021-03-15,SCONES,BLARNEY,0,8,8,8,0,0,0,0,0,0,0,0,0,0
2021-03-15,SCONES,FRUIT BAR,0,0,0,0,0,0,0,0,0,0,0,0,0,0
2021-03-15,SCONES,mixed berry,0,5,5,4,1,0,0,0,0,0,0,0,0,0
2021-03-15,SCONES,cherry,0,5,5,4,1,0,0,0,0,0,0,0,0,0
2021-03-15,SCONES,apple cin,0,0,0,0,0,0,0,0,0,0,0,0,0,0
2021-03-15,SCONES,Rasp-peach,0,0,0,0,0,0,0,0,0,0,0,0,0,0
2021-03-15,SCONES,blue,0,0,0,0,0,0,0,0,0,0,0,0,0,0
2021-03-15,MUFFINS,straw short,0,3,3,3,0,0,0,0,0,0,0,0,0,0
2021-03-15,MUFFINS,choc carm,0,3,3,3,0,0,0,0,0,0,0,0,0,0
2021-03-15,MUFFINS,lemon blue,0,3,3,2,1,0,0,0,0,0,0,0,0,0
2021-03-15,MUFFINS,lemon popp,0,2,2,2,0,0,0,0,0,0,0,0,0,0
2021-03-15,COOKIES/BARS,oat cc,0,18,18,6,0,0,12,0,0,0,0,0,0,0
2021-03-15,COOKIES/BARS,triple cc,0,18,18,7,0,0,11,0,0,0,0,0,0,0
2021-03-15,COOKIES/BARS,snicker,0,18,18,7,0,0,11,0,0,0,0,0,0,0
2021-03-15,COOKIES/BARS,frosted,6,12,18,11,0,0,7,0,0,0,0,0,0,0
2021-03-15,COOKIES/BARS,brownie,0,8,8,6,0,0,2,0,0,0,0,0,0,0
2021-03-15,COOKIES/BARS,lemon bar,0,8,8,5,0,0,3,0,0,0,0,0,0,0
2021-03-15,COOKIES/BARS,ohhh,0,0,0,0,0,0,0,0,0,0,0,0,0,0
2021-03-15,COOKIES/BARS,Bread Pudding,0,0,0,0,0,0,0,0,0,0,0,0,0,0
2021-03-15,COOKIES/BARS,Totals,6,169,175,119,4,6,46,0,0,0,0,0,0,0
2021-03-16,BREAD,H,29,11,40,9,0,0,31,0,0,0,0,0,0,0
2021-03-16,BREAD,FR,15,14,29,10,0,0,19,0,0,0,0,0,0,0
2021-03-16,BREAD,GW,4,9,13,7,0,0,6,0,0,0,0,0,0,0
2021-03-16,BREAD,DK,11,0,11,5,0,0,6,0,0,0,0,0,0,0
2021-03-16,BREAD,H5|Cran,0,12,12,1,0,0,11,0,8,8,3,0,0,5
2021-03-16,BREAD,CSWRL,5,12,17,12,0,0,5,2,0,2,2,0,0,0
2021-03-16,BREAD,VA Swrl,7,4,11,6,0,3,2,2,0,2,2,0,0,0
2021-03-16,BREAD,ISB,0,96,96,35,57,0,4,0,21,21,9,0,0,2
2021-03-16,BREAD,G & S,0,0,0,0,0,0,0,0,0,0,0,0,0,0
2021-03-16,BREAD,CnE,12,0,12,11,0,1,0,1,0,1,0,0,0,0
2021-03-16,BREAD,CnR,1,0,1,1,0,0,0,0,0,0,0,0,0,0
2021-03-16,BREAD,CnW,0,0,0,0,0,0,0,0,0,0,0,0,0,0
2021-03-16,BREAD,CG,0,0,0,0,0,0,0,0,0,0,0,0,0,0
2021-03-16,BREAD,Pesto CG,0,0,0,0,0,0,0,0,0,0,0,0,0,0
2021-03-16,BREAD,VS,0,9,9,7,0,0,2,0,2,2,0,0,0,2
2021-03-16,BREAD,SOUR,8,0,8,5,0,3,0,0,0,0,0,0,0,0
2021-03-16,BREAD,RG SOUR,4,0,4,3,0,1,0,0,0,0,0,0,0,0
2021-03-16,BREAD,bunny,0,2,2,0,0,0,2,0,0,0,0,0,0,0
2021-03-16,BREAD,CAR,0,0,0,0,0,0,0,0,0,0,0,0,0,0
2021-03-16,BREAD,IHF,0,20,20,20,0,0,0,0,0,0,0,0,0,0
2021-03-16,BREAD,HCB,0,0,0,0,0,0,0,0,0,0,0,0,0,0
2021-03-16,BREAD,BUT Rls,0,0,0,0,0,0,0,0,0,0,0,0,0,0
2021-03-16,BREAD,PASTEL,0,0,0,0,0,0,0,0,0,0,0,0,0,0
2021-03-16,BREAD,H-Rls,2,2,4,3,0,0,1,0,0,0,0,0,0,0
2021-03-16,BREAD,FR-RLS,2,3,5,2,0,1,2,0,0,0,0,0,0,0
2021-03-16,BREAD,VS-RLS,0,4,4,1,0,0,3,0,0,0,0,0,0,0
2021-03-16,BREAD,Straw Short,2,2,4,2,0,0,2,0,0,0,0,0,0,0
2021-03-16,BREAD,Choc Carm,2,2,4,3,0,0,1,0,0,0,0,0,0,0
2021-03-16,BREAD,Lemon Blue,0,3,3,3,0,0,0,0,0,0,0,0,0,0
2021-03-16,BREAD,Lemon Pop,2,1,3,1,0,1,1,0,0,0,0,0,0,0
2021-03-16,ROLLS,c-roll,0,48,48,44,4,0,0,0,0,0,0,0,0,0
2021-03-16,ROLLS,C-r Heart,0,0,0,0,0,0,0,0,0,0,0,0,0,0
2021-03-16,ROLLS,Mini C-Roll,0,0,0,0,0,0,0,0,0,0,0,0,0,0
2021-03-16,SCONES,Blueberry,0,14,14,14,0,0,0,0,0,0,0,0,0,0
2021-03-16,SCONES,Rasp Cream,0,0,0,0,0,0,0,0,0,0,0,0,0,0
2021-03-16,SCONES,Cherry,0,0,0,0,0,0,0,0,0,0,0,0,0,0
2021-03-16,SCONES,Butt Almond,0,0,0,0,0,0,0,0,0,0,0,0,0,0
2021-03-16,SCONES,Turtle,0,0,0,0,0,0,0,0,0,0,0,0,0,0
2021-03-16,SCONES,Cin Chip,0,7,7,7,0,0,0,0,0,0,0,0,0,0
2021-03-16,SCONES,BLARNEY,0,20,20,15,0,5,0,0,0,0,0,0,0,0
2021-03-16,SCONES,FRUIT BAR,0,0,0,0,0,0,0,0,0,0,0,0,0,0
2021-03-16,SCONES,mixed berry,0,0,0,0,0,0,0,0,0,0,0,0,0,0
2021-03-16,SCONES,cherry,0,0,0,0,0,0,0,0,0,0,0,0,0,0
2021-03-16,SCONES,apple cin,0,5,5,1,0,4,0,0,0,0,0,0,0,0
2021-03-16,SCONES,Rasp-peach,0,5,5,3,0,2,0,0,0,0,0,0,0,0
2021-03-16,SCONES,blue,0,0,0,0,0,0,0,0,0,0,0,0,0,0
2021-03-16,MUFFINS,straw short,0,4,4,2,0,2,0,0,0,0,0,0,0,0
2021-03-16,MUFFINS,choc carm,0,4,4,4,0,0,0,0,0,0,0,0,0,0
2021-03-16,MUFFINS,lemon blue,0,3,3,3,0,0,0,0,0,0,0,0,0,0
2021-03-16,MUFFINS,lemon popp,0,3,3,2,0,1,0,0,0,0,0,0,0,0
2021-03-16,COOKIES/BARS,oat cc,12,6,18,18,0,0,0,0,0,0,0,0,0,0
2021-03-16,COOKIES/BARS,triple cc,11,12,23,23,0,0,0,0,0,0,0,0,0,0
2021-03-16,COOKIES/BARS,snicker,11,12,23,22,0,1,0,0,0,0,0,0,0,0
2021-03-16,COOKIES/BARS,frosted,7,20,27,4,8,0,15,0,0,0,0,0,0,0
2021-03-16,COOKIES/BARS,brownie,2,4,6,4,0,0,2,0,0,0,0,0,0,0
2021-03-16,COOKIES/BARS,lemon bar,3,3,6,4,0,0,2,0,0,0,0,0,0,0
2021-03-16,COOKIES/BARS,ohhh,0,0,0,0,0,0,0,0,0,0,0,0,0,0
2021-03-16,COOKIES/BARS,Bread Pudding,0,0,0,0,0,0,0,0,0,0,0,0,0,0
2021-03-16,COOKIES/BARS,Totals,46,170,216,170,12,15,19,0,0,0,0,0,0,0
2021-03-17,BREAD,H,31,11,42,18,1,13,10,0,0,0,0,0,0,0
2021-03-17,BREAD,FR,19,3,22,19,1,1,1,0,0,0,0,0,0,0
2021-03-17,BREAD,GW,6,3,9,4,0,2,3,0,0,0,0,0,0,0
2021-03-17,BREAD,DK,6,20,26,5,0,2,19,0,0,0,0,0,0,0
2021-03-17,BREAD,H5|Cran,11,0,11,5,0,0,6,5,0,5,0,0,0,5
2021-03-17,BREAD,CSWRL,5,12,17,17,0,0,0,0,4,4,4,0,0,0
2021-03-17,BREAD,VA Swrl,2,8,10,8,0,0,2,0,2,2,2,0,0,0
2021-03-17,BREAD,ISB,4,68,72,42,1,0,29,2,12,14,14,0,0,0
2021-03-17,BREAD,G & S,0,37,37,11,1,0,25,0,6,6,6,0,0,0
2021-03-17,BREAD,CnE,0,9,9,9,0,0,0,0,4,4,4,0,0,0
2021-03-17,BREAD,CnR,0,6,6,4,0,0,2,0,0,0,0,0,0,0
2021-03-17,BREAD,CnW,0,6,6,5,0,0,1,0,0,0,0,0,0,0
2021-03-17,BREAD,CG,0,0,0,0,0,0,0,0,0,0,0,0,0,0
2021-03-17,BREAD,Pesto CG,0,0,0,0,0,0,0,0,0,0,0,0,0,0
2021-03-17,BREAD,VS,2,0,2,2,0,0,0,2,0,2,2,0,0,0
2021-03-17,BREAD,SOUR,0,20,20,7,0,0,13,0,0,0,0,0,0,0
2021-03-17,BREAD,RG SOUR,0,6,6,0,0,0,6,0,0,0,0,0,0,0
2021-03-17,BREAD,Bunny,2,0,2,1,0,1,0,0,0,0,0,0,0,0
2021-03-17,BREAD,CAR,0,8,8,8,0,0,0,0,0,0,0,0,0,0
2021-03-17,BREAD,IHF,0,0,0,0,0,0,0,0,0,0,0,0,0,0
2021-03-17,BREAD,HCB,0,0,0,0,0,0,0,0,0,0,0,0,0,0
2021-03-17,BREAD,BUT Rls,0,0,0,0,0,0,0,0,0,0,0,0,0,0
2021-03-17,BREAD,PASTEL,0,0,0,0,0,0,0,0,0,0,0,0,0,0
2021-03-17,BREAD,H-RLS,1,2,3,2,0,0,1,0,0,0,0,0,0,0
2021-03-17,BREAD,FR-RLS,2,1,3,0,3,0,0,0,0,0,0,0,0,0
2021-03-17,BREAD,VS-RLS,3,0,3,0,0,3,0,0,0,0,0,0,0,0
2021-03-17,BREAD,Straw Short,2,2,4,4,0,0,0,0,0,0,0,0,0,0
2021-03-17,BREAD,Choc Carm,3,6,9,4,5,0,0,0,0,0,0,0,0,0
2021-03-17,BREAD,Lemon Blue,0,5,5,0,0,0,5,0,0,0,0,0,0,0
2021-03-17,BREAD,Lemon Pop,1,2,3,2,0,0,1,0,0,0,0,0,0,0
2021-03-17,ROLLS,C-Rolls,0,48,48,48,0,0,0,0,0,0,0,0,0,0
2021-03-17,ROLLS,C-r Heart,0,0,0,0,0,0,0,0,0,0,0,0,0,0
2021-03-17,ROLLS,Mini C-Roll,0,0,0,0,0,0,0,0,0,0,0,0,0,0
2021-03-17,SCONES,Blueberry,0,0,0,0,0,0,0,0,0,0,0,0,0,0
2021-03-17,SCONES,Rasp Cream,0,19,19,13,6,0,0,0,0,0,0,0,0,0
2021-03-17,SCONES,Cherry,0,0,0,0,0,0,0,0,0,0,0,0,0,0
2021-03-17,SCONES,Butt Almond,0,0,0,0,0,0,0,0,0,0,0,0,0,0
2021-03-17,SCONES,Turtle,0,9,9,7,2,0,0,0,0,0,0,0,0,0
2021-03-17,SCONES,Cin Chip,0,0,0,0,0,0,0,0,0,0,0,0,0,0
2021-03-17,SCONES,BLARNEY,0,20,20,16,4,0,0,0,0,0,0,0,0,0
2021-03-17,SCONES,FRUIT BAR,0,0,0,0,0,0,0,0,0,0,0,0,0,0
2021-03-17,SCONES,mixed berry,0,5,5,4,1,0,0,0,0,0,0,0,0,0
2021-03-17,SCONES,cherry,0,5,5,4,1,0,0,0,0,0,0,0,0,0
2021-03-17,SCONES,apple cin,0,0,0,0,0,0,0,0,0,0,0,0,0,0
2021-03-17,SCONES,Rasp-peach,0,0,0,0,0,0,0,0,0,0,0,0,0,0
2021-03-17,SCONES,blue,0,0,0,0,0,0,0,0,0,0,0,0,0,0
2021-03-17,MUFFINS,straw short,0,6,6,4,2,0,0,0,0,0,0,0,0,0
2021-03-17,MUFFINS,choc carm,0,5,5,4,1,0,0,0,0,0,0,0,0,0
2021-03-17,MUFFINS,lemon blue,0,6,6,4,2,0,0,0,0,0,0,0,0,0
2021-03-17,MUFFINS,lemon popp,0,4,4,3,1,0,0,0,0,0,0,0,0,0
2021-03-17,COOKIES/BARS,oat cc,0,30,30,25,5,0,0,0,0,0,0,0,0,0
2021-03-17,COOKIES/BARS,triple cc,0,30,30,25,5,0,0,0,0,0,0,0,0,0
2021-03-17,COOKIES/BARS,snicker,0,30,30,25,5,0,0,0,0,0,0,0,0,0
2021-03-17,COOKIES/BARS,frosted,15,13,28,28,0,0,0,0,0,0,0,0,0,0
2021-03-17,COOKIES/BARS,brownie,2,6,8,8,0,0,0,0,0,0,0,0,0,0
2021-03-17,COOKIES/BARS,lemon bar,2,10,12,12,0,0,0,0,0,0,0,0,0,0
2021-03-17,COOKIES/BARS,ohhh,0,0,0,0,0,0,0,0,0,0,0,0,0,0
2021-03-17,COOKIES/BARS,Bread Pudding,0,0,0,0,0,0,0,0,0,0,0,0,0,0
2021-03-17,COOKIES/BARS,Totals,19,246,265,230,35,0,0,0,0,0,0,0,0,0
2021-03-18,BREAD,H,10,27,37,9,0,0,28,0,0,0,0,0,0,0
2021-03-18,BREAD,FR,1,52,53,13,26,0,14,0,0,0,0,0,0,0
2021-03-18,BREAD,GW,3,5,8,6,0,0,2,0,0,0,0,0,0,0
2021-03-18,BREAD,DK,19,0,19,5,0,0,14,0,0,0,0,0,0,0
2021-03-18,BREAD,H5|Cran,6,18,24,8,0,0,16,5,8,13,4,0,0,9
2021-03-18,BREAD,CSWRL,0,20,20,13,5,0,2,0,0,0,0,0,0,0
2021-03-18,BREAD,VA Swrl,2,8,10,6,0,0,4,0,3,3,3,0,0,0
2021-03-18,BREAD,ISB,29,0,29,12,0,0,17,0,0,0,0,0,0,0
2021-03-18,BREAD,G & S,25,0,25,16,0,0,9,0,0,0,0,0,0,0
2021-03-18,BREAD,CnE,0,0,0,0,0,0,0,0,0,0,0,0,0,0
2021-03-18,BREAD,CnR,2,0,2,2,0,0,0,0,0,0,0,0,0,0
2021-03-18,BREAD,CnW,1,0,1,1,0,0,0,0,0,0,0,0,0,0
2021-03-18,BREAD,CG,0,0,0,0,0,0,0,0,0,0,0,0,0,0
2021-03-18,BREAD,Pesto CG,0,0,0,0,0,0,0,0,0,0,0,0,0,0
2021-03-18,BREAD,VS,0,14,14,5,0,0,9,0,3,3,0,0,0,3
2021-03-18,BREAD,SOUR,13,0,13,13,0,0,0,0,0,0,0,0,0,0
2021-03-18,BREAD,RG SOUR,6,0,6,2,0,4,0,0,0,0,0,0,0,0
2021-03-18,BREAD,Bunny,0,0,0,0,0,0,0,0,0,0,0,0,0,0
2021-03-18,BREAD,CAR,0,0,0,0,0,0,0,0,0,0,0,0,0,0
2021-03-18,BREAD,IHF,0,0,0,0,0,0,0,0,0,0,0,0,0,0
2021-03-18,BREAD,HCB,0,0,0,0,0,0,0,0,0,0,0,0,0,0
2021-03-18,BREAD,BUT Rls,0,0,0,0,0,0,0,0,0,0,0,0,0,0
2021-03-18,BREAD,PASTEL,0,0,0,0,0,0,0,0,0,0,0,0,0,0
2021-03-18,BREAD,H-RLS,1,2,3,0,0,1,2,0,0,0,0,0,0,0
2021-03-18,BREAD,FR-RLS,0,7,7,3,0,0,4,0,0,0,0,0,0,0
2021-03-18,BREAD,VS-RLS,0,4,4,1,0,0,3,0,0,0,0,0,0,0
2021-03-18,BREAD,Straw Short,0,13,13,8,5,0,0,0,0,0,0,0,0,0
2021-03-18,BREAD,Choc Carm,0,4,4,1,0,0,3,0,0,0,0,0,0,0
2021-03-18,BREAD,Lemon Blue,5,0,5,2,0,3,0,0,0,0,0,0,0,0
2021-03-18,BREAD,Lemon Pop,1,7,8,0,5,0,3,0,0,0,0,0,0,0
2021-03-18,ROLLS,C-Rolls,0,48,48,46,0,2,0,0,0,0,0,0,0,0
2021-03-18,ROLLS,C-r Heart,0,0,0,0,0,0,0,0,0,0,0,0,0,0
2021-03-18,ROLLS,Mini C-Roll,0,144,144,0,144,0,0,0,0,0,0,0,0,0
2021-03-18,SCONES,Blueberry,0,25,25,18,0,7,0,0,33,33,0,0,0,0
2021-03-18,SCONES,Rasp Cream,0,0,0,0,0,0,0,0,0,0,0,0,0,0
2021-03-18,SCONES,Cherry,0,0,0,0,0,0,0,0,0,0,0,0,0,0
2021-03-18,SCONES,Butt Almond,0,0,0,0,0,0,0,0,0,0,0,0,0,0
2021-03-18,SCONES,Turtle,0,11,11,11,0,0,0,0,19,19,0,0,0,0
2021-03-18,SCONES,Cin Chip,0,0,0,0,0,0,0,0,0,0,0,0,0,0
2021-03-18,SCONES,BLARNEY,0,0,0,0,0,0,0,0,0,0,0,0,0,0
2021-03-18,SCONES,FRUIT BAR,0,0,0,0,0,0,0,0,0,0,0,0,0,0
2021-03-18,SCONES,mixed berry,0,10,10,1,5,4,0,0,0,0,0,0,0,0
2021-03-18,SCONES,cherry,0,10,10,1,5,4,0,0,0,0,0,0,0,0
2021-03-18,SCONES,apple cin,0,10,10,2,5,3,0,0,0,0,0,0,0,0
2021-03-18,SCONES,Rasp-peach,0,10,10,3,5,2,0,0,0,0,0,0,0,0
2021-03-18,SCONES,blue,0,0,0,0,0,0,0,0,0,0,0,0,0,0
2021-03-18,MUFFINS,straw short,0,4,4,2,0,2,0,0,0,0,0,0,0,0
2021-03-18,MUFFINS,choc carm,0,4,4,2,0,2,0,0,25,25,0,0,0,0
2021-03-18,MUFFINS,lemon blue,0,3,3,2,0,1,0,0,25,25,0,0,0,0
2021-03-18,MUFFINS,lemon popp,0,3,3,3,0,0,0,0,0,0,0,0,0,0
2021-03-18,COOKIES/BARS,oat cc,0,24,24,21,0,0,3,0,0,0,0,0,0,0
2021-03-18,COOKIES/BARS,triple cc,0,24,24,18,0,0,6,0,0,0,0,0,0,0
2021-03-18,COOKIES/BARS,snicker,0,24,24,21,0,0,3,0,0,0,0,0,0,0
2021-03-18,COOKIES/BARS,frosted,0,24,24,8,0,0,16,0,0,0,0,0,0,0
2021-03-18,COOKIES/BARS,brownie,0,8,8,3,0,0,5,0,0,0,0,0,0,0
2021-03-18,COOKIES/BARS,lemon bar,0,10,10,4,0,0,6,0,0,0,0,0,0,0
2021-03-18,COOKIES/BARS,ohhh,0,0,0,0,0,0,0,0,0,0,0,0,0,0
2021-03-18,COOKIES/BARS,Bread Pudding,0,0,0,0,0,0,0,0,0,0,0,0,0,0
2021-03-18,COOKIES/BARS,Totals,0,396,396,166,164,27,39,0,102,102,0,0,0,0
2021-03-19,BREAD,H,28,22,50,32,0,0,18,0,0,0,0,0,0,0
2021-03-19,BREAD,FR,14,22,36,13,0,0,23,0,0,0,0,0,0,0
2021-03-19,BREAD,GW,2,0,2,2,0,0,0,0,0,0,0,0,0,0
2021-03-19,BREAD,DK,14,15,29,10,1,3,15,0,0,0,0,0,0,0
2021-03-19,BREAD,H5|Cran,16,0,16,3,0,0,13,9,0,9,7,0,0,2
2021-03-19,BREAD,CSWRL,2,20,22,16,0,0,6,0,3,3,3,0,0,0
2021-03-19,BREAD,VA Swrl,4,8,12,12,0,0,0,0,0,0,0,0,0,0
2021-03-19,BREAD,ISB,17,0,17,13,0,4,0,0,0,0,0,0,0,0
2021-03-19,BREAD,G & S,9,0,9,2,0,7,0,0,0,0,0,0,0,0
2021-03-19,BREAD,CnE,0,31,31,14,6,0,11,0,4,4,1,0,0,3
2021-03-19,BREAD,CnR,0,9,9,4,3,0,2,0,0,0,0,0,0,0
2021-03-19,BREAD,CnW,0,6,6,4,0,0,2,0,0,0,0,0,0,0
2021-03-19,BREAD,CG,0,8,8,4,0,0,4,0,5,5,2,0,0,2
2021-03-19,BREAD,Pesto CG,0,8,8,4,2,0,2,0,0,0,0,0,0,0
2021-03-19,BREAD,VS,9,11,20,3,8,0,9,3,4,7,3,0,0,4
2021-03-19,BREAD,SOUR,0,22,22,8,5,0,9,0,0,0,0,0,0,0
2021-03-19,BREAD,RG SOUR,0,8,8,1,2,0,5,0,0,0,0,0,0,0
2021-03-19,BREAD,Bunny,0,3,3,1,0,0,2,0,0,0,0,0,0,0
2021-03-19,BREAD,CAR,0,0,0,0,0,0,0,0,0,0,0,0,0,0
2021-03-19,BREAD,IHF,0,0,0,0,0,0,0,0,0,0,0,0,0,0
2021-03-19,BREAD,HCB,0,0,0,0,0,0,0,0,0,0,0,0,0,0
2021-03-19,BREAD,BUT Rls,0,18,18,-2,2,0,18,0,0,0,0,0,0,0
2021-03-19,BREAD,PASTEL,0,18,18,8,0,0,10,0,0,0,0,0,0,0
2021-03-19,BREAD,H-RLS,2,3,5,0,0,2,3,0,0,0,0,0,0,0
2021-03-19,BREAD,FR-RLS,4,0,4,3,0,1,0,0,0,0,0,0,0,0
2021-03-19,BREAD,VS-RLS,3,6,9,5,0,0,4,0,0,0,0,0,0,0
2021-03-19,BREAD,Straw Short,0,6,6,2,0,0,4,0,0,0,0,0,0,0
2021-03-19,BREAD,Choc Carm,3,3,6,1,0,2,3,0,0,0,0,0,0,0
2021-03-19,BREAD,Lemon Blue,0,5,5,3,1,0,1,0,0,0,0,0,0,0
2021-03-19,BREAD,Lemon Pop,3,1,4,3,0,0,1,0,0,0,0,0,0,0
2021-03-19,ROLLS,C-Rolls,0,84,84,65,4,15,0,0,0,0,0,0,0,0
2021-03-19,ROLLS,C-r Heart,0,0,0,0,0,0,0,0,0,0,0,0,0,0
2021-03-19,ROLLS,Mini C-Roll,0,24,24,0,24,0,0,0,0,0,0,0,0,0
2021-03-19,SCONES,Blueberry,0,0,0,0,0,0,0,0,0,0,0,0,0,0
2021-03-19,SCONES,Rasp Cream,0,0,0,0,0,0,0,0,0,0,0,0,0,0
2021-03-19,SCONES,Cherry,0,17,17,17,0,0,0,0,0,0,0,0,0,0
2021-03-19,SCONES,Butt Almond,0,16,16,16,0,0,0,0,0,0,0,0,0,0
2021-03-19,SCONES,Turtle,0,0,0,0,0,0,0,0,0,0,0,0,0,0
2021-03-19,SCONES,Cin Chip,0,0,0,0,0,0,0,0,0,0,0,0,0,0
2021-03-19,SCONES,BLARNEY,0,0,0,0,0,0,0,0,0,0,0,0,0,0
2021-03-19,SCONES,FRUIT BAR,0,0,0,0,0,0,0,0,0,0,0,0,0,0
2021-03-19,SCONES,mixed berry,0,10,10,7,0,3,0,0,0,0,0,0,0,0
2021-03-19,SCONES,cherry,0,10,10,10,0,0,0,0,0,0,0,0,0,0
2021-03-19,SCONES,apple cin,0,0,0,0,0,0,0,0,0,0,0,0,0,0
2021-03-19,SCONES,Rasp-peach,0,0,0,0,0,0,0,0,0,0,0,0,0,0
2021-03-19,SCONES,blue,0,0,0,0,0,0,0,0,0,0,0,0,0,0
2021-03-19,MUFFINS,straw short,0,7,7,6,0,1,0,0,0,0,0,0,0,0
2021-03-19,MUFFINS,choc carm,0,7,7,5,0,2,0,0,0,0,0,0,0,0
2021-03-19,MUFFINS,lemon blue,0,5,5,5,0,0,0,0,0,0,0,0,0,0
2021-03-19,MUFFINS,lemon popp,0,5,5,3,0,2,0,0,0,0,0,0,0,0
2021-03-19,COOKIES/BARS,oat cc,3,30,33,26,7,0,0,0,0,0,0,0,0,0
2021-03-19,COOKIES/BARS,triple cc,6,30,36,23,7,0,6,0,0,0,0,0,0,0
2021-03-19,COOKIES/BARS,snicker,3,30,33,25,8,0,0,0,0,0,0,0,0,0
2021-03-19,COOKIES/BARS,SC Pie,0,7,7,1,0,0,6,0,0,0,0,0,0,0
2021-03-19,COOKIES/BARS,Bl,0,6,6,4,0,0,2,0,0,0,0,0,0,0
2021-03-19,COOKIES/BARS,St SOUR Pie,0,6,6,4,0,0,2,0,0,0,0,0,0,0
2021-03-19,COOKIES/BARS,frosted,16,0,16,9,2,0,5,0,0,0,0,0,0,0
2021-03-19,COOKIES/BARS,brownie,5,5,10,5,2,0,3,0,0,0,0,0,0,0
2021-03-19,COOKIES/BARS,lemon bar,6,10,16,-1,4,0,13,0,0,0,0,0,0,0
2021-03-19,COOKIES/BARS,taKE N BAKE,0,0,0,-10,10,0,0,0,0,0,0,0,0,0
2021-03-19,COOKIES/BARS,ohhh,0,0,0,0,0,0,0,0,0,0,0,0,0,0
2021-03-19,COOKIES/BARS,Bread Pudding,0,0,0,0,0,0,0,0,0,0,0,0,0,0
2021-03-19,COOKIES/BARS,Totals,39,303,342,216,68,23,35,0,6,6,4,0,0,2
2021-03-20,BREAD,H,18,0,18,6,0,12,0,0,0,0,0,0,0,0
2021-03-20,BREAD,FR,23,0,23,12,0,11,0,0,0,0,0,0,0,0
2021-03-20,BREAD,GW,0,8,8,6,0,2,0,0,0,0,0,0,0,0
2021-03-20,BREAD,DK,15,0,15,9,0,6,0,0,0,0,0,0,0,0
2021-03-20,BREAD,H5|Cran,13,0,13,7,0,6,0,2,0,2,1,0,0,0
2021-03-20,BREAD,CSWRL,6,12,18,18,0,0,0,0,3,3,3,0,0,0
2021-03-20,BREAD,VA Swrl,0,12,12,11,1,0,0,0,2,2,2,0,0,0
2021-03-20,BREAD,ISB,0,20,20,20,0,0,0,0,5,5,5,0,0,0
2021-03-20,BREAD,G & S,0,0,0,0,0,0,0,0,0,0,0,0,0,0
2021-03-20,BREAD,CnE,11,0,11,5,0,6,0,3,0,3,1,0,0,0
2021-03-20,BREAD,CnR,2,0,2,1,0,1,0,0,0,0,0,0,0,0
2021-03-20,BREAD,CnW,2,0,2,1,0,1,0,0,0,0,0,0,0,0
2021-03-20,BREAD,CG,4,0,4,3,0,1,0,2,0,2,1,0,0,0
2021-03-20,BREAD,Pesto CG,2,0,2,2,0,0,0,0,0,0,0,0,0,0
2021-03-20,BREAD,VS,9,0,9,5,0,4,0,4,0,4,1,0,0,0
2021-03-20,BREAD,SOUR,9,0,9,7,0,2,0,0,0,0,0,0,0,0
2021-03-20,BREAD,RG SOUR,5,0,5,3,0,2,0,0,0,0,0,0,0,0
2021-03-20,BREAD,Bunny,2,0,2,0,0,2,0,0,0,0,0,0,0,0
2021-03-20,BREAD,CAR,0,0,0,0,0,0,0,0,0,0,0,0,0,0
2021-03-20,BREAD,IHF,0,0,0,0,0,0,0,0,0,0,0,0,0,0
2021-03-20,BREAD,HCB,0,0,0,0,0,0,0,0,0,0,0,0,0,0
2021-03-20,BREAD,BUT Rls,18,0,18,1,0,17,0,0,0,0,0,0,0,0
2021-03-20,BREAD,PASTEL,10,0,10,1,0,9,0,0,0,0,0,0,0,0
2021-03-20,BREAD,H-RLS,3,0,3,0,0,3,0,0,0,0,0,0,0,0
2021-03-20,BREAD,FR-RLS,0,0,0,-1,0,1,0,0,0,0,0,0,0,0
2021-03-20,BREAD,VS-RLS,4,0,4,1,0,3,0,0,0,0,0,0,0,0
2021-03-20,BREAD,Straw Short,4,0,4,1,0,3,0,0,0,0,0,0,0,0
2021-03-20,BREAD,Choc Carm,3,0,3,1,0,2,0,0,0,0,0,0,0,0
2021-03-20,BREAD,Lemon Blue,1,2,3,3,0,0,0,0,0,0,0,0,0,0
2021-03-20,BREAD,Lemon Pop,1,1,2,0,0,2,0,0,0,0,0,0,0,0
2021-03-20,ROLLS,C-Rolls,0,84,84,62,0,22,0,0,0,0,0,0,0,0
2021-03-20,ROLLS,C-r Heart,0,0,0,0,0,0,0,0,0,0,0,0,0,0
2021-03-20,ROLLS,Mini C-Roll,0,0,0,0,0,0,0,0,0,0,0,0,0,0
2021-03-20,SCONES,Blueberry,0,24,24,24,0,0,0,0,0,0,0,0,0,0
2021-03-20,SCONES,Rasp Cream,0,0,0,0,0,0,0,0,0,0,0,0,0,0
2021-03-20,SCONES,Cherry,0,0,0,0,0,0,0,0,0,0,0,0,0,0
2021-03-20,SCONES,Butt Almond,0,13,13,13,0,0,0,0,0,0,0,0,0,0
2021-03-20,SCONES,Turtle,0,0,0,0,0,0,0,0,0,0,0,0,0,0
2021-03-20,SCONES,Cin Chip,0,0,0,0,0,0,0,0,0,0,0,0,0,0
2021-03-20,SCONES,BLARNEY,0,0,0,0,0,0,0,0,0,0,0,0,0,0
2021-03-20,SCONES,FRUIT BAR,0,0,0,0,0,0,0,0,0,0,0,0,0,0
2021-03-20,SCONES,mixed berry,0,0,0,0,0,0,0,0,0,0,0,0,0,0
2021-03-20,SCONES,cherry,0,0,0,0,0,0,0,0,0,0,0,0,0,0
2021-03-20,SCONES,apple cin,0,10,10,8,0,2,0,0,0,0,0,0,0,0
2021-03-20,SCONES,Rasp-peach,0,10,10,8,0,2,0,0,0,0,0,0,0,0
2021-03-20,SCONES,blue,0,0,0,0,0,0,0,0,0,0,0,0,0,0
2021-03-20,MUFFINS,straw short,0,6,6,4,0,2,0,0,0,0,0,0,0,0
2021-03-20,MUFFINS,choc carm,0,6,6,4,0,2,0,0,0,0,0,0,0,0
2021-03-20,MUFFINS,lemon blue,0,2,2,2,0,0,0,0,0,0,0,0,0,0
2021-03-20,MUFFINS,lemon popp,0,4,4,4,0,0,0,0,0,0,0,0,0,0
2021-03-20,COOKIES/BARS,oat cc,0,18,18,15,0,3,0,0,0,0,0,0,0,0
2021-03-20,COOKIES/BARS,triple cc,6,12,18,5,0,13,0,0,0,0,0,0,0,0
2021-03-20,COOKIES/BARS,snicker,0,16,16,11,0,5,0,0,0,0,0,0,0,0
2021-03-20,COOKIES/BARS,SC Pie,6,0,6,2,0,0,4,0,0,0,0,0,0,0
2021-03-20,COOKIES/BARS,Bl,2,0,2,1,0,0,1,0,0,0,0,0,0,0
2021-03-20,COOKIES/BARS,St SOUR Pie,2,0,2,1,0,0,1,0,0,0,0,0,0,0
2021-03-20,COOKIES/BARS,frosted,5,6,11,4,0,1,6,0,0,0,0,0,0,0
2021-03-20,COOKIES/BARS,brownie,3,5,8,5,0,3,0,0,0,0,0,0,0,0
2021-03-20,COOKIES/BARS,lemon bar,13,0,13,9,0,4,0,0,0,0,0,0,0,0
2021-03-20,COOKIES/BARS,ohhh,0,0,0,0,0,0,0,0,0,0,0,0,0,0
2021-03-20,COOKIES/BARS,Bread Pudding,0,0,0,0,0,0,0,0,0,0,0,0,0,0
2021-03-20,COOKIES/BARS,Totals,35,216,251,181,0,59,11,2,0,2,1,0,0,1
2021-03-21,BREAD,H,0,0,0,0,0,0,0,0,0,0,0,0,0,0
2021-03-21,BREAD,FR,0,0,0,0,0,0,0,0,0,0,0,0,0,0
2021-03-21,BREAD,GW,0,0,0,0,0,0,0,0,0,0,0,0,0,0
2021-03-21,BREAD,DK,0,0,0,0,0,0,0,0,0,0,0,0,0,0
2021-03-21,BREAD,H5|Cran,0,0,0,0,0,0,0,0,0,0,0,0,0,0
2021-03-21,BREAD,CSWRL,0,0,0,0,0,0,0,0,0,0,0,0,0,0
2021-03-21,BREAD,VA Swrl,0,0,0,0,0,0,0,0,0,0,0,0,0,0
2021-03-21,BREAD,ISB,0,0,0,0,0,0,0,0,0,0,0,0,0,0
2021-03-21,BREAD,G & S,0,0,0,0,0,0,0,0,0,0,0,0,0,0
2021-03-21,BREAD,CnE,0,0,0,0,0,0,0,0,0,0,0,0,0,0
2021-03-21,BREAD,CnR,0,0,0,0,0,0,0,0,0,0,0,0,0,0
2021-03-21,BREAD,CnW,0,0,0,0,0,0,0,0,0,0,0,0,0,0
2021-03-21,BREAD,CG,0,0,0,0,0,0,0,0,0,0,0,0,0,0
2021-03-21,BREAD,Pesto CG,0,0,0,0,0,0,0,0,0,0,0,0,0,0
2021-03-21,BREAD,VS,0,0,0,0,0,0,0,0,0,0,0,0,0,0
2021-03-21,BREAD,SOUR,0,0,0,0,0,0,0,0,0,0,0,0,0,0
2021-03-21,BREAD,RG SOUR,0,0,0,0,0,0,0,0,0,0,0,0,0,0
2021-03-21,BREAD,CAR,0,0,0,0,0,0,0,0,0,0,0,0,0,0
2021-03-21,BREAD,IHF,0,0,0,0,0,0,0,0,0,0,0,0,0,0
2021-03-21,BREAD,HCB,0,0,0,0,0,0,0,0,0,0,0,0,0,0
2021-03-21,BREAD,BUT Rls,0,0,0,0,0,0,0,0,0,0,0,0,0,0
2021-03-21,BREAD,PASTEL,0,0,0,0,0,0,0,0,0,0,0,0,0,0
2021-03-21,BREAD,H-RLS,0,0,0,0,0,0,0,0,0,0,0,0,0,0
2021-03-21,BREAD,FR-RLS,0,0,0,0,0,0,0,0,0,0,0,0,0,0
2021-03-21,BREAD,VS-RLS,0,0,0,0,0,0,0,0,0,0,0,0,0,0
2021-03-21,BREAD,Straw Short,0,0,0,0,0,0,0,0,0,0,0,0,0,0
2021-03-21,BREAD,Choc Carm,0,0,0,0,0,0,0,0,0,0,0,0,0,0
2021-03-21,BREAD,Lemon Blue,0,0,0,0,0,0,0,0,0,0,0,0,0,0
2021-03-21,BREAD,Lemon Pop,0,0,0,0,0,0,0,0,0,0,0,0,0,0
2021-03-21,ROLLS,C-r Heart,0,0,0,0,0,0,0,0,0,0,0,0,0,0
2021-03-21,ROLLS,Mini C-Roll,0,0,0,0,0,0,0,0,0,0,0,0,0,0
2021-03-21,SCONES,Blueberry,0,0,0,0,0,0,0,0,0,0,0,0,0,0
2021-03-21,SCONES,Rasp Cream,0,0,0,0,0,0,0,0,0,0,0,0,0,0
2021-03-21,SCONES,Cherry,0,0,0,0,0,0,0,0,0,0,0,0,0,0
2021-03-21,SCONES,Butt Almond,0,0,0,0,0,0,0,0,0,0,0,0,0,0
2021-03-21,SCONES,Turtle,0,0,0,0,0,0,0,0,0,0,0,0,0,0
2021-03-21,SCONES,BLARNEY,0,0,0,0,0,0,0,0,0,0,0,0,0,0
2021-03-21,SCONES,mixed berry,0,0,0,0,0,0,0,0,0,0,0,0,0,0
2021-03-21,SCONES,cherry,0,0,0,0,0,0,0,0,0,0,0,0,0,0
2021-03-21,SCONES,apple cin,0,0,0,0,0,0,0,0,0,0,0,0,0,0
2021-03-21,SCONES,rasp-blue-peach,0,0,0,0,0,0,0,0,0,0,0,0,0,0
2021-03-21,SCONES,Rasp-peach,0,0,0,0,0,0,0,0,0,0,0,0,0,0
2021-03-21,SCONES,blue,0,0,0,0,0,0,0,0,0,0,0,0,0,0
2021-03-21,SCONES,straw short,0,0,0,0,0,0,0,0,0,0,0,0,0,0
2021-03-21,SCONES,choc carm,0,0,0,0,0,0,0,0,0,0,0,0,0,0
2021-03-21,SCONES,lemon blue,0,0,0,0,0,0,0,0,0,0,0,0,0,0
2021-03-21,SCONES,lemon popp,0,0,0,0,0,0,0,0,0,0,0,0,0,0
2021-03-21,SCONES,oat cc,0,0,0,0,0,0,0,0,0,0,0,0,0,0
2021-03-21,SCONES,triple cc,0,0,0,0,0,0,0,0,0,0,0,0,0,0
2021-03-21,SCONES,snicker,0,0,0,0,0,0,0,0,0,0,0,0,0,0
2021-03-21,SCONES,frosted,1,0,1,1,0,0,0,1,0,1,1,0,0,0
2021-03-21,SCONES,brownie,6,0,6,6,0,0,0,0,0,0,0,0,0,0
2021-03-21,SCONES,lemon bar,0,0,0,0,0,0,0,0,0,0,0,0,0,0
2021-03-21,SCONES,ohhh,0,0,0,0,0,0,0,0,0,0,0,0,0,0
2021-03-21,SCONES,Bread Pudding,0,0,0,0,0,0,0,0,0,0,0,0,0,0
2021-03-21,SCONES,Totals,11,0,11,11,0,0,0,1,0,1,1,0,0,0
2021-03-22,BREAD,H,0,34,34,11,4,0,19,0,0,0,0,0,0,0
2021-03-22,BREAD,FR,0,50,50,7,24,0,19,0,0,0,0,0,0,0
2021-03-22,BREAD,GW,0,15,15,5,0,0,10,0,0,0,0,0,0,0
2021-03-22,BREAD,DK,0,22,22,7,0,0,15,0,0,0,0,0,0,0
2021-03-22,BREAD,H5|Cran,0,0,0,0,0,0,0,0,0,0,0,0,0,0
2021-03-22,BREAD,CSWRL,0,16,16,7,0,0,9,0,3,3,1,0,0,2
2021-03-22,BREAD,VA Swrl,0,12,12,4,0,0,8,0,2,2,0,0,0,2
2021-03-22,BREAD,ISB,0,0,0,0,0,0,0,0,0,0,0,0,0,0
2021-03-22,BREAD,G & S,0,0,0,0,0,0,0,0,0,0,0,0,0,0
2021-03-22,BREAD,CnE,0,17,17,6,0,0,11,0,4,4,0,0,0,4
2021-03-22,BREAD,CnR,0,4,4,2,0,0,2,0,0,0,0,0,0,0
2021-03-22,BREAD,CnW,0,4,4,1,0,0,3,0,0,0,0,0,0,0
2021-03-22,BREAD,CG,0,8,8,5,0,0,3,0,2,2,2,0,0,0
2021-03-22,BREAD,Pesto CG,0,3,3,2,0,0,1,0,0,0,0,0,0,0
2021-03-22,BREAD,VS,0,0,0,0,0,0,0,0,0,0,0,0,0,0
2021-03-22,BREAD,SOUR,0,15,15,12,2,0,1,0,0,0,0,0,0,0
2021-03-22,BREAD,RG SOUR,0,6,6,6,0,0,0,0,0,0,0,0,0,0
2021-03-22,BREAD,Bunny,0,3,3,0,0,0,3,0,0,0,0,0,0,0
2021-03-22,BREAD,CAR,0,0,0,0,0,0,0,0,0,0,0,0,0,0
2021-03-22,BREAD,IHF,0,0,0,0,0,0,0,0,0,0,0,0,0,0
2021-03-22,BREAD,HCB,0,0,0,0,0,0,0,0,0,0,0,0,0,0
2021-03-22,BREAD,BUT Rls,0,0,0,0,0,0,0,0,0,0,0,0,0,0
2021-03-22,BREAD,PASTEL,0,0,0,0,0,0,0,0,0,0,0,0,0,0
2021-03-22,BREAD,H-RLS,0,3,3,1,0,0,2,0,0,0,0,0,0,0
2021-03-22,BREAD,FR-RLS,0,4,4,4,0,0,0,0,0,0,0,0,0,0
2021-03-22,BREAD,VS-RLS,0,0,0,0,0,0,0,0,0,0,0,0,0,0
2021-03-22,BREAD,Straw Short,0,3,3,2,0,0,1,0,0,0,0,0,0,0
2021-03-22,BREAD,Choc Carm,0,3,3,1,0,0,2,0,0,0,0,0,0,0
2021-03-22,BREAD,Lemon Blue,0,2,2,2,0,0,0,0,0,0,0,0,0,0
2021-03-22,BREAD,Lemon Pop,0,2,2,2,0,0,0,0,0,0,0,0,0,0
2021-03-22,ROLLS,C-Rolls,0,24,24,16,0,8,0,0,0,0,0,0,0,0
2021-03-22,ROLLS,C-r Heart,0,0,0,0,0,0,0,0,0,0,0,0,0,0
2021-03-22,ROLLS,Mini C-Roll,0,0,0,0,0,0,0,0,0,0,0,0,0,0
2021-03-22,SCONES,Blueberry,0,0,0,0,0,0,0,0,0,0,0,0,0,0
2021-03-22,SCONES,Rasp Cream,0,16,16,13,3,0,0,0,0,0,0,0,0,0
2021-03-22,SCONES,Cherry,0,0,0,0,0,0,0,0,0,0,0,0,0,0
2021-03-22,SCONES,Butt Almond,0,0,0,0,0,0,0,0,0,0,0,0,0,0
2021-03-22,SCONES,Turtle,0,0,0,0,0,0,0,0,0,0,0,0,0,0
2021-03-22,SCONES,Cin Chip,0,17,17,14,3,0,0,0,0,0,0,0,0,0
2021-03-22,SCONES,BLARNEY,0,0,0,0,0,0,0,0,0,0,0,0,0,0
2021-03-22,SCONES,FRUIT BAR,0,0,0,0,0,0,0,0,0,0,0,0,0,0
2021-03-22,SCONES,mixed berry,0,5,5,1,2,2,0,0,0,0,0,0,0,0
2021-03-22,SCONES,cherry,0,5,5,1,2,2,0,0,0,0,0,0,0,0
2021-03-22,SCONES,apple cin,0,0,0,0,0,0,0,0,0,0,0,0,0,0
2021-03-22,SCONES,Rasp-peach,0,0,0,0,0,0,0,0,0,0,0,0,0,0
2021-03-22,SCONES,blue,0,0,0,0,0,0,0,0,0,0,0,0,0,0
2021-03-22,MUFFINS,straw short,0,6,6,2,3,1,0,0,0,0,0,0,0,0
2021-03-22,MUFFINS,choc carm,0,5,5,3,2,0,0,0,0,0,0,0,0,0
2021-03-22,MUFFINS,lemon blue,0,5,5,1,3,1,0,0,0,0,0,0,0,0
2021-03-22,MUFFINS,lemon popp,0,4,4,2,2,0,0,0,0,0,0,0,0,0
2021-03-22,COOKIES/BARS,oat cc,0,42,42,10,22,0,10,0,0,0,0,0,0,0
2021-03-22,COOKIES/BARS,triple cc,0,42,42,19,21,0,2,0,0,0,0,0,0,0
2021-03-22,COOKIES/BARS,snicker,0,42,42,12,21,0,9,0,0,0,0,0,0,0
2021-03-22,COOKIES/BARS,SC Pie,0,4,4,4,0,0,0,0,0,0,0,0,0,0
2021-03-22,COOKIES/BARS,Bl,0,1,1,1,0,0,0,0,0,0,0,0,0,0
2021-03-22,COOKIES/BARS,St SOUR Pie,0,1,1,1,0,0,0,0,0,0,0,0,0,0
2021-03-22,COOKIES/BARS,frosted,6,12,18,7,0,2,9,0,0,0,0,0,0,0
2021-03-22,COOKIES/BARS,brownie,0,8,8,6,0,0,2,0,0,0,0,0,0,0
2021-03-22,COOKIES/BARS,lemon bar,0,8,8,1,0,0,7,0,0,0,0,0,0,0
2021-03-22,COOKIES/BARS,ohhh,0,0,0,0,0,0,0,0,0,0,0,0,0,0
2021-03-22,COOKIES/BARS,Bread Pudding,0,0,0,0,0,0,0,0,0,0,0,0,0,0
2021-03-22,COOKIES/BARS,Totals,6,246,252,113,84,16,39,0,1,1,1,0,0,0
2021-03-23,BREAD,H,19,18,37,12,0,0,25,0,0,0,0,0,0,0
2021-03-23,BREAD,FR,19,14,33,12,2,0,19,0,0,0,0,0,0,0
2021-03-23,BREAD,GW,10,5,15,4,0,6,5,0,0,0,0,0,0,0
2021-03-23,BREAD,DK,15,0,15,9,0,0,6,0,0,0,0,0,0,0
2021-03-23,BREAD,H5|Cran,0,12,12,5,1,0,6,0,8,8,5,0,0,3
2021-03-23,BREAD,CSWRL,9,8,17,11,0,1,5,2,2,4,3,0,0,0
2021-03-23,BREAD,VA Swrl,8,0,8,5,0,3,0,2,0,2,2,0,0,0
2021-03-23,BREAD,ISB,0,14,14,7,0,0,7,0,5,5,1,0,0,4
2021-03-23,BREAD,G & S,0,0,0,0,0,0,0,0,0,0,0,0,0,0
2021-03-23,BREAD,CnE,11,0,11,6,0,5,0,4,0,4,3,0,0,0
2021-03-23,BREAD,CnR,2,0,2,2,0,0,0,0,0,0,0,0,0,0
2021-03-23,BREAD,CnW,3,0,3,3,0,0,0,0,0,0,0,0,0,0
2021-03-23,BREAD,CG,3,0,3,3,0,0,0,0,0,0,0,0,0,0
2021-03-23,BREAD,Pesto CG,1,0,1,1,0,0,0,0,0,0,0,0,0,0
2021-03-23,BREAD,VS,0,9,9,4,0,0,5,0,2,2,2,0,0,0
2021-03-23,BREAD,SOUR,1,0,1,1,0,0,0,0,0,0,0,0,0,0
2021-03-23,BREAD,RG SOUR,0,0,0,0,0,0,0,0,0,0,0,0,0,0
2021-03-23,BREAD,Bunny,3,0,3,0,0,0,3,0,0,0,0,0,0,0
2021-03-23,BREAD,CAR,0,18,18,18,0,0,0,0,0,0,0,0,0,0
2021-03-23,BREAD,IHF,0,0,0,0,0,0,0,0,0,0,0,0,0,0
2021-03-23,BREAD,HCB,0,0,0,0,0,0,0,0,0,0,0,0,0,0
2021-03-23,BREAD,BUT Rls,0,0,0,0,0,0,0,0,0,0,0,0,0,0
2021-03-23,BREAD,PASTEL,0,0,0,0,0,0,0,0,0,0,0,0,0,0
2021-03-23,BREAD,H-Rls,2,2,4,1,2,1,0,0,0,0,0,0,0,0
2021-03-23,BREAD,FR-RLS,0,2,2,0,0,0,2,0,0,0,0,0,0,0
2021-03-23,BREAD,VS-RLS,0,3,3,0,0,0,3,0,0,0,0,0,0,0
2021-03-23,BREAD,Straw Short,1,3,4,4,0,0,0,0,0,0,0,0,0,0
2021-03-23,BREAD,Choc Carm,2,2,4,1,0,1,2,0,0,0,0,0,0,0
2021-03-23,BREAD,Lemon Blue,0,6,6,5,1,0,0,0,0,0,0,0,0,0
2021-03-23,BREAD,Lemon Pop,0,3,3,1,0,0,2,0,0,0,0,0,0,0
2021-03-23,ROLLS,C-Rolls,0,36,36,36,0,0,0,0,0,0,0,0,0,0
2021-03-23,ROLLS,C-r Heart,0,0,0,0,0,0,0,0,0,0,0,0,0,0
2021-03-23,ROLLS,Mini C-Roll,0,0,0,0,0,0,0,0,0,0,0,0,0,0
2021-03-23,SCONES,Blueberry,0,26,26,26,0,0,0,0,0,0,0,0,0,0
2021-03-23,SCONES,Rasp Cream,0,0,0,0,0,0,0,0,0,0,0,0,0,0
2021-03-23,SCONES,Cherry,0,0,0,0,0,0,0,0,0,0,0,0,0,0
2021-03-23,SCONES,Butt Almond,0,0,0,0,0,0,0,0,0,0,0,0,0,0
2021-03-23,SCONES,Turtle,0,0,0,0,0,0,0,0,0,0,0,0,0,0
2021-03-23,SCONES,Cin Chip,0,16,16,16,0,0,0,0,0,0,0,0,0,0
2021-03-23,SCONES,FRUIT BAR,0,0,0,0,0,0,0,0,0,0,0,0,0,0
2021-03-23,SCONES,mixed berry,0,0,0,0,0,0,0,0,0,0,0,0,0,0
2021-03-23,SCONES,cherry,0,0,0,0,0,0,0,0,0,0,0,0,0,0
2021-03-23,SCONES,apple cin,0,5,5,4,1,0,0,0,0,0,0,0,0,0
2021-03-23,SCONES,Rasp-peach,0,5,5,4,1,0,0,0,0,0,0,0,0,0
2021-03-23,SCONES,blue,0,0,0,0,0,0,0,0,0,0,0,0,0,0
2021-03-23,MUFFINS,straw short,0,4,4,4,0,0,0,0,0,0,0,0,0,0
2021-03-23,MUFFINS,choc carm,0,4,4,2,0,2,0,0,0,0,0,0,0,0
2021-03-23,MUFFINS,lemon blue,0,3,3,3,0,0,0,0,0,0,0,0,0,0
2021-03-23,MUFFINS,lemon popp,0,3,3,3,0,0,0,0,0,0,0,0,0,0
2021-03-23,COOKIES/BARS,oat cc,10,24,34,14,14,0,6,0,4,4,0,0,0,0
2021-03-23,COOKIES/BARS,triple cc,2,30,32,19,13,0,0,0,4,4,0,0,0,0
2021-03-23,COOKIES/BARS,snicker,9,24,33,7,14,6,6,0,2,2,0,0,0,0
2021-03-23,COOKIES/BARS,SC Pie,0,0,0,0,0,0,0,0,0,0,0,0,0,0
2021-03-23,COOKIES/BARS,Bl,0,0,0,0,0,0,0,0,0,0,0,0,0,0
2021-03-23,COOKIES/BARS,St SOUR Pie,0,0,0,0,0,0,0,0,0,0,0,0,0,0
2021-03-23,COOKIES/BARS,frosted,9,6,15,1,0,0,14,0,0,0,0,0,0,0
2021-03-23,COOKIES/BARS,brownie,2,14,16,8,2,0,6,0,0,0,0,0,0,0
2021-03-23,COOKIES/BARS,lemon bar,7,6,13,8,1,0,4,0,0,0,0,0,0,0
2021-03-23,COOKIES/BARS,ohhh,0,0,0,-9,0,0,9,0,0,0,-7,0,0,7
2021-03-23,COOKIES/BARS,Bread Pudding,0,0,0,-2,0,0,2,0,0,0,-1,0,0,1
2021-03-23,COOKIES/BARS,Totals,39,206,245,144,46,8,47,0,10,10,-8,0,0,8
2021-03-24,BREAD,H,25,12,37,10,0,6,21,0,0,0,0,0,0,0
2021-03-24,BREAD,FR,19,13,32,12,0,3,17,0,0,0,0,0,0,0
2021-03-24,BREAD,GW,5,6,11,3,0,2,6,0,0,0,0,0,0,0
2021-03-24,BREAD,DK,6,15,21,10,0,0,11,0,0,0,0,0,0,0
2021-03-24,BREAD,H5|Cran,6,0,6,1,0,0,5,3,0,3,2,0,0,1
2021-03-24,BREAD,CSWRL,5,12,17,11,0,0,6,0,4,4,4,0,0,0
2021-03-24,BREAD,VA Swrl,0,8,8,2,1,0,5,0,2,2,0,0,0,2
2021-03-24,BREAD,ISB,7,0,7,3,0,4,0,4,0,4,2,0,0,0
2021-03-24,BREAD,G & S,0,18,18,5,0,0,13,0,5,5,3,0,0,2
2021-03-24,BREAD,CnE,0,13,13,8,0,0,5,0,3,3,0,0,0,3
2021-03-24,BREAD,CnR,0,6,6,3,0,0,3,0,0,0,0,0,0,0
2021-03-24,BREAD,CnW,0,6,6,6,0,0,0,0,0,0,0,0,0,0
2021-03-24,BREAD,CG,0,0,0,0,0,0,0,0,0,0,0,0,0,0
2021-03-24,BREAD,Pesto CG,0,0,0,0,0,0,0,0,0,0,0,0,0,0
2021-03-24,BREAD,VS,5,0,5,3,0,2,0,0,0,0,0,0,0,0
2021-03-24,BREAD,SOUR,0,15,15,6,0,0,9,0,0,0,0,0,0,0
2021-03-24,BREAD,RG SOUR,0,6,6,3,0,0,3,0,0,0,0,0,0,0
2021-03-24,BREAD,Bunny,3,0,3,1,0,2,0,0,0,0,0,0,0,0
2021-03-24,BREAD,CAR,0,0,0,0,0,0,0,0,0,0,0,0,0,0
2021-03-24,BREAD,IHF,0,0,0,0,0,0,0,0,0,0,0,0,0,0
2021-03-24,BREAD,HCB,0,18,18,6,0,0,12,0,0,0,0,0,0,0
2021-03-24,BREAD,BUT Rls,0,0,0,0,0,0,0,0,0,0,0,0,0,0
2021-03-24,BREAD,PASTEL,0,0,0,0,0,0,0,0,0,0,0,0,0,0
2021-03-24,BREAD,H-RLS,0,3,3,0,0,0,3,0,0,0,0,0,0,0
2021-03-24,BREAD,FR-RLS,2,2,4,0,0,2,2,0,0,0,0,0,0,0
2021-03-24,BREAD,VS-RLS,3,0,3,3,0,0,0,0,0,0,0,0,0,0
2021-03-24,BREAD,Straw Short,0,4,4,4,0,0,0,0,0,0,0,0,0,0
2021-03-24,BREAD,Choc Carm,2,3,5,3,1,0,1,0,0,0,0,0,0,0
2021-03-24,BREAD,Lemon Blue,0,3,3,3,0,0,0,0,0,0,0,0,0,0
2021-03-24,BREAD,Lemon Pop,2,1,3,0,0,2,1,0,0,0,0,0,0,0
2021-03-24,ROLLS,C-Rolls,0,36,36,27,4,5,0,0,0,0,0,0,0,0
2021-03-24,ROLLS,Mini C-Roll,0,0,0,0,0,0,0,0,0,0,0,0,0,0
2021-03-24,SCONES,Blueberry,0,0,0,0,0,0,0,0,0,0,0,0,0,0
2021-03-24,SCONES,Rasp Cream,0,14,14,10,4,0,0,0,2,2,0,0,0,0
2021-03-24,SCONES,Cherry,0,0,0,0,0,0,0,0,0,0,0,0,0,0
2021-03-24,SCONES,Butt Almond,0,0,0,0,0,0,0,0,0,0,0,0,0,0
2021-03-24,SCONES,Turtle,0,8,8,8,0,0,0,0,2,2,0,0,0,0
2021-03-24,SCONES,Cin Chip,0,0,0,0,0,0,0,0,0,0,0,0,0,0
2021-03-24,SCONES,FRUIT BAR,0,0,0,0,0,0,0,0,0,0,0,0,0,0
2021-03-24,SCONES,mixed berry,0,5,5,3,1,1,0,0,0,0,0,0,0,0
2021-03-24,SCONES,cherry,0,5,5,4,1,0,0,0,0,0,0,0,0,0
2021-03-24,SCONES,apple cin,0,0,0,0,0,0,0,0,0,0,0,0,0,0
2021-03-24,SCONES,Rasp-peach,0,0,0,0,0,0,0,0,0,0,0,0,0,0
2021-03-24,SCONES,blue,0,0,0,0,0,0,0,0,0,0,0,0,0,0
2021-03-24,MUFFINS,straw short,0,4,4,2,0,2,0,0,1,1,0,0,0,0
2021-03-24,MUFFINS,choc carm,0,4,4,4,0,0,0,0,0,0,0,0,0,0
2021-03-24,MUFFINS,lemon blue,0,3,3,1,0,2,0,0,2,2,0,0,0,0
2021-03-24,MUFFINS,lemon popp,0,3,3,2,0,1,0,0,1,1,0,0,0,0
2021-03-24,COOKIES/BARS,oat cc,6,18,24,6,0,6,12,0,0,0,0,0,0,0
2021-03-24,COOKIES/BARS,triple cc,0,24,24,10,0,0,14,0,0,0,0,0,0,0
2021-03-24,COOKIES/BARS,snicker,6,18,24,1,0,6,17,0,0,0,0,0,0,0
2021-03-24,COOKIES/BARS,SC Pie,0,0,0,0,0,0,0,0,0,0,0,0,0,0
2021-03-24,COOKIES/BARS,Bl,0,0,0,0,0,0,0,0,0,0,0,0,0,0
2021-03-24,COOKIES/BARS,St SOUR Pie,0,0,0,0,0,0,0,0,0,0,0,0,0,0
2021-03-24,COOKIES/BARS,frosted,14,0,14,3,0,7,4,0,0,0,0,0,0,0
2021-03-24,COOKIES/BARS,brownie,6,2,8,7,0,0,1,0,0,0,0,0,0,0
2021-03-24,COOKIES/BARS,lemon bar,4,4,8,5,0,0,3,0,0,0,0,0,0,0
2021-03-24,COOKIES/BARS,ohhh,9,0,9,0,0,0,9,7,0,7,1,0,0,6
2021-03-24,COOKIES/BARS,Bread Pudding,2,0,2,2,0,0,0,1,0,1,1,0,0,0
2021-03-24,COOKIES/BARS,Totals,47,148,195,95,10,30,60,8,8,16,2,0,0,6
2021-03-25,BREAD,H,21,23,44,16,9,1,18,0,0,0,0,0,0,0
2021-03-25,BREAD,FR,17,34,51,1,32,5,13,0,0,0,0,0,0,0
2021-03-25,BREAD,GW,6,2,8,1,0,5,2,0,0,0,0,0,0,0
2021-03-25,BREAD,DK,11,0,11,8,0,0,3,0,0,0,0,0,0,0
2021-03-25,BREAD,H5|Cran,5,18,23,8,0,0,15,1,8,9,4,0,0,5
2021-03-25,BREAD,CSWRL,6,12,18,12,0,0,6,0,4,4,3,0,0,1
2021-03-25,BREAD,VA Swrl,5,4,9,5,1,0,3,2,0,2,1,0,0,0
2021-03-25,BREAD,ISB,0,10,10,3,0,0,7,0,4,4,0,0,0,4
2021-03-25,BREAD,G & S,13,0,13,1,0,0,12,2,0,2,2,0,0,0
2021-03-25,BREAD,CnE,5,0,5,5,0,0,0,3,0,3,2,0,0,0
2021-03-25,BREAD,CnR,3,0,3,3,0,0,0,0,0,0,0,0,0,0
2021-03-25,BREAD,CnW,0,0,0,0,0,0,0,0,0,0,0,0,0,0
2021-03-25,BREAD,CG,0,0,0,0,0,0,0,0,0,0,0,0,0,0
2021-03-25,BREAD,Pesto CG,0,0,0,0,0,0,0,0,0,0,0,0,0,0
2021-03-25,BREAD,VS,0,14,14,7,1,0,6,0,3,3,1,0,0,2
2021-03-25,BREAD,SOUR,9,0,9,5,0,4,0,0,0,0,0,0,0,0
2021-03-25,BREAD,RG SOUR,3,0,3,1,0,2,0,0,0,0,0,0,0,0
2021-03-25,BREAD,Bunny,0,3,3,1,0,0,2,0,0,0,0,0,0,0
2021-03-25,BREAD,CAR,0,0,0,0,0,0,0,0,0,0,0,0,0,0
2021-03-25,BREAD,IHF,0,35,35,35,0,0,0,0,0,0,0,0,0,0
2021-03-25,BREAD,HCB,12,0,12,4,0,8,0,0,0,0,0,0,0,0
2021-03-25,BREAD,BUT Rls,0,13,13,3,0,0,10,0,0,0,0,0,0,0
2021-03-25,BREAD,PASTEL,0,26,26,6,0,0,20,0,0,0,0,0,0,0
2021-03-25,BREAD,H-RLS,3,0,3,0,0,3,0,0,0,0,0,0,0,0
2021-03-25,BREAD,FR-RLS,2,0,2,0,0,2,0,0,0,0,0,0,0,0
2021-03-25,BREAD,VS-RLS,0,4,4,2,0,0,2,0,0,0,0,0,0,0
2021-03-25,BREAD,Straw Short,0,4,4,3,0,0,1,0,0,0,0,0,0,0
2021-03-25,BREAD,Choc Carm,1,4,5,0,1,1,3,0,0,0,0,0,0,0
2021-03-25,BREAD,Lemon Blue,0,3,3,1,0,0,2,0,0,0,0,0,0,0
2021-03-25,BREAD,Lemon Pop,1,2,3,0,0,1,2,0,0,0,0,0,0,0
2021-03-25,ROLLS,C-Rolls,0,36,36,36,0,0,0,0,0,0,0,0,0,0
2021-03-25,ROLLS,C-r Heart,0,0,0,0,0,0,0,0,0,0,0,0,0,0
2021-03-25,ROLLS,Mini C-Roll,0,0,0,0,0,0,0,0,0,0,0,0,0,0
2021-03-25,SCONES,Blueberry,0,11,11,7,4,0,0,0,0,0,0,0,0,0
2021-03-25,SCONES,Rasp Cream,0,0,0,0,0,0,0,0,0,0,0,0,0,0
2021-03-25,SCONES,Cherry,0,0,0,0,0,0,0,0,0,0,0,0,0,0
2021-03-25,SCONES,Butt Almond,0,0,0,0,0,0,0,0,0,0,0,0,0,0
2021-03-25,SCONES,Turtle,0,11,11,11,0,0,0,0,0,0,0,0,0,0
2021-03-25,SCONES,Cin Chip,0,0,0,0,0,0,0,0,0,0,0,0,0,0
2021-03-25,SCONES,FRUIT BAR,0,0,0,0,0,0,0,0,0,0,0,0,0,0
2021-03-25,SCONES,mixed berry,0,0,0,0,0,0,0,0,0,0,0,0,0,0
2021-03-25,SCONES,cherry,0,0,0,0,0,0,0,0,0,0,0,0,0,0
2021-03-25,SCONES,apple cin,0,5,5,5,0,0,0,0,0,0,0,0,0,0
2021-03-25,SCONES,Rasp-peach,0,5,5,5,0,0,0,0,0,0,0,0,0,0
2021-03-25,SCONES,blue,0,0,0,0,0,0,0,0,0,0,0,0,0,0
2021-03-25,MUFFINS,straw short,0,4,4,3,0,1,0,0,0,0,0,0,0,0
2021-03-25,MUFFINS,choc carm,0,4,4,3,0,1,0,0,0,0,0,0,0,0
2021-03-25,MUFFINS,lemon blue,0,3,3,3,0,0,0,0,0,0,0,0,0,0
2021-03-25,MUFFINS,lemon popp,0,3,3,2,0,1,0,0,0,0,0,0,0,0
2021-03-25,COOKIES/BARS,oat cc,12,18,30,20,3,0,7,0,0,0,0,0,0,0
2021-03-25,COOKIES/BARS,triple cc,14,12,26,16,4,0,6,0,0,0,0,0,0,0
2021-03-25,COOKIES/BARS,snicker,17,12,29,5,3,12,9,0,0,0,0,0,0,0
2021-03-25,COOKIES/BARS,SC Pie,0,0,0,0,0,0,0,0,0,0,0,0,0,0
2021-03-25,COOKIES/BARS,Bl,0,0,0,0,0,0,0,0,0,0,0,0,0,0
2021-03-25,COOKIES/BARS,St SOUR Pie,0,0,0,0,0,0,0,0,0,0,0,0,0,0
2021-03-25,COOKIES/BARS,frosted,4,18,22,3,0,1,18,0,0,0,0,0,0,0
2021-03-25,COOKIES/BARS,brownie,1,7,8,4,0,1,3,0,0,0,0,0,0,0
2021-03-25,COOKIES/BARS,lemon bar,3,6,9,5,1,2,1,0,0,0,0,0,0,0
2021-03-25,COOKIES/BARS,ohhh,9,0,9,9,0,0,0,6,0,6,6,0,0,0
2021-03-25,COOKIES/BARS,Bread Pudding,0,0,0,0,0,0,0,0,0,0,0,0,0,0
2021-03-25,COOKIES/BARS,Totals,60,155,215,137,15,19,44,6,0,6,6,0,0,0
2021-03-26,BREAD,H,18,26,44,13,1,0,30,0,0,0,0,0,0,0
2021-03-26,BREAD,FR,13,32,45,25,1,1,18,0,0,0,0,0,0,0
2021-03-26,BREAD,GW,2,11,13,5,1,0,7,0,0,0,0,0,0,0
2021-03-26,BREAD,DK,3,22,25,7,0,0,18,0,0,0,0,0,0,0
2021-03-26,BREAD,H5|Cran,15,0,15,3,0,0,12,5,0,5,4,0,0,1
2021-03-26,BREAD,CSWRL,6,16,22,12,0,0,10,1,4,5,2,0,0,3
2021-03-26,BREAD,VA Swrl,3,12,15,5,0,0,10,0,3,3,0,0,0,3
2021-03-26,BREAD,ISB,7,0,7,1,0,0,6,4,0,4,3,0,0,1
2021-03-26,BREAD,G & S,12,0,12,4,0,8,0,0,0,0,0,0,0,0
2021-03-26,BREAD,CnE,0,26,26,12,0,0,14,0,4,4,1,0,0,3
2021-03-26,BREAD,CnR,0,6,6,3,0,0,3,0,0,0,0,0,0,0
2021-03-26,BREAD,CnW,0,6,6,0,0,0,6,0,6,6,6,0,0,0
2021-03-26,BREAD,CG,0,7,7,2,0,0,5,0,6,6,4,0,0,2
2021-03-26,BREAD,Pesto CG,0,8,8,2,0,0,6,0,0,0,0,0,0,0
2021-03-26,BREAD,VS,6,8,14,1,0,5,8,2,2,4,1,0,0,2
2021-03-26,BREAD,SOUR,0,18,18,3,0,0,15,0,0,0,0,0,0,0
2021-03-26,BREAD,RG SOUR,0,8,8,4,0,0,4,0,0,0,0,0,0,0
2021-03-26,BREAD,Bunny,2,3,5,1,0,1,3,0,0,0,0,0,0,0
2021-03-26,BREAD,CAR,0,0,0,0,0,0,0,0,0,0,0,0,0,0
2021-03-26,BREAD,IHF,0,0,0,0,0,0,0,0,0,0,0,0,0,0
2021-03-26,BREAD,HCB,0,20,20,6,2,0,12,0,0,0,0,0,0,0
2021-03-26,BREAD,BUT Rls,10,0,10,6,0,0,4,0,0,0,0,0,0,0
2021-03-26,BREAD,PASTEL,20,0,20,2,0,0,18,0,0,0,0,0,0,0
2021-03-26,BREAD,H-RLS,0,22,22,0,18,0,4,0,0,0,0,0,0,0
2021-03-26,BREAD,FR-RLS,0,0,0,0,0,0,0,0,0,0,0,0,0,0
2021-03-26,BREAD,VS-RLS,2,4,6,1,0,1,4,0,0,0,0,0,0,0
2021-03-26,BREAD,Straw Short,1,5,6,5,0,0,1,0,0,0,0,0,0,0
2021-03-26,BREAD,Choc Carm,3,2,5,1,0,2,2,0,0,0,0,0,0,0
2021-03-26,BREAD,Lemon Blue,2,2,4,4,0,0,0,0,0,0,0,0,0,0
2021-03-26,BREAD,Lemon Pop,2,2,4,0,0,2,2,0,0,0,0,0,0,0
2021-03-26,ROLLS,C-Rolls,0,72,72,61,7,4,0,0,0,0,0,0,0,0
2021-03-26,ROLLS,C-r Heart,0,0,0,0,0,0,0,0,0,0,0,0,0,0
2021-03-26,ROLLS,Mini C-Roll,0,0,0,0,0,0,0,0,0,0,0,0,0,0
2021-03-26,SCONES,Blueberry,0,0,0,0,0,0,0,0,0,0,0,0,0,0
2021-03-26,SCONES,Rasp Cream,0,0,0,0,0,0,0,0,0,0,0,0,0,0
2021-03-26,SCONES,Cherry,0,17,17,17,0,0,0,0,0,0,0,0,0,0
2021-03-26,SCONES,Butt Almond,0,16,16,16,0,0,0,0,0,0,0,0,0,0
2021-03-26,SCONES,Turtle,0,0,0,0,0,0,0,0,0,0,0,0,0,0
2021-03-26,SCONES,Cin Chip,0,0,0,0,0,0,0,0,0,0,0,0,0,0
2021-03-26,SCONES,FRUIT BAR,0,0,0,0,0,0,0,0,0,0,0,0,0,0
2021-03-26,SCONES,mixed berry,0,10,10,5,0,5,0,0,0,0,0,0,0,0
2021-03-26,SCONES,cherry,0,10,10,7,0,3,0,0,0,0,0,0,0,0
2021-03-26,SCONES,apple cin,0,0,0,0,0,0,0,0,0,0,0,0,0,0
2021-03-26,SCONES,Rasp-peach,0,0,0,0,0,0,0,0,0,0,0,0,0,0
2021-03-26,SCONES,blue,0,0,0,0,0,0,0,0,0,0,0,0,0,0
2021-03-26,MUFFINS,straw short,0,7,7,7,0,0,0,0,0,0,0,0,0,0
2021-03-26,MUFFINS,choc carm,0,7,7,7,0,0,0,0,0,0,0,0,0,0
2021-03-26,MUFFINS,lemon blue,0,5,5,5,0,0,0,0,0,0,0,0,0,0
2021-03-26,MUFFINS,lemon popp,0,5,5,5,0,0,0,0,0,0,0,0,0,0
2021-03-26,COOKIES/BARS,oat cc,7,18,25,8,0,5,12,0,0,0,0,0,0,0
2021-03-26,COOKIES/BARS,triple cc,6,24,30,16,0,0,14,0,0,0,0,0,0,0
2021-03-26,COOKIES/BARS,snicker,9,18,27,8,0,1,18,0,0,0,0,0,0,0
2021-03-26,COOKIES/BARS,SC Pie,0,12,12,7,0,0,5,0,0,0,0,0,0,0
2021-03-26,COOKIES/BARS,StBl,0,4,4,4,0,0,0,0,0,0,0,0,0,0
2021-03-26,COOKIES/BARS,Bl,0,4,4,1,0,0,3,0,0,0,0,0,0,0
2021-03-26,COOKIES/BARS,St SOUR Pie,0,3,3,1,0,0,2,0,0,0,0,0,0,0
2021-03-26,COOKIES/BARS,frosted,18,0,18,7,0,0,11,0,0,0,0,0,0,0
2021-03-26,COOKIES/BARS,brownie,3,6,9,4,0,3,2,0,0,0,0,0,0,0
2021-03-26,COOKIES/BARS,lemon bar,1,11,12,2,0,1,9,0,0,0,0,0,0,0
2021-03-26,COOKIES/BARS,ohhh,0,0,0,0,0,0,0,0,0,0,0,0,0,0
2021-03-26,COOKIES/BARS,Bread Pudding,0,0,0,-3,0,0,3,0,0,0,-3,0,0,3
2021-03-26,COOKIES/BARS,Totals,44,242,286,180,7,22,77,0,7,7,2,0,0,5
2021-03-27,BREAD,H,30,0,30,12,0,18,0,0,0,0,0,0,0,0
2021-03-27,BREAD,FR,18,0,18,18,0,0,0,0,0,0,0,0,0,0
2021-03-27,BREAD,GW,7,0,7,7,0,0,0,0,0,0,0,0,0,0
2021-03-27,BREAD,DK,18,0,18,2,0,16,0,0,0,0,0,0,0,0
2021-03-27,BREAD,H5|Cran,12,0,12,6,0,6,0,1,0,1,1,0,0,0
2021-03-27,BREAD,CSWRL,10,4,14,7,0,7,0,3,0,3,1,0,0,0
2021-03-27,BREAD,VA Swrl,10,4,14,8,0,6,0,3,0,3,1,0,0,0
2021-03-27,BREAD,ISB,6,12,18,8,0,10,0,1,5,6,4,0,0,0
2021-03-27,BREAD,G & S,0,0,0,0,0,0,0,0,0,0,0,0,0,0
2021-03-27,BREAD,CnE,14,0,14,14,0,0,0,3,0,3,2,0,0,0
2021-03-27,BREAD,CnR,3,0,3,3,0,0,0,0,0,0,0,0,0,0
2021-03-27,BREAD,CnW,6,0,6,5,0,1,0,0,0,0,0,0,0,0
2021-03-27,BREAD,CG,5,0,5,5,0,0,0,2,0,2,2,0,0,0
2021-03-27,BREAD,Pesto CG,6,0,6,6,0,0,0,0,0,0,0,0,0,0
2021-03-27,BREAD,VS,8,0,8,6,0,2,0,2,0,2,2,0,0,0
2021-03-27,BREAD,SOUR,15,0,15,4,0,11,0,0,0,0,0,0,0,0
2021-03-27,BREAD,RG SOUR,4,0,4,4,0,0,0,0,0,0,0,0,0,0
2021-03-27,BREAD,Bunny,3,0,3,2,0,1,0,0,0,0,0,0,0,0
2021-03-27,BREAD,CAR,0,0,0,0,0,0,0,0,0,0,0,0,0,0
2021-03-27,BREAD,IHF,0,0,0,0,0,0,0,0,0,0,0,0,0,0
2021-03-27,BREAD,HCB,12,0,12,6,0,6,0,0,0,0,0,0,0,0
2021-03-27,BREAD,BUT Rls,4,0,4,3,0,1,0,0,0,0,0,0,0,0
2021-03-27,BREAD,PASTEL,18,0,18,2,0,16,0,0,0,0,0,0,0,0
2021-03-27,BREAD,H-RLS,4,0,4,1,0,3,0,0,0,0,0,0,0,0
2021-03-27,BREAD,FR-RLS,0,0,0,0,0,0,0,0,0,0,0,0,0,0
2021-03-27,BREAD,VS-RLS,4,0,4,4,0,0,0,0,0,0,0,0,0,0
2021-03-27,BREAD,Straw Short,1,2,3,2,0,1,0,0,0,0,0,0,0,0
2021-03-27,BREAD,Choc Carm,2,4,6,2,0,4,0,0,0,0,0,0,0,0
2021-03-27,BREAD,Lemon Blue,0,2,2,1,0,1,0,0,0,0,0,0,0,0
2021-03-27,BREAD,Lemon Pop,2,0,2,2,0,0,0,0,0,0,0,0,0,0
2021-03-27,ROLLS,C-Rolls,0,96,96,68,12,16,0,0,0,0,0,0,0,0
2021-03-27,ROLLS,C-r Heart,0,0,0,0,0,0,0,0,0,0,0,0,0,0
2021-03-27,ROLLS,Mini C-Roll,0,0,0,0,0,0,0,0,0,0,0,0,0,0
2021-03-27,SCONES,Blueberry,0,23,23,23,0,0,0,0,0,0,0,0,0,0
2021-03-27,SCONES,Rasp Cream,0,0,0,0,0,0,0,0,0,0,0,0,0,0
2021-03-27,SCONES,Cherry,0,0,0,0,0,0,0,0,0,0,0,0,0,0
2021-03-27,SCONES,Butt Almond,0,9,9,9,0,0,0,0,0,0,0,0,0,0
2021-03-27,SCONES,Turtle,0,0,0,0,0,0,0,0,0,0,0,0,0,0
2021-03-27,SCONES,Cin Chip,0,0,0,0,0,0,0,0,0,0,0,0,0,0
2021-03-27,SCONES,FRUIT BAR,0,0,0,0,0,0,0,0,0,0,0,0,0,0
2021-03-27,SCONES,mixed berry,0,0,0,0,0,0,0,0,0,0,0,0,0,0
2021-03-27,SCONES,cherry,0,0,0,0,0,0,0,0,0,0,0,0,0,0
2021-03-27,SCONES,apple cin,0,10,10,8,0,2,0,0,0,0,0,0,0,0
2021-03-27,SCONES,Rasp-peach,0,10,10,10,0,0,0,0,0,0,0,0,0,0
2021-03-27,SCONES,blue,0,0,0,0,0,0,0,0,0,0,0,0,0,0
2021-03-27,MUFFINS,straw short,0,6,6,5,0,1,0,0,0,0,0,0,0,0
2021-03-27,MUFFINS,choc carm,0,6,6,4,0,2,0,0,0,0,0,0,0,0
2021-03-27,MUFFINS,lemon blue,0,4,4,4,0,0,0,0,0,0,0,0,0,0
2021-03-27,MUFFINS,lemon popp,0,4,4,4,0,0,0,0,0,0,0,0,0,0
2021-03-27,COOKIES/BARS,oat cc,12,6,18,8,0,10,0,0,0,0,0,0,0,0
2021-03-27,COOKIES/BARS,triple cc,14,6,20,14,0,6,0,0,0,0,0,0,0,0
2021-03-27,COOKIES/BARS,snicker,18,0,18,17,0,1,0,0,0,0,0,0,0,0
2021-03-27,COOKIES/BARS,SC Pie,5,0,5,5,0,0,0,0,0,0,0,0,0,0
2021-03-27,COOKIES/BARS,Bl,3,0,3,3,0,0,0,0,0,0,0,0,0,0
2021-03-27,COOKIES/BARS,St SOUR Pie,2,0,2,2,0,0,0,0,0,0,0,0,0,0
2021-03-27,COOKIES/BARS,frosted,11,0,11,4,0,7,0,0,0,0,0,0,0,0
2021-03-27,COOKIES/BARS,brownie,2,6,8,7,0,1,0,0,0,0,0,0,0,0
2021-03-27,COOKIES/BARS,lemon bar,9,0,9,6,0,3,0,0,0,0,0,0,0,0
2021-03-27,COOKIES/BARS,ohhh,0,0,0,0,0,0,0,0,0,0,0,0,0,0
2021-03-27,COOKIES/BARS,Bread Pudding,3,0,3,3,0,0,0,3,0,3,3,0,0,0
2021-03-27,COOKIES/BARS,Totals,77,186,263,202,12,49,0,5,0,5,5,0,0,0
2021-03-28,BREAD,H,0,0,0,0,0,0,0,0,0,0,0,0,0,0
2021-03-28,BREAD,FR,0,0,0,0,0,0,0,0,0,0,0,0,0,0
2021-03-28,BREAD,GW,0,0,0,0,0,0,0,0,0,0,0,0,0,0
2021-03-28,BREAD,DK,0,0,0,0,0,0,0,0,0,0,0,0,0,0
2021-03-28,BREAD,H5|Cran,0,0,0,0,0,0,0,0,0,0,0,0,0,0
2021-03-28,BREAD,CSWRL,0,0,0,0,0,0,0,0,0,0,0,0,0,0
2021-03-28,BREAD,VA Swrl,0,0,0,0,0,0,0,0,0,0,0,0,0,0
2021-03-28,BREAD,ISB,0,0,0,0,0,0,0,0,0,0,0,0,0,0
2021-03-28,BREAD,G & S,0,0,0,0,0,0,0,0,0,0,0,0,0,0
2021-03-28,BREAD,CnE,0,0,0,0,0,0,0,0,0,0,0,0,0,0
2021-03-28,BREAD,CnR,0,0,0,0,0,0,0,0,0,0,0,0,0,0
2021-03-28,BREAD,CnW,0,0,0,0,0,0,0,0,0,0,0,0,0,0
2021-03-28,BREAD,CG,0,0,0,0,0,0,0,0,0,0,0,0,0,0
2021-03-28,BREAD,Pesto CG,0,0,0,0,0,0,0,0,0,0,0,0,0,0
2021-03-28,BREAD,VS,0,0,0,0,0,0,0,0,0,0,0,0,0,0
2021-03-28,BREAD,SOUR,0,0,0,0,0,0,0,0,0,0,0,0,0,0
2021-03-28,BREAD,RG SOUR,0,0,0,0,0,0,0,0,0,0,0,0,0,0
2021-03-28,BREAD,CAR,0,0,0,0,0,0,0,0,0,0,0,0,0,0
2021-03-28,BREAD,IHF,0,0,0,0,0,0,0,0,0,0,0,0,0,0
2021-03-28,BREAD,HCB,0,0,0,0,0,0,0,0,0,0,0,0,0,0
2021-03-28,BREAD,BUT Rls,0,0,0,0,0,0,0,0,0,0,0,0,0,0
2021-03-28,BREAD,PASTEL,0,0,0,0,0,0,0,0,0,0,0,0,0,0
2021-03-28,BREAD,H-RLS,0,0,0,0,0,0,0,0,0,0,0,0,0,0
2021-03-28,BREAD,FR-RLS,0,0,0,0,0,0,0,0,0,0,0,0,0,0
2021-03-28,BREAD,VS-RLS,0,0,0,0,0,0,0,0,0,0,0,0,0,0
2021-03-28,BREAD,Straw Short,0,0,0,0,0,0,0,0,0,0,0,0,0,0
2021-03-28,BREAD,Choc Carm,0,0,0,0,0,0,0,0,0,0,0,0,0,0
2021-03-28,BREAD,Lemon Blue,0,0,0,0,0,0,0,0,0,0,0,0,0,0
2021-03-28,BREAD,Lemon Pop,0,0,0,0,0,0,0,0,0,0,0,0,0,0
2021-03-28,ROLLS,C-r Heart,0,0,0,0,0,0,0,0,0,0,0,0,0,0
2021-03-28,ROLLS,Mini C-Roll,0,0,0,0,0,0,0,0,0,0,0,0,0,0
2021-03-28,SCONES,Blueberry,0,0,0,0,0,0,0,0,0,0,0,0,0,0
2021-03-28,SCONES,Rasp Cream,0,0,0,0,0,0,0,0,0,0,0,0,0,0
2021-03-28,SCONES,Cherry,0,0,0,0,0,0,0,0,0,0,0,0,0,0
2021-03-28,SCONES,Butt Almond,0,0,0,0,0,0,0,0,0,0,0,0,0,0
2021-03-28,SCONES,Turtle,0,0,0,0,0,0,0,0,0,0,0,0,0,0
2021-03-28,SCONES,BLARNEY,0,0,0,0,0,0,0,0,0,0,0,0,0,0
2021-03-28,SCONES,mixed berry,0,0,0,0,0,0,0,0,0,0,0,0,0,0
2021-03-28,SCONES,cherry,0,0,0,0,0,0,0,0,0,0,0,0,0,0
2021-03-28,SCONES,apple cin,0,0,0,0,0,0,0,0,0,0,0,0,0,0
2021-03-28,SCONES,rasp-blue-peach,0,0,0,0,0,0,0,0,0,0,0,0,0,0
2021-03-28,SCONES,Rasp-peach,0,0,0,0,0,0,0,0,0,0,0,0,0,0
2021-03-28,SCONES,blue,0,0,0,0,0,0,0,0,0,0,0,0,0,0
2021-03-28,SCONES,straw short,0,0,0,0,0,0,0,0,0,0,0,0,0,0
2021-03-28,SCONES,choc carm,0,0,0,0,0,0,0,0,0,0,0,0,0,0
2021-03-28,SCONES,lemon blue,0,0,0,0,0,0,0,0,0,0,0,0,0,0
2021-03-28,SCONES,lemon popp,0,0,0,0,0,0,0,0,0,0,0,0,0,0
2021-03-28,SCONES,oat cc,0,0,0,0,0,0,0,0,0,0,0,0,0,0
2021-03-28,SCONES,triple cc,0,0,0,0,0,0,0,0,0,0,0,0,0,0
2021-03-28,SCONES,snicker,0,0,0,0,0,0,0,0,0,0,0,0,0,0
2021-03-28,SCONES,frosted,0,0,0,0,0,0,0,0,0,0,0,0,0,0
2021-03-28,SCONES,brownie,0,0,0,0,0,0,0,0,0,0,0,0,0,0
2021-03-28,SCONES,lemon bar,0,0,0,0,0,0,0,0,0,0,0,0,0,0
2021-03-28,SCONES,ohhh,0,0,0,0,0,0,0,0,0,0,0,0,0,0
2021-03-28,SCONES,Bread Pudding,0,0,0,0,0,0,0,0,0,0,0,0,0,0
2021-03-28,SCONES,Totals,0,0,0,0,0,0,0,0,0,0,0,0,0,0
2021-03-29,BREAD,H,0,34,34,15,0,0,19,0,0,0,0,0,0,0
2021-03-29,BREAD,FR,0,50,50,24,24,0,2,0,0,0,0,0,0,0
2021-03-29,BREAD,GW,0,13,13,4,0,0,9,0,0,0,0,0,0,0
2021-03-29,BREAD,DK,0,21,21,10,0,0,11,0,0,0,0,0,0,0
2021-03-29,BREAD,H5|Cran,0,0,0,0,0,0,0,0,0,0,0,0,0,0
2021-03-29,BREAD,CSWRL,0,16,16,12,0,0,4,0,3,3,3,0,0,0
2021-03-29,BREAD,VA Swrl,0,12,12,3,0,0,9,0,2,2,2,0,0,0
2021-03-29,BREAD,ISB,0,0,0,0,0,0,0,0,0,0,0,0,0,0
2021-03-29,BREAD,G & S,0,0,0,0,0,0,0,0,0,0,0,0,0,0
2021-03-29,BREAD,CnE,0,15,15,12,0,0,3,0,3,3,0,0,0,3
2021-03-29,BREAD,CnR,0,4,4,3,0,0,1,0,0,0,0,0,0,0
2021-03-29,BREAD,CnW,0,4,4,4,0,0,0,0,0,0,0,0,0,0
2021-03-29,BREAD,CG,0,8,8,2,0,0,6,0,2,2,2,0,0,0
2021-03-29,BREAD,Pesto CG,0,5,5,2,0,0,3,0,0,0,0,0,0,0
2021-03-29,BREAD,VS,0,0,0,0,0,0,0,0,0,0,0,0,0,0
2021-03-29,BREAD,SOUR,0,21,21,1,18,0,2,0,0,0,0,0,0,0
2021-03-29,BREAD,RG SOUR,0,6,6,5,0,0,1,0,0,0,0,0,0,0
2021-03-29,BREAD,Bunny,0,3,3,3,0,0,0,0,0,0,0,0,0,0
2021-03-29,BREAD,CAR,0,0,0,0,0,0,0,0,0,0,0,0,0,0
2021-03-29,BREAD,IHF,0,0,0,0,0,0,0,0,0,0,0,0,0,0
2021-03-29,BREAD,HCB,0,0,0,0,0,0,0,0,0,0,0,0,0,0
2021-03-29,BREAD,BUT Rls,0,0,0,0,0,0,0,0,0,0,0,0,0,0
2021-03-29,BREAD,PASTEL,0,0,0,0,0,0,0,0,0,0,0,0,0,0
2021-03-29,BREAD,H-RLS,0,3,3,0,0,0,3,0,0,0,0,0,0,0
2021-03-29,BREAD,FR-RLS,0,3,3,1,0,0,2,0,0,0,0,0,0,0
2021-03-29,BREAD,VS-RLS,0,0,0,0,0,0,0,0,0,0,0,0,0,0
2021-03-29,BREAD,Straw Short,0,3,3,3,0,0,0,0,0,0,0,0,0,0
2021-03-29,BREAD,Choc Carm,0,3,3,0,0,0,3,0,0,0,0,0,0,0
2021-03-29,BREAD,Lemon Blue,0,2,2,2,0,0,0,0,0,0,0,0,0,0
2021-03-29,BREAD,Lemon Pop,0,2,2,1,0,0,1,0,0,0,0,0,0,0
2021-03-29,ROLLS,C-Rolls,0,36,36,29,0,7,0,0,0,0,0,0,0,0
2021-03-29,ROLLS,C-r Heart,0,0,0,0,0,0,0,0,0,0,0,0,0,0
2021-03-29,ROLLS,Mini C-Roll,0,0,0,0,0,0,0,0,0,0,0,0,0,0
2021-03-29,SCONES,Blueberry,0,0,0,0,0,0,0,0,0,0,0,0,0,0
2021-03-29,SCONES,Rasp Cream,0,11,11,10,0,1,0,0,0,0,0,0,0,0
2021-03-29,SCONES,Cherry,0,0,0,0,0,0,0,0,0,0,0,0,0,0
2021-03-29,SCONES,Butt Almond,0,0,0,0,0,0,0,0,0,0,0,0,0,0
2021-03-29,SCONES,Turtle,0,0,0,0,0,0,0,0,0,0,0,0,0,0
2021-03-29,SCONES,Cin Chip,0,11,11,8,0,3,0,0,0,0,0,0,0,0
2021-03-29,SCONES,FRUIT BAR,0,0,0,0,0,0,0,0,0,0,0,0,0,0
2021-03-29,SCONES,mixed berry,0,5,5,5,0,0,0,0,0,0,0,0,0,0
2021-03-29,SCONES,cherry,0,5,5,5,0,0,0,0,0,0,0,0,0,0
2021-03-29,SCONES,apple cin,0,0,0,0,0,0,0,0,0,0,0,0,0,0
2021-03-29,SCONES,Rasp-peach,0,0,0,0,0,0,0,0,0,0,0,0,0,0
2021-03-29,SCONES,blue,0,0,0,0,0,0,0,0,0,0,0,0,0,0
2021-03-29,MUFFINS,straw short,0,3,3,1,0,2,0,0,0,0,0,0,0,0
2021-03-29,MUFFINS,choc carm,0,3,3,2,0,1,0,0,0,0,0,0,0,0
2021-03-29,MUFFINS,lemon blue,0,2,2,2,0,0,0,0,0,0,0,0,0,0
2021-03-29,MUFFINS,lemon popp,0,2,2,2,0,0,0,0,0,0,0,0,0,0
2021-03-29,COOKIES/BARS,oat cc,0,18,18,18,0,0,0,0,0,0,0,0,0,0
2021-03-29,COOKIES/BARS,triple cc,0,18,18,18,0,0,0,0,0,0,0,0,0,0
2021-03-29,COOKIES/BARS,snicker,0,18,18,13,0,0,5,0,0,0,0,0,0,0
2021-03-29,COOKIES/BARS,SC Pie,0,0,0,0,0,0,0,0,0,0,0,0,0,0
2021-03-29,COOKIES/BARS,Bl,0,0,0,0,0,0,0,0,0,0,0,0,0,0
2021-03-29,COOKIES/BARS,St SOUR Pie,0,0,0,0,0,0,0,0,0,0,0,0,0,0
2021-03-29,COOKIES/BARS,frosted,0,18,18,10,0,0,8,0,0,0,0,0,0,0
2021-03-29,COOKIES/BARS,brownie,0,8,8,8,0,0,0,0,0,0,0,0,0,0
2021-03-29,COOKIES/BARS,lemon bar,0,8,8,2,0,0,6,0,0,0,0,0,0,0
2021-03-29,COOKIES/BARS,ohhh,0,0,0,0,0,0,0,0,0,0,0,0,0,0
2021-03-29,COOKIES/BARS,Bread Pudding,0,0,0,0,0,0,0,0,0,0,0,0,0,0
2021-03-29,COOKIES/BARS,Totals,0,166,166,133,0,14,19,0,0,0,0,0,0,0
2021-03-30,BREAD,H,19,17,36,12,0,0,24,0,0,0,0,0,0,0
2021-03-30,BREAD,FR,2,26,28,12,0,0,16,0,0,0,0,0,0,0
2021-03-30,BREAD,GW,9,5,14,3,0,6,5,0,0,0,0,0,0,0
2021-03-30,BREAD,DK,11,0,11,5,0,0,6,0,0,0,0,0,0,0
2021-03-30,BREAD,H5|Cran,0,11,11,7,1,0,3,0,8,8,0,0,0,8
2021-03-30,BREAD,CSWRL,4,16,20,14,2,0,4,0,4,4,1,0,0,3
2021-03-30,BREAD,VA Swrl,9,4,13,2,3,7,1,0,3,3,0,0,0,3
2021-03-30,BREAD,ISB,0,0,0,0,0,0,0,0,0,0,0,0,0,0
2021-03-30,BREAD,G & S,0,0,0,0,0,0,0,0,0,0,0,0,0,0
2021-03-30,BREAD,CnE,3,6,9,8,0,0,1,3,0,3,3,0,0,0
2021-03-30,BREAD,CnR,1,3,4,4,0,0,0,0,0,0,0,0,0,0
2021-03-30,BREAD,CnW,0,3,3,3,0,0,0,0,0,0,0,0,0,0
2021-03-30,BREAD,CG,6,0,6,4,0,2,0,0,0,0,0,0,0,0
2021-03-30,BREAD,Pesto CG,3,0,3,1,0,2,0,0,0,0,0,0,0,0
2021-03-30,BREAD,VS,0,9,9,4,0,0,5,0,2,2,1,0,0,1
2021-03-30,BREAD,SOUR,2,22,24,7,8,0,9,0,0,0,0,0,0,0
2021-03-30,BREAD,RG SOUR,1,3,4,3,0,0,1,0,0,0,0,0,0,0
2021-03-30,BREAD,Bunny,0,8,8,4,2,0,2,0,0,0,0,0,0,0
2021-03-30,BREAD,CAR,0,0,0,0,0,0,0,0,0,0,0,0,0,0
2021-03-30,BREAD,IHF,0,0,0,0,0,0,0,0,0,0,0,0,0,0
2021-03-30,BREAD,HCB,0,19,19,8,6,0,5,0,0,0,0,0,0,0
2021-03-30,BREAD,BUT Rls,0,0,0,0,0,0,0,0,0,0,0,0,0,0
2021-03-30,BREAD,PASTEL,0,0,0,0,0,0,0,0,0,0,0,0,0,0
2021-03-30,BREAD,H-Rls,3,0,3,1,0,2,0,0,0,0,0,0,0,0
2021-03-30,BREAD,FR-RLS,2,2,4,4,0,0,0,0,0,0,0,0,0,0
2021-03-30,BREAD,VS-RLS,0,4,4,2,0,0,2,0,0,0,0,0,0,0
2021-03-30,BREAD,Straw Short,0,4,4,0,1,0,3,0,0,0,0,0,0,0
2021-03-30,BREAD,Choc Carm,3,1,4,3,0,1,0,0,0,0,0,0,0,0
2021-03-30,BREAD,Lemon Blue,0,4,4,2,1,0,1,0,0,0,0,0,0,0
2021-03-30,BREAD,Lemon Pop,1,2,3,1,0,0,2,0,0,0,0,0,0,0
2021-03-30,ROLLS,C-Rolls,0,36,36,22,2,12,0,0,0,0,0,0,0,0
2021-03-30,ROLLS,C-r Heart,0,0,0,0,0,0,0,0,0,0,0,0,0,0
2021-03-30,ROLLS,Mini C-Roll,0,0,0,0,0,0,0,0,0,0,0,0,0,0
2021-03-30,SCONES,Blueberry,0,22,22,10,12,0,0,0,0,0,0,0,0,0
2021-03-30,SCONES,Rasp Cream,0,0,0,0,0,0,0,0,0,0,0,0,0,0
2021-03-30,SCONES,Cherry,0,0,0,0,0,0,0,0,0,0,0,0,0,0
2021-03-30,SCONES,Butt Almond,0,0,0,0,0,0,0,0,0,0,0,0,0,0
2021-03-30,SCONES,Turtle,0,0,0,0,0,0,0,0,0,0,0,0,0,0
2021-03-30,SCONES,Cin Chip,0,9,9,9,0,0,0,0,0,0,0,0,0,0
2021-03-30,SCONES,FRUIT BAR,0,0,0,0,0,0,0,0,0,0,0,0,0,0
2021-03-30,SCONES,mixed berry,0,0,0,0,0,0,0,0,0,0,0,0,0,0
2021-03-30,SCONES,cherry,0,0,0,0,0,0,0,0,0,0,0,0,0,0
2021-03-30,SCONES,apple cin,0,5,5,5,0,0,0,0,0,0,0,0,0,0
2021-03-30,SCONES,Rasp-peach,0,5,5,5,0,0,0,0,0,0,0,0,0,0
2021-03-30,SCONES,blue,0,0,0,0,0,0,0,0,0,0,0,0,0,0
2021-03-30,MUFFINS,straw short,0,4,4,3,0,1,0,0,0,0,0,0,0,0
2021-03-30,MUFFINS,choc carm,0,4,4,4,0,0,0,0,0,0,0,0,0,0
2021-03-30,MUFFINS,lemon blue,0,3,3,3,0,0,0,0,0,0,0,0,0,0
2021-03-30,MUFFINS,lemon popp,0,3,3,2,0,1,0,0,0,0,0,0,0,0
2021-03-30,COOKIES/BARS,oat cc,0,13,13,9,4,0,0,0,0,0,0,0,0,0
2021-03-30,COOKIES/BARS,triple cc,0,28,28,19,3,0,6,0,0,0,0,0,0,0
2021-03-30,COOKIES/BARS,snicker,5,18,23,20,3,0,0,0,0,0,0,0,0,0
2021-03-30,COOKIES/BARS,SC Pie,0,0,0,-2,0,0,2,0,0,0,0,0,0,0
2021-03-30,COOKIES/BARS,Bl,0,0,0,0,0,0,0,0,0,0,0,0,0,0
2021-03-30,COOKIES/BARS,St SOUR Pie,0,0,0,0,0,0,0,0,0,0,0,0,0,0
2021-03-30,COOKIES/BARS,frosted,8,4,12,11,0,0,1,0,0,0,0,0,0,0
2021-03-30,COOKIES/BARS,brownie,0,6,6,-2,0,0,8,0,0,0,0,0,0,0
2021-03-30,COOKIES/BARS,lemon bar,6,0,6,-1,0,0,7,0,0,0,0,0,0,0
2021-03-30,COOKIES/BARS,ohhh,0,0,0,-2,0,0,2,0,0,0,-1,0,0,1
2021-03-30,COOKIES/BARS,Bread Pudding,0,0,0,-3,0,0,3,0,0,0,-5,0,0,5
2021-03-30,COOKIES/BARS,Totals,19,160,179,112,24,14,29,0,0,0,-6,0,0,6
2021-03-31,BREAD,H,24,27,51,17,0,3,31,0,0,0,0,0,0,0
2021-03-31,BREAD,FR,16,42,58,-2,40,0,20,0,0,0,0,0,0,0
2021-03-31,BREAD,GW,5,4,9,4,0,1,4,0,0,0,0,0,0,0
2021-03-31,BREAD,DK,6,22,28,10,1,0,17,0,0,0,0,0,0,0
2021-03-31,BREAD,H5|Cran,3,0,3,2,0,0,1,8,0,8,5,0,0,3
2021-03-31,BREAD,CSWRL,4,16,20,18,0,0,2,3,0,3,3,0,0,0
2021-03-31,BREAD,VA Swrl,1,12,13,2,0,0,11,3,0,3,0,0,0,0
2021-03-31,BREAD,ISB,0,0,0,0,0,0,0,0,0,0,0,0,0,0
2021-03-31,BREAD,G & S,0,0,0,0,0,0,0,0,0,0,0,0,0,0
2021-03-31,BREAD,CnE,1,8,9,9,0,0,0,0,5,5,2,0,0,2
2021-03-31,BREAD,CnR,0,8,8,2,1,0,5,0,0,0,0,0,0,0
2021-03-31,BREAD,CnW,0,8,8,7,1,0,0,0,0,0,0,0,0,0
2021-03-31,BREAD,CG,0,7,7,2,1,0,4,0,3,3,1,0,0,1
2021-03-31,BREAD,Pesto CG,0,6,6,3,0,0,3,0,0,0,0,0,0,0
2021-03-31,BREAD,VS,5,0,5,3,0,2,0,1,0,1,1,0,0,0
2021-03-31,BREAD,SOUR,9,14,23,8,0,3,12,0,0,0,0,0,0,0
2021-03-31,BREAD,RG SOUR,1,7,8,3,0,0,5,0,0,0,0,0,0,0
2021-03-31,BREAD,Bunny,2,6,8,5,1,0,2,0,0,0,0,0,0,0
2021-03-31,BREAD,CAR,0,0,0,0,0,0,0,0,0,0,0,0,0,0
2021-03-31,BREAD,IHF,0,0,0,0,0,0,0,0,0,0,0,0,0,0
2021-03-31,BREAD,HCB,5,27,32,9,0,0,23,0,0,0,0,0,0,0
2021-03-31,BREAD,BUT Rls,0,34,34,6,0,0,28,0,0,0,0,0,0,0
2021-03-31,BREAD,PASTEL,0,0,0,0,0,0,0,0,0,0,0,0,0,0
2021-03-31,BREAD,H-RLS,0,6,6,0,0,0,6,0,0,0,0,0,0,0
2021-03-31,BREAD,FR-RLS,0,3,3,0,3,0,0,0,0,0,0,0,0,0
2021-03-31,BREAD,VS-RLS,2,0,2,2,0,0,0,0,0,0,0,0,0,0
2021-03-31,BREAD,Straw Short,3,1,4,1,0,2,1,0,0,0,0,0,0,0
2021-03-31,BREAD,Choc Carm,0,9,9,1,5,0,3,0,0,0,0,0,0,0
2021-03-31,BREAD,Lemon Blue,1,2,3,2,0,0,1,0,0,0,0,0,0,0
2021-03-31,BREAD,Lemon Pop,2,1,3,1,0,1,1,0,0,0,0,0,0,0
2021-03-31,ROLLS,C-Rolls,0,36,36,36,0,0,0,0,0,0,0,0,0,0
2021-03-31,ROLLS,C-r Heart,0,0,0,0,0,0,0,0,0,0,0,0,0,0
2021-03-31,ROLLS,Mini C-Roll,0,0,0,0,0,0,0,0,0,0,0,0,0,0
2021-03-31,SCONES,Blueberry,0,0,0,0,0,0,0,0,0,0,0,0,0,0
2021-03-31,SCONES,Rasp Cream,0,11,11,7,4,0,0,0,0,0,0,0,0,0
2021-03-31,SCONES,Cherry,0,0,0,0,0,0,0,0,0,0,0,0,0,0
2021-03-31,SCONES,Butt Almond,0,0,0,0,0,0,0,0,0,0,0,0,0,0
2021-03-31,SCONES,Turtle,0,10,10,10,0,0,0,0,0,0,0,0,0,0
2021-03-31,SCONES,Cin Chip,0,0,0,0,0,0,0,0,0,0,0,0,0,0
2021-03-31,SCONES,FRUIT BAR,0,0,0,0,0,0,0,0,0,0,0,0,0,0
2021-03-31,SCONES,mixed berry,0,5,5,5,0,0,0,0,0,0,0,0,0,0
2021-03-31,SCONES,cherry,0,5,5,5,0,0,0,0,0,0,0,0,0,0
2021-03-31,SCONES,apple cin,0,0,0,0,0,0,0,0,0,0,0,0,0,0
2021-03-31,SCONES,Rasp-peach,0,0,0,0,0,0,0,0,0,0,0,0,0,0
2021-03-31,SCONES,blue,0,0,0,0,0,0,0,0,0,0,0,0,0,0
2021-03-31,MUFFINS,straw short,0,4,4,2,0,2,0,0,0,0,0,0,0,0
2021-03-31,MUFFINS,choc carm,0,4,4,4,0,0,0,0,0,0,0,0,0,0
2021-03-31,MUFFINS,lemon blue,0,3,3,2,0,1,0,0,0,0,0,0,0,0
2021-03-31,MUFFINS,lemon popp,0,3,3,3,0,0,0,0,0,0,0,0,0,0
2021-03-31,COOKIES/BARS,oat cc,0,24,24,24,0,0,0,0,0,0,0,0,0,0
2021-03-31,COOKIES/BARS,triple cc,6,18,24,21,3,0,0,0,0,0,0,0,0,0
2021-03-31,COOKIES/BARS,snicker,0,24,24,18,0,0,6,0,0,0,0,0,0,0
2021-03-31,COOKIES/BARS,SC Pie,2,17,19,5,0,0,14,0,0,0,0,0,0,0
2021-03-31,COOKIES/BARS,Bl,0,6,6,0,0,0,6,0,0,0,0,0,0,0
2021-03-31,COOKIES/BARS,St SOUR Pie,0,6,6,3,0,0,3,0,0,0,0,0,0,0
2021-03-31,COOKIES/BARS,frosted,1,12,13,5,0,0,8,0,0,0,0,0,0,0
2021-03-31,COOKIES/BARS,brownie,8,0,8,4,0,4,0,0,0,0,0,0,0,0
2021-03-31,COOKIES/BARS,lemon bar,7,1,8,6,0,2,0,0,0,0,0,0,0,0
2021-03-31,COOKIES/BARS,ohhh,2,0,2,1,0,0,1,1,0,1,0,0,0,1
2021-03-31,COOKIES/BARS,Bread Pudding,3,0,3,-7,0,0,10,5,0,5,-1,0,0,6
2021-03-31,COOKIES/BARS,Totals,29,183,212,151,7,9,45,6,6,12,2,0,0,10
