Date,Category,Product,START_OF_DAY_WHOLE,MADE_TODAY_WHOLE,AVAILABLE_TO_SELL_WHOLE,OUT_THE_DOOR_WHOLE,ORDERS_TODAY_WHOLE,REMOVED_AS_DAY_OLD_WHOLE,LEFT_WHOLE,START_OF_DAY_HALF,MADE_TODAY_HALF,AVAILABLE_TO_SELL_HALF,OUT_THE_DOOR_HALF,ORDERS_TODAY_HALF,REMOVED_AS_DAY_OLD_HALF,LEFT_HALF
2021-12-01,BREAD,H,16,24,40,14,0,1,25,0,0,0,0,0,0,0
2021-12-01,BREAD,FR,17,18,35,11,0,0,24,0,0,0,0,0,0,0
2021-12-01,BREAD,GW,3,0,3,3,0,0,0,0,0,0,0,0,0,0
2021-12-01,BREAD,DK,4,22,26,14,0,0,12,0,0,0,0,0,0,0
2021-12-01,BREAD,H5,6,0,6,4,0,2,0,0,0,0,0,0,0,0
2021-12-01,BREAD,CSWRL,7,7,14,9,1,0,4,2,0,2,2,0,0,0
2021-12-01,BREAD,M.P. Swl,0,12,12,3,0,0,9,0,0,0,0,0,0,0
2021-12-01,BREAD,CnE,1,20,21,10,0,0,11,1,0,1,-4,0,0,5
2021-12-01,BREAD,CnR,2,6,8,3,0,0,5,0,0,0,0,0,0,0
2021-12-01,BREAD,RW,0,6,6,2,0,0,4,0,0,0,0,0,0,0
2021-12-01,BREAD,CB,6,0,6,1,0,5,0,2,0,2,2,0,0,0
2021-12-01,BREAD,CrO,14,0,14,4,0,0,10,2,0,2,2,0,0,0
2021-12-01,BREAD,TS,0,0,0,0,0,0,0,0,0,0,0,0,0,0
2021-12-01,BREAD,AA,0,0,0,0,0,0,0,0,0,0,0,0,0,0
2021-12-01,BREAD,CG,0,8,8,8,0,0,0,0,4,4,4,0,0,0
2021-12-01,BREAD,Pest,0,5,5,2,0,0,3,0,0,0,0,0,0,0
2021-12-01,BREAD,Jal,0,4,4,2,0,0,2,0,0,0,0,0,0,0
2021-12-01,BREAD,VS,9,0,9,4,0,5,0,2,0,2,1,0,0,0
2021-12-01,BREAD,SOUR,12,18,30,13,0,6,11,0,0,0,0,0,0,0
2021-12-01,BREAD,CH,0,0,0,0,0,0,0,0,0,0,0,0,0,0
2021-12-01,BREAD,POP,0,0,0,0,0,0,0,0,0,0,0,0,0,0
2021-12-01,BREAD,WREATH,0,0,0,0,0,0,0,0,0,0,0,0,0,0
2021-12-01,BREAD,Pump Swrl,7,0,7,0,0,7,0,0,0,0,0,0,0,0
2021-12-01,BREAD,CAR,10,0,10,10,0,0,0,0,0,0,0,0,0,0
2021-12-01,BREAD,IHF,5,36,41,41,0,0,0,0,0,0,0,0,0,0
2021-12-01,BREAD,BUT-Rls,0,0,0,0,0,0,0,0,0,0,0,0,0,0
2021-12-01,BREAD,CrO-RLS,0,0,0,0,0,0,0,0,0,0,0,0,0,0
2021-12-01,BREAD,H-RLS,0,4,4,1,0,0,3,0,0,0,0,0,0,0
2021-12-01,BREAD,FR-RLS,0,3,3,1,0,0,2,0,0,0,0,0,0,0
2021-12-01,BREAD,VS-RLS,0,1,1,1,0,0,0,0,0,0,0,0,0,0
2021-12-01,BREAD,Blue Stru,2,3,5,3,0,1,1,0,0,0,0,0,0,0
2021-12-01,BREAD,CC,1,1,2,0,0,1,1,0,0,0,0,0,0,0
2021-12-01,BREAD,M Ch,0,0,0,0,0,0,0,0,0,0,0,0,0,0
2021-12-01,BREAD,Pump Crb,1,4,5,1,0,0,4,0,0,0,0,0,0,0
2021-12-01,BREAD,Pump CC,2,6,8,4,0,1,3,0,0,0,0,0,0,0
2021-12-01,ROLLS,C-Rolls,0,288,288,31,249,8,0,0,0,0,0,0,0,0
2021-12-01,ROLLS,Mini C-Roll,0,72,72,0,72,0,0,0,0,0,0,0,0,0
2021-12-01,SCONES,Blueberry,0,0,0,0,0,0,0,0,0,0,0,0,0,0
2021-12-01,SCONES,Rasp Cream,0,17,17,13,4,0,0,0,0,0,0,0,0,0
2021-12-01,SCONES,Cherry,0,0,0,0,0,0,0,0,0,0,0,0,0,0
2021-12-01,SCONES,Butt Almond,0,0,0,0,0,0,0,0,0,0,0,0,0,0
2021-12-01,SCONES,Turtle,0,16,16,8,4,4,0,0,0,0,0,0,0,0
2021-12-01,SCONES,Cin Chip,0,0,0,0,0,0,0,0,0,0,0,0,0,0
2021-12-01,SCONES,CrO,0,8,8,-1,0,9,0,0,0,0,0,0,0,0
2021-12-01,SCONES,CrO-WCC,0,8,8,8,0,0,0,0,0,0,0,0,0,0
2021-12-01,SCONES,FRUIT BAR,0,0,0,0,0,0,0,0,0,0,0,0,0,0
2021-12-01,SCONES,mixed berry,0,10,10,10,0,0,0,0,0,0,0,0,0,0
2021-12-01,SCONES,cherry,0,10,10,9,1,0,0,0,0,0,0,0,0,0
2021-12-01,SCONES,apple cin,0,0,0,0,0,0,0,0,0,0,0,0,0,0
2021-12-01,SCONES,Cran white choc,0,0,0,0,0,0,0,0,0,0,0,0,0,0
2021-12-01,MUFFINS,Blue Streusel,0,5,5,5,0,0,0,0,0,0,0,0,0,0
2021-12-01,MUFFINS,Mex Choc,0,5,5,5,0,0,0,0,0,0,0,0,0,0
2021-12-01,MUFFINS,Pump Cr,0,5,5,2,0,3,0,0,0,0,0,0,0,0
2021-12-01,MUFFINS,Pump CC,0,8,8,7,0,1,0,0,0,0,0,0,0,0
2021-12-01,COOKIES/BARS,oat cc,4,36,40,12,10,0,18,0,0,0,0,0,0,0
2021-12-01,COOKIES/BARS,triple cc,5,36,41,14,10,0,17,0,0,0,0,0,0,0
2021-12-01,COOKIES/BARS,St Nickerdo,12,24,36,17,10,6,3,0,0,0,0,0,0,0
2021-12-01,COOKIES/BARS,frosted,5,18,23,3,0,2,18,0,0,0,0,0,0,0
2021-12-01,COOKIES/BARS,GingerMan,0,18,18,18,0,0,0,0,0,0,0,0,0,0
2021-12-01,COOKIES/BARS,brownie,20,0,20,4,1,4,11,0,0,0,0,0,0,0
2021-12-01,COOKIES/BARS,Pump Bar,24,20,44,11,1,0,32,0,0,0,0,0,0,0
2021-12-01,COOKIES/BARS,Pump OH,0,0,0,0,0,0,0,0,0,0,0,0,0,0
2021-12-01,COOKIES/BARS,Bread Pudding,0,0,0,0,0,0,0,0,0,0,0,0,0,0
2021-12-01,COOKIES/BARS,Totals,70,604,674,176,362,37,99,0,0,0,0,0,0,0
2021-12-02,BREAD,H,25,14,39,27,0,0,12,0,0,0,0,0,0,0
2021-12-02,BREAD,FR,24,41,65,6,38,6,15,0,0,0,0,0,0,0
2021-12-02,BREAD,GW,0,11,11,7,0,0,4,0,0,0,0,0,0,0
2021-12-02,BREAD,DK,12,13,25,22,0,0,3,0,0,0,0,0,0,0
2021-12-02,BREAD,H5,0,0,0,-5,0,0,5,0,0,0,0,0,0,0
2021-12-02,BREAD,CSWRL,4,12,16,7,1,0,8,0,4,4,3,0,0,1
2021-12-02,BREAD,M.P. Swl,9,0,9,3,0,6,0,0,0,0,0,0,0,0
2021-12-02,BREAD,CnE,11,0,11,10,0,1,0,5,0,5,2,0,0,0
2021-12-02,BREAD,CnR,5,0,5,4,0,1,0,0,0,0,0,0,0,0
2021-12-02,BREAD,RW,4,0,4,0,0,4,0,0,0,0,0,0,0,0
2021-12-02,BREAD,CB,0,14,14,3,0,0,11,0,7,7,-1,0,0,8
2021-12-02,BREAD,CrO,10,16,26,9,0,0,17,0,4,4,1,0,0,3
2021-12-02,BREAD,TS,0,0,0,0,0,0,0,0,0,0,0,0,0,0
2021-12-02,BREAD,AA,0,0,0,0,0,0,0,0,0,0,0,0,0,0
2021-12-02,BREAD,CG,0,0,0,-1,0,1,0,0,0,0,0,0,0,0
2021-12-02,BREAD,Pest,3,0,3,3,0,0,0,0,0,0,0,0,0,0
2021-12-02,BREAD,Jal,2,0,2,2,0,0,0,0,0,0,0,0,0,0
2021-12-02,BREAD,VS,0,12,12,6,0,0,6,0,4,4,0,0,0,4
2021-12-02,BREAD,SOUR,11,0,11,7,0,4,0,0,0,0,0,0,0,0
2021-12-02,BREAD,CH,0,0,0,0,0,0,0,0,0,0,0,0,0,0
2021-12-02,BREAD,POP,0,0,0,0,0,0,0,0,0,0,0,0,0,0
2021-12-02,BREAD,WREATH,0,0,0,0,0,0,0,0,0,0,0,0,0,0
2021-12-02,BREAD,CAR,0,0,0,-9,0,0,9,0,0,0,0,0,0,0
2021-12-02,BREAD,IHF,0,0,0,-19,0,0,19,0,0,0,0,0,0,0
2021-12-02,BREAD,BUT-Rls,0,0,0,0,0,0,0,0,0,0,0,0,0,0
2021-12-02,BREAD,CrO-RLS,0,0,0,0,0,0,0,0,0,0,0,0,0,0
2021-12-02,BREAD,H-RLS,3,0,3,1,0,2,0,0,0,0,0,0,0,0
2021-12-02,BREAD,FR-RLS,2,3,5,2,0,0,3,0,0,0,0,0,0,0
2021-12-02,BREAD,VS-RLS,0,8,8,1,0,0,7,0,0,0,0,0,0,0
2021-12-02,BREAD,Blue Stru,1,5,6,0,1,1,4,0,0,0,0,0,0,0
2021-12-02,BREAD,chocar,1,4,5,4,0,0,1,0,0,0,0,0,0,0
2021-12-02,BREAD,Pump Crb,4,1,5,2,0,2,1,0,0,0,0,0,0,0
2021-12-02,BREAD,Pump CC,3,5,8,3,0,2,3,0,0,0,0,0,0,0
2021-12-02,ROLLS,C-Rolls,0,48,48,30,4,14,0,0,0,0,0,0,0,0
2021-12-02,ROLLS,Mini C-Roll,0,0,0,0,0,0,0,0,0,0,0,0,0,0
2021-12-02,SCONES,Blueberry,0,20,20,4,0,16,0,0,0,0,0,0,0,0
2021-12-02,SCONES,Rasp Cream,0,0,0,0,0,0,0,0,0,0,0,0,0,0
2021-12-02,SCONES,Cherry,0,0,0,0,0,0,0,0,0,0,0,0,0,0
2021-12-02,SCONES,Butt Almond,0,0,0,0,0,0,0,0,0,0,0,0,0,0
2021-12-02,SCONES,Turtle,0,13,13,9,0,4,0,0,0,0,0,0,0,0
2021-12-02,SCONES,Cin Chip,0,0,0,0,0,0,0,0,0,0,0,0,0,0
2021-12-02,SCONES,CrO,0,8,8,4,0,4,0,0,0,0,0,0,0,0
2021-12-02,SCONES,CrO-WCC,0,8,8,6,0,2,0,0,0,0,0,0,0,0
2021-12-02,SCONES,FRUIT BAR,0,0,0,0,0,0,0,0,0,0,0,0,0,0
2021-12-02,SCONES,mixed berry,0,0,0,0,0,0,0,0,0,0,0,0,0,0
2021-12-02,SCONES,cherry,0,0,0,0,0,0,0,0,0,0,0,0,0,0
2021-12-02,SCONES,apple cin,0,10,10,5,1,4,0,0,0,0,0,0,0,0
2021-12-02,SCONES,cran apple,0,10,10,3,2,5,0,0,0,0,0,0,0,0
2021-12-02,MUFFINS,Blue Streusel,0,5,5,5,0,0,0,0,0,0,0,0,0,0
2021-12-02,MUFFINS,Mex Choc,0,4,4,4,0,0,0,0,0,0,0,0,0,0
2021-12-02,MUFFINS,Pump Cr,0,4,4,0,0,4,0,0,0,0,0,0,0,0
2021-12-02,MUFFINS,Pump CC,0,7,7,7,0,0,0,0,0,0,0,0,0,0
2021-12-02,COOKIES/BARS,oat cc,18,12,30,27,1,0,2,0,0,0,0,0,0,0
2021-12-02,COOKIES/BARS,St Nickerdo,17,12,29,29,0,0,0,0,0,0,0,0,0,0
2021-12-02,COOKIES/BARS,Triple Cc,3,24,27,13,1,0,13,0,0,0,0,0,0,0
2021-12-02,COOKIES/BARS,frosted,18,0,18,5,0,0,13,0,0,0,0,0,0,0
2021-12-02,COOKIES/BARS,GingerMan,0,18,18,18,0,0,0,0,0,0,0,0,0,0
2021-12-02,COOKIES/BARS,brownie,11,20,31,16,0,0,15,0,0,0,0,0,0,0
2021-12-02,COOKIES/BARS,Pump Bar,32,0,32,4,0,4,24,0,0,0,0,0,0,0
2021-12-02,COOKIES/BARS,Pump OH,0,0,0,0,0,0,0,0,0,0,0,0,0,0
2021-12-02,COOKIES/BARS,Bread Pudding,0,0,0,0,0,0,0,0,0,0,0,0,0,0
2021-12-02,COOKIES/BARS,Totals,99,223,322,189,9,57,67,0,0,0,0,0,0,0
2021-12-03,BREAD,H,12,53,65,16,13,0,36,0,0,0,0,0,0,0
2021-12-03,BREAD,FR,15,36,51,9,0,0,42,0,0,0,0,0,0,0
2021-12-03,BREAD,GW,4,8,12,3,2,1,6,0,0,0,0,0,0,0
2021-12-03,BREAD,DK,3,21,24,9,2,0,13,0,0,0,0,0,0,0
2021-12-03,BREAD,H5,5,0,5,5,0,0,0,0,0,0,0,0,0,0
2021-12-03,BREAD,CSWRL,8,12,20,18,0,0,2,1,4,5,3,0,0,2
2021-12-03,BREAD,M.P. Swl,0,12,12,6,0,0,6,0,3,3,2,0,0,1
2021-12-03,BREAD,CnE,0,29,29,0,0,0,29,0,4,4,0,0,0,4
2021-12-03,BREAD,CnR,0,8,8,2,0,0,6,0,0,0,0,0,0,0
2021-12-03,BREAD,RW,0,8,8,3,0,0,5,0,0,0,0,0,0,0
2021-12-03,BREAD,CB,11,0,11,5,0,0,6,8,0,8,4,0,0,4
2021-12-03,BREAD,CrO,17,0,17,0,0,0,17,3,0,3,3,0,0,0
2021-12-03,BREAD,TS,0,8,8,3,0,0,5,0,0,0,0,0,0,0
2021-12-03,BREAD,AA,0,3,3,0,0,0,3,0,0,0,0,0,0,0
2021-12-03,BREAD,CG,0,0,0,-4,4,0,0,0,0,0,0,0,0,0
2021-12-03,BREAD,Pest,0,0,0,0,0,0,0,0,0,0,0,0,0,0
2021-12-03,BREAD,Jal,0,0,0,0,0,0,0,0,0,0,0,0,0,0
2021-12-03,BREAD,VS,6,0,6,1,0,0,5,4,0,4,0,0,0,4
2021-12-03,BREAD,SOUR,0,23,23,8,0,0,15,0,0,0,0,0,0,0
2021-12-03,BREAD,CH,0,0,0,0,0,0,0,0,0,0,0,0,0,0
2021-12-03,BREAD,POP,0,26,26,10,0,0,16,0,4,4,3,0,0,1
2021-12-03,BREAD,WREATH,0,3,3,0,0,0,3,0,0,0,0,0,0,0
2021-12-03,BREAD,CAR,9,0,9,0,0,0,9,0,0,0,0,0,0,0
2021-12-03,BREAD,IHF,19,0,19,3,0,0,16,0,0,0,0,0,0,0
2021-12-03,BREAD,BUT-Rls,0,24,24,3,0,0,21,0,0,0,0,0,0,0
2021-12-03,BREAD,CrO-RLS,0,0,0,0,0,0,0,0,0,0,0,0,0,0
2021-12-03,BREAD,H-RLS,0,4,4,2,0,0,2,0,0,0,0,0,0,0
2021-12-03,BREAD,FR-RLS,3,0,3,-33,36,0,0,0,0,0,0,0,0,0
2021-12-03,BREAD,VS-RLS,7,0,7,1,0,0,6,0,0,0,0,0,0,0
2021-12-03,BREAD,Blue Stru,4,1,5,4,0,0,1,0,0,0,0,0,0,0
2021-12-03,BREAD,chocar,1,4,5,2,0,0,3,0,0,0,0,0,0,0
2021-12-03,BREAD,Pump Crb,1,4,5,2,0,0,3,0,0,0,0,0,0,0
2021-12-03,BREAD,Pump CC,3,4,7,3,0,0,4,0,0,0,0,0,0,0
2021-12-03,ROLLS,C-Rolls,0,60,60,60,0,0,0,0,0,0,0,0,0,0
2021-12-03,ROLLS,Mini C-Roll,0,0,0,0,0,0,0,0,0,0,0,0,0,0
2021-12-03,SCONES,Blueberry,0,0,0,0,0,0,0,0,0,0,0,0,0,0
2021-12-03,SCONES,Rasp Cream,0,0,0,0,0,0,0,0,0,0,0,0,0,0
2021-12-03,SCONES,Cherry,0,17,17,10,0,7,0,0,2,2,0,0,0,0
2021-12-03,SCONES,Butt Almond,0,16,16,16,0,0,0,0,3,3,0,0,0,0
2021-12-03,SCONES,Turtle,0,0,0,0,0,0,0,0,0,0,0,0,0,0
2021-12-03,SCONES,Cin Chip,0,0,0,0,0,0,0,0,0,0,0,0,0,0
2021-12-03,SCONES,CrO,0,10,10,10,0,0,0,0,1,1,0,0,0,0
2021-12-03,SCONES,CrO-WCC,0,10,10,10,0,0,0,0,1,1,0,0,0,0
2021-12-03,SCONES,FRUIT BAR,0,0,0,0,0,0,0,0,0,0,0,0,0,0
2021-12-03,SCONES,mixed berry,0,10,10,6,0,4,0,0,0,0,0,0,0,0
2021-12-03,SCONES,cherry,0,10,10,10,0,0,0,0,0,0,0,0,0,0
2021-12-03,SCONES,apple cin,0,0,0,0,0,0,0,0,0,0,0,0,0,0
2021-12-03,SCONES,Cran white choc,0,0,0,0,0,0,0,0,0,0,0,0,0,0
2021-12-03,MUFFINS,Blue Streusel,0,5,5,5,0,0,0,0,0,0,0,0,0,0
2021-12-03,MUFFINS,Mex Choc,0,5,5,4,0,1,0,0,2,2,0,0,0,0
2021-12-03,MUFFINS,Pump Cr,0,5,5,3,0,2,0,0,1,1,0,0,0,0
2021-12-03,MUFFINS,Pump CC,0,7,7,7,0,0,0,0,3,3,0,0,0,0
2021-12-03,COOKIES/BARS,oat cc,2,60,62,10,35,0,17,0,0,0,0,0,0,0
2021-12-03,COOKIES/BARS,St Nickerdo,0,60,60,21,34,0,5,0,0,0,0,0,0,0
2021-12-03,COOKIES/BARS,Triple CC,13,48,61,25,34,0,2,0,0,0,0,0,0,0
2021-12-03,COOKIES/BARS,frosted,13,10,23,9,0,0,14,0,0,0,0,0,0,0
2021-12-03,COOKIES/BARS,GingerMan,0,18,18,12,0,0,6,0,0,0,0,0,0,0
2021-12-03,COOKIES/BARS,brownie,15,6,21,8,0,1,12,0,0,0,0,0,0,0
2021-12-03,COOKIES/BARS,Pump Bar,24,6,30,24,0,0,6,0,0,0,0,0,0,0
2021-12-03,COOKIES/BARS,Pump OH,0,0,0,0,0,0,0,0,0,0,0,0,0,0
2021-12-03,COOKIES/BARS,Bread Pudding,0,0,0,0,0,0,0,0,0,0,0,0,0,0
2021-12-03,COOKIES/BARS,Totals,67,363,430,250,103,15,62,0,13,13,0,0,0,0
2021-12-04,BREAD,H,36,0,36,7,0,29,0,0,0,0,0,0,0,0
2021-12-04,BREAD,FR,42,0,42,13,0,29,0,0,0,0,0,0,0,0
2021-12-04,BREAD,GW,6,0,6,2,0,4,0,0,0,0,0,0,0,0
2021-12-04,BREAD,DK,13,0,13,11,0,2,0,0,0,0,0,0,0,0
2021-12-04,BREAD,H5,0,0,0,0,0,0,0,0,0,0,0,0,0,0
2021-12-04,BREAD,CSWRL,2,16,18,13,0,5,0,2,2,4,3,0,0,0
2021-12-04,BREAD,M.P. Swl,6,0,6,2,0,4,0,1,0,1,1,0,0,0
2021-12-04,BREAD,CnE,29,0,29,11,0,18,0,4,6,10,8,0,0,0
2021-12-04,BREAD,CnR,6,0,6,4,0,2,0,0,0,0,0,0,0,0
2021-12-04,BREAD,RW,5,0,5,3,0,2,0,0,0,0,0,0,0,0
2021-12-04,BREAD,CB,6,0,6,2,0,4,0,4,0,4,3,0,0,0
2021-12-04,BREAD,CrO,17,0,17,9,0,8,0,0,0,0,0,0,0,0
2021-12-04,BREAD,TS,5,0,5,1,0,4,0,0,0,0,0,0,0,0
2021-12-04,BREAD,AA,3,0,3,1,0,2,0,0,0,0,0,0,0,0
2021-12-04,BREAD,CG,0,0,0,0,0,0,0,0,0,0,0,0,0,0
2021-12-04,BREAD,Pest,0,0,0,0,0,0,0,0,0,0,0,0,0,0
2021-12-04,BREAD,Jal,0,0,0,0,0,0,0,0,0,0,0,0,0,0
2021-12-04,BREAD,VS,5,0,5,5,0,0,0,4,0,4,4,0,0,0
2021-12-04,BREAD,SOUR,15,0,15,15,0,0,0,0,0,0,0,0,0,0
2021-12-04,BREAD,CH,0,0,0,0,0,0,0,0,0,0,0,0,0,0
2021-12-04,BREAD,POP,16,0,16,6,0,10,0,1,0,1,1,0,0,0
2021-12-04,BREAD,WREATH,3,0,3,1,0,2,0,0,0,0,0,0,0,0
2021-12-04,BREAD,CAR,9,0,9,1,0,0,8,0,0,0,0,0,0,0
2021-12-04,BREAD,IHF,16,0,16,3,0,0,13,0,0,0,0,0,0,0
2021-12-04,BREAD,BUT-Rls,21,0,21,7,0,14,0,0,0,0,0,0,0,0
2021-12-04,BREAD,CrO-RLS,0,0,0,0,0,0,0,0,0,0,0,0,0,0
2021-12-04,BREAD,H-RLS,2,0,2,1,0,1,0,0,0,0,0,0,0,0
2021-12-04,BREAD,FR-RLS,0,0,0,0,0,0,0,0,0,0,0,0,0,0
2021-12-04,BREAD,VS-RLS,6,0,6,6,0,0,0,0,0,0,0,0,0,0
2021-12-04,BREAD,Blue Stru,1,2,3,3,0,0,0,0,0,0,0,0,0,0
2021-12-04,BREAD,Mex Choc,3,0,3,1,0,2,0,0,0,0,0,0,0,0
2021-12-04,BREAD,Pump Crb,3,0,3,0,0,3,0,0,0,0,0,0,0,0
2021-12-04,BREAD,Pump CC,4,0,4,1,0,3,0,0,0,0,0,0,0,0
2021-12-04,ROLLS,C-Rolls,0,60,60,40,0,20,0,0,0,0,0,0,0,0
2021-12-04,ROLLS,Mini C-Roll,0,0,0,0,0,0,0,0,0,0,0,0,0,0
2021-12-04,SCONES,Blueberry,0,16,16,9,0,7,0,0,0,0,0,0,0,0
2021-12-04,SCONES,Rasp Cream,0,0,0,0,0,0,0,0,0,0,0,0,0,0
2021-12-04,SCONES,Cherry,0,0,0,0,0,0,0,0,0,0,0,0,0,0
2021-12-04,SCONES,Butt Almond,0,16,16,6,0,10,0,0,0,0,0,0,0,0
2021-12-04,SCONES,Turtle,0,0,0,0,0,0,0,0,0,0,0,0,0,0
2021-12-04,SCONES,Cin Chip,0,0,0,0,0,0,0,0,0,0,0,0,0,0
2021-12-04,SCONES,CrO,0,8,8,1,0,7,0,0,0,0,0,0,0,0
2021-12-04,SCONES,CrO-WCC,0,8,8,3,0,5,0,0,0,0,0,0,0,0
2021-12-04,SCONES,FRUIT BAR,0,0,0,0,0,0,0,0,0,0,0,0,0,0
2021-12-04,SCONES,mixed berry,0,0,0,0,0,0,0,0,0,0,0,0,0,0
2021-12-04,SCONES,cherry,0,0,0,0,0,0,0,0,0,0,0,0,0,0
2021-12-04,SCONES,apple cin,0,10,10,10,0,0,0,0,0,0,0,0,0,0
2021-12-04,SCONES,Cran white choc,0,10,10,10,0,0,0,0,0,0,0,0,0,0
2021-12-04,MUFFINS,Blue Streusel,0,5,5,3,0,2,0,0,0,0,0,0,0,0
2021-12-04,MUFFINS,Mex Choc,0,5,5,3,0,2,0,0,0,0,0,0,0,0
2021-12-04,MUFFINS,Pump Cr,0,5,5,5,0,0,0,0,0,0,0,0,0,0
2021-12-04,MUFFINS,Pump CC,0,7,7,6,0,1,0,0,0,0,0,0,0,0
2021-12-04,COOKIES/BARS,oat cc,17,0,17,17,0,0,0,0,0,0,0,0,0,0
2021-12-04,COOKIES/BARS,St Nickerdo,5,12,17,8,0,9,0,0,0,0,0,0,0,0
2021-12-04,COOKIES/BARS,Triple CC,2,12,14,10,0,4,0,0,0,0,0,0,0,0
2021-12-04,COOKIES/BARS,frosted,14,0,14,5,0,9,0,0,0,0,0,0,0,0
2021-12-04,COOKIES/BARS,GingerMan,6,6,12,8,0,4,0,0,0,0,0,0,0,0
2021-12-04,COOKIES/BARS,brownie,12,0,12,0,0,4,8,0,0,0,0,0,0,0
2021-12-04,COOKIES/BARS,Pump Bar,6,20,26,12,0,0,14,0,0,0,0,0,0,0
2021-12-04,COOKIES/BARS,Pump OH,0,0,0,0,0,0,0,0,0,0,0,0,0,0
2021-12-04,COOKIES/BARS,Bread Pudding,0,0,0,0,0,0,0,0,0,0,0,0,0,0
2021-12-04,COOKIES/BARS,Totals,62,200,262,156,0,84,22,0,0,0,0,0,0,0
2021-12-05,BREAD,H,0,0,0,0,0,0,0,0,0,0,0,0,0,0
2021-12-05,BREAD,FR,0,0,0,0,0,0,0,0,0,0,0,0,0,0
2021-12-05,BREAD,GW,0,0,0,0,0,0,0,0,0,0,0,0,0,0
2021-12-05,BREAD,DK,0,0,0,0,0,0,0,0,0,0,0,0,0,0
2021-12-05,BREAD,H5,0,0,0,0,0,0,0,0,0,0,0,0,0,0
2021-12-05,BREAD,CSWRL,0,0,0,0,0,0,0,0,0,0,0,0,0,0
2021-12-05,BREAD,M.P. Swl,0,0,0,0,0,0,0,0,0,0,0,0,0,0
2021-12-05,BREAD,CnE,0,0,0,0,0,0,0,0,0,0,0,0,0,0
2021-12-05,BREAD,CnR,0,0,0,0,0,0,0,0,0,0,0,0,0,0
2021-12-05,BREAD,RW,0,0,0,0,0,0,0,0,0,0,0,0,0,0
2021-12-05,BREAD,CB,0,0,0,0,0,0,0,0,0,0,0,0,0,0
2021-12-05,BREAD,CrO,0,0,0,0,0,0,0,0,0,0,0,0,0,0
2021-12-05,BREAD,TS,0,0,0,0,0,0,0,0,0,0,0,0,0,0
2021-12-05,BREAD,AA,0,0,0,0,0,0,0,0,0,0,0,0,0,0
2021-12-05,BREAD,CG,0,0,0,0,0,0,0,0,0,0,0,0,0,0
2021-12-05,BREAD,Pest,0,0,0,0,0,0,0,0,0,0,0,0,0,0
2021-12-05,BREAD,Jal,0,0,0,0,0,0,0,0,0,0,0,0,0,0
2021-12-05,BREAD,VS,0,0,0,0,0,0,0,0,0,0,0,0,0,0
2021-12-05,BREAD,SOUR,0,0,0,0,0,0,0,0,0,0,0,0,0,0
2021-12-05,BREAD,CH,0,0,0,0,0,0,0,0,0,0,0,0,0,0
2021-12-05,BREAD,POP,0,0,0,0,0,0,0,0,0,0,0,0,0,0
2021-12-05,BREAD,WREATH,0,0,0,0,0,0,0,0,0,0,0,0,0,0
2021-12-05,BREAD,CAR,8,0,8,0,0,0,8,0,0,0,0,0,0,0
2021-12-05,BREAD,IHF,13,0,13,0,0,0,13,0,0,0,0,0,0,0
2021-12-05,BREAD,BUT-Rls,0,0,0,0,0,0,0,0,0,0,0,0,0,0
2021-12-05,BREAD,CrO-RLS,0,0,0,0,0,0,0,0,0,0,0,0,0,0
2021-12-05,BREAD,H-RLS,0,0,0,0,0,0,0,0,0,0,0,0,0,0
2021-12-05,BREAD,FR-RLS,0,0,0,0,0,0,0,0,0,0,0,0,0,0
2021-12-05,BREAD,VS-RLS,0,0,0,0,0,0,0,0,0,0,0,0,0,0
2021-12-05,BREAD,Blue Stru,0,0,0,0,0,0,0,0,0,0,0,0,0,0
2021-12-05,BREAD,Mex Choc,0,0,0,0,0,0,0,0,0,0,0,0,0,0
2021-12-05,BREAD,Pump Crb,0,0,0,0,0,0,0,0,0,0,0,0,0,0
2021-12-05,BREAD,Pump CC,0,0,0,0,0,0,0,0,0,0,0,0,0,0
2021-12-05,ROLLS,C-Rolls,0,0,0,0,0,0,0,0,0,0,0,0,0,0
2021-12-05,ROLLS,Mini C-Roll,0,0,0,0,0,0,0,0,0,0,0,0,0,0
2021-12-05,SCONES,Blueberry,0,0,0,0,0,0,0,0,0,0,0,0,0,0
2021-12-05,SCONES,Rasp Cream,0,0,0,0,0,0,0,0,0,0,0,0,0,0
2021-12-05,SCONES,Cherry,0,0,0,0,0,0,0,0,0,0,0,0,0,0
2021-12-05,SCONES,Butt Almond,0,0,0,0,0,0,0,0,0,0,0,0,0,0
2021-12-05,SCONES,Turtle,0,0,0,0,0,0,0,0,0,0,0,0,0,0
2021-12-05,SCONES,Cin Chip,0,0,0,0,0,0,0,0,0,0,0,0,0,0
2021-12-05,SCONES,CrO,0,0,0,0,0,0,0,0,0,0,0,0,0,0
2021-12-05,SCONES,CrO-WCC,0,0,0,0,0,0,0,0,0,0,0,0,0,0
2021-12-05,SCONES,FRUIT BAR,0,0,0,0,0,0,0,0,0,0,0,0,0,0
2021-12-05,SCONES,mixed berry,0,0,0,0,0,0,0,0,0,0,0,0,0,0
2021-12-05,SCONES,cherry,0,0,0,0,0,0,0,0,0,0,0,0,0,0
2021-12-05,SCONES,apple cin,0,0,0,0,0,0,0,0,0,0,0,0,0,0
2021-12-05,SCONES,Cran white choc,0,0,0,0,0,0,0,0,0,0,0,0,0,0
2021-12-05,MUFFINS,Blue Streusel,0,0,0,0,0,0,0,0,0,0,0,0,0,0
2021-12-05,MUFFINS,Mex Choc,0,0,0,0,0,0,0,0,0,0,0,0,0,0
2021-12-05,MUFFINS,Pump Cr,0,0,0,0,0,0,0,0,0,0,0,0,0,0
2021-12-05,MUFFINS,Pump CC,0,0,0,0,0,0,0,0,0,0,0,0,0,0
2021-12-05,COOKIES/BARS,oat cc,0,0,0,0,0,0,0,0,0,0,0,0,0,0
2021-12-05,COOKIES/BARS,St Nickerdo,0,0,0,0,0,0,0,0,0,0,0,0,0,0
2021-12-05,COOKIES/BARS,Triple CC,0,0,0,0,0,0,0,0,0,0,0,0,0,0
2021-12-05,COOKIES/BARS,frosted,0,0,0,0,0,0,0,0,0,0,0,0,0,0
2021-12-05,COOKIES/BARS,GingerMan,0,0,0,0,0,0,0,0,0,0,0,0,0,0
2021-12-05,COOKIES/BARS,brownie,8,0,8,0,0,0,8,0,0,0,0,0,0,0
2021-12-05,COOKIES/BARS,Pump Bar,14,0,14,0,0,0,14,0,0,0,0,0,0,0
2021-12-05,COOKIES/BARS,Pump OH,0,0,0,0,0,0,0,0,0,0,0,0,0,0
2021-12-05,COOKIES/BARS,Bread Pudding,0,0,0,0,0,0,0,0,0,0,0,0,0,0
2021-12-05,COOKIES/BARS,Totals,22,0,22,0,0,0,22,0,0,0,0,0,0,0
2021-12-06,BREAD,H,0,50,50,20,15,0,15,0,0,0,0,0,0,0
2021-12-06,BREAD,FR,0,51,51,10,26,0,15,0,0,0,0,0,0,0
2021-12-06,BREAD,GW,0,4,4,0,0,0,4,0,0,0,0,0,0,0
2021-12-06,BREAD,DK,0,22,22,10,0,0,12,0,0,0,0,0,0,0
2021-12-06,BREAD,H5,0,0,0,0,0,0,0,0,0,0,0,0,0,0
2021-12-06,BREAD,CSWRL,0,16,16,1,0,0,15,0,3,3,3,0,0,0
2021-12-06,BREAD,M.P. Swl,0,9,9,6,0,0,3,0,3,3,1,0,0,2
2021-12-06,BREAD,CnE,0,21,21,8,0,0,13,0,3,3,0,0,0,3
2021-12-06,BREAD,CnR,0,6,6,0,0,0,6,0,0,0,0,0,0,0
2021-12-06,BREAD,RW,0,6,6,0,0,0,6,0,0,0,0,0,0,0
2021-12-06,BREAD,CB,0,0,0,0,0,0,0,0,0,0,0,0,0,0
2021-12-06,BREAD,CrO,0,0,0,0,0,0,0,0,0,0,0,0,0,0
2021-12-06,BREAD,TS,0,8,8,2,0,0,6,0,2,2,2,0,0,0
2021-12-06,BREAD,AA,0,2,2,1,0,0,1,0,0,0,0,0,0,0
2021-12-06,BREAD,CG,0,0,0,0,0,0,0,0,0,0,0,0,0,0
2021-12-06,BREAD,Pest,0,0,0,0,0,0,0,0,0,0,0,0,0,0
2021-12-06,BREAD,Jal,0,0,0,0,0,0,0,0,0,0,0,0,0,0
2021-12-06,BREAD,VS,0,0,0,0,0,0,0,0,0,0,0,0,0,0
2021-12-06,BREAD,SOUR,0,41,41,-4,30,0,15,0,0,0,0,0,0,0
2021-12-06,BREAD,CH,0,0,0,0,0,0,0,0,0,0,0,0,0,0
2021-12-06,BREAD,POP,0,9,9,4,0,0,5,0,2,2,1,0,0,1
2021-12-06,BREAD,WREATH,0,0,0,0,0,0,0,0,0,0,0,0,0,0
2021-12-06,BREAD,CAR,8,0,8,8,0,0,0,0,0,0,0,0,0,0
2021-12-06,BREAD,IHF,13,0,13,13,0,0,0,0,0,0,0,0,0,0
2021-12-06,BREAD,BUT-Rls,0,0,0,0,0,0,0,0,0,0,0,0,0,0
2021-12-06,BREAD,CrO-RLS,0,0,0,0,0,0,0,0,0,0,0,0,0,0
2021-12-06,BREAD,H-RLS,0,3,3,2,0,0,1,0,0,0,0,0,0,0
2021-12-06,BREAD,FR-RLS,0,3,3,3,0,0,0,0,0,0,0,0,0,0
2021-12-06,BREAD,VS-RLS,0,0,0,0,0,0,0,0,0,0,0,0,0,0
2021-12-06,BREAD,Blue Stru,0,4,4,3,0,0,1,0,0,0,0,0,0,0
2021-12-06,BREAD,Mex Choc,0,4,4,1,0,0,3,0,0,0,0,0,0,0
2021-12-06,BREAD,Pump Crb,0,4,4,2,0,0,2,0,0,0,0,0,0,0
2021-12-06,BREAD,Pump CC,0,6,6,1,0,0,5,0,0,0,0,0,0,0
2021-12-06,ROLLS,C-Rolls,0,36,36,20,0,16,0,0,0,0,0,0,0,0
2021-12-06,ROLLS,Mini C-Roll,0,0,0,0,0,0,0,0,0,0,0,0,0,0
2021-12-06,SCONES,Blueberry,0,0,0,0,0,0,0,0,0,0,0,0,0,0
2021-12-06,SCONES,Rasp Cream,0,15,15,11,0,4,0,0,0,0,0,0,0,0
2021-12-06,SCONES,Cherry,0,0,0,0,0,0,0,0,0,0,0,0,0,0
2021-12-06,SCONES,Butt Almond,0,0,0,0,0,0,0,0,0,0,0,0,0,0
2021-12-06,SCONES,Turtle,0,0,0,0,0,0,0,0,0,0,0,0,0,0
2021-12-06,SCONES,Cin Chip,0,11,11,8,0,3,0,0,0,0,0,0,0,0
2021-12-06,SCONES,CrO,0,6,6,5,0,1,0,0,0,0,0,0,0,0
2021-12-06,SCONES,CrO-WCC,0,6,6,6,0,0,0,0,0,0,0,0,0,0
2021-12-06,SCONES,FRUIT BAR,0,0,0,0,0,0,0,0,0,0,0,0,0,0
2021-12-06,SCONES,mixed berry,0,10,10,5,0,5,0,0,0,0,0,0,0,0
2021-12-06,SCONES,cherry,0,10,10,10,0,0,0,0,0,0,0,0,0,0
2021-12-06,SCONES,apple cin,0,0,0,0,0,0,0,0,0,0,0,0,0,0
2021-12-06,SCONES,Cran white choc,0,0,0,0,0,0,0,0,0,0,0,0,0,0
2021-12-06,MUFFINS,Blue Streusel,0,4,4,4,0,0,0,0,0,0,0,0,0,0
2021-12-06,MUFFINS,Mex Choc,0,4,4,4,0,0,0,0,0,0,0,0,0,0
2021-12-06,MUFFINS,Pump Cr,0,4,4,2,0,2,0,0,0,0,0,0,0,0
2021-12-06,MUFFINS,Pump CC,0,6,6,4,0,2,0,0,0,0,0,0,0,0
2021-12-06,COOKIES/BARS,oat cc,0,48,48,12,13,0,23,0,0,0,0,0,0,0
2021-12-06,COOKIES/BARS,St Nickerdo,0,48,48,13,12,0,23,0,0,0,0,0,0,0
2021-12-06,COOKIES/BARS,TCC,0,36,36,17,12,0,7,0,0,0,0,0,0,0
2021-12-06,COOKIES/BARS,frosted,0,24,24,11,0,0,13,0,0,0,0,0,0,0
2021-12-06,COOKIES/BARS,Gingerman,0,36,36,19,10,0,7,0,0,0,0,0,0,0
2021-12-06,COOKIES/BARS,brownie,8,20,28,3,0,0,25,0,0,0,0,0,0,0
2021-12-06,COOKIES/BARS,Pump Bar,14,0,14,10,0,0,4,0,0,0,0,0,0,0
2021-12-06,COOKIES/BARS,Pump OH,0,0,0,0,0,0,0,0,0,0,0,0,0,0
2021-12-06,COOKIES/BARS,Bread Pudding,0,0,0,0,0,0,0,0,0,0,0,0,0,0
2021-12-06,COOKIES/BARS,Totals,22,324,346,164,47,33,102,0,0,0,0,0,0,0
2021-12-07,BREAD,H,15,25,40,15,0,0,25,0,0,0,0,0,0,0
2021-12-07,BREAD,FR,15,12,27,8,0,0,19,0,0,0,0,0,0,0
2021-12-07,BREAD,GW,4,6,10,4,0,0,6,0,0,0,0,0,0,0
2021-12-07,BREAD,DK,12,0,12,3,0,0,9,0,0,0,0,0,0,0
2021-12-07,BREAD,H5,0,20,20,6,0,0,14,0,0,0,0,0,0,0
2021-12-07,BREAD,CSWRL,15,4,19,18,1,0,0,0,3,3,2,0,0,1
2021-12-07,BREAD,M.P. Swl,3,8,11,5,0,0,6,2,0,2,0,0,0,0
2021-12-07,BREAD,CnE,13,16,29,14,0,0,15,3,0,3,3,0,0,0
2021-12-07,BREAD,CnR,6,0,6,6,0,0,0,0,0,0,0,0,0,0
2021-12-07,BREAD,RW,6,0,6,6,0,0,0,0,0,0,0,0,0,0
2021-12-07,BREAD,CB,0,9,9,7,0,0,2,0,4,4,4,0,0,0
2021-12-07,BREAD,CrO,0,17,17,5,0,0,12,0,5,5,4,0,0,1
2021-12-07,BREAD,TS,6,0,6,2,0,4,0,0,0,0,0,0,0,0
2021-12-07,BREAD,AA,1,0,1,1,0,0,0,0,0,0,0,0,0,0
2021-12-07,BREAD,CG,0,0,0,0,0,0,0,0,0,0,0,0,0,0
2021-12-07,BREAD,Pest,0,0,0,0,0,0,0,0,0,0,0,0,0,0
2021-12-07,BREAD,Jal,0,0,0,0,0,0,0,0,0,0,0,0,0,0
2021-12-07,BREAD,VS,0,14,14,2,0,0,12,0,3,3,1,0,0,2
2021-12-07,BREAD,SOUR,15,0,15,10,0,5,0,0,0,0,0,0,0,0
2021-12-07,BREAD,CH,0,0,0,0,0,0,0,0,0,0,0,0,0,0
2021-12-07,BREAD,POP,5,0,5,5,0,0,0,1,0,1,1,0,0,0
2021-12-07,BREAD,WREATH,0,0,0,0,0,0,0,0,0,0,0,0,0,0
2021-12-07,BREAD,CAR,0,0,0,-6,0,0,6,0,0,0,0,0,0,0
2021-12-07,BREAD,IHF,0,0,0,-11,0,0,11,0,0,0,0,0,0,0
2021-12-07,BREAD,BUT-Rls,0,0,0,0,0,0,0,0,0,0,0,0,0,0
2021-12-07,BREAD,CrO-RLS,0,0,0,0,0,0,0,0,0,0,0,0,0,0
2021-12-07,BREAD,H-RLS,1,4,5,1,1,0,3,0,0,0,0,0,0,0
2021-12-07,BREAD,FR-RLS,0,3,3,2,0,0,1,0,0,0,0,0,0,0
2021-12-07,BREAD,VS-RLS,0,6,6,4,1,0,1,0,0,0,0,0,0,0
2021-12-07,BREAD,Blue Stru,1,3,4,2,0,0,2,0,0,0,0,0,0,0
2021-12-07,BREAD,Mex Choc,3,1,4,1,0,3,0,0,0,0,0,0,0,0
2021-12-07,BREAD,Pump Crb,2,2,4,0,0,2,2,0,0,0,0,0,0,0
2021-12-07,BREAD,Pump CC,5,3,8,2,2,3,1,0,0,0,0,0,0,0
2021-12-07,ROLLS,C-Rolls,0,36,36,36,0,0,0,0,0,0,0,0,0,0
2021-12-07,ROLLS,Mini C-Roll,0,0,0,0,0,0,0,0,0,0,0,0,0,0
2021-12-07,SCONES,Blueberry,0,10,10,4,0,6,0,0,2,2,0,0,0,0
2021-12-07,SCONES,Rasp Cream,0,0,0,0,0,0,0,0,0,0,0,0,0,0
2021-12-07,SCONES,Cherry,0,0,0,0,0,0,0,0,0,0,0,0,0,0
2021-12-07,SCONES,Butt Almond,0,0,0,0,0,0,0,0,0,0,0,0,0,0
2021-12-07,SCONES,Turtle,0,0,0,0,0,0,0,0,0,0,0,0,0,0
2021-12-07,SCONES,Cin Chip,0,10,10,9,0,1,0,0,2,2,0,0,0,0
2021-12-07,SCONES,CrO,0,6,6,6,0,0,0,0,4,4,0,0,0,0
2021-12-07,SCONES,CrO-WCC,0,6,6,6,0,0,0,0,4,4,0,0,0,0
2021-12-07,SCONES,FRUIT BAR,0,0,0,0,0,0,0,0,0,0,0,0,0,0
2021-12-07,SCONES,mixed berry,0,0,0,0,0,0,0,0,0,0,0,0,0,0
2021-12-07,SCONES,cherry,0,0,0,0,0,0,0,0,0,0,0,0,0,0
2021-12-07,SCONES,apple cin,0,10,10,2,2,6,0,0,0,0,0,0,0,0
2021-12-07,SCONES,Cran white choc,0,10,10,5,2,3,0,0,0,0,0,0,0,0
2021-12-07,MUFFINS,Blue Streusel,0,5,5,4,1,0,0,0,4,4,0,0,0,0
2021-12-07,MUFFINS,Mex Choc,0,4,4,3,0,1,0,0,0,0,0,0,0,0
2021-12-07,MUFFINS,Pump Cr,0,5,5,4,1,0,0,0,4,4,0,0,0,0
2021-12-07,MUFFINS,Pump CC,0,8,8,6,2,0,0,0,2,2,0,0,0,0
2021-12-07,COOKIES/BARS,oat cc,23,60,83,20,57,0,6,0,0,0,0,0,0,0
2021-12-07,COOKIES/BARS,St Nickerdo,23,60,83,23,57,0,3,0,0,0,0,0,0,0
2021-12-07,COOKIES/BARS,Triple CC,7,78,85,10,57,0,18,0,0,0,0,0,0,0
2021-12-07,COOKIES/BARS,frosted,13,6,19,4,0,0,15,0,0,0,0,0,0,0
2021-12-07,COOKIES/BARS,GingerMan,7,12,19,19,0,0,0,0,0,0,0,0,0,0
2021-12-07,COOKIES/BARS,brownie,25,0,25,5,0,0,20,0,0,0,0,0,0,0
2021-12-07,COOKIES/BARS,Pump Bar,4,40,44,6,0,0,38,0,0,0,0,0,0,0
2021-12-07,COOKIES/BARS,Pump OH,0,0,0,0,0,0,0,0,0,0,0,0,0,0
2021-12-07,COOKIES/BARS,Bread Pudding,0,0,0,0,0,0,0,0,0,0,0,0,0,0
2021-12-07,COOKIES/BARS,Totals,102,366,468,172,179,17,100,0,22,22,0,0,0,0
2021-12-08,BREAD,H,25,26,51,11,8,2,30,0,0,0,0,0,0,0
2021-12-08,BREAD,FR,19,2,21,13,0,1,7,0,0,0,0,0,0,0
2021-12-08,BREAD,GW,6,3,9,3,0,3,3,0,0,0,0,0,0,0
2021-12-08,BREAD,DK,9,19,28,-2,0,6,24,0,0,0,0,0,0,0
2021-12-08,BREAD,H5,14,0,14,6,0,0,8,0,0,0,0,0,0,0
2021-12-08,BREAD,CSWRL,0,16,16,10,1,0,5,1,3,4,3,0,0,0
2021-12-08,BREAD,M.P. Swl,6,4,10,3,0,4,3,0,3,3,3,0,0,0
2021-12-08,BREAD,CnE,15,11,26,7,0,10,9,0,5,5,-1,0,0,3
2021-12-08,BREAD,CnR,0,12,12,2,0,0,10,0,0,0,0,0,0,0
2021-12-08,BREAD,RW,0,6,6,2,0,0,4,0,0,0,0,0,0,0
2021-12-08,BREAD,CB,2,0,2,2,0,0,0,0,0,0,0,0,0,0
2021-12-08,BREAD,CrO,12,0,12,1,0,0,11,1,0,1,1,0,0,0
2021-12-08,BREAD,TS,0,6,6,3,0,0,3,0,3,3,0,0,0,3
2021-12-08,BREAD,AA,0,2,2,2,0,0,0,0,0,0,0,0,0,0
2021-12-08,BREAD,CG,0,0,0,0,0,0,0,0,0,0,0,0,0,0
2021-12-08,BREAD,Pest,0,0,0,0,0,0,0,0,0,0,0,0,0,0
2021-12-08,BREAD,Jal,0,0,0,0,0,0,0,0,0,0,0,0,0,0
2021-12-08,BREAD,VS,12,0,12,6,0,6,0,2,0,2,0,0,0,0
2021-12-08,BREAD,SOUR,0,27,27,3,0,0,24,0,0,0,0,0,0,0
2021-12-08,BREAD,CH,0,0,0,0,0,0,0,0,0,0,0,0,0,0
2021-12-08,BREAD,POP,0,16,16,2,0,0,14,0,3,3,2,0,0,1
2021-12-08,BREAD,WREATH,0,2,2,0,0,0,2,0,0,0,0,0,0,0
2021-12-08,BREAD,JCB,0,20,20,2,10,0,8,0,0,0,0,0,0,0
2021-12-08,BREAD,CAR,6,0,6,2,0,0,4,0,0,0,0,0,0,0
2021-12-08,BREAD,IHF,11,0,11,0,0,0,11,0,0,0,0,0,0,0
2021-12-08,BREAD,BUT-Rls,0,0,0,0,0,0,0,0,0,0,0,0,0,0
2021-12-08,BREAD,CrO-RLS,0,0,0,0,0,0,0,0,0,0,0,0,0,0
2021-12-08,BREAD,H-RLS,3,3,6,1,0,2,3,0,0,0,0,0,0,0
2021-12-08,BREAD,FR-RLS,1,63,64,1,63,0,0,0,0,0,0,0,0,0
2021-12-08,BREAD,VS-RLS,1,0,1,1,0,0,0,0,0,0,0,0,0,0
2021-12-08,BREAD,Blue Stru,2,3,5,3,0,0,2,0,0,0,0,0,0,0
2021-12-08,BREAD,Mex Choc,0,6,6,2,1,0,3,0,0,0,0,0,0,0
2021-12-08,BREAD,Pump Crb,2,3,5,0,0,2,3,0,0,0,0,0,0,0
2021-12-08,BREAD,Pump CC,1,7,8,6,0,0,2,0,0,0,0,0,0,0
2021-12-08,ROLLS,C-Rolls,0,48,48,32,0,16,0,0,0,0,0,0,0,0
2021-12-08,ROLLS,Mini C-Roll,0,0,0,0,0,0,0,0,0,0,0,0,0,0
2021-12-08,SCONES,Blueberry,0,0,0,0,0,0,0,0,0,0,0,0,0,0
2021-12-08,SCONES,Rasp Cream,0,17,17,13,0,4,0,0,0,0,0,0,0,0
2021-12-08,SCONES,Cherry,0,0,0,0,0,0,0,0,0,0,0,0,0,0
2021-12-08,SCONES,Butt Almond,0,0,0,0,0,0,0,0,0,0,0,0,0,0
2021-12-08,SCONES,Turtle,0,16,16,6,0,10,0,0,0,0,0,0,0,0
2021-12-08,SCONES,Cin Chip,0,0,0,0,0,0,0,0,0,0,0,0,0,0
2021-12-08,SCONES,CrO,0,8,8,3,4,1,0,0,0,0,0,0,0,0
2021-12-08,SCONES,CrO-WCC,0,8,8,4,1,3,0,0,0,0,0,0,0,0
2021-12-08,SCONES,FRUIT BAR,0,0,0,0,0,0,0,0,0,0,0,0,0,0
2021-12-08,SCONES,mixed berry,0,10,10,2,0,8,0,0,0,0,0,0,0,0
2021-12-08,SCONES,cherry,0,10,10,2,0,8,0,0,0,0,0,0,0,0
2021-12-08,SCONES,apple cin,0,0,0,0,0,0,0,0,0,0,0,0,0,0
2021-12-08,SCONES,Cran white choc,0,0,0,0,0,0,0,0,0,0,0,0,0,0
2021-12-08,MUFFINS,Blue Streusel,0,5,5,5,0,0,0,0,0,0,0,0,0,0
2021-12-08,MUFFINS,Mex Choc,0,7,7,1,2,4,0,0,0,0,0,0,0,0
2021-12-08,MUFFINS,Pump Cr,0,5,5,3,0,2,0,0,0,0,0,0,0,0
2021-12-08,MUFFINS,Pump CC,0,8,8,4,0,4,0,0,0,0,0,0,0,0
2021-12-08,COOKIES/BARS,oat cc,6,24,30,24,0,0,6,0,0,0,0,0,0,0
2021-12-08,COOKIES/BARS,St Nickerdo,3,24,27,27,0,0,0,0,0,0,0,0,0,0
2021-12-08,COOKIES/BARS,TCC,18,12,30,22,0,5,3,0,0,0,0,0,0,0
2021-12-08,COOKIES/BARS,frosted,15,6,21,12,0,0,9,0,0,0,0,0,0,0
2021-12-08,COOKIES/BARS,GingerMan,0,18,18,17,0,0,1,0,0,0,0,0,0,0
2021-12-08,COOKIES/BARS,brownie,20,0,20,3,0,0,17,0,0,0,0,0,0,0
2021-12-08,COOKIES/BARS,Pump Bar,38,0,38,6,0,12,20,0,0,0,0,0,0,0
2021-12-08,COOKIES/BARS,Pump OH,0,0,0,0,0,0,0,0,0,0,0,0,0,0
2021-12-08,COOKIES/BARS,Bread Pudding,0,0,0,0,0,0,0,0,0,0,0,0,0,0
2021-12-08,COOKIES/BARS,Totals,100,226,326,186,7,77,56,0,0,0,0,0,0,0
2021-12-09,BREAD,H,30,21,51,32,1,3,15,0,0,0,0,0,0,0
2021-12-09,BREAD,FR,7,50,57,10,38,0,9,0,0,0,0,0,0,0
2021-12-09,BREAD,GW,3,2,5,3,0,0,2,0,0,0,0,0,0,0
2021-12-09,BREAD,DK,24,0,24,12,0,0,12,0,0,0,0,0,0,0
2021-12-09,BREAD,H5,8,14,22,8,0,0,14,0,0,0,0,0,0,0
2021-12-09,BREAD,CSWRL,5,12,17,10,0,0,7,0,4,4,3,0,0,1
2021-12-09,BREAD,M.P. Swl,3,8,11,2,0,2,7,0,3,3,0,0,0,2
2021-12-09,BREAD,CnE,9,47,56,9,46,1,0,3,0,3,1,0,0,0
2021-12-09,BREAD,CnR,10,0,10,8,0,2,0,0,0,0,0,0,0,0
2021-12-09,BREAD,RW,4,0,4,-4,0,8,0,0,0,0,0,0,0,0
2021-12-09,BREAD,CB,0,18,18,7,0,0,11,0,8,8,3,0,0,5
2021-12-09,BREAD,CrO,11,17,28,22,5,0,1,0,5,5,2,0,0,3
2021-12-09,BREAD,TS,3,0,3,3,0,0,0,3,0,3,1,0,0,0
2021-12-09,BREAD,AA,0,0,0,0,0,0,0,0,0,0,0,0,0,0
2021-12-09,BREAD,CG,0,0,0,0,0,0,0,0,0,0,0,0,0,0
2021-12-09,BREAD,Pest,0,0,0,0,0,0,0,0,0,0,0,0,0,0
2021-12-09,BREAD,Jal,0,0,0,0,0,0,0,0,0,0,0,0,0,0
2021-12-09,BREAD,VS,0,0,0,-4,0,0,4,0,0,0,-1,0,0,1
2021-12-09,BREAD,SOUR,24,0,24,10,0,0,14,0,0,0,0,0,0,0
2021-12-09,BREAD,CH,0,0,0,0,0,0,0,0,0,0,0,0,0,0
2021-12-09,BREAD,POP,14,0,14,2,0,6,6,1,0,1,-1,0,0,0
2021-12-09,BREAD,WREATH,2,0,2,2,0,0,0,0,0,0,0,0,0,0
2021-12-09,BREAD,JC,8,0,8,3,0,5,0,0,0,0,0,0,0,0
2021-12-09,BREAD,CAR,4,0,4,2,0,0,2,0,0,0,0,0,0,0
2021-12-09,BREAD,IHF,11,0,11,5,0,0,6,0,0,0,0,0,0,0
2021-12-09,BREAD,BUT-Rls,0,0,0,0,0,0,0,0,0,0,0,0,0,0
2021-12-09,BREAD,CrO-RLS,0,0,0,-1,0,0,1,0,0,0,0,0,0,0
2021-12-09,BREAD,H-RLS,3,2,5,3,0,0,2,0,0,0,0,0,0,0
2021-12-09,BREAD,FR-RLS,0,4,4,2,0,0,2,0,0,0,0,0,0,0
2021-12-09,BREAD,VS-RLS,0,4,4,3,0,0,1,0,0,0,0,0,0,0
2021-12-09,BREAD,Blue Stru,2,19,21,4,16,1,0,0,0,0,0,0,0,0
2021-12-09,BREAD,Mex Choc,3,2,5,1,0,0,4,0,0,0,0,0,0,0
2021-12-09,BREAD,Pump Crb,3,18,21,-1,16,3,3,0,0,0,0,0,0,0
2021-12-09,BREAD,Pump CC,2,21,23,-3,15,5,6,0,0,0,0,0,0,0
2021-12-09,ROLLS,C-Rolls,0,60,60,48,12,0,0,0,0,0,0,0,0,0
2021-12-09,ROLLS,Mini C-Roll,0,24,24,0,24,0,0,0,0,0,0,0,0,0
2021-12-09,SCONES,Blueberry,0,20,20,6,0,14,0,0,0,0,0,0,0,0
2021-12-09,SCONES,Rasp Cream,0,0,0,0,0,0,0,0,0,0,0,0,0,0
2021-12-09,SCONES,Cherry,0,0,0,0,0,0,0,0,0,0,0,0,0,0
2021-12-09,SCONES,Butt Almond,0,0,0,0,0,0,0,0,0,0,0,0,0,0
2021-12-09,SCONES,Turtle,0,13,13,6,0,7,0,0,0,0,0,0,0,0
2021-12-09,SCONES,Cin Chip,0,0,0,0,0,0,0,0,0,0,0,0,0,0
2021-12-09,SCONES,CrO,0,16,16,-2,7,11,0,0,0,0,0,0,0,0
2021-12-09,SCONES,CrO-WCC,0,8,8,8,0,0,0,0,0,0,0,0,0,0
2021-12-09,SCONES,FRUIT BAR,0,0,0,0,0,0,0,0,0,0,0,0,0,0
2021-12-09,SCONES,mixed berry,0,0,0,0,0,0,0,0,0,0,0,0,0,0
2021-12-09,SCONES,cherry,0,0,0,0,0,0,0,0,0,0,0,0,0,0
2021-12-09,SCONES,apple cin,0,10,10,4,1,5,0,0,0,0,0,0,0,0
2021-12-09,SCONES,Cran white choc,0,10,10,-1,1,10,0,0,0,0,0,0,0,0
2021-12-09,MUFFINS,Blue Streusel,0,22,22,5,17,0,0,0,0,0,0,0,0,0
2021-12-09,MUFFINS,Mex Choc,0,4,4,3,0,1,0,0,0,0,0,0,0,0
2021-12-09,MUFFINS,Pump Cr,0,5,5,3,1,1,0,0,0,0,0,0,0,0
2021-12-09,MUFFINS,Pump CC,0,9,9,4,2,3,0,0,0,0,0,0,0,0
2021-12-09,COOKIES/BARS,oat cc,6,42,48,21,24,0,3,0,10,10,0,0,0,0
2021-12-09,COOKIES/BARS,St Nickerdo,0,186,186,28,158,0,0,0,12,12,0,0,0,0
2021-12-09,COOKIES/BARS,Triple CC,3,48,51,19,24,0,8,0,12,12,0,0,0,0
2021-12-09,COOKIES/BARS,frosted,9,12,21,10,0,0,11,0,0,0,0,0,0,0
2021-12-09,COOKIES/BARS,GingerMan,1,18,19,5,0,0,14,0,0,0,0,0,0,0
2021-12-09,COOKIES/BARS,brownie,17,0,17,11,1,0,5,0,0,0,0,0,0,0
2021-12-09,COOKIES/BARS,Pump Bar,20,0,20,13,2,0,5,0,0,0,0,0,0,0
2021-12-09,COOKIES/BARS,Pump OH,0,0,0,0,0,0,0,0,0,0,0,0,0,0
2021-12-09,COOKIES/BARS,Bread Pudding,0,0,0,0,0,0,0,0,0,0,0,0,0,0
2021-12-09,COOKIES/BARS,Totals,56,507,563,191,274,52,46,0,34,34,0,0,0,0
2021-12-10,BREAD,H,15,62,77,23,36,0,18,0,0,0,0,0,0,0
2021-12-10,BREAD,FR,9,27,36,11,0,0,25,0,0,0,0,0,0,0
2021-12-10,BREAD,GW,2,7,9,5,0,0,4,0,0,0,0,0,0,0
2021-12-10,BREAD,DK,12,16,28,1,0,12,15,0,0,0,0,0,0,0
2021-12-10,BREAD,H5,14,0,14,-2,0,0,16,0,0,0,0,0,0,0
2021-12-10,BREAD,CSWRL,7,12,19,17,2,0,0,1,5,6,4,0,0,2
2021-12-10,BREAD,M.P. Swl,7,4,11,4,0,3,4,2,2,4,1,0,0,3
2021-12-10,BREAD,CnE,0,15,15,5,0,0,10,0,4,4,1,0,0,3
2021-12-10,BREAD,CnR,0,16,16,2,8,0,6,0,0,0,0,0,0,0
2021-12-10,BREAD,RW,0,8,8,2,1,0,5,0,0,0,0,0,0,0
2021-12-10,BREAD,CB,11,0,11,6,0,0,5,5,0,5,3,0,0,1
2021-12-10,BREAD,CrO,1,0,1,1,0,0,0,3,0,3,3,0,0,0
2021-12-10,BREAD,TS,0,5,5,1,0,0,4,0,3,3,1,0,0,2
2021-12-10,BREAD,AA,0,3,3,2,0,0,1,0,0,0,0,0,0,0
2021-12-10,BREAD,CG,0,0,0,0,0,0,0,0,0,0,0,0,0,0
2021-12-10,BREAD,Pest,0,0,0,0,0,0,0,0,0,0,0,0,0,0
2021-12-10,BREAD,Jal,0,0,0,0,0,0,0,0,0,0,0,0,0,0
2021-12-10,BREAD,VS,4,0,4,4,0,0,0,1,0,1,1,0,0,0
2021-12-10,BREAD,SOUR,14,24,38,10,0,3,25,0,0,0,0,0,0,0
2021-12-10,BREAD,CH,0,3,3,0,1,0,2,0,0,0,0,0,0,0
2021-12-10,BREAD,POP,6,24,30,13,0,0,17,0,4,4,4,0,0,0
2021-12-10,BREAD,WREATH,0,3,3,2,0,0,1,0,0,0,0,0,0,0
2021-12-10,BREAD,CAR,2,0,2,1,0,0,1,0,0,0,0,0,0,0
2021-12-10,BREAD,IHF,6,0,6,-3,0,0,9,0,0,0,0,0,0,0
2021-12-10,BREAD,BUT-Rls,0,21,21,8,0,0,13,0,0,0,0,0,0,0
2021-12-10,BREAD,CrO-RLS,1,0,1,1,0,0,0,0,0,0,0,0,0,0
2021-12-10,BREAD,H-RLS,2,5,7,5,0,0,2,0,0,0,0,0,0,0
2021-12-10,BREAD,FR-RLS,2,0,2,2,0,0,0,0,0,0,0,0,0,0
2021-12-10,BREAD,VS-RLS,1,0,1,1,0,0,0,0,0,0,0,0,0,0
2021-12-10,BREAD,Blue Stru,0,7,7,-1,2,0,6,0,0,0,0,0,0,0
2021-12-10,BREAD,Mex Choc,4,1,5,0,0,4,1,0,0,0,0,0,0,0
2021-12-10,BREAD,Pump Crb,3,2,5,0,0,3,2,0,0,0,0,0,0,0
2021-12-10,BREAD,Pump CC,6,0,6,0,6,0,0,0,0,0,0,0,0,0
2021-12-10,ROLLS,C-Rolls,0,60,60,54,2,4,0,0,0,0,0,0,0,0
2021-12-10,ROLLS,tak n bake,0,0,0,-10,10,0,0,0,0,0,0,0,0,0
2021-12-10,ROLLS,Mini C-Roll,0,0,0,0,0,0,0,0,0,0,0,0,0,0
2021-12-10,SCONES,Blueberry,0,0,0,0,0,0,0,0,0,0,0,0,0,0
2021-12-10,SCONES,Rasp Cream,0,0,0,0,0,0,0,0,0,0,0,0,0,0
2021-12-10,SCONES,Cherry,0,19,19,10,6,3,0,0,0,0,0,0,0,0
2021-12-10,SCONES,Butt Almond,0,25,25,15,6,4,0,0,0,0,0,0,0,0
2021-12-10,SCONES,Turtle,0,0,0,0,0,0,0,0,0,0,0,0,0,0
2021-12-10,SCONES,Cin Chip,0,0,0,0,0,0,0,0,0,0,0,0,0,0
2021-12-10,SCONES,CrO,0,10,10,2,6,2,0,0,0,0,0,0,0,0
2021-12-10,SCONES,CrO-WCC,0,10,10,3,5,2,0,0,0,0,0,0,0,0
2021-12-10,SCONES,FRUIT BAR,0,0,0,0,0,0,0,0,0,0,0,0,0,0
2021-12-10,SCONES,mixed berry,0,10,10,0,8,2,0,0,0,0,0,0,0,0
2021-12-10,SCONES,cherry,0,10,10,8,0,2,0,0,0,0,0,0,0,0
2021-12-10,SCONES,apple cin,0,0,0,0,0,0,0,0,0,0,0,0,0,0
2021-12-10,SCONES,Cran white choc,0,0,0,0,0,0,0,0,0,0,0,0,0,0
2021-12-10,MUFFINS,Blue Streusel,0,5,5,3,0,2,0,0,0,0,0,0,0,0
2021-12-10,MUFFINS,Mex Choc,0,5,5,3,0,2,0,0,0,0,0,0,0,0
2021-12-10,MUFFINS,Pump Cr,0,5,5,0,0,5,0,0,0,0,0,0,0,0
2021-12-10,MUFFINS,Pump CC,0,7,7,4,0,3,0,0,0,0,0,0,0,0
2021-12-10,COOKIES/BARS,oat cc,3,66,69,11,39,0,19,0,0,0,0,0,0,0
2021-12-10,COOKIES/BARS,St Nickerdo,0,96,96,26,66,0,4,0,0,0,0,0,0,0
2021-12-10,COOKIES/BARS,Triple CC,8,156,164,21,136,0,7,0,0,0,0,0,0,0
2021-12-10,COOKIES/BARS,frosted,11,12,23,11,0,0,12,0,0,0,0,0,0,0
2021-12-10,COOKIES/BARS,GingerMan,14,6,20,6,0,0,14,0,0,0,0,0,0,0
2021-12-10,COOKIES/BARS,brownie,5,20,25,12,0,0,13,0,0,0,0,0,0,0
2021-12-10,COOKIES/BARS,Pump Bar,5,40,45,2,0,0,43,0,0,0,0,0,0,0
2021-12-10,COOKIES/BARS,Pump OH,0,0,0,0,0,0,0,0,0,0,0,0,0,0
2021-12-10,COOKIES/BARS,Bread Pudding,0,0,0,0,0,0,0,0,0,0,0,0,0,0
2021-12-10,COOKIES/BARS,Totals,46,562,608,181,284,31,112,0,0,0,0,0,0,0
2021-12-11,BREAD,H,18,0,18,9,0,9,0,0,0,0,0,0,0,0
2021-12-11,BREAD,FR,25,0,25,12,0,13,0,0,0,0,0,0,0,0
2021-12-11,BREAD,GW,4,0,4,4,0,0,0,0,0,0,0,0,0,0
2021-12-11,BREAD,DK,15,0,15,12,0,3,0,0,0,0,0,0,0,0
2021-12-11,BREAD,H5,16,0,16,1,0,15,0,0,0,0,0,0,0,0
2021-12-11,BREAD,CSWRL,0,16,16,11,5,0,0,2,2,4,4,0,0,0
2021-12-11,BREAD,M.P. Swl,4,4,8,8,0,0,0,3,0,3,3,0,0,0
2021-12-11,BREAD,CnE,10,0,10,10,0,0,0,3,0,3,2,0,0,0
2021-12-11,BREAD,CnR,6,0,6,5,0,1,0,0,0,0,0,0,0,0
2021-12-11,BREAD,RW,5,0,5,2,0,3,0,0,0,0,0,0,0,0
2021-12-11,BREAD,CB,5,0,5,5,0,0,0,1,0,1,1,0,0,0
2021-12-11,BREAD,CrO,0,0,0,0,0,0,0,0,0,0,0,0,0,0
2021-12-11,BREAD,TS,4,0,4,1,0,3,0,2,0,2,1,0,0,0
2021-12-11,BREAD,AA,1,0,1,1,0,0,0,0,0,0,0,0,0,0
2021-12-11,BREAD,CG,0,0,0,0,0,0,0,0,0,0,0,0,0,0
2021-12-11,BREAD,Pest,0,0,0,0,0,0,0,0,0,0,0,0,0,0
2021-12-11,BREAD,Jal,0,0,0,0,0,0,0,0,0,0,0,0,0,0
2021-12-11,BREAD,VS,0,0,0,0,0,0,0,0,0,0,0,0,0,0
2021-12-11,BREAD,SOUR,25,0,25,13,0,12,0,0,0,0,0,0,0,0
2021-12-11,BREAD,CH,2,0,2,1,0,1,0,0,0,0,0,0,0,0
2021-12-11,BREAD,POP,17,0,17,17,0,0,0,0,0,0,0,0,0,0
2021-12-11,BREAD,WREATH,1,0,1,1,0,0,0,0,0,0,0,0,0,0
2021-12-11,BREAD,CAR,1,0,1,1,0,0,0,0,0,0,0,0,0,0
2021-12-11,BREAD,IHF,9,0,9,9,0,0,0,0,0,0,0,0,0,0
2021-12-11,BREAD,BUT-Rls,13,0,13,6,0,7,0,0,0,0,0,0,0,0
2021-12-11,BREAD,CrO-RLS,0,0,0,0,0,0,0,0,0,0,0,0,0,0
2021-12-11,BREAD,H-RLS,2,0,2,2,0,0,0,0,0,0,0,0,0,0
2021-12-11,BREAD,FR-RLS,0,0,0,0,0,0,0,0,0,0,0,0,0,0
2021-12-11,BREAD,VS-RLS,0,0,0,0,0,0,0,0,0,0,0,0,0,0
2021-12-11,BREAD,Blue Stru,6,0,6,3,0,3,0,0,0,0,0,0,0,0
2021-12-11,BREAD,Mex Choc,1,2,3,0,0,3,0,0,0,0,0,0,0,0
2021-12-11,BREAD,Pump Crb,2,1,3,1,0,2,0,0,0,0,0,0,0,0
2021-12-11,BREAD,Pump CC,0,5,5,4,1,0,0,0,0,0,0,0,0,0
2021-12-11,ROLLS,C-Rolls,0,60,60,51,6,3,0,0,0,0,0,0,0,0
2021-12-11,ROLLS,Mini C-Roll,0,24,24,0,24,0,0,0,0,0,0,0,0,0
2021-12-11,SCONES,Blueberry,0,24,24,13,6,5,0,0,0,0,0,0,0,0
2021-12-11,SCONES,Rasp Cream,0,0,0,0,0,0,0,0,0,0,0,0,0,0
2021-12-11,SCONES,Cherry,0,0,0,0,0,0,0,0,0,0,0,0,0,0
2021-12-11,SCONES,Butt Almond,0,19,19,12,6,1,0,0,0,0,0,0,0,0
2021-12-11,SCONES,Turtle,0,0,0,0,0,0,0,0,0,0,0,0,0,0
2021-12-11,SCONES,Cin Chip,0,0,0,0,0,0,0,0,0,0,0,0,0,0
2021-12-11,SCONES,CrO,0,8,8,6,0,2,0,0,0,0,0,0,0,0
2021-12-11,SCONES,CrO-WCC,0,8,8,6,0,2,0,0,0,0,0,0,0,0
2021-12-11,SCONES,FRUIT BAR,0,0,0,0,0,0,0,0,0,0,0,0,0,0
2021-12-11,SCONES,mixed berry,0,0,0,0,0,0,0,0,0,0,0,0,0,0
2021-12-11,SCONES,cherry,0,0,0,0,0,0,0,0,0,0,0,0,0,0
2021-12-11,SCONES,apple cin,0,10,10,8,2,0,0,0,0,0,0,0,0,0
2021-12-11,SCONES,Cran white choc,0,10,10,8,2,0,0,0,0,0,0,0,0,0
2021-12-11,MUFFINS,Blue Streusel,0,5,5,2,0,3,0,0,0,0,0,0,0,0
2021-12-11,MUFFINS,Mex Choc,0,5,5,4,0,1,0,0,0,0,0,0,0,0
2021-12-11,MUFFINS,Pump Cr,0,5,5,3,0,2,0,0,0,0,0,0,0,0
2021-12-11,MUFFINS,Pump CC,0,7,7,5,0,2,0,0,0,0,0,0,0,0
2021-12-11,COOKIES/BARS,oat cc,19,0,19,8,6,5,0,0,6,6,0,0,0,0
2021-12-11,COOKIES/BARS,St Nickerdo,4,12,16,16,0,0,0,0,6,6,0,0,0,0
2021-12-11,COOKIES/BARS,Triple CC,7,6,13,3,0,10,0,0,4,4,0,0,0,0
2021-12-11,COOKIES/BARS,frosted,12,6,18,13,0,5,0,0,0,0,0,0,0,0
2021-12-11,COOKIES/BARS,GingerMan,14,0,14,7,0,7,0,0,0,0,0,0,0,0
2021-12-11,COOKIES/BARS,brownie,13,0,13,11,2,0,0,0,0,0,0,0,0,0
2021-12-11,COOKIES/BARS,Pump Bar,43,0,43,12,3,0,28,0,0,0,0,0,0,0
2021-12-11,COOKIES/BARS,Pump OH,0,0,0,0,0,0,0,0,0,0,0,0,0,0
2021-12-11,COOKIES/BARS,Bread Pudding,0,0,0,0,0,0,0,0,0,0,0,0,0,0
2021-12-11,COOKIES/BARS,Totals,112,209,321,188,57,48,28,0,16,16,0,0,0,0
2021-12-12,BREAD,H,0,0,0,0,0,0,0,0,0,0,0,0,0,0
2021-12-12,BREAD,FR,0,0,0,0,0,0,0,0,0,0,0,0,0,0
2021-12-12,BREAD,GW,0,0,0,0,0,0,0,0,0,0,0,0,0,0
2021-12-12,BREAD,DK,0,0,0,0,0,0,0,0,0,0,0,0,0,0
2021-12-12,BREAD,H5,0,0,0,0,0,0,0,0,0,0,0,0,0,0
2021-12-12,BREAD,CSWRL,0,0,0,0,0,0,0,0,0,0,0,0,0,0
2021-12-12,BREAD,M.P. Swl,0,0,0,0,0,0,0,0,0,0,0,0,0,0
2021-12-12,BREAD,CnE,0,0,0,0,0,0,0,0,0,0,0,0,0,0
2021-12-12,BREAD,CnR,0,0,0,0,0,0,0,0,0,0,0,0,0,0
2021-12-12,BREAD,RW,0,0,0,0,0,0,0,0,0,0,0,0,0,0
2021-12-12,BREAD,CB,0,0,0,0,0,0,0,0,0,0,0,0,0,0
2021-12-12,BREAD,CrO,0,0,0,0,0,0,0,0,0,0,0,0,0,0
2021-12-12,BREAD,TS,0,0,0,0,0,0,0,0,0,0,0,0,0,0
2021-12-12,BREAD,AA,0,0,0,0,0,0,0,0,0,0,0,0,0,0
2021-12-12,BREAD,CG,0,0,0,0,0,0,0,0,0,0,0,0,0,0
2021-12-12,BREAD,Pest,0,0,0,0,0,0,0,0,0,0,0,0,0,0
2021-12-12,BREAD,Jal,0,0,0,0,0,0,0,0,0,0,0,0,0,0
2021-12-12,BREAD,VS,0,0,0,0,0,0,0,0,0,0,0,0,0,0
2021-12-12,BREAD,SOUR,0,0,0,0,0,0,0,0,0,0,0,0,0,0
2021-12-12,BREAD,CH,0,0,0,0,0,0,0,0,0,0,0,0,0,0
2021-12-12,BREAD,POP,0,0,0,0,0,0,0,0,0,0,0,0,0,0
2021-12-12,BREAD,WREATH,0,0,0,0,0,0,0,0,0,0,0,0,0,0
2021-12-12,BREAD,CAR,0,0,0,0,0,0,0,0,0,0,0,0,0,0
2021-12-12,BREAD,IHF,0,0,0,0,0,0,0,0,0,0,0,0,0,0
2021-12-12,BREAD,BUT-Rls,0,0,0,0,0,0,0,0,0,0,0,0,0,0
2021-12-12,BREAD,CrO-RLS,0,0,0,0,0,0,0,0,0,0,0,0,0,0
2021-12-12,BREAD,H-RLS,0,0,0,0,0,0,0,0,0,0,0,0,0,0
2021-12-12,BREAD,FR-RLS,0,0,0,0,0,0,0,0,0,0,0,0,0,0
2021-12-12,BREAD,VS-RLS,0,0,0,0,0,0,0,0,0,0,0,0,0,0
2021-12-12,BREAD,Blue Stru,0,0,0,0,0,0,0,0,0,0,0,0,0,0
2021-12-12,BREAD,Mex Choc,0,0,0,0,0,0,0,0,0,0,0,0,0,0
2021-12-12,BREAD,Pump Crb,0,0,0,0,0,0,0,0,0,0,0,0,0,0
2021-12-12,BREAD,Pump CC,0,0,0,0,0,0,0,0,0,0,0,0,0,0
2021-12-12,ROLLS,C-Rolls,0,0,0,0,0,0,0,0,0,0,0,0,0,0
2021-12-12,ROLLS,Mini C-Roll,0,0,0,0,0,0,0,0,0,0,0,0,0,0
2021-12-12,SCONES,Blueberry,0,0,0,0,0,0,0,0,0,0,0,0,0,0
2021-12-12,SCONES,Rasp Cream,0,0,0,0,0,0,0,0,0,0,0,0,0,0
2021-12-12,SCONES,Cherry,0,0,0,0,0,0,0,0,0,0,0,0,0,0
2021-12-12,SCONES,Butt Almond,0,0,0,0,0,0,0,0,0,0,0,0,0,0
2021-12-12,SCONES,Turtle,0,0,0,0,0,0,0,0,0,0,0,0,0,0
2021-12-12,SCONES,Cin Chip,0,0,0,0,0,0,0,0,0,0,0,0,0,0
2021-12-12,SCONES,CrO,0,0,0,0,0,0,0,0,0,0,0,0,0,0
2021-12-12,SCONES,CrO-WCC,0,0,0,0,0,0,0,0,0,0,0,0,0,0
2021-12-12,SCONES,FRUIT BAR,0,0,0,0,0,0,0,0,0,0,0,0,0,0
2021-12-12,SCONES,mixed berry,0,0,0,0,0,0,0,0,0,0,0,0,0,0
2021-12-12,SCONES,cherry,0,0,0,0,0,0,0,0,0,0,0,0,0,0
2021-12-12,SCONES,apple cin,0,0,0,0,0,0,0,0,0,0,0,0,0,0
2021-12-12,SCONES,Cran white choc,0,0,0,0,0,0,0,0,0,0,0,0,0,0
2021-12-12,MUFFINS,Blue Streusel,0,0,0,0,0,0,0,0,0,0,0,0,0,0
2021-12-12,MUFFINS,Mex Choc,0,0,0,0,0,0,0,0,0,0,0,0,0,0
2021-12-12,MUFFINS,Pump Cr,0,0,0,0,0,0,0,0,0,0,0,0,0,0
2021-12-12,MUFFINS,Pump CC,0,0,0,0,0,0,0,0,0,0,0,0,0,0
2021-12-12,COOKIES/BARS,oat cc,0,0,0,0,0,0,0,0,0,0,0,0,0,0
2021-12-12,COOKIES/BARS,St Nickerdo,0,0,0,0,0,0,0,0,0,0,0,0,0,0
2021-12-12,COOKIES/BARS,Triple CC,0,0,0,0,0,0,0,0,0,0,0,0,0,0
2021-12-12,COOKIES/BARS,frosted,0,0,0,0,0,0,0,0,0,0,0,0,0,0
2021-12-12,COOKIES/BARS,GingerMan,0,0,0,0,0,0,0,0,0,0,0,0,0,0
2021-12-12,COOKIES/BARS,brownie,0,0,0,0,0,0,0,0,0,0,0,0,0,0
2021-12-12,COOKIES/BARS,Pump Bar,28,0,28,0,0,0,28,0,0,0,0,0,0,0
2021-12-12,COOKIES/BARS,Pump OH,0,0,0,0,0,0,0,0,0,0,0,0,0,0
2021-12-12,COOKIES/BARS,Bread Pudding,0,0,0,0,0,0,0,0,0,0,0,0,0,0
2021-12-12,COOKIES/BARS,Totals,28,0,28,0,0,0,28,0,0,0,0,0,0,0
2021-12-13,BREAD,H,0,37,37,29,1,0,7,0,0,0,0,0,0,0
2021-12-13,BREAD,FR,0,60,60,20,24,0,16,0,0,0,0,0,0,0
2021-12-13,BREAD,GW,0,7,7,7,0,0,0,0,0,0,0,0,0,0
2021-12-13,BREAD,DK,0,21,21,15,2,0,4,0,0,0,0,0,0,0
2021-12-13,BREAD,H5,0,0,0,0,0,0,0,0,0,0,0,0,0,0
2021-12-13,BREAD,CSWRL,0,28,28,15,9,0,4,0,8,8,7,0,0,1
2021-12-13,BREAD,M.P. Swl,0,12,12,9,1,0,2,0,4,4,4,0,0,0
2021-12-13,BREAD,CnE,0,49,49,9,40,0,0,0,14,14,14,0,0,0
2021-12-13,BREAD,CnR,0,4,4,3,0,0,1,0,0,0,0,0,0,0
2021-12-13,BREAD,RW,0,4,4,2,0,0,2,0,0,0,0,0,0,0
2021-12-13,BREAD,CB,0,0,0,0,0,0,0,0,0,0,0,0,0,0
2021-12-13,BREAD,CrO,0,0,0,0,0,0,0,0,0,0,0,0,0,0
2021-12-13,BREAD,TS,0,4,4,1,3,0,0,0,3,3,1,0,0,2
2021-12-13,BREAD,AA,0,6,6,0,4,0,2,0,0,0,0,0,0,0
2021-12-13,BREAD,CG,0,0,0,0,0,0,0,0,0,0,0,0,0,0
2021-12-13,BREAD,Pest,0,0,0,0,0,0,0,0,0,0,0,0,0,0
2021-12-13,BREAD,Jal,0,0,0,0,0,0,0,0,0,0,0,0,0,0
2021-12-13,BREAD,VS,0,0,0,0,0,0,0,0,0,0,0,0,0,0
2021-12-13,BREAD,SOUR,0,25,25,9,6,0,10,0,0,0,0,0,0,0
2021-12-13,BREAD,CH,0,0,0,0,0,0,0,0,0,0,0,0,0,0
2021-12-13,BREAD,POP,0,18,18,15,3,0,0,0,3,3,3,0,0,0
2021-12-13,BREAD,WREATH,0,3,3,2,0,0,1,0,0,0,0,0,0,0
2021-12-13,BREAD,CAR,0,19,19,2,0,0,17,0,0,0,0,0,0,0
2021-12-13,BREAD,IHF,0,0,0,-5,0,0,5,0,0,0,0,0,0,0
2021-12-13,BREAD,BUT-Rls,0,0,0,0,0,0,0,0,0,0,0,0,0,0
2021-12-13,BREAD,CrO-RLS,0,0,0,0,0,0,0,0,0,0,0,0,0,0
2021-12-13,BREAD,H-RLS,0,4,4,2,0,0,2,0,0,0,0,0,0,0
2021-12-13,BREAD,FR-RLS,0,3,3,3,0,0,0,0,0,0,0,0,0,0
2021-12-13,BREAD,VS-RLS,0,0,0,0,0,0,0,0,0,0,0,0,0,0
2021-12-13,BREAD,Blue Stru,0,10,10,4,6,0,0,0,0,0,0,0,0,0
2021-12-13,BREAD,Mex Choc,0,4,4,1,0,0,3,0,0,0,0,0,0,0
2021-12-13,BREAD,Pump Crb,0,13,13,2,9,0,2,0,0,0,0,0,0,0
2021-12-13,BREAD,Pump CC,0,41,41,8,31,0,2,0,0,0,0,0,0,0
2021-12-13,ROLLS,C-Rolls,0,48,48,43,4,1,0,0,0,0,0,0,0,0
2021-12-13,ROLLS,Mini C-Roll,0,0,0,0,0,0,0,0,0,0,0,0,0,0
2021-12-13,SCONES,Blueberry,0,0,0,0,0,0,0,0,0,0,0,0,0,0
2021-12-13,SCONES,Rasp Cream,0,10,10,6,0,4,0,0,3,3,0,0,0,0
2021-12-13,SCONES,Cherry,0,0,0,0,0,0,0,0,0,0,0,0,0,0
2021-12-13,SCONES,Butt Almond,0,0,0,0,0,0,0,0,0,0,0,0,0,0
2021-12-13,SCONES,Turtle,0,0,0,0,0,0,0,0,0,0,0,0,0,0
2021-12-13,SCONES,Cin Chip,0,10,10,9,1,0,0,0,3,3,0,0,0,0
2021-12-13,SCONES,CrO,0,6,6,6,0,0,0,0,2,2,0,0,0,0
2021-12-13,SCONES,CrO-WCC,0,6,6,6,0,0,0,0,2,2,0,0,0,0
2021-12-13,SCONES,FRUIT BAR,0,0,0,0,0,0,0,0,0,0,0,0,0,0
2021-12-13,SCONES,mixed berry,0,10,10,5,5,0,0,0,0,0,0,0,0,0
2021-12-13,SCONES,cherry,0,10,10,4,5,1,0,0,0,0,0,0,0,0
2021-12-13,SCONES,apple cin,0,0,0,0,0,0,0,0,0,0,0,0,0,0
2021-12-13,SCONES,Cran white choc,0,0,0,0,0,0,0,0,0,0,0,0,0,0
2021-12-13,MUFFINS,Blue Streusel,0,4,4,4,0,0,0,0,7,7,0,0,0,0
2021-12-13,MUFFINS,Mex Choc,0,4,4,1,0,3,0,0,0,0,0,0,0,0
2021-12-13,MUFFINS,Pump Cr,0,4,4,2,0,2,0,0,0,0,0,0,0,0
2021-12-13,MUFFINS,Pump CC,0,6,6,4,0,2,0,0,7,7,0,0,0,0
2021-12-13,COOKIES/BARS,oat cc,0,30,30,16,2,0,12,0,0,0,0,0,0,0
2021-12-13,COOKIES/BARS,St Nickerdo,0,102,102,22,74,0,6,0,0,0,0,0,0,0
2021-12-13,COOKIES/BARS,Triple CC,0,30,30,15,2,0,13,0,0,0,0,0,0,0
2021-12-13,COOKIES/BARS,frosted,0,18,18,7,0,0,11,0,0,0,0,0,0,0
2021-12-13,COOKIES/BARS,Gingerman,0,24,24,15,0,0,9,0,0,0,0,0,0,0
2021-12-13,COOKIES/BARS,brownie,0,20,20,9,0,0,11,0,0,0,0,0,0,0
2021-12-13,COOKIES/BARS,Pump Bar,28,0,28,7,0,0,21,0,0,0,0,0,0,0
2021-12-13,COOKIES/BARS,Pump OH,0,0,0,0,0,0,0,0,0,0,0,0,0,0
2021-12-13,COOKIES/BARS,Bread Pudding,0,0,0,0,0,0,0,0,0,0,0,0,0,0
2021-12-13,COOKIES/BARS,Totals,28,342,370,181,93,13,83,0,24,24,0,0,0,0
2021-12-14,BREAD,H,7,37,44,17,5,0,22,0,0,0,0,0,0,0
2021-12-14,BREAD,FR,16,20,36,22,7,0,7,0,0,0,0,0,0,0
2021-12-14,BREAD,GW,0,20,20,3,10,0,7,0,0,0,0,0,0,0
2021-12-14,BREAD,DK,4,22,26,6,0,0,20,0,0,0,0,0,0,0
2021-12-14,BREAD,H5,0,0,0,0,0,0,0,0,0,0,0,0,0,0
2021-12-14,BREAD,CSWRL,4,42,46,13,21,0,12,1,7,8,4,0,0,4
2021-12-14,BREAD,M.P. Swl,2,8,10,4,0,0,6,0,6,6,3,0,0,3
2021-12-14,BREAD,CnE,0,12,12,12,0,0,0,0,61,61,3,0,0,3
2021-12-14,BREAD,CnR,1,25,26,26,0,0,0,0,0,0,0,0,0,0
2021-12-14,BREAD,RW,2,13,15,15,0,0,0,0,0,0,0,0,0,0
2021-12-14,BREAD,CB,0,36,36,24,2,0,10,0,16,16,4,0,0,3
2021-12-14,BREAD,CrO,0,33,33,17,13,0,3,0,11,11,4,0,0,0
2021-12-14,BREAD,TS,0,0,0,0,0,0,0,2,0,2,0,0,0,0
2021-12-14,BREAD,AA,2,0,2,2,0,0,0,0,0,0,0,0,0,0
2021-12-14,BREAD,CG,0,0,0,0,0,0,0,0,0,0,0,0,0,0
2021-12-14,BREAD,Pest,0,0,0,0,0,0,0,0,0,0,0,0,0,0
2021-12-14,BREAD,Jal,0,0,0,0,0,0,0,0,0,0,0,0,0,0
2021-12-14,BREAD,VS,0,18,18,12,0,0,6,0,3,3,3,0,0,0
2021-12-14,BREAD,SOUR,10,0,10,10,0,0,0,0,0,0,-4,0,0,0
2021-12-14,BREAD,CH,0,0,0,0,0,0,0,0,0,0,0,0,0,0
2021-12-14,BREAD,POP,0,0,0,0,0,0,0,0,0,0,0,0,0,0
2021-12-14,BREAD,WREATH,1,0,1,1,0,0,0,0,0,0,0,0,0,0
2021-12-14,BREAD,CAR,17,0,17,3,0,0,14,0,0,0,0,0,0,0
2021-12-14,BREAD,IHF,5,0,5,1,0,0,4,0,0,0,0,0,0,0
2021-12-14,BREAD,BUT-Rls,0,0,0,0,0,0,0,0,0,0,0,0,0,0
2021-12-14,BREAD,CrO-RLS,0,0,0,0,0,0,0,0,0,0,0,0,0,0
2021-12-14,BREAD,H-RLS,2,3,5,2,0,0,3,0,0,0,0,0,0,0
2021-12-14,BREAD,FR-RLS,0,4,4,2,0,0,2,0,0,0,0,0,0,0
2021-12-14,BREAD,VS-RLS,0,6,6,4,0,0,2,0,0,0,0,0,0,0
2021-12-14,BREAD,Blue Stru,0,8,8,5,2,0,1,0,0,0,0,0,0,0
2021-12-14,BREAD,Mex Choc,3,7,10,1,0,2,7,0,0,0,0,0,0,0
2021-12-14,BREAD,Pump Crb,2,13,15,1,11,1,2,0,0,0,0,0,0,0
2021-12-14,BREAD,Pump CC,2,18,20,5,11,0,4,0,0,0,0,0,0,0
2021-12-14,ROLLS,C-Rolls,0,48,48,38,0,10,0,0,0,0,0,0,0,0
2021-12-14,ROLLS,Mini C-Roll,0,72,72,0,72,0,0,0,0,0,0,0,0,0
2021-12-14,SCONES,Blueberry,0,13,13,12,0,1,0,0,18,18,0,0,0,0
2021-12-14,SCONES,Rasp Cream,0,0,0,0,0,0,0,0,0,0,0,0,0,0
2021-12-14,SCONES,Cherry,0,0,0,0,0,0,0,0,0,0,0,0,0,0
2021-12-14,SCONES,Butt Almond,0,0,0,0,0,0,0,0,0,0,0,0,0,0
2021-12-14,SCONES,Turtle,0,0,0,0,0,0,0,0,0,0,0,0,0,0
2021-12-14,SCONES,Cin Chip,0,13,13,8,0,5,0,0,18,18,0,0,0,0
2021-12-14,SCONES,CrO,0,6,6,6,0,0,0,0,4,4,0,0,0,0
2021-12-14,SCONES,CrO-WCC,0,6,6,6,0,0,0,0,0,0,0,0,0,0
2021-12-14,SCONES,FRUIT BAR,0,0,0,0,0,0,0,0,0,0,0,0,0,0
2021-12-14,SCONES,mixed berry,0,0,0,0,0,0,0,0,0,0,0,0,0,0
2021-12-14,SCONES,cherry,0,0,0,0,0,0,0,0,0,0,0,0,0,0
2021-12-14,SCONES,apple cin,0,10,10,5,2,3,0,0,0,0,0,0,0,0
2021-12-14,SCONES,Cran white choc,0,10,10,5,2,3,0,0,0,0,0,0,0,0
2021-12-14,MUFFINS,Blue Streusel,0,4,4,1,0,3,0,0,0,0,0,0,0,0
2021-12-14,MUFFINS,Mex Choc,0,4,4,1,0,3,0,0,5,5,0,0,0,0
2021-12-14,MUFFINS,Pump Cr,0,4,4,1,0,3,0,0,0,0,0,0,0,0
2021-12-14,MUFFINS,Pump CC,0,6,6,2,0,4,0,0,5,5,0,0,0,0
2021-12-14,COOKIES/BARS,oat cc,12,24,36,7,6,4,19,0,0,0,0,0,0,0
2021-12-14,COOKIES/BARS,St Nickerdo,6,24,30,17,5,0,8,0,0,0,0,0,0,0
2021-12-14,COOKIES/BARS,Triple CC,13,24,37,27,5,0,5,0,0,0,0,0,0,0
2021-12-14,COOKIES/BARS,frosted,11,6,17,13,0,1,3,0,0,0,0,0,0,0
2021-12-14,COOKIES/BARS,GingerMan,9,6,15,6,0,0,9,0,0,0,0,0,0,0
2021-12-14,COOKIES/BARS,brownie,11,20,31,6,0,0,25,0,0,0,0,0,0,0
2021-12-14,COOKIES/BARS,Pump Bar,21,20,41,6,0,0,35,0,0,0,0,0,0,0
2021-12-14,COOKIES/BARS,Pump OH,0,0,0,-8,0,0,8,0,0,0,-2,0,0,2
2021-12-14,COOKIES/BARS,Bread Pudding,0,0,0,-5,0,0,5,0,0,0,-5,0,0,5
2021-12-14,COOKIES/BARS,Totals,83,320,403,154,92,40,117,0,50,50,-7,0,0,7
2021-12-15,BREAD,H,22,38,60,26,18,0,16,0,0,0,0,0,0,0
2021-12-15,BREAD,FR,7,29,36,12,2,0,22,0,0,0,0,0,0,0
2021-12-15,BREAD,GW,7,9,16,8,0,0,8,0,0,0,0,0,0,0
2021-12-15,BREAD,DK,20,15,35,13,0,0,22,0,0,0,0,0,0,0
2021-12-15,BREAD,H5,0,0,0,0,0,0,0,0,0,0,0,0,0,0
2021-12-15,BREAD,CSWRL,12,20,32,11,10,0,11,4,0,4,4,0,0,0
2021-12-15,BREAD,M.P. Swl,6,12,18,8,2,0,8,3,0,3,3,0,0,0
2021-12-15,BREAD,CnE,0,52,52,6,30,0,16,3,4,7,3,0,0,4
2021-12-15,BREAD,CnR,0,6,6,1,1,0,4,0,0,0,0,0,0,0
2021-12-15,BREAD,RW,0,6,6,3,0,0,3,0,0,0,0,0,0,0
2021-12-15,BREAD,CB,10,0,10,4,0,6,0,3,0,3,1,0,0,0
2021-12-15,BREAD,CrO,3,0,3,3,0,0,0,0,0,0,0,0,0,0
2021-12-15,BREAD,TS,0,12,12,0,0,0,12,0,3,3,0,0,0,3
2021-12-15,BREAD,AA,0,3,3,0,0,0,3,0,0,0,0,0,0,0
2021-12-15,BREAD,CG,0,0,0,0,0,0,0,0,0,0,0,0,0,0
2021-12-15,BREAD,Pest,0,0,0,0,0,0,0,0,0,0,0,0,0,0
2021-12-15,BREAD,Jal,0,0,0,0,0,0,0,0,0,0,0,0,0,0
2021-12-15,BREAD,VS,6,6,12,0,0,7,5,0,30,30,0,0,0,4
2021-12-15,BREAD,SOUR,0,24,24,5,0,0,19,0,0,0,0,0,0,0
2021-12-15,BREAD,CH,0,0,0,0,0,0,0,0,0,0,0,0,0,0
2021-12-15,BREAD,POP,0,28,28,8,0,0,20,0,3,3,3,0,0,0
2021-12-15,BREAD,WREATH,0,6,6,1,0,0,5,0,0,0,0,0,0,0
2021-12-15,BREAD,CAR,14,0,14,14,0,0,0,0,0,0,0,0,0,0
2021-12-15,BREAD,IHF,4,0,4,4,0,0,0,0,0,0,0,0,0,0
2021-12-15,BREAD,BUT-Rls,0,0,0,0,0,0,0,0,0,0,0,0,0,0
2021-12-15,BREAD,CrO-RLS,0,0,0,0,0,0,0,0,0,0,0,0,0,0
2021-12-15,BREAD,H-RLS,3,2,5,3,0,0,2,0,0,0,0,0,0,0
2021-12-15,BREAD,FR-RLS,2,3,5,5,0,0,0,0,0,0,0,0,0,0
2021-12-15,BREAD,VS-RLS,2,6,8,2,0,0,6,0,0,0,0,0,0,0
2021-12-15,BREAD,Blue Stru,1,5,6,1,0,0,5,0,0,0,0,0,0,0
2021-12-15,BREAD,Mex Choc,7,0,7,1,0,6,0,0,0,0,0,0,0,0
2021-12-15,BREAD,Pump Crb,2,13,15,5,10,0,0,0,0,0,0,0,0,0
2021-12-15,BREAD,Pump CC,4,46,50,8,42,0,0,0,0,0,0,0,0,0
2021-12-15,ROLLS,C-Rolls,0,48,48,14,0,34,0,0,0,0,0,0,0,0
2021-12-15,ROLLS,Mini C-Roll,0,0,0,0,0,0,0,0,0,0,0,0,0,0
2021-12-15,SCONES,Blueberry,0,0,0,0,0,0,0,0,0,0,0,0,0,0
2021-12-15,SCONES,Rasp Cream,0,17,17,10,0,7,0,0,0,0,0,0,0,0
2021-12-15,SCONES,Cherry,0,0,0,0,0,0,0,0,0,0,0,0,0,0
2021-12-15,SCONES,Butt Almond,0,0,0,0,0,0,0,0,0,0,0,0,0,0
2021-12-15,SCONES,Turtle,0,16,16,7,0,9,0,0,0,0,0,0,0,0
2021-12-15,SCONES,Cin Chip,0,0,0,0,0,0,0,0,0,0,0,0,0,0
2021-12-15,SCONES,CrO,0,8,8,8,0,0,0,0,0,0,0,0,0,0
2021-12-15,SCONES,CrO-WCC,0,8,8,8,0,0,0,0,0,0,0,0,0,0
2021-12-15,SCONES,FRUIT BAR,0,0,0,0,0,0,0,0,0,0,0,0,0,0
2021-12-15,SCONES,mixed berry,0,10,10,5,5,0,0,0,0,0,0,0,0,0
2021-12-15,SCONES,cherry,0,10,10,5,5,0,0,0,0,0,0,0,0,0
2021-12-15,SCONES,apple cin,0,0,0,0,0,0,0,0,0,0,0,0,0,0
2021-12-15,SCONES,Cran white choc,0,0,0,0,0,0,0,0,0,0,0,0,0,0
2021-12-15,MUFFINS,Blue Streusel,0,5,5,1,0,4,0,0,0,0,0,0,0,0
2021-12-15,MUFFINS,Mex Choc,0,4,4,1,0,3,0,0,0,0,0,0,0,0
2021-12-15,MUFFINS,Pump Cr,0,4,4,1,0,3,0,0,0,0,0,0,0,0
2021-12-15,MUFFINS,Pump CC,0,8,8,5,0,3,0,0,0,0,0,0,0,0
2021-12-15,COOKIES/BARS,oat cc,19,18,37,26,11,0,0,0,12,12,0,0,0,0
2021-12-15,COOKIES/BARS,St Nickerdo,8,132,140,27,113,0,0,0,20,20,0,0,0,0
2021-12-15,COOKIES/BARS,Triple CC,5,36,41,29,12,0,0,0,18,18,0,0,0,0
2021-12-15,COOKIES/BARS,frosted,3,18,21,7,0,1,13,0,0,0,0,0,0,0
2021-12-15,COOKIES/BARS,GingerMan,9,12,21,10,0,2,9,0,0,0,0,0,0,0
2021-12-15,COOKIES/BARS,brownie,25,40,65,10,27,0,28,0,0,0,0,0,0,0
2021-12-15,COOKIES/BARS,Pump Bar,35,20,55,22,28,0,5,0,0,0,0,0,0,0
2021-12-15,COOKIES/BARS,Pump OH,8,0,8,8,0,0,0,2,0,2,2,0,0,0
2021-12-15,COOKIES/BARS,Bread Pudding,5,0,5,5,0,0,0,5,0,5,5,0,0,0
2021-12-15,COOKIES/BARS,Totals,117,414,531,209,201,66,55,7,50,57,7,0,0,0
2021-12-16,BREAD,H,16,37,53,21,9,0,23,0,0,0,0,0,0,0
2021-12-16,BREAD,FR,22,39,61,14,38,0,9,0,0,0,0,0,0,0
2021-12-16,BREAD,GW,8,3,11,2,0,6,3,0,0,0,0,0,0,0
2021-12-16,BREAD,DK,22,0,22,12,0,2,8,0,0,0,0,0,0,0
2021-12-16,BREAD,H5,0,19,19,3,6,0,10,0,0,0,0,0,0,0
2021-12-16,BREAD,CSWRL,11,16,27,17,2,0,8,0,60,60,12,0,0,2
2021-12-16,BREAD,M.P. Swl,8,4,12,4,0,4,4,0,6,6,6,0,0,0
2021-12-16,BREAD,CnE,16,32,48,13,30,0,5,4,4,8,5,0,0,3
2021-12-16,BREAD,CnR,4,0,4,4,0,0,0,0,0,0,0,0,0,0
2021-12-16,BREAD,RW,3,0,3,3,0,0,0,0,0,0,0,0,0,0
2021-12-16,BREAD,CB,0,28,28,7,1,0,20,0,7,7,6,0,0,1
2021-12-16,BREAD,CrO,0,38,38,17,16,0,5,0,6,6,3,0,0,3
2021-12-16,BREAD,TS,12,0,12,1,0,11,0,3,0,3,0,0,0,0
2021-12-16,BREAD,AA,3,0,3,2,0,1,0,0,0,0,0,0,0,0
2021-12-16,BREAD,CG,0,0,0,0,0,0,0,0,0,0,0,0,0,0
2021-12-16,BREAD,Pest,0,0,0,0,0,0,0,0,0,0,0,0,0,0
2021-12-16,BREAD,Jal,0,0,0,0,0,0,0,0,0,0,0,0,0,0
2021-12-16,BREAD,VS,5,10,15,8,3,0,4,4,4,8,5,0,0,3
2021-12-16,BREAD,SOUR,19,0,19,8,0,0,11,0,0,0,0,0,0,0
2021-12-16,BREAD,CH,0,0,0,0,0,0,0,0,0,0,0,0,0,0
2021-12-16,BREAD,POP,20,0,20,9,0,11,0,0,0,0,0,0,0,0
2021-12-16,BREAD,WREATH,5,0,5,5,0,0,0,0,0,0,0,0,0,0
2021-12-16,BREAD,CAR,0,0,0,0,0,0,0,0,0,0,0,0,0,0
2021-12-16,BREAD,IHF,0,0,0,0,0,0,0,0,0,0,0,0,0,0
2021-12-16,BREAD,H,0,1,1,0,1,0,0,0,0,0,0,0,0,0
2021-12-16,BREAD,FR TREE,0,0,0,0,0,0,0,0,0,0,0,0,0,0
2021-12-16,BREAD,CnE,0,0,0,0,0,0,0,0,0,0,0,0,0,0
2021-12-16,BREAD,VS Tree,0,2,2,2,0,0,0,0,0,0,0,0,0,0
2021-12-16,BREAD,BUT Tree,0,0,0,0,0,0,0,0,0,0,0,0,0,0
2021-12-16,BREAD,BUT-Rls,0,0,0,0,0,0,0,0,0,0,0,0,0,0
2021-12-16,BREAD,CrO-RLS,0,0,0,0,0,0,0,0,0,0,0,0,0,0
2021-12-16,BREAD,H-RLS,2,3,5,3,0,1,1,0,0,0,0,0,0,0
2021-12-16,BREAD,FR-RLS,0,6,6,6,0,0,0,0,0,0,0,0,0,0
2021-12-16,BREAD,VS-RLS,6,8,14,5,4,1,4,0,0,0,0,0,0,0
2021-12-16,BREAD,Blue Stru,5,4,9,8,1,0,0,0,0,0,0,0,0,0
2021-12-16,BREAD,Mex Choc,0,4,4,1,0,0,3,0,0,0,0,0,0,0
2021-12-16,BREAD,Pump Crb,0,8,8,5,0,0,3,0,0,0,0,0,0,0
2021-12-16,BREAD,Pump CC,0,45,45,5,31,0,9,0,0,0,0,0,0,0
2021-12-16,ROLLS,C-Rolls,0,72,72,29,43,0,0,0,0,0,0,0,0,0
2021-12-16,ROLLS,Mini C-Roll,0,0,0,0,0,0,0,0,0,0,0,0,0,0
2021-12-16,SCONES,Blueberry,0,20,20,12,8,0,0,0,0,0,0,0,0,0
2021-12-16,SCONES,Rasp Cream,0,0,0,0,0,0,0,0,0,0,0,0,0,0
2021-12-16,SCONES,Cherry,0,0,0,0,0,0,0,0,0,0,0,0,0,0
2021-12-16,SCONES,Butt Almond,0,0,0,0,0,0,0,0,0,0,0,0,0,0
2021-12-16,SCONES,Turtle,0,13,13,8,2,3,0,0,0,0,0,0,0,0
2021-12-16,SCONES,Cin Chip,0,0,0,0,0,0,0,0,0,0,0,0,0,0
2021-12-16,SCONES,CrO,0,10,10,5,3,2,0,0,0,0,0,0,0,0
2021-12-16,SCONES,CrO-WCC,0,10,10,3,3,4,0,0,0,0,0,0,0,0
2021-12-16,SCONES,FRUIT BAR,0,0,0,0,0,0,0,0,0,0,0,0,0,0
2021-12-16,SCONES,mixed berry,0,0,0,0,0,0,0,0,0,0,0,0,0,0
2021-12-16,SCONES,cherry,0,0,0,0,0,0,0,0,0,0,0,0,0,0
2021-12-16,SCONES,apple cin,0,10,10,8,2,0,0,0,0,0,0,0,0,0
2021-12-16,SCONES,Cran white choc,0,10,10,8,2,0,0,0,0,0,0,0,0,0
2021-12-16,MUFFINS,Blue Streusel,0,10,10,4,5,1,0,0,0,0,0,0,0,0
2021-12-16,MUFFINS,Mex Choc,0,4,4,1,0,3,0,0,0,0,0,0,0,0
2021-12-16,MUFFINS,Pump Cr,0,9,9,-1,5,5,0,0,0,0,0,0,0,0
2021-12-16,MUFFINS,Pump CC,0,10,10,5,3,2,0,0,0,0,0,0,0,0
2021-12-16,COOKIES/BARS,oat cc,0,96,96,35,61,0,0,0,0,0,0,0,0,0
2021-12-16,COOKIES/BARS,St Nickerdo,0,144,144,33,110,0,1,0,6,6,0,0,0,0
2021-12-16,COOKIES/BARS,Triple CC,0,96,96,33,61,0,2,0,4,4,0,0,0,0
2021-12-16,COOKIES/BARS,frosted,13,12,25,10,0,0,15,0,0,0,0,0,0,0
2021-12-16,COOKIES/BARS,GingerMan,9,0,9,6,0,0,3,0,0,0,0,0,0,0
2021-12-16,COOKIES/BARS,brownie,28,0,28,17,3,0,8,0,0,0,0,0,0,0
2021-12-16,COOKIES/BARS,Pump Bar,5,40,45,13,0,0,32,0,0,0,0,0,0,0
2021-12-16,COOKIES/BARS,Pump OH,0,0,0,0,0,0,0,0,0,0,0,0,0,0
2021-12-16,COOKIES/BARS,Bread Pudding,0,0,0,0,0,0,0,0,0,0,0,0,0,0
2021-12-16,COOKIES/BARS,Totals,55,566,621,229,311,20,61,0,10,10,0,0,0,0
2021-12-17,BREAD,H,23,38,61,41,5,0,15,0,0,0,0,0,0,0
2021-12-17,BREAD,FR,9,27,36,28,0,0,8,0,0,0,0,0,0,0
2021-12-17,BREAD,GW,3,0,3,3,0,0,0,0,0,0,0,0,0,0
2021-12-17,BREAD,DK,8,22,30,20,0,0,10,0,0,0,0,0,0,0
2021-12-17,BREAD,H5,10,0,10,6,0,0,4,0,0,0,0,0,0,0
2021-12-17,BREAD,CSWRL,8,32,40,25,15,0,0,2,12,14,8,0,0,6
2021-12-17,BREAD,M.P. Swl,4,28,32,9,16,0,7,0,6,6,0,0,0,6
2021-12-17,BREAD,CnE,5,40,45,25,2,0,18,3,4,7,3,0,0,4
2021-12-17,BREAD,CnR,0,8,8,4,0,0,4,0,0,0,0,0,0,0
2021-12-17,BREAD,RW,0,8,8,6,0,0,2,0,0,0,0,0,0,0
2021-12-17,BREAD,CB,20,0,20,12,0,0,8,1,0,1,1,0,0,0
2021-12-17,BREAD,CrO,5,21,26,8,0,0,18,3,6,9,6,0,0,3
2021-12-17,BREAD,TS,0,0,0,0,0,0,0,0,0,0,0,0,0,0
2021-12-17,BREAD,AA,0,0,0,0,0,0,0,0,0,0,0,0,0,0
2021-12-17,BREAD,CG,0,0,0,0,0,0,0,0,0,0,0,0,0,0
2021-12-17,BREAD,Pest,0,0,0,0,0,0,0,0,0,0,0,0,0,0
2021-12-17,BREAD,Jal,0,0,0,0,0,0,0,0,0,0,0,0,0,0
2021-12-17,BREAD,VS,4,0,4,4,0,0,0,3,0,3,3,0,0,0
2021-12-17,BREAD,SOUR,11,0,11,-12,4,0,19,0,0,0,0,0,0,0
2021-12-17,BREAD,CH,0,0,0,0,0,0,0,0,0,0,0,0,0,0
2021-12-17,BREAD,POP,0,20,20,4,0,0,16,0,3,3,3,0,0,0
2021-12-17,BREAD,WREATH,0,6,6,5,0,0,1,0,0,0,0,0,0,0
2021-12-17,BREAD,CAR,0,0,0,0,0,0,0,0,0,0,0,0,0,0
2021-12-17,BREAD,IHF,0,23,23,23,0,0,0,0,0,0,0,0,0,0
2021-12-17,BREAD,H,0,3,3,2,0,0,1,0,0,0,0,0,0,0
2021-12-17,BREAD,FR TREE,0,0,0,0,0,0,0,0,0,0,0,0,0,0
2021-12-17,BREAD,CnE,0,3,3,3,0,0,0,0,0,0,0,0,0,0
2021-12-17,BREAD,VS Tree,0,0,0,0,0,0,0,0,0,0,0,0,0,0
2021-12-17,BREAD,BUT Tree,0,12,12,12,0,0,0,0,0,0,0,0,0,0
2021-12-17,BREAD,BUT-Rls,0,22,22,12,9,0,1,0,0,0,0,0,0,0
2021-12-17,BREAD,CrO-RLS,0,0,0,0,0,0,0,0,0,0,0,0,0,0
2021-12-17,BREAD,H-RLS,1,3,4,4,0,0,0,0,0,0,0,0,0,0
2021-12-17,BREAD,FR-RLS,0,36,36,0,36,0,0,0,0,0,0,0,0,0
2021-12-17,BREAD,VS-RLS,4,0,4,4,0,0,0,0,0,0,0,0,0,0
2021-12-17,BREAD,Blue Stru,0,12,12,4,0,0,8,0,0,0,0,0,0,0
2021-12-17,BREAD,Mex Choc,3,2,5,1,0,3,1,0,0,0,0,0,0,0
2021-12-17,BREAD,Pump Crb,3,4,7,0,0,3,4,0,0,0,0,0,0,0
2021-12-17,BREAD,Pump CC,9,12,21,9,8,3,1,0,0,0,0,0,0,0
2021-12-17,ROLLS,C-Rolls,0,84,84,79,0,5,0,0,0,0,0,0,0,0
2021-12-17,ROLLS,Mini C-Roll,0,0,0,0,0,0,0,0,0,0,0,0,0,0
2021-12-17,SCONES,Blueberry,0,0,0,0,0,0,0,0,0,0,0,0,0,0
2021-12-17,SCONES,Rasp Cream,0,0,0,0,0,0,0,0,0,0,0,0,0,0
2021-12-17,SCONES,Cherry,0,17,17,13,0,4,0,0,0,0,0,0,0,0
2021-12-17,SCONES,Butt Almond,0,16,16,7,3,6,0,0,0,0,0,0,0,0
2021-12-17,SCONES,Turtle,0,0,0,0,0,0,0,0,0,0,0,0,0,0
2021-12-17,SCONES,Cin Chip,0,0,0,0,0,0,0,0,0,0,0,0,0,0
2021-12-17,SCONES,CrO,0,12,12,9,3,0,0,0,0,0,0,0,0,0
2021-12-17,SCONES,CrO-WCC,0,10,10,9,0,1,0,0,0,0,0,0,0,0
2021-12-17,SCONES,FRUIT BAR,0,0,0,0,0,0,0,0,0,0,0,0,0,0
2021-12-17,SCONES,mixed berry,0,10,10,1,4,5,0,0,0,0,0,0,0,0
2021-12-17,SCONES,cherry,0,10,10,1,4,5,0,0,0,0,0,0,0,0
2021-12-17,SCONES,apple cin,0,10,10,1,4,5,0,0,0,0,0,0,0,0
2021-12-17,SCONES,Cran white choc,0,10,10,1,4,5,0,0,0,0,0,0,0,0
2021-12-17,MUFFINS,Blue Streusel,0,5,5,5,0,0,0,0,0,0,0,0,0,0
2021-12-17,MUFFINS,Mex Choc,0,5,5,1,0,4,0,0,0,0,0,0,0,0
2021-12-17,MUFFINS,Pump Cr,0,5,5,5,0,0,0,0,0,0,0,0,0,0
2021-12-17,MUFFINS,Pump CC,0,7,7,2,0,5,0,0,0,0,0,0,0,0
2021-12-17,COOKIES/BARS,oat cc,0,78,78,51,27,0,0,0,10,10,0,0,0,0
2021-12-17,COOKIES/BARS,St Nickerdo,1,84,85,46,39,0,0,0,12,12,0,0,0,0
2021-12-17,COOKIES/BARS,Triple CC,2,78,80,50,27,0,3,0,10,10,0,0,0,0
2021-12-17,COOKIES/BARS,frosted,15,18,33,12,0,3,18,0,0,0,0,0,0,0
2021-12-17,COOKIES/BARS,GingerMan,3,12,15,10,0,0,5,0,0,0,0,0,0,0
2021-12-17,COOKIES/BARS,brownie,8,40,48,8,18,0,22,0,0,0,0,0,0,0
2021-12-17,COOKIES/BARS,Pump Bar,32,20,52,12,10,0,30,0,0,0,0,0,0,0
2021-12-17,COOKIES/BARS,Pec,0,0,0,-7,1,0,6,0,0,0,0,0,0,0
2021-12-17,COOKIES/BARS,Pump,0,0,0,-11,5,0,6,0,0,0,0,0,0,0
2021-12-17,COOKIES/BARS,Ap,0,0,0,0,0,0,0,0,0,0,0,0,0,0
2021-12-17,COOKIES/BARS,ApC,0,0,0,-2,2,0,0,0,0,0,0,0,0,0
2021-12-17,COOKIES/BARS,Sc,0,0,0,-7,1,0,6,0,0,0,0,0,0,0
2021-12-17,COOKIES/BARS,Pumpoh,0,0,0,0,0,0,0,0,0,0,0,0,0,0
2021-12-17,COOKIES/BARS,Bread Pudding,0,0,0,0,0,0,0,0,0,0,0,0,0,0
2021-12-17,COOKIES/BARS,Totals,61,531,592,309,145,48,90,0,32,32,-13,0,0,6
2021-12-18,BREAD,H,15,21,36,16,17,3,0,0,0,0,0,0,0,0
2021-12-18,BREAD,FR,8,21,29,12,17,0,0,0,0,0,0,0,0,0
2021-12-18,BREAD,GW,0,8,8,5,0,3,0,0,0,0,0,0,0,0
2021-12-18,BREAD,DK,10,0,10,8,0,2,0,0,0,0,0,0,0,0
2021-12-18,BREAD,H5,4,0,4,0,0,4,0,0,0,0,0,0,0,0
2021-12-18,BREAD,CSWRL,0,36,36,23,13,0,0,6,8,14,1,0,0,0
2021-12-18,BREAD,M.P. Swl,7,4,11,11,0,0,0,6,6,12,3,0,0,0
2021-12-18,BREAD,CnE,18,0,18,18,0,0,0,4,0,4,4,0,0,0
2021-12-18,BREAD,CnR,4,0,4,2,0,2,0,0,0,0,0,0,0,0
2021-12-18,BREAD,RW,2,0,2,1,0,1,0,0,0,0,0,0,0,0
2021-12-18,BREAD,CB,8,0,8,6,0,2,0,0,0,0,0,0,0,0
2021-12-18,BREAD,CrO,18,0,18,12,0,6,0,3,0,3,3,0,0,0
2021-12-18,BREAD,TS,0,0,0,0,0,0,0,0,0,0,0,0,0,0
2021-12-18,BREAD,AA,0,0,0,0,0,0,0,0,0,0,0,0,0,0
2021-12-18,BREAD,CG,0,0,0,0,0,0,0,0,0,0,0,0,0,0
2021-12-18,BREAD,Pest,0,0,0,0,0,0,0,0,0,0,0,0,0,0
2021-12-18,BREAD,Jal,0,0,0,0,0,0,0,0,0,0,0,0,0,0
2021-12-18,BREAD,VS,0,0,0,0,0,0,0,0,0,0,0,0,0,0
2021-12-18,BREAD,SOUR,19,0,19,17,0,2,0,0,0,0,0,0,0,0
2021-12-18,BREAD,CH,0,0,0,0,0,0,0,0,0,0,0,0,0,0
2021-12-18,BREAD,POP,16,0,16,10,0,6,0,0,0,0,0,0,0,0
2021-12-18,BREAD,WREATH,1,0,1,1,0,0,0,0,0,0,0,0,0,0
2021-12-18,BREAD,CAR,0,0,0,-6,0,0,6,0,0,0,0,0,0,0
2021-12-18,BREAD,IHF,0,0,0,-5,0,0,5,0,0,0,0,0,0,0
2021-12-18,BREAD,H,1,1,2,2,0,0,0,0,0,0,0,0,0,0
2021-12-18,BREAD,FR TREE,0,1,1,1,0,0,0,0,0,0,0,0,0,0
2021-12-18,BREAD,CnE,0,0,0,0,0,0,0,0,0,0,0,0,0,0
2021-12-18,BREAD,VS Tree,0,0,0,0,0,0,0,0,0,0,0,0,0,0
2021-12-18,BREAD,BUT Tree,0,0,0,0,0,0,0,0,0,0,0,0,0,0
2021-12-18,BREAD,BUT-Rls,1,0,1,1,0,0,0,0,0,0,0,0,0,0
2021-12-18,BREAD,CrO-RLS,0,0,0,0,0,0,0,0,0,0,0,0,0,0
2021-12-18,BREAD,H-RLS,0,7,7,7,0,0,0,0,0,0,0,0,0,0
2021-12-18,BREAD,FR-RLS,0,7,7,7,0,0,0,0,0,0,0,0,0,0
2021-12-18,BREAD,VS-RLS,0,0,0,0,0,0,0,0,0,0,0,0,0,0
2021-12-18,BREAD,Blue Stru,8,0,8,8,0,0,0,0,0,0,0,0,0,0
2021-12-18,BREAD,Mex Choc,1,2,3,3,0,0,0,0,0,0,0,0,0,0
2021-12-18,BREAD,Pump Crb,3,0,3,-1,0,4,0,0,0,0,0,0,0,0
2021-12-18,BREAD,Pump CC,1,6,7,3,0,4,0,0,0,0,0,0,0,0
2021-12-18,ROLLS,C-Rolls,0,84,84,60,18,6,0,0,0,0,0,0,0,0
2021-12-18,ROLLS,Mini C-Roll,0,0,0,0,0,0,0,0,0,0,0,0,0,0
2021-12-18,SCONES,Blueberry,0,17,17,15,1,1,0,0,0,0,0,0,0,0
2021-12-18,SCONES,Rasp Cream,0,0,0,0,0,0,0,0,0,0,0,0,0,0
2021-12-18,SCONES,Cherry,0,0,0,0,0,0,0,0,0,0,0,0,0,0
2021-12-18,SCONES,Butt Almond,0,20,20,7,1,12,0,0,0,0,0,0,0,0
2021-12-18,SCONES,Turtle,0,0,0,0,0,0,0,0,0,0,0,0,0,0
2021-12-18,SCONES,Cin Chip,0,0,0,0,0,0,0,0,0,0,0,0,0,0
2021-12-18,SCONES,CrO,0,8,8,7,1,0,0,0,0,0,0,0,0,0
2021-12-18,SCONES,CrO-WCC,0,8,8,7,1,0,0,0,0,0,0,0,0,0
2021-12-18,SCONES,FRUIT BAR,0,0,0,0,0,0,0,0,0,0,0,0,0,0
2021-12-18,SCONES,mixed berry,0,0,0,0,0,0,0,0,0,0,0,0,0,0
2021-12-18,SCONES,cherry,0,0,0,0,0,0,0,0,0,0,0,0,0,0
2021-12-18,SCONES,apple cin,0,10,10,3,1,6,0,0,0,0,0,0,0,0
2021-12-18,SCONES,Cran white choc,0,10,10,9,1,0,0,0,0,0,0,0,0,0
2021-12-18,MUFFINS,Blue Streusel,0,6,6,3,1,2,0,0,0,0,0,0,0,0
2021-12-18,MUFFINS,Mex Choc,0,6,6,4,1,1,0,0,0,0,0,0,0,0
2021-12-18,MUFFINS,Pump Cr,0,6,6,2,1,3,0,0,0,0,0,0,0,0
2021-12-18,MUFFINS,Pump CC,0,8,8,7,1,0,0,0,0,0,0,0,0,0
2021-12-18,COOKIES/BARS,oat cc,0,30,30,30,0,0,0,0,0,0,0,0,0,0
2021-12-18,COOKIES/BARS,St Nickerdo,0,36,36,26,6,4,0,0,0,0,0,0,0,0
2021-12-18,COOKIES/BARS,Triple CC,3,30,33,19,6,8,0,0,0,0,0,0,0,0
2021-12-18,COOKIES/BARS,frosted,18,0,18,12,0,6,0,0,0,0,0,0,0,0
2021-12-18,COOKIES/BARS,GingerMan,5,6,11,5,0,6,0,0,0,0,0,0,0,0
2021-12-18,COOKIES/BARS,brownie,22,0,22,6,4,4,8,0,0,0,0,0,0,0
2021-12-18,COOKIES/BARS,Pump Bar,30,0,30,8,0,2,20,0,0,0,0,0,0,0
2021-12-18,COOKIES/BARS,Pum,6,0,6,-2,0,8,0,0,0,0,0,0,0,0
2021-12-18,COOKIES/BARS,Sug,6,0,6,0,0,6,0,0,0,0,0,0,0,0
2021-12-18,COOKIES/BARS,Pec,0,0,0,-3,0,3,0,0,0,0,0,0,0,0
2021-12-18,COOKIES/BARS,Pump OH,6,0,6,6,0,0,0,0,0,0,0,0,0,0
2021-12-18,COOKIES/BARS,Bread Pudding,0,0,0,0,0,0,0,0,0,0,0,0,0,0
2021-12-18,COOKIES/BARS,Totals,90,285,375,231,44,72,28,6,0,6,0,0,0,0
2021-12-19,BREAD,H,0,0,0,0,0,0,0,0,0,0,0,0,0,0
2021-12-19,BREAD,FR,0,0,0,0,0,0,0,0,0,0,0,0,0,0
2021-12-19,BREAD,GW,0,0,0,0,0,0,0,0,0,0,0,0,0,0
2021-12-19,BREAD,DK,0,0,0,0,0,0,0,0,0,0,0,0,0,0
2021-12-19,BREAD,H5,0,0,0,0,0,0,0,0,0,0,0,0,0,0
2021-12-19,BREAD,CSWRL,0,0,0,0,0,0,0,0,0,0,0,0,0,0
2021-12-19,BREAD,M.P. Swl,0,0,0,0,0,0,0,0,0,0,0,0,0,0
2021-12-19,BREAD,CnE,0,0,0,0,0,0,0,0,0,0,0,0,0,0
2021-12-19,BREAD,CnR,0,0,0,0,0,0,0,0,0,0,0,0,0,0
2021-12-19,BREAD,RW,0,0,0,0,0,0,0,0,0,0,0,0,0,0
2021-12-19,BREAD,CB,0,0,0,0,0,0,0,0,0,0,0,0,0,0
2021-12-19,BREAD,CrO,0,0,0,0,0,0,0,0,0,0,0,0,0,0
2021-12-19,BREAD,TS,0,0,0,0,0,0,0,0,0,0,0,0,0,0
2021-12-19,BREAD,AA,0,0,0,0,0,0,0,0,0,0,0,0,0,0
2021-12-19,BREAD,CG,0,0,0,0,0,0,0,0,0,0,0,0,0,0
2021-12-19,BREAD,Pest,0,0,0,0,0,0,0,0,0,0,0,0,0,0
2021-12-19,BREAD,Jal,0,0,0,0,0,0,0,0,0,0,0,0,0,0
2021-12-19,BREAD,VS,0,0,0,0,0,0,0,0,0,0,0,0,0,0
2021-12-19,BREAD,SOUR,0,0,0,0,0,0,0,0,0,0,0,0,0,0
2021-12-19,BREAD,CH,0,0,0,0,0,0,0,0,0,0,0,0,0,0
2021-12-19,BREAD,POP,0,0,0,0,0,0,0,0,0,0,0,0,0,0
2021-12-19,BREAD,WREATH,0,0,0,0,0,0,0,0,0,0,0,0,0,0
2021-12-19,BREAD,CAR,6,0,6,0,0,0,6,0,0,0,0,0,0,0
2021-12-19,BREAD,IHF,5,0,5,0,0,0,5,0,0,0,0,0,0,0
2021-12-19,BREAD,H,0,0,0,0,0,0,0,0,0,0,0,0,0,0
2021-12-19,BREAD,FR TREE,0,0,0,0,0,0,0,0,0,0,0,0,0,0
2021-12-19,BREAD,CnE,0,0,0,0,0,0,0,0,0,0,0,0,0,0
2021-12-19,BREAD,VS Tree,0,0,0,0,0,0,0,0,0,0,0,0,0,0
2021-12-19,BREAD,BUT Tree,0,0,0,0,0,0,0,0,0,0,0,0,0,0
2021-12-19,BREAD,BUT-Rls,0,0,0,0,0,0,0,0,0,0,0,0,0,0
2021-12-19,BREAD,CrO-RLS,0,0,0,0,0,0,0,0,0,0,0,0,0,0
2021-12-19,BREAD,H-RLS,0,0,0,0,0,0,0,0,0,0,0,0,0,0
2021-12-19,BREAD,FR-RLS,0,0,0,0,0,0,0,0,0,0,0,0,0,0
2021-12-19,BREAD,VS-RLS,0,0,0,0,0,0,0,0,0,0,0,0,0,0
2021-12-19,BREAD,Blue Stru,0,0,0,0,0,0,0,0,0,0,0,0,0,0
2021-12-19,BREAD,Mex Choc,0,0,0,0,0,0,0,0,0,0,0,0,0,0
2021-12-19,BREAD,Pump Crb,1,0,1,1,0,0,0,0,0,0,0,0,0,0
2021-12-19,BREAD,Pump CC,8,0,14,14,0,0,0,0,0,0,0,0,0,0
2021-12-19,ROLLS,C-Rolls,0,0,0,0,0,0,0,0,0,0,0,0,0,0
2021-12-19,ROLLS,Mini C-Roll,0,0,0,0,0,0,0,0,0,0,0,0,0,0
2021-12-19,SCONES,Blueberry,0,0,0,0,0,0,0,0,0,0,0,0,0,0
2021-12-19,SCONES,Rasp Cream,0,0,0,0,0,0,0,0,0,0,0,0,0,0
2021-12-19,SCONES,Cherry,0,0,0,0,0,0,0,0,0,0,0,0,0,0
2021-12-19,SCONES,Butt Almond,0,0,0,0,0,0,0,0,0,0,0,0,0,0
2021-12-19,SCONES,Turtle,0,0,0,0,0,0,0,0,0,0,0,0,0,0
2021-12-19,SCONES,Cin Chip,0,0,0,0,0,0,0,0,0,0,0,0,0,0
2021-12-19,SCONES,CrO,0,0,0,0,0,0,0,0,0,0,0,0,0,0
2021-12-19,SCONES,CrO-WCC,0,0,0,0,0,0,0,0,0,0,0,0,0,0
2021-12-19,SCONES,FRUIT BAR,0,0,0,0,0,0,0,0,0,0,0,0,0,0
2021-12-19,SCONES,mixed berry,0,0,0,0,0,0,0,0,0,0,0,0,0,0
2021-12-19,SCONES,cherry,0,0,0,0,0,0,0,0,0,0,0,0,0,0
2021-12-19,SCONES,apple cin,0,0,0,0,0,0,0,0,0,0,0,0,0,0
2021-12-19,SCONES,Cran white choc,0,0,0,0,0,0,0,0,0,0,0,0,0,0
2021-12-19,MUFFINS,Blue Streusel,0,0,0,0,0,0,0,0,0,0,0,0,0,0
2021-12-19,MUFFINS,Mex Choc,0,0,0,0,0,0,0,0,0,0,0,0,0,0
2021-12-19,MUFFINS,Pump Cr,0,0,0,0,0,0,0,0,0,0,0,0,0,0
2021-12-19,MUFFINS,Pump CC,0,0,0,0,0,0,0,0,0,0,0,0,0,0
2021-12-19,COOKIES/BARS,oat cc,0,0,0,0,0,0,0,0,0,0,0,0,0,0
2021-12-19,COOKIES/BARS,St Nickerdo,0,0,0,0,0,0,0,0,0,0,0,0,0,0
2021-12-19,COOKIES/BARS,Triple CC,0,0,0,0,0,0,0,0,0,0,0,0,0,0
2021-12-19,COOKIES/BARS,frosted,0,0,0,0,0,0,0,0,0,0,0,0,0,0
2021-12-19,COOKIES/BARS,GingerMan,0,0,0,0,0,0,0,0,0,0,0,0,0,0
2021-12-19,COOKIES/BARS,brownie,8,0,8,0,0,0,8,0,0,0,0,0,0,0
2021-12-19,COOKIES/BARS,Pump Bar,20,0,20,0,0,0,20,0,0,0,0,0,0,0
2021-12-19,COOKIES/BARS,Pump OH,0,0,0,0,0,0,0,0,0,0,0,0,0,0
2021-12-19,COOKIES/BARS,Bread Pudding,0,0,0,0,0,0,0,0,0,0,0,0,0,0
2021-12-19,COOKIES/BARS,Totals,28,0,28,0,0,0,28,0,0,0,0,0,0,0
2021-12-20,BREAD,H,0,40,40,17,6,0,17,0,0,0,0,0,0,0
2021-12-20,BREAD,FR,0,50,50,21,27,0,2,0,0,0,0,0,0,0
2021-12-20,BREAD,GW,0,2,2,-1,3,0,0,0,0,0,0,0,0,0
2021-12-20,BREAD,DK,0,30,30,10,6,0,14,0,0,0,0,0,0,0
2021-12-20,BREAD,H5,0,0,0,0,0,0,0,0,0,0,0,0,0,0
2021-12-20,BREAD,CSWRL,0,60,60,46,0,0,14,0,24,24,6,0,0,7
2021-12-20,BREAD,M.P. Swl,0,12,12,7,0,0,5,0,6,6,2,0,0,3
2021-12-20,BREAD,CnE,0,62,62,2,40,0,20,0,6,6,0,0,0,6
2021-12-20,BREAD,CnR,0,6,6,3,0,0,3,0,0,0,0,0,0,0
2021-12-20,BREAD,RW,0,6,6,4,1,0,1,0,0,0,0,0,0,0
2021-12-20,BREAD,CB,0,10,10,5,0,0,5,0,9,9,8,0,0,0
2021-12-20,BREAD,CrO,0,0,0,0,0,0,0,0,0,0,0,0,0,0
2021-12-20,BREAD,TS,0,4,4,0,3,0,1,0,5,5,1,0,0,4
2021-12-20,BREAD,AA,0,6,6,3,0,0,3,0,0,0,0,0,0,0
2021-12-20,BREAD,CG,0,0,0,0,0,0,0,0,0,0,0,0,0,0
2021-12-20,BREAD,Pest,0,0,0,0,0,0,0,0,0,0,0,0,0,0
2021-12-20,BREAD,Jal,0,0,0,0,0,0,0,0,0,0,0,0,0,0
2021-12-20,BREAD,VS,0,0,0,0,0,0,0,0,0,0,0,0,0,0
2021-12-20,BREAD,SOUR,0,41,41,11,13,0,17,0,0,0,0,0,0,0
2021-12-20,BREAD,CH,0,0,0,0,0,0,0,0,0,0,0,0,0,0
2021-12-20,BREAD,POP,0,20,20,12,1,0,7,0,4,4,4,0,0,0
2021-12-20,BREAD,WREATH,0,8,8,1,2,0,5,0,0,0,0,0,0,0
2021-12-20,BREAD,CAR,6,0,6,6,0,0,0,0,0,0,0,0,0,0
2021-12-20,BREAD,IHF,5,0,5,5,0,0,0,0,0,0,0,0,0,0
2021-12-20,BREAD,H,0,4,4,3,0,0,1,0,0,0,0,0,0,0
2021-12-20,BREAD,FR TREE,0,0,0,0,0,0,0,0,0,0,0,0,0,0
2021-12-20,BREAD,CnE,0,4,4,3,1,0,0,0,0,0,0,0,0,0
2021-12-20,BREAD,VS Tree,0,0,0,0,0,0,0,0,0,0,0,0,0,0
2021-12-20,BREAD,BUT Tree,0,4,4,4,0,0,0,0,0,0,0,0,0,0
2021-12-20,BREAD,BUT-Rls,0,17,17,12,0,0,5,0,0,0,0,0,0,0
2021-12-20,BREAD,CrO-RLS,0,0,0,0,0,0,0,0,0,0,0,0,0,0
2021-12-20,BREAD,H-RLS,0,8,8,3,0,0,5,0,0,0,0,0,0,0
2021-12-20,BREAD,FR-RLS,0,0,0,0,0,0,0,0,0,0,0,0,0,0
2021-12-20,BREAD,VS-RLS,0,0,0,0,0,0,0,0,0,0,0,0,0,0
2021-12-20,BREAD,Blue Stru,0,4,4,4,0,0,0,0,0,0,0,0,0,0
2021-12-20,BREAD,Mex Choc,0,4,4,3,0,0,1,0,0,0,0,0,0,0
2021-12-20,BREAD,Pump Crb,0,4,4,1,0,0,3,0,0,0,0,0,0,0
2021-12-20,BREAD,Pump CC,0,19,19,3,13,0,3,0,0,0,0,0,0,0
2021-12-20,ROLLS,C-Rolls,0,60,60,60,0,0,0,0,0,0,0,0,0,0
2021-12-20,ROLLS,C-R TREE,0,0,0,-3,3,0,0,0,0,0,0,0,0,0
2021-12-20,ROLLS,Mini C-Roll,0,168,168,0,168,0,0,0,0,0,0,0,0,0
2021-12-20,SCONES,Blueberry,0,0,0,0,0,0,0,0,0,0,0,0,0,0
2021-12-20,SCONES,Rasp Cream,0,16,16,16,0,0,0,0,0,0,0,0,0,0
2021-12-20,SCONES,Cherry,0,0,0,0,0,0,0,0,0,0,0,0,0,0
2021-12-20,SCONES,Butt Almond,0,0,0,0,0,0,0,0,0,0,0,0,0,0
2021-12-20,SCONES,Turtle,0,0,0,0,0,0,0,0,0,0,0,0,0,0
2021-12-20,SCONES,Cin Chip,0,13,13,12,1,0,0,0,0,0,0,0,0,0
2021-12-20,SCONES,CrO,0,2,2,1,1,0,0,0,0,0,0,0,0,0
2021-12-20,SCONES,CrO-WCC,0,6,6,5,0,1,0,0,0,0,0,0,0,0
2021-12-20,SCONES,FRUIT BAR,0,0,0,0,0,0,0,0,0,0,0,0,0,0
2021-12-20,SCONES,mixed berry,0,10,10,2,4,4,0,0,0,0,0,0,0,0
2021-12-20,SCONES,cherry,0,10,10,4,4,2,0,0,0,0,0,0,0,0
2021-12-20,SCONES,apple cin,0,0,0,0,0,0,0,0,0,0,0,0,0,0
2021-12-20,SCONES,Cran white choc,0,0,0,0,0,0,0,0,0,0,0,0,0,0
2021-12-20,MUFFINS,Blue Streusel,0,4,4,4,0,0,0,0,0,0,0,0,0,0
2021-12-20,MUFFINS,Mex Choc,0,4,4,4,0,0,0,0,0,0,0,0,0,0
2021-12-20,MUFFINS,Pump Cr,0,4,4,2,0,2,0,0,0,0,0,0,0,0
2021-12-20,MUFFINS,Pump CC,0,6,6,6,0,0,0,0,0,0,0,0,0,0
2021-12-20,COOKIES/BARS,oat cc,0,32,32,18,0,0,14,0,10,10,0,0,0,0
2021-12-20,COOKIES/BARS,St Nickerdo,0,90,90,30,48,0,12,0,12,12,0,0,0,0
2021-12-20,COOKIES/BARS,Triple CC,0,32,32,14,0,0,18,0,10,10,0,0,0,0
2021-12-20,COOKIES/BARS,frosted,0,33,33,8,4,0,21,0,0,0,0,0,0,0
2021-12-20,COOKIES/BARS,GingerMan,0,24,24,15,0,0,9,0,0,0,0,0,0,0
2021-12-20,COOKIES/BARS,brownie,8,40,48,12,5,0,31,0,0,0,0,0,0,0
2021-12-20,COOKIES/BARS,Pump Bar,20,20,40,6,5,0,29,0,0,0,0,0,0,0
2021-12-20,COOKIES/BARS,Pump OH,0,0,0,0,0,0,0,0,0,0,0,0,0,0
2021-12-20,COOKIES/BARS,Bread Pudding,0,0,0,0,0,0,0,0,0,0,0,0,0,0
2021-12-20,COOKIES/BARS,Totals,28,574,602,216,243,9,134,0,32,32,0,0,0,0
2021-12-21,BREAD,H,17,40,57,24,7,1,25,0,0,0,0,0,0,0
2021-12-21,BREAD,FR,2,41,43,11,10,0,22,0,0,0,0,0,0,0
2021-12-21,BREAD,GW,0,9,9,-3,5,0,7,0,0,0,0,0,0,0
2021-12-21,BREAD,DK,14,0,14,11,0,0,3,0,0,0,0,0,0,0
2021-12-21,BREAD,H5,0,33,33,3,3,0,27,0,0,0,0,0,0,0
2021-12-21,BREAD,CSWRL,14,92,106,54,40,0,12,7,12,19,6,0,0,6
2021-12-21,BREAD,M.P. Swl,5,8,13,10,0,0,3,3,0,3,1,0,0,0
2021-12-21,BREAD,CnE,20,91,111,28,83,0,0,6,0,6,6,0,0,0
2021-12-21,BREAD,CnR,3,0,3,3,0,0,0,0,0,0,0,0,0,0
2021-12-21,BREAD,RW,1,0,1,1,0,0,0,0,0,0,0,0,0,0
2021-12-21,BREAD,CB,5,28,33,16,0,0,17,0,9,9,-1,0,0,6
2021-12-21,BREAD,CrO,0,25,25,5,0,0,20,0,4,4,4,0,0,0
2021-12-21,BREAD,TS,1,0,1,1,0,0,0,4,0,4,4,0,0,0
2021-12-21,BREAD,AA,3,0,3,3,0,0,0,0,0,0,0,0,0,0
2021-12-21,BREAD,CG,0,0,0,0,0,0,0,0,0,0,0,0,0,0
2021-12-21,BREAD,Pest,0,0,0,0,0,0,0,0,0,0,0,0,0,0
2021-12-21,BREAD,Jal,0,0,0,0,0,0,0,0,0,0,0,0,0,0
2021-12-21,BREAD,VS,0,11,11,7,4,0,0,0,4,4,4,0,0,0
2021-12-21,BREAD,SOUR,17,26,43,12,25,6,0,0,0,0,0,0,0,0
2021-12-21,BREAD,CH,0,0,0,0,0,0,0,0,0,0,0,0,0,0
2021-12-21,BREAD,POP,7,0,7,6,0,1,0,0,0,0,0,0,0,0
2021-12-21,BREAD,WREATH,5,0,5,3,0,2,0,0,0,0,0,0,0,0
2021-12-21,BREAD,CAR,0,0,0,-3,0,0,3,0,0,0,0,0,0,0
2021-12-21,BREAD,IHF,0,0,0,-14,0,0,14,0,0,0,0,0,0,0
2021-12-21,BREAD,H,1,2,3,0,0,0,3,0,0,0,0,0,0,0
2021-12-21,BREAD,FR TREE,0,0,0,0,0,0,0,0,0,0,0,0,0,0
2021-12-21,BREAD,CnE,0,8,8,4,1,0,3,0,0,0,0,0,0,0
2021-12-21,BREAD,VS Tree,0,2,2,0,0,0,2,0,0,0,0,0,0,0
2021-12-21,BREAD,BUT Tree,0,6,6,1,0,0,5,0,0,0,0,0,0,0
2021-12-21,BREAD,BUT-Rls,5,26,31,26,0,0,5,0,0,0,0,0,0,0
2021-12-21,BREAD,CrO-RLS,0,0,0,0,0,0,0,0,0,0,0,0,0,0
2021-12-21,BREAD,H-RLS,5,4,9,6,3,0,0,0,0,0,0,0,0,0
2021-12-21,BREAD,FR-RLS,0,0,0,0,0,0,0,0,0,0,0,0,0,0
2021-12-21,BREAD,VS-RLS,0,14,14,6,7,0,1,0,0,0,0,0,0,0
2021-12-21,BREAD,Blue Stru,0,11,11,4,1,0,6,0,0,0,0,0,0,0
2021-12-21,BREAD,Mex Choc,1,3,4,1,0,0,3,0,0,0,0,0,0,0
2021-12-21,BREAD,Pump Crb,3,11,14,4,6,0,4,0,0,0,0,0,0,0
2021-12-21,BREAD,Pump CC,3,15,18,4,6,0,8,0,0,0,0,0,0,0
2021-12-21,ROLLS,C-Rolls,0,108,108,75,20,13,0,0,0,0,0,0,0,0
2021-12-21,ROLLS,C-R Tree,0,12,12,4,8,0,0,0,0,0,0,0,0,0
2021-12-21,ROLLS,Mini C-Roll,0,0,0,0,0,0,0,0,0,0,0,0,0,0
2021-12-21,SCONES,Blueberry,0,24,24,12,12,0,0,0,18,18,0,0,0,0
2021-12-21,SCONES,Rasp Cream,0,0,0,0,0,0,0,0,0,0,0,0,0,0
2021-12-21,SCONES,Cherry,0,0,0,0,0,0,0,0,0,0,0,0,0,0
2021-12-21,SCONES,Butt Almond,0,0,0,0,0,0,0,0,0,0,0,0,0,0
2021-12-21,SCONES,Turtle,0,0,0,0,0,0,0,0,0,0,0,0,0,0
2021-12-21,SCONES,Cin Chip,0,24,24,11,12,1,0,0,18,18,0,0,0,0
2021-12-21,SCONES,CrO,0,10,10,10,0,0,0,0,12,12,0,0,0,0
2021-12-21,SCONES,CrO-WCC,0,10,10,10,0,0,0,0,12,12,0,0,0,0
2021-12-21,SCONES,FRUIT BAR,0,0,0,0,0,0,0,0,0,0,0,0,0,0
2021-12-21,SCONES,mixed berry,0,10,10,2,4,4,0,0,0,0,0,0,0,0
2021-12-21,SCONES,cherry,0,10,10,5,4,1,0,0,0,0,0,0,0,0
2021-12-21,SCONES,apple cin,0,20,20,5,12,3,0,0,0,0,0,0,0,0
2021-12-21,SCONES,Cran white choc,0,20,20,2,12,6,0,0,0,0,0,0,0,0
2021-12-21,MUFFINS,Blue Streusel,0,14,14,6,8,0,0,0,30,30,0,0,0,0
2021-12-21,MUFFINS,Mex Choc,0,4,4,1,0,3,0,0,30,30,0,0,0,0
2021-12-21,MUFFINS,Pump Cr,0,14,14,6,8,0,0,0,0,0,0,0,0,0
2021-12-21,MUFFINS,Pump CC,0,14,14,7,4,3,0,0,0,0,0,0,0,0
2021-12-21,COOKIES/BARS,oat cc,14,30,44,17,11,6,10,0,0,0,0,0,0,0
2021-12-21,COOKIES/BARS,St Nickerdo,12,45,57,23,11,6,17,0,0,0,0,0,0,0
2021-12-21,COOKIES/BARS,Triple CC,18,45,63,32,17,6,8,0,0,0,0,0,0,0
2021-12-21,COOKIES/BARS,frosted,21,6,27,12,0,0,15,0,0,0,0,0,0,0
2021-12-21,COOKIES/BARS,GingerMan,9,12,21,13,0,0,8,0,0,0,0,0,0,0
2021-12-21,COOKIES/BARS,brownie,31,0,31,11,0,2,18,0,0,0,0,0,0,0
2021-12-21,COOKIES/BARS,Pump Bar,29,24,53,20,0,0,33,0,0,0,0,0,0,0
2021-12-21,COOKIES/BARS,Pump OH,0,0,0,-6,0,0,6,0,0,0,-6,0,0,6
2021-12-21,COOKIES/BARS,Bread Pudding,0,0,0,-3,0,0,3,0,0,0,-5,0,0,5
2021-12-21,COOKIES/BARS,Totals,134,456,590,275,143,54,118,0,120,120,-11,0,0,11
2021-12-22,BREAD,H,25,24,49,10,2,0,37,0,0,0,0,0,0,0
2021-12-22,BREAD,FR,22,36,58,31,0,0,27,0,0,0,0,0,0,0
2021-12-22,BREAD,GW,7,8,15,3,1,2,9,0,0,0,0,0,0,0
2021-12-22,BREAD,DK,3,35,38,7,0,0,31,0,0,0,0,0,0,0
2021-12-22,BREAD,H5,27,0,27,5,0,0,22,0,0,0,0,0,0,0
2021-12-22,BREAD,CSWRL,12,68,80,52,2,0,26,6,10,16,10,0,0,0
2021-12-22,BREAD,M.P. Swl,3,12,15,12,0,0,3,0,4,4,4,0,0,0
2021-12-22,BREAD,CnE,0,44,44,33,9,0,2,0,8,8,4,0,0,0
2021-12-22,BREAD,CnR,0,6,6,4,2,0,0,0,0,0,0,0,0,0
2021-12-22,BREAD,RW,0,6,6,6,0,0,0,0,0,0,0,0,0,0
2021-12-22,BREAD,CB,17,0,17,9,0,8,0,6,0,6,6,0,0,0
2021-12-22,BREAD,CrO,20,0,20,20,0,0,0,0,0,0,0,0,0,0
2021-12-22,BREAD,TS,0,8,8,4,0,0,4,0,3,3,1,0,0,2
2021-12-22,BREAD,AA,0,10,10,6,3,0,1,0,0,0,0,0,0,0
2021-12-22,BREAD,CG,0,0,0,0,0,0,0,0,0,0,0,0,0,0
2021-12-22,BREAD,Pest,0,0,0,0,0,0,0,0,0,0,0,0,0,0
2021-12-22,BREAD,Jal,0,0,0,0,0,0,0,0,0,0,0,0,0,0
2021-12-22,BREAD,VS,0,14,14,14,0,0,0,0,4,4,1,0,0,3
2021-12-22,BREAD,SOUR,0,34,34,16,3,0,15,0,0,0,0,0,0,0
2021-12-22,BREAD,CH,0,0,0,0,0,0,0,0,0,0,0,0,0,0
2021-12-22,BREAD,POP,0,24,24,5,5,0,14,0,4,4,4,0,0,0
2021-12-22,BREAD,WREATH,0,10,10,1,3,0,6,0,0,0,0,0,0,0
2021-12-22,BREAD,CAR,3,0,3,0,0,0,3,0,0,0,0,0,0,0
2021-12-22,BREAD,IHF,14,0,14,5,0,0,9,0,0,0,0,0,0,0
2021-12-22,BREAD,H,3,0,3,0,0,0,3,0,0,0,0,0,0,0
2021-12-22,BREAD,FR TREE,0,0,0,0,0,0,0,0,0,0,0,0,0,0
2021-12-22,BREAD,CnE,3,4,7,6,0,0,1,0,0,0,0,0,0,0
2021-12-22,BREAD,VS Tree,2,2,4,0,0,0,4,0,0,0,0,0,0,0
2021-12-22,BREAD,BUT Tree,5,0,5,4,0,0,1,0,0,0,0,0,0,0
2021-12-22,BREAD,BUT-Rls,5,39,44,38,0,0,6,0,0,0,0,0,0,0
2021-12-22,BREAD,CrO-RLS,0,0,0,0,0,0,0,0,0,0,0,0,0,0
2021-12-22,BREAD,H-RLS,0,10,10,8,2,0,0,0,0,0,0,0,0,0
2021-12-22,BREAD,FR-RLS,0,0,0,0,0,0,0,0,0,0,0,0,0,0
2021-12-22,BREAD,VS-RLS,1,12,13,8,0,0,5,0,0,0,0,0,0,0
2021-12-22,BREAD,Blue Stru,6,4,10,3,0,3,4,0,0,0,0,0,0,0
2021-12-22,BREAD,Mex Choc,3,2,5,3,0,0,2,0,0,0,0,0,0,0
2021-12-22,BREAD,Pump Crb,4,6,10,3,0,2,5,0,0,0,0,0,0,0
2021-12-22,BREAD,Pump CC,8,6,14,8,0,1,5,0,0,0,0,0,0,0
2021-12-22,ROLLS,C-Rolls,0,132,132,98,34,0,0,0,0,0,0,0,0,0
2021-12-22,ROLLS,C-R Tree,0,9,9,6,3,0,0,0,0,0,0,0,0,0
2021-12-22,ROLLS,Mini C-Roll,0,0,0,0,0,0,0,0,0,0,0,0,0,0
2021-12-22,SCONES,Blueberry,0,0,0,0,0,0,0,0,0,0,0,0,0,0
2021-12-22,SCONES,Rasp Cream,0,20,20,10,4,6,0,0,0,0,0,0,0,0
2021-12-22,SCONES,Cherry,0,0,0,0,0,0,0,0,0,0,0,0,0,0
2021-12-22,SCONES,Butt Almond,0,0,0,0,0,0,0,0,0,0,0,0,0,0
2021-12-22,SCONES,Turtle,0,22,22,13,0,9,0,0,0,0,0,0,0,0
2021-12-22,SCONES,Cin Chip,0,0,0,0,0,0,0,0,0,0,0,0,0,0
2021-12-22,SCONES,CrO,0,12,12,10,2,0,0,0,0,0,0,0,0,0
2021-12-22,SCONES,CrO-WCC,0,12,12,12,0,0,0,0,0,0,0,0,0,0
2021-12-22,SCONES,FRUIT BAR,0,0,0,0,0,0,0,0,0,0,0,0,0,0
2021-12-22,SCONES,mixed berry,0,10,10,7,0,3,0,0,0,0,0,0,0,0
2021-12-22,SCONES,cherry,0,10,10,8,2,0,0,0,0,0,0,0,0,0
2021-12-22,SCONES,apple cin,0,0,0,0,0,0,0,0,0,0,0,0,0,0
2021-12-22,SCONES,Cran white choc,0,0,0,0,0,0,0,0,0,0,0,0,0,0
2021-12-22,MUFFINS,Blue Streusel,0,12,12,6,6,0,0,0,0,0,0,0,0,0
2021-12-22,MUFFINS,Mex Choc,0,4,4,1,0,3,0,0,0,0,0,0,0,0
2021-12-22,MUFFINS,Pump Cr,0,6,6,2,0,4,0,0,0,0,0,0,0,0
2021-12-22,MUFFINS,Pump CC,0,10,10,7,0,3,0,0,0,0,0,0,0,0
2021-12-22,COOKIES/BARS,oat cc,10,24,34,28,0,0,6,0,0,0,0,0,0,0
2021-12-22,COOKIES/BARS,St Nickerdo,17,30,47,47,0,0,0,0,0,0,0,0,0,0
2021-12-22,COOKIES/BARS,Triple CC,8,36,44,38,0,0,6,0,0,0,0,0,0,0
2021-12-22,COOKIES/BARS,frosted,15,12,27,27,0,0,0,0,0,0,0,0,0,0
2021-12-22,COOKIES/BARS,GingerMan,8,18,26,15,0,0,11,0,0,0,0,0,0,0
2021-12-22,COOKIES/BARS,brownie,18,20,38,16,0,0,22,0,0,0,0,0,0,0
2021-12-22,COOKIES/BARS,Pump Bar,33,0,33,23,2,0,8,0,0,0,0,0,0,0
2021-12-22,COOKIES/BARS,Pec,0,8,8,5,0,0,3,0,0,0,0,0,0,0
2021-12-22,COOKIES/BARS,Pump,0,8,8,5,0,0,3,0,0,0,0,0,0,0
2021-12-22,COOKIES/BARS,Ap,0,5,5,1,0,0,4,0,0,0,0,0,0,0
2021-12-22,COOKIES/BARS,ApCr,0,4,4,4,0,0,0,0,0,0,0,0,0,0
2021-12-22,COOKIES/BARS,Pump OH,6,0,6,4,0,0,2,6,0,6,1,0,0,5
2021-12-22,COOKIES/BARS,Bread Pudding,3,0,3,1,0,0,2,5,0,5,1,0,0,4
2021-12-22,COOKIES/BARS,Totals,118,412,530,385,53,28,64,11,12,23,11,0,0,12
2021-12-23,BREAD,H,37,28,65,31,7,0,27,0,0,0,0,0,0,0
2021-12-23,BREAD,FR,27,26,53,18,8,0,27,0,0,0,0,0,0,0
2021-12-23,BREAD,GW,9,2,11,9,2,0,0,0,0,0,0,0,0,0
2021-12-23,BREAD,DK,31,0,31,9,0,0,22,0,0,0,0,0,0,0
2021-12-23,BREAD,H5,22,0,22,6,0,0,16,0,0,0,0,0,0,0
2021-12-23,BREAD,CSWRL,26,57,83,60,9,0,14,0,12,12,8,0,0,1
2021-12-23,BREAD,M.P. Swl,3,16,19,6,0,0,13,0,6,6,4,0,0,2
2021-12-23,BREAD,CnE,2,74,76,34,3,0,39,0,6,6,3,0,0,3
2021-12-23,BREAD,CnR,0,1,1,1,0,0,0,0,0,0,0,0,0,0
2021-12-23,BREAD,RW,0,0,0,0,0,0,0,0,0,0,0,0,0,0
2021-12-23,BREAD,CB,0,32,32,20,2,0,10,0,7,7,4,0,0,2
2021-12-23,BREAD,CrO,0,37,37,9,13,0,15,0,4,4,3,0,0,0
2021-12-23,BREAD,TS,4,0,4,4,0,0,0,2,0,2,0,0,0,2
2021-12-23,BREAD,AA,1,0,1,1,0,0,0,0,0,0,0,0,0,0
2021-12-23,BREAD,CG,0,0,0,0,0,0,0,0,0,0,0,0,0,0
2021-12-23,BREAD,Pest,0,0,0,0,0,0,0,0,0,0,0,0,0,0
2021-12-23,BREAD,Jal,0,0,0,0,0,0,0,0,0,0,0,0,0,0
2021-12-23,BREAD,VS,0,23,23,8,15,0,0,3,4,7,6,0,0,0
2021-12-23,BREAD,SOUR,15,0,15,15,0,0,0,0,0,0,0,0,0,0
2021-12-23,BREAD,CH,0,3,3,2,1,0,0,0,4,4,0,0,0,0
2021-12-23,BREAD,POP,14,3,17,15,2,0,0,0,3,3,3,0,0,0
2021-12-23,BREAD,WREATH,6,6,12,10,2,0,0,0,0,0,0,0,0,0
2021-12-23,BREAD,CAR,3,0,3,2,0,0,1,0,0,0,0,0,0,0
2021-12-23,BREAD,IHF,9,0,9,0,0,0,9,0,0,0,0,0,0,0
2021-12-23,BREAD,H,3,0,3,0,3,0,0,0,0,0,0,0,0,0
2021-12-23,BREAD,FR TREE,0,0,0,-1,1,0,0,0,0,0,0,0,0,0
2021-12-23,BREAD,CnE,1,8,9,3,6,0,0,0,0,0,0,0,0,0
2021-12-23,BREAD,VS Tree,4,0,4,4,0,0,0,0,0,0,0,0,0,0
2021-12-23,BREAD,BUT Tree,1,3,4,1,3,0,0,0,0,0,0,0,0,0
2021-12-23,BREAD,BUT-Rls,6,70,76,53,23,0,0,0,0,0,0,0,0,0
2021-12-23,BREAD,CrO-RLS,0,6,6,4,1,0,1,0,0,0,0,0,0,0
2021-12-23,BREAD,H-RLS,0,18,18,12,6,0,0,0,0,0,0,0,0,0
2021-12-23,BREAD,FR-RLS,0,0,0,0,0,0,0,0,0,0,0,0,0,0
2021-12-23,BREAD,VS-RLS,5,18,23,2,21,0,0,0,0,0,0,0,0,0
2021-12-23,BREAD,Blue Stru,4,11,15,10,5,0,0,0,0,0,0,0,0,0
2021-12-23,BREAD,Mex Choc,2,2,4,4,0,0,0,0,0,0,0,0,0,0
2021-12-23,BREAD,Pump Crb,5,1,6,6,0,0,0,0,0,0,0,0,0,0
2021-12-23,BREAD,Pump CC,5,10,15,10,5,0,0,0,0,0,0,0,0,0
2021-12-23,ROLLS,C-Rolls,0,216,216,155,61,0,0,0,0,0,0,0,0,0
2021-12-23,ROLLS,C-R Tree,0,9,9,5,4,0,0,0,0,0,0,0,0,0
2021-12-23,ROLLS,Mini C-Roll,0,72,72,0,72,0,0,0,0,0,0,0,0,0
2021-12-23,SCONES,Blueberry,0,19,19,10,6,3,0,0,0,0,0,0,0,0
2021-12-23,SCONES,Rasp Cream,0,0,0,0,0,0,0,0,0,0,0,0,0,0
2021-12-23,SCONES,Cherry,0,0,0,0,0,0,0,0,0,0,0,0,0,0
2021-12-23,SCONES,Butt Almond,0,0,0,0,0,0,0,0,0,0,0,0,0,0
2021-12-23,SCONES,Turtle,0,24,24,13,11,0,0,0,0,0,0,0,0,0
2021-12-23,SCONES,Cin Chip,0,0,0,0,0,0,0,0,0,0,0,0,0,0
2021-12-23,SCONES,CrO,0,14,14,13,0,1,0,0,0,0,0,0,0,0
2021-12-23,SCONES,CrO-WCC,0,12,12,11,0,1,0,0,0,0,0,0,0,0
2021-12-23,SCONES,FRUIT BAR,0,0,0,0,0,0,0,0,0,0,0,0,0,0
2021-12-23,SCONES,mixed berry,0,0,0,0,0,0,0,0,0,0,0,0,0,0
2021-12-23,SCONES,cherry,0,10,10,10,0,0,0,0,0,0,0,0,0,0
2021-12-23,SCONES,apple cin,0,20,20,12,8,0,0,0,0,0,0,0,0,0
2021-12-23,SCONES,Cran white choc,0,10,10,9,0,1,0,0,0,0,0,0,0,0
2021-12-23,MUFFINS,Blue Streusel,0,8,8,6,0,2,0,0,0,0,0,0,0,0
2021-12-23,MUFFINS,Mex Choc,0,3,3,3,0,0,0,0,0,0,0,0,0,0
2021-12-23,MUFFINS,Pump Cr,0,5,5,2,0,3,0,0,0,0,0,0,0,0
2021-12-23,MUFFINS,Pump CC,0,8,8,8,0,0,0,0,0,0,0,0,0,0
2021-12-23,COOKIES/BARS,oat cc,6,70,76,54,13,0,9,0,0,0,0,0,0,0
2021-12-23,COOKIES/BARS,St Nickerdo,0,66,66,53,13,0,0,0,0,0,0,0,0,0
2021-12-23,COOKIES/BARS,Triple CC,6,42,48,36,6,0,6,0,0,0,0,0,0,0
2021-12-23,COOKIES/BARS,frosted,0,24,24,23,0,0,1,0,0,0,0,0,0,0
2021-12-23,COOKIES/BARS,GingerMan,11,27,38,11,2,0,25,0,0,0,0,0,0,0
2021-12-23,COOKIES/BARS,brownie,22,24,46,16,0,0,30,0,0,0,0,0,0,0
2021-12-23,COOKIES/BARS,Pump Bar,8,24,32,32,0,0,0,0,0,0,0,0,0,0
2021-12-23,COOKIES/BARS,Pec,3,8,11,4,6,0,1,0,0,0,0,0,0,0
2021-12-23,COOKIES/BARS,Pump,3,21,24,6,12,0,6,0,0,0,0,0,0,0
2021-12-23,COOKIES/BARS,Ap,4,14,18,11,4,0,3,0,0,0,0,0,0,0
2021-12-23,COOKIES/BARS,ApCr,0,13,13,3,6,0,4,0,0,0,0,0,0,0
2021-12-23,COOKIES/BARS,Pump OH,2,0,2,2,0,0,0,5,0,5,3,0,0,2
2021-12-23,COOKIES/BARS,Bread Pudding,2,0,2,-1,0,0,3,4,0,4,1,0,0,3
2021-12-23,COOKIES/BARS,Totals,64,729,793,498,206,11,78,12,34,46,13,0,0,15
2021-12-24,BREAD,H,27,15,42,1,10,31,0,0,0,0,0,0,0,0
2021-12-24,BREAD,FR,27,0,27,15,12,0,0,0,0,0,0,0,0,0
2021-12-24,BREAD,GW,0,16,16,3,12,1,0,0,0,0,0,0,0,0
2021-12-24,BREAD,DK,22,0,22,11,0,11,0,0,0,0,0,0,0,0
2021-12-24,BREAD,H5,16,0,16,2,0,14,0,0,0,0,0,0,0,0
2021-12-24,BREAD,CSWRL,14,44,58,37,18,3,0,1,8,9,9,0,0,0
2021-12-24,BREAD,M.P. Swl,13,4,17,7,3,7,0,2,0,2,2,0,0,0
2021-12-24,BREAD,CnE,39,0,39,35,1,3,0,3,0,3,3,0,0,0
2021-12-24,BREAD,CnR,0,0,0,0,0,0,0,0,0,0,0,0,0,0
2021-12-24,BREAD,RW,0,0,0,0,0,0,0,0,0,0,0,0,0,0
2021-12-24,BREAD,CB,10,0,10,8,0,2,0,2,0,2,2,0,0,0
2021-12-24,BREAD,CrO,15,0,15,13,0,2,0,0,0,0,0,0,0,0
2021-12-24,BREAD,TS,0,0,0,-1,0,1,0,2,0,2,0,0,0,0
2021-12-24,BREAD,AA,0,0,0,0,0,0,0,0,0,0,0,0,0,0
2021-12-24,BREAD,CG,0,0,0,0,0,0,0,0,0,0,0,0,0,0
2021-12-24,BREAD,Pest,0,0,0,0,0,0,0,0,0,0,0,0,0,0
2021-12-24,BREAD,Jal,0,0,0,0,0,0,0,0,0,0,0,0,0,0
2021-12-24,BREAD,VS,0,11,11,6,5,0,0,0,6,6,4,0,0,0
2021-12-24,BREAD,SOUR,0,0,0,0,0,0,0,0,0,0,0,0,0,0
2021-12-24,BREAD,CH,0,0,0,0,0,0,0,0,0,0,0,0,0,0
2021-12-24,BREAD,POP,0,0,0,0,0,0,0,0,0,0,0,0,0,0
2021-12-24,BREAD,WREATH,0,0,0,0,0,0,0,0,0,0,0,0,0,0
2021-12-24,BREAD,CAR,1,0,1,1,0,0,0,0,0,0,0,0,0,0
2021-12-24,BREAD,IHF,9,0,9,9,0,0,0,0,0,0,0,0,0,0
2021-12-24,BREAD,H,0,5,5,2,2,1,0,0,0,0,0,0,0,0
2021-12-24,BREAD,FR TREE,0,0,0,0,0,0,0,0,0,0,0,0,0,0
2021-12-24,BREAD,CnE,0,13,13,11,2,0,0,0,0,0,0,0,0,0
2021-12-24,BREAD,VS Tree,0,4,4,2,2,0,0,0,0,0,0,0,0,0
2021-12-24,BREAD,BUT Tree,0,0,0,-2,2,0,0,0,0,0,0,0,0,0
2021-12-24,BREAD,BUT-Rls,0,99,99,38,61,0,0,0,0,0,0,0,0,0
2021-12-24,BREAD,CrO-RLS,1,0,1,1,0,0,0,0,0,0,0,0,0,0
2021-12-24,BREAD,H-RLS,0,36,36,24,12,0,0,0,0,0,0,0,0,0
2021-12-24,BREAD,FR-RLS,0,0,0,0,0,0,0,0,0,0,0,0,0,0
2021-12-24,BREAD,VS-RLS,0,30,30,17,10,3,0,0,0,0,0,0,0,0
2021-12-24,BREAD,Blue Stru,0,9,9,8,1,0,0,0,0,0,0,0,0,0
2021-12-24,BREAD,Mex Choc,0,5,5,5,0,0,0,0,0,0,0,0,0,0
2021-12-24,BREAD,Pump Crb,0,7,7,3,1,3,0,0,0,0,0,0,0,0
2021-12-24,BREAD,Pump CC,0,9,9,4,1,4,0,0,0,0,0,0,0,0
2021-12-24,ROLLS,C-Rolls,0,336,336,196,140,0,0,0,0,0,0,0,0,0
2021-12-24,ROLLS,C-R Tree,0,7,7,5,2,0,0,0,0,0,0,0,0,0
2021-12-24,ROLLS,Mini C-Roll,0,72,72,24,48,0,0,0,0,0,0,0,0,0
2021-12-24,SCONES,Blueberry,0,0,0,0,0,0,0,0,0,0,0,0,0,0
2021-12-24,SCONES,Rasp Cream,0,0,0,0,0,0,0,0,0,0,0,0,0,0
2021-12-24,SCONES,Cherry,0,17,17,13,0,4,0,0,4,4,0,0,0,0
2021-12-24,SCONES,Butt Almond,0,23,23,14,5,4,0,0,4,4,0,0,0,0
2021-12-24,SCONES,Turtle,0,0,0,0,0,0,0,0,0,0,0,0,0,0
2021-12-24,SCONES,Cin Chip,0,0,0,0,0,0,0,0,0,0,0,0,0,0
2021-12-24,SCONES,CrO,0,14,14,7,2,5,0,0,0,0,0,0,0,0
2021-12-24,SCONES,CrO-WCC,0,12,12,9,0,3,0,0,0,0,0,0,0,0
2021-12-24,SCONES,FRUIT BAR,0,0,0,0,0,0,0,0,0,0,0,0,0,0
2021-12-24,SCONES,mixed berry,0,20,20,2,16,2,0,0,0,0,0,0,0,0
2021-12-24,SCONES,cherry,0,20,20,5,15,0,0,0,0,0,0,0,0,0
2021-12-24,SCONES,apple cin,0,10,10,4,6,0,0,0,0,0,0,0,0,0
2021-12-24,SCONES,Cran white choc,0,10,10,4,6,0,0,0,0,0,0,0,0,0
2021-12-24,MUFFINS,Blue Streusel,0,12,12,8,4,0,0,0,3,3,0,0,0,0
2021-12-24,MUFFINS,Mex Choc,0,5,5,5,0,0,0,0,0,0,0,0,0,0
2021-12-24,MUFFINS,Pump Cr,0,10,10,4,4,2,0,0,3,3,0,0,0,0
2021-12-24,MUFFINS,Pump CC,0,7,7,7,0,0,0,0,0,0,0,0,0,0
2021-12-24,COOKIES/BARS,oat cc,9,12,21,13,0,8,0,0,0,0,0,0,0,0
2021-12-24,COOKIES/BARS,St Nickerdo,0,24,24,16,0,8,0,0,0,0,0,0,0,0
2021-12-24,COOKIES/BARS,Triple CC,6,18,24,22,0,2,0,0,0,0,0,0,0,0
2021-12-24,COOKIES/BARS,frosted,1,24,25,20,0,5,0,0,0,0,0,0,0,0
2021-12-24,COOKIES/BARS,GingerMan,25,0,25,14,0,11,0,0,0,0,0,0,0,0
2021-12-24,COOKIES/BARS,brownie,30,20,50,21,28,1,0,0,0,0,0,0,0,0
2021-12-24,COOKIES/BARS,Pump Bar,0,20,20,17,0,3,0,0,0,0,0,0,0,0
2021-12-24,COOKIES/BARS,Pec,1,0,1,1,0,0,0,0,0,0,0,0,0,0
2021-12-24,COOKIES/BARS,Pump,6,0,6,5,0,1,0,0,0,0,0,0,0,0
2021-12-24,COOKIES/BARS,Ap,3,0,3,-1,0,4,0,0,0,0,0,0,0,0
2021-12-24,COOKIES/BARS,ApCr,4,0,4,4,0,0,0,0,0,0,0,0,0,0
2021-12-24,COOKIES/BARS,Pump OH,0,0,0,0,0,0,0,2,0,2,2,0,0,0
2021-12-24,COOKIES/BARS,Bread Pudding,3,0,3,3,0,0,0,3,0,3,3,0,0,0
2021-12-24,COOKIES/BARS,Totals,78,693,771,433,276,62,0,15,14,29,14,0,0,0
2021-12-25,BREAD,H,0,0,0,0,0,0,0,0,0,0,0,0,0,0
2021-12-25,BREAD,FR,0,0,0,0,0,0,0,0,0,0,0,0,0,0
2021-12-25,BREAD,GW,0,0,0,0,0,0,0,0,0,0,0,0,0,0
2021-12-25,BREAD,DK,0,0,0,0,0,0,0,0,0,0,0,0,0,0
2021-12-25,BREAD,H5,0,0,0,0,0,0,0,0,0,0,0,0,0,0
2021-12-25,BREAD,CSWRL,0,0,0,0,0,0,0,0,0,0,0,0,0,0
2021-12-25,BREAD,M.P. Swl,0,0,0,0,0,0,0,0,0,0,0,0,0,0
2021-12-25,BREAD,CnE,0,0,0,0,0,0,0,0,0,0,0,0,0,0
2021-12-25,BREAD,CnR,0,0,0,0,0,0,0,0,0,0,0,0,0,0
2021-12-25,BREAD,RW,0,0,0,0,0,0,0,0,0,0,0,0,0,0
2021-12-25,BREAD,CB,0,0,0,0,0,0,0,0,0,0,0,0,0,0
2021-12-25,BREAD,CrO,0,0,0,0,0,0,0,0,0,0,0,0,0,0
2021-12-25,BREAD,TS,0,0,0,0,0,0,0,0,0,0,0,0,0,0
2021-12-25,BREAD,AA,0,0,0,0,0,0,0,0,0,0,0,0,0,0
2021-12-25,BREAD,CG,0,0,0,0,0,0,0,0,0,0,0,0,0,0
2021-12-25,BREAD,Pest,0,0,0,0,0,0,0,0,0,0,0,0,0,0
2021-12-25,BREAD,Jal,0,0,0,0,0,0,0,0,0,0,0,0,0,0
2021-12-25,BREAD,VS,0,0,0,0,0,0,0,0,0,0,0,0,0,0
2021-12-25,BREAD,SOUR,0,0,0,0,0,0,0,0,0,0,0,0,0,0
2021-12-25,BREAD,CH,0,0,0,0,0,0,0,0,0,0,0,0,0,0
2021-12-25,BREAD,POP,0,0,0,0,0,0,0,0,0,0,0,0,0,0
2021-12-25,BREAD,WREATH,0,0,0,0,0,0,0,0,0,0,0,0,0,0
2021-12-25,BREAD,CAR,0,0,0,0,0,0,0,0,0,0,0,0,0,0
2021-12-25,BREAD,IHF,0,0,0,0,0,0,0,0,0,0,0,0,0,0
2021-12-25,BREAD,BUT-Rls,0,0,0,0,0,0,0,0,0,0,0,0,0,0
2021-12-25,BREAD,CrO-RLS,0,0,0,0,0,0,0,0,0,0,0,0,0,0
2021-12-25,BREAD,H-RLS,0,0,0,0,0,0,0,0,0,0,0,0,0,0
2021-12-25,BREAD,FR-RLS,0,0,0,0,0,0,0,0,0,0,0,0,0,0
2021-12-25,BREAD,VS-RLS,0,0,0,0,0,0,0,0,0,0,0,0,0,0
2021-12-25,BREAD,Blue Stru,0,0,0,0,0,0,0,0,0,0,0,0,0,0
2021-12-25,BREAD,Mex Choc,0,0,0,0,0,0,0,0,0,0,0,0,0,0
2021-12-25,BREAD,Pump Crb,0,0,0,0,0,0,0,0,0,0,0,0,0,0
2021-12-25,BREAD,Pump CC,0,0,0,0,0,0,0,0,0,0,0,0,0,0
2021-12-25,ROLLS,C-Rolls,0,0,0,0,0,0,0,0,0,0,0,0,0,0
2021-12-25,ROLLS,Mini C-Roll,0,0,0,0,0,0,0,0,0,0,0,0,0,0
2021-12-25,SCONES,Blueberry,0,0,0,0,0,0,0,0,0,0,0,0,0,0
2021-12-25,SCONES,Rasp Cream,0,0,0,0,0,0,0,0,0,0,0,0,0,0
2021-12-25,SCONES,Cherry,0,0,0,0,0,0,0,0,0,0,0,0,0,0
2021-12-25,SCONES,Butt Almond,0,0,0,0,0,0,0,0,0,0,0,0,0,0
2021-12-25,SCONES,Turtle,0,0,0,0,0,0,0,0,0,0,0,0,0,0
2021-12-25,SCONES,Cin Chip,0,0,0,0,0,0,0,0,0,0,0,0,0,0
2021-12-25,SCONES,CrO,0,0,0,0,0,0,0,0,0,0,0,0,0,0
2021-12-25,SCONES,CrO-WCC,0,0,0,0,0,0,0,0,0,0,0,0,0,0
2021-12-25,SCONES,FRUIT BAR,0,0,0,0,0,0,0,0,0,0,0,0,0,0
2021-12-25,SCONES,mixed berry,0,0,0,0,0,0,0,0,0,0,0,0,0,0
2021-12-25,SCONES,cherry,0,0,0,0,0,0,0,0,0,0,0,0,0,0
2021-12-25,SCONES,apple cin,0,0,0,0,0,0,0,0,0,0,0,0,0,0
2021-12-25,SCONES,Cran white choc,0,0,0,0,0,0,0,0,0,0,0,0,0,0
2021-12-25,MUFFINS,Blue Streusel,0,0,0,0,0,0,0,0,0,0,0,0,0,0
2021-12-25,MUFFINS,Mex Choc,0,0,0,0,0,0,0,0,0,0,0,0,0,0
2021-12-25,MUFFINS,Pump Cr,0,0,0,0,0,0,0,0,0,0,0,0,0,0
2021-12-25,MUFFINS,Pump CC,0,0,0,0,0,0,0,0,0,0,0,0,0,0
2021-12-25,COOKIES/BARS,oat cc,0,0,0,0,0,0,0,0,0,0,0,0,0,0
2021-12-25,COOKIES/BARS,St Nickerdo,0,0,0,0,0,0,0,0,0,0,0,0,0,0
2021-12-25,COOKIES/BARS,Triple CC,0,0,0,0,0,0,0,0,0,0,0,0,0,0
2021-12-25,COOKIES/BARS,frosted,0,0,0,0,0,0,0,0,0,0,0,0,0,0
2021-12-25,COOKIES/BARS,GingerMan,0,0,0,0,0,0,0,0,0,0,0,0,0,0
2021-12-25,COOKIES/BARS,brownie,0,0,0,0,0,0,0,0,0,0,0,0,0,0
2021-12-25,COOKIES/BARS,Pump Bar,0,0,0,0,0,0,0,0,0,0,0,0,0,0
2021-12-25,COOKIES/BARS,Pump OH,0,0,0,0,0,0,0,0,0,0,0,0,0,0
2021-12-25,COOKIES/BARS,Bread Pudding,0,0,0,0,0,0,0,0,0,0,0,0,0,0
2021-12-25,COOKIES/BARS,Totals,0,0,0,0,0,0,0,0,0,0,0,0,0,0
2021-12-26,BREAD,H,0,0,0,0,0,0,0,0,0,0,0,0,0,0
2021-12-26,BREAD,FR,0,0,0,0,0,0,0,0,0,0,0,0,0,0
2021-12-26,BREAD,GW,0,0,0,0,0,0,0,0,0,0,0,0,0,0
2021-12-26,BREAD,DK,0,0,0,0,0,0,0,0,0,0,0,0,0,0
2021-12-26,BREAD,H5,0,0,0,0,0,0,0,0,0,0,0,0,0,0
2021-12-26,BREAD,CSWRL,0,0,0,0,0,0,0,0,0,0,0,0,0,0
2021-12-26,BREAD,M.P. Swl,0,0,0,0,0,0,0,0,0,0,0,0,0,0
2021-12-26,BREAD,CnE,0,0,0,0,0,0,0,0,0,0,0,0,0,0
2021-12-26,BREAD,CnR,0,0,0,0,0,0,0,0,0,0,0,0,0,0
2021-12-26,BREAD,RW,0,0,0,0,0,0,0,0,0,0,0,0,0,0
2021-12-26,BREAD,CB,0,0,0,0,0,0,0,0,0,0,0,0,0,0
2021-12-26,BREAD,CrO,0,0,0,0,0,0,0,0,0,0,0,0,0,0
2021-12-26,BREAD,TS,0,0,0,0,0,0,0,0,0,0,0,0,0,0
2021-12-26,BREAD,AA,0,0,0,0,0,0,0,0,0,0,0,0,0,0
2021-12-26,BREAD,CG,0,0,0,0,0,0,0,0,0,0,0,0,0,0
2021-12-26,BREAD,Pest,0,0,0,0,0,0,0,0,0,0,0,0,0,0
2021-12-26,BREAD,Jal,0,0,0,0,0,0,0,0,0,0,0,0,0,0
2021-12-26,BREAD,VS,0,0,0,0,0,0,0,0,0,0,0,0,0,0
2021-12-26,BREAD,SOUR,0,0,0,0,0,0,0,0,0,0,0,0,0,0
2021-12-26,BREAD,CH,0,0,0,0,0,0,0,0,0,0,0,0,0,0
2021-12-26,BREAD,POP,0,0,0,0,0,0,0,0,0,0,0,0,0,0
2021-12-26,BREAD,WREATH,0,0,0,0,0,0,0,0,0,0,0,0,0,0
2021-12-26,BREAD,CAR,0,0,0,0,0,0,0,0,0,0,0,0,0,0
2021-12-26,BREAD,IHF,0,0,0,0,0,0,0,0,0,0,0,0,0,0
2021-12-26,BREAD,BUT-Rls,0,0,0,0,0,0,0,0,0,0,0,0,0,0
2021-12-26,BREAD,CrO-RLS,0,0,0,0,0,0,0,0,0,0,0,0,0,0
2021-12-26,BREAD,H-RLS,0,0,0,0,0,0,0,0,0,0,0,0,0,0
2021-12-26,BREAD,FR-RLS,0,0,0,0,0,0,0,0,0,0,0,0,0,0
2021-12-26,BREAD,VS-RLS,0,0,0,0,0,0,0,0,0,0,0,0,0,0
2021-12-26,BREAD,Blue Stru,0,0,0,0,0,0,0,0,0,0,0,0,0,0
2021-12-26,BREAD,Mex Choc,0,0,0,0,0,0,0,0,0,0,0,0,0,0
2021-12-26,BREAD,Pump Crb,0,0,0,0,0,0,0,0,0,0,0,0,0,0
2021-12-26,BREAD,Pump CC,0,0,0,0,0,0,0,0,0,0,0,0,0,0
2021-12-26,ROLLS,C-Rolls,0,0,0,0,0,0,0,0,0,0,0,0,0,0
2021-12-26,ROLLS,Mini C-Roll,0,0,0,0,0,0,0,0,0,0,0,0,0,0
2021-12-26,SCONES,Blueberry,0,0,0,0,0,0,0,0,0,0,0,0,0,0
2021-12-26,SCONES,Rasp Cream,0,0,0,0,0,0,0,0,0,0,0,0,0,0
2021-12-26,SCONES,Cherry,0,0,0,0,0,0,0,0,0,0,0,0,0,0
2021-12-26,SCONES,Butt Almond,0,0,0,0,0,0,0,0,0,0,0,0,0,0
2021-12-26,SCONES,Turtle,0,0,0,0,0,0,0,0,0,0,0,0,0,0
2021-12-26,SCONES,Cin Chip,0,0,0,0,0,0,0,0,0,0,0,0,0,0
2021-12-26,SCONES,CrO,0,0,0,0,0,0,0,0,0,0,0,0,0,0
2021-12-26,SCONES,CrO-WCC,0,0,0,0,0,0,0,0,0,0,0,0,0,0
2021-12-26,SCONES,FRUIT BAR,0,0,0,0,0,0,0,0,0,0,0,0,0,0
2021-12-26,SCONES,mixed berry,0,0,0,0,0,0,0,0,0,0,0,0,0,0
2021-12-26,SCONES,cherry,0,0,0,0,0,0,0,0,0,0,0,0,0,0
2021-12-26,SCONES,apple cin,0,0,0,0,0,0,0,0,0,0,0,0,0,0
2021-12-26,SCONES,Cran white choc,0,0,0,0,0,0,0,0,0,0,0,0,0,0
2021-12-26,MUFFINS,Blue Streusel,0,0,0,0,0,0,0,0,0,0,0,0,0,0
2021-12-26,MUFFINS,Mex Choc,0,0,0,0,0,0,0,0,0,0,0,0,0,0
2021-12-26,MUFFINS,Pump Cr,0,0,0,0,0,0,0,0,0,0,0,0,0,0
2021-12-26,MUFFINS,Pump CC,0,0,0,0,0,0,0,0,0,0,0,0,0,0
2021-12-26,COOKIES/BARS,oat cc,0,0,0,0,0,0,0,0,0,0,0,0,0,0
2021-12-26,COOKIES/BARS,St Nickerdo,0,0,0,0,0,0,0,0,0,0,0,0,0,0
2021-12-26,COOKIES/BARS,Triple CC,0,0,0,0,0,0,0,0,0,0,0,0,0,0
2021-12-26,COOKIES/BARS,frosted,0,0,0,0,0,0,0,0,0,0,0,0,0,0
2021-12-26,COOKIES/BARS,GingerMan,0,0,0,0,0,0,0,0,0,0,0,0,0,0
2021-12-26,COOKIES/BARS,brownie,0,0,0,0,0,0,0,0,0,0,0,0,0,0
2021-12-26,COOKIES/BARS,Pump Bar,0,0,0,0,0,0,0,0,0,0,0,0,0,0
2021-12-26,COOKIES/BARS,Pump OH,0,0,0,0,0,0,0,0,0,0,0,0,0,0
2021-12-26,COOKIES/BARS,Bread Pudding,0,0,0,0,0,0,0,0,0,0,0,0,0,0
2021-12-26,COOKIES/BARS,Totals,0,0,0,0,0,0,0,0,0,0,0,0,0,0
2021-12-27,BREAD,H,0,0,0,0,0,0,0,0,0,0,0,0,0,0
2021-12-27,BREAD,FR,0,0,0,0,0,0,0,0,0,0,0,0,0,0
2021-12-27,BREAD,GW,0,0,0,0,0,0,0,0,0,0,0,0,0,0
2021-12-27,BREAD,DK,0,0,0,0,0,0,0,0,0,0,0,0,0,0
2021-12-27,BREAD,H5,0,0,0,0,0,0,0,0,0,0,0,0,0,0
2021-12-27,BREAD,CSWRL,0,0,0,0,0,0,0,0,0,0,0,0,0,0
2021-12-27,BREAD,M.P. Swl,0,0,0,0,0,0,0,0,0,0,0,0,0,0
2021-12-27,BREAD,CnE,0,0,0,0,0,0,0,0,0,0,0,0,0,0
2021-12-27,BREAD,CnR,0,0,0,0,0,0,0,0,0,0,0,0,0,0
2021-12-27,BREAD,RW,0,0,0,0,0,0,0,0,0,0,0,0,0,0
2021-12-27,BREAD,CB,0,0,0,0,0,0,0,0,0,0,0,0,0,0
2021-12-27,BREAD,CrO,0,0,0,0,0,0,0,0,0,0,0,0,0,0
2021-12-27,BREAD,TS,0,0,0,0,0,0,0,0,0,0,0,0,0,0
2021-12-27,BREAD,AA,0,0,0,0,0,0,0,0,0,0,0,0,0,0
2021-12-27,BREAD,CG,0,0,0,0,0,0,0,0,0,0,0,0,0,0
2021-12-27,BREAD,Pest,0,0,0,0,0,0,0,0,0,0,0,0,0,0
2021-12-27,BREAD,Jal,0,0,0,0,0,0,0,0,0,0,0,0,0,0
2021-12-27,BREAD,VS,0,0,0,0,0,0,0,0,0,0,0,0,0,0
2021-12-27,BREAD,SOUR,0,0,0,0,0,0,0,0,0,0,0,0,0,0
2021-12-27,BREAD,CH,0,0,0,0,0,0,0,0,0,0,0,0,0,0
2021-12-27,BREAD,POP,0,0,0,0,0,0,0,0,0,0,0,0,0,0
2021-12-27,BREAD,WREATH,0,0,0,0,0,0,0,0,0,0,0,0,0,0
2021-12-27,BREAD,CAR,0,0,0,0,0,0,0,0,0,0,0,0,0,0
2021-12-27,BREAD,IHF,0,0,0,0,0,0,0,0,0,0,0,0,0,0
2021-12-27,BREAD,BUT-Rls,0,0,0,0,0,0,0,0,0,0,0,0,0,0
2021-12-27,BREAD,CrO-RLS,0,0,0,0,0,0,0,0,0,0,0,0,0,0
2021-12-27,BREAD,H-RLS,0,0,0,0,0,0,0,0,0,0,0,0,0,0
2021-12-27,BREAD,FR-RLS,0,0,0,0,0,0,0,0,0,0,0,0,0,0
2021-12-27,BREAD,VS-RLS,0,0,0,0,0,0,0,0,0,0,0,0,0,0
2021-12-27,BREAD,Blue Stru,0,0,0,0,0,0,0,0,0,0,0,0,0,0
2021-12-27,BREAD,Mex Choc,0,0,0,0,0,0,0,0,0,0,0,0,0,0
2021-12-27,BREAD,Pump Crb,0,0,0,0,0,0,0,0,0,0,0,0,0,0
2021-12-27,BREAD,Pump CC,0,0,0,0,0,0,0,0,0,0,0,0,0,0
2021-12-27,ROLLS,C-Rolls,0,48,48,48,0,0,0,0,0,0,0,0,0,0
2021-12-27,ROLLS,Mini C-Roll,0,0,0,0,0,0,0,0,0,0,0,0,0,0
2021-12-27,SCONES,Blueberry,0,0,0,0,0,0,0,0,0,0,0,0,0,0
2021-12-27,SCONES,Rasp Cream,0,11,11,11,0,0,0,0,0,0,0,0,0,0
2021-12-27,SCONES,Cherry,0,0,0,0,0,0,0,0,0,0,0,0,0,0
2021-12-27,SCONES,Butt Almond,0,0,0,0,0,0,0,0,0,0,0,0,0,0
2021-12-27,SCONES,Turtle,0,0,0,0,0,0,0,0,0,0,0,0,0,0
2021-12-27,SCONES,Cin Chip,0,11,11,11,0,0,0,0,0,0,0,0,0,0
2021-12-27,SCONES,CrO,0,6,6,6,0,0,0,0,0,0,0,0,0,0
2021-12-27,SCONES,CrO-WCC,0,6,6,6,0,0,0,0,0,0,0,0,0,0
2021-12-27,SCONES,FRUIT BAR,0,0,0,0,0,0,0,0,0,0,0,0,0,0
2021-12-27,SCONES,mixed berry,0,10,10,10,0,0,0,0,0,0,0,0,0,0
2021-12-27,SCONES,cherry,0,10,10,10,0,0,0,0,0,0,0,0,0,0
2021-12-27,SCONES,apple cin,0,0,0,0,0,0,0,0,0,0,0,0,0,0
2021-12-27,SCONES,Cran white choc,0,0,0,0,0,0,0,0,0,0,0,0,0,0
2021-12-27,MUFFINS,Blue Streusel,0,4,4,4,0,0,0,0,0,0,0,0,0,0
2021-12-27,MUFFINS,Mex Choc,0,4,4,4,0,0,0,0,0,0,0,0,0,0
2021-12-27,MUFFINS,Pump Cr,0,4,4,4,0,0,0,0,0,0,0,0,0,0
2021-12-27,MUFFINS,Pump CC,0,6,6,6,0,0,0,0,0,0,0,0,0,0
2021-12-27,COOKIES/BARS,oat cc,0,0,0,0,0,0,0,0,0,0,0,0,0,0
2021-12-27,COOKIES/BARS,St Nickerdo,0,0,0,0,0,0,0,0,0,0,0,0,0,0
2021-12-27,COOKIES/BARS,Triple CC,0,0,0,0,0,0,0,0,0,0,0,0,0,0
2021-12-27,COOKIES/BARS,frosted,0,0,0,0,0,0,0,0,0,0,0,0,0,0
2021-12-27,COOKIES/BARS,Gingerman,0,0,0,0,0,0,0,0,0,0,0,0,0,0
2021-12-27,COOKIES/BARS,brownie,0,0,0,0,0,0,0,0,0,0,0,0,0,0
2021-12-27,COOKIES/BARS,Pump Bar,0,0,0,0,0,0,0,0,0,0,0,0,0,0
2021-12-27,COOKIES/BARS,Pump OH,0,0,0,0,0,0,0,0,0,0,0,0,0,0
2021-12-27,COOKIES/BARS,Bread Pudding,0,0,0,0,0,0,0,0,0,0,0,0,0,0
2021-12-27,COOKIES/BARS,Totals,0,120,120,120,0,0,0,0,0,0,0,0,0,0
2021-12-28,BREAD,H,0,35,35,16,0,0,19,0,0,0,0,0,0,0
2021-12-28,BREAD,FR,0,53,53,15,24,0,14,0,0,0,0,0,0,0
2021-12-28,BREAD,GW,0,9,9,2,0,0,7,0,0,0,0,0,0,0
2021-12-28,BREAD,DK,0,0,0,0,0,0,0,0,0,0,0,0,0,0
2021-12-28,BREAD,H5,0,19,19,13,0,0,6,0,0,0,0,0,0,0
2021-12-28,BREAD,CSWRL,0,16,16,16,0,0,0,0,3,3,3,0,0,0
2021-12-28,BREAD,M.P. Swl,0,0,0,0,0,0,0,0,0,0,0,0,0,0
2021-12-28,BREAD,CnE,0,7,7,6,0,0,1,0,3,3,0,0,0,3
2021-12-28,BREAD,CnR,0,4,4,2,0,0,2,0,0,0,0,0,0,0
2021-12-28,BREAD,RW,0,4,4,2,0,0,2,0,0,0,0,0,0,0
2021-12-28,BREAD,CB,0,0,0,0,0,0,0,0,0,0,0,0,0,0
2021-12-28,BREAD,CrO,0,7,7,6,0,0,1,0,4,4,4,0,0,0
2021-12-28,BREAD,TS,0,0,0,0,0,0,0,0,0,0,0,0,0,0
2021-12-28,BREAD,AA,0,0,0,0,0,0,0,0,0,0,0,0,0,0
2021-12-28,BREAD,CG,0,0,0,0,0,0,0,0,0,0,0,0,0,0
2021-12-28,BREAD,Pest,0,0,0,0,0,0,0,0,0,0,0,0,0,0
2021-12-28,BREAD,Jal,0,0,0,0,0,0,0,0,0,0,0,0,0,0
2021-12-28,BREAD,VS,0,10,10,10,0,0,0,0,3,3,3,0,0,0
2021-12-28,BREAD,SOUR,0,30,30,6,24,0,0,0,0,0,0,0,0,0
2021-12-28,BREAD,CH,0,0,0,0,0,0,0,0,0,0,0,0,0,0
2021-12-28,BREAD,POP,0,0,0,0,0,0,0,0,0,0,0,0,0,0
2021-12-28,BREAD,WREATH,0,0,0,0,0,0,0,0,0,0,0,0,0,0
2021-12-28,BREAD,CAR,0,19,19,5,1,0,13,0,0,0,0,0,0,0
2021-12-28,BREAD,IHF,0,0,0,-6,0,0,6,0,0,0,0,0,0,0
2021-12-28,BREAD,BUT-Rls,0,20,20,13,4,0,3,0,0,0,0,0,0,0
2021-12-28,BREAD,CrO-RLS,0,0,0,0,0,0,0,0,0,0,0,0,0,0
2021-12-28,BREAD,H-RLS,0,3,3,3,0,0,0,0,0,0,0,0,0,0
2021-12-28,BREAD,FR-RLS,0,0,0,0,0,0,0,0,0,0,0,0,0,0
2021-12-28,BREAD,VS-RLS,0,4,4,3,0,0,1,0,0,0,0,0,0,0
2021-12-28,BREAD,Blue Stru,0,3,3,3,0,0,0,0,0,0,0,0,0,0
2021-12-28,BREAD,Choc Carm,0,3,3,1,0,0,2,0,0,0,0,0,0,0
2021-12-28,BREAD,Pump Crb,0,2,2,1,0,0,1,0,0,0,0,0,0,0
2021-12-28,BREAD,Pump CC,0,4,4,4,0,0,0,0,0,0,0,0,0,0
2021-12-28,ROLLS,C-Rolls,0,36,36,36,0,0,0,0,0,0,0,0,0,0
2021-12-28,ROLLS,Mini C-Roll,0,0,0,0,0,0,0,0,0,0,0,0,0,0
2021-12-28,SCONES,Blueberry,0,11,11,11,0,0,0,0,0,0,0,0,0,0
2021-12-28,SCONES,Rasp Cream,0,0,0,0,0,0,0,0,0,0,0,0,0,0
2021-12-28,SCONES,Cherry,0,0,0,0,0,0,0,0,0,0,0,0,0,0
2021-12-28,SCONES,Butt Almond,0,0,0,0,0,0,0,0,0,0,0,0,0,0
2021-12-28,SCONES,Turtle,0,0,0,0,0,0,0,0,0,0,0,0,0,0
2021-12-28,SCONES,Cin Chip,0,13,13,12,0,1,0,0,0,0,0,0,0,0
2021-12-28,SCONES,CrO,0,0,0,0,0,0,0,0,0,0,0,0,0,0
2021-12-28,SCONES,CrO-WCC,0,0,0,0,0,0,0,0,0,0,0,0,0,0
2021-12-28,SCONES,FRUIT BAR,0,0,0,0,0,0,0,0,0,0,0,0,0,0
2021-12-28,SCONES,mixed berry,0,0,0,0,0,0,0,0,0,0,0,0,0,0
2021-12-28,SCONES,cherry,0,0,0,0,0,0,0,0,0,0,0,0,0,0
2021-12-28,SCONES,apple cin,0,10,10,7,0,3,0,0,0,0,0,0,0,0
2021-12-28,SCONES,Cran white choc,0,10,10,2,0,8,0,0,0,0,0,0,0,0
2021-12-28,MUFFINS,Blue Streusel,0,3,3,2,0,1,0,0,0,0,0,0,0,0
2021-12-28,MUFFINS,Choc Carm,0,3,3,3,0,0,0,0,0,0,0,0,0,0
2021-12-28,MUFFINS,Pump Cr,0,3,3,3,0,0,0,0,0,0,0,0,0,0
2021-12-28,MUFFINS,Pump CC,0,4,4,0,0,4,0,0,0,0,0,0,0,0
2021-12-28,COOKIES/BARS,oat cc,0,18,18,18,0,0,0,0,0,0,0,0,0,0
2021-12-28,COOKIES/BARS,St Nickerdo,0,18,18,12,0,0,6,0,0,0,0,0,0,0
2021-12-28,COOKIES/BARS,Triple CC,0,18,18,12,0,0,6,0,0,0,0,0,0,0
2021-12-28,COOKIES/BARS,frosted,0,24,24,5,0,0,19,0,0,0,0,0,0,0
2021-12-28,COOKIES/BARS,brownie,0,20,20,13,0,0,7,0,0,0,0,0,0,0
2021-12-28,COOKIES/BARS,Pump Bar,0,20,20,4,0,0,16,0,0,0,0,0,0,0
2021-12-28,COOKIES/BARS,Pump OH,0,0,0,0,0,0,0,0,0,0,0,0,0,0
2021-12-28,COOKIES/BARS,Bread Pudding,0,0,0,0,0,0,0,0,0,0,0,0,0,0
2021-12-28,COOKIES/BARS,Totals,0,211,211,140,0,17,54,0,0,0,0,0,0,0
2021-12-29,BREAD,H,19,18,37,25,1,0,11,0,0,0,0,0,0,0
2021-12-29,BREAD,FR,14,15,29,21,0,0,8,0,0,0,0,0,0,0
2021-12-29,BREAD,GW,7,8,15,-3,0,2,16,0,0,0,0,0,0,0
2021-12-29,BREAD,DK,0,22,22,15,0,0,7,0,0,0,0,0,0,0
2021-12-29,BREAD,H5,6,0,6,5,0,0,1,0,0,0,0,0,0,0
2021-12-29,BREAD,CSWRL,0,20,20,19,1,0,0,0,4,4,4,0,0,0
2021-12-29,BREAD,M.P. Swl,0,0,0,0,0,0,0,0,0,0,0,0,0,0
2021-12-29,BREAD,CnE,1,17,18,10,0,0,8,3,2,5,2,0,0,2
2021-12-29,BREAD,CnR,2,4,6,6,0,0,0,0,0,0,0,0,0,0
2021-12-29,BREAD,RW,2,4,6,6,0,0,0,0,0,0,0,0,0,0
2021-12-29,BREAD,CB,0,0,0,0,0,0,0,0,0,0,0,0,0,0
2021-12-29,BREAD,CrO,1,0,1,1,0,0,0,0,0,0,0,0,0,0
2021-12-29,BREAD,TS,0,0,0,0,0,0,0,0,0,0,0,0,0,0
2021-12-29,BREAD,AA,0,0,0,0,0,0,0,0,0,0,0,0,0,0
2021-12-29,BREAD,CG,0,9,9,7,1,0,1,0,2,2,2,0,0,0
2021-12-29,BREAD,Pest,0,5,5,3,1,0,1,0,0,0,0,0,0,0
2021-12-29,BREAD,Jal,0,4,4,4,0,0,0,0,0,0,0,0,0,0
2021-12-29,BREAD,VS,0,0,0,0,0,0,0,0,0,0,0,0,0,0
2021-12-29,BREAD,SOUR,0,23,23,15,0,0,8,0,0,0,0,0,0,0
2021-12-29,BREAD,CH,0,0,0,0,0,0,0,0,0,0,0,0,0,0
2021-12-29,BREAD,POP,0,0,0,0,0,0,0,0,0,0,0,0,0,0
2021-12-29,BREAD,WREATH,0,0,0,0,0,0,0,0,0,0,0,0,0,0
2021-12-29,BREAD,JCB,0,20,20,5,10,0,5,0,0,0,0,0,0,0
2021-12-29,BREAD,CAR,13,0,13,4,0,0,9,0,0,0,0,0,0,0
2021-12-29,BREAD,IHF,6,0,6,3,0,0,3,0,0,0,0,0,0,0
2021-12-29,BREAD,BUT-Rls,3,0,3,3,0,0,0,0,0,0,0,0,0,0
2021-12-29,BREAD,CrO-RLS,0,0,0,0,0,0,0,0,0,0,0,0,0,0
2021-12-29,BREAD,H-RLS,0,3,3,3,0,0,0,0,0,0,0,0,0,0
2021-12-29,BREAD,FR-RLS,0,0,0,0,0,0,0,0,0,0,0,0,0,0
2021-12-29,BREAD,VS-RLS,1,0,1,1,0,0,0,0,0,0,0,0,0,0
2021-12-29,BREAD,Blue Stru,0,4,4,4,0,0,0,0,0,0,0,0,0,0
2021-12-29,BREAD,Choc Carm,2,1,3,3,0,0,0,0,0,0,0,0,0,0
2021-12-29,BREAD,Pump Crb,1,2,3,1,0,0,2,0,0,0,0,0,0,0
2021-12-29,BREAD,Pump CC,0,5,5,3,1,0,1,0,0,0,0,0,0,0
2021-12-29,ROLLS,C-Rolls,0,36,36,36,0,0,0,0,0,0,0,0,0,0
2021-12-29,ROLLS,Mini C-Roll,0,0,0,0,0,0,0,0,0,0,0,0,0,0
2021-12-29,SCONES,Blueberry,0,0,0,0,0,0,0,0,0,0,0,0,0,0
2021-12-29,SCONES,Rasp Cream,0,11,11,7,4,0,0,0,0,0,0,0,0,0
2021-12-29,SCONES,Cherry,0,0,0,0,0,0,0,0,0,0,0,0,0,0
2021-12-29,SCONES,Butt Almond,0,0,0,0,0,0,0,0,0,0,0,0,0,0
2021-12-29,SCONES,Turtle,0,11,11,7,0,4,0,0,0,0,0,0,0,0
2021-12-29,SCONES,Cin Chip,0,0,0,0,0,0,0,0,0,0,0,0,0,0
2021-12-29,SCONES,CrO,0,0,0,0,0,0,0,0,0,0,0,0,0,0
2021-12-29,SCONES,CrO-WCC,0,0,0,0,0,0,0,0,0,0,0,0,0,0
2021-12-29,SCONES,FRUIT BAR,0,0,0,0,0,0,0,0,0,0,0,0,0,0
2021-12-29,SCONES,mixed berry,0,10,10,6,0,4,0,0,0,0,0,0,0,0
2021-12-29,SCONES,cherry,0,10,10,9,0,1,0,0,0,0,0,0,0,0
2021-12-29,SCONES,apple cin,0,0,0,0,0,0,0,0,0,0,0,0,0,0
2021-12-29,SCONES,Cran white choc,0,0,0,0,0,0,0,0,0,0,0,0,0,0
2021-12-29,MUFFINS,Blue Streusel,0,4,4,4,0,0,0,0,0,0,0,0,0,0
2021-12-29,MUFFINS,Choc Carm,0,3,3,3,0,0,0,0,0,0,0,0,0,0
2021-12-29,MUFFINS,Pump Cr,0,3,3,3,0,0,0,0,0,0,0,0,0,0
2021-12-29,MUFFINS,Pump CC,0,4,4,3,0,1,0,0,0,0,0,0,0,0
2021-12-29,COOKIES/BARS,oat cc,0,24,24,22,2,0,0,0,0,0,0,0,0,0
2021-12-29,COOKIES/BARS,St Nickerdo,6,23,29,24,2,0,3,0,0,0,0,0,0,0
2021-12-29,COOKIES/BARS,Triple CC,6,18,24,22,2,0,0,0,0,0,0,0,0,0
2021-12-29,COOKIES/BARS,frosted,19,0,19,12,0,0,7,0,0,0,0,0,0,0
2021-12-29,COOKIES/BARS,brownie,7,20,27,13,0,1,13,0,0,0,0,0,0,0
2021-12-29,COOKIES/BARS,Pump Bar,16,20,36,19,0,0,17,0,0,0,0,0,0,0
2021-12-29,COOKIES/BARS,Pump OH,0,0,0,0,0,0,0,0,0,0,0,0,0,0
2021-12-29,COOKIES/BARS,Bread Pudding,0,0,0,0,0,0,0,0,0,0,0,0,0,0
2021-12-29,COOKIES/BARS,Totals,54,197,251,190,10,11,40,0,0,0,0,0,0,0
2021-12-30,BREAD,H,11,38,49,16,0,0,33,0,0,0,0,0,0,0
2021-12-30,BREAD,FR,8,64,72,11,38,0,23,0,0,0,0,0,0,0
2021-12-30,BREAD,GW,16,3,19,13,0,4,2,0,0,0,0,0,0,0
2021-12-30,BREAD,DK,7,14,21,14,0,0,7,0,0,0,0,0,0,0
2021-12-30,BREAD,H5,1,13,14,1,0,0,13,0,0,0,0,0,0,0
2021-12-30,BREAD,CSWRL,0,24,24,24,0,0,0,0,5,5,4,0,0,0
2021-12-30,BREAD,M.P. Swl,0,0,0,0,0,0,0,0,0,0,0,0,0,0
2021-12-30,BREAD,CnE,8,0,8,8,0,0,0,2,0,2,2,0,0,0
2021-12-30,BREAD,CnR,0,0,0,0,0,0,0,0,0,0,0,0,0,0
2021-12-30,BREAD,RW,0,0,0,0,0,0,0,0,0,0,0,0,0,0
2021-12-30,BREAD,CB,0,0,0,0,0,0,0,0,0,0,0,0,0,0
2021-12-30,BREAD,CrO,0,7,7,6,0,0,1,0,3,3,0,0,0,3
2021-12-30,BREAD,TS,0,0,0,0,0,0,0,0,0,0,0,0,0,0
2021-12-30,BREAD,AA,0,0,0,0,0,0,0,0,0,0,0,0,0,0
2021-12-30,BREAD,CG,1,0,1,1,0,0,0,0,0,0,0,0,0,0
2021-12-30,BREAD,Pest,1,0,1,1,0,0,0,0,0,0,0,0,0,0
2021-12-30,BREAD,Jal,0,0,0,0,0,0,0,0,0,0,0,0,0,0
2021-12-30,BREAD,VS,0,9,9,4,0,0,5,0,3,3,3,0,0,0
2021-12-30,BREAD,SOUR,8,0,8,6,0,2,0,0,0,0,0,0,0,0
2021-12-30,BREAD,CH,0,0,0,-4,0,0,4,0,0,0,0,0,0,0
2021-12-30,BREAD,POP,0,0,0,0,0,0,0,0,0,0,0,0,0,0
2021-12-30,BREAD,WREATH,0,0,0,0,0,0,0,0,0,0,0,0,0,0
2021-12-30,BREAD,JCB,5,0,5,2,0,3,0,0,0,0,0,0,0,0
2021-12-30,BREAD,CAR,9,0,9,9,0,0,0,0,0,0,0,0,0,0
2021-12-30,BREAD,IHF,3,0,3,3,0,0,0,0,0,0,0,0,0,0
2021-12-30,BREAD,BUT-Rls,0,29,29,7,5,0,17,0,0,0,0,0,0,0
2021-12-30,BREAD,CrO-RLS,0,0,0,0,0,0,0,0,0,0,0,0,0,0
2021-12-30,BREAD,H-RLS,0,3,3,2,0,0,1,0,0,0,0,0,0,0
2021-12-30,BREAD,FR-RLS,0,0,0,0,0,0,0,0,0,0,0,0,0,0
2021-12-30,BREAD,VS-RLS,0,5,5,4,0,0,1,0,0,0,0,0,0,0
2021-12-30,BREAD,Blue Stru,0,4,4,3,0,0,1,0,0,0,0,0,0,0
2021-12-30,BREAD,Choc Carm,0,3,3,2,0,0,1,0,0,0,0,0,0,0
2021-12-30,BREAD,Pump Crb,2,1,3,1,0,1,1,0,0,0,0,0,0,0
2021-12-30,BREAD,Pump CC,1,3,4,4,0,0,0,0,0,0,0,0,0,0
2021-12-30,ROLLS,C-Rolls,0,48,48,48,0,0,0,0,0,0,0,0,0,0
2021-12-30,ROLLS,Mini C-Roll,0,0,0,0,0,0,0,0,0,0,0,0,0,0
2021-12-30,SCONES,Blueberry,0,20,20,20,0,0,0,0,0,0,0,0,0,0
2021-12-30,SCONES,Rasp Cream,0,0,0,0,0,0,0,0,0,0,0,0,0,0
2021-12-30,SCONES,Cherry,0,0,0,0,0,0,0,0,0,0,0,0,0,0
2021-12-30,SCONES,Butt Almond,0,0,0,0,0,0,0,0,0,0,0,0,0,0
2021-12-30,SCONES,Turtle,0,13,13,13,0,0,0,0,0,0,0,0,0,0
2021-12-30,SCONES,Cin Chip,0,0,0,0,0,0,0,0,0,0,0,0,0,0
2021-12-30,SCONES,CrO,0,0,0,0,0,0,0,0,0,0,0,0,0,0
2021-12-30,SCONES,CrO-WCC,0,0,0,0,0,0,0,0,0,0,0,0,0,0
2021-12-30,SCONES,FRUIT BAR,0,0,0,0,0,0,0,0,0,0,0,0,0,0
2021-12-30,SCONES,mixed berry,0,0,0,0,0,0,0,0,0,0,0,0,0,0
2021-12-30,SCONES,cherry,0,0,0,0,0,0,0,0,0,0,0,0,0,0
2021-12-30,SCONES,apple cin,0,10,10,5,0,5,0,0,0,0,0,0,0,0
2021-12-30,SCONES,Cran white choc,0,10,10,6,0,4,0,0,0,0,0,0,0,0
2021-12-30,MUFFINS,Blue Streusel,0,4,4,2,0,2,0,0,0,0,0,0,0,0
2021-12-30,MUFFINS,Choc Carm,0,3,3,3,0,0,0,0,0,0,0,0,0,0
2021-12-30,MUFFINS,Pump Cr,0,3,3,3,0,0,0,0,0,0,0,0,0,0
2021-12-30,MUFFINS,Pump CC,0,4,4,4,0,0,0,0,0,0,0,0,0,0
2021-12-30,COOKIES/BARS,oat cc,0,24,24,20,4,0,0,0,0,0,0,0,0,0
2021-12-30,COOKIES/BARS,St Nickerdo,3,24,27,11,3,0,13,0,0,0,0,0,0,0
2021-12-30,COOKIES/BARS,Triple CC,0,24,24,21,3,0,0,0,0,0,0,0,0,0
2021-12-30,COOKIES/BARS,frosted,7,6,13,2,0,5,6,0,0,0,0,0,0,0
2021-12-30,COOKIES/BARS,brownie,13,0,13,13,0,0,0,0,0,0,0,0,0,0
2021-12-30,COOKIES/BARS,Pump Bar,17,20,37,15,0,0,22,0,0,0,0,0,0,0
2021-12-30,COOKIES/BARS,Pump OH,0,0,0,0,0,0,0,0,0,0,0,0,0,0
2021-12-30,COOKIES/BARS,Bread Pudding,0,0,0,0,0,0,0,0,0,0,0,0,0,0
2021-12-30,COOKIES/BARS,Totals,40,213,253,186,10,16,41,0,0,0,0,0,0,0
2021-12-31,BREAD,H,33,0,33,9,0,24,0,0,0,0,0,0,0,0
2021-12-31,BREAD,FR,23,0,23,12,4,7,0,0,0,0,0,0,0,0
2021-12-31,BREAD,GW,2,0,2,-5,0,7,0,0,0,0,0,0,0,0
2021-12-31,BREAD,DK,7,0,7,7,0,0,0,0,0,0,0,0,0,0
2021-12-31,BREAD,H5,13,0,13,4,0,9,0,0,0,0,0,0,0,0
2021-12-31,BREAD,CSWRL,0,0,0,-15,0,15,0,0,0,0,-4,0,0,0
2021-12-31,BREAD,M.P. Swl,0,0,0,0,0,0,0,0,0,0,0,0,0,0
2021-12-31,BREAD,CnE,0,0,0,-6,3,3,0,0,0,0,0,0,0,0
2021-12-31,BREAD,CnR,0,0,0,-2,0,2,0,0,0,0,0,0,0,0
2021-12-31,BREAD,RW,0,0,0,-3,2,1,0,0,0,0,0,0,0,0
2021-12-31,BREAD,CB,0,0,0,0,0,0,0,0,0,0,0,0,0,0
2021-12-31,BREAD,CrO,1,0,1,1,0,0,0,3,0,3,3,0,0,0
2021-12-31,BREAD,TS,0,0,0,0,0,0,0,0,0,0,0,0,0,0
2021-12-31,BREAD,AA,0,0,0,0,0,0,0,0,0,0,0,0,0,0
2021-12-31,BREAD,CG,0,0,0,-3,3,0,0,0,0,0,0,0,0,0
2021-12-31,BREAD,Pest,0,0,0,0,0,0,0,0,0,0,0,0,0,0
2021-12-31,BREAD,Jal,0,0,0,0,0,0,0,0,0,0,0,0,0,0
2021-12-31,BREAD,VS,5,0,5,5,0,0,0,0,0,0,0,0,0,0
2021-12-31,BREAD,SOUR,0,0,0,-7,0,7,0,0,0,0,0,0,0,0
2021-12-31,BREAD,CH,4,0,4,4,0,0,0,0,0,0,0,0,0,0
2021-12-31,BREAD,POP,0,0,0,0,0,0,0,0,0,0,0,0,0,0
2021-12-31,BREAD,WREATH,0,0,0,0,0,0,0,0,0,0,0,0,0,0
2021-12-31,BREAD,CAR,0,0,0,0,0,0,0,0,0,0,0,0,0,0
2021-12-31,BREAD,IHF,0,0,0,0,0,0,0,0,0,0,0,0,0,0
2021-12-31,BREAD,BUT-Rls,17,0,17,17,0,0,0,0,0,0,0,0,0,0
2021-12-31,BREAD,CrO-RLS,0,0,0,0,0,0,0,0,0,0,0,0,0,0
2021-12-31,BREAD,H-RLS,1,0,1,1,0,0,0,0,0,0,0,0,0,0
2021-12-31,BREAD,FR-RLS,0,0,0,0,0,0,0,0,0,0,0,0,0,0
2021-12-31,BREAD,VS-RLS,1,0,1,1,0,0,0,0,0,0,0,0,0,0
2021-12-31,BREAD,Blue Stru,1,3,4,4,0,0,0,0,0,0,0,0,0,0
2021-12-31,BREAD,Choc Carm,1,1,2,1,0,1,0,0,0,0,0,0,0,0
2021-12-31,BREAD,Pump Crb,1,2,3,0,1,2,0,0,0,0,0,0,0,0
2021-12-31,BREAD,Pump CC,0,4,4,3,0,1,0,0,0,0,0,0,0,0
2021-12-31,ROLLS,C-Rolls,0,60,60,53,0,7,0,0,0,0,0,0,0,0
2021-12-31,ROLLS,Mini C-Roll,0,0,0,0,0,0,0,0,0,0,0,0,0,0
2021-12-31,SCONES,Blueberry,0,0,0,0,0,0,0,0,0,0,0,0,0,0
2021-12-31,SCONES,Rasp Cream,0,0,0,0,0,0,0,0,0,0,0,0,0,0
2021-12-31,SCONES,Cherry,0,17,17,14,0,3,0,0,0,0,0,0,0,0
2021-12-31,SCONES,Butt Almond,0,16,16,16,0,0,0,0,0,0,0,0,0,0
2021-12-31,SCONES,Turtle,0,0,0,0,0,0,0,0,0,0,0,0,0,0
2021-12-31,SCONES,Cin Chip,0,0,0,0,0,0,0,0,0,0,0,0,0,0
2021-12-31,SCONES,CrO,0,0,0,0,0,0,0,0,0,0,0,0,0,0
2021-12-31,SCONES,CrO-WCC,0,0,0,0,0,0,0,0,0,0,0,0,0,0
2021-12-31,SCONES,FRUIT BAR,0,0,0,0,0,0,0,0,0,0,0,0,0,0
2021-12-31,SCONES,mixed berry,0,10,10,10,0,0,0,0,0,0,0,0,0,0
2021-12-31,SCONES,cherry,0,10,10,10,0,0,0,0,0,0,0,0,0,0
2021-12-31,SCONES,apple cin,0,0,0,0,0,0,0,0,0,0,0,0,0,0
2021-12-31,SCONES,Cran white choc,0,0,0,0,0,0,0,0,0,0,0,0,0,0
2021-12-31,MUFFINS,Blue Streusel,0,4,4,4,0,0,0,0,0,0,0,0,0,0
2021-12-31,MUFFINS,Choc Carm,0,3,3,3,0,0,0,0,0,0,0,0,0,0
2021-12-31,MUFFINS,Pump Cr,0,3,3,2,0,1,0,0,0,0,0,0,0,0
2021-12-31,MUFFINS,Pump CC,0,5,5,4,0,1,0,0,0,0,0,0,0,0
2021-12-31,COOKIES/BARS,oat cc,0,18,18,9,0,9,0,0,4,4,0,0,0,0
2021-12-31,COOKIES/BARS,St Nickerdo,13,6,19,10,0,9,0,0,4,4,0,0,0,0
2021-12-31,COOKIES/BARS,Triple CC,0,18,18,17,0,1,0,0,4,4,0,0,0,0
2021-12-31,COOKIES/BARS,frosted,6,6,12,5,0,7,0,0,0,0,0,0,0,0
2021-12-31,COOKIES/BARS,brownie,0,20,20,8,0,12,0,0,0,0,0,0,0,0
2021-12-31,COOKIES/BARS,Pump Bar,22,0,22,8,0,7,7,0,0,0,0,0,0,0
2021-12-31,COOKIES/BARS,Pump OH,0,0,0,0,0,0,0,0,0,0,0,0,0,0
2021-12-31,COOKIES/BARS,Bread Pudding,0,0,0,-1,0,0,1,0,0,0,-7,0,0,7
2021-12-31,COOKIES/BARS,Totals,41,196,237,172,0,57,8,0,12,12,-7,0,0,7
