Date,Category,Product,START_OF_DAY_WHOLE,MADE_TODAY_WHOLE,AVAILABLE_TO_SELL_WHOLE,OUT_THE_DOOR_WHOLE,ORDERS_TODAY_WHOLE,REMOVED_AS_DAY_OLD_WHOLE,LEFT_WHOLE,START_OF_DAY_HALF,MADE_TODAY_HALF,AVAILABLE_TO_SELL_HALF,OUT_THE_DOOR_HALF,ORDERS_TODAY_HALF,REMOVED_AS_DAY_OLD_HALF,LEFT_HALF
2022-12-01,BREAD,H,22,20,42,17,0,0,25,0,0,0,0,0,0,0
2022-12-01,BREAD,FR,10,0,10,-44,34,0,20,0,0,0,0,0,0,0
2022-12-01,BREAD,GW,3,52,55,45,0,2,8,0,0,0,0,0,0,0
2022-12-01,BREAD,DK,9,9,18,15,0,0,3,0,0,0,0,0,0,0
2022-12-01,BREAD,H5,5,0,5,-9,4,0,10,0,0,0,0,0,0,0
2022-12-01,BREAD,CSWRL,4,13,17,1,1,0,15,1,0,1,-2,0,0,0
2022-12-01,BREAD,MP Swirl,2,0,2,-10,0,0,12,2,0,2,2,0,0,0
2022-12-01,BREAD,CnE,4,0,4,4,0,0,0,1,0,1,0,0,0,0
2022-12-01,BREAD,CnR,2,0,2,2,0,0,0,0,0,0,0,0,0,0
2022-12-01,BREAD,RW,2,0,2,1,0,1,0,0,0,0,0,0,0,0
2022-12-01,BREAD,Monkey,1,0,1,1,0,0,0,4,0,4,1,0,0,0
2022-12-01,BREAD,CB,0,23,23,7,0,0,16,0,8,8,3,0,0,5
2022-12-01,BREAD,CrO,4,0,4,3,0,1,0,0,0,0,0,0,0,0
2022-12-01,BREAD,AA,0,0,0,0,0,0,0,0,0,0,0,0,0,0
2022-12-01,BREAD,POP,8,0,8,2,0,6,0,0,0,0,0,0,0,0
2022-12-01,BREAD,PUMA,2,0,2,0,0,2,0,5,0,5,2,0,0,0
2022-12-01,BREAD,WREATH,3,0,3,0,0,3,0,0,0,0,0,0,0,0
2022-12-01,BREAD,VS,15,19,34,19,0,0,15,3,4,7,7,0,0,0
2022-12-01,BREAD,sour-TL,0,0,0,-9,0,0,9,0,0,0,0,0,0,0
2022-12-01,BREAD,OB,0,0,0,-2,0,0,2,0,0,0,0,0,0,0
2022-12-01,BREAD,Dry Stuf,22,0,22,9,0,0,13,0,0,0,0,0,0,0
2022-12-01,BREAD,Monkey tree,0,0,0,0,0,0,0,0,0,0,0,0,0,0
2022-12-01,BREAD,CAR,16,0,16,2,0,0,14,0,0,0,0,0,0,0
2022-12-01,BREAD,IHF,16,0,16,4,0,0,12,0,0,0,0,0,0,0
2022-12-01,BREAD,H,0,0,0,-1,0,1,0,0,0,0,0,0,0,0
2022-12-01,BREAD,FR Tree,0,0,0,0,0,0,0,0,0,0,0,0,0,0
2022-12-01,BREAD,VS,0,0,0,0,0,0,0,0,0,0,0,0,0,0
2022-12-01,BREAD,CnE Tree,0,0,0,0,0,0,0,0,0,0,0,0,0,0
2022-12-01,BREAD,BUTR,0,0,0,0,0,0,0,0,0,0,0,0,0,0
2022-12-01,BREAD,Tree,0,0,0,0,0,0,0,0,0,0,0,0,0,0
2022-12-01,BREAD,H-RLS,2,0,2,2,0,0,0,0,0,0,0,0,0,0
2022-12-01,BREAD,FR-RLS,0,2,2,2,0,0,0,0,0,0,0,0,0,0
2022-12-01,BREAD,VS-RLS,0,6,6,6,0,0,0,0,0,0,0,0,0,0
2022-12-01,BREAD,Blue Stru,2,3,5,2,0,1,2,0,0,0,0,0,0,0
2022-12-01,BREAD,Pump CC,0,7,7,1,1,0,5,0,0,0,0,0,0,0
2022-12-01,BREAD,Pump Cr,3,1,4,0,0,3,1,0,0,0,0,0,0,0
2022-12-01,BREAD,Capp Choc,1,3,4,0,0,1,3,0,0,0,0,0,0,0
2022-12-01,ROLLS,C-Rolls,0,36,36,35,0,1,0,0,0,0,0,0,0,0
2022-12-01,ROLLS,C-R Tree,0,0,0,-1,0,1,0,0,0,0,0,0,0,0
2022-12-01,ROLLS,Mini C-Roll,0,24,24,0,24,0,0,0,0,0,0,0,0,0
2022-12-01,SCONES,Blueberry,0,10,10,4,0,6,0,0,2,2,0,0,0,0
2022-12-01,SCONES,Apple Cran,0,0,0,0,0,0,0,0,0,0,0,0,0,0
2022-12-01,SCONES,Cherry,0,0,0,0,0,0,0,0,0,0,0,0,0,0
2022-12-01,SCONES,Butt Almond,0,0,0,0,0,0,0,0,0,0,0,0,0,0
2022-12-01,SCONES,Turtle,0,10,10,2,0,8,0,0,2,2,0,0,0,0
2022-12-01,SCONES,Cin Chip,0,0,0,0,0,0,0,0,0,0,0,0,0,0
2022-12-01,SCONES,Cr Orange,0,8,8,3,0,5,0,0,2,2,0,0,0,0
2022-12-01,SCONES,Cr Or WCC,0,8,8,7,0,1,0,0,2,2,0,0,0,0
2022-12-01,SCONES,FRUIT BAR,0,0,0,0,0,0,0,0,0,0,0,0,0,0
2022-12-01,SCONES,mixed berry,0,5,5,0,1,4,0,0,0,0,0,0,0,0
2022-12-01,SCONES,cherry,0,5,5,5,0,0,0,0,0,0,0,0,0,0
2022-12-01,SCONES,apple cin,0,5,5,3,1,1,0,0,0,0,0,0,0,0
2022-12-01,SCONES,Cran White Choc,0,5,5,2,1,2,0,0,0,0,0,0,0,0
2022-12-01,MUFFINS,Blue Stru,0,5,5,1,0,4,0,0,3,3,0,0,0,0
2022-12-01,MUFFINS,Pump CC,0,5,5,2,0,3,0,0,0,0,0,0,0,0
2022-12-01,MUFFINS,Pump Cr,0,4,4,0,0,4,0,0,0,0,0,0,0,0
2022-12-01,MUFFINS,Capp Choc,0,4,4,0,0,4,0,0,3,3,0,0,0,0
2022-12-01,COOKIES/BARS,oat cc,10,24,34,11,4,1,18,0,0,0,0,0,0,0
2022-12-01,COOKIES/BARS,triple cc,8,30,38,11,4,4,19,0,0,0,0,0,0,0
2022-12-01,COOKIES/BARS,St Nicker,22,12,34,19,4,5,6,0,0,0,0,0,0,0
2022-12-01,COOKIES/BARS,Ginger,0,24,24,10,0,0,14,0,0,0,0,0,0,0
2022-12-01,COOKIES/BARS,frosted,6,12,18,1,0,0,17,0,0,0,0,0,0,0
2022-12-01,COOKIES/BARS,Pump,0,0,0,0,0,0,0,0,0,0,0,0,0,0
2022-12-01,COOKIES/BARS,Pecan,0,0,0,0,0,0,0,0,0,0,0,0,0,0
2022-12-01,COOKIES/BARS,App,0,0,0,0,0,0,0,0,0,0,0,0,0,0
2022-12-01,COOKIES/BARS,AppCran,0,0,0,0,0,0,0,0,0,0,0,0,0,0
2022-12-01,COOKIES/BARS,Brown,16,0,16,9,0,0,7,0,0,0,0,0,0,0
2022-12-01,COOKIES/BARS,pepp,0,6,6,2,0,0,4,0,0,0,0,0,0,0
2022-12-01,COOKIES/BARS,Pump Bar,25,0,25,4,1,0,20,0,0,0,0,0,0,0
2022-12-01,COOKIES/BARS,Pump Ohhh,4,0,4,1,0,0,3,7,0,7,0,0,0,7
2022-12-01,COOKIES/BARS,Bread Pudding,0,0,0,0,0,0,0,0,0,0,0,0,0,0
2022-12-01,COOKIES/BARS,Totals,91,236,327,129,40,54,104,7,20,27,2,0,0,11
2022-12-02,BREAD,H,25,16,41,13,3,2,23,0,0,0,0,0,0,0
2022-12-02,BREAD,FR,20,19,39,21,0,0,18,0,0,0,0,0,0,0
2022-12-02,BREAD,GW,8,2,10,3,0,0,7,0,0,0,0,0,0,0
2022-12-02,BREAD,DK,3,15,18,4,0,0,14,0,0,0,0,0,0,0
2022-12-02,BREAD,H5,10,0,10,7,0,0,3,0,0,0,0,0,0,0
2022-12-02,BREAD,CSWRL,15,4,19,15,0,2,2,0,6,6,3,0,0,3
2022-12-02,BREAD,MP Swirl,12,0,12,10,0,2,0,0,4,4,2,0,0,2
2022-12-02,BREAD,CnE,0,17,17,3,0,0,14,0,6,6,0,0,0,6
2022-12-02,BREAD,CnR,0,6,6,3,0,0,3,0,0,0,0,0,0,0
2022-12-02,BREAD,RW,0,14,14,4,8,0,2,0,0,0,0,0,0,0
2022-12-02,BREAD,Monkey,0,2,2,-8,0,0,10,0,12,12,12,0,0,0
2022-12-02,BREAD,CB,16,0,16,2,0,0,14,5,0,5,0,0,0,5
2022-12-02,BREAD,CrO,0,17,17,4,0,0,13,0,5,5,4,0,0,1
2022-12-02,BREAD,AA,0,2,2,1,0,0,1,0,0,0,0,0,0,0
2022-12-02,BREAD,POP,0,11,11,7,0,0,4,0,4,4,2,0,0,2
2022-12-02,BREAD,PUMA,0,2,2,2,0,0,0,0,8,8,7,0,0,1
2022-12-02,BREAD,WREATH,0,2,2,0,0,0,2,0,0,0,0,0,0,0
2022-12-02,BREAD,VS,15,0,15,6,0,0,9,0,0,0,0,0,0,0
2022-12-02,BREAD,sour-TL,9,19,28,7,0,4,17,0,0,0,0,0,0,0
2022-12-02,BREAD,OB,2,8,10,2,0,1,7,0,0,0,0,0,0,0
2022-12-02,BREAD,Dry Stuf,13,0,13,0,0,0,13,0,0,0,0,0,0,0
2022-12-02,BREAD,Monkey tree,0,0,0,0,0,0,0,0,0,0,0,0,0,0
2022-12-02,BREAD,CAR,14,0,14,1,0,0,13,0,0,0,0,0,0,0
2022-12-02,BREAD,IHF,12,0,12,4,0,0,8,0,0,0,0,0,0,0
2022-12-02,BREAD,H,0,1,1,-1,0,0,2,0,0,0,0,0,0,0
2022-12-02,BREAD,FR Tree,0,0,0,-1,0,0,1,0,0,0,0,0,0,0
2022-12-02,BREAD,VS,0,0,0,0,0,0,0,0,0,0,0,0,0,0
2022-12-02,BREAD,CnE Tree,0,0,0,0,0,0,0,0,0,0,0,0,0,0
2022-12-02,BREAD,BUTR,0,26,26,9,0,0,17,0,0,0,0,0,0,0
2022-12-02,BREAD,Tree,0,2,2,2,0,0,0,0,0,0,0,0,0,0
2022-12-02,BREAD,H-RLS,0,4,4,3,0,0,1,0,0,0,0,0,0,0
2022-12-02,BREAD,FR-RLS,0,45,45,0,45,0,0,0,0,0,0,0,0,0
2022-12-02,BREAD,VS-RLS,0,0,0,0,0,0,0,0,0,0,0,0,0,0
2022-12-02,BREAD,Blue Stru,2,3,5,3,0,0,2,0,0,0,0,0,0,0
2022-12-02,BREAD,Pump CC,5,2,7,2,0,3,2,0,0,0,0,0,0,0
2022-12-02,BREAD,Pump Cr,1,4,5,0,0,1,4,0,0,0,0,0,0,0
2022-12-02,BREAD,Capp Choc,3,1,4,1,0,2,1,0,0,0,0,0,0,0
2022-12-02,ROLLS,C-Rolls,0,48,48,32,0,16,0,0,0,0,0,0,0,0
2022-12-02,ROLLS,C-R Tree,0,0,0,0,0,0,0,0,0,0,0,0,0,0
2022-12-02,ROLLS,Mini C-Roll,0,0,0,0,0,0,0,0,0,0,0,0,0,0
2022-12-02,SCONES,Blueberry,0,0,0,0,0,0,0,0,0,0,0,0,0,0
2022-12-02,SCONES,Apple Cran,0,0,0,0,0,0,0,0,0,0,0,0,0,0
2022-12-02,SCONES,Cherry,0,11,11,6,0,5,0,0,0,0,0,0,0,0
2022-12-02,SCONES,Butt Almond,0,10,10,6,0,4,0,0,0,0,0,0,0,0
2022-12-02,SCONES,Turtle,0,0,0,0,0,0,0,0,0,0,0,0,0,0
2022-12-02,SCONES,Cin Chip,0,0,0,0,0,0,0,0,0,0,0,0,0,0
2022-12-02,SCONES,Cr Orange,0,7,7,3,0,4,0,0,0,0,0,0,0,0
2022-12-02,SCONES,Cr Or WCC,0,7,7,5,0,2,0,0,0,0,0,0,0,0
2022-12-02,SCONES,FRUIT BAR,0,0,0,0,0,0,0,0,0,0,0,0,0,0
2022-12-02,SCONES,mixed berry,0,15,15,4,10,1,0,0,0,0,0,0,0,0
2022-12-02,SCONES,cherry,0,15,15,5,10,0,0,0,0,0,0,0,0,0
2022-12-02,SCONES,apple cin,0,15,15,2,10,3,0,0,0,0,0,0,0,0
2022-12-02,SCONES,Cran White Choc,0,15,15,3,10,2,0,0,0,0,0,0,0,0
2022-12-02,MUFFINS,Blue Stru,0,5,5,4,0,1,0,0,0,0,0,0,0,0
2022-12-02,MUFFINS,Pump CC,0,6,6,3,0,3,0,0,0,0,0,0,0,0
2022-12-02,MUFFINS,Pump Cr,0,5,5,1,0,4,0,0,0,0,0,0,0,0
2022-12-02,MUFFINS,Capp Choc,0,5,5,2,0,3,0,0,0,0,0,0,0,0
2022-12-02,COOKIES/BARS,oat cc,18,30,48,26,16,0,6,0,0,0,0,0,0,0
2022-12-02,COOKIES/BARS,triple cc,19,36,55,28,22,0,5,0,0,0,0,0,0,0
2022-12-02,COOKIES/BARS,St Nicker,6,54,60,37,23,0,0,0,0,0,0,0,0,0
2022-12-02,COOKIES/BARS,Ginger,14,12,26,7,0,0,19,0,0,0,0,0,0,0
2022-12-02,COOKIES/BARS,frosted,17,0,17,3,0,3,11,0,0,0,0,0,0,0
2022-12-02,COOKIES/BARS,Pump,0,10,10,2,0,0,8,0,0,0,0,0,0,0
2022-12-02,COOKIES/BARS,Pecan,0,10,10,3,0,0,7,0,0,0,0,0,0,0
2022-12-02,COOKIES/BARS,App,0,5,5,1,0,0,4,0,0,0,0,0,0,0
2022-12-02,COOKIES/BARS,AppCran,0,5,5,0,0,0,5,0,0,0,0,0,0,0
2022-12-02,COOKIES/BARS,Brown,7,40,47,1,20,4,22,0,0,0,0,0,0,0
2022-12-02,COOKIES/BARS,pepp,4,2,6,6,0,0,0,0,0,0,0,0,0,0
2022-12-02,COOKIES/BARS,Pump Bar,20,0,20,13,0,3,4,0,0,0,0,0,0,0
2022-12-02,COOKIES/BARS,Pump Ohhh,3,0,3,0,0,0,3,7,0,7,1,0,0,6
2022-12-02,COOKIES/BARS,Bread Pudding,0,0,0,0,0,0,0,0,0,0,0,0,0,0
2022-12-02,COOKIES/BARS,Totals,104,351,455,194,121,58,82,11,17,28,10,0,0,18
2022-12-03,BREAD,H,23,0,23,6,0,17,0,0,0,0,0,0,0,0
2022-12-03,BREAD,FR,18,0,18,14,0,4,0,0,0,0,0,0,0,0
2022-12-03,BREAD,GW,7,0,7,1,3,3,0,0,0,0,0,0,0,0
2022-12-03,BREAD,DK,14,0,14,9,0,5,0,0,0,0,0,0,0,0
2022-12-03,BREAD,H5,3,0,3,1,0,2,0,0,0,0,0,0,0,0
2022-12-03,BREAD,CSWRL,2,11,13,9,0,4,0,3,3,6,3,0,0,0
2022-12-03,BREAD,MP Swirl,0,12,12,6,2,4,0,2,2,4,0,0,0,0
2022-12-03,BREAD,CnE,14,0,14,14,0,0,0,6,0,6,3,0,0,0
2022-12-03,BREAD,CnR,3,0,3,3,0,0,0,0,0,0,0,0,0,0
2022-12-03,BREAD,RW,2,0,2,2,0,0,0,0,0,0,0,0,0,0
2022-12-03,BREAD,Monkey,10,0,10,8,0,2,0,0,0,0,0,0,0,0
2022-12-03,BREAD,CB,14,0,14,6,0,8,0,5,0,5,5,0,0,0
2022-12-03,BREAD,CrO,13,0,13,8,0,5,0,1,0,1,1,0,0,0
2022-12-03,BREAD,AA,1,0,1,1,0,0,0,0,0,0,0,0,0,0
2022-12-03,BREAD,POP,4,0,4,4,0,0,0,2,0,2,2,0,0,0
2022-12-03,BREAD,PUMA,0,0,0,0,0,0,0,1,0,1,1,0,0,0
2022-12-03,BREAD,WREATH,2,0,2,0,0,2,0,0,0,0,0,0,0,0
2022-12-03,BREAD,VS,9,0,9,6,0,3,0,0,0,0,0,0,0,0
2022-12-03,BREAD,sour-TL,17,0,17,7,0,10,0,0,0,0,0,0,0,0
2022-12-03,BREAD,OB,7,0,7,3,0,4,0,0,0,0,0,0,0,0
2022-12-03,BREAD,Dry Stuf,13,0,13,0,0,0,13,0,0,0,0,0,0,0
2022-12-03,BREAD,Monkey tree,0,0,0,0,0,0,0,0,0,0,0,0,0,0
2022-12-03,BREAD,CAR,13,0,13,13,0,0,0,0,0,0,0,0,0,0
2022-12-03,BREAD,IHF,8,0,8,8,0,0,0,0,0,0,0,0,0,0
2022-12-03,BREAD,H,2,0,2,1,0,1,0,0,0,0,0,0,0,0
2022-12-03,BREAD,FR Tree,1,0,1,1,0,0,0,0,0,0,0,0,0,0
2022-12-03,BREAD,VS,0,0,0,0,0,0,0,0,0,0,0,0,0,0
2022-12-03,BREAD,CnE Tree,0,0,0,0,0,0,0,0,0,0,0,0,0,0
2022-12-03,BREAD,BUTR,17,0,17,5,0,12,0,0,0,0,0,0,0,0
2022-12-03,BREAD,Tree,0,0,0,-2,0,2,0,0,0,0,0,0,0,0
2022-12-03,BREAD,H-RLS,1,0,1,1,0,0,0,0,0,0,0,0,0,0
2022-12-03,BREAD,FR-RLS,0,0,0,0,0,0,0,0,0,0,0,0,0,0
2022-12-03,BREAD,VS-RLS,0,0,0,0,0,0,0,0,0,0,0,0,0,0
2022-12-03,BREAD,Blue Stru,2,0,2,2,0,0,0,0,0,0,0,0,0,0
2022-12-03,BREAD,Pump CC,2,1,3,3,0,0,0,0,0,0,0,0,0,0
2022-12-03,BREAD,Pump Cr,4,0,4,1,0,3,0,0,0,0,0,0,0,0
2022-12-03,BREAD,Capp Choc,1,1,2,0,0,2,0,0,0,0,0,0,0,0
2022-12-03,ROLLS,C-Rolls,0,48,48,43,0,5,0,0,0,0,0,0,0,0
2022-12-03,ROLLS,C-R Tree,0,3,3,1,0,2,0,0,0,0,0,0,0,0
2022-12-03,ROLLS,Mini C-Roll,0,0,0,0,0,0,0,0,0,0,0,0,0,0
2022-12-03,SCONES,Blueberry,0,11,11,8,0,3,0,0,0,0,0,0,0,0
2022-12-03,SCONES,Apple Cran,0,0,0,0,0,0,0,0,0,0,0,0,0,0
2022-12-03,SCONES,Cherry,0,0,0,0,0,0,0,0,0,0,0,0,0,0
2022-12-03,SCONES,Butt Almond,0,11,11,9,0,2,0,0,0,0,0,0,0,0
2022-12-03,SCONES,Turtle,0,0,0,0,0,0,0,0,0,0,0,0,0,0
2022-12-03,SCONES,Cin Chip,0,0,0,0,0,0,0,0,0,0,0,0,0,0
2022-12-03,SCONES,Cr Orange,0,10,10,6,0,4,0,0,0,0,0,0,0,0
2022-12-03,SCONES,Cr Or WCC,0,10,10,5,0,5,0,0,0,0,0,0,0,0
2022-12-03,SCONES,FRUIT BAR,0,0,0,0,0,0,0,0,0,0,0,0,0,0
2022-12-03,SCONES,mixed berry,0,5,5,0,0,5,0,0,0,0,0,0,0,0
2022-12-03,SCONES,cherry,0,5,5,2,0,3,0,0,0,0,0,0,0,0
2022-12-03,SCONES,apple cin,0,5,5,2,0,3,0,0,0,0,0,0,0,0
2022-12-03,SCONES,Cran White Choc,0,5,5,2,0,3,0,0,0,0,0,0,0,0
2022-12-03,MUFFINS,Blue Stru,0,4,4,3,0,1,0,0,0,0,0,0,0,0
2022-12-03,MUFFINS,Pump CC,0,5,5,4,0,1,0,0,0,0,0,0,0,0
2022-12-03,MUFFINS,Pump Cr,0,4,4,4,0,0,0,0,0,0,0,0,0,0
2022-12-03,MUFFINS,Capp Choc,0,4,4,4,0,0,0,0,0,0,0,0,0,0
2022-12-03,COOKIES/BARS,oat cc,6,18,24,16,8,0,0,0,0,0,0,0,0,0
2022-12-03,COOKIES/BARS,triple cc,5,18,23,15,8,0,0,0,0,0,0,0,0,0
2022-12-03,COOKIES/BARS,St Nicker,0,24,24,13,8,3,0,0,0,0,0,0,0,0
2022-12-03,COOKIES/BARS,Ginger,19,0,19,3,0,4,12,0,0,0,0,0,0,0
2022-12-03,COOKIES/BARS,frosted,11,0,11,7,0,4,0,0,0,0,0,0,0,0
2022-12-03,COOKIES/BARS,Pump,8,0,8,1,0,0,7,0,0,0,0,0,0,0
2022-12-03,COOKIES/BARS,Pecan,7,0,7,0,0,0,7,0,0,0,0,0,0,0
2022-12-03,COOKIES/BARS,App,4,0,4,1,0,0,3,0,0,0,0,0,0,0
2022-12-03,COOKIES/BARS,AppCran,5,0,5,3,0,0,2,0,0,0,0,0,0,0
2022-12-03,COOKIES/BARS,Brown,22,0,22,14,0,0,8,0,0,0,0,0,0,0
2022-12-03,COOKIES/BARS,pepp,0,0,0,0,0,0,0,0,0,0,0,0,0,0
2022-12-03,COOKIES/BARS,Pump Bar,4,20,24,4,0,4,16,0,0,0,0,0,0,0
2022-12-03,COOKIES/BARS,Pump Ohhh,3,0,3,1,0,0,2,6,0,6,3,0,0,3
2022-12-03,COOKIES/BARS,Bread Pudding,0,0,0,0,0,0,0,0,0,0,0,0,0,0
2022-12-03,COOKIES/BARS,Totals,82,210,292,168,24,52,48,18,0,18,6,0,0,12
2022-12-04,BREAD,H,0,0,0,0,0,0,0,0,0,0,0,0,0,0
2022-12-04,BREAD,FR,0,0,0,0,0,0,0,0,0,0,0,0,0,0
2022-12-04,BREAD,GW,0,0,0,0,0,0,0,0,0,0,0,0,0,0
2022-12-04,BREAD,DK,0,0,0,0,0,0,0,0,0,0,0,0,0,0
2022-12-04,BREAD,H5,0,0,0,0,0,0,0,0,0,0,0,0,0,0
2022-12-04,BREAD,CSWRL,0,0,0,0,0,0,0,0,0,0,0,0,0,0
2022-12-04,BREAD,MP Swirl,0,0,0,0,0,0,0,0,0,0,0,0,0,0
2022-12-04,BREAD,CnE,0,0,0,0,0,0,0,0,0,0,0,0,0,0
2022-12-04,BREAD,CnR,0,0,0,0,0,0,0,0,0,0,0,0,0,0
2022-12-04,BREAD,RW,0,0,0,0,0,0,0,0,0,0,0,0,0,0
2022-12-04,BREAD,Monkey,0,0,0,0,0,0,0,0,0,0,0,0,0,0
2022-12-04,BREAD,CB,0,0,0,0,0,0,0,0,0,0,0,0,0,0
2022-12-04,BREAD,CrO,0,0,0,0,0,0,0,0,0,0,0,0,0,0
2022-12-04,BREAD,AA,0,0,0,0,0,0,0,0,0,0,0,0,0,0
2022-12-04,BREAD,POP,0,0,0,0,0,0,0,0,0,0,0,0,0,0
2022-12-04,BREAD,PUMA,0,0,0,0,0,0,0,0,0,0,0,0,0,0
2022-12-04,BREAD,WREATH,0,0,0,0,0,0,0,0,0,0,0,0,0,0
2022-12-04,BREAD,VS,0,0,0,0,0,0,0,0,0,0,0,0,0,0
2022-12-04,BREAD,sour-TL,0,0,0,0,0,0,0,0,0,0,0,0,0,0
2022-12-04,BREAD,OB,0,0,0,0,0,0,0,0,0,0,0,0,0,0
2022-12-04,BREAD,Dry Stuf,13,0,13,0,0,0,13,0,0,0,0,0,0,0
2022-12-04,BREAD,Monkey tree,0,0,0,0,0,0,0,0,0,0,0,0,0,0
2022-12-04,BREAD,CAR,0,0,0,0,0,0,0,0,0,0,0,0,0,0
2022-12-04,BREAD,IHF,0,0,0,0,0,0,0,0,0,0,0,0,0,0
2022-12-04,BREAD,H,0,0,0,0,0,0,0,0,0,0,0,0,0,0
2022-12-04,BREAD,FR Tree,0,0,0,0,0,0,0,0,0,0,0,0,0,0
2022-12-04,BREAD,VS,0,0,0,0,0,0,0,0,0,0,0,0,0,0
2022-12-04,BREAD,CnE Tree,0,0,0,0,0,0,0,0,0,0,0,0,0,0
2022-12-04,BREAD,BUTR,0,0,0,0,0,0,0,0,0,0,0,0,0,0
2022-12-04,BREAD,Tree,0,0,0,0,0,0,0,0,0,0,0,0,0,0
2022-12-04,BREAD,H-RLS,0,0,0,0,0,0,0,0,0,0,0,0,0,0
2022-12-04,BREAD,FR-RLS,0,0,0,0,0,0,0,0,0,0,0,0,0,0
2022-12-04,BREAD,VS-RLS,0,0,0,0,0,0,0,0,0,0,0,0,0,0
2022-12-04,BREAD,Blue Stru,0,0,0,0,0,0,0,0,0,0,0,0,0,0
2022-12-04,BREAD,Pump CC,0,0,0,0,0,0,0,0,0,0,0,0,0,0
2022-12-04,BREAD,Pump Cr,0,0,0,0,0,0,0,0,0,0,0,0,0,0
2022-12-04,BREAD,Capp Choc,0,0,0,0,0,0,0,0,0,0,0,0,0,0
2022-12-04,ROLLS,C-Rolls,0,36,36,36,0,0,0,0,0,0,0,0,0,0
2022-12-04,ROLLS,C-R Tree,0,0,0,0,0,0,0,0,0,0,0,0,0,0
2022-12-04,ROLLS,Mini C-Roll,0,0,0,0,0,0,0,0,0,0,0,0,0,0
2022-12-04,SCONES,Blueberry,0,0,0,0,0,0,0,0,0,0,0,0,0,0
2022-12-04,SCONES,Apple Cran,0,11,11,11,0,0,0,0,0,0,0,0,0,0
2022-12-04,SCONES,Cherry,0,0,0,0,0,0,0,0,0,0,0,0,0,0
2022-12-04,SCONES,Butt Almond,0,0,0,0,0,0,0,0,0,0,0,0,0,0
2022-12-04,SCONES,Turtle,0,0,0,0,0,0,0,0,0,0,0,0,0,0
2022-12-04,SCONES,Cin Chip,0,11,11,11,0,0,0,0,0,0,0,0,0,0
2022-12-04,SCONES,Cr Orange,0,8,8,8,0,0,0,0,0,0,0,0,0,0
2022-12-04,SCONES,Cr Or WCC,0,8,8,8,0,0,0,0,0,0,0,0,0,0
2022-12-04,SCONES,FRUIT BAR,0,0,0,0,0,0,0,0,0,0,0,0,0,0
2022-12-04,SCONES,mixed berry,0,5,5,5,0,0,0,0,0,0,0,0,0,0
2022-12-04,SCONES,cherry,0,5,5,5,0,0,0,0,0,0,0,0,0,0
2022-12-04,SCONES,apple cin,0,0,0,0,0,0,0,0,0,0,0,0,0,0
2022-12-04,SCONES,Cran White Choc,0,0,0,0,0,0,0,0,0,0,0,0,0,0
2022-12-04,MUFFINS,Blue Stru,0,4,4,4,0,0,0,0,0,0,0,0,0,0
2022-12-04,MUFFINS,Pump CC,0,5,5,5,0,0,0,0,0,0,0,0,0,0
2022-12-04,MUFFINS,Pump Cr,0,3,3,3,0,0,0,0,0,0,0,0,0,0
2022-12-04,MUFFINS,Capp Choc,0,3,3,3,0,0,0,0,0,0,0,0,0,0
2022-12-04,COOKIES/BARS,oat cc,0,0,0,0,0,0,0,0,0,0,0,0,0,0
2022-12-04,COOKIES/BARS,triple cc,0,0,0,0,0,0,0,0,0,0,0,0,0,0
2022-12-04,COOKIES/BARS,St Nicker,0,0,0,0,0,0,0,0,0,0,0,0,0,0
2022-12-04,COOKIES/BARS,Ginger,12,0,12,0,0,0,12,0,0,0,0,0,0,0
2022-12-04,COOKIES/BARS,frosted,0,0,0,0,0,0,0,0,0,0,0,0,0,0
2022-12-04,COOKIES/BARS,Pump,7,0,7,0,0,0,7,0,0,0,0,0,0,0
2022-12-04,COOKIES/BARS,Pecan,7,0,7,0,0,0,7,0,0,0,0,0,0,0
2022-12-04,COOKIES/BARS,App,3,0,3,0,0,0,3,0,0,0,0,0,0,0
2022-12-04,COOKIES/BARS,AppCran,2,0,2,0,0,0,2,0,0,0,0,0,0,0
2022-12-04,COOKIES/BARS,Brown,8,0,8,0,0,0,8,0,0,0,0,0,0,0
2022-12-04,COOKIES/BARS,pepp,0,0,0,0,0,0,0,0,0,0,0,0,0,0
2022-12-04,COOKIES/BARS,Pump Bar,16,0,16,0,0,0,16,0,0,0,0,0,0,0
2022-12-04,COOKIES/BARS,Pump Ohhh,2,0,2,0,0,0,2,3,0,3,0,0,0,3
2022-12-04,COOKIES/BARS,Bread Pudding,0,0,0,0,0,0,0,0,0,0,0,0,0,0
2022-12-04,COOKIES/BARS,Totals,48,99,147,99,0,0,48,12,0,12,0,0,0,12
2022-12-05,BREAD,H,0,29,29,10,0,0,19,0,0,0,0,0,0,0
2022-12-05,BREAD,FR,0,32,32,12,14,0,6,0,0,0,0,0,0,0
2022-12-05,BREAD,GW,0,4,4,2,0,0,2,0,0,0,0,0,0,0
2022-12-05,BREAD,DK,0,15,15,7,0,0,8,0,0,0,0,0,0,0
2022-12-05,BREAD,H5,0,0,0,0,0,0,0,0,0,0,0,0,0,0
2022-12-05,BREAD,CSWRL,0,16,16,10,0,0,6,0,5,5,2,0,0,1
2022-12-05,BREAD,MP Swirl,0,11,11,6,0,0,5,0,4,4,1,0,0,3
2022-12-05,BREAD,CnE,0,10,10,4,0,0,6,0,4,4,1,0,0,3
2022-12-05,BREAD,CnR,0,4,4,2,0,0,2,0,0,0,0,0,0,0
2022-12-05,BREAD,RW,0,4,4,0,0,0,4,0,0,0,0,0,0,0
2022-12-05,BREAD,Monkey,0,2,2,0,0,0,2,0,8,8,5,0,0,3
2022-12-05,BREAD,CB,0,0,0,0,0,0,0,0,0,0,0,0,0,0
2022-12-05,BREAD,CrO,0,8,8,4,0,0,4,0,4,4,2,0,0,2
2022-12-05,BREAD,AA,0,2,2,1,0,0,1,0,0,0,0,0,0,0
2022-12-05,BREAD,POP,0,12,12,6,0,0,6,0,4,4,4,0,0,0
2022-12-05,BREAD,PUMA,0,2,2,1,0,0,1,0,8,8,7,0,0,1
2022-12-05,BREAD,WREATH,0,2,2,0,0,0,2,0,0,0,0,0,0,0
2022-12-05,BREAD,VS,0,0,0,0,0,0,0,0,0,0,0,0,0,0
2022-12-05,BREAD,sour-TL,0,32,32,10,18,0,4,0,0,0,0,0,0,0
2022-12-05,BREAD,OB,0,8,8,6,0,0,2,0,0,0,0,0,0,0
2022-12-05,BREAD,JCB,0,0,0,0,0,0,0,0,0,0,0,0,0,0
2022-12-05,BREAD,Dry Stuf,13,0,13,0,0,0,13,0,0,0,0,0,0,0
2022-12-05,BREAD,Monkey tree,0,0,0,0,0,0,0,0,0,0,0,0,0,0
2022-12-05,BREAD,CAR,0,0,0,-12,0,0,12,0,0,0,0,0,0,0
2022-12-05,BREAD,IHF,0,0,0,-5,0,0,5,0,0,0,0,0,0,0
2022-12-05,BREAD,H,0,0,0,0,0,0,0,0,0,0,0,0,0,0
2022-12-05,BREAD,FR Tree,0,0,0,0,0,0,0,0,0,0,0,0,0,0
2022-12-05,BREAD,VS,0,0,0,0,0,0,0,0,0,0,0,0,0,0
2022-12-05,BREAD,CnE Tree,0,0,0,0,0,0,0,0,0,0,0,0,0,0
2022-12-05,BREAD,BUTR,0,0,0,0,0,0,0,0,0,0,0,0,0,0
2022-12-05,BREAD,Tree,0,0,0,0,0,0,0,0,0,0,0,0,0,0
2022-12-05,BREAD,H-RLS,0,4,4,0,0,0,4,0,0,0,0,0,0,0
2022-12-05,BREAD,FR-RLS,0,3,3,3,0,0,0,0,0,0,0,0,0,0
2022-12-05,BREAD,VS-RLS,0,0,0,0,0,0,0,0,0,0,0,0,0,0
2022-12-05,BREAD,Blue Stru,0,4,4,2,0,0,2,0,0,0,0,0,0,0
2022-12-05,BREAD,Pump CC,0,5,5,4,0,0,1,0,0,0,0,0,0,0
2022-12-05,BREAD,Pump Cr,0,3,3,1,0,0,2,0,0,0,0,0,0,0
2022-12-05,BREAD,Capp Choc,0,3,3,2,0,0,1,0,0,0,0,0,0,0
2022-12-05,ROLLS,C-Rolls,0,168,168,28,136,4,0,0,0,0,0,0,0,0
2022-12-05,ROLLS,C-R Tree,0,0,0,0,0,0,0,0,0,0,0,0,0,0
2022-12-05,ROLLS,Mini C-Roll,0,120,120,0,120,0,0,0,0,0,0,0,0,0
2022-12-05,SCONES,Blueberry,0,0,0,0,0,0,0,0,0,0,0,0,0,0
2022-12-05,SCONES,Apple Cran,0,11,11,6,0,5,0,0,0,0,0,0,0,0
2022-12-05,SCONES,Cherry,0,0,0,0,0,0,0,0,0,0,0,0,0,0
2022-12-05,SCONES,Butt Almond,0,0,0,0,0,0,0,0,0,0,0,0,0,0
2022-12-05,SCONES,Turtle,0,0,0,0,0,0,0,0,0,0,0,0,0,0
2022-12-05,SCONES,Cin Chip,0,11,11,9,0,2,0,0,0,0,0,0,0,0
2022-12-05,SCONES,Cr Orange,0,8,8,8,0,0,0,0,0,0,0,0,0,0
2022-12-05,SCONES,Cr Or WCC,0,8,8,4,0,4,0,0,0,0,0,0,0,0
2022-12-05,SCONES,FRUIT BAR,0,0,0,0,0,0,0,0,0,0,0,0,0,0
2022-12-05,SCONES,mixed berry,0,5,5,4,0,1,0,0,0,0,0,0,0,0
2022-12-05,SCONES,cherry,0,5,5,5,0,0,0,0,0,0,0,0,0,0
2022-12-05,SCONES,apple cin,0,0,0,0,0,0,0,0,0,0,0,0,0,0
2022-12-05,SCONES,Cran White Choc,0,0,0,0,0,0,0,0,0,0,0,0,0,0
2022-12-05,MUFFINS,Blue Stru,0,4,4,4,0,0,0,0,0,0,0,0,0,0
2022-12-05,MUFFINS,Pump CC,0,5,5,4,0,1,0,0,0,0,0,0,0,0
2022-12-05,MUFFINS,Pump Cr,0,3,3,3,0,0,0,0,0,0,0,0,0,0
2022-12-05,MUFFINS,Capp Choc,0,3,3,3,0,0,0,0,0,0,0,0,0,0
2022-12-05,COOKIES/BARS,oat cc,0,52,52,19,16,17,0,0,8,8,0,0,0,0
2022-12-05,COOKIES/BARS,triple cc,0,52,52,32,16,0,4,0,8,8,0,0,0,0
2022-12-05,COOKIES/BARS,St Nicker,0,52,52,12,16,0,24,0,8,8,0,0,0,0
2022-12-05,COOKIES/BARS,Ginger,12,19,31,0,0,0,31,0,0,0,0,0,0,0
2022-12-05,COOKIES/BARS,frosted,0,12,12,1,0,0,11,0,0,0,0,0,0,0
2022-12-05,COOKIES/BARS,Pump,7,0,7,2,0,5,0,0,0,0,0,0,0,0
2022-12-05,COOKIES/BARS,Pecan,7,0,7,2,0,5,0,0,0,0,0,0,0,0
2022-12-05,COOKIES/BARS,App,3,0,3,1,0,2,0,0,0,0,0,0,0,0
2022-12-05,COOKIES/BARS,AppCran,2,0,2,1,0,1,0,0,0,0,0,0,0,0
2022-12-05,COOKIES/BARS,Brown,8,20,28,8,0,0,20,0,0,0,0,0,0,0
2022-12-05,COOKIES/BARS,pepp,0,7,7,2,0,0,5,0,0,0,0,0,0,0
2022-12-05,COOKIES/BARS,Pump Bar,16,20,36,9,0,0,27,0,0,0,0,0,0,0
2022-12-05,COOKIES/BARS,Pump Ohhh,2,0,2,2,0,0,0,3,0,3,3,0,0,0
2022-12-05,COOKIES/BARS,Bread Pudding,0,0,0,0,0,0,0,0,0,0,0,0,0,0
2022-12-05,COOKIES/BARS,Totals,48,578,626,164,304,41,117,12,31,43,8,0,0,5
2022-12-06,BREAD,H,19,20,39,15,1,0,23,0,0,0,0,0,0,0
2022-12-06,BREAD,FR,6,19,25,15,0,0,10,0,0,0,0,0,0,0
2022-12-06,BREAD,GW,2,6,8,-15,20,3,0,0,0,0,0,0,0,0
2022-12-06,BREAD,DK,8,0,8,5,0,0,3,0,0,0,0,0,0,0
2022-12-06,BREAD,H5,0,16,16,0,4,0,12,0,4,4,4,0,0,0
2022-12-06,BREAD,CSWRL,6,28,34,10,20,0,4,1,6,7,6,0,0,1
2022-12-06,BREAD,MP Swirl,5,4,9,9,0,0,0,3,0,3,2,0,0,0
2022-12-06,BREAD,CnE,6,0,6,4,0,2,0,3,0,3,3,0,0,0
2022-12-06,BREAD,CnR,2,0,2,2,0,0,0,0,0,0,0,0,0,0
2022-12-06,BREAD,RW,4,0,4,4,0,0,0,0,0,0,0,0,0,0
2022-12-06,BREAD,Monkey,2,0,2,1,0,1,0,3,0,3,2,0,0,0
2022-12-06,BREAD,CB,0,13,13,5,0,0,8,0,6,6,0,0,0,6
2022-12-06,BREAD,CrO,4,0,4,3,0,1,0,2,0,2,2,0,0,0
2022-12-06,BREAD,AA,1,0,1,0,0,1,0,0,0,0,0,0,0,0
2022-12-06,BREAD,POP,6,0,6,3,0,3,0,0,0,0,0,0,0,0
2022-12-06,BREAD,PUMA,1,0,1,0,0,1,0,1,0,1,1,0,0,0
2022-12-06,BREAD,WREATH,2,0,2,0,0,2,0,0,0,0,0,0,0,0
2022-12-06,BREAD,VS,0,9,9,9,0,0,0,0,2,2,2,0,0,0
2022-12-06,BREAD,sour-TL,4,0,4,4,0,0,0,0,0,0,0,0,0,0
2022-12-06,BREAD,OB,2,0,2,1,0,1,0,0,0,0,0,0,0,0
2022-12-06,BREAD,JCB,0,0,0,0,0,0,0,0,0,0,0,0,0,0
2022-12-06,BREAD,Dry Stuf,13,0,13,0,0,0,13,0,0,0,0,0,0,0
2022-12-06,BREAD,Monkey tree,0,0,0,0,0,0,0,0,0,0,0,0,0,0
2022-12-06,BREAD,CAR,12,0,12,1,0,0,11,0,0,0,0,0,0,0
2022-12-06,BREAD,IHF,5,0,5,1,0,0,4,0,0,0,0,0,0,0
2022-12-06,BREAD,H,0,0,0,0,0,0,0,0,0,0,0,0,0,0
2022-12-06,BREAD,FR Tree,0,0,0,0,0,0,0,0,0,0,0,0,0,0
2022-12-06,BREAD,VS,0,0,0,0,0,0,0,0,0,0,0,0,0,0
2022-12-06,BREAD,CnE Tree,0,0,0,0,0,0,0,0,0,0,0,0,0,0
2022-12-06,BREAD,BUTR,0,0,0,0,0,0,0,0,0,0,0,0,0,0
2022-12-06,BREAD,Tree,0,0,0,0,0,0,0,0,0,0,0,0,0,0
2022-12-06,BREAD,H-RLS,4,0,4,1,0,3,0,0,0,0,0,0,0,0
2022-12-06,BREAD,FR-RLS,0,4,4,3,0,0,1,0,0,0,0,0,0,0
2022-12-06,BREAD,VS-RLS,0,6,6,1,0,0,5,0,0,0,0,0,0,0
2022-12-06,BREAD,Blue Stru,2,4,6,2,2,0,2,0,0,0,0,0,0,0
2022-12-06,BREAD,Pump CC,1,4,5,2,0,1,2,0,0,0,0,0,0,0
2022-12-06,BREAD,Pump Cr,2,1,3,0,0,2,1,0,0,0,0,0,0,0
2022-12-06,BREAD,Capp Choc,1,2,3,0,0,1,2,0,0,0,0,0,0,0
2022-12-06,ROLLS,C-Rolls,0,36,36,15,0,21,0,0,0,0,0,0,0,0
2022-12-06,ROLLS,C-R Tree,0,0,0,0,0,0,0,0,0,0,0,0,0,0
2022-12-06,ROLLS,Mini C-Roll,0,0,0,0,0,0,0,0,0,0,0,0,0,0
2022-12-06,SCONES,Blueberry,0,11,11,11,0,0,0,0,0,0,0,0,0,0
2022-12-06,SCONES,Apple Cran,0,0,0,0,0,0,0,0,0,0,0,0,0,0
2022-12-06,SCONES,Cherry,0,0,0,0,0,0,0,0,0,0,0,0,0,0
2022-12-06,SCONES,Butt Almond,0,0,0,0,0,0,0,0,0,0,0,0,0,0
2022-12-06,SCONES,Turtle,0,0,0,0,0,0,0,0,0,0,0,0,0,0
2022-12-06,SCONES,Cin Chip,0,11,11,8,0,3,0,0,0,0,0,0,0,0
2022-12-06,SCONES,Cr Orange,0,18,18,6,12,0,0,0,0,0,0,0,0,0
2022-12-06,SCONES,Cr Or WCC,0,6,6,6,0,0,0,0,0,0,0,0,0,0
2022-12-06,SCONES,FRUIT BAR,0,0,0,0,0,0,0,0,0,0,0,0,0,0
2022-12-06,SCONES,mixed berry,0,0,0,0,0,0,0,0,0,0,0,0,0,0
2022-12-06,SCONES,cherry,0,0,0,0,0,0,0,0,0,0,0,0,0,0
2022-12-06,SCONES,apple cin,0,5,5,2,0,3,0,0,0,0,0,0,0,0
2022-12-06,SCONES,Cran White Choc,0,5,5,2,0,3,0,0,0,0,0,0,0,0
2022-12-06,MUFFINS,Blue Stru,0,4,4,3,0,1,0,0,0,0,0,0,0,0
2022-12-06,MUFFINS,Pump CC,0,5,5,1,0,4,0,0,0,0,0,0,0,0
2022-12-06,MUFFINS,Pump Cr,0,3,3,0,0,3,0,0,0,0,0,0,0,0
2022-12-06,MUFFINS,Capp Choc,0,3,3,2,0,1,0,0,0,0,0,0,0,0
2022-12-06,COOKIES/BARS,oat cc,0,36,36,30,2,0,4,0,0,0,0,0,0,0
2022-12-06,COOKIES/BARS,triple cc,4,92,96,24,62,0,10,0,0,0,0,0,0,0
2022-12-06,COOKIES/BARS,St Nicker,24,12,36,24,2,0,10,0,0,0,0,0,0,0
2022-12-06,COOKIES/BARS,Ginger,31,0,31,2,0,0,29,0,0,0,0,0,0,0
2022-12-06,COOKIES/BARS,frosted,11,6,17,8,0,0,9,0,0,0,0,0,0,0
2022-12-06,COOKIES/BARS,Pump,0,0,0,0,0,0,0,0,0,0,0,0,0,0
2022-12-06,COOKIES/BARS,Pecan,0,0,0,-4,0,4,0,0,0,0,0,0,0,0
2022-12-06,COOKIES/BARS,App,0,0,0,-1,0,1,0,0,0,0,0,0,0,0
2022-12-06,COOKIES/BARS,AppCran,0,0,0,0,0,0,0,0,0,0,0,0,0,0
2022-12-06,COOKIES/BARS,Brown,20,0,20,12,0,4,4,0,0,0,0,0,0,0
2022-12-06,COOKIES/BARS,pepp,5,0,5,1,0,4,0,0,0,0,0,0,0,0
2022-12-06,COOKIES/BARS,Pump Bar,27,0,27,7,0,0,20,0,0,0,0,0,0,0
2022-12-06,COOKIES/BARS,Pump Ohhh,0,0,0,-2,0,0,2,0,0,0,-4,0,0,4
2022-12-06,COOKIES/BARS,Bread Pudding,0,0,0,0,0,0,0,0,0,0,0,0,0,0
2022-12-06,COOKIES/BARS,Totals,117,253,370,160,78,44,88,5,0,5,-7,0,0,4
2022-12-07,BREAD,H,23,19,42,11,8,5,18,0,0,0,0,0,0,0
2022-12-07,BREAD,FR,10,12,22,4,0,0,18,0,0,0,0,0,0,0
2022-12-07,BREAD,GW,0,8,8,1,2,0,5,0,0,0,0,0,0,0
2022-12-07,BREAD,DK,3,16,19,7,0,0,12,0,0,0,0,0,0,0
2022-12-07,BREAD,H5,12,0,12,3,0,0,9,0,0,0,0,0,0,0
2022-12-07,BREAD,CSWRL,4,12,16,7,0,0,9,1,12,13,5,0,0,8
2022-12-07,BREAD,MP Swirl,0,8,8,3,0,0,5,0,4,4,0,0,0,4
2022-12-07,BREAD,CnE,0,6,6,1,0,0,5,0,3,3,2,0,0,1
2022-12-07,BREAD,CnR,0,6,6,3,0,0,3,0,0,0,0,0,0,0
2022-12-07,BREAD,RW,0,6,6,3,0,0,3,0,0,0,0,0,0,0
2022-12-07,BREAD,Monkey,0,2,2,0,0,0,2,0,7,7,3,0,0,4
2022-12-07,BREAD,CB,8,0,8,7,0,1,0,6,0,6,5,0,0,0
2022-12-07,BREAD,CrO,0,12,12,2,6,0,4,0,11,11,1,0,0,4
2022-12-07,BREAD,AA,0,2,2,2,0,0,0,0,0,0,0,0,0,0
2022-12-07,BREAD,POP,0,10,10,2,0,0,8,0,5,5,3,0,0,2
2022-12-07,BREAD,PUMA,0,2,2,1,0,0,1,0,8,8,6,0,0,2
2022-12-07,BREAD,WREATH,0,2,2,2,0,0,0,0,0,0,0,0,0,0
2022-12-07,BREAD,VS,0,0,0,0,0,0,0,0,0,0,0,0,0,0
2022-12-07,BREAD,sour-TL,0,20,20,10,0,0,10,0,0,0,0,0,0,0
2022-12-07,BREAD,OB,0,3,3,2,0,0,1,0,0,0,0,0,0,0
2022-12-07,BREAD,JCB,0,19,19,1,17,0,1,0,0,0,0,0,0,0
2022-12-07,BREAD,Dry Stuf,13,0,13,0,0,0,13,0,0,0,0,0,0,0
2022-12-07,BREAD,Monkey tree,0,1,1,0,0,0,1,0,0,0,0,0,0,0
2022-12-07,BREAD,CAR,11,0,11,2,0,0,9,0,0,0,0,0,0,0
2022-12-07,BREAD,IHF,4,0,4,2,0,0,2,0,0,0,0,0,0,0
2022-12-07,BREAD,H,0,1,1,0,0,0,1,0,0,0,0,0,0,0
2022-12-07,BREAD,FR Tree,0,2,2,1,0,0,1,0,0,0,0,0,0,0
2022-12-07,BREAD,VS,0,0,0,0,0,0,0,0,0,0,0,0,0,0
2022-12-07,BREAD,CnE Tree,0,0,0,0,0,0,0,0,0,0,0,0,0,0
2022-12-07,BREAD,BUTR,0,0,0,0,0,0,0,0,0,0,0,0,0,0
2022-12-07,BREAD,Tree,0,0,0,0,0,0,0,0,0,0,0,0,0,0
2022-12-07,BREAD,H-RLS,0,2,2,1,0,0,1,0,0,0,0,0,0,0
2022-12-07,BREAD,FR-RLS,1,2,3,2,0,0,1,0,0,0,0,0,0,0
2022-12-07,BREAD,VS-RLS,5,0,5,5,0,0,0,0,0,0,0,0,0,0
2022-12-07,BREAD,Blue Stru,2,2,4,2,0,0,2,0,0,0,0,0,0,0
2022-12-07,BREAD,Pump CC,2,3,5,4,0,0,1,0,0,0,0,0,0,0
2022-12-07,BREAD,Pump Cr,1,2,3,1,0,0,2,0,0,0,0,0,0,0
2022-12-07,BREAD,Capp Choc,2,1,3,2,0,0,1,0,0,0,0,0,0,0
2022-12-07,ROLLS,C-Rolls,0,24,24,24,0,0,0,0,0,0,0,0,0,0
2022-12-07,ROLLS,C-R Tree,0,5,5,0,0,0,5,0,0,0,0,0,0,0
2022-12-07,ROLLS,Mini C-Roll,0,0,0,0,0,0,0,0,0,0,0,0,0,0
2022-12-07,SCONES,Blueberry,0,0,0,0,0,0,0,0,0,0,0,0,0,0
2022-12-07,SCONES,Apple Cran,0,11,11,5,0,6,0,0,0,0,0,0,0,0
2022-12-07,SCONES,Cherry,0,0,0,0,0,0,0,0,0,0,0,0,0,0
2022-12-07,SCONES,Butt Almond,0,0,0,0,0,0,0,0,0,0,0,0,0,0
2022-12-07,SCONES,Turtle,0,12,12,6,0,6,0,0,0,0,0,0,0,0
2022-12-07,SCONES,Cin Chip,0,0,0,0,0,0,0,0,0,0,0,0,0,0
2022-12-07,SCONES,Cr Orange,0,5,5,3,0,2,0,0,0,0,0,0,0,0
2022-12-07,SCONES,Cr Or WCC,0,11,11,6,0,5,0,0,0,0,0,0,0,0
2022-12-07,SCONES,FRUIT BAR,0,0,0,0,0,0,0,0,0,0,0,0,0,0
2022-12-07,SCONES,mixed berry,0,5,5,4,0,1,0,0,0,0,0,0,0,0
2022-12-07,SCONES,cherry,0,5,5,4,0,1,0,0,0,0,0,0,0,0
2022-12-07,SCONES,apple cin,0,0,0,0,0,0,0,0,0,0,0,0,0,0
2022-12-07,SCONES,Cran White Choc,0,0,0,0,0,0,0,0,0,0,0,0,0,0
2022-12-07,MUFFINS,Blue Stru,0,4,4,1,0,3,0,0,0,0,0,0,0,0
2022-12-07,MUFFINS,Pump CC,0,5,5,5,0,0,0,0,0,0,0,0,0,0
2022-12-07,MUFFINS,Pump Cr,0,3,3,1,0,2,0,0,0,0,0,0,0,0
2022-12-07,MUFFINS,Capp Choc,0,3,3,2,0,1,0,0,0,0,0,0,0,0
2022-12-07,COOKIES/BARS,oat cc,4,36,40,23,5,0,12,0,0,0,0,0,0,0
2022-12-07,COOKIES/BARS,triple cc,10,24,34,11,3,5,15,0,0,0,0,0,0,0
2022-12-07,COOKIES/BARS,St Nicker,10,24,34,4,3,6,21,0,0,0,0,0,0,0
2022-12-07,COOKIES/BARS,Ginger,29,0,29,4,0,6,19,0,0,0,0,0,0,0
2022-12-07,COOKIES/BARS,frosted,9,12,21,5,0,0,16,0,0,0,0,0,0,0
2022-12-07,COOKIES/BARS,Pump,0,0,0,0,0,0,0,0,0,0,0,0,0,0
2022-12-07,COOKIES/BARS,Pecan,0,0,0,0,0,0,0,0,0,0,0,0,0,0
2022-12-07,COOKIES/BARS,App,0,0,0,0,0,0,0,0,0,0,0,0,0,0
2022-12-07,COOKIES/BARS,AppCran,0,0,0,0,0,0,0,0,0,0,0,0,0,0
2022-12-07,COOKIES/BARS,Brown,4,20,24,5,0,0,19,0,0,0,0,0,0,0
2022-12-07,COOKIES/BARS,pepp,0,6,6,2,0,0,4,0,0,0,0,0,0,0
2022-12-07,COOKIES/BARS,Pump Bar,20,0,20,12,1,0,7,0,0,0,0,0,0,0
2022-12-07,COOKIES/BARS,Pump Ohhh,2,0,2,0,0,0,2,4,0,4,0,0,0,4
2022-12-07,COOKIES/BARS,Bread Pudding,0,0,0,0,0,0,0,0,0,0,0,0,0,0
2022-12-07,COOKIES/BARS,Totals,88,209,297,125,12,44,116,4,6,10,2,0,0,8
2022-12-08,BREAD,H,18,25,18,-12,5,5,20,0,0,0,0,0,0,0
2022-12-08,BREAD,FR,18,45,18,-33,38,0,13,0,0,0,0,0,0,0
2022-12-08,BREAD,GW,5,3,5,0,0,4,1,0,0,0,0,0,0,0
2022-12-08,BREAD,DK,12,0,12,6,0,0,6,0,0,0,0,0,0,0
2022-12-08,BREAD,H5,9,13,9,-10,0,7,12,0,0,0,-5,0,0,0
2022-12-08,BREAD,CSWRL,9,12,9,4,0,0,5,8,0,8,8,0,0,0
2022-12-08,BREAD,MP Swirl,5,4,5,4,0,0,1,4,0,4,2,0,0,0
2022-12-08,BREAD,CnE,5,0,5,5,0,0,0,1,0,1,1,0,0,0
2022-12-08,BREAD,CnR,3,0,3,1,0,2,0,0,0,0,0,0,0,0
2022-12-08,BREAD,RW,3,0,3,1,0,2,0,0,0,0,0,0,0,0
2022-12-08,BREAD,Monkey,2,0,2,0,0,2,0,4,0,4,2,0,0,0
2022-12-08,BREAD,CB,0,28,28,7,0,0,21,0,7,7,7,0,0,0
2022-12-08,BREAD,CrO,4,0,4,0,0,4,0,4,0,4,1,0,0,0
2022-12-08,BREAD,AA,0,0,0,0,0,0,0,0,0,0,0,0,0,0
2022-12-08,BREAD,POP,8,0,8,4,0,4,0,2,0,2,2,0,0,0
2022-12-08,BREAD,PUMA,1,0,1,1,0,0,0,2,0,2,2,0,0,0
2022-12-08,BREAD,WREATH,0,0,0,0,0,0,0,0,0,0,0,0,0,0
2022-12-08,BREAD,VS,0,15,15,10,0,0,5,0,4,4,1,0,0,3
2022-12-08,BREAD,sour-TL,10,0,10,7,0,3,0,0,0,0,0,0,0,0
2022-12-08,BREAD,OB,1,0,1,1,0,0,0,0,0,0,0,0,0,0
2022-12-08,BREAD,JCB,1,0,1,0,0,1,0,0,0,0,0,0,0,0
2022-12-08,BREAD,Dry Stuf,13,0,13,0,0,0,13,0,0,0,0,0,0,0
2022-12-08,BREAD,Monkey tree,1,0,1,0,0,1,0,0,0,0,0,0,0,0
2022-12-08,BREAD,CAR,9,0,9,1,0,0,8,0,0,0,0,0,0,0
2022-12-08,BREAD,IHF,2,20,22,6,0,0,16,0,0,0,0,0,0,0
2022-12-08,BREAD,H,1,0,1,1,0,0,0,0,0,0,0,0,0,0
2022-12-08,BREAD,FR Tree,1,0,1,1,0,0,0,0,0,0,0,0,0,0
2022-12-08,BREAD,VS,0,0,0,-2,0,0,2,0,0,0,0,0,0,0
2022-12-08,BREAD,CnE Tree,0,0,0,0,0,0,0,0,0,0,0,0,0,0
2022-12-08,BREAD,BUTR,0,0,0,0,0,0,0,0,0,0,0,0,0,0
2022-12-08,BREAD,Tree,0,0,0,0,0,0,0,0,0,0,0,0,0,0
2022-12-08,BREAD,H-RLS,1,3,4,4,0,0,0,0,0,0,0,0,0,0
2022-12-08,BREAD,FR-RLS,1,2,3,3,0,0,0,0,0,0,0,0,0,0
2022-12-08,BREAD,VS-RLS,0,12,12,8,4,0,0,0,0,0,0,0,0,0
2022-12-08,BREAD,Blue Stru,2,3,5,2,0,0,3,0,0,0,0,0,0,0
2022-12-08,BREAD,Pump CC,1,13,14,1,8,0,5,0,0,0,0,0,0,0
2022-12-08,BREAD,Pump Cr,2,10,12,3,8,0,1,0,0,0,0,0,0,0
2022-12-08,BREAD,Capp Choc,1,3,4,2,0,0,2,0,0,0,0,0,0,0
2022-12-08,ROLLS,C-Rolls,0,36,36,36,0,0,0,0,0,0,0,0,0,0
2022-12-08,ROLLS,C-R Tree,5,0,0,-3,0,3,0,0,0,0,0,0,0,0
2022-12-08,ROLLS,Mini C-Roll,0,0,0,0,0,0,0,0,0,0,0,0,0,0
2022-12-08,SCONES,Blueberry,0,11,11,11,0,0,0,0,0,0,0,0,0,0
2022-12-08,SCONES,Apple Cran,0,0,0,0,0,0,0,0,0,0,0,0,0,0
2022-12-08,SCONES,Cherry,0,0,0,0,0,0,0,0,0,0,0,0,0,0
2022-12-08,SCONES,Butt Almond,0,0,0,0,0,0,0,0,0,0,0,0,0,0
2022-12-08,SCONES,Turtle,0,11,11,10,0,1,0,0,0,0,0,0,0,0
2022-12-08,SCONES,Cin Chip,0,0,0,0,0,0,0,0,0,0,0,0,0,0
2022-12-08,SCONES,Cr Orange,0,8,8,1,0,7,0,0,0,0,0,0,0,0
2022-12-08,SCONES,Cr Or WCC,0,8,8,4,0,4,0,0,0,0,0,0,0,0
2022-12-08,SCONES,FRUIT BAR,0,0,0,0,0,0,0,0,0,0,0,0,0,0
2022-12-08,SCONES,mixed berry,0,5,5,4,0,1,0,0,0,0,0,0,0,0
2022-12-08,SCONES,cherry,0,5,5,4,0,1,0,0,0,0,0,0,0,0
2022-12-08,SCONES,apple cin,0,5,5,1,0,4,0,0,0,0,0,0,0,0
2022-12-08,SCONES,Cran White Choc,0,5,5,4,0,1,0,0,0,0,0,0,0,0
2022-12-08,MUFFINS,Blue Stru,0,5,5,5,0,0,0,0,0,0,0,0,0,0
2022-12-08,MUFFINS,Pump CC,0,5,5,2,0,3,0,0,0,0,0,0,0,0
2022-12-08,MUFFINS,Pump Cr,0,4,4,0,0,4,0,0,0,0,0,0,0,0
2022-12-08,MUFFINS,Capp Choc,0,4,4,3,0,1,0,0,0,0,0,0,0,0
2022-12-08,COOKIES/BARS,oat cc,12,42,54,9,20,0,25,0,0,0,0,0,0,0
2022-12-08,COOKIES/BARS,triple cc,15,36,51,18,20,0,13,0,0,0,0,0,0,0
2022-12-08,COOKIES/BARS,St Nicker,21,30,51,14,21,0,16,0,0,0,0,0,0,0
2022-12-08,COOKIES/BARS,Ginger,19,0,19,4,0,0,15,0,0,0,0,0,0,0
2022-12-08,COOKIES/BARS,frosted,16,0,16,7,0,2,7,0,0,0,0,0,0,0
2022-12-08,COOKIES/BARS,Pump,0,0,0,0,0,0,0,0,0,0,0,0,0,0
2022-12-08,COOKIES/BARS,Pecan,0,0,0,0,0,0,0,0,0,0,0,0,0,0
2022-12-08,COOKIES/BARS,App,0,0,0,0,0,0,0,0,0,0,0,0,0,0
2022-12-08,COOKIES/BARS,AppCran,0,0,0,0,0,0,0,0,0,0,0,0,0,0
2022-12-08,COOKIES/BARS,Brown,19,0,19,12,0,1,6,0,0,0,0,0,0,0
2022-12-08,COOKIES/BARS,pepp,4,2,6,2,0,4,0,0,0,0,0,0,0,0
2022-12-08,COOKIES/BARS,Pump Bar,7,20,27,-2,0,0,29,0,0,0,0,0,0,0
2022-12-08,COOKIES/BARS,Pump Ohhh,2,0,2,0,0,0,2,4,0,4,0,0,0,4
2022-12-08,COOKIES/BARS,Bread Pudding,0,0,0,0,0,0,0,0,0,0,0,0,0,0
2022-12-08,COOKIES/BARS,Totals,116,240,351,144,61,33,113,8,2,10,2,0,0,4
2022-12-09,BREAD,H,20,25,45,16,10,0,19,0,0,0,0,0,0,0
2022-12-09,BREAD,FR,13,33,46,20,6,0,20,0,0,0,0,0,0,0
2022-12-09,BREAD,GW,1,2,3,-2,2,0,3,0,0,0,0,0,0,0
2022-12-09,BREAD,DK,6,15,21,7,0,0,14,0,0,0,0,0,0,0
2022-12-09,BREAD,H5,12,0,12,2,0,0,10,0,0,0,0,0,0,0
2022-12-09,BREAD,CSWRL,5,12,17,13,0,0,4,0,10,10,6,0,0,4
2022-12-09,BREAD,MP Swirl,1,12,13,4,0,0,9,0,5,5,1,0,0,4
2022-12-09,BREAD,CnE,0,18,18,5,0,0,13,0,5,5,3,0,0,2
2022-12-09,BREAD,CnR,0,6,6,3,0,0,3,0,0,0,0,0,0,0
2022-12-09,BREAD,RW,0,6,6,3,0,0,3,0,0,0,0,0,0,0
2022-12-09,BREAD,Monkey,0,0,0,0,0,0,0,0,10,10,2,0,0,8
2022-12-09,BREAD,CB,21,0,21,5,0,0,16,0,0,0,-5,0,0,5
2022-12-09,BREAD,CrO,0,17,17,5,0,0,12,0,5,5,5,0,0,0
2022-12-09,BREAD,AA,0,0,0,0,0,0,0,0,0,0,0,0,0,0
2022-12-09,BREAD,POP,0,11,11,2,0,0,9,0,4,4,2,0,0,2
2022-12-09,BREAD,PUMA,0,2,2,0,0,0,2,0,8,8,6,0,0,2
2022-12-09,BREAD,WREATH,0,2,2,0,0,0,2,0,0,0,0,0,0,0
2022-12-09,BREAD,VS,5,0,5,5,0,0,0,3,0,3,2,0,0,1
2022-12-09,BREAD,sour-TL,0,18,18,7,0,0,11,0,0,0,0,0,0,0
2022-12-09,BREAD,OB,0,9,9,0,0,0,9,0,0,0,0,0,0,0
2022-12-09,BREAD,Dry Stuf,13,0,13,0,0,0,13,0,0,0,0,0,0,0
2022-12-09,BREAD,Monkey tree,0,2,2,0,0,0,2,0,0,0,0,0,0,0
2022-12-09,BREAD,CAR,8,0,8,3,0,0,5,0,0,0,0,0,0,0
2022-12-09,BREAD,IHF,16,0,16,-1,0,0,17,0,0,0,0,0,0,0
2022-12-09,BREAD,H,0,1,1,0,0,0,1,0,0,0,0,0,0,0
2022-12-09,BREAD,FR Tree,0,0,0,0,0,0,0,0,0,0,0,0,0,0
2022-12-09,BREAD,VS,2,0,2,0,0,0,2,0,0,0,0,0,0,0
2022-12-09,BREAD,CnE Tree,0,0,0,0,0,0,0,0,0,0,0,0,0,0
2022-12-09,BREAD,BUTR,0,24,24,3,1,0,20,0,0,0,0,0,0,0
2022-12-09,BREAD,Tree,0,2,2,0,0,0,2,0,0,0,0,0,0,0
2022-12-09,BREAD,H-RLS,0,4,4,2,1,0,1,0,0,0,0,0,0,0
2022-12-09,BREAD,FR-RLS,0,0,0,0,0,0,0,0,0,0,0,0,0,0
2022-12-09,BREAD,VS-RLS,0,0,0,0,0,0,0,0,0,0,0,0,0,0
2022-12-09,BREAD,Blue Stru,3,2,5,1,0,0,4,0,0,0,0,0,0,0
2022-12-09,BREAD,Pump CC,5,2,7,3,0,3,1,0,0,0,0,0,0,0
2022-12-09,BREAD,Pump Cr,1,4,5,2,0,0,3,0,0,0,0,0,0,0
2022-12-09,BREAD,Capp Choc,2,2,4,3,0,0,1,0,0,0,0,0,0,0
2022-12-09,ROLLS,C-Rolls,0,48,48,38,0,10,0,0,0,0,0,0,0,0
2022-12-09,ROLLS,C-R Tree,0,0,0,-5,0,0,5,0,0,0,0,0,0,0
2022-12-09,ROLLS,Mini C-Roll,0,0,0,0,0,0,0,0,0,0,0,0,0,0
2022-12-09,SCONES,Blueberry,0,0,0,0,0,0,0,0,0,0,0,0,0,0
2022-12-09,SCONES,Apple Cran,0,0,0,0,0,0,0,0,0,0,0,0,0,0
2022-12-09,SCONES,Cherry,0,11,11,8,0,3,0,0,0,0,0,0,0,0
2022-12-09,SCONES,Butt Almond,0,11,11,11,0,0,0,0,0,0,0,0,0,0
2022-12-09,SCONES,Turtle,0,0,0,0,0,0,0,0,0,0,0,0,0,0
2022-12-09,SCONES,Cin Chip,0,0,0,0,0,0,0,0,0,0,0,0,0,0
2022-12-09,SCONES,Cr Orange,0,10,10,10,0,0,0,0,0,0,0,0,0,0
2022-12-09,SCONES,Cr Or WCC,0,10,10,8,0,2,0,0,0,0,0,0,0,0
2022-12-09,SCONES,FRUIT BAR,0,0,0,0,0,0,0,0,0,0,0,0,0,0
2022-12-09,SCONES,mixed berry,0,5,5,3,0,2,0,0,0,0,0,0,0,0
2022-12-09,SCONES,cherry,0,5,5,3,0,2,0,0,0,0,0,0,0,0
2022-12-09,SCONES,apple cin,0,5,5,4,0,1,0,0,0,0,0,0,0,0
2022-12-09,SCONES,Cran White Choc,0,5,5,4,0,1,0,0,0,0,0,0,0,0
2022-12-09,MUFFINS,Blue Stru,0,5,5,4,0,1,0,0,0,0,0,0,0,0
2022-12-09,MUFFINS,Pump CC,0,6,6,3,0,3,0,0,0,0,0,0,0,0
2022-12-09,MUFFINS,Pump Cr,0,5,5,2,0,3,0,0,0,0,0,0,0,0
2022-12-09,MUFFINS,Capp Choc,0,5,5,2,0,3,0,0,0,0,0,0,0,0
2022-12-09,COOKIES/BARS,oat cc,25,12,37,25,4,4,4,0,0,0,0,0,0,0
2022-12-09,COOKIES/BARS,triple cc,13,24,37,18,4,6,9,0,0,0,0,0,0,0
2022-12-09,COOKIES/BARS,St Nicker,16,24,40,24,4,2,10,0,0,0,0,0,0,0
2022-12-09,COOKIES/BARS,Ginger,15,12,27,8,0,0,19,0,0,0,0,0,0,0
2022-12-09,COOKIES/BARS,frosted,7,6,13,7,0,0,6,0,0,0,0,0,0,0
2022-12-09,COOKIES/BARS,Pump,0,10,10,2,0,0,8,0,0,0,0,0,0,0
2022-12-09,COOKIES/BARS,Pecan,0,8,8,0,0,0,8,0,0,0,0,0,0,0
2022-12-09,COOKIES/BARS,App,0,5,5,3,0,0,2,0,0,0,0,0,0,0
2022-12-09,COOKIES/BARS,AppCran,0,5,5,1,0,0,4,0,0,0,0,0,0,0
2022-12-09,COOKIES/BARS,Brown,6,20,26,10,0,0,16,0,0,0,0,0,0,0
2022-12-09,COOKIES/BARS,pepp,0,8,8,2,0,0,6,0,0,0,0,0,0,0
2022-12-09,COOKIES/BARS,Pump Bar,29,0,29,2,0,0,27,0,0,0,0,0,0,0
2022-12-09,COOKIES/BARS,Pump Ohhh,2,8,10,2,0,0,8,4,8,12,4,0,0,8
2022-12-09,COOKIES/BARS,Bread Pudding,0,0,0,0,0,0,0,0,0,0,0,0,0,0
2022-12-09,COOKIES/BARS,Totals,113,252,365,196,12,43,114,4,29,33,7,0,0,26
2022-12-10,BREAD,H,19,0,19,8,0,11,0,0,0,0,0,0,0,0
2022-12-10,BREAD,FR,20,0,20,15,0,5,0,0,0,0,0,0,0,0
2022-12-10,BREAD,GW,3,5,8,3,0,5,0,0,0,0,0,0,0,0
2022-12-10,BREAD,DK,14,0,14,9,0,5,0,0,0,0,0,0,0,0
2022-12-10,BREAD,H5,10,0,10,3,0,7,0,0,0,0,0,0,0,0
2022-12-10,BREAD,CSWRL,4,13,17,7,0,10,0,4,4,8,3,0,0,0
2022-12-10,BREAD,MP Swirl,9,0,9,5,0,4,0,4,0,4,2,0,0,0
2022-12-10,BREAD,CnE,13,0,13,4,0,9,0,2,0,2,2,0,0,0
2022-12-10,BREAD,CnR,3,0,3,3,0,0,0,0,0,0,0,0,0,0
2022-12-10,BREAD,RW,3,0,3,2,0,1,0,0,0,0,0,0,0,0
2022-12-10,BREAD,Monkey,0,0,0,0,0,0,0,8,0,8,5,0,0,0
2022-12-10,BREAD,CB,16,0,16,12,0,4,0,5,0,5,2,0,0,0
2022-12-10,BREAD,CrO,12,0,12,4,0,8,0,0,0,0,0,0,0,0
2022-12-10,BREAD,AA,0,0,0,0,0,0,0,0,0,0,0,0,0,0
2022-12-10,BREAD,POP,9,0,9,4,0,5,0,2,0,2,2,0,0,0
2022-12-10,BREAD,PUMA,2,0,2,0,0,2,0,2,0,2,2,0,0,0
2022-12-10,BREAD,WREATH,2,0,2,1,0,1,0,0,0,0,0,0,0,0
2022-12-10,BREAD,VS,0,0,0,0,0,0,0,1,0,1,1,0,0,0
2022-12-10,BREAD,sour-TL,11,0,11,6,0,5,0,0,0,0,0,0,0,0
2022-12-10,BREAD,OB,9,0,9,2,0,7,0,0,0,0,0,0,0,0
2022-12-10,BREAD,Dry Stuf,13,0,13,0,0,0,13,0,0,0,0,0,0,0
2022-12-10,BREAD,Monkey tree,2,0,2,2,0,0,0,0,0,0,0,0,0,0
2022-12-10,BREAD,CAR,5,0,5,5,0,0,0,0,0,0,0,0,0,0
2022-12-10,BREAD,IHF,17,0,17,17,0,0,0,0,0,0,0,0,0,0
2022-12-10,BREAD,H,1,0,1,0,0,1,0,0,0,0,0,0,0,0
2022-12-10,BREAD,FR Tree,0,0,0,0,0,0,0,0,0,0,0,0,0,0
2022-12-10,BREAD,VS,2,0,2,2,0,0,0,0,0,0,0,0,0,0
2022-12-10,BREAD,CnE Tree,0,0,0,0,0,0,0,0,0,0,0,0,0,0
2022-12-10,BREAD,BUTR,20,0,20,3,0,17,0,0,0,0,0,0,0,0
2022-12-10,BREAD,Tree,2,0,2,0,0,2,0,0,0,0,0,0,0,0
2022-12-10,BREAD,H-RLS,1,0,1,1,0,0,0,0,0,0,0,0,0,0
2022-12-10,BREAD,FR-RLS,0,0,0,0,0,0,0,0,0,0,0,0,0,0
2022-12-10,BREAD,VS-RLS,0,0,0,0,0,0,0,0,0,0,0,0,0,0
2022-12-10,BREAD,Blue Stru,4,0,4,2,0,2,0,0,0,0,0,0,0,0
2022-12-10,BREAD,Pump CC,1,2,3,1,0,2,0,0,0,0,0,0,0,0
2022-12-10,BREAD,Pump Cr,3,0,3,1,0,2,0,0,0,0,0,0,0,0
2022-12-10,BREAD,Capp Choc,1,1,2,1,0,1,0,0,0,0,0,0,0,0
2022-12-10,ROLLS,C-Rolls,0,48,48,40,0,8,0,0,0,0,0,0,0,0
2022-12-10,ROLLS,C-R Tree,5,0,0,0,0,0,0,0,0,0,0,0,0,0
2022-12-10,ROLLS,Mini C-Roll,0,0,0,0,0,0,0,0,0,0,0,0,0,0
2022-12-10,SCONES,Blueberry,0,11,11,9,0,2,0,0,0,0,0,0,0,0
2022-12-10,SCONES,Apple Cran,0,0,0,0,0,0,0,0,0,0,0,0,0,0
2022-12-10,SCONES,Cherry,0,0,0,0,0,0,0,0,0,0,0,0,0,0
2022-12-10,SCONES,Butt Almond,0,11,11,11,0,0,0,0,0,0,0,0,0,0
2022-12-10,SCONES,Turtle,0,0,0,0,0,0,0,0,0,0,0,0,0,0
2022-12-10,SCONES,Cin Chip,0,0,0,0,0,0,0,0,0,0,0,0,0,0
2022-12-10,SCONES,Cr Orange,0,10,10,6,0,4,0,0,0,0,0,0,0,0
2022-12-10,SCONES,Cr Or WCC,0,10,10,10,0,0,0,0,0,0,0,0,0,0
2022-12-10,SCONES,FRUIT BAR,0,0,0,0,0,0,0,0,0,0,0,0,0,0
2022-12-10,SCONES,mixed berry,0,5,5,2,0,3,0,0,0,0,0,0,0,0
2022-12-10,SCONES,cherry,0,5,5,3,0,2,0,0,0,0,0,0,0,0
2022-12-10,SCONES,apple cin,0,5,5,3,0,2,0,0,0,0,0,0,0,0
2022-12-10,SCONES,Cran White Choc,0,5,5,1,0,4,0,0,0,0,0,0,0,0
2022-12-10,MUFFINS,Blue Stru,0,4,4,4,0,0,0,0,0,0,0,0,0,0
2022-12-10,MUFFINS,Pump CC,0,5,5,5,0,0,0,0,0,0,0,0,0,0
2022-12-10,MUFFINS,Pump Cr,0,4,4,4,0,0,0,0,0,0,0,0,0,0
2022-12-10,MUFFINS,Capp Choc,0,4,4,4,0,0,0,0,0,0,0,0,0,0
2022-12-10,COOKIES/BARS,oat cc,4,12,16,12,0,4,0,0,0,0,0,0,0,0
2022-12-10,COOKIES/BARS,triple cc,9,6,15,15,0,0,0,0,0,0,0,0,0,0
2022-12-10,COOKIES/BARS,St Nicker,10,6,16,11,0,5,0,0,0,0,0,0,0,0
2022-12-10,COOKIES/BARS,Ginger,19,0,19,1,0,9,9,0,0,0,0,0,0,0
2022-12-10,COOKIES/BARS,frosted,6,6,12,2,0,4,6,0,0,0,0,0,0,0
2022-12-10,COOKIES/BARS,Pump,8,0,8,0,0,0,8,0,0,0,0,0,0,0
2022-12-10,COOKIES/BARS,Pecan,8,0,8,3,0,0,5,0,0,0,0,0,0,0
2022-12-10,COOKIES/BARS,App,2,0,2,0,0,0,2,0,0,0,0,0,0,0
2022-12-10,COOKIES/BARS,AppCran,4,0,4,2,0,0,2,0,0,0,0,0,0,0
2022-12-10,COOKIES/BARS,Brown,16,0,16,2,0,4,10,0,0,0,0,0,0,0
2022-12-10,COOKIES/BARS,pepp,6,0,6,0,0,6,0,0,0,0,0,0,0,0
2022-12-10,COOKIES/BARS,Pump Bar,27,0,27,7,0,0,20,0,0,0,0,0,0,0
2022-12-10,COOKIES/BARS,Pump Ohhh,8,0,8,8,0,0,0,8,0,8,8,0,0,0
2022-12-10,COOKIES/BARS,Bread Pudding,0,0,0,0,0,0,0,0,0,0,0,0,0,0
2022-12-10,COOKIES/BARS,Totals,114,157,266,160,0,51,55,26,0,26,13,0,0,7
2022-12-11,BREAD,H,0,0,0,0,0,0,0,0,0,0,0,0,0,0
2022-12-11,BREAD,FR,0,0,0,0,0,0,0,0,0,0,0,0,0,0
2022-12-11,BREAD,GW,0,0,0,0,0,0,0,0,0,0,0,0,0,0
2022-12-11,BREAD,DK,0,0,0,0,0,0,0,0,0,0,0,0,0,0
2022-12-11,BREAD,H5,0,0,0,0,0,0,0,0,0,0,0,0,0,0
2022-12-11,BREAD,CSWRL,0,0,0,0,0,0,0,0,0,0,0,0,0,0
2022-12-11,BREAD,MP Swirl,0,0,0,0,0,0,0,0,0,0,0,0,0,0
2022-12-11,BREAD,CnE,0,0,0,0,0,0,0,0,0,0,0,0,0,0
2022-12-11,BREAD,CnR,0,0,0,0,0,0,0,0,0,0,0,0,0,0
2022-12-11,BREAD,RW,0,0,0,0,0,0,0,0,0,0,0,0,0,0
2022-12-11,BREAD,Monkey,0,0,0,0,0,0,0,0,0,0,0,0,0,0
2022-12-11,BREAD,CB,0,0,0,0,0,0,0,0,0,0,0,0,0,0
2022-12-11,BREAD,CrO,0,0,0,0,0,0,0,0,0,0,0,0,0,0
2022-12-11,BREAD,AA,0,0,0,0,0,0,0,0,0,0,0,0,0,0
2022-12-11,BREAD,POP,0,0,0,0,0,0,0,0,0,0,0,0,0,0
2022-12-11,BREAD,PUMA,0,0,0,0,0,0,0,0,0,0,0,0,0,0
2022-12-11,BREAD,WREATH,0,0,0,0,0,0,0,0,0,0,0,0,0,0
2022-12-11,BREAD,VS,0,0,0,0,0,0,0,0,0,0,0,0,0,0
2022-12-11,BREAD,sour-TL,0,0,0,0,0,0,0,0,0,0,0,0,0,0
2022-12-11,BREAD,OB,0,0,0,0,0,0,0,0,0,0,0,0,0,0
2022-12-11,BREAD,Dry Stuf,13,0,13,0,0,0,13,0,0,0,0,0,0,0
2022-12-11,BREAD,Monkey tree,0,0,0,0,0,0,0,0,0,0,0,0,0,0
2022-12-11,BREAD,CAR,0,0,0,0,0,0,0,0,0,0,0,0,0,0
2022-12-11,BREAD,IHF,0,0,0,0,0,0,0,0,0,0,0,0,0,0
2022-12-11,BREAD,H,0,0,0,0,0,0,0,0,0,0,0,0,0,0
2022-12-11,BREAD,FR Tree,0,0,0,0,0,0,0,0,0,0,0,0,0,0
2022-12-11,BREAD,VS,0,0,0,0,0,0,0,0,0,0,0,0,0,0
2022-12-11,BREAD,CnE Tree,0,0,0,0,0,0,0,0,0,0,0,0,0,0
2022-12-11,BREAD,BUTR,0,0,0,0,0,0,0,0,0,0,0,0,0,0
2022-12-11,BREAD,Tree,0,0,0,0,0,0,0,0,0,0,0,0,0,0
2022-12-11,BREAD,H-RLS,0,0,0,0,0,0,0,0,0,0,0,0,0,0
2022-12-11,BREAD,FR-RLS,0,0,0,0,0,0,0,0,0,0,0,0,0,0
2022-12-11,BREAD,VS-RLS,0,0,0,0,0,0,0,0,0,0,0,0,0,0
2022-12-11,BREAD,Blue Stru,0,0,0,0,0,0,0,0,0,0,0,0,0,0
2022-12-11,BREAD,Pump CC,0,0,0,0,0,0,0,0,0,0,0,0,0,0
2022-12-11,BREAD,Pump Cr,0,0,0,0,0,0,0,0,0,0,0,0,0,0
2022-12-11,BREAD,Capp Choc,0,0,0,0,0,0,0,0,0,0,0,0,0,0
2022-12-11,ROLLS,C-Rolls,0,36,36,36,0,0,0,0,0,0,0,0,0,0
2022-12-11,ROLLS,C-R Tree,0,0,0,0,0,0,0,0,0,0,0,0,0,0
2022-12-11,ROLLS,Mini C-Roll,0,0,0,0,0,0,0,0,0,0,0,0,0,0
2022-12-11,SCONES,Blueberry,0,0,0,0,0,0,0,0,0,0,0,0,0,0
2022-12-11,SCONES,Apple Cran,0,11,11,11,0,0,0,0,0,0,0,0,0,0
2022-12-11,SCONES,Cherry,0,0,0,0,0,0,0,0,0,0,0,0,0,0
2022-12-11,SCONES,Butt Almond,0,0,0,0,0,0,0,0,0,0,0,0,0,0
2022-12-11,SCONES,Turtle,0,0,0,0,0,0,0,0,0,0,0,0,0,0
2022-12-11,SCONES,Cin Chip,0,11,11,11,0,0,0,0,0,0,0,0,0,0
2022-12-11,SCONES,Cr Orange,0,8,8,8,0,0,0,0,0,0,0,0,0,0
2022-12-11,SCONES,Cr Or WCC,0,8,8,8,0,0,0,0,0,0,0,0,0,0
2022-12-11,SCONES,FRUIT BAR,0,0,0,0,0,0,0,0,0,0,0,0,0,0
2022-12-11,SCONES,mixed berry,0,5,5,5,0,0,0,0,0,0,0,0,0,0
2022-12-11,SCONES,cherry,0,5,5,5,0,0,0,0,0,0,0,0,0,0
2022-12-11,SCONES,apple cin,0,0,0,0,0,0,0,0,0,0,0,0,0,0
2022-12-11,SCONES,Cran White Choc,0,0,0,0,0,0,0,0,0,0,0,0,0,0
2022-12-11,MUFFINS,Blue Stru,0,4,4,4,0,0,0,0,0,0,0,0,0,0
2022-12-11,MUFFINS,Pump CC,0,5,5,5,0,0,0,0,0,0,0,0,0,0
2022-12-11,MUFFINS,Pump Cr,0,3,3,3,0,0,0,0,0,0,0,0,0,0
2022-12-11,MUFFINS,Capp Choc,0,3,3,3,0,0,0,0,0,0,0,0,0,0
2022-12-11,COOKIES/BARS,oat cc,0,0,0,0,0,0,0,0,0,0,0,0,0,0
2022-12-11,COOKIES/BARS,triple cc,0,0,0,0,0,0,0,0,0,0,0,0,0,0
2022-12-11,COOKIES/BARS,St Nicker,0,0,0,0,0,0,0,0,0,0,0,0,0,0
2022-12-11,COOKIES/BARS,Ginger,9,0,9,0,0,0,9,0,0,0,0,0,0,0
2022-12-11,COOKIES/BARS,frosted,6,0,6,0,0,0,6,0,0,0,0,0,0,0
2022-12-11,COOKIES/BARS,Pump,8,0,8,0,0,0,8,0,0,0,0,0,0,0
2022-12-11,COOKIES/BARS,Pecan,5,0,5,0,0,0,5,0,0,0,0,0,0,0
2022-12-11,COOKIES/BARS,App,2,0,2,0,0,0,2,0,0,0,0,0,0,0
2022-12-11,COOKIES/BARS,AppCran,2,0,2,0,0,0,2,0,0,0,0,0,0,0
2022-12-11,COOKIES/BARS,Brown,10,0,10,0,0,0,10,0,0,0,0,0,0,0
2022-12-11,COOKIES/BARS,pepp,0,0,0,0,0,0,0,0,0,0,0,0,0,0
2022-12-11,COOKIES/BARS,Pump Bar,20,0,20,0,0,0,20,0,0,0,0,0,0,0
2022-12-11,COOKIES/BARS,Pump Ohhh,0,0,0,0,0,0,0,0,0,0,0,0,0,0
2022-12-11,COOKIES/BARS,Bread Pudding,0,0,0,0,0,0,0,0,0,0,0,0,0,0
2022-12-11,COOKIES/BARS,Totals,55,99,154,99,0,0,55,7,0,7,0,0,0,7
2022-12-12,BREAD,H,0,30,30,12,1,0,17,0,0,0,0,0,0,0
2022-12-12,BREAD,FR,0,38,38,7,20,0,11,0,0,0,0,0,0,0
2022-12-12,BREAD,GW,0,11,11,1,0,0,10,0,0,0,0,0,0,0
2022-12-12,BREAD,DK,0,16,16,9,0,0,7,0,0,0,0,0,0,0
2022-12-12,BREAD,H5,0,0,0,0,0,0,0,0,0,0,0,0,0,0
2022-12-12,BREAD,CSWRL,0,20,20,10,1,0,9,0,10,10,6,0,0,4
2022-12-12,BREAD,MP Swirl,0,12,12,6,0,0,6,0,4,4,1,0,0,3
2022-12-12,BREAD,CnE,0,67,67,-12,79,0,0,0,4,4,0,0,0,4
2022-12-12,BREAD,CnR,0,4,4,4,0,0,0,0,0,0,0,0,0,0
2022-12-12,BREAD,RW,0,4,4,4,0,0,0,0,0,0,0,0,0,0
2022-12-12,BREAD,Monkey,0,0,0,0,0,0,0,0,6,6,4,0,0,2
2022-12-12,BREAD,CB,0,0,0,0,0,0,0,0,0,0,0,0,0,0
2022-12-12,BREAD,CrO,0,16,16,6,10,0,0,0,20,20,1,0,0,4
2022-12-12,BREAD,AA,0,3,3,0,0,0,3,0,0,0,0,0,0,0
2022-12-12,BREAD,POP,0,9,9,4,0,0,5,0,4,4,4,0,0,0
2022-12-12,BREAD,PUMA,0,2,2,1,0,0,1,0,8,8,6,0,0,2
2022-12-12,BREAD,WREATH,0,3,3,2,0,0,1,0,0,0,0,0,0,0
2022-12-12,BREAD,VS,0,0,0,0,0,0,0,0,0,0,0,0,0,0
2022-12-12,BREAD,sour-TL,0,31,31,1,18,0,12,0,0,0,0,0,0,0
2022-12-12,BREAD,OB,0,10,10,1,0,0,9,0,0,0,0,0,0,0
2022-12-12,BREAD,Dry Stuf,13,0,13,0,0,0,13,0,0,0,0,0,0,0
2022-12-12,BREAD,Monkey tree,0,2,2,1,0,0,1,0,0,0,0,0,0,0
2022-12-12,BREAD,CAR,0,0,0,-1,0,0,1,0,0,0,0,0,0,0
2022-12-12,BREAD,IHF,0,0,0,-6,0,0,6,0,0,0,0,0,0,0
2022-12-12,BREAD,H,0,0,0,0,0,0,0,0,0,0,0,0,0,0
2022-12-12,BREAD,FR Tree,0,0,0,0,0,0,0,0,0,0,0,0,0,0
2022-12-12,BREAD,VS,0,0,0,0,0,0,0,0,0,0,0,0,0,0
2022-12-12,BREAD,CnE Tree,0,0,0,0,0,0,0,0,0,0,0,0,0,0
2022-12-12,BREAD,BUTR,0,0,0,0,0,0,0,0,0,0,0,0,0,0
2022-12-12,BREAD,Tree,0,0,0,0,0,0,0,0,0,0,0,0,0,0
2022-12-12,BREAD,H-RLS,0,4,4,1,0,0,3,0,0,0,0,0,0,0
2022-12-12,BREAD,FR-RLS,0,5,5,2,0,0,3,0,0,0,0,0,0,0
2022-12-12,BREAD,VS-RLS,0,0,0,0,0,0,0,0,0,0,0,0,0,0
2022-12-12,BREAD,Blue Stru,0,4,4,3,0,0,1,0,0,0,0,0,0,0
2022-12-12,BREAD,Pump CC,0,56,56,-2,53,0,5,0,0,0,0,0,0,0
2022-12-12,BREAD,Pump Cr,0,3,3,3,0,0,0,0,0,0,0,0,0,0
2022-12-12,BREAD,Capp Choc,0,3,3,3,0,0,0,0,0,0,0,0,0,0
2022-12-12,ROLLS,C-Rolls,0,36,36,36,0,0,0,0,0,0,0,0,0,0
2022-12-12,ROLLS,C-R Tree,0,5,5,2,0,0,3,0,0,0,0,0,0,0
2022-12-12,ROLLS,Mini C-Roll,0,0,0,0,0,0,0,0,0,0,0,0,0,0
2022-12-12,SCONES,Blueberry,0,0,0,0,0,0,0,0,0,0,0,0,0,0
2022-12-12,SCONES,Apple Cran,0,10,10,0,0,10,0,0,2,2,0,0,0,0
2022-12-12,SCONES,Cherry,0,0,0,0,0,0,0,0,0,0,0,0,0,0
2022-12-12,SCONES,Butt Almond,0,0,0,0,0,0,0,0,0,0,0,0,0,0
2022-12-12,SCONES,Turtle,0,0,0,0,0,0,0,0,0,0,0,0,0,0
2022-12-12,SCONES,Cin Chip,0,10,10,4,0,6,0,0,2,2,0,0,0,0
2022-12-12,SCONES,Cr Orange,0,6,6,4,0,2,0,0,2,2,0,0,0,0
2022-12-12,SCONES,Cr Or WCC,0,6,6,2,0,4,0,0,2,2,0,0,0,0
2022-12-12,SCONES,FRUIT BAR,0,0,0,0,0,0,0,0,0,0,0,0,0,0
2022-12-12,SCONES,mixed berry,0,10,10,4,2,4,0,0,0,0,0,0,0,0
2022-12-12,SCONES,cherry,0,10,10,5,1,4,0,0,0,0,0,0,0,0
2022-12-12,SCONES,apple cin,0,0,0,0,0,0,0,0,0,0,0,0,0,0
2022-12-12,SCONES,Cran White Choc,0,0,0,0,0,0,0,0,0,0,0,0,0,0
2022-12-12,MUFFINS,Blue Stru,0,4,4,4,0,0,0,0,3,3,0,0,0,0
2022-12-12,MUFFINS,Pump CC,0,3,3,1,0,2,0,0,0,0,0,0,0,0
2022-12-12,MUFFINS,Pump Cr,0,1,1,1,0,0,0,0,0,0,0,0,0,0
2022-12-12,MUFFINS,Capp Choc,0,3,3,3,0,0,0,0,3,3,0,0,0,0
2022-12-12,COOKIES/BARS,oat cc,0,36,36,30,1,0,5,0,0,0,0,0,0,0
2022-12-12,COOKIES/BARS,triple cc,0,36,36,19,1,0,16,0,0,0,0,0,0,0
2022-12-12,COOKIES/BARS,St Nicker,0,180,180,12,145,0,23,0,0,0,0,0,0,0
2022-12-12,COOKIES/BARS,Ginger,9,12,21,6,0,0,15,0,0,0,0,0,0,0
2022-12-12,COOKIES/BARS,frosted,6,12,18,3,0,3,12,0,0,0,0,0,0,0
2022-12-12,COOKIES/BARS,Pump,8,0,8,2,0,0,6,0,0,0,0,0,0,0
2022-12-12,COOKIES/BARS,Pecan,5,0,5,-1,0,0,6,0,0,0,0,0,0,0
2022-12-12,COOKIES/BARS,App,2,0,2,0,0,0,2,0,0,0,0,0,0,0
2022-12-12,COOKIES/BARS,AppCran,2,0,2,0,0,0,2,0,0,0,0,0,0,0
2022-12-12,COOKIES/BARS,Brown,10,0,10,7,0,0,3,0,0,0,0,0,0,0
2022-12-12,COOKIES/BARS,pepp,0,3,3,3,0,0,0,0,0,0,0,0,0,0
2022-12-12,COOKIES/BARS,Pump Bar,20,0,20,12,0,0,8,0,0,0,0,0,0,0
2022-12-12,COOKIES/BARS,Pump Ohhh,0,0,0,-6,0,0,6,0,0,0,-7,0,0,7
2022-12-12,COOKIES/BARS,Bread Pudding,0,0,0,0,0,0,0,0,0,0,0,0,0,0
2022-12-12,COOKIES/BARS,Totals,55,380,435,151,150,35,99,7,17,24,-5,0,0,15
2022-12-13,BREAD,H,17,17,34,15,0,0,19,0,0,0,0,0,0,0
2022-12-13,BREAD,FR,11,20,31,14,0,0,17,0,0,0,0,0,0,0
2022-12-13,BREAD,GW,10,3,13,8,0,3,2,0,0,0,0,0,0,0
2022-12-13,BREAD,DK,7,0,7,7,0,0,0,0,0,0,0,0,0,0
2022-12-13,BREAD,H5,0,14,14,6,0,0,8,0,0,0,0,0,0,0
2022-12-13,BREAD,CSWRL,9,24,33,12,10,1,10,4,22,26,3,0,0,7
2022-12-13,BREAD,MP Swirl,6,16,22,7,10,3,2,3,0,3,2,0,0,0
2022-12-13,BREAD,CnE,0,22,22,16,0,0,6,4,68,72,2,0,0,0
2022-12-13,BREAD,CnR,0,0,0,0,0,0,0,0,0,0,0,0,0,0
2022-12-13,BREAD,RW,0,0,0,0,0,0,0,0,0,0,0,0,0,0
2022-12-13,BREAD,Monkey,0,0,0,0,0,0,0,2,4,6,3,0,0,2
2022-12-13,BREAD,CB,0,23,23,7,2,0,14,0,14,14,8,0,0,6
2022-12-13,BREAD,CrO,0,0,0,0,0,0,0,4,0,4,2,0,0,0
2022-12-13,BREAD,AA,3,0,3,2,0,1,0,0,0,0,0,0,0,0
2022-12-13,BREAD,POP,5,0,5,3,0,2,0,0,0,0,0,0,0,0
2022-12-13,BREAD,PUMA,1,0,1,1,0,0,0,2,0,2,0,0,0,0
2022-12-13,BREAD,WREATH,1,0,1,0,0,1,0,0,0,0,0,0,0,0
2022-12-13,BREAD,VS,0,13,13,5,2,0,6,0,3,3,0,0,0,3
2022-12-13,BREAD,sour-TL,12,0,12,3,0,3,6,0,0,0,0,0,0,0
2022-12-13,BREAD,OB,9,0,9,0,0,2,7,0,0,0,0,0,0,0
2022-12-13,BREAD,Dry Stuf,13,0,13,0,0,0,13,0,0,0,0,0,0,0
2022-12-13,BREAD,Monkey tree,1,2,3,1,0,1,1,0,0,0,0,0,0,0
2022-12-13,BREAD,CAR,1,20,21,1,0,0,20,0,0,0,0,0,0,0
2022-12-13,BREAD,IHF,6,0,6,2,0,0,4,0,0,0,0,0,0,0
2022-12-13,BREAD,H,0,0,0,0,0,0,0,0,0,0,0,0,0,0
2022-12-13,BREAD,FR Tree,0,0,0,0,0,0,0,0,0,0,0,0,0,0
2022-12-13,BREAD,VS,0,0,0,0,0,0,0,0,0,0,0,0,0,0
2022-12-13,BREAD,CnE Tree,0,0,0,0,0,0,0,0,0,0,0,0,0,0
2022-12-13,BREAD,BUTR,0,0,0,0,0,0,0,0,0,0,0,0,0,0
2022-12-13,BREAD,Tree,0,0,0,0,0,0,0,0,0,0,0,0,0,0
2022-12-13,BREAD,H-RLS,3,0,3,2,0,1,0,0,0,0,0,0,0,0
2022-12-13,BREAD,FR-RLS,3,0,3,1,0,2,0,0,0,0,0,0,0,0
2022-12-13,BREAD,VS-RLS,0,6,6,2,0,0,4,0,0,0,0,0,0,0
2022-12-13,BREAD,Blue Stru,1,5,6,0,0,1,5,0,0,0,0,0,0,0
2022-12-13,BREAD,Pump CC,5,35,40,2,30,5,3,0,0,0,0,0,0,0
2022-12-13,BREAD,Pump Cr,0,6,6,2,0,0,4,0,0,0,0,0,0,0
2022-12-13,BREAD,Capp Choc,0,4,4,0,0,0,4,0,0,0,0,0,0,0
2022-12-13,ROLLS,C-Rolls,0,48,48,24,0,24,0,0,0,0,0,0,0,0
2022-12-13,ROLLS,C-R Tree,3,3,3,-2,0,2,3,0,0,0,0,0,0,0
2022-12-13,ROLLS,Mini C-Roll,0,0,0,0,0,0,0,0,0,0,0,0,0,0
2022-12-13,SCONES,Blueberry,0,11,11,6,0,5,0,0,0,0,0,0,0,0
2022-12-13,SCONES,Apple Cran,0,0,0,0,0,0,0,0,0,0,0,0,0,0
2022-12-13,SCONES,Cherry,0,0,0,0,0,0,0,0,0,0,0,0,0,0
2022-12-13,SCONES,Butt Almond,0,0,0,0,0,0,0,0,0,0,0,0,0,0
2022-12-13,SCONES,Turtle,0,0,0,0,0,0,0,0,0,0,0,0,0,0
2022-12-13,SCONES,Cin Chip,0,11,11,8,0,3,0,0,0,0,0,0,0,0
2022-12-13,SCONES,Cr Orange,0,6,6,6,0,0,0,0,0,0,0,0,0,0
2022-12-13,SCONES,Cr Or WCC,0,6,6,2,0,4,0,0,0,0,0,0,0,0
2022-12-13,SCONES,FRUIT BAR,0,0,0,0,0,0,0,0,0,0,0,0,0,0
2022-12-13,SCONES,mixed berry,0,5,5,5,0,0,0,0,0,0,0,0,0,0
2022-12-13,SCONES,cherry,0,5,5,4,0,1,0,0,0,0,0,0,0,0
2022-12-13,SCONES,apple cin,0,5,5,4,0,1,0,0,0,0,0,0,0,0
2022-12-13,SCONES,Cran White Choc,0,5,5,4,0,1,0,0,0,0,0,0,0,0
2022-12-13,MUFFINS,Blue Stru,0,6,6,5,0,1,0,0,0,0,0,0,0,0
2022-12-13,MUFFINS,Pump CC,0,7,7,3,0,4,0,0,0,0,0,0,0,0
2022-12-13,MUFFINS,Pump Cr,0,5,5,1,0,4,0,0,0,0,0,0,0,0
2022-12-13,MUFFINS,Capp Choc,0,4,4,3,0,1,0,0,0,0,0,0,0,0
2022-12-13,COOKIES/BARS,oat cc,5,48,53,9,8,0,36,0,16,16,0,0,0,0
2022-12-13,COOKIES/BARS,triple cc,16,30,46,20,5,0,21,0,16,16,0,0,0,0
2022-12-13,COOKIES/BARS,St Nicker,23,18,41,31,0,0,10,0,16,16,0,0,0,0
2022-12-13,COOKIES/BARS,Ginger,15,6,21,5,0,0,16,0,0,0,0,0,0,0
2022-12-13,COOKIES/BARS,frosted,12,6,18,6,0,0,12,0,0,0,0,0,0,0
2022-12-13,COOKIES/BARS,Pump,6,0,6,1,0,5,0,0,0,0,0,0,0,0
2022-12-13,COOKIES/BARS,Pecan,6,0,6,0,0,6,0,0,0,0,0,0,0,0
2022-12-13,COOKIES/BARS,App,2,0,2,-3,0,5,0,0,0,0,0,0,0,0
2022-12-13,COOKIES/BARS,AppCran,2,0,2,2,0,0,0,0,0,0,0,0,0,0
2022-12-13,COOKIES/BARS,Brown,3,40,43,8,20,3,12,0,0,0,0,0,0,0
2022-12-13,COOKIES/BARS,pepp,0,8,8,1,0,0,7,0,0,0,0,0,0,0
2022-12-13,COOKIES/BARS,Pump Bar,8,20,28,8,0,0,20,0,0,0,0,0,0,0
2022-12-13,COOKIES/BARS,Pump Ohhh,6,0,6,0,0,0,6,7,0,7,0,0,0,7
2022-12-13,COOKIES/BARS,Bread Pudding,0,0,0,0,0,0,0,0,0,0,0,0,0,0
2022-12-13,COOKIES/BARS,Totals,99,295,391,158,33,64,136,15,56,71,3,0,0,14
2022-12-14,BREAD,H,19,16,35,15,2,3,15,0,0,0,0,0,0,0
2022-12-14,BREAD,FR,17,19,36,14,0,0,22,0,0,0,0,0,0,0
2022-12-14,BREAD,GW,2,9,11,11,0,0,0,0,0,0,0,0,0,0
2022-12-14,BREAD,DK,0,22,22,4,0,0,18,0,0,0,0,0,0,0
2022-12-14,BREAD,H5,8,0,8,2,0,0,6,0,0,0,0,0,0,0
2022-12-14,BREAD,CSWRL,10,12,22,8,4,3,7,7,14,21,4,0,0,3
2022-12-14,BREAD,MP Swirl,2,8,10,5,0,0,5,0,4,4,1,0,0,3
2022-12-14,BREAD,CnE,6,69,75,10,42,1,22,0,3,3,3,0,0,0
2022-12-14,BREAD,CnR,0,6,6,6,0,0,0,0,0,0,0,0,0,0
2022-12-14,BREAD,RW,0,6,6,2,1,0,3,0,0,0,0,0,0,0
2022-12-14,BREAD,Monkey,0,1,1,-8,1,0,8,2,8,10,10,0,0,0
2022-12-14,BREAD,CB,14,0,14,5,0,0,9,6,0,6,0,0,0,6
2022-12-14,BREAD,CrO,0,21,21,4,7,0,10,0,4,4,4,0,0,0
2022-12-14,BREAD,AA,0,2,2,0,0,0,2,0,0,0,0,0,0,0
2022-12-14,BREAD,POP,0,17,17,3,0,0,14,0,4,4,4,0,0,0
2022-12-14,BREAD,PUMA,0,2,2,0,2,0,0,0,8,8,7,0,0,1
2022-12-14,BREAD,WREATH,0,3,3,2,0,0,1,0,0,0,0,0,0,0
2022-12-14,BREAD,VS,6,0,6,3,0,3,0,3,0,3,2,0,0,0
2022-12-14,BREAD,sour-TL,6,24,30,8,1,1,20,0,0,0,0,0,0,0
2022-12-14,BREAD,OB,7,12,19,5,0,4,10,0,0,0,0,0,0,0
2022-12-14,BREAD,puma tree,0,3,3,0,0,0,3,0,0,0,0,0,0,0
2022-12-14,BREAD,Dry Stuf,13,0,13,0,0,0,13,0,0,0,0,0,0,0
2022-12-14,BREAD,Monkey tree,1,3,4,1,0,1,2,0,0,0,0,0,0,0
2022-12-14,BREAD,CAR,20,0,20,4,0,0,16,0,0,0,0,0,0,0
2022-12-14,BREAD,IHF,4,0,4,2,0,0,2,0,0,0,0,0,0,0
2022-12-14,BREAD,H,0,2,2,1,0,0,1,0,0,0,0,0,0,0
2022-12-14,BREAD,FR Tree,0,0,0,0,0,0,0,0,0,0,0,0,0,0
2022-12-14,BREAD,VS,0,0,0,0,0,0,0,0,0,0,0,0,0,0
2022-12-14,BREAD,CnE Tree,0,0,0,0,0,0,0,0,0,0,0,0,0,0
2022-12-14,BREAD,BUTR,0,0,0,0,0,0,0,0,0,0,0,0,0,0
2022-12-14,BREAD,Tree,0,0,0,0,0,0,0,0,0,0,0,0,0,0
2022-12-14,BREAD,H-RLS,0,4,4,0,2,0,2,0,0,0,0,0,0,0
2022-12-14,BREAD,FR-RLS,0,6,6,0,3,0,3,0,0,0,0,0,0,0
2022-12-14,BREAD,VS-RLS,4,0,4,1,0,3,0,0,0,0,0,0,0,0
2022-12-14,BREAD,Blue Stru,5,1,6,1,0,4,1,0,0,0,0,0,0,0
2022-12-14,BREAD,Pump CC,3,43,46,2,36,4,4,0,0,0,0,0,0,0
2022-12-14,BREAD,Pump Cr,4,2,6,0,0,4,2,0,0,0,0,0,0,0
2022-12-14,BREAD,Capp Choc,4,2,6,1,2,3,0,0,0,0,0,0,0,0
2022-12-14,ROLLS,C-Rolls,0,72,72,22,32,18,0,0,0,0,0,0,0,0
2022-12-14,ROLLS,C-R Tree,3,0,0,0,0,0,0,0,0,0,0,0,0,0
2022-12-14,ROLLS,Mini C-Roll,0,48,48,0,48,0,0,0,0,0,0,0,0,0
2022-12-14,SCONES,Blueberry,0,0,0,0,0,0,0,0,0,0,0,0,0,0
2022-12-14,SCONES,Apple Cran,0,13,13,11,0,2,0,0,6,6,0,0,0,0
2022-12-14,SCONES,Cherry,0,0,0,0,0,0,0,0,0,0,0,0,0,0
2022-12-14,SCONES,Butt Almond,0,0,0,0,0,0,0,0,0,0,0,0,0,0
2022-12-14,SCONES,Turtle,0,13,13,5,0,8,0,0,6,6,0,0,0,0
2022-12-14,SCONES,Cin Chip,0,0,0,0,0,0,0,0,0,0,0,0,0,0
2022-12-14,SCONES,Cr Orange,0,8,8,6,0,2,0,0,4,4,0,0,0,0
2022-12-14,SCONES,Cr Or WCC,0,8,8,5,0,3,0,0,4,4,0,0,0,0
2022-12-14,SCONES,FRUIT BAR,0,0,0,0,0,0,0,0,0,0,0,0,0,0
2022-12-14,SCONES,mixed berry,0,10,10,3,4,3,0,0,0,0,0,0,0,0
2022-12-14,SCONES,cherry,0,10,10,1,4,5,0,0,0,0,0,0,0,0
2022-12-14,SCONES,apple cin,0,5,5,2,0,3,0,0,0,0,0,0,0,0
2022-12-14,SCONES,Cran White Choc,0,5,5,1,0,4,0,0,0,0,0,0,0,0
2022-12-14,MUFFINS,Blue Stru,0,4,4,4,0,0,0,0,10,10,0,0,0,0
2022-12-14,MUFFINS,Pump CC,0,5,5,2,0,3,0,0,10,10,0,0,0,0
2022-12-14,MUFFINS,Pump Cr,0,3,3,2,0,1,0,0,0,0,0,0,0,0
2022-12-14,MUFFINS,Capp Choc,0,3,3,1,0,2,0,0,0,0,0,0,0,0
2022-12-14,COOKIES/BARS,oat cc,36,42,78,12,36,24,6,0,0,0,0,0,0,0
2022-12-14,COOKIES/BARS,triple cc,21,66,87,32,42,0,13,0,0,0,0,0,0,0
2022-12-14,COOKIES/BARS,St Nicker,10,192,202,29,158,0,15,0,0,0,0,0,0,0
2022-12-14,COOKIES/BARS,Ginger,16,0,16,2,0,0,14,0,0,0,0,0,0,0
2022-12-14,COOKIES/BARS,frosted,12,6,18,8,0,0,10,0,0,0,0,0,0,0
2022-12-14,COOKIES/BARS,Pump,0,0,0,0,0,0,0,0,0,0,0,0,0,0
2022-12-14,COOKIES/BARS,Pecan,0,0,0,0,0,0,0,0,0,0,0,0,0,0
2022-12-14,COOKIES/BARS,App,0,0,0,0,0,0,0,0,0,0,0,0,0,0
2022-12-14,COOKIES/BARS,AppCran,0,0,0,0,0,0,0,0,0,0,0,0,0,0
2022-12-14,COOKIES/BARS,Brown,12,20,32,0,0,5,27,0,0,0,0,0,0,0
2022-12-14,COOKIES/BARS,pepp,7,0,7,4,0,3,0,0,0,0,0,0,0,0
2022-12-14,COOKIES/BARS,Pump Bar,20,0,20,4,0,0,16,0,0,0,0,0,0,0
2022-12-14,COOKIES/BARS,Pump Ohhh,6,0,6,0,0,0,6,7,0,7,-1,0,0,8
2022-12-14,COOKIES/BARS,Bread Pudding,0,0,0,0,0,0,0,0,0,0,0,0,0,0
2022-12-14,COOKIES/BARS,Totals,136,533,666,152,324,83,107,14,40,54,3,0,0,8
2022-12-15,BREAD,H,15,24,39,8,4,8,19,0,0,0,0,0,0,0
2022-12-15,BREAD,FR,22,32,54,14,28,0,12,0,0,0,0,0,0,0
2022-12-15,BREAD,GW,0,6,6,4,1,0,1,0,0,0,0,0,0,0
2022-12-15,BREAD,DK,18,0,18,5,0,0,13,0,0,0,0,0,0,0
2022-12-15,BREAD,H5,6,13,19,6,3,1,9,0,0,0,0,0,0,0
2022-12-15,BREAD,CSWRL,7,24,31,7,15,1,8,3,27,30,3,0,0,2
2022-12-15,BREAD,MP Swirl,5,8,13,2,0,5,6,3,0,3,2,0,0,0
2022-12-15,BREAD,CnE,22,0,22,1,0,4,17,0,0,0,0,0,0,0
2022-12-15,BREAD,CnR,0,0,0,0,0,0,0,0,0,0,0,0,0,0
2022-12-15,BREAD,RW,3,0,3,2,0,1,0,0,0,0,0,0,0,0
2022-12-15,BREAD,Monkey,8,0,8,1,0,7,0,0,0,0,0,0,0,0
2022-12-15,BREAD,CB,9,27,36,7,1,4,24,6,7,13,7,0,0,2
2022-12-15,BREAD,CrO,10,0,10,6,0,0,4,0,0,0,0,0,0,0
2022-12-15,BREAD,AA,2,0,2,1,0,1,0,0,0,0,0,0,0,0
2022-12-15,BREAD,POP,14,0,14,5,0,0,9,0,0,0,0,0,0,0
2022-12-15,BREAD,PUMA,0,0,0,0,0,0,0,1,0,1,0,0,0,0
2022-12-15,BREAD,WREATH,1,0,1,1,0,0,0,0,0,0,0,0,0,0
2022-12-15,BREAD,VS,0,23,23,4,3,0,16,0,5,5,0,0,0,5
2022-12-15,BREAD,sour-TL,20,0,20,4,0,0,16,0,0,0,0,0,0,0
2022-12-15,BREAD,OB,10,0,10,1,0,0,9,0,0,0,0,0,0,0
2022-12-15,BREAD,Puma Tree,3,0,3,0,0,3,0,0,0,0,0,0,0,0
2022-12-15,BREAD,Dry Stuf,13,0,13,0,0,0,13,0,0,0,0,0,0,0
2022-12-15,BREAD,Monkey tree,2,0,2,0,0,2,0,0,0,0,0,0,0,0
2022-12-15,BREAD,CAR,16,0,16,0,0,0,16,0,0,0,0,0,0,0
2022-12-15,BREAD,IHF,2,19,21,5,0,0,16,0,0,0,0,0,0,0
2022-12-15,BREAD,H,1,0,1,0,0,0,1,0,0,0,0,0,0,0
2022-12-15,BREAD,FR Tree,0,1,1,0,0,0,1,0,0,0,0,0,0,0
2022-12-15,BREAD,VS,0,4,4,0,0,0,4,0,0,0,0,0,0,0
2022-12-15,BREAD,CnE Tree,0,0,0,0,0,0,0,0,0,0,0,0,0,0
2022-12-15,BREAD,BUTR,0,0,0,0,0,0,0,0,0,0,0,0,0,0
2022-12-15,BREAD,Tree,0,0,0,0,0,0,0,0,0,0,0,0,0,0
2022-12-15,BREAD,H-RLS,2,2,4,1,0,1,2,0,0,0,0,0,0,0
2022-12-15,BREAD,FR-RLS,3,2,5,4,1,0,0,0,0,0,0,0,0,0
2022-12-15,BREAD,VS-RLS,0,8,8,4,1,0,3,0,0,0,0,0,0,0
2022-12-15,BREAD,Blue Stru,1,6,7,3,1,0,3,0,0,0,0,0,0,0
2022-12-15,BREAD,Pump CC,4,11,15,7,5,0,3,0,0,0,0,0,0,0
2022-12-15,BREAD,Pump Cr,2,9,11,2,5,0,4,0,0,0,0,0,0,0
2022-12-15,BREAD,Capp Choc,0,4,4,3,0,0,1,0,0,0,0,0,0,0
2022-12-15,ROLLS,C-Rolls,0,36,36,31,0,5,0,0,0,0,0,0,0,0
2022-12-15,ROLLS,C-R Tree,0,5,5,0,2,0,3,0,0,0,0,0,0,0
2022-12-15,ROLLS,Mini C-Roll,0,0,0,0,0,0,0,0,0,0,0,0,0,0
2022-12-15,SCONES,Blueberry,0,11,11,8,0,3,0,0,2,2,0,0,0,0
2022-12-15,SCONES,Apple Cran,0,0,0,0,0,0,0,0,0,0,0,0,0,0
2022-12-15,SCONES,Cherry,0,0,0,0,0,0,0,0,0,0,0,0,0,0
2022-12-15,SCONES,Butt Almond,0,0,0,0,0,0,0,0,0,0,0,0,0,0
2022-12-15,SCONES,Turtle,0,10,10,10,0,0,0,0,0,0,0,0,0,0
2022-12-15,SCONES,Cin Chip,0,0,0,0,0,0,0,0,0,0,0,0,0,0
2022-12-15,SCONES,Cr Orange,0,8,8,8,0,0,0,0,2,2,0,0,0,0
2022-12-15,SCONES,Cr Or WCC,0,8,8,7,0,1,0,0,0,0,0,0,0,0
2022-12-15,SCONES,FRUIT BAR,0,0,0,0,0,0,0,0,0,0,0,0,0,0
2022-12-15,SCONES,mixed berry,0,5,5,2,1,2,0,0,0,0,0,0,0,0
2022-12-15,SCONES,cherry,0,5,5,1,1,3,0,0,0,0,0,0,0,0
2022-12-15,SCONES,apple cin,0,5,5,5,0,0,0,0,0,0,0,0,0,0
2022-12-15,SCONES,Cran White Choc,0,5,5,3,0,2,0,0,0,0,0,0,0,0
2022-12-15,MUFFINS,Blue Stru,0,5,5,1,0,4,0,0,0,0,0,0,0,0
2022-12-15,MUFFINS,Pump CC,0,5,5,4,0,1,0,0,0,0,-2,0,0,0
2022-12-15,MUFFINS,Pump Cr,0,4,4,2,0,2,0,0,0,0,0,0,0,0
2022-12-15,MUFFINS,Capp Choc,0,4,4,0,0,4,0,0,0,0,-2,0,0,0
2022-12-15,COOKIES/BARS,oat cc,6,84,90,23,50,1,16,0,0,0,0,0,0,0
2022-12-15,COOKIES/BARS,triple cc,13,78,91,10,51,4,26,0,0,0,0,0,0,0
2022-12-15,COOKIES/BARS,St Nicker,15,78,93,7,51,13,22,0,0,0,0,0,0,0
2022-12-15,COOKIES/BARS,Ginger,14,6,20,1,0,0,19,0,0,0,0,0,0,0
2022-12-15,COOKIES/BARS,frosted,10,12,22,4,0,0,18,0,0,0,0,0,0,0
2022-12-15,COOKIES/BARS,Pump,0,5,5,0,0,0,5,0,0,0,0,0,0,0
2022-12-15,COOKIES/BARS,Pecan,0,5,5,0,1,0,4,0,0,0,0,0,0,0
2022-12-15,COOKIES/BARS,App,0,4,4,0,0,0,4,0,0,0,0,0,0,0
2022-12-15,COOKIES/BARS,AppCran,0,4,4,1,0,0,3,0,0,0,0,0,0,0
2022-12-15,COOKIES/BARS,Brown,27,0,27,7,0,0,20,0,0,0,0,0,0,0
2022-12-15,COOKIES/BARS,pepp,0,0,0,-5,0,0,5,0,0,0,0,0,0,0
2022-12-15,COOKIES/BARS,Pump Bar,16,20,36,4,0,4,28,0,0,0,0,0,0,0
2022-12-15,COOKIES/BARS,Pump Ohhh,6,6,12,-5,5,0,12,8,6,14,-6,0,0,15
2022-12-15,COOKIES/BARS,Bread Pudding,0,0,0,0,0,0,0,0,0,0,0,0,0,0
2022-12-15,COOKIES/BARS,Totals,107,409,516,133,161,49,173,8,19,27,-14,0,0,27
2022-12-16,BREAD,H,19,24,43,15,2,0,26,0,0,0,0,0,0,0
2022-12-16,BREAD,FR,12,33,45,15,6,0,24,0,0,0,0,0,0,0
2022-12-16,BREAD,GW,1,19,20,6,13,0,1,0,0,0,0,0,0,0
2022-12-16,BREAD,DK,13,0,13,6,4,0,3,0,0,0,0,0,0,0
2022-12-16,BREAD,H5,9,0,9,2,0,0,7,0,0,0,0,0,0,0
2022-12-16,BREAD,CSWRL,8,12,20,16,4,0,0,2,10,12,4,0,0,0
2022-12-16,BREAD,MP Swirl,6,12,18,10,2,0,6,0,5,5,3,0,0,1
2022-12-16,BREAD,CnE,17,19,36,29,3,1,3,0,19,19,5,0,0,2
2022-12-16,BREAD,CnR,0,6,6,2,0,0,4,0,0,0,0,0,0,0
2022-12-16,BREAD,RW,0,6,6,3,0,0,3,0,0,0,0,0,0,0
2022-12-16,BREAD,Monk,0,8,8,5,1,0,2,0,0,0,0,0,0,0
2022-12-16,BREAD,Tree,0,2,2,2,0,0,0,0,0,0,0,0,0,0
2022-12-16,BREAD,CB,24,0,24,12,0,0,12,2,0,2,2,0,0,0
2022-12-16,BREAD,CrO,4,15,19,12,1,0,6,0,5,5,2,0,0,3
2022-12-16,BREAD,AA,0,3,3,0,0,0,3,0,0,0,0,0,0,0
2022-12-16,BREAD,POP,9,11,20,16,2,0,2,0,5,5,1,0,0,0
2022-12-16,BREAD,PUMA,0,2,2,0,1,0,1,0,8,8,7,0,0,1
2022-12-16,BREAD,WREATH,0,3,3,2,0,0,1,0,0,0,0,0,0,0
2022-12-16,BREAD,VS,16,0,16,7,0,0,9,5,0,5,5,0,0,0
2022-12-16,BREAD,sour-TL,16,18,34,12,3,6,13,0,0,0,0,0,0,0
2022-12-16,BREAD,OB,9,3,12,9,0,0,3,0,0,0,0,0,0,0
2022-12-16,BREAD,Dry Stuf,13,0,13,0,0,0,13,0,0,0,0,0,0,0
2022-12-16,BREAD,CAR,16,0,16,0,0,0,16,0,0,0,0,0,0,0
2022-12-16,BREAD,IHF,16,0,16,4,0,0,12,0,0,0,0,0,0,0
2022-12-16,BREAD,H,1,1,2,0,0,0,2,0,0,0,0,0,0,0
2022-12-16,BREAD,FR Tree,1,0,1,0,0,0,1,0,0,0,0,0,0,0
2022-12-16,BREAD,VS,4,0,4,1,0,0,3,0,0,0,0,0,0,0
2022-12-16,BREAD,CnE Tree,0,0,0,0,0,0,0,0,0,0,0,0,0,0
2022-12-16,BREAD,BUTR,0,23,23,8,8,0,7,0,0,0,0,0,0,0
2022-12-16,BREAD,Tree,0,3,3,3,0,0,0,0,0,0,0,0,0,0
2022-12-16,BREAD,H-RLS,2,3,5,2,0,0,3,0,0,0,0,0,0,0
2022-12-16,BREAD,FR-RLS,0,0,0,0,0,0,0,0,0,0,0,0,0,0
2022-12-16,BREAD,VS-RLS,3,0,3,3,0,0,0,0,0,0,0,0,0,0
2022-12-16,BREAD,Blue Stru,3,6,9,8,1,0,0,0,0,0,0,0,0,0
2022-12-16,BREAD,Pump CC,3,13,16,-1,4,1,12,0,0,0,0,0,0,0
2022-12-16,BREAD,Pump Cr,4,3,7,2,1,2,2,0,0,0,0,0,0,0
2022-12-16,BREAD,Capp Choc,1,4,5,1,1,0,3,0,0,0,0,0,0,0
2022-12-16,ROLLS,C-Rolls,0,48,48,44,4,0,0,0,0,0,0,0,0,0
2022-12-16,ROLLS,C-R Tree,3,6,6,-1,4,1,2,0,0,0,0,0,0,0
2022-12-16,ROLLS,Mini C-Roll,0,0,0,0,0,0,0,0,0,0,0,0,0,0
2022-12-16,SCONES,Blueberry,0,0,0,0,0,0,0,0,0,0,0,0,0,0
2022-12-16,SCONES,Apple Cran,0,0,0,0,0,0,0,0,0,0,0,0,0,0
2022-12-16,SCONES,Cherry,0,13,13,9,2,2,0,0,4,4,0,0,0,0
2022-12-16,SCONES,Butt Almond,0,14,14,9,2,3,0,0,3,3,0,0,0,0
2022-12-16,SCONES,Turtle,0,0,0,0,0,0,0,0,0,0,0,0,0,0
2022-12-16,SCONES,Cin Chip,0,0,0,0,0,0,0,0,0,0,0,0,0,0
2022-12-16,SCONES,Cr Orange,0,7,7,-1,2,6,0,0,4,4,0,0,0,0
2022-12-16,SCONES,Cr Or WCC,0,9,9,1,2,6,0,0,2,2,0,0,0,0
2022-12-16,SCONES,FRUIT BAR,0,0,0,0,0,0,0,0,0,0,0,0,0,0
2022-12-16,SCONES,mixed berry,0,5,5,4,1,0,0,0,0,0,0,0,0,0
2022-12-16,SCONES,cherry,0,5,5,4,1,0,0,0,0,0,0,0,0,0
2022-12-16,SCONES,apple cin,0,5,5,3,2,0,0,0,0,0,0,0,0,0
2022-12-16,SCONES,Cran White Choc,0,5,5,2,2,1,0,0,0,0,0,0,0,0
2022-12-16,MUFFINS,Blue Stru,0,6,6,1,2,3,0,0,7,7,0,0,0,0
2022-12-16,MUFFINS,Pump CC,0,8,8,5,2,1,0,0,5,5,0,0,0,0
2022-12-16,MUFFINS,Pump Cr,0,5,5,2,2,1,0,0,0,0,0,0,0,0
2022-12-16,MUFFINS,Capp Choc,0,4,4,2,2,0,0,0,0,0,0,0,0,0
2022-12-16,COOKIES/BARS,oat cc,16,42,58,20,14,2,22,0,0,0,0,0,0,0
2022-12-16,COOKIES/BARS,triple cc,26,30,56,37,14,2,3,0,0,0,0,0,0,0
2022-12-16,COOKIES/BARS,St Nicker,22,36,58,22,14,12,10,0,0,0,0,0,0,0
2022-12-16,COOKIES/BARS,Ginger,19,0,19,1,1,12,5,0,0,0,0,0,0,0
2022-12-16,COOKIES/BARS,frosted,18,0,18,6,0,0,12,0,0,0,0,0,0,0
2022-12-16,COOKIES/BARS,Pump,5,0,5,1,0,0,4,0,0,0,0,0,0,0
2022-12-16,COOKIES/BARS,Pecan,4,0,4,1,0,0,3,0,0,0,0,0,0,0
2022-12-16,COOKIES/BARS,App,4,0,4,3,0,0,1,0,0,0,0,0,0,0
2022-12-16,COOKIES/BARS,AppCran,3,0,3,1,0,0,2,0,0,0,0,0,0,0
2022-12-16,COOKIES/BARS,Brown,20,0,20,13,0,0,7,0,0,0,0,0,0,0
2022-12-16,COOKIES/BARS,pepp,5,0,5,5,0,0,0,0,0,0,0,0,0,0
2022-12-16,COOKIES/BARS,Pump Bar,28,0,28,3,0,4,21,0,0,0,0,0,0,0
2022-12-16,COOKIES/BARS,Pump Ohhh,12,0,12,3,0,0,9,15,0,15,3,0,0,12
2022-12-16,COOKIES/BARS,Bread Pudding,0,0,0,0,0,0,0,0,0,0,0,0,0,0
2022-12-16,COOKIES/BARS,Totals,173,248,418,193,73,56,96,27,25,52,10,0,0,17
2022-12-17,BREAD,H,26,0,26,11,0,15,0,0,0,0,0,0,0,0
2022-12-17,BREAD,FR,24,0,24,10,0,14,0,0,0,0,0,0,0,0
2022-12-17,BREAD,GW,1,4,5,5,0,0,0,0,0,0,0,0,0,0
2022-12-17,BREAD,DK,3,0,3,3,0,0,0,0,0,0,0,0,0,0
2022-12-17,BREAD,H5,7,0,7,2,0,5,0,0,0,0,0,0,0,0
2022-12-17,BREAD,CSWRL,0,0,0,-13,13,0,0,0,0,0,-11,0,0,0
2022-12-17,BREAD,MP Swirl,6,0,6,6,0,0,0,1,0,1,1,0,0,0
2022-12-17,BREAD,CnE,3,0,3,3,0,0,0,2,0,2,2,0,0,0
2022-12-17,BREAD,CnR,4,0,4,4,0,0,0,0,0,0,0,0,0,0
2022-12-17,BREAD,RW,3,0,3,3,0,0,0,0,0,0,0,0,0,0
2022-12-17,BREAD,Monk,2,0,2,1,0,1,0,0,0,0,0,0,0,0
2022-12-17,BREAD,Tree,0,0,0,0,0,0,0,0,0,0,0,0,0,0
2022-12-17,BREAD,CB,12,0,12,12,0,0,0,0,0,0,0,0,0,0
2022-12-17,BREAD,CrO,6,0,6,6,0,0,0,3,0,3,2,0,0,0
2022-12-17,BREAD,AA,3,0,3,2,0,1,0,0,0,0,0,0,0,0
2022-12-17,BREAD,POP,2,0,2,2,0,0,0,0,0,0,0,0,0,0
2022-12-17,BREAD,PUMA,1,0,1,0,0,1,0,1,0,1,0,0,0,0
2022-12-17,BREAD,WREATH,1,0,1,1,0,0,0,0,0,0,0,0,0,0
2022-12-17,BREAD,VS,9,0,9,9,0,0,0,0,0,0,0,0,0,0
2022-12-17,BREAD,sour-TL,13,0,13,12,0,1,0,0,0,0,0,0,0,0
2022-12-17,BREAD,OB,3,0,3,3,0,0,0,0,0,0,0,0,0,0
2022-12-17,BREAD,Dry Stuf,13,0,13,13,0,0,0,0,0,0,0,0,0,0
2022-12-17,BREAD,CAR,16,0,16,0,0,0,16,0,0,0,0,0,0,0
2022-12-17,BREAD,IHF,12,0,12,2,0,0,10,0,0,0,0,0,0,0
2022-12-17,BREAD,H,2,0,2,2,0,0,0,0,0,0,0,0,0,0
2022-12-17,BREAD,FR Tree,1,0,1,1,0,0,0,0,0,0,0,0,0,0
2022-12-17,BREAD,VS,3,0,3,3,0,0,0,0,0,0,0,0,0,0
2022-12-17,BREAD,CnE Tree,0,0,0,0,0,0,0,0,0,0,0,0,0,0
2022-12-17,BREAD,BUTR,7,0,7,4,0,3,0,0,0,0,0,0,0,0
2022-12-17,BREAD,Tree,0,0,0,0,0,0,0,0,0,0,0,0,0,0
2022-12-17,BREAD,H-RLS,3,0,3,3,0,0,0,0,0,0,0,0,0,0
2022-12-17,BREAD,FR-RLS,0,0,0,0,0,0,0,0,0,0,0,0,0,0
2022-12-17,BREAD,VS-RLS,0,0,0,0,0,0,0,0,0,0,0,0,0,0
2022-12-17,BREAD,Blue Stru,0,2,2,2,0,0,0,0,0,0,0,0,0,0
2022-12-17,BREAD,Pump CC,12,32,44,8,35,1,0,0,0,0,0,0,0,0
2022-12-17,BREAD,Pump Cr,2,0,2,2,0,0,0,0,0,0,0,0,0,0
2022-12-17,BREAD,Capp Choc,3,0,3,2,0,1,0,0,0,0,0,0,0,0
2022-12-17,ROLLS,C-Rolls,0,48,48,48,0,0,0,0,0,0,0,0,0,0
2022-12-17,ROLLS,C-R Tree,2,0,0,-1,1,0,0,0,0,0,0,0,0,0
2022-12-17,ROLLS,Mini C-Roll,0,0,0,0,0,0,0,0,0,0,0,0,0,0
2022-12-17,SCONES,Blueberry,0,24,24,5,9,10,0,0,3,3,0,0,0,0
2022-12-17,SCONES,Apple Cran,0,0,0,0,0,0,0,0,0,0,0,0,0,0
2022-12-17,SCONES,Cherry,0,0,0,0,0,0,0,0,0,0,0,0,0,0
2022-12-17,SCONES,Butt Almond,0,28,28,15,13,0,0,0,2,2,0,0,0,0
2022-12-17,SCONES,Turtle,0,0,0,0,0,0,0,0,0,0,0,0,0,0
2022-12-17,SCONES,Cin Chip,0,0,0,0,0,0,0,0,0,0,0,0,0,0
2022-12-17,SCONES,Cr Orange,0,10,10,5,0,5,0,0,4,4,0,0,0,0
2022-12-17,SCONES,Cr Or WCC,0,10,10,4,6,0,0,0,2,2,0,0,0,0
2022-12-17,SCONES,FRUIT BAR,0,0,0,0,0,0,0,0,0,0,0,0,0,0
2022-12-17,SCONES,mixed berry,0,5,5,0,2,3,0,0,0,0,0,0,0,0
2022-12-17,SCONES,cherry,0,5,5,1,1,3,0,0,0,0,0,0,0,0
2022-12-17,SCONES,apple cin,0,5,5,1,1,3,0,0,0,0,0,0,0,0
2022-12-17,SCONES,Cran White Choc,0,5,5,2,1,2,0,0,0,0,0,0,0,0
2022-12-17,MUFFINS,Blue Stru,0,4,4,1,0,3,0,0,2,2,-1,0,0,0
2022-12-17,MUFFINS,Pump CC,0,5,5,5,0,0,0,0,0,0,0,0,0,0
2022-12-17,MUFFINS,Pump Cr,0,4,4,3,0,1,0,0,2,2,0,0,0,0
2022-12-17,MUFFINS,Capp Choc,0,4,4,3,0,1,0,0,2,2,-1,0,0,0
2022-12-17,COOKIES/BARS,oat cc,22,0,22,21,0,1,0,0,16,16,-2,0,0,0
2022-12-17,COOKIES/BARS,triple cc,3,12,15,15,0,0,0,0,16,16,0,0,0,0
2022-12-17,COOKIES/BARS,St Nicker,10,18,28,13,14,1,0,0,16,16,0,0,0,0
2022-12-17,COOKIES/BARS,Ginger,5,6,11,5,0,0,6,0,0,0,-2,0,0,0
2022-12-17,COOKIES/BARS,frosted,12,0,12,9,0,3,0,0,0,0,0,0,0,0
2022-12-17,COOKIES/BARS,Pump,4,0,4,-3,0,4,3,0,0,0,0,0,0,0
2022-12-17,COOKIES/BARS,Pecan,3,0,3,1,0,0,2,0,0,0,0,0,0,0
2022-12-17,COOKIES/BARS,App,1,0,1,1,0,0,0,0,0,0,0,0,0,0
2022-12-17,COOKIES/BARS,AppCran,2,0,2,2,0,0,0,0,0,0,0,0,0,0
2022-12-17,COOKIES/BARS,Brown,7,20,27,6,0,7,14,0,0,0,0,0,0,0
2022-12-17,COOKIES/BARS,pepp,0,6,6,0,0,6,0,0,0,0,0,0,0,0
2022-12-17,COOKIES/BARS,Pump Bar,21,0,21,12,0,0,9,0,0,0,0,0,0,0
2022-12-17,COOKIES/BARS,Pump Ohhh,9,0,9,5,0,0,4,12,0,12,1,0,0,11
2022-12-17,COOKIES/BARS,Bread Pudding,0,0,0,0,0,0,0,0,0,0,0,0,0,0
2022-12-17,COOKIES/BARS,Totals,96,213,307,176,48,47,36,17,71,88,-2,0,0,13
2022-12-18,BREAD,H,0,0,0,0,0,0,0,0,0,0,0,0,0,0
2022-12-18,BREAD,FR,0,0,0,0,0,0,0,0,0,0,0,0,0,0
2022-12-18,BREAD,GW,0,0,0,0,0,0,0,0,0,0,0,0,0,0
2022-12-18,BREAD,DK,0,0,0,0,0,0,0,0,0,0,0,0,0,0
2022-12-18,BREAD,H5,0,0,0,0,0,0,0,0,0,0,0,0,0,0
2022-12-18,BREAD,CSWRL,0,0,0,0,0,0,0,0,0,0,0,0,0,0
2022-12-18,BREAD,MP Swirl,0,0,0,0,0,0,0,0,0,0,0,0,0,0
2022-12-18,BREAD,CnE,0,0,0,0,0,0,0,0,0,0,0,0,0,0
2022-12-18,BREAD,CnR,0,0,0,0,0,0,0,0,0,0,0,0,0,0
2022-12-18,BREAD,RW,0,0,0,0,0,0,0,0,0,0,0,0,0,0
2022-12-18,BREAD,Monk,0,0,0,0,0,0,0,0,0,0,0,0,0,0
2022-12-18,BREAD,Tree,0,0,0,0,0,0,0,0,0,0,0,0,0,0
2022-12-18,BREAD,CB,0,0,0,0,0,0,0,0,0,0,0,0,0,0
2022-12-18,BREAD,CrO,0,0,0,0,0,0,0,0,0,0,0,0,0,0
2022-12-18,BREAD,AA,0,0,0,0,0,0,0,0,0,0,0,0,0,0
2022-12-18,BREAD,POP,0,0,0,0,0,0,0,0,0,0,0,0,0,0
2022-12-18,BREAD,PUMA,0,0,0,0,0,0,0,0,0,0,0,0,0,0
2022-12-18,BREAD,WREATH,0,0,0,0,0,0,0,0,0,0,0,0,0,0
2022-12-18,BREAD,VS,0,0,0,0,0,0,0,0,0,0,0,0,0,0
2022-12-18,BREAD,sour-TL,0,0,0,0,0,0,0,0,0,0,0,0,0,0
2022-12-18,BREAD,OB,0,0,0,0,0,0,0,0,0,0,0,0,0,0
2022-12-18,BREAD,Dry Stuf,0,0,0,-14,0,0,14,0,0,0,0,0,0,0
2022-12-18,BREAD,CAR,16,0,16,0,0,0,16,0,0,0,0,0,0,0
2022-12-18,BREAD,IHF,10,0,10,0,0,0,10,0,0,0,0,0,0,0
2022-12-18,BREAD,H,0,0,0,0,0,0,0,0,0,0,0,0,0,0
2022-12-18,BREAD,FR Tree,0,0,0,0,0,0,0,0,0,0,0,0,0,0
2022-12-18,BREAD,VS,0,0,0,0,0,0,0,0,0,0,0,0,0,0
2022-12-18,BREAD,CnE Tree,0,0,0,0,0,0,0,0,0,0,0,0,0,0
2022-12-18,BREAD,BUTR,0,0,0,0,0,0,0,0,0,0,0,0,0,0
2022-12-18,BREAD,Tree,0,0,0,0,0,0,0,0,0,0,0,0,0,0
2022-12-18,BREAD,H-RLS,0,0,0,0,0,0,0,0,0,0,0,0,0,0
2022-12-18,BREAD,FR-RLS,0,0,0,0,0,0,0,0,0,0,0,0,0,0
2022-12-18,BREAD,VS-RLS,0,0,0,0,0,0,0,0,0,0,0,0,0,0
2022-12-18,BREAD,Blue Stru,0,0,0,0,0,0,0,0,0,0,0,0,0,0
2022-12-18,BREAD,Pump CC,0,0,0,0,0,0,0,0,0,0,0,0,0,0
2022-12-18,BREAD,Pump Cr,0,0,0,0,0,0,0,0,0,0,0,0,0,0
2022-12-18,BREAD,Capp Choc,0,0,0,0,0,0,0,0,0,0,0,0,0,0
2022-12-18,ROLLS,C-Rolls,0,0,0,0,0,0,0,0,0,0,0,0,0,0
2022-12-18,ROLLS,C-R Tree,0,0,0,0,0,0,0,0,0,0,0,0,0,0
2022-12-18,ROLLS,Mini C-Roll,0,0,0,0,0,0,0,0,0,0,0,0,0,0
2022-12-18,SCONES,Blueberry,0,0,0,0,0,0,0,0,0,0,0,0,0,0
2022-12-18,SCONES,Apple Cran,0,0,0,0,0,0,0,0,0,0,0,0,0,0
2022-12-18,SCONES,Cherry,0,0,0,0,0,0,0,0,0,0,0,0,0,0
2022-12-18,SCONES,Butt Almond,0,0,0,0,0,0,0,0,0,0,0,0,0,0
2022-12-18,SCONES,Turtle,0,0,0,0,0,0,0,0,0,0,0,0,0,0
2022-12-18,SCONES,Cin Chip,0,0,0,0,0,0,0,0,0,0,0,0,0,0
2022-12-18,SCONES,Cr Orange,0,0,0,0,0,0,0,0,0,0,0,0,0,0
2022-12-18,SCONES,Cr Or WCC,0,0,0,0,0,0,0,0,0,0,0,0,0,0
2022-12-18,SCONES,FRUIT BAR,0,0,0,0,0,0,0,0,0,0,0,0,0,0
2022-12-18,SCONES,mixed berry,0,0,0,0,0,0,0,0,0,0,0,0,0,0
2022-12-18,SCONES,cherry,0,0,0,0,0,0,0,0,0,0,0,0,0,0
2022-12-18,SCONES,apple cin,0,0,0,0,0,0,0,0,0,0,0,0,0,0
2022-12-18,SCONES,Cran White Choc,0,0,0,0,0,0,0,0,0,0,0,0,0,0
2022-12-18,MUFFINS,Blue Stru,0,0,0,0,0,0,0,0,0,0,0,0,0,0
2022-12-18,MUFFINS,Pump CC,0,0,0,0,0,0,0,0,0,0,0,0,0,0
2022-12-18,MUFFINS,Pump Cr,0,0,0,0,0,0,0,0,0,0,0,0,0,0
2022-12-18,MUFFINS,Capp Choc,0,0,0,0,0,0,0,0,0,0,0,0,0,0
2022-12-18,COOKIES/BARS,oat cc,0,0,0,0,0,0,0,0,0,0,0,0,0,0
2022-12-18,COOKIES/BARS,triple cc,0,0,0,0,0,0,0,0,0,0,0,0,0,0
2022-12-18,COOKIES/BARS,St Nicker,0,0,0,0,0,0,0,0,0,0,0,0,0,0
2022-12-18,COOKIES/BARS,Ginger,6,0,6,0,0,0,6,0,0,0,0,0,0,0
2022-12-18,COOKIES/BARS,frosted,0,0,0,0,0,0,0,0,0,0,0,0,0,0
2022-12-18,COOKIES/BARS,Pump,3,0,3,0,0,0,3,0,0,0,0,0,0,0
2022-12-18,COOKIES/BARS,Pecan,2,0,2,0,0,0,2,0,0,0,0,0,0,0
2022-12-18,COOKIES/BARS,App,0,0,0,0,0,0,0,0,0,0,0,0,0,0
2022-12-18,COOKIES/BARS,AppCran,0,0,0,0,0,0,0,0,0,0,0,0,0,0
2022-12-18,COOKIES/BARS,Brown,14,0,14,0,0,0,14,0,0,0,0,0,0,0
2022-12-18,COOKIES/BARS,pepp,0,0,0,0,0,0,0,0,0,0,0,0,0,0
2022-12-18,COOKIES/BARS,Pump Bar,9,0,9,0,0,0,9,0,0,0,0,0,0,0
2022-12-18,COOKIES/BARS,Pump Ohhh,4,0,4,0,0,0,4,11,0,11,0,0,0,11
2022-12-18,COOKIES/BARS,Bread Pudding,0,0,0,0,0,0,0,0,0,0,0,0,0,0
2022-12-18,COOKIES/BARS,Totals,36,0,36,0,0,0,36,13,0,13,0,0,0,13
2022-12-19,BREAD,H,0,30,30,21,7,0,2,0,0,0,0,0,0,0
2022-12-19,BREAD,FR,0,41,41,13,24,0,4,0,0,0,0,0,0,0
2022-12-19,BREAD,GW,0,2,2,2,0,0,0,0,0,0,0,0,0,0
2022-12-19,BREAD,DK,0,20,20,15,1,0,4,0,0,0,0,0,0,0
2022-12-19,BREAD,H5,0,0,0,0,0,0,0,0,0,0,0,0,0,0
2022-12-19,BREAD,CSWRL,0,46,46,37,9,0,0,0,10,10,10,0,0,0
2022-12-19,BREAD,MP Swirl,0,12,12,7,0,0,5,0,6,6,6,0,0,0
2022-12-19,BREAD,CnE,0,70,70,13,50,0,7,0,30,30,-1,0,0,7
2022-12-19,BREAD,CnR,0,4,4,4,0,0,0,0,0,0,0,0,0,0
2022-12-19,BREAD,RW,0,4,4,4,0,0,0,0,0,0,0,0,0,0
2022-12-19,BREAD,Monk,0,10,10,2,0,0,8,0,0,0,0,0,0,0
2022-12-19,BREAD,Tree,0,4,4,4,0,0,0,0,0,0,0,0,0,0
2022-12-19,BREAD,CB,0,0,0,0,0,0,0,0,0,0,0,0,0,0
2022-12-19,BREAD,CrO,0,15,15,8,7,0,0,0,5,5,5,0,0,0
2022-12-19,BREAD,AA,0,6,6,4,0,0,2,0,0,0,0,0,0,0
2022-12-19,BREAD,POP,0,12,12,1,0,0,11,0,4,4,0,0,0,4
2022-12-19,BREAD,PUMA,0,2,2,2,0,0,0,0,10,10,9,0,0,1
2022-12-19,BREAD,WREATH,0,4,4,1,1,0,2,0,0,0,0,0,0,0
2022-12-19,BREAD,VS,0,0,0,0,0,0,0,0,0,0,0,0,0,0
2022-12-19,BREAD,sour-TL,0,36,36,14,18,0,4,0,0,0,0,0,0,0
2022-12-19,BREAD,OB,0,9,9,2,0,0,7,0,0,0,0,0,0,0
2022-12-19,BREAD,Dry Stuf,14,0,14,0,0,0,14,0,0,0,0,0,0,0
2022-12-19,BREAD,CAR,16,0,16,2,0,0,14,0,0,0,0,0,0,0
2022-12-19,BREAD,IHF,10,0,10,2,0,0,8,0,0,0,0,0,0,0
2022-12-19,BREAD,H,0,4,4,0,0,0,4,0,0,0,0,0,0,0
2022-12-19,BREAD,FR Tree,0,0,0,0,0,0,0,0,0,0,0,0,0,0
2022-12-19,BREAD,VS,0,0,0,0,0,0,0,0,0,0,0,0,0,0
2022-12-19,BREAD,CnE Tree,0,4,4,0,0,0,4,0,0,0,0,0,0,0
2022-12-19,BREAD,BUTR,0,28,28,12,0,0,16,0,0,0,0,0,0,0
2022-12-19,BREAD,Tree,0,5,5,2,0,0,3,0,0,0,0,0,0,0
2022-12-19,BREAD,H-RLS,0,6,6,4,0,0,2,0,0,0,0,0,0,0
2022-12-19,BREAD,FR-RLS,0,0,0,0,0,0,0,0,0,0,0,0,0,0
2022-12-19,BREAD,VS-RLS,0,0,0,0,0,0,0,0,0,0,0,0,0,0
2022-12-19,BREAD,Blue Stru,0,24,24,1,16,0,7,0,0,0,0,0,0,0
2022-12-19,BREAD,Pump CC,0,63,63,11,51,0,1,0,0,0,0,0,0,0
2022-12-19,BREAD,Pump Cr,0,9,9,6,0,0,3,0,0,0,0,0,0,0
2022-12-19,BREAD,Capp Choc,0,5,5,2,0,0,3,0,0,0,0,0,0,0
2022-12-19,ROLLS,C-Rolls,0,60,60,38,0,22,0,0,0,0,0,0,0,0
2022-12-19,ROLLS,C-R Tree,0,5,5,2,0,0,3,0,0,0,0,0,0,0
2022-12-19,ROLLS,Mini C-Roll,0,384,384,0,384,0,0,0,0,0,0,0,0,0
2022-12-19,SCONES,Blueberry,0,0,0,0,0,0,0,0,0,0,0,0,0,0
2022-12-19,SCONES,Apple Cran,0,16,16,5,0,11,0,0,2,2,0,0,0,0
2022-12-19,SCONES,Cherry,0,0,0,0,0,0,0,0,0,0,0,0,0,0
2022-12-19,SCONES,Butt Almond,0,0,0,0,0,0,0,0,0,0,0,0,0,0
2022-12-19,SCONES,Turtle,0,0,0,0,0,0,0,0,0,0,0,0,0,0
2022-12-19,SCONES,Cin Chip,0,15,15,9,0,6,0,0,2,2,0,0,0,0
2022-12-19,SCONES,Cr Orange,0,10,10,5,0,5,0,0,2,2,0,0,0,0
2022-12-19,SCONES,Cr Or WCC,0,10,10,5,0,5,0,0,2,2,0,0,0,0
2022-12-19,SCONES,FRUIT BAR,0,0,0,0,0,0,0,0,0,0,0,0,0,0
2022-12-19,SCONES,mixed berry,0,5,5,3,1,1,0,0,0,0,0,0,0,0
2022-12-19,SCONES,cherry,0,5,5,3,0,2,0,0,0,0,0,0,0,0
2022-12-19,SCONES,apple cin,0,5,5,0,1,4,0,0,0,0,0,0,0,0
2022-12-19,SCONES,Cran White Choc,0,5,5,2,1,2,0,0,0,0,0,0,0,0
2022-12-19,MUFFINS,Blue Stru,0,9,9,5,4,0,0,0,2,2,0,0,0,0
2022-12-19,MUFFINS,Pump CC,0,6,6,2,0,4,0,0,0,0,0,0,0,0
2022-12-19,MUFFINS,Pump Cr,0,4,4,0,0,4,0,0,2,2,0,0,0,0
2022-12-19,MUFFINS,Capp Choc,0,7,7,3,4,0,0,0,2,2,0,0,0,0
2022-12-19,COOKIES/BARS,oat cc,0,60,60,22,18,0,20,0,0,0,0,0,0,0
2022-12-19,COOKIES/BARS,triple cc,0,66,66,14,24,0,28,0,0,0,0,0,0,0
2022-12-19,COOKIES/BARS,St Nicker,0,204,204,21,160,0,23,0,0,0,0,0,0,0
2022-12-19,COOKIES/BARS,Ginger,6,6,12,4,0,2,6,0,0,0,0,0,0,0
2022-12-19,COOKIES/BARS,frosted,0,2,2,0,0,0,2,0,0,0,0,0,0,0
2022-12-19,COOKIES/BARS,Pump,3,5,8,3,0,0,5,0,0,0,0,0,0,0
2022-12-19,COOKIES/BARS,Pecan,2,5,7,2,0,0,5,0,0,0,0,0,0,0
2022-12-19,COOKIES/BARS,App,0,4,4,1,0,0,3,0,0,0,0,0,0,0
2022-12-19,COOKIES/BARS,AppCran,0,4,4,0,0,0,4,0,0,0,0,0,0,0
2022-12-19,COOKIES/BARS,Brown,14,20,34,19,0,0,15,0,0,0,0,0,0,0
2022-12-19,COOKIES/BARS,pepp,0,0,0,-4,0,0,4,0,0,0,0,0,0,0
2022-12-19,COOKIES/BARS,Pump Bar,9,20,29,14,0,0,15,0,0,0,0,0,0,0
2022-12-19,COOKIES/BARS,Pump Ohhh,4,0,4,2,0,0,2,11,0,11,0,0,0,11
2022-12-19,COOKIES/BARS,Bread Pudding,0,0,0,0,0,0,0,0,0,0,0,0,0,0
2022-12-19,COOKIES/BARS,Totals,36,933,969,182,597,68,122,13,23,36,-2,0,0,24
2022-12-20,BREAD,H,2,50,52,26,25,0,1,0,0,0,0,0,0,0
2022-12-20,BREAD,FR,4,40,44,40,0,0,4,0,0,0,0,0,0,0
2022-12-20,BREAD,GW,0,20,20,7,8,0,5,0,0,0,0,0,0,0
2022-12-20,BREAD,DK,4,0,4,4,0,0,0,0,0,0,0,0,0,0
2022-12-20,BREAD,H5,0,19,19,12,0,0,7,0,0,0,0,0,0,0
2022-12-20,BREAD,CSWRL,0,48,48,32,0,0,16,0,12,12,3,0,0,9
2022-12-20,BREAD,MP Swirl,5,8,13,12,0,0,1,0,20,20,6,0,0,0
2022-12-20,BREAD,CnE,7,52,59,47,6,0,6,7,0,7,7,0,0,0
2022-12-20,BREAD,CnR,0,4,4,3,0,0,1,0,0,0,0,0,0,0
2022-12-20,BREAD,RW,0,4,4,1,0,0,3,0,0,0,0,0,0,0
2022-12-20,BREAD,Monk,8,0,8,8,0,0,0,0,0,0,0,0,0,0
2022-12-20,BREAD,Tree,0,3,3,2,0,0,1,0,0,0,0,0,0,0
2022-12-20,BREAD,CB,0,25,25,17,0,0,8,0,10,10,4,0,0,5
2022-12-20,BREAD,CrO,0,23,23,8,3,0,12,0,8,8,2,0,0,6
2022-12-20,BREAD,AA,2,2,4,2,0,0,2,0,0,0,0,0,0,0
2022-12-20,BREAD,POP,11,0,11,11,0,0,0,4,0,4,3,0,0,0
2022-12-20,BREAD,PUMA,0,0,0,0,0,0,0,1,0,1,1,0,0,0
2022-12-20,BREAD,WREATH,2,0,2,1,0,0,1,0,0,0,0,0,0,0
2022-12-20,BREAD,VS,0,26,26,19,2,0,5,0,7,7,2,0,0,4
2022-12-20,BREAD,sour-TL,4,0,4,4,0,0,0,0,0,0,0,0,0,0
2022-12-20,BREAD,OB,7,0,7,6,0,0,1,0,0,0,0,0,0,0
2022-12-20,BREAD,CrO-Rls,0,12,12,6,0,0,6,0,0,0,0,0,0,0
2022-12-20,BREAD,Dry Stuf,14,0,14,0,0,0,14,0,0,0,0,0,0,0
2022-12-20,BREAD,CAR,14,0,14,0,0,0,14,0,0,0,0,0,0,0
2022-12-20,BREAD,IHF,8,0,8,2,0,0,6,0,0,0,0,0,0,0
2022-12-20,BREAD,H,4,0,4,1,0,0,3,0,0,0,0,0,0,0
2022-12-20,BREAD,FR Tree,0,0,0,0,0,0,0,0,0,0,0,0,0,0
2022-12-20,BREAD,VS,0,4,4,2,1,0,1,0,0,0,0,0,0,0
2022-12-20,BREAD,CnE Tree,4,0,4,1,0,0,3,0,0,0,0,0,0,0
2022-12-20,BREAD,BUTR,16,0,16,15,0,0,1,0,0,0,0,0,0,0
2022-12-20,BREAD,Tree,3,0,3,3,0,0,0,0,0,0,0,0,0,0
2022-12-20,BREAD,H-RLS,2,7,9,8,0,0,1,0,0,0,0,0,0,0
2022-12-20,BREAD,FR-RLS,0,0,0,0,0,0,0,0,0,0,0,0,0,0
2022-12-20,BREAD,VS-RLS,0,16,16,12,0,0,4,0,0,0,0,0,0,0
2022-12-20,BREAD,Blue Stru,7,18,25,8,15,0,2,0,0,0,0,0,0,0
2022-12-20,BREAD,Pump CC,1,40,41,17,23,0,1,0,0,0,0,0,0,0
2022-12-20,BREAD,Pump Cr,3,15,18,6,10,0,2,0,0,0,0,0,0,0
2022-12-20,BREAD,Capp Choc,3,13,16,3,10,0,3,0,0,0,0,0,0,0
2022-12-20,ROLLS,C-Rolls,0,60,60,60,0,0,0,0,0,0,0,0,0,0
2022-12-20,ROLLS,C-R Tree,3,6,6,6,0,0,0,0,0,0,0,0,0,0
2022-12-20,ROLLS,Mini C-Roll,0,168,168,0,168,0,0,0,0,0,0,0,0,0
2022-12-20,SCONES,Blueberry,0,11,11,11,0,0,0,0,0,0,0,0,0,0
2022-12-20,SCONES,Apple Cran,0,0,0,0,0,0,0,0,0,0,0,0,0,0
2022-12-20,SCONES,Cherry,0,0,0,0,0,0,0,0,0,0,0,0,0,0
2022-12-20,SCONES,Butt Almond,0,0,0,0,0,0,0,0,0,0,0,0,0,0
2022-12-20,SCONES,Turtle,0,0,0,0,0,0,0,0,0,0,0,0,0,0
2022-12-20,SCONES,Cin Chip,0,12,12,12,0,0,0,0,0,0,0,0,0,0
2022-12-20,SCONES,Cr Orange,0,10,10,9,0,1,0,0,0,0,0,0,0,0
2022-12-20,SCONES,Cr Or WCC,0,10,10,10,0,0,0,0,0,0,0,0,0,0
2022-12-20,SCONES,FRUIT BAR,0,0,0,0,0,0,0,0,0,0,0,0,0,0
2022-12-20,SCONES,mixed berry,0,5,5,3,0,2,0,0,0,0,0,0,0,0
2022-12-20,SCONES,cherry,0,5,5,4,0,1,0,0,0,0,0,0,0,0
2022-12-20,SCONES,apple cin,0,5,5,4,0,1,0,0,0,0,0,0,0,0
2022-12-20,SCONES,Cran White Choc,0,5,5,3,0,2,0,0,0,0,0,0,0,0
2022-12-20,MUFFINS,Blue Stru,0,5,5,2,0,3,0,0,0,0,0,0,0,0
2022-12-20,MUFFINS,Pump CC,0,8,8,2,0,6,0,0,0,0,0,0,0,0
2022-12-20,MUFFINS,Pump Cr,0,5,5,1,0,4,0,0,0,0,0,0,0,0
2022-12-20,MUFFINS,Capp Choc,0,4,4,2,0,2,0,0,0,0,0,0,0,0
2022-12-20,COOKIES/BARS,oat cc,20,120,140,45,95,0,0,0,0,0,0,0,0,0
2022-12-20,COOKIES/BARS,triple cc,28,120,148,38,103,4,3,0,0,0,0,0,0,0
2022-12-20,COOKIES/BARS,St Nicker,23,120,143,44,99,0,0,0,0,0,0,0,0,0
2022-12-20,COOKIES/BARS,Ginger,6,12,18,10,0,0,8,0,0,0,0,0,0,0
2022-12-20,COOKIES/BARS,frosted,2,18,20,5,0,0,15,0,0,0,0,0,0,0
2022-12-20,COOKIES/BARS,Pump,5,0,5,0,0,0,5,0,0,0,0,0,0,0
2022-12-20,COOKIES/BARS,Pecan,5,0,5,1,0,0,4,0,0,0,0,0,0,0
2022-12-20,COOKIES/BARS,App,3,0,3,2,0,0,1,0,0,0,0,0,0,0
2022-12-20,COOKIES/BARS,AppCran,4,0,4,2,0,0,2,0,0,0,0,0,0,0
2022-12-20,COOKIES/BARS,Brown,15,20,35,1,0,0,34,0,0,0,0,0,0,0
2022-12-20,COOKIES/BARS,pepp,4,0,4,0,0,0,4,0,0,0,0,0,0,0
2022-12-20,COOKIES/BARS,Pump Bar,15,40,55,15,0,0,40,0,0,0,0,0,0,0
2022-12-20,COOKIES/BARS,Pump Ohhh,2,12,14,2,0,0,12,11,0,11,2,0,0,9
2022-12-20,COOKIES/BARS,Bread Pudding,0,0,0,0,0,0,0,0,0,0,0,0,0,0
2022-12-20,COOKIES/BARS,Totals,122,781,900,291,465,26,118,24,0,24,5,0,0,19
2022-12-21,BREAD,H,1,53,54,30,6,0,18,0,0,0,0,0,0,0
2022-12-21,BREAD,FR,4,39,43,19,3,0,21,0,0,0,0,0,0,0
2022-12-21,BREAD,GW,5,8,13,6,1,2,4,0,0,0,0,0,0,0
2022-12-21,BREAD,DK,0,29,29,8,3,0,18,0,0,0,0,0,0,0
2022-12-21,BREAD,H5,7,0,7,5,0,0,2,0,0,0,0,0,0,0
2022-12-21,BREAD,CSWRL,16,64,80,36,30,0,14,9,36,45,15,0,0,6
2022-12-21,BREAD,MP Swirl,1,16,17,10,2,0,5,0,8,8,3,0,0,4
2022-12-21,BREAD,CnE,6,53,59,37,16,0,6,0,22,22,9,0,0,0
2022-12-21,BREAD,CnR,1,6,7,5,2,0,0,0,0,0,0,0,0,0
2022-12-21,BREAD,RW,3,14,17,6,11,0,0,0,0,0,0,0,0,0
2022-12-21,BREAD,Monk,0,14,14,8,0,0,6,0,0,0,0,0,0,0
2022-12-21,BREAD,Tree,1,3,4,3,1,0,0,0,0,0,0,0,0,0
2022-12-21,BREAD,CB,8,0,8,8,0,0,0,5,0,5,3,0,0,0
2022-12-21,BREAD,CrO,12,18,30,14,5,0,11,6,12,18,10,0,0,0
2022-12-21,BREAD,AA,2,8,10,5,4,0,1,0,0,0,0,0,0,0
2022-12-21,BREAD,POP,0,16,16,15,1,0,0,0,5,5,5,0,0,0
2022-12-21,BREAD,PUMA,0,8,8,1,6,0,1,0,8,8,6,0,0,2
2022-12-21,BREAD,WREATH,1,4,5,4,0,0,1,0,0,0,0,0,0,0
2022-12-21,BREAD,VS,5,0,5,5,0,0,0,4,0,4,4,0,0,0
2022-12-21,BREAD,sour-TL,0,24,24,16,3,0,5,0,0,0,0,0,0,0
2022-12-21,BREAD,OB,1,7,8,8,0,0,0,0,0,0,0,0,0,0
2022-12-21,BREAD,Cro-Rls,6,6,12,8,0,0,4,0,0,0,0,0,0,0
2022-12-21,BREAD,Dry Stuf,14,0,14,0,0,0,14,0,0,0,0,0,0,0
2022-12-21,BREAD,CAR,14,0,14,3,0,0,11,0,0,0,0,0,0,0
2022-12-21,BREAD,IHF,6,0,6,2,0,0,4,0,0,0,0,0,0,0
2022-12-21,BREAD,H,3,2,5,3,0,2,0,0,0,0,0,0,0,0
2022-12-21,BREAD,FR Tree,0,0,0,0,0,0,0,0,0,0,0,0,0,0
2022-12-21,BREAD,VS,1,0,1,1,0,0,0,0,0,0,0,0,0,0
2022-12-21,BREAD,CnE Tree,3,0,3,-2,3,2,0,0,0,0,0,0,0,0
2022-12-21,BREAD,BUTR,1,63,64,32,2,0,30,0,0,0,0,0,0,0
2022-12-21,BREAD,Tree,0,6,6,1,2,0,3,0,0,0,0,0,0,0
2022-12-21,BREAD,H-RLS,1,9,10,7,0,0,3,0,0,0,0,0,0,0
2022-12-21,BREAD,FR-RLS,0,0,0,0,0,0,0,0,0,0,0,0,0,0
2022-12-21,BREAD,VS-RLS,4,0,4,4,0,0,0,0,0,0,0,0,0,0
2022-12-21,BREAD,Blue Stru,2,8,10,8,2,0,0,0,0,0,0,0,0,0
2022-12-21,BREAD,Pump CC,1,34,35,12,15,0,8,0,0,0,0,0,0,0
2022-12-21,BREAD,Pump Cr,2,14,16,3,6,0,7,0,0,0,0,0,0,0
2022-12-21,BREAD,Capp Choc,3,2,5,5,0,0,0,0,0,0,0,0,0,0
2022-12-21,ROLLS,C-Rolls,0,108,108,76,32,0,0,0,0,0,0,0,0,0
2022-12-21,ROLLS,C-R Tree,0,14,14,10,4,0,0,0,0,0,0,0,0,0
2022-12-21,ROLLS,Mini C-Roll,0,96,96,0,96,0,0,0,0,0,0,0,0,0
2022-12-21,SCONES,Blueberry,0,0,0,0,0,0,0,0,0,0,0,0,0,0
2022-12-21,SCONES,Apple Cran,0,18,18,12,0,6,0,0,30,30,0,0,0,0
2022-12-21,SCONES,Cherry,0,0,0,0,0,0,0,0,0,0,0,0,0,0
2022-12-21,SCONES,Butt Almond,0,0,0,0,0,0,0,0,0,0,0,0,0,0
2022-12-21,SCONES,Turtle,0,18,18,16,0,2,0,0,30,30,0,0,0,0
2022-12-21,SCONES,Cin Chip,0,0,0,0,0,0,0,0,0,0,0,0,0,0
2022-12-21,SCONES,Cr Orange,0,12,12,8,0,4,0,0,0,0,0,0,0,0
2022-12-21,SCONES,Cr Or WCC,0,12,12,5,0,7,0,0,0,0,0,0,0,0
2022-12-21,SCONES,FRUIT BAR,0,0,0,0,0,0,0,0,0,0,0,0,0,0
2022-12-21,SCONES,mixed berry,0,10,10,0,10,0,0,0,0,0,0,0,0,0
2022-12-21,SCONES,cherry,0,10,10,4,6,0,0,0,0,0,0,0,0,0
2022-12-21,SCONES,apple cin,0,10,10,4,6,0,0,0,0,0,0,0,0,0
2022-12-21,SCONES,Cran White Choc,0,10,10,4,6,0,0,0,0,0,0,0,0,0
2022-12-21,MUFFINS,Blue Stru,0,4,4,4,0,0,0,0,30,30,0,0,0,0
2022-12-21,MUFFINS,Pump CC,0,6,6,5,0,1,0,0,0,0,0,0,0,0
2022-12-21,MUFFINS,Pump Cr,0,5,5,3,0,2,0,0,0,0,0,0,0,0
2022-12-21,MUFFINS,Capp Choc,0,4,4,3,0,1,0,0,30,30,0,0,0,0
2022-12-21,COOKIES/BARS,oat cc,0,114,114,56,40,0,18,0,0,0,0,0,0,0
2022-12-21,COOKIES/BARS,triple cc,3,72,75,58,15,0,2,0,0,0,0,0,0,0
2022-12-21,COOKIES/BARS,St Nicker,0,78,78,67,2,0,9,0,0,0,0,0,0,0
2022-12-21,COOKIES/BARS,Ginger,8,12,20,3,0,0,17,0,0,0,0,0,0,0
2022-12-21,COOKIES/BARS,frosted,15,0,15,8,0,0,7,0,0,0,0,0,0,0
2022-12-21,COOKIES/BARS,Pump,5,5,10,4,0,0,6,0,0,0,0,0,0,0
2022-12-21,COOKIES/BARS,Pecan,4,5,9,2,0,0,7,0,0,0,0,0,0,0
2022-12-21,COOKIES/BARS,App,1,4,5,3,0,0,2,0,0,0,0,0,0,0
2022-12-21,COOKIES/BARS,AppCran,2,4,6,1,0,0,5,0,0,0,0,0,0,0
2022-12-21,COOKIES/BARS,Brown,34,0,34,5,0,0,29,0,0,0,0,0,0,0
2022-12-21,COOKIES/BARS,pepp,4,0,4,4,0,0,0,0,0,0,0,0,0,0
2022-12-21,COOKIES/BARS,Pump Bar,40,0,40,26,0,0,14,0,0,0,0,0,0,0
2022-12-21,COOKIES/BARS,Pump Ohhh,12,0,12,1,0,0,11,9,0,9,4,0,0,5
2022-12-21,COOKIES/BARS,Bread Pudding,0,0,0,0,0,0,0,0,0,0,0,0,0,0
2022-12-21,COOKIES/BARS,Totals,118,622,740,385,217,23,115,19,129,148,11,0,0,17
2022-12-22,BREAD,H,18,15,33,29,3,0,1,0,0,0,0,0,0,0
2022-12-22,BREAD,FR,21,21,42,32,8,0,2,0,0,0,0,0,0,0
2022-12-22,BREAD,GW,4,12,16,12,3,0,1,0,0,0,0,0,0,0
2022-12-22,BREAD,DK,18,0,18,13,1,0,4,0,0,0,0,0,0,0
2022-12-22,BREAD,H5,2,19,21,6,1,0,14,0,0,0,0,0,0,0
2022-12-22,BREAD,CSWRL,14,28,42,38,4,0,0,6,32,38,21,0,0,2
2022-12-22,BREAD,MP Swirl,5,8,13,13,0,0,0,4,0,4,4,0,0,0
2022-12-22,BREAD,CnE,6,46,52,36,1,0,15,0,5,5,5,0,0,0
2022-12-22,BREAD,CnR,0,4,4,4,0,0,0,0,0,0,0,0,0,0
2022-12-22,BREAD,RW,0,4,4,4,0,0,0,0,0,0,0,0,0,0
2022-12-22,BREAD,Monk,6,3,9,9,0,0,0,0,0,0,0,0,0,0
2022-12-22,BREAD,Tree,0,4,4,3,1,0,0,0,0,0,0,0,0,0
2022-12-22,BREAD,CB,0,21,21,12,2,0,7,0,13,13,7,0,0,3
2022-12-22,BREAD,CrO,11,0,11,7,0,1,3,0,0,0,0,0,0,0
2022-12-22,BREAD,AA,1,0,1,1,0,0,0,0,0,0,0,0,0,0
2022-12-22,BREAD,POP,0,19,19,11,0,0,8,0,5,5,5,0,0,0
2022-12-22,BREAD,PUMA,1,7,8,8,0,0,0,2,0,2,1,0,0,1
2022-12-22,BREAD,WREATH,1,3,4,4,0,0,0,0,0,0,0,0,0,0
2022-12-22,BREAD,VS,0,0,0,-1,1,0,0,0,0,0,0,0,0,0
2022-12-22,BREAD,sour-TL,5,0,5,4,1,0,0,0,0,0,0,0,0,0
2022-12-22,BREAD,OB,0,0,0,0,0,0,0,0,0,0,0,0,0,0
2022-12-22,BREAD,Cro-Rls,4,0,4,4,0,0,0,0,0,0,0,0,0,0
2022-12-22,BREAD,Dry Stuf,14,0,14,0,0,0,14,0,0,0,0,0,0,0
2022-12-22,BREAD,CAR,11,0,11,2,0,0,9,0,0,0,0,0,0,0
2022-12-22,BREAD,IHF,4,0,4,3,0,0,1,0,0,0,0,0,0,0
2022-12-22,BREAD,H,0,0,0,-1,0,0,1,0,0,0,0,0,0,0
2022-12-22,BREAD,FR Tree,0,0,0,-1,1,0,0,0,0,0,0,0,0,0
2022-12-22,BREAD,VS,0,6,6,3,3,0,0,0,0,0,0,0,0,0
2022-12-22,BREAD,CnE Tree,0,0,0,0,0,0,0,0,0,0,0,0,0,0
2022-12-22,BREAD,BUTR,30,0,30,29,1,0,0,0,0,0,0,0,0,0
2022-12-22,BREAD,Tree,3,0,3,3,0,0,0,0,0,0,0,0,0,0
2022-12-22,BREAD,H-RLS,3,9,12,7,3,0,2,0,0,0,0,0,0,0
2022-12-22,BREAD,FR-RLS,0,20,20,20,0,0,0,0,0,0,0,0,0,0
2022-12-22,BREAD,VS-RLS,0,0,0,-8,8,0,0,0,0,0,0,0,0,0
2022-12-22,BREAD,Blue Stru,0,15,15,8,7,0,0,0,0,0,0,0,0,0
2022-12-22,BREAD,Pump CC,8,8,16,7,5,4,0,0,0,0,0,0,0,0
2022-12-22,BREAD,Pump Cr,7,0,7,4,0,0,3,0,0,0,0,0,0,0
2022-12-22,BREAD,Capp Choc,0,6,6,2,1,0,3,0,0,0,0,0,0,0
2022-12-22,ROLLS,C-Rolls,0,120,120,82,38,0,0,0,0,0,0,0,0,0
2022-12-22,ROLLS,C-R Tree,0,10,10,10,0,0,0,0,0,0,0,0,0,0
2022-12-22,ROLLS,Mini C-Roll,0,96,96,0,96,0,0,0,0,0,0,0,0,0
2022-12-22,SCONES,Blueberry,0,15,15,13,0,2,0,0,2,2,0,0,0,0
2022-12-22,SCONES,Apple Cran,0,0,0,0,0,0,0,0,0,0,0,0,0,0
2022-12-22,SCONES,Cherry,0,0,0,0,0,0,0,0,0,0,0,0,0,0
2022-12-22,SCONES,Butt Almond,0,0,0,0,0,0,0,0,0,0,0,0,0,0
2022-12-22,SCONES,Turtle,0,16,16,9,3,4,0,0,2,2,0,0,0,0
2022-12-22,SCONES,Cin Chip,0,0,0,0,0,0,0,0,0,0,0,0,0,0
2022-12-22,SCONES,Cr Orange,0,10,10,2,0,8,0,0,2,2,0,0,0,0
2022-12-22,SCONES,Cr Or WCC,0,10,10,3,0,7,0,0,2,2,0,0,0,0
2022-12-22,SCONES,FRUIT BAR,0,0,0,0,0,0,0,0,0,0,0,0,0,0
2022-12-22,SCONES,mixed berry,0,5,5,4,1,0,0,0,0,0,0,0,0,0
2022-12-22,SCONES,cherry,0,5,5,4,1,0,0,0,0,0,0,0,0,0
2022-12-22,SCONES,apple cin,0,5,5,3,0,2,0,0,0,0,0,0,0,0
2022-12-22,SCONES,Cran White Choc,0,5,5,4,1,0,0,0,0,0,0,0,0,0
2022-12-22,MUFFINS,Blue Stru,0,6,6,5,1,0,0,0,2,2,0,0,0,0
2022-12-22,MUFFINS,Pump CC,0,6,6,4,0,2,0,0,0,0,0,0,0,0
2022-12-22,MUFFINS,Pump Cr,0,6,6,5,0,1,0,0,2,2,0,0,0,0
2022-12-22,MUFFINS,Capp Choc,0,8,8,4,4,0,0,0,2,2,0,0,0,0
2022-12-22,COOKIES/BARS,oat cc,18,108,126,51,75,0,0,0,0,0,0,0,0,0
2022-12-22,COOKIES/BARS,triple cc,2,162,164,51,113,0,0,0,0,0,0,0,0,0
2022-12-22,COOKIES/BARS,St Nicker,9,54,63,52,8,0,3,0,0,0,0,0,0,0
2022-12-22,COOKIES/BARS,Ginger,17,0,17,10,2,0,5,0,0,0,0,0,0,0
2022-12-22,COOKIES/BARS,frosted,7,18,25,13,2,0,10,0,0,0,0,0,0,0
2022-12-22,COOKIES/BARS,Pump,6,0,6,5,0,0,1,0,0,0,0,0,0,0
2022-12-22,COOKIES/BARS,Pecan,7,0,7,7,0,0,0,0,0,0,0,0,0,0
2022-12-22,COOKIES/BARS,App,2,0,2,2,0,0,0,0,0,0,0,0,0,0
2022-12-22,COOKIES/BARS,AppCran,5,0,5,5,0,0,0,0,0,0,0,0,0,0
2022-12-22,COOKIES/BARS,Brown,29,0,29,8,0,0,21,0,0,0,0,0,0,0
2022-12-22,COOKIES/BARS,pepp,0,0,0,0,0,0,0,0,0,0,0,0,0,0
2022-12-22,COOKIES/BARS,Pump Bar,14,20,34,8,0,0,26,0,0,0,0,0,0,0
2022-12-22,COOKIES/BARS,Pump Ohhh,11,0,11,6,0,0,5,5,0,5,1,0,0,4
2022-12-22,COOKIES/BARS,Bread Pudding,0,0,0,0,0,0,0,0,0,0,0,0,0,0
2022-12-22,COOKIES/BARS,Totals,115,685,800,358,345,26,71,17,14,31,13,0,0,4
2022-12-23,BREAD,H,1,33,34,5,1,0,28,0,0,0,0,0,0,0
2022-12-23,BREAD,FR,2,47,49,10,15,0,24,0,0,0,0,0,0,0
2022-12-23,BREAD,GW,1,6,7,1,0,0,6,0,0,0,0,0,0,0
2022-12-23,BREAD,DK,4,19,23,14,0,0,9,0,0,0,0,0,0,0
2022-12-23,BREAD,H5,14,0,14,1,0,0,13,0,0,0,0,0,0,0
2022-12-23,BREAD,CSWRL,0,32,32,2,4,0,26,2,12,14,5,0,0,9
2022-12-23,BREAD,MP Swirl,0,16,16,11,0,0,5,0,12,12,3,0,0,4
2022-12-23,BREAD,CnE,15,25,40,10,1,0,29,0,6,6,1,0,0,5
2022-12-23,BREAD,CnR,0,6,6,2,1,0,3,0,0,0,0,0,0,0
2022-12-23,BREAD,RW,0,6,6,0,0,0,6,0,0,0,0,0,0,0
2022-12-23,BREAD,Monk,0,10,10,0,1,0,9,0,0,0,0,0,0,0
2022-12-23,BREAD,Tree,0,6,6,5,1,0,0,0,0,0,0,0,0,0
2022-12-23,BREAD,CB,7,0,7,4,0,0,3,3,0,3,-1,0,0,4
2022-12-23,BREAD,CrO,3,21,24,2,5,0,17,0,4,4,1,0,0,3
2022-12-23,BREAD,AA,0,5,5,2,1,0,2,0,0,0,0,0,0,0
2022-12-23,BREAD,POP,8,10,18,3,0,0,15,0,5,5,2,0,0,2
2022-12-23,BREAD,PUMA,0,4,4,-5,0,0,9,1,8,9,5,0,0,3
2022-12-23,BREAD,WREATH,0,7,7,2,2,0,3,0,0,0,0,0,0,0
2022-12-23,BREAD,VS,0,10,10,2,0,0,8,0,6,6,2,0,0,4
2022-12-23,BREAD,sour-TL,0,20,20,5,3,0,12,0,0,0,0,0,0,0
2022-12-23,BREAD,OB,0,7,7,0,1,0,6,0,0,0,0,0,0,0
2022-12-23,BREAD,Cro-Rls,0,8,8,2,2,0,4,0,0,0,0,0,0,0
2022-12-23,BREAD,Dry Stuf,14,0,14,0,0,0,14,0,0,0,0,0,0,0
2022-12-23,BREAD,CAR,9,0,9,9,0,0,0,0,0,0,0,0,0,0
2022-12-23,BREAD,IHF,1,0,1,1,0,0,0,0,0,0,0,0,0,0
2022-12-23,BREAD,H,1,2,3,2,1,0,0,0,0,0,0,0,0,0
2022-12-23,BREAD,FR Tree,0,1,1,0,1,0,0,0,0,0,0,0,0,0
2022-12-23,BREAD,VS,0,3,3,1,0,0,2,0,0,0,0,0,0,0
2022-12-23,BREAD,CnE Tree,0,0,0,0,0,0,0,0,0,0,0,0,0,0
2022-12-23,BREAD,BUTR,0,51,51,14,21,0,16,0,0,0,0,0,0,0
2022-12-23,BREAD,Tree,0,6,6,1,2,0,3,0,0,0,0,0,0,0
2022-12-23,BREAD,H-RLS,2,9,11,4,4,0,3,0,0,0,0,0,0,0
2022-12-23,BREAD,FR-RLS,0,0,0,0,0,0,0,0,0,0,0,0,0,0
2022-12-23,BREAD,VS-RLS,0,12,12,-1,0,0,13,0,0,0,0,0,0,0
2022-12-23,BREAD,Blue Stru,0,6,6,4,0,0,2,0,0,0,0,0,0,0
2022-12-23,BREAD,Pump CC,0,9,9,2,1,0,6,0,0,0,0,0,0,0
2022-12-23,BREAD,Pump Cr,3,4,7,0,0,3,4,0,0,0,0,0,0,0
2022-12-23,BREAD,Capp Choc,3,3,6,3,1,0,2,0,0,0,0,0,0,0
2022-12-23,ROLLS,C-Rolls,0,72,72,48,12,12,0,0,0,0,0,0,0,0
2022-12-23,ROLLS,C-R Tree,0,10,10,7,3,0,0,0,0,0,0,0,0,0
2022-12-23,ROLLS,Mini C-Roll,0,48,48,0,48,0,0,0,0,0,0,0,0,0
2022-12-23,SCONES,Blueberry,0,0,0,0,0,0,0,0,0,0,0,0,0,0
2022-12-23,SCONES,Apple Cran,0,0,0,0,0,0,0,0,0,0,0,0,0,0
2022-12-23,SCONES,Cherry,0,10,10,1,1,8,0,0,0,0,0,0,0,0
2022-12-23,SCONES,Butt Almond,0,11,11,9,0,2,0,0,0,0,0,0,0,0
2022-12-23,SCONES,Turtle,0,0,0,0,0,0,0,0,0,0,0,0,0,0
2022-12-23,SCONES,Cin Chip,0,0,0,0,0,0,0,0,0,0,0,0,0,0
2022-12-23,SCONES,Cr Orange,0,6,6,1,0,5,0,0,0,0,0,0,0,0
2022-12-23,SCONES,Cr Or WCC,0,6,6,4,0,2,0,0,0,0,0,0,0,0
2022-12-23,SCONES,FRUIT BAR,0,0,0,0,0,0,0,0,0,0,0,0,0,0
2022-12-23,SCONES,mixed berry,0,5,5,0,0,5,0,0,0,0,0,0,0,0
2022-12-23,SCONES,cherry,0,5,5,2,0,3,0,0,0,0,0,0,0,0
2022-12-23,SCONES,apple cin,0,0,0,0,0,0,0,0,0,0,0,0,0,0
2022-12-23,SCONES,Cran White Choc,0,0,0,0,0,0,0,0,0,0,0,0,0,0
2022-12-23,MUFFINS,Blue Stru,0,3,3,1,0,2,0,0,0,0,0,0,0,0
2022-12-23,MUFFINS,Pump CC,0,4,4,1,0,3,0,0,0,0,0,0,0,0
2022-12-23,MUFFINS,Pump Cr,0,3,3,0,0,3,0,0,0,0,0,0,0,0
2022-12-23,MUFFINS,Capp Choc,0,3,3,3,0,0,0,0,0,0,0,0,0,0
2022-12-23,COOKIES/BARS,oat cc,0,36,36,14,0,0,22,0,0,0,0,0,0,0
2022-12-23,COOKIES/BARS,triple cc,0,36,36,9,0,0,27,0,0,0,0,0,0,0
2022-12-23,COOKIES/BARS,St Nicker,3,36,39,3,0,3,33,0,0,0,0,0,0,0
2022-12-23,COOKIES/BARS,Ginger,5,12,17,2,0,5,10,0,0,0,0,0,0,0
2022-12-23,COOKIES/BARS,frosted,10,12,22,0,2,0,20,0,0,0,0,0,0,0
2022-12-23,COOKIES/BARS,Pump,1,4,5,1,2,0,2,0,0,0,0,0,0,0
2022-12-23,COOKIES/BARS,Pecan,0,6,6,0,4,0,2,0,0,0,0,0,0,0
2022-12-23,COOKIES/BARS,App,0,5,5,1,2,0,2,0,0,0,0,0,0,0
2022-12-23,COOKIES/BARS,AppCran,0,5,5,0,3,0,2,0,0,0,0,0,0,0
2022-12-23,COOKIES/BARS,Brown,21,0,21,9,0,0,12,0,0,0,0,0,0,0
2022-12-23,COOKIES/BARS,pepp,0,0,0,-4,0,0,4,0,0,0,0,0,0,0
2022-12-23,COOKIES/BARS,Pump Bar,26,0,26,1,0,4,21,0,0,0,0,0,0,0
2022-12-23,COOKIES/BARS,Pump Ohhh,5,0,5,1,0,0,4,4,0,4,2,0,0,2
2022-12-23,COOKIES/BARS,Bread Pudding,0,0,0,0,0,0,0,0,0,0,0,0,0,0
2022-12-23,COOKIES/BARS,Totals,71,327,398,118,70,57,153,4,11,15,-2,0,0,10
2022-12-24,BREAD,H,28,0,28,4,0,24,0,0,0,0,0,0,0,0
2022-12-24,BREAD,FR,24,0,24,7,0,17,0,0,0,0,0,0,0,0
2022-12-24,BREAD,GW,6,7,13,2,0,11,0,0,0,0,0,0,0,0
2022-12-24,BREAD,DK,9,0,9,-5,0,14,0,0,0,0,0,0,0,0
2022-12-24,BREAD,H5,13,0,13,1,0,12,0,0,0,0,0,0,0,0
2022-12-24,BREAD,CSWRL,26,16,42,19,9,14,0,9,13,22,2,0,0,0
2022-12-24,BREAD,MP Swirl,5,8,13,-3,0,16,0,4,0,4,4,0,0,0
2022-12-24,BREAD,CnE,29,0,29,10,0,19,0,5,0,5,1,0,0,0
2022-12-24,BREAD,CnR,3,0,3,3,0,0,0,0,0,0,0,0,0,0
2022-12-24,BREAD,RW,6,0,6,3,0,3,0,0,0,0,0,0,0,0
2022-12-24,BREAD,Monkey,9,0,9,8,0,1,0,0,0,0,0,0,0,0
2022-12-24,BREAD,CB,3,0,3,3,0,0,0,4,0,4,2,0,0,0
2022-12-24,BREAD,CrO,17,0,17,4,0,13,0,3,0,3,3,0,0,0
2022-12-24,BREAD,AA,2,0,2,2,0,0,0,0,0,0,0,0,0,0
2022-12-24,BREAD,POP,15,0,15,3,0,12,0,2,0,2,1,0,0,0
2022-12-24,BREAD,PUMA,9,0,9,5,0,4,0,3,0,3,1,0,0,0
2022-12-24,BREAD,WREATH,3,0,3,1,0,2,0,0,0,0,0,0,0,0
2022-12-24,BREAD,VS,8,0,8,4,0,4,0,4,0,4,-1,0,0,0
2022-12-24,BREAD,sour-TL,12,0,12,2,0,10,0,0,0,0,0,0,0,0
2022-12-24,BREAD,OB,6,0,6,0,0,6,0,0,0,0,0,0,0,0
2022-12-24,BREAD,Cro-Rls,4,0,4,1,0,3,0,0,0,0,0,0,0,0
2022-12-24,BREAD,Dry Stuf,14,0,14,14,0,0,0,0,0,0,0,0,0,0
2022-12-24,BREAD,Monkey tree,0,0,0,-1,0,1,0,0,0,0,0,0,0,0
2022-12-24,BREAD,CAR,0,0,0,0,0,0,0,0,0,0,0,0,0,0
2022-12-24,BREAD,IHF,0,0,0,0,0,0,0,0,0,0,0,0,0,0
2022-12-24,BREAD,H,0,0,0,0,0,0,0,0,0,0,0,0,0,0
2022-12-24,BREAD,FR Tree,0,0,0,0,0,0,0,0,0,0,0,0,0,0
2022-12-24,BREAD,VS,2,0,2,0,0,2,0,0,0,0,0,0,0,0
2022-12-24,BREAD,CnE Tree,0,0,0,0,0,0,0,0,0,0,0,0,0,0
2022-12-24,BREAD,BUTR,16,0,16,10,0,6,0,0,0,0,0,0,0,0
2022-12-24,BREAD,Tree,3,0,3,3,0,0,0,0,0,0,0,0,0,0
2022-12-24,BREAD,H-RLS,3,0,3,3,0,0,0,0,0,0,0,0,0,0
2022-12-24,BREAD,FR-RLS,0,0,0,0,0,0,0,0,0,0,0,0,0,0
2022-12-24,BREAD,VS-RLS,13,0,13,7,0,6,0,0,0,0,0,0,0,0
2022-12-24,BREAD,Blue Stru,2,4,6,5,0,1,0,0,0,0,0,0,0,0
2022-12-24,BREAD,Pump CC,6,0,6,2,0,4,0,0,0,0,0,0,0,0
2022-12-24,BREAD,Pump Cr,4,0,4,1,0,3,0,0,0,0,0,0,0,0
2022-12-24,BREAD,Capp Choc,2,0,2,-2,0,4,0,0,0,0,0,0,0,0
2022-12-24,ROLLS,C-Rolls,0,168,168,89,64,15,0,0,0,0,0,0,0,0
2022-12-24,ROLLS,C-R Tree,0,10,10,4,2,4,0,0,0,0,0,0,0,0
2022-12-24,ROLLS,Mini C-Roll,0,0,0,0,0,0,0,0,0,0,0,0,0,0
2022-12-24,SCONES,Blueberry,0,11,11,5,0,6,0,0,3,3,0,0,0,0
2022-12-24,SCONES,Apple Cran,0,0,0,0,0,0,0,0,0,0,0,0,0,0
2022-12-24,SCONES,Cherry,0,0,0,0,0,0,0,0,0,0,0,0,0,0
2022-12-24,SCONES,Butt Almond,0,11,11,1,0,10,0,0,2,2,0,0,0,0
2022-12-24,SCONES,Turtle,0,0,0,0,0,0,0,0,0,0,0,0,0,0
2022-12-24,SCONES,Cin Chip,0,0,0,0,0,0,0,0,0,0,0,0,0,0
2022-12-24,SCONES,Cr Orange,0,8,8,1,0,7,0,0,2,2,0,0,0,0
2022-12-24,SCONES,Cr Or WCC,0,8,8,1,0,7,0,0,0,0,0,0,0,0
2022-12-24,SCONES,FRUIT BAR,0,0,0,0,0,0,0,0,0,0,0,0,0,0
2022-12-24,SCONES,mixed berry,0,5,5,0,3,2,0,0,0,0,0,0,0,0
2022-12-24,SCONES,cherry,0,5,5,1,3,1,0,0,0,0,0,0,0,0
2022-12-24,SCONES,apple cin,0,5,5,4,1,0,0,0,0,0,0,0,0,0
2022-12-24,SCONES,Cran White Choc,0,5,5,3,1,1,0,0,0,0,0,0,0,0
2022-12-24,MUFFINS,Blue Stru,0,8,8,0,8,0,0,0,2,2,0,0,0,0
2022-12-24,MUFFINS,Pump CC,0,8,8,3,0,5,0,0,0,0,0,0,0,0
2022-12-24,MUFFINS,Pump Cr,0,4,4,0,4,0,0,0,2,2,0,0,0,0
2022-12-24,MUFFINS,Capp Choc,0,4,4,-1,4,1,0,0,2,2,0,0,0,0
2022-12-24,COOKIES/BARS,oat cc,22,0,22,2,0,20,0,0,0,0,0,0,0,0
2022-12-24,COOKIES/BARS,triple cc,27,0,27,6,0,21,0,0,0,0,0,0,0,0
2022-12-24,COOKIES/BARS,St Nicker,33,0,33,10,0,23,0,0,0,0,0,0,0,0
2022-12-24,COOKIES/BARS,Ginger,10,0,10,9,0,1,0,0,0,0,0,0,0,0
2022-12-24,COOKIES/BARS,frosted,20,0,20,8,0,12,0,0,0,0,0,0,0,0
2022-12-24,COOKIES/BARS,Pump,2,0,2,2,0,0,0,0,0,0,0,0,0,0
2022-12-24,COOKIES/BARS,Pecan,2,0,2,2,0,0,0,0,0,0,0,0,0,0
2022-12-24,COOKIES/BARS,App,2,0,2,1,0,1,0,0,0,0,0,0,0,0
2022-12-24,COOKIES/BARS,AppCran,2,0,2,1,0,1,0,0,0,0,0,0,0,0
2022-12-24,COOKIES/BARS,Brown,12,0,12,6,0,0,6,0,0,0,0,0,0,0
2022-12-24,COOKIES/BARS,pepp,4,0,4,-2,0,0,6,0,0,0,0,0,0,0
2022-12-24,COOKIES/BARS,Pump Bar,21,0,21,10,0,0,11,0,0,0,0,0,0,0
2022-12-24,COOKIES/BARS,Pump Ohhh,4,0,4,4,0,0,0,2,0,2,2,0,0,0
2022-12-24,COOKIES/BARS,Bread Pudding,0,0,0,0,0,0,0,0,0,0,0,0,0,0
2022-12-24,COOKIES/BARS,Totals,153,260,413,169,90,137,17,10,13,23,3,0,0,6
2022-12-25,BREAD,H,0,0,0,0,0,0,0,0,0,0,0,0,0,0
2022-12-25,BREAD,FR,0,0,0,0,0,0,0,0,0,0,0,0,0,0
2022-12-25,BREAD,GW,0,0,0,0,0,0,0,0,0,0,0,0,0,0
2022-12-25,BREAD,DK,0,0,0,0,0,0,0,0,0,0,0,0,0,0
2022-12-25,BREAD,H5,0,0,0,0,0,0,0,0,0,0,0,0,0,0
2022-12-25,BREAD,CSWRL,0,0,0,0,0,0,0,0,0,0,0,0,0,0
2022-12-25,BREAD,MP Swirl,0,0,0,0,0,0,0,0,0,0,0,0,0,0
2022-12-25,BREAD,CnE,0,0,0,0,0,0,0,0,0,0,0,0,0,0
2022-12-25,BREAD,CnR,0,0,0,0,0,0,0,0,0,0,0,0,0,0
2022-12-25,BREAD,RW,0,0,0,0,0,0,0,0,0,0,0,0,0,0
2022-12-25,BREAD,Monkey,0,0,0,0,0,0,0,0,0,0,0,0,0,0
2022-12-25,BREAD,CB,0,0,0,0,0,0,0,0,0,0,0,0,0,0
2022-12-25,BREAD,CrO,0,0,0,0,0,0,0,0,0,0,0,0,0,0
2022-12-25,BREAD,AA,0,0,0,0,0,0,0,0,0,0,0,0,0,0
2022-12-25,BREAD,POP,0,0,0,0,0,0,0,0,0,0,0,0,0,0
2022-12-25,BREAD,PUMA,0,0,0,0,0,0,0,0,0,0,0,0,0,0
2022-12-25,BREAD,WREATH,0,0,0,0,0,0,0,0,0,0,0,0,0,0
2022-12-25,BREAD,VS,0,0,0,0,0,0,0,0,0,0,0,0,0,0
2022-12-25,BREAD,sour-TL,0,0,0,0,0,0,0,0,0,0,0,0,0,0
2022-12-25,BREAD,OB,0,0,0,0,0,0,0,0,0,0,0,0,0,0
2022-12-25,BREAD,Cro-Rls,0,0,0,0,0,0,0,0,0,0,0,0,0,0
2022-12-25,BREAD,Dry Stuf,0,0,0,0,0,0,0,0,0,0,0,0,0,0
2022-12-25,BREAD,Monkey tree,0,0,0,0,0,0,0,0,0,0,0,0,0,0
2022-12-25,BREAD,CAR,0,0,0,0,0,0,0,0,0,0,0,0,0,0
2022-12-25,BREAD,IHF,0,0,0,0,0,0,0,0,0,0,0,0,0,0
2022-12-25,BREAD,H,0,0,0,0,0,0,0,0,0,0,0,0,0,0
2022-12-25,BREAD,FR Tree,0,0,0,0,0,0,0,0,0,0,0,0,0,0
2022-12-25,BREAD,VS,0,0,0,0,0,0,0,0,0,0,0,0,0,0
2022-12-25,BREAD,CnE Tree,0,0,0,0,0,0,0,0,0,0,0,0,0,0
2022-12-25,BREAD,BUTR,0,0,0,0,0,0,0,0,0,0,0,0,0,0
2022-12-25,BREAD,Tree,0,0,0,0,0,0,0,0,0,0,0,0,0,0
2022-12-25,BREAD,H-RLS,0,0,0,0,0,0,0,0,0,0,0,0,0,0
2022-12-25,BREAD,FR-RLS,0,0,0,0,0,0,0,0,0,0,0,0,0,0
2022-12-25,BREAD,VS-RLS,0,0,0,0,0,0,0,0,0,0,0,0,0,0
2022-12-25,BREAD,Blue Stru,0,0,0,0,0,0,0,0,0,0,0,0,0,0
2022-12-25,BREAD,Pump CC,0,0,0,0,0,0,0,0,0,0,0,0,0,0
2022-12-25,BREAD,Pump Cr,0,0,0,0,0,0,0,0,0,0,0,0,0,0
2022-12-25,BREAD,Capp Choc,0,0,0,0,0,0,0,0,0,0,0,0,0,0
2022-12-25,ROLLS,C-Rolls,0,0,0,0,0,0,0,0,0,0,0,0,0,0
2022-12-25,ROLLS,C-R Tree,0,0,0,0,0,0,0,0,0,0,0,0,0,0
2022-12-25,ROLLS,Mini C-Roll,0,0,0,0,0,0,0,0,0,0,0,0,0,0
2022-12-25,SCONES,Blueberry,0,0,0,0,0,0,0,0,0,0,0,0,0,0
2022-12-25,SCONES,Apple Cran,0,0,0,0,0,0,0,0,0,0,0,0,0,0
2022-12-25,SCONES,Cherry,0,0,0,0,0,0,0,0,0,0,0,0,0,0
2022-12-25,SCONES,Butt Almond,0,0,0,0,0,0,0,0,0,0,0,0,0,0
2022-12-25,SCONES,Turtle,0,0,0,0,0,0,0,0,0,0,0,0,0,0
2022-12-25,SCONES,Cin Chip,0,0,0,0,0,0,0,0,0,0,0,0,0,0
2022-12-25,SCONES,Cr Orange,0,0,0,0,0,0,0,0,0,0,0,0,0,0
2022-12-25,SCONES,Cr Or WCC,0,0,0,0,0,0,0,0,0,0,0,0,0,0
2022-12-25,SCONES,FRUIT BAR,0,0,0,0,0,0,0,0,0,0,0,0,0,0
2022-12-25,SCONES,mixed berry,0,0,0,0,0,0,0,0,0,0,0,0,0,0
2022-12-25,SCONES,cherry,0,0,0,0,0,0,0,0,0,0,0,0,0,0
2022-12-25,SCONES,apple cin,0,0,0,0,0,0,0,0,0,0,0,0,0,0
2022-12-25,SCONES,Cran White Choc,0,0,0,0,0,0,0,0,0,0,0,0,0,0
2022-12-25,MUFFINS,Blue Stru,0,0,0,0,0,0,0,0,0,0,0,0,0,0
2022-12-25,MUFFINS,Pump CC,0,0,0,0,0,0,0,0,0,0,0,0,0,0
2022-12-25,MUFFINS,Pump Cr,0,0,0,0,0,0,0,0,0,0,0,0,0,0
2022-12-25,MUFFINS,Capp Choc,0,0,0,0,0,0,0,0,0,0,0,0,0,0
2022-12-25,COOKIES/BARS,oat cc,0,0,0,0,0,0,0,0,0,0,0,0,0,0
2022-12-25,COOKIES/BARS,triple cc,0,0,0,0,0,0,0,0,0,0,0,0,0,0
2022-12-25,COOKIES/BARS,St Nicker,0,0,0,0,0,0,0,0,0,0,0,0,0,0
2022-12-25,COOKIES/BARS,Ginger,0,0,0,0,0,0,0,0,0,0,0,0,0,0
2022-12-25,COOKIES/BARS,frosted,0,0,0,0,0,0,0,0,0,0,0,0,0,0
2022-12-25,COOKIES/BARS,Pump,0,0,0,0,0,0,0,0,0,0,0,0,0,0
2022-12-25,COOKIES/BARS,Pecan,0,0,0,0,0,0,0,0,0,0,0,0,0,0
2022-12-25,COOKIES/BARS,App,0,0,0,0,0,0,0,0,0,0,0,0,0,0
2022-12-25,COOKIES/BARS,AppCran,0,0,0,0,0,0,0,0,0,0,0,0,0,0
2022-12-25,COOKIES/BARS,Brown,6,0,6,6,0,0,0,0,0,0,0,0,0,0
2022-12-25,COOKIES/BARS,pepp,6,0,6,6,0,0,0,0,0,0,0,0,0,0
2022-12-25,COOKIES/BARS,Pump Bar,11,0,11,11,0,0,0,0,0,0,0,0,0,0
2022-12-25,COOKIES/BARS,Pump Ohhh,0,0,0,0,0,0,0,0,0,0,0,0,0,0
2022-12-25,COOKIES/BARS,Bread Pudding,0,0,0,0,0,0,0,0,0,0,0,0,0,0
2022-12-25,COOKIES/BARS,Totals,17,0,17,17,0,0,0,6,0,6,6,0,0,0
2022-12-26,BREAD,H,0,0,0,0,0,0,0,0,0,0,0,0,0,0
2022-12-26,BREAD,FR,0,0,0,0,0,0,0,0,0,0,0,0,0,0
2022-12-26,BREAD,GW,0,0,0,0,0,0,0,0,0,0,0,0,0,0
2022-12-26,BREAD,DK,0,0,0,0,0,0,0,0,0,0,0,0,0,0
2022-12-26,BREAD,H5,0,0,0,0,0,0,0,0,0,0,0,0,0,0
2022-12-26,BREAD,CSWRL,0,0,0,0,0,0,0,0,0,0,0,0,0,0
2022-12-26,BREAD,MP Swirl,0,0,0,0,0,0,0,0,0,0,0,0,0,0
2022-12-26,BREAD,CnE,0,0,0,0,0,0,0,0,0,0,0,0,0,0
2022-12-26,BREAD,CnR,0,0,0,0,0,0,0,0,0,0,0,0,0,0
2022-12-26,BREAD,RW,0,0,0,0,0,0,0,0,0,0,0,0,0,0
2022-12-26,BREAD,Monkey,0,0,0,0,0,0,0,0,0,0,0,0,0,0
2022-12-26,BREAD,CB,0,0,0,0,0,0,0,0,0,0,0,0,0,0
2022-12-26,BREAD,CrO,0,0,0,0,0,0,0,0,0,0,0,0,0,0
2022-12-26,BREAD,AA,0,0,0,0,0,0,0,0,0,0,0,0,0,0
2022-12-26,BREAD,POP,0,0,0,0,0,0,0,0,0,0,0,0,0,0
2022-12-26,BREAD,PUMA,0,0,0,0,0,0,0,0,0,0,0,0,0,0
2022-12-26,BREAD,WREATH,0,0,0,0,0,0,0,0,0,0,0,0,0,0
2022-12-26,BREAD,VS,0,0,0,0,0,0,0,0,0,0,0,0,0,0
2022-12-26,BREAD,sour-TL,0,0,0,0,0,0,0,0,0,0,0,0,0,0
2022-12-26,BREAD,OB,0,0,0,0,0,0,0,0,0,0,0,0,0,0
2022-12-26,BREAD,Monkey tree,0,0,0,0,0,0,0,0,0,0,0,0,0,0
2022-12-26,BREAD,CAR,0,0,0,0,0,0,0,0,0,0,0,0,0,0
2022-12-26,BREAD,IHF,0,0,0,0,0,0,0,0,0,0,0,0,0,0
2022-12-26,BREAD,H,0,0,0,0,0,0,0,0,0,0,0,0,0,0
2022-12-26,BREAD,FR Tree,0,0,0,0,0,0,0,0,0,0,0,0,0,0
2022-12-26,BREAD,VS,0,0,0,0,0,0,0,0,0,0,0,0,0,0
2022-12-26,BREAD,CnE Tree,0,0,0,0,0,0,0,0,0,0,0,0,0,0
2022-12-26,BREAD,BUTR,0,0,0,0,0,0,0,0,0,0,0,0,0,0
2022-12-26,BREAD,Tree,0,0,0,0,0,0,0,0,0,0,0,0,0,0
2022-12-26,BREAD,H-RLS,0,0,0,0,0,0,0,0,0,0,0,0,0,0
2022-12-26,BREAD,FR-RLS,0,0,0,0,0,0,0,0,0,0,0,0,0,0
2022-12-26,BREAD,VS-RLS,0,0,0,0,0,0,0,0,0,0,0,0,0,0
2022-12-26,BREAD,Blue Stru,0,0,0,0,0,0,0,0,0,0,0,0,0,0
2022-12-26,BREAD,Pump CC,0,0,0,0,0,0,0,0,0,0,0,0,0,0
2022-12-26,BREAD,Pump Cr,0,0,0,0,0,0,0,0,0,0,0,0,0,0
2022-12-26,BREAD,Capp Choc,0,0,0,0,0,0,0,0,0,0,0,0,0,0
2022-12-26,ROLLS,C-Rolls,0,36,36,36,0,0,0,0,0,0,0,0,0,0
2022-12-26,ROLLS,C-R Tree,0,0,0,0,0,0,0,0,0,0,0,0,0,0
2022-12-26,ROLLS,Mini C-Roll,0,0,0,0,0,0,0,0,0,0,0,0,0,0
2022-12-26,SCONES,Blueberry,0,0,0,0,0,0,0,0,0,0,0,0,0,0
2022-12-26,SCONES,Apple Cran,0,11,11,11,0,0,0,0,0,0,0,0,0,0
2022-12-26,SCONES,Cherry,0,0,0,0,0,0,0,0,0,0,0,0,0,0
2022-12-26,SCONES,Butt Almond,0,0,0,0,0,0,0,0,0,0,0,0,0,0
2022-12-26,SCONES,Turtle,0,0,0,0,0,0,0,0,0,0,0,0,0,0
2022-12-26,SCONES,Cin Chip,0,11,11,11,0,0,0,0,0,0,0,0,0,0
2022-12-26,SCONES,Cr Orange,0,6,6,6,0,0,0,0,0,0,0,0,0,0
2022-12-26,SCONES,Cr Or WCC,0,6,6,6,0,0,0,0,0,0,0,0,0,0
2022-12-26,SCONES,FRUIT BAR,0,0,0,0,0,0,0,0,0,0,0,0,0,0
2022-12-26,SCONES,mixed berry,0,5,5,5,0,0,0,0,0,0,0,0,0,0
2022-12-26,SCONES,cherry,0,5,5,5,0,0,0,0,0,0,0,0,0,0
2022-12-26,SCONES,apple cin,0,0,0,0,0,0,0,0,0,0,0,0,0,0
2022-12-26,SCONES,Cran White Choc,0,0,0,0,0,0,0,0,0,0,0,0,0,0
2022-12-26,MUFFINS,Blue Stru,0,4,4,4,0,0,0,0,0,0,0,0,0,0
2022-12-26,MUFFINS,Pump CC,0,5,5,5,0,0,0,0,0,0,0,0,0,0
2022-12-26,MUFFINS,Pump Cr,0,3,3,3,0,0,0,0,0,0,0,0,0,0
2022-12-26,MUFFINS,Capp Choc,0,3,3,3,0,0,0,0,0,0,0,0,0,0
2022-12-26,COOKIES/BARS,oat cc,0,0,0,0,0,0,0,0,0,0,0,0,0,0
2022-12-26,COOKIES/BARS,triple cc,0,0,0,0,0,0,0,0,0,0,0,0,0,0
2022-12-26,COOKIES/BARS,St Nicker,0,0,0,0,0,0,0,0,0,0,0,0,0,0
2022-12-26,COOKIES/BARS,Ginger,0,0,0,0,0,0,0,0,0,0,0,0,0,0
2022-12-26,COOKIES/BARS,frosted,0,0,0,0,0,0,0,0,0,0,0,0,0,0
2022-12-26,COOKIES/BARS,Pump,0,0,0,0,0,0,0,0,0,0,0,0,0,0
2022-12-26,COOKIES/BARS,Pecan,0,0,0,0,0,0,0,0,0,0,0,0,0,0
2022-12-26,COOKIES/BARS,App,0,0,0,0,0,0,0,0,0,0,0,0,0,0
2022-12-26,COOKIES/BARS,AppCran,0,0,0,0,0,0,0,0,0,0,0,0,0,0
2022-12-26,COOKIES/BARS,Brown,0,0,0,0,0,0,0,0,0,0,0,0,0,0
2022-12-26,COOKIES/BARS,pepp,0,0,0,0,0,0,0,0,0,0,0,0,0,0
2022-12-26,COOKIES/BARS,Pump Bar,0,0,0,0,0,0,0,0,0,0,0,0,0,0
2022-12-26,COOKIES/BARS,Pump Ohhh,0,0,0,0,0,0,0,0,0,0,0,0,0,0
2022-12-26,COOKIES/BARS,Bread Pudding,0,0,0,0,0,0,0,0,0,0,0,0,0,0
2022-12-26,COOKIES/BARS,Totals,0,95,95,95,0,0,0,0,0,0,0,0,0,0
2022-12-27,BREAD,H,0,29,29,17,0,0,12,0,0,0,0,0,0,0
2022-12-27,BREAD,FR,0,7,7,-9,4,0,12,0,0,0,0,0,0,0
2022-12-27,BREAD,GW,0,0,0,-5,0,0,5,0,0,0,0,0,0,0
2022-12-27,BREAD,DK,0,0,0,0,0,0,0,0,0,0,0,0,0,0
2022-12-27,BREAD,H5,0,18,18,6,0,0,12,0,0,0,0,0,0,0
2022-12-27,BREAD,CSWRL,0,16,16,11,0,0,5,0,4,4,2,0,0,2
2022-12-27,BREAD,MP Swirl,0,8,8,7,0,0,1,0,3,3,3,0,0,0
2022-12-27,BREAD,CnE,0,0,0,0,0,0,0,0,0,0,0,0,0,0
2022-12-27,BREAD,CnR,0,0,0,0,0,0,0,0,0,0,0,0,0,0
2022-12-27,BREAD,RW,0,0,0,0,0,0,0,0,0,0,0,0,0,0
2022-12-27,BREAD,Monkey,0,0,0,0,0,0,0,0,0,0,0,0,0,0
2022-12-27,BREAD,CB,0,8,8,3,0,0,5,0,6,6,3,0,0,3
2022-12-27,BREAD,CrO,0,0,0,0,0,0,0,0,0,0,0,0,0,0
2022-12-27,BREAD,AA,0,0,0,0,0,0,0,0,0,0,0,0,0,0
2022-12-27,BREAD,POP,0,0,0,0,0,0,0,0,0,0,0,0,0,0
2022-12-27,BREAD,PUMA,0,0,0,0,0,0,0,0,0,0,0,0,0,0
2022-12-27,BREAD,WREATH,0,0,0,0,0,0,0,0,0,0,0,0,0,0
2022-12-27,BREAD,VS,0,13,13,7,0,0,6,0,3,3,2,0,0,1
2022-12-27,BREAD,sour-TL,0,26,26,7,18,0,1,0,0,0,0,0,0,0
2022-12-27,BREAD,OB,0,6,6,1,0,0,5,0,0,0,0,0,0,0
2022-12-27,BREAD,JCB,0,19,19,19,0,0,0,0,0,0,0,0,0,0
2022-12-27,BREAD,Monkey tree,0,0,0,0,0,0,0,0,0,0,0,0,0,0
2022-12-27,BREAD,CAR,0,0,0,-10,0,0,10,0,0,0,0,0,0,0
2022-12-27,BREAD,IHF,0,19,19,1,0,0,18,0,0,0,0,0,0,0
2022-12-27,BREAD,H,0,0,0,0,0,0,0,0,0,0,0,0,0,0
2022-12-27,BREAD,FR Tree,0,0,0,0,0,0,0,0,0,0,0,0,0,0
2022-12-27,BREAD,VS,0,0,0,0,0,0,0,0,0,0,0,0,0,0
2022-12-27,BREAD,CnE Tree,0,0,0,0,0,0,0,0,0,0,0,0,0,0
2022-12-27,BREAD,BUTR,0,0,0,0,0,0,0,0,0,0,0,0,0,0
2022-12-27,BREAD,Tree,0,0,0,0,0,0,0,0,0,0,0,0,0,0
2022-12-27,BREAD,H-RLS,0,4,4,1,0,0,3,0,0,0,0,0,0,0
2022-12-27,BREAD,FR-RLS,0,2,2,2,0,0,0,0,0,0,0,0,0,0
2022-12-27,BREAD,VS-RLS,0,6,6,3,0,0,3,0,0,0,0,0,0,0
2022-12-27,BREAD,Blue Stru,0,4,4,3,0,0,1,0,0,0,0,0,0,0
2022-12-27,BREAD,Pump CC,0,4,4,0,0,0,4,0,0,0,0,0,0,0
2022-12-27,BREAD,Pump Cr,0,3,3,0,0,0,3,0,0,0,0,0,0,0
2022-12-27,BREAD,Capp Choc,0,3,3,0,0,0,3,0,0,0,0,0,0,0
2022-12-27,ROLLS,C-Rolls,0,24,24,22,0,2,0,0,0,0,0,0,0,0
2022-12-27,ROLLS,C-R Tree,0,0,0,0,0,0,0,0,0,0,0,0,0,0
2022-12-27,ROLLS,Mini C-Roll,0,0,0,0,0,0,0,0,0,0,0,0,0,0
2022-12-27,SCONES,Blueberry,0,11,11,6,0,5,0,0,0,0,0,0,0,0
2022-12-27,SCONES,Apple Cran,0,0,0,0,0,0,0,0,0,0,0,0,0,0
2022-12-27,SCONES,Cherry,0,0,0,0,0,0,0,0,0,0,0,0,0,0
2022-12-27,SCONES,Butt Almond,0,0,0,0,0,0,0,0,0,0,0,0,0,0
2022-12-27,SCONES,Turtle,0,0,0,0,0,0,0,0,0,0,0,0,0,0
2022-12-27,SCONES,Cin Chip,0,11,11,9,0,2,0,0,0,0,0,0,0,0
2022-12-27,SCONES,Cr Orange,0,8,8,5,0,3,0,0,0,0,0,0,0,0
2022-12-27,SCONES,Cr Or WCC,0,8,8,3,0,5,0,0,0,0,0,0,0,0
2022-12-27,SCONES,FRUIT BAR,0,0,0,0,0,0,0,0,0,0,0,0,0,0
2022-12-27,SCONES,mixed berry,0,0,0,0,0,0,0,0,0,0,0,0,0,0
2022-12-27,SCONES,cherry,0,0,0,0,0,0,0,0,0,0,0,0,0,0
2022-12-27,SCONES,apple cin,0,5,5,3,0,2,0,0,0,0,0,0,0,0
2022-12-27,SCONES,Cran White Choc,0,5,5,1,0,4,0,0,0,0,0,0,0,0
2022-12-27,MUFFINS,Blue Stru,0,4,4,2,0,2,0,0,0,0,0,0,0,0
2022-12-27,MUFFINS,Pump CC,0,4,4,0,0,4,0,0,0,0,0,0,0,0
2022-12-27,MUFFINS,Pump Cr,0,3,3,0,0,3,0,0,0,0,0,0,0,0
2022-12-27,MUFFINS,Capp Choc,0,3,3,3,0,0,0,0,0,0,0,0,0,0
2022-12-27,COOKIES/BARS,oat cc,0,30,30,10,0,0,20,0,0,0,0,0,0,0
2022-12-27,COOKIES/BARS,triple cc,0,30,30,18,0,0,12,0,0,0,0,0,0,0
2022-12-27,COOKIES/BARS,St Nicker,0,30,30,5,0,0,25,0,0,0,0,0,0,0
2022-12-27,COOKIES/BARS,Ginger,0,18,18,3,0,0,15,0,0,0,0,0,0,0
2022-12-27,COOKIES/BARS,frosted,0,18,18,2,0,0,16,0,0,0,0,0,0,0
2022-12-27,COOKIES/BARS,Pump,0,0,0,0,0,0,0,0,0,0,0,0,0,0
2022-12-27,COOKIES/BARS,Pecan,0,0,0,0,0,0,0,0,0,0,0,0,0,0
2022-12-27,COOKIES/BARS,App,0,0,0,0,0,0,0,0,0,0,0,0,0,0
2022-12-27,COOKIES/BARS,AppCran,0,0,0,0,0,0,0,0,0,0,0,0,0,0
2022-12-27,COOKIES/BARS,Brown,0,20,20,3,0,0,17,0,0,0,0,0,0,0
2022-12-27,COOKIES/BARS,pepp,0,0,0,0,0,0,0,0,0,0,0,0,0,0
2022-12-27,COOKIES/BARS,Pump Bar,0,20,20,-5,0,0,25,0,0,0,0,0,0,0
2022-12-27,COOKIES/BARS,Pump Ohhh,0,0,0,-2,0,0,2,0,0,0,-5,0,0,5
2022-12-27,COOKIES/BARS,Bread Pudding,0,0,0,0,0,0,0,0,0,0,0,0,0,0
2022-12-27,COOKIES/BARS,Totals,0,252,252,88,0,32,132,0,0,0,-5,0,0,5
2022-12-28,BREAD,H,12,19,31,9,1,0,21,0,0,0,0,0,0,0
2022-12-28,BREAD,FR,12,13,25,5,0,0,20,0,0,0,0,0,0,0
2022-12-28,BREAD,GW,5,0,5,2,0,3,0,0,0,0,0,0,0,0
2022-12-28,BREAD,DK,0,14,14,1,0,0,13,0,0,0,0,0,0,0
2022-12-28,BREAD,H5,12,0,12,0,0,0,12,0,0,0,0,0,0,0
2022-12-28,BREAD,CSWRL,5,10,15,13,0,0,2,2,4,6,2,0,0,4
2022-12-28,BREAD,MP Swirl,1,8,9,6,2,0,1,0,4,4,1,0,0,3
2022-12-28,BREAD,CnE,0,7,7,5,2,0,0,0,3,3,3,0,0,0
2022-12-28,BREAD,CnR,0,3,3,3,0,0,0,0,0,0,0,0,0,0
2022-12-28,BREAD,RW,0,3,3,3,0,0,0,0,0,0,0,0,0,0
2022-12-28,BREAD,Monkey,0,6,6,6,0,0,0,0,0,0,0,0,0,0
2022-12-28,BREAD,CB,5,0,5,2,0,3,0,3,0,3,0,0,0,0
2022-12-28,BREAD,CrO,0,7,7,6,1,0,0,0,3,3,1,0,0,0
2022-12-28,BREAD,AA,0,0,0,0,0,0,0,0,0,0,0,0,0,0
2022-12-28,BREAD,POP,0,5,5,3,0,0,2,0,3,3,3,0,0,0
2022-12-28,BREAD,PUMA,0,6,6,5,0,0,1,0,0,0,0,0,0,0
2022-12-28,BREAD,WREATH,0,0,0,0,0,0,0,0,0,0,0,0,0,0
2022-12-28,BREAD,VS,6,0,6,6,0,0,0,1,0,1,1,0,0,0
2022-12-28,BREAD,sour-TL,1,12,13,10,0,0,3,0,0,0,0,0,0,0
2022-12-28,BREAD,OB,5,4,9,6,0,0,3,0,0,0,0,0,0,0
2022-12-28,BREAD,Monkey tree,0,0,0,0,0,0,0,0,0,0,0,0,0,0
2022-12-28,BREAD,CAR,10,0,10,2,0,0,8,0,0,0,0,0,0,0
2022-12-28,BREAD,IHF,18,0,18,2,0,0,16,0,0,0,0,0,0,0
2022-12-28,BREAD,H,0,0,0,0,0,0,0,0,0,0,0,0,0,0
2022-12-28,BREAD,FR Tree,0,0,0,0,0,0,0,0,0,0,0,0,0,0
2022-12-28,BREAD,VS,0,0,0,0,0,0,0,0,0,0,0,0,0,0
2022-12-28,BREAD,CnE Tree,0,0,0,0,0,0,0,0,0,0,0,0,0,0
2022-12-28,BREAD,BUTR,0,0,0,0,0,0,0,0,0,0,0,0,0,0
2022-12-28,BREAD,Tree,0,0,0,0,0,0,0,0,0,0,0,0,0,0
2022-12-28,BREAD,H-RLS,3,0,3,0,0,3,0,0,0,0,0,0,0,0
2022-12-28,BREAD,FR-RLS,0,2,2,2,0,0,0,0,0,0,0,0,0,0
2022-12-28,BREAD,VS-RLS,3,0,3,3,0,0,0,0,0,0,0,0,0,0
2022-12-28,BREAD,Blue Stru,1,4,5,2,0,0,3,0,0,0,0,0,0,0
2022-12-28,BREAD,Pump CC,4,4,8,4,0,1,3,0,0,0,0,0,0,0
2022-12-28,BREAD,Pump Cr,3,4,7,2,0,1,4,0,0,0,0,0,0,0
2022-12-28,BREAD,Capp Choc,3,3,6,4,0,0,2,0,0,0,0,0,0,0
2022-12-28,ROLLS,C-Rolls,0,24,24,24,0,0,0,0,0,0,0,0,0,0
2022-12-28,ROLLS,C-R Tree,0,0,0,0,0,0,0,0,0,0,0,0,0,0
2022-12-28,ROLLS,Mini C-Roll,0,0,0,0,0,0,0,0,0,0,0,0,0,0
2022-12-28,SCONES,Blueberry,0,0,0,0,0,0,0,0,0,0,0,0,0,0
2022-12-28,SCONES,Apple Cran,0,11,11,1,0,10,0,0,0,0,0,0,0,0
2022-12-28,SCONES,Cherry,0,0,0,0,0,0,0,0,0,0,0,0,0,0
2022-12-28,SCONES,Butt Almond,0,0,0,0,0,0,0,0,0,0,0,0,0,0
2022-12-28,SCONES,Turtle,0,11,11,2,0,9,0,0,0,0,0,0,0,0
2022-12-28,SCONES,Cin Chip,0,0,0,0,0,0,0,0,0,0,0,0,0,0
2022-12-28,SCONES,Cr Orange,0,8,8,1,0,7,0,0,0,0,0,0,0,0
2022-12-28,SCONES,Cr Or WCC,0,8,8,2,0,6,0,0,0,0,0,0,0,0
2022-12-28,SCONES,FRUIT BAR,0,0,0,0,0,0,0,0,0,0,0,0,0,0
2022-12-28,SCONES,mixed berry,0,5,5,3,0,2,0,0,0,0,0,0,0,0
2022-12-28,SCONES,cherry,0,5,5,3,0,2,0,0,0,0,0,0,0,0
2022-12-28,SCONES,apple cin,0,0,0,0,0,0,0,0,0,0,0,0,0,0
2022-12-28,SCONES,Cran White Choc,0,0,0,0,0,0,0,0,0,0,0,0,0,0
2022-12-28,MUFFINS,Blue Stru,0,4,4,2,0,2,0,0,0,0,0,0,0,0
2022-12-28,MUFFINS,Pump CC,0,4,4,0,0,4,0,0,0,0,0,0,0,0
2022-12-28,MUFFINS,Pump Cr,0,3,3,0,0,3,0,0,0,0,0,0,0,0
2022-12-28,MUFFINS,Capp Choc,0,3,3,1,0,2,0,0,0,0,0,0,0,0
2022-12-28,COOKIES/BARS,oat cc,20,18,38,17,11,9,1,0,0,0,0,0,0,0
2022-12-28,COOKIES/BARS,triple cc,12,24,36,5,11,7,13,0,0,0,0,0,0,0
2022-12-28,COOKIES/BARS,St Nicker,25,18,43,6,12,19,6,0,0,0,0,0,0,0
2022-12-28,COOKIES/BARS,Ginger,15,0,15,0,0,15,0,0,0,0,0,0,0,0
2022-12-28,COOKIES/BARS,frosted,16,0,16,5,0,0,11,0,0,0,0,0,0,0
2022-12-28,COOKIES/BARS,Pump,0,0,0,0,0,0,0,0,0,0,0,0,0,0
2022-12-28,COOKIES/BARS,Pecan,0,0,0,0,0,0,0,0,0,0,0,0,0,0
2022-12-28,COOKIES/BARS,App,0,0,0,0,0,0,0,0,0,0,0,0,0,0
2022-12-28,COOKIES/BARS,AppCran,0,0,0,0,0,0,0,0,0,0,0,0,0,0
2022-12-28,COOKIES/BARS,Brown,17,0,17,-1,0,2,16,0,0,0,0,0,0,0
2022-12-28,COOKIES/BARS,pepp,0,0,0,0,0,0,0,0,0,0,0,0,0,0
2022-12-28,COOKIES/BARS,Pump Bar,25,0,25,2,0,5,18,0,0,0,0,0,0,0
2022-12-28,COOKIES/BARS,Pump Ohhh,2,0,2,0,0,0,2,5,0,5,0,0,0,5
2022-12-28,COOKIES/BARS,Bread Pudding,0,0,0,0,0,0,0,0,0,0,0,0,0,0
2022-12-28,COOKIES/BARS,Totals,132,146,278,73,34,104,67,5,0,5,0,0,0,5
2022-12-29,BREAD,H,21,12,33,8,2,1,22,0,0,0,0,0,0,0
2022-12-29,BREAD,FR,20,40,60,9,38,0,13,0,0,0,0,0,0,0
2022-12-29,BREAD,GW,0,11,11,4,0,0,7,0,0,0,0,0,0,0
2022-12-29,BREAD,DK,13,0,13,5,0,0,8,0,0,0,0,0,0,0
2022-12-29,BREAD,H5,12,0,12,1,0,0,11,0,0,0,0,0,0,0
2022-12-29,BREAD,CSWRL,2,12,14,14,0,0,0,4,0,4,4,0,0,0
2022-12-29,BREAD,MP Swirl,1,8,9,9,0,0,0,3,0,3,3,0,0,0
2022-12-29,BREAD,CnE,0,0,0,0,0,0,0,0,0,0,0,0,0,0
2022-12-29,BREAD,CnR,0,0,0,0,0,0,0,0,0,0,0,0,0,0
2022-12-29,BREAD,RW,0,0,0,0,0,0,0,0,0,0,0,0,0,0
2022-12-29,BREAD,Monkey,0,0,0,0,0,0,0,0,0,0,0,0,0,0
2022-12-29,BREAD,CB,0,10,10,8,0,0,2,0,3,3,3,0,0,0
2022-12-29,BREAD,CrO,0,17,17,10,0,0,7,0,2,2,2,0,0,0
2022-12-29,BREAD,AA,0,0,0,0,0,0,0,0,0,0,0,0,0,0
2022-12-29,BREAD,POP,2,0,2,2,0,0,0,0,0,0,0,0,0,0
2022-12-29,BREAD,PUMA,1,0,1,1,0,0,0,0,0,0,0,0,0,0
2022-12-29,BREAD,WREATH,0,0,0,0,0,0,0,0,0,0,0,0,0,0
2022-12-29,BREAD,VS,0,14,14,9,3,0,2,0,5,5,5,0,0,0
2022-12-29,BREAD,sour-TL,3,0,3,3,0,0,0,0,0,0,0,0,0,0
2022-12-29,BREAD,OB,3,0,3,3,0,0,0,0,0,0,0,0,0,0
2022-12-29,BREAD,Monkey tree,0,0,0,0,0,0,0,0,0,0,0,0,0,0
2022-12-29,BREAD,CAR,8,0,8,1,0,0,7,0,0,0,0,0,0,0
2022-12-29,BREAD,IHF,16,0,16,0,0,0,16,0,0,0,0,0,0,0
2022-12-29,BREAD,H,0,0,0,0,0,0,0,0,0,0,0,0,0,0
2022-12-29,BREAD,FR Tree,0,0,0,0,0,0,0,0,0,0,0,0,0,0
2022-12-29,BREAD,VS,0,0,0,0,0,0,0,0,0,0,0,0,0,0
2022-12-29,BREAD,CnE Tree,0,0,0,0,0,0,0,0,0,0,0,0,0,0
2022-12-29,BREAD,BUTR,0,0,0,0,0,0,0,0,0,0,0,0,0,0
2022-12-29,BREAD,Tree,0,0,0,0,0,0,0,0,0,0,0,0,0,0
2022-12-29,BREAD,H-RLS,0,3,3,3,0,0,0,0,0,0,0,0,0,0
2022-12-29,BREAD,FR-RLS,0,1,1,1,0,0,0,0,0,0,0,0,0,0
2022-12-29,BREAD,VS-RLS,0,6,6,6,0,0,0,0,0,0,0,0,0,0
2022-12-29,BREAD,Blue Stru,3,2,5,4,1,0,0,0,0,0,0,0,0,0
2022-12-29,BREAD,Pump CC,3,4,7,2,3,1,1,0,0,0,0,0,0,0
2022-12-29,BREAD,Pump Cr,4,0,4,1,0,3,0,0,0,0,0,0,0,0
2022-12-29,BREAD,Capp Choc,2,1,3,1,0,1,1,0,0,0,0,0,0,0
2022-12-29,ROLLS,C-Rolls,0,24,24,24,0,0,0,0,0,0,0,0,0,0
2022-12-29,ROLLS,C-R Tree,0,0,0,0,0,0,0,0,0,0,0,0,0,0
2022-12-29,ROLLS,Mini C-Roll,0,0,0,0,0,0,0,0,0,0,0,0,0,0
2022-12-29,SCONES,Blueberry,0,12,12,5,0,7,0,0,0,0,0,0,0,0
2022-12-29,SCONES,Apple Cran,0,0,0,0,0,0,0,0,0,0,0,0,0,0
2022-12-29,SCONES,Cherry,0,0,0,0,0,0,0,0,0,0,0,0,0,0
2022-12-29,SCONES,Butt Almond,0,0,0,0,0,0,0,0,0,0,0,0,0,0
2022-12-29,SCONES,Turtle,0,11,11,10,0,1,0,0,0,0,0,0,0,0
2022-12-29,SCONES,Cin Chip,0,0,0,0,0,0,0,0,0,0,0,0,0,0
2022-12-29,SCONES,Cr Orange,0,5,5,3,0,2,0,0,0,0,0,0,0,0
2022-12-29,SCONES,Cr Or WCC,0,6,6,2,0,4,0,0,0,0,0,0,0,0
2022-12-29,SCONES,FRUIT BAR,0,0,0,0,0,0,0,0,0,0,0,0,0,0
2022-12-29,SCONES,mixed berry,0,0,0,0,0,0,0,0,0,0,0,0,0,0
2022-12-29,SCONES,cherry,0,0,0,0,0,0,0,0,0,0,0,0,0,0
2022-12-29,SCONES,apple cin,0,5,5,2,0,3,0,0,0,0,0,0,0,0
2022-12-29,SCONES,Cran White Choc,0,5,5,4,0,1,0,0,0,0,0,0,0,0
2022-12-29,MUFFINS,Blue Stru,0,7,7,7,0,0,0,0,0,0,0,0,0,0
2022-12-29,MUFFINS,Pump CC,0,3,3,1,0,2,0,0,0,0,0,0,0,0
2022-12-29,MUFFINS,Pump Cr,0,2,2,1,0,1,0,0,0,0,0,0,0,0
2022-12-29,MUFFINS,Capp Choc,0,2,2,0,0,2,0,0,0,0,0,0,0,0
2022-12-29,COOKIES/BARS,oat cc,1,32,33,1,1,1,30,0,0,0,0,0,0,0
2022-12-29,COOKIES/BARS,triple cc,13,18,31,10,1,6,14,0,0,0,0,0,0,0
2022-12-29,COOKIES/BARS,St Nicker,6,23,29,13,1,0,15,0,0,0,0,0,0,0
2022-12-29,COOKIES/BARS,Ginger,0,6,6,0,0,0,6,0,0,0,0,0,0,0
2022-12-29,COOKIES/BARS,frosted,11,6,17,8,0,0,9,0,0,0,0,0,0,0
2022-12-29,COOKIES/BARS,Pump,0,0,0,0,0,0,0,0,0,0,0,0,0,0
2022-12-29,COOKIES/BARS,Pecan,0,0,0,0,0,0,0,0,0,0,0,0,0,0
2022-12-29,COOKIES/BARS,App,0,0,0,0,0,0,0,0,0,0,0,0,0,0
2022-12-29,COOKIES/BARS,AppCran,0,0,0,0,0,0,0,0,0,0,0,0,0,0
2022-12-29,COOKIES/BARS,Brown,16,0,16,2,0,4,10,0,0,0,0,0,0,0
2022-12-29,COOKIES/BARS,pepp,0,0,0,0,0,0,0,0,0,0,0,0,0,0
2022-12-29,COOKIES/BARS,Pump Bar,18,0,18,4,0,0,14,0,0,0,0,0,0,0
2022-12-29,COOKIES/BARS,Pump Ohhh,2,0,2,0,0,0,2,5,0,5,0,0,0,5
2022-12-29,COOKIES/BARS,Bread Pudding,0,0,0,0,0,0,0,0,0,0,0,0,0,0
2022-12-29,COOKIES/BARS,Totals,67,167,234,97,3,34,100,5,0,5,0,0,0,5
2022-12-30,BREAD,H,22,12,34,18,1,0,15,0,0,0,0,0,0,0
2022-12-30,BREAD,FR,13,17,30,13,0,0,17,0,0,0,0,0,0,0
2022-12-30,BREAD,GW,7,4,11,5,0,0,6,0,0,0,0,0,0,0
2022-12-30,BREAD,DK,8,15,23,13,0,0,10,0,0,0,0,0,0,0
2022-12-30,BREAD,H5,11,0,11,11,0,0,0,0,0,0,0,0,0,0
2022-12-30,BREAD,CSWRL,0,20,20,16,2,0,2,0,5,5,5,0,0,0
2022-12-30,BREAD,MP Swirl,0,12,12,4,0,0,8,0,4,4,3,0,0,0
2022-12-30,BREAD,CnE,0,22,22,11,5,0,6,0,5,5,5,0,0,0
2022-12-30,BREAD,CnR,0,6,6,5,1,0,0,0,0,0,0,0,0,0
2022-12-30,BREAD,RW,0,6,6,4,0,0,2,0,0,0,0,0,0,0
2022-12-30,BREAD,Monkey,0,10,10,5,0,0,5,0,0,0,0,0,0,0
2022-12-30,BREAD,CB,2,0,2,2,0,0,0,0,0,0,0,0,0,0
2022-12-30,BREAD,CrO,7,8,15,9,1,0,5,0,5,5,4,0,0,1
2022-12-30,BREAD,AA,0,0,0,0,0,0,0,0,0,0,0,0,0,0
2022-12-30,BREAD,POP,0,13,13,8,0,0,5,0,5,5,4,0,0,0
2022-12-30,BREAD,PUMA,0,8,8,8,0,0,0,0,0,0,0,0,0,0
2022-12-30,BREAD,WREATH,0,0,0,0,0,0,0,0,0,0,0,0,0,0
2022-12-30,BREAD,VS,2,0,2,2,0,0,0,0,0,0,0,0,0,0
2022-12-30,BREAD,sour-TL,0,13,13,13,0,0,0,0,0,0,0,0,0,0
2022-12-30,BREAD,OB,0,10,10,3,7,0,0,0,0,0,0,0,0,0
2022-12-30,BREAD,Monkey tree,0,0,0,0,0,0,0,0,0,0,0,0,0,0
2022-12-30,BREAD,CAR,7,0,7,2,0,0,5,0,0,0,0,0,0,0
2022-12-30,BREAD,IHF,16,0,16,1,0,0,15,0,0,0,0,0,0,0
2022-12-30,BREAD,H,0,0,0,0,0,0,0,0,0,0,0,0,0,0
2022-12-30,BREAD,FR Tree,0,0,0,0,0,0,0,0,0,0,0,0,0,0
2022-12-30,BREAD,VS,0,0,0,0,0,0,0,0,0,0,0,0,0,0
2022-12-30,BREAD,CnE Tree,0,0,0,0,0,0,0,0,0,0,0,0,0,0
2022-12-30,BREAD,BUTR,0,0,0,0,0,0,0,0,0,0,0,0,0,0
2022-12-30,BREAD,Tree,0,0,0,0,0,0,0,0,0,0,0,0,0,0
2022-12-30,BREAD,H-RLS,0,4,4,4,0,0,0,0,0,0,0,0,0,0
2022-12-30,BREAD,FR-RLS,0,8,8,4,4,0,0,0,0,0,0,0,0,0
2022-12-30,BREAD,VS-RLS,0,0,0,0,0,0,0,0,0,0,0,0,0,0
2022-12-30,BREAD,Blue Stru,0,5,5,3,0,0,2,0,0,0,0,0,0,0
2022-12-30,BREAD,Pump CC,1,4,5,3,0,0,2,0,0,0,0,0,0,0
2022-12-30,BREAD,Pump Cr,0,3,3,0,0,0,3,0,0,0,0,0,0,0
2022-12-30,BREAD,Capp Choc,1,3,4,3,1,0,0,0,0,0,0,0,0,0
2022-12-30,ROLLS,C-Rolls,0,36,36,36,0,0,0,0,0,0,0,0,0,0
2022-12-30,ROLLS,C-R Tree,0,0,0,0,0,0,0,0,0,0,0,0,0,0
2022-12-30,ROLLS,Mini C-Roll,0,0,0,0,0,0,0,0,0,0,0,0,0,0
2022-12-30,SCONES,Blueberry,0,0,0,0,0,0,0,0,0,0,0,0,0,0
2022-12-30,SCONES,Apple Cran,0,0,0,0,0,0,0,0,0,0,0,0,0,0
2022-12-30,SCONES,Cherry,0,11,11,6,0,5,0,0,0,0,0,0,0,0
2022-12-30,SCONES,Butt Almond,0,11,11,8,0,3,0,0,0,0,0,0,0,0
2022-12-30,SCONES,Turtle,0,0,0,0,0,0,0,0,0,0,0,0,0,0
2022-12-30,SCONES,Cin Chip,0,0,0,0,0,0,0,0,0,0,0,0,0,0
2022-12-30,SCONES,Cr Orange,0,0,0,0,0,0,0,0,0,0,0,0,0,0
2022-12-30,SCONES,Cr Or WCC,0,0,0,0,0,0,0,0,0,0,0,0,0,0
2022-12-30,SCONES,FRUIT BAR,0,0,0,0,0,0,0,0,0,0,0,0,0,0
2022-12-30,SCONES,mixed berry,0,5,5,5,0,0,0,0,0,0,0,0,0,0
2022-12-30,SCONES,cherry,0,5,5,5,0,0,0,0,0,0,0,0,0,0
2022-12-30,SCONES,apple cin,0,0,0,0,0,0,0,0,0,0,0,0,0,0
2022-12-30,SCONES,Cran White Choc,0,0,0,0,0,0,0,0,0,0,0,0,0,0
2022-12-30,MUFFINS,Blue Stru,0,4,4,1,0,3,0,0,0,0,0,0,0,0
2022-12-30,MUFFINS,Pump CC,0,4,4,3,1,0,0,0,0,0,0,0,0,0
2022-12-30,MUFFINS,Pump Cr,0,3,3,3,0,0,0,0,0,0,0,0,0,0
2022-12-30,MUFFINS,Capp Choc,0,3,3,3,0,0,0,0,0,0,0,0,0,0
2022-12-30,COOKIES/BARS,oat cc,30,0,30,26,0,4,0,0,0,0,0,0,0,0
2022-12-30,COOKIES/BARS,triple cc,14,18,32,7,0,7,18,0,0,0,0,0,0,0
2022-12-30,COOKIES/BARS,St Nicker,15,18,33,7,0,14,12,0,0,0,0,0,0,0
2022-12-30,COOKIES/BARS,Ginger,6,0,6,6,0,0,0,0,0,0,0,0,0,0
2022-12-30,COOKIES/BARS,frosted,9,6,15,2,0,1,12,0,0,0,0,0,0,0
2022-12-30,COOKIES/BARS,Pump,0,0,0,0,0,0,0,0,0,0,0,0,0,0
2022-12-30,COOKIES/BARS,Pecan,0,0,0,0,0,0,0,0,0,0,0,0,0,0
2022-12-30,COOKIES/BARS,App,0,0,0,0,0,0,0,0,0,0,0,0,0,0
2022-12-30,COOKIES/BARS,AppCran,0,0,0,0,0,0,0,0,0,0,0,0,0,0
2022-12-30,COOKIES/BARS,Brown,10,20,30,5,0,1,24,0,0,0,0,0,0,0
2022-12-30,COOKIES/BARS,pepp,0,0,0,0,0,0,0,0,0,0,0,0,0,0
2022-12-30,COOKIES/BARS,Pump Bar,14,0,14,12,0,0,2,0,0,0,0,0,0,0
2022-12-30,COOKIES/BARS,Pump Ohhh,2,0,2,1,0,0,1,5,0,5,2,0,0,3
2022-12-30,COOKIES/BARS,Bread Pudding,0,0,0,0,0,0,0,0,0,0,0,0,0,0
2022-12-30,COOKIES/BARS,Totals,100,144,244,136,1,38,69,5,0,5,2,0,0,3
2022-12-31,BREAD,H,15,0,15,6,0,9,0,0,0,0,0,0,0,0
2022-12-31,BREAD,FR,17,0,17,16,0,1,0,0,0,0,0,0,0,0
2022-12-31,BREAD,GW,6,0,6,4,0,2,0,0,0,0,0,0,0,0
2022-12-31,BREAD,DK,10,0,10,10,0,0,0,0,0,0,0,0,0,0
2022-12-31,BREAD,H5,0,0,0,0,0,0,0,0,0,0,0,0,0,0
2022-12-31,BREAD,CSWRL,2,12,14,14,0,0,0,0,5,5,4,0,0,0
2022-12-31,BREAD,MP Swirl,8,0,8,7,0,1,0,0,5,5,3,0,0,0
2022-12-31,BREAD,CnE,6,0,6,6,0,0,0,0,0,0,0,0,0,0
2022-12-31,BREAD,CnR,0,0,0,0,0,0,0,0,0,0,0,0,0,0
2022-12-31,BREAD,RW,2,0,2,2,0,0,0,0,0,0,0,0,0,0
2022-12-31,BREAD,Monkey,5,0,5,4,0,1,0,0,0,0,0,0,0,0
2022-12-31,BREAD,CB,0,0,0,0,0,0,0,0,0,0,0,0,0,0
2022-12-31,BREAD,CrO,5,0,5,4,0,1,0,1,0,1,1,0,0,0
2022-12-31,BREAD,AA,0,0,0,0,0,0,0,0,0,0,0,0,0,0
2022-12-31,BREAD,POP,5,0,5,5,0,0,0,0,0,0,0,0,0,0
2022-12-31,BREAD,PUMA,0,0,0,0,0,0,0,0,0,0,0,0,0,0
2022-12-31,BREAD,WREATH,0,0,0,0,0,0,0,0,0,0,0,0,0,0
2022-12-31,BREAD,VS,0,0,0,0,0,0,0,0,0,0,0,0,0,0
2022-12-31,BREAD,sour-TL,0,0,0,0,0,0,0,0,0,0,0,0,0,0
2022-12-31,BREAD,OB,0,0,0,0,0,0,0,0,0,0,0,0,0,0
2022-12-31,BREAD,Monkey tree,0,0,0,0,0,0,0,0,0,0,0,0,0,0
2022-12-31,BREAD,CAR,5,0,5,1,0,0,4,0,0,0,0,0,0,0
2022-12-31,BREAD,IHF,15,0,15,2,0,0,13,0,0,0,0,0,0,0
2022-12-31,BREAD,H,0,0,0,0,0,0,0,0,0,0,0,0,0,0
2022-12-31,BREAD,FR Tree,0,0,0,0,0,0,0,0,0,0,0,0,0,0
2022-12-31,BREAD,VS,0,0,0,0,0,0,0,0,0,0,0,0,0,0
2022-12-31,BREAD,CnE Tree,0,0,0,0,0,0,0,0,0,0,0,0,0,0
2022-12-31,BREAD,BUTR,0,0,0,0,0,0,0,0,0,0,0,0,0,0
2022-12-31,BREAD,Tree,0,0,0,0,0,0,0,0,0,0,0,0,0,0
2022-12-31,BREAD,H-RLS,0,0,0,0,0,0,0,0,0,0,0,0,0,0
2022-12-31,BREAD,FR-RLS,0,0,0,0,0,0,0,0,0,0,0,0,0,0
2022-12-31,BREAD,VS-RLS,0,0,0,0,0,0,0,0,0,0,0,0,0,0
2022-12-31,BREAD,Blue Stru,2,2,4,3,0,1,0,0,0,0,0,0,0,0
2022-12-31,BREAD,Pump CC,2,2,4,2,0,2,0,0,0,0,0,0,0,0
2022-12-31,BREAD,Pump Cr,3,0,3,3,0,0,0,0,0,0,0,0,0,0
2022-12-31,BREAD,Capp Choc,0,2,2,2,0,0,0,0,0,0,0,0,0,0
2022-12-31,ROLLS,C-Rolls,0,48,48,45,0,3,0,0,0,0,0,0,0,0
2022-12-31,ROLLS,Tak-n-Bak,0,0,0,0,0,0,0,0,0,0,0,0,0,0
2022-12-31,ROLLS,Mini C-Roll,0,0,0,0,0,0,0,0,0,0,0,0,0,0
2022-12-31,SCONES,Blueberry,0,18,18,8,0,10,0,0,0,0,0,0,0,0
2022-12-31,SCONES,Apple Cran,0,0,0,0,0,0,0,0,0,0,0,0,0,0
2022-12-31,SCONES,Cherry,0,0,0,0,0,0,0,0,0,0,0,0,0,0
2022-12-31,SCONES,Butt Almond,0,16,16,9,0,7,0,0,0,0,0,0,0,0
2022-12-31,SCONES,Turtle,0,0,0,0,0,0,0,0,0,0,0,0,0,0
2022-12-31,SCONES,Cin Chip,0,0,0,0,0,0,0,0,0,0,0,0,0,0
2022-12-31,SCONES,Cr Orange,0,0,0,0,0,0,0,0,0,0,0,0,0,0
2022-12-31,SCONES,Cr Or WCC,0,0,0,0,0,0,0,0,0,0,0,0,0,0
2022-12-31,SCONES,FRUIT BAR,0,0,0,0,0,0,0,0,0,0,0,0,0,0
2022-12-31,SCONES,mixed berry,0,5,5,2,0,3,0,0,0,0,0,0,0,0
2022-12-31,SCONES,cherry,0,5,5,5,0,0,0,0,0,0,0,0,0,0
2022-12-31,SCONES,apple cin,0,5,5,1,0,4,0,0,0,0,0,0,0,0
2022-12-31,SCONES,Cran White Choc,0,5,5,0,0,5,0,0,0,0,0,0,0,0
2022-12-31,MUFFINS,Blue Stru,0,4,4,4,0,0,0,0,0,0,0,0,0,0
2022-12-31,MUFFINS,Pump CC,0,4,4,0,0,4,0,0,0,0,0,0,0,0
2022-12-31,MUFFINS,Pump Cr,0,3,3,0,0,3,0,0,0,0,0,0,0,0
2022-12-31,MUFFINS,Capp Choc,0,3,3,3,0,0,0,0,0,0,0,0,0,0
2022-12-31,COOKIES/BARS,oat cc,0,18,18,7,0,11,0,0,0,0,0,0,0,0
2022-12-31,COOKIES/BARS,triple cc,18,0,18,11,0,7,0,0,0,0,0,0,0,0
2022-12-31,COOKIES/BARS,St Nicker,12,6,18,10,0,8,0,0,0,0,0,0,0,0
2022-12-31,COOKIES/BARS,Ginger,0,0,0,0,0,0,0,0,0,0,0,0,0,0
2022-12-31,COOKIES/BARS,frosted,12,0,12,5,0,7,0,0,0,0,0,0,0,0
2022-12-31,COOKIES/BARS,Brown,24,0,24,4,0,4,16,0,0,0,0,0,0,0
2022-12-31,COOKIES/BARS,pepp,0,0,0,0,0,0,0,0,0,0,0,0,0,0
2022-12-31,COOKIES/BARS,Pump Bar,2,0,2,2,0,0,0,0,0,0,0,0,0,0
2022-12-31,COOKIES/BARS,Pump Ohhh,1,0,1,1,0,0,0,3,0,3,3,0,0,0
2022-12-31,COOKIES/BARS,Bread Pudding,0,0,0,0,0,0,0,0,0,0,0,0,0,0
2022-12-31,COOKIES/BARS,Totals,69,140,209,117,0,76,16,3,0,3,3,0,0,0
