Date,Category,Product,START_OF_DAY_WHOLE,MADE_TODAY_WHOLE,AVAILABLE_TO_SELL_WHOLE,OUT_THE_DOOR_WHOLE,ORDERS_TODAY_WHOLE,REMOVED_AS_DAY_OLD_WHOLE,LEFT_WHOLE,START_OF_DAY_HALF,MADE_TODAY_HALF,AVAILABLE_TO_SELL_HALF,OUT_THE_DOOR_HALF,ORDERS_TODAY_HALF,REMOVED_AS_DAY_OLD_HALF,LEFT_HALF
2022-11-01,BREAD,H,15,30,45,28,0,0,17,0,0,0,0,0,0,0
2022-11-01,BREAD,FR,1,0,1,-4,0,0,5,0,0,0,0,0,0,0
2022-11-01,BREAD,GW,4,0,4,4,0,0,0,0,0,0,0,0,0,0
2022-11-01,BREAD,DK,6,0,6,6,0,0,0,0,0,0,0,0,0,0
2022-11-01,BREAD,H5,0,12,12,4,0,0,8,0,0,0,0,0,0,0
2022-11-01,BREAD,CSWRL,9,9,18,12,0,0,6,2,4,6,2,0,0,4
2022-11-01,BREAD,Pump Sw,5,4,9,3,0,3,3,3,0,3,2,0,0,0
2022-11-01,BREAD,CnE,1,12,13,5,2,0,6,0,3,3,3,0,0,0
2022-11-01,BREAD,CnR,3,0,3,3,0,0,0,0,0,0,0,0,0,0
2022-11-01,BREAD,RW,1,0,1,1,0,0,0,0,0,0,0,0,0,0
2022-11-01,BREAD,Monkey,2,6,8,3,0,0,5,0,0,0,0,0,0,0
2022-11-01,BREAD,CB,0,0,0,0,0,0,0,0,0,0,0,0,0,0
2022-11-01,BREAD,CrO,0,0,0,0,0,0,0,0,0,0,0,0,0,0
2022-11-01,BREAD,POP,0,0,0,0,0,0,0,0,0,0,0,0,0,0
2022-11-01,BREAD,PUMA,0,0,0,0,0,0,0,0,0,0,0,0,0,0
2022-11-01,BREAD,WREATH,0,0,0,0,0,0,0,0,0,0,0,0,0,0
2022-11-01,BREAD,VS,0,7,7,6,0,0,1,0,3,3,3,0,0,0
2022-11-01,BREAD,sour-TL,4,0,4,4,0,0,0,0,0,0,0,0,0,0
2022-11-01,BREAD,OB,2,0,2,2,0,0,0,0,0,0,0,0,0,0
2022-11-01,BREAD,STUF,0,0,0,0,0,0,0,0,0,0,0,0,0,0
2022-11-01,BREAD,CG,0,0,0,0,0,0,0,1,0,1,1,0,0,0
2022-11-01,BREAD,cheetah,2,0,2,0,0,2,0,0,0,0,0,0,0,0
2022-11-01,BREAD,rg sour,2,0,2,2,0,0,0,0,0,0,0,0,0,0
2022-11-01,BREAD,CAR,1,17,18,18,0,0,0,0,0,0,0,0,0,0
2022-11-01,BREAD,IHF,10,0,10,10,0,0,0,0,0,0,0,0,0,0
2022-11-01,BREAD,Turkey,0,0,0,0,0,0,0,0,0,0,0,0,0,0
2022-11-01,BREAD,CrO-Rls,0,0,0,0,0,0,0,0,0,0,0,0,0,0
2022-11-01,BREAD,BUT-Rls,0,0,0,0,0,0,0,0,0,0,0,0,0,0
2022-11-01,BREAD,H-RLS,1,1,2,0,0,1,1,0,0,0,0,0,0,0
2022-11-01,BREAD,FR-RLS,3,0,3,2,0,1,0,0,0,0,0,0,0,0
2022-11-01,BREAD,VS-RLS,0,4,4,2,0,0,2,0,0,0,0,0,0,0
2022-11-01,BREAD,Blue Stru,1,3,4,0,0,1,3,0,0,0,0,0,0,0
2022-11-01,BREAD,Pump CC,3,1,4,4,0,0,0,0,0,0,0,0,0,0
2022-11-01,BREAD,Pump Cr,1,2,3,1,0,0,2,0,0,0,0,0,0,0
2022-11-01,BREAD,Capp Choc,0,3,3,2,0,0,1,0,0,0,0,0,0,0
2022-11-01,ROLLS,C-Rolls,0,24,24,17,2,5,0,0,0,0,0,0,0,0
2022-11-01,ROLLS,Pump C-R,0,12,12,12,0,0,0,0,0,0,0,0,0,0
2022-11-01,ROLLS,Mini C-Roll,0,0,0,0,0,0,0,0,0,0,0,0,0,0
2022-11-01,SCONES,Blueberry,0,11,11,7,2,2,0,0,0,0,0,0,0,0
2022-11-01,SCONES,Apple Cran,0,0,0,0,0,0,0,0,0,0,0,0,0,0
2022-11-01,SCONES,Cherry,0,0,0,0,0,0,0,0,0,0,0,0,0,0
2022-11-01,SCONES,Butt Almond,0,0,0,0,0,0,0,0,0,0,0,0,0,0
2022-11-01,SCONES,Turtle,0,0,0,0,0,0,0,0,0,0,0,0,0,0
2022-11-01,SCONES,Cin Chip,0,11,11,9,0,2,0,0,0,0,0,0,0,0
2022-11-01,SCONES,Pumpkin,0,10,10,5,2,3,0,0,0,0,0,0,0,0
2022-11-01,SCONES,FRUIT BAR,0,0,0,0,0,0,0,0,0,0,0,0,0,0
2022-11-01,SCONES,mixed berry,0,0,0,0,0,0,0,0,0,0,0,0,0,0
2022-11-01,SCONES,cherry,0,0,0,0,0,0,0,0,0,0,0,0,0,0
2022-11-01,SCONES,apple cin,0,5,5,4,0,1,0,0,0,0,0,0,0,0
2022-11-01,SCONES,Apple Cran,0,5,5,1,0,4,0,0,0,0,0,0,0,0
2022-11-01,MUFFINS,Blue Stru,0,4,4,4,0,0,0,0,0,0,0,0,0,0
2022-11-01,MUFFINS,Pump CC,0,6,6,1,2,3,0,0,0,0,0,0,0,0
2022-11-01,MUFFINS,Pump Cr,0,3,3,0,0,3,0,0,0,0,0,0,0,0
2022-11-01,MUFFINS,Capp Choc,0,5,5,2,2,1,0,0,0,0,0,0,0,0
2022-11-01,COOKIES/BARS,oat cc,19,30,49,20,12,3,14,0,0,0,0,0,0,0
2022-11-01,COOKIES/BARS,triple cc,1,48,49,12,14,7,16,0,0,0,0,0,0,0
2022-11-01,COOKIES/BARS,snicker,24,24,48,4,13,21,10,0,0,0,0,0,0,0
2022-11-01,COOKIES/BARS,frosted,0,18,18,0,0,0,18,0,0,0,0,0,0,0
2022-11-01,COOKIES/BARS,Pump,0,0,0,0,0,0,0,0,0,0,0,0,0,0
2022-11-01,COOKIES/BARS,Pecan,0,0,0,0,0,0,0,0,0,0,0,0,0,0
2022-11-01,COOKIES/BARS,App,0,0,0,0,0,0,0,0,0,0,0,0,0,0
2022-11-01,COOKIES/BARS,AppCran,0,0,0,0,0,0,0,0,0,0,0,0,0,0
2022-11-01,COOKIES/BARS,Brown,10,20,30,3,0,0,27,0,0,0,0,0,0,0
2022-11-01,COOKIES/BARS,Pump,25,0,25,20,0,0,5,0,0,0,0,0,0,0
2022-11-01,COOKIES/BARS,Pump Ohhh,5,0,5,5,0,0,0,3,0,3,3,0,0,0
2022-11-01,COOKIES/BARS,Bread Pudding,0,0,0,0,0,0,0,0,0,0,0,0,0,0
2022-11-01,COOKIES/BARS,Totals,59,236,295,106,49,55,85,28,0,28,23,0,0,5
2022-11-02,BREAD,H,17,34,51,11,32,0,8,0,0,0,0,0,0,0
2022-11-02,BREAD,FR,5,16,21,8,0,0,13,0,0,0,0,0,0,0
2022-11-02,BREAD,GW,0,4,4,4,0,0,0,0,0,0,0,0,0,0
2022-11-02,BREAD,DK,0,14,14,5,0,0,9,0,0,0,0,0,0,0
2022-11-02,BREAD,H5,8,0,8,3,0,0,5,0,0,0,0,0,0,0
2022-11-02,BREAD,CSWRL,6,12,18,8,0,0,10,4,0,4,2,0,0,0
2022-11-02,BREAD,Pump Sw,3,8,11,3,0,0,8,0,4,4,1,0,0,3
2022-11-02,BREAD,CnE,6,4,10,7,0,0,3,0,0,0,0,0,0,0
2022-11-02,BREAD,CnR,0,4,4,1,0,0,3,0,0,0,0,0,0,0
2022-11-02,BREAD,RW,0,4,4,2,0,0,2,0,0,0,0,0,0,0
2022-11-02,BREAD,Monkey,5,0,5,-2,0,0,7,0,0,0,0,0,0,0
2022-11-02,BREAD,CB,0,0,0,0,0,0,0,0,0,0,0,0,0,0
2022-11-02,BREAD,CrO,0,0,0,0,0,0,0,0,0,0,0,0,0,0
2022-11-02,BREAD,CG,0,5,5,3,0,0,2,0,4,4,2,0,0,2
2022-11-02,BREAD,Pesto,0,6,6,1,0,0,5,0,0,0,0,0,0,0
2022-11-02,BREAD,Jal,0,5,5,2,0,0,3,0,0,0,0,0,0,0
2022-11-02,BREAD,CHEETAH,0,9,9,6,0,0,3,0,0,0,0,0,0,0
2022-11-02,BREAD,VS,1,0,1,1,0,0,0,0,0,0,0,0,0,0
2022-11-02,BREAD,sour-TL,0,16,16,7,0,0,9,0,0,0,0,0,0,0
2022-11-02,BREAD,OB,0,7,7,1,0,0,6,0,0,0,0,0,0,0
2022-11-02,BREAD,STUF,0,0,0,0,0,0,0,0,0,0,0,0,0,0
2022-11-02,BREAD,CAR,0,0,0,-14,0,0,14,0,0,0,0,0,0,0
2022-11-02,BREAD,IHF,0,0,0,-7,0,0,7,0,0,0,0,0,0,0
2022-11-02,BREAD,Turkey,0,0,0,0,0,0,0,0,0,0,0,0,0,0
2022-11-02,BREAD,CrO-Rls,0,0,0,0,0,0,0,0,0,0,0,0,0,0
2022-11-02,BREAD,BUT-Rls,0,0,0,0,0,0,0,0,0,0,0,0,0,0
2022-11-02,BREAD,H-RLS,1,2,3,1,0,0,2,0,0,0,0,0,0,0
2022-11-02,BREAD,FR-RLS,0,2,2,1,0,0,1,0,0,0,0,0,0,0
2022-11-02,BREAD,VS-RLS,2,0,2,2,0,0,0,0,0,0,0,0,0,0
2022-11-02,BREAD,Blue Stru,3,1,4,4,0,0,0,0,0,0,0,0,0,0
2022-11-02,BREAD,Pump CC,0,5,5,3,1,0,1,0,0,0,0,0,0,0
2022-11-02,BREAD,Pump Cr,2,1,3,1,0,2,0,0,0,0,0,0,0,0
2022-11-02,BREAD,Capp Choc,1,2,3,0,0,1,2,0,0,0,0,0,0,0
2022-11-02,ROLLS,C-Rolls,0,24,24,24,0,0,0,0,0,0,0,0,0,0
2022-11-02,ROLLS,Pump C-R,0,12,12,12,0,0,0,0,0,0,0,0,0,0
2022-11-02,ROLLS,Mini C-Roll,0,24,24,0,24,0,0,0,0,0,0,0,0,0
2022-11-02,SCONES,Blueberry,0,0,0,0,0,0,0,0,0,0,0,0,0,0
2022-11-02,SCONES,Apple Cran,0,11,11,4,0,7,0,0,0,0,0,0,0,0
2022-11-02,SCONES,Cherry,0,0,0,0,0,0,0,0,0,0,0,0,0,0
2022-11-02,SCONES,Butt Almond,0,0,0,0,0,0,0,0,0,0,0,0,0,0
2022-11-02,SCONES,Turtle,0,11,11,6,0,5,0,0,0,0,0,0,0,0
2022-11-02,SCONES,Cin Chip,0,0,0,0,0,0,0,0,0,0,0,0,0,0
2022-11-02,SCONES,Pumpkin,0,8,8,6,0,2,0,0,0,0,0,0,0,0
2022-11-02,SCONES,FRUIT BAR,0,0,0,0,0,0,0,0,0,0,0,0,0,0
2022-11-02,SCONES,mixed berry,0,5,5,3,1,1,0,0,0,0,0,0,0,0
2022-11-02,SCONES,cherry,0,5,5,3,1,1,0,0,0,0,0,0,0,0
2022-11-02,SCONES,apple cin,0,0,0,0,0,0,0,0,0,0,0,0,0,0
2022-11-02,SCONES,Apple Cran,0,0,0,0,0,0,0,0,0,0,0,0,0,0
2022-11-02,MUFFINS,Blue Stru,0,4,4,3,0,1,0,0,0,0,0,0,0,0
2022-11-02,MUFFINS,Pump CC,0,4,4,4,0,0,0,0,0,0,0,0,0,0
2022-11-02,MUFFINS,Pump Cr,0,3,3,2,0,1,0,0,0,0,0,0,0,0
2022-11-02,MUFFINS,Capp Choc,0,3,3,1,0,2,0,0,0,0,0,0,0,0
2022-11-02,COOKIES/BARS,oat cc,14,30,44,17,12,0,15,0,4,4,0,0,0,0
2022-11-02,COOKIES/BARS,triple cc,16,30,46,23,12,0,11,0,6,6,0,0,0,0
2022-11-02,COOKIES/BARS,snicker,10,36,46,24,14,0,8,0,0,0,0,0,0,0
2022-11-02,COOKIES/BARS,frosted,18,0,18,2,0,0,16,0,0,0,0,0,0,0
2022-11-02,COOKIES/BARS,Pump,0,0,0,0,0,0,0,0,0,0,0,0,0,0
2022-11-02,COOKIES/BARS,Pecan,0,0,0,0,0,0,0,0,0,0,0,0,0,0
2022-11-02,COOKIES/BARS,App,0,0,0,0,0,0,0,0,0,0,0,0,0,0
2022-11-02,COOKIES/BARS,AppCran,0,0,0,0,0,0,0,0,0,0,0,0,0,0
2022-11-02,COOKIES/BARS,Brown,27,0,27,1,1,0,25,0,0,0,0,0,0,0
2022-11-02,COOKIES/BARS,Pump,5,20,25,12,2,6,5,0,0,0,0,0,0,0
2022-11-02,COOKIES/BARS,Pump Ohhh,0,0,0,-5,0,0,5,0,0,0,-1,0,0,1
2022-11-02,COOKIES/BARS,Bread Pudding,0,0,0,0,0,0,0,0,0,0,0,0,0,0
2022-11-02,COOKIES/BARS,Totals,85,210,295,130,65,20,80,5,30,35,11,0,0,6
2022-11-03,BREAD,H,8,23,31,16,0,0,15,0,0,0,0,0,0,0
2022-11-03,BREAD,FR,13,48,61,16,38,0,7,0,0,0,0,0,0,0
2022-11-03,BREAD,GW,0,3,3,3,0,0,0,0,0,0,0,0,0,0
2022-11-03,BREAD,DK,9,0,9,4,0,0,5,0,0,0,0,0,0,0
2022-11-03,BREAD,H5,5,12,17,8,0,0,9,0,0,0,0,0,0,0
2022-11-03,BREAD,CSWRL,10,8,18,11,1,0,6,0,5,5,4,0,0,1
2022-11-03,BREAD,Pump Sw,8,0,8,8,0,0,0,3,0,3,3,0,0,0
2022-11-03,BREAD,CnE,3,0,3,3,0,0,0,0,0,0,0,0,0,0
2022-11-03,BREAD,CnR,3,0,3,3,0,0,0,0,0,0,0,0,0,0
2022-11-03,BREAD,RW,2,0,2,2,0,0,0,0,0,0,0,0,0,0
2022-11-03,BREAD,Monkey,7,0,7,7,0,0,0,0,0,0,0,0,0,0
2022-11-03,BREAD,CB,0,11,11,7,0,0,4,0,8,8,4,0,0,4
2022-11-03,BREAD,CrO,0,0,0,0,0,0,0,0,0,0,0,0,0,0
2022-11-03,BREAD,CG,2,0,2,2,0,0,0,2,0,2,2,0,0,0
2022-11-03,BREAD,Pesto,5,0,5,5,0,0,0,0,0,0,0,0,0,0
2022-11-03,BREAD,Jal,3,0,3,3,0,0,0,0,0,0,0,0,0,0
2022-11-03,BREAD,CHEETAH,3,0,3,3,0,0,0,0,0,0,0,0,0,0
2022-11-03,BREAD,VS,0,10,10,10,0,0,0,0,3,3,3,0,0,0
2022-11-03,BREAD,sour-TL,9,0,9,9,0,0,0,0,0,0,0,0,0,0
2022-11-03,BREAD,OB,6,0,6,6,0,0,0,0,0,0,0,0,0,0
2022-11-03,BREAD,STUF,0,0,0,0,0,0,0,0,0,0,0,0,0,0
2022-11-03,BREAD,CAR,14,0,14,4,0,0,10,0,0,0,0,0,0,0
2022-11-03,BREAD,IHF,7,0,7,2,0,0,5,0,0,0,0,0,0,0
2022-11-03,BREAD,Turkey,0,0,0,0,0,0,0,0,0,0,0,0,0,0
2022-11-03,BREAD,CrO-Rls,0,0,0,0,0,0,0,0,0,0,0,0,0,0
2022-11-03,BREAD,BUT-Rls,0,0,0,0,0,0,0,0,0,0,0,0,0,0
2022-11-03,BREAD,H-RLS,2,0,2,2,0,0,0,0,0,0,0,0,0,0
2022-11-03,BREAD,FR-RLS,1,2,3,2,0,0,1,0,0,0,0,0,0,0
2022-11-03,BREAD,VS-RLS,0,6,6,6,0,0,0,0,0,0,0,0,0,0
2022-11-03,BREAD,Blue Stru,0,4,4,1,0,0,3,0,0,0,0,0,0,0
2022-11-03,BREAD,Pump CC,1,4,5,3,1,0,1,0,0,0,0,0,0,0
2022-11-03,BREAD,Pump Cr,0,3,3,1,0,0,2,0,0,0,0,0,0,0
2022-11-03,BREAD,Capp Choc,2,1,3,3,0,0,0,0,0,0,0,0,0,0
2022-11-03,ROLLS,C-Rolls,0,24,24,24,0,0,0,0,0,0,0,0,0,0
2022-11-03,ROLLS,Pump C-R,0,12,12,12,0,0,0,0,0,0,0,0,0,0
2022-11-03,ROLLS,Mini C-Roll,0,0,0,0,0,0,0,0,0,0,0,0,0,0
2022-11-03,SCONES,Blueberry,0,11,11,6,0,5,0,0,2,2,0,0,0,0
2022-11-03,SCONES,Apple Cran,0,0,0,0,0,0,0,0,0,0,0,0,0,0
2022-11-03,SCONES,Cherry,0,0,0,0,0,0,0,0,0,0,0,0,0,0
2022-11-03,SCONES,Butt Almond,0,0,0,0,0,0,0,0,0,0,0,0,0,0
2022-11-03,SCONES,Turtle,0,0,0,0,0,0,0,0,0,0,-2,0,0,0
2022-11-03,SCONES,Cin Chip,0,10,10,10,0,0,0,0,2,2,2,0,0,0
2022-11-03,SCONES,Pumpkin,0,8,8,4,0,4,0,0,4,4,0,0,0,0
2022-11-03,SCONES,FRUIT BAR,0,0,0,0,0,0,0,0,0,0,0,0,0,0
2022-11-03,SCONES,mixed berry,0,0,0,0,0,0,0,0,0,0,0,0,0,0
2022-11-03,SCONES,cherry,0,0,0,0,0,0,0,0,0,0,0,0,0,0
2022-11-03,SCONES,apple cin,0,5,5,4,1,0,0,0,0,0,0,0,0,0
2022-11-03,SCONES,Apple Cran,0,5,5,3,2,0,0,0,0,0,0,0,0,0
2022-11-03,MUFFINS,Blue Stru,0,4,4,4,0,0,0,0,3,3,0,0,0,0
2022-11-03,MUFFINS,Pump CC,0,4,4,2,0,2,0,0,0,0,0,0,0,0
2022-11-03,MUFFINS,Pump Cr,0,3,3,0,0,3,0,0,0,0,0,0,0,0
2022-11-03,MUFFINS,Capp Choc,0,3,3,3,0,0,0,0,3,3,0,0,0,0
2022-11-03,COOKIES/BARS,oat cc,15,72,87,24,56,0,7,0,0,0,0,0,0,0
2022-11-03,COOKIES/BARS,triple cc,11,78,89,26,56,0,7,0,0,0,0,0,0,0
2022-11-03,COOKIES/BARS,snicker,8,84,92,23,57,0,12,0,0,0,0,0,0,0
2022-11-03,COOKIES/BARS,frosted,16,6,22,8,0,8,6,0,0,0,0,0,0,0
2022-11-03,COOKIES/BARS,Pump,0,0,0,0,0,0,0,0,0,0,0,0,0,0
2022-11-03,COOKIES/BARS,Pecan,0,0,0,0,0,0,0,0,0,0,0,0,0,0
2022-11-03,COOKIES/BARS,App,0,0,0,0,0,0,0,0,0,0,0,0,0,0
2022-11-03,COOKIES/BARS,AppCran,0,0,0,0,0,0,0,0,0,0,0,0,0,0
2022-11-03,COOKIES/BARS,Brown,25,0,25,9,0,0,16,0,0,0,0,0,0,0
2022-11-03,COOKIES/BARS,Pump,5,50,55,35,0,0,20,0,0,0,0,0,0,0
2022-11-03,COOKIES/BARS,Pump Ohhh,5,0,5,5,0,0,0,1,0,1,1,0,0,0
2022-11-03,COOKIES/BARS,Bread Pudding,0,0,0,0,0,0,0,0,0,0,0,0,0,0
2022-11-03,COOKIES/BARS,Totals,80,329,409,167,172,22,48,6,64,70,36,0,0,20
2022-11-04,BREAD,H,15,25,40,11,8,0,21,0,0,0,0,0,0,0
2022-11-04,BREAD,FR,7,29,36,10,1,0,25,0,0,0,0,0,0,0
2022-11-04,BREAD,GW,0,2,2,2,0,0,0,0,0,0,0,0,0,0
2022-11-04,BREAD,DK,5,14,19,7,0,0,12,0,0,0,0,0,0,0
2022-11-04,BREAD,H5,9,0,9,0,0,0,9,0,0,0,0,0,0,0
2022-11-04,BREAD,CSWRL,6,16,22,9,0,0,13,1,5,6,1,0,0,5
2022-11-04,BREAD,Pump Sw,0,12,12,6,0,0,6,0,5,5,2,0,0,3
2022-11-04,BREAD,CnE,0,12,12,5,2,0,5,0,0,0,-1,0,0,1
2022-11-04,BREAD,CnR,0,6,6,4,0,0,2,0,0,0,0,0,0,0
2022-11-04,BREAD,RW,0,6,6,6,0,0,0,0,0,0,0,0,0,0
2022-11-04,BREAD,Monkey,0,12,12,5,0,0,7,0,0,0,0,0,0,0
2022-11-04,BREAD,CB,4,0,4,3,0,0,1,4,0,4,2,0,0,2
2022-11-04,BREAD,CrO,0,0,0,0,0,0,0,0,0,0,0,0,0,0
2022-11-04,BREAD,CG,0,10,10,8,1,0,1,0,5,5,3,0,0,2
2022-11-04,BREAD,Pesto,0,6,6,5,0,0,1,0,0,0,0,0,0,0
2022-11-04,BREAD,Jal,0,10,10,2,3,0,5,0,0,0,0,0,0,0
2022-11-04,BREAD,CHEETAH,0,12,12,5,0,0,7,0,0,0,0,0,0,0
2022-11-04,BREAD,VS,0,0,0,0,0,0,0,0,0,0,0,0,0,0
2022-11-04,BREAD,sour-TL,0,16,16,9,0,0,7,0,0,0,0,0,0,0
2022-11-04,BREAD,OB,0,7,7,4,1,0,2,0,0,0,0,0,0,0
2022-11-04,BREAD,STUF,0,17,17,7,0,0,10,0,0,0,0,0,0,0
2022-11-04,BREAD,CAR,10,0,10,2,0,0,8,0,0,0,0,0,0,0
2022-11-04,BREAD,IHF,5,0,5,2,0,0,3,0,0,0,0,0,0,0
2022-11-04,BREAD,Turkey,0,3,3,0,0,0,3,0,0,0,0,0,0,0
2022-11-04,BREAD,CrO-Rls,0,0,0,0,0,0,0,0,0,0,0,0,0,0
2022-11-04,BREAD,BUT-Rls,0,0,0,0,0,0,0,0,0,0,0,0,0,0
2022-11-04,BREAD,H-RLS,0,4,4,0,0,0,4,0,0,0,0,0,0,0
2022-11-04,BREAD,FR-RLS,1,4,5,1,0,0,4,0,0,0,0,0,0,0
2022-11-04,BREAD,VS-RLS,0,0,0,0,0,0,0,0,0,0,0,0,0,0
2022-11-04,BREAD,Blue Stru,3,4,7,2,2,0,3,0,0,0,0,0,0,0
2022-11-04,BREAD,Pump CC,1,4,5,1,0,0,4,0,0,0,0,0,0,0
2022-11-04,BREAD,Pump Cr,2,3,5,4,1,0,0,0,0,0,0,0,0,0
2022-11-04,BREAD,Capp Choc,0,5,5,4,0,0,1,0,0,0,0,0,0,0
2022-11-04,ROLLS,C-Rolls,0,48,48,40,8,0,0,0,0,0,0,0,0,0
2022-11-04,ROLLS,Pump C-R,0,12,12,10,0,2,0,0,0,0,0,0,0,0
2022-11-04,ROLLS,Mini C-Roll,0,0,0,0,0,0,0,0,0,0,0,0,0,0
2022-11-04,SCONES,Blueberry,0,0,0,0,0,0,0,0,0,0,0,0,0,0
2022-11-04,SCONES,Apple Cran,0,0,0,0,0,0,0,0,0,0,0,0,0,0
2022-11-04,SCONES,Cherry,0,28,28,14,14,0,0,0,0,0,0,0,0,0
2022-11-04,SCONES,Butt Almond,0,27,27,11,13,3,0,0,0,0,0,0,0,0
2022-11-04,SCONES,Turtle,0,0,0,-6,0,6,0,0,0,0,0,0,0,0
2022-11-04,SCONES,Cin Chip,0,0,0,0,0,0,0,0,0,0,0,0,0,0
2022-11-04,SCONES,Pumpkin,0,24,24,11,13,0,0,0,0,0,0,0,0,0
2022-11-04,SCONES,FRUIT BAR,0,0,0,0,0,0,0,0,0,0,0,0,0,0
2022-11-04,SCONES,mixed berry,0,5,5,1,0,4,0,0,0,0,0,0,0,0
2022-11-04,SCONES,cherry,0,5,5,1,0,4,0,0,0,0,0,0,0,0
2022-11-04,SCONES,apple cin,0,5,5,4,0,1,0,0,0,0,0,0,0,0
2022-11-04,SCONES,Apple Cran,0,5,5,4,0,1,0,0,0,0,0,0,0,0
2022-11-04,MUFFINS,Blue Stru,0,5,5,5,0,0,0,0,0,0,0,0,0,0
2022-11-04,MUFFINS,Pump CC,0,5,5,3,0,2,0,0,0,0,0,0,0,0
2022-11-04,MUFFINS,Pump Cr,0,4,4,4,0,0,0,0,0,0,0,0,0,0
2022-11-04,MUFFINS,Capp Choc,0,4,4,2,0,2,0,0,0,0,0,0,0,0
2022-11-04,COOKIES/BARS,oat cc,7,36,43,24,6,0,13,0,0,0,0,0,0,0
2022-11-04,COOKIES/BARS,triple cc,7,36,43,29,6,0,8,0,0,0,0,0,0,0
2022-11-04,COOKIES/BARS,snicker,12,30,42,32,7,0,3,0,0,0,0,0,0,0
2022-11-04,COOKIES/BARS,frosted,6,24,30,8,0,0,22,0,0,0,0,0,0,0
2022-11-04,COOKIES/BARS,Pump,0,7,7,3,0,0,4,0,0,0,0,0,0,0
2022-11-04,COOKIES/BARS,Pecan,0,5,5,3,0,0,2,0,0,0,0,0,0,0
2022-11-04,COOKIES/BARS,App,0,5,5,1,0,0,4,0,0,0,0,0,0,0
2022-11-04,COOKIES/BARS,AppCran,0,5,5,1,0,0,4,0,0,0,0,0,0,0
2022-11-04,COOKIES/BARS,Brown,16,20,36,-1,4,0,33,0,0,0,0,0,0,0
2022-11-04,COOKIES/BARS,Pump,20,0,20,8,0,0,12,0,0,0,0,0,0,0
2022-11-04,COOKIES/BARS,Pump Ohhh,0,0,0,-3,0,0,3,0,0,0,-1,0,0,1
2022-11-04,COOKIES/BARS,Bread Pudding,0,0,0,0,0,0,0,0,0,0,0,0,0,0
2022-11-04,COOKIES/BARS,Totals,48,335,383,197,71,25,90,20,10,30,11,0,0,19
2022-11-05,BREAD,H,21,0,21,16,0,5,0,0,0,0,0,0,0,0
2022-11-05,BREAD,FR,25,0,25,18,0,7,0,0,0,0,0,0,0,0
2022-11-05,BREAD,GW,0,4,4,4,0,0,0,0,0,0,0,0,0,0
2022-11-05,BREAD,DK,12,0,12,9,0,3,0,0,0,0,0,0,0,0
2022-11-05,BREAD,H5,9,0,9,2,0,7,0,0,0,0,0,0,0,0
2022-11-05,BREAD,CSWRL,13,5,18,13,2,3,0,5,0,5,4,0,0,0
2022-11-05,BREAD,Pump Sw,6,5,11,4,0,7,0,3,0,3,1,0,0,0
2022-11-05,BREAD,CnE,5,0,5,4,0,1,0,1,0,1,1,0,0,0
2022-11-05,BREAD,CnR,2,0,2,2,0,0,0,0,0,0,0,0,0,0
2022-11-05,BREAD,RW,0,0,0,0,0,0,0,0,0,0,0,0,0,0
2022-11-05,BREAD,Monkey,7,0,7,7,0,0,0,0,0,0,0,0,0,0
2022-11-05,BREAD,CB,1,0,1,1,0,0,0,2,0,2,2,0,0,0
2022-11-05,BREAD,CrO,0,0,0,0,0,0,0,0,0,0,0,0,0,0
2022-11-05,BREAD,CG,1,0,1,1,0,0,0,2,0,2,2,0,0,0
2022-11-05,BREAD,Pesto,1,0,1,1,0,0,0,0,0,0,0,0,0,0
2022-11-05,BREAD,Jal,5,0,5,5,0,0,0,0,0,0,0,0,0,0
2022-11-05,BREAD,CHEETAH,7,0,7,7,0,0,0,0,0,0,0,0,0,0
2022-11-05,BREAD,VS,0,0,0,0,0,0,0,0,0,0,0,0,0,0
2022-11-05,BREAD,sour-TL,7,0,7,7,0,0,0,0,0,0,0,0,0,0
2022-11-05,BREAD,OB,2,0,2,2,0,0,0,0,0,0,0,0,0,0
2022-11-05,BREAD,STUF,10,0,10,1,0,9,0,0,0,0,0,0,0,0
2022-11-05,BREAD,CAR,8,0,8,1,0,0,7,0,0,0,0,0,0,0
2022-11-05,BREAD,IHF,3,0,3,0,0,3,0,0,0,0,0,0,0,0
2022-11-05,BREAD,Turkey,3,0,3,3,0,0,0,0,0,0,0,0,0,0
2022-11-05,BREAD,CrO-Rls,0,0,0,0,0,0,0,0,0,0,0,0,0,0
2022-11-05,BREAD,BUT-Rls,0,0,0,-3,0,3,0,0,0,0,0,0,0,0
2022-11-05,BREAD,H-RLS,4,0,4,4,0,0,0,0,0,0,0,0,0,0
2022-11-05,BREAD,FR-RLS,4,0,4,4,0,0,0,0,0,0,0,0,0,0
2022-11-05,BREAD,VS-RLS,0,0,0,0,0,0,0,0,0,0,0,0,0,0
2022-11-05,BREAD,Blue Stru,3,0,3,3,0,0,0,0,0,0,0,0,0,0
2022-11-05,BREAD,Pump CC,4,0,4,3,1,0,0,0,0,0,0,0,0,0
2022-11-05,BREAD,Pump Cr,0,2,2,2,0,0,0,0,0,0,0,0,0,0
2022-11-05,BREAD,Capp Choc,1,2,3,3,0,0,0,0,0,0,0,0,0,0
2022-11-05,ROLLS,C-Rolls,0,36,36,28,0,8,0,0,0,0,0,0,0,0
2022-11-05,ROLLS,Pump C-R,0,12,12,12,0,0,0,0,0,0,0,0,0,0
2022-11-05,ROLLS,Mini C-Roll,0,48,48,0,48,0,0,0,0,0,0,0,0,0
2022-11-05,SCONES,Blueberry,0,0,0,0,0,0,0,0,0,0,0,0,0,0
2022-11-05,SCONES,Apple Cran,0,0,0,0,0,0,0,0,0,0,0,0,0,0
2022-11-05,SCONES,Cherry,0,16,16,16,0,0,0,0,2,2,0,0,0,0
2022-11-05,SCONES,Butt Almond,0,15,15,9,0,6,0,0,2,2,0,0,0,0
2022-11-05,SCONES,Turtle,0,0,0,0,0,0,0,0,0,0,0,0,0,0
2022-11-05,SCONES,Cin Chip,0,0,0,0,0,0,0,0,0,0,0,0,0,0
2022-11-05,SCONES,Pumpkin,0,10,10,10,0,0,0,0,0,0,0,0,0,0
2022-11-05,SCONES,FRUIT BAR,0,0,0,0,0,0,0,0,0,0,0,0,0,0
2022-11-05,SCONES,mixed berry,0,5,5,4,1,0,0,0,0,0,0,0,0,0
2022-11-05,SCONES,cherry,0,5,5,2,1,2,0,0,0,0,0,0,0,0
2022-11-05,SCONES,apple cin,0,5,5,3,0,2,0,0,0,0,0,0,0,0
2022-11-05,SCONES,Apple Cran,0,5,5,2,0,3,0,0,0,0,0,0,0,0
2022-11-05,MUFFINS,Blue Stru,0,5,5,2,0,3,0,0,2,2,0,0,0,0
2022-11-05,MUFFINS,Pump CC,0,5,5,4,0,1,0,0,0,0,0,0,0,0
2022-11-05,MUFFINS,Pump Cr,0,3,3,0,0,3,0,0,0,0,0,0,0,0
2022-11-05,MUFFINS,Capp Choc,0,4,4,4,0,0,0,0,2,2,0,0,0,0
2022-11-05,COOKIES/BARS,oat cc,13,12,25,9,6,10,0,0,0,0,0,0,0,0
2022-11-05,COOKIES/BARS,triple cc,8,18,26,9,7,10,0,0,0,0,0,0,0,0
2022-11-05,COOKIES/BARS,snicker,3,24,27,12,7,8,0,0,0,0,0,0,0,0
2022-11-05,COOKIES/BARS,frosted,22,0,22,7,0,15,0,0,0,0,0,0,0,0
2022-11-05,COOKIES/BARS,Pump,4,0,4,2,0,0,2,0,0,0,0,0,0,0
2022-11-05,COOKIES/BARS,Pecan,2,0,2,2,0,0,0,0,0,0,0,0,0,0
2022-11-05,COOKIES/BARS,App,4,0,4,3,0,0,1,0,0,0,0,0,0,0
2022-11-05,COOKIES/BARS,AppCran,4,0,4,3,0,0,1,0,0,0,0,0,0,0
2022-11-05,COOKIES/BARS,Brown,33,0,33,1,0,12,20,0,0,0,0,0,0,0
2022-11-05,COOKIES/BARS,Pump,12,20,32,12,4,4,12,0,0,0,0,0,0,0
2022-11-05,COOKIES/BARS,Pump Ohhh,3,0,3,-3,0,0,6,1,0,1,1,0,0,0
2022-11-05,COOKIES/BARS,Bread Pudding,0,0,0,0,0,0,0,0,0,0,0,0,0,0
2022-11-05,COOKIES/BARS,Totals,90,228,318,136,70,83,29,19,28,47,18,0,0,13
2022-11-06,BREAD,H,0,0,0,0,0,0,0,0,0,0,0,0,0,0
2022-11-06,BREAD,FR,0,0,0,0,0,0,0,0,0,0,0,0,0,0
2022-11-06,BREAD,GW,0,0,0,0,0,0,0,0,0,0,0,0,0,0
2022-11-06,BREAD,DK,0,0,0,0,0,0,0,0,0,0,0,0,0,0
2022-11-06,BREAD,H5,0,0,0,0,0,0,0,0,0,0,0,0,0,0
2022-11-06,BREAD,CSWRL,0,0,0,0,0,0,0,0,0,0,0,0,0,0
2022-11-06,BREAD,Pump Sw,0,0,0,0,0,0,0,0,0,0,0,0,0,0
2022-11-06,BREAD,CnE,0,0,0,0,0,0,0,0,0,0,0,0,0,0
2022-11-06,BREAD,CnR,0,0,0,0,0,0,0,0,0,0,0,0,0,0
2022-11-06,BREAD,RW,0,0,0,0,0,0,0,0,0,0,0,0,0,0
2022-11-06,BREAD,Monkey,0,0,0,0,0,0,0,0,0,0,0,0,0,0
2022-11-06,BREAD,CB,0,0,0,0,0,0,0,0,0,0,0,0,0,0
2022-11-06,BREAD,CrO,0,0,0,0,0,0,0,0,0,0,0,0,0,0
2022-11-06,BREAD,POP,0,0,0,0,0,0,0,0,0,0,0,0,0,0
2022-11-06,BREAD,PUMA,0,0,0,0,0,0,0,0,0,0,0,0,0,0
2022-11-06,BREAD,WREATH,0,0,0,0,0,0,0,0,0,0,0,0,0,0
2022-11-06,BREAD,VS,0,0,0,0,0,0,0,0,0,0,0,0,0,0
2022-11-06,BREAD,sour-TL,0,0,0,0,0,0,0,0,0,0,0,0,0,0
2022-11-06,BREAD,OB,0,0,0,0,0,0,0,0,0,0,0,0,0,0
2022-11-06,BREAD,STUF,0,0,0,0,0,0,0,0,0,0,0,0,0,0
2022-11-06,BREAD,CAR,7,0,7,0,0,0,7,0,0,0,0,0,0,0
2022-11-06,BREAD,IHF,0,0,0,0,0,0,0,0,0,0,0,0,0,0
2022-11-06,BREAD,Turkey,0,0,0,0,0,0,0,0,0,0,0,0,0,0
2022-11-06,BREAD,CrO-Rls,0,0,0,0,0,0,0,0,0,0,0,0,0,0
2022-11-06,BREAD,BUT-Rls,0,0,0,0,0,0,0,0,0,0,0,0,0,0
2022-11-06,BREAD,H-RLS,0,0,0,0,0,0,0,0,0,0,0,0,0,0
2022-11-06,BREAD,FR-RLS,0,0,0,0,0,0,0,0,0,0,0,0,0,0
2022-11-06,BREAD,VS-RLS,0,0,0,0,0,0,0,0,0,0,0,0,0,0
2022-11-06,BREAD,Blue Stru,0,0,0,0,0,0,0,0,0,0,0,0,0,0
2022-11-06,BREAD,Pump CC,0,0,0,0,0,0,0,0,0,0,0,0,0,0
2022-11-06,BREAD,Pump Cr,0,0,0,0,0,0,0,0,0,0,0,0,0,0
2022-11-06,BREAD,Capp Choc,0,0,0,0,0,0,0,0,0,0,0,0,0,0
2022-11-06,ROLLS,C-Rolls,0,0,0,0,0,0,0,0,0,0,0,0,0,0
2022-11-06,ROLLS,Pump C-R,0,0,0,0,0,0,0,0,0,0,0,0,0,0
2022-11-06,ROLLS,Mini C-Roll,0,0,0,0,0,0,0,0,0,0,0,0,0,0
2022-11-06,SCONES,Blueberry,0,0,0,0,0,0,0,0,0,0,0,0,0,0
2022-11-06,SCONES,Apple Cran,0,0,0,0,0,0,0,0,0,0,0,0,0,0
2022-11-06,SCONES,Cherry,0,0,0,0,0,0,0,0,0,0,0,0,0,0
2022-11-06,SCONES,Butt Almond,0,0,0,0,0,0,0,0,0,0,0,0,0,0
2022-11-06,SCONES,Turtle,0,0,0,0,0,0,0,0,0,0,0,0,0,0
2022-11-06,SCONES,Cin Chip,0,0,0,0,0,0,0,0,0,0,0,0,0,0
2022-11-06,SCONES,Pumpkin,0,0,0,0,0,0,0,0,0,0,0,0,0,0
2022-11-06,SCONES,FRUIT BAR,0,0,0,0,0,0,0,0,0,0,0,0,0,0
2022-11-06,SCONES,mixed berry,0,0,0,0,0,0,0,0,0,0,0,0,0,0
2022-11-06,SCONES,cherry,0,0,0,0,0,0,0,0,0,0,0,0,0,0
2022-11-06,SCONES,apple cin,0,0,0,0,0,0,0,0,0,0,0,0,0,0
2022-11-06,SCONES,Apple Cran,0,0,0,0,0,0,0,0,0,0,0,0,0,0
2022-11-06,MUFFINS,Blue Stru,0,0,0,0,0,0,0,0,0,0,0,0,0,0
2022-11-06,MUFFINS,Pump CC,0,0,0,0,0,0,0,0,0,0,0,0,0,0
2022-11-06,MUFFINS,Pump Cr,0,0,0,0,0,0,0,0,0,0,0,0,0,0
2022-11-06,MUFFINS,Capp Choc,0,0,0,0,0,0,0,0,0,0,0,0,0,0
2022-11-06,COOKIES/BARS,oat cc,0,0,0,0,0,0,0,0,0,0,0,0,0,0
2022-11-06,COOKIES/BARS,triple cc,0,0,0,0,0,0,0,0,0,0,0,0,0,0
2022-11-06,COOKIES/BARS,snicker,0,0,0,0,0,0,0,0,0,0,0,0,0,0
2022-11-06,COOKIES/BARS,frosted,0,0,0,0,0,0,0,0,0,0,0,0,0,0
2022-11-06,COOKIES/BARS,Pump,2,0,2,1,0,0,1,0,0,0,0,0,0,0
2022-11-06,COOKIES/BARS,Pecan,0,0,0,0,0,0,0,0,0,0,0,0,0,0
2022-11-06,COOKIES/BARS,App,1,0,1,0,0,0,1,0,0,0,0,0,0,0
2022-11-06,COOKIES/BARS,AppCran,1,0,1,0,0,0,1,0,0,0,0,0,0,0
2022-11-06,COOKIES/BARS,Brown,20,0,20,0,0,0,20,0,0,0,0,0,0,0
2022-11-06,COOKIES/BARS,Pump,12,0,12,0,0,0,12,0,0,0,0,0,0,0
2022-11-06,COOKIES/BARS,Pump Ohhh,6,0,6,0,0,0,6,0,0,0,0,0,0,0
2022-11-06,COOKIES/BARS,Bread Pudding,0,0,0,0,0,0,0,0,0,0,0,0,0,0
2022-11-06,COOKIES/BARS,Totals,29,0,29,1,0,0,28,13,0,13,0,0,0,13
2022-11-07,BREAD,H,0,30,30,8,2,0,20,0,0,0,0,0,0,0
2022-11-07,BREAD,FR,0,21,21,-15,26,0,10,0,0,0,0,0,0,0
2022-11-07,BREAD,GW,0,11,11,4,0,0,7,0,0,0,0,0,0,0
2022-11-07,BREAD,DK,0,17,17,2,0,0,15,0,0,0,0,0,0,0
2022-11-07,BREAD,H5,0,0,0,0,0,0,0,0,0,0,0,0,0,0
2022-11-07,BREAD,CSWRL,0,16,16,4,0,0,12,0,5,5,3,0,0,2
2022-11-07,BREAD,Pump Sw,0,8,8,2,0,0,6,0,4,4,1,0,0,3
2022-11-07,BREAD,CnE,0,5,5,5,0,0,0,0,3,3,2,0,0,1
2022-11-07,BREAD,CnR,0,7,7,0,0,0,7,0,0,0,0,0,0,0
2022-11-07,BREAD,RW,0,1,1,0,0,0,1,0,0,0,0,0,0,0
2022-11-07,BREAD,Monkey,0,7,7,5,0,0,2,0,2,2,1,0,0,1
2022-11-07,BREAD,CB,0,0,0,0,0,0,0,0,0,0,0,0,0,0
2022-11-07,BREAD,CrO,0,0,0,0,0,0,0,0,0,0,0,0,0,0
2022-11-07,BREAD,POP,0,15,15,6,0,0,9,0,3,3,3,0,0,0
2022-11-07,BREAD,PUMA,0,9,9,4,0,0,5,0,0,0,0,0,0,0
2022-11-07,BREAD,WREATH,0,0,0,0,0,0,0,0,0,0,0,0,0,0
2022-11-07,BREAD,VS,0,0,0,0,0,0,0,0,0,0,0,0,0,0
2022-11-07,BREAD,sour-TL,0,28,28,5,18,0,5,0,0,0,0,0,0,0
2022-11-07,BREAD,OB,0,9,9,3,0,0,6,0,0,0,0,0,0,0
2022-11-07,BREAD,STUF,0,0,0,0,0,0,0,0,0,0,0,0,0,0
2022-11-07,BREAD,CAR,7,0,7,1,0,0,6,0,0,0,0,0,0,0
2022-11-07,BREAD,IHF,0,41,41,24,0,0,17,0,0,0,0,0,0,0
2022-11-07,BREAD,Turkey,0,3,3,0,0,0,3,0,0,0,0,0,0,0
2022-11-07,BREAD,CrO-Rls,0,0,0,0,0,0,0,0,0,0,0,0,0,0
2022-11-07,BREAD,BUT-Rls,0,0,0,0,0,0,0,0,0,0,0,0,0,0
2022-11-07,BREAD,H-RLS,0,3,3,0,0,0,3,0,0,0,0,0,0,0
2022-11-07,BREAD,FR-RLS,0,3,3,2,0,0,1,0,0,0,0,0,0,0
2022-11-07,BREAD,VS-RLS,0,0,0,0,0,0,0,0,0,0,0,0,0,0
2022-11-07,BREAD,Blue Stru,0,5,5,1,1,0,3,0,0,0,0,0,0,0
2022-11-07,BREAD,Pump CC,0,4,4,1,0,0,3,0,0,0,0,0,0,0
2022-11-07,BREAD,Pump Cr,0,3,3,1,0,0,2,0,0,0,0,0,0,0
2022-11-07,BREAD,Capp Choc,0,4,4,2,0,0,2,0,0,0,0,0,0,0
2022-11-07,ROLLS,C-Rolls,0,24,24,16,0,8,0,0,0,0,0,0,0,0
2022-11-07,ROLLS,Pump C-R,0,12,12,7,0,5,0,0,0,0,0,0,0,0
2022-11-07,ROLLS,Mini C-Roll,0,24,24,0,24,0,0,0,0,0,0,0,0,0
2022-11-07,SCONES,Blueberry,0,0,0,0,0,0,0,0,0,0,0,0,0,0
2022-11-07,SCONES,Apple Cran,0,11,11,6,0,5,0,0,2,2,0,0,0,0
2022-11-07,SCONES,Cherry,0,0,0,0,0,0,0,0,0,0,0,0,0,0
2022-11-07,SCONES,Butt Almond,0,0,0,0,0,0,0,0,0,0,0,0,0,0
2022-11-07,SCONES,Turtle,0,0,0,0,0,0,0,0,0,0,0,0,0,0
2022-11-07,SCONES,Cin Chip,0,11,11,6,0,5,0,0,2,2,0,0,0,0
2022-11-07,SCONES,Pumpkin,0,8,8,2,0,6,0,0,0,0,0,0,0,0
2022-11-07,SCONES,FRUIT BAR,0,0,0,0,0,0,0,0,0,0,0,0,0,0
2022-11-07,SCONES,mixed berry,0,5,5,2,1,2,0,0,0,0,0,0,0,0
2022-11-07,SCONES,cherry,0,5,5,1,1,3,0,0,0,0,0,0,0,0
2022-11-07,SCONES,apple cin,0,0,0,0,0,0,0,0,0,0,0,0,0,0
2022-11-07,SCONES,Apple Cran,0,0,0,0,0,0,0,0,0,0,0,0,0,0
2022-11-07,MUFFINS,Blue Stru,0,3,3,3,0,0,0,0,0,0,0,0,0,0
2022-11-07,MUFFINS,Pump CC,0,3,3,3,0,0,0,0,2,2,0,0,0,0
2022-11-07,MUFFINS,Pump Cr,0,2,2,0,0,2,0,0,2,2,0,0,0,0
2022-11-07,MUFFINS,Capp Choc,0,3,3,0,0,3,0,0,0,0,0,0,0,0
2022-11-07,COOKIES/BARS,oat cc,0,36,36,15,4,0,17,0,0,0,0,0,0,0
2022-11-07,COOKIES/BARS,triple cc,0,36,36,19,4,0,13,0,0,0,0,0,0,0
2022-11-07,COOKIES/BARS,snicker,0,36,36,15,4,0,17,0,0,0,0,0,0,0
2022-11-07,COOKIES/BARS,frosted,0,12,12,3,0,0,9,0,0,0,0,0,0,0
2022-11-07,COOKIES/BARS,Pump,1,0,1,1,0,0,0,0,0,0,0,0,0,0
2022-11-07,COOKIES/BARS,Pecan,0,0,0,0,0,0,0,0,0,0,0,0,0,0
2022-11-07,COOKIES/BARS,App,1,0,1,1,0,0,0,0,0,0,0,0,0,0
2022-11-07,COOKIES/BARS,AppCran,1,0,1,1,0,0,0,0,0,0,0,0,0,0
2022-11-07,COOKIES/BARS,Brown,20,0,20,5,0,0,15,0,0,0,0,0,0,0
2022-11-07,COOKIES/BARS,Pump,12,0,12,4,0,0,8,0,0,0,0,0,0,0
2022-11-07,COOKIES/BARS,Pump Ohhh,6,0,6,6,0,0,0,0,0,0,0,0,0,0
2022-11-07,COOKIES/BARS,Bread Pudding,0,0,0,0,0,0,0,0,0,0,0,0,0,0
2022-11-07,COOKIES/BARS,Totals,28,231,259,111,38,39,71,13,8,21,5,0,0,8
2022-11-08,BREAD,H,20,27,47,10,13,0,24,0,0,0,0,0,0,0
2022-11-08,BREAD,FR,10,16,26,9,2,0,15,0,0,0,0,0,0,0
2022-11-08,BREAD,GW,7,4,11,8,0,0,3,0,0,0,0,0,0,0
2022-11-08,BREAD,DK,15,0,15,5,0,0,10,0,0,0,0,0,0,0
2022-11-08,BREAD,H5,0,14,14,9,1,0,4,0,0,0,-2,0,0,2
2022-11-08,BREAD,CSWRL,12,4,16,11,0,3,2,2,3,5,3,0,0,2
2022-11-08,BREAD,Pump Sw,6,4,10,0,0,6,4,3,0,3,3,0,0,0
2022-11-08,BREAD,CnE,0,11,11,3,0,0,8,1,3,4,2,0,0,2
2022-11-08,BREAD,CnR,7,0,7,4,0,0,3,0,0,0,0,0,0,0
2022-11-08,BREAD,RW,1,0,1,1,0,0,0,0,0,0,0,0,0,0
2022-11-08,BREAD,Monkey,2,2,4,3,0,0,1,1,6,7,2,0,0,5
2022-11-08,BREAD,CB,0,14,14,7,0,0,7,0,6,6,4,0,0,1
2022-11-08,BREAD,CrO,0,0,0,0,0,0,0,0,0,0,0,0,0,0
2022-11-08,BREAD,POP,9,0,9,5,0,4,0,0,0,0,0,0,0,0
2022-11-08,BREAD,PUMA,5,0,5,2,0,3,0,0,0,0,0,0,0,0
2022-11-08,BREAD,WREATH,0,0,0,0,0,0,0,0,0,0,0,0,0,0
2022-11-08,BREAD,VS,0,9,9,5,3,0,1,0,3,3,2,0,0,1
2022-11-08,BREAD,sour-TL,5,0,5,5,0,0,0,0,0,0,0,0,0,0
2022-11-08,BREAD,OB,6,0,6,4,0,2,0,0,0,0,0,0,0,0
2022-11-08,BREAD,STUF,0,0,0,0,0,0,0,0,0,0,0,0,0,0
2022-11-08,BREAD,JCB,0,19,19,2,17,0,0,0,0,0,0,0,0,0
2022-11-08,BREAD,bourbon,0,108,108,0,0,0,108,0,0,0,0,0,0,0
2022-11-08,BREAD,dry stuf,0,7,7,0,0,0,7,0,0,0,0,0,0,0
2022-11-08,BREAD,CAR,6,0,6,0,0,0,6,0,0,0,0,0,0,0
2022-11-08,BREAD,IHF,17,0,17,6,0,0,11,0,0,0,0,0,0,0
2022-11-08,BREAD,Turkey,3,0,3,0,0,3,0,0,0,0,0,0,0,0
2022-11-08,BREAD,CrO-Rls,0,0,0,0,0,0,0,0,0,0,0,0,0,0
2022-11-08,BREAD,BUT-Rls,0,0,0,0,0,0,0,0,0,0,0,0,0,0
2022-11-08,BREAD,H-RLS,3,0,3,3,0,0,0,0,0,0,0,0,0,0
2022-11-08,BREAD,FR-RLS,1,2,3,2,0,0,1,0,0,0,0,0,0,0
2022-11-08,BREAD,VS-RLS,0,4,4,3,1,0,0,0,0,0,0,0,0,0
2022-11-08,BREAD,Blue Stru,3,0,3,2,0,1,0,0,0,0,0,0,0,0
2022-11-08,BREAD,Pump CC,3,3,6,3,2,1,0,0,0,0,0,0,0,0
2022-11-08,BREAD,Pump Cr,2,0,2,2,0,0,0,0,0,0,0,0,0,0
2022-11-08,BREAD,Capp Choc,2,0,2,1,0,1,0,0,0,0,0,0,0,0
2022-11-08,ROLLS,C-Rolls,0,24,24,19,4,1,0,0,0,0,0,0,0,0
2022-11-08,ROLLS,Pump C-R,0,12,12,12,0,0,0,0,0,0,0,0,0,0
2022-11-08,ROLLS,Mini C-Roll,0,0,0,0,0,0,0,0,0,0,0,0,0,0
2022-11-08,SCONES,Blueberry,0,9,9,9,0,0,0,0,3,3,0,0,0,0
2022-11-08,SCONES,Apple Cran,0,0,0,0,0,0,0,0,0,0,0,0,0,0
2022-11-08,SCONES,Cherry,0,0,0,0,0,0,0,0,0,0,0,0,0,0
2022-11-08,SCONES,Butt Almond,0,0,0,0,0,0,0,0,0,0,0,0,0,0
2022-11-08,SCONES,Turtle,0,0,0,0,0,0,0,0,0,0,0,0,0,0
2022-11-08,SCONES,Cin Chip,0,9,9,9,0,0,0,0,3,3,0,0,0,0
2022-11-08,SCONES,Pumpkin,0,8,8,8,0,0,0,0,2,2,0,0,0,0
2022-11-08,SCONES,FRUIT BAR,0,0,0,0,0,0,0,0,0,0,0,0,0,0
2022-11-08,SCONES,mixed berry,0,0,0,0,0,0,0,0,0,0,0,0,0,0
2022-11-08,SCONES,cherry,0,0,0,0,0,0,0,0,0,0,0,0,0,0
2022-11-08,SCONES,apple cin,0,5,5,3,2,0,0,0,0,0,0,0,0,0
2022-11-08,SCONES,Apple Cran,0,5,5,3,2,0,0,0,0,0,0,0,0,0
2022-11-08,MUFFINS,Blue Stru,0,4,4,4,0,0,0,0,4,4,0,0,0,0
2022-11-08,MUFFINS,Pump CC,0,6,6,4,2,0,0,0,0,0,0,0,0,0
2022-11-08,MUFFINS,Pump Cr,0,3,3,3,0,0,0,0,0,0,0,0,0,0
2022-11-08,MUFFINS,Capp Choc,0,5,5,3,2,0,0,0,4,4,0,0,0,0
2022-11-08,COOKIES/BARS,oat cc,17,18,35,26,4,0,5,0,0,0,0,0,0,0
2022-11-08,COOKIES/BARS,triple cc,13,24,37,18,5,1,13,0,0,0,0,0,0,0
2022-11-08,COOKIES/BARS,snicker,17,18,35,30,5,0,0,0,0,0,0,0,0,0
2022-11-08,COOKIES/BARS,frosted,9,0,9,9,0,0,0,0,0,0,0,0,0,0
2022-11-08,COOKIES/BARS,Pump,0,0,0,0,0,0,0,0,0,0,0,0,0,0
2022-11-08,COOKIES/BARS,Pecan,0,0,0,0,0,0,0,0,0,0,0,0,0,0
2022-11-08,COOKIES/BARS,App,0,0,0,0,0,0,0,0,0,0,0,0,0,0
2022-11-08,COOKIES/BARS,AppCran,0,0,0,0,0,0,0,0,0,0,0,0,0,0
2022-11-08,COOKIES/BARS,Brown,15,0,15,2,0,0,13,0,0,0,0,0,0,0
2022-11-08,COOKIES/BARS,Pump,8,30,38,7,0,0,31,0,0,0,0,0,0,0
2022-11-08,COOKIES/BARS,Pump Ohhh,0,0,0,0,0,0,0,0,0,0,0,0,0,0
2022-11-08,COOKIES/BARS,Bread Pudding,0,0,0,0,0,0,0,0,0,0,0,0,0,0
2022-11-08,COOKIES/BARS,Totals,71,150,221,162,26,2,31,8,46,54,7,0,0,31
2022-11-09,BREAD,H,24,15,39,22,12,0,5,0,0,0,0,0,0,0
2022-11-09,BREAD,FR,15,11,26,12,1,0,13,0,0,0,0,0,0,0
2022-11-09,BREAD,GW,3,9,12,4,0,0,8,0,0,0,0,0,0,0
2022-11-09,BREAD,DK,10,15,25,10,3,1,11,0,0,0,0,0,0,0
2022-11-09,BREAD,H5,4,0,4,1,0,0,3,2,0,2,2,0,0,0
2022-11-09,BREAD,CSWRL,2,12,14,6,1,0,7,2,3,5,5,0,0,0
2022-11-09,BREAD,Pump Sw,4,5,9,8,1,0,0,0,3,3,3,0,0,0
2022-11-09,BREAD,CnE,8,3,11,5,0,3,3,2,3,5,3,0,0,0
2022-11-09,BREAD,CnR,3,4,7,2,1,1,3,0,0,0,0,0,0,0
2022-11-09,BREAD,RW,0,4,4,2,0,0,2,0,0,0,0,0,0,0
2022-11-09,BREAD,Monkey,1,2,3,2,0,0,1,5,6,11,7,0,0,4
2022-11-09,BREAD,CB,7,0,7,2,0,5,0,1,0,1,1,0,0,0
2022-11-09,BREAD,CrO,0,17,17,6,0,0,11,0,5,5,5,0,0,0
2022-11-09,BREAD,POP,0,14,14,2,2,0,10,0,5,5,2,0,0,3
2022-11-09,BREAD,PUMA lg,0,2,2,1,0,0,1,0,0,0,0,0,0,0
2022-11-09,BREAD,reg,0,6,6,5,1,0,0,0,0,0,0,0,0,0
2022-11-09,BREAD,WREATH,0,0,0,0,0,0,0,0,0,0,0,0,0,0
2022-11-09,BREAD,VS,1,0,1,1,0,0,0,1,0,1,1,0,0,0
2022-11-09,BREAD,sour-TL,0,20,20,6,0,0,14,0,0,0,0,0,0,0
2022-11-09,BREAD,OB,0,6,6,1,1,0,4,0,0,0,0,0,0,0
2022-11-09,BREAD,STUF,0,0,0,0,0,0,0,0,0,0,0,0,0,0
2022-11-09,BREAD,Gorilla,0,1,1,1,0,0,0,0,0,0,0,0,0,0
2022-11-09,BREAD,Bourbon,108,0,108,108,0,0,0,0,0,0,0,0,0,0
2022-11-09,BREAD,Dry Stuff,7,0,7,4,0,0,3,0,0,0,0,0,0,0
2022-11-09,BREAD,CAR,6,0,6,2,0,0,4,0,0,0,0,0,0,0
2022-11-09,BREAD,IHF,11,0,11,3,0,0,8,0,0,0,0,0,0,0
2022-11-09,BREAD,Turkey,0,3,3,3,0,0,0,0,0,0,0,0,0,0
2022-11-09,BREAD,CrO-Rls,0,0,0,0,0,0,0,0,0,0,0,0,0,0
2022-11-09,BREAD,BUT-Rls,0,0,0,0,0,0,0,0,0,0,0,0,0,0
2022-11-09,BREAD,H-RLS,0,3,3,2,0,0,1,0,0,0,0,0,0,0
2022-11-09,BREAD,FR-RLS,1,3,4,4,0,0,0,0,0,0,0,0,0,0
2022-11-09,BREAD,VS-RLS,0,0,0,0,0,0,0,0,0,0,0,0,0,0
2022-11-09,BREAD,Blue Stru,0,4,4,2,0,0,2,0,0,0,0,0,0,0
2022-11-09,BREAD,Pump CC,0,7,7,1,3,0,3,0,0,0,0,0,0,0
2022-11-09,BREAD,Pump Cr,0,7,7,-3,4,0,6,0,0,0,0,0,0,0
2022-11-09,BREAD,Capp Choc,0,3,3,1,0,0,2,0,0,0,0,0,0,0
2022-11-09,ROLLS,C-Rolls,0,24,24,15,0,9,0,0,0,0,0,0,0,0
2022-11-09,ROLLS,Pump C-R,0,12,12,8,0,4,0,0,0,0,0,0,0,0
2022-11-09,ROLLS,Mini C-Roll,0,0,0,0,0,0,0,0,0,0,0,0,0,0
2022-11-09,SCONES,Blueberry,0,0,0,0,0,0,0,0,0,0,0,0,0,0
2022-11-09,SCONES,Apple Cran,0,11,11,11,0,0,0,0,7,7,0,0,0,0
2022-11-09,SCONES,Cherry,0,0,0,0,0,0,0,0,0,0,0,0,0,0
2022-11-09,SCONES,Butt Almond,0,0,0,0,0,0,0,0,0,0,0,0,0,0
2022-11-09,SCONES,Turtle,0,12,12,8,0,4,0,0,7,7,0,0,0,0
2022-11-09,SCONES,Cin Chip,0,0,0,0,0,0,0,0,0,0,0,0,0,0
2022-11-09,SCONES,Pumpkin,0,8,8,4,0,4,0,0,4,4,0,0,0,0
2022-11-09,SCONES,FRUIT BAR,0,0,0,0,0,0,0,0,0,0,0,0,0,0
2022-11-09,SCONES,mixed berry,0,5,5,2,3,0,0,0,0,0,0,0,0,0
2022-11-09,SCONES,cherry,0,5,5,2,3,0,0,0,0,0,0,0,0,0
2022-11-09,SCONES,apple cin,0,5,5,3,2,0,0,0,0,0,0,0,0,0
2022-11-09,SCONES,Apple Cran,0,5,5,1,2,2,0,0,0,0,0,0,0,0
2022-11-09,MUFFINS,Blue Stru,0,4,4,1,0,3,0,0,9,9,0,0,0,0
2022-11-09,MUFFINS,Pump CC,0,4,4,3,0,1,0,0,0,0,0,0,0,0
2022-11-09,MUFFINS,Pump Cr,0,3,3,0,0,3,0,0,0,0,0,0,0,0
2022-11-09,MUFFINS,Capp Choc,0,3,3,2,0,1,0,0,9,9,0,0,0,0
2022-11-09,COOKIES/BARS,oat cc,5,54,59,18,28,0,13,0,2,2,0,0,0,0
2022-11-09,COOKIES/BARS,triple cc,13,48,61,5,28,8,20,0,4,4,-19,0,0,19
2022-11-09,COOKIES/BARS,snicker,0,66,66,36,30,0,0,0,4,4,-14,0,0,14
2022-11-09,COOKIES/BARS,frosted,0,18,18,18,0,0,0,0,0,0,0,0,0,0
2022-11-09,COOKIES/BARS,Pump,0,0,0,0,0,0,0,0,0,0,0,0,0,0
2022-11-09,COOKIES/BARS,Pecan,0,0,0,0,0,0,0,0,0,0,0,0,0,0
2022-11-09,COOKIES/BARS,App,0,0,0,0,0,0,0,0,0,0,0,0,0,0
2022-11-09,COOKIES/BARS,AppCran,0,0,0,0,0,0,0,0,0,0,0,0,0,0
2022-11-09,COOKIES/BARS,Brown,13,20,33,21,1,7,4,0,0,0,0,0,0,0
2022-11-09,COOKIES/BARS,Pump,31,0,31,14,2,1,14,0,0,0,0,0,0,0
2022-11-09,COOKIES/BARS,Pump Ohhh,0,0,0,-5,0,0,5,0,0,0,0,0,0,0
2022-11-09,COOKIES/BARS,Bread Pudding,0,0,0,0,0,0,0,0,0,0,0,0,0,0
2022-11-09,COOKIES/BARS,Totals,31,307,338,153,97,46,42,31,46,77,-19,0,0,47
2022-11-10,BREAD,H,5,24,29,28,0,0,1,0,0,0,0,0,0,0
2022-11-10,BREAD,FR,13,47,60,20,31,0,9,0,0,0,0,0,0,0
2022-11-10,BREAD,GW,8,2,10,5,0,5,0,0,0,0,0,0,0,0
2022-11-10,BREAD,DK,11,0,11,9,0,0,2,0,0,0,0,0,0,0
2022-11-10,BREAD,H5,3,14,17,6,0,0,11,0,0,0,0,0,0,0
2022-11-10,BREAD,CSWRL,7,16,23,9,6,0,8,0,6,6,3,0,0,3
2022-11-10,BREAD,Pump Sw,0,8,8,1,0,0,7,0,5,5,3,0,0,2
2022-11-10,BREAD,CnE,3,0,3,3,0,0,0,0,0,0,-3,0,0,0
2022-11-10,BREAD,CnR,3,0,3,3,0,0,0,0,0,0,0,0,0,0
2022-11-10,BREAD,RW,2,0,2,1,0,1,0,0,0,0,0,0,0,0
2022-11-10,BREAD,Monkey,1,0,1,-1,1,1,0,4,0,4,4,0,0,0
2022-11-10,BREAD,CB,0,14,14,5,0,0,9,0,9,9,1,0,0,8
2022-11-10,BREAD,CrO,11,0,11,7,0,4,0,0,0,0,0,0,0,0
2022-11-10,BREAD,POP,10,0,10,9,0,1,0,3,0,3,3,0,0,0
2022-11-10,BREAD,PUMA,1,0,1,0,1,0,0,0,0,0,0,0,0,0
2022-11-10,BREAD,WREATH,0,0,0,0,0,0,0,0,0,0,0,0,0,0
2022-11-10,BREAD,VS,0,14,14,4,1,0,9,0,3,3,3,0,0,0
2022-11-10,BREAD,sour-TL,14,0,14,14,0,0,0,0,0,0,0,0,0,0
2022-11-10,BREAD,OB,4,0,4,1,0,3,0,0,0,0,0,0,0,0
2022-11-10,BREAD,STUF,0,0,0,-1,1,0,0,0,0,0,0,0,0,0
2022-11-10,BREAD,Dry Stuf,3,0,3,-3,0,0,6,0,0,0,0,0,0,0
2022-11-10,BREAD,CAR,4,20,24,3,0,0,21,0,0,0,0,0,0,0
2022-11-10,BREAD,IHF,8,0,8,3,0,0,5,0,0,0,0,0,0,0
2022-11-10,BREAD,Turkey,0,3,3,3,0,0,0,0,0,0,0,0,0,0
2022-11-10,BREAD,CrO-Rls,0,0,0,0,0,0,0,0,0,0,0,0,0,0
2022-11-10,BREAD,BUT-Rls,0,36,36,2,14,0,20,0,0,0,0,0,0,0
2022-11-10,BREAD,H-RLS,1,0,1,1,0,0,0,0,0,0,0,0,0,0
2022-11-10,BREAD,FR-RLS,0,0,0,0,0,0,0,0,0,0,0,0,0,0
2022-11-10,BREAD,VS-RLS,0,6,6,6,0,0,0,0,0,0,0,0,0,0
2022-11-10,BREAD,Blue Stru,2,1,3,1,0,1,1,0,0,0,0,0,0,0
2022-11-10,BREAD,Pump CC,3,7,10,0,6,2,2,0,0,0,0,0,0,0
2022-11-10,BREAD,Pump Cr,6,2,8,2,5,1,0,0,0,0,0,0,0,0
2022-11-10,BREAD,Capp Choc,2,1,3,1,0,0,2,0,0,0,0,0,0,0
2022-11-10,ROLLS,C-Rolls,0,24,24,24,0,0,0,0,0,0,0,0,0,0
2022-11-10,ROLLS,Pump C-R,0,12,12,12,0,0,0,0,0,0,0,0,0,0
2022-11-10,ROLLS,Mini C-Roll,0,0,0,0,0,0,0,0,0,0,0,0,0,0
2022-11-10,SCONES,Blueberry,0,9,9,7,0,2,0,0,20,20,0,0,0,0
2022-11-10,SCONES,Apple Cran,0,0,0,0,0,0,0,0,0,0,0,0,0,0
2022-11-10,SCONES,Cherry,0,0,0,0,0,0,0,0,0,0,0,0,0,0
2022-11-10,SCONES,Butt Almond,0,0,0,0,0,0,0,0,0,0,0,0,0,0
2022-11-10,SCONES,Turtle,0,12,12,11,0,1,0,0,20,20,0,0,0,0
2022-11-10,SCONES,Cin Chip,0,0,0,0,0,0,0,0,0,0,0,0,0,0
2022-11-10,SCONES,Pumpkin,0,4,4,4,0,0,0,0,18,18,0,0,0,0
2022-11-10,SCONES,FRUIT BAR,0,0,0,0,0,0,0,0,0,0,0,0,0,0
2022-11-10,SCONES,mixed berry,0,5,5,2,3,0,0,0,0,0,0,0,0,0
2022-11-10,SCONES,cherry,0,5,5,2,3,0,0,0,0,0,0,0,0,0
2022-11-10,SCONES,apple cin,0,10,10,2,8,0,0,0,0,0,0,0,0,0
2022-11-10,SCONES,Apple Cran,0,10,10,1,9,0,0,0,0,0,0,0,0,0
2022-11-10,MUFFINS,Blue Stru,0,4,4,0,0,4,0,0,49,49,0,0,0,0
2022-11-10,MUFFINS,Pump CC,0,4,4,4,0,0,0,0,3,3,0,0,0,0
2022-11-10,MUFFINS,Pump Cr,0,3,3,3,0,0,0,0,24,24,0,0,0,0
2022-11-10,MUFFINS,Capp Choc,0,3,3,3,0,0,0,0,52,52,0,0,0,0
2022-11-10,COOKIES/BARS,oat cc,13,42,55,16,25,1,13,0,0,0,0,0,0,0
2022-11-10,COOKIES/BARS,triple cc,20,36,56,21,25,4,6,19,0,19,19,0,0,0
2022-11-10,COOKIES/BARS,snicker,0,60,60,13,26,7,14,14,0,14,14,0,0,0
2022-11-10,COOKIES/BARS,frosted,0,0,0,-3,0,0,3,0,0,0,0,0,0,0
2022-11-10,COOKIES/BARS,Pump,0,0,0,0,0,0,0,0,0,0,0,0,0,0
2022-11-10,COOKIES/BARS,Pecan,0,0,0,0,0,0,0,0,0,0,0,0,0,0
2022-11-10,COOKIES/BARS,App,0,0,0,0,0,0,0,0,0,0,0,0,0,0
2022-11-10,COOKIES/BARS,AppCran,0,0,0,0,0,0,0,0,0,0,0,0,0,0
2022-11-10,COOKIES/BARS,Brown,4,20,24,7,0,0,17,0,0,0,0,0,0,0
2022-11-10,COOKIES/BARS,Pump,14,20,34,9,0,0,25,0,0,0,0,0,0,0
2022-11-10,COOKIES/BARS,Pump Ohhh,5,0,5,5,0,0,0,0,0,0,0,0,0,0
2022-11-10,COOKIES/BARS,Bread Pudding,0,0,0,0,0,0,0,0,0,0,0,0,0,0
2022-11-10,COOKIES/BARS,Totals,42,263,305,134,99,19,53,47,206,253,42,0,0,25
2022-11-11,BREAD,H,1,28,29,13,6,0,10,0,0,0,0,0,0,0
2022-11-11,BREAD,FR,9,35,44,15,0,0,29,0,0,0,0,0,0,0
2022-11-11,BREAD,GW,0,12,12,3,0,0,9,0,0,0,0,0,0,0
2022-11-11,BREAD,DK,2,15,17,4,0,0,13,0,0,0,0,0,0,0
2022-11-11,BREAD,H5,11,0,11,8,0,0,3,0,0,0,0,0,0,0
2022-11-11,BREAD,CSWRL,8,16,24,9,4,0,11,3,2,5,5,0,0,0
2022-11-11,BREAD,Pump Sw,7,8,15,9,0,0,6,2,0,2,2,0,0,0
2022-11-11,BREAD,CnE,0,17,17,8,0,0,9,0,4,4,3,0,0,1
2022-11-11,BREAD,CnR,0,8,8,2,0,0,6,0,0,0,0,0,0,0
2022-11-11,BREAD,RW,0,8,8,2,0,0,6,0,0,0,0,0,0,0
2022-11-11,BREAD,Monkey,0,3,3,1,0,0,2,0,12,12,5,0,0,6
2022-11-11,BREAD,CB,9,0,9,3,0,0,6,8,0,8,6,0,0,2
2022-11-11,BREAD,CrO,0,17,17,5,0,0,12,0,4,4,2,0,0,2
2022-11-11,BREAD,POP,0,13,13,11,0,0,2,0,4,4,4,0,0,0
2022-11-11,BREAD,PUMA,0,2,2,1,1,0,0,0,8,8,8,0,0,0
2022-11-11,BREAD,WREATH,0,0,0,0,0,0,0,0,0,0,0,0,0,0
2022-11-11,BREAD,VS,9,0,9,7,0,0,2,0,0,0,0,0,0,0
2022-11-11,BREAD,sour-TL,0,18,18,4,0,0,14,0,0,0,0,0,0,0
2022-11-11,BREAD,OB,0,7,7,1,0,0,6,0,0,0,0,0,0,0
2022-11-11,BREAD,STUF,0,19,19,4,0,0,15,0,0,0,0,0,0,0
2022-11-11,BREAD,CH,0,2,2,2,0,0,0,0,0,0,0,0,0,0
2022-11-11,BREAD,dry stuf,6,0,6,0,0,0,6,0,0,0,0,0,0,0
2022-11-11,BREAD,CAR,21,0,21,1,0,0,20,0,0,0,0,0,0,0
2022-11-11,BREAD,IHF,5,0,5,2,0,0,3,0,0,0,0,0,0,0
2022-11-11,BREAD,Turkey,0,6,6,-1,0,0,7,0,0,0,0,0,0,0
2022-11-11,BREAD,CrO-Rls,0,0,0,0,0,0,0,0,0,0,0,0,0,0
2022-11-11,BREAD,BUT-Rls,20,0,20,9,0,0,11,0,0,0,0,0,0,0
2022-11-11,BREAD,H-RLS,0,5,5,1,0,0,4,0,0,0,0,0,0,0
2022-11-11,BREAD,FR-RLS,0,0,0,0,0,0,0,0,0,0,0,0,0,0
2022-11-11,BREAD,VS-RLS,0,0,0,0,0,0,0,0,0,0,0,0,0,0
2022-11-11,BREAD,Blue Stru,1,4,5,2,0,0,3,0,0,0,0,0,0,0
2022-11-11,BREAD,Pump CC,2,4,6,4,2,0,0,0,0,0,0,0,0,0
2022-11-11,BREAD,Pump Cr,0,4,4,2,0,0,2,0,0,0,0,0,0,0
2022-11-11,BREAD,Capp Choc,2,3,5,2,0,0,3,0,0,0,0,0,0,0
2022-11-11,ROLLS,C-Rolls,0,48,48,35,9,4,0,0,0,0,0,0,0,0
2022-11-11,ROLLS,Pump C-R,0,12,12,12,0,0,0,0,0,0,0,0,0,0
2022-11-11,ROLLS,Mini C-Roll,0,24,24,0,24,0,0,0,0,0,0,0,0,0
2022-11-11,SCONES,Blueberry,0,0,0,0,0,0,0,0,0,0,0,0,0,0
2022-11-11,SCONES,Apple Cran,0,0,0,0,0,0,0,0,0,0,0,0,0,0
2022-11-11,SCONES,Cherry,0,15,15,11,0,4,0,0,4,4,0,0,0,0
2022-11-11,SCONES,Butt Almond,0,15,15,12,0,3,0,0,0,0,0,0,0,0
2022-11-11,SCONES,Turtle,0,0,0,0,0,0,0,0,0,0,0,0,0,0
2022-11-11,SCONES,Cin Chip,0,0,0,0,0,0,0,0,0,0,0,0,0,0
2022-11-11,SCONES,Pumpkin,0,10,10,7,0,3,0,0,4,4,0,0,0,0
2022-11-11,SCONES,FRUIT BAR,0,0,0,0,0,0,0,0,0,0,0,0,0,0
2022-11-11,SCONES,mixed berry,0,5,5,3,1,1,0,0,0,0,0,0,0,0
2022-11-11,SCONES,cherry,0,5,5,3,1,1,0,0,0,0,0,0,0,0
2022-11-11,SCONES,apple cin,0,5,5,4,1,0,0,0,0,0,0,0,0,0
2022-11-11,SCONES,Apple Cran,0,5,5,3,1,1,0,0,0,0,0,0,0,0
2022-11-11,MUFFINS,Blue Stru,0,5,5,5,0,0,0,0,2,2,-2,0,0,0
2022-11-11,MUFFINS,Pump CC,0,5,5,5,0,0,0,0,0,0,0,0,0,0
2022-11-11,MUFFINS,Pump Cr,0,8,8,6,0,2,0,0,0,0,0,0,0,0
2022-11-11,MUFFINS,Capp Choc,0,4,4,1,0,3,0,0,2,2,-2,0,0,0
2022-11-11,COOKIES/BARS,oat cc,13,54,67,16,31,0,20,0,0,0,0,0,0,0
2022-11-11,COOKIES/BARS,triple cc,6,60,66,28,32,0,6,0,0,0,0,0,0,0
2022-11-11,COOKIES/BARS,snicker,14,54,68,17,33,0,18,0,0,0,0,0,0,0
2022-11-11,COOKIES/BARS,frosted,3,0,3,2,0,1,0,0,0,0,0,0,0,0
2022-11-11,COOKIES/BARS,Pump,0,0,0,-10,0,0,10,0,0,0,0,0,0,0
2022-11-11,COOKIES/BARS,Pecan,0,0,0,-4,0,0,4,0,0,0,0,0,0,0
2022-11-11,COOKIES/BARS,App,0,0,0,-3,0,0,3,0,0,0,0,0,0,0
2022-11-11,COOKIES/BARS,AppCran,0,0,0,-2,0,0,2,0,0,0,0,0,0,0
2022-11-11,COOKIES/BARS,Brown,17,0,17,6,0,0,11,0,0,0,0,0,0,0
2022-11-11,COOKIES/BARS,Pump,25,0,25,14,0,0,11,0,0,0,0,0,0,0
2022-11-11,COOKIES/BARS,Pump Ohhh,0,0,0,-2,0,0,2,0,0,0,0,0,0,0
2022-11-11,COOKIES/BARS,Bread Pudding,0,0,0,0,0,0,0,0,0,0,0,0,0,0
2022-11-11,COOKIES/BARS,Totals,53,334,387,161,133,23,70,25,12,37,4,0,0,17
2022-11-12,BREAD,H,10,39,49,8,40,1,0,0,0,0,0,0,0,0
2022-11-12,BREAD,FR,29,0,29,12,0,17,0,0,0,0,0,0,0,0
2022-11-12,BREAD,GW,9,0,9,3,0,6,0,0,0,0,0,0,0,0
2022-11-12,BREAD,DK,13,0,13,10,0,3,0,0,0,0,0,0,0,0
2022-11-12,BREAD,H5,3,0,3,3,0,0,0,0,0,0,0,0,0,0
2022-11-12,BREAD,CSWRL,11,6,17,15,2,0,0,0,3,3,3,0,0,0
2022-11-12,BREAD,Pump Sw,6,4,10,10,0,0,0,0,2,2,2,0,0,0
2022-11-12,BREAD,CnE,9,0,9,9,0,0,0,1,0,1,1,0,0,0
2022-11-12,BREAD,CnR,6,0,6,5,0,1,0,0,0,0,0,0,0,0
2022-11-12,BREAD,RW,6,0,6,4,0,2,0,0,0,0,0,0,0,0
2022-11-12,BREAD,Monkey,2,0,2,0,0,2,0,6,0,6,6,0,0,0
2022-11-12,BREAD,CB,6,0,6,2,0,4,0,2,0,2,2,0,0,0
2022-11-12,BREAD,CrO,12,0,12,6,0,6,0,2,0,2,0,0,0,0
2022-11-12,BREAD,POP,2,0,2,2,0,0,0,0,0,0,0,0,0,0
2022-11-12,BREAD,PUMA,0,0,0,0,0,0,0,0,0,0,0,0,0,0
2022-11-12,BREAD,WREATH,0,0,0,0,0,0,0,0,0,0,0,0,0,0
2022-11-12,BREAD,VS,2,0,2,2,0,0,0,0,0,0,0,0,0,0
2022-11-12,BREAD,sour-TL,14,0,14,9,0,5,0,0,0,0,0,0,0,0
2022-11-12,BREAD,OB,6,0,6,4,0,2,0,0,0,0,0,0,0,0
2022-11-12,BREAD,STUF,15,0,15,3,0,12,0,0,0,0,0,0,0,0
2022-11-12,BREAD,CAR,20,0,20,2,0,0,18,0,0,0,0,0,0,0
2022-11-12,BREAD,IHF,3,0,3,-3,0,6,0,0,0,0,0,0,0,0
2022-11-12,BREAD,Turkey,7,0,7,7,0,0,0,0,0,0,0,0,0,0
2022-11-12,BREAD,CrO-Rls,0,0,0,-3,0,3,0,0,0,0,0,0,0,0
2022-11-12,BREAD,BUT-Rls,11,0,11,11,0,0,0,0,0,0,0,0,0,0
2022-11-12,BREAD,H-RLS,4,0,4,4,0,0,0,0,0,0,0,0,0,0
2022-11-12,BREAD,FR-RLS,0,0,0,0,0,0,0,0,0,0,0,0,0,0
2022-11-12,BREAD,VS-RLS,0,0,0,0,0,0,0,0,0,0,0,0,0,0
2022-11-12,BREAD,Blue Stru,3,0,3,3,0,0,0,0,0,0,0,0,0,0
2022-11-12,BREAD,Pump CC,0,6,6,3,3,0,0,0,0,0,0,0,0,0
2022-11-12,BREAD,Pump Cr,2,0,2,0,0,2,0,0,0,0,0,0,0,0
2022-11-12,BREAD,Capp Choc,3,0,3,3,0,0,0,0,0,0,0,0,0,0
2022-11-12,ROLLS,C-Rolls,0,36,36,36,0,0,0,0,0,0,0,0,0,0
2022-11-12,ROLLS,Pump C-R,0,12,12,12,0,0,0,0,0,0,0,0,0,0
2022-11-12,ROLLS,Mini C-Roll,0,0,0,0,0,0,0,0,0,0,0,0,0,0
2022-11-12,SCONES,Blueberry,0,17,17,11,6,0,0,0,3,3,0,0,0,0
2022-11-12,SCONES,Apple Cran,0,0,0,0,0,0,0,0,0,0,0,0,0,0
2022-11-12,SCONES,Cherry,0,0,0,0,0,0,0,0,0,0,0,0,0,0
2022-11-12,SCONES,Butt Almond,0,19,19,9,6,4,0,0,3,3,0,0,0,0
2022-11-12,SCONES,Turtle,0,0,0,0,0,0,0,0,0,0,0,0,0,0
2022-11-12,SCONES,Cin Chip,0,0,0,0,0,0,0,0,0,0,0,0,0,0
2022-11-12,SCONES,Pumpkin,0,10,10,5,0,5,0,0,2,2,2,0,0,0
2022-11-12,SCONES,FRUIT BAR,0,0,0,0,0,0,0,0,0,0,0,0,0,0
2022-11-12,SCONES,mixed berry,0,5,5,2,1,2,0,0,0,0,0,0,0,0
2022-11-12,SCONES,cherry,0,5,5,4,1,0,0,0,0,0,0,0,0,0
2022-11-12,SCONES,apple cin,0,5,5,0,1,4,0,0,0,0,0,0,0,0
2022-11-12,SCONES,Apple Cran,0,5,5,1,1,3,0,0,0,0,0,0,0,0
2022-11-12,MUFFINS,Blue Stru,0,5,5,4,0,1,0,0,5,5,0,0,0,0
2022-11-12,MUFFINS,Pump CC,0,5,5,3,0,2,0,0,0,0,0,0,0,0
2022-11-12,MUFFINS,Pump Cr,0,3,3,1,0,2,0,0,0,0,0,0,0,0
2022-11-12,MUFFINS,Capp Choc,0,4,4,4,0,0,0,0,5,5,0,0,0,0
2022-11-12,COOKIES/BARS,oat cc,20,12,32,9,13,10,0,0,0,0,0,0,0,0
2022-11-12,COOKIES/BARS,triple cc,6,18,24,10,8,6,0,0,0,0,0,0,0,0
2022-11-12,COOKIES/BARS,snicker,18,6,24,8,8,8,0,0,0,0,0,0,0,0
2022-11-12,COOKIES/BARS,frosted,0,12,12,5,0,0,7,0,0,0,0,0,0,0
2022-11-12,COOKIES/BARS,Pump,10,0,10,1,0,0,9,0,0,0,0,0,0,0
2022-11-12,COOKIES/BARS,Pecan,4,0,4,2,0,0,2,0,0,0,0,0,0,0
2022-11-12,COOKIES/BARS,App,3,0,3,1,0,0,2,0,0,0,0,0,0,0
2022-11-12,COOKIES/BARS,AppCran,2,0,2,1,0,0,1,0,0,0,0,0,0,0
2022-11-12,COOKIES/BARS,Brown,11,20,31,4,0,4,23,0,0,0,0,0,0,0
2022-11-12,COOKIES/BARS,Pump,11,20,31,15,0,2,14,0,0,0,0,0,0,0
2022-11-12,COOKIES/BARS,Pump Ohhh,2,0,2,2,0,0,0,0,0,0,0,0,0,0
2022-11-12,COOKIES/BARS,Bread Pudding,0,0,0,0,0,0,0,0,0,0,0,0,0,0
2022-11-12,COOKIES/BARS,Totals,70,199,269,132,45,51,41,17,38,55,18,0,0,17
2022-11-13,BREAD,H,0,0,0,0,0,0,0,0,0,0,0,0,0,0
2022-11-13,BREAD,FR,0,0,0,0,0,0,0,0,0,0,0,0,0,0
2022-11-13,BREAD,GW,0,0,0,0,0,0,0,0,0,0,0,0,0,0
2022-11-13,BREAD,DK,0,0,0,0,0,0,0,0,0,0,0,0,0,0
2022-11-13,BREAD,H5,0,0,0,0,0,0,0,0,0,0,0,0,0,0
2022-11-13,BREAD,CSWRL,0,0,0,0,0,0,0,0,0,0,0,0,0,0
2022-11-13,BREAD,Pump Sw,0,0,0,0,0,0,0,0,0,0,0,0,0,0
2022-11-13,BREAD,CnE,0,0,0,0,0,0,0,0,0,0,0,0,0,0
2022-11-13,BREAD,CnR,0,0,0,0,0,0,0,0,0,0,0,0,0,0
2022-11-13,BREAD,RW,0,0,0,0,0,0,0,0,0,0,0,0,0,0
2022-11-13,BREAD,Monkey,0,0,0,0,0,0,0,0,0,0,0,0,0,0
2022-11-13,BREAD,CB,0,0,0,0,0,0,0,0,0,0,0,0,0,0
2022-11-13,BREAD,CrO,0,0,0,0,0,0,0,0,0,0,0,0,0,0
2022-11-13,BREAD,POP,0,0,0,0,0,0,0,0,0,0,0,0,0,0
2022-11-13,BREAD,PUMA,0,0,0,0,0,0,0,0,0,0,0,0,0,0
2022-11-13,BREAD,WREATH,0,0,0,0,0,0,0,0,0,0,0,0,0,0
2022-11-13,BREAD,VS,0,0,0,0,0,0,0,0,0,0,0,0,0,0
2022-11-13,BREAD,sour-TL,0,0,0,0,0,0,0,0,0,0,0,0,0,0
2022-11-13,BREAD,OB,0,0,0,0,0,0,0,0,0,0,0,0,0,0
2022-11-13,BREAD,STUF,0,0,0,0,0,0,0,0,0,0,0,0,0,0
2022-11-13,BREAD,CAR,18,0,18,0,0,0,18,0,0,0,0,0,0,0
2022-11-13,BREAD,IHF,0,0,0,0,0,0,0,0,0,0,0,0,0,0
2022-11-13,BREAD,Turkey,0,0,0,0,0,0,0,0,0,0,0,0,0,0
2022-11-13,BREAD,CrO-Rls,0,0,0,0,0,0,0,0,0,0,0,0,0,0
2022-11-13,BREAD,BUT-Rls,0,0,0,0,0,0,0,0,0,0,0,0,0,0
2022-11-13,BREAD,H-RLS,0,0,0,0,0,0,0,0,0,0,0,0,0,0
2022-11-13,BREAD,FR-RLS,0,0,0,0,0,0,0,0,0,0,0,0,0,0
2022-11-13,BREAD,VS-RLS,0,0,0,0,0,0,0,0,0,0,0,0,0,0
2022-11-13,BREAD,Blue Stru,0,0,0,0,0,0,0,0,0,0,0,0,0,0
2022-11-13,BREAD,Pump CC,0,0,0,0,0,0,0,0,0,0,0,0,0,0
2022-11-13,BREAD,Pump Cr,0,0,0,0,0,0,0,0,0,0,0,0,0,0
2022-11-13,BREAD,Capp Choc,0,0,0,0,0,0,0,0,0,0,0,0,0,0
2022-11-13,ROLLS,C-Rolls,0,0,0,0,0,0,0,0,0,0,0,0,0,0
2022-11-13,ROLLS,Pump C-R,0,0,0,0,0,0,0,0,0,0,0,0,0,0
2022-11-13,ROLLS,Mini C-Roll,0,0,0,0,0,0,0,0,0,0,0,0,0,0
2022-11-13,SCONES,Blueberry,0,0,0,0,0,0,0,0,0,0,0,0,0,0
2022-11-13,SCONES,Apple Cran,0,0,0,0,0,0,0,0,0,0,0,0,0,0
2022-11-13,SCONES,Cherry,0,0,0,0,0,0,0,0,0,0,0,0,0,0
2022-11-13,SCONES,Butt Almond,0,0,0,-4,0,4,0,0,0,0,0,0,0,0
2022-11-13,SCONES,Turtle,0,0,0,0,0,0,0,0,0,0,0,0,0,0
2022-11-13,SCONES,Cin Chip,0,0,0,0,0,0,0,0,0,0,0,0,0,0
2022-11-13,SCONES,Pumpkin,0,0,0,-5,0,5,0,0,0,0,0,0,0,0
2022-11-13,SCONES,FRUIT BAR,0,0,0,0,0,0,0,0,0,0,0,0,0,0
2022-11-13,SCONES,mixed berry,0,0,0,-2,0,2,0,0,0,0,0,0,0,0
2022-11-13,SCONES,cherry,0,0,0,0,0,0,0,0,0,0,0,0,0,0
2022-11-13,SCONES,apple cin,0,0,0,-4,0,4,0,0,0,0,0,0,0,0
2022-11-13,SCONES,Apple Cran,0,0,0,-3,0,3,0,0,0,0,0,0,0,0
2022-11-13,MUFFINS,Blue Stru,0,0,0,-1,0,1,0,0,0,0,0,0,0,0
2022-11-13,MUFFINS,Pump CC,0,0,0,-2,0,2,0,0,0,0,0,0,0,0
2022-11-13,MUFFINS,Pump Cr,0,0,0,-2,0,2,0,0,0,0,0,0,0,0
2022-11-13,MUFFINS,Capp Choc,0,0,0,0,0,0,0,0,0,0,0,0,0,0
2022-11-13,COOKIES/BARS,oat cc,0,0,0,-10,0,10,0,0,0,0,0,0,0,0
2022-11-13,COOKIES/BARS,triple cc,0,0,0,-6,0,6,0,0,0,0,0,0,0,0
2022-11-13,COOKIES/BARS,snicker,0,0,0,-8,0,8,0,0,0,0,0,0,0,0
2022-11-13,COOKIES/BARS,frosted,7,0,7,0,0,0,7,0,0,0,0,0,0,0
2022-11-13,COOKIES/BARS,Pump,9,0,9,0,0,0,9,0,0,0,0,0,0,0
2022-11-13,COOKIES/BARS,Pecan,2,0,2,0,0,0,2,0,0,0,0,0,0,0
2022-11-13,COOKIES/BARS,App,2,0,2,0,0,0,2,0,0,0,0,0,0,0
2022-11-13,COOKIES/BARS,AppCran,1,0,1,0,0,0,1,0,0,0,0,0,0,0
2022-11-13,COOKIES/BARS,Brown,23,0,23,-4,0,4,23,0,0,0,0,0,0,0
2022-11-13,COOKIES/BARS,Pump,14,0,14,-2,0,2,14,0,0,0,0,0,0,0
2022-11-13,COOKIES/BARS,Pump Ohhh,0,0,0,0,0,0,0,0,0,0,0,0,0,0
2022-11-13,COOKIES/BARS,Bread Pudding,0,0,0,0,0,0,0,0,0,0,0,0,0,0
2022-11-13,COOKIES/BARS,Totals,41,0,41,-51,0,51,41,17,0,17,-2,0,0,17
2022-11-14,BREAD,H,0,58,58,11,42,0,5,0,0,0,0,0,0,0
2022-11-14,BREAD,FR,0,53,53,10,30,0,13,0,0,0,0,0,0,0
2022-11-14,BREAD,GW,0,4,4,4,0,0,0,0,0,0,0,0,0,0
2022-11-14,BREAD,DK,0,16,16,6,0,0,10,0,0,0,0,0,0,0
2022-11-14,BREAD,H5,0,0,0,0,0,0,0,0,0,0,0,0,0,0
2022-11-14,BREAD,CSWRL,0,16,16,8,0,0,8,0,5,5,5,0,0,0
2022-11-14,BREAD,Pump Sw,0,8,8,1,0,0,7,0,4,4,4,0,0,0
2022-11-14,BREAD,CnE,0,10,10,1,0,0,9,0,3,3,1,0,0,2
2022-11-14,BREAD,CnR,0,4,4,1,0,0,3,0,0,0,0,0,0,0
2022-11-14,BREAD,RW,0,4,4,3,0,0,1,0,0,0,0,0,0,0
2022-11-14,BREAD,Monkey,0,2,2,0,0,0,2,0,10,10,2,0,0,8
2022-11-14,BREAD,CB,0,0,0,0,0,0,0,0,0,0,0,0,0,0
2022-11-14,BREAD,CrO,0,0,0,0,0,0,0,0,0,0,0,0,0,0
2022-11-14,BREAD,POP,0,13,13,9,0,0,4,0,4,4,4,0,0,0
2022-11-14,BREAD,PUMA,0,2,2,0,0,0,2,0,8,8,5,0,0,3
2022-11-14,BREAD,WREATH,0,0,0,0,0,0,0,0,0,0,0,0,0,0
2022-11-14,BREAD,VS,0,0,0,0,0,0,0,0,0,0,0,0,0,0
2022-11-14,BREAD,sour-TL,0,30,30,4,18,0,8,0,0,0,0,0,0,0
2022-11-14,BREAD,OB,0,6,6,3,0,0,3,0,0,0,0,0,0,0
2022-11-14,BREAD,STUF,0,0,0,-6,0,0,6,0,0,0,0,0,0,0
2022-11-14,BREAD,CAR,18,0,18,-1,0,0,19,0,0,0,0,0,0,0
2022-11-14,BREAD,IHF,0,0,0,0,0,0,0,0,0,0,0,0,0,0
2022-11-14,BREAD,Turkey,0,3,3,0,0,0,3,0,0,0,0,0,0,0
2022-11-14,BREAD,CrO-Rls,0,0,0,0,0,0,0,0,0,0,0,0,0,0
2022-11-14,BREAD,BUT-Rls,0,0,0,0,0,0,0,0,0,0,0,0,0,0
2022-11-14,BREAD,H-RLS,0,4,4,1,0,0,3,0,0,0,0,0,0,0
2022-11-14,BREAD,FR-RLS,0,4,4,4,0,0,0,0,0,0,0,0,0,0
2022-11-14,BREAD,VS-RLS,0,0,0,0,0,0,0,0,0,0,0,0,0,0
2022-11-14,BREAD,Blue Stru,0,4,4,4,0,0,0,0,0,0,0,0,0,0
2022-11-14,BREAD,Pump CC,0,6,6,4,2,0,0,0,0,0,0,0,0,0
2022-11-14,BREAD,Pump Cr,0,3,3,1,0,0,2,0,0,0,0,0,0,0
2022-11-14,BREAD,Capp Choc,0,5,5,4,1,0,0,0,0,0,0,0,0,0
2022-11-14,ROLLS,C-Rolls,0,24,24,24,0,0,0,0,0,0,0,0,0,0
2022-11-14,ROLLS,Pump C-R,0,12,12,4,0,8,0,0,0,0,0,0,0,0
2022-11-14,ROLLS,Mini C-Roll,0,0,0,0,0,0,0,0,0,0,0,0,0,0
2022-11-14,SCONES,Blueberry,0,0,0,0,0,0,0,0,0,0,0,0,0,0
2022-11-14,SCONES,Apple Cran,0,9,9,9,0,0,0,0,3,3,0,0,0,0
2022-11-14,SCONES,Cherry,0,0,0,0,0,0,0,0,0,0,0,0,0,0
2022-11-14,SCONES,Butt Almond,0,0,0,0,0,0,0,0,0,0,0,0,0,0
2022-11-14,SCONES,Turtle,0,0,0,0,0,0,0,0,0,0,0,0,0,0
2022-11-14,SCONES,Cin Chip,0,9,9,9,0,0,0,0,3,3,0,0,0,0
2022-11-14,SCONES,Pumpkin,0,8,8,4,0,4,0,0,2,2,0,0,0,0
2022-11-14,SCONES,FRUIT BAR,0,0,0,0,0,0,0,0,0,0,0,0,0,0
2022-11-14,SCONES,mixed berry,0,5,5,2,3,0,0,0,0,0,0,0,0,0
2022-11-14,SCONES,cherry,0,5,5,2,3,0,0,0,0,0,0,0,0,0
2022-11-14,SCONES,apple cin,0,0,0,0,0,0,0,0,0,0,0,0,0,0
2022-11-14,SCONES,Apple Cran,0,0,0,0,0,0,0,0,0,0,0,0,0,0
2022-11-14,MUFFINS,Blue Stru,0,3,3,3,0,0,0,0,4,4,0,0,0,0
2022-11-14,MUFFINS,Pump CC,0,3,3,3,0,0,0,0,0,0,0,0,0,0
2022-11-14,MUFFINS,Pump Cr,0,2,2,2,0,0,0,0,0,0,0,0,0,0
2022-11-14,MUFFINS,Capp Choc,0,3,3,1,0,2,0,0,4,4,0,0,0,0
2022-11-14,COOKIES/BARS,oat cc,0,42,42,23,13,0,6,0,2,2,0,0,0,0
2022-11-14,COOKIES/BARS,triple cc,0,42,42,17,13,0,12,0,4,4,0,0,0,0
2022-11-14,COOKIES/BARS,snicker,0,48,48,20,14,0,14,0,4,4,0,0,0,0
2022-11-14,COOKIES/BARS,frosted,7,6,13,2,0,5,6,0,0,0,0,0,0,0
2022-11-14,COOKIES/BARS,Pump,9,0,9,0,0,0,9,0,0,0,0,0,0,0
2022-11-14,COOKIES/BARS,Pecan,2,0,2,0,0,0,2,0,0,0,0,0,0,0
2022-11-14,COOKIES/BARS,App,2,0,2,0,0,0,2,0,0,0,0,0,0,0
2022-11-14,COOKIES/BARS,AppCran,1,0,1,0,0,0,1,0,0,0,0,0,0,0
2022-11-14,COOKIES/BARS,Brown,23,0,23,6,1,0,16,0,0,0,0,0,0,0
2022-11-14,COOKIES/BARS,Pump,14,40,54,5,22,0,27,0,0,0,0,0,0,0
2022-11-14,COOKIES/BARS,Pump Ohhh,0,0,0,0,0,0,0,0,0,0,0,0,0,0
2022-11-14,COOKIES/BARS,Bread Pudding,0,0,0,0,0,0,0,0,0,0,0,0,0,0
2022-11-14,COOKIES/BARS,Totals,41,221,262,131,47,19,65,17,66,83,5,0,0,30
2022-11-15,BREAD,H,5,43,48,-3,45,0,6,0,0,0,0,0,0,0
2022-11-15,BREAD,FR,13,14,27,14,0,0,13,0,0,0,0,0,0,0
2022-11-15,BREAD,GW,0,8,8,6,0,0,2,0,0,0,0,0,0,0
2022-11-15,BREAD,DK,10,0,10,4,0,0,6,0,0,0,0,0,0,0
2022-11-15,BREAD,H5,0,13,13,7,0,0,6,0,0,0,0,0,0,0
2022-11-15,BREAD,CSWRL,8,8,16,6,1,5,4,0,6,6,2,0,0,4
2022-11-15,BREAD,Pump Sw,7,0,7,1,0,6,0,0,4,4,0,0,0,4
2022-11-15,BREAD,CnE,9,0,9,4,0,5,0,2,0,2,1,0,0,0
2022-11-15,BREAD,CnR,3,0,3,3,0,0,0,0,0,0,0,0,0,0
2022-11-15,BREAD,RW,1,0,1,1,0,0,0,0,0,0,0,0,0,0
2022-11-15,BREAD,Monkey,2,0,2,1,0,1,0,8,0,8,6,0,0,0
2022-11-15,BREAD,CB,0,14,14,6,0,0,8,0,6,6,3,0,0,3
2022-11-15,BREAD,CrO,0,15,15,2,2,0,11,0,4,4,-1,0,0,5
2022-11-15,BREAD,POP,4,0,4,3,0,1,0,0,0,0,0,0,0,0
2022-11-15,BREAD,PUMA,2,0,2,1,0,1,0,3,0,3,1,0,0,0
2022-11-15,BREAD,WREATH,0,0,0,0,0,0,0,0,0,0,0,0,0,0
2022-11-15,BREAD,VS,0,10,10,7,0,0,3,0,2,2,0,0,0,2
2022-11-15,BREAD,sour-TL,8,0,8,6,0,2,0,0,0,0,0,0,0,0
2022-11-15,BREAD,OB,3,0,3,2,0,1,0,0,0,0,0,0,0,0
2022-11-15,BREAD,STUF,6,0,6,6,0,0,0,0,0,0,0,0,0,0
2022-11-15,BREAD,dried stuf,0,0,0,-6,0,0,6,0,0,0,0,0,0,0
2022-11-15,BREAD,CAR,19,0,19,2,0,0,17,0,0,0,0,0,0,0
2022-11-15,BREAD,IHF,0,25,25,2,0,0,23,0,0,0,0,0,0,0
2022-11-15,BREAD,Turkey,3,0,3,0,0,3,0,0,0,0,0,0,0,0
2022-11-15,BREAD,CrO-Rls,0,0,0,0,0,0,0,0,0,0,0,0,0,0
2022-11-15,BREAD,BUT-Rls,0,0,0,0,0,0,0,0,0,0,0,0,0,0
2022-11-15,BREAD,H-RLS,3,0,3,1,0,2,0,0,0,0,0,0,0,0
2022-11-15,BREAD,FR-RLS,0,3,3,3,0,0,0,0,0,0,0,0,0,0
2022-11-15,BREAD,VS-RLS,0,4,4,2,0,0,2,0,0,0,0,0,0,0
2022-11-15,BREAD,Blue Stru,0,6,6,3,2,0,1,0,0,0,0,0,0,0
2022-11-15,BREAD,Pump CC,0,4,4,2,0,1,1,0,0,0,0,0,0,0
2022-11-15,BREAD,Pump Cr,2,3,5,2,2,0,1,0,0,0,0,0,0,0
2022-11-15,BREAD,Capp Choc,0,5,5,0,2,0,3,0,0,0,0,0,0,0
2022-11-15,ROLLS,C-Rolls,0,24,24,12,0,12,0,0,0,0,0,0,0,0
2022-11-15,ROLLS,Pump C-R,0,12,12,4,0,8,0,0,0,0,0,0,0,0
2022-11-15,ROLLS,Mini C-Roll,0,48,48,0,48,0,0,0,0,0,0,0,0,0
2022-11-15,SCONES,Blueberry,0,11,11,10,0,1,0,0,9,9,0,0,0,0
2022-11-15,SCONES,Apple Cran,0,0,0,0,0,0,0,0,0,0,0,0,0,0
2022-11-15,SCONES,Cherry,0,0,0,0,0,0,0,0,0,0,0,0,0,0
2022-11-15,SCONES,Butt Almond,0,0,0,0,0,0,0,0,0,0,0,0,0,0
2022-11-15,SCONES,Turtle,0,0,0,0,0,0,0,0,0,0,0,0,0,0
2022-11-15,SCONES,Cin Chip,0,10,10,7,0,3,0,0,9,9,0,0,0,0
2022-11-15,SCONES,Pumpkin,0,8,8,8,0,0,0,0,0,0,0,0,0,0
2022-11-15,SCONES,FRUIT BAR,0,0,0,0,0,0,0,0,0,0,0,0,0,0
2022-11-15,SCONES,mixed berry,0,5,5,2,3,0,0,0,0,0,0,0,0,0
2022-11-15,SCONES,cherry,0,5,5,2,3,0,0,0,0,0,0,0,0,0
2022-11-15,SCONES,apple cin,0,5,5,2,3,0,0,0,0,0,0,0,0,0
2022-11-15,SCONES,Apple Cran,0,5,5,1,4,0,0,0,0,0,0,0,0,0
2022-11-15,MUFFINS,Blue Stru,0,4,4,2,0,2,0,0,0,0,0,0,0,0
2022-11-15,MUFFINS,Pump CC,0,4,4,4,0,0,0,0,9,9,0,0,0,0
2022-11-15,MUFFINS,Pump Cr,0,3,3,3,0,0,0,0,0,0,0,0,0,0
2022-11-15,MUFFINS,Capp Choc,0,3,3,3,0,0,0,0,9,9,0,0,0,0
2022-11-15,COOKIES/BARS,oat cc,6,36,42,5,11,0,26,0,20,20,0,0,0,0
2022-11-15,COOKIES/BARS,triple cc,12,30,42,19,11,0,12,0,20,20,0,0,0,0
2022-11-15,COOKIES/BARS,snicker,14,30,44,14,12,12,6,0,20,20,0,0,0,0
2022-11-15,COOKIES/BARS,frosted,6,12,18,5,0,0,13,0,0,0,0,0,0,0
2022-11-15,COOKIES/BARS,Pump,9,0,9,0,0,9,0,0,0,0,0,0,0,0
2022-11-15,COOKIES/BARS,Pecan,2,0,2,1,0,1,0,0,0,0,0,0,0,0
2022-11-15,COOKIES/BARS,App,2,0,2,0,0,2,0,0,0,0,0,0,0,0
2022-11-15,COOKIES/BARS,AppCran,1,0,1,0,0,1,0,0,0,0,0,0,0,0
2022-11-15,COOKIES/BARS,Brown,16,20,36,8,15,0,13,0,0,0,0,0,0,0
2022-11-15,COOKIES/BARS,Pump,27,20,47,7,15,0,25,0,0,0,0,0,0,0
2022-11-15,COOKIES/BARS,Pump Ohhh,0,0,0,0,0,0,0,0,0,0,0,0,0,0
2022-11-15,COOKIES/BARS,Bread Pudding,0,0,0,0,0,0,0,0,0,0,0,0,0,0
2022-11-15,COOKIES/BARS,Totals,65,275,340,111,110,49,70,30,116,146,8,0,0,25
2022-11-16,BREAD,H,6,45,51,10,30,0,11,0,0,0,0,0,0,0
2022-11-16,BREAD,FR,13,14,27,23,0,0,4,0,0,0,0,0,0,0
2022-11-16,BREAD,GW,2,8,10,8,0,0,2,0,0,0,0,0,0,0
2022-11-16,BREAD,DK,6,15,21,10,1,0,10,0,0,0,0,0,0,0
2022-11-16,BREAD,H5,6,0,6,2,0,0,4,0,0,0,0,0,0,0
2022-11-16,BREAD,CSWRL,4,12,16,16,0,0,0,4,4,8,3,0,0,4
2022-11-16,BREAD,Pump Sw,0,4,4,4,0,0,0,4,3,7,0,0,0,3
2022-11-16,BREAD,CnE,0,9,9,3,0,0,6,0,3,3,1,0,0,2
2022-11-16,BREAD,CnR,0,12,12,1,6,0,5,0,0,0,0,0,0,0
2022-11-16,BREAD,RW,0,6,6,2,0,0,4,0,0,0,0,0,0,0
2022-11-16,BREAD,Monkey,0,3,3,1,0,0,2,0,9,9,6,0,0,3
2022-11-16,BREAD,CB,8,0,8,4,0,4,0,3,0,3,0,0,0,0
2022-11-16,BREAD,CrO,11,0,11,3,0,8,0,5,0,5,5,0,0,0
2022-11-16,BREAD,POP,0,15,15,6,0,0,9,0,4,4,0,0,0,4
2022-11-16,BREAD,PUMA,0,2,2,2,0,0,0,0,8,8,1,0,0,7
2022-11-16,BREAD,WREATH,0,0,0,0,0,0,0,0,0,0,0,0,0,0
2022-11-16,BREAD,VS,3,0,3,3,0,0,0,2,0,2,0,0,0,0
2022-11-16,BREAD,sour-TL,0,20,20,7,0,0,13,0,0,0,0,0,0,0
2022-11-16,BREAD,OB,0,4,4,1,0,0,3,0,0,0,0,0,0,0
2022-11-16,BREAD,STUF,0,0,0,0,0,0,0,0,0,0,0,0,0,0
2022-11-16,BREAD,Dry Stuf,6,0,6,2,0,0,4,0,0,0,0,0,0,0
2022-11-16,BREAD,CAR,17,0,17,1,0,0,16,0,0,0,0,0,0,0
2022-11-16,BREAD,IHF,23,0,23,2,0,0,21,0,0,0,0,0,0,0
2022-11-16,BREAD,Turkey,0,3,3,2,1,0,0,0,0,0,0,0,0,0
2022-11-16,BREAD,CrO-Rls,0,0,0,0,0,0,0,0,0,0,0,0,0,0
2022-11-16,BREAD,BUT-Rls,0,23,23,1,0,0,22,0,0,0,0,0,0,0
2022-11-16,BREAD,H-RLS,0,4,4,3,0,0,1,0,0,0,0,0,0,0
2022-11-16,BREAD,FR-RLS,0,0,0,0,0,0,0,0,0,0,0,0,0,0
2022-11-16,BREAD,VS-RLS,2,0,2,2,0,0,0,0,0,0,0,0,0,0
2022-11-16,BREAD,Blue Stru,1,3,4,4,0,0,0,0,0,0,0,0,0,0
2022-11-16,BREAD,Pump CC,1,4,5,4,1,0,0,0,0,0,0,0,0,0
2022-11-16,BREAD,Pump Cr,1,2,3,3,0,0,0,0,0,0,0,0,0,0
2022-11-16,BREAD,Capp Choc,3,0,3,3,0,0,0,0,0,0,0,0,0,0
2022-11-16,ROLLS,C-Rolls,0,24,24,24,0,0,0,0,0,0,0,0,0,0
2022-11-16,ROLLS,Pump C-R,0,12,12,12,0,0,0,0,0,0,0,0,0,0
2022-11-16,ROLLS,Mini C-Roll,0,0,0,0,0,0,0,0,0,0,0,0,0,0
2022-11-16,SCONES,Blueberry,0,0,0,0,0,0,0,0,0,0,0,0,0,0
2022-11-16,SCONES,Apple Cran,0,9,9,9,0,0,0,0,4,4,0,0,0,0
2022-11-16,SCONES,Cherry,0,0,0,0,0,0,0,0,0,0,0,0,0,0
2022-11-16,SCONES,Butt Almond,0,0,0,0,0,0,0,0,0,0,0,0,0,0
2022-11-16,SCONES,Turtle,0,10,10,8,0,2,0,0,2,2,0,0,0,0
2022-11-16,SCONES,Cin Chip,0,0,0,0,0,0,0,0,0,0,0,0,0,0
2022-11-16,SCONES,Pumpkin,0,8,8,6,0,2,0,0,2,2,0,0,0,0
2022-11-16,SCONES,FRUIT BAR,0,0,0,0,0,0,0,0,0,0,0,0,0,0
2022-11-16,SCONES,mixed berry,0,5,5,1,2,2,0,0,0,0,0,0,0,0
2022-11-16,SCONES,cherry,0,5,5,2,1,2,0,0,0,0,0,0,0,0
2022-11-16,SCONES,apple cin,0,0,0,0,0,0,0,0,0,0,0,0,0,0
2022-11-16,SCONES,Apple Cran,0,0,0,0,0,0,0,0,0,0,0,0,0,0
2022-11-16,MUFFINS,Blue Stru,0,4,4,3,0,1,0,0,2,2,0,0,0,0
2022-11-16,MUFFINS,Pump CC,0,4,4,3,0,1,0,0,0,0,0,0,0,0
2022-11-16,MUFFINS,Pump Cr,0,3,3,3,0,0,0,0,2,2,0,0,0,0
2022-11-16,MUFFINS,Capp Choc,0,3,3,2,0,1,0,0,2,2,0,0,0,0
2022-11-16,COOKIES/BARS,oat cc,26,18,44,5,10,11,18,0,0,0,0,0,0,0
2022-11-16,COOKIES/BARS,triple cc,12,30,42,3,10,0,29,0,0,0,0,0,0,0
2022-11-16,COOKIES/BARS,snicker,6,36,42,0,10,0,32,0,0,0,0,0,0,0
2022-11-16,COOKIES/BARS,frosted,13,0,13,1,0,0,12,0,0,0,0,0,0,0
2022-11-16,COOKIES/BARS,Pump,0,49,49,1,25,0,23,0,0,0,0,0,0,0
2022-11-16,COOKIES/BARS,Pecan,0,5,5,2,0,0,3,0,0,0,0,0,0,0
2022-11-16,COOKIES/BARS,App,0,42,42,0,40,0,2,0,0,0,0,0,0,0
2022-11-16,COOKIES/BARS,AppCran,0,0,0,0,0,0,0,0,0,0,0,0,0,0
2022-11-16,COOKIES/BARS,Brown,13,0,13,3,0,0,10,0,0,0,0,0,0,0
2022-11-16,COOKIES/BARS,Pump,25,0,25,17,0,0,8,0,0,0,0,0,0,0
2022-11-16,COOKIES/BARS,Pump Ohhh,0,24,24,4,0,0,20,0,24,24,1,0,0,23
2022-11-16,COOKIES/BARS,Bread Pudding,0,0,0,0,0,0,0,0,0,0,0,0,0,0
2022-11-16,COOKIES/BARS,Totals,70,286,356,90,98,22,146,25,43,68,20,0,0,34
2022-11-17,BREAD,H,11,49,60,28,0,0,32,0,0,0,0,0,0,0
2022-11-17,BREAD,FR,4,64,68,11,46,0,11,0,0,0,0,0,0,0
2022-11-17,BREAD,GW,2,10,12,4,0,0,8,0,0,0,0,0,0,0
2022-11-17,BREAD,DK,10,0,10,7,0,0,3,0,0,0,0,0,0,0
2022-11-17,BREAD,H5,4,12,16,0,0,2,14,0,0,0,0,0,0,0
2022-11-17,BREAD,CSWRL,0,24,24,14,2,0,8,4,0,4,3,0,0,1
2022-11-17,BREAD,Pump Sw,0,16,16,4,0,0,12,3,0,3,2,0,0,1
2022-11-17,BREAD,CnE,6,0,6,5,0,0,1,2,0,2,2,0,0,0
2022-11-17,BREAD,CnR,5,0,5,3,0,0,2,0,0,0,0,0,0,0
2022-11-17,BREAD,RW,4,0,4,2,0,0,2,0,0,0,0,0,0,0
2022-11-17,BREAD,Monkey,2,0,2,0,0,0,2,3,0,3,3,0,0,0
2022-11-17,BREAD,CB,0,26,26,3,0,0,23,0,9,9,2,0,0,7
2022-11-17,BREAD,CrO,0,0,0,-2,2,0,0,0,0,0,0,0,0,0
2022-11-17,BREAD,POP,9,0,9,5,0,0,4,4,0,4,1,0,0,3
2022-11-17,BREAD,PUMA,0,0,0,0,0,0,0,7,0,7,5,0,0,2
2022-11-17,BREAD,WREATH,0,0,0,0,0,0,0,0,0,0,0,0,0,0
2022-11-17,BREAD,VS,0,12,12,8,4,0,0,0,4,4,0,0,0,4
2022-11-17,BREAD,sour-TL,13,0,13,7,0,0,6,0,0,0,0,0,0,0
2022-11-17,BREAD,OB,3,0,3,2,0,0,1,0,0,0,0,0,0,0
2022-11-17,BREAD,STUF,0,27,27,1,0,0,26,0,0,0,0,0,0,0
2022-11-17,BREAD,jcb,4,19,23,21,0,0,2,0,0,0,0,0,0,0
2022-11-17,BREAD,DRIED STUF,0,0,0,-4,0,0,4,0,0,0,0,0,0,0
2022-11-17,BREAD,CAR,16,0,16,3,0,0,13,0,0,0,0,0,0,0
2022-11-17,BREAD,IHF,21,0,21,6,0,0,15,0,0,0,0,0,0,0
2022-11-17,BREAD,Turkey,0,3,3,2,0,0,1,0,0,0,0,0,0,0
2022-11-17,BREAD,CrO-Rls,0,0,0,0,0,0,0,0,0,0,0,0,0,0
2022-11-17,BREAD,BUT-Rls,22,36,58,15,27,0,16,0,0,0,0,0,0,0
2022-11-17,BREAD,H-RLS,1,17,18,6,9,0,3,0,0,0,0,0,0,0
2022-11-17,BREAD,FR-RLS,0,0,0,0,0,0,0,0,0,0,0,0,0,0
2022-11-17,BREAD,VS-RLS,0,18,18,7,9,0,2,0,0,0,0,0,0,0
2022-11-17,BREAD,Blue Stru,0,4,4,2,0,0,2,0,0,0,0,0,0,0
2022-11-17,BREAD,Pump CC,0,7,7,-1,3,1,4,0,0,0,0,0,0,0
2022-11-17,BREAD,Pump Cr,0,3,3,2,0,0,1,0,0,0,0,0,0,0
2022-11-17,BREAD,Capp Choc,0,3,3,1,0,0,2,0,0,0,0,0,0,0
2022-11-17,ROLLS,C-Rolls,0,24,24,24,0,0,0,0,0,0,0,0,0,0
2022-11-17,ROLLS,Pump C-R,0,12,12,11,0,1,0,0,0,0,0,0,0,0
2022-11-17,ROLLS,Mini C-Roll,0,48,48,0,48,0,0,0,0,0,0,0,0,0
2022-11-17,SCONES,Blueberry,0,13,13,13,0,0,0,0,5,5,0,0,0,0
2022-11-17,SCONES,Apple Cran,0,0,0,0,0,0,0,0,0,0,0,0,0,0
2022-11-17,SCONES,Cherry,0,0,0,0,0,0,0,0,0,0,0,0,0,0
2022-11-17,SCONES,Butt Almond,0,0,0,0,0,0,0,0,0,0,0,0,0,0
2022-11-17,SCONES,Turtle,0,13,13,8,0,5,0,0,5,5,0,0,0,0
2022-11-17,SCONES,Cin Chip,0,0,0,0,0,0,0,0,0,0,0,0,0,0
2022-11-17,SCONES,Pumpkin,0,8,8,7,0,1,0,0,6,6,0,0,0,0
2022-11-17,SCONES,FRUIT BAR,0,0,0,0,0,0,0,0,0,0,0,0,0,0
2022-11-17,SCONES,mixed berry,0,5,5,-2,2,5,0,0,0,0,0,0,0,0
2022-11-17,SCONES,cherry,0,5,5,2,1,2,0,0,0,0,0,0,0,0
2022-11-17,SCONES,apple cin,0,5,5,4,1,0,0,0,0,0,0,0,0,0
2022-11-17,SCONES,Apple Cran,0,5,5,3,2,0,0,0,0,0,0,0,0,0
2022-11-17,MUFFINS,Blue Stru,0,4,4,1,0,3,0,0,6,6,0,0,0,0
2022-11-17,MUFFINS,Pump CC,0,4,4,1,0,3,0,0,0,0,0,0,0,0
2022-11-17,MUFFINS,Pump Cr,0,3,3,1,0,2,0,0,0,0,0,0,0,0
2022-11-17,MUFFINS,Capp Choc,0,3,3,2,0,1,0,0,6,6,0,0,0,0
2022-11-17,COOKIES/BARS,oat cc,18,24,42,26,10,0,6,0,0,0,0,0,0,0
2022-11-17,COOKIES/BARS,triple cc,29,12,41,31,10,0,0,0,0,0,0,0,0,0
2022-11-17,COOKIES/BARS,snicker,32,12,44,28,10,6,0,0,0,0,0,0,0,0
2022-11-17,COOKIES/BARS,frosted,12,6,18,6,0,12,0,0,0,0,0,0,0,0
2022-11-17,COOKIES/BARS,Pump,23,0,23,6,0,0,17,0,0,0,0,0,0,0
2022-11-17,COOKIES/BARS,Pecan,3,0,3,0,0,0,3,0,0,0,0,0,0,0
2022-11-17,COOKIES/BARS,App,2,0,2,2,0,0,0,0,0,0,0,0,0,0
2022-11-17,COOKIES/BARS,AppCran,0,0,0,0,0,0,0,0,0,0,0,0,0,0
2022-11-17,COOKIES/BARS,Brown,10,20,30,7,0,3,20,0,0,0,0,0,0,0
2022-11-17,COOKIES/BARS,Pump,8,20,28,4,0,0,24,0,0,0,0,0,0,0
2022-11-17,COOKIES/BARS,Pump Ohhh,20,0,20,1,0,0,19,23,0,23,0,0,0,23
2022-11-17,COOKIES/BARS,Bread Pudding,0,0,0,0,0,0,0,0,0,0,0,0,0,0
2022-11-17,COOKIES/BARS,Totals,146,226,372,182,84,44,62,34,48,82,4,0,0,50
2022-11-18,BREAD,H,32,31,63,16,17,0,30,0,0,0,0,0,0,0
2022-11-18,BREAD,FR,11,53,64,10,16,0,38,0,0,0,0,0,0,0
2022-11-18,BREAD,GW,8,4,12,5,0,0,7,0,0,0,0,0,0,0
2022-11-18,BREAD,DK,3,16,19,8,4,0,7,0,0,0,0,0,0,0
2022-11-18,BREAD,H5,14,0,14,4,0,0,10,0,0,0,0,0,0,0
2022-11-18,BREAD,CSWRL,8,16,24,8,3,4,9,1,4,5,4,0,0,1
2022-11-18,BREAD,Pump Sw,12,0,12,8,0,4,0,1,4,5,4,0,0,1
2022-11-18,BREAD,CnE,1,15,16,10,3,0,3,0,5,5,0,0,0,5
2022-11-18,BREAD,CnR,2,6,8,3,0,0,5,0,0,0,0,0,0,0
2022-11-18,BREAD,RW,2,0,2,-8,5,0,5,0,0,0,0,0,0,0
2022-11-18,BREAD,Monkey,2,4,6,2,0,0,4,0,13,13,2,0,0,11
2022-11-18,BREAD,CB,23,0,23,6,0,0,17,7,0,7,1,0,0,6
2022-11-18,BREAD,CrO,0,14,14,3,4,0,7,0,4,4,3,0,0,1
2022-11-18,BREAD,POP,4,8,12,7,0,0,5,3,4,7,5,0,0,2
2022-11-18,BREAD,PUMA,0,3,3,2,0,0,1,2,12,14,0,0,0,11
2022-11-18,BREAD,WREATH,0,0,0,0,0,0,0,0,0,0,0,0,0,0
2022-11-18,BREAD,VS,0,13,13,5,0,0,8,4,0,4,4,0,0,0
2022-11-18,BREAD,sour-TL,6,16,22,3,7,0,12,0,0,0,0,0,0,0
2022-11-18,BREAD,OB,1,8,9,3,0,0,6,0,0,0,0,0,0,0
2022-11-18,BREAD,STUF,26,0,26,2,0,0,24,0,0,0,0,0,0,0
2022-11-18,BREAD,jcb,2,0,2,2,0,0,0,0,0,0,0,0,0,0
2022-11-18,BREAD,DRIED STUF,4,0,4,-1,0,0,5,0,0,0,0,0,0,0
2022-11-18,BREAD,CAR,13,0,13,0,0,0,13,0,0,0,0,0,0,0
2022-11-18,BREAD,IHF,15,0,15,3,0,0,12,0,0,0,0,0,0,0
2022-11-18,BREAD,Turkey,1,6,7,4,3,0,0,0,0,0,0,0,0,0
2022-11-18,BREAD,CrO-Rls,0,4,4,1,0,0,3,0,0,0,0,0,0,0
2022-11-18,BREAD,BUT-Rls,16,27,43,11,7,4,21,0,0,0,0,0,0,0
2022-11-18,BREAD,H-RLS,3,6,9,-3,4,3,5,0,0,0,0,0,0,0
2022-11-18,BREAD,FR-RLS,0,0,0,0,0,0,0,0,0,0,0,0,0,0
2022-11-18,BREAD,VS-RLS,2,12,14,9,3,0,2,0,0,0,0,0,0,0
2022-11-18,BREAD,Blue Stru,2,4,6,4,0,0,2,0,0,0,0,0,0,0
2022-11-18,BREAD,Pump CC,4,3,7,2,1,2,2,0,0,0,0,0,0,0
2022-11-18,BREAD,Pump Cr,1,3,4,0,0,0,4,0,0,0,0,0,0,0
2022-11-18,BREAD,Capp Choc,2,3,5,2,0,0,3,0,0,0,0,0,0,0
2022-11-18,ROLLS,C-Rolls,0,60,60,40,14,6,0,0,0,0,0,0,0,0
2022-11-18,ROLLS,Pump C-R,0,24,24,8,10,6,0,0,0,0,0,0,0,0
2022-11-18,ROLLS,Mini C-Roll,0,48,48,0,48,0,0,0,0,0,0,0,0,0
2022-11-18,SCONES,Blueberry,0,0,0,0,0,0,0,0,0,0,0,0,0,0
2022-11-18,SCONES,Apple Cran,0,0,0,0,0,0,0,0,0,0,0,0,0,0
2022-11-18,SCONES,Cherry,0,17,17,10,0,7,0,0,0,0,0,0,0,0
2022-11-18,SCONES,Butt Almond,0,16,16,8,0,8,0,0,0,0,0,0,0,0
2022-11-18,SCONES,Turtle,0,0,0,0,0,0,0,0,0,0,0,0,0,0
2022-11-18,SCONES,Cin Chip,0,0,0,0,0,0,0,0,0,0,0,0,0,0
2022-11-18,SCONES,Pumpkin,0,11,11,2,1,8,0,0,0,0,0,0,0,0
2022-11-18,SCONES,FRUIT BAR,0,0,0,0,0,0,0,0,0,0,0,0,0,0
2022-11-18,SCONES,mixed berry,0,5,5,1,0,4,0,0,0,0,0,0,0,0
2022-11-18,SCONES,cherry,0,5,5,1,0,4,0,0,0,0,0,0,0,0
2022-11-18,SCONES,apple cin,0,5,5,1,0,4,0,0,0,0,0,0,0,0
2022-11-18,SCONES,Apple Cran,0,5,5,2,0,3,0,0,0,0,0,0,0,0
2022-11-18,MUFFINS,Blue Stru,0,5,5,1,0,4,0,0,0,0,0,0,0,0
2022-11-18,MUFFINS,Pump CC,0,5,5,4,0,1,0,0,0,0,0,0,0,0
2022-11-18,MUFFINS,Pump Cr,0,4,4,3,0,1,0,0,0,0,0,0,0,0
2022-11-18,MUFFINS,Capp Choc,0,6,6,2,1,3,0,0,0,0,0,0,0,0
2022-11-18,COOKIES/BARS,oat cc,6,36,42,21,6,0,15,0,0,0,0,0,0,0
2022-11-18,COOKIES/BARS,triple cc,0,42,42,21,7,0,14,0,0,0,0,0,0,0
2022-11-18,COOKIES/BARS,snicker,0,42,42,17,7,0,18,0,0,0,0,0,0,0
2022-11-18,COOKIES/BARS,frosted,0,18,18,1,0,0,17,0,0,0,0,0,0,0
2022-11-18,COOKIES/BARS,Pump,17,0,17,5,1,0,11,0,0,0,0,0,0,0
2022-11-18,COOKIES/BARS,Pecan,3,10,13,3,0,0,10,0,0,0,0,0,0,0
2022-11-18,COOKIES/BARS,App,0,6,6,2,0,0,4,0,0,0,0,0,0,0
2022-11-18,COOKIES/BARS,AppCran,0,6,6,3,0,0,3,0,0,0,0,0,0,0
2022-11-18,COOKIES/BARS,Brown,20,0,20,2,0,8,10,0,0,0,0,0,0,0
2022-11-18,COOKIES/BARS,Pump,24,0,24,4,0,4,16,0,0,0,0,0,0,0
2022-11-18,COOKIES/BARS,Pump Ohhh,19,0,19,5,0,0,14,23,0,23,5,0,0,18
2022-11-18,COOKIES/BARS,Bread Pudding,0,0,0,0,0,0,0,0,0,0,0,0,0,0
2022-11-18,COOKIES/BARS,Totals,62,360,422,157,95,67,103,50,16,66,15,0,0,47
2022-11-19,BREAD,H,30,0,30,14,0,16,0,0,0,0,0,0,0,0
2022-11-19,BREAD,FR,38,0,38,18,0,20,0,0,0,0,0,0,0,0
2022-11-19,BREAD,GW,7,0,7,3,2,2,0,0,0,0,0,0,0,0
2022-11-19,BREAD,DK,7,0,7,5,0,2,0,0,0,0,0,0,0,0
2022-11-19,BREAD,H5,10,0,10,5,0,5,0,0,0,0,0,0,0,0
2022-11-19,BREAD,CSWRL,9,6,15,14,1,0,0,1,4,5,5,0,0,0
2022-11-19,BREAD,Pump Sw,0,8,8,5,0,3,0,1,3,4,3,0,0,0
2022-11-19,BREAD,CnE,3,0,3,3,0,0,0,5,0,5,5,0,0,0
2022-11-19,BREAD,CnR,5,0,5,4,0,1,0,0,0,0,0,0,0,0
2022-11-19,BREAD,RW,5,0,5,5,0,0,0,0,0,0,0,0,0,0
2022-11-19,BREAD,Monkey,4,0,4,4,0,0,0,11,0,11,6,0,0,0
2022-11-19,BREAD,CB,17,0,17,8,0,9,0,6,0,6,1,0,0,0
2022-11-19,BREAD,CrO,7,0,7,2,0,5,0,1,0,1,1,0,0,0
2022-11-19,BREAD,POP,5,0,5,2,0,3,0,2,0,2,1,0,0,0
2022-11-19,BREAD,PUMA,1,0,1,-1,0,2,0,11,0,11,8,0,0,0
2022-11-19,BREAD,WREATH,0,0,0,0,0,0,0,0,0,0,0,0,0,0
2022-11-19,BREAD,VS,8,0,8,4,0,4,0,0,0,0,0,0,0,0
2022-11-19,BREAD,sour-TL,12,0,12,10,0,2,0,0,0,0,0,0,0,0
2022-11-19,BREAD,OB,6,0,6,1,0,5,0,0,0,0,0,0,0,0
2022-11-19,BREAD,STUF,24,0,24,23,0,1,0,0,0,0,0,0,0,0
2022-11-19,BREAD,jcb,0,0,0,0,0,0,0,0,0,0,0,0,0,0
2022-11-19,BREAD,DRIED STUF,5,0,5,5,0,0,0,0,0,0,0,0,0,0
2022-11-19,BREAD,CAR,13,0,13,1,0,0,12,0,0,0,0,0,0,0
2022-11-19,BREAD,IHF,12,0,12,0,0,0,12,0,0,0,0,0,0,0
2022-11-19,BREAD,Turkey,0,0,0,0,0,0,0,0,0,0,0,0,0,0
2022-11-19,BREAD,CrO-Rls,3,0,3,3,0,0,0,0,0,0,0,0,0,0
2022-11-19,BREAD,BUT-Rls,21,0,21,21,0,0,0,0,0,0,0,0,0,0
2022-11-19,BREAD,H-RLS,5,0,5,5,0,0,0,0,0,0,0,0,0,0
2022-11-19,BREAD,FR-RLS,0,0,0,0,0,0,0,0,0,0,0,0,0,0
2022-11-19,BREAD,VS-RLS,2,0,2,2,0,0,0,0,0,0,0,0,0,0
2022-11-19,BREAD,Blue Stru,2,2,4,3,0,1,0,0,0,0,0,0,0,0
2022-11-19,BREAD,Pump CC,2,3,5,2,1,2,0,0,0,0,0,0,0,0
2022-11-19,BREAD,Pump Cr,4,0,4,1,0,3,0,0,0,0,0,0,0,0
2022-11-19,BREAD,Capp Choc,3,0,3,1,0,2,0,0,0,0,0,0,0,0
2022-11-19,ROLLS,C-Rolls,0,48,48,47,0,1,0,0,0,0,0,0,0,0
2022-11-19,ROLLS,Pump C-R,0,24,24,20,0,4,0,0,0,0,0,0,0,0
2022-11-19,ROLLS,Mini C-Roll,0,0,0,0,0,0,0,0,0,0,0,0,0,0
2022-11-19,SCONES,Blueberry,0,0,0,0,0,0,0,0,0,0,0,0,0,0
2022-11-19,SCONES,Apple Cran,0,0,0,0,0,0,0,0,0,0,0,0,0,0
2022-11-19,SCONES,Cherry,0,15,15,15,0,0,0,0,3,3,0,0,0,0
2022-11-19,SCONES,Butt Almond,0,15,15,11,0,4,0,0,3,3,0,0,0,0
2022-11-19,SCONES,Turtle,0,0,0,0,0,0,0,0,0,0,0,0,0,0
2022-11-19,SCONES,Cin Chip,0,0,0,0,0,0,0,0,0,0,0,0,0,0
2022-11-19,SCONES,Pumpkin,0,10,10,5,0,5,0,0,2,2,0,0,0,0
2022-11-19,SCONES,FRUIT BAR,0,0,0,0,0,0,0,0,0,0,0,0,0,0
2022-11-19,SCONES,mixed berry,0,5,5,3,1,1,0,0,0,0,0,0,0,0
2022-11-19,SCONES,cherry,0,5,5,4,1,0,0,0,0,0,0,0,0,0
2022-11-19,SCONES,apple cin,0,5,5,4,0,1,0,0,0,0,0,0,0,0
2022-11-19,SCONES,Apple Cran,0,5,5,2,1,2,0,0,0,0,0,0,0,0
2022-11-19,MUFFINS,Blue Stru,0,6,6,6,0,0,0,0,3,3,0,0,0,0
2022-11-19,MUFFINS,Pump CC,0,6,6,4,0,2,0,0,0,0,0,0,0,0
2022-11-19,MUFFINS,Pump Cr,0,5,5,2,0,3,0,0,0,0,0,0,0,0
2022-11-19,MUFFINS,Capp Choc,0,4,4,4,0,0,0,0,3,3,0,0,0,0
2022-11-19,COOKIES/BARS,oat cc,15,6,21,11,6,4,0,0,24,24,0,0,0,0
2022-11-19,COOKIES/BARS,triple cc,14,6,20,12,6,2,0,0,24,24,0,0,0,0
2022-11-19,COOKIES/BARS,snicker,18,6,24,15,6,3,0,0,24,24,0,0,0,0
2022-11-19,COOKIES/BARS,frosted,17,0,17,8,0,9,0,0,0,0,0,0,0,0
2022-11-19,COOKIES/BARS,Kahuna,0,20,20,0,20,0,0,0,0,0,0,0,0,0
2022-11-19,COOKIES/BARS,Pump,11,0,11,2,0,0,9,0,0,0,0,0,0,0
2022-11-19,COOKIES/BARS,Pecan,10,0,10,8,0,0,2,0,0,0,0,0,0,0
2022-11-19,COOKIES/BARS,App,4,0,4,4,0,0,0,0,0,0,0,0,0,0
2022-11-19,COOKIES/BARS,AppCran,3,0,3,3,0,0,0,0,0,0,0,0,0,0
2022-11-19,COOKIES/BARS,Brown,10,40,50,0,20,22,8,0,0,0,0,0,0,0
2022-11-19,COOKIES/BARS,Pump,16,40,56,6,20,24,6,0,0,0,0,0,0,0
2022-11-19,COOKIES/BARS,Pump Ohhh,14,0,14,8,6,0,0,18,0,18,18,0,0,0
2022-11-19,COOKIES/BARS,Bread Pudding,0,0,0,0,0,0,0,0,0,0,0,0,0,0
2022-11-19,COOKIES/BARS,Totals,103,231,334,187,67,63,17,47,126,173,35,0,0,8
2022-11-20,BREAD,H,0,0,0,0,0,0,0,0,0,0,0,0,0,0
2022-11-20,BREAD,FR,0,0,0,0,0,0,0,0,0,0,0,0,0,0
2022-11-20,BREAD,GW,0,0,0,0,0,0,0,0,0,0,0,0,0,0
2022-11-20,BREAD,DK,0,0,0,0,0,0,0,0,0,0,0,0,0,0
2022-11-20,BREAD,H5,0,0,0,0,0,0,0,0,0,0,0,0,0,0
2022-11-20,BREAD,CSWRL,0,0,0,0,0,0,0,0,0,0,0,0,0,0
2022-11-20,BREAD,Pump Sw,0,0,0,0,0,0,0,0,0,0,0,0,0,0
2022-11-20,BREAD,CnE,0,0,0,0,0,0,0,0,0,0,0,0,0,0
2022-11-20,BREAD,CnR,0,0,0,0,0,0,0,0,0,0,0,0,0,0
2022-11-20,BREAD,RW,0,0,0,0,0,0,0,0,0,0,0,0,0,0
2022-11-20,BREAD,Monkey,0,0,0,0,0,0,0,0,0,0,0,0,0,0
2022-11-20,BREAD,CB,0,0,0,0,0,0,0,0,0,0,0,0,0,0
2022-11-20,BREAD,CrO,0,0,0,0,0,0,0,0,0,0,0,0,0,0
2022-11-20,BREAD,POP,0,0,0,0,0,0,0,0,0,0,0,0,0,0
2022-11-20,BREAD,PUMA,0,0,0,0,0,0,0,0,0,0,0,0,0,0
2022-11-20,BREAD,WREATH,0,0,0,0,0,0,0,0,0,0,0,0,0,0
2022-11-20,BREAD,VS,0,0,0,0,0,0,0,0,0,0,0,0,0,0
2022-11-20,BREAD,sour-TL,0,0,0,0,0,0,0,0,0,0,0,0,0,0
2022-11-20,BREAD,OB,0,0,0,0,0,0,0,0,0,0,0,0,0,0
2022-11-20,BREAD,STUF,0,0,0,0,0,0,0,0,0,0,0,0,0,0
2022-11-20,BREAD,jcb,0,0,0,0,0,0,0,0,0,0,0,0,0,0
2022-11-20,BREAD,DRIED STUF,0,0,0,0,0,0,0,0,0,0,0,0,0,0
2022-11-20,BREAD,CAR,12,0,12,12,0,0,0,0,0,0,0,0,0,0
2022-11-20,BREAD,IHF,12,0,12,12,0,0,0,0,0,0,0,0,0,0
2022-11-20,BREAD,Turkey,0,0,0,0,0,0,0,0,0,0,0,0,0,0
2022-11-20,BREAD,CrO-Rls,0,0,0,0,0,0,0,0,0,0,0,0,0,0
2022-11-20,BREAD,BUT-Rls,0,0,0,0,0,0,0,0,0,0,0,0,0,0
2022-11-20,BREAD,H-RLS,0,0,0,0,0,0,0,0,0,0,0,0,0,0
2022-11-20,BREAD,FR-RLS,0,0,0,0,0,0,0,0,0,0,0,0,0,0
2022-11-20,BREAD,VS-RLS,0,0,0,0,0,0,0,0,0,0,0,0,0,0
2022-11-20,BREAD,Blue Stru,0,0,0,0,0,0,0,0,0,0,0,0,0,0
2022-11-20,BREAD,Pump CC,0,0,0,0,0,0,0,0,0,0,0,0,0,0
2022-11-20,BREAD,Pump Cr,0,0,0,0,0,0,0,0,0,0,0,0,0,0
2022-11-20,BREAD,Capp Choc,0,0,0,0,0,0,0,0,0,0,0,0,0,0
2022-11-20,ROLLS,C-Rolls,0,0,0,0,0,0,0,0,0,0,0,0,0,0
2022-11-20,ROLLS,Pump C-R,0,0,0,0,0,0,0,0,0,0,0,0,0,0
2022-11-20,ROLLS,Mini C-Roll,0,0,0,0,0,0,0,0,0,0,0,0,0,0
2022-11-20,SCONES,Blueberry,0,0,0,0,0,0,0,0,0,0,0,0,0,0
2022-11-20,SCONES,Apple Cran,0,0,0,0,0,0,0,0,0,0,0,0,0,0
2022-11-20,SCONES,Cherry,0,0,0,0,0,0,0,0,0,0,0,0,0,0
2022-11-20,SCONES,Butt Almond,0,0,0,0,0,0,0,0,0,0,0,0,0,0
2022-11-20,SCONES,Turtle,0,0,0,0,0,0,0,0,0,0,0,0,0,0
2022-11-20,SCONES,Cin Chip,0,0,0,0,0,0,0,0,0,0,0,0,0,0
2022-11-20,SCONES,Pumpkin,0,0,0,0,0,0,0,0,0,0,0,0,0,0
2022-11-20,SCONES,FRUIT BAR,0,0,0,0,0,0,0,0,0,0,0,0,0,0
2022-11-20,SCONES,mixed berry,0,0,0,0,0,0,0,0,0,0,0,0,0,0
2022-11-20,SCONES,cherry,0,0,0,0,0,0,0,0,0,0,0,0,0,0
2022-11-20,SCONES,apple cin,0,0,0,0,0,0,0,0,0,0,0,0,0,0
2022-11-20,SCONES,Apple Cran,0,0,0,0,0,0,0,0,0,0,0,0,0,0
2022-11-20,MUFFINS,Blue Stru,0,0,0,0,0,0,0,0,0,0,0,0,0,0
2022-11-20,MUFFINS,Pump CC,0,0,0,0,0,0,0,0,0,0,0,0,0,0
2022-11-20,MUFFINS,Pump Cr,0,0,0,0,0,0,0,0,0,0,0,0,0,0
2022-11-20,MUFFINS,Capp Choc,0,0,0,0,0,0,0,0,0,0,0,0,0,0
2022-11-20,COOKIES/BARS,oat cc,0,0,0,0,0,0,0,0,0,0,0,0,0,0
2022-11-20,COOKIES/BARS,triple cc,0,0,0,0,0,0,0,0,0,0,0,0,0,0
2022-11-20,COOKIES/BARS,snicker,0,0,0,0,0,0,0,0,0,0,0,0,0,0
2022-11-20,COOKIES/BARS,frosted,0,0,0,0,0,0,0,0,0,0,0,0,0,0
2022-11-20,COOKIES/BARS,Pump,9,0,9,9,0,0,0,0,0,0,0,0,0,0
2022-11-20,COOKIES/BARS,Pecan,2,0,2,2,0,0,0,0,0,0,0,0,0,0
2022-11-20,COOKIES/BARS,App,0,0,0,0,0,0,0,0,0,0,0,0,0,0
2022-11-20,COOKIES/BARS,AppCran,0,0,0,0,0,0,0,0,0,0,0,0,0,0
2022-11-20,COOKIES/BARS,Brown,8,0,8,8,0,0,0,0,0,0,0,0,0,0
2022-11-20,COOKIES/BARS,Pump,6,0,6,6,0,0,0,0,0,0,0,0,0,0
2022-11-20,COOKIES/BARS,Pump Ohhh,0,0,0,0,0,0,0,0,0,0,0,0,0,0
2022-11-20,COOKIES/BARS,Bread Pudding,0,0,0,0,0,0,0,0,0,0,0,0,0,0
2022-11-20,COOKIES/BARS,Totals,17,0,17,17,0,0,0,8,0,8,8,0,0,0
2022-11-21,BREAD,H,0,43,43,17,3,0,23,0,0,0,0,0,0,0
2022-11-21,BREAD,FR,0,77,77,10,48,0,19,0,0,0,0,0,0,0
2022-11-21,BREAD,GW,0,14,14,3,8,0,3,0,0,0,0,0,0,0
2022-11-21,BREAD,DK,0,58,58,7,3,0,48,0,0,0,0,0,0,0
2022-11-21,BREAD,H5,0,0,0,0,0,0,0,0,0,0,0,0,0,0
2022-11-21,BREAD,CSWRL,0,20,20,13,0,0,7,0,5,5,2,0,0,3
2022-11-21,BREAD,Pump Sw,0,16,16,6,0,0,10,0,5,5,2,0,0,3
2022-11-21,BREAD,CnE,0,37,37,6,2,0,29,0,4,4,2,0,0,2
2022-11-21,BREAD,CnR,0,0,0,0,0,0,0,0,0,0,0,0,0,0
2022-11-21,BREAD,RW,0,0,0,0,0,0,0,0,0,0,0,0,0,0
2022-11-21,BREAD,Monkey,0,2,2,1,0,0,1,0,10,10,1,0,0,9
2022-11-21,BREAD,CB,0,51,51,8,4,0,39,0,12,12,2,0,0,9
2022-11-21,BREAD,CrO,0,0,0,0,0,0,0,0,0,0,0,0,0,0
2022-11-21,BREAD,POP,0,41,41,5,2,0,34,0,4,4,4,0,0,0
2022-11-21,BREAD,PUMA,0,4,4,1,0,0,3,0,16,16,6,0,0,10
2022-11-21,BREAD,WREATH,0,0,0,0,0,0,0,0,0,0,0,0,0,0
2022-11-21,BREAD,VS,0,0,0,0,0,0,0,0,0,0,0,0,0,0
2022-11-21,BREAD,sour-TL,0,40,40,4,12,0,24,0,0,0,0,0,0,0
2022-11-21,BREAD,OB,0,10,10,4,0,0,6,0,0,0,0,0,0,0
2022-11-21,BREAD,STUF,0,0,0,0,0,0,0,0,0,0,0,0,0,0
2022-11-21,BREAD,DRIED STUF,0,0,0,0,0,0,0,0,0,0,0,0,0,0
2022-11-21,BREAD,CAR,0,0,0,0,0,0,0,0,0,0,0,0,0,0
2022-11-21,BREAD,IHF,0,0,0,0,0,0,0,0,0,0,0,0,0,0
2022-11-21,BREAD,Turkey,0,21,21,8,0,0,13,0,0,0,0,0,0,0
2022-11-21,BREAD,CrO-Rls,0,0,0,0,0,0,0,0,0,0,0,0,0,0
2022-11-21,BREAD,BUT-Rls,0,67,67,19,2,0,46,0,0,0,0,0,0,0
2022-11-21,BREAD,H-RLS,0,24,24,1,4,0,19,0,0,0,0,0,0,0
2022-11-21,BREAD,FR-RLS,0,0,0,0,0,0,0,0,0,0,0,0,0,0
2022-11-21,BREAD,VS-RLS,0,0,0,-4,4,0,0,0,0,0,0,0,0,0
2022-11-21,BREAD,Blue Stru,0,6,6,4,0,0,2,0,0,0,0,0,0,0
2022-11-21,BREAD,Pump CC,0,10,10,6,2,0,2,0,0,0,0,0,0,0
2022-11-21,BREAD,Pump Cr,0,6,6,2,0,0,4,0,0,0,0,0,0,0
2022-11-21,BREAD,Capp Choc,0,5,5,3,0,0,2,0,0,0,0,0,0,0
2022-11-21,ROLLS,C-Rolls,0,48,48,23,8,17,0,0,0,0,0,0,0,0
2022-11-21,ROLLS,Pump C-R,0,24,24,14,8,2,0,0,0,0,0,0,0,0
2022-11-21,ROLLS,Mini C-Roll,0,0,0,0,0,0,0,0,0,0,0,0,0,0
2022-11-21,SCONES,Blueberry,0,0,0,0,0,0,0,0,0,0,0,0,0,0
2022-11-21,SCONES,Apple Cran,0,11,11,11,0,0,0,0,0,0,0,0,0,0
2022-11-21,SCONES,Cherry,0,0,0,0,0,0,0,0,0,0,0,0,0,0
2022-11-21,SCONES,Butt Almond,0,0,0,0,0,0,0,0,0,0,0,0,0,0
2022-11-21,SCONES,Turtle,0,0,0,0,0,0,0,0,0,0,0,0,0,0
2022-11-21,SCONES,Cin Chip,0,11,11,11,0,0,0,0,0,0,0,0,0,0
2022-11-21,SCONES,Pumpkin,0,12,12,6,0,6,0,0,0,0,0,0,0,0
2022-11-21,SCONES,FRUIT BAR,0,0,0,0,0,0,0,0,0,0,0,0,0,0
2022-11-21,SCONES,mixed berry,0,5,5,1,2,2,0,0,0,0,0,0,0,0
2022-11-21,SCONES,cherry,0,5,5,2,2,1,0,0,0,0,0,0,0,0
2022-11-21,SCONES,apple cin,0,5,5,1,2,2,0,0,0,0,0,0,0,0
2022-11-21,SCONES,Apple Cran,0,5,5,1,2,2,0,0,0,0,0,0,0,0
2022-11-21,MUFFINS,Blue Stru,0,4,4,2,0,2,0,0,0,0,0,0,0,0
2022-11-21,MUFFINS,Pump CC,0,5,5,3,0,2,0,0,0,0,0,0,0,0
2022-11-21,MUFFINS,Pump Cr,0,4,4,1,0,3,0,0,0,0,0,0,0,0
2022-11-21,MUFFINS,Capp Choc,0,4,4,2,0,2,0,0,0,0,0,0,0,0
2022-11-21,COOKIES/BARS,oat cc,0,36,36,30,6,0,0,0,10,10,0,0,0,0
2022-11-21,COOKIES/BARS,triple cc,0,42,42,20,7,0,15,0,10,10,0,0,0,0
2022-11-21,COOKIES/BARS,snicker,0,42,42,31,7,0,4,0,12,12,0,0,0,0
2022-11-21,COOKIES/BARS,frosted,0,24,24,5,0,0,19,0,0,0,0,0,0,0
2022-11-21,COOKIES/BARS,Pump,0,74,74,2,61,0,11,0,0,0,0,0,0,0
2022-11-21,COOKIES/BARS,Pecan,0,10,10,2,2,0,6,0,0,0,0,0,0,0
2022-11-21,COOKIES/BARS,App,0,116,116,1,108,0,7,0,0,0,0,0,0,0
2022-11-21,COOKIES/BARS,AppCran,0,10,10,4,1,0,5,0,0,0,0,0,0,0
2022-11-21,COOKIES/BARS,Brown,0,40,40,19,5,0,16,0,0,0,0,0,0,0
2022-11-21,COOKIES/BARS,Pump,0,40,40,23,5,0,12,0,0,0,0,0,0,0
2022-11-21,COOKIES/BARS,Pump Ohhh,0,0,0,0,0,0,0,0,0,0,0,0,0,0
2022-11-21,COOKIES/BARS,Bread Pudding,0,0,0,0,0,0,0,0,0,0,0,0,0,0
2022-11-21,COOKIES/BARS,Totals,0,517,517,186,218,41,72,0,92,92,29,0,0,23
2022-11-22,BREAD,H,23,43,66,21,0,0,45,0,0,0,0,0,0,0
2022-11-22,BREAD,FR,19,58,77,27,31,0,19,0,0,0,0,0,0,0
2022-11-22,BREAD,GW,3,6,9,8,1,0,0,0,0,0,0,0,0,0
2022-11-22,BREAD,DK,48,0,48,17,0,0,31,0,0,0,0,0,0,0
2022-11-22,BREAD,H5,0,0,0,0,0,0,0,0,0,0,0,0,0,0
2022-11-22,BREAD,CSWRL,7,32,39,19,7,0,13,3,14,17,8,0,0,9
2022-11-22,BREAD,Pump Sw,10,8,18,11,0,0,7,3,6,9,6,0,0,3
2022-11-22,BREAD,CnE,29,34,63,28,5,0,30,2,0,2,-4,0,0,6
2022-11-22,BREAD,CnR,0,0,0,0,0,0,0,0,0,0,0,0,0,0
2022-11-22,BREAD,RW,0,0,0,0,0,0,0,0,0,0,0,0,0,0
2022-11-22,BREAD,Monkey,1,2,3,1,2,0,0,9,10,19,7,0,0,10
2022-11-22,BREAD,CB,39,0,39,4,0,0,35,9,0,9,2,0,0,7
2022-11-22,BREAD,CrO,0,38,38,13,7,0,18,0,5,5,1,0,0,2
2022-11-22,BREAD,POP,34,0,34,34,0,0,0,0,0,0,0,0,0,0
2022-11-22,BREAD,PUMA,3,0,3,3,0,0,0,10,0,10,10,0,0,0
2022-11-22,BREAD,WREATH,0,0,0,0,0,0,0,0,0,0,0,0,0,0
2022-11-22,BREAD,VS,0,19,19,7,5,0,7,0,8,8,8,0,0,0
2022-11-22,BREAD,sour-TL,24,0,24,10,0,0,14,0,0,0,0,0,0,0
2022-11-22,BREAD,OB,6,0,6,3,0,0,3,0,0,0,0,0,0,0
2022-11-22,BREAD,STUF,0,31,31,-5,11,0,25,0,0,0,0,0,0,0
2022-11-22,BREAD,jcb,0,0,0,0,0,0,0,0,0,0,0,0,0,0
2022-11-22,BREAD,DRIED STUF,0,0,0,0,0,0,0,0,0,0,0,0,0,0
2022-11-22,BREAD,CAR,0,0,0,0,0,0,0,0,0,0,0,0,0,0
2022-11-22,BREAD,IHF,0,0,0,0,0,0,0,0,0,0,0,0,0,0
2022-11-22,BREAD,Turkey,13,18,31,12,12,0,7,0,0,0,0,0,0,0
2022-11-22,BREAD,CrO-Rls,0,48,48,21,22,0,5,0,0,0,0,0,0,0
2022-11-22,BREAD,BUT-Rls,46,106,152,62,64,0,26,0,0,0,0,0,0,0
2022-11-22,BREAD,H-RLS,19,0,19,-19,29,0,9,0,0,0,0,0,0,0
2022-11-22,BREAD,FR-RLS,0,0,0,0,0,0,0,0,0,0,0,0,0,0
2022-11-22,BREAD,VS-RLS,0,86,86,50,36,0,0,0,0,0,0,0,0,0
2022-11-22,BREAD,Blue Stru,2,4,6,5,1,0,0,0,0,0,0,0,0,0
2022-11-22,BREAD,Pump CC,2,12,14,8,6,0,0,0,0,0,0,0,0,0
2022-11-22,BREAD,Pump Cr,4,8,12,6,6,0,0,0,0,0,0,0,0,0
2022-11-22,BREAD,Capp Choc,2,2,4,3,0,1,0,0,0,0,0,0,0,0
2022-11-22,ROLLS,C-Rolls,0,72,72,72,0,0,0,0,0,0,0,0,0,0
2022-11-22,ROLLS,Pump C-R,0,36,36,32,4,0,0,0,0,0,0,0,0,0
2022-11-22,ROLLS,Mini C-Roll,0,96,96,0,96,0,0,0,0,0,0,0,0,0
2022-11-22,SCONES,Blueberry,0,15,15,15,0,0,0,0,22,22,0,0,0,0
2022-11-22,SCONES,Apple Cran,0,0,0,0,0,0,0,0,0,0,0,0,0,0
2022-11-22,SCONES,Cherry,0,0,0,0,0,0,0,0,0,0,0,0,0,0
2022-11-22,SCONES,Butt Almond,0,0,0,0,0,0,0,0,0,0,0,0,0,0
2022-11-22,SCONES,Turtle,0,0,0,0,0,0,0,0,0,0,0,0,0,0
2022-11-22,SCONES,Cin Chip,0,18,18,14,4,0,0,0,22,22,0,0,0,0
2022-11-22,SCONES,Pumpkin,0,16,16,4,0,12,0,0,20,20,0,0,0,0
2022-11-22,SCONES,FRUIT BAR,0,0,0,0,0,0,0,0,0,0,0,0,0,0
2022-11-22,SCONES,mixed berry,0,10,10,4,6,0,0,0,0,0,0,0,0,0
2022-11-22,SCONES,cherry,0,10,10,4,6,0,0,0,0,0,0,0,0,0
2022-11-22,SCONES,apple cin,0,15,15,7,6,2,0,0,0,0,0,0,0,0
2022-11-22,SCONES,Apple Cran,0,15,15,6,6,3,0,0,0,0,0,0,0,0
2022-11-22,MUFFINS,Blue Stru,0,4,4,2,0,2,0,0,30,30,0,0,0,0
2022-11-22,MUFFINS,Pump CC,0,8,8,3,2,3,0,0,0,0,0,0,0,0
2022-11-22,MUFFINS,Pump Cr,0,8,8,6,2,0,0,0,0,0,0,0,0,0
2022-11-22,MUFFINS,Capp Choc,0,4,4,4,0,0,0,0,30,30,0,0,0,0
2022-11-22,COOKIES/BARS,oat cc,0,36,36,29,4,0,3,0,0,0,0,0,0,0
2022-11-22,COOKIES/BARS,triple cc,15,24,39,19,5,6,9,0,0,0,0,0,0,0
2022-11-22,COOKIES/BARS,snicker,4,36,40,28,5,0,7,0,0,0,0,0,0,0
2022-11-22,COOKIES/BARS,frosted,19,0,19,19,0,0,0,0,0,0,0,0,0,0
2022-11-22,COOKIES/BARS,Pump,11,50,61,18,29,0,14,0,0,0,0,0,0,0
2022-11-22,COOKIES/BARS,Pecan,6,40,46,11,24,0,11,0,0,0,0,0,0,0
2022-11-22,COOKIES/BARS,App,7,0,7,7,0,0,0,0,0,0,0,0,0,0
2022-11-22,COOKIES/BARS,AppCran,5,0,5,5,0,0,0,0,0,0,0,0,0,0
2022-11-22,COOKIES/BARS,Brown,16,20,36,21,0,0,15,0,0,0,0,0,0,0
2022-11-22,COOKIES/BARS,Pump,12,20,32,27,4,0,1,0,0,0,0,0,0,0
2022-11-22,COOKIES/BARS,Pump Ohhh,0,0,0,0,0,0,0,0,0,0,0,0,0,0
2022-11-22,COOKIES/BARS,Bread Pudding,0,0,0,0,0,0,0,0,0,0,0,0,0,0
2022-11-22,COOKIES/BARS,Totals,72,493,565,314,175,28,48,23,184,207,43,0,0,12
2022-11-23,BREAD,H,45,2,47,10,2,35,0,0,0,0,0,0,0,0
2022-11-23,BREAD,FR,19,0,19,17,0,2,0,0,0,0,0,0,0,0
2022-11-23,BREAD,GW,0,13,13,10,0,3,0,0,0,0,0,0,0,0
2022-11-23,BREAD,DK,31,0,31,20,0,11,0,0,0,0,0,0,0,0
2022-11-23,BREAD,H5,0,0,0,0,0,0,0,0,0,0,0,0,0,0
2022-11-23,BREAD,CSWRL,13,36,49,34,8,7,0,9,8,17,11,0,0,0
2022-11-23,BREAD,Pump Sw,7,12,19,14,2,3,0,3,7,10,4,0,0,0
2022-11-23,BREAD,CnE,30,0,30,15,0,15,0,6,0,6,3,0,0,0
2022-11-23,BREAD,CnR,0,0,0,0,0,0,0,0,0,0,0,0,0,0
2022-11-23,BREAD,RW,0,0,0,0,0,0,0,0,0,0,0,0,0,0
2022-11-23,BREAD,Monkey,0,0,0,0,0,0,0,10,0,10,10,0,0,0
2022-11-23,BREAD,CB,35,6,41,41,0,0,0,7,4,11,10,0,0,0
2022-11-23,BREAD,CrO,18,0,18,4,0,14,0,2,0,2,0,0,0,0
2022-11-23,BREAD,POP,0,0,0,-8,0,8,0,0,0,0,0,0,0,0
2022-11-23,BREAD,PUMA,0,0,0,0,0,0,0,0,0,0,0,0,0,0
2022-11-23,BREAD,WREATH,0,0,0,0,0,0,0,0,0,0,0,0,0,0
2022-11-23,BREAD,VS,7,9,16,11,5,0,0,0,7,7,7,0,0,0
2022-11-23,BREAD,sour-TL,14,0,14,10,0,4,0,0,0,0,0,0,0,0
2022-11-23,BREAD,OB,3,0,3,1,0,2,0,0,0,0,0,0,0,0
2022-11-23,BREAD,STUF,25,0,25,4,0,21,0,0,0,0,0,0,0,0
2022-11-23,BREAD,jcb,0,0,0,0,0,0,0,0,0,0,0,0,0,0
2022-11-23,BREAD,DRIED STUF,0,0,0,-5,0,5,0,0,0,0,0,0,0,0
2022-11-23,BREAD,CAR,0,0,0,0,0,0,0,0,0,0,0,0,0,0
2022-11-23,BREAD,IHF,0,0,0,0,0,0,0,0,0,0,0,0,0,0
2022-11-23,BREAD,Turkey,7,24,31,14,17,0,0,0,0,0,0,0,0,0
2022-11-23,BREAD,CrO-Rls,5,24,29,29,0,0,0,0,0,0,0,0,0,0
2022-11-23,BREAD,BUT-Rls,26,130,156,54,102,0,0,0,0,0,0,0,0,0
2022-11-23,BREAD,H-RLS,9,78,87,41,42,4,0,0,0,0,0,0,0,0
2022-11-23,BREAD,FR-RLS,0,0,0,0,0,0,0,0,0,0,0,0,0,0
2022-11-23,BREAD,VS-RLS,0,60,60,21,39,0,0,0,0,0,0,0,0,0
2022-11-23,BREAD,Blue Stru,0,6,6,5,1,0,0,0,0,0,0,0,0,0
2022-11-23,BREAD,Pump CC,0,18,18,8,8,2,0,0,0,0,0,0,0,0
2022-11-23,BREAD,Pump Cr,0,6,6,4,0,2,0,0,0,0,0,0,0,0
2022-11-23,BREAD,Capp Choc,0,2,2,2,0,0,0,0,0,0,0,0,0,0
2022-11-23,ROLLS,C-Rolls,0,168,168,120,29,19,0,0,0,0,0,0,0,0
2022-11-23,ROLLS,Pump C-R,0,48,48,32,7,9,0,0,0,0,0,0,0,0
2022-11-23,ROLLS,Mini C-Roll,0,0,0,-1,0,1,0,0,0,0,0,0,0,0
2022-11-23,SCONES,Blueberry,0,0,0,0,0,0,0,0,0,0,0,0,0,0
2022-11-23,SCONES,Apple Cran,0,17,17,14,0,3,0,0,0,0,0,0,0,0
2022-11-23,SCONES,Cherry,0,0,0,0,0,0,0,0,0,0,0,0,0,0
2022-11-23,SCONES,Butt Almond,0,0,0,0,0,0,0,0,0,0,0,0,0,0
2022-11-23,SCONES,Turtle,0,16,16,15,0,1,0,0,0,0,0,0,0,0
2022-11-23,SCONES,Cin Chip,0,0,0,0,0,0,0,0,0,0,0,0,0,0
2022-11-23,SCONES,Pumpkin,0,22,22,6,10,6,0,0,0,0,0,0,0,0
2022-11-23,SCONES,FRUIT BAR,0,0,0,0,0,0,0,0,0,0,0,0,0,0
2022-11-23,SCONES,mixed berry,0,10,10,6,0,4,0,0,0,0,0,0,0,0
2022-11-23,SCONES,cherry,0,10,10,4,0,6,0,0,0,0,0,0,0,0
2022-11-23,SCONES,apple cin,0,5,5,5,0,0,0,0,0,0,0,0,0,0
2022-11-23,SCONES,Apple Cran,0,5,5,5,0,0,0,0,0,0,0,0,0,0
2022-11-23,MUFFINS,Blue Stru,0,5,5,3,0,2,0,0,0,0,0,0,0,0
2022-11-23,MUFFINS,Pump CC,0,18,18,9,4,5,0,0,0,0,0,0,0,0
2022-11-23,MUFFINS,Pump Cr,0,6,6,2,0,4,0,0,0,0,0,0,0,0
2022-11-23,MUFFINS,Capp Choc,0,7,7,5,2,0,0,0,0,0,0,0,0,0
2022-11-23,COOKIES/BARS,oat cc,3,27,30,12,12,6,0,0,0,0,0,0,0,0
2022-11-23,COOKIES/BARS,triple cc,9,24,33,-4,0,37,0,0,0,0,0,0,0,0
2022-11-23,COOKIES/BARS,snicker,7,101,108,45,0,63,0,0,0,0,0,0,0,0
2022-11-23,COOKIES/BARS,frosted,0,0,0,0,0,0,0,0,0,0,0,0,0,0
2022-11-23,COOKIES/BARS,Pump,14,19,33,22,0,11,0,0,0,0,0,0,0,0
2022-11-23,COOKIES/BARS,Pecan,11,0,11,9,0,2,0,0,0,0,0,0,0,0
2022-11-23,COOKIES/BARS,App,0,29,29,0,17,12,0,0,0,0,0,0,0,0
2022-11-23,COOKIES/BARS,AppCran,0,19,19,-6,20,5,0,0,0,0,0,0,0,0
2022-11-23,COOKIES/BARS,Brown,15,20,35,17,0,18,0,0,0,0,0,0,0,0
2022-11-23,COOKIES/BARS,Pump,1,40,41,25,16,0,0,0,0,0,0,0,0,0
2022-11-23,COOKIES/BARS,Pump Ohhh,0,0,0,0,0,0,0,0,0,0,0,0,0,0
2022-11-23,COOKIES/BARS,Bread Pudding,0,0,0,0,0,0,0,0,0,0,0,0,0,0
2022-11-23,COOKIES/BARS,Totals,48,557,605,317,81,207,0,12,59,71,28,0,0,0
2022-11-24,BREAD,H,0,0,0,0,0,0,0,0,0,0,0,0,0,0
2022-11-24,BREAD,FR,0,0,0,0,0,0,0,0,0,0,0,0,0,0
2022-11-24,BREAD,GW,0,0,0,0,0,0,0,0,0,0,0,0,0,0
2022-11-24,BREAD,DK,0,0,0,0,0,0,0,0,0,0,0,0,0,0
2022-11-24,BREAD,H5,0,0,0,0,0,0,0,0,0,0,0,0,0,0
2022-11-24,BREAD,CSWRL,0,0,0,0,0,0,0,0,0,0,0,0,0,0
2022-11-24,BREAD,Pump Sw,0,0,0,0,0,0,0,0,0,0,0,0,0,0
2022-11-24,BREAD,CnE,0,0,0,0,0,0,0,0,0,0,0,0,0,0
2022-11-24,BREAD,CnR,0,0,0,0,0,0,0,0,0,0,0,0,0,0
2022-11-24,BREAD,RW,0,0,0,0,0,0,0,0,0,0,0,0,0,0
2022-11-24,BREAD,Monkey,0,0,0,0,0,0,0,0,0,0,0,0,0,0
2022-11-24,BREAD,CB,0,0,0,0,0,0,0,0,0,0,0,0,0,0
2022-11-24,BREAD,CrO,0,0,0,0,0,0,0,0,0,0,0,0,0,0
2022-11-24,BREAD,POP,0,0,0,0,0,0,0,0,0,0,0,0,0,0
2022-11-24,BREAD,PUMA,0,0,0,0,0,0,0,0,0,0,0,0,0,0
2022-11-24,BREAD,WREATH,0,0,0,0,0,0,0,0,0,0,0,0,0,0
2022-11-24,BREAD,VS,0,0,0,0,0,0,0,0,0,0,0,0,0,0
2022-11-24,BREAD,sour-TL,0,0,0,0,0,0,0,0,0,0,0,0,0,0
2022-11-24,BREAD,OB,0,0,0,0,0,0,0,0,0,0,0,0,0,0
2022-11-24,BREAD,STUF,0,0,0,0,0,0,0,0,0,0,0,0,0,0
2022-11-24,BREAD,CAR,0,0,0,0,0,0,0,0,0,0,0,0,0,0
2022-11-24,BREAD,IHF,0,0,0,0,0,0,0,0,0,0,0,0,0,0
2022-11-24,BREAD,Turkey,0,0,0,0,0,0,0,0,0,0,0,0,0,0
2022-11-24,BREAD,CrO-Rls,0,0,0,0,0,0,0,0,0,0,0,0,0,0
2022-11-24,BREAD,BUT-Rls,0,0,0,0,0,0,0,0,0,0,0,0,0,0
2022-11-24,BREAD,H-RLS,0,0,0,0,0,0,0,0,0,0,0,0,0,0
2022-11-24,BREAD,FR-RLS,0,0,0,0,0,0,0,0,0,0,0,0,0,0
2022-11-24,BREAD,VS-RLS,0,0,0,0,0,0,0,0,0,0,0,0,0,0
2022-11-24,BREAD,Blue Stru,0,0,0,0,0,0,0,0,0,0,0,0,0,0
2022-11-24,BREAD,Pump CC,0,0,0,0,0,0,0,0,0,0,0,0,0,0
2022-11-24,BREAD,Pump Cr,0,0,0,0,0,0,0,0,0,0,0,0,0,0
2022-11-24,BREAD,Capp Choc,0,0,0,0,0,0,0,0,0,0,0,0,0,0
2022-11-24,ROLLS,C-Rolls,0,0,0,0,0,0,0,0,0,0,0,0,0,0
2022-11-24,ROLLS,Pump C-R,0,0,0,0,0,0,0,0,0,0,0,0,0,0
2022-11-24,ROLLS,Mini C-Roll,0,0,0,0,0,0,0,0,0,0,0,0,0,0
2022-11-24,SCONES,Blueberry,0,0,0,0,0,0,0,0,0,0,0,0,0,0
2022-11-24,SCONES,Apple Cran,0,0,0,0,0,0,0,0,0,0,0,0,0,0
2022-11-24,SCONES,Cherry,0,0,0,0,0,0,0,0,0,0,0,0,0,0
2022-11-24,SCONES,Butt Almond,0,0,0,0,0,0,0,0,0,0,0,0,0,0
2022-11-24,SCONES,Turtle,0,0,0,0,0,0,0,0,0,0,0,0,0,0
2022-11-24,SCONES,Cin Chip,0,0,0,0,0,0,0,0,0,0,0,0,0,0
2022-11-24,SCONES,Pumpkin,0,0,0,0,0,0,0,0,0,0,0,0,0,0
2022-11-24,SCONES,FRUIT BAR,0,0,0,0,0,0,0,0,0,0,0,0,0,0
2022-11-24,SCONES,mixed berry,0,0,0,0,0,0,0,0,0,0,0,0,0,0
2022-11-24,SCONES,cherry,0,0,0,0,0,0,0,0,0,0,0,0,0,0
2022-11-24,SCONES,apple cin,0,0,0,0,0,0,0,0,0,0,0,0,0,0
2022-11-24,SCONES,Apple Cran,0,0,0,0,0,0,0,0,0,0,0,0,0,0
2022-11-24,MUFFINS,Blue Stru,0,0,0,0,0,0,0,0,0,0,0,0,0,0
2022-11-24,MUFFINS,Pump CC,0,0,0,0,0,0,0,0,0,0,0,0,0,0
2022-11-24,MUFFINS,Pump Cr,0,0,0,0,0,0,0,0,0,0,0,0,0,0
2022-11-24,MUFFINS,Capp Choc,0,0,0,0,0,0,0,0,0,0,0,0,0,0
2022-11-24,COOKIES/BARS,oat cc,0,0,0,0,0,0,0,0,0,0,0,0,0,0
2022-11-24,COOKIES/BARS,triple cc,0,0,0,0,0,0,0,0,0,0,0,0,0,0
2022-11-24,COOKIES/BARS,snicker,0,0,0,0,0,0,0,0,0,0,0,0,0,0
2022-11-24,COOKIES/BARS,frosted,0,0,0,0,0,0,0,0,0,0,0,0,0,0
2022-11-24,COOKIES/BARS,Pump,0,0,0,0,0,0,0,0,0,0,0,0,0,0
2022-11-24,COOKIES/BARS,Pecan,0,0,0,0,0,0,0,0,0,0,0,0,0,0
2022-11-24,COOKIES/BARS,App,4,0,4,4,0,0,0,0,0,0,0,0,0,0
2022-11-24,COOKIES/BARS,AppCran,0,0,0,0,0,0,0,0,0,0,0,0,0,0
2022-11-24,COOKIES/BARS,Brown,5,0,5,5,0,0,0,0,0,0,0,0,0,0
2022-11-24,COOKIES/BARS,Pump,0,0,0,0,0,0,0,0,0,0,0,0,0,0
2022-11-24,COOKIES/BARS,Pump Ohhh,0,0,0,0,0,0,0,0,0,0,0,0,0,0
2022-11-24,COOKIES/BARS,Bread Pudding,0,0,0,0,0,0,0,0,0,0,0,0,0,0
2022-11-24,COOKIES/BARS,Totals,9,0,9,9,0,0,0,0,0,0,0,0,0,0
2022-11-25,BREAD,H,0,0,0,0,0,0,0,0,0,0,0,0,0,0
2022-11-25,BREAD,FR,0,0,0,0,0,0,0,0,0,0,0,0,0,0
2022-11-25,BREAD,GW,0,0,0,0,0,0,0,0,0,0,0,0,0,0
2022-11-25,BREAD,DK,0,0,0,0,0,0,0,0,0,0,0,0,0,0
2022-11-25,BREAD,H5,0,0,0,0,0,0,0,0,0,0,0,0,0,0
2022-11-25,BREAD,CSWRL,0,0,0,0,0,0,0,0,0,0,0,0,0,0
2022-11-25,BREAD,Pump Sw,0,0,0,0,0,0,0,0,0,0,0,0,0,0
2022-11-25,BREAD,CnE,0,0,0,0,0,0,0,0,0,0,0,0,0,0
2022-11-25,BREAD,CnR,0,0,0,0,0,0,0,0,0,0,0,0,0,0
2022-11-25,BREAD,RW,0,0,0,0,0,0,0,0,0,0,0,0,0,0
2022-11-25,BREAD,Monkey,0,0,0,0,0,0,0,0,0,0,0,0,0,0
2022-11-25,BREAD,CB,0,0,0,0,0,0,0,0,0,0,0,0,0,0
2022-11-25,BREAD,CrO,0,0,0,0,0,0,0,0,0,0,0,0,0,0
2022-11-25,BREAD,POP,0,0,0,0,0,0,0,0,0,0,0,0,0,0
2022-11-25,BREAD,PUMA,0,0,0,0,0,0,0,0,0,0,0,0,0,0
2022-11-25,BREAD,WREATH,0,0,0,0,0,0,0,0,0,0,0,0,0,0
2022-11-25,BREAD,VS,0,0,0,0,0,0,0,0,0,0,0,0,0,0
2022-11-25,BREAD,sour-TL,0,0,0,0,0,0,0,0,0,0,0,0,0,0
2022-11-25,BREAD,OB,0,0,0,0,0,0,0,0,0,0,0,0,0,0
2022-11-25,BREAD,STUF,0,0,0,0,0,0,0,0,0,0,0,0,0,0
2022-11-25,BREAD,CAR,0,0,0,0,0,0,0,0,0,0,0,0,0,0
2022-11-25,BREAD,IHF,0,0,0,0,0,0,0,0,0,0,0,0,0,0
2022-11-25,BREAD,Turkey,0,0,0,0,0,0,0,0,0,0,0,0,0,0
2022-11-25,BREAD,CrO-Rls,0,0,0,0,0,0,0,0,0,0,0,0,0,0
2022-11-25,BREAD,BUT-Rls,0,0,0,0,0,0,0,0,0,0,0,0,0,0
2022-11-25,BREAD,H-RLS,0,0,0,0,0,0,0,0,0,0,0,0,0,0
2022-11-25,BREAD,FR-RLS,0,0,0,0,0,0,0,0,0,0,0,0,0,0
2022-11-25,BREAD,VS-RLS,0,0,0,0,0,0,0,0,0,0,0,0,0,0
2022-11-25,BREAD,Blue Stru,0,0,0,0,0,0,0,0,0,0,0,0,0,0
2022-11-25,BREAD,Pump CC,0,0,0,0,0,0,0,0,0,0,0,0,0,0
2022-11-25,BREAD,Pump Cr,0,0,0,0,0,0,0,0,0,0,0,0,0,0
2022-11-25,BREAD,Capp Choc,0,0,0,0,0,0,0,0,0,0,0,0,0,0
2022-11-25,ROLLS,C-Rolls,0,0,0,0,0,0,0,0,0,0,0,0,0,0
2022-11-25,ROLLS,Pump C-R,0,0,0,0,0,0,0,0,0,0,0,0,0,0
2022-11-25,ROLLS,Mini C-Roll,0,0,0,0,0,0,0,0,0,0,0,0,0,0
2022-11-25,SCONES,Blueberry,0,0,0,0,0,0,0,0,0,0,0,0,0,0
2022-11-25,SCONES,Apple Cran,0,0,0,0,0,0,0,0,0,0,0,0,0,0
2022-11-25,SCONES,Cherry,0,0,0,0,0,0,0,0,0,0,0,0,0,0
2022-11-25,SCONES,Butt Almond,0,0,0,0,0,0,0,0,0,0,0,0,0,0
2022-11-25,SCONES,Turtle,0,0,0,0,0,0,0,0,0,0,0,0,0,0
2022-11-25,SCONES,Cin Chip,0,0,0,0,0,0,0,0,0,0,0,0,0,0
2022-11-25,SCONES,Pumpkin,0,0,0,0,0,0,0,0,0,0,0,0,0,0
2022-11-25,SCONES,FRUIT BAR,0,0,0,0,0,0,0,0,0,0,0,0,0,0
2022-11-25,SCONES,mixed berry,0,0,0,0,0,0,0,0,0,0,0,0,0,0
2022-11-25,SCONES,cherry,0,0,0,0,0,0,0,0,0,0,0,0,0,0
2022-11-25,SCONES,apple cin,0,0,0,0,0,0,0,0,0,0,0,0,0,0
2022-11-25,SCONES,Apple Cran,0,0,0,0,0,0,0,0,0,0,0,0,0,0
2022-11-25,MUFFINS,Blue Stru,0,0,0,0,0,0,0,0,0,0,0,0,0,0
2022-11-25,MUFFINS,Pump CC,0,0,0,0,0,0,0,0,0,0,0,0,0,0
2022-11-25,MUFFINS,Pump Cr,0,0,0,0,0,0,0,0,0,0,0,0,0,0
2022-11-25,MUFFINS,Capp Choc,0,0,0,0,0,0,0,0,0,0,0,0,0,0
2022-11-25,COOKIES/BARS,oat cc,0,0,0,0,0,0,0,0,0,0,0,0,0,0
2022-11-25,COOKIES/BARS,triple cc,0,0,0,0,0,0,0,0,0,0,0,0,0,0
2022-11-25,COOKIES/BARS,snicker,0,0,0,0,0,0,0,0,0,0,0,0,0,0
2022-11-25,COOKIES/BARS,frosted,0,0,0,0,0,0,0,0,0,0,0,0,0,0
2022-11-25,COOKIES/BARS,Pump,0,0,0,0,0,0,0,0,0,0,0,0,0,0
2022-11-25,COOKIES/BARS,Pecan,0,0,0,0,0,0,0,0,0,0,0,0,0,0
2022-11-25,COOKIES/BARS,App,0,0,0,0,0,0,0,0,0,0,0,0,0,0
2022-11-25,COOKIES/BARS,AppCran,0,0,0,0,0,0,0,0,0,0,0,0,0,0
2022-11-25,COOKIES/BARS,Brown,0,0,0,0,0,0,0,0,0,0,0,0,0,0
2022-11-25,COOKIES/BARS,Pump,0,0,0,0,0,0,0,0,0,0,0,0,0,0
2022-11-25,COOKIES/BARS,Pump Ohhh,0,0,0,0,0,0,0,0,0,0,0,0,0,0
2022-11-25,COOKIES/BARS,Bread Pudding,0,0,0,0,0,0,0,0,0,0,0,0,0,0
2022-11-25,COOKIES/BARS,Totals,0,0,0,0,0,0,0,0,0,0,0,0,0,0
2022-11-26,BREAD,H,0,0,0,0,0,0,0,0,0,0,0,0,0,0
2022-11-26,BREAD,FR,0,0,0,0,0,0,0,0,0,0,0,0,0,0
2022-11-26,BREAD,GW,0,0,0,0,0,0,0,0,0,0,0,0,0,0
2022-11-26,BREAD,DK,0,0,0,0,0,0,0,0,0,0,0,0,0,0
2022-11-26,BREAD,H5,0,0,0,0,0,0,0,0,0,0,0,0,0,0
2022-11-26,BREAD,CSWRL,0,0,0,0,0,0,0,0,0,0,0,0,0,0
2022-11-26,BREAD,Pump Sw,0,0,0,0,0,0,0,0,0,0,0,0,0,0
2022-11-26,BREAD,CnE,0,0,0,0,0,0,0,0,0,0,0,0,0,0
2022-11-26,BREAD,CnR,0,0,0,0,0,0,0,0,0,0,0,0,0,0
2022-11-26,BREAD,RW,0,0,0,0,0,0,0,0,0,0,0,0,0,0
2022-11-26,BREAD,Monkey,0,0,0,0,0,0,0,0,0,0,0,0,0,0
2022-11-26,BREAD,CB,0,0,0,0,0,0,0,0,0,0,0,0,0,0
2022-11-26,BREAD,CrO,0,0,0,0,0,0,0,0,0,0,0,0,0,0
2022-11-26,BREAD,POP,0,0,0,0,0,0,0,0,0,0,0,0,0,0
2022-11-26,BREAD,PUMA,0,0,0,0,0,0,0,0,0,0,0,0,0,0
2022-11-26,BREAD,WREATH,0,0,0,0,0,0,0,0,0,0,0,0,0,0
2022-11-26,BREAD,VS,0,0,0,0,0,0,0,0,0,0,0,0,0,0
2022-11-26,BREAD,sour-TL,0,0,0,0,0,0,0,0,0,0,0,0,0,0
2022-11-26,BREAD,OB,0,0,0,0,0,0,0,0,0,0,0,0,0,0
2022-11-26,BREAD,STUF,0,0,0,0,0,0,0,0,0,0,0,0,0,0
2022-11-26,BREAD,CAR,0,0,0,0,0,0,0,0,0,0,0,0,0,0
2022-11-26,BREAD,IHF,0,0,0,0,0,0,0,0,0,0,0,0,0,0
2022-11-26,BREAD,Turkey,0,0,0,0,0,0,0,0,0,0,0,0,0,0
2022-11-26,BREAD,CrO-Rls,0,0,0,0,0,0,0,0,0,0,0,0,0,0
2022-11-26,BREAD,BUT-Rls,0,0,0,0,0,0,0,0,0,0,0,0,0,0
2022-11-26,BREAD,H-RLS,0,0,0,0,0,0,0,0,0,0,0,0,0,0
2022-11-26,BREAD,FR-RLS,0,0,0,0,0,0,0,0,0,0,0,0,0,0
2022-11-26,BREAD,VS-RLS,0,0,0,0,0,0,0,0,0,0,0,0,0,0
2022-11-26,BREAD,Blue Stru,0,0,0,0,0,0,0,0,0,0,0,0,0,0
2022-11-26,BREAD,Pump CC,0,0,0,0,0,0,0,0,0,0,0,0,0,0
2022-11-26,BREAD,Pump Cr,0,0,0,0,0,0,0,0,0,0,0,0,0,0
2022-11-26,BREAD,Capp Choc,0,0,0,0,0,0,0,0,0,0,0,0,0,0
2022-11-26,ROLLS,C-Rolls,0,0,0,0,0,0,0,0,0,0,0,0,0,0
2022-11-26,ROLLS,Pump C-R,0,0,0,0,0,0,0,0,0,0,0,0,0,0
2022-11-26,ROLLS,Mini C-Roll,0,0,0,0,0,0,0,0,0,0,0,0,0,0
2022-11-26,SCONES,Blueberry,0,0,0,0,0,0,0,0,0,0,0,0,0,0
2022-11-26,SCONES,Apple Cran,0,0,0,0,0,0,0,0,0,0,0,0,0,0
2022-11-26,SCONES,Cherry,0,0,0,0,0,0,0,0,0,0,0,0,0,0
2022-11-26,SCONES,Butt Almond,0,0,0,0,0,0,0,0,0,0,0,0,0,0
2022-11-26,SCONES,Turtle,0,0,0,0,0,0,0,0,0,0,0,0,0,0
2022-11-26,SCONES,Cin Chip,0,0,0,0,0,0,0,0,0,0,0,0,0,0
2022-11-26,SCONES,Pumpkin,0,0,0,0,0,0,0,0,0,0,0,0,0,0
2022-11-26,SCONES,FRUIT BAR,0,0,0,0,0,0,0,0,0,0,0,0,0,0
2022-11-26,SCONES,mixed berry,0,0,0,0,0,0,0,0,0,0,0,0,0,0
2022-11-26,SCONES,cherry,0,0,0,0,0,0,0,0,0,0,0,0,0,0
2022-11-26,SCONES,apple cin,0,0,0,0,0,0,0,0,0,0,0,0,0,0
2022-11-26,SCONES,Apple Cran,0,0,0,0,0,0,0,0,0,0,0,0,0,0
2022-11-26,MUFFINS,Blue Stru,0,0,0,0,0,0,0,0,0,0,0,0,0,0
2022-11-26,MUFFINS,Pump CC,0,0,0,0,0,0,0,0,0,0,0,0,0,0
2022-11-26,MUFFINS,Pump Cr,0,0,0,0,0,0,0,0,0,0,0,0,0,0
2022-11-26,MUFFINS,Capp Choc,0,0,0,0,0,0,0,0,0,0,0,0,0,0
2022-11-26,COOKIES/BARS,oat cc,0,0,0,0,0,0,0,0,0,0,0,0,0,0
2022-11-26,COOKIES/BARS,triple cc,0,0,0,0,0,0,0,0,0,0,0,0,0,0
2022-11-26,COOKIES/BARS,snicker,0,0,0,0,0,0,0,0,0,0,0,0,0,0
2022-11-26,COOKIES/BARS,frosted,0,0,0,0,0,0,0,0,0,0,0,0,0,0
2022-11-26,COOKIES/BARS,Pump,0,0,0,0,0,0,0,0,0,0,0,0,0,0
2022-11-26,COOKIES/BARS,Pecan,0,0,0,0,0,0,0,0,0,0,0,0,0,0
2022-11-26,COOKIES/BARS,App,0,0,0,0,0,0,0,0,0,0,0,0,0,0
2022-11-26,COOKIES/BARS,AppCran,0,0,0,0,0,0,0,0,0,0,0,0,0,0
2022-11-26,COOKIES/BARS,Brown,0,0,0,0,0,0,0,0,0,0,0,0,0,0
2022-11-26,COOKIES/BARS,Pump,0,0,0,0,0,0,0,0,0,0,0,0,0,0
2022-11-26,COOKIES/BARS,Pump Ohhh,0,0,0,0,0,0,0,0,0,0,0,0,0,0
2022-11-26,COOKIES/BARS,Bread Pudding,0,0,0,0,0,0,0,0,0,0,0,0,0,0
2022-11-26,COOKIES/BARS,Totals,0,0,0,0,0,0,0,0,0,0,0,0,0,0
2022-11-27,BREAD,H,0,0,0,0,0,0,0,0,0,0,0,0,0,0
2022-11-27,BREAD,FR,0,0,0,0,0,0,0,0,0,0,0,0,0,0
2022-11-27,BREAD,GW,0,0,0,0,0,0,0,0,0,0,0,0,0,0
2022-11-27,BREAD,DK,0,0,0,0,0,0,0,0,0,0,0,0,0,0
2022-11-27,BREAD,H5,0,0,0,0,0,0,0,0,0,0,0,0,0,0
2022-11-27,BREAD,CSWRL,0,0,0,0,0,0,0,0,0,0,0,0,0,0
2022-11-27,BREAD,Pump Sw,0,0,0,0,0,0,0,0,0,0,0,0,0,0
2022-11-27,BREAD,CnE,0,0,0,0,0,0,0,0,0,0,0,0,0,0
2022-11-27,BREAD,CnR,0,0,0,0,0,0,0,0,0,0,0,0,0,0
2022-11-27,BREAD,RW,0,0,0,0,0,0,0,0,0,0,0,0,0,0
2022-11-27,BREAD,Monkey,0,0,0,0,0,0,0,0,0,0,0,0,0,0
2022-11-27,BREAD,CB,0,0,0,0,0,0,0,0,0,0,0,0,0,0
2022-11-27,BREAD,CrO,0,0,0,0,0,0,0,0,0,0,0,0,0,0
2022-11-27,BREAD,POP,0,0,0,0,0,0,0,0,0,0,0,0,0,0
2022-11-27,BREAD,PUMA,0,0,0,0,0,0,0,0,0,0,0,0,0,0
2022-11-27,BREAD,WREATH,0,0,0,0,0,0,0,0,0,0,0,0,0,0
2022-11-27,BREAD,VS,0,0,0,0,0,0,0,0,0,0,0,0,0,0
2022-11-27,BREAD,sour-TL,0,0,0,0,0,0,0,0,0,0,0,0,0,0
2022-11-27,BREAD,OB,0,0,0,0,0,0,0,0,0,0,0,0,0,0
2022-11-27,BREAD,STUF,0,0,0,0,0,0,0,0,0,0,0,0,0,0
2022-11-27,BREAD,CAR,0,0,0,0,0,0,0,0,0,0,0,0,0,0
2022-11-27,BREAD,IHF,0,0,0,0,0,0,0,0,0,0,0,0,0,0
2022-11-27,BREAD,Turkey,0,0,0,0,0,0,0,0,0,0,0,0,0,0
2022-11-27,BREAD,CrO-Rls,0,0,0,0,0,0,0,0,0,0,0,0,0,0
2022-11-27,BREAD,BUT-Rls,0,0,0,0,0,0,0,0,0,0,0,0,0,0
2022-11-27,BREAD,H-RLS,0,0,0,0,0,0,0,0,0,0,0,0,0,0
2022-11-27,BREAD,FR-RLS,0,0,0,0,0,0,0,0,0,0,0,0,0,0
2022-11-27,BREAD,VS-RLS,0,0,0,0,0,0,0,0,0,0,0,0,0,0
2022-11-27,BREAD,Blue Stru,0,0,0,0,0,0,0,0,0,0,0,0,0,0
2022-11-27,BREAD,Pump CC,0,0,0,0,0,0,0,0,0,0,0,0,0,0
2022-11-27,BREAD,Pump Cr,0,0,0,0,0,0,0,0,0,0,0,0,0,0
2022-11-27,BREAD,Capp Choc,0,0,0,0,0,0,0,0,0,0,0,0,0,0
2022-11-27,ROLLS,C-Rolls,0,0,0,0,0,0,0,0,0,0,0,0,0,0
2022-11-27,ROLLS,Pump C-R,0,0,0,0,0,0,0,0,0,0,0,0,0,0
2022-11-27,ROLLS,Mini C-Roll,0,0,0,0,0,0,0,0,0,0,0,0,0,0
2022-11-27,SCONES,Blueberry,0,0,0,0,0,0,0,0,0,0,0,0,0,0
2022-11-27,SCONES,Apple Cran,0,0,0,0,0,0,0,0,0,0,0,0,0,0
2022-11-27,SCONES,Cherry,0,0,0,0,0,0,0,0,0,0,0,0,0,0
2022-11-27,SCONES,Butt Almond,0,0,0,0,0,0,0,0,0,0,0,0,0,0
2022-11-27,SCONES,Turtle,0,0,0,0,0,0,0,0,0,0,0,0,0,0
2022-11-27,SCONES,Cin Chip,0,0,0,0,0,0,0,0,0,0,0,0,0,0
2022-11-27,SCONES,Pumpkin,0,0,0,0,0,0,0,0,0,0,0,0,0,0
2022-11-27,SCONES,FRUIT BAR,0,0,0,0,0,0,0,0,0,0,0,0,0,0
2022-11-27,SCONES,mixed berry,0,0,0,0,0,0,0,0,0,0,0,0,0,0
2022-11-27,SCONES,cherry,0,0,0,0,0,0,0,0,0,0,0,0,0,0
2022-11-27,SCONES,apple cin,0,0,0,0,0,0,0,0,0,0,0,0,0,0
2022-11-27,SCONES,Apple Cran,0,0,0,0,0,0,0,0,0,0,0,0,0,0
2022-11-27,MUFFINS,Blue Stru,0,0,0,0,0,0,0,0,0,0,0,0,0,0
2022-11-27,MUFFINS,Pump CC,0,0,0,0,0,0,0,0,0,0,0,0,0,0
2022-11-27,MUFFINS,Pump Cr,0,0,0,0,0,0,0,0,0,0,0,0,0,0
2022-11-27,MUFFINS,Capp Choc,0,0,0,0,0,0,0,0,0,0,0,0,0,0
2022-11-27,COOKIES/BARS,oat cc,0,0,0,0,0,0,0,0,0,0,0,0,0,0
2022-11-27,COOKIES/BARS,triple cc,0,0,0,0,0,0,0,0,0,0,0,0,0,0
2022-11-27,COOKIES/BARS,snicker,0,0,0,0,0,0,0,0,0,0,0,0,0,0
2022-11-27,COOKIES/BARS,frosted,0,0,0,0,0,0,0,0,0,0,0,0,0,0
2022-11-27,COOKIES/BARS,Pump,0,0,0,0,0,0,0,0,0,0,0,0,0,0
2022-11-27,COOKIES/BARS,Pecan,0,0,0,0,0,0,0,0,0,0,0,0,0,0
2022-11-27,COOKIES/BARS,App,0,0,0,0,0,0,0,0,0,0,0,0,0,0
2022-11-27,COOKIES/BARS,AppCran,0,0,0,0,0,0,0,0,0,0,0,0,0,0
2022-11-27,COOKIES/BARS,Brown,0,0,0,0,0,0,0,0,0,0,0,0,0,0
2022-11-27,COOKIES/BARS,Pump,0,0,0,0,0,0,0,0,0,0,0,0,0,0
2022-11-27,COOKIES/BARS,Pump Ohhh,0,0,0,0,0,0,0,0,0,0,0,0,0,0
2022-11-27,COOKIES/BARS,Bread Pudding,0,0,0,0,0,0,0,0,0,0,0,0,0,0
2022-11-27,COOKIES/BARS,Totals,0,0,0,0,0,0,0,0,0,0,0,0,0,0
2022-11-28,BREAD,H,0,33,33,14,1,0,18,0,0,0,0,0,0,0
2022-11-28,BREAD,FR,0,26,26,10,8,0,8,0,0,0,0,0,0,0
2022-11-28,BREAD,GW,0,4,4,4,0,0,0,0,0,0,0,0,0,0
2022-11-28,BREAD,DK,0,15,15,8,0,0,7,0,0,0,0,0,0,0
2022-11-28,BREAD,H5,0,0,0,0,0,0,0,0,0,0,0,0,0,0
2022-11-28,BREAD,CSWRL,0,16,16,8,0,0,8,0,6,6,4,0,0,2
2022-11-28,BREAD,Mp Sw,0,12,12,6,0,0,6,0,4,4,4,0,0,0
2022-11-28,BREAD,CnE,0,9,9,4,0,0,5,0,4,4,2,0,0,2
2022-11-28,BREAD,CnR,0,4,4,2,0,0,2,0,0,0,0,0,0,0
2022-11-28,BREAD,RW,0,4,4,2,0,0,2,0,0,0,0,0,0,0
2022-11-28,BREAD,Monkey,0,0,0,-2,0,0,2,0,0,0,-5,0,0,5
2022-11-28,BREAD,CB,0,0,0,0,0,0,0,0,0,0,0,0,0,0
2022-11-28,BREAD,CrO,0,8,8,4,0,0,4,0,3,3,2,0,0,1
2022-11-28,BREAD,POP,0,6,6,6,0,0,0,0,2,2,2,0,0,0
2022-11-28,BREAD,PUMA,0,0,0,0,0,0,0,0,6,6,6,0,0,0
2022-11-28,BREAD,WREATH,0,2,2,1,0,0,1,0,0,0,0,0,0,0
2022-11-28,BREAD,VS,0,0,0,0,0,0,0,0,0,0,0,0,0,0
2022-11-28,BREAD,sour-TL,0,28,28,12,16,0,0,0,0,0,0,0,0,0
2022-11-28,BREAD,OB,0,4,4,4,0,0,0,0,0,0,0,0,0,0
2022-11-28,BREAD,STUF,0,0,0,0,0,0,0,0,0,0,0,0,0,0
2022-11-28,BREAD,cro aa,0,2,2,0,0,0,2,0,0,0,0,0,0,0
2022-11-28,BREAD,cf tree,0,1,1,1,0,0,0,0,0,0,0,0,0,0
2022-11-28,BREAD,dry stuf,0,0,0,-6,0,0,6,0,0,0,0,0,0,0
2022-11-28,BREAD,CAR,0,0,0,-2,0,0,2,0,0,0,0,0,0,0
2022-11-28,BREAD,IHF,0,18,18,4,0,0,14,0,0,0,0,0,0,0
2022-11-28,BREAD,Turkey,0,0,0,0,0,0,0,0,0,0,0,0,0,0
2022-11-28,BREAD,CrO-Rls,0,0,0,0,0,0,0,0,0,0,0,0,0,0
2022-11-28,BREAD,BUT-Rls,0,0,0,0,0,0,0,0,0,0,0,0,0,0
2022-11-28,BREAD,H-RLS,0,2,2,0,0,0,2,0,0,0,0,0,0,0
2022-11-28,BREAD,FR-RLS,0,3,3,3,0,0,0,0,0,0,0,0,0,0
2022-11-28,BREAD,VS-RLS,0,0,0,0,0,0,0,0,0,0,0,0,0,0
2022-11-28,BREAD,Blue Stru,0,4,4,2,0,0,2,0,0,0,0,0,0,0
2022-11-28,BREAD,Pump CC,0,5,5,3,1,0,1,0,0,0,0,0,0,0
2022-11-28,BREAD,Pump Cr,0,3,3,0,0,0,3,0,0,0,0,0,0,0
2022-11-28,BREAD,Capp Choc,0,4,4,3,0,0,1,0,0,0,0,0,0,0
2022-11-28,ROLLS,C-Rolls,0,24,24,18,0,6,0,0,0,0,0,0,0,0
2022-11-28,ROLLS,Pump C-R,0,0,0,0,0,0,0,0,0,0,0,0,0,0
2022-11-28,ROLLS,Mini C-Roll,0,0,0,0,0,0,0,0,0,0,0,0,0,0
2022-11-28,SCONES,Blueberry,0,0,0,0,0,0,0,0,0,0,0,0,0,0
2022-11-28,SCONES,Apple Cran,0,11,11,10,0,1,0,0,0,0,0,0,0,0
2022-11-28,SCONES,Cherry,0,0,0,0,0,0,0,0,0,0,0,0,0,0
2022-11-28,SCONES,Butt Almond,0,0,0,0,0,0,0,0,0,0,0,0,0,0
2022-11-28,SCONES,Turtle,0,0,0,0,0,0,0,0,0,0,0,0,0,0
2022-11-28,SCONES,Cin Chip,0,11,11,11,0,0,0,0,0,0,0,0,0,0
2022-11-28,SCONES,Pumpkin,0,8,8,3,0,5,0,0,0,0,0,0,0,0
2022-11-28,SCONES,FRUIT BAR,0,0,0,0,0,0,0,0,0,0,0,0,0,0
2022-11-28,SCONES,mixed berry,0,5,5,1,0,4,0,0,0,0,0,0,0,0
2022-11-28,SCONES,cherry,0,5,5,1,0,4,0,0,0,0,0,0,0,0
2022-11-28,SCONES,apple cin,0,0,0,0,0,0,0,0,0,0,0,0,0,0
2022-11-28,SCONES,Apple Cran,0,0,0,0,0,0,0,0,0,0,0,0,0,0
2022-11-28,MUFFINS,Blue Stru,0,3,3,2,0,1,0,0,0,0,0,0,0,0
2022-11-28,MUFFINS,Pump CC,0,3,3,1,0,2,0,0,0,0,0,0,0,0
2022-11-28,MUFFINS,Pump Cr,0,2,2,1,0,1,0,0,0,0,0,0,0,0
2022-11-28,MUFFINS,Capp Choc,0,3,3,3,0,0,0,0,0,0,0,0,0,0
2022-11-28,COOKIES/BARS,oat cc,0,32,32,21,1,0,10,0,0,0,0,0,0,0
2022-11-28,COOKIES/BARS,triple cc,0,32,32,30,1,0,1,0,0,0,0,0,0,0
2022-11-28,COOKIES/BARS,snicker,0,32,32,11,1,0,20,0,0,0,0,0,0,0
2022-11-28,COOKIES/BARS,frosted,0,12,12,7,0,0,5,0,0,0,0,0,0,0
2022-11-28,COOKIES/BARS,Pump,0,0,0,0,0,0,0,0,0,0,0,0,0,0
2022-11-28,COOKIES/BARS,Pecan,0,0,0,0,0,0,0,0,0,0,0,0,0,0
2022-11-28,COOKIES/BARS,App,0,0,0,0,0,0,0,0,0,0,0,0,0,0
2022-11-28,COOKIES/BARS,AppCran,0,0,0,0,0,0,0,0,0,0,0,0,0,0
2022-11-28,COOKIES/BARS,Brown,0,20,20,4,0,0,16,0,0,0,0,0,0,0
2022-11-28,COOKIES/BARS,Pump,0,20,20,1,0,0,19,0,0,0,0,0,0,0
2022-11-28,COOKIES/BARS,Pump Ohhh,0,0,0,-5,0,0,5,0,0,0,-11,0,0,11
2022-11-28,COOKIES/BARS,Bread Pudding,0,0,0,0,0,0,0,0,0,0,0,0,0,0
2022-11-28,COOKIES/BARS,Totals,0,203,203,119,3,24,57,0,20,20,-10,0,0,30
2022-11-29,BREAD,H,18,39,57,19,28,0,10,0,0,0,0,0,0,0
2022-11-29,BREAD,FR,8,20,28,15,0,0,13,0,0,0,0,0,0,0
2022-11-29,BREAD,GW,0,5,5,5,0,0,0,0,0,0,0,0,0,0
2022-11-29,BREAD,DK,7,0,7,3,1,0,3,0,0,0,0,0,0,0
2022-11-29,BREAD,H5,0,14,14,3,0,0,11,0,0,0,0,0,0,0
2022-11-29,BREAD,CSWRL,8,8,16,7,0,1,8,2,3,5,5,0,0,0
2022-11-29,BREAD,Mp Sw,6,4,10,9,0,1,0,0,4,4,4,0,0,0
2022-11-29,BREAD,CnE,5,0,5,3,0,2,0,2,0,2,2,0,0,0
2022-11-29,BREAD,CnR,2,0,2,0,0,2,0,0,0,0,0,0,0,0
2022-11-29,BREAD,RW,2,0,2,2,0,0,0,0,0,0,0,0,0,0
2022-11-29,BREAD,Monkey,2,0,2,0,0,2,0,5,0,5,0,0,0,0
2022-11-29,BREAD,CB,0,15,15,3,0,0,12,0,6,6,5,0,0,1
2022-11-29,BREAD,CrO,4,0,4,2,0,2,0,1,0,1,1,0,0,0
2022-11-29,BREAD,POP,0,0,0,0,0,0,0,0,0,0,0,0,0,0
2022-11-29,BREAD,PUMA,0,0,0,0,0,0,0,0,0,0,0,0,0,0
2022-11-29,BREAD,WREATH,1,0,1,0,0,1,0,0,0,0,0,0,0,0
2022-11-29,BREAD,VS,0,10,10,2,0,0,8,0,3,3,3,0,0,0
2022-11-29,BREAD,sour-TL,0,0,0,0,0,0,0,0,0,0,0,0,0,0
2022-11-29,BREAD,OB,0,0,0,-3,0,3,0,0,0,0,0,0,0,0
2022-11-29,BREAD,STUF,0,0,0,0,0,0,0,0,0,0,0,0,0,0
2022-11-29,BREAD,AA,2,0,2,1,0,1,0,0,0,0,0,0,0,0
2022-11-29,BREAD,dry stuf,0,0,0,-24,0,0,24,0,0,0,0,0,0,0
2022-11-29,BREAD,CAR,2,18,20,5,0,0,15,0,0,0,0,0,0,0
2022-11-29,BREAD,IHF,14,0,14,-5,0,0,19,0,0,0,0,0,0,0
2022-11-29,BREAD,Turkey,0,0,0,0,0,0,0,0,0,0,0,0,0,0
2022-11-29,BREAD,CrO-Rls,0,0,0,0,0,0,0,0,0,0,0,0,0,0
2022-11-29,BREAD,BUT-Rls,0,0,0,0,0,0,0,0,0,0,0,0,0,0
2022-11-29,BREAD,H-RLS,2,1,3,2,0,0,1,0,0,0,0,0,0,0
2022-11-29,BREAD,FR-RLS,0,2,2,2,0,0,0,0,0,0,0,0,0,0
2022-11-29,BREAD,VS-RLS,0,4,4,4,0,0,0,0,0,0,0,0,0,0
2022-11-29,BREAD,Blue Stru,2,2,4,0,0,2,2,0,0,0,0,0,0,0
2022-11-29,BREAD,Pump CC,1,3,4,0,0,1,3,0,0,0,0,0,0,0
2022-11-29,BREAD,Pump Cr,3,0,3,0,0,3,0,0,0,0,0,0,0,0
2022-11-29,BREAD,Capp Choc,1,2,3,0,0,1,2,0,0,0,0,0,0,0
2022-11-29,ROLLS,C-Rolls,0,24,24,18,0,6,0,0,0,0,0,0,0,0
2022-11-29,ROLLS,Pump C-R,0,12,12,12,0,0,0,0,0,0,0,0,0,0
2022-11-29,ROLLS,Mini C-Roll,0,0,0,0,0,0,0,0,0,0,0,0,0,0
2022-11-29,SCONES,Blueberry,0,11,11,7,0,4,0,0,0,0,0,0,0,0
2022-11-29,SCONES,Apple Cran,0,0,0,0,0,0,0,0,0,0,0,0,0,0
2022-11-29,SCONES,Cherry,0,0,0,0,0,0,0,0,0,0,0,0,0,0
2022-11-29,SCONES,Butt Almond,0,0,0,0,0,0,0,0,0,0,0,0,0,0
2022-11-29,SCONES,Turtle,0,0,0,0,0,0,0,0,0,0,0,0,0,0
2022-11-29,SCONES,Cin Chip,0,11,11,4,0,7,0,0,0,0,0,0,0,0
2022-11-29,SCONES,Pumpkin,0,8,8,7,0,1,0,0,0,0,0,0,0,0
2022-11-29,SCONES,FRUIT BAR,0,0,0,0,0,0,0,0,0,0,0,0,0,0
2022-11-29,SCONES,mixed berry,0,0,0,-2,0,2,0,0,0,0,0,0,0,0
2022-11-29,SCONES,cherry,0,0,0,0,0,0,0,0,0,0,0,0,0,0
2022-11-29,SCONES,apple cin,0,5,5,5,0,0,0,0,0,0,0,0,0,0
2022-11-29,SCONES,Apple Cran,0,5,5,3,0,2,0,0,0,0,0,0,0,0
2022-11-29,MUFFINS,Blue Stru,0,4,4,1,0,3,0,0,0,0,0,0,0,0
2022-11-29,MUFFINS,Pump CC,0,4,4,3,0,1,0,0,0,0,0,0,0,0
2022-11-29,MUFFINS,Pump Cr,0,3,3,0,0,3,0,0,0,0,0,0,0,0
2022-11-29,MUFFINS,Capp Choc,0,3,3,1,0,2,0,0,0,0,0,0,0,0
2022-11-29,COOKIES/BARS,oat cc,10,30,40,11,6,0,23,0,60,60,0,0,0,0
2022-11-29,COOKIES/BARS,triple cc,1,36,37,1,6,1,29,0,60,60,0,0,0,0
2022-11-29,COOKIES/BARS,snicker,20,18,38,14,6,12,6,0,72,72,0,0,0,0
2022-11-29,COOKIES/BARS,frosted,5,0,5,0,0,0,5,0,0,0,0,0,0,0
2022-11-29,COOKIES/BARS,Pump,0,0,0,0,0,0,0,0,0,0,0,0,0,0
2022-11-29,COOKIES/BARS,Pecan,0,0,0,0,0,0,0,0,0,0,0,0,0,0
2022-11-29,COOKIES/BARS,App,0,0,0,0,0,0,0,0,0,0,0,0,0,0
2022-11-29,COOKIES/BARS,AppCran,0,0,0,0,0,0,0,0,0,0,0,0,0,0
2022-11-29,COOKIES/BARS,Brown,16,0,16,4,0,9,3,0,0,0,0,0,0,0
2022-11-29,COOKIES/BARS,Pump,19,0,19,5,0,6,8,0,0,0,0,0,0,0
2022-11-29,COOKIES/BARS,Pump Ohhh,5,0,5,0,0,0,5,11,0,11,0,0,0,11
2022-11-29,COOKIES/BARS,Bread Pudding,0,0,0,0,0,0,0,0,0,0,0,0,0,0
2022-11-29,COOKIES/BARS,Totals,57,174,231,89,18,53,71,30,192,222,5,0,0,19
2022-11-30,BREAD,H,10,25,35,13,0,0,22,0,0,0,0,0,0,0
2022-11-30,BREAD,FR,13,14,27,16,1,0,10,0,0,0,0,0,0,0
2022-11-30,BREAD,GW,0,9,9,6,0,0,3,0,0,0,0,0,0,0
2022-11-30,BREAD,DK,3,15,18,9,0,0,9,0,0,0,0,0,0,0
2022-11-30,BREAD,H5,11,0,11,6,0,0,5,0,0,0,0,0,0,0
2022-11-30,BREAD,CSWRL,8,8,16,10,0,2,4,0,5,5,4,0,0,1
2022-11-30,BREAD,Mp Sw,0,12,12,10,0,0,2,0,5,5,3,0,0,2
2022-11-30,BREAD,CnE,0,10,10,6,0,0,4,0,3,3,2,0,0,1
2022-11-30,BREAD,CnR,0,4,4,2,0,0,2,0,0,0,0,0,0,0
2022-11-30,BREAD,RW,0,4,4,2,0,0,2,0,0,0,0,0,0,0
2022-11-30,BREAD,Monkey,0,3,3,2,0,0,1,0,9,9,5,0,0,4
2022-11-30,BREAD,CB,12,0,12,4,0,8,0,1,0,1,1,0,0,0
2022-11-30,BREAD,CrO,0,7,7,3,0,0,4,0,4,4,4,0,0,0
2022-11-30,BREAD,POP,0,10,10,2,0,0,8,0,4,4,4,0,0,0
2022-11-30,BREAD,PUMA,0,2,2,0,0,0,2,0,8,8,3,0,0,5
2022-11-30,BREAD,WREATH,0,3,3,0,0,0,3,0,0,0,0,0,0,0
2022-11-30,BREAD,VS,8,0,8,3,0,5,0,0,0,0,0,0,0,0
2022-11-30,BREAD,sour-TL,0,20,20,5,0,0,15,0,0,0,0,0,0,0
2022-11-30,BREAD,OB,0,5,5,1,1,0,3,0,0,0,0,0,0,0
2022-11-30,BREAD,STUF,0,0,0,0,0,0,0,0,0,0,0,0,0,0
2022-11-30,BREAD,Dry Stuf,24,0,24,2,0,0,22,0,0,0,0,0,0,0
2022-11-30,BREAD,CAR,15,0,15,-1,0,0,16,0,0,0,0,0,0,0
2022-11-30,BREAD,IHF,19,0,19,3,0,0,16,0,0,0,0,0,0,0
2022-11-30,BREAD,Turkey,0,0,0,0,0,0,0,0,0,0,0,0,0,0
2022-11-30,BREAD,CrO-Rls,0,0,0,0,0,0,0,0,0,0,0,0,0,0
2022-11-30,BREAD,BUT-Rls,0,0,0,0,0,0,0,0,0,0,0,0,0,0
2022-11-30,BREAD,H-RLS,1,2,3,1,0,0,2,0,0,0,0,0,0,0
2022-11-30,BREAD,FR-RLS,0,3,3,3,0,0,0,0,0,0,0,0,0,0
2022-11-30,BREAD,VS-RLS,0,0,0,0,0,0,0,0,0,0,0,0,0,0
2022-11-30,BREAD,Blue Stru,2,2,4,1,0,1,2,0,0,0,0,0,0,0
2022-11-30,BREAD,Pump CC,3,1,4,3,0,1,0,0,0,0,0,0,0,0
2022-11-30,BREAD,Pump Cr,0,3,3,0,0,0,3,0,0,0,0,0,0,0
2022-11-30,BREAD,Capp Choc,2,1,3,2,0,0,1,0,0,0,0,0,0,0
2022-11-30,ROLLS,C-Rolls,0,24,24,24,0,0,0,0,0,0,0,0,0,0
2022-11-30,ROLLS,C-R Tree,0,1,1,0,0,1,0,0,0,0,0,0,0,0
2022-11-30,ROLLS,Mini C-Roll,0,0,0,0,0,0,0,0,0,0,0,0,0,0
2022-11-30,SCONES,Blueberry,0,0,0,0,0,0,0,0,0,0,0,0,0,0
2022-11-30,SCONES,Apple Cran,0,10,10,10,0,0,0,0,0,0,0,0,0,0
2022-11-30,SCONES,Cherry,0,0,0,0,0,0,0,0,0,0,0,0,0,0
2022-11-30,SCONES,Butt Almond,0,0,0,0,0,0,0,0,0,0,0,0,0,0
2022-11-30,SCONES,Turtle,0,12,12,10,0,2,0,0,0,0,0,0,0,0
2022-11-30,SCONES,Cin Chip,0,0,0,0,0,0,0,0,0,0,0,0,0,0
2022-11-30,SCONES,Cran Oran,0,8,8,8,0,0,0,0,0,0,0,0,0,0
2022-11-30,SCONES,Cran OWCC,0,8,8,7,0,1,0,0,0,0,0,0,0,0
2022-11-30,SCONES,FRUIT BAR,0,0,0,0,0,0,0,0,0,0,0,0,0,0
2022-11-30,SCONES,mixed berry,0,5,5,3,0,2,0,0,0,0,0,0,0,0
2022-11-30,SCONES,cherry,0,5,5,3,0,2,0,0,0,0,0,0,0,0
2022-11-30,SCONES,apple cin,0,0,0,0,0,0,0,0,0,0,0,0,0,0
2022-11-30,SCONES,Apple Cran,0,0,0,0,0,0,0,0,0,0,0,0,0,0
2022-11-30,MUFFINS,Blue Stru,0,4,4,2,0,2,0,0,0,0,0,0,0,0
2022-11-30,MUFFINS,Pump CC,0,4,4,4,0,0,0,0,0,0,0,0,0,0
2022-11-30,MUFFINS,Pump Cr,0,3,3,1,0,2,0,0,0,0,0,0,0,0
2022-11-30,MUFFINS,Capp Choc,0,3,3,2,0,1,0,0,0,0,0,0,0,0
2022-11-30,COOKIES/BARS,oat cc,23,84,107,7,74,16,10,0,0,0,0,0,0,0
2022-11-30,COOKIES/BARS,triple cc,29,84,113,6,76,23,8,0,0,0,0,0,0,0
2022-11-30,COOKIES/BARS,snicker,6,102,108,10,76,0,22,0,0,0,0,0,0,0
2022-11-30,COOKIES/BARS,frosted,5,6,11,4,0,1,6,0,0,0,0,0,0,0
2022-11-30,COOKIES/BARS,c-roll tree,0,0,0,-1,0,0,1,0,0,0,0,0,0,0
2022-11-30,COOKIES/BARS,Pump,0,0,0,0,0,0,0,0,0,0,0,0,0,0
2022-11-30,COOKIES/BARS,Pecan,0,0,0,0,0,0,0,0,0,0,0,0,0,0
2022-11-30,COOKIES/BARS,App,0,0,0,0,0,0,0,0,0,0,0,0,0,0
2022-11-30,COOKIES/BARS,AppCran,0,0,0,0,0,0,0,0,0,0,0,0,0,0
2022-11-30,COOKIES/BARS,Brown,3,20,23,7,0,0,16,0,0,0,0,0,0,0
2022-11-30,COOKIES/BARS,Pump,8,20,28,3,0,0,25,0,0,0,0,0,0,0
2022-11-30,COOKIES/BARS,Pump Ohhh,5,0,5,1,0,0,4,11,0,11,4,0,0,7
2022-11-30,COOKIES/BARS,Bread Pudding,0,0,0,0,0,0,0,0,0,0,0,0,0,0
2022-11-30,COOKIES/BARS,Totals,71,383,454,108,226,53,67,19,20,39,7,0,0,32
2022-11-31,BREAD,H,22,0,22,22,0,0,0,0,0,0,0,0,0,0
2022-11-31,BREAD,FR,10,0,10,10,0,0,0,0,0,0,0,0,0,0
2022-11-31,BREAD,GW,3,0,3,3,0,0,0,0,0,0,0,0,0,0
2022-11-31,BREAD,DK,9,0,9,9,0,0,0,0,0,0,0,0,0,0
2022-11-31,BREAD,H5,5,0,5,5,0,0,0,0,0,0,0,0,0,0
2022-11-31,BREAD,CSWRL,4,0,4,4,0,0,0,1,0,1,1,0,0,0
2022-11-31,BREAD,Pump Sw,2,0,2,2,0,0,0,2,0,2,2,0,0,0
2022-11-31,BREAD,CnE,4,0,4,4,0,0,0,1,0,1,1,0,0,0
2022-11-31,BREAD,CnR,2,0,2,2,0,0,0,0,0,0,0,0,0,0
2022-11-31,BREAD,RW,2,0,2,2,0,0,0,0,0,0,0,0,0,0
2022-11-31,BREAD,Monkey,1,0,1,1,0,0,0,4,0,4,4,0,0,0
2022-11-31,BREAD,CB,0,0,0,0,0,0,0,0,0,0,0,0,0,0
2022-11-31,BREAD,CrO,4,0,4,4,0,0,0,0,0,0,0,0,0,0
2022-11-31,BREAD,POP,8,0,8,8,0,0,0,0,0,0,0,0,0,0
2022-11-31,BREAD,PUMA,2,0,2,2,0,0,0,5,0,5,5,0,0,0
2022-11-31,BREAD,WREATH,3,0,3,3,0,0,0,0,0,0,0,0,0,0
2022-11-31,BREAD,VS,0,0,0,0,0,0,0,0,0,0,0,0,0,0
2022-11-31,BREAD,sour-TL,15,0,15,15,0,0,0,0,0,0,0,0,0,0
2022-11-31,BREAD,OB,3,0,3,3,0,0,0,0,0,0,0,0,0,0
2022-11-31,BREAD,STUF,0,0,0,0,0,0,0,0,0,0,0,0,0,0
2022-11-31,BREAD,CAR,16,0,16,16,0,0,0,0,0,0,0,0,0,0
2022-11-31,BREAD,IHF,16,0,16,16,0,0,0,0,0,0,0,0,0,0
2022-11-31,BREAD,Turkey,0,0,0,0,0,0,0,0,0,0,0,0,0,0
2022-11-31,BREAD,CrO-Rls,0,0,0,0,0,0,0,0,0,0,0,0,0,0
2022-11-31,BREAD,BUT-Rls,0,0,0,0,0,0,0,0,0,0,0,0,0,0
2022-11-31,BREAD,H-RLS,2,0,2,2,0,0,0,0,0,0,0,0,0,0
2022-11-31,BREAD,FR-RLS,0,0,0,0,0,0,0,0,0,0,0,0,0,0
2022-11-31,BREAD,VS-RLS,0,0,0,0,0,0,0,0,0,0,0,0,0,0
2022-11-31,BREAD,Blue Stru,2,0,2,2,0,0,0,0,0,0,0,0,0,0
2022-11-31,BREAD,Pump CC,0,0,0,0,0,0,0,0,0,0,0,0,0,0
2022-11-31,BREAD,Pump Cr,3,0,3,3,0,0,0,0,0,0,0,0,0,0
2022-11-31,BREAD,Capp Choc,1,0,1,1,0,0,0,0,0,0,0,0,0,0
2022-11-31,ROLLS,C-Rolls,0,0,0,0,0,0,0,0,0,0,0,0,0,0
2022-11-31,ROLLS,Pump C-R,0,0,0,0,0,0,0,0,0,0,0,0,0,0
2022-11-31,ROLLS,Mini C-Roll,0,0,0,0,0,0,0,0,0,0,0,0,0,0
2022-11-31,SCONES,Blueberry,0,0,0,0,0,0,0,0,0,0,0,0,0,0
2022-11-31,SCONES,Apple Cran,0,0,0,0,0,0,0,0,0,0,0,0,0,0
2022-11-31,SCONES,Cherry,0,0,0,0,0,0,0,0,0,0,0,0,0,0
2022-11-31,SCONES,Butt Almond,0,0,0,0,0,0,0,0,0,0,0,0,0,0
2022-11-31,SCONES,Turtle,0,0,0,0,0,0,0,0,0,0,0,0,0,0
2022-11-31,SCONES,Cin Chip,0,0,0,0,0,0,0,0,0,0,0,0,0,0
2022-11-31,SCONES,Pumpkin,0,0,0,0,0,0,0,0,0,0,0,0,0,0
2022-11-31,SCONES,FRUIT BAR,0,0,0,0,0,0,0,0,0,0,0,0,0,0
2022-11-31,SCONES,mixed berry,0,0,0,0,0,0,0,0,0,0,0,0,0,0
2022-11-31,SCONES,cherry,0,0,0,0,0,0,0,0,0,0,0,0,0,0
2022-11-31,SCONES,apple cin,0,0,0,0,0,0,0,0,0,0,0,0,0,0
2022-11-31,SCONES,Apple Cran,0,0,0,0,0,0,0,0,0,0,0,0,0,0
2022-11-31,MUFFINS,Blue Stru,0,0,0,0,0,0,0,0,0,0,0,0,0,0
2022-11-31,MUFFINS,Pump CC,0,0,0,0,0,0,0,0,0,0,0,0,0,0
2022-11-31,MUFFINS,Pump Cr,0,0,0,0,0,0,0,0,0,0,0,0,0,0
2022-11-31,MUFFINS,Capp Choc,0,0,0,0,0,0,0,0,0,0,0,0,0,0
2022-11-31,COOKIES/BARS,oat cc,10,0,10,10,0,0,0,0,0,0,0,0,0,0
2022-11-31,COOKIES/BARS,triple cc,8,0,8,8,0,0,0,0,0,0,0,0,0,0
2022-11-31,COOKIES/BARS,snicker,22,0,22,22,0,0,0,0,0,0,0,0,0,0
2022-11-31,COOKIES/BARS,frosted,6,0,6,6,0,0,0,0,0,0,0,0,0,0
2022-11-31,COOKIES/BARS,Pump,0,0,0,0,0,0,0,0,0,0,0,0,0,0
2022-11-31,COOKIES/BARS,Pecan,0,0,0,0,0,0,0,0,0,0,0,0,0,0
2022-11-31,COOKIES/BARS,App,0,0,0,0,0,0,0,0,0,0,0,0,0,0
2022-11-31,COOKIES/BARS,AppCran,0,0,0,0,0,0,0,0,0,0,0,0,0,0
2022-11-31,COOKIES/BARS,Brown,16,0,16,16,0,0,0,0,0,0,0,0,0,0
2022-11-31,COOKIES/BARS,Pump,25,0,25,25,0,0,0,0,0,0,0,0,0,0
2022-11-31,COOKIES/BARS,Pump Ohhh,4,0,4,4,0,0,0,7,0,7,7,0,0,0
2022-11-31,COOKIES/BARS,Bread Pudding,0,0,0,0,0,0,0,0,0,0,0,0,0,0
2022-11-31,COOKIES/BARS,Totals,67,0,67,67,0,0,0,32,0,32,32,0,0,0
