Date,Category,Product,START_OF_DAY_WHOLE,MADE_TODAY_WHOLE,AVAILABLE_TO_SELL_WHOLE,OUT_THE_DOOR_WHOLE,ORDERS_TODAY_WHOLE,REMOVED_AS_DAY_OLD_WHOLE,LEFT_WHOLE,START_OF_DAY_HALF,MADE_TODAY_HALF,AVAILABLE_TO_SELL_HALF,OUT_THE_DOOR_HALF,ORDERS_TODAY_HALF,REMOVED_AS_DAY_OLD_HALF,LEFT_HALF
2023-11-01,BREAD,H,24,20,44,14,15,0,15,0,0,0,0,0,0,0
2023-11-01,BREAD,FR,0,20,20,18,0,0,2,0,0,0,0,0,0,0
2023-11-01,BREAD,GW,4,0,4,2,0,2,0,0,0,0,0,0,0,0
2023-11-01,BREAD,DK,4,13,17,8,0,0,9,0,0,0,0,0,0,0
2023-11-01,BREAD,H5,8,0,8,4,0,0,4,0,0,0,0,0,0,0
2023-11-01,BREAD,CSWRL,2,16,18,12,0,0,6,4,0,4,4,0,0,0
2023-11-01,BREAD,Pump SWL,0,0,0,0,0,0,0,0,0,0,0,0,0,0
2023-11-01,BREAD,CnE,6,5,11,4,0,3,4,1,0,1,1,0,0,0
2023-11-01,BREAD,CnR,2,3,5,2,0,1,2,0,0,0,0,0,0,0
2023-11-01,BREAD,RW,0,4,4,-1,0,0,5,0,0,0,0,0,0,0
2023-11-01,BREAD,Monkey,2,4,6,4,0,0,2,0,0,0,0,0,0,0
2023-11-01,BREAD,CB,0,0,0,0,0,0,0,0,0,0,0,0,0,0
2023-11-01,BREAD,CrO,0,0,0,0,0,0,0,0,0,0,0,0,0,0
2023-11-01,BREAD,CG,0,5,5,1,0,0,4,0,4,4,3,0,0,1
2023-11-01,BREAD,Pes,0,4,4,2,0,0,2,0,0,0,0,0,0,0
2023-11-01,BREAD,Jal,0,4,4,3,1,0,0,0,0,0,0,0,0,0
2023-11-01,BREAD,cheetah,0,4,4,0,0,0,4,0,0,0,0,0,0,0
2023-11-01,BREAD,PUMA,0,0,0,0,0,0,0,0,0,0,0,0,0,0
2023-11-01,BREAD,VS,4,0,4,4,0,0,0,0,0,0,0,0,0,0
2023-11-01,BREAD,Turkey,0,3,3,0,0,0,3,0,0,0,0,0,0,0
2023-11-01,BREAD,sour-TL,0,14,14,5,0,0,9,0,0,0,0,0,0,0
2023-11-01,BREAD,OB,0,3,3,0,0,0,3,0,0,0,0,0,0,0
2023-11-01,BREAD,Pepp Roll,0,6,6,1,0,0,5,0,4,4,3,0,0,1
2023-11-01,BREAD,VS Pep Rl,0,0,0,-2,0,2,0,0,0,0,-1,0,0,0
2023-11-01,BREAD,CAR,21,0,21,4,0,0,17,0,0,0,0,0,0,0
2023-11-01,BREAD,IHF,9,0,9,3,0,0,6,0,0,0,0,0,0,0
2023-11-01,BREAD,POP-RLS,0,0,0,0,0,0,0,0,0,0,0,0,0,0
2023-11-01,BREAD,CrO-RLS,7,0,7,7,0,0,0,2,0,2,2,0,0,0
2023-11-01,BREAD,BUT-RLS,0,0,0,0,0,0,0,0,0,0,0,0,0,0
2023-11-01,BREAD,H-RLS,2,0,2,2,0,0,0,0,0,0,0,0,0,0
2023-11-01,BREAD,FR-RLS,0,4,4,4,0,0,0,0,0,0,0,0,0,0
2023-11-01,BREAD,VS-RLS,0,0,0,0,0,0,0,0,0,0,0,0,0,0
2023-11-01,BREAD,Blue Stru,3,2,5,4,1,0,0,0,0,0,0,0,0,0
2023-11-01,BREAD,Mex Choc,0,3,3,1,0,0,2,0,0,0,0,0,0,0
2023-11-01,BREAD,Pump Choc,0,5,5,2,1,0,2,0,0,0,0,0,0,0
2023-11-01,BREAD,Pump Crumb,1,2,3,2,0,1,0,0,0,0,0,0,0,0
2023-11-01,BREAD,choc c,0,0,0,-1,0,0,1,0,0,0,0,0,0,0
2023-11-01,ROLLS,C-Rolls,0,22,22,21,0,1,0,0,0,0,0,0,0,0
2023-11-01,ROLLS,Pump C-Rolls,0,12,12,1,0,11,0,0,0,0,0,0,0,0
2023-11-01,ROLLS,Mini C-Roll,0,0,0,0,0,0,0,0,0,0,0,0,0,0
2023-11-01,SCONES,Blueberry,0,0,0,0,0,0,0,0,0,0,0,0,0,0
2023-11-01,SCONES,App Cran,0,11,11,11,0,0,0,0,2,2,0,0,0,0
2023-11-01,SCONES,Cherry,0,0,0,-7,0,7,0,0,0,0,0,0,0,0
2023-11-01,SCONES,Butt Almond,0,0,0,0,0,0,0,0,0,0,0,0,0,0
2023-11-01,SCONES,Turtle,0,10,10,10,0,0,0,0,2,2,0,0,0,0
2023-11-01,SCONES,Cin Chip,0,0,0,0,0,0,0,0,0,0,0,0,0,0
2023-11-01,SCONES,Pump Spice,0,8,8,2,0,6,0,0,0,0,0,0,0,0
2023-11-01,SCONES,FRUIT BAR,0,0,0,0,0,0,0,0,0,0,0,0,0,0
2023-11-01,SCONES,Triple berry,0,5,5,3,2,0,0,0,0,0,0,0,0,0
2023-11-01,SCONES,cherry,0,5,5,3,2,0,0,0,0,0,0,0,0,0
2023-11-01,SCONES,apple cin,0,5,5,3,2,0,0,0,0,0,0,0,0,0
2023-11-01,SCONES,App Cran,0,5,5,4,1,0,0,0,0,0,0,0,0,0
2023-11-01,MUFFINS,Blue Stru,0,4,4,3,0,1,0,0,2,2,0,0,0,0
2023-11-01,MUFFINS,Mex Choc,0,6,6,3,0,3,0,0,1,1,0,0,0,0
2023-11-01,MUFFINS,Pump Choc,0,4,4,3,0,1,0,0,0,0,0,0,0,0
2023-11-01,MUFFINS,Pump Crumb,0,3,3,1,0,2,0,0,1,1,0,0,0,0
2023-11-01,MUFFINS,Choc Car,0,0,0,-5,0,5,0,0,0,0,0,0,0,0
2023-11-01,COOKIES/BARS,oat cc,13,30,43,18,8,6,11,0,4,4,0,0,0,0
2023-11-01,COOKIES/BARS,triple cc,12,30,42,9,8,6,19,0,6,6,0,0,0,0
2023-11-01,COOKIES/BARS,Snickerdoodle,8,30,38,21,7,0,10,0,6,6,0,0,0,0
2023-11-01,COOKIES/BARS,Frosted,11,6,17,11,0,0,6,0,0,0,0,0,0,0
2023-11-01,COOKIES/BARS,Brownie,18,0,18,3,2,7,6,0,0,0,0,0,0,0
2023-11-01,COOKIES/BARS,Pump Bar,11,20,31,-7,3,4,31,0,0,0,0,0,0,0
2023-11-01,COOKIES/BARS,Pump,0,0,0,0,0,0,0,0,0,0,0,0,0,0
2023-11-01,COOKIES/BARS,Pecan,0,0,0,0,0,0,0,0,0,0,0,0,0,0
2023-11-01,COOKIES/BARS,Ap,0,0,0,0,0,0,0,0,0,0,0,0,0,0
2023-11-01,COOKIES/BARS,Cran Ap,0,0,0,0,0,0,0,0,0,0,0,0,0,0
2023-11-01,COOKIES/BARS,Pump Ohhh,0,0,0,-9,0,0,9,0,0,0,-9,0,0,9
2023-11-01,COOKIES/BARS,Totals,0,216,216,64,35,60,92,0,24,24,-9,0,0,9
2023-11-02,BREAD,H,15,22,37,11,6,0,20,0,0,0,0,0,0,0
2023-11-02,BREAD,FR,2,23,25,-9,24,0,10,0,0,0,0,0,0,0
2023-11-02,BREAD,GW,0,3,3,2,0,0,1,0,0,0,0,0,0,0
2023-11-02,BREAD,DK,9,0,9,8,0,0,1,0,0,0,0,0,0,0
2023-11-02,BREAD,H5,4,11,15,8,0,0,7,0,0,0,0,0,0,0
2023-11-02,BREAD,CSWRL,6,12,18,6,2,2,8,0,5,5,3,0,0,2
2023-11-02,BREAD,Pump SWL,0,8,8,6,0,0,2,0,4,4,0,0,0,4
2023-11-02,BREAD,CnE,4,0,4,4,0,0,0,0,0,0,0,0,0,0
2023-11-02,BREAD,CnR,2,0,2,2,0,0,0,0,0,0,0,0,0,0
2023-11-02,BREAD,RW,5,0,5,2,0,3,0,0,0,0,0,0,0,0
2023-11-02,BREAD,Monkey,2,0,2,1,0,1,0,0,0,0,0,0,0,0
2023-11-02,BREAD,CB,0,14,14,4,0,0,10,0,5,5,0,0,0,5
2023-11-02,BREAD,CrO,0,8,8,2,0,0,6,0,4,4,0,0,0,4
2023-11-02,BREAD,CG,4,0,4,4,0,0,0,1,0,1,1,0,0,0
2023-11-02,BREAD,Pes,2,0,2,2,0,0,0,0,0,0,0,0,0,0
2023-11-02,BREAD,Jal,0,0,0,0,0,0,0,0,0,0,0,0,0,0
2023-11-02,BREAD,Cheetah,4,0,4,1,0,3,0,0,0,0,0,0,0,0
2023-11-02,BREAD,VS,0,12,12,4,0,0,8,0,4,4,3,0,0,1
2023-11-02,BREAD,Turkey,3,0,3,3,0,0,0,0,0,0,0,0,0,0
2023-11-02,BREAD,sour-TL,9,0,9,9,0,0,0,0,0,0,0,0,0,0
2023-11-02,BREAD,OB,3,0,3,1,0,2,0,0,0,0,0,0,0,0
2023-11-02,BREAD,Pepp Roll,5,0,5,2,0,3,0,1,0,1,1,0,0,0
2023-11-02,BREAD,VS Pep Rl,0,10,10,1,0,0,9,0,6,6,1,0,0,5
2023-11-02,BREAD,CAR,17,0,17,0,0,0,17,0,0,0,0,0,0,0
2023-11-02,BREAD,IHF,6,0,6,4,0,0,2,0,0,0,0,0,0,0
2023-11-02,BREAD,POP-RLS,0,0,0,0,0,0,0,0,0,0,0,0,0,0
2023-11-02,BREAD,CrO-RLS,0,0,0,0,0,0,0,0,0,0,0,0,0,0
2023-11-02,BREAD,BUT-RLS,0,0,0,0,0,0,0,0,0,0,0,0,0,0
2023-11-02,BREAD,H-RLS,0,3,3,3,0,0,0,0,0,0,0,0,0,0
2023-11-02,BREAD,FR-RLS,0,0,0,-3,1,2,0,0,0,0,0,0,0,0
2023-11-02,BREAD,VS-RLS,0,6,6,2,1,0,3,0,0,0,0,0,0,0
2023-11-02,BREAD,Blue Stru,0,8,8,1,4,0,3,0,0,0,0,0,0,0
2023-11-02,BREAD,Mex Choc,2,2,4,2,0,0,2,0,0,0,0,0,0,0
2023-11-02,BREAD,Pump Choc,2,4,6,3,0,1,2,0,0,0,0,0,0,0
2023-11-02,BREAD,Pump Crumb,1,3,4,1,0,1,2,0,0,0,0,0,0,0
2023-11-02,ROLLS,C-Rolls,0,24,24,24,0,0,0,0,0,0,0,0,0,0
2023-11-02,ROLLS,Pump C-Rolls,0,12,12,7,4,1,0,0,0,0,0,0,0,0
2023-11-02,ROLLS,Mini C-Roll,0,0,0,0,0,0,0,0,0,0,0,0,0,0
2023-11-02,SCONES,Blueberry,0,13,13,6,0,7,0,0,7,7,0,0,0,0
2023-11-02,SCONES,App Cran,0,0,0,0,0,0,0,0,0,0,0,0,0,0
2023-11-02,SCONES,Cherry,0,0,0,0,0,0,0,0,0,0,0,0,0,0
2023-11-02,SCONES,Butt Almond,0,0,0,0,0,0,0,0,0,0,0,0,0,0
2023-11-02,SCONES,Turtle,0,13,13,10,0,3,0,0,7,7,0,0,0,0
2023-11-02,SCONES,Cin Chip,0,0,0,0,0,0,0,0,0,0,0,0,0,0
2023-11-02,SCONES,Pump Spice,0,8,8,3,0,5,0,0,4,4,0,0,0,0
2023-11-02,SCONES,FRUIT BAR,0,0,0,0,0,0,0,0,0,0,0,0,0,0
2023-11-02,SCONES,Triple berry,0,5,5,3,2,0,0,0,0,0,0,0,0,0
2023-11-02,SCONES,cherry,0,5,5,3,2,0,0,0,0,0,0,0,0,0
2023-11-02,SCONES,apple cin,0,5,5,2,2,1,0,0,0,0,0,0,0,0
2023-11-02,SCONES,App Cran,0,5,5,4,1,0,0,0,0,0,0,0,0,0
2023-11-02,MUFFINS,Blue Stru,0,4,4,3,0,1,0,0,0,0,0,0,0,0
2023-11-02,MUFFINS,Mex Choc,0,4,4,3,0,1,0,0,5,5,0,0,0,0
2023-11-02,MUFFINS,Pump Choc,0,6,6,4,0,2,0,0,6,6,0,0,0,0
2023-11-02,MUFFINS,Pump Crumb,0,3,3,0,0,3,0,0,5,5,0,0,0,0
2023-11-02,COOKIES/BARS,oat cc,11,72,83,15,50,0,18,0,0,0,0,0,0,0
2023-11-02,COOKIES/BARS,triple cc,19,66,85,11,50,0,24,0,0,0,0,0,0,0
2023-11-02,COOKIES/BARS,Snickerdoodle,10,72,82,-4,51,0,35,0,0,0,0,0,0,0
2023-11-02,COOKIES/BARS,Frosted,6,12,18,3,0,0,15,0,0,0,0,0,0,0
2023-11-02,COOKIES/BARS,Brownie,6,15,21,4,0,0,17,0,0,0,0,0,0,0
2023-11-02,COOKIES/BARS,Pump Bar,31,0,31,9,0,2,20,0,0,0,0,0,0,0
2023-11-02,COOKIES/BARS,Pump,0,0,0,0,0,0,0,0,0,0,0,0,0,0
2023-11-02,COOKIES/BARS,Pecan,0,0,0,0,0,0,0,0,0,0,0,0,0,0
2023-11-02,COOKIES/BARS,Ap,0,0,0,0,0,0,0,0,0,0,0,0,0,0
2023-11-02,COOKIES/BARS,Cran Ap,0,0,0,0,0,0,0,0,0,0,0,0,0,0
2023-11-02,COOKIES/BARS,Pump Ohhh,9,0,9,9,0,0,0,9,0,9,9,0,0,0
2023-11-02,COOKIES/BARS,Totals,0,344,344,189,162,26,129,9,34,43,9,0,0,0
2023-11-03,BREAD,H,20,18,38,31,0,0,7,0,0,0,0,0,0,0
2023-11-03,BREAD,FR,10,32,42,15,0,0,27,0,0,0,0,0,0,0
2023-11-03,BREAD,GW,1,8,9,4,2,0,3,0,0,0,0,0,0,0
2023-11-03,BREAD,DK,1,12,13,5,0,0,8,0,0,0,0,0,0,0
2023-11-03,BREAD,H5,7,0,7,2,0,0,5,0,0,0,0,0,0,0
2023-11-03,BREAD,CSWRL,8,12,20,12,3,0,5,2,3,5,3,0,0,2
2023-11-03,BREAD,Pump SWL,2,8,10,4,0,0,6,4,0,4,4,0,0,0
2023-11-03,BREAD,CnE,0,21,21,3,0,0,18,0,4,4,1,0,0,3
2023-11-03,BREAD,CnR,0,13,13,2,8,0,3,0,0,0,0,0,0,0
2023-11-03,BREAD,RW,0,4,4,0,0,0,4,0,0,0,0,0,0,0
2023-11-03,BREAD,Monkey,0,7,7,2,0,0,5,0,0,0,0,0,0,0
2023-11-03,BREAD,CB,10,0,10,3,0,0,7,5,0,5,1,0,0,4
2023-11-03,BREAD,CrO,6,0,6,1,0,0,5,4,0,4,2,0,0,2
2023-11-03,BREAD,CG,0,12,12,1,0,0,11,0,8,8,2,0,0,6
2023-11-03,BREAD,Pest,0,8,8,1,0,0,7,0,0,0,0,0,0,0
2023-11-03,BREAD,Jal,0,7,7,1,0,0,6,0,0,0,0,0,0,0
2023-11-03,BREAD,Cheetah,0,6,6,1,0,0,5,0,0,0,0,0,0,0
2023-11-03,BREAD,VS,8,0,8,8,0,0,0,1,0,1,1,0,0,0
2023-11-03,BREAD,Turkey,0,0,0,0,0,0,0,0,0,0,0,0,0,0
2023-11-03,BREAD,sour-TL,0,25,25,2,0,0,23,0,0,0,0,0,0,0
2023-11-03,BREAD,OB,0,8,8,8,0,0,0,0,0,0,0,0,0,0
2023-11-03,BREAD,Pepp Roll,0,0,0,0,0,0,0,0,0,0,0,0,0,0
2023-11-03,BREAD,VS Pep Rl,9,0,9,2,0,0,7,5,0,5,4,0,0,1
2023-11-03,BREAD,CAR,17,0,17,17,0,0,0,0,0,0,0,0,0,0
2023-11-03,BREAD,IHF,2,0,2,2,0,0,0,0,0,0,0,0,0,0
2023-11-03,BREAD,POP-RLS,0,0,0,0,0,0,0,0,0,0,0,0,0,0
2023-11-03,BREAD,CrO-RLS,0,0,0,0,0,0,0,0,0,0,0,0,0,0
2023-11-03,BREAD,BUT-RLS,0,23,23,4,0,0,19,0,0,0,0,0,0,0
2023-11-03,BREAD,H-RLS,0,4,4,4,0,0,0,0,0,0,0,0,0,0
2023-11-03,BREAD,FR-RLS,0,0,0,-3,0,0,3,0,0,0,0,0,0,0
2023-11-03,BREAD,VS-RLS,3,0,3,3,0,0,0,0,0,0,0,0,0,0
2023-11-03,BREAD,Blue Stru,3,5,8,5,3,0,0,0,0,0,0,0,0,0
2023-11-03,BREAD,Mex Choc,2,5,7,0,3,0,4,0,0,0,0,0,0,0
2023-11-03,BREAD,Pump Choc,2,4,6,4,0,0,2,0,0,0,0,0,0,0
2023-11-03,BREAD,Pump Crumb,2,2,4,2,0,0,2,0,0,0,0,0,0,0
2023-11-03,ROLLS,C-Rolls,0,36,36,19,4,13,0,0,0,0,0,0,0,0
2023-11-03,ROLLS,Pump C-Rolls,0,12,12,12,0,0,0,0,0,0,0,0,0,0
2023-11-03,ROLLS,Mini C-Roll,0,24,24,0,24,0,0,0,0,0,0,0,0,0
2023-11-03,SCONES,Blueberry,0,0,0,0,0,0,0,0,0,0,0,0,0,0
2023-11-03,SCONES,App Cran,0,0,0,0,0,0,0,0,0,0,0,0,0,0
2023-11-03,SCONES,Cherry,0,13,13,9,0,4,0,0,12,12,0,0,0,0
2023-11-03,SCONES,Butt Almond,0,11,11,11,0,0,0,0,10,10,0,0,0,0
2023-11-03,SCONES,Turtle,0,0,0,0,0,0,0,0,0,0,0,0,0,0
2023-11-03,SCONES,Cin Chip,0,0,0,0,0,0,0,0,0,0,0,0,0,0
2023-11-03,SCONES,Pump Spice,0,8,8,3,0,5,0,0,10,10,0,0,0,0
2023-11-03,SCONES,FRUIT BAR,0,0,0,0,0,0,0,0,0,0,0,0,0,0
2023-11-03,SCONES,Triple berry,0,10,10,5,5,0,0,0,0,0,0,0,0,0
2023-11-03,SCONES,cherry,0,10,10,4,5,1,0,0,0,0,0,0,0,0
2023-11-03,SCONES,apple cin,0,5,5,3,1,1,0,0,0,0,0,0,0,0
2023-11-03,SCONES,App Cran,0,5,5,1,2,2,0,0,0,0,0,0,0,0
2023-11-03,MUFFINS,Blue Stru,0,4,4,2,0,2,0,0,0,0,0,0,0,0
2023-11-03,MUFFINS,Mex Choc,0,4,4,2,0,2,0,0,0,0,0,0,0,0
2023-11-03,MUFFINS,Pump Choc,0,5,5,3,0,2,0,0,15,15,0,0,0,0
2023-11-03,MUFFINS,Pump Crumb,0,3,3,1,0,2,0,0,15,15,0,0,0,0
2023-11-03,COOKIES/BARS,oat cc,18,18,36,16,4,6,10,0,0,0,0,0,0,0
2023-11-03,COOKIES/BARS,triple cc,24,12,36,16,5,11,4,0,0,0,0,0,0,0
2023-11-03,COOKIES/BARS,Snickerdoodle,35,0,35,17,5,13,0,0,0,0,0,0,0,0
2023-11-03,COOKIES/BARS,Frosted,15,0,15,3,0,0,12,0,0,0,0,0,0,0
2023-11-03,COOKIES/BARS,Brownie,17,0,17,-4,0,4,17,0,0,0,0,0,0,0
2023-11-03,COOKIES/BARS,Pump Bar,20,0,20,7,0,0,13,0,0,0,0,0,0,0
2023-11-03,COOKIES/BARS,Pump,0,4,4,1,0,0,3,0,0,0,0,0,0,0
2023-11-03,COOKIES/BARS,Pecan,0,6,6,4,0,0,2,0,0,0,0,0,0,0
2023-11-03,COOKIES/BARS,Ap,0,5,5,2,0,0,3,0,0,0,0,0,0,0
2023-11-03,COOKIES/BARS,Cran Ap,0,8,8,1,0,0,7,0,0,0,0,0,0,0
2023-11-03,COOKIES/BARS,Pump Ohhh,0,0,0,-4,0,0,4,0,0,0,-2,0,0,2
2023-11-03,COOKIES/BARS,Totals,0,189,189,55,55,68,66,0,76,76,3,0,0,11
2023-11-04,BREAD,H,7,0,7,7,0,0,0,0,0,0,0,0,0,0
2023-11-04,BREAD,FR,27,0,27,27,0,0,0,0,0,0,0,0,0,0
2023-11-04,BREAD,GW,3,0,3,2,1,0,0,0,0,0,0,0,0,0
2023-11-04,BREAD,DK,8,0,8,8,0,0,0,0,0,0,0,0,0,0
2023-11-04,BREAD,H5,5,0,5,5,0,0,0,0,0,0,0,0,0,0
2023-11-04,BREAD,CSWRL,5,0,5,5,0,0,0,2,0,2,2,0,0,0
2023-11-04,BREAD,Pump SWL,6,0,6,6,0,0,0,0,0,0,0,0,0,0
2023-11-04,BREAD,CnE,18,0,18,18,0,0,0,3,0,3,3,0,0,0
2023-11-04,BREAD,CnR,3,0,3,3,0,0,0,0,0,0,0,0,0,0
2023-11-04,BREAD,RW,4,0,4,4,0,0,0,0,0,0,0,0,0,0
2023-11-04,BREAD,Monkey,5,0,5,5,0,0,0,0,0,0,0,0,0,0
2023-11-04,BREAD,CB,7,0,7,7,0,0,0,4,0,4,2,0,0,0
2023-11-04,BREAD,CrO,5,0,5,5,0,0,0,2,0,2,2,0,0,0
2023-11-04,BREAD,CG,11,0,11,11,0,0,0,6,0,6,6,0,0,0
2023-11-04,BREAD,Pest,7,0,7,7,0,0,0,0,0,0,0,0,0,0
2023-11-04,BREAD,Jal,6,0,6,6,0,0,0,0,0,0,0,0,0,0
2023-11-04,BREAD,Cheetah,5,0,5,5,0,0,0,0,0,0,0,0,0,0
2023-11-04,BREAD,VS,0,0,0,0,0,0,0,0,0,0,0,0,0,0
2023-11-04,BREAD,Turkey,0,0,0,0,0,0,0,0,0,0,0,0,0,0
2023-11-04,BREAD,sour-TL,23,0,23,23,0,0,0,0,0,0,0,0,0,0
2023-11-04,BREAD,OB,0,0,0,0,0,0,0,0,0,0,0,0,0,0
2023-11-04,BREAD,Pepp Roll,0,0,0,0,0,0,0,0,0,0,0,0,0,0
2023-11-04,BREAD,VS Pep Rl,7,0,7,7,0,0,0,1,0,1,1,0,0,0
2023-11-04,BREAD,CAR,0,0,0,0,0,0,0,0,0,0,0,0,0,0
2023-11-04,BREAD,IHF,0,16,16,16,0,0,0,0,0,0,0,0,0,0
2023-11-04,BREAD,POP-RLS,0,0,0,0,0,0,0,0,0,0,0,0,0,0
2023-11-04,BREAD,CrO-RLS,0,0,0,0,0,0,0,0,0,0,0,0,0,0
2023-11-04,BREAD,BUT-RLS,19,0,19,18,0,1,0,0,0,0,0,0,0,0
2023-11-04,BREAD,H-RLS,0,0,0,0,0,0,0,0,0,0,0,0,0,0
2023-11-04,BREAD,FR-RLS,3,0,3,3,0,0,0,0,0,0,0,0,0,0
2023-11-04,BREAD,VS-RLS,0,0,0,0,0,0,0,0,0,0,0,0,0,0
2023-11-04,BREAD,Blue Stru,0,4,4,4,0,0,0,0,0,0,0,0,0,0
2023-11-04,BREAD,Mex Choc,4,4,8,6,0,2,0,0,0,0,0,0,0,0
2023-11-04,BREAD,Pump Choc,2,2,4,4,0,0,0,0,0,0,0,0,0,0
2023-11-04,BREAD,Pump Crumb,2,1,3,3,0,0,0,0,0,0,0,0,0,0
2023-11-04,ROLLS,C-Rolls,0,36,36,23,0,13,0,0,0,0,0,0,0,0
2023-11-04,ROLLS,Pump C-Rolls,0,12,12,12,0,0,0,0,0,0,0,0,0,0
2023-11-04,ROLLS,Mini C-Roll,0,0,0,0,0,0,0,0,0,0,0,0,0,0
2023-11-04,SCONES,Blueberry,0,11,11,9,0,2,0,0,0,0,0,0,0,0
2023-11-04,SCONES,App Cran,0,0,0,0,0,0,0,0,0,0,0,0,0,0
2023-11-04,SCONES,Cherry,0,0,0,0,0,0,0,0,0,0,0,0,0,0
2023-11-04,SCONES,Butt Almond,0,11,11,6,0,5,0,0,0,0,0,0,0,0
2023-11-04,SCONES,Turtle,0,0,0,0,0,0,0,0,0,0,0,0,0,0
2023-11-04,SCONES,Cin Chip,0,0,0,0,0,0,0,0,0,0,0,0,0,0
2023-11-04,SCONES,Pump Spice,0,8,8,1,0,7,0,0,0,0,0,0,0,0
2023-11-04,SCONES,FRUIT BAR,0,0,0,0,0,0,0,0,0,0,0,0,0,0
2023-11-04,SCONES,Triple berry,0,5,5,3,0,2,0,0,0,0,0,0,0,0
2023-11-04,SCONES,cherry,0,5,5,2,0,3,0,0,0,0,0,0,0,0
2023-11-04,SCONES,apple cin,0,5,5,1,0,4,0,0,0,0,0,0,0,0
2023-11-04,SCONES,App Cran,0,5,5,2,0,3,0,0,0,0,0,0,0,0
2023-11-04,MUFFINS,Blue Stru,0,4,4,4,0,0,0,0,0,0,0,0,0,0
2023-11-04,MUFFINS,Mex Choc,0,3,3,2,0,1,0,0,0,0,0,0,0,0
2023-11-04,MUFFINS,Pump Choc,0,4,4,4,0,0,0,0,0,0,0,0,0,0
2023-11-04,MUFFINS,Pump Crumb,0,3,3,1,0,2,0,0,0,0,0,0,0,0
2023-11-04,COOKIES/BARS,oat cc,10,12,22,6,0,16,0,0,0,0,0,0,0,0
2023-11-04,COOKIES/BARS,triple cc,4,18,22,22,0,0,0,0,0,0,0,0,0,0
2023-11-04,COOKIES/BARS,Snickerdoodle,0,24,24,24,0,0,0,0,0,0,0,0,0,0
2023-11-04,COOKIES/BARS,Frosted,12,0,12,4,0,8,0,0,0,0,0,0,0,0
2023-11-04,COOKIES/BARS,Brownie,17,0,17,10,0,2,5,0,0,0,0,0,0,0
2023-11-04,COOKIES/BARS,Pump Bar,13,0,13,7,0,0,6,0,0,0,0,0,0,0
2023-11-04,COOKIES/BARS,Pump,3,0,3,0,0,0,3,0,0,0,0,0,0,0
2023-11-04,COOKIES/BARS,Pecan,2,0,2,1,0,0,1,0,0,0,0,0,0,0
2023-11-04,COOKIES/BARS,Ap,3,0,3,3,0,0,0,0,0,0,0,0,0,0
2023-11-04,COOKIES/BARS,Cran Ap,7,0,7,1,0,0,6,0,0,0,0,0,0,0
2023-11-04,COOKIES/BARS,Pump Ohhh,4,0,4,4,0,0,0,2,0,2,2,0,0,0
2023-11-04,COOKIES/BARS,Totals,0,166,232,150,0,68,14,11,0,11,4,0,0,7
2023-11-05,BREAD,H,0,0,0,0,0,0,0,0,0,0,0,0,0,0
2023-11-05,BREAD,FR,0,0,0,0,0,0,0,0,0,0,0,0,0,0
2023-11-05,BREAD,GW,0,0,0,0,0,0,0,0,0,0,0,0,0,0
2023-11-05,BREAD,DK,0,0,0,0,0,0,0,0,0,0,0,0,0,0
2023-11-05,BREAD,H5,0,0,0,0,0,0,0,0,0,0,0,0,0,0
2023-11-05,BREAD,CSWRL,0,0,0,0,0,0,0,0,0,0,0,0,0,0
2023-11-05,BREAD,Pump SWL,0,0,0,0,0,0,0,0,0,0,0,0,0,0
2023-11-05,BREAD,CnE,0,0,0,0,0,0,0,0,0,0,0,0,0,0
2023-11-05,BREAD,CnR,0,0,0,0,0,0,0,0,0,0,0,0,0,0
2023-11-05,BREAD,RW,0,0,0,0,0,0,0,0,0,0,0,0,0,0
2023-11-05,BREAD,Monkey,0,0,0,0,0,0,0,0,0,0,0,0,0,0
2023-11-05,BREAD,CB,0,0,0,0,0,0,0,0,0,0,0,0,0,0
2023-11-05,BREAD,CrO,0,0,0,0,0,0,0,0,0,0,0,0,0,0
2023-11-05,BREAD,POP,0,0,0,0,0,0,0,0,0,0,0,0,0,0
2023-11-05,BREAD,STUFF,0,0,0,0,0,0,0,0,0,0,0,0,0,0
2023-11-05,BREAD,PUMA,0,0,0,0,0,0,0,0,0,0,0,0,0,0
2023-11-05,BREAD,VS,0,0,0,0,0,0,0,0,0,0,0,0,0,0
2023-11-05,BREAD,Turkey,0,0,0,0,0,0,0,0,0,0,0,0,0,0
2023-11-05,BREAD,sour-TL,0,0,0,0,0,0,0,0,0,0,0,0,0,0
2023-11-05,BREAD,OB,0,0,0,0,0,0,0,0,0,0,0,0,0,0
2023-11-05,BREAD,Pepp Roll,0,0,0,0,0,0,0,0,0,0,0,0,0,0
2023-11-05,BREAD,VS Pep Rl,0,0,0,0,0,0,0,0,0,0,0,0,0,0
2023-11-05,BREAD,CAR,0,0,0,0,0,0,0,0,0,0,0,0,0,0
2023-11-05,BREAD,IHF,0,0,0,0,0,0,0,0,0,0,0,0,0,0
2023-11-05,BREAD,POP-RLS,0,0,0,0,0,0,0,0,0,0,0,0,0,0
2023-11-05,BREAD,CrO-RLS,0,0,0,0,0,0,0,0,0,0,0,0,0,0
2023-11-05,BREAD,BUT-RLS,0,0,0,0,0,0,0,0,0,0,0,0,0,0
2023-11-05,BREAD,H-RLS,0,0,0,0,0,0,0,0,0,0,0,0,0,0
2023-11-05,BREAD,FR-RLS,0,0,0,0,0,0,0,0,0,0,0,0,0,0
2023-11-05,BREAD,VS-RLS,0,0,0,0,0,0,0,0,0,0,0,0,0,0
2023-11-05,BREAD,Blue Stru,0,0,0,0,0,0,0,0,0,0,0,0,0,0
2023-11-05,BREAD,Mex Choc,0,0,0,0,0,0,0,0,0,0,0,0,0,0
2023-11-05,BREAD,Pump Choc,0,0,0,0,0,0,0,0,0,0,0,0,0,0
2023-11-05,BREAD,Pump Crumb,0,0,0,0,0,0,0,0,0,0,0,0,0,0
2023-11-05,ROLLS,C-Rolls,0,0,0,0,0,0,0,0,0,0,0,0,0,0
2023-11-05,ROLLS,Pump C-Rolls,0,0,0,0,0,0,0,0,0,0,0,0,0,0
2023-11-05,ROLLS,Mini C-Roll,0,0,0,0,0,0,0,0,0,0,0,0,0,0
2023-11-05,SCONES,Blueberry,0,0,0,0,0,0,0,0,0,0,0,0,0,0
2023-11-05,SCONES,App Cran,0,0,0,0,0,0,0,0,0,0,0,0,0,0
2023-11-05,SCONES,Cherry,0,0,0,0,0,0,0,0,0,0,0,0,0,0
2023-11-05,SCONES,Butt Almond,0,0,0,0,0,0,0,0,0,0,0,0,0,0
2023-11-05,SCONES,Turtle,0,0,0,0,0,0,0,0,0,0,0,0,0,0
2023-11-05,SCONES,Cin Chip,0,0,0,0,0,0,0,0,0,0,0,0,0,0
2023-11-05,SCONES,Pump Spice,0,0,0,0,0,0,0,0,0,0,0,0,0,0
2023-11-05,SCONES,FRUIT BAR,0,0,0,0,0,0,0,0,0,0,0,0,0,0
2023-11-05,SCONES,Triple berry,0,0,0,0,0,0,0,0,0,0,0,0,0,0
2023-11-05,SCONES,cherry,0,0,0,0,0,0,0,0,0,0,0,0,0,0
2023-11-05,SCONES,apple cin,0,0,0,0,0,0,0,0,0,0,0,0,0,0
2023-11-05,SCONES,App Cran,0,0,0,0,0,0,0,0,0,0,0,0,0,0
2023-11-05,MUFFINS,Blue Stru,0,0,0,0,0,0,0,0,0,0,0,0,0,0
2023-11-05,MUFFINS,Mex Choc,0,0,0,0,0,0,0,0,0,0,0,0,0,0
2023-11-05,MUFFINS,Pump Choc,0,0,0,0,0,0,0,0,0,0,0,0,0,0
2023-11-05,MUFFINS,Pump Crumb,0,0,0,0,0,0,0,0,0,0,0,0,0,0
2023-11-05,COOKIES/BARS,oat cc,0,0,0,0,0,0,0,0,0,0,0,0,0,0
2023-11-05,COOKIES/BARS,triple cc,0,0,0,0,0,0,0,0,0,0,0,0,0,0
2023-11-05,COOKIES/BARS,Snickerdoodle,0,0,0,0,0,0,0,0,0,0,0,0,0,0
2023-11-05,COOKIES/BARS,Frosted,0,0,0,0,0,0,0,0,0,0,0,0,0,0
2023-11-05,COOKIES/BARS,Brownie,5,0,5,0,0,0,5,0,0,0,0,0,0,0
2023-11-05,COOKIES/BARS,Pump Bar,6,0,6,0,0,0,6,0,0,0,0,0,0,0
2023-11-05,COOKIES/BARS,Pump,3,0,3,0,0,0,3,0,0,0,0,0,0,0
2023-11-05,COOKIES/BARS,Pecan,1,0,1,0,0,0,1,0,0,0,0,0,0,0
2023-11-05,COOKIES/BARS,Ap,0,0,0,0,0,0,0,0,0,0,0,0,0,0
2023-11-05,COOKIES/BARS,Cran Ap,6,0,6,0,0,0,6,0,0,0,0,0,0,0
2023-11-05,COOKIES/BARS,Pump Ohhh,0,0,0,0,0,0,0,0,0,0,0,0,0,0
2023-11-05,COOKIES/BARS,Totals,14,0,14,0,0,0,14,7,0,7,0,0,0,7
2023-11-06,BREAD,H,0,23,23,10,0,0,13,0,0,0,0,0,0,0
2023-11-06,BREAD,FR,0,56,56,46,0,0,10,0,0,0,0,0,0,0
2023-11-06,BREAD,GW,0,2,2,1,0,0,1,0,0,0,0,0,0,0
2023-11-06,BREAD,DK,0,15,15,12,0,0,3,0,0,0,0,0,0,0
2023-11-06,BREAD,H5,0,0,0,0,0,0,0,0,0,0,0,0,0,0
2023-11-06,BREAD,CSWRL,0,16,16,8,0,0,8,0,4,4,4,0,0,0
2023-11-06,BREAD,Pump SWL,0,8,8,6,0,0,2,0,3,3,3,0,0,0
2023-11-06,BREAD,CnE,0,6,6,5,0,0,1,0,2,2,2,0,0,0
2023-11-06,BREAD,CnR,0,3,3,3,0,0,0,0,0,0,0,0,0,0
2023-11-06,BREAD,RW,0,3,3,3,0,0,0,0,0,0,0,0,0,0
2023-11-06,BREAD,Monkey,0,3,3,2,0,0,1,0,0,0,0,0,0,0
2023-11-06,BREAD,CB,0,0,0,0,0,0,0,0,0,0,0,0,0,0
2023-11-06,BREAD,CrO,0,0,0,0,0,0,0,0,0,0,0,0,0,0
2023-11-06,BREAD,POP,0,13,13,5,0,0,8,0,3,3,3,0,0,0
2023-11-06,BREAD,STUFF,0,0,0,0,0,0,0,0,0,0,0,0,0,0
2023-11-06,BREAD,PUMA,0,4,4,1,0,0,3,0,0,0,0,0,0,0
2023-11-06,BREAD,VS,0,0,0,0,0,0,0,0,0,0,0,0,0,0
2023-11-06,BREAD,Turkey,0,3,3,0,0,0,3,0,0,0,0,0,0,0
2023-11-06,BREAD,sour-TL,0,14,14,5,7,0,2,0,0,0,0,0,0,0
2023-11-06,BREAD,OB,0,2,2,1,0,0,1,0,0,0,0,0,0,0
2023-11-06,BREAD,Pepp Roll,0,4,4,1,0,0,3,0,2,2,2,0,0,0
2023-11-06,BREAD,VS Pep Rl,0,0,0,0,0,0,0,0,0,0,0,0,0,0
2023-11-06,BREAD,CAR,0,0,0,0,0,0,0,0,0,0,0,0,0,0
2023-11-06,BREAD,IHF,0,0,0,0,0,0,0,0,0,0,0,0,0,0
2023-11-06,BREAD,POP-RLS,0,0,0,0,0,0,0,0,0,0,0,0,0,0
2023-11-06,BREAD,CrO-RLS,0,0,0,0,0,0,0,0,0,0,0,0,0,0
2023-11-06,BREAD,BUT-RLS,0,0,0,0,0,0,0,0,0,0,0,0,0,0
2023-11-06,BREAD,H-RLS,0,2,2,1,0,0,1,0,0,0,0,0,0,0
2023-11-06,BREAD,FR-RLS,0,2,2,1,0,0,1,0,0,0,0,0,0,0
2023-11-06,BREAD,VS-RLS,0,0,0,0,0,0,0,0,0,0,0,0,0,0
2023-11-06,BREAD,Blue Stru,0,4,4,4,0,0,0,0,0,0,0,0,0,0
2023-11-06,BREAD,Mex Choc,0,3,3,1,0,0,2,0,0,0,0,0,0,0
2023-11-06,BREAD,Pump Choc,0,5,5,5,0,0,0,0,0,0,0,0,0,0
2023-11-06,BREAD,Pump Crumb,0,3,3,2,0,0,1,0,0,0,0,0,0,0
2023-11-06,ROLLS,C-Rolls,0,24,24,21,0,3,0,0,0,0,0,0,0,0
2023-11-06,ROLLS,Pump C-Rolls,0,12,12,6,0,6,0,0,0,0,0,0,0,0
2023-11-06,ROLLS,Mini C-Roll,0,0,0,0,0,0,0,0,0,0,0,0,0,0
2023-11-06,SCONES,Blueberry,0,0,0,0,0,0,0,0,0,0,0,0,0,0
2023-11-06,SCONES,App Cran,0,11,11,7,0,4,0,0,0,0,0,0,0,0
2023-11-06,SCONES,Cherry,0,0,0,0,0,0,0,0,0,0,0,0,0,0
2023-11-06,SCONES,Butt Almond,0,0,0,0,0,0,0,0,0,0,0,0,0,0
2023-11-06,SCONES,Turtle,0,0,0,0,0,0,0,0,0,0,0,0,0,0
2023-11-06,SCONES,Cin Chip,0,11,11,10,0,1,0,0,0,0,0,0,0,0
2023-11-06,SCONES,Pump Spice,0,6,6,2,0,4,0,0,0,0,0,0,0,0
2023-11-06,SCONES,FRUIT BAR,0,0,0,0,0,0,0,0,0,0,0,0,0,0
2023-11-06,SCONES,Triple berry,0,5,5,5,0,0,0,0,0,0,0,0,0,0
2023-11-06,SCONES,cherry,0,5,5,5,0,0,0,0,0,0,0,0,0,0
2023-11-06,SCONES,apple cin,0,0,0,0,0,0,0,0,0,0,0,0,0,0
2023-11-06,SCONES,App Cran,0,0,0,0,0,0,0,0,0,0,0,0,0,0
2023-11-06,MUFFINS,Blue Stru,0,3,3,2,0,1,0,0,0,0,0,0,0,0
2023-11-06,MUFFINS,Mex Choc,0,2,2,1,0,1,0,0,0,0,0,0,0,0
2023-11-06,MUFFINS,Pump Choc,0,3,3,3,0,0,0,0,0,0,0,0,0,0
2023-11-06,MUFFINS,Pump Crumb,0,2,2,1,0,1,0,0,0,0,0,0,0,0
2023-11-06,COOKIES/BARS,oat cc,0,30,30,3,0,0,27,0,0,0,0,0,0,0
2023-11-06,COOKIES/BARS,triple cc,0,30,30,27,0,0,3,0,0,0,0,0,0,0
2023-11-06,COOKIES/BARS,Snickerdoodle,0,30,30,24,0,0,6,0,0,0,0,0,0,0
2023-11-06,COOKIES/BARS,Frosted,0,12,12,5,0,0,7,0,0,0,0,0,0,0
2023-11-06,COOKIES/BARS,Brownie,5,15,20,3,0,0,17,0,0,0,0,0,0,0
2023-11-06,COOKIES/BARS,Pump Bar,6,20,26,6,0,0,20,0,0,0,0,0,0,0
2023-11-06,COOKIES/BARS,Pump,3,0,3,1,0,2,0,0,0,0,0,0,0,0
2023-11-06,COOKIES/BARS,Pecan,1,0,1,1,0,0,0,0,0,0,0,0,0,0
2023-11-06,COOKIES/BARS,Ap,0,0,0,-1,0,1,0,0,0,0,0,0,0,0
2023-11-06,COOKIES/BARS,Cran Ap,6,0,6,6,0,0,0,0,0,0,0,0,0,0
2023-11-06,COOKIES/BARS,Pump Ohhh,0,0,0,-5,0,0,5,0,0,0,-4,0,0,4
2023-11-06,COOKIES/BARS,Totals,0,221,235,126,0,24,85,7,0,7,3,0,0,4
2023-11-07,BREAD,H,13,27,40,8,10,0,22,0,0,0,0,0,0,0
2023-11-07,BREAD,FR,10,11,21,13,0,0,8,0,0,0,0,0,0,0
2023-11-07,BREAD,GW,1,5,6,2,1,0,3,0,0,0,0,0,0,0
2023-11-07,BREAD,DK,3,0,3,3,0,0,0,0,0,0,0,0,0,0
2023-11-07,BREAD,H5,0,11,11,8,1,0,2,0,0,0,0,0,0,0
2023-11-07,BREAD,CSWRL,8,9,17,13,2,2,0,0,5,5,4,0,0,1
2023-11-07,BREAD,Pump SWL,2,8,10,2,0,1,7,0,4,4,1,0,0,3
2023-11-07,BREAD,CnE,1,7,8,7,0,0,1,0,3,3,0,0,0,3
2023-11-07,BREAD,CnR,0,2,2,0,0,0,2,0,0,0,0,0,0,0
2023-11-07,BREAD,RW,0,2,2,2,0,0,0,0,0,0,0,0,0,0
2023-11-07,BREAD,Monkey,1,3,4,1,0,0,3,0,0,0,0,0,0,0
2023-11-07,BREAD,CB,0,5,5,2,0,0,3,0,4,4,4,0,0,0
2023-11-07,BREAD,CrO,0,14,14,4,2,0,8,0,4,4,4,0,0,0
2023-11-07,BREAD,POP,8,0,8,6,0,2,0,0,0,0,0,0,0,0
2023-11-07,BREAD,STUFF,0,0,0,0,0,0,0,0,0,0,0,0,0,0
2023-11-07,BREAD,PUMA,3,0,3,2,0,1,0,0,0,0,0,0,0,0
2023-11-07,BREAD,VS,0,15,15,5,0,0,10,0,4,4,3,0,0,1
2023-11-07,BREAD,Turkey,3,0,3,0,0,0,3,0,0,0,0,0,0,0
2023-11-07,BREAD,sour-TL,2,0,2,2,0,0,0,0,0,0,0,0,0,0
2023-11-07,BREAD,OB,1,0,1,1,0,0,0,0,0,0,0,0,0,0
2023-11-07,BREAD,Pepp Roll,3,0,3,2,0,1,0,0,0,0,0,0,0,0
2023-11-07,BREAD,VS Pep Rl,0,6,6,2,0,0,4,0,2,2,1,0,0,1
2023-11-07,BREAD,CAR,0,0,0,-2,0,0,2,0,0,0,0,0,0,0
2023-11-07,BREAD,IHF,0,0,0,-8,0,0,8,0,0,0,0,0,0,0
2023-11-07,BREAD,POP-RLS,0,0,0,0,0,0,0,0,0,0,0,0,0,0
2023-11-07,BREAD,CrO-RLS,0,0,0,0,0,0,0,0,0,0,0,0,0,0
2023-11-07,BREAD,BUT-RLS,0,0,0,0,0,0,0,0,0,0,0,0,0,0
2023-11-07,BREAD,H-RLS,1,2,3,2,0,0,1,0,0,0,0,0,0,0
2023-11-07,BREAD,FR-RLS,1,2,3,2,0,0,1,0,0,0,0,0,0,0
2023-11-07,BREAD,VS-RLS,0,4,4,2,0,0,2,0,0,0,0,0,0,0
2023-11-07,BREAD,TEA CAKES,0,0,0,0,0,0,0,0,0,0,0,0,0,0
2023-11-07,BREAD,Blue Stru,0,6,6,4,2,0,0,0,0,0,0,0,0,0
2023-11-07,BREAD,Mex Choc,2,3,5,2,2,1,0,0,0,0,0,0,0,0
2023-11-07,BREAD,Pump Choc,0,5,5,5,0,0,0,0,0,0,0,0,0,0
2023-11-07,BREAD,Pump Crumb,1,2,3,3,0,0,0,0,0,0,0,0,0,0
2023-11-07,ROLLS,C-Rolls,0,24,24,20,0,4,0,0,0,0,0,0,0,0
2023-11-07,ROLLS,Pump C-Rolls,0,12,12,7,0,5,0,0,0,0,0,0,0,0
2023-11-07,ROLLS,Mini C-Roll,0,0,0,0,0,0,0,0,0,0,0,0,0,0
2023-11-07,SCONES,Blueberry,0,12,12,11,0,1,0,0,9,9,0,0,0,0
2023-11-07,SCONES,App Cran,0,0,0,0,0,0,0,0,0,0,0,0,0,0
2023-11-07,SCONES,Cherry,0,0,0,0,0,0,0,0,0,0,0,0,0,0
2023-11-07,SCONES,Butt Almond,0,0,0,0,0,0,0,0,0,0,0,0,0,0
2023-11-07,SCONES,Turtle,0,0,0,0,0,0,0,0,0,0,0,0,0,0
2023-11-07,SCONES,Cin Chip,0,12,12,11,0,1,0,0,9,9,0,0,0,0
2023-11-07,SCONES,Pump Spice,0,6,6,4,0,2,0,0,0,0,0,0,0,0
2023-11-07,SCONES,FRUIT BAR,0,0,0,0,0,0,0,0,0,0,0,0,0,0
2023-11-07,SCONES,Triple berry,0,5,5,3,2,0,0,0,0,0,0,0,0,0
2023-11-07,SCONES,cherry,0,5,5,2,2,1,0,0,0,0,0,0,0,0
2023-11-07,SCONES,apple cin,0,5,5,1,2,2,0,0,0,0,0,0,0,0
2023-11-07,SCONES,App Cran,0,5,5,1,2,2,0,0,0,0,0,0,0,0
2023-11-07,MUFFINS,Blue Stru,0,4,4,3,0,1,0,0,0,0,0,0,0,0
2023-11-07,MUFFINS,Mex Choc,0,3,3,2,0,1,0,0,0,0,0,0,0,0
2023-11-07,MUFFINS,Pump Choc,0,4,4,3,0,1,0,0,10,10,0,0,0,0
2023-11-07,MUFFINS,Pump Crumb,0,3,3,1,0,2,0,0,10,10,0,0,0,0
2023-11-07,COOKIES/BARS,oat cc,27,6,33,8,0,22,3,0,0,0,0,0,0,0
2023-11-07,COOKIES/BARS,triple cc,3,30,33,33,0,0,0,0,0,0,0,0,0,0
2023-11-07,COOKIES/BARS,Snickerdoodle,6,24,30,17,0,6,7,0,0,0,0,0,0,0
2023-11-07,COOKIES/BARS,Frosted,7,6,13,6,0,0,7,0,0,0,0,0,0,0
2023-11-07,COOKIES/BARS,Brownie,17,0,17,1,0,4,12,0,0,0,0,0,0,0
2023-11-07,COOKIES/BARS,Pump Bar,20,0,20,11,0,0,9,0,0,0,0,0,0,0
2023-11-07,COOKIES/BARS,Pump,0,0,0,0,0,0,0,0,0,0,0,0,0,0
2023-11-07,COOKIES/BARS,Pecan,0,0,0,0,0,0,0,0,0,0,0,0,0,0
2023-11-07,COOKIES/BARS,Ap,0,0,0,0,0,0,0,0,0,0,0,0,0,0
2023-11-07,COOKIES/BARS,Cran Ap,0,0,0,0,0,0,0,0,0,0,0,0,0,0
2023-11-07,COOKIES/BARS,Pump Ohhh,5,0,5,0,0,0,5,4,0,4,0,0,0,4
2023-11-07,COOKIES/BARS,Totals,0,166,251,145,8,55,43,4,38,42,0,0,0,4
2023-11-08,BREAD,H,22,16,38,13,5,0,20,0,0,0,0,0,0,0
2023-11-08,BREAD,FR,8,16,24,10,0,0,14,0,0,0,0,0,0,0
2023-11-08,BREAD,GW,3,7,10,3,0,0,7,0,0,0,0,0,0,0
2023-11-08,BREAD,DK,0,13,13,4,0,0,9,0,0,0,0,0,0,0
2023-11-08,BREAD,H5,2,0,2,2,0,0,0,0,0,0,0,0,0,0
2023-11-08,BREAD,CSWRL,0,16,16,5,1,0,10,1,5,6,6,0,0,0
2023-11-08,BREAD,Pump SWL,7,0,7,1,0,6,0,3,0,3,1,0,0,0
2023-11-08,BREAD,CnE,1,4,5,2,3,0,0,3,0,3,0,0,0,2
2023-11-08,BREAD,CnR,2,3,5,3,0,0,2,0,0,0,0,0,0,0
2023-11-08,BREAD,RW,0,4,4,2,0,0,2,0,0,0,0,0,0,0
2023-11-08,BREAD,Monkey,3,4,7,1,0,2,4,0,0,0,0,0,0,0
2023-11-08,BREAD,CB,3,0,3,3,0,0,0,0,0,0,0,0,0,0
2023-11-08,BREAD,CrO,8,0,8,2,0,6,0,0,0,0,0,0,0,0
2023-11-08,BREAD,POP,0,14,14,3,0,0,11,0,3,3,2,0,0,1
2023-11-08,BREAD,STUFF,0,0,0,0,0,0,0,0,0,0,0,0,0,0
2023-11-08,BREAD,PUMA,0,0,0,-4,0,0,4,0,0,0,0,0,0,0
2023-11-08,BREAD,VS,10,0,10,5,0,0,5,1,0,1,1,0,0,0
2023-11-08,BREAD,Turkey,3,0,3,0,0,3,0,0,0,0,0,0,0,0
2023-11-08,BREAD,sour-TL,0,13,13,4,0,0,9,0,0,0,0,0,0,0
2023-11-08,BREAD,OB,0,3,3,2,0,0,1,0,0,0,0,0,0,0
2023-11-08,BREAD,Pepp Roll,0,6,6,0,0,0,6,0,3,3,2,0,0,1
2023-11-08,BREAD,VS Pep Rl,4,0,4,3,0,1,0,1,0,1,1,0,0,0
2023-11-08,BREAD,CAR,2,16,18,18,0,0,0,0,0,0,0,0,0,0
2023-11-08,BREAD,IHF,8,0,8,8,0,0,0,0,0,0,0,0,0,0
2023-11-08,BREAD,POP-RLS,0,0,0,0,0,0,0,0,0,0,0,0,0,0
2023-11-08,BREAD,CrO-RLS,0,0,0,0,0,0,0,0,0,0,0,0,0,0
2023-11-08,BREAD,BUT-RLS,0,0,0,0,0,0,0,0,0,0,0,0,0,0
2023-11-08,BREAD,H-RLS,1,2,3,1,0,0,2,0,0,0,0,0,0,0
2023-11-08,BREAD,FR-RLS,1,3,4,2,0,0,2,0,0,0,0,0,0,0
2023-11-08,BREAD,VS-RLS,2,0,2,2,0,0,0,0,0,0,0,0,0,0
2023-11-08,BREAD,TEA CAKES,0,0,0,0,0,0,0,0,0,0,0,0,0,0
2023-11-08,BREAD,Blue Stru,0,7,7,1,3,0,3,0,0,0,0,0,0,0
2023-11-08,BREAD,Mex Choc,0,3,3,1,0,0,2,0,0,0,0,0,0,0
2023-11-08,BREAD,Pump Choc,0,4,4,4,0,0,0,0,0,0,0,0,0,0
2023-11-08,BREAD,Pump Crumb,0,3,3,1,0,0,2,0,0,0,0,0,0,0
2023-11-08,ROLLS,C-Rolls,0,24,24,16,0,8,0,0,0,0,0,0,0,0
2023-11-08,ROLLS,Pump C-Rolls,0,12,12,2,0,10,0,0,0,0,0,0,0,0
2023-11-08,ROLLS,Mini C-Roll,0,0,0,0,0,0,0,0,0,0,0,0,0,0
2023-11-08,SCONES,Blueberry,0,0,0,0,0,0,0,0,0,0,0,0,0,0
2023-11-08,SCONES,App Cran,0,13,13,12,0,1,0,0,7,7,0,0,0,0
2023-11-08,SCONES,Cherry,0,0,0,0,0,0,0,0,0,0,0,0,0,0
2023-11-08,SCONES,Butt Almond,0,0,0,0,0,0,0,0,0,0,0,0,0,0
2023-11-08,SCONES,Turtle,0,13,13,13,0,0,0,0,7,7,0,0,0,0
2023-11-08,SCONES,Cin Chip,0,0,0,0,0,0,0,0,0,0,0,0,0,0
2023-11-08,SCONES,Pump Spice,0,8,8,3,0,5,0,0,0,0,0,0,0,0
2023-11-08,SCONES,FRUIT BAR,0,0,0,0,0,0,0,0,0,0,0,0,0,0
2023-11-08,SCONES,Triple berry,0,5,5,3,1,1,0,0,0,0,0,0,0,0
2023-11-08,SCONES,cherry,0,5,5,4,1,0,0,0,0,0,0,0,0,0
2023-11-08,SCONES,apple cin,0,5,5,3,2,0,0,0,0,0,0,0,0,0
2023-11-08,SCONES,App Cran,0,5,5,3,2,0,0,0,0,0,0,0,0,0
2023-11-08,MUFFINS,Blue Stru,0,4,4,1,0,3,0,0,0,0,0,0,0,0
2023-11-08,MUFFINS,Mex Choc,0,3,3,1,0,2,0,0,2,2,0,0,0,0
2023-11-08,MUFFINS,Pump Choc,0,4,4,4,0,0,0,0,6,6,0,0,0,0
2023-11-08,MUFFINS,Pump Crumb,0,3,3,2,0,1,0,0,6,6,0,0,0,0
2023-11-08,COOKIES/BARS,oat cc,3,54,57,12,24,0,21,0,0,0,0,0,0,0
2023-11-08,COOKIES/BARS,triple cc,0,54,54,20,24,0,10,0,0,0,0,0,0,0
2023-11-08,COOKIES/BARS,Snickerdoodle,7,48,55,15,24,0,16,0,0,0,0,0,0,0
2023-11-08,COOKIES/BARS,Frosted,7,12,19,-1,0,0,20,0,0,0,0,0,0,0
2023-11-08,COOKIES/BARS,Brownie,12,15,27,1,0,0,26,0,0,0,0,0,0,0
2023-11-08,COOKIES/BARS,Pump Bar,9,20,29,4,0,5,20,0,0,0,0,0,0,0
2023-11-08,COOKIES/BARS,Pump,0,0,0,0,0,0,0,0,0,0,0,0,0,0
2023-11-08,COOKIES/BARS,Pecan,0,0,0,0,0,0,0,0,0,0,0,0,0,0
2023-11-08,COOKIES/BARS,Ap,0,0,0,0,0,0,0,0,0,0,0,0,0,0
2023-11-08,COOKIES/BARS,Cran Ap,0,0,0,0,0,0,0,0,0,0,0,0,0,0
2023-11-08,COOKIES/BARS,Pump Ohhh,5,0,5,5,0,0,0,4,0,4,4,0,0,0
2023-11-08,COOKIES/BARS,Totals,0,307,350,123,78,36,113,4,28,32,4,0,0,0
2023-11-09,BREAD,H,20,14,34,17,0,0,17,0,0,0,0,0,0,0
2023-11-09,BREAD,FR,14,18,32,16,15,0,1,0,0,0,0,0,0,0
2023-11-09,BREAD,GW,7,3,10,4,0,6,0,0,0,0,0,0,0,0
2023-11-09,BREAD,DK,9,0,9,3,0,0,6,0,0,0,0,0,0,0
2023-11-09,BREAD,H5,0,11,11,6,0,0,5,0,0,0,0,0,0,0
2023-11-09,BREAD,CSWRL,10,10,20,7,6,1,6,0,6,6,1,0,0,5
2023-11-09,BREAD,Pump SWL,0,8,8,2,0,0,6,0,4,4,0,0,0,4
2023-11-09,BREAD,CnE,0,9,9,3,0,0,6,2,4,6,6,0,0,0
2023-11-09,BREAD,CnR,2,0,2,2,0,0,0,0,0,0,0,0,0,0
2023-11-09,BREAD,RW,2,3,5,3,0,0,2,0,0,0,0,0,0,0
2023-11-09,BREAD,Monkey,4,0,4,1,0,3,0,0,0,0,0,0,0,0
2023-11-09,BREAD,CB,0,12,12,3,0,0,9,0,4,4,1,0,0,3
2023-11-09,BREAD,CrO,0,13,13,7,0,0,6,0,3,3,3,0,0,0
2023-11-09,BREAD,POP,11,0,11,7,0,4,0,1,0,1,1,0,0,0
2023-11-09,BREAD,STUFF,0,14,14,4,0,0,10,0,0,0,0,0,0,0
2023-11-09,BREAD,PUMA,4,0,4,1,0,3,0,0,0,0,0,0,0,0
2023-11-09,BREAD,VS,5,13,18,9,0,3,6,0,3,3,2,0,0,1
2023-11-09,BREAD,Turkey,0,3,3,0,0,0,3,0,0,0,0,0,0,0
2023-11-09,BREAD,sour-TL,9,0,9,9,0,0,0,0,0,0,0,0,0,0
2023-11-09,BREAD,OB,1,0,1,0,0,1,0,0,0,0,0,0,0,0
2023-11-09,BREAD,Pepp Roll,6,0,6,5,0,1,0,1,0,1,1,0,0,0
2023-11-09,BREAD,VS Pep Rl,0,9,9,0,0,0,9,0,6,6,3,0,0,3
2023-11-09,BREAD,CAR,0,0,0,-13,0,0,13,0,0,0,0,0,0,0
2023-11-09,BREAD,IHF,0,0,0,-3,0,0,3,0,0,0,0,0,0,0
2023-11-09,BREAD,POP-RLS,0,0,0,0,0,0,0,0,0,0,0,0,0,0
2023-11-09,BREAD,CrO-RLS,0,4,4,2,0,0,2,0,0,0,0,0,0,0
2023-11-09,BREAD,BUT-RLS,0,52,52,5,27,0,20,0,0,0,0,0,0,0
2023-11-09,BREAD,H-RLS,2,0,2,2,0,0,0,0,0,0,0,0,0,0
2023-11-09,BREAD,FR-RLS,2,0,2,2,0,0,0,0,0,0,0,0,0,0
2023-11-09,BREAD,VS-RLS,0,6,6,2,0,0,4,0,0,0,0,0,0,0
2023-11-09,BREAD,TEA CAKES,0,0,0,0,0,0,0,0,0,0,0,0,0,0
2023-11-09,BREAD,Blue Stru,3,4,7,3,3,0,1,0,0,0,0,0,0,0
2023-11-09,BREAD,Mex Choc,2,10,12,3,6,1,2,0,0,0,0,0,0,0
2023-11-09,BREAD,Pump Choc,0,7,7,3,0,0,4,0,0,0,0,0,0,0
2023-11-09,BREAD,Pump Crumb,2,9,11,2,7,1,1,0,0,0,0,0,0,0
2023-11-09,ROLLS,C-Rolls,0,24,24,21,0,3,0,0,0,0,0,0,0,0
2023-11-09,ROLLS,Pump C-Rolls,0,12,12,4,0,8,0,0,0,0,0,0,0,0
2023-11-09,ROLLS,Mini C-Roll,0,48,48,0,48,0,0,0,0,0,0,0,0,0
2023-11-09,SCONES,Blueberry,0,12,12,9,0,3,0,0,22,22,0,0,0,0
2023-11-09,SCONES,App Cran,0,0,0,0,0,0,0,0,0,0,0,0,0,0
2023-11-09,SCONES,Cherry,0,0,0,0,0,0,0,0,0,0,0,0,0,0
2023-11-09,SCONES,Butt Almond,0,0,0,0,0,0,0,0,0,0,0,0,0,0
2023-11-09,SCONES,Turtle,0,10,10,9,0,1,0,0,22,22,0,0,0,0
2023-11-09,SCONES,Cin Chip,0,0,0,0,0,0,0,0,0,0,0,0,0,0
2023-11-09,SCONES,Pump Spice,0,8,8,1,0,7,0,0,20,20,0,0,0,0
2023-11-09,SCONES,FRUIT BAR,0,0,0,0,0,0,0,0,0,0,0,0,0,0
2023-11-09,SCONES,Triple berry,0,10,10,0,9,1,0,0,0,0,0,0,0,0
2023-11-09,SCONES,cherry,0,10,10,0,8,2,0,0,0,0,0,0,0,0
2023-11-09,SCONES,apple cin,0,10,10,1,8,1,0,0,0,0,0,0,0,0
2023-11-09,SCONES,App Cran,0,10,10,-1,8,3,0,0,0,0,0,0,0,0
2023-11-09,MUFFINS,Blue Stru,0,5,5,4,0,1,0,0,32,32,0,0,0,0
2023-11-09,MUFFINS,Mex Choc,0,4,4,3,0,1,0,0,0,0,0,0,0,0
2023-11-09,MUFFINS,Pump Choc,0,6,6,0,0,6,0,0,32,32,0,0,0,0
2023-11-09,MUFFINS,Pump Crumb,0,3,3,2,0,1,0,0,0,0,0,0,0,0
2023-11-09,COOKIES/BARS,oat cc,21,24,45,20,11,1,13,0,12,12,0,0,0,0
2023-11-09,COOKIES/BARS,triple cc,10,24,34,15,12,0,7,0,12,12,0,0,0,0
2023-11-09,COOKIES/BARS,Snickerdoodle,16,30,46,6,12,12,16,0,12,12,0,0,0,0
2023-11-09,COOKIES/BARS,Frosted,20,0,20,8,0,0,12,0,0,0,0,0,0,0
2023-11-09,COOKIES/BARS,Brownie,26,0,26,7,7,4,8,0,0,0,0,0,0,0
2023-11-09,COOKIES/BARS,Pump Bar,20,0,20,8,8,0,4,0,0,0,0,0,0,0
2023-11-09,COOKIES/BARS,Pump,0,9,9,1,0,0,8,0,0,0,0,0,0,0
2023-11-09,COOKIES/BARS,Pecan,0,6,6,2,0,0,4,0,0,0,0,0,0,0
2023-11-09,COOKIES/BARS,Ap,0,7,7,3,0,0,4,0,0,0,0,0,0,0
2023-11-09,COOKIES/BARS,Cran Ap,0,7,7,3,0,0,4,0,0,0,0,0,0,0
2023-11-09,COOKIES/BARS,Pump Ohhh,0,0,0,-5,0,0,5,0,0,0,-4,0,0,4
2023-11-09,COOKIES/BARS,Totals,0,266,379,116,131,55,77,0,177,177,1,0,0,12
2023-11-10,BREAD,H,17,27,44,14,17,0,13,0,0,0,0,0,0,0
2023-11-10,BREAD,FR,1,27,28,15,0,0,13,0,0,0,0,0,0,0
2023-11-10,BREAD,GW,0,8,8,5,0,0,3,0,0,0,0,0,0,0
2023-11-10,BREAD,DK,6,14,20,8,0,0,12,0,0,0,0,0,0,0
2023-11-10,BREAD,H5,5,0,5,5,0,0,0,0,0,0,0,0,0,0
2023-11-10,BREAD,CSWRL,6,16,22,13,1,0,8,5,3,8,2,0,0,3
2023-11-10,BREAD,Pump SWL,6,8,14,13,0,0,1,4,0,4,4,0,0,0
2023-11-10,BREAD,CnE,6,6,12,10,0,0,2,0,4,4,3,0,0,1
2023-11-10,BREAD,CnR,0,6,6,0,0,0,6,0,0,0,0,0,0,0
2023-11-10,BREAD,RW,2,5,7,1,0,0,6,0,0,0,0,0,0,0
2023-11-10,BREAD,Monkey,0,6,6,1,0,0,5,0,0,0,0,0,0,0
2023-11-10,BREAD,CB,9,0,9,4,0,0,5,3,0,3,2,0,0,1
2023-11-10,BREAD,CrO,6,0,6,2,0,0,4,0,0,0,0,0,0,0
2023-11-10,BREAD,POP,0,10,10,7,0,0,3,0,8,8,4,0,0,4
2023-11-10,BREAD,STUFF,10,0,10,3,0,0,7,0,0,0,0,0,0,0
2023-11-10,BREAD,PUMA,0,5,5,0,0,0,5,0,0,0,0,0,0,0
2023-11-10,BREAD,VS,6,37,43,-8,30,0,21,1,33,34,4,0,0,0
2023-11-10,BREAD,Turkey,3,0,3,0,0,0,3,0,0,0,0,0,0,0
2023-11-10,BREAD,sour-TL,0,14,14,9,0,0,5,0,0,0,0,0,0,0
2023-11-10,BREAD,OB,0,8,8,3,0,0,5,0,0,0,0,0,0,0
2023-11-10,BREAD,Pepp Roll,0,0,0,0,0,0,0,0,0,0,0,0,0,0
2023-11-10,BREAD,VS Pep Rl,9,0,9,4,0,0,5,3,0,3,3,0,0,0
2023-11-10,BREAD,CAR,13,0,13,-2,0,0,15,0,0,0,0,0,0,0
2023-11-10,BREAD,IHF,3,0,3,3,0,0,0,0,0,0,0,0,0,0
2023-11-10,BREAD,POP-RLS,0,3,3,3,0,0,0,0,0,0,0,0,0,0
2023-11-10,BREAD,CrO-RLS,2,0,2,-1,0,0,3,0,0,0,0,0,0,0
2023-11-10,BREAD,BUT-RLS,20,0,20,7,0,0,13,0,0,0,0,0,0,0
2023-11-10,BREAD,H-RLS,0,4,4,0,0,0,4,0,0,0,0,0,0,0
2023-11-10,BREAD,FR-RLS,0,4,4,0,4,0,0,0,0,0,0,0,0,0
2023-11-10,BREAD,VS-RLS,4,0,4,0,0,0,4,0,0,0,0,0,0,0
2023-11-10,BREAD,TEA CAKES,0,0,0,0,0,0,0,0,0,0,0,0,0,0
2023-11-10,BREAD,Blue Stru,1,5,6,1,1,0,4,0,0,0,0,0,0,0
2023-11-10,BREAD,Mex Choc,2,2,4,1,0,1,2,0,0,0,0,0,0,0
2023-11-10,BREAD,Pump Choc,4,3,7,5,1,0,1,0,0,0,0,0,0,0
2023-11-10,BREAD,Pump Crumb,1,3,4,3,0,0,1,0,0,0,0,0,0,0
2023-11-10,ROLLS,C-Rolls,0,36,36,23,4,9,0,0,0,0,0,0,0,0
2023-11-10,ROLLS,Pump C-Rolls,0,12,12,7,0,5,0,0,0,0,0,0,0,0
2023-11-10,ROLLS,Mini C-Roll,0,24,24,0,24,0,0,0,0,0,0,0,0,0
2023-11-10,SCONES,Blueberry,0,0,0,0,0,0,0,0,0,0,0,0,0,0
2023-11-10,SCONES,App Cran,0,0,0,0,0,0,0,0,0,0,0,0,0,0
2023-11-10,SCONES,Cherry,0,9,9,9,0,0,0,0,3,3,0,0,0,0
2023-11-10,SCONES,Butt Almond,0,10,10,10,0,0,0,0,3,3,0,0,0,0
2023-11-10,SCONES,Turtle,0,0,0,0,0,0,0,0,0,0,0,0,0,0
2023-11-10,SCONES,Cin Chip,0,0,0,0,0,0,0,0,0,0,0,0,0,0
2023-11-10,SCONES,Pump Spice,0,8,8,8,0,0,0,0,2,2,0,0,0,0
2023-11-10,SCONES,FRUIT BAR,0,0,0,0,0,0,0,0,0,0,0,0,0,0
2023-11-10,SCONES,Triple berry,0,5,5,2,2,1,0,0,0,0,0,0,0,0
2023-11-10,SCONES,cherry,0,5,5,3,2,0,0,0,0,0,0,0,0,0
2023-11-10,SCONES,apple cin,0,5,5,3,1,1,0,0,0,0,0,0,0,0
2023-11-10,SCONES,App Cran,0,5,5,4,0,1,0,0,0,0,0,0,0,0
2023-11-10,MUFFINS,Blue Stru,0,4,4,4,0,0,0,0,0,0,0,0,0,0
2023-11-10,MUFFINS,Mex Choc,0,4,4,4,0,0,0,0,2,2,0,0,0,0
2023-11-10,MUFFINS,Pump Choc,0,5,5,5,0,0,0,0,2,2,0,0,0,0
2023-11-10,MUFFINS,Pump Crumb,0,3,3,3,0,0,0,0,2,2,0,0,0,0
2023-11-10,COOKIES/BARS,oat cc,13,24,37,16,6,0,15,0,2,2,1,0,0,0
2023-11-10,COOKIES/BARS,triple cc,7,60,67,21,35,0,11,0,4,4,2,0,0,0
2023-11-10,COOKIES/BARS,Snickerdoodle,16,24,40,20,6,2,12,0,0,0,0,0,0,0
2023-11-10,COOKIES/BARS,Frosted,12,6,18,4,0,0,14,0,0,0,0,0,0,0
2023-11-10,COOKIES/BARS,Brownie,8,40,48,-6,22,0,32,0,0,0,0,0,0,0
2023-11-10,COOKIES/BARS,Pump Bar,4,40,44,13,20,0,11,0,0,0,0,0,0,0
2023-11-10,COOKIES/BARS,Pump,8,0,8,3,0,0,5,0,0,0,0,0,0,0
2023-11-10,COOKIES/BARS,Pecan,4,0,4,4,0,0,0,0,0,0,0,0,0,0
2023-11-10,COOKIES/BARS,Ap,4,0,4,4,0,0,0,0,0,0,0,0,0,0
2023-11-10,COOKIES/BARS,Cran Ap,4,0,4,4,0,0,0,0,0,0,0,0,0,0
2023-11-10,COOKIES/BARS,Pump Ohhh,5,0,5,2,0,0,3,4,0,4,1,0,0,3
2023-11-10,COOKIES/BARS,Totals,0,329,406,162,122,19,103,12,20,32,12,0,0,3
2023-11-11,BREAD,H,13,0,13,8,0,5,0,0,0,0,0,0,0,0
2023-11-11,BREAD,FR,13,0,13,13,0,0,0,0,0,0,0,0,0,0
2023-11-11,BREAD,GW,3,0,3,3,0,0,0,0,0,0,0,0,0,0
2023-11-11,BREAD,DK,12,0,12,4,0,8,0,0,0,0,0,0,0,0
2023-11-11,BREAD,H5,0,0,0,0,0,0,0,0,0,0,0,0,0,0
2023-11-11,BREAD,CSWRL,8,6,14,12,1,1,0,3,4,7,2,0,0,0
2023-11-11,BREAD,Pump SWL,1,4,5,3,0,2,0,0,4,4,2,0,0,0
2023-11-11,BREAD,CnE,2,0,2,2,0,0,0,1,0,1,0,0,0,0
2023-11-11,BREAD,CnR,6,0,6,6,0,0,0,0,0,0,0,0,0,0
2023-11-11,BREAD,RW,6,0,6,1,0,5,0,0,0,0,0,0,0,0
2023-11-11,BREAD,Monkey,5,0,5,4,0,1,0,0,0,0,0,0,0,0
2023-11-11,BREAD,CB,5,0,5,2,0,3,0,1,0,1,0,0,0,0
2023-11-11,BREAD,CrO,4,0,4,4,0,0,0,0,0,0,0,0,0,0
2023-11-11,BREAD,POP,3,0,3,3,0,0,0,4,0,4,4,0,0,0
2023-11-11,BREAD,STUFF,7,0,7,3,0,4,0,0,0,0,0,0,0,0
2023-11-11,BREAD,PUMA,5,0,5,0,0,5,0,0,0,0,0,0,0,0
2023-11-11,BREAD,VS,21,0,21,6,0,15,0,0,0,0,0,0,0,0
2023-11-11,BREAD,Turkey,3,0,3,0,0,3,0,0,0,0,0,0,0,0
2023-11-11,BREAD,sour-TL,5,0,5,5,0,0,0,0,0,0,0,0,0,0
2023-11-11,BREAD,OB,5,0,5,5,0,0,0,0,0,0,0,0,0,0
2023-11-11,BREAD,Pepp Roll,0,0,0,0,0,0,0,0,0,0,0,0,0,0
2023-11-11,BREAD,VS Pep Rl,5,0,5,4,0,1,0,0,0,0,0,0,0,0
2023-11-11,BREAD,CAR,15,0,15,2,0,0,13,0,0,0,0,0,0,0
2023-11-11,BREAD,IHF,0,25,25,10,0,0,15,0,0,0,0,0,0,0
2023-11-11,BREAD,POP-RLS,0,0,0,-2,0,2,0,0,0,0,0,0,0,0
2023-11-11,BREAD,CrO-RLS,3,0,3,3,0,0,0,0,0,0,0,0,0,0
2023-11-11,BREAD,BUT-RLS,13,0,13,8,0,5,0,0,0,0,0,0,0,0
2023-11-11,BREAD,H-RLS,4,0,4,3,0,1,0,0,0,0,0,0,0,0
2023-11-11,BREAD,FR-RLS,0,0,0,0,0,0,0,0,0,0,0,0,0,0
2023-11-11,BREAD,VS-RLS,4,0,4,4,0,0,0,0,0,0,0,0,0,0
2023-11-11,BREAD,TEA CAKES,0,0,0,0,0,0,0,0,0,0,0,0,0,0
2023-11-11,BREAD,Blue Stru,4,1,5,4,1,0,0,0,0,0,0,0,0,0
2023-11-11,BREAD,Mex Choc,2,1,3,1,0,2,0,0,0,0,0,0,0,0
2023-11-11,BREAD,Pump Choc,1,3,4,4,0,0,0,0,0,0,0,0,0,0
2023-11-11,BREAD,Pump Crumb,1,2,3,2,0,1,0,0,0,0,0,0,0,0
2023-11-11,ROLLS,C-Rolls,0,48,48,39,9,0,0,0,0,0,0,0,0,0
2023-11-11,ROLLS,Pump C-Rolls,0,12,12,9,0,3,0,0,0,0,0,0,0,0
2023-11-11,ROLLS,Mini C-Roll,0,0,0,0,0,0,0,0,0,0,0,0,0,0
2023-11-11,SCONES,Blueberry,0,9,9,9,0,0,0,0,3,3,0,0,0,0
2023-11-11,SCONES,App Cran,0,0,0,0,0,0,0,0,0,0,0,0,0,0
2023-11-11,SCONES,Cherry,0,0,0,0,0,0,0,0,0,0,0,0,0,0
2023-11-11,SCONES,Butt Almond,0,10,10,10,0,0,0,0,3,3,0,0,0,0
2023-11-11,SCONES,Turtle,0,0,0,0,0,0,0,0,0,0,0,0,0,0
2023-11-11,SCONES,Cin Chip,0,0,0,0,0,0,0,0,0,0,0,0,0,0
2023-11-11,SCONES,Pump Spice,0,8,8,6,0,2,0,0,2,2,0,0,0,0
2023-11-11,SCONES,FRUIT BAR,0,0,0,0,0,0,0,0,0,0,0,0,0,0
2023-11-11,SCONES,Triple berry,0,5,5,4,1,0,0,0,0,0,0,0,0,0
2023-11-11,SCONES,cherry,0,5,5,3,1,1,0,0,0,0,0,0,0,0
2023-11-11,SCONES,apple cin,0,5,5,4,1,0,0,0,0,0,0,0,0,0
2023-11-11,SCONES,App Cran,0,5,5,4,0,1,0,0,0,0,0,0,0,0
2023-11-11,MUFFINS,Blue Stru,0,4,4,4,0,0,0,0,0,0,0,0,0,0
2023-11-11,MUFFINS,Mex Choc,0,3,3,1,0,2,0,0,2,2,0,0,0,0
2023-11-11,MUFFINS,Pump Choc,0,4,4,4,0,0,0,0,2,2,0,0,0,0
2023-11-11,MUFFINS,Pump Crumb,0,3,3,2,0,1,0,0,2,2,0,0,0,0
2023-11-11,COOKIES/BARS,oat cc,15,6,21,2,0,19,0,0,0,0,0,0,0,0
2023-11-11,COOKIES/BARS,triple cc,11,6,17,12,0,5,0,0,0,0,0,0,0,0
2023-11-11,COOKIES/BARS,Snickerdoodle,12,12,24,12,0,12,0,0,0,0,0,0,0,0
2023-11-11,COOKIES/BARS,Frosted,14,0,14,6,0,8,0,0,0,0,0,0,0,0
2023-11-11,COOKIES/BARS,Brownie,32,0,32,5,0,3,24,0,0,0,0,0,0,0
2023-11-11,COOKIES/BARS,Pump Bar,11,20,31,9,0,2,20,0,0,0,0,0,0,0
2023-11-11,COOKIES/BARS,Pump,5,0,5,2,0,3,0,0,0,0,0,0,0,0
2023-11-11,COOKIES/BARS,Pecan,0,0,0,-1,0,1,0,0,0,0,0,0,0,0
2023-11-11,COOKIES/BARS,Ap,0,0,0,0,0,0,0,0,0,0,0,0,0,0
2023-11-11,COOKIES/BARS,Cran Ap,0,0,0,-1,0,1,0,0,0,0,0,0,0,0
2023-11-11,COOKIES/BARS,Pump Ohhh,3,0,3,1,0,0,2,3,0,3,0,0,0,3
2023-11-11,COOKIES/BARS,Totals,0,165,268,148,12,62,46,3,14,17,-2,0,0,3
2023-11-12,BREAD,H,0,0,0,0,0,0,0,0,0,0,0,0,0,0
2023-11-12,BREAD,FR,0,0,0,0,0,0,0,0,0,0,0,0,0,0
2023-11-12,BREAD,GW,0,0,0,0,0,0,0,0,0,0,0,0,0,0
2023-11-12,BREAD,DK,0,0,0,0,0,0,0,0,0,0,0,0,0,0
2023-11-12,BREAD,H5,0,0,0,0,0,0,0,0,0,0,0,0,0,0
2023-11-12,BREAD,CSWRL,0,0,0,0,0,0,0,0,0,0,0,0,0,0
2023-11-12,BREAD,Pump SWL,0,0,0,0,0,0,0,0,0,0,0,0,0,0
2023-11-12,BREAD,CnE,0,0,0,0,0,0,0,0,0,0,0,0,0,0
2023-11-12,BREAD,CnR,0,0,0,0,0,0,0,0,0,0,0,0,0,0
2023-11-12,BREAD,RW,0,0,0,0,0,0,0,0,0,0,0,0,0,0
2023-11-12,BREAD,Monkey,0,0,0,0,0,0,0,0,0,0,0,0,0,0
2023-11-12,BREAD,CB,0,0,0,0,0,0,0,0,0,0,0,0,0,0
2023-11-12,BREAD,CrO,0,0,0,0,0,0,0,0,0,0,0,0,0,0
2023-11-12,BREAD,POP,0,0,0,0,0,0,0,0,0,0,0,0,0,0
2023-11-12,BREAD,STUFF,0,0,0,0,0,0,0,0,0,0,0,0,0,0
2023-11-12,BREAD,PUMA,0,0,0,0,0,0,0,0,0,0,0,0,0,0
2023-11-12,BREAD,VS,0,0,0,0,0,0,0,0,0,0,0,0,0,0
2023-11-12,BREAD,Turkey,0,0,0,0,0,0,0,0,0,0,0,0,0,0
2023-11-12,BREAD,sour-TL,0,0,0,0,0,0,0,0,0,0,0,0,0,0
2023-11-12,BREAD,OB,0,0,0,0,0,0,0,0,0,0,0,0,0,0
2023-11-12,BREAD,Pepp Roll,0,0,0,0,0,0,0,0,0,0,0,0,0,0
2023-11-12,BREAD,VS Pep Rl,0,0,0,0,0,0,0,0,0,0,0,0,0,0
2023-11-12,BREAD,CAR,13,0,13,0,0,0,13,0,0,0,0,0,0,0
2023-11-12,BREAD,IHF,15,0,15,0,0,0,15,0,0,0,0,0,0,0
2023-11-12,BREAD,POP-RLS,0,0,0,0,0,0,0,0,0,0,0,0,0,0
2023-11-12,BREAD,CrO-RLS,0,0,0,0,0,0,0,0,0,0,0,0,0,0
2023-11-12,BREAD,BUT-RLS,0,0,0,0,0,0,0,0,0,0,0,0,0,0
2023-11-12,BREAD,H-RLS,0,0,0,0,0,0,0,0,0,0,0,0,0,0
2023-11-12,BREAD,FR-RLS,0,0,0,0,0,0,0,0,0,0,0,0,0,0
2023-11-12,BREAD,VS-RLS,0,0,0,0,0,0,0,0,0,0,0,0,0,0
2023-11-12,BREAD,TEA CAKES,0,0,0,0,0,0,0,0,0,0,0,0,0,0
2023-11-12,BREAD,Blue Stru,0,0,0,0,0,0,0,0,0,0,0,0,0,0
2023-11-12,BREAD,Mex Choc,0,0,0,0,0,0,0,0,0,0,0,0,0,0
2023-11-12,BREAD,Pump Choc,0,0,0,0,0,0,0,0,0,0,0,0,0,0
2023-11-12,BREAD,Pump Crumb,0,0,0,0,0,0,0,0,0,0,0,0,0,0
2023-11-12,ROLLS,C-Rolls,0,0,0,0,0,0,0,0,0,0,0,0,0,0
2023-11-12,ROLLS,Pump C-Rolls,0,0,0,0,0,0,0,0,0,0,0,0,0,0
2023-11-12,ROLLS,Mini C-Roll,0,0,0,0,0,0,0,0,0,0,0,0,0,0
2023-11-12,SCONES,Blueberry,0,0,0,0,0,0,0,0,0,0,0,0,0,0
2023-11-12,SCONES,App Cran,0,0,0,0,0,0,0,0,0,0,0,0,0,0
2023-11-12,SCONES,Cherry,0,0,0,0,0,0,0,0,0,0,0,0,0,0
2023-11-12,SCONES,Butt Almond,0,0,0,0,0,0,0,0,0,0,0,0,0,0
2023-11-12,SCONES,Turtle,0,0,0,0,0,0,0,0,0,0,0,0,0,0
2023-11-12,SCONES,Cin Chip,0,0,0,0,0,0,0,0,0,0,0,0,0,0
2023-11-12,SCONES,Pump Spice,0,0,0,0,0,0,0,0,0,0,0,0,0,0
2023-11-12,SCONES,FRUIT BAR,0,0,0,0,0,0,0,0,0,0,0,0,0,0
2023-11-12,SCONES,Triple berry,0,0,0,0,0,0,0,0,0,0,0,0,0,0
2023-11-12,SCONES,cherry,0,0,0,0,0,0,0,0,0,0,0,0,0,0
2023-11-12,SCONES,apple cin,0,0,0,0,0,0,0,0,0,0,0,0,0,0
2023-11-12,SCONES,App Cran,0,0,0,0,0,0,0,0,0,0,0,0,0,0
2023-11-12,MUFFINS,Blue Stru,0,0,0,0,0,0,0,0,0,0,0,0,0,0
2023-11-12,MUFFINS,Mex Choc,0,0,0,0,0,0,0,0,0,0,0,0,0,0
2023-11-12,MUFFINS,Pump Choc,0,0,0,0,0,0,0,0,0,0,0,0,0,0
2023-11-12,MUFFINS,Pump Crumb,0,0,0,0,0,0,0,0,0,0,0,0,0,0
2023-11-12,COOKIES/BARS,oat cc,0,0,0,0,0,0,0,0,0,0,0,0,0,0
2023-11-12,COOKIES/BARS,triple cc,0,0,0,0,0,0,0,0,0,0,0,0,0,0
2023-11-12,COOKIES/BARS,Snickerdoodle,0,0,0,0,0,0,0,0,0,0,0,0,0,0
2023-11-12,COOKIES/BARS,Frosted,0,0,0,0,0,0,0,0,0,0,0,0,0,0
2023-11-12,COOKIES/BARS,Brownie,24,0,24,0,0,0,24,0,0,0,0,0,0,0
2023-11-12,COOKIES/BARS,Pump Bar,20,0,20,0,0,0,20,0,0,0,0,0,0,0
2023-11-12,COOKIES/BARS,Pump,0,0,0,0,0,0,0,0,0,0,0,0,0,0
2023-11-12,COOKIES/BARS,Pecan,0,0,0,0,0,0,0,0,0,0,0,0,0,0
2023-11-12,COOKIES/BARS,Ap,0,0,0,0,0,0,0,0,0,0,0,0,0,0
2023-11-12,COOKIES/BARS,Cran Ap,0,0,0,0,0,0,0,0,0,0,0,0,0,0
2023-11-12,COOKIES/BARS,Pump Ohhh,2,0,2,0,0,0,2,3,0,3,0,0,0,3
2023-11-12,COOKIES/BARS,Totals,46,0,46,0,0,0,46,3,0,3,0,0,0,3
2023-11-13,BREAD,H,0,30,30,9,20,0,1,0,0,0,0,0,0,0
2023-11-13,BREAD,FR,0,42,42,11,30,0,1,0,0,0,0,0,0,0
2023-11-13,BREAD,GW,0,2,2,2,0,0,0,0,0,0,0,0,0,0
2023-11-13,BREAD,DK,0,13,13,9,0,0,4,0,0,0,0,0,0,0
2023-11-13,BREAD,H5,0,0,0,0,0,0,0,0,0,0,0,0,0,0
2023-11-13,BREAD,CSWRL,0,16,16,15,1,0,0,0,4,4,4,0,0,0
2023-11-13,BREAD,Pump SWL,0,8,8,8,0,0,0,0,3,3,3,0,0,0
2023-11-13,BREAD,CnE,0,5,5,4,0,0,1,0,2,2,2,0,0,0
2023-11-13,BREAD,CnR,0,3,3,1,0,0,2,0,0,0,0,0,0,0
2023-11-13,BREAD,RW,0,3,3,1,0,0,2,0,0,0,0,0,0,0
2023-11-13,BREAD,Monkey,0,3,3,1,0,0,2,0,0,0,0,0,0,0
2023-11-13,BREAD,CB,0,0,0,0,0,0,0,0,0,0,0,0,0,0
2023-11-13,BREAD,CrO,0,0,0,0,0,0,0,0,0,0,0,0,0,0
2023-11-13,BREAD,POP,0,4,4,4,0,0,0,0,3,3,2,0,0,1
2023-11-13,BREAD,STUFF,0,0,0,0,0,0,0,0,0,0,0,0,0,0
2023-11-13,BREAD,PUMA,0,4,4,0,0,0,4,0,0,0,0,0,0,0
2023-11-13,BREAD,VS,0,33,33,2,25,0,6,0,25,25,1,0,0,4
2023-11-13,BREAD,Turkey,0,3,3,0,0,0,3,0,0,0,0,0,0,0
2023-11-13,BREAD,sour-TL,0,14,14,7,7,0,0,0,0,0,0,0,0,0
2023-11-13,BREAD,OB,0,2,2,0,0,0,2,0,0,0,0,0,0,0
2023-11-13,BREAD,Pepp Roll,0,4,4,4,0,0,0,0,2,2,1,0,0,1
2023-11-13,BREAD,VS Pep Rl,0,0,0,0,0,0,0,0,0,0,0,0,0,0
2023-11-13,BREAD,CAR,13,0,13,13,0,0,0,0,0,0,0,0,0,0
2023-11-13,BREAD,IHF,15,0,15,15,0,0,0,0,0,0,0,0,0,0
2023-11-13,BREAD,POP-RLS,0,0,0,0,0,0,0,0,0,0,0,0,0,0
2023-11-13,BREAD,CrO-RLS,0,0,0,0,0,0,0,0,0,0,0,0,0,0
2023-11-13,BREAD,BUT-RLS,0,0,0,0,0,0,0,0,0,0,0,0,0,0
2023-11-13,BREAD,H-RLS,0,3,3,1,0,0,2,0,0,0,0,0,0,0
2023-11-13,BREAD,FR-RLS,0,3,3,1,0,0,2,0,0,0,0,0,0,0
2023-11-13,BREAD,VS-RLS,0,3,3,0,0,0,3,0,0,0,0,0,0,0
2023-11-13,BREAD,TEA CAKES,0,0,0,0,0,0,0,0,0,0,0,0,0,0
2023-11-13,BREAD,Blue Stru,0,5,5,3,1,0,1,0,0,0,0,0,0,0
2023-11-13,BREAD,Mex Choc,0,4,4,1,1,0,2,0,0,0,0,0,0,0
2023-11-13,BREAD,Pump Choc,0,8,8,5,3,0,0,0,0,0,0,0,0,0
2023-11-13,BREAD,Pump Crumb,0,3,3,2,0,0,1,0,0,0,0,0,0,0
2023-11-13,ROLLS,C-Rolls,0,24,24,20,0,4,0,0,0,0,0,0,0,0
2023-11-13,ROLLS,Pump C-Rolls,0,12,12,6,0,6,0,0,0,0,0,0,0,0
2023-11-13,ROLLS,Mini C-Roll,0,0,0,0,0,0,0,0,0,0,0,0,0,0
2023-11-13,SCONES,Blueberry,0,0,0,0,0,0,0,0,0,0,0,0,0,0
2023-11-13,SCONES,App Cran,0,9,9,8,0,1,0,0,4,4,1,0,0,0
2023-11-13,SCONES,Cherry,0,0,0,0,0,0,0,0,0,0,0,0,0,0
2023-11-13,SCONES,Butt Almond,0,0,0,0,0,0,0,0,0,0,0,0,0,0
2023-11-13,SCONES,Turtle,0,0,0,0,0,0,0,0,0,0,0,0,0,0
2023-11-13,SCONES,Cin Chip,0,11,11,3,4,4,0,0,0,0,-3,0,0,0
2023-11-13,SCONES,Pump Spice,0,6,6,5,0,1,0,0,4,4,2,0,0,0
2023-11-13,SCONES,FRUIT BAR,0,0,0,0,0,0,0,0,0,0,0,0,0,0
2023-11-13,SCONES,Triple berry,0,5,5,3,2,0,0,0,0,0,0,0,0,0
2023-11-13,SCONES,cherry,0,5,5,4,1,0,0,0,0,0,0,0,0,0
2023-11-13,SCONES,apple cin,0,0,0,0,0,0,0,0,0,0,0,0,0,0
2023-11-13,SCONES,App Cran,0,0,0,0,0,0,0,0,0,0,0,0,0,0
2023-11-13,MUFFINS,Blue Stru,0,3,3,0,0,3,0,0,0,0,0,0,0,0
2023-11-13,MUFFINS,Mex Choc,0,2,2,1,0,1,0,0,2,2,0,0,0,0
2023-11-13,MUFFINS,Pump Choc,0,3,3,0,0,3,0,0,2,2,0,0,0,0
2023-11-13,MUFFINS,Pump Crumb,0,2,2,0,0,2,0,0,2,2,0,0,0,0
2023-11-13,COOKIES/BARS,oat cc,0,36,36,21,2,0,13,0,0,0,0,0,0,0
2023-11-13,COOKIES/BARS,triple cc,0,36,36,13,2,0,21,0,0,0,0,0,0,0
2023-11-13,COOKIES/BARS,Snickerdoodle,0,36,36,12,3,0,21,0,0,0,0,0,0,0
2023-11-13,COOKIES/BARS,Frosted,0,18,18,5,0,0,13,0,0,0,0,0,0,0
2023-11-13,COOKIES/BARS,Brownie,24,0,24,6,0,0,18,0,0,0,0,0,0,0
2023-11-13,COOKIES/BARS,Pump Bar,20,0,20,3,0,0,17,0,0,0,0,0,0,0
2023-11-13,COOKIES/BARS,Pump,0,0,0,0,0,0,0,0,0,0,0,0,0,0
2023-11-13,COOKIES/BARS,Pecan,0,0,0,0,0,0,0,0,0,0,0,0,0,0
2023-11-13,COOKIES/BARS,Ap,0,0,0,0,0,0,0,0,0,0,0,0,0,0
2023-11-13,COOKIES/BARS,Cran Ap,0,0,0,0,0,0,0,0,0,0,0,0,0,0
2023-11-13,COOKIES/BARS,Pump Ohhh,2,0,2,2,0,0,0,3,0,3,3,0,0,0
2023-11-13,COOKIES/BARS,Totals,0,208,254,112,14,25,103,3,14,17,3,0,0,0
2023-11-14,BREAD,H,1,27,28,2,5,0,21,0,0,0,0,0,0,0
2023-11-14,BREAD,FR,1,48,49,-8,30,0,27,0,0,0,0,0,0,0
2023-11-14,BREAD,GW,0,7,7,4,0,0,3,0,0,0,0,0,0,0
2023-11-14,BREAD,DK,4,0,4,4,0,0,0,0,0,0,0,0,0,0
2023-11-14,BREAD,H5,0,14,14,3,0,0,11,0,0,0,0,0,0,0
2023-11-14,BREAD,CSWRL,0,16,16,8,1,0,7,0,5,5,2,0,0,3
2023-11-14,BREAD,Pump SWL,0,8,8,8,0,0,0,0,4,4,1,0,0,3
2023-11-14,BREAD,CnE,1,12,13,1,4,0,8,0,3,3,1,0,0,2
2023-11-14,BREAD,CnR,2,0,2,-1,0,3,0,0,0,0,0,0,0,0
2023-11-14,BREAD,RW,2,0,2,2,0,0,0,0,0,0,0,0,0,0
2023-11-14,BREAD,Monkey,2,0,2,2,0,0,0,0,0,0,0,0,0,0
2023-11-14,BREAD,CB,0,5,5,1,0,0,4,0,4,4,1,0,0,3
2023-11-14,BREAD,CrO,0,5,5,1,0,0,4,0,5,5,4,0,0,1
2023-11-14,BREAD,POP,0,0,0,0,0,0,0,1,0,1,1,0,0,0
2023-11-14,BREAD,STUFF,0,0,0,0,0,0,0,0,0,0,0,0,0,0
2023-11-14,BREAD,PUMA,4,0,4,2,0,2,0,0,0,0,0,0,0,0
2023-11-14,BREAD,VS,6,53,59,12,35,5,7,4,22,26,4,0,0,2
2023-11-14,BREAD,Turkey,3,0,3,0,0,3,0,0,0,0,0,0,0,0
2023-11-14,BREAD,sour-TL,0,0,0,0,0,0,0,0,0,0,0,0,0,0
2023-11-14,BREAD,OB,2,0,2,2,0,0,0,0,0,0,0,0,0,0
2023-11-14,BREAD,Pepp Roll,0,4,4,2,0,0,2,1,0,1,1,0,0,0
2023-11-14,BREAD,VS Pep Rl,0,6,6,6,0,0,0,0,2,2,2,0,0,0
2023-11-14,BREAD,CAR,0,0,0,-10,0,0,10,0,0,0,0,0,0,0
2023-11-14,BREAD,IHF,0,0,0,-12,0,0,12,0,0,0,0,0,0,0
2023-11-14,BREAD,POP-RLS,0,0,0,0,0,0,0,0,0,0,0,0,0,0
2023-11-14,BREAD,CrO-RLS,0,0,0,0,0,0,0,0,0,0,0,0,0,0
2023-11-14,BREAD,BUT-RLS,0,0,0,0,0,0,0,0,0,0,0,0,0,0
2023-11-14,BREAD,H-RLS,2,0,2,2,0,0,0,0,0,0,0,0,0,0
2023-11-14,BREAD,FR-RLS,2,0,2,2,0,0,0,0,0,0,0,0,0,0
2023-11-14,BREAD,VS-RLS,3,4,7,5,0,0,2,0,0,0,0,0,0,0
2023-11-14,BREAD,TEA CAKES,0,0,0,0,0,0,0,0,0,0,0,0,0,0
2023-11-14,BREAD,Blue Stru,1,4,5,2,1,0,2,0,0,0,0,0,0,0
2023-11-14,BREAD,Mex Choc,2,1,3,3,0,0,0,0,0,0,0,0,0,0
2023-11-14,BREAD,Pump Choc,0,6,6,1,2,0,3,0,0,0,0,0,0,0
2023-11-14,BREAD,Pump Crumb,1,2,3,2,0,0,1,0,0,0,0,0,0,0
2023-11-14,ROLLS,C-Rolls,0,24,24,24,0,0,0,0,0,0,0,0,0,0
2023-11-14,ROLLS,Pump C-Rolls,0,12,12,3,0,9,0,0,0,0,0,0,0,0
2023-11-14,ROLLS,Mini C-Roll,0,24,24,0,24,0,0,0,0,0,0,0,0,0
2023-11-14,SCONES,Blueberry,0,14,14,12,0,2,0,0,5,5,0,0,0,0
2023-11-14,SCONES,App Cran,0,0,0,0,0,0,0,0,0,0,0,0,0,0
2023-11-14,SCONES,Cherry,0,0,0,0,0,0,0,0,0,0,0,0,0,0
2023-11-14,SCONES,Butt Almond,0,0,0,0,0,0,0,0,0,0,0,0,0,0
2023-11-14,SCONES,Turtle,0,0,0,0,0,0,0,0,0,0,0,0,0,0
2023-11-14,SCONES,Cin Chip,0,14,14,8,0,6,0,0,5,5,0,0,0,0
2023-11-14,SCONES,Pump Spice,0,6,6,3,0,3,0,0,0,0,0,0,0,0
2023-11-14,SCONES,FRUIT BAR,0,0,0,0,0,0,0,0,0,0,0,0,0,0
2023-11-14,SCONES,Triple berry,0,0,0,0,0,0,0,0,0,0,0,0,0,0
2023-11-14,SCONES,cherry,0,0,0,0,0,0,0,0,0,0,0,0,0,0
2023-11-14,SCONES,apple cin,0,5,5,3,2,0,0,0,0,0,0,0,0,0
2023-11-14,SCONES,App Cran,0,5,5,3,2,0,0,0,0,0,0,0,0,0
2023-11-14,MUFFINS,Blue Stru,0,4,4,3,0,1,0,0,0,0,0,0,0,0
2023-11-14,MUFFINS,Mex Choc,0,3,3,1,0,2,0,0,5,5,0,0,0,0
2023-11-14,MUFFINS,Pump Choc,0,4,4,4,0,0,0,0,0,0,0,0,0,0
2023-11-14,MUFFINS,Pump Crumb,0,3,3,1,0,2,0,0,5,5,0,0,0,0
2023-11-14,COOKIES/BARS,oat cc,13,72,85,6,52,2,25,0,0,0,0,0,0,0
2023-11-14,COOKIES/BARS,triple cc,21,60,81,3,51,19,8,0,0,0,0,0,0,0
2023-11-14,COOKIES/BARS,Snickerdoodle,21,60,81,3,51,11,16,0,0,0,0,0,0,0
2023-11-14,COOKIES/BARS,Frosted,13,0,13,7,0,0,6,0,0,0,0,0,0,0
2023-11-14,COOKIES/BARS,Brownie,18,0,18,0,0,4,14,0,0,0,0,0,0,0
2023-11-14,COOKIES/BARS,Pump Bar,17,0,17,9,0,0,8,0,0,0,0,0,0,0
2023-11-14,COOKIES/BARS,Pump,0,0,0,0,0,0,0,0,0,0,0,0,0,0
2023-11-14,COOKIES/BARS,Pecan,0,0,0,0,0,0,0,0,0,0,0,0,0,0
2023-11-14,COOKIES/BARS,Ap,0,0,0,0,0,0,0,0,0,0,0,0,0,0
2023-11-14,COOKIES/BARS,Cran Ap,0,0,0,0,0,0,0,0,0,0,0,0,0,0
2023-11-14,COOKIES/BARS,Pump Ohhh,0,0,0,0,0,0,0,0,0,0,0,0,0,0
2023-11-14,COOKIES/BARS,Totals,0,310,413,93,182,61,77,0,20,20,0,0,0,0
2023-11-15,BREAD,H,21,13,34,16,4,0,14,0,0,0,0,0,0,0
2023-11-15,BREAD,FR,27,25,52,16,21,0,15,0,0,0,0,0,0,0
2023-11-15,BREAD,GW,3,7,10,3,1,1,5,0,0,0,0,0,0,0
2023-11-15,BREAD,DK,0,14,14,8,0,0,6,0,0,0,0,0,0,0
2023-11-15,BREAD,H5,11,0,11,6,0,0,5,0,0,0,0,0,0,0
2023-11-15,BREAD,CSWRL,7,8,15,11,0,0,4,3,2,5,3,0,0,2
2023-11-15,BREAD,Pump SWL,0,12,12,1,0,0,11,3,0,3,1,0,0,0
2023-11-15,BREAD,CnE,8,7,15,5,0,2,8,2,5,7,2,0,0,5
2023-11-15,BREAD,CnR,0,6,6,6,0,0,0,0,0,0,0,0,0,0
2023-11-15,BREAD,RW,0,4,4,1,0,0,3,0,0,0,0,0,0,0
2023-11-15,BREAD,Monkey,0,6,6,1,0,0,5,0,0,0,0,0,0,0
2023-11-15,BREAD,CB,4,0,4,1,0,3,0,3,0,3,0,0,0,0
2023-11-15,BREAD,CrO,4,0,4,4,0,0,0,1,0,1,1,0,0,0
2023-11-15,BREAD,POP,0,14,14,2,0,0,12,0,3,3,1,0,0,1
2023-11-15,BREAD,STUFF,0,0,0,0,0,0,0,0,0,0,0,0,0,0
2023-11-15,BREAD,PUMA,0,4,4,2,0,0,2,0,0,0,0,0,0,0
2023-11-15,BREAD,VS,7,0,7,6,0,1,0,2,0,2,-1,0,0,0
2023-11-15,BREAD,Turkey,0,3,3,1,0,0,2,0,0,0,0,0,0,0
2023-11-15,BREAD,sour-TL,0,14,14,7,1,0,6,0,0,0,0,0,0,0
2023-11-15,BREAD,OB,0,3,3,3,0,0,0,0,0,0,0,0,0,0
2023-11-15,BREAD,Pepp Roll,2,6,8,4,0,0,4,0,3,3,3,0,0,0
2023-11-15,BREAD,VS Pep Rl,0,0,0,0,0,0,0,0,0,0,0,0,0,0
2023-11-15,BREAD,CAR,10,17,27,4,0,0,23,0,0,0,0,0,0,0
2023-11-15,BREAD,IHF,12,0,12,0,0,0,12,0,0,0,0,0,0,0
2023-11-15,BREAD,POP-RLS,0,0,0,0,0,0,0,0,0,0,0,0,0,0
2023-11-15,BREAD,CrO-RLS,0,0,0,0,0,0,0,0,0,0,0,0,0,0
2023-11-15,BREAD,BUT-RLS,0,0,0,0,0,0,0,0,0,0,0,0,0,0
2023-11-15,BREAD,H-RLS,0,3,3,3,0,0,0,0,0,0,0,0,0,0
2023-11-15,BREAD,FR-RLS,0,14,14,2,11,0,1,0,0,0,0,0,0,0
2023-11-15,BREAD,VS-RLS,2,0,2,2,0,0,0,0,0,0,0,0,0,0
2023-11-15,BREAD,TEA CAKES,0,0,0,0,0,0,0,0,0,0,0,0,0,0
2023-11-15,BREAD,Blue Stru,2,2,4,3,0,0,1,0,0,0,0,0,0,0
2023-11-15,BREAD,Mex Choc,0,3,3,0,0,0,3,0,0,0,0,0,0,0
2023-11-15,BREAD,Pump Choc,3,1,4,2,0,1,1,0,0,0,0,0,0,0
2023-11-15,BREAD,Pump Crumb,1,2,3,1,0,0,2,0,0,0,0,0,0,0
2023-11-15,ROLLS,C-Rolls,0,24,24,20,0,4,0,0,0,0,0,0,0,0
2023-11-15,ROLLS,Pump C-Rolls,0,12,12,12,0,0,0,0,0,0,0,0,0,0
2023-11-15,ROLLS,Mini C-Roll,0,0,0,0,0,0,0,0,0,0,0,0,0,0
2023-11-15,SCONES,Blueberry,0,0,0,0,0,0,0,0,0,0,0,0,0,0
2023-11-15,SCONES,App Cran,0,11,11,4,0,7,0,0,0,0,0,0,0,0
2023-11-15,SCONES,Cherry,0,0,0,0,0,0,0,0,0,0,0,0,0,0
2023-11-15,SCONES,Butt Almond,0,0,0,0,0,0,0,0,0,0,0,0,0,0
2023-11-15,SCONES,Turtle,0,22,22,6,12,4,0,0,0,0,0,0,0,0
2023-11-15,SCONES,Cin Chip,0,0,0,0,0,0,0,0,0,0,0,0,0,0
2023-11-15,SCONES,Pump Spice,0,8,8,1,0,7,0,0,0,0,0,0,0,0
2023-11-15,SCONES,FRUIT BAR,0,0,0,0,0,0,0,0,0,0,0,0,0,0
2023-11-15,SCONES,Triple berry,0,5,5,5,0,0,0,0,0,0,0,0,0,0
2023-11-15,SCONES,cherry,0,5,5,4,0,1,0,0,0,0,0,0,0,0
2023-11-15,SCONES,apple cin,0,0,0,0,0,0,0,0,0,0,0,0,0,0
2023-11-15,SCONES,App Cran,0,0,0,0,0,0,0,0,0,0,0,0,0,0
2023-11-15,MUFFINS,Blue Stru,0,4,4,0,0,4,0,0,0,0,0,0,0,0
2023-11-15,MUFFINS,Mex Choc,0,3,3,0,0,3,0,0,0,0,0,0,0,0
2023-11-15,MUFFINS,Pump Choc,0,4,4,4,0,0,0,0,0,0,0,0,0,0
2023-11-15,MUFFINS,Pump Crumb,0,3,3,3,0,0,0,0,0,0,0,0,0,0
2023-11-15,COOKIES/BARS,oat cc,25,18,43,8,12,5,18,0,4,4,0,0,0,0
2023-11-15,COOKIES/BARS,triple cc,8,24,32,11,0,6,15,0,4,4,0,0,0,0
2023-11-15,COOKIES/BARS,Snickerdoodle,16,18,34,10,0,7,17,0,4,4,0,0,0,0
2023-11-15,COOKIES/BARS,Frosted,6,12,18,6,0,0,12,0,0,0,0,0,0,0
2023-11-15,COOKIES/BARS,Brownie,14,0,14,3,0,4,7,0,0,0,0,0,0,0
2023-11-15,COOKIES/BARS,Pump Bar,8,20,28,-6,0,2,32,0,0,0,0,0,0,0
2023-11-15,COOKIES/BARS,Pump,0,0,0,0,0,0,0,0,0,0,0,0,0,0
2023-11-15,COOKIES/BARS,Pecan,0,0,0,0,0,0,0,0,0,0,0,0,0,0
2023-11-15,COOKIES/BARS,Ap,0,0,0,0,0,0,0,0,0,0,0,0,0,0
2023-11-15,COOKIES/BARS,Cran Ap,0,0,0,0,0,0,0,0,0,0,0,0,0,0
2023-11-15,COOKIES/BARS,Pump Ohhh,0,0,0,-20,0,0,20,0,0,0,-12,0,0,12
2023-11-15,COOKIES/BARS,Totals,0,193,270,71,24,54,121,0,12,12,-12,0,0,12
2023-11-16,BREAD,H,14,28,42,6,17,3,16,0,0,0,0,0,0,0
2023-11-16,BREAD,FR,15,24,39,-1,10,6,24,0,0,0,0,0,0,0
2023-11-16,BREAD,GW,5,0,5,1,1,3,0,0,0,0,0,0,0,0
2023-11-16,BREAD,DK,6,0,6,6,0,0,0,0,0,0,0,0,0,0
2023-11-16,BREAD,H5,5,12,17,10,0,0,7,0,0,0,0,0,0,0
2023-11-16,BREAD,CSWRL,4,16,20,3,1,0,16,2,6,8,2,0,0,6
2023-11-16,BREAD,Pump SWL,11,7,18,0,0,11,7,0,3,3,0,0,0,3
2023-11-16,BREAD,CnE,8,9,17,7,0,1,9,5,1,6,1,0,0,0
2023-11-16,BREAD,CnR,0,4,4,0,0,0,4,0,0,0,0,0,0,0
2023-11-16,BREAD,RW,3,0,3,3,0,0,0,0,0,0,0,0,0,0
2023-11-16,BREAD,Monkey,5,4,9,5,0,0,4,0,0,0,0,0,0,0
2023-11-16,BREAD,CB,0,11,11,2,0,0,9,0,7,7,0,0,0,7
2023-11-16,BREAD,CrO,0,7,7,-3,3,0,7,0,8,8,0,0,0,8
2023-11-16,BREAD,POP,12,0,12,6,0,6,0,1,0,1,1,0,0,0
2023-11-16,BREAD,STUFF,0,29,29,2,0,0,27,0,0,0,0,0,0,0
2023-11-16,BREAD,PUMA,2,0,2,2,0,0,0,0,0,0,0,0,0,0
2023-11-16,BREAD,VS,0,42,42,1,35,0,6,0,20,20,0,0,0,0
2023-11-16,BREAD,Turkey,2,0,2,1,0,1,0,0,0,0,0,0,0,0
2023-11-16,BREAD,sour-TL,6,0,6,6,0,0,0,0,0,0,0,0,0,0
2023-11-16,BREAD,OB,0,0,0,0,0,0,0,0,0,0,0,0,0,0
2023-11-16,BREAD,Pepp Roll,4,0,4,2,0,2,0,0,0,0,0,0,0,0
2023-11-16,BREAD,VS Pep Rl,0,8,8,2,0,0,6,0,4,4,2,0,0,2
2023-11-16,BREAD,CAR,23,0,23,12,0,0,11,0,0,0,0,0,0,0
2023-11-16,BREAD,IHF,12,0,12,2,0,0,10,0,0,0,0,0,0,0
2023-11-16,BREAD,POP-RLS,0,0,0,0,0,0,0,0,0,0,0,0,0,0
2023-11-16,BREAD,CrO-RLS,0,8,8,3,3,0,2,0,0,0,0,0,0,0
2023-11-16,BREAD,BUT-RLS,0,45,45,5,9,0,31,0,0,0,0,0,0,0
2023-11-16,BREAD,H-RLS,0,3,3,1,0,0,2,0,0,0,0,0,0,0
2023-11-16,BREAD,FR-RLS,1,0,1,0,0,1,0,0,0,0,0,0,0,0
2023-11-16,BREAD,VS-RLS,0,6,6,3,3,0,0,0,0,0,0,0,0,0
2023-11-16,BREAD,TEA CAKES,0,0,0,0,0,0,0,0,0,0,0,0,0,0
2023-11-16,BREAD,Blue Stru,1,6,7,3,3,0,1,0,0,0,0,0,0,0
2023-11-16,BREAD,Mex Choc,3,3,6,0,2,3,1,0,0,0,0,0,0,0
2023-11-16,BREAD,Pump Choc,1,9,10,6,4,0,0,0,0,0,0,0,0,0
2023-11-16,BREAD,Pump Crumb,2,1,3,3,0,0,0,0,0,0,0,0,0,0
2023-11-16,ROLLS,C-Rolls,0,48,48,24,20,4,0,0,0,0,0,0,0,0
2023-11-16,ROLLS,Pump C-Rolls,0,12,12,3,0,9,0,0,0,0,0,0,0,0
2023-11-16,ROLLS,Mini C-Roll,0,48,48,0,48,0,0,0,0,0,0,0,0,0
2023-11-16,SCONES,Blueberry,0,13,13,13,0,0,0,0,6,6,0,0,0,0
2023-11-16,SCONES,App Cran,0,0,0,0,0,0,0,0,0,0,0,0,0,0
2023-11-16,SCONES,Cherry,0,0,0,0,0,0,0,0,0,0,0,0,0,0
2023-11-16,SCONES,Butt Almond,0,0,0,0,0,0,0,0,0,0,0,0,0,0
2023-11-16,SCONES,Turtle,0,14,14,10,0,4,0,0,6,6,0,0,0,0
2023-11-16,SCONES,Cin Chip,0,0,0,0,0,0,0,0,0,0,0,0,0,0
2023-11-16,SCONES,Pump Spice,0,8,8,3,0,5,0,0,2,2,-4,0,0,0
2023-11-16,SCONES,FRUIT BAR,0,0,0,0,0,0,0,0,0,0,0,0,0,0
2023-11-16,SCONES,Triple berry,0,10,10,0,10,0,0,0,0,0,0,0,0,0
2023-11-16,SCONES,cherry,0,10,10,0,10,0,0,0,0,0,0,0,0,0
2023-11-16,SCONES,apple cin,0,5,5,3,2,0,0,0,0,0,0,0,0,0
2023-11-16,SCONES,App Cran,0,5,5,3,2,0,0,0,0,0,0,0,0,0
2023-11-16,MUFFINS,Blue Stru,0,4,4,0,0,4,0,0,4,4,0,0,0,0
2023-11-16,MUFFINS,Mex Choc,0,4,4,0,0,4,0,0,4,4,0,0,0,0
2023-11-16,MUFFINS,Pump Choc,0,6,6,4,0,2,0,0,0,0,0,0,0,0
2023-11-16,MUFFINS,Pump Crumb,0,3,3,1,0,2,0,0,10,10,0,0,0,0
2023-11-16,COOKIES/BARS,oat cc,18,36,54,12,23,12,7,0,20,20,8,0,0,0
2023-11-16,COOKIES/BARS,triple cc,15,42,57,13,24,0,20,0,12,12,0,0,0,0
2023-11-16,COOKIES/BARS,Snickerdoodle,17,36,53,15,20,6,12,0,16,16,0,0,0,0
2023-11-16,COOKIES/BARS,Frosted,12,6,18,2,0,0,16,0,0,0,0,0,0,0
2023-11-16,COOKIES/BARS,Brownie,7,30,37,18,15,0,4,0,0,0,0,0,0,0
2023-11-16,COOKIES/BARS,Pump Bar,32,20,52,1,20,0,31,0,0,0,0,0,0,0
2023-11-16,COOKIES/BARS,Pump,0,0,0,-8,1,0,7,0,0,0,0,0,0,0
2023-11-16,COOKIES/BARS,Pecan,0,0,0,-8,2,0,6,0,0,0,0,0,0,0
2023-11-16,COOKIES/BARS,Ap,0,0,0,-7,3,0,4,0,0,0,0,0,0,0
2023-11-16,COOKIES/BARS,Cran Ap,0,0,0,-3,3,0,0,0,0,0,0,0,0,0
2023-11-16,COOKIES/BARS,Pump Ohhh,20,0,20,2,0,0,18,12,0,12,0,0,0,12
2023-11-16,COOKIES/BARS,Totals,0,360,481,112,198,52,119,12,80,92,-7,0,0,18
2023-11-17,BREAD,H,16,24,40,3,23,0,14,0,0,0,0,0,0,0
2023-11-17,BREAD,FR,24,42,66,21,34,0,11,0,0,0,0,0,0,0
2023-11-17,BREAD,GW,0,3,3,1,1,0,1,0,0,0,0,0,0,0
2023-11-17,BREAD,DK,0,21,21,4,4,0,13,0,0,0,0,0,0,0
2023-11-17,BREAD,H5,7,0,7,3,0,0,4,0,0,0,0,0,0,0
2023-11-17,BREAD,CSWRL,16,12,28,22,3,0,3,6,0,6,2,0,0,0
2023-11-17,BREAD,Pump SWL,7,0,7,2,1,4,0,3,0,3,1,0,0,0
2023-11-17,BREAD,CnE,9,11,20,11,0,0,9,0,4,4,0,0,0,4
2023-11-17,BREAD,CnR,4,3,7,6,0,0,1,0,0,0,0,0,0,0
2023-11-17,BREAD,RW,0,4,4,1,3,0,0,0,0,0,0,0,0,0
2023-11-17,BREAD,Monkey,4,3,7,6,0,0,1,0,0,0,0,0,0,0
2023-11-17,BREAD,CB,9,0,9,5,0,0,4,7,0,7,2,0,0,5
2023-11-17,BREAD,CrO,7,0,7,4,0,0,3,8,0,8,7,0,0,1
2023-11-17,BREAD,POP,0,14,14,4,7,0,3,0,7,7,3,0,0,4
2023-11-17,BREAD,STUFF,27,0,27,1,0,0,26,0,0,0,0,0,0,0
2023-11-17,BREAD,PUMA,0,5,5,0,0,0,5,0,0,0,0,0,0,0
2023-11-17,BREAD,VS,6,31,37,4,28,0,5,0,34,34,4,0,0,0
2023-11-17,BREAD,Turkey,0,5,5,2,0,0,3,0,0,0,0,0,0,0
2023-11-17,BREAD,sour-TL,0,25,25,9,3,0,13,0,0,0,0,0,0,0
2023-11-17,BREAD,OB,0,8,8,0,2,0,6,0,0,0,0,0,0,0
2023-11-17,BREAD,Pepp Roll,0,0,0,0,0,0,0,0,0,0,0,0,0,0
2023-11-17,BREAD,VS Pep Rl,6,0,6,4,0,0,2,2,0,2,1,0,0,1
2023-11-17,BREAD,CAR,11,0,11,11,0,0,0,0,0,0,0,0,0,0
2023-11-17,BREAD,IHF,10,0,10,10,0,0,0,0,0,0,0,0,0,0
2023-11-17,BREAD,POP-RLS,0,6,6,2,0,0,4,0,0,0,0,0,0,0
2023-11-17,BREAD,CrO-RLS,2,0,2,2,0,0,0,0,0,0,0,0,0,0
2023-11-17,BREAD,BUT-RLS,31,0,31,20,0,0,11,0,0,0,0,0,0,0
2023-11-17,BREAD,H-RLS,2,19,21,9,7,0,5,0,0,0,0,0,0,0
2023-11-17,BREAD,FR-RLS,0,8,8,0,8,0,0,0,0,0,0,0,0,0
2023-11-17,BREAD,VS-RLS,0,6,6,3,0,0,3,0,0,0,0,0,0,0
2023-11-17,BREAD,TEA CAKES,0,0,0,0,0,0,0,0,0,0,0,0,0,0
2023-11-17,BREAD,Blue Stru,1,4,5,4,0,0,1,0,0,0,0,0,0,0
2023-11-17,BREAD,Mex Choc,1,3,4,0,0,0,4,0,0,0,0,0,0,0
2023-11-17,BREAD,Pump Choc,0,9,9,3,3,0,3,0,0,0,0,0,0,0
2023-11-17,BREAD,Pump Crumb,0,4,4,1,0,0,3,0,0,0,0,0,0,0
2023-11-17,ROLLS,C-Rolls,0,36,36,36,0,0,0,0,0,0,0,0,0,0
2023-11-17,ROLLS,Pump C-Rolls,0,12,12,12,0,0,0,0,0,0,0,0,0,0
2023-11-17,ROLLS,Mini C-Roll,0,48,48,0,48,0,0,0,0,0,0,0,0,0
2023-11-17,SCONES,Blueberry,0,0,0,0,0,0,0,0,0,0,0,0,0,0
2023-11-17,SCONES,App Cran,0,0,0,0,0,0,0,0,0,0,0,0,0,0
2023-11-17,SCONES,Cherry,0,14,14,14,0,0,0,0,5,5,0,0,0,0
2023-11-17,SCONES,Butt Almond,0,14,14,12,0,2,0,0,5,5,0,0,0,0
2023-11-17,SCONES,Turtle,0,0,0,0,0,0,0,0,0,0,0,0,0,0
2023-11-17,SCONES,Cin Chip,0,0,0,0,0,0,0,0,0,0,0,0,0,0
2023-11-17,SCONES,Pump Spice,0,8,8,8,0,0,0,0,2,2,0,0,0,0
2023-11-17,SCONES,FRUIT BAR,0,0,0,0,0,0,0,0,0,0,0,0,0,0
2023-11-17,SCONES,Triple berry,0,5,5,1,2,2,0,0,0,0,0,0,0,0
2023-11-17,SCONES,cherry,0,5,5,3,1,1,0,0,0,0,0,0,0,0
2023-11-17,SCONES,apple cin,0,5,5,3,1,1,0,0,0,0,0,0,0,0
2023-11-17,SCONES,App Cran,0,5,5,3,1,1,0,0,0,0,0,0,0,0
2023-11-17,MUFFINS,Blue Stru,0,4,4,4,0,0,0,0,5,5,0,0,0,0
2023-11-17,MUFFINS,Mex Choc,0,4,4,2,0,2,0,0,5,5,0,0,0,0
2023-11-17,MUFFINS,Pump Choc,0,5,5,5,0,0,0,0,0,0,0,0,0,0
2023-11-17,MUFFINS,Pump Crumb,0,3,3,2,0,1,0,0,0,0,0,0,0,0
2023-11-17,COOKIES/BARS,oat cc,7,54,61,31,29,0,1,0,12,12,0,0,0,0
2023-11-17,COOKIES/BARS,triple cc,20,42,62,33,29,0,0,0,12,12,0,0,0,0
2023-11-17,COOKIES/BARS,Snickerdoodle,12,48,60,2,29,0,29,0,12,12,0,0,0,0
2023-11-17,COOKIES/BARS,Frosted,16,0,16,6,0,0,10,0,0,0,0,0,0,0
2023-11-17,COOKIES/BARS,Brownie,4,15,19,4,0,0,15,0,0,0,0,0,0,0
2023-11-17,COOKIES/BARS,Pump Bar,31,0,31,7,0,4,20,0,0,0,0,0,0,0
2023-11-17,COOKIES/BARS,Pump,7,0,7,3,0,0,4,0,0,0,0,0,0,0
2023-11-17,COOKIES/BARS,Pecan,6,0,6,0,0,0,6,0,0,0,0,0,0,0
2023-11-17,COOKIES/BARS,Ap,4,5,9,3,2,0,4,0,0,0,0,0,0,0
2023-11-17,COOKIES/BARS,Cran Ap,0,6,6,-1,1,0,6,0,0,0,0,0,0,0
2023-11-17,COOKIES/BARS,Pump Ohhh,18,0,18,18,0,0,0,12,0,12,12,0,0,0
2023-11-17,COOKIES/BARS,Totals,0,332,451,212,142,14,83,18,64,82,11,0,0,12
2023-11-18,BREAD,H,14,0,14,14,0,0,0,0,0,0,0,0,0,0
2023-11-18,BREAD,FR,11,0,11,11,0,0,0,0,0,0,0,0,0,0
2023-11-18,BREAD,GW,1,0,1,1,0,0,0,0,0,0,0,0,0,0
2023-11-18,BREAD,DK,13,0,13,13,0,0,0,0,0,0,0,0,0,0
2023-11-18,BREAD,H5,4,0,4,4,0,0,0,0,0,0,0,0,0,0
2023-11-18,BREAD,CSWRL,3,16,19,14,0,5,0,0,6,6,3,0,0,0
2023-11-18,BREAD,Pump SWL,0,5,5,5,0,0,0,0,3,3,3,0,0,0
2023-11-18,BREAD,CnE,9,0,9,9,0,0,0,4,0,4,4,0,0,0
2023-11-18,BREAD,CnR,1,0,1,1,0,0,0,0,0,0,0,0,0,0
2023-11-18,BREAD,RW,0,0,0,0,0,0,0,0,0,0,0,0,0,0
2023-11-18,BREAD,Monkey,1,0,1,1,0,0,0,0,0,0,0,0,0,0
2023-11-18,BREAD,CB,4,0,4,3,0,1,0,5,0,5,2,0,0,0
2023-11-18,BREAD,CrO,3,0,3,3,0,0,0,1,0,1,1,0,0,0
2023-11-18,BREAD,POP,3,0,3,3,0,0,0,4,0,4,3,0,0,0
2023-11-18,BREAD,STUFF,26,0,26,4,0,0,22,0,0,0,0,0,0,0
2023-11-18,BREAD,PUMA,5,0,5,5,0,0,0,0,0,0,0,0,0,0
2023-11-18,BREAD,VS,5,0,5,5,0,0,0,0,0,0,0,0,0,0
2023-11-18,BREAD,Turkey,3,0,3,1,0,2,0,0,0,0,0,0,0,0
2023-11-18,BREAD,sour-TL,13,0,13,10,0,3,0,0,0,0,0,0,0,0
2023-11-18,BREAD,OB,6,0,6,1,0,5,0,0,0,0,0,0,0,0
2023-11-18,BREAD,Pepp Roll,0,0,0,0,0,0,0,0,0,0,0,0,0,0
2023-11-18,BREAD,VS Pep Rl,2,0,2,2,0,0,0,1,0,1,1,0,0,0
2023-11-18,BREAD,CAR,0,0,0,0,0,0,0,0,0,0,0,0,0,0
2023-11-18,BREAD,IHF,0,18,18,18,0,0,0,0,0,0,0,0,0,0
2023-11-18,BREAD,POP-RLS,4,0,4,2,0,2,0,0,0,0,0,0,0,0
2023-11-18,BREAD,CrO-RLS,0,0,0,-2,0,2,0,0,0,0,0,0,0,0
2023-11-18,BREAD,BUT-RLS,11,0,11,11,0,0,0,0,0,0,0,0,0,0
2023-11-18,BREAD,H-RLS,5,0,5,3,0,2,0,0,0,0,0,0,0,0
2023-11-18,BREAD,FR-RLS,0,0,0,0,0,0,0,0,0,0,0,0,0,0
2023-11-18,BREAD,VS-RLS,3,0,3,3,0,0,0,0,0,0,0,0,0,0
2023-11-18,BREAD,TEA CAKES,0,0,0,0,0,0,0,0,0,0,0,0,0,0
2023-11-18,BREAD,Blue Stru,1,3,4,4,0,0,0,0,0,0,0,0,0,0
2023-11-18,BREAD,Mex Choc,4,0,4,4,0,0,0,0,0,0,0,0,0,0
2023-11-18,BREAD,Pump Choc,3,1,4,4,0,0,0,0,0,0,0,0,0,0
2023-11-18,BREAD,Pump Crumb,3,0,3,3,0,0,0,0,0,0,0,0,0,0
2023-11-18,ROLLS,C-Rolls,0,36,36,36,0,0,0,0,0,0,0,0,0,0
2023-11-18,ROLLS,Pump C-Rolls,0,12,12,12,0,0,0,0,0,0,0,0,0,0
2023-11-18,ROLLS,Mini C-Roll,0,0,0,0,0,0,0,0,0,0,0,0,0,0
2023-11-18,SCONES,Blueberry,0,11,11,11,0,0,0,0,0,0,0,0,0,0
2023-11-18,SCONES,App Cran,0,0,0,0,0,0,0,0,0,0,0,0,0,0
2023-11-18,SCONES,Cherry,0,0,0,0,0,0,0,0,0,0,0,0,0,0
2023-11-18,SCONES,Butt Almond,0,11,11,11,0,0,0,0,0,0,0,0,0,0
2023-11-18,SCONES,Turtle,0,0,0,0,0,0,0,0,0,0,0,0,0,0
2023-11-18,SCONES,Cin Chip,0,0,0,0,0,0,0,0,0,0,0,0,0,0
2023-11-18,SCONES,Pump Spice,0,8,8,8,0,0,0,0,0,0,0,0,0,0
2023-11-18,SCONES,FRUIT BAR,0,0,0,0,0,0,0,0,0,0,0,0,0,0
2023-11-18,SCONES,Triple berry,0,5,5,5,0,0,0,0,0,0,0,0,0,0
2023-11-18,SCONES,cherry,0,5,5,5,0,0,0,0,0,0,0,0,0,0
2023-11-18,SCONES,apple cin,0,5,5,2,0,3,0,0,0,0,0,0,0,0
2023-11-18,SCONES,App Cran,0,5,5,3,0,2,0,0,0,0,0,0,0,0
2023-11-18,MUFFINS,Blue Stru,0,4,4,4,0,0,0,0,0,0,0,0,0,0
2023-11-18,MUFFINS,Mex Choc,0,3,3,3,0,0,0,0,0,0,0,0,0,0
2023-11-18,MUFFINS,Pump Choc,0,4,4,3,0,1,0,0,0,0,0,0,0,0
2023-11-18,MUFFINS,Pump Crumb,0,3,3,3,0,0,0,0,0,0,0,0,0,0
2023-11-18,COOKIES/BARS,oat cc,1,18,19,19,0,0,0,0,0,0,0,0,0,0
2023-11-18,COOKIES/BARS,triple cc,0,18,18,18,0,0,0,0,0,0,0,0,0,0
2023-11-18,COOKIES/BARS,Snickerdoodle,29,0,29,29,0,0,0,0,0,0,0,0,0,0
2023-11-18,COOKIES/BARS,Frosted,10,0,10,6,0,4,0,0,0,0,0,0,0,0
2023-11-18,COOKIES/BARS,Brownie,15,0,15,4,0,11,0,0,0,0,0,0,0,0
2023-11-18,COOKIES/BARS,Pump Bar,20,0,20,8,0,0,12,0,0,0,0,0,0,0
2023-11-18,COOKIES/BARS,Pump,4,0,4,2,0,0,2,0,0,0,0,0,0,0
2023-11-18,COOKIES/BARS,Pecan,6,0,6,0,0,0,6,0,0,0,0,0,0,0
2023-11-18,COOKIES/BARS,Ap,4,0,4,0,0,0,4,0,0,0,0,0,0,0
2023-11-18,COOKIES/BARS,Cran Ap,6,0,6,3,0,0,3,0,0,0,0,0,0,0
2023-11-18,COOKIES/BARS,Pump Ohhh,0,0,0,0,0,0,0,0,0,0,0,0,0,0
2023-11-18,COOKIES/BARS,Totals,0,148,231,192,0,21,18,12,0,12,3,0,0,9
2023-11-19,BREAD,H,0,0,0,0,0,0,0,0,0,0,0,0,0,0
2023-11-19,BREAD,FR,0,0,0,0,0,0,0,0,0,0,0,0,0,0
2023-11-19,BREAD,GW,0,0,0,0,0,0,0,0,0,0,0,0,0,0
2023-11-19,BREAD,DK,0,0,0,0,0,0,0,0,0,0,0,0,0,0
2023-11-19,BREAD,H5,0,0,0,0,0,0,0,0,0,0,0,0,0,0
2023-11-19,BREAD,CSWRL,0,0,0,0,0,0,0,0,0,0,0,0,0,0
2023-11-19,BREAD,Pump SWL,0,0,0,0,0,0,0,0,0,0,0,0,0,0
2023-11-19,BREAD,CnE,0,0,0,0,0,0,0,0,0,0,0,0,0,0
2023-11-19,BREAD,CnR,0,0,0,0,0,0,0,0,0,0,0,0,0,0
2023-11-19,BREAD,RW,0,0,0,0,0,0,0,0,0,0,0,0,0,0
2023-11-19,BREAD,Monkey,0,0,0,0,0,0,0,0,0,0,0,0,0,0
2023-11-19,BREAD,CB,0,0,0,0,0,0,0,0,0,0,0,0,0,0
2023-11-19,BREAD,CrO,0,0,0,0,0,0,0,0,0,0,0,0,0,0
2023-11-19,BREAD,POP,0,0,0,0,0,0,0,0,0,0,0,0,0,0
2023-11-19,BREAD,STUFF,22,0,22,22,0,0,0,0,0,0,0,0,0,0
2023-11-19,BREAD,PUMA,0,0,0,0,0,0,0,0,0,0,0,0,0,0
2023-11-19,BREAD,VS,0,0,0,0,0,0,0,0,0,0,0,0,0,0
2023-11-19,BREAD,Turkey,0,0,0,0,0,0,0,0,0,0,0,0,0,0
2023-11-19,BREAD,sour-TL,0,0,0,0,0,0,0,0,0,0,0,0,0,0
2023-11-19,BREAD,OB,0,0,0,0,0,0,0,0,0,0,0,0,0,0
2023-11-19,BREAD,Pepp Roll,0,0,0,0,0,0,0,0,0,0,0,0,0,0
2023-11-19,BREAD,VS Pep Rl,0,0,0,0,0,0,0,0,0,0,0,0,0,0
2023-11-19,BREAD,CAR,0,0,0,0,0,0,0,0,0,0,0,0,0,0
2023-11-19,BREAD,IHF,0,0,0,0,0,0,0,0,0,0,0,0,0,0
2023-11-19,BREAD,POP-RLS,0,0,0,0,0,0,0,0,0,0,0,0,0,0
2023-11-19,BREAD,CrO-RLS,0,0,0,0,0,0,0,0,0,0,0,0,0,0
2023-11-19,BREAD,BUT-RLS,0,0,0,0,0,0,0,0,0,0,0,0,0,0
2023-11-19,BREAD,H-RLS,0,0,0,0,0,0,0,0,0,0,0,0,0,0
2023-11-19,BREAD,FR-RLS,0,0,0,0,0,0,0,0,0,0,0,0,0,0
2023-11-19,BREAD,VS-RLS,0,0,0,0,0,0,0,0,0,0,0,0,0,0
2023-11-19,BREAD,TEA CAKES,0,0,0,0,0,0,0,0,0,0,0,0,0,0
2023-11-19,BREAD,Blue Stru,0,0,0,0,0,0,0,0,0,0,0,0,0,0
2023-11-19,BREAD,Mex Choc,0,0,0,0,0,0,0,0,0,0,0,0,0,0
2023-11-19,BREAD,Pump Choc,0,0,0,0,0,0,0,0,0,0,0,0,0,0
2023-11-19,BREAD,Pump Crumb,0,0,0,0,0,0,0,0,0,0,0,0,0,0
2023-11-19,ROLLS,C-Rolls,0,0,0,0,0,0,0,0,0,0,0,0,0,0
2023-11-19,ROLLS,Pump C-Rolls,0,0,0,0,0,0,0,0,0,0,0,0,0,0
2023-11-19,ROLLS,Mini C-Roll,0,0,0,0,0,0,0,0,0,0,0,0,0,0
2023-11-19,SCONES,Blueberry,0,0,0,0,0,0,0,0,0,0,0,0,0,0
2023-11-19,SCONES,App Cran,0,0,0,0,0,0,0,0,0,0,0,0,0,0
2023-11-19,SCONES,Cherry,0,0,0,0,0,0,0,0,0,0,0,0,0,0
2023-11-19,SCONES,Butt Almond,0,0,0,0,0,0,0,0,0,0,0,0,0,0
2023-11-19,SCONES,Turtle,0,0,0,0,0,0,0,0,0,0,0,0,0,0
2023-11-19,SCONES,Cin Chip,0,0,0,0,0,0,0,0,0,0,0,0,0,0
2023-11-19,SCONES,Pump Spice,0,0,0,0,0,0,0,0,0,0,0,0,0,0
2023-11-19,SCONES,FRUIT BAR,0,0,0,0,0,0,0,0,0,0,0,0,0,0
2023-11-19,SCONES,Triple berry,0,0,0,0,0,0,0,0,0,0,0,0,0,0
2023-11-19,SCONES,cherry,0,0,0,0,0,0,0,0,0,0,0,0,0,0
2023-11-19,SCONES,apple cin,0,0,0,0,0,0,0,0,0,0,0,0,0,0
2023-11-19,SCONES,App Cran,0,0,0,0,0,0,0,0,0,0,0,0,0,0
2023-11-19,MUFFINS,Blue Stru,0,0,0,0,0,0,0,0,0,0,0,0,0,0
2023-11-19,MUFFINS,Mex Choc,0,0,0,0,0,0,0,0,0,0,0,0,0,0
2023-11-19,MUFFINS,Pump Choc,0,0,0,0,0,0,0,0,0,0,0,0,0,0
2023-11-19,MUFFINS,Pump Crumb,0,0,0,0,0,0,0,0,0,0,0,0,0,0
2023-11-19,COOKIES/BARS,oat cc,0,0,0,0,0,0,0,0,0,0,0,0,0,0
2023-11-19,COOKIES/BARS,triple cc,0,0,0,0,0,0,0,0,0,0,0,0,0,0
2023-11-19,COOKIES/BARS,Snickerdoodle,0,0,0,0,0,0,0,0,0,0,0,0,0,0
2023-11-19,COOKIES/BARS,Frosted,0,0,0,0,0,0,0,0,0,0,0,0,0,0
2023-11-19,COOKIES/BARS,Brownie,0,0,0,0,0,0,0,0,0,0,0,0,0,0
2023-11-19,COOKIES/BARS,Pump Bar,12,0,12,0,0,0,12,0,0,0,0,0,0,0
2023-11-19,COOKIES/BARS,Pump,2,0,2,0,0,0,2,0,0,0,0,0,0,0
2023-11-19,COOKIES/BARS,Pecan,6,0,6,0,0,0,6,0,0,0,0,0,0,0
2023-11-19,COOKIES/BARS,Ap,4,0,4,0,0,0,4,0,0,0,0,0,0,0
2023-11-19,COOKIES/BARS,Cran Ap,3,0,3,0,0,0,3,0,0,0,0,0,0,0
2023-11-19,COOKIES/BARS,Pump Ohhh,0,0,0,0,0,0,0,0,0,0,0,0,0,0
2023-11-19,COOKIES/BARS,Totals,27,0,18,0,0,0,18,9,0,9,0,0,0,9
2023-11-20,BREAD,H,0,28,28,12,0,0,16,0,0,0,0,0,0,0
2023-11-20,BREAD,FR,0,55,55,46,9,0,0,0,0,0,0,0,0,0
2023-11-20,BREAD,GW,0,9,9,6,3,0,0,0,0,0,0,0,0,0
2023-11-20,BREAD,DK,0,51,51,11,0,0,40,0,0,0,0,0,0,0
2023-11-20,BREAD,H5,0,0,0,0,0,0,0,0,0,0,0,0,0,0
2023-11-20,BREAD,CSWRL,0,20,20,8,0,0,12,0,9,9,3,0,0,2
2023-11-20,BREAD,Pump SWL,0,12,12,7,0,0,5,0,5,5,5,0,0,0
2023-11-20,BREAD,CnE,0,39,39,10,6,0,23,0,0,0,0,0,0,0
2023-11-20,BREAD,CnR,0,0,0,0,0,0,0,0,0,0,0,0,0,0
2023-11-20,BREAD,RW,0,0,0,0,0,0,0,0,0,0,0,0,0,0
2023-11-20,BREAD,Monkey,0,10,10,3,0,0,7,0,0,0,0,0,0,0
2023-11-20,BREAD,CB,0,64,64,4,0,0,60,0,16,16,3,0,0,13
2023-11-20,BREAD,CrO,0,0,0,0,0,0,0,0,0,0,0,0,0,0
2023-11-20,BREAD,POP,0,18,18,4,0,0,14,0,3,3,2,0,0,1
2023-11-20,BREAD,STUFF,0,0,0,0,0,0,0,0,0,0,0,0,0,0
2023-11-20,BREAD,PUMA,0,12,12,6,0,0,6,0,0,0,0,0,0,0
2023-11-20,BREAD,VS,0,0,0,0,0,0,0,0,0,0,0,0,0,0
2023-11-20,BREAD,Turkey,0,18,18,9,0,0,9,0,0,0,0,0,0,0
2023-11-20,BREAD,sour-TL,0,37,37,9,7,0,21,0,0,0,0,0,0,0
2023-11-20,BREAD,OB,0,6,6,4,0,0,2,0,0,0,0,0,0,0
2023-11-20,BREAD,Pepp Roll,0,0,0,0,0,0,0,0,0,0,0,0,0,0
2023-11-20,BREAD,VS Pep Rl,0,0,0,0,0,0,0,0,0,0,0,0,0,0
2023-11-20,BREAD,CAR,0,0,0,-21,0,0,21,0,0,0,0,0,0,0
2023-11-20,BREAD,IHF,0,0,0,-14,0,0,14,0,0,0,0,0,0,0
2023-11-20,BREAD,POP-RLS,0,12,12,7,0,0,5,0,0,0,0,0,0,0
2023-11-20,BREAD,CrO-RLS,0,0,0,0,0,0,0,0,0,0,0,0,0,0
2023-11-20,BREAD,BUT-RLS,0,69,69,32,3,0,34,0,0,0,0,0,0,0
2023-11-20,BREAD,H-RLS,0,24,24,11,3,0,10,0,0,0,0,0,0,0
2023-11-20,BREAD,FR-RLS,0,6,6,0,6,0,0,0,0,0,0,0,0,0
2023-11-20,BREAD,VS-RLS,0,0,0,0,0,0,0,0,0,0,0,0,0,0
2023-11-20,BREAD,TEA CAKES,0,0,0,0,0,0,0,0,0,0,0,0,0,0
2023-11-20,BREAD,Blue Stru,0,6,6,5,1,0,0,0,0,0,0,0,0,0
2023-11-20,BREAD,Mex Choc,0,4,4,0,0,0,4,0,0,0,0,0,0,0
2023-11-20,BREAD,Pump Choc,0,10,10,2,0,0,8,0,0,0,0,0,0,0
2023-11-20,BREAD,Pump Crumb,0,4,4,3,0,0,1,0,0,0,0,0,0,0
2023-11-20,ROLLS,C-Rolls,0,24,24,20,4,0,0,0,0,0,0,0,0,0
2023-11-20,ROLLS,Pump C-Rolls,0,12,12,3,0,9,0,0,0,0,0,0,0,0
2023-11-20,ROLLS,Mini C-Roll,0,0,0,0,0,0,0,0,0,0,0,0,0,0
2023-11-20,SCONES,Blueberry,0,0,0,0,0,0,0,0,0,0,0,0,0,0
2023-11-20,SCONES,App Cran,0,18,18,10,0,8,0,0,0,0,0,0,0,0
2023-11-20,SCONES,Cherry,0,0,0,0,0,0,0,0,0,0,0,0,0,0
2023-11-20,SCONES,Butt Almond,0,0,0,0,0,0,0,0,0,0,0,0,0,0
2023-11-20,SCONES,Turtle,0,0,0,0,0,0,0,0,0,0,0,0,0,0
2023-11-20,SCONES,Cin Chip,0,15,15,10,0,5,0,0,0,0,0,0,0,0
2023-11-20,SCONES,Pump Spice,0,8,8,3,0,5,0,0,0,0,0,0,0,0
2023-11-20,SCONES,FRUIT BAR,0,0,0,0,0,0,0,0,0,0,0,0,0,0
2023-11-20,SCONES,Triple berry,0,5,5,2,2,1,0,0,0,0,0,0,0,0
2023-11-20,SCONES,cherry,0,5,5,3,1,1,0,0,0,0,0,0,0,0
2023-11-20,SCONES,apple cin,0,0,0,0,0,0,0,0,0,0,0,0,0,0
2023-11-20,SCONES,App Cran,0,0,0,0,0,0,0,0,0,0,0,0,0,0
2023-11-20,MUFFINS,Blue Stru,0,3,3,1,0,2,0,0,0,0,0,0,0,0
2023-11-20,MUFFINS,Mex Choc,0,2,2,2,0,0,0,0,0,0,0,0,0,0
2023-11-20,MUFFINS,Pump Choc,0,3,3,2,0,1,0,0,0,0,0,0,0,0
2023-11-20,MUFFINS,Pump Crumb,0,2,2,1,0,1,0,0,0,0,0,0,0,0
2023-11-20,COOKIES/BARS,oat cc,0,36,36,-3,0,39,0,0,4,4,0,0,0,0
2023-11-20,COOKIES/BARS,triple cc,0,36,36,29,0,0,7,0,6,6,0,0,0,0
2023-11-20,COOKIES/BARS,Snickerdoodle,0,36,36,12,0,0,24,0,6,6,0,0,0,0
2023-11-20,COOKIES/BARS,Frosted,0,26,26,4,0,0,22,0,0,0,0,0,0,0
2023-11-20,COOKIES/BARS,Brownie,0,30,30,4,3,0,23,0,0,0,0,0,0,0
2023-11-20,COOKIES/BARS,Pump Bar,12,20,32,-1,5,0,28,0,0,0,0,0,0,0
2023-11-20,COOKIES/BARS,Pump,2,19,21,2,0,0,19,0,0,0,0,0,0,0
2023-11-20,COOKIES/BARS,Pecan,6,10,16,9,0,0,7,0,0,0,0,0,0,0
2023-11-20,COOKIES/BARS,Ap,4,23,27,5,1,0,21,0,0,0,0,0,0,0
2023-11-20,COOKIES/BARS,Cran Ap,3,18,21,4,1,0,16,0,0,0,0,0,0,0
2023-11-20,COOKIES/BARS,Pump Ohhh,0,0,0,0,0,0,0,0,0,0,0,0,0,0
2023-11-20,COOKIES/BARS,Totals,27,323,341,109,16,72,144,9,44,53,13,0,0,23
2023-11-21,BREAD,H,16,5,21,12,4,0,5,0,0,0,0,0,0,0
2023-11-21,BREAD,FR,0,59,59,48,6,0,5,0,0,0,0,0,0,0
2023-11-21,BREAD,GW,0,9,9,2,1,0,6,0,0,0,0,0,0,0
2023-11-21,BREAD,DK,40,0,40,11,2,0,27,0,0,0,0,0,0,0
2023-11-21,BREAD,H5,0,0,0,0,0,0,0,0,0,0,0,0,0,0
2023-11-21,BREAD,CSWRL,12,32,44,18,22,0,4,2,8,10,4,0,0,4
2023-11-21,BREAD,Pump SWL,5,8,13,4,0,3,6,0,6,6,3,0,0,1
2023-11-21,BREAD,CnE,23,31,54,14,7,0,33,0,8,8,1,0,0,6
2023-11-21,BREAD,CnR,0,0,0,0,0,0,0,0,0,0,0,0,0,0
2023-11-21,BREAD,RW,0,0,0,0,0,0,0,0,0,0,0,0,0,0
2023-11-21,BREAD,Monkey,7,15,22,11,8,0,3,0,0,0,0,0,0,0
2023-11-21,BREAD,CB,60,0,60,15,0,0,45,13,0,13,3,0,0,10
2023-11-21,BREAD,CrO,0,44,44,6,12,0,26,0,7,7,5,0,0,0
2023-11-21,BREAD,POP,14,0,14,0,2,0,12,1,0,1,-9,0,0,7
2023-11-21,BREAD,STUFF,0,44,44,14,9,0,21,0,0,0,0,0,0,0
2023-11-21,BREAD,PUMA,6,0,6,-9,1,0,14,0,0,0,0,0,0,0
2023-11-21,BREAD,VS,0,13,13,2,8,0,3,0,5,5,1,0,0,3
2023-11-21,BREAD,Turkey,9,18,27,20,5,0,2,0,0,0,0,0,0,0
2023-11-21,BREAD,sour-TL,21,0,21,21,0,0,0,0,0,0,0,0,0,0
2023-11-21,BREAD,OB,2,0,2,2,0,0,0,0,0,0,0,0,0,0
2023-11-21,BREAD,Pepp Roll,0,0,0,0,0,0,0,0,0,0,0,0,0,0
2023-11-21,BREAD,VS Pep Rl,0,0,0,0,0,0,0,0,0,0,0,0,0,0
2023-11-21,BREAD,CAR,21,0,21,21,0,0,0,0,0,0,0,0,0,0
2023-11-21,BREAD,IHF,14,0,14,14,0,0,0,0,0,0,0,0,0,0
2023-11-21,BREAD,POP-RLS,5,0,5,-17,13,0,9,0,0,0,0,0,0,0
2023-11-21,BREAD,CrO-RLS,0,102,102,9,26,0,67,0,0,0,0,0,0,0
2023-11-21,BREAD,BUT-RLS,34,110,144,62,47,0,35,0,0,0,0,0,0,0
2023-11-21,BREAD,H-RLS,10,46,56,12,23,0,21,0,0,0,0,0,0,0
2023-11-21,BREAD,FR-RLS,0,0,0,0,0,0,0,0,0,0,0,0,0,0
2023-11-21,BREAD,VS-RLS,0,84,84,-6,62,0,28,0,0,0,0,0,0,0
2023-11-21,BREAD,TEA CAKES,0,0,0,0,0,0,0,0,0,0,0,0,0,0
2023-11-21,BREAD,Blue Stru,0,10,10,7,0,0,3,0,0,0,0,0,0,0
2023-11-21,BREAD,Mex Choc,4,8,12,2,6,0,4,0,0,0,0,0,0,0
2023-11-21,BREAD,Pump Choc,8,5,13,12,1,0,0,0,0,0,0,0,0,0
2023-11-21,BREAD,Pump Crumb,1,9,10,3,6,0,1,0,0,0,0,0,0,0
2023-11-21,ROLLS,C-Rolls,0,120,120,87,19,14,0,0,0,0,0,0,0,0
2023-11-21,ROLLS,Pump C-Rolls,0,12,12,12,0,0,0,0,0,0,0,0,0,0
2023-11-21,ROLLS,Mini C-Roll,0,108,108,0,108,0,0,0,0,0,0,0,0,0
2023-11-21,SCONES,Blueberry,0,17,17,9,0,8,0,0,20,20,0,0,0,0
2023-11-21,SCONES,App Cran,0,0,0,0,0,0,0,0,0,0,0,0,0,0
2023-11-21,SCONES,Cherry,0,0,0,0,0,0,0,0,0,0,0,0,0,0
2023-11-21,SCONES,Butt Almond,0,0,0,0,0,0,0,0,0,0,0,0,0,0
2023-11-21,SCONES,Turtle,0,0,0,0,0,0,0,0,0,0,0,0,0,0
2023-11-21,SCONES,Cin Chip,0,18,18,14,0,4,0,0,20,20,0,0,0,0
2023-11-21,SCONES,Pump Spice,0,14,14,1,0,13,0,0,20,20,0,0,0,0
2023-11-21,SCONES,FRUIT BAR,0,0,0,0,0,0,0,0,0,0,0,0,0,0
2023-11-21,SCONES,Triple berry,0,10,10,3,6,1,0,0,0,0,0,0,0,0
2023-11-21,SCONES,cherry,0,10,10,4,6,0,0,0,0,0,0,0,0,0
2023-11-21,SCONES,apple cin,0,10,10,2,6,2,0,0,0,0,0,0,0,0
2023-11-21,SCONES,App Cran,0,10,10,2,6,2,0,0,0,0,0,0,0,0
2023-11-21,MUFFINS,Blue Stru,0,6,6,2,0,4,0,0,30,30,0,0,0,0
2023-11-21,MUFFINS,Mex Choc,0,4,4,0,0,4,0,0,0,0,0,0,0,0
2023-11-21,MUFFINS,Pump Choc,0,8,8,5,0,3,0,0,30,30,0,0,0,0
2023-11-21,MUFFINS,Pump Crumb,0,4,4,1,0,3,0,0,0,0,0,0,0,0
2023-11-21,COOKIES/BARS,oat cc,0,48,48,35,0,0,13,0,0,0,0,0,0,0
2023-11-21,COOKIES/BARS,triple cc,7,36,43,32,0,0,11,0,0,0,0,0,0,0
2023-11-21,COOKIES/BARS,Snickerdoodle,24,24,48,31,0,0,17,0,0,0,0,0,0,0
2023-11-21,COOKIES/BARS,Frosted,22,0,22,5,0,0,17,0,0,0,0,0,0,0
2023-11-21,COOKIES/BARS,Brownie,23,15,38,8,0,0,30,0,0,0,0,0,0,0
2023-11-21,COOKIES/BARS,Pump Bar,28,20,48,7,1,4,36,0,0,0,0,0,0,0
2023-11-21,COOKIES/BARS,Pump,19,36,55,9,6,0,40,0,0,0,0,0,0,0
2023-11-21,COOKIES/BARS,Pecan,7,48,55,6,11,0,38,0,0,0,0,0,0,0
2023-11-21,COOKIES/BARS,Ap,21,19,40,11,9,0,20,0,0,0,0,0,0,0
2023-11-21,COOKIES/BARS,Cran Ap,16,10,26,0,5,0,21,0,0,0,0,0,0,0
2023-11-21,COOKIES/BARS,Pump Ohhh,0,0,0,0,0,0,0,0,0,0,0,0,0,0
2023-11-21,COOKIES/BARS,Totals,167,549,693,280,167,62,184,23,178,201,6,0,0,59
2023-11-22,BREAD,H,5,8,13,12,1,0,0,0,0,0,0,0,0,0
2023-11-22,BREAD,FR,5,14,19,19,0,0,0,0,0,0,0,0,0,0
2023-11-22,BREAD,GW,6,0,6,6,0,0,0,0,0,0,0,0,0,0
2023-11-22,BREAD,DK,27,0,27,17,0,10,0,0,0,0,0,0,0,0
2023-11-22,BREAD,H5,0,0,0,0,0,0,0,0,0,0,0,0,0,0
2023-11-22,BREAD,CSWRL,4,36,40,29,5,6,0,4,8,12,4,0,0,0
2023-11-22,BREAD,Pump SWL,6,8,14,6,3,5,0,1,3,4,4,0,0,0
2023-11-22,BREAD,CnE,33,0,33,25,0,8,0,6,0,6,4,0,0,0
2023-11-22,BREAD,CnR,0,0,0,0,0,0,0,0,0,0,0,0,0,0
2023-11-22,BREAD,RW,0,0,0,0,0,0,0,0,0,0,0,0,0,0
2023-11-22,BREAD,Monkey,3,0,3,3,0,0,0,0,0,0,0,0,0,0
2023-11-22,BREAD,CB,45,0,45,12,0,33,0,10,0,10,6,0,0,0
2023-11-22,BREAD,CrO,26,0,26,13,0,13,0,0,0,0,0,0,0,0
2023-11-22,BREAD,POP,12,0,12,5,0,7,0,7,0,7,2,0,0,0
2023-11-22,BREAD,STUFF,21,0,21,18,0,3,0,0,0,0,0,0,0,0
2023-11-22,BREAD,PUMA,14,0,14,4,0,10,0,0,0,0,0,0,0,0
2023-11-22,BREAD,VS,3,26,29,18,3,8,0,3,8,11,9,0,0,0
2023-11-22,BREAD,Turkey,2,27,29,17,12,0,0,0,0,0,0,0,0,0
2023-11-22,BREAD,sour-TL,0,0,0,0,0,0,0,0,0,0,0,0,0,0
2023-11-22,BREAD,OB,0,0,0,0,0,0,0,0,0,0,0,0,0,0
2023-11-22,BREAD,Pepp Roll,0,0,0,0,0,0,0,0,0,0,0,0,0,0
2023-11-22,BREAD,VS Pep Rl,0,0,0,0,0,0,0,0,0,0,0,0,0,0
2023-11-22,BREAD,CAR,0,0,0,0,0,0,0,0,0,0,0,0,0,0
2023-11-22,BREAD,IHF,0,0,0,0,0,0,0,0,0,0,0,0,0,0
2023-11-22,BREAD,POP-RLS,9,0,9,9,0,0,0,0,0,0,0,0,0,0
2023-11-22,BREAD,CrO-RLS,67,0,67,23,0,44,0,0,0,0,0,0,0,0
2023-11-22,BREAD,BUT-RLS,35,150,185,95,90,0,0,0,0,0,0,0,0,0
2023-11-22,BREAD,H-RLS,21,48,69,41,28,0,0,0,0,0,0,0,0,0
2023-11-22,BREAD,FR-RLS,0,0,0,0,0,0,0,0,0,0,0,0,0,0
2023-11-22,BREAD,VS-RLS,28,36,64,32,32,0,0,0,0,0,0,0,0,0
2023-11-22,BREAD,TEA CAKES,0,0,0,0,0,0,0,0,0,0,0,0,0,0
2023-11-22,BREAD,Blue Stru,3,6,9,7,2,0,0,0,0,0,0,0,0,0
2023-11-22,BREAD,Mex Choc,4,4,8,1,4,3,0,0,0,0,0,0,0,0
2023-11-22,BREAD,Pump Choc,0,12,12,10,2,0,0,0,0,0,0,0,0,0
2023-11-22,BREAD,Pump Crumb,1,5,6,4,2,0,0,0,0,0,0,0,0,0
2023-11-22,ROLLS,C-Rolls,0,144,144,124,20,0,0,0,0,0,0,0,0,0
2023-11-22,ROLLS,Pump C-Rolls,0,36,36,24,12,0,0,0,0,0,0,0,0,0
2023-11-22,ROLLS,Mini C-Roll,0,0,0,0,0,0,0,0,0,0,0,0,0,0
2023-11-22,SCONES,Blueberry,0,0,0,0,0,0,0,0,0,0,0,0,0,0
2023-11-22,SCONES,App Cran,0,16,16,9,4,3,0,0,4,4,0,0,0,0
2023-11-22,SCONES,Cherry,0,0,0,0,0,0,0,0,0,0,0,0,0,0
2023-11-22,SCONES,Butt Almond,0,0,0,0,0,0,0,0,0,0,0,0,0,0
2023-11-22,SCONES,Turtle,0,15,15,14,1,0,0,0,4,4,0,0,0,0
2023-11-22,SCONES,Cin Chip,0,0,0,0,0,0,0,0,0,0,0,0,0,0
2023-11-22,SCONES,Pump Spice,0,8,8,5,2,1,0,0,104,104,0,0,0,0
2023-11-22,SCONES,FRUIT BAR,0,0,0,0,0,0,0,0,0,0,0,0,0,0
2023-11-22,SCONES,Triple berry,0,5,5,3,0,2,0,0,0,0,0,0,0,0
2023-11-22,SCONES,cherry,0,5,5,3,0,2,0,0,0,0,0,0,0,0
2023-11-22,SCONES,apple cin,0,5,5,1,0,4,0,0,0,0,0,0,0,0
2023-11-22,SCONES,App Cran,0,5,5,2,0,3,0,0,0,0,0,0,0,0
2023-11-22,MUFFINS,Blue Stru,0,6,6,4,0,2,0,0,0,0,0,0,0,0
2023-11-22,MUFFINS,Mex Choc,0,5,5,4,0,1,0,0,0,0,0,0,0,0
2023-11-22,MUFFINS,Pump Choc,0,11,11,6,1,4,0,0,0,0,0,0,0,0
2023-11-22,MUFFINS,Pump Crumb,0,8,8,1,4,3,0,0,0,0,0,0,0,0
2023-11-22,COOKIES/BARS,oat cc,13,37,50,36,12,2,0,0,0,0,0,0,0,0
2023-11-22,COOKIES/BARS,triple cc,11,24,35,27,0,8,0,0,0,0,0,0,0,0
2023-11-22,COOKIES/BARS,Snickerdoodle,17,29,46,37,0,9,0,0,0,0,0,0,0,0
2023-11-22,COOKIES/BARS,Frosted,17,0,17,15,0,2,0,0,0,0,0,0,0,0
2023-11-22,COOKIES/BARS,Brownie,30,0,30,11,0,4,15,0,0,0,0,0,0,0
2023-11-22,COOKIES/BARS,Pump Bar,36,0,36,36,0,0,0,0,0,0,0,0,0,0
2023-11-22,COOKIES/BARS,Pump,40,0,40,40,0,0,0,0,0,0,0,0,0,0
2023-11-22,COOKIES/BARS,Pecan,38,0,38,30,0,8,0,0,0,0,0,0,0,0
2023-11-22,COOKIES/BARS,Ap,20,0,20,20,0,0,0,0,0,0,0,0,0,0
2023-11-22,COOKIES/BARS,Cran Ap,21,0,21,21,0,0,0,0,0,0,0,0,0,0
2023-11-22,COOKIES/BARS,Pump Ohhh,0,0,0,0,0,0,0,0,0,0,0,0,0,0
2023-11-22,COOKIES/BARS,Totals,243,359,543,422,56,50,15,59,112,171,51,0,0,0
2023-11-23,BREAD,H,0,0,0,0,0,0,0,0,0,0,0,0,0,0
2023-11-23,BREAD,FR,0,0,0,0,0,0,0,0,0,0,0,0,0,0
2023-11-23,BREAD,GW,0,0,0,0,0,0,0,0,0,0,0,0,0,0
2023-11-23,BREAD,DK,0,0,0,0,0,0,0,0,0,0,0,0,0,0
2023-11-23,BREAD,H5,0,0,0,0,0,0,0,0,0,0,0,0,0,0
2023-11-23,BREAD,CSWRL,0,0,0,0,0,0,0,0,0,0,0,0,0,0
2023-11-23,BREAD,Pump SWL,0,0,0,0,0,0,0,0,0,0,0,0,0,0
2023-11-23,BREAD,CnE,0,0,0,0,0,0,0,0,0,0,0,0,0,0
2023-11-23,BREAD,CnR,0,0,0,0,0,0,0,0,0,0,0,0,0,0
2023-11-23,BREAD,RW,0,0,0,0,0,0,0,0,0,0,0,0,0,0
2023-11-23,BREAD,Monkey,0,0,0,0,0,0,0,0,0,0,0,0,0,0
2023-11-23,BREAD,CB,0,0,0,0,0,0,0,0,0,0,0,0,0,0
2023-11-23,BREAD,CrO,0,0,0,0,0,0,0,0,0,0,0,0,0,0
2023-11-23,BREAD,POP,0,0,0,0,0,0,0,0,0,0,0,0,0,0
2023-11-23,BREAD,STUFF,0,0,0,0,0,0,0,0,0,0,0,0,0,0
2023-11-23,BREAD,PUMA,0,0,0,0,0,0,0,0,0,0,0,0,0,0
2023-11-23,BREAD,VS,0,0,0,0,0,0,0,0,0,0,0,0,0,0
2023-11-23,BREAD,Turkey,0,0,0,0,0,0,0,0,0,0,0,0,0,0
2023-11-23,BREAD,sour-TL,0,0,0,0,0,0,0,0,0,0,0,0,0,0
2023-11-23,BREAD,OB,0,0,0,0,0,0,0,0,0,0,0,0,0,0
2023-11-23,BREAD,Pepp Roll,0,0,0,0,0,0,0,0,0,0,0,0,0,0
2023-11-23,BREAD,VS Pep Rl,0,0,0,0,0,0,0,0,0,0,0,0,0,0
2023-11-23,BREAD,CAR,0,0,0,0,0,0,0,0,0,0,0,0,0,0
2023-11-23,BREAD,IHF,0,0,0,0,0,0,0,0,0,0,0,0,0,0
2023-11-23,BREAD,POP-RLS,0,0,0,0,0,0,0,0,0,0,0,0,0,0
2023-11-23,BREAD,CrO-RLS,0,0,0,0,0,0,0,0,0,0,0,0,0,0
2023-11-23,BREAD,BUT-RLS,0,0,0,0,0,0,0,0,0,0,0,0,0,0
2023-11-23,BREAD,H-RLS,0,0,0,0,0,0,0,0,0,0,0,0,0,0
2023-11-23,BREAD,FR-RLS,0,0,0,0,0,0,0,0,0,0,0,0,0,0
2023-11-23,BREAD,VS-RLS,0,0,0,0,0,0,0,0,0,0,0,0,0,0
2023-11-23,BREAD,TEA CAKES,0,0,0,0,0,0,0,0,0,0,0,0,0,0
2023-11-23,BREAD,Blue Stru,0,0,0,0,0,0,0,0,0,0,0,0,0,0
2023-11-23,BREAD,Mex Choc,0,0,0,0,0,0,0,0,0,0,0,0,0,0
2023-11-23,BREAD,Pump Choc,0,0,0,0,0,0,0,0,0,0,0,0,0,0
2023-11-23,BREAD,Pump Crumb,0,0,0,0,0,0,0,0,0,0,0,0,0,0
2023-11-23,ROLLS,C-Rolls,0,0,0,0,0,0,0,0,0,0,0,0,0,0
2023-11-23,ROLLS,Pump C-Rolls,0,0,0,0,0,0,0,0,0,0,0,0,0,0
2023-11-23,ROLLS,Mini C-Roll,0,0,0,0,0,0,0,0,0,0,0,0,0,0
2023-11-23,SCONES,Blueberry,0,0,0,0,0,0,0,0,0,0,0,0,0,0
2023-11-23,SCONES,App Cran,0,0,0,0,0,0,0,0,0,0,0,0,0,0
2023-11-23,SCONES,Cherry,0,0,0,0,0,0,0,0,0,0,0,0,0,0
2023-11-23,SCONES,Butt Almond,0,0,0,0,0,0,0,0,0,0,0,0,0,0
2023-11-23,SCONES,Turtle,0,0,0,0,0,0,0,0,0,0,0,0,0,0
2023-11-23,SCONES,Cin Chip,0,0,0,0,0,0,0,0,0,0,0,0,0,0
2023-11-23,SCONES,Pump Spice,0,0,0,0,0,0,0,0,0,0,0,0,0,0
2023-11-23,SCONES,FRUIT BAR,0,0,0,0,0,0,0,0,0,0,0,0,0,0
2023-11-23,SCONES,Triple berry,0,0,0,0,0,0,0,0,0,0,0,0,0,0
2023-11-23,SCONES,cherry,0,0,0,0,0,0,0,0,0,0,0,0,0,0
2023-11-23,SCONES,apple cin,0,0,0,0,0,0,0,0,0,0,0,0,0,0
2023-11-23,SCONES,App Cran,0,0,0,0,0,0,0,0,0,0,0,0,0,0
2023-11-23,MUFFINS,Blue Stru,0,0,0,0,0,0,0,0,0,0,0,0,0,0
2023-11-23,MUFFINS,Mex Choc,0,0,0,0,0,0,0,0,0,0,0,0,0,0
2023-11-23,MUFFINS,Pump Choc,0,0,0,0,0,0,0,0,0,0,0,0,0,0
2023-11-23,MUFFINS,Pump Crumb,0,0,0,0,0,0,0,0,0,0,0,0,0,0
2023-11-23,COOKIES/BARS,oat cc,0,0,0,0,0,0,0,0,0,0,0,0,0,0
2023-11-23,COOKIES/BARS,triple cc,0,0,0,0,0,0,0,0,0,0,0,0,0,0
2023-11-23,COOKIES/BARS,Snickerdoodle,0,0,0,0,0,0,0,0,0,0,0,0,0,0
2023-11-23,COOKIES/BARS,Frosted,0,0,0,0,0,0,0,0,0,0,0,0,0,0
2023-11-23,COOKIES/BARS,Brownie,15,0,15,0,0,0,15,0,0,0,0,0,0,0
2023-11-23,COOKIES/BARS,Pump Bar,0,0,0,0,0,0,0,0,0,0,0,0,0,0
2023-11-23,COOKIES/BARS,Pump,0,0,0,0,0,0,0,0,0,0,0,0,0,0
2023-11-23,COOKIES/BARS,Pecan,0,0,0,0,0,0,0,0,0,0,0,0,0,0
2023-11-23,COOKIES/BARS,Ap,0,0,0,0,0,0,0,0,0,0,0,0,0,0
2023-11-23,COOKIES/BARS,Cran Ap,0,0,0,0,0,0,0,0,0,0,0,0,0,0
2023-11-23,COOKIES/BARS,Pump Ohhh,0,0,0,0,0,0,0,0,0,0,0,0,0,0
2023-11-23,COOKIES/BARS,Totals,15,0,15,0,0,0,15,0,0,0,0,0,0,0
2023-11-24,BREAD,H,0,0,0,0,0,0,0,0,0,0,0,0,0,0
2023-11-24,BREAD,FR,0,0,0,0,0,0,0,0,0,0,0,0,0,0
2023-11-24,BREAD,GW,0,0,0,0,0,0,0,0,0,0,0,0,0,0
2023-11-24,BREAD,DK,0,0,0,0,0,0,0,0,0,0,0,0,0,0
2023-11-24,BREAD,H5,0,0,0,0,0,0,0,0,0,0,0,0,0,0
2023-11-24,BREAD,CSWRL,0,0,0,0,0,0,0,0,0,0,0,0,0,0
2023-11-24,BREAD,Pump SWL,0,0,0,0,0,0,0,0,0,0,0,0,0,0
2023-11-24,BREAD,CnE,0,0,0,0,0,0,0,0,0,0,0,0,0,0
2023-11-24,BREAD,CnR,0,0,0,0,0,0,0,0,0,0,0,0,0,0
2023-11-24,BREAD,RW,0,0,0,0,0,0,0,0,0,0,0,0,0,0
2023-11-24,BREAD,Monkey,0,0,0,0,0,0,0,0,0,0,0,0,0,0
2023-11-24,BREAD,CB,0,0,0,0,0,0,0,0,0,0,0,0,0,0
2023-11-24,BREAD,CrO,0,0,0,0,0,0,0,0,0,0,0,0,0,0
2023-11-24,BREAD,POP,0,0,0,0,0,0,0,0,0,0,0,0,0,0
2023-11-24,BREAD,STUFF,0,0,0,0,0,0,0,0,0,0,0,0,0,0
2023-11-24,BREAD,PUMA,0,0,0,0,0,0,0,0,0,0,0,0,0,0
2023-11-24,BREAD,VS,0,0,0,0,0,0,0,0,0,0,0,0,0,0
2023-11-24,BREAD,Turkey,0,0,0,0,0,0,0,0,0,0,0,0,0,0
2023-11-24,BREAD,sour-TL,0,0,0,0,0,0,0,0,0,0,0,0,0,0
2023-11-24,BREAD,OB,0,0,0,0,0,0,0,0,0,0,0,0,0,0
2023-11-24,BREAD,Pepp Roll,0,0,0,0,0,0,0,0,0,0,0,0,0,0
2023-11-24,BREAD,VS Pep Rl,0,0,0,0,0,0,0,0,0,0,0,0,0,0
2023-11-24,BREAD,CAR,0,0,0,0,0,0,0,0,0,0,0,0,0,0
2023-11-24,BREAD,IHF,0,0,0,0,0,0,0,0,0,0,0,0,0,0
2023-11-24,BREAD,POP-RLS,0,0,0,0,0,0,0,0,0,0,0,0,0,0
2023-11-24,BREAD,CrO-RLS,0,0,0,0,0,0,0,0,0,0,0,0,0,0
2023-11-24,BREAD,BUT-RLS,0,0,0,0,0,0,0,0,0,0,0,0,0,0
2023-11-24,BREAD,H-RLS,0,0,0,0,0,0,0,0,0,0,0,0,0,0
2023-11-24,BREAD,FR-RLS,0,0,0,0,0,0,0,0,0,0,0,0,0,0
2023-11-24,BREAD,VS-RLS,0,0,0,0,0,0,0,0,0,0,0,0,0,0
2023-11-24,BREAD,TEA CAKES,0,0,0,0,0,0,0,0,0,0,0,0,0,0
2023-11-24,BREAD,Blue Stru,0,0,0,0,0,0,0,0,0,0,0,0,0,0
2023-11-24,BREAD,Mex Choc,0,0,0,0,0,0,0,0,0,0,0,0,0,0
2023-11-24,BREAD,Pump Choc,0,0,0,0,0,0,0,0,0,0,0,0,0,0
2023-11-24,BREAD,Pump Crumb,0,0,0,0,0,0,0,0,0,0,0,0,0,0
2023-11-24,ROLLS,C-Rolls,0,0,0,0,0,0,0,0,0,0,0,0,0,0
2023-11-24,ROLLS,Pump C-Rolls,0,0,0,0,0,0,0,0,0,0,0,0,0,0
2023-11-24,ROLLS,Mini C-Roll,0,0,0,0,0,0,0,0,0,0,0,0,0,0
2023-11-24,SCONES,Blueberry,0,0,0,0,0,0,0,0,0,0,0,0,0,0
2023-11-24,SCONES,App Cran,0,0,0,0,0,0,0,0,0,0,0,0,0,0
2023-11-24,SCONES,Cherry,0,0,0,0,0,0,0,0,0,0,0,0,0,0
2023-11-24,SCONES,Butt Almond,0,0,0,0,0,0,0,0,0,0,0,0,0,0
2023-11-24,SCONES,Turtle,0,0,0,0,0,0,0,0,0,0,0,0,0,0
2023-11-24,SCONES,Cin Chip,0,0,0,0,0,0,0,0,0,0,0,0,0,0
2023-11-24,SCONES,Pump Spice,0,0,0,0,0,0,0,0,0,0,0,0,0,0
2023-11-24,SCONES,FRUIT BAR,0,0,0,0,0,0,0,0,0,0,0,0,0,0
2023-11-24,SCONES,Triple berry,0,0,0,0,0,0,0,0,0,0,0,0,0,0
2023-11-24,SCONES,cherry,0,0,0,0,0,0,0,0,0,0,0,0,0,0
2023-11-24,SCONES,apple cin,0,0,0,0,0,0,0,0,0,0,0,0,0,0
2023-11-24,SCONES,App Cran,0,0,0,0,0,0,0,0,0,0,0,0,0,0
2023-11-24,MUFFINS,Blue Stru,0,0,0,0,0,0,0,0,0,0,0,0,0,0
2023-11-24,MUFFINS,Mex Choc,0,0,0,0,0,0,0,0,0,0,0,0,0,0
2023-11-24,MUFFINS,Pump Choc,0,0,0,0,0,0,0,0,0,0,0,0,0,0
2023-11-24,MUFFINS,Pump Crumb,0,0,0,0,0,0,0,0,0,0,0,0,0,0
2023-11-24,COOKIES/BARS,oat cc,0,0,0,0,0,0,0,0,0,0,0,0,0,0
2023-11-24,COOKIES/BARS,triple cc,0,0,0,0,0,0,0,0,0,0,0,0,0,0
2023-11-24,COOKIES/BARS,Snickerdoodle,0,0,0,0,0,0,0,0,0,0,0,0,0,0
2023-11-24,COOKIES/BARS,Frosted,0,0,0,0,0,0,0,0,0,0,0,0,0,0
2023-11-24,COOKIES/BARS,Brownie,15,0,15,0,0,0,15,0,0,0,0,0,0,0
2023-11-24,COOKIES/BARS,Pump Bar,0,0,0,0,0,0,0,0,0,0,0,0,0,0
2023-11-24,COOKIES/BARS,Pump,0,0,0,0,0,0,0,0,0,0,0,0,0,0
2023-11-24,COOKIES/BARS,Pecan,0,0,0,0,0,0,0,0,0,0,0,0,0,0
2023-11-24,COOKIES/BARS,Ap,0,0,0,0,0,0,0,0,0,0,0,0,0,0
2023-11-24,COOKIES/BARS,Cran Ap,0,0,0,0,0,0,0,0,0,0,0,0,0,0
2023-11-24,COOKIES/BARS,Pump Ohhh,0,0,0,0,0,0,0,0,0,0,0,0,0,0
2023-11-24,COOKIES/BARS,Totals,15,0,15,0,0,0,15,0,0,0,0,0,0,0
2023-11-25,BREAD,H,0,0,0,0,0,0,0,0,0,0,0,0,0,0
2023-11-25,BREAD,FR,0,0,0,0,0,0,0,0,0,0,0,0,0,0
2023-11-25,BREAD,GW,0,0,0,0,0,0,0,0,0,0,0,0,0,0
2023-11-25,BREAD,DK,0,0,0,0,0,0,0,0,0,0,0,0,0,0
2023-11-25,BREAD,H5,0,0,0,0,0,0,0,0,0,0,0,0,0,0
2023-11-25,BREAD,CSWRL,0,0,0,0,0,0,0,0,0,0,0,0,0,0
2023-11-25,BREAD,Pump SWL,0,0,0,0,0,0,0,0,0,0,0,0,0,0
2023-11-25,BREAD,CnE,0,0,0,0,0,0,0,0,0,0,0,0,0,0
2023-11-25,BREAD,CnR,0,0,0,0,0,0,0,0,0,0,0,0,0,0
2023-11-25,BREAD,RW,0,0,0,0,0,0,0,0,0,0,0,0,0,0
2023-11-25,BREAD,Monkey,0,0,0,0,0,0,0,0,0,0,0,0,0,0
2023-11-25,BREAD,CB,0,0,0,0,0,0,0,0,0,0,0,0,0,0
2023-11-25,BREAD,CrO,0,0,0,0,0,0,0,0,0,0,0,0,0,0
2023-11-25,BREAD,POP,0,0,0,0,0,0,0,0,0,0,0,0,0,0
2023-11-25,BREAD,STUFF,0,0,0,0,0,0,0,0,0,0,0,0,0,0
2023-11-25,BREAD,PUMA,0,0,0,0,0,0,0,0,0,0,0,0,0,0
2023-11-25,BREAD,VS,0,0,0,0,0,0,0,0,0,0,0,0,0,0
2023-11-25,BREAD,Turkey,0,0,0,0,0,0,0,0,0,0,0,0,0,0
2023-11-25,BREAD,sour-TL,0,0,0,0,0,0,0,0,0,0,0,0,0,0
2023-11-25,BREAD,OB,0,0,0,0,0,0,0,0,0,0,0,0,0,0
2023-11-25,BREAD,Pepp Roll,0,0,0,0,0,0,0,0,0,0,0,0,0,0
2023-11-25,BREAD,VS Pep Rl,0,0,0,0,0,0,0,0,0,0,0,0,0,0
2023-11-25,BREAD,CAR,0,0,0,0,0,0,0,0,0,0,0,0,0,0
2023-11-25,BREAD,IHF,0,0,0,0,0,0,0,0,0,0,0,0,0,0
2023-11-25,BREAD,POP-RLS,0,0,0,0,0,0,0,0,0,0,0,0,0,0
2023-11-25,BREAD,CrO-RLS,0,0,0,0,0,0,0,0,0,0,0,0,0,0
2023-11-25,BREAD,BUT-RLS,0,0,0,0,0,0,0,0,0,0,0,0,0,0
2023-11-25,BREAD,H-RLS,0,0,0,0,0,0,0,0,0,0,0,0,0,0
2023-11-25,BREAD,FR-RLS,0,0,0,0,0,0,0,0,0,0,0,0,0,0
2023-11-25,BREAD,VS-RLS,0,0,0,0,0,0,0,0,0,0,0,0,0,0
2023-11-25,BREAD,TEA CAKES,0,0,0,0,0,0,0,0,0,0,0,0,0,0
2023-11-25,BREAD,Blue Stru,0,0,0,0,0,0,0,0,0,0,0,0,0,0
2023-11-25,BREAD,Mex Choc,0,0,0,0,0,0,0,0,0,0,0,0,0,0
2023-11-25,BREAD,Pump Choc,0,0,0,0,0,0,0,0,0,0,0,0,0,0
2023-11-25,BREAD,Pump Crumb,0,0,0,0,0,0,0,0,0,0,0,0,0,0
2023-11-25,ROLLS,C-Rolls,0,0,0,0,0,0,0,0,0,0,0,0,0,0
2023-11-25,ROLLS,Pump C-Rolls,0,0,0,0,0,0,0,0,0,0,0,0,0,0
2023-11-25,ROLLS,Mini C-Roll,0,0,0,0,0,0,0,0,0,0,0,0,0,0
2023-11-25,SCONES,Blueberry,0,0,0,0,0,0,0,0,0,0,0,0,0,0
2023-11-25,SCONES,App Cran,0,0,0,0,0,0,0,0,0,0,0,0,0,0
2023-11-25,SCONES,Cherry,0,0,0,0,0,0,0,0,0,0,0,0,0,0
2023-11-25,SCONES,Butt Almond,0,0,0,0,0,0,0,0,0,0,0,0,0,0
2023-11-25,SCONES,Turtle,0,0,0,0,0,0,0,0,0,0,0,0,0,0
2023-11-25,SCONES,Cin Chip,0,0,0,0,0,0,0,0,0,0,0,0,0,0
2023-11-25,SCONES,Pump Spice,0,0,0,0,0,0,0,0,0,0,0,0,0,0
2023-11-25,SCONES,FRUIT BAR,0,0,0,0,0,0,0,0,0,0,0,0,0,0
2023-11-25,SCONES,Triple berry,0,0,0,0,0,0,0,0,0,0,0,0,0,0
2023-11-25,SCONES,cherry,0,0,0,0,0,0,0,0,0,0,0,0,0,0
2023-11-25,SCONES,apple cin,0,0,0,0,0,0,0,0,0,0,0,0,0,0
2023-11-25,SCONES,App Cran,0,0,0,0,0,0,0,0,0,0,0,0,0,0
2023-11-25,MUFFINS,Blue Stru,0,0,0,0,0,0,0,0,0,0,0,0,0,0
2023-11-25,MUFFINS,Mex Choc,0,0,0,0,0,0,0,0,0,0,0,0,0,0
2023-11-25,MUFFINS,Pump Choc,0,0,0,0,0,0,0,0,0,0,0,0,0,0
2023-11-25,MUFFINS,Pump Crumb,0,0,0,0,0,0,0,0,0,0,0,0,0,0
2023-11-25,COOKIES/BARS,oat cc,0,0,0,0,0,0,0,0,0,0,0,0,0,0
2023-11-25,COOKIES/BARS,triple cc,0,0,0,0,0,0,0,0,0,0,0,0,0,0
2023-11-25,COOKIES/BARS,Snickerdoodle,0,0,0,0,0,0,0,0,0,0,0,0,0,0
2023-11-25,COOKIES/BARS,Frosted,0,0,0,0,0,0,0,0,0,0,0,0,0,0
2023-11-25,COOKIES/BARS,Brownie,15,0,15,0,0,0,15,0,0,0,0,0,0,0
2023-11-25,COOKIES/BARS,Pump Bar,0,0,0,0,0,0,0,0,0,0,0,0,0,0
2023-11-25,COOKIES/BARS,Pump,0,0,0,0,0,0,0,0,0,0,0,0,0,0
2023-11-25,COOKIES/BARS,Pecan,0,0,0,0,0,0,0,0,0,0,0,0,0,0
2023-11-25,COOKIES/BARS,Ap,0,0,0,0,0,0,0,0,0,0,0,0,0,0
2023-11-25,COOKIES/BARS,Cran Ap,0,0,0,0,0,0,0,0,0,0,0,0,0,0
2023-11-25,COOKIES/BARS,Pump Ohhh,0,0,0,0,0,0,0,0,0,0,0,0,0,0
2023-11-25,COOKIES/BARS,Totals,15,0,15,0,0,0,15,0,0,0,0,0,0,0
2023-11-26,BREAD,H,0,0,0,0,0,0,0,0,0,0,0,0,0,0
2023-11-26,BREAD,FR,0,0,0,0,0,0,0,0,0,0,0,0,0,0
2023-11-26,BREAD,GW,0,0,0,0,0,0,0,0,0,0,0,0,0,0
2023-11-26,BREAD,DK,0,0,0,0,0,0,0,0,0,0,0,0,0,0
2023-11-26,BREAD,H5,0,0,0,0,0,0,0,0,0,0,0,0,0,0
2023-11-26,BREAD,CSWRL,0,0,0,0,0,0,0,0,0,0,0,0,0,0
2023-11-26,BREAD,Pump SWL,0,0,0,0,0,0,0,0,0,0,0,0,0,0
2023-11-26,BREAD,CnE,0,0,0,0,0,0,0,0,0,0,0,0,0,0
2023-11-26,BREAD,CnR,0,0,0,0,0,0,0,0,0,0,0,0,0,0
2023-11-26,BREAD,RW,0,0,0,0,0,0,0,0,0,0,0,0,0,0
2023-11-26,BREAD,Monkey,0,0,0,0,0,0,0,0,0,0,0,0,0,0
2023-11-26,BREAD,CB,0,0,0,0,0,0,0,0,0,0,0,0,0,0
2023-11-26,BREAD,CrO,0,0,0,0,0,0,0,0,0,0,0,0,0,0
2023-11-26,BREAD,POP,0,0,0,0,0,0,0,0,0,0,0,0,0,0
2023-11-26,BREAD,STUFF,0,0,0,0,0,0,0,0,0,0,0,0,0,0
2023-11-26,BREAD,PUMA,0,0,0,0,0,0,0,0,0,0,0,0,0,0
2023-11-26,BREAD,VS,0,0,0,0,0,0,0,0,0,0,0,0,0,0
2023-11-26,BREAD,Turkey,0,0,0,0,0,0,0,0,0,0,0,0,0,0
2023-11-26,BREAD,sour-TL,0,0,0,0,0,0,0,0,0,0,0,0,0,0
2023-11-26,BREAD,OB,0,0,0,0,0,0,0,0,0,0,0,0,0,0
2023-11-26,BREAD,Pepp Roll,0,0,0,0,0,0,0,0,0,0,0,0,0,0
2023-11-26,BREAD,VS Pep Rl,0,0,0,0,0,0,0,0,0,0,0,0,0,0
2023-11-26,BREAD,CAR,0,0,0,0,0,0,0,0,0,0,0,0,0,0
2023-11-26,BREAD,IHF,0,0,0,0,0,0,0,0,0,0,0,0,0,0
2023-11-26,BREAD,POP-RLS,0,0,0,0,0,0,0,0,0,0,0,0,0,0
2023-11-26,BREAD,CrO-RLS,0,0,0,0,0,0,0,0,0,0,0,0,0,0
2023-11-26,BREAD,BUT-RLS,0,0,0,0,0,0,0,0,0,0,0,0,0,0
2023-11-26,BREAD,H-RLS,0,0,0,0,0,0,0,0,0,0,0,0,0,0
2023-11-26,BREAD,FR-RLS,0,0,0,0,0,0,0,0,0,0,0,0,0,0
2023-11-26,BREAD,VS-RLS,0,0,0,0,0,0,0,0,0,0,0,0,0,0
2023-11-26,BREAD,TEA CAKES,0,0,0,0,0,0,0,0,0,0,0,0,0,0
2023-11-26,BREAD,Blue Stru,0,0,0,0,0,0,0,0,0,0,0,0,0,0
2023-11-26,BREAD,Mex Choc,0,0,0,0,0,0,0,0,0,0,0,0,0,0
2023-11-26,BREAD,Pump Choc,0,0,0,0,0,0,0,0,0,0,0,0,0,0
2023-11-26,BREAD,Pump Crumb,0,0,0,0,0,0,0,0,0,0,0,0,0,0
2023-11-26,ROLLS,C-Rolls,0,0,0,0,0,0,0,0,0,0,0,0,0,0
2023-11-26,ROLLS,Pump C-Rolls,0,0,0,0,0,0,0,0,0,0,0,0,0,0
2023-11-26,ROLLS,Mini C-Roll,0,0,0,0,0,0,0,0,0,0,0,0,0,0
2023-11-26,SCONES,Blueberry,0,0,0,0,0,0,0,0,0,0,0,0,0,0
2023-11-26,SCONES,App Cran,0,0,0,0,0,0,0,0,0,0,0,0,0,0
2023-11-26,SCONES,Cherry,0,0,0,0,0,0,0,0,0,0,0,0,0,0
2023-11-26,SCONES,Butt Almond,0,0,0,0,0,0,0,0,0,0,0,0,0,0
2023-11-26,SCONES,Turtle,0,0,0,0,0,0,0,0,0,0,0,0,0,0
2023-11-26,SCONES,Cin Chip,0,0,0,0,0,0,0,0,0,0,0,0,0,0
2023-11-26,SCONES,Pump Spice,0,0,0,0,0,0,0,0,0,0,0,0,0,0
2023-11-26,SCONES,FRUIT BAR,0,0,0,0,0,0,0,0,0,0,0,0,0,0
2023-11-26,SCONES,Triple berry,0,0,0,0,0,0,0,0,0,0,0,0,0,0
2023-11-26,SCONES,cherry,0,0,0,0,0,0,0,0,0,0,0,0,0,0
2023-11-26,SCONES,apple cin,0,0,0,0,0,0,0,0,0,0,0,0,0,0
2023-11-26,SCONES,App Cran,0,0,0,0,0,0,0,0,0,0,0,0,0,0
2023-11-26,MUFFINS,Blue Stru,0,0,0,0,0,0,0,0,0,0,0,0,0,0
2023-11-26,MUFFINS,Mex Choc,0,0,0,0,0,0,0,0,0,0,0,0,0,0
2023-11-26,MUFFINS,Pump Choc,0,0,0,0,0,0,0,0,0,0,0,0,0,0
2023-11-26,MUFFINS,Pump Crumb,0,0,0,0,0,0,0,0,0,0,0,0,0,0
2023-11-26,COOKIES/BARS,oat cc,0,0,0,0,0,0,0,0,0,0,0,0,0,0
2023-11-26,COOKIES/BARS,triple cc,0,0,0,0,0,0,0,0,0,0,0,0,0,0
2023-11-26,COOKIES/BARS,Snickerdoodle,0,0,0,0,0,0,0,0,0,0,0,0,0,0
2023-11-26,COOKIES/BARS,Frosted,0,0,0,0,0,0,0,0,0,0,0,0,0,0
2023-11-26,COOKIES/BARS,Brownie,15,0,15,0,0,0,15,0,0,0,0,0,0,0
2023-11-26,COOKIES/BARS,Pump Bar,0,0,0,0,0,0,0,0,0,0,0,0,0,0
2023-11-26,COOKIES/BARS,Pump,0,0,0,0,0,0,0,0,0,0,0,0,0,0
2023-11-26,COOKIES/BARS,Pecan,0,0,0,0,0,0,0,0,0,0,0,0,0,0
2023-11-26,COOKIES/BARS,Ap,0,0,0,0,0,0,0,0,0,0,0,0,0,0
2023-11-26,COOKIES/BARS,Cran Ap,0,0,0,0,0,0,0,0,0,0,0,0,0,0
2023-11-26,COOKIES/BARS,Pump Ohhh,0,0,0,0,0,0,0,0,0,0,0,0,0,0
2023-11-26,COOKIES/BARS,Totals,15,0,15,0,0,0,15,0,0,0,0,0,0,0
2023-11-27,BREAD,H,0,33,33,20,7,0,6,0,0,0,0,0,0,0
2023-11-27,BREAD,FR,0,28,28,15,10,0,3,0,0,0,0,0,0,0
2023-11-27,BREAD,GW,0,4,4,4,0,0,0,0,0,0,0,0,0,0
2023-11-27,BREAD,DK,0,12,12,11,0,0,1,0,0,0,0,0,0,0
2023-11-27,BREAD,H5,0,0,0,0,0,0,0,0,0,0,0,0,0,0
2023-11-27,BREAD,CSWRL,0,16,16,12,2,0,2,0,4,4,4,0,0,0
2023-11-27,BREAD,Pump SWL,0,8,8,5,0,0,3,0,3,3,2,0,0,1
2023-11-27,BREAD,CnE,0,6,6,3,0,0,3,0,2,2,0,0,0,2
2023-11-27,BREAD,CnR,0,3,3,1,0,0,2,0,0,0,0,0,0,0
2023-11-27,BREAD,RW,0,3,3,0,0,0,3,0,0,0,0,0,0,0
2023-11-27,BREAD,Monkey,0,3,3,3,0,0,0,0,0,0,0,0,0,0
2023-11-27,BREAD,CB,0,0,0,0,0,0,0,0,0,0,0,0,0,0
2023-11-27,BREAD,CrO,0,0,0,0,0,0,0,0,0,0,0,0,0,0
2023-11-27,BREAD,POP,0,6,6,1,0,0,5,0,2,2,1,0,0,1
2023-11-27,BREAD,STUFF,0,0,0,0,0,0,0,0,0,0,0,0,0,0
2023-11-27,BREAD,PUMA,0,3,3,0,0,0,3,0,0,0,0,0,0,0
2023-11-27,BREAD,VS,0,0,0,0,0,0,0,0,0,0,0,0,0,0
2023-11-27,BREAD,Turkey,0,0,0,0,0,0,0,0,0,0,0,0,0,0
2023-11-27,BREAD,sour-TL,0,23,23,9,7,0,7,0,0,0,0,0,0,0
2023-11-27,BREAD,OB,0,2,2,2,0,0,0,0,0,0,0,0,0,0
2023-11-27,BREAD,Pepp Roll,0,4,4,4,0,0,0,0,2,2,2,0,0,0
2023-11-27,BREAD,VS Pep Rl,0,0,0,0,0,0,0,0,0,0,0,0,0,0
2023-11-27,BREAD,CAR,0,9,9,9,0,0,0,0,0,0,0,0,0,0
2023-11-27,BREAD,IHF,0,1,1,1,0,0,0,0,0,0,0,0,0,0
2023-11-27,BREAD,POP-RLS,0,0,0,0,0,0,0,0,0,0,0,0,0,0
2023-11-27,BREAD,CrO-RLS,0,0,0,0,0,0,0,0,0,0,0,0,0,0
2023-11-27,BREAD,BUT-RLS,0,0,0,0,0,0,0,0,0,0,0,0,0,0
2023-11-27,BREAD,H-RLS,0,3,3,3,0,0,0,0,0,0,0,0,0,0
2023-11-27,BREAD,FR-RLS,0,3,3,3,0,0,0,0,0,0,0,0,0,0
2023-11-27,BREAD,VS-RLS,0,0,0,0,0,0,0,0,0,0,0,0,0,0
2023-11-27,BREAD,TEA CAKES,0,0,0,0,0,0,0,0,0,0,0,0,0,0
2023-11-27,BREAD,Blue Stru,0,4,4,1,0,0,3,0,0,0,0,0,0,0
2023-11-27,BREAD,Mex Choc,0,3,3,0,0,0,3,0,0,0,0,0,0,0
2023-11-27,BREAD,Pump Choc,0,7,7,5,2,0,0,0,0,0,0,0,0,0
2023-11-27,BREAD,Pump Crumb,0,3,3,3,0,0,0,0,0,0,0,0,0,0
2023-11-27,ROLLS,C-Rolls,0,24,24,18,0,6,0,0,0,0,0,0,0,0
2023-11-27,ROLLS,Pump C-Rolls,0,12,12,12,0,0,0,0,0,0,0,0,0,0
2023-11-27,ROLLS,Mini C-Roll,0,0,0,0,0,0,0,0,0,0,0,0,0,0
2023-11-27,SCONES,Blueberry,0,0,0,0,0,0,0,0,0,0,0,0,0,0
2023-11-27,SCONES,App Cran,0,11,11,5,0,6,0,0,0,0,0,0,0,0
2023-11-27,SCONES,Cherry,0,0,0,0,0,0,0,0,0,0,0,0,0,0
2023-11-27,SCONES,Butt Almond,0,0,0,0,0,0,0,0,0,0,0,0,0,0
2023-11-27,SCONES,Turtle,0,0,0,0,0,0,0,0,0,0,0,0,0,0
2023-11-27,SCONES,Cin Chip,0,11,11,10,0,1,0,0,0,0,0,0,0,0
2023-11-27,SCONES,Pump Spice,0,6,6,6,0,0,0,0,0,0,0,0,0,0
2023-11-27,SCONES,FRUIT BAR,0,0,0,0,0,0,0,0,0,0,0,0,0,0
2023-11-27,SCONES,Triple berry,0,5,5,5,0,0,0,0,0,0,0,0,0,0
2023-11-27,SCONES,cherry,0,5,5,5,0,0,0,0,0,0,0,0,0,0
2023-11-27,SCONES,apple cin,0,0,0,0,0,0,0,0,0,0,0,0,0,0
2023-11-27,SCONES,App Cran,0,0,0,0,0,0,0,0,0,0,0,0,0,0
2023-11-27,MUFFINS,Blue Stru,0,3,3,3,0,0,0,0,0,0,0,0,0,0
2023-11-27,MUFFINS,Mex Choc,0,2,2,1,0,1,0,0,0,0,0,0,0,0
2023-11-27,MUFFINS,Pump Choc,0,3,3,3,0,0,0,0,0,0,0,0,0,0
2023-11-27,MUFFINS,Pump Crumb,0,2,2,1,0,1,0,0,0,0,0,0,0,0
2023-11-27,COOKIES/BARS,oat cc,0,36,36,17,6,0,13,0,0,0,0,0,0,0
2023-11-27,COOKIES/BARS,triple cc,0,30,30,16,0,0,14,0,0,0,0,0,0,0
2023-11-27,COOKIES/BARS,Snickerdoodle,0,36,36,9,6,0,21,0,0,0,0,0,0,0
2023-11-27,COOKIES/BARS,Frosted,0,12,12,8,0,0,4,0,0,0,0,0,0,0
2023-11-27,COOKIES/BARS,Brownie,15,0,15,0,0,0,15,0,0,0,0,0,0,0
2023-11-27,COOKIES/BARS,Pump Bar,0,20,20,5,0,0,15,0,0,0,0,0,0,0
2023-11-27,COOKIES/BARS,Pump,0,0,0,0,0,0,0,0,0,0,0,0,0,0
2023-11-27,COOKIES/BARS,Pecan,0,0,0,0,0,0,0,0,0,0,0,0,0,0
2023-11-27,COOKIES/BARS,Ap,0,0,0,0,0,0,0,0,0,0,0,0,0,0
2023-11-27,COOKIES/BARS,Cran Ap,0,0,0,0,0,0,0,0,0,0,0,0,0,0
2023-11-27,COOKIES/BARS,Pump Ohhh,0,0,0,-3,0,0,3,0,0,0,-5,0,0,5
2023-11-27,COOKIES/BARS,Totals,15,218,233,121,12,15,85,0,0,0,-5,0,0,5
2023-11-28,BREAD,H,6,30,36,21,7,0,8,0,0,0,0,0,0,0
2023-11-28,BREAD,FR,3,17,20,16,0,0,4,0,0,0,0,0,0,0
2023-11-28,BREAD,GW,0,7,7,4,0,0,3,0,0,0,0,0,0,0
2023-11-28,BREAD,DK,1,0,1,1,0,0,0,0,0,0,0,0,0,0
2023-11-28,BREAD,H5,0,12,12,6,1,0,5,0,0,0,0,0,0,0
2023-11-28,BREAD,CSWRL,2,16,18,12,2,0,4,0,6,6,6,0,0,0
2023-11-28,BREAD,Pump SWL,3,0,3,2,0,1,0,1,0,1,1,0,0,0
2023-11-28,BREAD,CnE,3,11,14,3,0,1,10,2,3,5,1,0,0,3
2023-11-28,BREAD,CnR,2,0,2,2,0,0,0,0,0,0,0,0,0,0
2023-11-28,BREAD,RW,3,0,3,3,0,0,0,0,0,0,0,0,0,0
2023-11-28,BREAD,Monkey,0,4,4,1,0,0,3,0,0,0,0,0,0,0
2023-11-28,BREAD,CB,0,7,7,4,0,0,3,0,3,3,0,0,0,3
2023-11-28,BREAD,CrO,0,6,6,2,0,0,4,0,3,3,2,0,0,1
2023-11-28,BREAD,POP,5,0,5,5,0,0,0,1,0,1,1,0,0,0
2023-11-28,BREAD,STUFF,0,0,0,0,0,0,0,0,0,0,0,0,0,0
2023-11-28,BREAD,PUMA,3,0,3,2,0,1,0,0,0,0,0,0,0,0
2023-11-28,BREAD,VS,0,11,11,6,1,0,4,0,3,3,3,0,0,0
2023-11-28,BREAD,Turkey,0,0,0,0,0,0,0,0,0,0,0,0,0,0
2023-11-28,BREAD,sour-TL,7,0,7,7,0,0,0,0,0,0,0,0,0,0
2023-11-28,BREAD,OB,0,0,0,0,0,0,0,0,0,0,0,0,0,0
2023-11-28,BREAD,Pepp Roll,0,4,4,0,0,0,4,0,0,0,0,0,0,0
2023-11-28,BREAD,VS Pep Rl,0,6,6,3,0,0,3,0,2,2,1,0,0,1
2023-11-28,BREAD,CAR,0,0,0,-8,0,0,8,0,0,0,0,0,0,0
2023-11-28,BREAD,IHF,0,24,24,3,0,0,21,0,0,0,0,0,0,0
2023-11-28,BREAD,POP-RLS,0,0,0,0,0,0,0,0,0,0,0,0,0,0
2023-11-28,BREAD,CrO-RLS,0,0,0,0,0,0,0,0,0,0,0,0,0,0
2023-11-28,BREAD,BUT-RLS,0,0,0,0,0,0,0,0,0,0,0,0,0,0
2023-11-28,BREAD,H-RLS,0,3,3,3,0,0,0,0,0,0,0,0,0,0
2023-11-28,BREAD,FR-RLS,0,3,3,2,0,0,1,0,0,0,0,0,0,0
2023-11-28,BREAD,VS-RLS,0,4,4,1,0,0,3,0,0,0,0,0,0,0
2023-11-28,BREAD,TEA CAKES,0,0,0,0,0,0,0,0,0,0,0,0,0,0
2023-11-28,BREAD,Blue Stru,3,1,4,3,0,0,1,0,0,0,0,0,0,0
2023-11-28,BREAD,Mex Choc,3,0,3,1,0,2,0,0,0,0,0,0,0,0
2023-11-28,BREAD,Pump Choc,0,6,6,2,2,0,2,0,0,0,0,0,0,0
2023-11-28,BREAD,Pump Crumb,0,3,3,1,0,0,2,0,0,0,0,0,0,0
2023-11-28,ROLLS,C-Rolls,0,24,24,14,0,10,0,0,0,0,0,0,0,0
2023-11-28,ROLLS,Pump C-Rolls,0,12,12,12,0,0,0,0,0,0,0,0,0,0
2023-11-28,ROLLS,Mini C-Roll,0,0,0,0,0,0,0,0,0,0,0,0,0,0
2023-11-28,SCONES,Blueberry,0,15,15,9,0,6,0,0,8,8,0,0,0,0
2023-11-28,SCONES,App Cran,0,0,0,0,0,0,0,0,0,0,0,0,0,0
2023-11-28,SCONES,Cherry,0,0,0,0,0,0,0,0,0,0,0,0,0,0
2023-11-28,SCONES,Butt Almond,0,0,0,0,0,0,0,0,0,0,0,0,0,0
2023-11-28,SCONES,Turtle,0,0,0,0,0,0,0,0,0,0,0,0,0,0
2023-11-28,SCONES,Cin Chip,0,10,10,8,0,2,0,0,9,9,1,0,0,0
2023-11-28,SCONES,FRUIT BAR,0,0,0,0,0,0,0,0,0,0,0,0,0,0
2023-11-28,SCONES,Triple berry,0,5,5,0,3,2,0,0,0,0,0,0,0,0
2023-11-28,SCONES,cherry,0,5,5,0,3,2,0,0,0,0,0,0,0,0
2023-11-28,SCONES,apple cin,0,5,5,-1,3,3,0,0,0,0,0,0,0,0
2023-11-28,SCONES,App Cran,0,5,5,0,3,2,0,0,0,0,0,0,0,0
2023-11-28,MUFFINS,Blue Stru,0,4,4,3,0,1,0,0,4,4,0,0,0,0
2023-11-28,MUFFINS,Mex Choc,0,3,3,2,0,1,0,0,4,4,0,0,0,0
2023-11-28,MUFFINS,Pump Choc,0,4,4,4,0,0,0,0,0,0,0,0,0,0
2023-11-28,MUFFINS,Pump Crumb,0,3,3,3,0,0,0,0,4,4,0,0,0,0
2023-11-28,COOKIES/BARS,oat cc,13,42,55,22,21,0,12,0,12,12,0,0,0,0
2023-11-28,COOKIES/BARS,triple cc,14,42,56,15,21,0,20,0,12,12,0,0,0,0
2023-11-28,COOKIES/BARS,Snickerdoodle,21,30,51,29,20,0,2,0,12,12,0,0,0,0
2023-11-28,COOKIES/BARS,Frosted,4,12,16,5,0,0,11,0,0,0,0,0,0,0
2023-11-28,COOKIES/BARS,Brownie,15,0,15,3,0,0,12,0,0,0,0,0,0,0
2023-11-28,COOKIES/BARS,Pump Bar,15,0,15,13,0,0,2,0,0,0,0,0,0,0
2023-11-28,COOKIES/BARS,Pump,0,0,0,0,0,0,0,0,0,0,0,0,0,0
2023-11-28,COOKIES/BARS,Pecan,0,0,0,0,0,0,0,0,0,0,0,0,0,0
2023-11-28,COOKIES/BARS,Ap,0,0,0,0,0,0,0,0,0,0,0,0,0,0
2023-11-28,COOKIES/BARS,Cran Ap,0,0,0,0,0,0,0,0,0,0,0,0,0,0
2023-11-28,COOKIES/BARS,Pump Ohhh,3,0,3,1,0,0,2,5,0,5,0,0,0,5
2023-11-28,COOKIES/BARS,Totals,90,221,306,142,74,29,61,5,65,70,1,0,0,5
2023-11-29,BREAD,H,8,24,32,10,2,0,20,0,0,0,0,0,0,0
2023-11-29,BREAD,FR,4,23,27,10,0,0,17,0,0,0,0,0,0,0
2023-11-29,BREAD,GW,3,5,8,4,0,0,4,0,0,0,0,0,0,0
2023-11-29,BREAD,DK,0,11,11,3,0,0,8,0,0,0,0,0,0,0
2023-11-29,BREAD,H5,5,0,5,5,0,0,0,0,0,0,0,0,0,0
2023-11-29,BREAD,CSWRL,4,13,17,10,1,0,6,0,5,5,0,0,0,5
2023-11-29,BREAD,Pump SWL,0,8,8,2,0,0,6,0,3,3,2,0,0,1
2023-11-29,BREAD,CnE,10,5,15,7,0,3,5,3,2,5,2,0,0,2
2023-11-29,BREAD,CnR,0,4,4,4,0,0,0,0,0,0,0,0,0,0
2023-11-29,BREAD,RW,0,4,4,3,0,0,1,0,0,0,0,0,0,0
2023-11-29,BREAD,Monkey,3,3,6,1,0,2,3,0,0,0,0,0,0,0
2023-11-29,BREAD,CB,3,0,3,2,0,1,0,3,0,3,1,0,0,0
2023-11-29,BREAD,CrO,4,0,4,4,0,0,0,1,0,1,1,0,0,0
2023-11-29,BREAD,POP,0,13,13,4,0,0,9,0,4,4,4,0,0,0
2023-11-29,BREAD,PUMA,0,3,3,3,0,0,0,0,0,0,0,0,0,0
2023-11-29,BREAD,VS,4,0,4,2,0,2,0,0,0,0,0,0,0,0
2023-11-29,BREAD,sour-TL,0,13,13,9,1,0,3,0,0,0,0,0,0,0
2023-11-29,BREAD,OB,0,3,3,1,0,0,2,0,0,0,0,0,0,0
2023-11-29,BREAD,Pepp Roll,4,0,4,2,0,2,0,0,0,0,0,0,0,0
2023-11-29,BREAD,VS Pep Rl,3,0,3,1,0,2,0,1,0,1,1,0,0,0
2023-11-29,BREAD,CAR,8,23,31,5,0,0,26,0,0,0,0,0,0,0
2023-11-29,BREAD,IHF,21,0,21,6,0,0,15,0,0,0,0,0,0,0
2023-11-29,BREAD,BUT-RLS,0,0,0,0,0,0,0,0,0,0,0,0,0,0
2023-11-29,BREAD,H-RLS,0,2,2,2,0,0,0,0,0,0,0,0,0,0
2023-11-29,BREAD,FR-RLS,1,3,4,4,0,0,0,0,0,0,0,0,0,0
2023-11-29,BREAD,VS-RLS,3,0,3,3,0,0,0,0,0,0,0,0,0,0
2023-11-29,BREAD,TEA CAKES,0,0,0,0,0,0,0,0,0,0,0,0,0,0
2023-11-29,BREAD,Blue Stru,1,4,5,1,1,1,2,0,0,0,0,0,0,0
2023-11-29,BREAD,Mex Choc,0,3,3,2,0,0,1,0,0,0,0,0,0,0
2023-11-29,BREAD,Pump Choc,2,4,6,0,1,2,3,0,0,0,0,0,0,0
2023-11-29,BREAD,Pump Crumb,2,2,4,1,0,1,2,0,0,0,0,0,0,0
2023-11-29,ROLLS,C-Rolls,0,24,24,24,0,0,0,0,0,0,0,0,0,0
2023-11-29,ROLLS,Pump C-Rolls,0,12,12,12,0,0,0,0,0,0,0,0,0,0
2023-11-29,ROLLS,Mini C-Roll,0,0,0,0,0,0,0,0,0,0,0,0,0,0
2023-11-29,SCONES,Blueberry,0,0,0,0,0,0,0,0,0,0,0,0,0,0
2023-11-29,SCONES,App Cran,0,11,11,7,0,4,0,0,4,4,0,0,0,0
2023-11-29,SCONES,Cherry,0,0,0,0,0,0,0,0,0,0,0,0,0,0
2023-11-29,SCONES,Butt Almond,0,0,0,0,0,0,0,0,0,0,0,0,0,0
2023-11-29,SCONES,Turtle,0,10,10,10,0,0,0,0,4,4,0,0,0,0
2023-11-29,SCONES,Cin Chip,0,0,0,0,0,0,0,0,0,0,0,0,0,0
2023-11-29,SCONES,cro,0,5,5,3,0,2,0,0,0,0,0,0,0,0
2023-11-29,SCONES,crwc,0,5,5,5,0,0,0,0,0,0,0,0,0,0
2023-11-29,SCONES,FRUIT BAR,0,0,0,0,0,0,0,0,0,0,0,0,0,0
2023-11-29,SCONES,Triple berry,0,5,5,2,2,1,0,0,0,0,0,0,0,0
2023-11-29,SCONES,cherry,0,5,5,3,2,0,0,0,0,0,0,0,0,0
2023-11-29,SCONES,apple cin,0,5,5,3,2,0,0,0,0,0,0,0,0,0
2023-11-29,SCONES,App Cran,0,5,5,2,1,2,0,0,0,0,0,0,0,0
2023-11-29,MUFFINS,Blue Stru,0,4,4,3,0,1,0,0,0,0,0,0,0,0
2023-11-29,MUFFINS,Mex Choc,0,3,3,3,0,0,0,0,2,2,0,0,0,0
2023-11-29,MUFFINS,Pump Choc,0,4,4,4,0,0,0,0,2,2,0,0,0,0
2023-11-29,MUFFINS,Pump Crumb,0,3,3,3,0,0,0,0,2,2,0,0,0,0
2023-11-29,COOKIES/BARS,oat cc,12,30,42,13,9,6,14,0,4,4,0,0,0,0
2023-11-29,COOKIES/BARS,triple cc,20,24,44,9,9,12,14,0,6,6,0,0,0,0
2023-11-29,COOKIES/BARS,Snickerdoodle,2,42,44,17,10,0,17,0,6,6,0,0,0,0
2023-11-29,COOKIES/BARS,Frosted,11,6,17,4,0,0,13,0,0,0,0,0,0,0
2023-11-29,COOKIES/BARS,Brownie,12,15,27,24,3,0,0,0,0,0,0,0,0,0
2023-11-29,COOKIES/BARS,Pump Bar,2,20,22,7,2,0,13,0,0,0,0,0,0,0
2023-11-29,COOKIES/BARS,Pump,0,0,0,-12,0,0,12,0,0,0,0,0,0,0
2023-11-29,COOKIES/BARS,Pecan,0,0,0,0,0,0,0,0,0,0,0,0,0,0
2023-11-29,COOKIES/BARS,Ap,0,0,0,0,0,0,0,0,0,0,0,0,0,0
2023-11-29,COOKIES/BARS,Cran Ap,0,0,0,0,0,0,0,0,0,0,0,0,0,0
2023-11-29,COOKIES/BARS,Pump Ohhh,2,0,2,0,0,0,2,5,0,5,1,0,0,4
2023-11-29,COOKIES/BARS,Totals,66,233,294,122,40,30,102,5,35,40,6,0,0,4
2023-11-30,BREAD,H,20,16,36,16,0,0,20,0,0,0,0,0,0,0
2023-11-30,BREAD,FR,17,48,65,17,40,0,8,0,0,0,0,0,0,0
2023-11-30,BREAD,GW,4,6,10,5,0,0,5,0,0,0,0,0,0,0
2023-11-30,BREAD,DK,8,0,8,8,0,0,0,0,0,0,0,0,0,0
2023-11-30,BREAD,H5,0,12,12,7,0,0,5,0,0,0,0,0,0,0
2023-11-30,BREAD,CSWRL,6,12,18,9,0,0,9,5,0,5,1,0,0,0
2023-11-30,BREAD,Pump SWL,6,9,15,3,0,4,8,1,3,4,2,0,0,2
2023-11-30,BREAD,CnE,5,0,5,5,0,0,0,2,0,2,2,0,0,0
2023-11-30,BREAD,CnR,0,0,0,0,0,0,0,0,0,0,0,0,0,0
2023-11-30,BREAD,RW,1,0,1,0,0,1,0,0,0,0,0,0,0,0
2023-11-30,BREAD,Monkey,3,0,3,3,0,0,0,0,0,0,0,0,0,0
2023-11-30,BREAD,CB,0,11,11,11,0,0,0,0,7,7,7,0,0,0
2023-11-30,BREAD,CrO,0,16,16,8,0,0,8,0,3,3,0,0,0,3
2023-11-30,BREAD,POP,9,0,9,2,0,7,0,0,0,0,0,0,0,0
2023-11-30,BREAD,PUMA,0,0,0,0,0,0,0,0,0,0,0,0,0,0
2023-11-30,BREAD,VS,0,10,10,4,0,0,6,0,4,4,1,0,0,3
2023-11-30,BREAD,but tree,0,2,2,0,0,0,2,0,0,0,0,0,0,0
2023-11-30,BREAD,sour-TL,3,0,3,3,0,0,0,0,0,0,0,0,0,0
2023-11-30,BREAD,OB,2,0,2,2,0,0,0,0,0,0,0,0,0,0
2023-11-30,BREAD,Pepp Roll,0,0,0,0,0,0,0,0,0,0,0,0,0,0
2023-11-30,BREAD,VS Pep Rl,0,8,8,7,0,0,1,0,4,4,3,0,0,1
2023-11-30,BREAD,CAR,26,0,26,0,0,0,26,0,0,0,0,0,0,0
2023-11-30,BREAD,IHF,15,0,15,5,0,0,10,0,0,0,0,0,0,0
2023-11-30,BREAD,h rls tree,0,2,2,0,0,0,2,0,0,0,0,0,0,0
2023-11-30,BREAD,vs tree,0,2,2,0,0,0,2,0,0,0,0,0,0,0
2023-11-30,BREAD,BUT-RLS,0,33,33,4,0,0,29,0,0,0,0,0,0,0
2023-11-30,BREAD,H-RLS,0,2,2,0,0,0,2,0,0,0,0,0,0,0
2023-11-30,BREAD,FR-RLS,0,0,0,0,0,0,0,0,0,0,0,0,0,0
2023-11-30,BREAD,VS-RLS,0,8,8,3,0,0,5,0,0,0,0,0,0,0
2023-11-30,BREAD,TEA CAKES,0,0,0,0,0,0,0,0,0,0,0,0,0,0
2023-11-30,BREAD,Blue Stru,2,2,4,3,0,0,1,0,0,0,0,0,0,0
2023-11-30,BREAD,Mex Choc,1,3,4,0,0,1,3,0,0,0,0,0,0,0
2023-11-30,BREAD,Pump Choc,3,3,6,4,0,0,2,0,0,0,0,0,0,0
2023-11-30,BREAD,Pump Crumb,2,1,3,2,0,1,0,0,0,0,0,0,0,0
2023-11-30,ROLLS,C-Rolls,0,24,24,24,0,0,0,0,0,0,0,0,0,0
2023-11-30,ROLLS,Pump C-Rolls,0,12,12,4,0,8,0,0,0,0,0,0,0,0
2023-11-30,ROLLS,Mini C-Roll,0,0,0,0,0,0,0,0,0,0,0,0,0,0
2023-11-30,SCONES,Blueberry,0,11,11,11,0,0,0,0,0,0,0,0,0,0
2023-11-30,SCONES,App Cran,0,0,0,0,0,0,0,0,0,0,0,0,0,0
2023-11-30,SCONES,Cherry,0,0,0,0,0,0,0,0,0,0,0,0,0,0
2023-11-30,SCONES,Butt Almond,0,0,0,0,0,0,0,0,0,0,0,0,0,0
2023-11-30,SCONES,Turtle,0,11,11,9,0,2,0,0,0,0,0,0,0,0
2023-11-30,SCONES,Cin Chip,0,0,0,0,0,0,0,0,0,0,0,0,0,0
2023-11-30,SCONES,Cran Orang,0,8,8,3,0,5,0,0,0,0,0,0,0,0
2023-11-30,SCONES,Cr Or WCC,0,8,8,8,0,0,0,0,0,0,0,0,0,0
2023-11-30,SCONES,FRUIT BAR,0,0,0,0,0,0,0,0,0,0,0,0,0,0
2023-11-30,SCONES,Triple berry,0,0,0,0,0,0,0,0,0,0,0,0,0,0
2023-11-30,SCONES,cherry,0,0,0,0,0,0,0,0,0,0,0,0,0,0
2023-11-30,SCONES,apple cin,0,5,5,3,0,2,0,0,0,0,0,0,0,0
2023-11-30,SCONES,App Cran,0,5,5,4,0,1,0,0,0,0,0,0,0,0
2023-11-30,MUFFINS,Blue Stru,0,4,4,4,0,0,0,0,0,0,0,0,0,0
2023-11-30,MUFFINS,Mex Choc,0,4,4,1,0,3,0,0,0,0,0,0,0,0
2023-11-30,MUFFINS,Pump Choc,0,6,6,6,0,0,0,0,0,0,0,0,0,0
2023-11-30,MUFFINS,Pump Crumb,0,3,3,1,0,2,0,0,0,0,0,0,0,0
2023-11-30,COOKIES/BARS,oat cc,14,30,44,14,11,6,13,0,0,0,0,0,0,0
2023-11-30,COOKIES/BARS,triple cc,14,30,44,30,11,0,3,0,0,0,0,0,0,0
2023-11-30,COOKIES/BARS,St Nicker,17,30,47,27,12,0,8,0,0,0,0,0,0,0
2023-11-30,COOKIES/BARS,VMWCC,13,18,31,29,0,0,2,0,0,0,0,0,0,0
2023-11-30,COOKIES/BARS,Oat Raisin,0,12,12,10,0,0,2,0,0,0,0,0,0,0
2023-11-30,COOKIES/BARS,Frosted,13,0,13,8,0,0,5,0,0,0,0,0,0,0
2023-11-30,COOKIES/BARS,Brownie,17,0,17,11,0,0,6,0,0,0,0,0,0,0
2023-11-30,COOKIES/BARS,Pump Bar,12,20,32,4,0,4,24,0,0,0,0,0,0,0
2023-11-30,COOKIES/BARS,Pump,0,5,5,2,0,0,3,0,0,0,0,0,0,0
2023-11-30,COOKIES/BARS,Pecan,0,5,5,1,0,0,4,0,0,0,0,0,0,0
2023-11-30,COOKIES/BARS,Ap,0,3,3,0,0,0,3,0,0,0,0,0,0,0
2023-11-30,COOKIES/BARS,Cran Ap,0,3,3,1,0,0,2,0,0,0,0,0,0,0
2023-11-30,COOKIES/BARS,Pump Ohhh,2,0,2,1,0,1,0,4,0,4,0,0,0,0
2023-11-30,COOKIES/BARS,Totals,106,249,351,214,34,34,69,4,8,12,2,0,0,6
2023-11-31,BREAD,H,20,0,20,20,0,0,0,0,0,0,0,0,0,0
2023-11-31,BREAD,FR,8,0,8,8,0,0,0,0,0,0,0,0,0,0
2023-11-31,BREAD,GW,5,0,5,5,0,0,0,0,0,0,0,0,0,0
2023-11-31,BREAD,DK,0,0,0,0,0,0,0,0,0,0,0,0,0,0
2023-11-31,BREAD,H5,5,0,5,5,0,0,0,0,0,0,0,0,0,0
2023-11-31,BREAD,CSWRL,9,0,9,9,0,0,0,0,0,0,0,0,0,0
2023-11-31,BREAD,Pump SWL,8,0,8,8,0,0,0,2,0,2,2,0,0,0
2023-11-31,BREAD,CnE,0,0,0,0,0,0,0,0,0,0,0,0,0,0
2023-11-31,BREAD,CnR,0,0,0,0,0,0,0,0,0,0,0,0,0,0
2023-11-31,BREAD,RW,0,0,0,0,0,0,0,0,0,0,0,0,0,0
2023-11-31,BREAD,Monkey,0,0,0,0,0,0,0,0,0,0,0,0,0,0
2023-11-31,BREAD,CB,0,0,0,0,0,0,0,0,0,0,0,0,0,0
2023-11-31,BREAD,CrO,8,0,8,8,0,0,0,3,0,3,3,0,0,0
2023-11-31,BREAD,POP,0,0,0,0,0,0,0,0,0,0,0,0,0,0
2023-11-31,BREAD,PUMA,0,0,0,0,0,0,0,0,0,0,0,0,0,0
2023-11-31,BREAD,VS,6,0,6,6,0,0,0,3,0,3,3,0,0,0
2023-11-31,BREAD,sour-TL,0,0,0,0,0,0,0,0,0,0,0,0,0,0
2023-11-31,BREAD,OB,0,0,0,0,0,0,0,0,0,0,0,0,0,0
2023-11-31,BREAD,Pepp Roll,0,0,0,0,0,0,0,0,0,0,0,0,0,0
2023-11-31,BREAD,VS Pep Rl,1,0,1,1,0,0,0,1,0,1,1,0,0,0
2023-11-31,BREAD,CAR,26,0,26,26,0,0,0,0,0,0,0,0,0,0
2023-11-31,BREAD,IHF,10,0,10,10,0,0,0,0,0,0,0,0,0,0
2023-11-31,BREAD,BUT-RLS,29,0,29,29,0,0,0,0,0,0,0,0,0,0
2023-11-31,BREAD,H-RLS,2,0,2,2,0,0,0,0,0,0,0,0,0,0
2023-11-31,BREAD,FR-RLS,0,0,0,0,0,0,0,0,0,0,0,0,0,0
2023-11-31,BREAD,VS-RLS,5,0,5,5,0,0,0,0,0,0,0,0,0,0
2023-11-31,BREAD,TEA CAKES,0,0,0,0,0,0,0,0,0,0,0,0,0,0
2023-11-31,BREAD,Blue Stru,1,0,1,1,0,0,0,0,0,0,0,0,0,0
2023-11-31,BREAD,Mex Choc,3,0,3,3,0,0,0,0,0,0,0,0,0,0
2023-11-31,BREAD,Pump Choc,2,0,2,2,0,0,0,0,0,0,0,0,0,0
2023-11-31,BREAD,Pump Crumb,0,0,0,0,0,0,0,0,0,0,0,0,0,0
2023-11-31,ROLLS,C-Rolls,0,0,0,0,0,0,0,0,0,0,0,0,0,0
2023-11-31,ROLLS,Pump C-Rolls,0,0,0,0,0,0,0,0,0,0,0,0,0,0
2023-11-31,ROLLS,Mini C-Roll,0,0,0,0,0,0,0,0,0,0,0,0,0,0
2023-11-31,SCONES,Blueberry,0,0,0,0,0,0,0,0,0,0,0,0,0,0
2023-11-31,SCONES,App Cran,0,0,0,0,0,0,0,0,0,0,0,0,0,0
2023-11-31,SCONES,Cherry,0,0,0,0,0,0,0,0,0,0,0,0,0,0
2023-11-31,SCONES,Butt Almond,0,0,0,0,0,0,0,0,0,0,0,0,0,0
2023-11-31,SCONES,Turtle,0,0,0,0,0,0,0,0,0,0,0,0,0,0
2023-11-31,SCONES,Cin Chip,0,0,0,0,0,0,0,0,0,0,0,0,0,0
2023-11-31,SCONES,FRUIT BAR,0,0,0,0,0,0,0,0,0,0,0,0,0,0
2023-11-31,SCONES,Triple berry,0,0,0,0,0,0,0,0,0,0,0,0,0,0
2023-11-31,SCONES,cherry,0,0,0,0,0,0,0,0,0,0,0,0,0,0
2023-11-31,SCONES,apple cin,0,0,0,0,0,0,0,0,0,0,0,0,0,0
2023-11-31,SCONES,App Cran,0,0,0,0,0,0,0,0,0,0,0,0,0,0
2023-11-31,MUFFINS,Blue Stru,0,0,0,0,0,0,0,0,0,0,0,0,0,0
2023-11-31,MUFFINS,Mex Choc,0,0,0,0,0,0,0,0,0,0,0,0,0,0
2023-11-31,MUFFINS,Pump Choc,0,0,0,0,0,0,0,0,0,0,0,0,0,0
2023-11-31,MUFFINS,Pump Crumb,0,0,0,0,0,0,0,0,0,0,0,0,0,0
2023-11-31,COOKIES/BARS,oat cc,13,0,13,13,0,0,0,0,0,0,0,0,0,0
2023-11-31,COOKIES/BARS,triple cc,3,0,3,3,0,0,0,0,0,0,0,0,0,0
2023-11-31,COOKIES/BARS,Snickerdoodle,8,0,8,8,0,0,0,0,0,0,0,0,0,0
2023-11-31,COOKIES/BARS,Frosted,2,0,2,2,0,0,0,0,0,0,0,0,0,0
2023-11-31,COOKIES/BARS,Brownie,2,0,2,2,0,0,0,0,0,0,0,0,0,0
2023-11-31,COOKIES/BARS,Pump Bar,5,0,5,5,0,0,0,0,0,0,0,0,0,0
2023-11-31,COOKIES/BARS,Pump,24,0,24,24,0,0,0,0,0,0,0,0,0,0
2023-11-31,COOKIES/BARS,Pecan,0,0,0,0,0,0,0,0,0,0,0,0,0,0
2023-11-31,COOKIES/BARS,Ap,3,0,3,3,0,0,0,0,0,0,0,0,0,0
2023-11-31,COOKIES/BARS,Cran Ap,4,0,4,4,0,0,0,0,0,0,0,0,0,0
2023-11-31,COOKIES/BARS,Pump Ohhh,0,0,0,0,0,0,0,0,0,0,0,0,0,0
2023-11-31,COOKIES/BARS,Totals,69,0,69,69,0,0,0,6,0,6,6,0,0,0
