Date,Category,Product,START_OF_DAY_WHOLE,MADE_TODAY_WHOLE,AVAILABLE_TO_SELL_WHOLE,OUT_THE_DOOR_WHOLE,ORDERS_TODAY_WHOLE,REMOVED_AS_DAY_OLD_WHOLE,LEFT_WHOLE,START_OF_DAY_HALF,MADE_TODAY_HALF,AVAILABLE_TO_SELL_HALF,OUT_THE_DOOR_HALF,ORDERS_TODAY_HALF,REMOVED_AS_DAY_OLD_HALF,LEFT_HALF
2024-03-01,BREAD,H,12,55,67,24,28,0,15,0,0,0,0,0,0,0
2024-03-01,BREAD,FR,8,28,36,16,6,0,14,0,0,0,0,0,0,0
2024-03-01,BREAD,GW,1,3,4,3,0,0,1,0,0,0,0,0,0,0
2024-03-01,BREAD,DK,12,14,26,5,0,0,21,0,0,0,0,0,0,0
2024-03-01,BREAD,H5,14,0,14,5,0,0,9,0,0,0,0,0,0,0
2024-03-01,BREAD,CSWRL,6,20,26,17,9,0,0,2,4,6,6,0,0,0
2024-03-01,BREAD,VA SWRL,0,12,12,3,0,0,9,0,4,4,4,0,0,0
2024-03-01,BREAD,CnE,0,18,18,18,0,0,0,0,4,4,4,0,0,0
2024-03-01,BREAD,CnR,0,4,4,4,0,0,0,0,0,0,0,0,0,0
2024-03-01,BREAD,RW,0,4,4,4,0,0,0,0,0,0,0,0,0,0
2024-03-01,BREAD,Monkey,0,4,4,4,0,0,0,0,0,0,0,0,0,0
2024-03-01,BREAD,BUNNY,0,1,1,0,0,0,1,0,0,0,0,0,0,0
2024-03-01,BREAD,ISB,0,15,15,3,0,0,12,3,4,7,7,0,0,0
2024-03-01,BREAD,G & S,0,10,10,4,0,0,6,0,4,4,3,0,0,1
2024-03-01,BREAD,CG,0,5,5,2,0,0,3,0,4,4,0,0,0,4
2024-03-01,BREAD,Pest,0,4,4,0,0,0,4,0,0,0,0,0,0,0
2024-03-01,BREAD,jal,0,4,4,1,0,0,3,0,0,0,0,0,0,0
2024-03-01,BREAD,Cheetah,0,3,3,1,0,0,2,0,0,0,0,0,0,0
2024-03-01,BREAD,VS,6,0,6,3,0,0,3,0,0,0,-1,0,0,1
2024-03-01,BREAD,sour-TL,0,18,18,9,0,0,9,0,0,0,0,0,0,0
2024-03-01,BREAD,OB,2,5,7,4,0,0,3,0,0,0,0,0,0,0
2024-03-01,BREAD,Pepp Roll,3,4,7,7,0,0,0,0,0,0,0,0,0,0
2024-03-01,BREAD,VS Pep Rl,4,0,4,4,0,0,0,0,0,0,0,0,0,0
2024-03-01,BREAD,CAR,10,0,10,-1,0,0,11,0,0,0,0,0,0,0
2024-03-01,BREAD,IHF,23,0,23,3,0,0,20,0,0,0,0,0,0,0
2024-03-01,BREAD,HCB,0,0,0,0,0,0,0,0,0,0,0,0,0,0
2024-03-01,BREAD,But-Rls,0,0,0,0,0,0,0,0,0,0,0,0,0,0
2024-03-01,BREAD,Pastels,0,0,0,0,0,0,0,0,0,0,0,0,0,0
2024-03-01,BREAD,H-RLS,3,2,5,1,0,0,4,0,0,0,0,0,0,0
2024-03-01,BREAD,FR-RLS,3,2,5,3,0,0,2,0,0,0,0,0,0,0
2024-03-01,BREAD,VS-RLS,1,0,1,1,0,0,0,0,0,0,0,0,0,0
2024-03-01,BREAD,TEA CAKES,0,0,0,0,0,0,0,0,0,0,0,0,0,0
2024-03-01,BREAD,Blue Stru,1,12,13,3,8,1,1,0,0,0,0,0,0,0
2024-03-01,BREAD,Capp Choc,0,5,5,3,0,1,1,0,0,0,0,0,0,0
2024-03-01,BREAD,Lemon Popp,2,3,5,3,0,0,2,0,0,0,0,0,0,0
2024-03-01,ROLLS,C-Rolls,0,36,36,36,0,0,0,0,0,0,0,0,0,0
2024-03-01,ROLLS,mini C-R,12,36,48,24,24,0,0,0,0,0,0,0,0,0
2024-03-01,SCONES,Blueberry,0,0,0,0,0,0,0,0,0,0,0,0,0,0
2024-03-01,SCONES,Mixed Berry,0,0,0,0,0,0,0,0,0,0,0,0,0,0
2024-03-01,SCONES,Cherry,0,9,9,9,0,0,0,0,8,8,0,0,0,0
2024-03-01,SCONES,Butt Almond,0,9,9,9,0,0,0,0,8,8,0,0,0,0
2024-03-01,SCONES,Turtle,0,0,0,0,0,0,0,0,0,0,0,0,0,0
2024-03-01,SCONES,Cin Chip,0,0,0,0,0,0,0,0,0,0,0,0,0,0
2024-03-01,SCONES,Blarney,0,9,9,9,0,0,0,0,8,8,0,0,0,0
2024-03-01,SCONES,FRUIT BAR,0,0,0,0,0,0,0,0,0,0,0,0,0,0
2024-03-01,SCONES,Triple berry,0,5,5,2,3,0,0,0,0,0,0,0,0,0
2024-03-01,SCONES,cherry,0,5,5,2,3,0,0,0,0,0,0,0,0,0
2024-03-01,SCONES,apple cin,0,5,5,3,2,0,0,0,0,0,0,0,0,0
2024-03-01,SCONES,Straw Blue,0,5,5,1,2,2,0,0,0,0,0,0,0,0
2024-03-01,MUFFINS,Blue Stru,0,4,4,4,0,0,0,0,0,0,0,0,0,0
2024-03-01,MUFFINS,Capp Choc,0,4,4,4,0,0,0,0,12,12,0,0,0,0
2024-03-01,MUFFINS,Lemon Popp,0,4,4,4,0,0,0,0,12,12,0,0,0,0
2024-03-01,COOKIES/BARS,oat cc,7,72,79,16,44,0,19,0,0,0,0,0,0,0
2024-03-01,COOKIES/BARS,triple cc,1,120,121,24,81,0,16,0,0,0,0,0,0,0
2024-03-01,COOKIES/BARS,Snicker,7,72,79,26,45,0,8,0,0,0,0,0,0,0
2024-03-01,COOKIES/BARS,Frosted,13,0,13,12,0,0,1,0,0,0,0,0,0,0
2024-03-01,COOKIES/BARS,Brownie,15,0,15,8,0,0,7,0,0,0,0,0,0,0
2024-03-01,COOKIES/BARS,Lemon Bars,0,0,0,0,0,0,0,0,0,0,0,0,0,0
2024-03-01,COOKIES/BARS,Totals,0,395,450,193,204,2,51,0,48,48,0,0,0,0
2024-03-02,BREAD,H,15,0,15,8,0,7,0,0,0,0,0,0,0,0
2024-03-02,BREAD,FR,14,0,14,6,0,8,0,0,0,0,0,0,0,0
2024-03-02,BREAD,GW,1,4,5,2,2,1,0,0,0,0,0,0,0,0
2024-03-02,BREAD,DK,21,0,21,9,0,12,0,0,0,0,0,0,0,0
2024-03-02,BREAD,H5,9,0,9,3,0,6,0,0,0,0,0,0,0,0
2024-03-02,BREAD,CSWRL,0,16,16,14,0,2,0,0,5,5,5,0,0,0
2024-03-02,BREAD,VA SWRL,9,0,9,9,0,0,0,0,0,0,0,0,0,0
2024-03-02,BREAD,CnE,0,0,0,-3,0,3,0,0,0,0,0,0,0,0
2024-03-02,BREAD,CnR,0,0,0,0,0,0,0,0,0,0,0,0,0,0
2024-03-02,BREAD,RW,0,0,0,-2,0,2,0,0,0,0,0,0,0,0
2024-03-02,BREAD,Monkey,0,0,0,0,0,0,0,0,0,0,0,0,0,0
2024-03-02,BREAD,BUNNY,1,0,1,1,0,0,0,0,0,0,0,0,0,0
2024-03-02,BREAD,ISB,12,0,12,7,0,5,0,0,0,0,0,0,0,0
2024-03-02,BREAD,G & S,6,0,6,5,0,1,0,1,0,1,1,0,0,0
2024-03-02,BREAD,CG,3,0,3,1,0,2,0,4,0,4,3,0,0,0
2024-03-02,BREAD,Pest,4,0,4,4,0,0,0,0,0,0,0,0,0,0
2024-03-02,BREAD,jal,3,0,3,3,0,0,0,0,0,0,0,0,0,0
2024-03-02,BREAD,Cheetah,2,0,2,1,0,1,0,0,0,0,0,0,0,0
2024-03-02,BREAD,VS,3,0,3,3,0,0,0,1,0,1,1,0,0,0
2024-03-02,BREAD,sour-TL,9,0,9,9,0,0,0,0,0,0,0,0,0,0
2024-03-02,BREAD,OB,3,0,3,3,0,0,0,0,0,0,0,0,0,0
2024-03-02,BREAD,Pepp Roll,0,0,0,0,0,0,0,0,0,0,0,0,0,0
2024-03-02,BREAD,VS Pep Rl,0,0,0,0,0,0,0,0,0,0,0,0,0,0
2024-03-02,BREAD,CAR,11,0,11,11,0,0,0,0,0,0,0,0,0,0
2024-03-02,BREAD,IHF,20,0,20,20,0,0,0,0,0,0,0,0,0,0
2024-03-02,BREAD,HCB,0,0,0,0,0,0,0,0,0,0,0,0,0,0
2024-03-02,BREAD,But-Rls,0,0,0,0,0,0,0,0,0,0,0,0,0,0
2024-03-02,BREAD,Pastels,0,0,0,0,0,0,0,0,0,0,0,0,0,0
2024-03-02,BREAD,H-RLS,4,0,4,2,0,2,0,0,0,0,0,0,0,0
2024-03-02,BREAD,FR-RLS,2,0,2,1,0,1,0,0,0,0,0,0,0,0
2024-03-02,BREAD,VS-RLS,0,0,0,0,0,0,0,0,0,0,0,0,0,0
2024-03-02,BREAD,TEA CAKES,0,0,0,0,0,0,0,0,0,0,0,0,0,0
2024-03-02,BREAD,Blue Stru,1,2,3,3,0,0,0,0,0,0,0,0,0,0
2024-03-02,BREAD,Capp Choc,1,0,1,1,0,0,0,0,0,0,0,0,0,0
2024-03-02,BREAD,Lemon Popp,2,1,3,3,0,0,0,0,0,0,0,0,0,0
2024-03-02,ROLLS,C-Rolls,0,36,36,36,0,0,0,0,0,0,0,0,0,0
2024-03-02,ROLLS,mini C-R,0,12,12,11,0,1,0,0,0,0,0,0,0,0
2024-03-02,SCONES,Blueberry,0,17,17,13,4,0,0,0,0,0,0,0,0,0
2024-03-02,SCONES,Mixed Berry,0,0,0,0,0,0,0,0,0,0,0,0,0,0
2024-03-02,SCONES,Cherry,0,0,0,0,0,0,0,0,0,0,0,0,0,0
2024-03-02,SCONES,Butt Almond,0,16,16,12,4,0,0,0,0,0,0,0,0,0
2024-03-02,SCONES,Turtle,0,0,0,0,0,0,0,0,0,0,0,0,0,0
2024-03-02,SCONES,Cin Chip,0,0,0,0,0,0,0,0,0,0,0,0,0,0
2024-03-02,SCONES,Blarney,0,9,9,9,0,0,0,0,0,0,0,0,0,0
2024-03-02,SCONES,FRUIT BAR,0,0,0,0,0,0,0,0,0,0,0,0,0,0
2024-03-02,SCONES,Triple berry,0,5,5,5,0,0,0,0,0,0,0,0,0,0
2024-03-02,SCONES,cherry,0,5,5,5,0,0,0,0,0,0,0,0,0,0
2024-03-02,SCONES,apple cin,0,5,5,4,0,1,0,0,0,0,0,0,0,0
2024-03-02,SCONES,Straw Blue,0,5,5,5,0,0,0,0,0,0,0,0,0,0
2024-03-02,MUFFINS,Blue Stru,0,4,4,4,0,0,0,0,0,0,0,0,0,0
2024-03-02,MUFFINS,Capp Choc,0,4,4,4,0,0,0,0,0,0,0,0,0,0
2024-03-02,MUFFINS,Lemon Popp,0,4,4,4,0,0,0,0,0,0,0,0,0,0
2024-03-02,COOKIES/BARS,oat cc,19,6,25,12,7,6,0,0,0,0,0,0,0,0
2024-03-02,COOKIES/BARS,triple cc,16,12,28,16,7,5,0,0,0,0,0,0,0,0
2024-03-02,COOKIES/BARS,Snicker,8,18,26,19,7,0,0,0,0,0,0,0,0,0
2024-03-02,COOKIES/BARS,Frosted,1,6,7,6,0,1,0,0,0,0,0,0,0,0
2024-03-02,COOKIES/BARS,Brownie,7,15,22,8,0,5,9,0,0,0,0,0,0,0
2024-03-02,COOKIES/BARS,Lemon Bars,0,0,0,0,0,0,0,0,0,0,0,0,0,0
2024-03-02,COOKIES/BARS,Totals,0,179,230,173,29,19,9,0,0,0,0,0,0,0
2024-03-03,BREAD,H,0,0,0,0,0,0,0,0,0,0,0,0,0,0
2024-03-03,BREAD,FR,0,0,0,0,0,0,0,0,0,0,0,0,0,0
2024-03-03,BREAD,GW,0,0,0,0,0,0,0,0,0,0,0,0,0,0
2024-03-03,BREAD,DK,0,0,0,0,0,0,0,0,0,0,0,0,0,0
2024-03-03,BREAD,H5,0,0,0,0,0,0,0,0,0,0,0,0,0,0
2024-03-03,BREAD,CSWRL,0,0,0,0,0,0,0,0,0,0,0,0,0,0
2024-03-03,BREAD,VA SWRL,0,0,0,0,0,0,0,0,0,0,0,0,0,0
2024-03-03,BREAD,CnE,0,0,0,0,0,0,0,0,0,0,0,0,0,0
2024-03-03,BREAD,CnR,0,0,0,0,0,0,0,0,0,0,0,0,0,0
2024-03-03,BREAD,RW,0,0,0,0,0,0,0,0,0,0,0,0,0,0
2024-03-03,BREAD,Monkey,0,0,0,0,0,0,0,0,0,0,0,0,0,0
2024-03-03,BREAD,BUNNY,0,0,0,0,0,0,0,0,0,0,0,0,0,0
2024-03-03,BREAD,ISB,0,0,0,0,0,0,0,0,0,0,0,0,0,0
2024-03-03,BREAD,G & S,0,0,0,0,0,0,0,0,0,0,0,0,0,0
2024-03-03,BREAD,CG,0,0,0,0,0,0,0,0,0,0,0,0,0,0
2024-03-03,BREAD,Pest,0,0,0,0,0,0,0,0,0,0,0,0,0,0
2024-03-03,BREAD,jal,0,0,0,0,0,0,0,0,0,0,0,0,0,0
2024-03-03,BREAD,Cheetah,0,0,0,0,0,0,0,0,0,0,0,0,0,0
2024-03-03,BREAD,VS,0,0,0,0,0,0,0,0,0,0,0,0,0,0
2024-03-03,BREAD,sour-TL,0,0,0,0,0,0,0,0,0,0,0,0,0,0
2024-03-03,BREAD,OB,0,0,0,0,0,0,0,0,0,0,0,0,0,0
2024-03-03,BREAD,Pepp Roll,0,0,0,0,0,0,0,0,0,0,0,0,0,0
2024-03-03,BREAD,VS Pep Rl,0,0,0,0,0,0,0,0,0,0,0,0,0,0
2024-03-03,BREAD,CAR,0,0,0,0,0,0,0,0,0,0,0,0,0,0
2024-03-03,BREAD,IHF,0,0,0,0,0,0,0,0,0,0,0,0,0,0
2024-03-03,BREAD,HCB,0,0,0,0,0,0,0,0,0,0,0,0,0,0
2024-03-03,BREAD,But-Rls,0,0,0,0,0,0,0,0,0,0,0,0,0,0
2024-03-03,BREAD,Pastels,0,0,0,0,0,0,0,0,0,0,0,0,0,0
2024-03-03,BREAD,H-RLS,0,0,0,0,0,0,0,0,0,0,0,0,0,0
2024-03-03,BREAD,FR-RLS,0,0,0,0,0,0,0,0,0,0,0,0,0,0
2024-03-03,BREAD,VS-RLS,0,0,0,0,0,0,0,0,0,0,0,0,0,0
2024-03-03,BREAD,TEA CAKES,0,0,0,0,0,0,0,0,0,0,0,0,0,0
2024-03-03,BREAD,Blue Stru,0,0,0,0,0,0,0,0,0,0,0,0,0,0
2024-03-03,BREAD,Capp Choc,0,0,0,0,0,0,0,0,0,0,0,0,0,0
2024-03-03,BREAD,Lemon Popp,0,0,0,0,0,0,0,0,0,0,0,0,0,0
2024-03-03,ROLLS,C-Rolls,0,0,0,0,0,0,0,0,0,0,0,0,0,0
2024-03-03,ROLLS,mini C-R,0,0,0,0,0,0,0,0,0,0,0,0,0,0
2024-03-03,SCONES,Blueberry,0,0,0,0,0,0,0,0,0,0,0,0,0,0
2024-03-03,SCONES,Mixed Berry,0,0,0,0,0,0,0,0,0,0,0,0,0,0
2024-03-03,SCONES,Cherry,0,0,0,0,0,0,0,0,0,0,0,0,0,0
2024-03-03,SCONES,Butt Almond,0,0,0,0,0,0,0,0,0,0,0,0,0,0
2024-03-03,SCONES,Turtle,0,0,0,0,0,0,0,0,0,0,0,0,0,0
2024-03-03,SCONES,Cin Chip,0,0,0,0,0,0,0,0,0,0,0,0,0,0
2024-03-03,SCONES,Blarney,0,0,0,0,0,0,0,0,0,0,0,0,0,0
2024-03-03,SCONES,FRUIT BAR,0,0,0,0,0,0,0,0,0,0,0,0,0,0
2024-03-03,SCONES,Triple berry,0,0,0,0,0,0,0,0,0,0,0,0,0,0
2024-03-03,SCONES,cherry,0,0,0,0,0,0,0,0,0,0,0,0,0,0
2024-03-03,SCONES,apple cin,0,0,0,0,0,0,0,0,0,0,0,0,0,0
2024-03-03,SCONES,Straw Blue,0,0,0,0,0,0,0,0,0,0,0,0,0,0
2024-03-03,MUFFINS,Blue Stru,0,0,0,0,0,0,0,0,0,0,0,0,0,0
2024-03-03,MUFFINS,Capp Choc,0,0,0,0,0,0,0,0,0,0,0,0,0,0
2024-03-03,MUFFINS,Lemon Popp,0,0,0,0,0,0,0,0,0,0,0,0,0,0
2024-03-03,COOKIES/BARS,oat cc,0,0,0,0,0,0,0,0,0,0,0,0,0,0
2024-03-03,COOKIES/BARS,triple cc,0,0,0,0,0,0,0,0,0,0,0,0,0,0
2024-03-03,COOKIES/BARS,Snicker,0,0,0,0,0,0,0,0,0,0,0,0,0,0
2024-03-03,COOKIES/BARS,Frosted,0,0,0,0,0,0,0,0,0,0,0,0,0,0
2024-03-03,COOKIES/BARS,Brownie,9,0,9,0,0,0,9,0,0,0,0,0,0,0
2024-03-03,COOKIES/BARS,Lemon Bars,0,0,0,0,0,0,0,0,0,0,0,0,0,0
2024-03-03,COOKIES/BARS,Totals,9,0,9,0,0,0,9,0,0,0,0,0,0,0
2024-03-04,BREAD,H,0,28,28,11,0,0,17,0,0,0,0,0,0,0
2024-03-04,BREAD,FR,0,34,34,10,20,0,4,0,0,0,0,0,0,0
2024-03-04,BREAD,GW,0,3,3,3,0,0,0,0,0,0,0,0,0,0
2024-03-04,BREAD,DK,0,14,14,14,0,0,0,0,0,0,0,0,0,0
2024-03-04,BREAD,H5,0,0,0,0,0,0,0,0,0,0,0,0,0,0
2024-03-04,BREAD,CSWRL,0,16,16,16,0,0,0,0,7,7,7,0,0,0
2024-03-04,BREAD,VA SWRL,0,8,8,6,0,0,2,0,4,4,3,0,0,1
2024-03-04,BREAD,CnE,0,7,7,5,0,0,2,0,3,3,3,0,0,0
2024-03-04,BREAD,CnR,0,3,3,3,0,0,0,0,0,0,0,0,0,0
2024-03-04,BREAD,RW,0,3,3,0,0,0,3,0,0,0,0,0,0,0
2024-03-04,BREAD,Monkey,0,3,3,1,0,0,2,0,0,0,0,0,0,0
2024-03-04,BREAD,BUNNY,0,0,0,0,0,0,0,0,0,0,0,0,0,0
2024-03-04,BREAD,ISB,0,0,0,0,0,0,0,0,0,0,0,0,0,0
2024-03-04,BREAD,G & S,0,0,0,0,0,0,0,0,0,0,0,0,0,0
2024-03-04,BREAD,CG,0,3,3,2,0,0,1,0,0,0,-1,0,0,1
2024-03-04,BREAD,Pest,0,3,3,2,0,0,1,0,0,0,0,0,0,0
2024-03-04,BREAD,jal,0,3,3,1,0,0,2,0,0,0,0,0,0,0
2024-03-04,BREAD,Cheetah,0,3,3,2,0,0,1,0,3,3,3,0,0,0
2024-03-04,BREAD,VS,0,2,2,2,0,0,0,0,0,0,0,0,0,0
2024-03-04,BREAD,sour-TL,0,22,22,2,9,0,11,0,0,0,0,0,0,0
2024-03-04,BREAD,OB,0,3,3,1,0,0,2,0,0,0,0,0,0,0
2024-03-04,BREAD,Pepp Roll,0,6,6,5,0,0,1,0,0,0,0,0,0,0
2024-03-04,BREAD,VS Pep Rl,0,0,0,0,0,0,0,0,0,0,0,0,0,0
2024-03-04,BREAD,CAR,0,0,0,-10,0,0,10,0,0,0,0,0,0,0
2024-03-04,BREAD,IHF,0,0,0,-15,0,0,15,0,0,0,0,0,0,0
2024-03-04,BREAD,HCB,0,0,0,0,0,0,0,0,0,0,0,0,0,0
2024-03-04,BREAD,But-Rls,0,0,0,0,0,0,0,0,0,0,0,0,0,0
2024-03-04,BREAD,Pastels,0,0,0,0,0,0,0,0,0,0,0,0,0,0
2024-03-04,BREAD,H-RLS,0,3,3,1,0,0,2,0,0,0,0,0,0,0
2024-03-04,BREAD,FR-RLS,0,3,3,0,0,0,3,0,0,0,0,0,0,0
2024-03-04,BREAD,VS-RLS,0,0,0,0,0,0,0,0,0,0,0,0,0,0
2024-03-04,BREAD,TEA CAKES,0,0,0,0,0,0,0,0,0,0,0,0,0,0
2024-03-04,BREAD,Blue Stru,0,4,4,3,1,0,0,0,0,0,0,0,0,0
2024-03-04,BREAD,Capp Choc,0,3,3,1,0,0,2,0,0,0,0,0,0,0
2024-03-04,BREAD,Lemon Popp,0,3,3,2,0,0,1,0,0,0,0,0,0,0
2024-03-04,ROLLS,C-Rolls,0,24,24,16,0,8,0,0,0,0,0,0,0,0
2024-03-04,ROLLS,mini C-R,0,0,0,0,0,0,0,0,0,0,0,0,0,0
2024-03-04,SCONES,Blueberry,0,2,2,2,0,0,0,0,0,0,0,0,0,0
2024-03-04,SCONES,Mixed Berry,0,8,8,8,0,0,0,0,0,0,0,0,0,0
2024-03-04,SCONES,Cherry,0,0,0,0,0,0,0,0,0,0,0,0,0,0
2024-03-04,SCONES,Butt Almond,0,0,0,0,0,0,0,0,0,0,0,0,0,0
2024-03-04,SCONES,Turtle,0,0,0,0,0,0,0,0,0,0,0,0,0,0
2024-03-04,SCONES,Cin Chip,0,8,8,8,0,0,0,0,0,0,0,0,0,0
2024-03-04,SCONES,Blarney,0,8,8,8,0,0,0,0,0,0,0,0,0,0
2024-03-04,SCONES,FRUIT BAR,0,0,0,0,0,0,0,0,0,0,0,0,0,0
2024-03-04,SCONES,Triple berry,0,5,5,3,2,0,0,0,0,0,0,0,0,0
2024-03-04,SCONES,cherry,0,5,5,4,1,0,0,0,0,0,0,0,0,0
2024-03-04,SCONES,apple cin,0,0,0,0,0,0,0,0,0,0,0,0,0,0
2024-03-04,SCONES,Straw Blue,0,0,0,0,0,0,0,0,0,0,0,0,0,0
2024-03-04,MUFFINS,Blue Stru,0,3,3,3,0,0,0,0,0,0,0,0,0,0
2024-03-04,MUFFINS,Capp Choc,0,3,3,2,0,1,0,0,0,0,0,0,0,0
2024-03-04,MUFFINS,Lemon Popp,0,3,3,3,0,0,0,0,0,0,0,0,0,0
2024-03-04,COOKIES/BARS,oat cc,0,54,54,21,20,0,13,0,4,4,0,0,0,0
2024-03-04,COOKIES/BARS,triple cc,0,54,54,17,20,0,17,0,6,6,0,0,0,0
2024-03-04,COOKIES/BARS,Snicker,0,54,54,6,21,0,27,0,6,6,0,0,0,0
2024-03-04,COOKIES/BARS,Frosted,0,12,12,3,0,0,9,0,0,0,0,0,0,0
2024-03-04,COOKIES/BARS,Brownie,9,15,24,5,3,0,16,0,0,0,0,0,0,0
2024-03-04,COOKIES/BARS,Lemon Bars,0,15,15,3,3,0,9,0,0,0,0,0,0,0
2024-03-04,COOKIES/BARS,Totals,0,273,282,112,70,9,91,0,16,16,0,0,0,0
2024-03-05,BREAD,H,17,13,30,6,3,0,21,0,0,0,0,0,0,0
2024-03-05,BREAD,FR,4,18,22,10,0,0,12,0,0,0,0,0,0,0
2024-03-05,BREAD,GW,0,10,10,1,3,0,6,0,0,0,0,0,0,0
2024-03-05,BREAD,DK,0,0,0,0,0,0,0,0,0,0,0,0,0,0
2024-03-05,BREAD,H5,0,12,12,6,0,0,6,0,0,0,0,0,0,0
2024-03-05,BREAD,CSWRL,0,16,16,9,0,0,7,0,7,7,5,0,0,1
2024-03-05,BREAD,VA SWRL,2,8,10,2,0,0,8,1,4,5,2,0,0,3
2024-03-05,BREAD,CnE,2,10,12,5,0,0,7,0,4,4,1,0,0,3
2024-03-05,BREAD,CnR,0,3,3,3,0,0,0,0,0,0,0,0,0,0
2024-03-05,BREAD,RW,3,0,3,2,0,1,0,0,0,0,0,0,0,0
2024-03-05,BREAD,Monkey,2,2,4,3,0,0,1,0,0,0,0,0,0,0
2024-03-05,BREAD,BUNNY,0,0,0,0,0,0,0,0,0,0,0,0,0,0
2024-03-05,BREAD,ISB,0,15,15,4,0,0,11,0,5,5,3,0,0,0
2024-03-05,BREAD,G & S,0,0,0,0,0,0,0,0,0,0,0,0,0,0
2024-03-05,BREAD,CG,1,0,1,1,0,0,0,1,0,1,1,0,0,0
2024-03-05,BREAD,Pest,1,0,1,1,0,0,0,0,0,0,0,0,0,0
2024-03-05,BREAD,jal,2,0,2,1,0,0,1,0,0,0,0,0,0,0
2024-03-05,BREAD,Cheetah,1,0,1,1,0,0,0,0,0,0,0,0,0,0
2024-03-05,BREAD,VS,0,6,6,1,0,0,5,0,2,2,2,0,0,0
2024-03-05,BREAD,sour-TL,11,0,11,9,0,0,2,0,0,0,0,0,0,0
2024-03-05,BREAD,OB,2,0,2,0,0,0,2,0,0,0,0,0,0,0
2024-03-05,BREAD,Pepp Roll,1,4,5,1,0,0,4,0,0,0,0,0,0,0
2024-03-05,BREAD,VS Pep Rl,0,6,6,0,0,0,6,0,0,0,0,0,0,0
2024-03-05,BREAD,CAR,10,0,10,0,0,0,10,0,0,0,0,0,0,0
2024-03-05,BREAD,IHF,15,0,15,3,0,0,12,0,0,0,0,0,0,0
2024-03-05,BREAD,HCB,0,0,0,0,0,0,0,0,0,0,0,0,0,0
2024-03-05,BREAD,But-Rls,0,0,0,0,0,0,0,0,0,0,0,0,0,0
2024-03-05,BREAD,Pastels,0,0,0,0,0,0,0,0,0,0,0,0,0,0
2024-03-05,BREAD,H-RLS,2,2,4,1,0,1,2,0,0,0,0,0,0,0
2024-03-05,BREAD,FR-RLS,3,0,3,3,0,0,0,0,0,0,0,0,0,0
2024-03-05,BREAD,VS-RLS,0,3,3,1,0,0,2,0,0,0,0,0,0,0
2024-03-05,BREAD,TEA CAKES,0,0,0,0,0,0,0,0,0,0,0,0,0,0
2024-03-05,BREAD,Blue Stru,0,5,5,4,1,0,0,0,0,0,0,0,0,0
2024-03-05,BREAD,Capp Choc,2,2,4,3,0,0,1,0,0,0,0,0,0,0
2024-03-05,BREAD,Lemon Popp,1,3,4,2,0,0,2,0,0,0,0,0,0,0
2024-03-05,ROLLS,C-Rolls,0,24,24,20,0,4,0,0,0,0,0,0,0,0
2024-03-05,ROLLS,mini C-R,0,24,24,0,24,0,0,0,0,0,0,0,0,0
2024-03-05,SCONES,Blueberry,0,10,10,10,0,0,0,0,2,2,0,0,0,0
2024-03-05,SCONES,Mixed Berry,0,0,0,0,0,0,0,0,0,0,0,0,0,0
2024-03-05,SCONES,Cherry,0,0,0,0,0,0,0,0,0,0,0,0,0,0
2024-03-05,SCONES,Butt Almond,0,0,0,0,0,0,0,0,0,0,0,0,0,0
2024-03-05,SCONES,Turtle,0,0,0,0,0,0,0,0,0,0,0,0,0,0
2024-03-05,SCONES,Cin Chip,0,8,8,8,0,0,0,0,2,2,0,0,0,0
2024-03-05,SCONES,Blarney,0,10,10,10,0,0,0,0,0,0,0,0,0,0
2024-03-05,SCONES,FRUIT BAR,0,0,0,0,0,0,0,0,0,0,0,0,0,0
2024-03-05,SCONES,Triple berry,0,0,0,0,0,0,0,0,0,0,0,0,0,0
2024-03-05,SCONES,cherry,0,0,0,0,0,0,0,0,0,0,0,0,0,0
2024-03-05,SCONES,apple cin,0,5,5,4,1,0,0,0,0,0,0,0,0,0
2024-03-05,SCONES,Straw Blue,0,5,5,4,1,0,0,0,0,0,0,0,0,0
2024-03-05,MUFFINS,Blue Stru,0,3,3,3,0,0,0,0,0,0,0,0,0,0
2024-03-05,MUFFINS,Capp Choc,0,3,3,3,0,0,0,0,2,2,0,0,0,0
2024-03-05,MUFFINS,Lemon Popp,0,3,3,3,0,0,0,0,2,2,0,0,0,0
2024-03-05,COOKIES/BARS,oat cc,13,24,37,24,7,6,0,0,0,0,0,0,0,0
2024-03-05,COOKIES/BARS,triple cc,17,24,41,12,7,11,11,0,0,0,0,0,0,0
2024-03-05,COOKIES/BARS,Snicker,27,12,39,-4,7,24,12,0,0,0,0,0,0,0
2024-03-05,COOKIES/BARS,Frosted,9,6,15,5,0,0,10,0,0,0,0,0,0,0
2024-03-05,COOKIES/BARS,Brownie,16,0,16,12,0,4,0,0,0,0,0,0,0,0
2024-03-05,COOKIES/BARS,Lemon Bars,9,15,24,5,0,0,19,0,0,0,0,0,0,0
2024-03-05,COOKIES/BARS,Totals,0,176,267,119,47,49,52,0,8,8,0,0,0,0
2024-03-06,BREAD,H,21,12,33,11,2,0,20,0,0,0,0,0,0,0
2024-03-06,BREAD,FR,12,13,25,10,0,0,15,0,0,0,0,0,0,0
2024-03-06,BREAD,GW,6,4,10,4,0,2,4,0,0,0,0,0,0,0
2024-03-06,BREAD,DK,0,14,14,8,0,0,6,0,0,0,0,0,0,0
2024-03-06,BREAD,H5,6,0,6,1,0,0,5,0,0,0,0,0,0,0
2024-03-06,BREAD,CSWRL,7,9,16,11,1,0,4,1,6,7,3,0,0,4
2024-03-06,BREAD,VA SWRL,8,0,8,4,0,4,0,3,0,3,3,0,0,0
2024-03-06,BREAD,CnE,7,8,15,5,0,3,7,3,0,3,3,0,0,0
2024-03-06,BREAD,CnR,0,3,3,3,0,0,0,0,0,0,0,0,0,0
2024-03-06,BREAD,RW,0,3,3,2,0,0,1,0,0,0,0,0,0,0
2024-03-06,BREAD,Monkey,1,3,4,2,0,0,2,0,0,0,0,0,0,0
2024-03-06,BREAD,BUNNY,0,0,0,0,0,0,0,0,0,0,0,0,0,0
2024-03-06,BREAD,ISB,11,0,11,4,0,7,0,0,0,0,0,0,0,0
2024-03-06,BREAD,G & S,0,5,5,5,0,0,0,0,4,4,1,0,0,3
2024-03-06,BREAD,CG,0,6,6,4,0,0,2,0,2,2,2,0,0,0
2024-03-06,BREAD,Pest,0,3,3,0,0,0,3,0,0,0,0,0,0,0
2024-03-06,BREAD,jal,1,3,4,1,0,0,3,0,0,0,0,0,0,0
2024-03-06,BREAD,Cheetah,0,2,2,0,0,0,2,0,0,0,0,0,0,0
2024-03-06,BREAD,VS,5,0,5,3,0,2,0,0,0,0,0,0,0,0
2024-03-06,BREAD,sour-TL,2,20,22,4,0,0,18,0,0,0,0,0,0,0
2024-03-06,BREAD,OB,2,5,7,0,0,2,5,0,0,0,0,0,0,0
2024-03-06,BREAD,Pepp Roll,4,0,4,0,0,4,0,0,0,0,0,0,0,0
2024-03-06,BREAD,VS Pep Rl,6,0,6,2,0,4,0,0,0,0,0,0,0,0
2024-03-06,BREAD,CAR,10,0,10,0,0,0,10,0,0,0,0,0,0,0
2024-03-06,BREAD,IHF,12,0,12,0,0,0,12,0,0,0,0,0,0,0
2024-03-06,BREAD,HCB,0,0,0,0,0,0,0,0,0,0,0,0,0,0
2024-03-06,BREAD,But-Rls,0,0,0,0,0,0,0,0,0,0,0,0,0,0
2024-03-06,BREAD,Pastels,0,0,0,0,0,0,0,0,0,0,0,0,0,0
2024-03-06,BREAD,H-RLS,2,0,2,1,0,1,0,0,0,0,0,0,0,0
2024-03-06,BREAD,FR-RLS,0,0,0,0,0,0,0,0,0,0,0,0,0,0
2024-03-06,BREAD,VS-RLS,2,0,2,2,0,0,0,0,0,0,0,0,0,0
2024-03-06,BREAD,TEA CAKES,0,0,0,0,0,0,0,0,0,0,0,0,0,0
2024-03-06,BREAD,Blue Stru,0,9,9,2,4,0,3,0,0,0,0,0,0,0
2024-03-06,BREAD,Capp Choc,1,2,3,3,0,0,0,0,0,0,0,0,0,0
2024-03-06,BREAD,Lemon Popp,2,2,4,1,0,1,2,0,0,0,0,0,0,0
2024-03-06,ROLLS,C-Rolls,0,24,24,15,0,9,0,0,0,0,0,0,0,0
2024-03-06,ROLLS,mini C-R,0,0,0,0,0,0,0,0,0,0,0,0,0,0
2024-03-06,SCONES,Blueberry,0,0,0,0,0,0,0,0,0,0,0,0,0,0
2024-03-06,SCONES,Mixed Berry,0,10,10,10,0,0,0,0,8,8,0,0,0,0
2024-03-06,SCONES,Cherry,0,0,0,0,0,0,0,0,0,0,0,0,0,0
2024-03-06,SCONES,Butt Almond,0,0,0,0,0,0,0,0,0,0,0,0,0,0
2024-03-06,SCONES,Turtle,0,8,8,8,0,0,0,0,8,8,0,0,0,0
2024-03-06,SCONES,Cin Chip,0,0,0,0,0,0,0,0,0,0,0,0,0,0
2024-03-06,SCONES,Blarney,0,10,10,9,0,1,0,0,0,0,0,0,0,0
2024-03-06,SCONES,FRUIT BAR,0,0,0,0,0,0,0,0,0,0,0,0,0,0
2024-03-06,SCONES,Triple berry,0,5,5,0,2,3,0,0,0,0,0,0,0,0
2024-03-06,SCONES,cherry,0,5,5,1,2,2,0,0,0,0,0,0,0,0
2024-03-06,SCONES,apple cin,0,5,5,1,2,2,0,0,0,0,0,0,0,0
2024-03-06,SCONES,Straw Blue,0,5,5,2,1,2,0,0,0,0,0,0,0,0
2024-03-06,MUFFINS,Blue Stru,0,3,3,3,0,0,0,0,0,0,0,0,0,0
2024-03-06,MUFFINS,Capp Choc,0,3,3,3,0,0,0,0,7,7,0,0,0,0
2024-03-06,MUFFINS,Lemon Popp,0,3,3,3,0,0,0,0,7,7,0,0,0,0
2024-03-06,COOKIES/BARS,oat cc,0,36,36,28,5,0,3,0,0,0,0,0,0,0
2024-03-06,COOKIES/BARS,triple cc,11,24,35,10,5,1,19,0,0,0,0,0,0,0
2024-03-06,COOKIES/BARS,Snicker,12,24,36,23,5,1,7,0,0,0,0,0,0,0
2024-03-06,COOKIES/BARS,Frosted,10,0,10,5,0,0,5,0,0,0,0,0,0,0
2024-03-06,COOKIES/BARS,Brownie,0,15,15,3,0,0,12,0,0,0,0,0,0,0
2024-03-06,COOKIES/BARS,Lemon Bars,19,0,19,10,0,0,9,0,0,0,0,0,0,0
2024-03-06,COOKIES/BARS,lemon ohh,0,0,0,-3,0,0,3,0,0,0,-2,0,0,2
2024-03-06,COOKIES/BARS,Totals,0,180,232,131,22,21,58,0,30,30,-2,0,0,2
2024-03-07,BREAD,H,20,11,31,21,0,0,10,0,0,0,0,0,0,0
2024-03-07,BREAD,FR,15,34,49,17,30,0,2,0,0,0,0,0,0,0
2024-03-07,BREAD,GW,4,0,4,1,0,0,3,0,0,0,0,0,0,0
2024-03-07,BREAD,DK,6,0,6,4,0,0,2,0,0,0,0,0,0,0
2024-03-07,BREAD,H5,5,18,23,8,0,0,15,0,0,0,0,0,0,0
2024-03-07,BREAD,CSWRL,4,17,21,16,3,0,2,4,0,4,4,0,0,0
2024-03-07,BREAD,VA SWRL,0,8,8,4,0,0,4,0,4,4,4,0,0,0
2024-03-07,BREAD,CnE,7,0,7,7,0,0,0,0,0,0,0,0,0,0
2024-03-07,BREAD,CnR,0,0,0,0,0,0,0,0,0,0,0,0,0,0
2024-03-07,BREAD,RW,1,0,1,1,0,0,0,0,0,0,0,0,0,0
2024-03-07,BREAD,Monkey,2,0,2,2,0,0,0,0,0,0,0,0,0,0
2024-03-07,BREAD,BUNNY,0,0,0,0,0,0,0,0,0,0,0,0,0,0
2024-03-07,BREAD,ISB,0,9,9,3,0,0,6,0,4,4,4,0,0,0
2024-03-07,BREAD,G & S,0,0,0,0,0,0,0,3,0,3,2,0,0,0
2024-03-07,BREAD,CG,2,0,2,2,0,0,0,0,0,0,0,0,0,0
2024-03-07,BREAD,Pest,3,0,3,3,0,0,0,0,0,0,0,0,0,0
2024-03-07,BREAD,jal,3,0,3,2,0,1,0,0,0,0,0,0,0,0
2024-03-07,BREAD,Cheetah,2,0,2,0,0,2,0,0,0,0,0,0,0,0
2024-03-07,BREAD,VS,0,9,9,2,0,0,7,0,4,4,1,0,0,3
2024-03-07,BREAD,sour-TL,18,0,18,8,0,0,10,0,0,0,0,0,0,0
2024-03-07,BREAD,OB,5,0,5,3,0,0,2,0,0,0,0,0,0,0
2024-03-07,BREAD,Pepp Roll,0,6,6,2,0,0,4,0,0,0,0,0,0,0
2024-03-07,BREAD,VS Pep Rl,0,10,10,6,0,0,4,0,0,0,0,0,0,0
2024-03-07,BREAD,CAR,10,0,10,1,0,0,9,0,0,0,0,0,0,0
2024-03-07,BREAD,IHF,12,0,12,2,0,0,10,0,0,0,0,0,0,0
2024-03-07,BREAD,HCB,0,14,14,5,0,0,9,0,0,0,0,0,0,0
2024-03-07,BREAD,But-Rls,0,0,0,0,0,0,0,0,0,0,0,0,0,0
2024-03-07,BREAD,Pastels,0,0,0,0,0,0,0,0,0,0,0,0,0,0
2024-03-07,BREAD,H-RLS,0,3,3,3,0,0,0,0,0,0,0,0,0,0
2024-03-07,BREAD,FR-RLS,0,3,3,3,0,0,0,0,0,0,0,0,0,0
2024-03-07,BREAD,VS-RLS,0,5,5,3,0,0,2,0,0,0,0,0,0,0
2024-03-07,BREAD,TEA CAKES,0,0,0,0,0,0,0,0,0,0,0,0,0,0
2024-03-07,BREAD,Blue Stru,3,5,8,4,4,0,0,0,0,0,0,0,0,0
2024-03-07,BREAD,Capp Choc,0,3,3,3,0,0,0,0,0,0,0,0,0,0
2024-03-07,BREAD,Lemon Popp,2,2,4,1,0,0,3,0,0,0,0,0,0,0
2024-03-07,ROLLS,C-Rolls,0,24,24,23,0,1,0,0,0,0,0,0,0,0
2024-03-07,ROLLS,mini C-R,0,48,48,0,48,0,0,0,0,0,0,0,0,0
2024-03-07,SCONES,Blueberry,0,14,14,10,4,0,0,0,8,8,0,0,0,0
2024-03-07,SCONES,Mixed Berry,0,0,0,0,0,0,0,0,0,0,0,0,0,0
2024-03-07,SCONES,Cherry,0,0,0,0,0,0,0,0,0,0,0,0,0,0
2024-03-07,SCONES,Butt Almond,0,0,0,0,0,0,0,0,0,0,0,0,0,0
2024-03-07,SCONES,Turtle,0,8,8,8,0,0,0,0,8,8,0,0,0,0
2024-03-07,SCONES,Cin Chip,0,0,0,0,0,0,0,0,0,0,0,0,0,0
2024-03-07,SCONES,Blarney,0,10,10,10,0,0,0,0,0,0,0,0,0,0
2024-03-07,SCONES,FRUIT BAR,0,0,0,0,0,0,0,0,0,0,0,0,0,0
2024-03-07,SCONES,Triple berry,0,5,5,3,2,0,0,0,0,0,0,0,0,0
2024-03-07,SCONES,cherry,0,5,5,3,2,0,0,0,0,0,0,0,0,0
2024-03-07,SCONES,apple cin,0,5,5,3,2,0,0,0,0,0,0,0,0,0
2024-03-07,SCONES,Straw Blue,0,5,5,2,3,0,0,0,0,0,0,0,0,0
2024-03-07,MUFFINS,Blue Stru,0,3,3,3,0,0,0,0,0,0,0,0,0,0
2024-03-07,MUFFINS,Capp Choc,0,3,3,3,0,0,0,0,8,8,0,0,0,0
2024-03-07,MUFFINS,Lemon Popp,0,3,3,1,0,2,0,0,8,8,0,0,0,0
2024-03-07,COOKIES/BARS,oat cc,3,30,33,24,0,0,9,0,10,10,0,0,0,0
2024-03-07,COOKIES/BARS,triple cc,19,12,31,30,0,0,1,0,12,12,0,0,0,0
2024-03-07,COOKIES/BARS,Snicker,7,24,31,14,0,0,17,0,12,12,0,0,0,0
2024-03-07,COOKIES/BARS,Frosted,5,6,11,4,0,0,7,0,0,0,0,0,0,0
2024-03-07,COOKIES/BARS,Brownie,12,15,27,3,2,0,22,0,0,0,0,0,0,0
2024-03-07,COOKIES/BARS,Lemon Bars,9,15,24,11,2,0,11,0,0,0,0,0,0,0
2024-03-07,COOKIES/BARS,lemon oh,3,0,3,1,0,0,2,2,0,2,0,0,0,2
2024-03-07,COOKIES/BARS,Totals,0,235,235,163,65,3,69,2,66,68,0,0,0,2
2024-03-08,BREAD,H,10,22,32,7,2,0,23,0,0,0,0,0,0,0
2024-03-08,BREAD,FR,2,32,34,14,6,0,14,0,0,0,0,0,0,0
2024-03-08,BREAD,GW,3,0,3,3,0,0,0,0,0,0,0,0,0,0
2024-03-08,BREAD,DK,2,20,22,11,0,0,11,0,0,0,0,0,0,0
2024-03-08,BREAD,H5,15,0,15,4,0,0,11,0,0,0,0,0,0,0
2024-03-08,BREAD,CSWRL,2,17,19,18,1,0,0,0,6,6,6,0,0,0
2024-03-08,BREAD,VA SWRL,4,4,8,5,0,0,3,0,5,5,2,0,0,3
2024-03-08,BREAD,CnE,0,20,20,3,0,0,17,0,4,4,3,0,0,1
2024-03-08,BREAD,CnR,0,3,3,2,0,0,1,0,0,0,0,0,0,0
2024-03-08,BREAD,RW,0,4,4,1,0,0,3,0,0,0,0,0,0,0
2024-03-08,BREAD,Monkey,0,4,4,2,0,0,2,0,0,0,0,0,0,0
2024-03-08,BREAD,BUNNY,0,0,0,0,0,0,0,0,0,0,0,0,0,0
2024-03-08,BREAD,ISB,6,0,6,6,0,0,0,0,0,0,0,0,0,0
2024-03-08,BREAD,G & S,0,12,12,3,0,0,9,0,4,4,0,0,0,4
2024-03-08,BREAD,CG,0,6,6,6,0,0,0,0,4,4,3,0,0,1
2024-03-08,BREAD,Pest,0,4,4,3,0,0,1,0,0,0,0,0,0,0
2024-03-08,BREAD,jal,0,4,4,4,0,0,0,0,0,0,0,0,0,0
2024-03-08,BREAD,Cheetah,0,3,3,1,0,0,2,0,0,0,0,0,0,0
2024-03-08,BREAD,VS,7,0,7,4,0,0,3,3,0,3,3,0,0,0
2024-03-08,BREAD,sour-TL,10,18,28,8,7,0,13,0,0,0,0,0,0,0
2024-03-08,BREAD,OB,2,5,7,5,0,0,2,0,0,0,0,0,0,0
2024-03-08,BREAD,Pepp Roll,4,4,8,2,0,0,6,0,0,0,0,0,0,0
2024-03-08,BREAD,VS Pep Rl,4,0,4,2,0,0,2,0,0,0,0,0,0,0
2024-03-08,BREAD,CAR,9,0,9,1,8,0,0,0,0,0,0,0,0,0
2024-03-08,BREAD,IHF,10,0,10,10,0,0,0,0,0,0,0,0,0,0
2024-03-08,BREAD,HCB,9,0,9,7,0,0,2,0,0,0,0,0,0,0
2024-03-08,BREAD,But-Rls,0,0,0,-8,0,0,8,0,0,0,0,0,0,0
2024-03-08,BREAD,Pastels,0,0,0,-11,0,0,11,0,0,0,0,0,0,0
2024-03-08,BREAD,H-RLS,0,0,0,-2,0,0,2,0,0,0,0,0,0,0
2024-03-08,BREAD,FR-RLS,0,9,9,0,9,0,0,0,0,0,0,0,0,0
2024-03-08,BREAD,VS-RLS,2,0,2,2,0,0,0,0,0,0,0,0,0,0
2024-03-08,BREAD,TEA CAKES,0,0,0,0,0,0,0,0,0,0,0,0,0,0
2024-03-08,BREAD,Blue Stru,0,6,6,3,1,0,2,0,0,0,0,0,0,0
2024-03-08,BREAD,Capp Choc,0,5,5,1,0,0,4,0,0,0,0,0,0,0
2024-03-08,BREAD,Lemon Popp,3,2,5,2,0,1,2,0,0,0,0,0,0,0
2024-03-08,ROLLS,C-Rolls,0,36,36,28,0,8,0,0,0,0,0,0,0,0
2024-03-08,ROLLS,mini C-R,0,24,24,24,0,0,0,0,0,0,0,0,0,0
2024-03-08,SCONES,Blueberry,0,0,0,0,0,0,0,0,0,0,0,0,0,0
2024-03-08,SCONES,Mixed Berry,0,0,0,0,0,0,0,0,0,0,0,0,0,0
2024-03-08,SCONES,Cherry,0,16,16,8,0,8,0,0,4,4,0,0,0,0
2024-03-08,SCONES,Butt Almond,0,17,17,13,0,4,0,0,4,4,0,0,0,0
2024-03-08,SCONES,Turtle,0,0,0,0,0,0,0,0,0,0,0,0,0,0
2024-03-08,SCONES,Cin Chip,0,0,0,0,0,0,0,0,0,0,0,0,0,0
2024-03-08,SCONES,Blarney,0,11,11,11,0,0,0,0,0,0,0,0,0,0
2024-03-08,SCONES,FRUIT BAR,0,0,0,0,0,0,0,0,0,0,0,0,0,0
2024-03-08,SCONES,Triple berry,0,5,5,0,1,4,0,0,0,0,0,0,0,0
2024-03-08,SCONES,cherry,0,5,5,0,1,4,0,0,0,0,0,0,0,0
2024-03-08,SCONES,apple cin,0,5,5,4,1,0,0,0,0,0,0,0,0,0
2024-03-08,SCONES,Straw Blue,0,5,5,3,0,2,0,0,0,0,0,0,0,0
2024-03-08,MUFFINS,Blue Stru,0,7,7,6,0,1,0,0,0,0,0,0,0,0
2024-03-08,MUFFINS,Capp Choc,0,7,7,5,0,2,0,0,3,3,0,0,0,0
2024-03-08,MUFFINS,Lemon Popp,0,7,7,7,0,0,0,0,3,3,0,0,0,0
2024-03-08,COOKIES/BARS,oat cc,9,24,33,30,3,0,0,0,0,0,0,0,0,0
2024-03-08,COOKIES/BARS,triple cc,1,36,37,23,3,0,11,0,0,0,0,0,0,0
2024-03-08,COOKIES/BARS,Snicker,17,18,35,21,4,2,8,0,0,0,0,0,0,0
2024-03-08,COOKIES/BARS,Frosted,7,6,13,7,0,0,6,0,0,0,0,0,0,0
2024-03-08,COOKIES/BARS,Brownie,22,15,37,2,15,0,20,0,0,0,0,0,0,0
2024-03-08,COOKIES/BARS,Lemon Bars,11,15,26,9,0,0,17,0,0,0,0,0,0,0
2024-03-08,COOKIES/BARS,Lem Oh,2,0,2,2,0,0,0,2,0,2,2,0,0,0
2024-03-08,COOKIES/BARS,Totals,0,259,328,203,28,35,62,2,14,16,2,0,0,0
2024-03-09,BREAD,H,23,0,23,6,0,17,0,0,0,0,0,0,0,0
2024-03-09,BREAD,FR,14,0,14,14,0,0,0,0,0,0,0,0,0,0
2024-03-09,BREAD,GW,0,1,1,1,0,0,0,0,0,0,0,0,0,0
2024-03-09,BREAD,DK,11,0,11,7,0,4,0,0,0,0,0,0,0,0
2024-03-09,BREAD,H5,11,0,11,3,0,8,0,0,0,0,0,0,0,0
2024-03-09,BREAD,CSWRL,0,16,16,16,0,0,0,0,5,5,5,0,0,0
2024-03-09,BREAD,VA SWRL,3,4,7,3,0,4,0,3,0,3,3,0,0,0
2024-03-09,BREAD,CnE,17,0,17,9,0,8,0,1,0,1,0,0,0,0
2024-03-09,BREAD,CnR,1,0,1,1,0,0,0,0,0,0,0,0,0,0
2024-03-09,BREAD,RW,3,0,3,2,0,1,0,0,0,0,0,0,0,0
2024-03-09,BREAD,Monkey,2,0,2,2,0,0,0,0,0,0,0,0,0,0
2024-03-09,BREAD,BUNNY,0,0,0,0,0,0,0,0,0,0,0,0,0,0
2024-03-09,BREAD,ISB,0,0,0,0,0,0,0,0,0,0,0,0,0,0
2024-03-09,BREAD,G & S,9,0,9,4,0,5,0,4,0,4,4,0,0,0
2024-03-09,BREAD,CG,0,0,0,0,0,0,0,1,0,1,1,0,0,0
2024-03-09,BREAD,Pest,1,0,1,1,0,0,0,0,0,0,0,0,0,0
2024-03-09,BREAD,jal,0,0,0,0,0,0,0,0,0,0,0,0,0,0
2024-03-09,BREAD,Cheetah,2,0,2,1,0,1,0,0,0,0,0,0,0,0
2024-03-09,BREAD,VS,3,0,3,3,0,0,0,0,0,0,0,0,0,0
2024-03-09,BREAD,sour-TL,13,0,13,12,0,1,0,0,0,0,0,0,0,0
2024-03-09,BREAD,OB,2,0,2,2,0,0,0,0,0,0,0,0,0,0
2024-03-09,BREAD,Pepp Roll,6,0,6,3,0,3,0,0,0,0,0,0,0,0
2024-03-09,BREAD,VS Pep Rl,2,0,2,1,0,1,0,0,0,0,0,0,0,0
2024-03-09,BREAD,CAR,0,0,0,0,0,0,0,0,0,0,0,0,0,0
2024-03-09,BREAD,IHF,0,0,0,-6,0,0,6,0,0,0,0,0,0,0
2024-03-09,BREAD,HCB,2,0,2,1,0,1,0,0,0,0,0,0,0,0
2024-03-09,BREAD,But-Rls,8,0,8,6,0,2,0,0,0,0,0,0,0,0
2024-03-09,BREAD,Pastels,11,0,11,1,0,10,0,0,0,0,0,0,0,0
2024-03-09,BREAD,H-RLS,2,0,2,1,0,1,0,0,0,0,0,0,0,0
2024-03-09,BREAD,FR-RLS,0,0,0,0,0,0,0,0,0,0,0,0,0,0
2024-03-09,BREAD,VS-RLS,0,0,0,0,0,0,0,0,0,0,0,0,0,0
2024-03-09,BREAD,TEA CAKES,0,0,0,0,0,0,0,0,0,0,0,0,0,0
2024-03-09,BREAD,Blue Stru,2,2,4,3,1,0,0,0,0,0,0,0,0,0
2024-03-09,BREAD,Capp Choc,4,0,4,4,0,0,0,0,0,0,0,0,0,0
2024-03-09,BREAD,Lemon Popp,2,1,3,2,0,1,0,0,0,0,0,0,0,0
2024-03-09,ROLLS,C-Rolls,0,36,36,36,0,0,0,0,0,0,0,0,0,0
2024-03-09,ROLLS,mini C-R,0,0,0,0,0,0,0,0,0,0,0,0,0,0
2024-03-09,SCONES,Blueberry,0,11,11,11,0,0,0,0,0,0,0,0,0,0
2024-03-09,SCONES,Mixed Berry,0,0,0,0,0,0,0,0,0,0,0,0,0,0
2024-03-09,SCONES,Cherry,0,0,0,0,0,0,0,0,0,0,0,0,0,0
2024-03-09,SCONES,Butt Almond,0,11,11,11,0,0,0,0,0,0,0,0,0,0
2024-03-09,SCONES,Turtle,0,0,0,0,0,0,0,0,0,0,0,0,0,0
2024-03-09,SCONES,Cin Chip,0,0,0,0,0,0,0,0,0,0,0,0,0,0
2024-03-09,SCONES,Blarney,0,9,9,9,0,0,0,0,0,0,0,0,0,0
2024-03-09,SCONES,FRUIT BAR,0,0,0,0,0,0,0,0,0,0,0,0,0,0
2024-03-09,SCONES,Triple berry,0,5,5,1,0,4,0,0,0,0,0,0,0,0
2024-03-09,SCONES,cherry,0,5,5,5,0,0,0,0,0,0,0,0,0,0
2024-03-09,SCONES,apple cin,0,5,5,1,0,4,0,0,0,0,0,0,0,0
2024-03-09,SCONES,Straw Blue,0,5,5,4,0,1,0,0,0,0,0,0,0,0
2024-03-09,MUFFINS,Blue Stru,0,4,4,2,0,2,0,0,0,0,0,0,0,0
2024-03-09,MUFFINS,Capp Choc,0,4,4,2,0,2,0,0,0,0,0,0,0,0
2024-03-09,MUFFINS,Lemon Popp,0,4,4,2,0,2,0,0,0,0,0,0,0,0
2024-03-09,COOKIES/BARS,oat cc,0,24,24,20,1,3,0,0,24,24,0,0,0,0
2024-03-09,COOKIES/BARS,triple cc,11,12,23,4,1,18,0,0,24,24,0,0,0,0
2024-03-09,COOKIES/BARS,Snicker,8,12,20,13,1,6,0,0,24,24,0,0,0,0
2024-03-09,COOKIES/BARS,Frosted,6,6,12,0,0,6,6,0,0,0,0,0,0,0
2024-03-09,COOKIES/BARS,Brownie,20,0,20,3,0,6,11,0,0,0,0,0,0,0
2024-03-09,COOKIES/BARS,Lemon Bars,17,0,17,6,0,0,11,0,0,0,0,0,0,0
2024-03-09,COOKIES/BARS,Totals,0,153,215,130,3,54,28,0,72,72,0,0,0,0
2024-03-10,BREAD,H,0,0,0,0,0,0,0,0,0,0,0,0,0,0
2024-03-10,BREAD,FR,0,0,0,0,0,0,0,0,0,0,0,0,0,0
2024-03-10,BREAD,GW,0,0,0,0,0,0,0,0,0,0,0,0,0,0
2024-03-10,BREAD,DK,0,0,0,0,0,0,0,0,0,0,0,0,0,0
2024-03-10,BREAD,H5,0,0,0,0,0,0,0,0,0,0,0,0,0,0
2024-03-10,BREAD,CSWRL,0,0,0,0,0,0,0,0,0,0,0,0,0,0
2024-03-10,BREAD,VA SWRL,0,0,0,0,0,0,0,0,0,0,0,0,0,0
2024-03-10,BREAD,CnE,0,0,0,0,0,0,0,0,0,0,0,0,0,0
2024-03-10,BREAD,CnR,0,0,0,0,0,0,0,0,0,0,0,0,0,0
2024-03-10,BREAD,RW,0,0,0,0,0,0,0,0,0,0,0,0,0,0
2024-03-10,BREAD,Monkey,0,0,0,0,0,0,0,0,0,0,0,0,0,0
2024-03-10,BREAD,BUNNY,0,0,0,0,0,0,0,0,0,0,0,0,0,0
2024-03-10,BREAD,ISB,0,0,0,0,0,0,0,0,0,0,0,0,0,0
2024-03-10,BREAD,G & S,0,0,0,0,0,0,0,0,0,0,0,0,0,0
2024-03-10,BREAD,CG,0,0,0,0,0,0,0,0,0,0,0,0,0,0
2024-03-10,BREAD,Pest,0,0,0,0,0,0,0,0,0,0,0,0,0,0
2024-03-10,BREAD,jal,0,0,0,0,0,0,0,0,0,0,0,0,0,0
2024-03-10,BREAD,Cheetah,0,0,0,0,0,0,0,0,0,0,0,0,0,0
2024-03-10,BREAD,VS,0,0,0,0,0,0,0,0,0,0,0,0,0,0
2024-03-10,BREAD,sour-TL,0,0,0,0,0,0,0,0,0,0,0,0,0,0
2024-03-10,BREAD,OB,0,0,0,0,0,0,0,0,0,0,0,0,0,0
2024-03-10,BREAD,Pepp Roll,0,0,0,0,0,0,0,0,0,0,0,0,0,0
2024-03-10,BREAD,VS Pep Rl,0,0,0,0,0,0,0,0,0,0,0,0,0,0
2024-03-10,BREAD,CAR,0,0,0,0,0,0,0,0,0,0,0,0,0,0
2024-03-10,BREAD,IHF,6,0,6,0,0,0,6,0,0,0,0,0,0,0
2024-03-10,BREAD,HCB,0,0,0,0,0,0,0,0,0,0,0,0,0,0
2024-03-10,BREAD,But-Rls,0,0,0,0,0,0,0,0,0,0,0,0,0,0
2024-03-10,BREAD,Pastels,0,0,0,0,0,0,0,0,0,0,0,0,0,0
2024-03-10,BREAD,H-RLS,0,0,0,0,0,0,0,0,0,0,0,0,0,0
2024-03-10,BREAD,FR-RLS,0,0,0,0,0,0,0,0,0,0,0,0,0,0
2024-03-10,BREAD,VS-RLS,0,0,0,0,0,0,0,0,0,0,0,0,0,0
2024-03-10,BREAD,TEA CAKES,0,0,0,0,0,0,0,0,0,0,0,0,0,0
2024-03-10,BREAD,Blue Stru,0,0,0,0,0,0,0,0,0,0,0,0,0,0
2024-03-10,BREAD,Capp Choc,0,0,0,0,0,0,0,0,0,0,0,0,0,0
2024-03-10,BREAD,Lemon Popp,0,0,0,0,0,0,0,0,0,0,0,0,0,0
2024-03-10,ROLLS,C-Rolls,0,0,0,0,0,0,0,0,0,0,0,0,0,0
2024-03-10,ROLLS,mini C-R,0,0,0,0,0,0,0,0,0,0,0,0,0,0
2024-03-10,SCONES,Blueberry,0,0,0,0,0,0,0,0,0,0,0,0,0,0
2024-03-10,SCONES,Mixed Berry,0,0,0,0,0,0,0,0,0,0,0,0,0,0
2024-03-10,SCONES,Cherry,0,0,0,0,0,0,0,0,0,0,0,0,0,0
2024-03-10,SCONES,Butt Almond,0,0,0,0,0,0,0,0,0,0,0,0,0,0
2024-03-10,SCONES,Turtle,0,0,0,0,0,0,0,0,0,0,0,0,0,0
2024-03-10,SCONES,Cin Chip,0,0,0,0,0,0,0,0,0,0,0,0,0,0
2024-03-10,SCONES,Blarney,0,0,0,0,0,0,0,0,0,0,0,0,0,0
2024-03-10,SCONES,FRUIT BAR,0,0,0,0,0,0,0,0,0,0,0,0,0,0
2024-03-10,SCONES,Triple berry,0,0,0,0,0,0,0,0,0,0,0,0,0,0
2024-03-10,SCONES,cherry,0,0,0,0,0,0,0,0,0,0,0,0,0,0
2024-03-10,SCONES,apple cin,0,0,0,0,0,0,0,0,0,0,0,0,0,0
2024-03-10,SCONES,Straw Blue,0,0,0,0,0,0,0,0,0,0,0,0,0,0
2024-03-10,MUFFINS,Blue Stru,0,0,0,0,0,0,0,0,0,0,0,0,0,0
2024-03-10,MUFFINS,Capp Choc,0,0,0,0,0,0,0,0,0,0,0,0,0,0
2024-03-10,MUFFINS,Lemon Popp,0,0,0,0,0,0,0,0,0,0,0,0,0,0
2024-03-10,COOKIES/BARS,oat cc,0,0,0,0,0,0,0,0,0,0,0,0,0,0
2024-03-10,COOKIES/BARS,triple cc,0,0,0,0,0,0,0,0,0,0,0,0,0,0
2024-03-10,COOKIES/BARS,Snicker,0,0,0,0,0,0,0,0,0,0,0,0,0,0
2024-03-10,COOKIES/BARS,Frosted,6,0,6,0,0,0,6,0,0,0,0,0,0,0
2024-03-10,COOKIES/BARS,Brownie,11,0,11,0,0,0,11,0,0,0,0,0,0,0
2024-03-10,COOKIES/BARS,Lemon Bars,11,0,11,0,0,0,11,0,0,0,0,0,0,0
2024-03-10,COOKIES/BARS,Totals,28,0,28,0,0,0,28,0,0,0,0,0,0,0
2024-03-11,BREAD,H,0,23,23,10,0,0,13,0,0,0,0,0,0,0
2024-03-11,BREAD,FR,0,34,34,28,0,0,6,0,0,0,0,0,0,0
2024-03-11,BREAD,GW,0,4,4,1,0,0,3,0,0,0,0,0,0,0
2024-03-11,BREAD,DK,0,12,12,4,0,0,8,0,0,0,0,0,0,0
2024-03-11,BREAD,H5,0,0,0,0,0,0,0,0,0,0,0,0,0,0
2024-03-11,BREAD,CSWRL,0,16,16,15,0,0,1,0,6,6,5,0,0,1
2024-03-11,BREAD,VA SWRL,0,8,8,3,0,0,5,0,4,4,3,0,0,1
2024-03-11,BREAD,CnE,0,7,7,2,0,0,5,0,2,2,1,0,0,1
2024-03-11,BREAD,CnR,0,3,3,1,0,0,2,0,0,0,0,0,0,0
2024-03-11,BREAD,RW,0,3,3,3,0,0,0,0,0,0,0,0,0,0
2024-03-11,BREAD,Monkey,0,3,3,3,0,0,0,0,0,0,0,0,0,0
2024-03-11,BREAD,BUNNY,0,0,0,0,0,0,0,0,0,0,0,0,0,0
2024-03-11,BREAD,ISB,0,0,0,0,0,0,0,0,0,0,0,0,0,0
2024-03-11,BREAD,G & S,0,0,0,0,0,0,0,0,0,0,0,0,0,0
2024-03-11,BREAD,CG,0,4,4,3,0,0,1,0,3,3,2,0,0,1
2024-03-11,BREAD,Pest,0,3,3,0,0,0,3,0,0,0,0,0,0,0
2024-03-11,BREAD,jal,0,3,3,0,0,0,3,0,0,0,0,0,0,0
2024-03-11,BREAD,Cheetah,0,3,3,1,0,0,2,0,0,0,0,0,0,0
2024-03-11,BREAD,VS,0,0,0,0,0,0,0,0,0,0,0,0,0,0
2024-03-11,BREAD,sour-TL,0,21,21,9,0,0,12,0,0,0,0,0,0,0
2024-03-11,BREAD,OB,0,3,3,2,0,0,1,0,0,0,0,0,0,0
2024-03-11,BREAD,Pepp Roll,0,6,6,6,0,0,0,0,0,0,0,0,0,0
2024-03-11,BREAD,VS Pep Rl,0,0,0,0,0,0,0,0,0,0,0,0,0,0
2024-03-11,BREAD,CAR,0,24,24,0,12,0,12,0,0,0,0,0,0,0
2024-03-11,BREAD,IHF,6,0,6,3,0,0,3,0,0,0,0,0,0,0
2024-03-11,BREAD,HCB,0,0,0,0,0,0,0,0,0,0,0,0,0,0
2024-03-11,BREAD,But-Rls,0,0,0,0,0,0,0,0,0,0,0,0,0,0
2024-03-11,BREAD,Pastels,0,0,0,0,0,0,0,0,0,0,0,0,0,0
2024-03-11,BREAD,H-RLS,0,3,3,0,0,0,3,0,0,0,0,0,0,0
2024-03-11,BREAD,FR-RLS,0,3,3,0,0,0,3,0,0,0,0,0,0,0
2024-03-11,BREAD,VS-RLS,0,0,0,0,0,0,0,0,0,0,0,0,0,0
2024-03-11,BREAD,TEA CAKES,0,0,0,0,0,0,0,0,0,0,0,0,0,0
2024-03-11,BREAD,Blue Stru,0,4,4,1,1,0,2,0,0,0,0,0,0,0
2024-03-11,BREAD,Capp Choc,0,3,3,2,0,0,1,0,0,0,0,0,0,0
2024-03-11,BREAD,Lemon Popp,0,3,3,1,0,0,2,0,0,0,0,0,0,0
2024-03-11,ROLLS,C-Rolls,0,24,24,20,4,0,0,0,0,0,0,0,0,0
2024-03-11,ROLLS,mini C-R,0,0,0,0,0,0,0,0,0,0,0,0,0,0
2024-03-11,SCONES,Blueberry,0,0,0,0,0,0,0,0,0,0,0,0,0,0
2024-03-11,SCONES,Mixed Berry,0,8,8,8,0,0,0,0,0,0,0,0,0,0
2024-03-11,SCONES,Cherry,0,0,0,0,0,0,0,0,0,0,0,0,0,0
2024-03-11,SCONES,Butt Almond,0,0,0,0,0,0,0,0,0,0,0,0,0,0
2024-03-11,SCONES,Turtle,0,0,0,0,0,0,0,0,0,0,0,0,0,0
2024-03-11,SCONES,Cin Chip,0,8,8,3,0,5,0,0,0,0,0,0,0,0
2024-03-11,SCONES,Blarney,0,8,8,8,0,0,0,0,0,0,0,0,0,0
2024-03-11,SCONES,FRUIT BAR,0,0,0,0,0,0,0,0,0,0,0,0,0,0
2024-03-11,SCONES,Triple berry,0,5,5,5,0,0,0,0,0,0,0,0,0,0
2024-03-11,SCONES,cherry,0,5,5,5,0,0,0,0,0,0,0,0,0,0
2024-03-11,SCONES,apple cin,0,0,0,0,0,0,0,0,0,0,0,0,0,0
2024-03-11,SCONES,Straw Blue,0,0,0,0,0,0,0,0,0,0,0,0,0,0
2024-03-11,MUFFINS,Blue Stru,0,3,3,3,0,0,0,0,0,0,0,0,0,0
2024-03-11,MUFFINS,Capp Choc,0,3,3,3,0,0,0,0,0,0,0,0,0,0
2024-03-11,MUFFINS,Lemon Popp,0,3,3,3,0,0,0,0,0,0,0,0,0,0
2024-03-11,COOKIES/BARS,oat cc,0,30,30,21,0,0,9,0,0,0,0,0,0,0
2024-03-11,COOKIES/BARS,triple cc,0,30,30,12,0,0,18,0,0,0,0,0,0,0
2024-03-11,COOKIES/BARS,Snicker,0,30,30,19,0,0,11,0,0,0,0,0,0,0
2024-03-11,COOKIES/BARS,Frosted,6,6,12,6,0,2,4,0,0,0,0,0,0,0
2024-03-11,COOKIES/BARS,Brownie,11,0,11,-8,0,0,19,0,0,0,0,0,0,0
2024-03-11,COOKIES/BARS,Lemon Bars,11,0,11,0,0,0,11,0,0,0,0,0,0,0
2024-03-11,COOKIES/BARS,lemon ohh,0,0,0,-2,0,0,2,0,0,0,-1,0,0,1
2024-03-11,COOKIES/BARS,Totals,0,163,191,106,4,7,74,0,0,0,-1,0,0,1
2024-03-12,BREAD,H,13,18,31,16,3,0,12,0,0,0,0,0,0,0
2024-03-12,BREAD,FR,6,18,24,12,0,0,12,0,0,0,0,0,0,0
2024-03-12,BREAD,GW,3,2,5,2,0,1,2,0,0,0,0,0,0,0
2024-03-12,BREAD,DK,8,0,8,-2,0,0,10,0,0,0,0,0,0,0
2024-03-12,BREAD,H5,0,12,12,12,0,0,0,0,0,0,0,0,0,0
2024-03-12,BREAD,CSWRL,1,16,17,9,0,0,8,1,7,8,5,0,0,3
2024-03-12,BREAD,VA SWRL,5,0,5,2,0,3,0,1,0,1,0,0,0,0
2024-03-12,BREAD,CnE,5,9,14,6,0,0,8,1,4,5,3,0,0,2
2024-03-12,BREAD,CnR,2,0,2,2,0,0,0,0,0,0,0,0,0,0
2024-03-12,BREAD,RW,0,3,3,3,0,0,0,0,0,0,0,0,0,0
2024-03-12,BREAD,Monkey,0,3,3,2,0,0,1,0,0,0,0,0,0,0
2024-03-12,BREAD,BUNNY,0,0,0,0,0,0,0,0,0,0,0,0,0,0
2024-03-12,BREAD,ISB,0,15,15,12,1,0,2,0,5,5,4,0,0,0
2024-03-12,BREAD,G & S,0,0,0,0,0,0,0,0,0,0,0,0,0,0
2024-03-12,BREAD,CG,1,0,1,1,0,0,0,1,0,1,0,0,0,0
2024-03-12,BREAD,Pest,3,0,3,2,0,1,0,0,0,0,0,0,0,0
2024-03-12,BREAD,jal,3,0,3,2,0,1,0,0,0,0,0,0,0,0
2024-03-12,BREAD,Cheetah,2,0,2,1,0,1,0,0,0,0,0,0,0,0
2024-03-12,BREAD,VS,0,7,7,3,0,0,4,0,2,2,0,0,0,2
2024-03-12,BREAD,sour-TL,12,0,12,7,0,0,5,0,0,0,0,0,0,0
2024-03-12,BREAD,OB,1,0,1,0,0,0,1,0,0,0,0,0,0,0
2024-03-12,BREAD,Pepp Roll,0,4,4,4,0,0,0,0,0,0,0,0,0,0
2024-03-12,BREAD,VS Pep Rl,0,6,6,6,0,0,0,0,0,0,0,0,0,0
2024-03-12,BREAD,CAR,12,0,12,2,0,0,10,0,0,0,0,0,0,0
2024-03-12,BREAD,IHF,3,32,35,22,0,0,13,0,0,0,0,0,0,0
2024-03-12,BREAD,HCB,0,16,16,5,0,0,11,0,0,0,0,0,0,0
2024-03-12,BREAD,But-Rls,0,0,0,0,0,0,0,0,0,0,0,0,0,0
2024-03-12,BREAD,Pastels,0,0,0,0,0,0,0,0,0,0,0,0,0,0
2024-03-12,BREAD,H-RLS,3,0,3,3,0,0,0,0,0,0,0,0,0,0
2024-03-12,BREAD,FR-RLS,3,0,3,3,0,0,0,0,0,0,0,0,0,0
2024-03-12,BREAD,VS-RLS,0,3,3,1,0,0,2,0,0,0,0,0,0,0
2024-03-12,BREAD,TEA CAKES,0,0,0,0,0,0,0,0,0,0,0,0,0,0
2024-03-12,BREAD,Blue Stru,2,2,4,2,0,0,2,0,0,0,0,0,0,0
2024-03-12,BREAD,Capp Choc,1,3,4,1,0,0,3,0,0,0,0,0,0,0
2024-03-12,BREAD,Lemon Popp,2,2,4,1,0,1,2,0,0,0,0,0,0,0
2024-03-12,ROLLS,C-Rolls,0,24,24,24,0,0,0,0,0,0,0,0,0,0
2024-03-12,ROLLS,mini C-R,0,0,0,0,0,0,0,0,0,0,0,0,0,0
2024-03-12,SCONES,Blueberry,0,10,10,10,0,0,0,0,0,0,0,0,0,0
2024-03-12,SCONES,Mixed Berry,0,0,0,0,0,0,0,0,0,0,0,0,0,0
2024-03-12,SCONES,Cherry,0,0,0,0,0,0,0,0,0,0,0,0,0,0
2024-03-12,SCONES,Butt Almond,0,0,0,0,0,0,0,0,0,0,0,0,0,0
2024-03-12,SCONES,Turtle,0,0,0,0,0,0,0,0,0,0,0,0,0,0
2024-03-12,SCONES,Cin Chip,0,8,8,8,0,0,0,0,0,0,0,0,0,0
2024-03-12,SCONES,Blarney,0,10,10,10,0,0,0,0,0,0,0,0,0,0
2024-03-12,SCONES,FRUIT BAR,0,0,0,0,0,0,0,0,0,0,0,0,0,0
2024-03-12,SCONES,Triple berry,0,0,0,0,0,0,0,0,0,0,0,0,0,0
2024-03-12,SCONES,cherry,0,0,0,0,0,0,0,0,0,0,0,0,0,0
2024-03-12,SCONES,apple cin,0,5,5,5,0,0,0,0,0,0,0,0,0,0
2024-03-12,SCONES,Straw Blue,0,5,5,5,0,0,0,0,0,0,0,0,0,0
2024-03-12,MUFFINS,Blue Stru,0,3,3,3,0,0,0,0,0,0,0,0,0,0
2024-03-12,MUFFINS,Capp Choc,0,3,3,3,0,0,0,0,0,0,0,0,0,0
2024-03-12,MUFFINS,Lemon Popp,0,3,3,3,0,0,0,0,0,0,0,0,0,0
2024-03-12,COOKIES/BARS,oat cc,9,30,39,20,6,0,13,0,0,0,0,0,0,0
2024-03-12,COOKIES/BARS,triple cc,18,24,42,27,7,3,5,0,0,0,0,0,0,0
2024-03-12,COOKIES/BARS,Snicker,11,30,41,22,7,1,11,0,0,0,0,0,0,0
2024-03-12,COOKIES/BARS,Frosted,4,12,16,9,0,0,7,0,0,0,0,0,0,0
2024-03-12,COOKIES/BARS,Brownie,19,0,19,6,0,0,13,0,0,0,0,0,0,0
2024-03-12,COOKIES/BARS,Lemon Bars,11,15,26,6,0,0,20,0,0,0,0,0,0,0
2024-03-12,COOKIES/BARS,Totals,0,182,256,163,20,4,69,1,0,1,1,0,0,0
2024-03-13,BREAD,H,12,16,28,14,0,0,14,0,0,0,0,0,0,0
2024-03-13,BREAD,FR,12,9,21,15,0,1,5,0,0,0,0,0,0,0
2024-03-13,BREAD,GW,2,2,4,2,0,0,2,0,0,0,0,0,0,0
2024-03-13,BREAD,DK,10,13,23,13,0,0,10,0,0,0,0,0,0,0
2024-03-13,BREAD,H5,0,0,0,-7,0,0,7,0,0,0,0,0,0,0
2024-03-13,BREAD,CSWRL,8,9,17,6,0,3,8,3,3,6,2,0,0,3
2024-03-13,BREAD,VA SWRL,0,8,8,0,0,0,8,0,5,5,1,0,0,4
2024-03-13,BREAD,CnE,8,0,8,7,0,0,1,2,2,4,2,0,0,2
2024-03-13,BREAD,CnR,0,11,11,1,8,0,2,0,0,0,0,0,0,0
2024-03-13,BREAD,RW,0,2,2,1,0,0,1,0,0,0,0,0,0,0
2024-03-13,BREAD,Monkey,1,3,4,2,0,0,2,0,0,0,0,0,0,0
2024-03-13,BREAD,BUNNY,0,0,0,0,0,0,0,0,0,0,0,0,0,0
2024-03-13,BREAD,ISB,2,15,17,6,0,0,11,0,5,5,3,0,0,2
2024-03-13,BREAD,G & S,0,11,11,8,1,0,2,0,5,5,3,0,0,2
2024-03-13,BREAD,CG,0,5,5,3,0,0,2,0,2,2,0,0,0,2
2024-03-13,BREAD,Pest,0,3,3,2,0,0,1,0,0,0,0,0,0,0
2024-03-13,BREAD,jal,0,3,3,3,0,0,0,0,0,0,0,0,0,0
2024-03-13,BREAD,Cheetah,0,2,2,0,0,0,2,0,0,0,0,0,0,0
2024-03-13,BREAD,VS,4,0,4,4,0,0,0,2,0,2,1,0,0,0
2024-03-13,BREAD,sour-TL,5,21,26,9,7,0,10,0,0,0,0,0,0,0
2024-03-13,BREAD,OB,1,3,4,4,0,0,0,0,0,0,0,0,0,0
2024-03-13,BREAD,Pepp Roll,0,6,6,2,0,0,4,0,0,0,0,0,0,0
2024-03-13,BREAD,VS Pep Rl,0,0,0,0,0,0,0,0,0,0,0,0,0,0
2024-03-13,BREAD,CAR,10,0,10,-8,0,0,18,0,0,0,0,0,0,0
2024-03-13,BREAD,IHF,13,0,13,3,0,0,10,0,0,0,0,0,0,0
2024-03-13,BREAD,HCB,11,0,11,1,0,10,0,0,0,0,0,0,0,0
2024-03-13,BREAD,But-Rls,0,0,0,0,0,0,0,0,0,0,0,0,0,0
2024-03-13,BREAD,Pastels,0,0,0,0,0,0,0,0,0,0,0,0,0,0
2024-03-13,BREAD,H-RLS,0,3,3,1,0,0,2,0,0,0,0,0,0,0
2024-03-13,BREAD,FR-RLS,0,3,3,1,0,0,2,0,0,0,0,0,0,0
2024-03-13,BREAD,VS-RLS,2,0,2,2,0,0,0,0,0,0,0,0,0,0
2024-03-13,BREAD,TEA CAKES,0,0,0,0,0,0,0,0,0,0,0,0,0,0
2024-03-13,BREAD,Blue Stru,2,2,4,3,1,0,0,0,0,0,0,0,0,0
2024-03-13,BREAD,Capp Choc,3,0,3,3,0,0,0,0,0,0,0,0,0,0
2024-03-13,BREAD,Lemon Popp,2,2,4,2,0,0,2,0,0,0,0,0,0,0
2024-03-13,ROLLS,C-Rolls,0,24,24,20,0,4,0,0,0,0,0,0,0,0
2024-03-13,ROLLS,mini C-R,0,0,0,0,0,0,0,0,0,0,0,0,0,0
2024-03-13,SCONES,Blueberry,0,0,0,0,0,0,0,0,0,0,0,0,0,0
2024-03-13,SCONES,Mixed Berry,0,12,12,7,0,5,0,0,2,2,0,0,0,0
2024-03-13,SCONES,Cherry,0,0,0,0,0,0,0,0,0,0,0,0,0,0
2024-03-13,SCONES,Butt Almond,0,0,0,0,0,0,0,0,0,0,0,0,0,0
2024-03-13,SCONES,Turtle,0,12,12,10,0,2,0,0,2,2,0,0,0,0
2024-03-13,SCONES,Cin Chip,0,0,0,0,0,0,0,0,0,0,0,0,0,0
2024-03-13,SCONES,Blarney,0,8,8,2,0,6,0,0,0,0,0,0,0,0
2024-03-13,SCONES,FRUIT BAR,0,0,0,0,0,0,0,0,0,0,0,0,0,0
2024-03-13,SCONES,Triple berry,0,5,5,3,1,1,0,0,0,0,0,0,0,0
2024-03-13,SCONES,cherry,0,5,5,2,1,2,0,0,0,0,0,0,0,0
2024-03-13,SCONES,apple cin,0,0,0,0,0,0,0,0,0,0,0,0,0,0
2024-03-13,SCONES,Straw Blue,0,0,0,0,0,0,0,0,0,0,0,0,0,0
2024-03-13,MUFFINS,Blue Stru,0,4,4,4,0,0,0,0,0,0,0,0,0,0
2024-03-13,MUFFINS,Capp Choc,0,4,4,3,0,1,0,0,2,2,0,0,0,0
2024-03-13,MUFFINS,Lemon Popp,0,4,4,0,0,4,0,0,2,2,0,0,0,0
2024-03-13,COOKIES/BARS,oat cc,13,24,37,6,6,7,18,0,0,0,0,0,0,0
2024-03-13,COOKIES/BARS,triple cc,5,36,41,28,6,0,7,0,0,0,0,0,0,0
2024-03-13,COOKIES/BARS,Snicker,11,30,41,8,7,3,23,0,0,0,0,0,0,0
2024-03-13,COOKIES/BARS,Frosted,7,6,13,6,0,0,7,0,0,0,0,0,0,0
2024-03-13,COOKIES/BARS,Brownie,13,0,13,6,0,0,7,0,0,0,0,0,0,0
2024-03-13,COOKIES/BARS,Lemon Bars,20,0,20,3,0,4,13,0,0,0,0,0,0,0
2024-03-13,COOKIES/BARS,Totals,0,174,243,108,21,39,75,0,8,8,0,0,0,0
2024-03-14,BREAD,H,14,12,26,20,0,0,6,0,0,0,0,0,0,0
2024-03-14,BREAD,FR,5,62,67,14,40,0,13,0,0,0,0,0,0,0
2024-03-14,BREAD,GW,2,5,7,3,0,0,4,0,0,0,0,0,0,0
2024-03-14,BREAD,DK,10,0,10,5,0,0,5,0,0,0,0,0,0,0
2024-03-14,BREAD,H5,7,12,19,11,0,0,8,0,0,0,0,0,0,0
2024-03-14,BREAD,CSWRL,8,8,16,10,0,0,6,3,3,6,3,0,0,3
2024-03-14,BREAD,VA SWRL,8,0,8,4,0,4,0,4,0,4,2,0,0,0
2024-03-14,BREAD,CnE,1,0,1,1,0,0,0,2,0,2,2,0,0,0
2024-03-14,BREAD,CnR,2,0,2,1,1,0,0,0,0,0,0,0,0,0
2024-03-14,BREAD,RW,1,0,1,1,0,0,0,0,0,0,0,0,0,0
2024-03-14,BREAD,Monkey,2,0,2,2,0,0,0,0,0,0,0,0,0,0
2024-03-14,BREAD,BUNNY,0,0,0,0,0,0,0,0,0,0,0,0,0,0
2024-03-14,BREAD,ISB,11,12,23,8,2,1,12,2,4,6,5,0,0,1
2024-03-14,BREAD,G & S,2,18,20,0,0,2,18,2,5,7,3,0,0,4
2024-03-14,BREAD,CG,2,0,2,1,0,1,0,2,0,2,1,0,0,0
2024-03-14,BREAD,Pest,1,0,1,0,0,1,0,0,0,0,0,0,0,0
2024-03-14,BREAD,jal,0,0,0,0,0,0,0,0,0,0,0,0,0,0
2024-03-14,BREAD,Cheetah,2,0,2,2,0,0,0,0,0,0,0,0,0,0
2024-03-14,BREAD,VS,0,8,8,2,0,0,6,0,4,4,1,0,0,3
2024-03-14,BREAD,sour-TL,10,0,10,10,0,0,0,0,0,0,0,0,0,0
2024-03-14,BREAD,OB,0,0,0,0,0,0,0,0,0,0,0,0,0,0
2024-03-14,BREAD,Pepp Roll,4,0,4,2,0,2,0,0,0,0,0,0,0,0
2024-03-14,BREAD,VS Pep Rl,0,9,9,1,0,0,8,0,0,0,0,0,0,0
2024-03-14,BREAD,CAR,18,0,18,16,0,0,2,0,0,0,0,0,0,0
2024-03-14,BREAD,IHF,10,0,10,1,0,0,9,0,0,0,0,0,0,0
2024-03-14,BREAD,HCB,0,0,0,0,0,0,0,0,0,0,0,0,0,0
2024-03-14,BREAD,But-Rls,0,9,9,3,0,0,6,0,0,0,0,0,0,0
2024-03-14,BREAD,Pastels,0,12,12,0,0,0,12,0,0,0,0,0,0,0
2024-03-14,BREAD,H-RLS,2,0,2,1,0,1,0,0,0,0,0,0,0,0
2024-03-14,BREAD,FR-RLS,2,0,2,0,0,2,0,0,0,0,0,0,0,0
2024-03-14,BREAD,VS-RLS,0,5,5,1,0,0,4,0,0,0,0,0,0,0
2024-03-14,BREAD,TEA CAKES,0,0,0,0,0,0,0,0,0,0,0,0,0,0
2024-03-14,BREAD,Blue Stru,0,6,6,4,0,0,2,0,0,0,0,0,0,0
2024-03-14,BREAD,Capp Choc,0,5,5,2,0,0,3,0,0,0,0,0,0,0
2024-03-14,BREAD,Lemon Popp,2,3,5,2,0,1,2,0,0,0,0,0,0,0
2024-03-14,ROLLS,C-Rolls,0,36,36,26,10,0,0,0,0,0,0,0,0,0
2024-03-14,ROLLS,mini C-R,0,0,0,0,0,0,0,0,0,0,0,0,0,0
2024-03-14,SCONES,Blueberry,0,12,12,12,0,0,0,0,0,0,0,0,0,0
2024-03-14,SCONES,Mixed Berry,0,0,0,0,0,0,0,0,0,0,0,0,0,0
2024-03-14,SCONES,Cherry,0,0,0,0,0,0,0,0,0,0,0,0,0,0
2024-03-14,SCONES,Butt Almond,0,0,0,0,0,0,0,0,0,0,0,0,0,0
2024-03-14,SCONES,Turtle,0,16,16,10,6,0,0,0,0,0,0,0,0,0
2024-03-14,SCONES,Cin Chip,0,0,0,0,0,0,0,0,0,0,0,0,0,0
2024-03-14,SCONES,Blarney,0,8,8,8,0,0,0,0,0,0,0,0,0,0
2024-03-14,SCONES,FRUIT BAR,0,0,0,0,0,0,0,0,0,0,0,0,0,0
2024-03-14,SCONES,Triple berry,0,0,0,0,0,0,0,0,0,0,0,0,0,0
2024-03-14,SCONES,cherry,0,0,0,0,0,0,0,0,0,0,0,0,0,0
2024-03-14,SCONES,apple cin,0,5,5,5,0,0,0,0,0,0,0,0,0,0
2024-03-14,SCONES,Straw Blue,0,5,5,5,0,0,0,0,0,0,0,0,0,0
2024-03-14,MUFFINS,Blue Stru,0,5,5,5,0,0,0,0,0,0,0,0,0,0
2024-03-14,MUFFINS,Capp Choc,0,4,4,4,0,0,0,0,0,0,0,0,0,0
2024-03-14,MUFFINS,Lemon Popp,0,3,3,3,0,0,0,0,0,0,0,0,0,0
2024-03-14,COOKIES/BARS,oat cc,18,24,42,23,12,0,7,0,0,0,0,0,0,0
2024-03-14,COOKIES/BARS,triple cc,7,36,43,30,13,0,0,0,0,0,0,0,0,0
2024-03-14,COOKIES/BARS,Snicker,23,24,47,23,13,0,11,0,0,0,0,0,0,0
2024-03-14,COOKIES/BARS,Frosted,7,12,19,7,0,0,12,0,0,0,0,0,0,0
2024-03-14,COOKIES/BARS,Brownie,7,15,22,10,0,0,12,0,0,0,0,0,0,0
2024-03-14,COOKIES/BARS,Lemon Bars,13,15,28,-1,0,0,29,0,0,0,0,0,0,0
2024-03-14,COOKIES/BARS,Totals,0,220,295,170,54,0,71,0,0,0,0,0,0,0
2024-03-15,BREAD,H,6,24,30,13,5,0,12,0,0,0,0,0,0,0
2024-03-15,BREAD,FR,13,24,37,20,0,0,17,0,0,0,0,0,0,0
2024-03-15,BREAD,GW,4,4,8,5,0,0,3,0,0,0,0,0,0,0
2024-03-15,BREAD,DK,5,20,25,8,1,0,16,0,0,0,0,0,0,0
2024-03-15,BREAD,H5,8,0,8,6,0,0,2,0,0,0,0,0,0,0
2024-03-15,BREAD,CSWRL,6,12,18,17,1,0,0,3,3,6,6,0,0,0
2024-03-15,BREAD,VA SWRL,0,8,8,7,0,0,1,0,5,5,5,0,0,0
2024-03-15,BREAD,CnE,0,14,14,8,0,0,6,0,4,4,0,0,0,4
2024-03-15,BREAD,CnR,0,6,6,5,0,0,1,0,0,0,0,0,0,0
2024-03-15,BREAD,RW,0,6,6,3,0,0,3,0,0,0,0,0,0,0
2024-03-15,BREAD,Monkey,0,6,6,3,0,0,3,0,0,0,0,0,0,0
2024-03-15,BREAD,BUNNY,0,2,2,1,0,0,1,0,0,0,0,0,0,0
2024-03-15,BREAD,ISB,12,35,47,15,3,0,29,1,9,10,8,0,0,0
2024-03-15,BREAD,G & S,18,0,18,5,0,0,13,4,0,4,2,0,0,2
2024-03-15,BREAD,CG,0,5,5,3,0,0,2,0,4,4,3,0,0,0
2024-03-15,BREAD,Pest,0,4,4,0,0,0,4,0,0,0,0,0,0,0
2024-03-15,BREAD,jal,0,4,4,2,0,0,2,0,0,0,0,0,0,0
2024-03-15,BREAD,Cheetah,0,3,3,0,0,0,3,0,0,0,0,0,0,0
2024-03-15,BREAD,VS,6,0,6,3,0,0,3,3,0,3,2,0,0,1
2024-03-15,BREAD,sour-TL,0,20,20,4,0,0,16,0,0,0,0,0,0,0
2024-03-15,BREAD,OB,0,5,5,2,0,0,3,0,0,0,0,0,0,0
2024-03-15,BREAD,Pepp Roll,0,4,4,1,0,0,3,0,0,0,0,0,0,0
2024-03-15,BREAD,VS Pep Rl,8,0,8,3,0,0,5,0,0,0,0,0,0,0
2024-03-15,BREAD,CAR,2,0,2,2,0,0,0,0,0,0,0,0,0,0
2024-03-15,BREAD,IHF,9,0,9,9,0,0,0,0,0,0,0,0,0,0
2024-03-15,BREAD,HCB,0,0,0,0,0,0,0,0,0,0,0,0,0,0
2024-03-15,BREAD,But-Rls,6,0,6,3,0,0,3,0,0,0,0,0,0,0
2024-03-15,BREAD,Pastels,12,0,12,1,0,0,11,0,0,0,0,0,0,0
2024-03-15,BREAD,H-RLS,0,6,6,4,0,0,2,0,0,0,0,0,0,0
2024-03-15,BREAD,FR-RLS,0,0,0,0,0,0,0,0,0,0,0,0,0,0
2024-03-15,BREAD,VS-RLS,4,0,4,4,0,0,0,0,0,0,0,0,0,0
2024-03-15,BREAD,TEA CAKES,0,0,0,0,0,0,0,0,0,0,0,0,0,0
2024-03-15,BREAD,Blue Stru,2,3,5,5,0,0,0,0,0,0,0,0,0,0
2024-03-15,BREAD,Capp Choc,3,2,5,5,0,0,0,0,0,0,0,0,0,0
2024-03-15,BREAD,Lemon Popp,2,4,6,4,1,0,1,0,0,0,0,0,0,0
2024-03-15,ROLLS,C-Rolls,0,36,36,35,0,1,0,0,0,0,0,0,0,0
2024-03-15,ROLLS,mini C-R,0,24,24,0,0,0,24,0,0,0,0,0,0,0
2024-03-15,SCONES,Blueberry,0,0,0,0,0,0,0,0,0,0,0,0,0,0
2024-03-15,SCONES,Mixed Berry,0,0,0,0,0,0,0,0,0,0,0,0,0,0
2024-03-15,SCONES,Cherry,0,19,19,12,6,1,0,0,0,0,0,0,0,0
2024-03-15,SCONES,Butt Almond,0,20,20,13,6,1,0,0,2,2,0,0,0,0
2024-03-15,SCONES,Turtle,0,0,0,0,0,0,0,0,0,0,0,0,0,0
2024-03-15,SCONES,Cin Chip,0,0,0,0,0,0,0,0,0,0,0,0,0,0
2024-03-15,SCONES,Blarney,0,11,11,11,0,0,0,0,0,0,0,0,0,0
2024-03-15,SCONES,FRUIT BAR,0,0,0,0,0,0,0,0,0,0,0,0,0,0
2024-03-15,SCONES,Triple berry,0,5,5,4,1,0,0,0,0,0,0,0,0,0
2024-03-15,SCONES,cherry,0,5,5,3,1,1,0,0,0,0,0,0,0,0
2024-03-15,SCONES,apple cin,0,5,5,3,0,2,0,0,0,0,0,0,0,0
2024-03-15,SCONES,Straw Blue,0,5,5,3,0,2,0,0,0,0,0,0,0,0
2024-03-15,MUFFINS,Blue Stru,0,5,5,5,0,0,0,0,0,0,0,0,0,0
2024-03-15,MUFFINS,Capp Choc,0,5,5,2,0,3,0,0,1,1,0,0,0,0
2024-03-15,MUFFINS,Lemon Popp,0,5,5,4,0,1,0,0,1,1,0,0,0,0
2024-03-15,COOKIES/BARS,oat cc,7,30,37,23,7,0,7,0,2,2,0,0,0,0
2024-03-15,COOKIES/BARS,triple cc,0,36,36,8,1,0,27,0,2,2,0,0,0,0
2024-03-15,COOKIES/BARS,Snicker,11,24,35,25,1,3,6,0,4,4,0,0,0,0
2024-03-15,COOKIES/BARS,Frosted,12,6,18,5,0,0,13,0,0,0,0,0,0,0
2024-03-15,COOKIES/BARS,Brownie,12,15,27,5,2,0,20,0,0,0,0,0,0,0
2024-03-15,COOKIES/BARS,Lemon Bars,29,0,29,11,5,0,13,0,0,0,0,0,0,0
2024-03-15,COOKIES/BARS,pecan,0,0,0,-3,0,0,3,0,0,0,0,0,0,0
2024-03-15,COOKIES/BARS,Sug,0,11,11,6,0,0,5,0,0,0,0,0,0,0
2024-03-15,COOKIES/BARS,Str,0,0,0,-2,0,0,2,0,0,0,0,0,0,0
2024-03-15,COOKIES/BARS,str blu,0,0,0,-2,0,0,2,0,0,0,0,0,0,0
2024-03-15,COOKIES/BARS,Totals,0,256,327,167,30,15,115,0,23,23,4,0,0,7
2024-03-16,BREAD,H,12,0,12,11,0,1,0,0,0,0,0,0,0,0
2024-03-16,BREAD,FR,17,0,17,6,0,11,0,0,0,0,0,0,0,0
2024-03-16,BREAD,GW,3,0,3,2,0,1,0,0,0,0,0,0,0,0
2024-03-16,BREAD,DK,16,0,16,7,0,9,0,0,0,0,0,0,0,0
2024-03-16,BREAD,H5,2,0,2,2,0,0,0,0,0,0,0,0,0,0
2024-03-16,BREAD,CSWRL,0,16,16,15,0,1,0,0,5,5,5,0,0,0
2024-03-16,BREAD,VA SWRL,1,8,9,4,0,5,0,0,4,4,1,0,0,0
2024-03-16,BREAD,CnE,6,0,6,6,0,0,0,4,0,4,4,0,0,0
2024-03-16,BREAD,CnR,1,0,1,1,0,0,0,0,0,0,0,0,0,0
2024-03-16,BREAD,RW,3,0,3,3,0,0,0,0,0,0,0,0,0,0
2024-03-16,BREAD,Monkey,3,0,3,3,0,0,0,0,0,0,0,0,0,0
2024-03-16,BREAD,BUNNY,1,0,1,1,0,0,0,0,0,0,0,0,0,0
2024-03-16,BREAD,ISB,29,0,29,22,0,7,0,0,0,0,0,0,0,0
2024-03-16,BREAD,G & S,13,0,13,7,0,6,0,2,0,2,1,0,0,0
2024-03-16,BREAD,CG,2,0,2,1,0,1,0,0,0,0,0,0,0,0
2024-03-16,BREAD,Pest,4,0,4,4,0,0,0,0,0,0,0,0,0,0
2024-03-16,BREAD,jal,2,0,2,2,0,0,0,0,0,0,0,0,0,0
2024-03-16,BREAD,Cheetah,3,0,3,1,0,2,0,0,0,0,0,0,0,0
2024-03-16,BREAD,VS,3,0,3,1,0,2,0,1,0,1,1,0,0,0
2024-03-16,BREAD,sour-TL,16,0,16,7,0,9,0,0,0,0,0,0,0,0
2024-03-16,BREAD,OB,3,0,3,3,0,0,0,0,0,0,0,0,0,0
2024-03-16,BREAD,Pepp Roll,3,0,3,3,0,0,0,0,0,0,0,0,0,0
2024-03-16,BREAD,VS Pep Rl,5,0,5,5,0,0,0,0,0,0,0,0,0,0
2024-03-16,BREAD,CAR,0,0,0,0,0,0,0,0,0,0,0,0,0,0
2024-03-16,BREAD,IHF,0,0,0,0,0,0,0,0,0,0,0,0,0,0
2024-03-16,BREAD,HCB,0,0,0,0,0,0,0,0,0,0,0,0,0,0
2024-03-16,BREAD,But-Rls,3,0,3,3,0,0,0,0,0,0,0,0,0,0
2024-03-16,BREAD,Pastels,11,0,11,1,0,10,0,0,0,0,0,0,0,0
2024-03-16,BREAD,H-RLS,2,0,2,0,0,2,0,0,0,0,0,0,0,0
2024-03-16,BREAD,FR-RLS,0,0,0,0,0,0,0,0,0,0,0,0,0,0
2024-03-16,BREAD,VS-RLS,0,0,0,0,0,0,0,0,0,0,0,0,0,0
2024-03-16,BREAD,TEA CAKES,0,0,0,0,0,0,0,0,0,0,0,0,0,0
2024-03-16,BREAD,Blue Stru,0,4,4,4,0,0,0,0,0,0,0,0,0,0
2024-03-16,BREAD,Capp Choc,0,4,4,3,0,1,0,0,0,0,0,0,0,0
2024-03-16,BREAD,Lemon Popp,1,2,3,1,0,2,0,0,0,0,0,0,0,0
2024-03-16,ROLLS,C-Rolls,0,36,36,23,0,13,0,0,0,0,0,0,0,0
2024-03-16,ROLLS,mini C-R,24,0,0,-12,0,12,0,0,0,0,0,0,0,0
2024-03-16,SCONES,Blueberry,0,14,14,14,0,0,0,0,0,0,0,0,0,0
2024-03-16,SCONES,Mixed Berry,0,0,0,0,0,0,0,0,0,0,0,0,0,0
2024-03-16,SCONES,Cherry,0,0,0,0,0,0,0,0,0,0,0,0,0,0
2024-03-16,SCONES,Butt Almond,0,14,14,12,0,2,0,0,0,0,0,0,0,0
2024-03-16,SCONES,Turtle,0,0,0,0,0,0,0,0,0,0,0,0,0,0
2024-03-16,SCONES,Cin Chip,0,0,0,0,0,0,0,0,0,0,0,0,0,0
2024-03-16,SCONES,Blarney,0,7,7,6,0,1,0,0,0,0,0,0,0,0
2024-03-16,SCONES,FRUIT BAR,0,0,0,0,0,0,0,0,0,0,0,0,0,0
2024-03-16,SCONES,Triple berry,0,5,5,5,0,0,0,0,0,0,0,0,0,0
2024-03-16,SCONES,cherry,0,5,5,5,0,0,0,0,0,0,0,0,0,0
2024-03-16,SCONES,apple cin,0,5,5,3,0,2,0,0,0,0,0,0,0,0
2024-03-16,SCONES,Straw Blue,0,5,5,2,0,3,0,0,0,0,0,0,0,0
2024-03-16,MUFFINS,Blue Stru,0,4,4,3,0,1,0,0,0,0,0,0,0,0
2024-03-16,MUFFINS,Capp Choc,0,4,4,2,0,2,0,0,0,0,0,0,0,0
2024-03-16,MUFFINS,Lemon Popp,0,4,4,2,0,2,0,0,0,0,0,0,0,0
2024-03-16,COOKIES/BARS,oat cc,7,12,19,19,0,0,0,0,0,0,0,0,0,0
2024-03-16,COOKIES/BARS,triple cc,27,0,27,20,0,7,0,0,0,0,0,0,0,0
2024-03-16,COOKIES/BARS,Snicker,6,12,18,17,0,1,0,0,0,0,0,0,0,0
2024-03-16,COOKIES/BARS,Frosted,13,0,13,9,0,4,0,0,0,0,0,0,0,0
2024-03-16,COOKIES/BARS,Brownie,20,0,20,20,0,0,0,0,0,0,0,0,0,0
2024-03-16,COOKIES/BARS,Lemon Bars,13,0,13,2,0,5,6,0,0,0,0,0,0,0
2024-03-16,COOKIES/BARS,pecan,3,0,3,3,0,0,0,0,0,0,0,0,0,0
2024-03-16,COOKIES/BARS,Sug,5,0,5,5,0,0,0,0,0,0,0,0,0,0
2024-03-16,COOKIES/BARS,Str,2,0,2,2,0,0,0,0,0,0,0,0,0,0
2024-03-16,COOKIES/BARS,str blu,2,0,2,2,0,0,0,0,0,0,0,0,0,0
2024-03-16,COOKIES/BARS,Totals,0,127,218,157,0,55,6,7,0,7,7,0,0,0
2024-03-17,BREAD,H,0,0,0,0,0,0,0,0,0,0,0,0,0,0
2024-03-17,BREAD,FR,0,0,0,0,0,0,0,0,0,0,0,0,0,0
2024-03-17,BREAD,GW,0,0,0,0,0,0,0,0,0,0,0,0,0,0
2024-03-17,BREAD,DK,0,0,0,0,0,0,0,0,0,0,0,0,0,0
2024-03-17,BREAD,H5,0,0,0,0,0,0,0,0,0,0,0,0,0,0
2024-03-17,BREAD,CSWRL,0,0,0,0,0,0,0,0,0,0,0,0,0,0
2024-03-17,BREAD,VA SWRL,0,0,0,0,0,0,0,0,0,0,0,0,0,0
2024-03-17,BREAD,CnE,0,0,0,0,0,0,0,0,0,0,0,0,0,0
2024-03-17,BREAD,CnR,0,0,0,0,0,0,0,0,0,0,0,0,0,0
2024-03-17,BREAD,RW,0,0,0,0,0,0,0,0,0,0,0,0,0,0
2024-03-17,BREAD,Monkey,0,0,0,0,0,0,0,0,0,0,0,0,0,0
2024-03-17,BREAD,BUNNY,0,0,0,0,0,0,0,0,0,0,0,0,0,0
2024-03-17,BREAD,ISB,0,0,0,0,0,0,0,0,0,0,0,0,0,0
2024-03-17,BREAD,G & S,0,0,0,0,0,0,0,0,0,0,0,0,0,0
2024-03-17,BREAD,CG,0,0,0,0,0,0,0,0,0,0,0,0,0,0
2024-03-17,BREAD,Pest,0,0,0,0,0,0,0,0,0,0,0,0,0,0
2024-03-17,BREAD,jal,0,0,0,0,0,0,0,0,0,0,0,0,0,0
2024-03-17,BREAD,Cheetah,0,0,0,0,0,0,0,0,0,0,0,0,0,0
2024-03-17,BREAD,VS,0,0,0,0,0,0,0,0,0,0,0,0,0,0
2024-03-17,BREAD,sour-TL,0,0,0,0,0,0,0,0,0,0,0,0,0,0
2024-03-17,BREAD,OB,0,0,0,0,0,0,0,0,0,0,0,0,0,0
2024-03-17,BREAD,Pepp Roll,0,0,0,0,0,0,0,0,0,0,0,0,0,0
2024-03-17,BREAD,VS Pep Rl,0,0,0,0,0,0,0,0,0,0,0,0,0,0
2024-03-17,BREAD,CAR,0,0,0,0,0,0,0,0,0,0,0,0,0,0
2024-03-17,BREAD,IHF,0,0,0,0,0,0,0,0,0,0,0,0,0,0
2024-03-17,BREAD,HCB,0,0,0,0,0,0,0,0,0,0,0,0,0,0
2024-03-17,BREAD,But-Rls,0,0,0,0,0,0,0,0,0,0,0,0,0,0
2024-03-17,BREAD,Pastels,0,0,0,0,0,0,0,0,0,0,0,0,0,0
2024-03-17,BREAD,H-RLS,0,0,0,0,0,0,0,0,0,0,0,0,0,0
2024-03-17,BREAD,FR-RLS,0,0,0,0,0,0,0,0,0,0,0,0,0,0
2024-03-17,BREAD,VS-RLS,0,0,0,0,0,0,0,0,0,0,0,0,0,0
2024-03-17,BREAD,TEA CAKES,0,0,0,0,0,0,0,0,0,0,0,0,0,0
2024-03-17,BREAD,Blue Stru,0,0,0,0,0,0,0,0,0,0,0,0,0,0
2024-03-17,BREAD,Capp Choc,0,0,0,0,0,0,0,0,0,0,0,0,0,0
2024-03-17,BREAD,Lemon Popp,0,0,0,0,0,0,0,0,0,0,0,0,0,0
2024-03-17,ROLLS,C-Rolls,0,0,0,0,0,0,0,0,0,0,0,0,0,0
2024-03-17,ROLLS,mini C-R,0,0,0,0,0,0,0,0,0,0,0,0,0,0
2024-03-17,SCONES,Blueberry,0,0,0,0,0,0,0,0,0,0,0,0,0,0
2024-03-17,SCONES,Mixed Berry,0,0,0,0,0,0,0,0,0,0,0,0,0,0
2024-03-17,SCONES,Cherry,0,0,0,0,0,0,0,0,0,0,0,0,0,0
2024-03-17,SCONES,Butt Almond,0,0,0,0,0,0,0,0,0,0,0,0,0,0
2024-03-17,SCONES,Turtle,0,0,0,0,0,0,0,0,0,0,0,0,0,0
2024-03-17,SCONES,Cin Chip,0,0,0,0,0,0,0,0,0,0,0,0,0,0
2024-03-17,SCONES,Blarney,0,0,0,0,0,0,0,0,0,0,0,0,0,0
2024-03-17,SCONES,FRUIT BAR,0,0,0,0,0,0,0,0,0,0,0,0,0,0
2024-03-17,SCONES,Triple berry,0,0,0,0,0,0,0,0,0,0,0,0,0,0
2024-03-17,SCONES,cherry,0,0,0,0,0,0,0,0,0,0,0,0,0,0
2024-03-17,SCONES,apple cin,0,0,0,0,0,0,0,0,0,0,0,0,0,0
2024-03-17,SCONES,Straw Blue,0,0,0,0,0,0,0,0,0,0,0,0,0,0
2024-03-17,MUFFINS,Blue Stru,0,0,0,0,0,0,0,0,0,0,0,0,0,0
2024-03-17,MUFFINS,Capp Choc,0,0,0,0,0,0,0,0,0,0,0,0,0,0
2024-03-17,MUFFINS,Lemon Popp,0,0,0,0,0,0,0,0,0,0,0,0,0,0
2024-03-17,COOKIES/BARS,oat cc,0,0,0,0,0,0,0,0,0,0,0,0,0,0
2024-03-17,COOKIES/BARS,triple cc,0,0,0,0,0,0,0,0,0,0,0,0,0,0
2024-03-17,COOKIES/BARS,Snicker,0,0,0,0,0,0,0,0,0,0,0,0,0,0
2024-03-17,COOKIES/BARS,Frosted,0,0,0,0,0,0,0,0,0,0,0,0,0,0
2024-03-17,COOKIES/BARS,Brownie,0,0,0,0,0,0,0,0,0,0,0,0,0,0
2024-03-17,COOKIES/BARS,Lemon Bars,6,0,6,0,0,0,6,0,0,0,0,0,0,0
2024-03-17,COOKIES/BARS,Totals,6,0,6,0,0,0,6,0,0,0,0,0,0,0
2024-03-18,BREAD,H,0,36,36,11,11,0,14,0,0,0,0,0,0,0
2024-03-18,BREAD,FR,0,33,33,9,20,0,4,0,0,0,0,0,0,0
2024-03-18,BREAD,GW,0,0,0,0,0,0,0,0,0,0,0,0,0,0
2024-03-18,BREAD,DK,0,13,13,5,0,0,8,0,0,0,0,0,0,0
2024-03-18,BREAD,H5,0,0,0,0,0,0,0,0,0,0,0,0,0,0
2024-03-18,BREAD,CSWRL,0,17,17,13,0,0,4,0,6,6,6,0,0,0
2024-03-18,BREAD,VA SWRL,0,4,4,3,0,0,1,0,4,4,2,0,0,2
2024-03-18,BREAD,CnE,0,4,4,4,0,0,0,0,2,2,2,0,0,0
2024-03-18,BREAD,CnR,0,6,6,6,0,0,0,0,0,0,0,0,0,0
2024-03-18,BREAD,RW,0,3,3,2,0,0,1,0,0,0,0,0,0,0
2024-03-18,BREAD,Monkey,0,3,3,3,0,0,0,0,0,0,0,0,0,0
2024-03-18,BREAD,BUNNY,0,0,0,0,0,0,0,0,0,0,0,0,0,0
2024-03-18,BREAD,ISB,0,0,0,0,0,0,0,0,0,0,0,0,0,0
2024-03-18,BREAD,G & S,0,0,0,0,0,0,0,0,0,0,0,0,0,0
2024-03-18,BREAD,CG,0,3,3,2,0,0,1,0,4,4,0,0,0,4
2024-03-18,BREAD,Pest,0,3,3,0,0,0,3,0,0,0,0,0,0,0
2024-03-18,BREAD,jal,0,3,3,0,0,0,3,0,0,0,0,0,0,0
2024-03-18,BREAD,Cheetah,0,3,3,2,0,0,1,0,0,0,0,0,0,0
2024-03-18,BREAD,VS,0,0,0,0,0,0,0,0,0,0,0,0,0,0
2024-03-18,BREAD,sour-TL,0,20,20,9,7,0,4,0,0,0,0,0,0,0
2024-03-18,BREAD,OB,0,3,3,2,0,0,1,0,0,0,0,0,0,0
2024-03-18,BREAD,Pepp Roll,0,6,6,6,0,0,0,0,0,0,0,0,0,0
2024-03-18,BREAD,VS Pep Rl,0,0,0,0,0,0,0,0,0,0,0,0,0,0
2024-03-18,BREAD,CAR,0,0,0,-23,0,0,23,0,0,0,0,0,0,0
2024-03-18,BREAD,IHF,0,0,0,-3,0,0,3,0,0,0,0,0,0,0
2024-03-18,BREAD,HCB,0,0,0,0,0,0,0,0,0,0,0,0,0,0
2024-03-18,BREAD,But-Rls,0,0,0,0,0,0,0,0,0,0,0,0,0,0
2024-03-18,BREAD,Pastels,0,0,0,0,0,0,0,0,0,0,0,0,0,0
2024-03-18,BREAD,H-RLS,0,3,3,1,0,0,2,0,0,0,0,0,0,0
2024-03-18,BREAD,FR-RLS,0,3,3,3,0,0,0,0,0,0,0,0,0,0
2024-03-18,BREAD,VS-RLS,0,0,0,0,0,0,0,0,0,0,0,0,0,0
2024-03-18,BREAD,TEA CAKES,0,0,0,0,0,0,0,0,0,0,0,0,0,0
2024-03-18,BREAD,Blue Stru,0,4,4,0,0,0,4,0,0,0,0,0,0,0
2024-03-18,BREAD,Capp Choc,0,4,4,2,0,0,2,0,0,0,0,0,0,0
2024-03-18,BREAD,Lemon Popp,0,4,4,0,0,0,4,0,0,0,0,0,0,0
2024-03-18,ROLLS,C-Rolls,0,24,24,24,0,0,0,0,0,0,0,0,0,0
2024-03-18,ROLLS,mini C-R,0,48,48,-24,48,24,0,0,0,0,0,0,0,0
2024-03-18,SCONES,Blueberry,0,0,0,0,0,0,0,0,0,0,0,0,0,0
2024-03-18,SCONES,Mixed Berry,0,12,12,12,0,0,0,0,0,0,0,0,0,0
2024-03-18,SCONES,Cherry,0,0,0,0,0,0,0,0,0,0,0,0,0,0
2024-03-18,SCONES,Butt Almond,0,0,0,0,0,0,0,0,0,0,0,0,0,0
2024-03-18,SCONES,Turtle,0,0,0,0,0,0,0,0,0,0,0,0,0,0
2024-03-18,SCONES,Cin Chip,0,12,12,12,0,0,0,0,0,0,0,0,0,0
2024-03-18,SCONES,Blarney,0,0,0,0,0,0,0,0,0,0,0,0,0,0
2024-03-18,SCONES,FRUIT BAR,0,0,0,0,0,0,0,0,0,0,0,0,0,0
2024-03-18,SCONES,Triple berry,0,5,5,5,0,0,0,0,0,0,0,0,0,0
2024-03-18,SCONES,cherry,0,5,5,5,0,0,0,0,0,0,0,0,0,0
2024-03-18,SCONES,apple cin,0,0,0,0,0,0,0,0,0,0,0,0,0,0
2024-03-18,SCONES,Straw Blue,0,0,0,0,0,0,0,0,0,0,0,0,0,0
2024-03-18,MUFFINS,Blue Stru,0,3,3,3,0,0,0,0,0,0,0,0,0,0
2024-03-18,MUFFINS,Capp Choc,0,3,3,3,0,0,0,0,0,0,0,0,0,0
2024-03-18,MUFFINS,Lemon Popp,0,3,3,1,0,2,0,0,0,0,0,0,0,0
2024-03-18,COOKIES/BARS,oat cc,0,30,30,16,0,0,14,0,0,0,0,0,0,0
2024-03-18,COOKIES/BARS,triple cc,0,30,30,24,0,0,6,0,0,0,0,0,0,0
2024-03-18,COOKIES/BARS,Snicker,0,28,28,22,0,0,6,0,0,0,0,0,0,0
2024-03-18,COOKIES/BARS,Frosted,0,12,12,7,0,0,5,0,0,0,0,0,0,0
2024-03-18,COOKIES/BARS,Brownie,0,15,15,8,0,0,7,0,0,0,0,0,0,0
2024-03-18,COOKIES/BARS,Lemon Bars,6,15,21,17,0,0,4,0,0,0,0,0,0,0
2024-03-18,COOKIES/BARS,Totals,0,245,251,135,48,26,42,0,0,0,0,0,0,0
2024-03-19,BREAD,H,14,18,32,20,0,0,12,0,0,0,0,0,0,0
2024-03-19,BREAD,FR,4,16,20,11,0,0,9,0,0,0,0,0,0,0
2024-03-19,BREAD,GW,0,2,2,2,0,0,0,0,0,0,0,0,0,0
2024-03-19,BREAD,DK,8,0,8,3,0,0,5,0,0,0,0,0,0,0
2024-03-19,BREAD,H5,0,12,12,3,0,0,9,0,0,0,0,0,0,0
2024-03-19,BREAD,CSWRL,4,9,13,5,0,0,8,0,6,6,2,0,0,4
2024-03-19,BREAD,VA SWRL,1,4,5,5,0,0,0,2,0,2,1,0,0,0
2024-03-19,BREAD,CnE,0,7,7,0,0,0,7,0,2,2,0,0,0,2
2024-03-19,BREAD,CnR,0,3,3,0,0,0,3,0,0,0,0,0,0,0
2024-03-19,BREAD,RW,1,3,4,0,0,1,3,0,0,0,0,0,0,0
2024-03-19,BREAD,Monkey,0,3,3,0,0,0,3,0,0,0,0,0,0,0
2024-03-19,BREAD,BUNNY,0,0,0,0,0,0,0,0,0,0,0,0,0,0
2024-03-19,BREAD,ISB,0,12,12,1,3,0,8,0,4,4,2,0,0,2
2024-03-19,BREAD,G & S,0,0,0,0,0,0,0,0,0,0,0,0,0,0
2024-03-19,BREAD,CG,1,0,1,1,0,0,0,4,0,4,1,0,0,0
2024-03-19,BREAD,Pest,3,0,3,3,0,0,0,0,0,0,0,0,0,0
2024-03-19,BREAD,jal,3,0,3,3,0,0,0,0,0,0,0,0,0,0
2024-03-19,BREAD,Cheetah,1,0,1,0,0,1,0,0,0,0,0,0,0,0
2024-03-19,BREAD,VS,0,7,7,1,0,0,6,0,2,2,2,0,0,0
2024-03-19,BREAD,sour-TL,4,0,4,4,0,0,0,0,0,0,0,0,0,0
2024-03-19,BREAD,OB,1,0,1,1,0,0,0,0,0,0,0,0,0,0
2024-03-19,BREAD,Pepp Roll,0,4,4,3,0,0,1,0,0,0,0,0,0,0
2024-03-19,BREAD,VS Pep Rl,0,7,7,2,0,0,5,0,0,0,0,0,0,0
2024-03-19,BREAD,CAR,23,0,23,4,0,0,19,0,0,0,0,0,0,0
2024-03-19,BREAD,IHF,3,18,21,1,0,0,20,0,0,0,0,0,0,0
2024-03-19,BREAD,HCB,0,0,0,0,0,0,0,0,0,0,0,0,0,0
2024-03-19,BREAD,But-Rls,0,0,0,0,0,0,0,0,0,0,0,0,0,0
2024-03-19,BREAD,Pastels,0,0,0,0,0,0,0,0,0,0,0,0,0,0
2024-03-19,BREAD,H-RLS,2,3,5,3,0,2,0,0,0,0,0,0,0,0
2024-03-19,BREAD,FR-RLS,0,3,3,1,0,0,2,0,0,0,0,0,0,0
2024-03-19,BREAD,VS-RLS,0,4,4,3,0,0,1,0,0,0,0,0,0,0
2024-03-19,BREAD,TEA CAKES,0,0,0,0,0,0,0,0,0,0,0,0,0,0
2024-03-19,BREAD,Blue Stru,4,6,10,0,6,4,0,0,0,0,0,0,0,0
2024-03-19,BREAD,Capp Choc,2,2,4,0,0,2,2,0,0,0,0,0,0,0
2024-03-19,BREAD,Lemon Popp,4,0,4,1,0,3,0,0,0,0,0,0,0,0
2024-03-19,ROLLS,C-Rolls,0,24,24,24,0,0,0,0,0,0,0,0,0,0
2024-03-19,ROLLS,mini C-R,0,0,0,0,0,0,0,0,0,0,0,0,0,0
2024-03-19,SCONES,Blueberry,0,12,12,12,0,0,0,0,0,0,0,0,0,0
2024-03-19,SCONES,Mixed Berry,0,0,0,0,0,0,0,0,0,0,0,0,0,0
2024-03-19,SCONES,Cherry,0,0,0,0,0,0,0,0,0,0,0,0,0,0
2024-03-19,SCONES,Butt Almond,0,0,0,0,0,0,0,0,0,0,0,0,0,0
2024-03-19,SCONES,Turtle,0,0,0,0,0,0,0,0,0,0,0,0,0,0
2024-03-19,SCONES,Cin Chip,0,12,12,8,0,4,0,0,0,0,0,0,0,0
2024-03-19,SCONES,Blarney,0,0,0,0,0,0,0,0,0,0,0,0,0,0
2024-03-19,SCONES,FRUIT BAR,0,0,0,0,0,0,0,0,0,0,0,0,0,0
2024-03-19,SCONES,Triple berry,0,5,5,3,2,0,0,0,0,0,0,0,0,0
2024-03-19,SCONES,cherry,0,5,5,3,2,0,0,0,0,0,0,0,0,0
2024-03-19,SCONES,apple cin,0,10,10,3,7,0,0,0,0,0,0,0,0,0
2024-03-19,SCONES,Straw Blue,0,10,10,3,7,0,0,0,0,0,0,0,0,0
2024-03-19,MUFFINS,Blue Stru,0,4,4,4,0,0,0,0,0,0,0,0,0,0
2024-03-19,MUFFINS,Capp Choc,0,4,4,4,0,0,0,0,0,0,0,0,0,0
2024-03-19,MUFFINS,Lemon Popp,0,3,3,3,0,0,0,0,0,0,0,0,0,0
2024-03-19,COOKIES/BARS,oat cc,14,36,50,35,15,0,0,0,84,84,0,0,0,0
2024-03-19,COOKIES/BARS,triple cc,6,36,42,22,12,0,8,0,84,84,0,0,0,0
2024-03-19,COOKIES/BARS,Snicker,6,42,48,25,14,0,9,0,84,84,0,0,0,0
2024-03-19,COOKIES/BARS,Frosted,5,6,11,3,0,0,8,0,0,0,0,0,0,0
2024-03-19,COOKIES/BARS,Brownie,7,30,37,6,18,0,13,0,0,0,0,0,0,0
2024-03-19,COOKIES/BARS,Lemon Bars,4,30,34,10,18,0,6,0,0,0,0,0,0,0
2024-03-19,COOKIES/BARS,Totals,42,269,311,168,95,4,44,0,252,252,0,0,0,0
2024-03-20,BREAD,H,12,15,27,7,0,1,19,0,0,0,0,0,0,0
2024-03-20,BREAD,FR,9,17,26,13,0,0,13,0,0,0,0,0,0,0
2024-03-20,BREAD,GW,0,0,0,0,0,0,0,0,0,0,0,0,0,0
2024-03-20,BREAD,DK,5,14,19,5,0,0,14,0,0,0,0,0,0,0
2024-03-20,BREAD,H5,9,0,9,4,0,0,5,0,0,0,0,0,0,0
2024-03-20,BREAD,CSWRL,8,9,17,9,2,0,6,4,3,7,4,0,0,3
2024-03-20,BREAD,VA SWRL,0,6,6,2,0,0,4,0,4,4,0,0,0,4
2024-03-20,BREAD,CnE,7,0,7,3,0,0,4,2,0,2,1,0,0,0
2024-03-20,BREAD,CnR,3,0,3,3,0,0,0,0,0,0,0,0,0,0
2024-03-20,BREAD,RW,3,0,3,2,0,1,0,0,0,0,0,0,0,0
2024-03-20,BREAD,Monkey,3,0,3,1,0,2,0,0,0,0,0,0,0,0
2024-03-20,BREAD,BUNNY,0,2,2,0,0,0,2,0,0,0,0,0,0,0
2024-03-20,BREAD,ISB,8,0,8,2,0,0,6,2,0,2,2,0,0,0
2024-03-20,BREAD,G & S,0,10,10,5,0,0,5,0,4,4,3,0,0,1
2024-03-20,BREAD,CG,0,4,4,2,0,0,2,0,3,3,0,0,0,3
2024-03-20,BREAD,Pest,0,3,3,2,0,0,1,0,0,0,0,0,0,0
2024-03-20,BREAD,jal,0,3,3,2,0,0,1,0,0,0,0,0,0,0
2024-03-20,BREAD,Cheetah,0,2,2,0,0,0,2,0,0,0,0,0,0,0
2024-03-20,BREAD,VS,6,0,6,4,0,2,0,0,0,0,0,0,0,0
2024-03-20,BREAD,sour-TL,0,14,14,14,0,0,0,0,0,0,0,0,0,0
2024-03-20,BREAD,OB,0,3,3,0,0,0,3,0,0,0,0,0,0,0
2024-03-20,BREAD,Pepp Roll,1,0,1,1,0,0,0,0,0,0,0,0,0,0
2024-03-20,BREAD,VS Pep Rl,5,0,5,5,0,0,0,0,0,0,0,0,0,0
2024-03-20,BREAD,CAR,19,0,19,0,0,0,19,0,0,0,0,0,0,0
2024-03-20,BREAD,IHF,20,0,20,1,0,0,19,0,0,0,0,0,0,0
2024-03-20,BREAD,HCB,0,9,9,0,0,0,9,0,0,0,0,0,0,0
2024-03-20,BREAD,But-Rls,0,0,0,0,0,0,0,0,0,0,0,0,0,0
2024-03-20,BREAD,Pastels,0,0,0,0,0,0,0,0,0,0,0,0,0,0
2024-03-20,BREAD,H-RLS,0,2,2,0,0,0,2,0,0,0,0,0,0,0
2024-03-20,BREAD,FR-RLS,2,0,2,2,0,0,0,0,0,0,0,0,0,0
2024-03-20,BREAD,VS-RLS,1,0,1,1,0,0,0,0,0,0,0,0,0,0
2024-03-20,BREAD,TEA CAKES,0,0,0,0,0,0,0,0,0,0,0,0,0,0
2024-03-20,BREAD,Blue Stru,0,7,7,3,3,0,1,0,0,0,0,0,0,0
2024-03-20,BREAD,Capp Choc,2,2,4,2,0,0,2,0,0,0,0,0,0,0
2024-03-20,BREAD,Lemon Popp,0,4,4,2,0,0,2,0,0,0,0,0,0,0
2024-03-20,ROLLS,C-Rolls,0,24,24,18,0,6,0,0,0,0,0,0,0,0
2024-03-20,ROLLS,mini C-R,0,12,12,0,12,0,0,0,0,0,0,0,0,0
2024-03-20,SCONES,Blueberry,0,0,0,0,0,0,0,0,0,0,0,0,0,0
2024-03-20,SCONES,Mixed Berry,0,12,12,5,0,7,0,0,8,8,0,0,0,0
2024-03-20,SCONES,Cherry,0,0,0,0,0,0,0,0,0,0,0,0,0,0
2024-03-20,SCONES,Butt Almond,0,0,0,0,0,0,0,0,0,0,0,0,0,0
2024-03-20,SCONES,Turtle,0,12,12,5,0,7,0,0,8,8,0,0,0,0
2024-03-20,SCONES,Cin Chip,0,0,0,0,0,0,0,0,0,0,0,0,0,0
2024-03-20,SCONES,Blarney,0,0,0,0,0,0,0,0,0,0,0,0,0,0
2024-03-20,SCONES,FRUIT BAR,0,0,0,0,0,0,0,0,0,0,0,0,0,0
2024-03-20,SCONES,Triple berry,0,5,5,1,3,1,0,0,0,0,0,0,0,0
2024-03-20,SCONES,cherry,0,5,5,2,2,1,0,0,0,0,0,0,0,0
2024-03-20,SCONES,apple cin,0,5,5,1,2,2,0,0,0,0,0,0,0,0
2024-03-20,SCONES,Straw Blue,0,5,5,0,2,3,0,0,0,0,0,0,0,0
2024-03-20,MUFFINS,Blue Stru,0,4,4,1,0,3,0,0,0,0,0,0,0,0
2024-03-20,MUFFINS,Capp Choc,0,4,4,4,0,0,0,0,6,6,0,0,0,0
2024-03-20,MUFFINS,Lemon Popp,0,4,4,1,0,3,0,0,6,6,0,0,0,0
2024-03-20,COOKIES/BARS,oat cc,0,42,42,34,8,0,0,0,4,4,0,0,0,0
2024-03-20,COOKIES/BARS,triple cc,8,30,38,28,8,0,2,0,6,6,0,0,0,0
2024-03-20,COOKIES/BARS,Snicker,9,30,39,30,9,0,0,0,6,6,0,0,0,0
2024-03-20,COOKIES/BARS,Frosted,8,6,14,6,0,0,8,0,0,0,0,0,0,0
2024-03-20,COOKIES/BARS,Brownie,13,15,28,3,5,0,20,0,0,0,0,0,0,0
2024-03-20,COOKIES/BARS,Lemon Bars,6,15,21,9,0,0,12,0,0,0,0,0,0,0
2024-03-20,COOKIES/BARS,Totals,44,230,274,148,51,33,42,0,44,44,0,0,0,0
2024-03-21,BREAD,H,19,17,36,19,11,0,6,0,0,0,0,0,0,0
2024-03-21,BREAD,FR,13,36,49,16,28,0,5,0,0,0,0,0,0,0
2024-03-21,BREAD,GW,0,3,3,-1,4,0,0,0,0,0,0,0,0,0
2024-03-21,BREAD,DK,14,0,14,7,3,0,4,0,0,0,0,0,0,0
2024-03-21,BREAD,H5,5,0,5,-3,0,0,8,0,0,0,0,0,0,0
2024-03-21,BREAD,CSWRL,6,12,18,11,0,2,5,3,0,3,1,0,0,2
2024-03-21,BREAD,VA SWRL,4,8,12,5,2,4,1,4,2,6,5,0,0,0
2024-03-21,BREAD,CnE,4,4,8,-1,5,1,3,0,0,0,-2,0,0,2
2024-03-21,BREAD,CnR,0,9,9,7,0,0,2,0,0,0,0,0,0,0
2024-03-21,BREAD,RW,0,3,3,2,0,0,1,0,0,0,0,0,0,0
2024-03-21,BREAD,Monkey,0,2,2,1,0,0,1,0,2,2,2,0,0,0
2024-03-21,BREAD,BUNNY,2,3,5,4,1,0,0,0,0,0,0,0,0,0
2024-03-21,BREAD,ISB,6,0,6,-12,0,3,15,0,0,0,-4,0,0,4
2024-03-21,BREAD,G & S,5,15,20,17,0,0,3,1,5,6,6,0,0,0
2024-03-21,BREAD,CG,2,0,2,2,0,0,0,3,0,3,3,0,0,0
2024-03-21,BREAD,Pest,1,0,1,1,0,0,0,0,0,0,0,0,0,0
2024-03-21,BREAD,jal,1,0,1,0,0,1,0,0,0,0,0,0,0,0
2024-03-21,BREAD,Cheetah,2,0,2,1,0,1,0,0,0,0,0,0,0,0
2024-03-21,BREAD,VS,0,8,8,1,0,0,7,0,3,3,1,0,0,2
2024-03-21,BREAD,sour-TL,0,0,0,0,0,0,0,0,0,0,0,0,0,0
2024-03-21,BREAD,OB,3,0,3,3,0,0,0,0,0,0,0,0,0,0
2024-03-21,BREAD,Pepp Roll,0,5,5,3,0,0,2,0,0,0,0,0,0,0
2024-03-21,BREAD,VS Pep Rl,0,11,11,4,0,0,7,0,0,0,0,0,0,0
2024-03-21,BREAD,CAR,19,0,19,2,0,0,17,0,0,0,0,0,0,0
2024-03-21,BREAD,IHF,19,0,19,1,0,0,18,0,0,0,0,0,0,0
2024-03-21,BREAD,HCB,9,0,9,0,0,0,9,0,0,0,0,0,0,0
2024-03-21,BREAD,But-Rls,0,14,14,8,6,0,0,0,0,0,0,0,0,0
2024-03-21,BREAD,Pastels,0,9,9,1,2,0,6,0,0,0,0,0,0,0
2024-03-21,BREAD,H-RLS,2,1,3,1,0,0,2,0,0,0,0,0,0,0
2024-03-21,BREAD,FR-RLS,0,0,0,0,0,0,0,0,0,0,0,0,0,0
2024-03-21,BREAD,VS-RLS,0,5,5,2,0,0,3,0,0,0,0,0,0,0
2024-03-21,BREAD,TEA CAKES,0,0,0,0,0,0,0,0,0,0,0,0,0,0
2024-03-21,BREAD,Blue Stru,1,3,4,3,0,0,1,0,0,0,0,0,0,0
2024-03-21,BREAD,Capp Choc,2,2,4,2,1,0,1,0,0,0,0,0,0,0
2024-03-21,BREAD,Lemon Popp,2,2,4,1,0,1,2,0,0,0,0,0,0,0
2024-03-21,ROLLS,C-Rolls,0,36,36,26,8,2,0,0,0,0,0,0,0,0
2024-03-21,ROLLS,mini C-R,0,0,0,0,0,0,0,0,0,0,0,0,0,0
2024-03-21,SCONES,Blueberry,0,12,12,8,3,1,0,0,0,0,0,0,0,0
2024-03-21,SCONES,Mixed Berry,0,0,0,0,0,0,0,0,0,0,0,0,0,0
2024-03-21,SCONES,Cherry,0,0,0,0,0,0,0,0,0,0,0,0,0,0
2024-03-21,SCONES,Butt Almond,0,0,0,0,0,0,0,0,0,0,0,0,0,0
2024-03-21,SCONES,Turtle,0,11,11,9,2,0,0,0,0,0,0,0,0,0
2024-03-21,SCONES,Cin Chip,0,0,0,0,0,0,0,0,0,0,0,0,0,0
2024-03-21,SCONES,Blarney,0,0,0,0,0,0,0,0,0,0,0,0,0,0
2024-03-21,SCONES,FRUIT BAR,0,0,0,0,0,0,0,0,0,0,0,0,0,0
2024-03-21,SCONES,Triple berry,0,0,0,0,0,0,0,0,0,0,0,0,0,0
2024-03-21,SCONES,cherry,0,0,0,0,0,0,0,0,0,0,0,0,0,0
2024-03-21,SCONES,apple cin,0,5,5,3,0,2,0,0,0,0,0,0,0,0
2024-03-21,SCONES,Straw Blue,0,5,5,2,0,3,0,0,0,0,0,0,0,0
2024-03-21,MUFFINS,Blue Stru,0,4,4,2,0,2,0,0,0,0,0,0,0,0
2024-03-21,MUFFINS,Capp Choc,0,3,3,1,0,2,0,0,0,0,0,0,0,0
2024-03-21,MUFFINS,Lemon Popp,0,4,4,1,0,3,0,0,0,0,0,0,0,0
2024-03-21,COOKIES/BARS,oat cc,0,36,36,24,5,0,7,0,0,0,0,0,0,0
2024-03-21,COOKIES/BARS,triple cc,2,36,38,11,8,0,19,0,0,0,0,0,0,0
2024-03-21,COOKIES/BARS,Snicker,0,36,36,27,5,0,4,0,0,0,0,0,0,0
2024-03-21,COOKIES/BARS,Frosted,8,6,14,8,0,0,6,0,0,0,0,0,0,0
2024-03-21,COOKIES/BARS,Brownie,20,0,20,0,0,0,20,0,0,0,0,0,0,0
2024-03-21,COOKIES/BARS,Lemon Bars,12,15,27,0,0,0,27,0,0,0,0,0,0,0
2024-03-21,COOKIES/BARS,Str,0,4,4,1,0,0,3,0,0,0,0,0,0,0
2024-03-21,COOKIES/BARS,StrBlu,0,4,4,1,0,0,3,0,0,0,0,0,0,0
2024-03-21,COOKIES/BARS,Blue Pie,0,4,4,1,0,0,3,0,0,0,0,0,0,0
2024-03-21,COOKIES/BARS,Totals,42,217,259,124,31,15,89,0,4,4,1,0,0,3
2024-03-22,BREAD,H,6,26,32,15,0,0,17,0,0,0,0,0,0,0
2024-03-22,BREAD,FR,5,30,35,10,0,0,25,0,0,0,0,0,0,0
2024-03-22,BREAD,GW,0,4,4,1,1,0,2,0,0,0,0,0,0,0
2024-03-22,BREAD,DK,4,21,25,17,0,0,8,0,0,0,0,0,0,0
2024-03-22,BREAD,H5,8,0,8,3,0,0,5,0,0,0,0,0,0,0
2024-03-22,BREAD,CSWRL,5,20,25,18,7,0,0,2,4,6,6,0,0,0
2024-03-22,BREAD,VA SWRL,1,8,9,3,0,0,6,0,4,4,2,0,0,2
2024-03-22,BREAD,CnE,3,18,21,12,0,0,9,2,3,5,1,0,0,4
2024-03-22,BREAD,CnR,2,4,6,3,0,0,3,0,0,0,0,0,0,0
2024-03-22,BREAD,RW,1,6,7,1,1,0,5,0,0,0,0,0,0,0
2024-03-22,BREAD,Monkey,1,6,7,1,0,0,6,0,0,0,0,0,0,0
2024-03-22,BREAD,BUNNY,0,2,2,0,0,0,2,0,0,0,0,0,0,0
2024-03-22,BREAD,ISB,15,0,15,9,0,0,6,4,0,4,3,0,0,1
2024-03-22,BREAD,G & S,3,0,3,2,0,1,0,0,0,0,0,0,0,0
2024-03-22,BREAD,CG,0,6,6,1,0,0,5,0,4,4,1,0,0,3
2024-03-22,BREAD,Pest,0,4,4,0,0,0,4,0,0,0,0,0,0,0
2024-03-22,BREAD,jal,0,4,4,1,0,0,3,0,0,0,0,0,0,0
2024-03-22,BREAD,Cheetah,0,3,3,2,0,0,1,0,0,0,0,0,0,0
2024-03-22,BREAD,VS,7,0,7,2,0,0,5,2,0,2,2,0,0,0
2024-03-22,BREAD,sour-TL,0,20,20,16,0,0,4,0,0,0,0,0,0,0
2024-03-22,BREAD,OB,0,5,5,0,0,0,5,0,0,0,0,0,0,0
2024-03-22,BREAD,Pepp Roll,2,7,9,2,0,0,7,0,0,0,0,0,0,0
2024-03-22,BREAD,VS Pep Rl,7,0,7,4,0,0,3,0,0,0,0,0,0,0
2024-03-22,BREAD,CAR,17,0,17,2,0,0,15,0,0,0,0,0,0,0
2024-03-22,BREAD,IHF,18,0,18,3,0,0,15,0,0,0,0,0,0,0
2024-03-22,BREAD,HCB,9,17,26,13,0,0,13,0,0,0,0,0,0,0
2024-03-22,BREAD,But-Rls,0,0,0,-5,0,0,5,0,0,0,0,0,0,0
2024-03-22,BREAD,Pastels,6,0,6,1,0,0,5,0,0,0,0,0,0,0
2024-03-22,BREAD,H-RLS,2,4,6,0,0,0,6,0,0,0,0,0,0,0
2024-03-22,BREAD,FR-RLS,0,0,0,0,0,0,0,0,0,0,0,0,0,0
2024-03-22,BREAD,VS-RLS,3,0,3,1,0,0,2,0,0,0,0,0,0,0
2024-03-22,BREAD,TEA CAKES,0,0,0,0,0,0,0,0,0,0,0,0,0,0
2024-03-22,BREAD,Blue Stru,1,18,19,4,14,0,1,0,0,0,0,0,0,0
2024-03-22,BREAD,Capp Choc,1,5,6,3,1,0,2,0,0,0,0,0,0,0
2024-03-22,BREAD,Lemon Popp,2,3,5,2,0,0,3,0,0,0,0,0,0,0
2024-03-22,ROLLS,C-Rolls,0,36,36,35,0,1,0,0,0,0,0,0,0,0
2024-03-22,ROLLS,mini C-R,0,96,96,-12,96,0,12,0,0,0,0,0,0,0
2024-03-22,SCONES,Blueberry,0,0,0,0,0,0,0,0,15,15,0,0,0,0
2024-03-22,SCONES,Mixed Berry,0,0,0,0,0,0,0,0,0,0,0,0,0,0
2024-03-22,SCONES,Cherry,0,21,21,19,0,2,0,0,20,20,0,0,0,0
2024-03-22,SCONES,Butt Almond,0,17,17,17,0,0,0,0,15,15,0,0,0,0
2024-03-22,SCONES,Turtle,0,0,0,0,0,0,0,0,12,12,0,0,0,0
2024-03-22,SCONES,Cin Chip,0,0,0,0,0,0,0,0,6,6,0,0,0,0
2024-03-22,SCONES,FRUIT BAR,0,0,0,0,0,0,0,0,0,0,0,0,0,0
2024-03-22,SCONES,Triple berry,0,10,10,3,7,0,0,0,0,0,0,0,0,0
2024-03-22,SCONES,cherry,0,10,10,3,7,0,0,0,0,0,0,0,0,0
2024-03-22,SCONES,apple cin,0,10,10,2,8,0,0,0,0,0,0,0,0,0
2024-03-22,SCONES,Straw Blue,0,10,10,2,8,0,0,0,0,0,0,0,0,0
2024-03-22,MUFFINS,Blue Stru,0,5,5,5,0,0,0,0,0,0,0,0,0,0
2024-03-22,MUFFINS,Capp Choc,0,5,5,4,0,1,0,0,33,33,0,0,0,0
2024-03-22,MUFFINS,Lemon Popp,0,5,5,5,0,0,0,0,33,33,0,0,0,0
2024-03-22,COOKIES/BARS,oat cc,7,42,49,29,17,0,3,0,4,4,0,0,0,0
2024-03-22,COOKIES/BARS,triple cc,19,24,43,20,10,12,1,0,6,6,0,0,0,0
2024-03-22,COOKIES/BARS,Snicker,4,36,40,23,10,0,7,0,6,6,0,0,0,0
2024-03-22,COOKIES/BARS,Frosted,6,12,18,16,0,0,2,0,0,0,0,0,0,0
2024-03-22,COOKIES/BARS,sugar cream,0,0,0,-14,0,0,14,0,0,0,0,0,0,0
2024-03-22,COOKIES/BARS,Brownie,20,0,20,4,3,0,13,0,0,0,0,0,0,0
2024-03-22,COOKIES/BARS,Lemon Bars,27,0,27,6,3,0,18,0,0,0,0,0,0,0
2024-03-22,COOKIES/BARS,str,3,0,3,0,0,0,3,0,0,0,0,0,0,0
2024-03-22,COOKIES/BARS,blue,3,0,3,0,0,0,3,0,0,0,0,0,0,0
2024-03-22,COOKIES/BARS,str blue,3,0,3,0,0,0,3,0,0,0,0,0,0,0
2024-03-22,COOKIES/BARS,Totals,92,339,428,167,169,16,76,3,150,153,0,0,0,3
2024-03-23,BREAD,H,17,0,17,7,0,10,0,0,0,0,0,0,0,0
2024-03-23,BREAD,FR,25,0,25,17,0,8,0,0,0,0,0,0,0,0
2024-03-23,BREAD,GW,2,6,8,1,0,7,0,0,0,0,0,0,0,0
2024-03-23,BREAD,DK,8,0,8,8,0,0,0,0,0,0,0,0,0,0
2024-03-23,BREAD,H5,5,0,5,5,0,0,0,0,0,0,0,0,0,0
2024-03-23,BREAD,CSWRL,0,17,17,9,0,8,0,0,5,5,2,0,0,0
2024-03-23,BREAD,VA SWRL,6,0,6,0,0,6,0,2,0,2,1,0,0,0
2024-03-23,BREAD,CnE,9,0,9,6,0,3,0,4,0,4,4,0,0,0
2024-03-23,BREAD,CnR,3,0,3,1,0,2,0,0,0,0,0,0,0,0
2024-03-23,BREAD,RW,5,0,5,3,0,2,0,0,0,0,0,0,0,0
2024-03-23,BREAD,Monkey,6,0,6,5,0,1,0,0,0,0,0,0,0,0
2024-03-23,BREAD,BUNNY,2,0,2,2,0,0,0,0,0,0,0,0,0,0
2024-03-23,BREAD,ISB,6,0,6,3,0,3,0,1,0,1,1,0,0,0
2024-03-23,BREAD,G & S,0,0,0,0,0,0,0,0,0,0,0,0,0,0
2024-03-23,BREAD,CG,5,0,5,4,0,1,0,3,0,3,3,0,0,0
2024-03-23,BREAD,Pest,4,0,4,4,0,0,0,0,0,0,0,0,0,0
2024-03-23,BREAD,jal,3,0,3,3,0,0,0,0,0,0,0,0,0,0
2024-03-23,BREAD,Cheetah,1,0,1,1,0,0,0,0,0,0,0,0,0,0
2024-03-23,BREAD,VS,5,0,5,3,0,2,0,0,0,0,0,0,0,0
2024-03-23,BREAD,sour-TL,4,0,4,4,0,0,0,0,0,0,0,0,0,0
2024-03-23,BREAD,OB,5,0,5,4,0,1,0,0,0,0,0,0,0,0
2024-03-23,BREAD,Pepp Roll,7,0,7,7,0,0,0,0,0,0,0,0,0,0
2024-03-23,BREAD,VS Pep Rl,3,0,3,3,0,0,0,0,0,0,0,0,0,0
2024-03-23,BREAD,CAR,15,0,15,-2,0,0,17,0,0,0,0,0,0,0
2024-03-23,BREAD,IHF,15,0,15,2,0,0,13,0,0,0,0,0,0,0
2024-03-23,BREAD,HCB,13,0,13,4,0,9,0,0,0,0,0,0,0,0
2024-03-23,BREAD,But-Rls,5,0,5,4,0,1,0,0,0,0,0,0,0,0
2024-03-23,BREAD,Pastels,5,0,5,-1,0,6,0,0,0,0,0,0,0,0
2024-03-23,BREAD,H-RLS,6,0,6,6,0,0,0,0,0,0,0,0,0,0
2024-03-23,BREAD,FR-RLS,0,0,0,0,0,0,0,0,0,0,0,0,0,0
2024-03-23,BREAD,VS-RLS,2,0,2,2,0,0,0,0,0,0,0,0,0,0
2024-03-23,BREAD,TEA CAKES,0,0,0,0,0,0,0,0,0,0,0,0,0,0
2024-03-23,BREAD,Blue Stru,1,3,4,3,1,0,0,0,0,0,0,0,0,0
2024-03-23,BREAD,Capp Choc,2,1,3,3,0,0,0,0,0,0,0,0,0,0
2024-03-23,BREAD,Lemon Popp,3,0,3,3,0,0,0,0,0,0,0,0,0,0
2024-03-23,ROLLS,C-Rolls,0,36,36,32,4,0,0,0,0,0,0,0,0,0
2024-03-23,ROLLS,mini C-R,12,0,0,0,0,0,0,0,0,0,0,0,0,0
2024-03-23,SCONES,Blueberry,0,11,11,11,0,0,0,0,0,0,0,0,0,0
2024-03-23,SCONES,Mixed Berry,0,0,0,0,0,0,0,0,0,0,0,0,0,0
2024-03-23,SCONES,Cherry,0,0,0,0,0,0,0,0,0,0,0,0,0,0
2024-03-23,SCONES,Butt Almond,0,11,11,11,0,0,0,0,0,0,0,0,0,0
2024-03-23,SCONES,Turtle,0,0,0,0,0,0,0,0,0,0,0,0,0,0
2024-03-23,SCONES,Cin Chip,0,0,0,0,0,0,0,0,0,0,0,0,0,0
2024-03-23,SCONES,Blarney,0,0,0,0,0,0,0,0,0,0,0,0,0,0
2024-03-23,SCONES,FRUIT BAR,0,0,0,0,0,0,0,0,0,0,0,0,0,0
2024-03-23,SCONES,Triple berry,0,5,5,4,1,0,0,0,0,0,0,0,0,0
2024-03-23,SCONES,cherry,0,5,5,4,1,0,0,0,0,0,0,0,0,0
2024-03-23,SCONES,apple cin,0,5,5,4,1,0,0,0,0,0,0,0,0,0
2024-03-23,SCONES,Straw Blue,0,5,5,4,1,0,0,0,0,0,0,0,0,0
2024-03-23,MUFFINS,Blue Stru,0,4,4,4,0,0,0,0,0,0,0,0,0,0
2024-03-23,MUFFINS,Capp Choc,0,4,4,4,0,0,0,0,0,0,0,0,0,0
2024-03-23,MUFFINS,Lemon Popp,0,4,4,4,0,0,0,0,0,0,0,0,0,0
2024-03-23,COOKIES/BARS,oat cc,3,18,21,9,0,12,0,0,6,6,0,0,0,0
2024-03-23,COOKIES/BARS,triple cc,1,18,19,9,0,10,0,0,4,4,0,0,0,0
2024-03-23,COOKIES/BARS,Snicker,7,12,19,9,0,10,0,0,6,6,0,0,0,0
2024-03-23,COOKIES/BARS,Frosted,2,6,8,6,0,0,2,0,0,0,0,0,0,0
2024-03-23,COOKIES/BARS,sugar cream,14,0,14,3,0,0,11,0,0,0,0,0,0,0
2024-03-23,COOKIES/BARS,Brownie,13,0,13,3,2,8,0,0,0,0,0,0,0,0
2024-03-23,COOKIES/BARS,Lemon Bars,18,0,18,10,3,1,4,0,0,0,0,0,0,0
2024-03-23,COOKIES/BARS,str,3,0,3,1,0,0,2,0,0,0,0,0,0,0
2024-03-23,COOKIES/BARS,blue,3,0,3,0,0,0,3,0,0,0,0,0,0,0
2024-03-23,COOKIES/BARS,str blu,3,0,3,0,0,0,3,0,0,0,0,0,0,0
2024-03-23,COOKIES/BARS,Totals,67,144,208,132,13,41,22,3,16,19,0,0,0,3
2024-03-24,BREAD,H,0,0,0,0,0,0,0,0,0,0,0,0,0,0
2024-03-24,BREAD,FR,0,0,0,0,0,0,0,0,0,0,0,0,0,0
2024-03-24,BREAD,GW,0,0,0,0,0,0,0,0,0,0,0,0,0,0
2024-03-24,BREAD,DK,0,0,0,0,0,0,0,0,0,0,0,0,0,0
2024-03-24,BREAD,H5,0,0,0,0,0,0,0,0,0,0,0,0,0,0
2024-03-24,BREAD,CSWRL,0,0,0,0,0,0,0,0,0,0,0,0,0,0
2024-03-24,BREAD,VA SWRL,0,0,0,0,0,0,0,0,0,0,0,0,0,0
2024-03-24,BREAD,CnE,0,0,0,0,0,0,0,0,0,0,0,0,0,0
2024-03-24,BREAD,CnR,0,0,0,0,0,0,0,0,0,0,0,0,0,0
2024-03-24,BREAD,RW,0,0,0,0,0,0,0,0,0,0,0,0,0,0
2024-03-24,BREAD,Monkey,0,0,0,0,0,0,0,0,0,0,0,0,0,0
2024-03-24,BREAD,BUNNY,0,0,0,0,0,0,0,0,0,0,0,0,0,0
2024-03-24,BREAD,ISB,0,0,0,0,0,0,0,0,0,0,0,0,0,0
2024-03-24,BREAD,G & S,0,0,0,0,0,0,0,0,0,0,0,0,0,0
2024-03-24,BREAD,CG,0,0,0,0,0,0,0,0,0,0,0,0,0,0
2024-03-24,BREAD,Pest,0,0,0,0,0,0,0,0,0,0,0,0,0,0
2024-03-24,BREAD,jal,0,0,0,0,0,0,0,0,0,0,0,0,0,0
2024-03-24,BREAD,Cheetah,0,0,0,0,0,0,0,0,0,0,0,0,0,0
2024-03-24,BREAD,VS,0,0,0,0,0,0,0,0,0,0,0,0,0,0
2024-03-24,BREAD,sour-TL,0,0,0,0,0,0,0,0,0,0,0,0,0,0
2024-03-24,BREAD,OB,0,0,0,0,0,0,0,0,0,0,0,0,0,0
2024-03-24,BREAD,Pepp Roll,0,0,0,0,0,0,0,0,0,0,0,0,0,0
2024-03-24,BREAD,VS Pep Rl,0,0,0,0,0,0,0,0,0,0,0,0,0,0
2024-03-24,BREAD,CAR,17,0,17,17,0,0,0,0,0,0,0,0,0,0
2024-03-24,BREAD,IHF,13,0,13,13,0,0,0,0,0,0,0,0,0,0
2024-03-24,BREAD,HCB,0,0,0,0,0,0,0,0,0,0,0,0,0,0
2024-03-24,BREAD,But-Rls,0,0,0,0,0,0,0,0,0,0,0,0,0,0
2024-03-24,BREAD,Pastels,0,0,0,0,0,0,0,0,0,0,0,0,0,0
2024-03-24,BREAD,H-RLS,0,0,0,0,0,0,0,0,0,0,0,0,0,0
2024-03-24,BREAD,FR-RLS,0,0,0,0,0,0,0,0,0,0,0,0,0,0
2024-03-24,BREAD,VS-RLS,0,0,0,0,0,0,0,0,0,0,0,0,0,0
2024-03-24,BREAD,TEA CAKES,0,0,0,0,0,0,0,0,0,0,0,0,0,0
2024-03-24,BREAD,Blue Stru,0,0,0,0,0,0,0,0,0,0,0,0,0,0
2024-03-24,BREAD,Capp Choc,0,0,0,0,0,0,0,0,0,0,0,0,0,0
2024-03-24,BREAD,Lemon Popp,0,0,0,0,0,0,0,0,0,0,0,0,0,0
2024-03-24,ROLLS,C-Rolls,0,0,0,0,0,0,0,0,0,0,0,0,0,0
2024-03-24,ROLLS,mini C-R,0,0,0,0,0,0,0,0,0,0,0,0,0,0
2024-03-24,SCONES,Blueberry,0,0,0,0,0,0,0,0,0,0,0,0,0,0
2024-03-24,SCONES,Mixed Berry,0,0,0,0,0,0,0,0,0,0,0,0,0,0
2024-03-24,SCONES,Cherry,0,0,0,0,0,0,0,0,0,0,0,0,0,0
2024-03-24,SCONES,Butt Almond,0,0,0,0,0,0,0,0,0,0,0,0,0,0
2024-03-24,SCONES,Turtle,0,0,0,0,0,0,0,0,0,0,0,0,0,0
2024-03-24,SCONES,Cin Chip,0,0,0,0,0,0,0,0,0,0,0,0,0,0
2024-03-24,SCONES,Blarney,0,0,0,0,0,0,0,0,0,0,0,0,0,0
2024-03-24,SCONES,FRUIT BAR,0,0,0,0,0,0,0,0,0,0,0,0,0,0
2024-03-24,SCONES,Triple berry,0,0,0,0,0,0,0,0,0,0,0,0,0,0
2024-03-24,SCONES,cherry,0,0,0,0,0,0,0,0,0,0,0,0,0,0
2024-03-24,SCONES,apple cin,0,0,0,0,0,0,0,0,0,0,0,0,0,0
2024-03-24,SCONES,Straw Blue,0,0,0,0,0,0,0,0,0,0,0,0,0,0
2024-03-24,MUFFINS,Blue Stru,0,0,0,0,0,0,0,0,0,0,0,0,0,0
2024-03-24,MUFFINS,Capp Choc,0,0,0,0,0,0,0,0,0,0,0,0,0,0
2024-03-24,MUFFINS,Lemon Popp,0,0,0,0,0,0,0,0,0,0,0,0,0,0
2024-03-24,COOKIES/BARS,oat cc,0,0,0,0,0,0,0,0,0,0,0,0,0,0
2024-03-24,COOKIES/BARS,triple cc,0,0,0,0,0,0,0,0,0,0,0,0,0,0
2024-03-24,COOKIES/BARS,Snicker,0,0,0,0,0,0,0,0,0,0,0,0,0,0
2024-03-24,COOKIES/BARS,Frosted,2,0,2,2,0,0,0,0,0,0,0,0,0,0
2024-03-24,COOKIES/BARS,Brownie,0,0,0,0,0,0,0,0,0,0,0,0,0,0
2024-03-24,COOKIES/BARS,Lemon Bars,4,0,4,4,0,0,0,0,0,0,0,0,0,0
2024-03-24,COOKIES/BARS,Totals,25,0,22,6,0,0,16,3,0,3,0,0,0,3
2024-03-25,BREAD,H,0,31,31,9,12,0,10,0,0,0,0,0,0,0
2024-03-25,BREAD,FR,0,33,33,3,30,0,0,0,0,0,0,0,0,0
2024-03-25,BREAD,GW,0,7,7,3,0,0,4,0,0,0,0,0,0,0
2024-03-25,BREAD,DK,0,14,14,8,0,0,6,0,0,0,0,0,0,0
2024-03-25,BREAD,H5,0,0,0,0,0,0,0,0,0,0,0,0,0,0
2024-03-25,BREAD,CSWRL,0,16,16,7,0,0,9,0,7,7,3,0,0,4
2024-03-25,BREAD,VA SWRL,0,4,4,1,0,0,3,0,4,4,0,0,0,4
2024-03-25,BREAD,CnE,0,4,4,0,0,0,4,0,3,3,0,0,0,3
2024-03-25,BREAD,CnR,0,4,4,0,0,0,4,0,0,0,0,0,0,0
2024-03-25,BREAD,RW,0,4,4,3,0,0,1,0,0,0,0,0,0,0
2024-03-25,BREAD,Monkey,0,3,3,3,0,0,0,0,0,0,0,0,0,0
2024-03-25,BREAD,BUNNY,0,0,0,0,0,0,0,0,0,0,0,0,0,0
2024-03-25,BREAD,ISB,0,0,0,0,0,0,0,0,0,0,0,0,0,0
2024-03-25,BREAD,G & S,0,0,0,0,0,0,0,0,0,0,0,0,0,0
2024-03-25,BREAD,CG,0,4,4,3,0,0,1,0,3,3,2,0,0,1
2024-03-25,BREAD,Pest,0,3,3,2,0,0,1,0,0,0,0,0,0,0
2024-03-25,BREAD,jal,0,3,3,3,0,0,0,0,0,0,0,0,0,0
2024-03-25,BREAD,Cheetah,0,3,3,2,0,0,1,0,1,1,1,0,0,0
2024-03-25,BREAD,VS,0,0,0,0,0,0,0,0,0,0,0,0,0,0
2024-03-25,BREAD,sour-TL,0,21,21,8,7,0,6,0,0,0,0,0,0,0
2024-03-25,BREAD,OB,0,3,3,3,0,0,0,0,0,0,0,0,0,0
2024-03-25,BREAD,Pepp Roll,0,8,8,1,0,0,7,0,1,1,1,0,0,0
2024-03-25,BREAD,VS Pep Rl,0,0,0,0,0,0,0,0,0,0,0,0,0,0
2024-03-25,BREAD,CAR,0,0,0,-15,0,0,15,0,0,0,0,0,0,0
2024-03-25,BREAD,IHF,0,0,0,-13,0,0,13,0,0,0,0,0,0,0
2024-03-25,BREAD,HCB,0,0,0,0,0,0,0,0,0,0,0,0,0,0
2024-03-25,BREAD,But-Rls,0,0,0,0,0,0,0,0,0,0,0,0,0,0
2024-03-25,BREAD,Pastels,0,0,0,0,0,0,0,0,0,0,0,0,0,0
2024-03-25,BREAD,H-RLS,0,3,3,0,0,0,3,0,0,0,0,0,0,0
2024-03-25,BREAD,FR-RLS,0,3,3,0,0,0,3,0,0,0,0,0,0,0
2024-03-25,BREAD,VS-RLS,0,0,0,0,0,0,0,0,0,0,0,0,0,0
2024-03-25,BREAD,TEA CAKES,0,0,0,0,0,0,0,0,0,0,0,0,0,0
2024-03-25,BREAD,Blue Stru,0,4,4,0,0,0,4,0,0,0,0,0,0,0
2024-03-25,BREAD,Capp Choc,0,4,4,3,0,0,1,0,0,0,0,0,0,0
2024-03-25,BREAD,Lemon Popp,0,4,4,3,0,0,1,0,0,0,0,0,0,0
2024-03-25,ROLLS,C-Rolls,0,24,24,13,0,11,0,0,0,0,0,0,0,0
2024-03-25,ROLLS,mini C-R,0,0,0,0,0,0,0,0,0,0,0,0,0,0
2024-03-25,SCONES,Blueberry,0,0,0,0,0,0,0,0,0,0,0,0,0,0
2024-03-25,SCONES,Mixed Berry,0,12,12,5,0,7,0,0,0,0,0,0,0,0
2024-03-25,SCONES,Cherry,0,0,0,0,0,0,0,0,0,0,0,0,0,0
2024-03-25,SCONES,Butt Almond,0,0,0,0,0,0,0,0,0,0,0,0,0,0
2024-03-25,SCONES,Turtle,0,0,0,0,0,0,0,0,0,0,0,0,0,0
2024-03-25,SCONES,Cin Chip,0,12,12,2,0,10,0,0,0,0,0,0,0,0
2024-03-25,SCONES,Blarney,0,0,0,0,0,0,0,0,0,0,0,0,0,0
2024-03-25,SCONES,FRUIT BAR,0,0,0,0,0,0,0,0,0,0,0,0,0,0
2024-03-25,SCONES,Triple berry,0,5,5,1,0,4,0,0,0,0,0,0,0,0
2024-03-25,SCONES,cherry,0,5,5,2,0,3,0,0,0,0,0,0,0,0
2024-03-25,SCONES,apple cin,0,0,0,0,0,0,0,0,0,0,0,0,0,0
2024-03-25,SCONES,Straw Blue,0,0,0,0,0,0,0,0,0,0,0,0,0,0
2024-03-25,MUFFINS,Blue Stru,0,4,4,4,0,0,0,0,0,0,0,0,0,0
2024-03-25,MUFFINS,Capp Choc,0,4,4,4,0,0,0,0,0,0,0,0,0,0
2024-03-25,MUFFINS,Lemon Popp,0,4,4,3,0,1,0,0,0,0,0,0,0,0
2024-03-25,COOKIES/BARS,oat cc,0,72,72,20,36,0,16,0,0,0,0,0,0,0
2024-03-25,COOKIES/BARS,triple cc,0,72,72,17,37,0,18,0,0,0,0,0,0,0
2024-03-25,COOKIES/BARS,Snicker,0,72,72,16,38,0,18,0,0,0,0,0,0,0
2024-03-25,COOKIES/BARS,Frosted,0,8,8,5,0,0,3,0,0,0,0,0,0,0
2024-03-25,COOKIES/BARS,Sugar Cream,11,0,11,3,0,0,8,0,0,0,0,0,0,0
2024-03-25,COOKIES/BARS,Brownie,0,15,15,3,0,0,12,0,0,0,0,0,0,0
2024-03-25,COOKIES/BARS,Lemon Bars,0,15,15,0,0,0,15,0,0,0,0,0,0,0
2024-03-25,COOKIES/BARS,Straw,2,0,2,2,0,0,0,0,0,0,0,0,0,0
2024-03-25,COOKIES/BARS,Blue,3,0,3,1,0,0,2,0,0,0,0,0,0,0
2024-03-25,COOKIES/BARS,Str&Blue,3,0,3,3,0,0,0,0,0,0,0,0,0,0
2024-03-25,COOKIES/BARS,Totals,19,324,340,103,111,36,90,3,0,3,1,0,0,2
2024-03-26,BREAD,H,10,24,34,15,13,0,6,0,0,0,0,0,0,0
2024-03-26,BREAD,FR,0,29,29,11,10,0,8,0,0,0,0,0,0,0
2024-03-26,BREAD,GW,4,7,11,1,0,3,7,0,0,0,0,0,0,0
2024-03-26,BREAD,DK,6,0,6,4,0,0,2,0,0,0,0,0,0,0
2024-03-26,BREAD,H5,0,11,11,7,1,0,3,0,0,0,0,0,0,0
2024-03-26,BREAD,CSWRL,9,9,18,7,0,4,7,4,2,6,0,0,0,2
2024-03-26,BREAD,VA SWRL,3,0,3,1,0,2,0,4,0,4,2,0,0,0
2024-03-26,BREAD,CnE,4,16,20,5,1,0,14,3,0,3,0,0,0,0
2024-03-26,BREAD,CnR,4,0,4,4,0,0,0,0,0,0,0,0,0,0
2024-03-26,BREAD,RW,1,3,4,1,0,0,3,0,0,0,0,0,0,0
2024-03-26,BREAD,Monkey,0,5,5,3,0,0,2,0,0,0,0,0,0,0
2024-03-26,BREAD,BUNNY,0,6,6,-1,1,0,6,0,0,0,0,0,0,0
2024-03-26,BREAD,ISB,0,15,15,3,1,0,11,0,4,4,1,0,0,3
2024-03-26,BREAD,G & S,0,0,0,0,0,0,0,0,0,0,0,0,0,0
2024-03-26,BREAD,CG,1,0,1,1,0,0,0,1,0,1,1,0,0,0
2024-03-26,BREAD,Pest,1,0,1,1,0,0,0,0,0,0,0,0,0,0
2024-03-26,BREAD,jal,0,0,0,0,0,0,0,0,0,0,0,0,0,0
2024-03-26,BREAD,Cheetah,1,0,1,0,0,1,0,0,0,0,0,0,0,0
2024-03-26,BREAD,VS,0,7,7,6,0,0,1,0,3,3,1,0,0,2
2024-03-26,BREAD,sour-TL,6,0,6,6,0,0,0,0,0,0,0,0,0,0
2024-03-26,BREAD,OB,0,0,0,0,0,0,0,0,0,0,0,0,0,0
2024-03-26,BREAD,Pepp Roll,7,0,7,1,0,6,0,0,0,0,0,0,0,0
2024-03-26,BREAD,VS Pep Rl,0,6,6,0,0,0,6,0,0,0,0,0,0,0
2024-03-26,BREAD,CAR,15,0,15,1,0,0,14,0,0,0,0,0,0,0
2024-03-26,BREAD,IHF,13,0,13,1,0,0,12,0,0,0,0,0,0,0
2024-03-26,BREAD,HCB,0,9,9,4,0,0,5,0,0,0,0,0,0,0
2024-03-26,BREAD,But-Rls,0,0,0,0,0,0,0,0,0,0,0,0,0,0
2024-03-26,BREAD,Pastels,0,0,0,0,0,0,0,0,0,0,0,0,0,0
2024-03-26,BREAD,H-RLS,3,0,3,3,0,0,0,0,0,0,0,0,0,0
2024-03-26,BREAD,FR-RLS,3,0,3,3,0,0,0,0,0,0,0,0,0,0
2024-03-26,BREAD,VS-RLS,0,9,9,5,4,0,0,0,0,0,0,0,0,0
2024-03-26,BREAD,TEA CAKES,0,0,0,0,0,0,0,0,0,0,0,0,0,0
2024-03-26,BREAD,Blue Stru,4,1,5,2,1,1,1,0,0,0,0,0,0,0
2024-03-26,BREAD,Capp Choc,1,3,4,0,0,1,3,0,0,0,0,0,0,0
2024-03-26,BREAD,Lemon Popp,1,3,4,2,0,0,2,0,0,0,0,0,0,0
2024-03-26,ROLLS,C-Rolls,0,24,24,21,0,3,0,0,0,0,0,0,0,0
2024-03-26,ROLLS,mini C-R,0,0,0,0,0,0,0,0,0,0,0,0,0,0
2024-03-26,SCONES,Blueberry,0,12,12,9,1,2,0,0,0,0,0,0,0,0
2024-03-26,SCONES,Mixed Berry,0,0,0,0,0,0,0,0,0,0,0,0,0,0
2024-03-26,SCONES,Cherry,0,0,0,0,0,0,0,0,0,0,0,0,0,0
2024-03-26,SCONES,Butt Almond,0,0,0,0,0,0,0,0,0,0,0,0,0,0
2024-03-26,SCONES,Turtle,0,0,0,0,0,0,0,0,0,0,0,0,0,0
2024-03-26,SCONES,Cin Chip,0,11,11,5,1,5,0,0,0,0,0,0,0,0
2024-03-26,SCONES,Blarney,0,0,0,0,0,0,0,0,0,0,0,0,0,0
2024-03-26,SCONES,FRUIT BAR,0,0,0,0,0,0,0,0,0,0,0,0,0,0
2024-03-26,SCONES,Triple berry,0,0,0,0,0,0,0,0,0,0,0,0,0,0
2024-03-26,SCONES,cherry,0,0,0,0,0,0,0,0,0,0,0,0,0,0
2024-03-26,SCONES,apple cin,0,5,5,2,0,3,0,0,0,0,0,0,0,0
2024-03-26,SCONES,Straw Blue,0,5,5,2,0,3,0,0,0,0,0,0,0,0
2024-03-26,MUFFINS,Blue Stru,0,4,4,2,0,2,0,0,0,0,0,0,0,0
2024-03-26,MUFFINS,Capp Choc,0,4,4,2,0,2,0,0,0,0,0,0,0,0
2024-03-26,MUFFINS,Lemon Popp,0,4,4,2,0,2,0,0,0,0,0,0,0,0
2024-03-26,COOKIES/BARS,oat cc,16,48,64,8,31,9,16,0,0,0,0,0,0,0
2024-03-26,COOKIES/BARS,triple cc,18,48,66,6,32,12,16,0,0,0,0,0,0,0
2024-03-26,COOKIES/BARS,Snicker,18,48,66,10,32,9,15,0,0,0,0,0,0,0
2024-03-26,COOKIES/BARS,Frosted,3,12,15,14,0,0,1,0,0,0,0,0,0,0
2024-03-26,COOKIES/BARS,Sugar Cream,8,0,8,8,0,0,0,0,0,0,0,0,0,0
2024-03-26,COOKIES/BARS,Brownie,12,0,12,2,0,4,6,0,0,0,0,0,0,0
2024-03-26,COOKIES/BARS,Lemon Bars,15,0,15,4,0,4,7,0,0,0,0,0,0,0
2024-03-26,COOKIES/BARS,bb,0,0,0,0,0,0,0,0,0,0,0,0,0,0
2024-03-26,COOKIES/BARS,Straw,2,0,2,2,0,0,0,0,0,0,0,0,0,0
2024-03-26,COOKIES/BARS,Str,0,0,0,0,0,0,0,0,0,0,0,0,0,0
2024-03-26,COOKIES/BARS,Blue,0,0,0,0,0,0,0,0,0,0,0,0,0,0
2024-03-26,COOKIES/BARS,Totals,92,225,315,97,97,60,61,2,0,2,2,0,0,0
2024-03-27,BREAD,H,6,23,29,17,2,0,10,0,0,0,0,0,0,0
2024-03-27,BREAD,FR,8,26,34,9,15,0,10,0,0,0,0,0,0,0
2024-03-27,BREAD,GW,7,0,7,4,0,3,0,0,0,0,0,0,0,0
2024-03-27,BREAD,DK,2,14,16,6,1,0,9,0,0,0,0,0,0,0
2024-03-27,BREAD,H5,3,0,3,3,0,0,0,0,0,0,0,0,0,0
2024-03-27,BREAD,CSWRL,7,12,19,3,0,6,10,2,4,6,2,0,0,4
2024-03-27,BREAD,VA SWRL,0,6,6,1,0,0,5,0,4,4,3,0,0,1
2024-03-27,BREAD,CnE,14,0,14,2,0,0,12,0,0,0,0,0,0,0
2024-03-27,BREAD,CnR,0,0,0,0,0,0,0,0,0,0,0,0,0,0
2024-03-27,BREAD,RW,3,0,3,2,0,1,0,0,0,0,0,0,0,0
2024-03-27,BREAD,Monkey,2,0,2,2,0,0,0,0,0,0,0,0,0,0
2024-03-27,BREAD,BUNNY,6,0,6,3,0,0,3,0,0,0,0,0,0,0
2024-03-27,BREAD,ISB,11,0,11,1,0,0,10,3,0,3,1,0,0,2
2024-03-27,BREAD,G & S,0,0,0,0,0,0,0,0,0,0,0,0,0,0
2024-03-27,BREAD,CG,0,6,6,3,0,0,3,0,3,3,2,0,0,1
2024-03-27,BREAD,Pest,0,4,4,2,0,0,2,0,0,0,0,0,0,0
2024-03-27,BREAD,jal,0,4,4,4,0,0,0,0,0,0,0,0,0,0
2024-03-27,BREAD,Cheetah,0,3,3,3,0,0,0,0,0,0,0,0,0,0
2024-03-27,BREAD,VS,1,0,1,1,0,0,0,2,0,2,1,0,0,0
2024-03-27,BREAD,challah,0,25,25,4,0,0,21,0,8,8,3,0,0,5
2024-03-27,BREAD,sour-TL,0,16,16,8,0,0,8,0,0,0,0,0,0,0
2024-03-27,BREAD,OB,0,6,6,0,0,0,6,0,0,0,0,0,0,0
2024-03-27,BREAD,Pepp Roll,0,7,7,0,0,0,7,0,0,0,0,0,0,0
2024-03-27,BREAD,VS Pep Rl,6,0,6,4,0,2,0,0,0,0,0,0,0,0
2024-03-27,BREAD,CAR,14,0,14,4,0,0,10,0,0,0,0,0,0,0
2024-03-27,BREAD,IHF,12,0,12,2,0,0,10,0,0,0,0,0,0,0
2024-03-27,BREAD,HCB,5,0,5,2,0,0,3,0,0,0,0,0,0,0
2024-03-27,BREAD,But-Rls,0,31,31,1,4,0,26,0,0,0,0,0,0,0
2024-03-27,BREAD,Pastels,0,18,18,14,2,0,2,0,0,0,0,0,0,0
2024-03-27,BREAD,H-RLS,0,9,9,4,5,0,0,0,0,0,0,0,0,0
2024-03-27,BREAD,FR-RLS,0,6,6,2,0,0,4,0,0,0,0,0,0,0
2024-03-27,BREAD,VS-RLS,0,0,0,0,0,0,0,0,0,0,0,0,0,0
2024-03-27,BREAD,TEA CAKES,0,0,0,0,0,0,0,0,0,0,0,0,0,0
2024-03-27,BREAD,Blue Stru,1,5,6,0,2,1,3,0,0,0,0,0,0,0
2024-03-27,BREAD,Capp Choc,3,2,5,1,2,2,0,0,0,0,0,0,0,0
2024-03-27,BREAD,Lemon Popp,2,2,4,2,2,0,0,0,0,0,0,0,0,0
2024-03-27,ROLLS,C-Rolls,0,48,48,23,24,1,0,0,0,0,0,0,0,0
2024-03-27,ROLLS,mini C-R,0,0,0,0,0,0,0,0,0,0,0,0,0,0
2024-03-27,SCONES,Blueberry,0,0,0,0,0,0,0,0,0,0,0,0,0,0
2024-03-27,SCONES,Mixed Berry,0,10,10,9,0,1,0,0,0,0,0,0,0,0
2024-03-27,SCONES,Cherry,0,0,0,0,0,0,0,0,0,0,0,0,0,0
2024-03-27,SCONES,Butt Almond,0,0,0,0,0,0,0,0,0,0,0,0,0,0
2024-03-27,SCONES,Turtle,0,8,8,6,0,2,0,0,0,0,0,0,0,0
2024-03-27,SCONES,Cin Chip,0,0,0,0,0,0,0,0,0,0,0,0,0,0
2024-03-27,SCONES,Blarney,0,0,0,0,0,0,0,0,0,0,0,0,0,0
2024-03-27,SCONES,FRUIT BAR,0,0,0,0,0,0,0,0,0,0,0,0,0,0
2024-03-27,SCONES,Triple berry,0,5,5,2,0,3,0,0,0,0,0,0,0,0
2024-03-27,SCONES,cherry,0,5,5,2,0,3,0,0,0,0,0,0,0,0
2024-03-27,SCONES,apple cin,0,0,0,0,0,0,0,0,0,0,0,0,0,0
2024-03-27,SCONES,Straw Blue,0,0,0,0,0,0,0,0,0,0,0,0,0,0
2024-03-27,MUFFINS,Blue Stru,0,3,3,2,0,1,0,0,0,0,0,0,0,0
2024-03-27,MUFFINS,Capp Choc,0,3,3,2,0,1,0,0,0,0,0,0,0,0
2024-03-27,MUFFINS,Lemon Popp,0,3,3,3,0,0,0,0,0,0,0,0,0,0
2024-03-27,COOKIES/BARS,oat cc,16,24,40,17,5,6,12,0,8,8,0,0,0,0
2024-03-27,COOKIES/BARS,triple cc,16,24,40,24,5,6,5,0,8,8,0,0,0,0
2024-03-27,COOKIES/BARS,Snicker,15,24,39,10,5,12,12,0,8,8,0,0,0,0
2024-03-27,COOKIES/BARS,sugar cream,0,25,25,2,0,0,23,0,0,0,0,0,0,0
2024-03-27,COOKIES/BARS,Straw,0,5,5,2,0,0,3,0,0,0,0,0,0,0
2024-03-27,COOKIES/BARS,Frosted,1,18,19,7,0,0,12,0,0,0,0,0,0,0
2024-03-27,COOKIES/BARS,pecan,0,16,16,0,0,0,16,0,0,0,0,0,0,0
2024-03-27,COOKIES/BARS,Brownie,6,15,21,3,0,0,18,0,0,0,-1,0,0,0
2024-03-27,COOKIES/BARS,Lemon Bars,7,15,22,5,0,0,17,0,0,0,0,0,0,0
2024-03-27,COOKIES/BARS,blue sour,0,5,5,1,0,0,4,0,0,0,0,0,0,0
2024-03-27,COOKIES/BARS,str blue,0,5,5,0,0,0,5,0,0,0,0,0,0,0
2024-03-27,COOKIES/BARS,Totals,61,261,322,120,39,36,127,0,24,24,-1,0,0,0
2024-03-28,BREAD,H,10,20,30,7,0,0,23,0,0,0,0,0,0,0
2024-03-28,BREAD,FR,10,35,45,10,24,0,11,0,0,0,0,0,0,0
2024-03-28,BREAD,GW,0,4,4,0,0,0,4,0,0,0,0,0,0,0
2024-03-28,BREAD,DK,9,0,9,7,0,0,2,0,0,0,0,0,0,0
2024-03-28,BREAD,H5,0,10,10,-4,0,0,14,0,0,0,0,0,0,0
2024-03-28,BREAD,CSWRL,10,8,18,14,0,2,2,4,3,7,4,0,0,3
2024-03-28,BREAD,VA SWRL,5,0,5,4,0,1,0,1,0,1,1,0,0,0
2024-03-28,BREAD,CnE,12,8,20,12,0,3,5,0,4,4,1,0,0,3
2024-03-28,BREAD,CnR,0,6,6,4,0,0,2,0,0,0,0,0,0,0
2024-03-28,BREAD,RW,0,6,6,5,0,0,1,0,0,0,0,0,0,0
2024-03-28,BREAD,Monkey,0,6,6,4,0,0,2,0,0,0,0,0,0,0
2024-03-28,BREAD,BUNNY,3,6,9,2,2,0,5,0,0,0,0,0,0,0
2024-03-28,BREAD,ISB,10,15,25,7,0,4,14,2,6,8,0,0,0,5
2024-03-28,BREAD,G & S,0,0,0,0,0,0,0,0,0,0,0,0,0,0
2024-03-28,BREAD,CG,3,0,3,3,0,0,0,1,0,1,1,0,0,0
2024-03-28,BREAD,Pest,2,0,2,2,0,0,0,0,0,0,0,0,0,0
2024-03-28,BREAD,jal,0,0,0,0,0,0,0,0,0,0,0,0,0,0
2024-03-28,BREAD,Cheetah,0,0,0,0,0,0,0,0,0,0,0,0,0,0
2024-03-28,BREAD,VS,0,22,22,0,0,0,22,0,8,8,2,0,0,6
2024-03-28,BREAD,CH,21,0,21,11,0,0,10,5,0,5,5,0,0,0
2024-03-28,BREAD,sour-TL,8,0,8,8,0,0,0,0,0,0,0,0,0,0
2024-03-28,BREAD,OB,6,0,6,5,0,0,1,0,0,0,0,0,0,0
2024-03-28,BREAD,Pepp Roll,7,0,7,7,0,0,0,0,0,0,0,0,0,0
2024-03-28,BREAD,VS Pep Rl,0,10,10,10,0,0,0,0,0,0,0,0,0,0
2024-03-28,BREAD,CAR,10,0,10,7,0,0,3,0,0,0,0,0,0,0
2024-03-28,BREAD,IHF,10,0,10,0,0,0,10,0,0,0,0,0,0,0
2024-03-28,BREAD,HCB,3,33,36,17,2,0,17,0,0,0,0,0,0,0
2024-03-28,BREAD,But-Rls,26,0,26,12,0,0,14,0,0,0,0,0,0,0
2024-03-28,BREAD,Pastels,2,0,2,-2,0,0,4,0,0,0,0,0,0,0
2024-03-28,BREAD,H-RLS,0,8,8,2,0,0,6,0,0,0,0,0,0,0
2024-03-28,BREAD,FR-RLS,4,0,4,3,0,1,0,0,0,0,0,0,0,0
2024-03-28,BREAD,VS-RLS,0,48,48,10,0,0,38,0,0,0,0,0,0,0
2024-03-28,BREAD,TEA CAKES,0,0,0,0,0,0,0,0,0,0,0,0,0,0
2024-03-28,BREAD,Blue Stru,3,2,5,3,0,0,2,0,0,0,0,0,0,0
2024-03-28,BREAD,Capp Choc,0,5,5,1,0,0,4,0,0,0,0,0,0,0
2024-03-28,BREAD,Lemon Popp,0,5,5,4,0,0,1,0,0,0,0,0,0,0
2024-03-28,ROLLS,C-Rolls,0,36,36,28,0,8,0,0,0,0,0,0,0,0
2024-03-28,ROLLS,mini C-R,0,0,0,0,0,0,0,0,0,0,0,0,0,0
2024-03-28,SCONES,Blueberry,0,12,12,12,0,0,0,0,0,0,0,0,0,0
2024-03-28,SCONES,Mixed Berry,0,0,0,0,0,0,0,0,0,0,0,0,0,0
2024-03-28,SCONES,Cherry,0,0,0,0,0,0,0,0,0,0,0,0,0,0
2024-03-28,SCONES,Butt Almond,0,0,0,0,0,0,0,0,0,0,0,0,0,0
2024-03-28,SCONES,Turtle,0,12,12,10,0,2,0,0,0,0,0,0,0,0
2024-03-28,SCONES,Cin Chip,0,0,0,0,0,0,0,0,0,0,0,0,0,0
2024-03-28,SCONES,Blarney,0,0,0,0,0,0,0,0,0,0,0,0,0,0
2024-03-28,SCONES,FRUIT BAR,0,0,0,0,0,0,0,0,0,0,0,0,0,0
2024-03-28,SCONES,Triple berry,0,0,0,0,0,0,0,0,0,0,0,0,0,0
2024-03-28,SCONES,cherry,0,0,0,0,0,0,0,0,0,0,0,0,0,0
2024-03-28,SCONES,apple cin,0,5,5,3,0,2,0,0,0,0,0,0,0,0
2024-03-28,SCONES,Straw Blue,0,5,5,2,0,3,0,0,0,0,0,0,0,0
2024-03-28,MUFFINS,Blue Stru,0,4,4,3,0,1,0,0,0,0,0,0,0,0
2024-03-28,MUFFINS,Capp Choc,0,4,4,4,0,0,0,0,0,0,0,0,0,0
2024-03-28,MUFFINS,Lemon Popp,0,4,4,0,0,4,0,0,0,0,0,0,0,0
2024-03-28,COOKIES/BARS,oat cc,12,24,36,12,3,0,21,0,0,0,0,0,0,0
2024-03-28,COOKIES/BARS,triple cc,5,30,35,23,3,0,9,0,0,0,0,0,0,0
2024-03-28,COOKIES/BARS,Snicker,12,24,36,25,2,0,9,0,0,0,0,0,0,0
2024-03-28,COOKIES/BARS,sugar cream,23,0,23,2,0,0,21,0,0,0,0,0,0,0
2024-03-28,COOKIES/BARS,Straw,3,0,3,0,0,0,3,0,0,0,0,0,0,0
2024-03-28,COOKIES/BARS,Frosted,12,60,72,12,50,0,10,0,0,0,0,0,0,0
2024-03-28,COOKIES/BARS,pecan,16,0,16,2,0,0,14,0,0,0,0,0,0,0
2024-03-28,COOKIES/BARS,Brownie,18,15,33,6,0,0,27,0,0,0,0,0,0,0
2024-03-28,COOKIES/BARS,Lemon Bars,17,15,32,1,0,0,31,0,0,0,0,0,0,0
2024-03-28,COOKIES/BARS,blue sour,4,0,4,0,0,0,4,0,0,0,0,0,0,0
2024-03-28,COOKIES/BARS,str blue,5,0,5,1,0,0,4,0,0,0,0,0,0,0
2024-03-28,COOKIES/BARS,Totals,127,250,377,146,58,20,153,0,0,0,0,0,0,0
2024-03-29,BREAD,H,23,7,30,22,2,0,6,0,0,0,0,0,0,0
2024-03-29,BREAD,FR,11,16,27,14,0,0,13,0,0,0,0,0,0,0
2024-03-29,BREAD,GW,4,2,6,0,2,0,4,0,0,0,0,0,0,0
2024-03-29,BREAD,DK,2,15,17,-5,2,0,20,0,0,0,0,0,0,0
2024-03-29,BREAD,H5,14,0,14,2,0,0,12,0,0,0,0,0,0,0
2024-03-29,BREAD,CSWRL,2,24,26,18,0,0,8,3,4,7,1,0,0,4
2024-03-29,BREAD,VA SWRL,0,8,8,6,0,0,2,0,5,5,3,0,0,2
2024-03-29,BREAD,CnE,5,21,26,9,2,0,15,3,3,6,2,0,0,4
2024-03-29,BREAD,CnR,2,0,2,2,0,0,0,0,0,0,0,0,0,0
2024-03-29,BREAD,RW,1,0,1,0,0,0,1,0,0,0,0,0,0,0
2024-03-29,BREAD,Monkey,2,15,17,-1,1,0,17,0,0,0,0,0,0,0
2024-03-29,BREAD,BUNNY,5,30,35,0,17,0,18,0,0,0,0,0,0,0
2024-03-29,BREAD,ISB,14,0,14,-6,0,0,20,5,0,5,1,0,0,4
2024-03-29,BREAD,G & S,0,0,0,0,0,0,0,0,0,0,0,0,0,0
2024-03-29,BREAD,CG,0,20,20,7,0,0,13,0,6,6,4,0,0,2
2024-03-29,BREAD,Pest,0,0,0,0,0,0,0,0,0,0,0,0,0,0
2024-03-29,BREAD,jal,0,0,0,0,0,0,0,0,0,0,0,0,0,0
2024-03-29,BREAD,Cheetah,0,0,0,0,0,0,0,0,0,0,0,0,0,0
2024-03-29,BREAD,VS,22,0,22,12,0,0,10,6,0,6,1,0,0,5
2024-03-29,BREAD,CH,10,0,10,6,0,0,4,0,0,0,0,0,0,0
2024-03-29,BREAD,sour-TL,0,25,25,18,0,0,7,0,0,0,0,0,0,0
2024-03-29,BREAD,OB,1,6,7,7,0,0,0,0,0,0,0,0,0,0
2024-03-29,BREAD,Pepp Roll,0,11,11,1,0,0,10,0,0,0,0,0,0,0
2024-03-29,BREAD,VS Pep Rl,0,0,0,-5,0,0,5,0,0,0,0,0,0,0
2024-03-29,BREAD,CAR,3,0,3,0,0,0,3,0,0,0,0,0,0,0
2024-03-29,BREAD,IHF,10,0,10,5,0,0,5,0,0,0,0,0,0,0
2024-03-29,BREAD,HCB,17,9,26,10,0,0,16,0,0,0,0,0,0,0
2024-03-29,BREAD,But-Rls,14,88,102,31,26,0,45,0,0,0,0,0,0,0
2024-03-29,BREAD,Pastels,4,53,57,13,13,0,31,0,0,0,0,0,0,0
2024-03-29,BREAD,H-RLS,6,24,30,7,8,0,15,0,0,0,0,0,0,0
2024-03-29,BREAD,FR-RLS,0,0,0,0,0,0,0,0,0,0,0,0,0,0
2024-03-29,BREAD,VS-RLS,38,0,38,7,5,0,26,0,0,0,0,0,0,0
2024-03-29,BREAD,TEA CAKES,0,0,0,0,0,0,0,0,0,0,0,0,0,0
2024-03-29,BREAD,Blue Stru,2,10,12,6,3,0,3,0,0,0,0,0,0,0
2024-03-29,BREAD,Capp Choc,4,1,5,5,0,0,0,0,0,0,0,0,0,0
2024-03-29,BREAD,Lemon Popp,1,4,5,1,1,0,3,0,0,0,0,0,0,0
2024-03-29,ROLLS,C-Rolls,0,60,60,46,0,14,0,0,0,0,0,0,0,0
2024-03-29,ROLLS,mini C-R,0,48,48,12,0,0,36,0,0,0,0,0,0,0
2024-03-29,SCONES,Blueberry,0,0,0,0,0,0,0,0,0,0,0,0,0,0
2024-03-29,SCONES,Mixed Berry,0,0,0,0,0,0,0,0,0,0,0,0,0,0
2024-03-29,SCONES,Cherry,0,14,14,12,2,0,0,0,0,0,0,0,0,0
2024-03-29,SCONES,Butt Almond,0,14,14,12,2,0,0,0,0,0,0,0,0,0
2024-03-29,SCONES,Turtle,0,0,0,0,0,0,0,0,0,0,0,0,0,0
2024-03-29,SCONES,Cin Chip,0,0,0,0,0,0,0,0,0,0,0,0,0,0
2024-03-29,SCONES,Blarney,0,0,0,0,0,0,0,0,0,0,0,0,0,0
2024-03-29,SCONES,FRUIT BAR,0,0,0,0,0,0,0,0,0,0,0,0,0,0
2024-03-29,SCONES,Triple berry,0,5,5,3,2,0,0,0,0,0,0,0,0,0
2024-03-29,SCONES,cherry,0,5,5,3,2,0,0,0,0,0,0,0,0,0
2024-03-29,SCONES,apple cin,0,5,5,1,2,2,0,0,0,0,0,0,0,0
2024-03-29,SCONES,Straw Blue,0,5,5,3,2,0,0,0,0,0,0,0,0,0
2024-03-29,MUFFINS,Blue Stru,0,6,6,6,0,0,0,0,0,0,0,0,0,0
2024-03-29,MUFFINS,Capp Choc,0,6,6,2,0,4,0,0,0,0,0,0,0,0
2024-03-29,MUFFINS,Lemon Popp,0,6,6,3,0,3,0,0,0,0,0,0,0,0
2024-03-29,COOKIES/BARS,oat cc,21,24,45,8,0,1,36,0,336,336,0,0,0,0
2024-03-29,COOKIES/BARS,triple cc,9,36,45,14,0,0,31,0,338,338,0,0,0,0
2024-03-29,COOKIES/BARS,Snicker,9,36,45,33,0,0,12,0,338,338,0,0,0,0
2024-03-29,COOKIES/BARS,sugar cream,21,0,21,3,0,0,18,0,0,0,0,0,0,0
2024-03-29,COOKIES/BARS,Straw,3,0,3,0,0,0,3,0,0,0,0,0,0,0
2024-03-29,COOKIES/BARS,Frosted,10,12,22,8,0,0,14,0,0,0,0,0,0,0
2024-03-29,COOKIES/BARS,pecan,14,0,14,2,0,0,12,0,0,0,0,0,0,0
2024-03-29,COOKIES/BARS,Brownie,27,0,27,6,2,0,19,0,0,0,0,0,0,0
2024-03-29,COOKIES/BARS,Lemon Bars,31,0,31,6,3,0,22,0,0,0,0,0,0,0
2024-03-29,COOKIES/BARS,blue sour,4,0,4,-7,3,0,8,0,0,0,0,0,0,0
2024-03-29,COOKIES/BARS,str blue,4,0,4,-4,2,0,6,0,0,0,0,0,0,0
2024-03-29,COOKIES/BARS,Totals,153,282,435,172,22,24,217,0,1012,1012,0,0,0,0
2024-03-30,BREAD,H,6,17,23,11,0,0,12,0,0,0,0,0,0,0
2024-03-30,BREAD,FR,13,0,13,13,0,0,0,0,0,0,0,0,0,0
2024-03-30,BREAD,GW,4,6,10,9,0,1,0,0,0,0,0,0,0,0
2024-03-30,BREAD,DK,20,0,20,7,0,13,0,0,0,0,0,0,0,0
2024-03-30,BREAD,H5,12,0,12,2,0,10,0,0,0,0,0,0,0,0
2024-03-30,BREAD,CSWRL,8,16,24,16,0,8,0,4,0,4,4,0,0,0
2024-03-30,BREAD,VA SWRL,2,0,2,1,0,1,0,2,0,2,1,0,0,0
2024-03-30,BREAD,CnE,15,0,15,13,0,2,0,4,0,4,2,0,0,0
2024-03-30,BREAD,CnR,0,0,0,0,0,0,0,0,0,0,0,0,0,0
2024-03-30,BREAD,RW,1,0,1,1,0,0,0,0,0,0,0,0,0,0
2024-03-30,BREAD,Monkey,17,0,17,10,0,7,0,0,0,0,0,0,0,0
2024-03-30,BREAD,BUNNY,18,0,18,5,0,13,0,0,0,0,0,0,0,0
2024-03-30,BREAD,ISB,20,0,20,13,0,7,0,4,0,4,4,0,0,0
2024-03-30,BREAD,G & S,0,0,0,0,0,0,0,0,0,0,0,0,0,0
2024-03-30,BREAD,CG,13,0,13,8,0,5,0,2,0,2,0,0,0,0
2024-03-30,BREAD,Pest,0,0,0,0,0,0,0,0,0,0,0,0,0,0
2024-03-30,BREAD,jal,0,0,0,0,0,0,0,0,0,0,0,0,0,0
2024-03-30,BREAD,Cheetah,0,0,0,0,0,0,0,0,0,0,0,0,0,0
2024-03-30,BREAD,VS,10,0,10,-1,0,11,0,5,0,5,3,0,0,0
2024-03-30,BREAD,CH,4,0,4,2,0,2,0,0,0,0,0,0,0,0
2024-03-30,BREAD,sour-TL,7,0,7,2,0,5,0,0,0,0,0,0,0,0
2024-03-30,BREAD,OB,0,0,0,0,0,0,0,0,0,0,0,0,0,0
2024-03-30,BREAD,Pepp Roll,10,0,10,1,0,9,0,0,0,0,0,0,0,0
2024-03-30,BREAD,VS Pep Rl,5,0,5,0,0,5,0,0,0,0,0,0,0,0
2024-03-30,BREAD,CAR,3,0,3,3,0,0,0,0,0,0,0,0,0,0
2024-03-30,BREAD,IHF,5,0,5,5,0,0,0,0,0,0,0,0,0,0
2024-03-30,BREAD,HCB,16,0,16,6,0,10,0,0,0,0,0,0,0,0
2024-03-30,BREAD,But-Rls,45,0,45,22,0,23,0,0,0,0,0,0,0,0
2024-03-30,BREAD,Pastels,31,0,31,13,0,18,0,0,0,0,0,0,0,0
2024-03-30,BREAD,H-RLS,15,0,15,6,0,9,0,0,0,0,0,0,0,0
2024-03-30,BREAD,FR-RLS,0,0,0,0,0,0,0,0,0,0,0,0,0,0
2024-03-30,BREAD,VS-RLS,26,0,26,13,0,13,0,0,0,0,0,0,0,0
2024-03-30,BREAD,TEA CAKES,0,0,0,0,0,0,0,0,0,0,0,0,0,0
2024-03-30,BREAD,Blue Stru,3,5,8,0,0,8,0,0,0,0,0,0,0,0
2024-03-30,BREAD,Capp Choc,0,2,2,2,0,0,0,0,0,0,0,0,0,0
2024-03-30,BREAD,Lemon Popp,3,1,4,3,0,1,0,0,0,0,0,0,0,0
2024-03-30,BREAD,Choc Carm,0,2,2,2,0,0,0,0,0,0,0,0,0,0
2024-03-30,ROLLS,C-Rolls,0,84,84,43,4,37,0,0,0,0,0,0,0,0
2024-03-30,ROLLS,mini C-R,36,0,0,-12,0,12,0,0,0,0,0,0,0,0
2024-03-30,SCONES,Blueberry,0,16,16,8,8,0,0,0,0,0,0,0,0,0
2024-03-30,SCONES,Mixed Berry,0,6,6,6,0,0,0,0,0,0,0,0,0,0
2024-03-30,SCONES,Cherry,0,0,0,0,0,0,0,0,0,0,0,0,0,0
2024-03-30,SCONES,Butt Almond,0,18,18,14,4,0,0,0,0,0,0,0,0,0
2024-03-30,SCONES,Turtle,0,0,0,0,0,0,0,0,0,0,0,0,0,0
2024-03-30,SCONES,Cin Chip,0,0,0,0,0,0,0,0,0,0,0,0,0,0
2024-03-30,SCONES,Blarney,0,0,0,0,0,0,0,0,0,0,0,0,0,0
2024-03-30,SCONES,FRUIT BAR,0,0,0,0,0,0,0,0,0,0,0,0,0,0
2024-03-30,SCONES,Triple berry,0,5,5,5,0,0,0,0,0,0,0,0,0,0
2024-03-30,SCONES,cherry,0,5,5,5,0,0,0,0,0,0,0,0,0,0
2024-03-30,SCONES,apple cin,0,5,5,3,0,2,0,0,0,0,0,0,0,0
2024-03-30,SCONES,Straw Blue,0,5,5,3,0,2,0,0,0,0,0,0,0,0
2024-03-30,MUFFINS,Blue Stru,0,5,5,5,0,0,0,0,0,0,0,0,0,0
2024-03-30,MUFFINS,Capp Choc,0,5,5,3,0,2,0,0,0,0,0,0,0,0
2024-03-30,MUFFINS,Lemon Popp,0,9,9,4,4,1,0,0,0,0,0,0,0,0
2024-03-30,MUFFINS,Choc Carm,0,2,2,1,0,1,0,0,0,0,0,0,0,0
2024-03-30,COOKIES/BARS,oat cc,36,0,36,33,0,3,0,0,0,0,0,0,0,0
2024-03-30,COOKIES/BARS,triple cc,31,0,31,10,0,21,0,0,0,0,0,0,0,0
2024-03-30,COOKIES/BARS,Snicker,12,12,24,12,0,12,0,0,0,0,0,0,0,0
2024-03-30,COOKIES/BARS,sugar cream,18,0,18,4,0,14,0,0,0,0,0,0,0,0
2024-03-30,COOKIES/BARS,Straw,3,0,3,3,0,0,0,0,0,0,0,0,0,0
2024-03-30,COOKIES/BARS,Frosted,14,0,14,10,0,4,0,0,0,0,0,0,0,0
2024-03-30,COOKIES/BARS,pecan,12,0,12,4,0,8,0,0,0,0,0,0,0,0
2024-03-30,COOKIES/BARS,Brownie,19,0,19,2,0,6,11,0,0,0,0,0,0,0
2024-03-30,COOKIES/BARS,Lemon Bars,22,0,22,4,4,7,7,0,0,0,0,0,0,0
2024-03-30,COOKIES/BARS,blue sour,8,0,8,8,0,0,0,0,0,0,0,0,0,0
2024-03-30,COOKIES/BARS,str blue,6,0,6,6,0,0,0,0,0,0,0,0,0,0
2024-03-30,COOKIES/BARS,Totals,181,177,358,184,24,132,18,0,0,0,0,0,0,0
2024-03-31,BREAD,H,12,0,12,12,0,0,0,0,0,0,0,0,0,0
2024-03-31,BREAD,FR,0,0,0,0,0,0,0,0,0,0,0,0,0,0
2024-03-31,BREAD,GW,0,0,0,0,0,0,0,0,0,0,0,0,0,0
2024-03-31,BREAD,DK,0,0,0,0,0,0,0,0,0,0,0,0,0,0
2024-03-31,BREAD,H5,0,0,0,0,0,0,0,0,0,0,0,0,0,0
2024-03-31,BREAD,CSWRL,0,0,0,0,0,0,0,0,0,0,0,0,0,0
2024-03-31,BREAD,VA SWRL,0,0,0,0,0,0,0,0,0,0,0,0,0,0
2024-03-31,BREAD,CnE,0,0,0,0,0,0,0,0,0,0,0,0,0,0
2024-03-31,BREAD,CnR,0,0,0,0,0,0,0,0,0,0,0,0,0,0
2024-03-31,BREAD,RW,0,0,0,0,0,0,0,0,0,0,0,0,0,0
2024-03-31,BREAD,Monkey,0,0,0,0,0,0,0,0,0,0,0,0,0,0
2024-03-31,BREAD,BUNNY,0,0,0,0,0,0,0,0,0,0,0,0,0,0
2024-03-31,BREAD,ISB,0,0,0,0,0,0,0,0,0,0,0,0,0,0
2024-03-31,BREAD,G & S,0,0,0,0,0,0,0,0,0,0,0,0,0,0
2024-03-31,BREAD,CG,0,0,0,0,0,0,0,0,0,0,0,0,0,0
2024-03-31,BREAD,Pest,0,0,0,0,0,0,0,0,0,0,0,0,0,0
2024-03-31,BREAD,jal,0,0,0,0,0,0,0,0,0,0,0,0,0,0
2024-03-31,BREAD,Cheetah,0,0,0,0,0,0,0,0,0,0,0,0,0,0
2024-03-31,BREAD,VS,0,0,0,0,0,0,0,0,0,0,0,0,0,0
2024-03-31,BREAD,sour-TL,0,0,0,0,0,0,0,0,0,0,0,0,0,0
2024-03-31,BREAD,OB,0,0,0,0,0,0,0,0,0,0,0,0,0,0
2024-03-31,BREAD,Pepp Roll,0,0,0,0,0,0,0,0,0,0,0,0,0,0
2024-03-31,BREAD,VS Pep Rl,0,0,0,0,0,0,0,0,0,0,0,0,0,0
2024-03-31,BREAD,CAR,0,0,0,0,0,0,0,0,0,0,0,0,0,0
2024-03-31,BREAD,IHF,0,0,0,0,0,0,0,0,0,0,0,0,0,0
2024-03-31,BREAD,HCB,0,0,0,0,0,0,0,0,0,0,0,0,0,0
2024-03-31,BREAD,But-Rls,0,0,0,0,0,0,0,0,0,0,0,0,0,0
2024-03-31,BREAD,Pastels,0,0,0,0,0,0,0,0,0,0,0,0,0,0
2024-03-31,BREAD,H-RLS,0,0,0,0,0,0,0,0,0,0,0,0,0,0
2024-03-31,BREAD,FR-RLS,0,0,0,0,0,0,0,0,0,0,0,0,0,0
2024-03-31,BREAD,VS-RLS,0,0,0,0,0,0,0,0,0,0,0,0,0,0
2024-03-31,BREAD,TEA CAKES,0,0,0,0,0,0,0,0,0,0,0,0,0,0
2024-03-31,BREAD,Blue Stru,0,0,0,0,0,0,0,0,0,0,0,0,0,0
2024-03-31,BREAD,Capp Choc,0,0,0,0,0,0,0,0,0,0,0,0,0,0
2024-03-31,BREAD,Lemon Popp,0,0,0,0,0,0,0,0,0,0,0,0,0,0
2024-03-31,ROLLS,C-Rolls,0,0,0,0,0,0,0,0,0,0,0,0,0,0
2024-03-31,ROLLS,mini C-R,0,0,0,0,0,0,0,0,0,0,0,0,0,0
2024-03-31,SCONES,Blueberry,0,0,0,0,0,0,0,0,0,0,0,0,0,0
2024-03-31,SCONES,Mixed Berry,0,0,0,0,0,0,0,0,0,0,0,0,0,0
2024-03-31,SCONES,Cherry,0,0,0,0,0,0,0,0,0,0,0,0,0,0
2024-03-31,SCONES,Butt Almond,0,0,0,0,0,0,0,0,0,0,0,0,0,0
2024-03-31,SCONES,Turtle,0,0,0,0,0,0,0,0,0,0,0,0,0,0
2024-03-31,SCONES,Cin Chip,0,0,0,0,0,0,0,0,0,0,0,0,0,0
2024-03-31,SCONES,Blarney,0,0,0,0,0,0,0,0,0,0,0,0,0,0
2024-03-31,SCONES,FRUIT BAR,0,0,0,0,0,0,0,0,0,0,0,0,0,0
2024-03-31,SCONES,Triple berry,0,0,0,0,0,0,0,0,0,0,0,0,0,0
2024-03-31,SCONES,cherry,0,0,0,0,0,0,0,0,0,0,0,0,0,0
2024-03-31,SCONES,apple cin,0,0,0,0,0,0,0,0,0,0,0,0,0,0
2024-03-31,SCONES,Straw Blue,0,0,0,0,0,0,0,0,0,0,0,0,0,0
2024-03-31,MUFFINS,Blue Stru,0,0,0,0,0,0,0,0,0,0,0,0,0,0
2024-03-31,MUFFINS,Capp Choc,0,0,0,0,0,0,0,0,0,0,0,0,0,0
2024-03-31,MUFFINS,Lemon Popp,0,0,0,0,0,0,0,0,0,0,0,0,0,0
2024-03-31,COOKIES/BARS,oat cc,0,0,0,0,0,0,0,0,0,0,0,0,0,0
2024-03-31,COOKIES/BARS,triple cc,0,0,0,0,0,0,0,0,0,0,0,0,0,0
2024-03-31,COOKIES/BARS,Snicker,0,0,0,0,0,0,0,0,0,0,0,0,0,0
2024-03-31,COOKIES/BARS,Frosted,0,0,0,0,0,0,0,0,0,0,0,0,0,0
2024-03-31,COOKIES/BARS,Brownie,11,0,11,11,0,0,0,0,0,0,0,0,0,0
2024-03-31,COOKIES/BARS,Lemon Bars,7,0,7,7,0,0,0,0,0,0,0,0,0,0
2024-03-31,COOKIES/BARS,Totals,18,0,18,18,0,0,0,0,0,0,0,0,0,0
